Date,Open,High,Low,Close,Volume
2000-10-15 15:00:00,858.5,873.9000244140625,851.2999877929688,867.0999755859375,193900
2000-10-16 15:00:00,849.5999755859375,860.0999755859375,791.0999755859375,804.0,218200
2000-10-17 15:00:00,788.5,811.4000244140625,758.2000122070312,802.5999755859375,241000
2000-10-18 15:00:00,793.5999755859375,820.4000244140625,786.9000244140625,798.4000244140625,204500
2000-10-19 15:00:00,834.7000122070312,840.9000244140625,822.5,826.2000122070312,221900
2000-10-22 15:00:00,820.0,829.7999877929688,794.4000244140625,796.4000244140625,182400
2000-10-23 15:00:00,793.5999755859375,809.7999877929688,784.7999877929688,808.9000244140625,204700
2000-10-24 15:00:00,805.0,816.2000122070312,801.7000122070312,808.5999755859375,214500
2000-10-25 15:00:00,793.7999877929688,802.0,785.4000244140625,793.7999877929688,195700
2000-10-26 15:00:00,806.4000244140625,810.0999755859375,780.5,783.7000122070312,222800
2000-10-29 15:00:00,776.4000244140625,779.7999877929688,735.2000122070312,741.7999877929688,167700
2000-10-30 15:00:00,719.2999877929688,748.0,676.9000244140625,746.7999877929688,225500
2000-10-31 15:00:00,762.0,771.0999755859375,756.7999877929688,763.5999755859375,240400
2000-11-01 15:00:00,758.0,790.0999755859375,755.7000122070312,782.5,253100
2000-11-02 15:00:00,800.7000122070312,809.7999877929688,788.2000122070312,795.4000244140625,242400
2000-11-05 15:00:00,794.0,816.9000244140625,792.0999755859375,804.5999755859375,246700
2000-11-06 15:00:00,803.9000244140625,810.2999877929688,790.5999755859375,796.2999877929688,276200
2000-11-07 15:00:00,793.7999877929688,804.5,784.2000122070312,793.0999755859375,238400
2000-11-08 15:00:00,785.2999877929688,801.0999755859375,785.2999877929688,801.0999755859375,211900
2000-11-09 15:00:00,800.5,810.9000244140625,798.4000244140625,808.2999877929688,246800
2000-11-12 15:00:00,797.2000122070312,798.0,775.7999877929688,780.7000122070312,243200
2000-11-13 15:00:00,782.2999877929688,800.9000244140625,782.2999877929688,800.9000244140625,287900
2000-11-14 15:00:00,819.2999877929688,834.4000244140625,808.4000244140625,816.4000244140625,368400
2000-11-15 15:00:00,821.0999755859375,822.0,798.2999877929688,808.5999755859375,293800
2000-11-16 15:00:00,801.5999755859375,812.5,798.0999755859375,806.7999877929688,285700
2000-11-19 15:00:00,802.0,810.5,797.2999877929688,801.7000122070312,281200
2000-11-20 15:00:00,789.2999877929688,791.5,763.0999755859375,787.0,312700
2000-11-21 15:00:00,782.4000244140625,793.5999755859375,770.0,771.2999877929688,299900
2000-11-22 15:00:00,756.5999755859375,758.4000244140625,724.0999755859375,728.2999877929688,290000
2000-11-23 15:00:00,726.0,739.4000244140625,713.0999755859375,735.0,263900
2000-11-26 15:00:00,746.0999755859375,759.4000244140625,745.5999755859375,759.4000244140625,276700
2000-11-27 15:00:00,750.2000122070312,750.2000122070312,722.5,725.0,270700
2000-11-28 15:00:00,699.0,699.0,681.0999755859375,684.5,261800
2000-11-29 15:00:00,682.0999755859375,687.5,647.5999755859375,672.5999755859375,308300
2000-11-30 15:00:00,640.7999877929688,678.0999755859375,640.7999877929688,678.0999755859375,341100
2000-12-03 15:00:00,686.2000122070312,691.0999755859375,661.9000244140625,663.7999877929688,327300
2000-12-04 15:00:00,664.5,670.2999877929688,654.5,669.5999755859375,334500
2000-12-05 15:00:00,695.4000244140625,706.0,671.7000122070312,675.4000244140625,402400
2000-12-06 15:00:00,667.4000244140625,684.7999877929688,666.9000244140625,677.2000122070312,299600
2000-12-07 15:00:00,678.2000122070312,686.0999755859375,672.7999877929688,684.0999755859375,310000
2000-12-10 15:00:00,697.0,711.0999755859375,696.0,711.0999755859375,289200
2000-12-11 15:00:00,715.2000122070312,716.9000244140625,693.5999755859375,697.7000122070312,304800
2000-12-12 15:00:00,695.2999877929688,707.5999755859375,692.7000122070312,707.5,294000
2000-12-13 15:00:00,698.0,712.2999877929688,696.0999755859375,708.5,307600
2000-12-14 15:00:00,698.7999877929688,714.0,676.4000244140625,679.4000244140625,270900
2000-12-17 15:00:00,667.0,671.2000122070312,660.0999755859375,665.7000122070312,222500
2000-12-18 15:00:00,661.7999877929688,664.0,630.4000244140625,634.0,283800
2000-12-19 15:00:00,616.7000122070312,616.7000122070312,586.0,589.7999877929688,235700
2000-12-20 15:00:00,558.5,573.5,544.0,560.5999755859375,218200
2000-12-21 15:00:00,561.2999877929688,569.2000122070312,520.0999755859375,526.7000122070312,203500
2000-12-25 15:00:00,526.0999755859375,529.2000122070312,516.5,525.7999877929688,180600
2001-01-01 15:00:00,502.5,559.5999755859375,502.5,557.0,201200
2001-01-02 15:00:00,545.7999877929688,579.9000244140625,539.2999877929688,569.0,285000
2001-01-03 15:00:00,617.7000122070312,621.5,609.0,615.0999755859375,233100
2001-01-04 15:00:00,614.5,630.7000122070312,602.5,625.2000122070312,367200
2001-01-07 15:00:00,614.9000244140625,657.0,614.0,650.0,358600
2001-01-08 15:00:00,660.5999755859375,678.2000122070312,650.4000244140625,678.2000122070312,457100
2001-01-09 15:00:00,688.5999755859375,730.5,639.5999755859375,639.5999755859375,697300
2001-01-10 15:00:00,657.2000122070312,675.4000244140625,631.9000244140625,675.0999755859375,477200
2001-01-11 15:00:00,703.0,732.9000244140625,699.0,713.5999755859375,502800
2001-01-14 15:00:00,745.7000122070312,772.4000244140625,745.7000122070312,765.2000122070312,518900
2001-01-15 15:00:00,776.9000244140625,790.2000122070312,757.4000244140625,777.0999755859375,630300
2001-01-16 15:00:00,766.0,780.5,732.2000122070312,750.0999755859375,572100
2001-01-17 15:00:00,755.7000122070312,777.0999755859375,745.2000122070312,745.5999755859375,504600
2001-01-18 15:00:00,769.2999877929688,775.9000244140625,753.7000122070312,772.0999755859375,535900
2001-01-21 15:00:00,793.7999877929688,834.2000122070312,792.0999755859375,833.2000122070312,484000
2001-01-25 15:00:00,837.4000244140625,854.5999755859375,794.7999877929688,800.4000244140625,499800
2001-01-28 15:00:00,806.2999877929688,826.7999877929688,794.4000244140625,813.7999877929688,501000
2001-01-29 15:00:00,833.2000122070312,859.2000122070312,816.2999877929688,827.5999755859375,605500
2001-01-30 15:00:00,836.2999877929688,843.9000244140625,785.5,843.5999755859375,718900
2001-01-31 15:00:00,824.2000122070312,861.7000122070312,816.5999755859375,827.0,555500
2001-02-01 15:00:00,838.7000122070312,844.0999755859375,820.5999755859375,826.5999755859375,458200
2001-02-04 15:00:00,799.7999877929688,808.7999877929688,769.0999755859375,779.7000122070312,441400
2001-02-05 15:00:00,782.2999877929688,797.2000122070312,771.2000122070312,797.2000122070312,494400
2001-02-06 15:00:00,796.0999755859375,804.2000122070312,777.7000122070312,778.0,426900
2001-02-07 15:00:00,786.2999877929688,802.5,784.7999877929688,798.0,401500
2001-02-08 15:00:00,796.7000122070312,810.7000122070312,794.0,807.2999877929688,393400
2001-02-11 15:00:00,803.7000122070312,832.5999755859375,803.0,831.0999755859375,469600
2001-02-12 15:00:00,851.4000244140625,853.5,833.2000122070312,840.7999877929688,560300
2001-02-13 15:00:00,837.0,855.0999755859375,835.5999755859375,853.0999755859375,548200
2001-02-14 15:00:00,869.0999755859375,886.7999877929688,861.2000122070312,873.7999877929688,640400
2001-02-15 15:00:00,885.0999755859375,896.0999755859375,859.7000122070312,863.2000122070312,622200
2001-02-18 15:00:00,853.4000244140625,872.9000244140625,852.4000244140625,872.9000244140625,537400
2001-02-19 15:00:00,884.9000244140625,888.0,864.7999877929688,876.5,644300
2001-02-20 15:00:00,861.5999755859375,870.0,850.7999877929688,852.5,609100
2001-02-21 15:00:00,837.9000244140625,837.9000244140625,787.2999877929688,801.7999877929688,530400
2001-02-22 15:00:00,790.5,812.9000244140625,790.5,805.7000122070312,423800
2001-02-25 15:00:00,816.2000122070312,820.0999755859375,809.2000122070312,812.5,391400
2001-02-26 15:00:00,824.0999755859375,826.5,779.5999755859375,781.2000122070312,437800
2001-02-27 15:00:00,763.7000122070312,774.9000244140625,756.0,767.5999755859375,325400
2001-03-01 15:00:00,764.0999755859375,765.4000244140625,719.0,719.9000244140625,329400
2001-03-04 15:00:00,697.2000122070312,743.2000122070312,685.9000244140625,743.2000122070312,391900
2001-03-05 15:00:00,746.7000122070312,756.7000122070312,734.7999877929688,735.2000122070312,413300
2001-03-06 15:00:00,752.4000244140625,760.2999877929688,742.2999877929688,753.5,346700
2001-03-07 15:00:00,767.2000122070312,781.4000244140625,765.5999755859375,780.0,428500
2001-03-08 15:00:00,768.9000244140625,775.0,763.0999755859375,765.5999755859375,341000
2001-03-11 15:00:00,739.7000122070312,747.5999755859375,723.2999877929688,723.2999877929688,301700
2001-03-12 15:00:00,690.5999755859375,707.7999877929688,677.2999877929688,685.7000122070312,365000
2001-03-13 15:00:00,716.0,720.5999755859375,712.7000122070312,720.4000244140625,350600
2001-03-14 15:00:00,685.2000122070312,716.0999755859375,682.7999877929688,712.4000244140625,395800
2001-03-15 15:00:00,715.5,723.2000122070312,707.5,713.7999877929688,323000
2001-03-18 15:00:00,706.5999755859375,722.2999877929688,706.5999755859375,713.2999877929688,332800
2001-03-19 15:00:00,730.2000122070312,731.5999755859375,711.2999877929688,713.5,358700
2001-03-20 15:00:00,699.2999877929688,717.7000122070312,697.7000122070312,712.7000122070312,310900
2001-03-21 15:00:00,715.5,718.5999755859375,700.4000244140625,706.4000244140625,295700
2001-03-22 15:00:00,714.5999755859375,716.2000122070312,704.0999755859375,706.0999755859375,366500
2001-03-25 15:00:00,716.0999755859375,728.0999755859375,715.5999755859375,727.7000122070312,335100
2001-03-26 15:00:00,730.0999755859375,733.7999877929688,718.5999755859375,718.5999755859375,343500
2001-03-27 15:00:00,733.9000244140625,735.9000244140625,704.7000122070312,705.7999877929688,379200
2001-03-28 15:00:00,695.4000244140625,705.5,687.2999877929688,691.4000244140625,320100
2001-03-29 15:00:00,693.2999877929688,698.2000122070312,667.7999877929688,684.2999877929688,292800
2001-04-01 15:00:00,684.7999877929688,689.5999755859375,679.5999755859375,682.9000244140625,258000
2001-04-02 15:00:00,666.0999755859375,666.5999755859375,655.0,662.4000244140625,289300
2001-04-03 15:00:00,643.7000122070312,659.5,641.7999877929688,643.4000244140625,255900
2001-04-05 15:00:00,676.0,677.7000122070312,662.0999755859375,665.0999755859375,256700
2001-04-08 15:00:00,656.2999877929688,663.7000122070312,648.0999755859375,648.0999755859375,254200
2001-04-09 15:00:00,657.0,659.0999755859375,643.5,645.5999755859375,291000
2001-04-10 15:00:00,664.9000244140625,671.7999877929688,661.7000122070312,671.7999877929688,342800
2001-04-11 15:00:00,680.7999877929688,687.7999877929688,675.0999755859375,683.2000122070312,344200
2001-04-12 15:00:00,693.4000244140625,693.5,682.9000244140625,686.2000122070312,368300
2001-04-15 15:00:00,685.9000244140625,693.2000122070312,680.7000122070312,680.7000122070312,304200
2001-04-16 15:00:00,677.4000244140625,685.0999755859375,677.0999755859375,683.0999755859375,308800
2001-04-17 15:00:00,695.2999877929688,721.9000244140625,694.2999877929688,721.9000244140625,446700
2001-04-18 15:00:00,759.2999877929688,767.2999877929688,744.0999755859375,749.0,447300
2001-04-19 15:00:00,757.5999755859375,757.5999755859375,734.2000122070312,735.0,420600
2001-04-22 15:00:00,736.7999877929688,767.0999755859375,736.7999877929688,758.7999877929688,442700
2001-04-23 15:00:00,744.2999877929688,760.7999877929688,743.4000244140625,757.2000122070312,445300
2001-04-24 15:00:00,754.4000244140625,773.0,753.0999755859375,769.7000122070312,421300
2001-04-25 15:00:00,783.9000244140625,785.5,763.0999755859375,763.4000244140625,423500
2001-04-26 15:00:00,761.5,765.7999877929688,746.9000244140625,753.2000122070312,304900
2001-04-29 15:00:00,766.2000122070312,789.7000122070312,766.2000122070312,789.7000122070312,366700
2001-05-01 15:00:00,813.5999755859375,820.7000122070312,807.0,810.0,484200
2001-05-02 15:00:00,813.5,813.5,794.7999877929688,799.9000244140625,418600
2001-05-03 15:00:00,785.4000244140625,804.7999877929688,783.5999755859375,804.7999877929688,438500
2001-05-06 15:00:00,821.5,830.0,815.9000244140625,828.4000244140625,489900
2001-05-07 15:00:00,823.9000244140625,833.4000244140625,817.7999877929688,822.7000122070312,506300
2001-05-08 15:00:00,822.5999755859375,824.2999877929688,795.9000244140625,795.9000244140625,444100
2001-05-09 15:00:00,799.7000122070312,814.0999755859375,796.4000244140625,814.0999755859375,408800
2001-05-10 15:00:00,815.0,821.9000244140625,812.5,817.2000122070312,452000
2001-05-13 15:00:00,821.5,830.2000122070312,821.5,829.2999877929688,472400
2001-05-14 15:00:00,834.0,834.7999877929688,814.7999877929688,814.7999877929688,504200
2001-05-15 15:00:00,817.5999755859375,825.2999877929688,801.2000122070312,801.2000122070312,426000
2001-05-16 15:00:00,829.0999755859375,833.2999877929688,821.9000244140625,833.2000122070312,517700
2001-05-17 15:00:00,827.0,835.9000244140625,822.2999877929688,830.2999877929688,402600
2001-05-20 15:00:00,847.5,852.0,834.9000244140625,838.0999755859375,429900
2001-05-21 15:00:00,857.5999755859375,858.9000244140625,830.5999755859375,837.7999877929688,510100
2001-05-22 15:00:00,836.0,841.7000122070312,827.0999755859375,828.5999755859375,469300
2001-05-23 15:00:00,817.9000244140625,831.4000244140625,816.5999755859375,830.0999755859375,465500
2001-05-24 15:00:00,836.5,839.0,830.0,834.2999877929688,523900
2001-05-27 15:00:00,833.0999755859375,837.7000122070312,830.7999877929688,832.2000122070312,456100
2001-05-28 15:00:00,831.0,838.4000244140625,831.0,838.0999755859375,516500
2001-05-29 15:00:00,832.7000122070312,835.2000122070312,828.0999755859375,832.2000122070312,491800
2001-05-30 15:00:00,817.2999877929688,821.0,809.0999755859375,813.5,435300
2001-05-31 15:00:00,818.9000244140625,821.4000244140625,798.4000244140625,801.0999755859375,432300
2001-06-03 15:00:00,801.0999755859375,808.5,800.5999755859375,803.7000122070312,355900
2001-06-04 15:00:00,806.7000122070312,809.5999755859375,789.2000122070312,789.2000122070312,413600
2001-06-06 15:00:00,786.5999755859375,790.7000122070312,774.0999755859375,781.4000244140625,409800
2001-06-07 15:00:00,793.7999877929688,807.9000244140625,793.7000122070312,807.7000122070312,420700
2001-06-10 15:00:00,798.5,798.9000244140625,793.7000122070312,795.2000122070312,344500
2001-06-11 15:00:00,793.2999877929688,807.0,793.2999877929688,801.2000122070312,408900
2001-06-12 15:00:00,808.7000122070312,816.9000244140625,808.7000122070312,816.7999877929688,406800
2001-06-13 15:00:00,815.2999877929688,821.9000244140625,813.2999877929688,821.2999877929688,402800
2001-06-14 15:00:00,814.5999755859375,824.9000244140625,813.0,824.9000244140625,381500
2001-06-17 15:00:00,824.9000244140625,827.7999877929688,816.7000122070312,817.5999755859375,356500
2001-06-18 15:00:00,812.4000244140625,814.2000122070312,806.7999877929688,809.2999877929688,388500
2001-06-19 15:00:00,809.0999755859375,812.0,781.7000122070312,788.2999877929688,340100
2001-06-20 15:00:00,796.2000122070312,800.0999755859375,783.0999755859375,788.2000122070312,291700
2001-06-21 15:00:00,787.4000244140625,791.5,785.4000244140625,786.0,334700
2001-06-24 15:00:00,782.9000244140625,787.5999755859375,776.7999877929688,776.7999877929688,300000
2001-06-25 15:00:00,775.5999755859375,780.0999755859375,742.7999877929688,745.2999877929688,314300
2001-06-26 15:00:00,744.7999877929688,749.5,733.0,746.0,290100
2001-06-27 15:00:00,747.0,756.2000122070312,744.5999755859375,747.2000122070312,281800
2001-06-28 15:00:00,763.7000122070312,768.7000122070312,761.0999755859375,768.7000122070312,293900
2001-07-01 15:00:00,772.0,777.7000122070312,766.7999877929688,775.5999755859375,289300
2001-07-02 15:00:00,778.2999877929688,781.0999755859375,773.7999877929688,776.5,304600
2001-07-03 15:00:00,776.2000122070312,777.4000244140625,765.5999755859375,774.9000244140625,306500
2001-07-04 15:00:00,774.2000122070312,778.7999877929688,767.2000122070312,767.2000122070312,320100
2001-07-05 15:00:00,754.5999755859375,754.5999755859375,740.7999877929688,740.7999877929688,289800
2001-07-08 15:00:00,719.2999877929688,719.5,694.2999877929688,701.2000122070312,286800
2001-07-09 15:00:00,709.7000122070312,713.4000244140625,701.4000244140625,706.7000122070312,302200
2001-07-10 15:00:00,681.2000122070312,693.5,671.7000122070312,680.7000122070312,350000
2001-07-11 15:00:00,699.4000244140625,721.5999755859375,697.9000244140625,721.5999755859375,369400
2001-07-12 15:00:00,736.5999755859375,737.0,695.7999877929688,695.7999877929688,406600
2001-07-15 15:00:00,702.5999755859375,708.9000244140625,693.0,701.7000122070312,292700
2001-07-17 15:00:00,703.2999877929688,706.0,680.2999877929688,680.2999877929688,300400
2001-07-18 15:00:00,667.5999755859375,683.7999877929688,667.0,683.7999877929688,285100
2001-07-19 15:00:00,677.5999755859375,681.9000244140625,670.7999877929688,670.7999877929688,267900
2001-07-22 15:00:00,668.2999877929688,673.2999877929688,638.2999877929688,641.4000244140625,261600
2001-07-23 15:00:00,631.4000244140625,646.7999877929688,612.7999877929688,645.2999877929688,337300
2001-07-24 15:00:00,633.0999755859375,653.0999755859375,632.2000122070312,641.0,371700
2001-07-25 15:00:00,651.7000122070312,657.5,648.2999877929688,652.4000244140625,353700
2001-07-26 15:00:00,665.0,675.0,664.2999877929688,674.5999755859375,352400
2001-07-29 15:00:00,677.0999755859375,677.9000244140625,669.0999755859375,669.7999877929688,322400
2001-07-30 15:00:00,669.0999755859375,680.9000244140625,669.0999755859375,680.9000244140625,387300
2001-07-31 15:00:00,687.4000244140625,705.7999877929688,687.0999755859375,704.4000244140625,442700
2001-08-01 15:00:00,709.4000244140625,715.2999877929688,698.5,707.2000122070312,413600
2001-08-02 15:00:00,712.0999755859375,714.0,700.2000122070312,705.7999877929688,357400
2001-08-05 15:00:00,703.0,722.0999755859375,701.4000244140625,718.0,309400
2001-08-06 15:00:00,710.4000244140625,720.5999755859375,708.7999877929688,714.9000244140625,366700
2001-08-07 15:00:00,714.0,720.4000244140625,706.2000122070312,707.7000122070312,343300
2001-08-08 15:00:00,692.5999755859375,697.2999877929688,689.0999755859375,689.2000122070312,310200
2001-08-09 15:00:00,692.2999877929688,696.4000244140625,688.2999877929688,692.0999755859375,292100
2001-08-12 15:00:00,693.7999877929688,696.9000244140625,685.4000244140625,689.7000122070312,312600
2001-08-13 15:00:00,694.0999755859375,698.0999755859375,691.7999877929688,697.5999755859375,318800
2001-08-15 15:00:00,687.5999755859375,693.0,684.4000244140625,690.4000244140625,241900
2001-08-16 15:00:00,693.5,698.7000122070312,690.2999877929688,691.4000244140625,271200
2001-08-19 15:00:00,677.2000122070312,682.5,675.7999877929688,679.7000122070312,261000
2001-08-20 15:00:00,685.4000244140625,687.5,676.5999755859375,682.2000122070312,245000
2001-08-21 15:00:00,671.5999755859375,686.5999755859375,671.0999755859375,686.5999755859375,259600
2001-08-22 15:00:00,692.7000122070312,694.5999755859375,679.4000244140625,679.4000244140625,240100
2001-08-23 15:00:00,680.5999755859375,682.2999877929688,672.4000244140625,677.7999877929688,246200
2001-08-26 15:00:00,689.7999877929688,689.9000244140625,681.2999877929688,681.2999877929688,234300
2001-08-27 15:00:00,679.2000122070312,680.0,672.0,674.4000244140625,221700
2001-08-28 15:00:00,665.2999877929688,666.2999877929688,649.5999755859375,653.2000122070312,215600
2001-08-29 15:00:00,641.4000244140625,648.2999877929688,631.5999755859375,648.2999877929688,207400
2001-08-30 15:00:00,627.7999877929688,635.0,611.5999755859375,618.4000244140625,211900
2001-09-02 15:00:00,619.0,622.9000244140625,608.5,615.2000122070312,199000
2001-09-03 15:00:00,612.5,627.4000244140625,608.7000122070312,627.4000244140625,258800
2001-09-04 15:00:00,617.2000122070312,623.0,615.0999755859375,617.5999755859375,224600
2001-09-05 15:00:00,620.2999877929688,629.5,620.2999877929688,627.5999755859375,242200
2001-09-06 15:00:00,621.0,632.5,619.5999755859375,631.4000244140625,256700
2001-09-09 15:00:00,625.2000122070312,629.5,622.2000122070312,626.2000122070312,224400
2001-09-10 15:00:00,631.5999755859375,633.5,615.5999755859375,618.0,252300
2001-09-11 15:00:00,548.2999877929688,551.7999877929688,546.0999755859375,546.4000244140625,126100
2001-09-12 15:00:00,531.9000244140625,551.2999877929688,529.5999755859375,541.9000244140625,387600
2001-09-13 15:00:00,544.2000122070312,545.5999755859375,493.1000061035156,502.1000061035156,350100
2001-09-16 15:00:00,492.7999877929688,493.1000061035156,456.7000122070313,460.5,211300
2001-09-17 15:00:00,477.6000061035156,495.1000061035156,477.6000061035156,494.7999877929688,353800
2001-09-18 15:00:00,495.1000061035156,514.9000244140625,492.6000061035156,504.6000061035156,369800
2001-09-19 15:00:00,505.0,505.0,487.3999938964844,493.6000061035156,307200
2001-09-20 15:00:00,479.2999877929688,493.3999938964844,471.2000122070313,489.7000122070313,293200
2001-09-23 15:00:00,492.1000061035156,503.8999938964844,487.5,500.0,307600
2001-09-24 15:00:00,517.0,517.7000122070312,483.6000061035156,486.2000122070313,354800
2001-09-25 15:00:00,491.1000061035156,494.2000122070313,484.3999938964844,489.1000061035156,277600
2001-09-26 15:00:00,486.0,496.5,486.0,496.5,335800
2001-09-27 15:00:00,500.1000061035156,517.7999877929688,499.0,516.4000244140625,358700
2001-10-03 15:00:00,543.2999877929688,552.4000244140625,540.2000122070312,550.7999877929688,319000
2001-10-04 15:00:00,547.5,547.5999755859375,538.7999877929688,540.7000122070312,371000
2001-10-07 15:00:00,530.2000122070312,546.9000244140625,522.7999877929688,535.5,306400
2001-10-08 15:00:00,546.0999755859375,563.0999755859375,546.0999755859375,560.2000122070312,417400
2001-10-09 15:00:00,556.5,569.9000244140625,556.5,564.5,492100
2001-10-10 15:00:00,585.2999877929688,593.7000122070312,583.4000244140625,583.9000244140625,488800
2001-10-11 15:00:00,598.4000244140625,601.2000122070312,582.5,590.2000122070312,549500
2001-10-14 15:00:00,591.9000244140625,598.4000244140625,588.0,595.7000122070312,414000
2001-10-15 15:00:00,598.2999877929688,609.5,598.2999877929688,608.2000122070312,451600
2001-10-16 15:00:00,617.2000122070312,620.9000244140625,611.5999755859375,619.0999755859375,441200
2001-10-17 15:00:00,607.7000122070312,621.2999877929688,604.2000122070312,612.7999877929688,440100
2001-10-18 15:00:00,615.0999755859375,620.5999755859375,615.0999755859375,620.5999755859375,368400
2001-10-21 15:00:00,628.2999877929688,633.7000122070312,626.7999877929688,633.5999755859375,418900
2001-10-22 15:00:00,642.0999755859375,644.0,627.7999877929688,629.9000244140625,570300
2001-10-23 15:00:00,630.4000244140625,643.2999877929688,630.4000244140625,640.9000244140625,479800
2001-10-24 15:00:00,647.5999755859375,647.7999877929688,634.5999755859375,636.5999755859375,371300
2001-10-25 15:00:00,642.2000122070312,645.5,637.2999877929688,641.0,348200
2001-10-28 15:00:00,641.2000122070312,649.0999755859375,639.2000122070312,640.5999755859375,344300
2001-10-29 15:00:00,628.2000122070312,629.0999755859375,616.4000244140625,617.0999755859375,372600
2001-10-30 15:00:00,612.5,625.5,611.7999877929688,625.5,360600
2001-10-31 15:00:00,629.0999755859375,639.9000244140625,627.0,636.4000244140625,444300
2001-11-01 15:00:00,645.2000122070312,650.0,634.5,639.2999877929688,465400
2001-11-04 15:00:00,647.2999877929688,653.7000122070312,644.0,653.5999755859375,413900
2001-11-05 15:00:00,663.5999755859375,665.7000122070312,658.5999755859375,659.7000122070312,495600
2001-11-06 15:00:00,662.5,664.2000122070312,656.5999755859375,656.5999755859375,403200
2001-11-07 15:00:00,658.0,669.7999877929688,658.0,666.0999755859375,370500
2001-11-08 15:00:00,667.0999755859375,673.0,661.2000122070312,671.9000244140625,401100
2001-11-11 15:00:00,677.0,684.2000122070312,670.9000244140625,683.9000244140625,429700
2001-11-12 15:00:00,679.0999755859375,684.0999755859375,669.5999755859375,680.0999755859375,469000
2001-11-13 15:00:00,688.2999877929688,693.0,687.2999877929688,692.0,507000
2001-11-14 15:00:00,693.2999877929688,698.5999755859375,677.4000244140625,683.2999877929688,552200
2001-11-15 15:00:00,682.0,686.0,675.2999877929688,685.0,425000
2001-11-18 15:00:00,686.0,695.0999755859375,686.0,691.5,426800
2001-11-19 15:00:00,699.0,703.7999877929688,683.0999755859375,686.7999877929688,456300
2001-11-20 15:00:00,682.5999755859375,691.7000122070312,682.2000122070312,690.2999877929688,443200
2001-11-21 15:00:00,692.0,697.4000244140625,685.5999755859375,696.5999755859375,443700
2001-11-22 15:00:00,697.5,707.4000244140625,696.5999755859375,706.2000122070312,430400
2001-11-25 15:00:00,716.2000122070312,727.5999755859375,716.2000122070312,722.7999877929688,416700
2001-11-26 15:00:00,731.2000122070312,740.0999755859375,716.4000244140625,722.7999877929688,466700
2001-11-27 15:00:00,717.4000244140625,720.2000122070312,679.2999877929688,679.9000244140625,384100
2001-11-28 15:00:00,672.2000122070312,689.9000244140625,662.5999755859375,689.9000244140625,316600
2001-11-29 15:00:00,700.2000122070312,709.2000122070312,700.2000122070312,705.2000122070312,355500
2001-12-02 15:00:00,704.2999877929688,711.9000244140625,701.2999877929688,710.2999877929688,295800
2001-12-03 15:00:00,708.9000244140625,714.2000122070312,705.5999755859375,707.5999755859375,367300
2001-12-04 15:00:00,718.7999877929688,721.9000244140625,715.9000244140625,720.4000244140625,404400
2001-12-05 15:00:00,736.5999755859375,740.2000122070312,711.4000244140625,718.9000244140625,452200
2001-12-06 15:00:00,719.2000122070312,728.9000244140625,719.0,728.2000122070312,430000
2001-12-09 15:00:00,729.7999877929688,736.7000122070312,720.5999755859375,727.0,415900
2001-12-10 15:00:00,720.4000244140625,729.0999755859375,718.2000122070312,723.7999877929688,421000
2001-12-11 15:00:00,726.7000122070312,747.9000244140625,726.7000122070312,747.9000244140625,444000
2001-12-12 15:00:00,751.2000122070312,758.5999755859375,743.7999877929688,753.0,455600
2001-12-13 15:00:00,745.0999755859375,750.7000122070312,737.0,739.4000244140625,359600
2001-12-16 15:00:00,740.4000244140625,741.0,714.0,715.0999755859375,363200
2001-12-17 15:00:00,721.7999877929688,725.2999877929688,693.0,693.5,416100
2001-12-18 15:00:00,697.5,701.2000122070312,669.2000122070312,675.9000244140625,391600
2001-12-19 15:00:00,675.7999877929688,698.7999877929688,672.0999755859375,698.4000244140625,335600
2001-12-20 15:00:00,682.7000122070312,695.7000122070312,681.5,684.2999877929688,331800
2001-12-23 15:00:00,688.2999877929688,694.0999755859375,681.9000244140625,684.2999877929688,259200
2001-12-25 15:00:00,687.0,689.2000122070312,683.0999755859375,685.4000244140625,268100
2001-12-26 15:00:00,680.9000244140625,694.4000244140625,680.0999755859375,694.2999877929688,266300
2001-12-27 15:00:00,702.0999755859375,723.5999755859375,702.0999755859375,722.0999755859375,287000
2002-01-01 15:00:00,732.4000244140625,745.0,727.7999877929688,744.7000122070312,247700
2002-01-02 15:00:00,748.7000122070312,749.7000122070312,738.2999877929688,744.9000244140625,347200
2002-01-03 15:00:00,755.9000244140625,758.7000122070312,750.7000122070312,754.5,350100
2002-01-06 15:00:00,758.2000122070312,765.2000122070312,749.9000244140625,760.9000244140625,308700
2002-01-07 15:00:00,757.9000244140625,764.2999877929688,751.0999755859375,753.5,333300
2002-01-08 15:00:00,751.5,761.5,748.0999755859375,761.5,375100
2002-01-09 15:00:00,760.9000244140625,765.5,755.5,763.2999877929688,397700
2002-01-10 15:00:00,765.2000122070312,768.5999755859375,746.0,750.2000122070312,362800
2002-01-13 15:00:00,745.0999755859375,751.4000244140625,744.0999755859375,751.0999755859375,337100
2002-01-14 15:00:00,745.2999877929688,748.0999755859375,731.0999755859375,731.9000244140625,344300
2002-01-15 15:00:00,731.7000122070312,737.2000122070312,729.0999755859375,729.0999755859375,354300
2002-01-16 15:00:00,720.2999877929688,722.9000244140625,709.5999755859375,722.9000244140625,338100
2002-01-17 15:00:00,725.5,729.5999755859375,720.2000122070312,720.2000122070312,312200
2002-01-20 15:00:00,716.7000122070312,730.7000122070312,715.2999877929688,729.9000244140625,259700
2002-01-21 15:00:00,732.0,743.9000244140625,732.0,739.2999877929688,300200
2002-01-22 15:00:00,736.2999877929688,750.2999877929688,735.0,750.2999877929688,304000
2002-01-23 15:00:00,756.0,760.4000244140625,748.4000244140625,750.0999755859375,384400
2002-01-24 15:00:00,758.5999755859375,766.4000244140625,758.5999755859375,764.7000122070312,385500
2002-01-27 15:00:00,776.7999877929688,799.9000244140625,776.7999877929688,799.9000244140625,462600
2002-01-28 15:00:00,805.2999877929688,808.5999755859375,787.2999877929688,790.9000244140625,409100
2002-01-29 15:00:00,769.9000244140625,776.2000122070312,758.2999877929688,762.0,349300
2002-01-30 15:00:00,774.7999877929688,781.0,767.2999877929688,773.5999755859375,417000
2002-01-31 15:00:00,775.5999755859375,782.7000122070312,759.7999877929688,759.7999877929688,403700
2002-02-03 15:00:00,758.4000244140625,764.7999877929688,741.0,742.7999877929688,340400
2002-02-04 15:00:00,732.5999755859375,743.5,727.2000122070312,743.5,344600
2002-02-05 15:00:00,743.7999877929688,752.5,743.7999877929688,747.4000244140625,335900
2002-02-06 15:00:00,740.7999877929688,746.5,723.9000244140625,724.5,312500
2002-02-07 15:00:00,726.9000244140625,729.9000244140625,722.5,728.7999877929688,246600
2002-02-13 15:00:00,746.5,751.9000244140625,745.0999755859375,751.9000244140625,239500
2002-02-14 15:00:00,749.5,757.7000122070312,749.5,753.0,281000
2002-02-17 15:00:00,755.4000244140625,763.2999877929688,755.4000244140625,760.5,261900
2002-02-18 15:00:00,765.7000122070312,767.5999755859375,757.2999877929688,758.5,288300
2002-02-19 15:00:00,753.7000122070312,757.7999877929688,751.0,756.7000122070312,291500
2002-02-20 15:00:00,766.0,768.5,758.7000122070312,763.0,327700
2002-02-21 15:00:00,756.4000244140625,771.9000244140625,756.0999755859375,770.5999755859375,347500
2002-02-24 15:00:00,778.2999877929688,782.7000122070312,769.9000244140625,771.0999755859375,307900
2002-02-25 15:00:00,779.4000244140625,782.5,767.7999877929688,770.0,340600
2002-02-26 15:00:00,770.4000244140625,775.4000244140625,769.9000244140625,775.4000244140625,336800
2002-02-27 15:00:00,780.2000122070312,787.7999877929688,779.0999755859375,787.0999755859375,329000
2002-03-03 15:00:00,807.9000244140625,838.5999755859375,806.5,830.4000244140625,433200
2002-03-04 15:00:00,849.2999877929688,858.5999755859375,831.2000122070312,836.2000122070312,492100
2002-03-05 15:00:00,841.0,843.4000244140625,832.2000122070312,841.4000244140625,479000
2002-03-06 15:00:00,851.9000244140625,856.5999755859375,835.7999877929688,837.2999877929688,520800
2002-03-07 15:00:00,841.2999877929688,847.0999755859375,826.7000122070312,840.9000244140625,409000
2002-03-10 15:00:00,852.4000244140625,865.9000244140625,848.2000122070312,865.4000244140625,465400
2002-03-11 15:00:00,870.0999755859375,875.4000244140625,855.2999877929688,866.0,490700
2002-03-12 15:00:00,865.5,873.4000244140625,861.5999755859375,869.5999755859375,489000
2002-03-13 15:00:00,869.5999755859375,874.9000244140625,856.2000122070312,874.9000244140625,402700
2002-03-14 15:00:00,873.5999755859375,899.2000122070312,873.5999755859375,893.5,496600
2002-03-17 15:00:00,910.4000244140624,921.7000122070312,905.2000122070312,917.7999877929688,549200
2002-03-18 15:00:00,921.5,925.7999877929688,911.7000122070312,925.7999877929688,489200
2002-03-19 15:00:00,933.7000122070312,940.4000244140624,916.5999755859376,916.5999755859376,566600
2002-03-20 15:00:00,908.5999755859376,928.7000122070312,908.5999755859376,918.4000244140624,473900
2002-03-21 15:00:00,927.7999877929688,949.7000122070312,925.0999755859376,943.0,558000
2002-03-24 15:00:00,954.5999755859376,964.5999755859376,936.2999877929688,936.2999877929688,505100
2002-03-25 15:00:00,931.2000122070312,941.7000122070312,918.0,925.5999755859376,478300
2002-03-26 15:00:00,933.4000244140624,934.9000244140624,926.0999755859376,931.0,488300
2002-03-27 15:00:00,937.7999877929688,945.5,918.5,918.5,484400
2002-03-28 15:00:00,925.0,931.2000122070312,917.7000122070312,927.2999877929688,437500
2002-03-31 15:00:00,922.7999877929688,924.4000244140624,877.0,877.0,455700
2002-04-01 15:00:00,878.2999877929688,885.9000244140625,866.0,884.2000122070312,431900
2002-04-02 15:00:00,877.4000244140625,891.0999755859375,869.2999877929688,878.7000122070312,439700
2002-04-03 15:00:00,877.5,885.4000244140625,874.0999755859375,882.0,459900
2002-04-07 15:00:00,888.9000244140625,891.4000244140625,876.5,879.9000244140625,385800
2002-04-08 15:00:00,882.4000244140625,885.0999755859375,861.7999877929688,862.0999755859375,397100
2002-04-09 15:00:00,857.2000122070312,857.7999877929688,823.2000122070312,835.4000244140625,503000
2002-04-10 15:00:00,842.4000244140625,848.5999755859375,833.5999755859375,846.0999755859375,429900
2002-04-11 15:00:00,829.7000122070312,842.4000244140625,829.5,842.4000244140625,388900
2002-04-14 15:00:00,849.0999755859375,863.2000122070312,849.0999755859375,858.2000122070312,365900
2002-04-15 15:00:00,859.2000122070312,866.0,858.0999755859375,865.0999755859375,376500
2002-04-16 15:00:00,885.0999755859375,887.7999877929688,874.0999755859375,874.2999877929688,416400
2002-04-17 15:00:00,876.9000244140625,880.0,872.9000244140625,876.7999877929688,367300
2002-04-18 15:00:00,876.0,879.9000244140625,856.2000122070312,858.7999877929688,366300
2002-04-21 15:00:00,854.2999877929688,857.5999755859375,815.2000122070312,824.5,347500
2002-04-22 15:00:00,810.0999755859375,816.5,799.5,810.2000122070312,300900
2002-04-23 15:00:00,807.7000122070312,819.2000122070312,790.7000122070312,794.7999877929688,313800
2002-04-24 15:00:00,783.7999877929688,787.4000244140625,757.0999755859375,757.2999877929688,282900
2002-04-25 15:00:00,759.9000244140625,770.2000122070312,752.5,767.7999877929688,255700
2002-04-28 15:00:00,746.0999755859375,757.4000244140625,733.5999755859375,737.0,261100
2002-04-29 15:00:00,735.9000244140625,741.5,727.0,733.4000244140625,263100
2002-05-01 15:00:00,748.2999877929688,763.2000122070312,745.5,763.0999755859375,275200
2002-05-02 15:00:00,759.9000244140625,768.5999755859375,754.7000122070312,764.7999877929688,304700
2002-05-05 15:00:00,759.7000122070312,768.7999877929688,753.7999877929688,755.0,260800
2002-05-06 15:00:00,742.5,751.5999755859375,740.9000244140625,748.2000122070312,297100
2002-05-07 15:00:00,760.2999877929688,770.5999755859375,760.2999877929688,767.7999877929688,311300
2002-05-08 15:00:00,792.2000122070312,794.2999877929688,773.7999877929688,780.2000122070312,302300
2002-05-09 15:00:00,774.2000122070312,777.5999755859375,765.5,769.9000244140625,300700
2002-05-12 15:00:00,761.7999877929688,768.7999877929688,756.5999755859375,766.2999877929688,281900
2002-05-13 15:00:00,777.2000122070312,780.0,764.5,766.5999755859375,364800
2002-05-14 15:00:00,778.2000122070312,785.7999877929688,775.7000122070312,783.4000244140625,377100
2002-05-15 15:00:00,782.4000244140625,788.5,779.9000244140625,779.9000244140625,325300
2002-05-16 15:00:00,785.2000122070312,794.7000122070312,785.0,794.7000122070312,343900
2002-05-19 15:00:00,799.4000244140625,803.0999755859375,793.5,793.5,424200
2002-05-20 15:00:00,785.4000244140625,790.5999755859375,766.5,766.5,402400
2002-05-21 15:00:00,764.5999755859375,774.2999877929688,758.2000122070312,774.2000122070312,358300
2002-05-22 15:00:00,773.7999877929688,778.0999755859375,755.2999877929688,755.2999877929688,451000
2002-05-23 15:00:00,758.0,761.9000244140625,749.0,755.7000122070312,342700
2002-05-26 15:00:00,751.5999755859375,758.5999755859375,743.9000244140625,743.9000244140625,322200
2002-05-27 15:00:00,744.2999877929688,748.7999877929688,732.0999755859375,740.7000122070312,335300
2002-05-28 15:00:00,732.5,733.5999755859375,717.7000122070312,724.7000122070312,303700
2002-05-29 15:00:00,715.7999877929688,720.2000122070312,701.2999877929688,703.7999877929688,286600
2002-05-30 15:00:00,706.7999877929688,713.9000244140625,696.5999755859375,697.7999877929688,266800
2002-06-02 15:00:00,695.5,701.2000122070312,688.9000244140625,698.0,255500
2002-06-03 15:00:00,683.7999877929688,698.9000244140625,683.0,698.7999877929688,270500
2002-06-04 15:00:00,706.0999755859375,716.7000122070312,706.0999755859375,710.5,247200
2002-06-06 15:00:00,700.9000244140625,706.4000244140625,696.5999755859375,697.2000122070312,214900
2002-06-09 15:00:00,703.0999755859375,712.5,703.0999755859375,712.5,211000
2002-06-10 15:00:00,711.4000244140625,714.5,710.0,713.5999755859375,236900
2002-06-11 15:00:00,709.7999877929688,724.0,709.7999877929688,724.0,243600
2002-06-13 15:00:00,718.5,723.7000122070312,714.4000244140625,715.5,209100
2002-06-16 15:00:00,717.2999877929688,720.9000244140625,704.5,704.5999755859375,188600
2002-06-17 15:00:00,715.2000122070312,716.2999877929688,701.5,701.7999877929688,230400
2002-06-18 15:00:00,699.2000122070312,702.2999877929688,659.7000122070312,662.5999755859375,238300
2002-06-19 15:00:00,653.5999755859375,659.0,644.7999877929688,657.7000122070312,193100
2002-06-20 15:00:00,647.7000122070312,658.5999755859375,644.2999877929688,658.0999755859375,198200
2002-06-23 15:00:00,646.2000122070312,649.5999755859375,632.5999755859375,639.0999755859375,208400
2002-06-24 15:00:00,642.5999755859375,647.2999877929688,618.7999877929688,618.7999877929688,206800
2002-06-25 15:00:00,603.0,603.0,562.2999877929688,566.2999877929688,185500
2002-06-26 15:00:00,576.5999755859375,582.5,564.7000122070312,572.2999877929688,252100
2002-06-27 15:00:00,585.2000122070312,612.0999755859375,585.2000122070312,608.5,268700
2002-07-01 15:00:00,586.9000244140625,613.5999755859375,583.2999877929688,610.5,242200
2002-07-02 15:00:00,607.5999755859375,623.5999755859375,601.2999877929688,621.5,264400
2002-07-03 15:00:00,632.2999877929688,637.7000122070312,626.5,637.0999755859375,294400
2002-07-04 15:00:00,640.0999755859375,657.5,640.0999755859375,649.7999877929688,366100
2002-07-07 15:00:00,668.0999755859375,671.2000122070312,646.0,652.9000244140625,369000
2002-07-08 15:00:00,653.5999755859375,669.0999755859375,650.2000122070312,669.0999755859375,361800
2002-07-09 15:00:00,664.2999877929688,679.0,663.0999755859375,674.5,435800
2002-07-10 15:00:00,664.2000122070312,669.0999755859375,654.0,656.2000122070312,452600
2002-07-11 15:00:00,666.2000122070312,670.5999755859375,662.9000244140625,668.2000122070312,367500
2002-07-14 15:00:00,664.0,670.5,657.4000244140625,657.4000244140625,403400
2002-07-15 15:00:00,659.0999755859375,663.5,638.4000244140625,642.2000122070312,336800
2002-07-17 15:00:00,646.0999755859375,652.5,643.5,644.7000122070312,289100
2002-07-18 15:00:00,634.5,634.5,621.2999877929688,631.4000244140625,294500
2002-07-21 15:00:00,595.0999755859375,610.5999755859375,592.7999877929688,592.7999877929688,289900
2002-07-22 15:00:00,586.7000122070312,616.2999877929688,584.9000244140625,616.0999755859375,328500
2002-07-23 15:00:00,601.2000122070312,605.0999755859375,592.4000244140625,595.4000244140625,276900
2002-07-24 15:00:00,625.0,626.0,601.7000122070312,602.2999877929688,266200
2002-07-25 15:00:00,596.2999877929688,600.2999877929688,577.5,583.2999877929688,281600
2002-07-28 15:00:00,587.7000122070312,591.7999877929688,571.2000122070312,575.4000244140625,238700
2002-07-29 15:00:00,591.2999877929688,597.7999877929688,591.2999877929688,591.5999755859375,287600
2002-07-30 15:00:00,590.2999877929688,596.0,586.2000122070312,586.2000122070312,236000
2002-07-31 15:00:00,587.0999755859375,593.2000122070312,580.2000122070312,584.2000122070312,257600
2002-08-01 15:00:00,573.0999755859375,576.2999877929688,569.7000122070312,576.0,204400
2002-08-04 15:00:00,567.5999755859375,568.9000244140625,551.2999877929688,552.4000244140625,188300
2002-08-05 15:00:00,536.5999755859375,546.7000122070312,536.5999755859375,544.2999877929688,263500
2002-08-06 15:00:00,557.2999877929688,561.5,551.0999755859375,553.4000244140625,313900
2002-08-07 15:00:00,558.4000244140625,565.5,554.4000244140625,564.7000122070312,247400
2002-08-08 15:00:00,574.0999755859375,578.7999877929688,562.2999877929688,562.2999877929688,312000
2002-08-11 15:00:00,565.9000244140625,570.4000244140625,563.2000122070312,566.9000244140625,277100
2002-08-12 15:00:00,570.5,579.0999755859375,566.2000122070312,579.0999755859375,349200
2002-08-13 15:00:00,570.7999877929688,580.5999755859375,569.9000244140625,579.4000244140625,356900
2002-08-15 15:00:00,590.7000122070312,593.2000122070312,582.0,582.0,327700
2002-08-18 15:00:00,585.5999755859375,590.7999877929688,582.0999755859375,583.4000244140625,275100
2002-08-19 15:00:00,593.2999877929688,596.5999755859375,589.2999877929688,591.5,320700
2002-08-20 15:00:00,589.7000122070312,595.5,588.5999755859375,595.4000244140625,290500
2002-08-21 15:00:00,603.5999755859375,606.5,598.5,600.0999755859375,350000
2002-08-22 15:00:00,604.0,606.0,595.7000122070312,598.5,314500
2002-08-25 15:00:00,593.0999755859375,598.7000122070312,591.2999877929688,594.0,225200
2002-08-26 15:00:00,598.0,599.9000244140625,591.7000122070312,591.7999877929688,255000
2002-08-27 15:00:00,587.2999877929688,594.4000244140625,584.2999877929688,586.5,280900
2002-08-28 15:00:00,583.0,585.5,579.7000122070312,584.4000244140625,249000
2002-08-29 15:00:00,585.0,591.7999877929688,585.0,591.0999755859375,275800
2002-09-01 15:00:00,592.7999877929688,595.5,589.2999877929688,595.4000244140625,261600
2002-09-02 15:00:00,595.5999755859375,599.0,590.0999755859375,590.0999755859375,274900
2002-09-03 15:00:00,579.2999877929688,581.7999877929688,576.5999755859375,581.0,274200
2002-09-04 15:00:00,587.7000122070312,589.2999877929688,580.5,580.5999755859375,280700
2002-09-05 15:00:00,574.4000244140625,576.5,562.0999755859375,562.2000122070312,258400
2002-09-08 15:00:00,566.5999755859375,569.0,536.5999755859375,536.5999755859375,281900
2002-09-09 15:00:00,537.7000122070312,545.0,537.7000122070312,542.4000244140625,272900
2002-09-10 15:00:00,545.0,551.2999877929688,545.0,549.0,287000
2002-09-11 15:00:00,549.9000244140625,554.5,549.0999755859375,552.7000122070312,265100
2002-09-12 15:00:00,544.9000244140625,545.9000244140625,541.5,542.7999877929688,210900
2002-09-15 15:00:00,544.5999755859375,547.4000244140625,532.5999755859375,534.5,210500
2002-09-16 15:00:00,543.0,552.2000122070312,540.2000122070312,552.2000122070312,238300
2002-09-17 15:00:00,541.0999755859375,543.5,537.2999877929688,537.7999877929688,208000
2002-09-18 15:00:00,538.9000244140625,543.7999877929688,536.2000122070312,536.7999877929688,165300
2002-09-22 15:00:00,532.0999755859375,532.5,517.7999877929688,518.2999877929688,187500
2002-09-23 15:00:00,508.0,512.7000122070312,502.1000061035156,504.1000061035156,242500
2002-09-24 15:00:00,500.3999938964844,501.8999938964844,482.7999877929688,487.8999938964844,231000
2002-09-25 15:00:00,499.1000061035156,502.1000061035156,485.1000061035156,486.2999877929688,220000
2002-09-26 15:00:00,486.1000061035156,491.5,480.2999877929688,485.2000122070313,195500
2002-09-29 15:00:00,470.3999938964844,471.2000122070313,463.0,467.1000061035156,181500
2002-09-30 15:00:00,455.6000061035156,475.2999877929688,455.6000061035156,475.2999877929688,193600
2002-10-01 15:00:00,488.0,488.8999938964844,475.1000061035156,475.1000061035156,206100
2002-10-03 15:00:00,469.0,480.2000122070313,468.2000122070313,480.2000122070313,163500
2002-10-06 15:00:00,475.0,475.8999938964844,465.5,468.0,161300
2002-10-07 15:00:00,464.7000122070313,472.3999938964844,461.2000122070313,470.7999877929688,221200
2002-10-08 15:00:00,474.3999938964844,474.5,458.1000061035156,458.2999877929688,226200
2002-10-09 15:00:00,450.0,452.1000061035156,432.1000061035156,437.3999938964844,208800
2002-10-10 15:00:00,449.0,450.7999877929688,430.7999877929688,436.7000122070313,220500
2002-10-13 15:00:00,447.0,460.1000061035156,447.0,458.5,256200
2002-10-14 15:00:00,462.8999938964844,478.7000122070313,461.0,473.7000122070313,350700
2002-10-15 15:00:00,484.3999938964844,484.7999877929688,474.7999877929688,474.7999877929688,295800
2002-10-16 15:00:00,472.3999938964844,484.2999877929688,468.1000061035156,484.2999877929688,323500
2002-10-17 15:00:00,495.2000122070313,502.6000061035156,491.3999938964844,502.1000061035156,404200
2002-10-20 15:00:00,500.0,500.2000122070313,486.6000061035156,486.6000061035156,269300
2002-10-21 15:00:00,495.0,495.5,471.7999877929688,476.3999938964844,279900
2002-10-22 15:00:00,476.2999877929688,487.5,474.8999938964844,487.5,302800
2002-10-23 15:00:00,490.1000061035156,492.7999877929688,479.2000122070313,479.2000122070313,294300
2002-10-24 15:00:00,472.2999877929688,481.5,472.0,478.6000061035156,258700
2002-10-27 15:00:00,486.0,493.7000122070313,485.1000061035156,493.7000122070313,311300
2002-10-28 15:00:00,490.2000122070313,497.5,489.8999938964844,492.0,293300
2002-10-29 15:00:00,493.8999938964844,494.2999877929688,478.5,482.7999877929688,293600
2002-10-30 15:00:00,487.7999877929688,488.7000122070313,477.2999877929688,480.5,270700
2002-10-31 15:00:00,478.0,482.5,475.1000061035156,476.3999938964844,263400
2002-11-03 15:00:00,482.8999938964844,484.5,481.1000061035156,481.7999877929688,238600
2002-11-04 15:00:00,484.2000122070313,484.7000122070313,477.6000061035156,480.1000061035156,312900
2002-11-05 15:00:00,486.0,490.0,484.1000061035156,489.5,319400
2002-11-06 15:00:00,490.1000061035156,492.5,486.6000061035156,486.6000061035156,302300
2002-11-07 15:00:00,479.3999938964844,483.8999938964844,479.3999938964844,483.8999938964844,263200
2002-11-10 15:00:00,481.3999938964844,483.2999877929688,474.6000061035156,474.6000061035156,246700
2002-11-11 15:00:00,467.1000061035156,471.8999938964844,465.8999938964844,471.6000061035156,271300
2002-11-12 15:00:00,475.7999877929688,476.7000122070313,469.6000061035156,470.2999877929688,322700
2002-11-13 15:00:00,472.7999877929688,476.2000122070313,468.7000122070313,470.5,278600
2002-11-14 15:00:00,479.7999877929688,481.0,477.1000061035156,480.1000061035156,276200
2002-11-17 15:00:00,480.2000122070313,483.0,476.8999938964844,477.7999877929688,274500
2002-11-18 15:00:00,476.7999877929688,480.5,476.2999877929688,478.8999938964844,273200
2002-11-19 15:00:00,477.2999877929688,480.1000061035156,476.2999877929688,480.1000061035156,270200
2002-11-20 15:00:00,486.7000122070313,487.3999938964844,480.7000122070313,480.7000122070313,254900
2002-11-21 15:00:00,487.5,487.6000061035156,483.6000061035156,484.6000061035156,289000
2002-11-24 15:00:00,485.3999938964844,491.6000061035156,484.7000122070313,491.5,252200
2002-11-25 15:00:00,494.7000122070313,495.3999938964844,490.1000061035156,493.2000122070313,284100
2002-11-26 15:00:00,489.7000122070313,503.8999938964844,489.6000061035156,503.7999877929688,342400
2002-11-27 15:00:00,513.0999755859375,516.9000244140625,510.3999938964844,510.6000061035156,349600
2002-11-28 15:00:00,513.9000244140625,519.2000122070312,510.7999877929688,519.0,319600
2002-12-01 15:00:00,522.7000122070312,529.7000122070312,519.4000244140625,529.5,319100
2002-12-02 15:00:00,531.2999877929688,538.5999755859375,528.7999877929688,537.7999877929688,393400
2002-12-03 15:00:00,531.2000122070312,531.2000122070312,516.7999877929688,517.2999877929688,381200
2002-12-04 15:00:00,516.7999877929688,528.7999877929688,514.2999877929688,528.7000122070312,400400
2002-12-05 15:00:00,524.2999877929688,533.0999755859375,523.7000122070312,532.5,459700
2002-12-08 15:00:00,535.2999877929688,539.5999755859375,528.2999877929688,529.7999877929688,499300
2002-12-09 15:00:00,521.7000122070312,528.0,519.7999877929688,525.7000122070312,478300
2002-12-10 15:00:00,532.0,533.7999877929688,525.9000244140625,526.0,502200
2002-12-11 15:00:00,528.5999755859375,536.2000122070312,528.5999755859375,533.7999877929688,406600
2002-12-12 15:00:00,535.0,538.5,534.5,535.4000244140625,373100
2002-12-15 15:00:00,530.5999755859375,532.9000244140625,522.5,522.5,345900
2002-12-16 15:00:00,532.0,532.7999877929688,526.4000244140625,527.2000122070312,436800
2002-12-17 15:00:00,523.5,528.5,522.0999755859375,524.2999877929688,373600
2002-12-19 15:00:00,522.2999877929688,526.2000122070312,517.2000122070312,517.5999755859375,346700
2002-12-22 15:00:00,515.7999877929688,519.2000122070312,490.7999877929688,491.3999938964844,346400
2002-12-23 15:00:00,484.7000122070313,489.6000061035156,469.1000061035156,480.2999877929688,327700
2002-12-25 15:00:00,474.6000061035156,480.1000061035156,470.1000061035156,473.2000122070313,272500
2002-12-26 15:00:00,463.0,470.6000061035156,462.1000061035156,462.7999877929688,263600
2002-12-29 15:00:00,454.3999938964844,455.2000122070313,433.1000061035156,443.6000061035156,248100
2003-01-01 15:00:00,448.2999877929688,466.7000122070313,448.2999877929688,466.0,246600
2003-01-02 15:00:00,478.6000061035156,486.2999877929688,478.6000061035156,483.3999938964844,341800
2003-01-05 15:00:00,487.7000122070313,488.1000061035156,479.1000061035156,487.2999877929688,322700
2003-01-06 15:00:00,497.2000122070313,497.8999938964844,476.7999877929688,476.7999877929688,378400
2003-01-07 15:00:00,478.7999877929688,485.7999877929688,478.7999877929688,481.6000061035156,357200
2003-01-08 15:00:00,476.8999938964844,481.5,473.3999938964844,480.6000061035156,366900
2003-01-09 15:00:00,488.6000061035156,489.2999877929688,461.8999938964844,470.0,508400
2003-01-12 15:00:00,470.1000061035156,485.5,468.0,485.5,354600
2003-01-13 15:00:00,486.1000061035156,491.8999938964844,482.7000122070313,488.5,407500
2003-01-14 15:00:00,493.7000122070313,495.1000061035156,485.3999938964844,488.1000061035156,385100
2003-01-15 15:00:00,482.3999938964844,486.5,480.0,485.5,352500
2003-01-16 15:00:00,482.0,489.3999938964844,477.5,478.5,379500
2003-01-19 15:00:00,469.5,475.5,469.5,473.2999877929688,320500
2003-01-20 15:00:00,474.1000061035156,474.7999877929688,466.2999877929688,467.5,385400
2003-01-21 15:00:00,461.7999877929688,465.2000122070313,452.8999938964844,455.5,376500
2003-01-22 15:00:00,456.2000122070313,458.1000061035156,449.7999877929688,457.7999877929688,336200
2003-01-23 15:00:00,459.7000122070313,460.7000122070313,439.0,442.6000061035156,390100
2003-01-26 15:00:00,429.1000061035156,435.8999938964844,429.1000061035156,434.0,290200
2003-01-27 15:00:00,433.8999938964844,439.6000061035156,433.7000122070313,437.5,311600
2003-01-28 15:00:00,439.7999877929688,440.7000122070313,424.7000122070313,425.2000122070313,301100
2003-01-29 15:00:00,428.2999877929688,433.8999938964844,428.2999877929688,433.8999938964844,251800
2003-02-02 15:00:00,432.7000122070313,442.2999877929688,429.7999877929688,441.0,278100
2003-02-03 15:00:00,444.5,445.8999938964844,441.2000122070313,443.2000122070313,300700
2003-02-04 15:00:00,440.1000061035156,444.2000122070313,438.0,441.0,299100
2003-02-05 15:00:00,442.7999877929688,444.8999938964844,433.3999938964844,435.3999938964844,307600
2003-02-06 15:00:00,434.0,434.8999938964844,425.0,427.7000122070313,286800
2003-02-09 15:00:00,422.7999877929688,425.7000122070313,421.3999938964844,422.6000061035156,263600
2003-02-10 15:00:00,427.1000061035156,429.8999938964844,411.3999938964844,421.5,451300
2003-02-11 15:00:00,419.1000061035156,425.1000061035156,419.0,424.2999877929688,340100
2003-02-12 15:00:00,425.2000122070313,428.7000122070313,420.8999938964844,422.2000122070313,357600
2003-02-13 15:00:00,421.2999877929688,424.7000122070313,418.6000061035156,423.7999877929688,406100
2003-02-16 15:00:00,434.6000061035156,441.3999938964844,432.6000061035156,441.2000122070313,383100
2003-02-17 15:00:00,443.6000061035156,443.7000122070313,435.3999938964844,439.2000122070313,438000
2003-02-18 15:00:00,447.7000122070313,448.1000061035156,436.6000061035156,436.6000061035156,465900
2003-02-19 15:00:00,435.3999938964844,440.0,433.6000061035156,437.8999938964844,414700
2003-02-20 15:00:00,437.3999938964844,437.8999938964844,433.7999877929688,435.0,367600
2003-02-23 15:00:00,437.8999938964844,440.7999877929688,437.8999938964844,438.7999877929688,343000
2003-02-24 15:00:00,433.3999938964844,433.3999938964844,424.2999877929688,424.2999877929688,346400
2003-02-25 15:00:00,428.5,430.8999938964844,425.1000061035156,425.7999877929688,317200
2003-02-26 15:00:00,420.3999938964844,428.2000122070313,417.7999877929688,428.2000122070313,349400
2003-02-27 15:00:00,428.8999938964844,429.2999877929688,417.2000122070313,417.7999877929688,324200
2003-03-02 15:00:00,416.6000061035156,420.7999877929688,416.6000061035156,420.6000061035156,293000
2003-03-03 15:00:00,418.0,418.0,409.1000061035156,409.7999877929688,286200
2003-03-04 15:00:00,403.7999877929688,404.2999877929688,391.7999877929688,393.6000061035156,311500
2003-03-05 15:00:00,394.2999877929688,395.6000061035156,380.2000122070313,381.8999938964844,282000
2003-03-06 15:00:00,371.1000061035156,373.0,366.3999938964844,366.8999938964844,302600
2003-03-09 15:00:00,364.8999938964844,367.7000122070313,361.3999938964844,362.0,286600
2003-03-10 15:00:00,353.20001220703125,356.3999938964844,351.8999938964844,354.29998779296875,304600
2003-03-11 15:00:00,354.29998779296875,368.2999877929688,354.0,368.2999877929688,342400
2003-03-12 15:00:00,370.6000061035156,371.1000061035156,356.29998779296875,360.7000122070313,313200
2003-03-13 15:00:00,377.2999877929688,379.8999938964844,369.2000122070313,370.1000061035156,272300
2003-03-16 15:00:00,366.7999877929688,366.7999877929688,344.6000061035156,346.3999938964844,293300
2003-03-17 15:00:00,363.5,366.3999938964844,358.0,365.0,328100
2003-03-18 15:00:00,364.5,373.2000122070313,364.3999938964844,367.7000122070313,306000
2003-03-19 15:00:00,374.0,391.3999938964844,374.0,391.3999938964844,415500
2003-03-20 15:00:00,395.7000122070313,401.2000122070313,391.7000122070313,401.0,396500
2003-03-23 15:00:00,405.5,405.5,395.3999938964844,395.3999938964844,388200
2003-03-24 15:00:00,378.3999938964844,386.5,378.2999877929688,379.7000122070313,401200
2003-03-25 15:00:00,387.3999938964844,394.8999938964844,383.7000122070313,386.2999877929688,436700
2003-03-26 15:00:00,384.3999938964844,388.2000122070313,382.8999938964844,384.8999938964844,354600
2003-03-27 15:00:00,387.7000122070313,392.7999877929688,385.7000122070313,392.7999877929688,452100
2003-03-30 15:00:00,388.5,389.1000061035156,375.5,377.7000122070313,366900
2003-03-31 15:00:00,372.7000122070313,382.5,372.2999877929688,382.5,332800
2003-04-01 15:00:00,385.7999877929688,387.7999877929688,380.5,387.7000122070313,427000
2003-04-02 15:00:00,398.2999877929688,398.5,387.0,387.7000122070313,457200
2003-04-03 15:00:00,386.2000122070313,394.2000122070313,384.2000122070313,394.1000061035156,400600
2003-04-06 15:00:00,401.2999877929688,412.2999877929688,399.5,411.2000122070313,427500
2003-04-07 15:00:00,406.5,414.5,405.2000122070313,411.8999938964844,410800
2003-04-08 15:00:00,411.2999877929688,412.5,404.8999938964844,404.8999938964844,431100
2003-04-09 15:00:00,405.1000061035156,409.0,403.7000122070313,408.1000061035156,393000
2003-04-10 15:00:00,410.2999877929688,416.3999938964844,408.1000061035156,410.7999877929688,408300
2003-04-13 15:00:00,414.3999938964844,420.3999938964844,414.3999938964844,419.7000122070313,421600
2003-04-14 15:00:00,428.0,429.6000061035156,424.6000061035156,429.6000061035156,487300
2003-04-15 15:00:00,438.3999938964844,442.8999938964844,436.2999877929688,442.2000122070313,541200
2003-04-16 15:00:00,439.1000061035156,443.7000122070313,437.2999877929688,439.3999938964844,452500
2003-04-17 15:00:00,447.7000122070313,448.5,444.3999938964844,448.2999877929688,469700
2003-04-20 15:00:00,448.2999877929688,454.8999938964844,444.8999938964844,454.6000061035156,459400
2003-04-21 15:00:00,452.3999938964844,452.7000122070313,444.3999938964844,444.3999938964844,465100
2003-04-22 15:00:00,450.6000061035156,451.2999877929688,439.5,439.5,531100
2003-04-23 15:00:00,441.6000061035156,444.1000061035156,427.5,430.5,493000
2003-04-24 15:00:00,422.7000122070313,422.8999938964844,402.8999938964844,408.8999938964844,470800
2003-04-27 15:00:00,400.5,413.8999938964844,400.5,408.5,426000
2003-04-28 15:00:00,417.3999938964844,431.8999938964844,417.3999938964844,430.5,494600
2003-04-29 15:00:00,432.2000122070313,435.2000122070313,426.8999938964844,428.0,397700
2003-05-01 15:00:00,432.5,433.2999877929688,423.7000122070313,432.8999938964844,401200
2003-05-05 15:00:00,437.6000061035156,438.2999877929688,431.2999877929688,432.6000061035156,389600
2003-05-06 15:00:00,437.1000061035156,438.1000061035156,433.8999938964844,436.2999877929688,437200
2003-05-08 15:00:00,434.0,437.7000122070313,431.7000122070313,437.7000122070313,370000
2003-05-11 15:00:00,446.5,451.2999877929688,445.3999938964844,449.6000061035156,472700
2003-05-12 15:00:00,453.0,454.7999877929688,440.3999938964844,440.5,519600
2003-05-13 15:00:00,441.1000061035156,445.5,437.7999877929688,440.1000061035156,408600
2003-05-14 15:00:00,443.1000061035156,443.8999938964844,437.0,441.3999938964844,416800
2003-05-15 15:00:00,441.1000061035156,444.7999877929688,438.1000061035156,439.7999877929688,369600
2003-05-18 15:00:00,436.2999877929688,437.8999938964844,430.8999938964844,431.1000061035156,334800
2003-05-19 15:00:00,423.7999877929688,439.6000061035156,423.2999877929688,439.6000061035156,379100
2003-05-20 15:00:00,440.8999938964844,446.7000122070313,440.8999938964844,441.7000122070313,434400
2003-05-21 15:00:00,444.7999877929688,452.3999938964844,442.7000122070313,443.8999938964844,457600
2003-05-22 15:00:00,452.5,456.7999877929688,449.7000122070313,456.2999877929688,435500
2003-05-25 15:00:00,462.7000122070313,474.0,461.7999877929688,472.3999938964844,521600
2003-05-26 15:00:00,481.7000122070313,482.0,466.0,472.5,663100
2003-05-27 15:00:00,484.2000122070313,484.2000122070313,467.1000061035156,470.2999877929688,574900
2003-05-28 15:00:00,468.8999938964844,473.3999938964844,466.6000061035156,470.8999938964844,558200
2003-05-29 15:00:00,471.8999938964844,474.5,468.2000122070313,471.7999877929688,549100
2003-06-01 15:00:00,478.2000122070313,479.5,474.6000061035156,476.7000122070313,531400
2003-06-02 15:00:00,475.7000122070313,476.1000061035156,465.7999877929688,465.8999938964844,560200
2003-06-03 15:00:00,472.1000061035156,473.7000122070313,468.6000061035156,473.7000122070313,442500
2003-06-04 15:00:00,480.0,480.3999938964844,472.6000061035156,472.6000061035156,456300
2003-06-08 15:00:00,473.8999938964844,481.8999938964844,473.7000122070313,481.8999938964844,457400
2003-06-09 15:00:00,479.5,483.6000061035156,478.7000122070313,481.7999877929688,577600
2003-06-10 15:00:00,485.2000122070313,486.6000061035156,482.1000061035156,482.8999938964844,504500
2003-06-11 15:00:00,489.1000061035156,492.6000061035156,486.6000061035156,492.6000061035156,488800
2003-06-12 15:00:00,497.5,499.7999877929688,491.0,497.5,598300
2003-06-15 15:00:00,496.1000061035156,500.7000122070313,494.3999938964844,500.2000122070313,561600
2003-06-16 15:00:00,512.4000244140625,512.5,505.3999938964844,506.2999877929688,654000
2003-06-17 15:00:00,508.3999938964844,510.6000061035156,502.0,505.5,613900
2003-06-18 15:00:00,510.0,511.6000061035156,505.7000122070313,508.6000061035156,625200
2003-06-19 15:00:00,503.2000122070313,509.2000122070313,503.2000122070313,508.0,558700
2003-06-22 15:00:00,509.1000061035156,509.6000061035156,493.6000061035156,493.6000061035156,529000
2003-06-23 15:00:00,484.2999877929688,490.0,484.2999877929688,489.3999938964844,494800
2003-06-24 15:00:00,490.8999938964844,494.3999938964844,490.7999877929688,493.1000061035156,494300
2003-06-25 15:00:00,490.0,496.7999877929688,489.8999938964844,490.1000061035156,461400
2003-06-26 15:00:00,497.0,497.8999938964844,493.3999938964844,496.7999877929688,476100
2003-06-29 15:00:00,496.7999877929688,499.6000061035156,492.5,497.5,374400
2003-06-30 15:00:00,498.2000122070313,501.7000122070313,496.2000122070313,501.7000122070313,534700
2003-07-01 15:00:00,508.1000061035156,508.3999938964844,505.7000122070313,507.3999938964844,514100
2003-07-02 15:00:00,515.5999755859375,517.0,508.2000122070313,508.2000122070313,630900
2003-07-03 15:00:00,509.6000061035156,515.9000244140625,508.1000061035156,515.9000244140625,493300
2003-07-06 15:00:00,524.0,532.0999755859375,522.5,532.0999755859375,608300
2003-07-07 15:00:00,541.9000244140625,542.0,529.0999755859375,531.0,680300
2003-07-08 15:00:00,536.0,540.0,532.5,535.0,559100
2003-07-09 15:00:00,533.2999877929688,536.0,526.4000244140625,527.9000244140625,563600
2003-07-10 15:00:00,521.2999877929688,526.2999877929688,517.5999755859375,525.5,520700
2003-07-13 15:00:00,529.2999877929688,534.0999755859375,527.5999755859375,531.2000122070312,501400
2003-07-14 15:00:00,536.2999877929688,537.0999755859375,520.7000122070312,520.7000122070312,553600
2003-07-15 15:00:00,525.9000244140625,527.0999755859375,516.2000122070312,522.2000122070312,497300
2003-07-17 15:00:00,509.6000061035156,516.0,506.0,506.0,486000
2003-07-20 15:00:00,508.1000061035156,513.2999877929688,493.6000061035156,494.8999938964844,454100
2003-07-21 15:00:00,492.2000122070313,495.1000061035156,479.5,490.2000122070313,487100
2003-07-22 15:00:00,493.6000061035156,494.1000061035156,484.3999938964844,487.6000061035156,393300
2003-07-23 15:00:00,486.1000061035156,490.2999877929688,485.3999938964844,487.7000122070313,443600
2003-07-24 15:00:00,485.8999938964844,491.8999938964844,485.3999938964844,490.1000061035156,383800
2003-07-27 15:00:00,498.5,504.3999938964844,497.3999938964844,503.7999877929688,434600
2003-07-28 15:00:00,505.1000061035156,505.2999877929688,499.2999877929688,501.2000122070313,439400
2003-07-29 15:00:00,502.1000061035156,504.1000061035156,494.7000122070313,494.7000122070313,407900
2003-07-30 15:00:00,496.2000122070313,498.2999877929688,490.6000061035156,493.2999877929688,335800
2003-07-31 15:00:00,497.0,498.1000061035156,494.1000061035156,496.6000061035156,389000
2003-08-03 15:00:00,489.8999938964844,492.3999938964844,484.7999877929688,485.2999877929688,303800
2003-08-04 15:00:00,488.1000061035156,491.8999938964844,486.1000061035156,487.2000122070313,357400
2003-08-05 15:00:00,479.7999877929688,482.3999938964844,478.2000122070313,482.3999938964844,346400
2003-08-06 15:00:00,483.5,485.0,479.3999938964844,484.7000122070313,371700
2003-08-07 15:00:00,486.0,486.7999877929688,481.2999877929688,481.6000061035156,406200
2003-08-10 15:00:00,481.2000122070313,483.7999877929688,477.6000061035156,482.7999877929688,404400
2003-08-11 15:00:00,485.5,486.7000122070313,483.1000061035156,483.1000061035156,436000
2003-08-12 15:00:00,486.7999877929688,489.1000061035156,486.2999877929688,488.5,400300
2003-08-13 15:00:00,490.2000122070313,491.2999877929688,487.2000122070313,487.6000061035156,395400
2003-08-17 15:00:00,490.6000061035156,491.7999877929688,489.2999877929688,490.8999938964844,440600
2003-08-18 15:00:00,498.1000061035156,498.2999877929688,488.6000061035156,491.0,529500
2003-08-19 15:00:00,493.1000061035156,493.8999938964844,487.7999877929688,487.7999877929688,459100
2003-08-20 15:00:00,491.1000061035156,495.2000122070313,491.0,492.2000122070313,467200
2003-08-21 15:00:00,495.5,497.2000122070313,488.0,489.3999938964844,413100
2003-08-24 15:00:00,489.1000061035156,494.1000061035156,488.6000061035156,494.0,335600
2003-08-25 15:00:00,493.6000061035156,494.0,487.7999877929688,487.8999938964844,349300
2003-08-26 15:00:00,490.2999877929688,491.7000122070313,487.0,488.2999877929688,383800
2003-08-27 15:00:00,491.2000122070313,491.7999877929688,484.3999938964844,485.5,340800
2003-08-28 15:00:00,489.2999877929688,495.3999938964844,484.3999938964844,495.3999938964844,366900
2003-08-31 15:00:00,500.8999938964844,505.7000122070313,500.7000122070313,505.2999877929688,403600
2003-09-01 15:00:00,510.2000122070313,510.7999877929688,506.1000061035156,508.7000122070313,390900
2003-09-02 15:00:00,514.0,514.4000244140625,505.6000061035156,505.6000061035156,418100
2003-09-03 15:00:00,508.5,510.0,500.7000122070313,501.0,401200
2003-09-04 15:00:00,502.5,504.1000061035156,496.5,496.5,407000
2003-09-07 15:00:00,493.6000061035156,494.6000061035156,487.5,488.2999877929688,364000
2003-09-08 15:00:00,490.0,493.7000122070313,490.0,491.8999938964844,373600
2003-09-14 15:00:00,491.8999938964844,495.3999938964844,491.2999877929688,492.2999877929688,288500
2003-09-15 15:00:00,492.5,496.5,492.2000122070313,496.5,361300
2003-09-16 15:00:00,502.1000061035156,502.3999938964844,496.5,496.5,380400
2003-09-17 15:00:00,496.6000061035156,498.0,487.0,487.5,386700
2003-09-18 15:00:00,493.6000061035156,494.2000122070313,482.1000061035156,483.7000122070313,425200
2003-09-21 15:00:00,480.6000061035156,481.6000061035156,457.6000061035156,460.2999877929688,410700
2003-09-22 15:00:00,456.0,463.5,447.5,463.5,383300
2003-09-23 15:00:00,466.1000061035156,470.1000061035156,465.1000061035156,467.1000061035156,368100
2003-09-24 15:00:00,454.5,457.5,451.6000061035156,456.8999938964844,360000
2003-09-25 15:00:00,453.1000061035156,460.6000061035156,450.5,451.0,352900
2003-09-28 15:00:00,451.6000061035156,453.7000122070313,445.0,448.5,298700
2003-09-29 15:00:00,453.3999938964844,454.6000061035156,448.3999938964844,448.6000061035156,396900
2003-09-30 15:00:00,442.5,451.8999938964844,442.5,451.8999938964844,306300
2003-10-01 15:00:00,459.2000122070313,461.7999877929688,457.7999877929688,459.2000122070313,318900
2003-10-05 15:00:00,464.7000122070313,467.3999938964844,463.7000122070313,465.2999877929688,273800
2003-10-06 15:00:00,468.0,469.2999877929688,462.5,464.1000061035156,316400
2003-10-07 15:00:00,467.1000061035156,467.3999938964844,459.6000061035156,459.6000061035156,355100
2003-10-08 15:00:00,460.5,464.7000122070313,460.5,464.3999938964844,327600
2003-10-09 15:00:00,467.2999877929688,471.0,467.2000122070313,470.0,298100
2003-10-12 15:00:00,470.1000061035156,477.1000061035156,466.8999938964844,476.1000061035156,318100
2003-10-13 15:00:00,481.0,482.2000122070313,476.7999877929688,479.5,395600
2003-10-14 15:00:00,483.6000061035156,484.2000122070313,478.2999877929688,481.3999938964844,368400
2003-10-15 15:00:00,479.3999938964844,483.1000061035156,479.2999877929688,481.7000122070313,341400
2003-10-16 15:00:00,482.8999938964844,483.6000061035156,474.7999877929688,475.5,299900
2003-10-19 15:00:00,474.8999938964844,477.6000061035156,474.8999938964844,477.0,319200
2003-10-20 15:00:00,479.8999938964844,481.7000122070313,475.6000061035156,478.0,371200
2003-10-21 15:00:00,479.7000122070313,479.8999938964844,474.1000061035156,474.2000122070313,379900
2003-10-22 15:00:00,467.0,469.1000061035156,458.1000061035156,459.0,356600
2003-10-23 15:00:00,459.7000122070313,464.8999938964844,455.2999877929688,459.8999938964844,346200
2003-10-26 15:00:00,461.7999877929688,463.7999877929688,459.5,463.7000122070313,309200
2003-10-27 15:00:00,463.7999877929688,468.5,463.6000061035156,468.5,371400
2003-10-28 15:00:00,474.1000061035156,474.5,465.3999938964844,465.3999938964844,386900
2003-10-29 15:00:00,468.7000122070313,469.6000061035156,465.8999938964844,468.3999938964844,374100
2003-10-30 15:00:00,469.2999877929688,469.5,462.0,463.7999877929688,363500
2003-11-02 15:00:00,463.8999938964844,466.8999938964844,463.3999938964844,466.3999938964844,352700
2003-11-03 15:00:00,470.5,470.7000122070313,460.6000061035156,462.2999877929688,422300
2003-11-04 15:00:00,463.1000061035156,464.1000061035156,457.6000061035156,460.0,485500
2003-11-05 15:00:00,461.5,461.7000122070313,449.1000061035156,449.6000061035156,410200
2003-11-06 15:00:00,450.6000061035156,457.0,449.0,457.0,404700
2003-11-09 15:00:00,456.5,460.7999877929688,456.0,457.1000061035156,433200
2003-11-10 15:00:00,455.6000061035156,457.8999938964844,453.5,454.5,416800
2003-11-11 15:00:00,456.2999877929688,463.1000061035156,454.2999877929688,463.1000061035156,381400
2003-11-12 15:00:00,468.7999877929688,470.2000122070313,467.8999938964844,469.7000122070313,426700
2003-11-13 15:00:00,469.0,471.2000122070313,467.7999877929688,469.0,396600
2003-11-16 15:00:00,468.7000122070313,471.2000122070313,467.3999938964844,467.8999938964844,330700
2003-11-17 15:00:00,470.1000061035156,475.2000122070313,467.1000061035156,475.1000061035156,395900
2003-11-18 15:00:00,469.1000061035156,469.2000122070313,460.8999938964844,460.8999938964844,372400
2003-11-19 15:00:00,463.6000061035156,465.7000122070313,458.2999877929688,459.7000122070313,382400
2003-11-20 15:00:00,455.8999938964844,460.7999877929688,455.5,456.7000122070313,344200
2003-11-23 15:00:00,454.2000122070313,457.1000061035156,438.1000061035156,438.1000061035156,347300
2003-11-24 15:00:00,445.2000122070313,448.2000122070313,444.2999877929688,448.2000122070313,359200
2003-11-25 15:00:00,448.6000061035156,455.2999877929688,448.5,454.8999938964844,429900
2003-11-26 15:00:00,458.2999877929688,458.2999877929688,453.2000122070313,453.5,395200
2003-11-27 15:00:00,455.2000122070313,458.3999938964844,455.2000122070313,458.3999938964844,384100
2003-11-30 15:00:00,461.6000061035156,469.3999938964844,460.0,468.5,353500
2003-12-01 15:00:00,474.1000061035156,474.7000122070313,470.1000061035156,470.7999877929688,385900
2003-12-02 15:00:00,471.6000061035156,473.5,467.2000122070313,471.7000122070313,400300
2003-12-03 15:00:00,472.2999877929688,474.8999938964844,471.7999877929688,473.7000122070313,398500
2003-12-04 15:00:00,475.2999877929688,475.7000122070313,470.7999877929688,470.7999877929688,382300
2003-12-07 15:00:00,469.6000061035156,473.2000122070313,468.8999938964844,469.0,416500
2003-12-08 15:00:00,473.6000061035156,473.8999938964844,468.2000122070313,468.7999877929688,466700
2003-12-09 15:00:00,464.3999938964844,467.7000122070313,464.2000122070313,466.2000122070313,426100
2003-12-10 15:00:00,467.5,471.3999938964844,467.5,468.2000122070313,397400
2003-12-11 15:00:00,474.2999877929688,474.8999938964844,468.7999877929688,471.1000061035156,460700
2003-12-14 15:00:00,477.3999938964844,477.7000122070313,473.7999877929688,476.0,479700
2003-12-15 15:00:00,471.0,471.5,466.5,467.0,539200
2003-12-16 15:00:00,468.7999877929688,469.5,462.2999877929688,463.3999938964844,527700
2003-12-17 15:00:00,463.1000061035156,464.3999938964844,459.1000061035156,460.3999938964844,446000
2003-12-18 15:00:00,463.7999877929688,464.3999938964844,454.5,454.5,455400
2003-12-21 15:00:00,452.7000122070313,454.3999938964844,441.5,441.5,433000
2003-12-22 15:00:00,444.1000061035156,445.2999877929688,435.5,435.5,489500
2003-12-23 15:00:00,436.7000122070313,437.5,428.8999938964844,430.8999938964844,435300
2003-12-25 15:00:00,429.3999938964844,433.2000122070313,429.2000122070313,432.5,408600
2003-12-28 15:00:00,430.3999938964844,440.5,430.3999938964844,440.5,358600
2003-12-29 15:00:00,445.7000122070313,448.7000122070313,443.5,448.7000122070313,323100
2004-01-01 15:00:00,452.7000122070313,452.7999877929688,449.7000122070313,451.3999938964844,288500
2004-01-04 15:00:00,453.3999938964844,454.0,450.2999877929688,452.7000122070313,325100
2004-01-05 15:00:00,457.2000122070313,457.2999877929688,447.0,447.2999877929688,353300
2004-01-06 15:00:00,447.6000061035156,449.7000122070313,445.7000122070313,446.1000061035156,353800
2004-01-07 15:00:00,447.3999938964844,450.5,444.1000061035156,444.1000061035156,361700
2004-01-08 15:00:00,448.6000061035156,454.2999877929688,447.8999938964844,453.0,350800
2004-01-11 15:00:00,453.8999938964844,458.8999938964844,452.7000122070313,458.0,349200
2004-01-12 15:00:00,462.1000061035156,462.6000061035156,455.5,457.0,405100
2004-01-13 15:00:00,456.7999877929688,460.2999877929688,456.2000122070313,458.3999938964844,365400
2004-01-14 15:00:00,458.3999938964844,459.2999877929688,449.7999877929688,450.0,384200
2004-01-15 15:00:00,450.5,451.1000061035156,445.0,445.3999938964844,326700
2004-01-18 15:00:00,448.2000122070313,449.2999877929688,441.5,441.5,313400
2004-01-19 15:00:00,441.3999938964844,446.1000061035156,440.0,445.7000122070313,267700
2004-01-25 15:00:00,448.1900024414063,449.7900085449219,447.8599853515625,448.25,288000
2004-01-26 15:00:00,448.9400024414063,449.4200134277344,443.6499938964844,445.0400085449219,337400
2004-01-27 15:00:00,444.239990234375,448.0199890136719,441.4599914550781,441.4599914550781,365300
2004-01-28 15:00:00,440.1600036621094,443.7900085449219,438.7300109863281,442.1499938964844,340300
2004-01-29 15:00:00,444.4299926757813,445.7300109863281,439.6900024414063,441.4500122070313,336100
2004-02-01 15:00:00,443.1400146484375,445.489990234375,442.7300109863281,444.510009765625,331900
2004-02-02 15:00:00,445.8800048828125,446.3900146484375,436.8399963378906,437.80999755859375,365600
2004-02-03 15:00:00,437.9200134277344,440.75,437.0,437.4500122070313,438000
2004-02-04 15:00:00,436.7000122070313,441.0,434.7099914550781,436.8699951171875,441700
2004-02-05 15:00:00,438.4299926757813,438.989990234375,435.2999877929688,437.3200073242188,407900
2004-02-08 15:00:00,440.6099853515625,441.05999755859375,438.9100036621094,439.7799987792969,342900
2004-02-09 15:00:00,440.510009765625,441.4500122070313,438.8699951171875,438.9599914550781,384300
2004-02-10 15:00:00,441.7300109863281,442.3299865722656,439.0299987792969,440.1000061035156,394100
2004-02-11 15:00:00,443.05999755859375,443.5299987792969,437.0899963378906,437.4700012207031,379300
2004-02-12 15:00:00,438.3900146484375,443.1099853515625,438.3900146484375,442.9100036621094,336000
2004-02-15 15:00:00,442.9599914550781,446.8299865722656,442.9599914550781,446.1300048828125,369400
2004-02-16 15:00:00,448.2200012207031,448.9500122070313,444.010009765625,444.8800048828125,432400
2004-02-17 15:00:00,447.5400085449219,448.2099914550781,445.7699890136719,448.0199890136719,429800
2004-02-18 15:00:00,448.8500061035156,449.5400085449219,444.3699951171875,445.6700134277344,419000
2004-02-19 15:00:00,444.6700134277344,444.9400024414063,442.3999938964844,443.30999755859375,363200
2004-02-22 15:00:00,443.489990234375,445.5199890136719,442.4400024414063,443.8900146484375,404600
2004-02-23 15:00:00,441.30999755859375,442.0799865722656,433.5199890136719,433.6799926757813,411000
2004-02-24 15:00:00,432.75,435.75,428.9299926757813,428.9299926757813,401000
2004-02-25 15:00:00,430.75,431.760009765625,424.5700073242188,424.5700073242188,344600
2004-02-26 15:00:00,424.2300109863281,428.6799926757813,424.2300109863281,428.6799926757813,309300
2004-03-01 15:00:00,431.1600036621094,432.4200134277344,430.3900146484375,430.6400146484375,274800
2004-03-02 15:00:00,431.1700134277344,435.8200073242188,431.0499877929688,434.7699890136719,265000
2004-03-03 15:00:00,437.0700073242188,437.75,436.0899963378906,437.6400146484375,314900
2004-03-04 15:00:00,439.9500122070313,441.1499938964844,439.3699951171875,440.2099914550781,283500
2004-03-07 15:00:00,443.2699890136719,443.8900146484375,439.3299865722656,439.3800048828125,280300
2004-03-08 15:00:00,436.9100036621094,439.0499877929688,436.9100036621094,438.0799865722656,310500
2004-03-09 15:00:00,436.6900024414063,438.5700073242188,433.1499938964844,433.3999938964844,327000
2004-03-10 15:00:00,429.9100036621094,435.260009765625,429.9100036621094,435.25,290600
2004-03-11 15:00:00,431.2000122070313,432.8599853515625,401.1600036621094,420.2799987792969,440600
2004-03-14 15:00:00,421.4700012207031,427.5400085449219,421.4700012207031,425.260009765625,305700
2004-03-15 15:00:00,421.1900024414063,424.7300109863281,421.0,423.010009765625,348300
2004-03-16 15:00:00,426.4800109863281,431.4800109863281,426.4800109863281,431.3900146484375,373500
2004-03-17 15:00:00,435.5799865722656,438.3900146484375,434.2000122070313,435.4100036621094,401400
2004-03-18 15:00:00,436.4500122070313,437.3800048828125,434.7799987792969,435.9599914550781,327300
2004-03-21 15:00:00,435.9700012207031,436.4500122070313,429.7099914550781,429.7099914550781,339700
2004-03-22 15:00:00,425.6600036621094,429.1199951171875,424.2900085449219,428.55999755859375,321600
2004-03-23 15:00:00,428.7999877929688,431.1499938964844,428.0199890136719,428.0199890136719,300600
2004-03-24 15:00:00,427.8800048828125,429.9599914550781,421.9500122070313,421.9500122070313,316500
2004-03-25 15:00:00,428.6700134277344,429.5899963378906,425.4200134277344,426.0199890136719,305000
2004-03-28 15:00:00,427.55999755859375,432.55999755859375,427.55999755859375,432.2999877929688,297100
2004-03-29 15:00:00,435.1400146484375,435.2099914550781,430.8200073242188,431.3900146484375,311500
2004-03-30 15:00:00,433.7200012207031,435.6600036621094,430.0199890136719,434.1600036621094,310500
2004-03-31 15:00:00,435.7099914550781,439.1499938964844,435.6000061035156,439.0,341700
2004-04-01 15:00:00,442.6099853515625,447.4599914550781,442.5400085449219,446.8500061035156,319400
2004-04-05 15:00:00,453.2799987792969,456.3800048828125,451.3299865722656,455.3699951171875,360200
2004-04-06 15:00:00,456.6400146484375,458.5299987792969,456.1900024414063,457.6799926757813,348700
2004-04-07 15:00:00,461.510009765625,462.2099914550781,458.0299987792969,460.5299987792969,376900
2004-04-08 15:00:00,460.8800048828125,461.4200134277344,457.1700134277344,457.9200134277344,348600
2004-04-11 15:00:00,459.1600036621094,463.0,459.1600036621094,460.3699951171875,368900
2004-04-12 15:00:00,463.7699890136719,464.2900085449219,454.3500061035156,454.4299926757813,391900
2004-04-13 15:00:00,451.489990234375,455.4500122070313,450.6700134277344,454.2000122070313,369200
2004-04-15 15:00:00,454.80999755859375,457.010009765625,454.1300048828125,454.1300048828125,308300
2004-04-18 15:00:00,455.1900024414063,458.5400085449219,454.1400146484375,457.8599853515625,316000
2004-04-19 15:00:00,461.7099914550781,465.2000122070313,460.760009765625,465.0199890136719,352800
2004-04-20 15:00:00,463.510009765625,470.6700134277344,463.489990234375,468.80999755859375,446000
2004-04-21 15:00:00,474.0,479.8200073242188,473.8200073242188,475.8800048828125,443000
2004-04-22 15:00:00,484.1799926757813,491.0199890136719,483.3599853515625,488.1300048828125,450400
2004-04-25 15:00:00,496.1000061035156,496.3500061035156,490.6099853515625,491.5299987792969,439200
2004-04-26 15:00:00,493.2999877929688,493.6400146484375,481.8699951171875,488.1499938964844,555800
2004-04-27 15:00:00,487.8500061035156,489.30999755859375,478.6099853515625,478.7000122070313,451200
2004-04-28 15:00:00,468.9299926757813,471.8900146484375,454.3699951171875,456.0400085449219,411800
2004-04-29 15:00:00,446.9500122070313,453.489990234375,444.1199951171875,453.4700012207031,320200
2004-05-02 15:00:00,450.4599914550781,456.6900024414063,450.4599914550781,452.8699951171875,297600
2004-05-03 15:00:00,457.7099914550781,460.8599853515625,457.7099914550781,458.7999877929688,333500
2004-05-05 15:00:00,460.4400024414063,461.6799926757813,437.3200073242188,437.3299865722656,344500
2004-05-06 15:00:00,436.3299865722656,437.5299987792969,424.3999938964844,436.25,319300
2004-05-09 15:00:00,431.3399963378906,433.4200134277344,401.1000061035156,407.4100036621094,335200
2004-05-10 15:00:00,399.6700134277344,410.0899963378906,394.6400146484375,401.4700012207031,295500
2004-05-11 15:00:00,408.7900085449219,418.5299987792969,408.7900085449219,417.9400024414063,292400
2004-05-12 15:00:00,416.7699890136719,419.5700073242188,413.7000122070313,415.0899963378906,266400
2004-05-13 15:00:00,420.6099853515625,422.6600036621094,400.1000061035156,404.9299926757813,290300
2004-05-16 15:00:00,402.7699890136719,405.6000061035156,372.5199890136719,375.75,300300
2004-05-17 15:00:00,368.6700134277344,382.1099853515625,365.9299926757813,382.1099853515625,313000
2004-05-18 15:00:00,386.8800048828125,398.9700012207031,386.8599853515625,397.1099853515625,359000
2004-05-19 15:00:00,390.80999755859375,396.6400146484375,382.05999755859375,385.3200073242188,334300
2004-05-20 15:00:00,391.3800048828125,393.2699890136719,388.260009765625,393.010009765625,265400
2004-05-23 15:00:00,399.8999938964844,402.5199890136719,397.3599853515625,400.55999755859375,296200
2004-05-24 15:00:00,398.1099853515625,398.3500061035156,390.5700073242188,393.4200134277344,292300
2004-05-26 15:00:00,402.7200012207031,405.1400146484375,397.8399963378906,397.8399963378906,286300
2004-05-27 15:00:00,402.3699951171875,403.6199951171875,397.0,401.5899963378906,279400
2004-05-30 15:00:00,401.9400024414063,402.5400085449219,397.7200012207031,400.9200134277344,223900
2004-05-31 15:00:00,402.5,406.3599853515625,402.4200134277344,405.8999938964844,250500
2004-06-01 15:00:00,406.5499877929688,408.8200073242188,404.1099853515625,407.8299865722656,272200
2004-06-02 15:00:00,412.05999755859375,413.0299987792969,392.3999938964844,394.9299926757813,325000
2004-06-03 15:00:00,396.2999877929688,397.8800048828125,392.010009765625,397.8500061035156,279000
2004-06-06 15:00:00,400.8200073242188,405.1600036621094,400.8200073242188,404.5700073242188,282300
2004-06-07 15:00:00,408.6099853515625,409.25,400.989990234375,402.010009765625,298400
2004-06-08 15:00:00,405.1300048828125,406.1700134277344,399.5899963378906,400.6300048828125,270000
2004-06-09 15:00:00,398.2999877929688,401.80999755859375,396.8599853515625,400.0899963378906,226200
2004-06-10 15:00:00,401.05999755859375,402.3500061035156,386.7200012207031,387.760009765625,233200
2004-06-13 15:00:00,384.4800109863281,389.5299987792969,375.0799865722656,375.6799926757813,234500
2004-06-14 15:00:00,377.3599853515625,379.2900085449219,369.7900085449219,379.2699890136719,221100
2004-06-15 15:00:00,379.510009765625,383.5700073242188,375.5799865722656,376.7099914550781,240600
2004-06-16 15:00:00,376.2799987792969,377.6199951171875,371.2999877929688,375.0199890136719,213100
2004-06-17 15:00:00,373.7900085449219,376.9200134277344,369.2799987792969,370.2000122070313,236100
2004-06-20 15:00:00,371.7300109863281,375.0400085449219,368.5,369.1199951171875,230400
2004-06-21 15:00:00,368.6700134277344,368.9299926757813,362.3800048828125,366.2799987792969,249900
2004-06-22 15:00:00,366.4599914550781,368.0799865722656,361.1600036621094,361.1700134277344,228500
2004-06-23 15:00:00,364.9599914550781,366.5400085449219,363.0700073242188,366.4100036621094,244400
2004-06-24 15:00:00,367.6000061035156,372.5799865722656,367.1900024414063,371.9400024414063,274100
2004-06-27 15:00:00,374.1000061035156,374.2999877929688,371.6300048828125,372.0299987792969,253200
2004-06-28 15:00:00,373.3800048828125,376.6700134277344,372.3900146484375,376.6700134277344,236300
2004-06-29 15:00:00,379.5799865722656,385.1799926757813,378.6099853515625,385.1799926757813,265100
2004-06-30 15:00:00,387.4500122070313,389.25,383.8399963378906,383.8399963378906,267700
2004-07-01 15:00:00,379.0299987792969,379.1400146484375,375.5899963378906,376.1300048828125,236300
2004-07-04 15:00:00,375.3200073242188,378.5400085449219,373.239990234375,376.510009765625,234400
2004-07-05 15:00:00,376.0899963378906,379.6600036621094,374.5,375.3500061035156,226600
2004-07-06 15:00:00,368.05999755859375,372.9700012207031,366.1900024414063,372.6499938964844,263600
2004-07-07 15:00:00,370.7900085449219,373.2699890136719,366.80999755859375,366.8999938964844,261300
2004-07-08 15:00:00,367.2900085449219,370.6099853515625,367.2900085449219,370.1400146484375,233300
2004-07-11 15:00:00,372.8200073242188,373.7000122070313,367.8999938964844,368.5700073242188,266200
2004-07-12 15:00:00,369.3299865722656,370.0899963378906,366.4700012207031,368.2699890136719,245600
2004-07-13 15:00:00,367.6600036621094,369.5499877929688,361.5,361.6199951171875,263900
2004-07-14 15:00:00,362.1600036621094,363.30999755859375,353.8099975585937,357.69000244140625,295400
2004-07-15 15:00:00,356.3800048828125,359.1499938964844,353.2200012207031,358.7300109863281,268700
2004-07-18 15:00:00,355.5,360.6499938964844,355.5,360.4800109863281,292700
2004-07-19 15:00:00,359.3999938964844,360.3999938964844,354.260009765625,354.260009765625,292300
2004-07-20 15:00:00,359.5400085449219,360.3200073242188,358.8699951171875,358.94000244140625,292900
2004-07-21 15:00:00,353.79998779296875,354.2699890136719,351.69000244140625,351.69000244140625,266300
2004-07-22 15:00:00,352.3900146484375,353.67999267578125,350.20001220703125,350.20001220703125,241900
2004-07-25 15:00:00,346.1199951171875,348.6000061035156,344.1199951171875,344.3500061035156,226000
2004-07-26 15:00:00,343.0400085449219,344.5899963378906,337.3599853515625,341.5,238100
2004-07-27 15:00:00,345.1199951171875,345.8800048828125,340.1000061035156,340.1000061035156,279700
2004-07-28 15:00:00,339.1600036621094,339.6499938964844,327.8299865722656,328.44000244140625,272800
2004-07-29 15:00:00,330.9200134277344,333.8399963378906,330.6300048828125,331.2099914550781,318100
2004-08-01 15:00:00,329.8399963378906,332.3299865722656,325.17999267578125,325.17999267578125,218600
2004-08-02 15:00:00,325.2099914550781,327.1600036621094,321.67999267578125,325.6600036621094,257600
2004-08-03 15:00:00,321.239990234375,324.9599914550781,320.5400085449219,324.7099914550781,273200
2004-08-04 15:00:00,326.6600036621094,333.95001220703125,326.6099853515625,333.8099975585937,271400
2004-08-05 15:00:00,328.6000061035156,333.7099914550781,328.3599853515625,331.6700134277344,240200
2004-08-08 15:00:00,328.8500061035156,334.1499938964844,328.1099853515625,333.8999938964844,306800
2004-08-09 15:00:00,335.0599975585937,339.67999267578125,335.0199890136719,338.8599853515625,283300
2004-08-10 15:00:00,341.75,342.3399963378906,337.3800048828125,337.739990234375,268200
2004-08-11 15:00:00,339.0199890136719,344.0400085449219,339.010009765625,343.45001220703125,235600
2004-08-12 15:00:00,342.760009765625,347.42999267578125,342.6700134277344,346.0899963378906,270900
2004-08-15 15:00:00,347.010009765625,348.760009765625,344.6300048828125,346.2699890136719,210300
2004-08-16 15:00:00,350.9200134277344,351.1700134277344,345.1000061035156,345.6600036621094,228000
2004-08-17 15:00:00,346.04998779296875,347.92999267578125,345.5299987792969,346.5400085449219,216400
2004-08-18 15:00:00,349.6300048828125,352.6700134277344,349.6300048828125,351.4200134277344,274400
2004-08-19 15:00:00,350.79998779296875,352.82000732421875,349.7900085449219,350.6300048828125,233600
2004-08-22 15:00:00,354.4800109863281,354.9800109863281,351.67999267578125,352.04998779296875,216900
2004-08-23 15:00:00,353.9800109863281,354.45001220703125,352.0899963378906,354.1199951171875,291600
2004-08-24 15:00:00,355.6400146484375,356.92999267578125,354.739990234375,356.32000732421875,284200
2004-08-25 15:00:00,358.8800048828125,360.1199951171875,358.739990234375,358.7900085449219,288200
2004-08-26 15:00:00,360.2200012207031,360.4400024414063,357.44000244140625,357.7799987792969,268000
2004-08-29 15:00:00,357.9100036621094,358.4599914550781,353.4700012207031,353.4700012207031,243700
2004-08-30 15:00:00,352.8500061035156,355.8099975585937,352.8500061035156,355.6600036621094,254200
2004-08-31 15:00:00,357.3399963378906,366.1000061035156,357.3399963378906,365.739990234375,276400
2004-09-01 15:00:00,368.260009765625,370.2300109863281,366.8500061035156,369.5299987792969,262800
2004-09-02 15:00:00,372.1199951171875,372.5899963378906,366.3800048828125,367.5299987792969,271900
2004-09-05 15:00:00,368.010009765625,368.80999755859375,366.6000061035156,368.1600036621094,242500
2004-09-06 15:00:00,368.8900146484375,370.30999755859375,366.239990234375,366.6900024414063,273300
2004-09-07 15:00:00,368.7300109863281,370.0199890136719,365.0799865722656,365.1900024414063,267300
2004-09-08 15:00:00,365.8999938964844,367.55999755859375,363.6700134277344,366.80999755859375,242700
2004-09-09 15:00:00,368.8200073242188,370.8299865722656,368.6000061035156,370.30999755859375,226100
2004-09-12 15:00:00,372.8500061035156,375.05999755859375,372.0899963378906,374.5899963378906,265700
2004-09-13 15:00:00,377.4100036621094,377.9700012207031,371.510009765625,371.989990234375,246000
2004-09-14 15:00:00,372.8999938964844,374.2799987792969,372.1600036621094,372.260009765625,258300
2004-09-15 15:00:00,370.9200134277344,372.6900024414063,370.6900024414063,371.3800048828125,252100
2004-09-16 15:00:00,372.2000122070313,374.2900085449219,370.8599853515625,371.0499877929688,225300
2004-09-19 15:00:00,372.75,374.1400146484375,372.5,372.9299926757813,222900
2004-09-20 15:00:00,373.5,374.3200073242188,371.9599914550781,372.1900024414063,231700
2004-09-21 15:00:00,373.7799987792969,374.4700012207031,364.010009765625,364.010009765625,253000
2004-09-22 15:00:00,361.3800048828125,362.3599853515625,359.3800048828125,359.5299987792969,218300
2004-09-23 15:00:00,359.7300109863281,362.5299987792969,359.7300109863281,362.25,172000
2004-09-29 15:00:00,361.0700073242188,363.4299926757813,360.80999755859375,362.0799865722656,161400
2004-09-30 15:00:00,362.9700012207031,365.8200073242188,362.9700012207031,365.6499938964844,210900
2004-10-03 15:00:00,369.6900024414063,371.7799987792969,369.5,371.6600036621094,234400
2004-10-04 15:00:00,373.0400085449219,374.3900146484375,372.0199890136719,373.6300048828125,224300
2004-10-05 15:00:00,375.0899963378906,375.3900146484375,371.4700012207031,372.3299865722656,218600
2004-10-06 15:00:00,373.1799926757813,374.8599853515625,369.6799926757813,370.5199890136719,216800
2004-10-07 15:00:00,368.239990234375,372.0499877929688,368.239990234375,369.739990234375,201200
2004-10-10 15:00:00,369.6400146484375,373.9800109863281,369.3900146484375,373.9400024414063,194900
2004-10-11 15:00:00,374.760009765625,375.489990234375,369.1099853515625,369.1099853515625,203300
2004-10-12 15:00:00,371.5299987792969,374.1600036621094,371.2799987792969,372.5400085449219,210700
2004-10-13 15:00:00,371.3900146484375,371.5199890136719,368.6099853515625,369.9500122070313,197800
2004-10-14 15:00:00,366.9100036621094,371.9200134277344,366.9100036621094,369.2799987792969,212800
2004-10-17 15:00:00,369.8399963378906,371.6600036621094,368.3599853515625,368.3599853515625,199900
2004-10-18 15:00:00,371.1400146484375,372.1400146484375,369.6700134277344,370.0400085449219,204000
2004-10-19 15:00:00,369.5799865722656,369.9200134277344,362.489990234375,362.6499938964844,187000
2004-10-20 15:00:00,363.4800109863281,364.3299865722656,356.5599975585937,358.25,190000
2004-10-21 15:00:00,358.760009765625,361.3399963378906,357.92999267578125,359.2699890136719,171700
2004-10-24 15:00:00,355.7300109863281,355.9800109863281,351.8299865722656,353.489990234375,168400
2004-10-25 15:00:00,354.3399963378906,355.6600036621094,352.739990234375,353.45001220703125,165900
2004-10-26 15:00:00,356.0599975585937,356.8099975585937,349.7099914550781,350.70001220703125,187200
2004-10-27 15:00:00,354.7799987792969,355.5899963378906,353.2900085449219,355.57000732421875,176100
2004-10-28 15:00:00,354.2300109863281,357.489990234375,352.9100036621094,357.0400085449219,163800
2004-10-31 15:00:00,357.2300109863281,360.0199890136719,357.2300109863281,359.510009765625,165900
2004-11-01 15:00:00,360.260009765625,361.6099853515625,359.9599914550781,360.75,179400
2004-11-02 15:00:00,361.7000122070313,362.6499938964844,360.6499938964844,362.5899963378906,198600
2004-11-03 15:00:00,363.489990234375,364.0700073242188,361.260009765625,361.2699890136719,178700
2004-11-04 15:00:00,363.5700073242188,364.7699890136719,362.3200073242188,362.7000122070313,232700
2004-11-07 15:00:00,364.2999877929688,364.8200073242188,360.17999267578125,360.17999267578125,171800
2004-11-08 15:00:00,360.6199951171875,361.6600036621094,359.4800109863281,360.2699890136719,209100
2004-11-09 15:00:00,361.260009765625,362.55999755859375,361.2300109863281,361.9800109863281,205700
2004-11-10 15:00:00,361.8399963378906,364.0799865722656,361.8399963378906,362.9400024414063,180800
2004-11-11 15:00:00,366.7000122070313,369.1700134277344,366.3399963378906,368.7999877929688,233300
2004-11-14 15:00:00,371.4200134277344,373.4299926757813,370.9599914550781,372.9100036621094,241400
2004-11-15 15:00:00,374.2999877929688,374.5899963378906,370.760009765625,370.8999938964844,229900
2004-11-16 15:00:00,371.9500122070313,375.9700012207031,371.8599853515625,375.8900146484375,240000
2004-11-17 15:00:00,376.9100036621094,377.3500061035156,372.55999755859375,372.55999755859375,254500
2004-11-18 15:00:00,373.4200134277344,375.0,370.989990234375,372.5299987792969,217200
2004-11-21 15:00:00,369.5,371.1600036621094,368.2900085449219,369.55999755859375,194700
2004-11-22 15:00:00,372.1099853515625,373.55999755859375,371.9100036621094,373.2200012207031,263300
2004-11-23 15:00:00,373.989990234375,374.7000122070313,372.7699890136719,374.1700134277344,242800
2004-11-24 15:00:00,375.1700134277344,376.3200073242188,373.8399963378906,373.8399963378906,267100
2004-11-25 15:00:00,374.2999877929688,375.739990234375,368.8699951171875,369.5400085449219,296900
2004-11-28 15:00:00,370.4700012207031,371.2000122070313,369.0299987792969,370.260009765625,219700
2004-11-29 15:00:00,370.8200073242188,373.4299926757813,370.4299926757813,373.4299926757813,232200
2004-11-30 15:00:00,373.9299926757813,376.5199890136719,373.9299926757813,376.1600036621094,241900
2004-12-01 15:00:00,380.6499938964844,381.0700073242188,379.3399963378906,379.3399963378906,322400
2004-12-02 15:00:00,381.8299865722656,382.3699951171875,376.7900085449219,378.7200012207031,325800
2004-12-05 15:00:00,379.0799865722656,380.1300048828125,378.2799987792969,378.2799987792969,261500
2004-12-06 15:00:00,378.3999938964844,380.8599853515625,376.6199951171875,376.8900146484375,295900
2004-12-07 15:00:00,376.0499877929688,377.9299926757813,374.6099853515625,375.2799987792969,283100
2004-12-08 15:00:00,376.0299987792969,377.4500122070313,374.0299987792969,375.5,285200
2004-12-09 15:00:00,376.0700073242188,377.8200073242188,370.2000122070313,372.0799865722656,278000
2004-12-12 15:00:00,372.7099914550781,373.5700073242188,371.5499877929688,372.1300048828125,244300
2004-12-13 15:00:00,373.9700012207031,374.4100036621094,370.7699890136719,372.739990234375,316600
2004-12-14 15:00:00,374.3299865722656,379.489990234375,374.3299865722656,379.3200073242188,320300
2004-12-15 15:00:00,381.25,382.0,379.510009765625,380.2200012207031,277600
2004-12-16 15:00:00,381.05999755859375,382.0799865722656,379.760009765625,381.4400024414063,300700
2004-12-19 15:00:00,381.1199951171875,384.260009765625,381.1199951171875,382.7099914550781,291400
2004-12-20 15:00:00,384.1799926757813,384.7200012207031,379.7000122070313,380.4700012207031,292400
2004-12-21 15:00:00,383.0499877929688,383.7799987792969,380.5400085449219,380.5400085449219,345000
2004-12-22 15:00:00,382.4200134277344,382.7999877929688,376.5299987792969,376.6499938964844,352900
2004-12-23 15:00:00,376.3900146484375,377.9299926757813,374.3699951171875,375.1199951171875,350600
2004-12-26 15:00:00,375.2699890136719,376.8800048828125,374.2900085449219,374.4599914550781,276900
2004-12-27 15:00:00,373.5499877929688,375.0400085449219,370.6300048828125,370.7699890136719,377900
2004-12-28 15:00:00,369.80999755859375,372.7999877929688,369.80999755859375,372.7999877929688,268000
2004-12-29 15:00:00,372.5799865722656,380.3299865722656,372.5799865722656,380.3299865722656,274900
2005-01-02 15:00:00,383.80999755859375,390.5299987792969,383.55999755859375,390.3999938964844,292800
2005-01-03 15:00:00,391.75,394.0799865722656,390.9400024414063,393.0,354500
2005-01-04 15:00:00,392.5899963378906,399.6799926757813,391.75,399.6799926757813,429900
2005-01-05 15:00:00,403.6799926757813,411.8299865722656,398.510009765625,404.1499938964844,574400
2005-01-06 15:00:00,407.5799865722656,409.1199951171875,402.7000122070313,408.1700134277344,438500
2005-01-09 15:00:00,413.1799926757813,418.9700012207031,413.1799926757813,418.7099914550781,433900
2005-01-10 15:00:00,421.6900024414063,422.239990234375,412.8800048828125,416.55999755859375,460800
2005-01-11 15:00:00,417.489990234375,419.5700073242188,413.6799926757813,414.6300048828125,444700
2005-01-12 15:00:00,417.260009765625,423.05999755859375,417.260009765625,423.05999755859375,452500
2005-01-13 15:00:00,422.5499877929688,429.0199890136719,422.5,428.3999938964844,505900
2005-01-16 15:00:00,436.1700134277344,446.05999755859375,436.1700134277344,446.0400085449219,539700
2005-01-17 15:00:00,452.010009765625,452.2799987792969,444.5700073242188,449.0199890136719,577900
2005-01-18 15:00:00,453.7300109863281,456.9400024414063,450.8599853515625,455.5899963378906,627000
2005-01-19 15:00:00,456.2799987792969,457.8900146484375,443.9500122070313,450.6300048828125,709400
2005-01-20 15:00:00,450.2000122070313,460.7699890136719,450.2000122070313,460.6199951171875,607800
2005-01-23 15:00:00,466.2000122070313,474.5299987792969,466.2000122070313,472.75,603700
2005-01-24 15:00:00,476.9400024414063,477.3399963378906,463.8999938964844,467.2900085449219,691500
2005-01-25 15:00:00,474.2799987792969,477.010009765625,461.0299987792969,468.489990234375,730300
2005-01-26 15:00:00,470.9200134277344,473.2300109863281,459.989990234375,466.4500122070313,663700
2005-01-27 15:00:00,466.5,471.1799926757813,464.55999755859375,468.5299987792969,586800
2005-01-30 15:00:00,468.2699890136719,475.3399963378906,468.2699890136719,472.9500122070313,571900
2005-01-31 15:00:00,477.4599914550781,478.2799987792969,470.7699890136719,472.739990234375,552600
2005-02-01 15:00:00,475.1099853515625,475.6499938964844,464.1799926757813,466.0400085449219,536100
2005-02-02 15:00:00,466.0,468.9299926757813,461.7699890136719,461.7799987792969,555200
2005-02-03 15:00:00,461.8599853515625,468.1600036621094,461.8599853515625,465.510009765625,478800
2005-02-06 15:00:00,470.9400024414063,481.8299865722656,470.9400024414063,481.3999938964844,458900
2005-02-10 15:00:00,480.3699951171875,487.4100036621094,479.8699951171875,486.8800048828125,528600
2005-02-13 15:00:00,495.6600036621094,504.8500061035156,495.6600036621094,503.239990234375,607500
2005-02-14 15:00:00,510.0199890136719,510.7099914550781,506.1000061035156,508.0899963378906,645200
2005-02-15 15:00:00,514.27001953125,514.989990234375,501.8599853515625,513.25,651100
2005-02-16 15:00:00,515.9400024414062,519.2000122070312,513.5499877929688,515.0399780273438,628500
2005-02-17 15:00:00,510.9800109863281,515.8499755859375,509.3200073242188,510.6600036621094,621100
2005-02-20 15:00:00,513.760009765625,516.510009765625,503.8800048828125,508.6099853515625,569000
2005-02-21 15:00:00,508.5400085449219,511.3800048828125,492.8699951171875,494.8299865722656,569600
2005-02-22 15:00:00,485.6099853515625,492.8399963378906,485.0799865722656,490.2799987792969,558000
2005-02-23 15:00:00,493.4700012207031,502.9500122070313,493.4700012207031,497.6099853515625,546900
2005-02-24 15:00:00,502.0700073242188,504.9500122070313,492.3399963378906,494.8699951171875,532800
2005-02-27 15:00:00,500.75,501.2799987792969,495.5499877929688,498.3800048828125,471000
2005-03-01 15:00:00,501.8800048828125,502.9299926757813,494.1300048828125,498.5499877929688,474600
2005-03-02 15:00:00,498.5700073242188,500.239990234375,490.5400085449219,498.5700073242188,480900
2005-03-03 15:00:00,499.4500122070313,503.2300109863281,497.6099853515625,501.8999938964844,470600
2005-03-06 15:00:00,506.7999877929688,507.5,490.8800048828125,495.3200073242188,478800
2005-03-07 15:00:00,497.1400146484375,498.5400085449219,476.4200134277344,481.9800109863281,464400
2005-03-08 15:00:00,478.1700134277344,483.3800048828125,472.3999938964844,481.9800109863281,405600
2005-03-09 15:00:00,478.8200073242188,484.5899963378906,478.8200073242188,482.6700134277344,401200
2005-03-10 15:00:00,483.6700134277344,490.8699951171875,483.6700134277344,490.739990234375,454300
2005-03-13 15:00:00,492.4400024414063,495.4400024414063,492.0499877929688,493.989990234375,374300
2005-03-14 15:00:00,497.9200134277344,498.4700012207031,481.6900024414063,482.0199890136719,463800
2005-03-15 15:00:00,480.7999877929688,485.5299987792969,472.0400085449219,483.6600036621094,465900
2005-03-16 15:00:00,479.4299926757813,482.489990234375,471.6900024414063,471.739990234375,474600
2005-03-17 15:00:00,471.05999755859375,474.3900146484375,464.739990234375,465.4800109863281,410200
2005-03-20 15:00:00,466.1499938964844,467.4700012207031,462.1700134277344,463.4200134277344,391200
2005-03-21 15:00:00,462.9299926757813,467.0400085449219,460.2699890136719,460.6799926757813,436300
2005-03-22 15:00:00,459.0400085449219,461.8399963378906,452.260009765625,452.9100036621094,395600
2005-03-23 15:00:00,457.5199890136719,458.6199951171875,444.2099914550781,449.3500061035156,372000
2005-03-24 15:00:00,451.30999755859375,456.1499938964844,449.6099853515625,456.1499938964844,366700
2005-03-27 15:00:00,460.4299926757813,464.3800048828125,458.4700012207031,459.80999755859375,400000
2005-03-28 15:00:00,460.8599853515625,461.25,451.739990234375,453.239990234375,366500
2005-03-29 15:00:00,452.80999755859375,455.1000061035156,450.05999755859375,455.0499877929688,321600
2005-03-30 15:00:00,461.0400085449219,461.4599914550781,453.5199890136719,455.0299987792969,342500
2005-03-31 15:00:00,453.3500061035156,462.2999877929688,453.3500061035156,462.2300109863281,337100
2005-04-03 15:00:00,463.4100036621094,464.8699951171875,461.6600036621094,461.8800048828125,292400
2005-04-05 15:00:00,463.8900146484375,465.5499877929688,461.9800109863281,463.6000061035156,349800
2005-04-06 15:00:00,465.6400146484375,466.6900024414063,461.8200073242188,463.0799865722656,396000
2005-04-07 15:00:00,467.1199951171875,467.5799865722656,463.8500061035156,463.8999938964844,469300
2005-04-10 15:00:00,463.6300048828125,463.739990234375,461.2099914550781,462.8699951171875,371400
2005-04-11 15:00:00,462.8599853515625,464.8500061035156,460.8200073242188,460.8699951171875,370200
2005-04-12 15:00:00,463.4800109863281,464.4500122070313,460.5499877929688,460.8999938964844,462500
2005-04-13 15:00:00,458.1199951171875,458.6099853515625,454.1799926757813,455.5499877929688,380200
2005-04-14 15:00:00,452.7699890136719,453.3299865722656,446.75,449.0799865722656,373600
2005-04-17 15:00:00,441.8500061035156,441.8800048828125,426.1499938964844,429.7300109863281,435700
2005-04-18 15:00:00,432.8299865722656,437.8500061035156,432.8299865722656,437.7300109863281,433800
2005-04-19 15:00:00,442.0199890136719,447.1499938964844,440.4500122070313,442.2000122070313,482000
2005-04-20 15:00:00,437.1199951171875,440.4200134277344,433.3299865722656,439.8299865722656,439100
2005-04-21 15:00:00,448.55999755859375,449.5700073242188,442.6300048828125,442.6300048828125,518800
2005-04-24 15:00:00,440.7000122070313,445.3699951171875,439.4599914550781,443.8999938964844,452200
2005-04-25 15:00:00,447.1000061035156,447.3399963378906,441.9400024414063,441.989990234375,518700
2005-04-26 15:00:00,439.30999755859375,439.7099914550781,434.989990234375,436.6499938964844,517800
2005-04-27 15:00:00,439.7699890136719,440.489990234375,430.7799987792969,431.1700134277344,495900
2005-04-28 15:00:00,425.6900024414063,427.6799926757813,420.1199951171875,424.3999938964844,497600
2005-05-01 15:00:00,426.8800048828125,429.2300109863281,426.2000122070313,426.6099853515625,499300
2005-05-02 15:00:00,427.9100036621094,430.1700134277344,423.2900085449219,423.2999877929688,495700
2005-05-03 15:00:00,425.3599853515625,429.4299926757813,425.3599853515625,429.4100036621094,529700
2005-05-05 15:00:00,431.6199951171875,434.1900024414063,431.0299987792969,433.2900085449219,545000
2005-05-08 15:00:00,434.7799987792969,435.7099914550781,428.7200012207031,429.6099853515625,532500
2005-05-09 15:00:00,432.7799987792969,433.6799926757813,430.3599853515625,430.760009765625,515200
2005-05-10 15:00:00,428.7099914550781,429.1199951171875,425.3699951171875,425.5899963378906,530100
2005-05-11 15:00:00,427.80999755859375,429.5400085449219,426.6099853515625,428.2699890136719,580100
2005-05-12 15:00:00,426.1900024414063,431.8699951171875,425.5199890136719,431.7699890136719,548200
2005-05-15 15:00:00,434.6799926757813,436.6900024414063,434.2799987792969,435.0199890136719,532500
2005-05-16 15:00:00,438.8999938964844,440.3900146484375,433.8299865722656,434.5199890136719,674700
2005-05-17 15:00:00,437.9100036621094,438.8399963378906,435.5400085449219,436.5499877929688,628300
2005-05-18 15:00:00,442.1700134277344,445.6099853515625,441.6400146484375,445.6099853515625,624900
2005-05-19 15:00:00,448.30999755859375,449.8999938964844,444.7699890136719,445.8599853515625,639500
2005-05-22 15:00:00,448.3500061035156,450.4500122070313,445.6799926757813,450.2200012207031,613000
2005-05-23 15:00:00,452.2900085449219,453.4299926757813,450.2799987792969,451.9400024414063,637700
2005-05-24 15:00:00,454.1499938964844,458.3399963378906,451.5499877929688,453.1700134277344,644400
2005-05-25 15:00:00,453.6000061035156,456.9299926757813,453.6000061035156,456.1900024414063,593900
2005-05-26 15:00:00,460.4599914550781,463.6600036621094,459.4100036621094,463.2200012207031,630000
2005-05-29 15:00:00,466.0899963378906,468.3399963378906,465.4599914550781,468.25,563000
2005-05-30 15:00:00,470.3299865722656,471.5400085449219,467.760009765625,471.4800109863281,627000
2005-05-31 15:00:00,470.3299865722656,473.5799865722656,468.2900085449219,468.80999755859375,598600
2005-06-01 15:00:00,474.2799987792969,476.1300048828125,473.80999755859375,475.0700073242188,571600
2005-06-02 15:00:00,478.3999938964844,480.6900024414063,477.6799926757813,480.6499938964844,559800
2005-06-06 15:00:00,482.0400085449219,483.0899963378906,478.80999755859375,482.6600036621094,618000
2005-06-07 15:00:00,483.8800048828125,488.0799865722656,483.3900146484375,484.8900146484375,755100
2005-06-08 15:00:00,486.05999755859375,493.9299926757813,486.05999755859375,488.1000061035156,775800
2005-06-09 15:00:00,491.1799926757813,492.1199951171875,484.30999755859375,486.5799865722656,634100
2005-06-12 15:00:00,488.4400024414063,489.6499938964844,486.0400085449219,486.6199951171875,605300
2005-06-13 15:00:00,487.4500122070313,489.1300048828125,478.6900024414063,479.4700012207031,662800
2005-06-14 15:00:00,479.8800048828125,486.4599914550781,479.8800048828125,486.4599914550781,629800
2005-06-15 15:00:00,489.4100036621094,492.1000061035156,488.1700134277344,490.2200012207031,562400
2005-06-16 15:00:00,493.3500061035156,494.80999755859375,490.1799926757813,491.0299987792969,644700
2005-06-19 15:00:00,494.5299987792969,494.8800048828125,488.7099914550781,489.2000122070313,607300
2005-06-20 15:00:00,489.55999755859375,491.8399963378906,483.1600036621094,485.1199951171875,691000
2005-06-21 15:00:00,485.9100036621094,489.8500061035156,484.3900146484375,489.7300109863281,650000
2005-06-22 15:00:00,491.2699890136719,495.7000122070313,491.2699890136719,494.9200134277344,714800
2005-06-23 15:00:00,491.1900024414063,494.260009765625,490.4299926757813,493.9800109863281,654300
2005-06-26 15:00:00,493.2099914550781,493.4800109863281,489.989990234375,491.3299865722656,542700
2005-06-27 15:00:00,492.4800109863281,494.8299865722656,491.6199951171875,492.8399963378906,685200
2005-06-28 15:00:00,497.2999877929688,498.8200073242188,496.3299865722656,497.6300048828125,682800
2005-06-29 15:00:00,499.1199951171875,503.2099914550781,499.1199951171875,503.2099914550781,602900
2005-06-30 15:00:00,502.8299865722656,507.75,502.8299865722656,507.510009765625,633800
2005-07-03 15:00:00,510.8500061035156,512.6199951171875,510.4599914550781,512.5,654900
2005-07-04 15:00:00,515.5499877929688,516.7100219726562,511.5499877929688,513.530029296875,714300
2005-07-05 15:00:00,517.9000244140625,518.510009765625,514.6199951171875,516.4099731445312,674700
2005-07-06 15:00:00,514.8400268554688,521.219970703125,514.6500244140625,519.8499755859375,648600
2005-07-07 15:00:00,521.3300170898438,522.8200073242188,516.0599975585938,518.6599731445312,706700
2005-07-10 15:00:00,525.0800170898438,526.5700073242188,523.0999755859375,526.0999755859375,701700
2005-07-11 15:00:00,530.75,531.1500244140625,522.989990234375,523.7000122070312,668500
2005-07-12 15:00:00,525.8400268554688,526.6199951171875,520.9299926757812,521.8699951171875,635100
2005-07-13 15:00:00,524.3099975585938,525.8499755859375,523.6099853515625,524.3699951171875,648900
2005-07-14 15:00:00,527.489990234375,528.8699951171875,524.530029296875,524.6300048828125,686200
2005-07-17 15:00:00,527.6799926757812,528.4000244140625,525.969970703125,527.1799926757812,644900
2005-07-18 15:00:00,528.4299926757812,530.6300048828125,528.4299926757812,530.6300048828125,757600
2005-07-19 15:00:00,534.719970703125,535.1300048828125,515.1599731445312,521.6799926757812,937000
2005-07-20 15:00:00,525.0700073242188,528.9299926757812,517.72998046875,520.6099853515625,833800
2005-07-21 15:00:00,517.97998046875,521.8800048828125,512.280029296875,521.510009765625,727500
2005-07-24 15:00:00,523.719970703125,529.8900146484375,523.719970703125,528.9500122070312,647200
2005-07-25 15:00:00,530.3300170898438,532.6300048828125,528.8400268554688,532.5399780273438,686400
2005-07-26 15:00:00,537.280029296875,540.010009765625,535.1199951171875,538.5999755859375,697500
2005-07-27 15:00:00,545.0700073242188,549.0800170898438,543.9600219726562,547.6699829101562,872600
2005-07-28 15:00:00,552.9600219726562,553.8300170898438,545.5599975585938,546.6799926757812,813000
2005-07-31 15:00:00,548.72998046875,549.5,543.530029296875,544.8300170898438,609400
2005-08-01 15:00:00,547.4299926757812,548.2000122070312,541.4099731445312,541.780029296875,820800
2005-08-02 15:00:00,544.7000122070312,545.1300048828125,532.4600219726562,532.5499877929688,790200
2005-08-03 15:00:00,535.3300170898438,536.0900268554688,519.52001953125,524.6300048828125,735000
2005-08-04 15:00:00,518.8599853515625,519.6500244140625,508.239990234375,511.989990234375,626300
2005-08-07 15:00:00,506.3200073242188,512.4099731445312,505.5199890136719,507.3800048828125,583100
2005-08-08 15:00:00,506.0499877929688,516.280029296875,506.0499877929688,515.5399780273438,659100
2005-08-09 15:00:00,519.010009765625,524.3200073242188,518.97998046875,520.760009765625,674600
2005-08-10 15:00:00,521.6199951171875,524.8900146484375,518.6900024414062,524.739990234375,588000
2005-08-11 15:00:00,528.5499877929688,529.0900268554688,525.1500244140625,525.6400146484375,599200
2005-08-15 15:00:00,527.1900024414062,527.5700073242188,516.8099975585938,517.6199951171875,539500
2005-08-16 15:00:00,514.719970703125,515.3699951171875,510.0299987792969,513.27001953125,542400
2005-08-17 15:00:00,515.75,517.1199951171875,504.2999877929688,505.05999755859375,609100
2005-08-18 15:00:00,503.6400146484375,510.0499877929688,501.2699890136719,509.2099914550781,529000
2005-08-21 15:00:00,510.9200134277344,518.3699951171875,510.9200134277344,518.3400268554688,531400
2005-08-22 15:00:00,520.489990234375,523.6199951171875,520.1199951171875,521.3800048828125,568900
2005-08-23 15:00:00,522.6900024414062,522.9099731445312,517.6400146484375,518.2999877929688,500600
2005-08-24 15:00:00,516.8800048828125,520.3800048828125,514.719970703125,517.6300048828125,495500
2005-08-25 15:00:00,517.969970703125,521.4400024414062,511.2200012207031,512.1699829101562,542700
2005-08-28 15:00:00,507.0799865722656,507.2200012207031,492.0499877929688,492.6600036621094,522300
2005-08-29 15:00:00,497.3599853515625,500.3699951171875,493.0,497.9599914550781,469800
2005-08-30 15:00:00,494.489990234375,503.9700012207031,494.2699890136719,503.9500122070313,462000
2005-08-31 15:00:00,508.1000061035156,513.469970703125,508.1000061035156,512.4500122070312,542400
2005-09-01 15:00:00,513.8599853515625,517.22998046875,513.8599853515625,517.0800170898438,502100
2005-09-04 15:00:00,521.0499877929688,523.77001953125,519.6400146484375,522.7899780273438,530200
2005-09-05 15:00:00,524.6400146484375,526.3699951171875,524.3300170898438,524.4000244140625,584300
2005-09-06 15:00:00,530.1900024414062,531.7999877929688,529.0499877929688,530.530029296875,561900
2005-09-07 15:00:00,535.4199829101562,535.8099975585938,527.4500122070312,529.2999877929688,583900
2005-09-08 15:00:00,530.9600219726562,532.1099853515625,527.77001953125,532.0599975585938,552700
2005-09-11 15:00:00,536.530029296875,536.760009765625,532.1099853515625,532.1099853515625,506900
2005-09-12 15:00:00,533.8900146484375,534.5700073242188,527.8599853515625,528.02001953125,501000
2005-09-13 15:00:00,527.3699951171875,529.7999877929688,526.7999877929688,529.6400146484375,467900
2005-09-14 15:00:00,528.6599731445312,532.3699951171875,522.6799926757812,526.4500122070312,489900
2005-09-15 15:00:00,528.3699951171875,536.7100219726562,528.3699951171875,536.5999755859375,446100
2005-09-19 15:00:00,543.3800048828125,544.4000244140625,540.8699951171875,543.5900268554688,438400
2005-09-20 15:00:00,542.5700073242188,543.47998046875,540.4600219726562,542.6799926757812,501900
2005-09-21 15:00:00,542.030029296875,548.4199829101562,542.030029296875,547.010009765625,545200
2005-09-22 15:00:00,550.9500122070312,552.0999755859375,543.6599731445312,543.6599731445312,518200
2005-09-25 15:00:00,547.75,550.5900268554688,547.75,550.4000244140625,492500
2005-09-26 15:00:00,552.9099731445312,555.1699829101562,551.1400146484375,554.6300048828125,520000
2005-09-27 15:00:00,559.0800170898438,563.239990234375,558.3200073242188,562.25,578300
2005-09-28 15:00:00,567.2999877929688,568.1400146484375,564.6799926757812,568.0800170898438,530900
2005-09-29 15:00:00,572.8200073242188,573.760009765625,568.8200073242188,571.9500122070312,519100
2005-10-03 15:00:00,576.6799926757812,588.239990234375,576.6799926757812,588.2100219726562,535100
2005-10-04 15:00:00,590.8900146484375,594.9500122070312,587.6099853515625,592.1400146484375,506800
2005-10-05 15:00:00,589.6900024414062,593.1099853515625,583.9000244140625,588.52001953125,572300
2005-10-06 15:00:00,588.4299926757812,593.3900146484375,587.0900268554688,590.47998046875,584800
2005-10-09 15:00:00,594.8400268554688,603.9600219726562,594.8400268554688,603.8499755859375,645100
2005-10-10 15:00:00,605.9600219726562,609.5999755859375,603.4299926757812,609.5800170898438,751900
2005-10-11 15:00:00,614.2100219726562,615.6500244140625,603.8499755859375,606.3200073242188,809200
2005-10-12 15:00:00,605.3800048828125,607.2100219726562,596.719970703125,606.1199951171875,645800
2005-10-13 15:00:00,607.9199829101562,609.8099975585938,596.0599975585938,600.0399780273438,683100
2005-10-16 15:00:00,602.510009765625,604.8200073242188,586.1900024414062,587.5800170898438,672700
2005-10-17 15:00:00,590.02001953125,594.010009765625,589.8800048828125,591.77001953125,728800
2005-10-18 15:00:00,589.739990234375,589.97998046875,569.989990234375,573.1900024414062,721900
2005-10-19 15:00:00,579.3900146484375,583.219970703125,574.3800048828125,574.6099853515625,698700
2005-10-20 15:00:00,568.1799926757812,584.47998046875,566.7899780273438,584.4199829101562,686400
2005-10-23 15:00:00,588.1500244140625,596.4199829101562,588.1500244140625,592.1799926757812,610800
2005-10-24 15:00:00,601.1900024414062,602.97998046875,591.97998046875,593.7899780273438,660500
2005-10-25 15:00:00,596.8499755859375,597.47998046875,590.4099731445312,594.5800170898438,694100
2005-10-26 15:00:00,594.6500244140625,597.4199829101562,587.8300170898438,588.2899780273438,638100
2005-10-27 15:00:00,582.9500122070312,583.489990234375,578.9199829101562,580.9199829101562,602100
2005-10-30 15:00:00,587.4400024414062,589.280029296875,585.1300048828125,587.4600219726562,572500
2005-10-31 15:00:00,589.780029296875,596.1199951171875,589.780029296875,594.8200073242188,643700
2005-11-01 15:00:00,596.9400024414062,606.8200073242188,596.9400024414062,606.7999877929688,691500
2005-11-02 15:00:00,612.8400268554688,613.8900146484375,609.8400268554688,610.3699951171875,652000
2005-11-03 15:00:00,614.9600219726562,617.530029296875,613.5,617.4299926757812,653200
2005-11-06 15:00:00,623.0999755859375,624.0599975585938,619.1099853515625,622.5900268554688,622600
2005-11-07 15:00:00,625.3599853515625,625.6799926757812,622.1199951171875,623.75,675800
2005-11-08 15:00:00,625.1799926757812,629.1599731445312,624.4199829101562,628.719970703125,684900
2005-11-09 15:00:00,630.280029296875,636.760009765625,630.27001953125,636.72998046875,671100
2005-11-10 15:00:00,641.3099975585938,642.25,638.4500122070312,640.4000244140625,815000
2005-11-13 15:00:00,643.8200073242188,647.0599975585938,642.6099853515625,642.6099853515625,754400
2005-11-14 15:00:00,644.8499755859375,645.469970703125,637.1199951171875,643.8499755859375,707000
2005-11-15 15:00:00,644.3400268554688,649.239990234375,644.3400268554688,648.1300048828125,655200
2005-11-16 15:00:00,650.9600219726562,656.5399780273438,650.7000122070312,653.5,685100
2005-11-17 15:00:00,661.0399780273438,662.5399780273438,657.6300048828125,661.4199829101562,728300
2005-11-20 15:00:00,666.469970703125,671.530029296875,662.5999755859375,666.0399780273438,735600
2005-11-21 15:00:00,670.0800170898438,671.3599853515625,660.3200073242188,667.7100219726562,714300
2005-11-22 15:00:00,673.2899780273438,682.739990234375,673.2899780273438,682.27001953125,836500
2005-11-23 15:00:00,688.2999877929688,694.3099975585938,687.9199829101562,690.8699951171875,778900
2005-11-24 15:00:00,696.1599731445312,700.2899780273438,691.75,700.219970703125,724900
2005-11-27 15:00:00,707.8300170898438,710.2100219726562,703.5599975585938,704.469970703125,756500
2005-11-28 15:00:00,702.5,707.22998046875,691.6400146484375,697.0499877929688,727500
2005-11-29 15:00:00,698.27001953125,712.3900146484375,698.27001953125,712.3900146484375,768200
2005-11-30 15:00:00,716.4400024414062,727.5399780273438,716.4400024414062,727.4299926757812,798900
2005-12-01 15:00:00,739.3800048828125,740.8900146484375,733.739990234375,733.8699951171875,939400
2005-12-04 15:00:00,740.1199951171875,747.5,739.6400146484375,747.4600219726562,812400
2005-12-05 15:00:00,750.7100219726562,752.8200073242188,740.7100219726562,747.9600219726562,1004400
2005-12-06 15:00:00,752.3800048828125,753.02001953125,726.9199829101562,729.4400024414062,971200
2005-12-07 15:00:00,724.9299926757812,732.02001953125,714.4400024414062,725.8499755859375,878400
2005-12-08 15:00:00,724.4199829101562,736.0599975585938,724.3099975585938,726.1400146484375,842500
2005-12-11 15:00:00,729.280029296875,735.75,729.280029296875,733.4199829101562,779200
2005-12-12 15:00:00,737.9199829101562,739.469970703125,730.2899780273438,738.989990234375,748300
2005-12-13 15:00:00,746.1099853515625,747.9299926757812,741.1199951171875,743.4099731445312,748900
2005-12-14 15:00:00,748.2000122070312,749.1300048828125,739.2999877929688,741.5999755859375,866900
2005-12-15 15:00:00,719.6400146484375,721.1300048828125,705.52001953125,716.3800048828125,845500
2005-12-18 15:00:00,710.1199951171875,724.1400146484375,710.1199951171875,723.3699951171875,764100
2005-12-19 15:00:00,720.3900146484375,728.22998046875,718.3499755859375,718.739990234375,814500
2005-12-20 15:00:00,722.77001953125,726.3499755859375,721.72998046875,722.5800170898438,816500
2005-12-21 15:00:00,728.75,730.72998046875,692.7100219726562,694.25,843000
2005-12-22 15:00:00,693.0900268554688,693.4600219726562,671.7899780273438,691.22998046875,794800
2005-12-25 15:00:00,693.8200073242188,701.1599731445312,693.8200073242188,698.5999755859375,711100
2005-12-26 15:00:00,699.8400268554688,700.6199951171875,688.219970703125,688.22998046875,797100
2005-12-27 15:00:00,686.0700073242188,692.8699951171875,685.4299926757812,691.260009765625,595100
2005-12-28 15:00:00,694.7000122070312,701.7999877929688,694.7000122070312,701.7899780273438,663600
2006-01-01 15:00:00,710.1599731445312,727.1099853515625,707.8499755859375,727.0700073242188,626400
2006-01-02 15:00:00,735.3099975585938,737.4199829101562,724.0700073242188,735.1500244140625,788500
2006-01-03 15:00:00,742.8400268554688,749.760009765625,740.47998046875,740.47998046875,911300
2006-01-04 15:00:00,745.8800048828125,746.6300048828125,726.5800170898438,736.6599731445312,781400
2006-01-05 15:00:00,740.1500244140625,748.1599731445312,740.0900268554688,747.0999755859375,761000
2006-01-08 15:00:00,755.489990234375,759.5700073242188,751.0999755859375,753.8800048828125,775600
2006-01-09 15:00:00,758.4000244140625,759.5499877929688,741.0599975585938,744.7100219726562,770400
2006-01-10 15:00:00,747.0800170898438,747.6599731445312,734.2100219726562,744.1699829101562,671200
2006-01-11 15:00:00,745.3800048828125,749.27001953125,741.6599731445312,742.0700073242188,687000
2006-01-12 15:00:00,739.6400146484375,746.780029296875,737.9600219726562,746.3400268554688,635100
2006-01-15 15:00:00,752.1900024414062,756.3800048828125,749.5800170898438,754.969970703125,649100
2006-01-16 15:00:00,758.22998046875,760.72998046875,738.25,739.0999755859375,759100
2006-01-17 15:00:00,736.1900024414062,736.3300170898438,679.72998046875,708.0800170898438,842800
2006-01-18 15:00:00,707.9600219726562,714.8400268554688,694.5,705.5700073242188,730200
2006-01-19 15:00:00,706.0,711.22998046875,662.5599975585938,665.3099975585938,853700
2006-01-22 15:00:00,650.239990234375,650.239990234375,596.72998046875,601.3300170898438,745600
2006-01-23 15:00:00,603.4600219726562,618.1799926757812,571.8200073242188,618.1799926757812,798000
2006-01-24 15:00:00,624.0900268554688,654.780029296875,624.0900268554688,641.969970703125,750800
2006-01-25 15:00:00,647.4600219726562,653.52001953125,634.1400146484375,653.52001953125,573100
2006-01-26 15:00:00,665.6799926757812,677.9500122070312,664.6599731445312,677.6900024414062,617800
2006-01-30 15:00:00,683.3599853515625,694.1099853515625,681.7000122070312,690.239990234375,597100
2006-01-31 15:00:00,684.4400024414062,686.260009765625,647.47998046875,661.1900024414062,731400
2006-02-01 15:00:00,674.8800048828125,676.9500122070312,649.6400146484375,664.4400024414062,641000
2006-02-02 15:00:00,649.719970703125,652.8499755859375,638.2000122070312,641.2000122070312,591800
2006-02-05 15:00:00,633.510009765625,644.97998046875,624.4400024414062,644.9299926757812,597700
2006-02-06 15:00:00,646.1099853515625,653.7899780273438,645.0499877929688,650.0700073242188,690500
2006-02-07 15:00:00,650.469970703125,661.4099731445312,643.3800048828125,643.489990234375,731100
2006-02-08 15:00:00,654.9400024414062,655.9600219726562,644.1900024414062,649.75,692900
2006-02-09 15:00:00,651.5599975585938,656.2000122070312,646.9199829101562,655.6099853515625,683700
2006-02-12 15:00:00,660.2000122070312,664.4299926757812,652.760009765625,653.2100219726562,646000
2006-02-13 15:00:00,650.1900024414062,653.6599731445312,644.5499877929688,653.3499755859375,613900
2006-02-14 15:00:00,664.02001953125,664.8800048828125,639.780029296875,639.9199829101562,648200
2006-02-15 15:00:00,642.27001953125,645.0999755859375,636.22998046875,645.0499877929688,543300
2006-02-16 15:00:00,651.510009765625,652.8599853515625,645.8699951171875,649.75,622200
2006-02-19 15:00:00,650.6699829101562,657.7100219726562,648.47998046875,656.6599731445312,562300
2006-02-20 15:00:00,660.1699829101562,663.3300170898438,657.4400024414062,661.25,649400
2006-02-21 15:00:00,661.0599975585938,665.6599731445312,654.9400024414062,660.8499755859375,625000
2006-02-22 15:00:00,667.3099975585938,669.6099853515625,667.1400146484375,668.4600219726562,648700
2006-02-23 15:00:00,669.8900146484375,674.3800048828125,667.5700073242188,672.9400024414062,668000
2006-02-26 15:00:00,677.0599975585938,682.4099731445312,676.6500244140625,682.3300170898438,646100
2006-02-27 15:00:00,686.8200073242188,686.9000244140625,679.0999755859375,682.3599853515625,717500
2006-03-01 15:00:00,684.97998046875,685.9099731445312,679.1900024414062,679.1900024414062,650000
2006-03-02 15:00:00,679.0700073242188,681.1199951171875,662.8200073242188,665.0499877929688,756900
2006-03-05 15:00:00,664.9099731445312,670.0999755859375,663.010009765625,669.5599975585938,592900
2006-03-06 15:00:00,666.8400268554688,667.0399780273438,658.4099731445312,658.47998046875,715500
2006-03-07 15:00:00,655.0399780273438,664.0999755859375,650.8800048828125,657.0800170898438,661500
2006-03-08 15:00:00,660.4600219726562,667.8099975585938,660.4600219726562,665.5700073242188,790800
2006-03-09 15:00:00,665.0999755859375,669.6300048828125,661.8200073242188,668.6599731445312,705700
2006-03-12 15:00:00,675.1400146484375,676.6699829101562,671.97998046875,672.3200073242188,631400
2006-03-13 15:00:00,673.47998046875,673.9199829101562,663.9299926757812,667.0599975585938,568600
2006-03-14 15:00:00,672.010009765625,673.1500244140625,663.6199951171875,663.6300048828125,586400
2006-03-15 15:00:00,664.5900268554688,666.6500244140625,654.4600219726562,655.72998046875,614900
2006-03-16 15:00:00,654.219970703125,655.6300048828125,649.4400024414062,652.8900146484375,533300
2006-03-19 15:00:00,653.22998046875,657.0999755859375,653.22998046875,655.9099731445312,528200
2006-03-20 15:00:00,658.5700073242188,660.6199951171875,657.239990234375,657.989990234375,531700
2006-03-21 15:00:00,655.489990234375,655.489990234375,644.8200073242188,645.469970703125,546400
2006-03-22 15:00:00,651.989990234375,654.8200073242188,639.7899780273438,645.25,581400
2006-03-23 15:00:00,643.7899780273438,648.7100219726562,635.2000122070312,644.5700073242188,562600
2006-03-26 15:00:00,645.6699829101562,648.3300170898438,644.8599853515625,644.8699951171875,505800
2006-03-27 15:00:00,643.9600219726562,644.5800170898438,637.219970703125,637.4099731445312,564600
2006-03-28 15:00:00,634.6400146484375,641.7000122070312,632.0999755859375,640.0499877929688,567900
2006-03-29 15:00:00,646.6900024414062,653.5499877929688,646.3699951171875,653.0499877929688,597000
2006-03-30 15:00:00,655.010009765625,665.780029296875,655.010009765625,665.2100219726562,602200
2006-04-02 15:00:00,670.9600219726562,677.8400268554688,670.8800048828125,677.280029296875,628800
2006-04-03 15:00:00,680.510009765625,682.010009765625,673.719970703125,680.3499755859375,601800
2006-04-04 15:00:00,687.5999755859375,693.280029296875,686.7899780273438,688.3800048828125,667900
2006-04-05 15:00:00,694.8599853515625,695.72998046875,691.8200073242188,693.77001953125,662600
2006-04-06 15:00:00,695.760009765625,696.4600219726562,691.2000122070312,694.3499755859375,603400
2006-04-09 15:00:00,691.4500122070312,697.6599731445312,690.8200073242188,695.4000244140625,591400
2006-04-10 15:00:00,697.1199951171875,697.5800170898438,686.5800170898438,691.9600219726562,649500
2006-04-11 15:00:00,688.4099731445312,692.6599731445312,686.5,690.5999755859375,623900
2006-04-12 15:00:00,692.969970703125,697.739990234375,692.969970703125,697.3900146484375,596600
2006-04-13 15:00:00,701.1199951171875,704.7899780273438,700.72998046875,704.5700073242188,639400
2006-04-16 15:00:00,709.2000122070312,709.9099731445312,701.8699951171875,702.9600219726562,655100
2006-04-17 15:00:00,701.4199829101562,704.6799926757812,698.1799926757812,702.8400268554688,730300
2006-04-18 15:00:00,712.0700073242188,713.5800170898438,701.6199951171875,701.8499755859375,706800
2006-04-19 15:00:00,704.72998046875,705.4500122070312,692.8800048828125,694.1199951171875,635800
2006-04-20 15:00:00,699.22998046875,703.9500122070312,699.22998046875,701.489990234375,574800
2006-04-23 15:00:00,702.1799926757812,702.1799926757812,695.0900268554688,695.7000122070312,554400
2006-04-24 15:00:00,696.219970703125,700.280029296875,688.4000244140625,689.2100219726562,540800
2006-04-25 15:00:00,690.1500244140625,693.5499877929688,687.6799926757812,693.219970703125,532500
2006-04-26 15:00:00,697.9299926757812,698.9199829101562,691.5,693.3699951171875,508900
2006-04-27 15:00:00,693.5700073242188,693.7899780273438,682.469970703125,685.4400024414062,490700
2006-05-01 15:00:00,685.8900146484375,689.6500244140625,684.239990234375,687.8400268554688,440700
2006-05-02 15:00:00,692.1599731445312,695.5800170898438,689.1799926757812,689.8900146484375,455400
2006-05-03 15:00:00,690.6699829101562,692.1500244140625,685.3800048828125,689.8900146484375,435900
2006-05-07 15:00:00,696.2999877929688,696.9299926757812,691.0599975585938,691.8900146484375,551600
2006-05-08 15:00:00,692.989990234375,694.1799926757812,684.47998046875,686.1199951171875,495900
2006-05-09 15:00:00,686.6500244140625,688.0599975585938,681.8300170898438,683.3699951171875,437700
2006-05-10 15:00:00,683.1900024414062,690.0399780273438,682.6799926757812,689.969970703125,430500
2006-05-11 15:00:00,682.739990234375,686.5800170898438,678.7999877929688,686.010009765625,436900
2006-05-14 15:00:00,679.760009765625,680.3400268554688,673.4199829101562,675.2999877929688,449700
2006-05-15 15:00:00,679.280029296875,681.2100219726562,660.0700073242188,662.1400146484375,472500
2006-05-16 15:00:00,665.1099853515625,671.3300170898438,664.6799926757812,671.239990234375,457500
2006-05-17 15:00:00,655.8599853515625,655.8599853515625,645.02001953125,650.9000244140625,517900
2006-05-18 15:00:00,648.0499877929688,659.5,645.6699829101562,658.5599975585938,491200
2006-05-21 15:00:00,663.5499877929688,665.0999755859375,643.7000122070312,643.7000122070312,524100
2006-05-22 15:00:00,640.8400268554688,641.1199951171875,631.6400146484375,640.3400268554688,508800
2006-05-23 15:00:00,638.2999877929688,643.510009765625,627.9199829101562,636.97998046875,545000
2006-05-24 15:00:00,642.3800048828125,643.5900268554688,620.1699829101562,620.2000122070312,447000
2006-05-25 15:00:00,631.1199951171875,636.010009765625,630.6799926757812,633.9099731445312,420700
2006-05-28 15:00:00,640.97998046875,643.989990234375,637.8499755859375,638.27001953125,435700
2006-05-29 15:00:00,641.3300170898438,641.75,627.3800048828125,630.5,450800
2006-05-31 15:00:00,627.97998046875,631.8300170898438,612.2100219726562,612.7999877929688,430800
2006-06-01 15:00:00,622.030029296875,623.5999755859375,603.5999755859375,612.8400268554688,451800
2006-06-04 15:00:00,614.9000244140625,616.3800048828125,598.6400146484375,598.7100219726562,394400
2006-06-06 15:00:00,584.1199951171875,584.1199951171875,557.4500122070312,562.9099731445312,462300
2006-06-07 15:00:00,557.1099853515625,567.02001953125,551.030029296875,559.4099731445312,427300
2006-06-08 15:00:00,568.4099731445312,579.6199951171875,568.4099731445312,578.7100219726562,393100
2006-06-11 15:00:00,576.0900268554688,585.72998046875,573.4199829101562,585.6599731445312,348300
2006-06-12 15:00:00,573.8400268554688,574.5499877929688,568.2100219726562,568.6400146484375,361200
2006-06-13 15:00:00,564.7100219726562,577.7899780273438,563.5999755859375,577.3499755859375,335400
2006-06-14 15:00:00,586.1300048828125,588.5700073242188,575.0499877929688,575.6799926757812,360600
2006-06-15 15:00:00,588.52001953125,590.4400024414062,585.780029296875,587.0800170898438,406000
2006-06-18 15:00:00,586.6699829101562,586.9400024414062,577.25,578.1099853515625,284900
2006-06-19 15:00:00,575.47998046875,576.5900268554688,564.0700073242188,564.780029296875,328100
2006-06-20 15:00:00,567.219970703125,569.9600219726562,561.6300048828125,566.3099975585938,337900
2006-06-21 15:00:00,575.8200073242188,577.4000244140625,564.010009765625,564.22998046875,456600
2006-06-22 15:00:00,561.2100219726562,561.3200073242188,554.4099731445312,559.3699951171875,340300
2006-06-25 15:00:00,560.5900268554688,563.969970703125,555.25,560.9199829101562,329400
2006-06-26 15:00:00,564.7999877929688,566.9299926757812,562.5599975585938,566.219970703125,395200
2006-06-27 15:00:00,557.9000244140625,564.260009765625,555.77001953125,563.6099853515625,342500
2006-06-28 15:00:00,569.02001953125,577.6300048828125,569.02001953125,576.9199829101562,368000
2006-06-29 15:00:00,588.1699829101562,590.6900024414062,585.9000244140625,590.6799926757812,403400
2006-07-02 15:00:00,592.0,592.9299926757812,586.6300048828125,589.219970703125,484900
2006-07-03 15:00:00,594.6300048828125,595.469970703125,585.6500244140625,585.8300170898438,477500
2006-07-04 15:00:00,571.4299926757812,582.0599975585938,569.75,575.97998046875,437300
2006-07-05 15:00:00,575.5900268554688,578.5,568.989990234375,570.0700073242188,356300
2006-07-06 15:00:00,575.4199829101562,577.5900268554688,573.02001953125,573.0399780273438,392200
2006-07-09 15:00:00,570.0,576.6300048828125,567.010009765625,576.3800048828125,311200
2006-07-10 15:00:00,576.3800048828125,577.510009765625,574.47998046875,574.97998046875,356800
2006-07-11 15:00:00,577.1400146484375,580.6199951171875,576.4500122070312,578.239990234375,466700
2006-07-12 15:00:00,573.8099975585938,577.1500244140625,569.1900024414062,571.1099853515625,449400
2006-07-13 15:00:00,563.8499755859375,563.9199829101562,554.1900024414062,559.6599731445312,452400
2006-07-17 15:00:00,555.1099853515625,555.4000244140625,543.969970703125,543.969970703125,418700
2006-07-18 15:00:00,545.9600219726562,550.8300170898438,539.7999877929688,539.8099975585938,448300
2006-07-19 15:00:00,551.8400268554688,553.969970703125,550.3599853515625,553.9099731445312,489100
2006-07-20 15:00:00,547.719970703125,551.97998046875,547.1500244140625,551.6300048828125,407100
2006-07-23 15:00:00,550.5499877929688,552.0700073242188,545.9000244140625,548.6799926757812,351200
2006-07-24 15:00:00,556.9099731445312,559.0399780273438,552.3200073242188,552.3400268554688,388000
2006-07-25 15:00:00,555.6099853515625,557.8800048828125,553.530029296875,554.0800170898438,436600
2006-07-26 15:00:00,555.4000244140625,557.780029296875,553.739990234375,555.6500244140625,363200
2006-07-27 15:00:00,554.6799926757812,559.02001953125,554.4500122070312,556.6900024414062,354300
2006-07-30 15:00:00,564.1400146484375,565.030029296875,557.4000244140625,557.6599731445312,326300
2006-07-31 15:00:00,557.010009765625,558.7899780273438,549.2999877929688,550.2100219726562,348300
2006-08-01 15:00:00,548.0499877929688,551.75,545.3099975585938,551.4400024414062,324200
2006-08-02 15:00:00,554.3499755859375,555.3699951171875,545.030029296875,546.1500244140625,351900
2006-08-03 15:00:00,548.8900146484375,550.6799926757812,547.4199829101562,549.75,325500
2006-08-06 15:00:00,551.0800170898438,551.6699829101562,544.8300170898438,544.8400268554688,310700
2006-08-07 15:00:00,543.5800170898438,546.5900268554688,543.5,546.47998046875,364600
2006-08-08 15:00:00,546.3699951171875,552.510009765625,546.1500244140625,552.3200073242188,406700
2006-08-09 15:00:00,552.27001953125,555.530029296875,550.9400024414062,555.530029296875,436900
2006-08-10 15:00:00,559.530029296875,559.75,553.1300048828125,553.1699829101562,470700
2006-08-13 15:00:00,553.9000244140625,554.52001953125,548.8800048828125,549.8599853515625,391800
2006-08-15 15:00:00,554.0700073242188,554.489990234375,548.0499877929688,548.0700073242188,431300
2006-08-16 15:00:00,551.3499755859375,553.239990234375,550.97998046875,551.8099975585938,437400
2006-08-17 15:00:00,553.0900268554688,553.72998046875,551.5399780273438,551.9099731445312,403100
2006-08-20 15:00:00,555.1099853515625,555.7999877929688,550.239990234375,550.8699951171875,377900
2006-08-21 15:00:00,551.1199951171875,554.1500244140625,550.969970703125,554.0900268554688,492200
2006-08-22 15:00:00,555.0599975585938,555.5900268554688,552.4000244140625,554.22998046875,429600
2006-08-23 15:00:00,554.3400268554688,554.8900146484375,550.0599975585938,551.760009765625,387600
2006-08-24 15:00:00,554.0,556.8900146484375,553.6900024414062,556.4099731445312,389200
2006-08-27 15:00:00,558.4600219726562,559.1199951171875,556.1199951171875,556.280029296875,367500
2006-08-28 15:00:00,560.7000122070312,561.280029296875,559.8400268554688,560.7999877929688,417300
2006-08-29 15:00:00,563.760009765625,566.1400146484375,562.6599731445312,565.0999755859375,401900
2006-08-30 15:00:00,569.4400024414062,573.0599975585938,569.2899780273438,572.8300170898438,428600
2006-08-31 15:00:00,574.510009765625,577.9500122070312,573.530029296875,577.72998046875,402000
2006-09-03 15:00:00,582.780029296875,587.3900146484375,582.6900024414062,586.77001953125,425500
2006-09-04 15:00:00,591.3099975585938,592.8300170898438,588.8599853515625,592.8300170898438,503700
2006-09-05 15:00:00,595.52001953125,596.030029296875,592.030029296875,592.5,506600
2006-09-06 15:00:00,587.510009765625,592.2999877929688,585.9600219726562,591.6400146484375,506500
2006-09-07 15:00:00,591.5499877929688,597.719970703125,591.5499877929688,597.6799926757812,491400
2006-09-10 15:00:00,601.8300170898438,602.27001953125,591.9500122070312,591.9600219726562,496200
2006-09-11 15:00:00,593.75,595.25,586.6799926757812,588.6400146484375,519500
2006-09-12 15:00:00,595.0900268554688,596.3200073242188,592.3300170898438,592.4500122070312,527000
2006-09-13 15:00:00,594.760009765625,600.9600219726562,594.1300048828125,600.9500122070312,522400
2006-09-14 15:00:00,602.0999755859375,606.219970703125,601.4099731445312,606.219970703125,515100
2006-09-17 15:00:00,609.97998046875,613.5499877929688,609.3099975585938,613.3900146484375,579700
2006-09-18 15:00:00,616.0800170898438,617.1400146484375,613.27001953125,614.7999877929688,568400
2006-09-19 15:00:00,614.0900268554688,614.72998046875,609.0900268554688,613.1300048828125,584200
2006-09-20 15:00:00,619.25,620.5999755859375,611.5700073242188,611.969970703125,633000
2006-09-21 15:00:00,609.5499877929688,609.8200073242188,599.280029296875,599.4199829101562,596000
2006-09-24 15:00:00,599.5700073242188,601.239990234375,596.5900268554688,597.2899780273438,538700
2006-09-25 15:00:00,601.4099731445312,602.4299926757812,591.0999755859375,591.6300048828125,603100
2006-09-26 15:00:00,595.260009765625,597.969970703125,593.8200073242188,595.4600219726562,602600
2006-09-27 15:00:00,598.5499877929688,600.3300170898438,597.47998046875,599.9099731445312,577000
2006-09-28 15:00:00,603.260009765625,604.5599975585938,600.2100219726562,600.4199829101562,546300
2006-10-01 15:00:00,600.9199829101562,601.6199951171875,596.9400024414062,596.989990234375,446900
2006-10-03 15:00:00,594.27001953125,594.4199829101562,583.7100219726562,587.3200073242188,454300
2006-10-08 15:00:00,585.5599975585938,588.030029296875,533.8499755859375,539.0999755859375,722500
2006-10-09 15:00:00,539.1400146484375,556.1500244140625,539.1400146484375,554.7000122070312,554600
2006-10-10 15:00:00,548.4199829101562,559.1799926757812,544.9400024414062,555.47998046875,524400
2006-10-11 15:00:00,558.1699829101562,568.3699951171875,558.1699829101562,568.25,532300
2006-10-12 15:00:00,576.780029296875,579.0,574.219970703125,574.219970703125,563300
2006-10-15 15:00:00,579.8499755859375,582.5,579.52001953125,582.0399780273438,565900
2006-10-16 15:00:00,585.9000244140625,586.0800170898438,566.22998046875,577.030029296875,674600
2006-10-17 15:00:00,575.52001953125,578.760009765625,570.27001953125,578.25,566900
2006-10-18 15:00:00,580.3900146484375,582.0,577.4199829101562,577.4299926757812,641100
2006-10-19 15:00:00,581.3200073242188,584.75,581.3200073242188,582.6500244140625,551500
2006-10-22 15:00:00,587.9500122070312,588.8800048828125,585.0900268554688,586.7899780273438,537700
2006-10-23 15:00:00,592.9600219726562,593.7100219726562,585.0499877929688,585.280029296875,644900
2006-10-24 15:00:00,587.0499877929688,588.4099731445312,585.969970703125,587.4299926757812,509600
2006-10-25 15:00:00,590.4400024414062,591.4000244140625,586.1500244140625,587.27001953125,485300
2006-10-26 15:00:00,590.030029296875,591.0800170898438,583.9000244140625,586.0999755859375,507100
2006-10-29 15:00:00,583.7100219726562,584.2999877929688,580.0999755859375,580.0999755859375,436900
2006-10-30 15:00:00,582.8699951171875,586.1199951171875,582.8699951171875,586.0999755859375,475000
2006-10-31 15:00:00,591.0,594.780029296875,589.6400146484375,594.7000122070312,517300
2006-11-01 15:00:00,593.1900024414062,596.6599731445312,592.4600219726562,595.4000244140625,488100
2006-11-02 15:00:00,598.02001953125,599.6099853515625,596.6699829101562,598.7899780273438,506400
2006-11-05 15:00:00,599.9500122070312,600.47998046875,594.739990234375,600.0599975585938,459400
2006-11-06 15:00:00,604.3699951171875,604.6599731445312,600.280029296875,600.6900024414062,541000
2006-11-07 15:00:00,603.0900268554688,603.719970703125,596.5999755859375,596.6099853515625,542700
2006-11-08 15:00:00,599.47998046875,602.8099975585938,598.969970703125,602.7999877929688,597100
2006-11-09 15:00:00,602.0499877929688,604.469970703125,601.3699951171875,603.9600219726562,644100
2006-11-12 15:00:00,606.4099731445312,607.1599731445312,602.2100219726562,604.9000244140625,602000
2006-11-13 15:00:00,607.989990234375,608.7899780273438,607.25,608.0900268554688,582600
2006-11-14 15:00:00,610.969970703125,611.25,606.02001953125,606.5399780273438,669600
2006-11-15 15:00:00,609.260009765625,610.6900024414062,609.0599975585938,609.6400146484375,700900
2006-11-16 15:00:00,611.2899780273438,612.739990234375,610.1900024414062,610.9299926757812,547500
2006-11-19 15:00:00,613.8200073242188,614.4199829101562,608.219970703125,608.239990234375,580200
2006-11-20 15:00:00,608.5599975585938,609.4299926757812,604.8099975585938,607.4299926757812,611900
2006-11-21 15:00:00,609.9600219726562,615.02001953125,609.8400268554688,614.8699951171875,621400
2006-11-22 15:00:00,617.4500122070312,618.760009765625,616.0,618.0800170898438,737700
2006-11-23 15:00:00,619.8699951171875,620.4099731445312,615.760009765625,616.6799926757812,657700
2006-11-26 15:00:00,617.52001953125,617.6099853515625,614.5999755859375,615.780029296875,572600
2006-11-27 15:00:00,607.719970703125,613.0499877929688,605.2100219726562,612.9299926757812,655300
2006-11-28 15:00:00,616.2000122070312,618.2899780273438,615.47998046875,617.1900024414062,671000
2006-11-29 15:00:00,621.2000122070312,622.25,620.1699829101562,622.1699829101562,673000
2006-11-30 15:00:00,623.489990234375,624.0399780273438,619.6500244140625,619.760009765625,616400
2006-12-03 15:00:00,619.0700073242188,620.3099975585938,618.1099853515625,618.1300048828125,553900
2006-12-04 15:00:00,621.77001953125,623.5499877929688,619.6099853515625,619.8699951171875,639300
2006-12-05 15:00:00,621.3099975585938,622.510009765625,610.6099853515625,614.989990234375,569800
2006-12-06 15:00:00,615.3800048828125,617.3699951171875,613.3800048828125,614.4299926757812,629400
2006-12-07 15:00:00,612.8099975585938,613.1400146484375,606.2899780273438,608.3900146484375,594400
2006-12-10 15:00:00,609.6300048828125,611.9400024414062,609.6300048828125,610.030029296875,534300
2006-12-11 15:00:00,611.2899780273438,611.2899780273438,595.27001953125,597.4600219726562,593600
2006-12-12 15:00:00,596.6699829101562,600.4099731445312,595.239990234375,598.3499755859375,528100
2006-12-13 15:00:00,599.8599853515625,606.030029296875,599.3499755859375,605.8900146484375,503900
2006-12-14 15:00:00,609.719970703125,613.3900146484375,609.719970703125,612.2899780273438,516700
2006-12-17 15:00:00,616.02001953125,617.5,615.8499755859375,616.5900268554688,550600
2006-12-18 15:00:00,617.0800170898438,617.8900146484375,613.1099853515625,613.4299926757812,604700
2006-12-19 15:00:00,615.2899780273438,617.1699829101562,612.8599853515625,614.27001953125,639900
2006-12-20 15:00:00,615.72998046875,615.780029296875,608.5499877929688,608.6900024414062,605300
2006-12-21 15:00:00,608.510009765625,609.1400146484375,601.3499755859375,601.5999755859375,696000
2006-12-25 15:00:00,600.7000122070312,601.3200073242188,588.1199951171875,590.1199951171875,629600
2006-12-26 15:00:00,591.5599975585938,593.4199829101562,590.530029296875,592.1799926757812,558500
2006-12-27 15:00:00,596.4299926757812,606.1500244140625,596.4299926757812,606.1500244140625,562500
2007-01-01 15:00:00,610.030029296875,610.1400146484375,608.22998046875,608.719970703125,475900
2007-01-02 15:00:00,610.8099975585938,610.8400268554688,601.8699951171875,602.6900024414062,564000
2007-01-03 15:00:00,604.8599853515625,605.8699951171875,600.2999877929688,603.9400024414062,604700
2007-01-04 15:00:00,607.0499877929688,608.2000122070312,592.2899780273438,602.3499755859375,684100
2007-01-07 15:00:00,601.1799926757812,601.6099853515625,596.8200073242188,597.8300170898438,594100
2007-01-08 15:00:00,600.4600219726562,602.510009765625,598.219970703125,601.9500122070312,673800
2007-01-09 15:00:00,603.1500244140625,603.4000244140625,591.75,596.780029296875,557000
2007-01-10 15:00:00,600.4299926757812,604.2000122070312,600.0900268554688,600.9400024414062,759900
2007-01-11 15:00:00,605.3699951171875,608.0599975585938,605.2100219726562,608.010009765625,694300
2007-01-14 15:00:00,612.489990234375,613.3800048828125,608.2000122070312,608.469970703125,701900
2007-01-15 15:00:00,610.3300170898438,610.5700073242188,604.469970703125,605.5,678200
2007-01-16 15:00:00,605.1900024414062,605.219970703125,596.6699829101562,598.1699829101562,819800
2007-01-17 15:00:00,597.5700073242188,602.4299926757812,596.47998046875,597.0499877929688,639900
2007-01-18 15:00:00,594.3400268554688,594.3400268554688,582.4099731445312,583.6199951171875,670300
2007-01-21 15:00:00,584.5599975585938,585.0599975585938,574.8499755859375,577.1199951171875,673500
2007-01-22 15:00:00,573.489990234375,577.47998046875,569.989990234375,571.0399780273438,635300
2007-01-23 15:00:00,573.7999877929688,580.27001953125,573.780029296875,580.27001953125,604300
2007-01-24 15:00:00,585.780029296875,587.219970703125,583.3300170898438,583.5800170898438,628400
2007-01-25 15:00:00,579.0499877929688,583.6599731445312,578.0999755859375,583.1500244140625,569800
2007-01-28 15:00:00,587.0599975585938,588.1099853515625,582.469970703125,582.47998046875,605000
2007-01-29 15:00:00,583.1599731445312,584.3400268554688,578.0599975585938,581.0399780273438,598900
2007-01-30 15:00:00,583.2100219726562,584.2000122070312,576.3499755859375,576.3699951171875,610100
2007-01-31 15:00:00,580.030029296875,583.75,578.8699951171875,582.4600219726562,617700
2007-02-01 15:00:00,584.9099731445312,592.010009765625,584.9099731445312,591.719970703125,608000
2007-02-04 15:00:00,595.77001953125,596.22998046875,593.3200073242188,594.6099853515625,534100
2007-02-05 15:00:00,596.3699951171875,597.3400268554688,594.6199951171875,596.219970703125,604000
2007-02-06 15:00:00,598.6300048828125,600.6500244140625,596.989990234375,600.5599975585938,618600
2007-02-07 15:00:00,602.9000244140625,604.2100219726562,600.77001953125,601.8200073242188,601000
2007-02-08 15:00:00,602.489990234375,604.8099975585938,601.5800170898438,601.8900146484375,561400
2007-02-11 15:00:00,600.239990234375,600.239990234375,595.489990234375,599.1900024414062,519400
2007-02-12 15:00:00,600.0900268554688,602.4500122070312,596.3499755859375,596.7100219726562,599900
2007-02-13 15:00:00,601.1099853515625,603.1199951171875,601.1099853515625,602.780029296875,594600
2007-02-14 15:00:00,607.9099731445312,608.27001953125,603.8400268554688,604.1699829101562,598100
2007-02-15 15:00:00,605.719970703125,605.8900146484375,602.5800170898438,605.0700073242188,533600
2007-02-19 15:00:00,607.3699951171875,608.1699829101562,605.8699951171875,607.47998046875,529200
2007-02-20 15:00:00,608.77001953125,609.0900268554688,606.0399780273438,608.1599731445312,590600
2007-02-21 15:00:00,610.010009765625,611.9199829101562,609.72998046875,610.4099731445312,624500
2007-02-22 15:00:00,612.75,613.5999755859375,609.77001953125,610.8300170898438,598200
2007-02-25 15:00:00,612.02001953125,615.3200073242188,610.9299926757812,613.010009765625,672900
2007-02-26 15:00:00,615.3400268554688,616.6400146484375,611.3800048828125,611.52001953125,687400
2007-02-27 15:00:00,586.4099731445312,600.9500122070312,581.8400268554688,600.9299926757812,636900
2007-03-04 15:00:00,605.1900024414062,607.2000122070312,594.030029296875,594.030029296875,720200
2007-03-05 15:00:00,595.6799926757812,602.1300048828125,595.5599975585938,601.9600219726562,713200
2007-03-06 15:00:00,608.8400268554688,610.22998046875,605.3400268554688,606.1900024414062,699800
2007-03-07 15:00:00,608.030029296875,613.030029296875,608.030029296875,611.6900024414062,656700
2007-03-08 15:00:00,615.7999877929688,616.280029296875,611.4500122070312,613.4099731445312,673900
2007-03-11 15:00:00,616.5900268554688,619.7000122070312,616.4199829101562,619.6199951171875,761200
2007-03-12 15:00:00,622.72998046875,622.8200073242188,619.469970703125,620.4099731445312,849600
2007-03-13 15:00:00,609.7000122070312,615.3499755859375,608.1199951171875,613.3099975585938,746200
2007-03-14 15:00:00,620.1599731445312,625.4099731445312,620.1599731445312,624.7000122070312,764800
2007-03-15 15:00:00,629.0399780273438,632.8099975585938,626.989990234375,631.3900146484375,770400
2007-03-18 15:00:00,635.1199951171875,643.9299926757812,635.1199951171875,643.8900146484375,797700
2007-03-19 15:00:00,650.5,651.5499877929688,644.489990234375,645.3699951171875,966400
2007-03-20 15:00:00,649.030029296875,649.77001953125,641.6400146484375,643.8200073242188,800100
2007-03-21 15:00:00,649.5700073242188,650.1400146484375,645.77001953125,645.77001953125,732600
2007-03-22 15:00:00,647.1199951171875,647.8699951171875,639.0999755859375,640.8900146484375,691700
2007-03-25 15:00:00,642.4299926757812,643.7000122070312,640.489990234375,640.8800048828125,664000
2007-03-26 15:00:00,643.8300170898438,643.8300170898438,639.8099975585938,641.2000122070312,748700
2007-03-27 15:00:00,641.0700073242188,644.0999755859375,635.760009765625,636.8200073242188,725200
2007-03-28 15:00:00,637.5599975585938,645.4199829101562,637.5599975585938,645.3699951171875,697400
2007-03-29 15:00:00,648.719970703125,649.3800048828125,646.8900146484375,648.989990234375,750200
2007-04-01 15:00:00,651.530029296875,653.8800048828125,650.510009765625,651.780029296875,714000
2007-04-02 15:00:00,654.1799926757812,655.7999877929688,650.3800048828125,655.219970703125,722600
2007-04-03 15:00:00,660.8900146484375,662.3300170898438,659.0900268554688,660.8099975585938,847000
2007-04-04 15:00:00,664.0,664.4000244140625,662.030029296875,663.97998046875,901900
2007-04-05 15:00:00,667.3400268554688,667.3900146484375,665.260009765625,666.0,804000
2007-04-08 15:00:00,669.260009765625,671.3200073242188,669.0700073242188,670.5399780273438,850000
2007-04-09 15:00:00,674.2899780273438,674.8200073242188,670.1099853515625,674.4099731445312,861700
2007-04-10 15:00:00,677.530029296875,678.6699829101562,676.5700073242188,676.7000122070312,897100
2007-04-11 15:00:00,676.3800048828125,682.1599731445312,676.219970703125,681.1900024414062,861600
2007-04-12 15:00:00,683.9500122070312,685.9600219726562,682.22998046875,685.219970703125,893200
2007-04-15 15:00:00,690.239990234375,697.0900268554688,689.1099853515625,697.0900268554688,851100
2007-04-16 15:00:00,698.239990234375,698.5499877929688,687.9299926757812,690.1599731445312,868600
2007-04-17 15:00:00,689.3699951171875,692.989990234375,688.719970703125,689.9500122070312,840900
2007-04-18 15:00:00,692.030029296875,692.6500244140625,680.6699829101562,682.8499755859375,725900
2007-04-19 15:00:00,685.0499877929688,691.5800170898438,685.0499877929688,691.5599975585938,799700
2007-04-22 15:00:00,697.97998046875,699.530029296875,692.0,692.010009765625,784600
2007-04-23 15:00:00,692.6699829101562,693.02001953125,688.3900146484375,691.5999755859375,757700
2007-04-24 15:00:00,693.6199951171875,693.9099731445312,679.47998046875,683.6599731445312,763100
2007-04-25 15:00:00,688.3599853515625,690.4000244140625,681.9299926757812,681.9299926757812,656300
2007-04-26 15:00:00,684.8400268554688,685.010009765625,675.2000122070312,675.52001953125,631300
2007-04-29 15:00:00,676.6300048828125,679.4199829101562,674.5599975585938,675.8800048828125,540800
2007-05-01 15:00:00,680.260009765625,682.6500244140625,677.52001953125,682.0700073242188,566500
2007-05-02 15:00:00,687.3300170898438,688.72998046875,685.7100219726562,686.530029296875,607300
2007-05-03 15:00:00,690.9299926757812,693.469970703125,689.7100219726562,693.4400024414062,569900
2007-05-06 15:00:00,699.4199829101562,703.25,699.4199829101562,702.760009765625,574500
2007-05-07 15:00:00,705.969970703125,706.1400146484375,697.77001953125,698.25,560300
2007-05-08 15:00:00,701.22998046875,702.1099853515625,698.6699829101562,701.5,546700
2007-05-09 15:00:00,708.780029296875,709.8200073242188,702.9400024414062,704.4400024414062,606200
2007-05-10 15:00:00,699.8200073242188,707.969970703125,696.6400146484375,707.969970703125,558500
2007-05-13 15:00:00,714.4400024414062,714.5800170898438,702.5700073242188,703.8300170898438,554200
2007-05-14 15:00:00,705.6500244140625,706.8900146484375,697.489990234375,697.530029296875,603100
2007-05-15 15:00:00,700.5800170898438,702.9400024414062,697.02001953125,701.4000244140625,567500
2007-05-16 15:00:00,708.3400268554688,710.9400024414062,707.3400268554688,710.6699829101562,638600
2007-05-17 15:00:00,713.0399780273438,713.2000122070312,705.6900024414062,711.0800170898438,590100
2007-05-20 15:00:00,708.3200073242188,710.27001953125,706.1300048828125,709.22998046875,614900
2007-05-21 15:00:00,712.9000244140625,713.5499877929688,709.4000244140625,710.8599853515625,708700
2007-05-22 15:00:00,716.280029296875,717.260009765625,713.22998046875,716.8300170898438,611800
2007-05-24 15:00:00,712.4299926757812,720.27001953125,711.5599975585938,719.5399780273438,597500
2007-05-27 15:00:00,726.6699829101562,729.4400024414062,725.9199829101562,729.1599731445312,591100
2007-05-28 15:00:00,736.030029296875,737.2000122070312,733.22998046875,734.8200073242188,654300
2007-05-29 15:00:00,741.0,742.1099853515625,729.010009765625,735.5999755859375,632500
2007-05-30 15:00:00,743.3099975585938,748.0399780273438,739.6900024414062,747.8699951171875,654500
2007-05-31 15:00:00,754.0700073242188,754.47998046875,742.02001953125,742.6099853515625,600200
2007-06-03 15:00:00,751.6500244140625,752.739990234375,738.9400024414062,745.489990234375,526900
2007-06-04 15:00:00,748.8400268554688,752.0700073242188,744.0499877929688,750.0800170898438,549900
2007-06-06 15:00:00,746.260009765625,761.8499755859375,745.0599975585938,761.8400268554688,585500
2007-06-07 15:00:00,758.510009765625,763.8499755859375,752.02001953125,760.6300048828125,582400
2007-06-10 15:00:00,770.4600219726562,771.4400024414062,758.6500244140625,758.6900024414062,651700
2007-06-11 15:00:00,763.7899780273438,764.75,757.2100219726562,763.0499877929688,647700
2007-06-12 15:00:00,763.0700073242188,766.6500244140625,758.22998046875,765.530029296875,548600
2007-06-13 15:00:00,775.1300048828125,783.0900268554688,773.2999877929688,783.02001953125,629700
2007-06-14 15:00:00,791.3900146484375,800.760009765625,790.2899780273438,800.6099853515625,745800
2007-06-17 15:00:00,812.4299926757812,818.8800048828125,811.9400024414062,818.1099853515625,801200
2007-06-18 15:00:00,824.1799926757812,824.1799926757812,814.760009765625,819.969970703125,856600
2007-06-19 15:00:00,826.219970703125,828.0800170898438,794.5599975585938,797.27001953125,812000
2007-06-20 15:00:00,794.260009765625,811.1300048828125,793.739990234375,810.3599853515625,744300
2007-06-21 15:00:00,820.3099975585938,822.2000122070312,804.2100219726562,809.5800170898438,747600
2007-06-24 15:00:00,803.6699829101562,810.9199829101562,793.5900268554688,796.7999877929688,653300
2007-06-25 15:00:00,802.6099853515625,804.489990234375,769.0900268554688,780.3099975585938,711700
2007-06-26 15:00:00,780.780029296875,780.9099731445312,759.4099731445312,761.030029296875,549700
2007-06-27 15:00:00,770.1099853515625,778.5800170898438,767.9400024414062,778.5,490400
2007-06-28 15:00:00,782.27001953125,786.8200073242188,776.5999755859375,778.6900024414062,438300
2007-07-01 15:00:00,781.4199829101562,784.9000244140625,779.4000244140625,784.6099853515625,384100
2007-07-02 15:00:00,794.6500244140625,797.4400024414062,793.2100219726562,796.7100219726562,512900
2007-07-03 15:00:00,805.219970703125,806.469970703125,800.6099853515625,804.02001953125,514500
2007-07-04 15:00:00,809.489990234375,810.719970703125,802.8499755859375,802.8699951171875,486100
2007-07-05 15:00:00,809.8800048828125,811.0700073242188,801.72998046875,811.0599975585938,456200
2007-07-08 15:00:00,819.1699829101562,820.97998046875,810.22998046875,813.5900268554688,506900
2007-07-09 15:00:00,820.4400024414062,820.7000122070312,809.780029296875,814.8499755859375,467300
2007-07-10 15:00:00,810.2899780273438,820.7899780273438,809.2000122070312,820.02001953125,474000
2007-07-11 15:00:00,828.5,831.1699829101562,826.27001953125,828.219970703125,509800
2007-07-12 15:00:00,840.8300170898438,841.0900268554688,821.969970703125,825.4000244140625,561700
2007-07-15 15:00:00,829.4500122070312,829.510009765625,815.510009765625,819.9099731445312,502700
2007-07-17 15:00:00,826.0599975585938,826.7899780273438,818.9099731445312,818.9199829101562,558100
2007-07-18 15:00:00,822.5800170898438,824.239990234375,816.1799926757812,819.3200073242188,554700
2007-07-19 15:00:00,826.02001953125,826.4199829101562,820.4099731445312,825.3300170898438,546300
2007-07-22 15:00:00,824.0399780273438,827.9600219726562,818.7899780273438,818.7899780273438,593200
2007-07-23 15:00:00,824.6500244140625,824.6900024414062,805.9000244140625,813.469970703125,642400
2007-07-24 15:00:00,808.6500244140625,820.5999755859375,806.5900268554688,819.5999755859375,590000
2007-07-25 15:00:00,826.239990234375,828.8699951171875,817.280029296875,817.280029296875,566500
2007-07-26 15:00:00,803.1799926757812,805.780029296875,783.25,792.0599975585938,530100
2007-07-29 15:00:00,788.6699829101562,794.5,785.9099731445312,794.1900024414062,450400
2007-07-30 15:00:00,803.25,811.5399780273438,800.9199829101562,811.52001953125,539500
2007-07-31 15:00:00,807.6599731445312,809.7100219726562,788.1799926757812,789.4600219726562,552700
2007-08-01 15:00:00,801.510009765625,804.5700073242188,772.5999755859375,786.52001953125,598200
2007-08-02 15:00:00,797.3300170898438,800.8599853515625,795.219970703125,798.8599853515625,527000
2007-08-05 15:00:00,786.4400024414062,796.4299926757812,784.1300048828125,795.8499755859375,438600
2007-08-06 15:00:00,807.8499755859375,808.3800048828125,796.6500244140625,800.8300170898438,575800
2007-08-07 15:00:00,807.1699829101562,808.8499755859375,802.239990234375,807.9600219726562,595300
2007-08-08 15:00:00,816.5700073242188,817.5399780273438,807.3099975585938,812.6900024414062,643700
2007-08-09 15:00:00,796.1799926757812,801.0599975585938,782.7100219726562,788.4099731445312,670100
2007-08-12 15:00:00,795.1500244140625,796.010009765625,783.22998046875,786.2000122070312,556500
2007-08-13 15:00:00,787.9500122070312,789.530029296875,761.7899780273438,766.9199829101562,646100
2007-08-15 15:00:00,733.780029296875,733.780029296875,688.280029296875,689.0700073242188,774900
2007-08-16 15:00:00,689.530029296875,694.3800048828125,669.2999877929688,673.47998046875,646600
2007-08-19 15:00:00,700.1799926757812,721.7100219726562,700.1799926757812,721.5900268554688,567400
2007-08-20 15:00:00,729.0399780273438,732.7999877929688,721.489990234375,727.8800048828125,577300
2007-08-21 15:00:00,733.97998046875,743.030029296875,733.97998046875,741.4299926757812,826400
2007-08-22 15:00:00,757.2100219726562,761.02001953125,755.7999877929688,756.27001953125,768200
2007-08-23 15:00:00,756.02001953125,757.739990234375,749.4099731445312,754.1599731445312,682400
2007-08-26 15:00:00,769.510009765625,770.760009765625,760.6199951171875,760.6300048828125,596700
2007-08-27 15:00:00,760.0999755859375,763.1699829101562,755.989990234375,760.4299926757812,705600
2007-08-28 15:00:00,736.2000122070312,758.6500244140625,734.4299926757812,758.6400146484375,608000
2007-08-29 15:00:00,773.9600219726562,775.1199951171875,765.5800170898438,765.5999755859375,558400
2007-08-30 15:00:00,769.2100219726562,775.2000122070312,766.989990234375,775.1300048828125,618600
2007-09-02 15:00:00,783.489990234375,783.7000122070312,776.6799926757812,778.8900146484375,597000
2007-09-03 15:00:00,782.47998046875,782.75,773.5499877929688,775.760009765625,726600
2007-09-04 15:00:00,783.6199951171875,784.3200073242188,773.280029296875,773.5399780273438,681400
2007-09-05 15:00:00,769.780029296875,776.9000244140625,767.1199951171875,776.9000244140625,542600
2007-09-06 15:00:00,780.510009765625,781.9400024414062,773.3499755859375,775.8499755859375,705600
2007-09-09 15:00:00,759.5800170898438,762.5999755859375,753.3200073242188,760.719970703125,602800
2007-09-10 15:00:00,766.239990234375,768.02001953125,762.8800048828125,767.3200073242188,703500
2007-09-11 15:00:00,774.719970703125,776.27001953125,757.8300170898438,757.8300170898438,816500
2007-09-12 15:00:00,758.8900146484375,767.4199829101562,755.719970703125,767.3900146484375,751000
2007-09-13 15:00:00,775.530029296875,783.7899780273438,775.530029296875,783.27001953125,735100
2007-09-16 15:00:00,789.1699829101562,790.1500244140625,782.6500244140625,784.75,676500
2007-09-17 15:00:00,784.75,784.9600219726562,775.4299926757812,775.4500122070312,869100
2007-09-18 15:00:00,793.8900146484375,796.02001953125,783.5599975585938,784.6699829101562,862300
2007-09-19 15:00:00,787.52001953125,788.239990234375,781.8800048828125,781.9600219726562,756400
2007-09-20 15:00:00,783.9000244140625,788.4099731445312,781.02001953125,788.4099731445312,621100
2007-09-26 15:00:00,797.3099975585938,799.1099853515625,789.030029296875,792.1300048828125,533800
2007-09-27 15:00:00,793.2100219726562,794.5999755859375,787.7000122070312,794.5599975585938,556300
2007-09-30 15:00:00,798.2899780273438,804.27001953125,797.22998046875,803.1199951171875,573200
2007-10-01 15:00:00,813.9400024414062,816.8800048828125,810.2000122070312,810.3200073242188,657100
2007-10-03 15:00:00,810.3900146484375,816.9199829101562,808.510009765625,814.719970703125,636300
2007-10-04 15:00:00,818.010009765625,818.1199951171875,812.02001953125,813.510009765625,685700
2007-10-07 15:00:00,823.5,828.8300170898438,815.8400268554688,816.469970703125,651600
2007-10-08 15:00:00,819.8900146484375,823.4600219726562,804.5399780273438,812.7999877929688,648600
2007-10-09 15:00:00,822.8099975585938,823.4099731445312,815.0999755859375,818.260009765625,645100
2007-10-10 15:00:00,817.2100219726562,820.6500244140625,812.2999877929688,817.280029296875,694100
2007-10-11 15:00:00,812.5599975585938,813.0,802.4099731445312,806.6900024414062,611200
2007-10-14 15:00:00,815.6500244140625,816.75,811.5599975585938,813.9299926757812,570800
2007-10-15 15:00:00,807.6599731445312,808.2899780273438,789.6400146484375,792.72998046875,621500
2007-10-16 15:00:00,789.489990234375,791.5599975585938,764.989990234375,780.219970703125,587600
2007-10-17 15:00:00,786.0599975585938,793.3800048828125,784.7999877929688,792.2000122070312,430600
2007-10-18 15:00:00,797.5499877929688,797.9600219726562,786.9199829101562,786.9299926757812,497200
2007-10-21 15:00:00,747.1099853515625,769.4000244140625,742.1300048828125,768.9000244140625,472500
2007-10-22 15:00:00,786.4199829101562,789.030029296875,780.9000244140625,789.0,502000
2007-10-23 15:00:00,799.0900268554688,801.8400268554688,779.2000122070312,781.7899780273438,596200
2007-10-24 15:00:00,792.5999755859375,798.239990234375,786.5900268554688,793.7000122070312,471700
2007-10-25 15:00:00,798.219970703125,799.4099731445312,791.239990234375,799.0599975585938,486000
2007-10-28 15:00:00,809.4099731445312,811.2899780273438,804.3499755859375,807.3099975585938,456500
2007-10-29 15:00:00,812.3400268554688,812.6099853515625,802.0800170898438,804.989990234375,430800
2007-10-30 15:00:00,810.1799926757812,811.6199951171875,804.9400024414062,810.0700073242188,539900
2007-10-31 15:00:00,820.3900146484375,820.3900146484375,808.1199951171875,809.5,498900
2007-11-01 15:00:00,792.0700073242188,799.489990234375,790.1199951171875,797.6599731445312,459100
2007-11-04 15:00:00,805.3300170898438,808.530029296875,792.8200073242188,794.6500244140625,411600
2007-11-05 15:00:00,797.8900146484375,801.6500244140625,796.5700073242188,800.9199829101562,470600
2007-11-06 15:00:00,808.780029296875,809.2899780273438,794.0800170898438,794.0800170898438,512800
2007-11-07 15:00:00,785.4000244140625,789.9299926757812,775.6099853515625,779.6500244140625,497500
2007-11-08 15:00:00,790.1099853515625,792.9299926757812,775.4600219726562,779.0399780273438,473400
2007-11-11 15:00:00,770.9000244140625,770.9000244140625,742.6099853515625,754.72998046875,425500
2007-11-12 15:00:00,757.0399780273438,760.4500122070312,741.260009765625,756.5900268554688,465600
2007-11-13 15:00:00,773.3099975585938,774.6500244140625,763.2999877929688,764.1500244140625,414900
2007-11-14 15:00:00,764.6900024414062,765.0599975585938,747.510009765625,751.27001953125,449000
2007-11-15 15:00:00,746.4000244140625,755.3400268554688,735.4500122070312,755.2899780273438,379400
2007-11-18 15:00:00,762.1500244140625,762.6500244140625,750.780029296875,750.7899780273438,354500
2007-11-19 15:00:00,739.1400146484375,739.469970703125,723.6099853515625,739.469970703125,415600
2007-11-20 15:00:00,744.0399780273438,749.4299926757812,727.2899780273438,727.3300170898438,436400
2007-11-21 15:00:00,723.1799926757812,732.0399780273438,714.530029296875,722.0399780273438,401400
2007-11-22 15:00:00,722.7999877929688,726.8099975585938,692.22998046875,700.6799926757812,479900
2007-11-25 15:00:00,713.0700073242188,722.6300048828125,711.8900146484375,721.4099731445312,422600
2007-11-26 15:00:00,707.5800170898438,725.5599975585938,704.3300170898438,725.5499877929688,491100
2007-11-27 15:00:00,735.9099731445312,737.4600219726562,723.4600219726562,723.5399780273438,462000
2007-11-28 15:00:00,738.1699829101562,739.8699951171875,731.1799926757812,734.9199829101562,481800
2007-11-29 15:00:00,738.9000244140625,742.8599853515625,736.260009765625,741.8400268554688,460700
2007-12-02 15:00:00,746.8400268554688,747.6500244140625,736.9299926757812,736.9299926757812,479400
2007-12-03 15:00:00,741.280029296875,748.9000244140625,738.47998046875,747.530029296875,542700
2007-12-04 15:00:00,746.9299926757812,752.530029296875,745.8499755859375,749.9500122070312,575800
2007-12-05 15:00:00,761.5499877929688,762.8699951171875,751.4000244140625,751.5700073242188,614000
2007-12-06 15:00:00,758.1900024414062,758.5599975585938,747.0700073242188,747.6500244140625,624400
2007-12-09 15:00:00,752.0499877929688,752.0499877929688,739.1599731445312,739.1900024414062,586100
2007-12-10 15:00:00,741.7100219726562,742.1799926757812,731.6500244140625,734.3300170898438,616500
2007-12-11 15:00:00,722.9199829101562,730.1599731445312,718.1799926757812,729.52001953125,640400
2007-12-12 15:00:00,733.75,735.239990234375,730.5599975585938,733.6799926757812,534800
2007-12-13 15:00:00,734.4099731445312,734.47998046875,723.5800170898438,725.530029296875,632400
2007-12-16 15:00:00,721.1799926757812,721.1799926757812,702.489990234375,702.489990234375,480300
2007-12-17 15:00:00,695.9299926757812,711.0700073242188,694.0999755859375,709.469970703125,503000
2007-12-19 15:00:00,713.72998046875,715.97998046875,700.5599975585938,700.6900024414062,455600
2007-12-20 15:00:00,703.9299926757812,705.260009765625,692.3400268554688,697.4600219726562,430300
2007-12-23 15:00:00,703.7899780273438,704.22998046875,698.489990234375,698.72998046875,433700
2007-12-25 15:00:00,701.969970703125,702.6699829101562,691.9500122070312,692.02001953125,429900
2007-12-26 15:00:00,694.0,699.6900024414062,694.0,699.6500244140625,436400
2007-12-27 15:00:00,697.1400146484375,704.9199829101562,697.1400146484375,704.22998046875,383200
2008-01-01 15:00:00,709.0700073242188,713.52001953125,707.1199951171875,707.1199951171875,381200
2008-01-02 15:00:00,702.5700073242188,714.0599975585938,701.8599853515625,714.0,470300
2008-01-03 15:00:00,716.9099731445312,719.7000122070312,711.4000244140625,719.25,448200
2008-01-06 15:00:00,707.6199951171875,716.27001953125,703.760009765625,711.77001953125,436500
2008-01-07 15:00:00,715.5900268554688,716.6699829101562,709.2999877929688,709.3099975585938,510600
2008-01-08 15:00:00,705.5900268554688,712.989990234375,705.469970703125,712.7100219726562,473800
2008-01-09 15:00:00,718.2999877929688,719.989990234375,712.8200073242188,713.3599853515625,470700
2008-01-10 15:00:00,717.8599853515625,719.989990234375,699.1500244140625,699.239990234375,451000
2008-01-13 15:00:00,696.0599975585938,698.780029296875,685.3200073242188,688.5900268554688,430800
2008-01-14 15:00:00,694.4199829101562,696.1099853515625,665.9600219726562,673.25,467200
2008-01-15 15:00:00,660.27001953125,662.52001953125,651.1099853515625,651.3599853515625,447700
2008-01-16 15:00:00,657.52001953125,662.1400146484375,643.2999877929688,651.9099731445312,440400
2008-01-17 15:00:00,644.02001953125,666.3599853515625,641.260009765625,666.3200073242188,477200
2008-01-20 15:00:00,666.1099853515625,667.4000244140625,650.97998046875,651.8699951171875,482600
2008-01-21 15:00:00,636.2000122070312,636.8400268554688,597.6199951171875,614.7999877929688,622800
2008-01-22 15:00:00,629.010009765625,635.02001953125,614.6300048828125,619.97998046875,493200
2008-01-23 15:00:00,632.2000122070312,639.02001953125,632.2000122070312,638.97998046875,529100
2008-01-24 15:00:00,648.219970703125,653.8200073242188,645.52001953125,653.780029296875,549700
2008-01-27 15:00:00,648.9299926757812,651.0900268554688,632.4500122070312,634.52001953125,519700
2008-01-28 15:00:00,644.3599853515625,646.0499877929688,629.2000122070312,632.6699829101562,587400
2008-01-29 15:00:00,639.0399780273438,639.0900268554688,602.989990234375,603.1099853515625,604300
2008-01-30 15:00:00,599.0900268554688,610.3599853515625,594.469970703125,608.8400268554688,470000
2008-01-31 15:00:00,616.3200073242188,619.7899780273438,608.6900024414062,612.5700073242188,515200
2008-02-03 15:00:00,621.0399780273438,638.4500122070312,621.0399780273438,638.3800048828125,444400
2008-02-04 15:00:00,637.3599853515625,642.3499755859375,635.1099853515625,642.3499755859375,443600
2008-02-10 15:00:00,629.1699829101562,633.1300048828125,626.6199951171875,629.9400024414062,421600
2008-02-11 15:00:00,636.9600219726562,638.739990234375,634.27001953125,636.2899780273438,481700
2008-02-12 15:00:00,643.3699951171875,644.489990234375,635.780029296875,635.8900146484375,576200
2008-02-13 15:00:00,643.5599975585938,650.0700073242188,643.5599975585938,649.530029296875,539600
2008-02-14 15:00:00,646.2899780273438,652.6400146484375,643.8900146484375,651.5700073242188,437400
2008-02-17 15:00:00,655.7100219726562,657.3499755859375,650.9500122070312,654.7100219726562,504700
2008-02-18 15:00:00,659.5599975585938,660.8200073242188,655.7999877929688,660.75,588700
2008-02-19 15:00:00,661.1199951171875,661.2000122070312,651.22998046875,652.760009765625,520200
2008-02-20 15:00:00,660.530029296875,660.760009765625,654.1099853515625,654.4099731445312,547700
2008-02-21 15:00:00,650.9299926757812,653.52001953125,647.9000244140625,653.1199951171875,489300
2008-02-24 15:00:00,659.3499755859375,660.6599731445312,653.5800170898438,653.8300170898438,477900
2008-02-25 15:00:00,659.6199951171875,660.4000244140625,654.8699951171875,656.4299926757812,541500
2008-02-26 15:00:00,662.1900024414062,662.2100219726562,655.010009765625,655.0499877929688,527500
2008-02-27 15:00:00,658.5599975585938,659.8200073242188,655.0399780273438,659.280029296875,506200
2008-02-28 15:00:00,657.4400024414062,658.9600219726562,654.9500122070312,655.9400024414062,468300
2008-03-02 15:00:00,644.0599975585938,645.25,642.280029296875,644.510009765625,477600
2008-03-03 15:00:00,649.7000122070312,650.6400146484375,643.010009765625,645.3900146484375,501600
2008-03-04 15:00:00,648.2000122070312,649.1900024414062,643.4299926757812,645.4299926757812,497000
2008-03-05 15:00:00,649.1400146484375,652.5499877929688,649.1400146484375,652.5499877929688,464600
2008-03-06 15:00:00,644.3499755859375,646.9500122070312,641.0399780273438,643.75,483100
2008-03-09 15:00:00,637.1199951171875,640.3599853515625,622.5499877929688,622.5999755859375,493200
2008-03-10 15:00:00,616.4000244140625,627.1599731445312,614.3300170898438,627.1400146484375,442700
2008-03-11 15:00:00,641.8200073242188,642.5900268554688,631.260009765625,631.2899780273438,501600
2008-03-12 15:00:00,632.8400268554688,633.3699951171875,618.780029296875,621.8099975585938,505100
2008-03-13 15:00:00,628.1799926757812,630.030029296875,610.2100219726562,617.7100219726562,447800
2008-03-16 15:00:00,613.5700073242188,613.5700073242188,591.4000244140625,600.6799926757812,368400
2008-03-17 15:00:00,602.760009765625,605.2100219726562,596.22998046875,600.0999755859375,414500
2008-03-18 15:00:00,612.4000244140625,613.3699951171875,610.0999755859375,612.1300048828125,418000
2008-03-19 15:00:00,607.1099853515625,609.5800170898438,604.97998046875,609.3200073242188,372400
2008-03-20 15:00:00,616.3099975585938,618.4199829101562,614.6099853515625,615.9299926757812,458100
2008-03-23 15:00:00,621.1500244140625,621.9400024414062,619.030029296875,619.5999755859375,382600
2008-03-24 15:00:00,627.3900146484375,630.22998046875,626.239990234375,628.219970703125,515400
2008-03-25 15:00:00,629.3499755859375,630.02001953125,625.219970703125,628.3800048828125,519300
2008-03-26 15:00:00,627.27001953125,629.780029296875,623.8800048828125,629.6099853515625,491700
2008-03-27 15:00:00,629.3599853515625,636.72998046875,629.3599853515625,636.6699829101562,600500
2008-03-30 15:00:00,641.97998046875,645.1099853515625,640.8499755859375,644.4500122070312,460500
2008-03-31 15:00:00,649.010009765625,649.260009765625,643.4600219726562,643.4600219726562,500700
2008-04-01 15:00:00,653.1699829101562,653.7100219726562,647.8900146484375,647.9199829101562,563200
2008-04-02 15:00:00,649.6099853515625,650.1799926757812,647.6900024414062,649.260009765625,486400
2008-04-03 15:00:00,652.27001953125,652.4099731445312,646.5900268554688,648.489990234375,501300
2008-04-06 15:00:00,651.1500244140625,655.489990234375,651.0999755859375,654.0999755859375,526400
2008-04-07 15:00:00,657.02001953125,657.469970703125,650.8699951171875,651.8300170898438,584200
2008-04-09 15:00:00,651.02001953125,654.8900146484375,649.1799926757812,652.6799926757812,494000
2008-04-10 15:00:00,655.25,656.5999755859375,649.010009765625,651.8699951171875,546200
2008-04-13 15:00:00,644.780029296875,645.6900024414062,641.030029296875,641.030029296875,473100
2008-04-14 15:00:00,642.5900268554688,644.1099853515625,639.5800170898438,641.8699951171875,476300
2008-04-15 15:00:00,645.8099975585938,646.7899780273438,640.6099853515625,641.7100219726562,492300
2008-04-16 15:00:00,648.1500244140625,649.0999755859375,639.3400268554688,641.5999755859375,503800
2008-04-17 15:00:00,646.0399780273438,646.4000244140625,640.9299926757812,643.75,558600
2008-04-20 15:00:00,651.6900024414062,652.5399780273438,650.0599975585938,650.0599975585938,505800
2008-04-21 15:00:00,651.3400268554688,653.9299926757812,647.9000244140625,650.5800170898438,508000
2008-04-22 15:00:00,649.4400024414062,653.1900024414062,648.530029296875,650.6799926757812,527600
2008-04-23 15:00:00,653.7999877929688,653.989990234375,648.6300048828125,648.7899780273438,497000
2008-04-24 15:00:00,652.3099975585938,655.6199951171875,652.3099975585938,654.7000122070312,404800
2008-04-27 15:00:00,658.1099853515625,659.0800170898438,647.5599975585938,647.5999755859375,419000
2008-04-28 15:00:00,650.739990234375,651.6900024414062,643.7000122070312,644.4000244140625,454500
2008-04-29 15:00:00,646.9299926757812,647.3400268554688,642.9600219726562,647.02001953125,396600
2008-05-01 15:00:00,653.7899780273438,656.1900024414062,653.27001953125,655.7999877929688,417500
2008-05-05 15:00:00,657.739990234375,657.739990234375,652.7999877929688,652.9099731445312,376600
2008-05-06 15:00:00,653.9199829101562,655.3499755859375,644.4400024414062,645.6199951171875,515000
2008-05-07 15:00:00,641.8400268554688,649.530029296875,641.1199951171875,649.2899780273438,396800
2008-05-08 15:00:00,654.6300048828125,655.0999755859375,651.1799926757812,653.2899780273438,417600
2008-05-12 15:00:00,655.5700073242188,656.219970703125,653.2000122070312,655.4400024414062,421400
2008-05-13 15:00:00,656.9199829101562,657.9500122070312,651.7000122070312,652.1400146484375,457200
2008-05-14 15:00:00,654.260009765625,654.489990234375,652.47998046875,653.5399780273438,460300
2008-05-15 15:00:00,656.6400146484375,657.5800170898438,651.1300048828125,652.5599975585938,514400
2008-05-18 15:00:00,655.5399780273438,656.5800170898438,651.9199829101562,652.6500244140625,485100
2008-05-19 15:00:00,654.9299926757812,655.3599853515625,648.0800170898438,650.0999755859375,445200
2008-05-20 15:00:00,645.969970703125,648.7000122070312,644.7999877929688,645.47998046875,437800
2008-05-21 15:00:00,642.7899780273438,647.22998046875,640.47998046875,647.1500244140625,400600
2008-05-22 15:00:00,650.489990234375,651.6799926757812,648.9099731445312,649.0,403900
2008-05-25 15:00:00,647.1699829101562,647.5800170898438,639.9199829101562,641.0999755859375,380000
2008-05-26 15:00:00,641.9400024414062,644.52001953125,641.9400024414062,644.3800048828125,414600
2008-05-27 15:00:00,648.1799926757812,649.5599975585938,640.9400024414062,640.9600219726562,437700
2008-05-28 15:00:00,644.2100219726562,646.7999877929688,643.969970703125,646.7999877929688,444400
2008-05-29 15:00:00,650.72998046875,652.27001953125,646.5700073242188,652.1500244140625,460800
2008-06-01 15:00:00,654.9400024414062,655.0,650.219970703125,651.1099853515625,397100
2008-06-02 15:00:00,648.5399780273438,648.7000122070312,642.2899780273438,643.6699829101562,588800
2008-06-03 15:00:00,642.1400146484375,645.9099731445312,640.97998046875,645.8499755859375,479900
2008-06-04 15:00:00,648.1500244140625,648.3900146484375,643.030029296875,644.0900268554688,466100
2008-06-08 15:00:00,631.1699829101562,638.3499755859375,629.9500122070312,637.0,429600
2008-06-09 15:00:00,639.5900268554688,640.25,624.8200073242188,626.010009765625,523700
2008-06-10 15:00:00,629.489990234375,630.8200073242188,623.9199829101562,628.6699829101562,553900
2008-06-11 15:00:00,623.9299926757812,627.5,621.4000244140625,624.2000122070312,550100
2008-06-12 15:00:00,628.7999877929688,630.0999755859375,619.1199951171875,622.1500244140625,551400
2008-06-15 15:00:00,626.510009765625,626.75,620.97998046875,621.02001953125,516200
2008-06-16 15:00:00,622.760009765625,623.4199829101562,610.9500122070312,612.4099731445312,538600
2008-06-17 15:00:00,611.6300048828125,614.9099731445312,611.510009765625,614.8300170898438,529800
2008-06-18 15:00:00,612.8599853515625,614.510009765625,609.1599731445312,610.989990234375,479500
2008-06-19 15:00:00,615.0,616.0399780273438,608.6599731445312,609.1599731445312,465000
2008-06-22 15:00:00,602.3400268554688,605.8499755859375,600.0900268554688,605.7100219726562,465800
2008-06-23 15:00:00,606.010009765625,606.0800170898438,599.239990234375,600.3599853515625,508900
2008-06-24 15:00:00,601.9400024414062,603.6699829101562,599.4099731445312,601.719970703125,510600
2008-06-25 15:00:00,604.3300170898438,608.6199951171875,602.6500244140625,602.739990234375,493600
2008-06-26 15:00:00,590.5800170898438,595.4500122070312,589.0800170898438,594.6300048828125,526000
2008-06-29 15:00:00,593.9199829101562,596.260009765625,589.6099853515625,590.1900024414062,463100
2008-06-30 15:00:00,591.2100219726562,592.25,579.5900268554688,580.77001953125,586200
2008-07-01 15:00:00,582.010009765625,582.5399780273438,549.760009765625,556.7899780273438,640700
2008-07-02 15:00:00,544.1199951171875,548.77001953125,530.719970703125,546.489990234375,548200
2008-07-03 15:00:00,547.9600219726562,551.7000122070312,538.2999877929688,538.2999877929688,427100
2008-07-06 15:00:00,535.7899780273438,537.219970703125,530.5999755859375,534.1699829101562,430300
2008-07-07 15:00:00,535.7100219726562,538.0800170898438,505.5799865722656,515.9199829101562,561000
2008-07-08 15:00:00,526.3300170898438,530.1699829101562,521.4000244140625,522.2899780273438,462800
2008-07-09 15:00:00,513.719970703125,531.6099853515625,512.3400268554688,531.6099853515625,507600
2008-07-10 15:00:00,535.239990234375,543.5399780273438,532.6599731445312,542.9600219726562,578900
2008-07-13 15:00:00,541.6099853515625,547.8400268554688,540.72998046875,541.1199951171875,492700
2008-07-14 15:00:00,541.8099975585938,541.9600219726562,522.989990234375,523.02001953125,562200
2008-07-15 15:00:00,526.1599731445312,529.3800048828125,515.6699829101562,520.8400268554688,558300
2008-07-16 15:00:00,532.6900024414062,533.239990234375,527.77001953125,527.8099975585938,589100
2008-07-17 15:00:00,532.3800048828125,533.5399780273438,521.4600219726562,522.530029296875,639900
2008-07-20 15:00:00,527.4299926757812,532.719970703125,527.4299926757812,531.25,518400
2008-07-21 15:00:00,531.2999877929688,531.510009765625,526.719970703125,529.72998046875,618000
2008-07-22 15:00:00,536.02001953125,536.780029296875,533.6799926757812,536.22998046875,630600
2008-07-23 15:00:00,540.260009765625,546.8800048828125,539.6599731445312,546.6500244140625,641300
2008-07-24 15:00:00,540.9099731445312,543.530029296875,539.9000244140625,543.260009765625,636100
2008-07-27 15:00:00,547.9600219726562,549.1699829101562,543.5999755859375,544.0499877929688,596700
2008-07-28 15:00:00,538.219970703125,538.3400268554688,531.3300170898438,535.3599853515625,715300
2008-07-29 15:00:00,543.0900268554688,543.9600219726562,537.1500244140625,538.530029296875,621600
2008-07-30 15:00:00,540.5900268554688,541.7999877929688,536.2899780273438,539.4400024414062,614900
2008-07-31 15:00:00,537.2999877929688,539.5599975585938,533.6500244140625,535.760009765625,450500
2008-08-03 15:00:00,536.719970703125,537.9500122070312,526.489990234375,526.489990234375,490600
2008-08-04 15:00:00,525.469970703125,528.8599853515625,518.760009765625,519.0999755859375,540100
2008-08-05 15:00:00,527.219970703125,528.469970703125,523.0999755859375,525.75,504800
2008-08-06 15:00:00,528.4299926757812,530.8300170898438,526.8300170898438,527.1500244140625,552600
2008-08-07 15:00:00,523.7000122070312,526.02001953125,522.3900146484375,525.5399780273438,497800
2008-08-10 15:00:00,531.4000244140625,532.4199829101562,527.1199951171875,527.1199951171875,425100
2008-08-11 15:00:00,529.0700073242188,529.8800048828125,526.3900146484375,526.4600219726562,532800
2008-08-12 15:00:00,525.6900024414062,527.0399780273438,520.8499755859375,521.719970703125,509800
2008-08-13 15:00:00,522.2899780273438,523.4000244140625,520.760009765625,522.8099975585938,472500
2008-08-17 15:00:00,524.0900268554688,524.4600219726562,516.77001953125,517.0399780273438,411300
2008-08-18 15:00:00,512.5599975585938,512.5800170898438,505.6099853515625,507.80999755859375,519300
2008-08-19 15:00:00,506.2300109863281,507.7000122070313,502.489990234375,504.8800048828125,489600
2008-08-20 15:00:00,506.5499877929688,507.5,495.1499938964844,495.1499938964844,486400
2008-08-21 15:00:00,494.0199890136719,494.3299865722656,474.9400024414063,483.4700012207031,469000
2008-08-24 15:00:00,486.55999755859375,488.9500122070313,484.3699951171875,484.3699951171875,379500
2008-08-25 15:00:00,476.3500061035156,481.1799926757813,475.1499938964844,477.05999755859375,402900
2008-08-26 15:00:00,477.010009765625,477.4700012207031,470.9800109863281,474.6600036621094,445600
2008-08-27 15:00:00,476.7099914550781,477.7900085449219,469.7999877929688,470.0799865722656,472200
2008-08-28 15:00:00,474.2000122070313,476.5899963378906,468.5299987792969,470.2799987792969,400200
2008-08-31 15:00:00,466.6499938964844,466.6499938964844,437.9200134277344,439.2099914550781,447000
2008-09-01 15:00:00,436.9800109863281,441.3299865722656,412.75,418.1400146484375,513600
2008-09-02 15:00:00,415.3800048828125,426.3900146484375,414.2699890136719,426.3699951171875,480000
2008-09-03 15:00:00,426.6499938964844,440.8800048828125,426.489990234375,438.4400024414063,497700
2008-09-04 15:00:00,428.8800048828125,442.489990234375,427.9200134277344,441.9500122070313,495700
2008-09-07 15:00:00,449.4800109863281,459.4200134277344,449.4800109863281,459.4200134277344,453400
2008-09-08 15:00:00,462.6099853515625,463.1600036621094,452.3999938964844,454.8200073242188,396000
2008-09-09 15:00:00,450.0499877929688,454.2000122070313,449.7999877929688,451.0,376300
2008-09-10 15:00:00,453.8500061035156,456.989990234375,452.1400146484375,454.7799987792969,455000
2008-09-11 15:00:00,460.8299865722656,466.9700012207031,460.8299865722656,466.9100036621094,421100
2008-09-15 15:00:00,435.1300048828125,437.7099914550781,425.9800109863281,429.2900085449219,456400
2008-09-16 15:00:00,440.6700134277344,448.2099914550781,440.6700134277344,444.9299926757813,493100
2008-09-17 15:00:00,432.3599853515625,436.9800109863281,427.0799865722656,433.760009765625,510200
2008-09-18 15:00:00,449.6300048828125,452.1600036621094,446.4100036621094,446.4599914550781,542800
2008-09-21 15:00:00,452.2799987792969,453.6099853515625,441.1300048828125,441.1300048828125,472100
2008-09-22 15:00:00,439.9800109863281,445.9200134277344,439.6799926757813,445.7200012207031,502300
2008-09-23 15:00:00,445.7000122070313,449.3900146484375,444.8299865722656,448.7999877929688,511300
2008-09-24 15:00:00,449.5299987792969,452.0899963378906,446.55999755859375,451.0299987792969,490900
2008-09-25 15:00:00,454.55999755859375,456.2200012207031,447.9100036621094,448.3399963378906,512700
2008-09-28 15:00:00,454.6000061035156,455.55999755859375,444.9200134277344,446.0499877929688,497100
2008-09-29 15:00:00,422.55999755859375,440.7699890136719,417.0499877929688,440.7699890136719,566800
2008-09-30 15:00:00,446.1499938964844,447.1499938964844,440.0799865722656,440.9500122070313,483900
2008-10-01 15:00:00,443.4400024414063,445.1499938964844,430.2200012207031,432.1000061035156,456200
2008-10-05 15:00:00,428.4700012207031,428.4700012207031,405.1000061035156,406.3900146484375,455100
2008-10-06 15:00:00,397.010009765625,401.9500122070313,385.8800048828125,401.9500122070313,476100
2008-10-07 15:00:00,391.1499938964844,392.760009765625,370.5700073242188,371.4700012207031,453600
2008-10-08 15:00:00,371.6799926757813,377.2699890136719,364.9800109863281,369.8399963378906,443300
2008-10-09 15:00:00,356.5599975585937,356.5599975585937,336.9700012207031,350.2799987792969,449700
2008-10-12 15:00:00,355.760009765625,368.2300109863281,355.760009765625,368.1700134277344,373800
2008-10-13 15:00:00,387.4299926757813,396.7699890136719,387.4299926757813,396.3200073242188,453800
2008-10-14 15:00:00,391.510009765625,395.2999877929688,389.0299987792969,390.2799987792969,422700
2008-10-15 15:00:00,370.0299987792969,370.5400085449219,353.07000732421875,354.42999267578125,437800
2008-10-16 15:00:00,367.8399963378906,370.5799865722656,344.3399963378906,352.17999267578125,445700
2008-10-19 15:00:00,355.7200012207031,359.0599975585937,339.8900146484375,353.0899963378906,369700
2008-10-20 15:00:00,359.8999938964844,363.1000061035156,347.8999938964844,350.9700012207031,387300
2008-10-21 15:00:00,349.2300109863281,351.0400085449219,327.3500061035156,335.5299987792969,423300
2008-10-22 15:00:00,322.239990234375,322.239990234375,301.6300048828125,308.95001220703125,377200
2008-10-23 15:00:00,308.70001220703125,309.57000732421875,273.29998779296875,276.67999267578125,399800
2008-10-26 15:00:00,267.8699951171875,276.45001220703125,255.07000732421875,261.19000244140625,397200
2008-10-27 15:00:00,247.8000030517578,272.67999267578125,245.0599975585937,272.42999267578125,518500
2008-10-28 15:00:00,287.1300048828125,294.5799865722656,253.7400054931641,265.5899963378906,620100
2008-10-29 15:00:00,280.1400146484375,296.9100036621094,276.4200134277344,296.04998779296875,534100
2008-10-30 15:00:00,299.8599853515625,310.7099914550781,296.0199890136719,308.0299987792969,527000
2008-11-02 15:00:00,313.1000061035156,326.7300109863281,313.1000061035156,325.5599975585937,553200
2008-11-03 15:00:00,331.8900146484375,336.4100036621094,323.82000732421875,335.489990234375,559100
2008-11-04 15:00:00,348.17999267578125,358.8599853515625,334.04998779296875,340.8500061035156,695500
2008-11-05 15:00:00,326.82000732421875,328.0199890136719,311.8500061035156,311.9599914550781,571600
2008-11-06 15:00:00,300.2799987792969,325.5400085449219,295.8800048828125,325.5400085449219,642200
2008-11-09 15:00:00,332.6400146484375,337.0400085449219,327.7300109863281,332.1700134277344,543000
2008-11-10 15:00:00,328.29998779296875,330.82000732421875,324.1000061035156,325.739990234375,501200
2008-11-11 15:00:00,319.67999267578125,326.9599914550781,318.510009765625,323.239990234375,510100
2008-11-12 15:00:00,311.0199890136719,313.2200012207031,301.760009765625,311.54998779296875,531300
2008-11-13 15:00:00,324.9200134277344,326.6300048828125,316.8099975585937,317.45001220703125,481900
2008-11-16 15:00:00,316.70001220703125,318.29998779296875,312.760009765625,314.9800109863281,460900
2008-11-17 15:00:00,312.7900085449219,315.9700012207031,305.260009765625,305.260009765625,479400
2008-11-18 15:00:00,309.94000244140625,310.32000732421875,292.6300048828125,297.4100036621094,591300
2008-11-19 15:00:00,284.3599853515625,284.3599853515625,272.8500061035156,273.0599975585937,557100
2008-11-20 15:00:00,266.7900085449219,290.1199951171875,263.2900085449219,290.1199951171875,592600
2008-11-23 15:00:00,291.5199890136719,295.6600036621094,284.5,284.5,532700
2008-11-24 15:00:00,296.07000732421875,299.4599914550781,283.8900146484375,287.3900146484375,545100
2008-11-25 15:00:00,290.8999938964844,296.1700134277344,290.8999938964844,295.510009765625,572300
2008-11-26 15:00:00,302.82000732421875,306.2099914550781,301.7300109863281,304.3599853515625,549900
2008-11-27 15:00:00,307.6400146484375,308.8999938964844,303.6400146484375,307.4800109863281,556500
2008-11-30 15:00:00,310.17999267578125,313.0199890136719,308.20001220703125,308.20001220703125,532700
2008-12-01 15:00:00,295.79998779296875,300.6600036621094,294.6199951171875,299.5799865722656,556600
2008-12-02 15:00:00,305.75,307.4100036621094,301.0,301.44000244140625,486500
2008-12-03 15:00:00,306.6000061035156,308.1199951171875,297.260009765625,298.9200134277344,561800
2008-12-04 15:00:00,299.82000732421875,302.25,297.32000732421875,302.1600036621094,515900
2008-12-07 15:00:00,307.5199890136719,316.7300109863281,307.5199890136719,316.7099914550781,557600
2008-12-08 15:00:00,321.5899963378906,321.8500061035156,316.989990234375,318.25,642400
2008-12-09 15:00:00,320.0400085449219,324.8099975585937,319.1700134277344,324.1499938964844,573800
2008-12-10 15:00:00,327.3699951171875,330.19000244140625,326.54998779296875,328.489990234375,611900
2008-12-11 15:00:00,327.6000061035156,331.7300109863281,315.6700134277344,320.07000732421875,713400
2008-12-14 15:00:00,328.4700012207031,335.2799987792969,328.4700012207031,335.1499938964844,684600
2008-12-15 15:00:00,336.1099853515625,339.32000732421875,334.69000244140625,337.8500061035156,665400
2008-12-16 15:00:00,346.67999267578125,347.67999267578125,335.1300048828125,338.8299865722656,775400
2008-12-17 15:00:00,341.94000244140625,343.57000732421875,337.5199890136719,340.29998779296875,758700
2008-12-18 15:00:00,339.3999938964844,342.4800109863281,338.3900146484375,342.45001220703125,685300
2008-12-21 15:00:00,346.1099853515625,348.7099914550781,343.4800109863281,346.0400085449219,655300
2008-12-22 15:00:00,346.0599975585937,346.7699890136719,337.6000061035156,338.760009765625,717300
2008-12-23 15:00:00,338.3399963378906,338.6600036621094,330.3500061035156,333.7300109863281,662100
2008-12-25 15:00:00,337.9700012207031,338.6600036621094,332.19000244140625,332.260009765625,513200
2008-12-28 15:00:00,332.7099914550781,332.8999938964844,324.7099914550781,329.17999267578125,523100
2008-12-29 15:00:00,330.4100036621094,333.3699951171875,330.3999938964844,332.04998779296875,617500
2009-01-01 15:00:00,337.3800048828125,339.7699890136719,335.8599853515625,339.760009765625,399500
2009-01-04 15:00:00,344.69000244140625,345.19000244140625,342.57000732421875,342.7699890136719,589400
2009-01-05 15:00:00,345.739990234375,350.760009765625,345.7300109863281,348.4100036621094,671300
2009-01-06 15:00:00,352.07000732421875,356.29998779296875,351.8800048828125,356.1300048828125,641700
2009-01-07 15:00:00,352.5799865722656,357.5799865722656,351.69000244140625,356.5199890136719,573200
2009-01-08 15:00:00,361.1600036621094,362.0299987792969,355.1000061035156,358.4800109863281,671600
2009-01-11 15:00:00,356.8399963378906,357.69000244140625,351.17999267578125,351.3500061035156,714300
2009-01-12 15:00:00,352.07000732421875,355.19000244140625,348.2799987792969,355.1300048828125,675700
2009-01-13 15:00:00,356.8699951171875,364.8599853515625,356.8699951171875,364.6300048828125,657100
2009-01-14 15:00:00,355.5199890136719,358.2300109863281,343.3500061035156,343.3500061035156,659800
2009-01-15 15:00:00,350.04998779296875,354.6300048828125,348.3800048828125,354.6000061035156,596600
2009-01-18 15:00:00,359.7099914550781,365.1700134277344,359.7099914550781,363.1300048828125,597100
2009-01-19 15:00:00,363.9700012207031,364.010009765625,356.2099914550781,358.19000244140625,666200
2009-01-20 15:00:00,345.989990234375,356.3399963378906,344.989990234375,352.42999267578125,543400
2009-01-21 15:00:00,361.1099853515625,361.9400024414063,358.45001220703125,358.5799865722656,524700
2009-01-22 15:00:00,357.1199951171875,358.1600036621094,351.489990234375,352.8299865722656,502600
2009-01-27 15:00:00,359.4599914550781,361.9599914550781,359.4599914550781,361.6799926757813,462900
2009-01-28 15:00:00,365.4599914550781,366.4200134277344,361.8299865722656,363.9800109863281,554100
2009-01-29 15:00:00,359.95001220703125,365.4200134277344,359.6000061035156,364.8999938964844,522300
2009-02-01 15:00:00,365.3500061035156,371.2099914550781,364.489990234375,365.7699890136719,493700
2009-02-02 15:00:00,369.7699890136719,372.2799987792969,367.4800109863281,372.2799987792969,505400
2009-02-03 15:00:00,377.510009765625,379.4800109863281,376.7200012207031,378.8800048828125,609400
2009-02-04 15:00:00,379.1499938964844,382.0,373.489990234375,373.489990234375,650600
2009-02-05 15:00:00,380.4400024414063,382.010009765625,374.989990234375,378.7900085449219,623100
2009-02-08 15:00:00,384.0199890136719,384.2699890136719,376.8299865722656,376.8299865722656,620300
2009-02-09 15:00:00,381.3800048828125,381.7799987792969,376.1199951171875,380.260009765625,676800
2009-02-10 15:00:00,372.1099853515625,383.5400085449219,371.2300109863281,383.4100036621094,647800
2009-02-11 15:00:00,387.0700073242188,390.010009765625,383.8800048828125,385.9200134277344,665300
2009-02-12 15:00:00,389.510009765625,396.1199951171875,387.4500122070313,395.6900024414063,829800
2009-02-15 15:00:00,398.7999877929688,406.1799926757813,398.4700012207031,402.8699951171875,843000
2009-02-16 15:00:00,405.6600036621094,405.989990234375,382.5400085449219,383.1700134277344,978600
2009-02-17 15:00:00,378.2300109863281,390.6600036621094,372.4599914550781,390.0700073242188,990900
2009-02-18 15:00:00,395.3900146484375,400.239990234375,383.7099914550781,384.6700134277344,1024600
2009-02-19 15:00:00,382.2699890136719,383.5799865722656,360.2300109863281,367.1400146484375,968200
2009-02-22 15:00:00,365.989990234375,375.5700073242188,364.3200073242188,375.5700073242188,694700
2009-02-23 15:00:00,365.1199951171875,372.1099853515625,363.75,370.1099853515625,645200
2009-02-24 15:00:00,381.010009765625,381.2799987792969,362.05999755859375,362.0799865722656,770000
2009-02-25 15:00:00,366.8800048828125,371.489990234375,350.989990234375,358.6499938964844,671700
2009-02-26 15:00:00,359.7799987792969,364.7300109863281,357.6099853515625,363.2099914550781,502900
2009-03-01 15:00:00,361.3500061035156,361.3500061035156,347.1400146484375,349.7099914550781,642000
2009-03-02 15:00:00,338.2099914550781,347.760009765625,334.1499938964844,347.760009765625,681300
2009-03-03 15:00:00,349.69000244140625,360.2799987792969,348.5,359.8999938964844,622700
2009-03-04 15:00:00,366.0,368.5499877929688,360.07000732421875,362.1600036621094,704800
2009-03-05 15:00:00,355.4200134277344,366.0199890136719,355.1099853515625,365.1799926757813,637900
2009-03-08 15:00:00,373.7000122070313,378.760009765625,372.4700012207031,378.7300109863281,645200
2009-03-09 15:00:00,377.2900085449219,380.6300048828125,375.6900024414063,377.9200134277344,756400
2009-03-10 15:00:00,385.6900024414063,386.0,381.5299987792969,385.6900024414063,783300
2009-03-11 15:00:00,388.7799987792969,391.0,385.9299926757813,386.5899963378906,810800
2009-03-12 15:00:00,393.0400085449219,393.7099914550781,387.8800048828125,389.2699890136719,883700
2009-03-15 15:00:00,392.8999938964844,393.80999755859375,387.75,387.7699890136719,663900
2009-03-16 15:00:00,391.3299865722656,394.739990234375,390.3599853515625,394.6600036621094,654300
2009-03-17 15:00:00,400.6300048828125,401.25,398.5400085449219,398.6000061035156,725300
2009-03-18 15:00:00,402.6900024414063,403.2300109863281,393.8699951171875,393.9400024414063,807100
2009-03-19 15:00:00,397.05999755859375,400.7999877929688,397.05999755859375,400.7099914550781,694600
2009-03-22 15:00:00,404.6300048828125,409.2300109863281,404.1400146484375,409.2300109863281,627900
2009-03-23 15:00:00,417.7799987792969,417.7799987792969,412.3900146484375,412.3900146484375,596400
2009-03-24 15:00:00,414.1799926757813,419.2999877929688,413.25,419.2900085449219,682200
2009-03-25 15:00:00,422.9299926757813,427.6099853515625,419.6799926757813,427.2699890136719,652300
2009-03-26 15:00:00,432.2000122070313,432.3399963378906,421.239990234375,421.239990234375,792300
2009-03-29 15:00:00,423.6900024414063,425.1600036621094,410.0,412.010009765625,602100
2009-03-30 15:00:00,415.6900024414063,422.6499938964844,415.6900024414063,421.4400024414063,647400
2009-03-31 15:00:00,425.55999755859375,431.0299987792969,423.1600036621094,430.9700012207031,654400
2009-04-01 15:00:00,437.4400024414063,440.9599914550781,436.8399963378906,439.8399963378906,757800
2009-04-02 15:00:00,445.760009765625,445.9400024414063,436.7300109863281,439.1600036621094,672800
2009-04-05 15:00:00,443.7000122070313,450.6499938964844,443.7000122070313,447.9400024414063,732300
2009-04-06 15:00:00,450.75,458.5799865722656,446.2099914550781,458.5700073242188,719600
2009-04-07 15:00:00,456.260009765625,464.8900146484375,455.9700012207031,460.8299865722656,794800
2009-04-08 15:00:00,470.7000122070313,482.4599914550781,470.510009765625,481.4500122070313,917300
2009-04-09 15:00:00,492.1099853515625,493.4800109863281,482.4299926757813,493.260009765625,917500
2009-04-12 15:00:00,501.5299987792969,507.8299865722656,495.8599853515625,507.2300109863281,923700
2009-04-13 15:00:00,515.3900146484375,515.3900146484375,497.739990234375,508.6799926757813,1106000
2009-04-14 15:00:00,503.3900146484375,513.7899780273438,486.30999755859375,502.2000122070313,1076000
2009-04-15 15:00:00,514.4299926757812,515.6699829101562,497.510009765625,497.5199890136719,881800
2009-04-16 15:00:00,505.5,505.5799865722656,475.8999938964844,483.7999877929688,901300
2009-04-19 15:00:00,487.1099853515625,492.0,479.4299926757813,491.9400024414063,793100
2009-04-20 15:00:00,481.0499877929688,497.1900024414063,480.4599914550781,497.1900024414063,800300
2009-04-21 15:00:00,506.0199890136719,511.4500122070313,502.3500061035156,509.8999938964844,935900
2009-04-22 15:00:00,516.52001953125,518.0399780273438,513.3800048828125,514.0900268554688,861100
2009-04-23 15:00:00,518.3400268554688,518.3400268554688,502.5700073242188,507.5,867500
2009-04-26 15:00:00,514.8400268554688,516.6900024414062,505.7999877929688,505.9700012207031,770900
2009-04-27 15:00:00,510.4500122070313,510.510009765625,477.8200073242188,479.3699951171875,977900
2009-04-28 15:00:00,484.1000061035156,494.4700012207031,474.6600036621094,494.4700012207031,755700
2009-04-29 15:00:00,501.8200073242188,504.0299987792969,496.7999877929688,500.9800109863281,668300
2009-05-03 15:00:00,507.8800048828125,508.25,504.80999755859375,507.010009765625,552100
2009-05-05 15:00:00,512.6199951171875,512.6199951171875,505.4500122070313,510.0199890136719,669900
2009-05-06 15:00:00,517.2999877929688,517.2999877929688,509.4299926757813,513.9500122070312,727200
2009-05-07 15:00:00,514.9299926757812,517.8699951171875,509.7300109863281,517.8300170898438,803700
2009-05-10 15:00:00,523.1799926757812,525.4600219726562,519.2999877929688,523.9099731445312,776600
2009-05-11 15:00:00,522.6900024414062,526.97998046875,521.0,526.1799926757812,929300
2009-05-12 15:00:00,532.0999755859375,536.3699951171875,531.5999755859375,535.9500122070312,1004400
2009-05-13 15:00:00,531.2000122070312,538.760009765625,530.760009765625,536.780029296875,990800
2009-05-14 15:00:00,546.9099731445312,546.969970703125,539.9099731445312,543.5399780273438,1188200
2009-05-17 15:00:00,546.0499877929688,546.0700073242188,538.4000244140625,545.010009765625,1087600
2009-05-18 15:00:00,553.5999755859375,553.8200073242188,549.8300170898438,553.77001953125,988800
2009-05-19 15:00:00,557.97998046875,563.72998046875,557.47998046875,562.5700073242188,1279600
2009-05-20 15:00:00,564.5,565.9600219726562,554.3900146484375,559.1500244140625,1199800
2009-05-21 15:00:00,555.5599975585938,564.3599853515625,553.77001953125,554.0900268554688,1167300
2009-05-24 15:00:00,553.8800048828125,556.9299926757812,505.1199951171875,542.0800170898438,1533900
2009-05-25 15:00:00,548.4000244140625,548.8200073242188,530.8599853515625,536.5399780273438,1113000
2009-05-26 15:00:00,548.0800170898438,548.0800170898438,524.1300048828125,524.3300170898438,1286900
2009-05-27 15:00:00,520.6699829101562,524.1099853515625,500.6099853515625,521.1099853515625,1043800
2009-05-28 15:00:00,526.530029296875,528.7999877929688,520.0499877929688,528.7999877929688,919800
2009-05-31 15:00:00,533.030029296875,539.6699829101562,531.030029296875,539.5599975585938,757100
2009-06-01 15:00:00,548.52001953125,548.6699829101562,537.2000122070312,538.6900024414062,892700
2009-06-02 15:00:00,544.97998046875,545.7999877929688,536.9400024414062,541.25,1044900
2009-06-03 15:00:00,542.6900024414062,542.719970703125,527.719970703125,528.0,933100
2009-06-04 15:00:00,535.0,535.3900146484375,521.9199829101562,529.1099853515625,1240400
2009-06-07 15:00:00,531.469970703125,535.9400024414062,528.4500122070312,529.1099853515625,1018800
2009-06-08 15:00:00,531.6799926757812,532.5999755859375,517.1199951171875,517.9600219726562,1158800
2009-06-09 15:00:00,520.719970703125,520.719970703125,514.760009765625,520.3599853515625,1002200
2009-06-10 15:00:00,520.6599731445312,523.1599731445312,518.9600219726562,520.5999755859375,900400
2009-06-11 15:00:00,523.719970703125,524.6199951171875,517.75,524.260009765625,823200
2009-06-14 15:00:00,525.47998046875,525.6199951171875,517.760009765625,519.6300048828125,822700
2009-06-15 15:00:00,514.5599975585938,522.010009765625,513.4099731445312,520.9299926757812,885000
2009-06-16 15:00:00,520.4099731445312,520.75,514.1500244140625,517.3699951171875,964700
2009-06-17 15:00:00,520.8300170898438,522.2899780273438,512.2100219726562,513.219970703125,742600
2009-06-18 15:00:00,518.0599975585938,518.3099975585938,504.9200134277344,510.2699890136719,1060100
2009-06-21 15:00:00,512.6099853515625,514.4600219726562,510.260009765625,513.1300048828125,803500
2009-06-22 15:00:00,503.5499877929688,504.5299987792969,497.1799926757813,498.0299987792969,854000
2009-06-23 15:00:00,502.4200134277344,502.8800048828125,489.2000122070313,495.0,851700
2009-06-24 15:00:00,497.6600036621094,504.3800048828125,497.6600036621094,504.0299987792969,779400
2009-06-25 15:00:00,508.7099914550781,509.1499938964844,502.6300048828125,503.3399963378906,929600
2009-06-28 15:00:00,505.6400146484375,505.75,491.6099853515625,491.6400146484375,712800
2009-06-29 15:00:00,495.8699951171875,496.7099914550781,477.6900024414063,485.1499938964844,931800
2009-06-30 15:00:00,484.2000122070313,491.3800048828125,482.7799987792969,491.1700134277344,716200
2009-07-01 15:00:00,494.3699951171875,496.6700134277344,493.25,496.0,675600
2009-07-02 15:00:00,488.1499938964844,501.8299865722656,487.7200012207031,501.8200073242188,700400
2009-07-05 15:00:00,505.0499877929688,507.2699890136719,503.4400024414063,505.4200134277344,634100
2009-07-06 15:00:00,508.5400085449219,509.4500122070313,505.8800048828125,508.760009765625,932700
2009-07-07 15:00:00,506.9500122070313,509.4100036621094,502.239990234375,505.6900024414063,724000
2009-07-08 15:00:00,508.9400024414063,509.0299987792969,502.0,502.7999877929688,689800
2009-07-09 15:00:00,505.3800048828125,505.6199951171875,493.7999877929688,495.2699890136719,743700
2009-07-12 15:00:00,496.3900146484375,496.3900146484375,476.0499877929688,476.0499877929688,744700
2009-07-13 15:00:00,484.3999938964844,484.8200073242188,470.55999755859375,476.25,670100
2009-07-14 15:00:00,480.1900024414063,486.7799987792969,480.1199951171875,486.6700134277344,777200
2009-07-15 15:00:00,492.260009765625,493.1499938964844,481.5400085449219,482.2799987792969,733600
2009-07-16 15:00:00,485.6199951171875,485.9400024414063,482.0499877929688,485.8699951171875,659400
2009-07-19 15:00:00,488.6199951171875,493.6900024414063,487.8699951171875,493.6199951171875,629900
2009-07-20 15:00:00,498.1300048828125,498.739990234375,495.0899963378906,495.9100036621094,715800
2009-07-21 15:00:00,499.8999938964844,500.0499877929688,496.3900146484375,497.7699890136719,812900
2009-07-22 15:00:00,499.5799865722656,500.1700134277344,495.7300109863281,497.8900146484375,791000
2009-07-23 15:00:00,503.0199890136719,503.3999938964844,498.6600036621094,500.0199890136719,788900
2009-07-26 15:00:00,503.3599853515625,505.2799987792969,503.1300048828125,504.6499938964844,722200
2009-07-27 15:00:00,507.3699951171875,507.510009765625,503.5899963378906,504.1600036621094,812300
2009-07-28 15:00:00,506.1099853515625,506.4200134277344,501.5700073242188,501.5700073242188,911400
2009-07-29 15:00:00,501.9400024414063,502.9100036621094,498.2799987792969,502.8999938964844,814000
2009-07-30 15:00:00,507.0499877929688,507.260009765625,502.7900085449219,504.3500061035156,793600
2009-08-02 15:00:00,508.5,510.8599853515625,507.1799926757813,510.55999755859375,696400
2009-08-03 15:00:00,516.0499877929688,516.0499877929688,507.739990234375,508.7200012207031,706500
2009-08-04 15:00:00,511.75,513.030029296875,508.05999755859375,508.989990234375,710300
2009-08-05 15:00:00,509.510009765625,511.4100036621094,504.3900146484375,509.260009765625,749700
2009-08-06 15:00:00,510.6600036621094,512.8400268554688,509.7699890136719,512.7000122070312,774000
2009-08-09 15:00:00,516.9000244140625,517.5499877929688,515.489990234375,516.7000122070312,759800
2009-08-10 15:00:00,517.0900268554688,519.5399780273438,517.0599975585938,519.52001953125,873200
2009-08-11 15:00:00,519.5900268554688,522.6199951171875,516.9000244140625,522.6199951171875,804100
2009-08-12 15:00:00,527.8599853515625,532.5900268554688,526.6199951171875,531.7100219726562,989400
2009-08-13 15:00:00,536.8099975585938,536.8200073242188,530.780029296875,531.1199951171875,886900
2009-08-16 15:00:00,531.6900024414062,531.6900024414062,516.719970703125,517.8300170898438,758400
2009-08-17 15:00:00,512.280029296875,517.8800048828125,505.1400146484375,511.5299987792969,929800
2009-08-18 15:00:00,516.7100219726562,517.9400024414062,510.2000122070313,510.2000122070313,784800
2009-08-19 15:00:00,514.5700073242188,517.0599975585938,508.9700012207031,516.77001953125,837700
2009-08-20 15:00:00,520.030029296875,520.1300048828125,509.7900085449219,512.1400146484375,731200
2009-08-23 15:00:00,516.7100219726562,516.8699951171875,510.010009765625,511.3599853515625,835900
2009-08-24 15:00:00,511.4599914550781,512.239990234375,508.3900146484375,510.6900024414063,848800
2009-08-25 15:00:00,513.9000244140625,516.969970703125,512.969970703125,516.9600219726562,817300
2009-08-26 15:00:00,518.9500122070312,519.6099853515625,512.72998046875,513.5999755859375,837400
2009-08-27 15:00:00,518.0399780273438,520.2100219726562,516.9199829101562,520.1900024414062,794600
2009-08-30 15:00:00,522.5499877929688,522.5800170898438,514.7000122070312,514.7000122070312,991900
2009-08-31 15:00:00,515.9000244140625,516.97998046875,512.3599853515625,516.27001953125,870000
2009-09-01 15:00:00,511.4700012207031,519.0800170898438,510.739990234375,517.72998046875,811800
2009-09-02 15:00:00,521.3800048828125,522.0900268554688,516.3900146484375,516.9500122070312,851500
2009-09-03 15:00:00,522.4500122070312,522.530029296875,515.5599975585938,518.8200073242188,844000
2009-09-06 15:00:00,523.239990234375,526.260009765625,520.969970703125,525.6099853515625,744800
2009-09-07 15:00:00,529.3400268554688,530.030029296875,525.780029296875,526.8499755859375,969300
2009-09-08 15:00:00,529.9600219726562,529.9600219726562,520.1500244140625,520.2000122070312,1193500
2009-09-09 15:00:00,523.6699829101562,526.0700073242188,523.5700073242188,525.010009765625,888900
2009-09-10 15:00:00,529.280029296875,530.2100219726562,527.3300170898438,528.260009765625,864300
2009-09-13 15:00:00,530.6900024414062,530.8800048828125,525.6300048828125,526.8800048828125,881700
2009-09-14 15:00:00,530.969970703125,531.6099853515625,529.0499877929688,531.5800170898438,708900
2009-09-15 15:00:00,535.8099975585938,536.6300048828125,531.5599975585938,531.5599975585938,808200
2009-09-16 15:00:00,535.9400024414062,536.2100219726562,526.9500122070312,528.1300048828125,834000
2009-09-17 15:00:00,529.6400146484375,531.5499877929688,527.02001953125,531.530029296875,733500
2009-09-20 15:00:00,534.4099731445312,535.0499877929688,532.489990234375,533.0999755859375,655400
2009-09-21 15:00:00,535.4500122070312,537.739990234375,535.260009765625,536.969970703125,756000
2009-09-22 15:00:00,539.6500244140625,540.0599975585938,528.9600219726562,528.97998046875,817600
2009-09-23 15:00:00,528.7899780273438,529.1799926757812,515.6900024414062,518.77001953125,800000
2009-09-24 15:00:00,518.8099975585938,519.1099853515625,512.3099975585938,516.52001953125,721300
2009-09-27 15:00:00,516.7899780273438,516.7899780273438,511.5899963378906,511.6099853515625,659400
2009-09-28 15:00:00,516.8400268554688,517.4400024414062,511.4100036621094,512.2000122070312,655900
2009-09-29 15:00:00,513.3599853515625,515.0499877929688,505.3299865722656,505.9400024414063,658300
2009-09-30 15:00:00,508.9400024414063,509.5899963378906,495.7799987792969,502.5499877929688,564200
2009-10-04 15:00:00,498.9700012207031,502.4200134277344,496.9100036621094,497.8299865722656,578200
2009-10-05 15:00:00,502.5299987792969,503.4700012207031,492.4599914550781,494.4200134277344,593100
2009-10-06 15:00:00,499.5,500.1300048828125,491.3599853515625,491.3699951171875,613300
2009-10-07 15:00:00,494.2799987792969,496.9599914550781,491.6199951171875,496.9599914550781,586600
2009-10-08 15:00:00,499.8999938964844,506.4400024414063,499.489990234375,506.2900085449219,553400
2009-10-11 15:00:00,511.2099914550781,511.3599853515625,507.3999938964844,510.2099914550781,548800
2009-10-12 15:00:00,511.5,511.7799987792969,506.6099853515625,508.3699951171875,665100
2009-10-13 15:00:00,510.6400146484375,512.0499877929688,510.2200012207031,512.0399780273438,594300
2009-10-14 15:00:00,515.8400268554688,516.0,510.4400024414063,510.4599914550781,619500
2009-10-15 15:00:00,512.0599975585938,513.780029296875,507.8299865722656,508.260009765625,708900
2009-10-18 15:00:00,509.1199951171875,509.2900085449219,504.9599914550781,508.9500122070313,546100
2009-10-19 15:00:00,513.5,513.969970703125,508.989990234375,509.760009765625,698100
2009-10-20 15:00:00,509.4400024414063,511.1799926757813,507.9500122070313,508.6199951171875,647400
2009-10-21 15:00:00,507.4599914550781,509.8399963378906,503.7699890136719,503.7799987792969,664100
2009-10-22 15:00:00,508.2200012207031,508.2200012207031,503.9100036621094,503.9100036621094,752500
2009-10-25 15:00:00,504.0799865722656,506.30999755859375,503.8399963378906,504.7699890136719,630400
2009-10-26 15:00:00,503.2900085449219,503.6799926757813,500.260009765625,502.2999877929688,712800
2009-10-27 15:00:00,503.1000061035156,503.2300109863281,488.2900085449219,488.8200073242188,855300
2009-10-28 15:00:00,482.9299926757813,483.0,474.2200012207031,482.3399963378906,701900
2009-10-29 15:00:00,489.1600036621094,489.739990234375,486.4400024414063,486.4599914550781,683500
2009-11-01 15:00:00,476.0499877929688,482.7000122070313,475.9599914550781,479.25,648700
2009-11-02 15:00:00,483.4700012207031,484.1499938964844,478.760009765625,478.760009765625,813100
2009-11-03 15:00:00,480.9500122070313,483.8699951171875,480.8900146484375,483.8699951171875,802400
2009-11-04 15:00:00,484.989990234375,486.1000061035156,479.4599914550781,479.4599914550781,738000
2009-11-05 15:00:00,485.9500122070313,486.4700012207031,481.8699951171875,482.7000122070313,713600
2009-11-08 15:00:00,485.2200012207031,486.5,484.2000122070313,484.4500122070313,705600
2009-11-09 15:00:00,489.1300048828125,489.3399963378906,482.9400024414063,482.9400024414063,807700
2009-11-10 15:00:00,485.5899963378906,485.8599853515625,482.8299865722656,485.6199951171875,664500
2009-11-11 15:00:00,488.3599853515625,488.3599853515625,484.6300048828125,484.6300048828125,694000
2009-11-12 15:00:00,485.5700073242188,485.8699951171875,480.4400024414063,481.5700073242188,681800
2009-11-15 15:00:00,482.8500061035156,483.0,474.1099853515625,475.739990234375,697100
2009-11-16 15:00:00,477.510009765625,478.3299865722656,471.9500122070313,471.9500122070313,729200
2009-11-17 15:00:00,473.5,475.2300109863281,471.6499938964844,472.5400085449219,737700
2009-11-18 15:00:00,474.510009765625,476.6099853515625,474.489990234375,475.7699890136719,713300
2009-11-19 15:00:00,475.6199951171875,479.4400024414063,475.6199951171875,479.4299926757813,671900
2009-11-22 15:00:00,481.6700134277344,482.1300048828125,479.0499877929688,479.7999877929688,814400
2009-11-23 15:00:00,482.3500061035156,482.4400024414063,475.3900146484375,475.3900146484375,998700
2009-11-24 15:00:00,477.5199890136719,478.2300109863281,474.1300048828125,476.55999755859375,788900
2009-11-25 15:00:00,477.8999938964844,479.1600036621094,473.7699890136719,473.8200073242188,710200
2009-11-26 15:00:00,467.9200134277344,468.7000122070313,450.3699951171875,451.6700134277344,788300
2009-11-29 15:00:00,459.1000061035156,464.3599853515625,459.0799865722656,464.3200073242188,620600
2009-11-30 15:00:00,465.3699951171875,469.0400085449219,460.5899963378906,469.0400085449219,790200
2009-12-01 15:00:00,473.7900085449219,476.3800048828125,473.7900085449219,475.9700012207031,790300
2009-12-02 15:00:00,478.0700073242188,480.5199890136719,478.05999755859375,480.5199890136719,801500
2009-12-03 15:00:00,481.010009765625,484.1199951171875,480.8200073242188,483.6300048828125,701200
2009-12-06 15:00:00,486.9299926757813,487.7000122070313,485.9599914550781,487.0400085449219,664800
2009-12-07 15:00:00,488.6799926757813,489.4200134277344,485.1400146484375,485.9400024414063,723500
2009-12-08 15:00:00,482.4599914550781,486.8299865722656,481.4599914550781,486.7799987792969,686300
2009-12-09 15:00:00,488.8900146484375,490.8599853515625,486.9800109863281,489.4500122070313,643400
2009-12-10 15:00:00,492.1300048828125,495.2300109863281,491.4700012207031,495.2099914550781,707800
2009-12-13 15:00:00,498.7900085449219,501.8500061035156,497.75,501.8500061035156,676700
2009-12-14 15:00:00,504.1600036621094,504.4500122070313,502.1799926757813,503.30999755859375,728000
2009-12-15 15:00:00,504.7999877929688,507.510009765625,502.2000122070313,507.010009765625,722100
2009-12-16 15:00:00,510.0499877929688,511.5,509.0199890136719,510.1000061035156,688700
2009-12-17 15:00:00,507.8500061035156,513.7999877929688,507.7900085449219,513.780029296875,732300
2009-12-20 15:00:00,517.8900146484375,520.0999755859375,516.5900268554688,518.0900268554688,820300
2009-12-21 15:00:00,522.010009765625,522.010009765625,512.760009765625,512.780029296875,827900
2009-12-22 15:00:00,515.5999755859375,515.8499755859375,508.3999938964844,508.4400024414063,761300
2009-12-23 15:00:00,510.7000122070313,512.1400146484375,510.25,511.1900024414063,727900
2009-12-27 15:00:00,515.0499877929688,515.0499877929688,506.010009765625,506.0700073242188,755800
2009-12-28 15:00:00,506.55999755859375,507.9700012207031,503.80999755859375,505.6099853515625,639900
2009-12-29 15:00:00,507.739990234375,513.5700073242188,507.6600036621094,513.5700073242188,664200
2010-01-03 15:00:00,517.030029296875,528.0999755859375,517.030029296875,528.0900268554688,666800
2010-01-04 15:00:00,533.4299926757812,536.6500244140625,531.0599975585938,533.0900268554688,886800
2010-01-05 15:00:00,537.0999755859375,539.1300048828125,532.5399780273438,539.1199951171875,1133200
2010-01-06 15:00:00,542.8800048828125,545.4199829101562,534.6300048828125,535.52001953125,1182000
2010-01-07 15:00:00,539.6300048828125,540.2899780273438,529.6699829101562,538.9600219726562,893000
2010-01-10 15:00:00,543.5,544.1099853515625,539.6900024414062,540.4000244140625,863900
2010-01-11 15:00:00,542.47998046875,542.5800170898438,534.9000244140625,538.1099853515625,918100
2010-01-12 15:00:00,535.969970703125,538.9000244140625,534.4500122070312,534.4600219726562,926900
2010-01-13 15:00:00,539.4500122070312,542.3400268554688,538.489990234375,542.3300170898438,870400
2010-01-14 15:00:00,546.780029296875,549.97998046875,545.1799926757812,549.969970703125,917500
2010-01-17 15:00:00,550.2000122070312,553.6400146484375,548.5999755859375,553.0999755859375,877700
2010-01-18 15:00:00,557.8800048828125,557.8800048828125,547.719970703125,549.1400146484375,1084400
2010-01-19 15:00:00,553.6099853515625,553.9099731445312,543.1500244140625,544.1199951171875,1045500
2010-01-20 15:00:00,542.3900146484375,549.0700073242188,539.9299926757812,549.030029296875,995500
2010-01-21 15:00:00,542.4000244140625,547.3300170898438,536.3300170898438,546.6599731445312,980800
2010-01-24 15:00:00,540.5599975585938,548.0499877929688,529.8400268554688,534.219970703125,1154400
2010-01-25 15:00:00,540.780029296875,540.8900146484375,518.0800170898438,522.0700073242188,1165300
2010-01-26 15:00:00,526.27001953125,526.7999877929688,515.8499755859375,516.4299926757812,1062600
2010-01-27 15:00:00,520.2000122070312,521.0800170898438,508.4400024414063,517.4000244140625,854600
2010-01-28 15:00:00,508.6700134277344,509.5400085449219,493.6099853515625,496.5700073242188,835800
2010-01-31 15:00:00,498.8299865722656,502.0199890136719,495.3999938964844,502.0,688800
2010-02-01 15:00:00,508.3200073242188,512.0,503.1499938964844,504.6900024414063,810000
2010-02-02 15:00:00,512.3400268554688,515.3300170898438,510.1700134277344,515.3200073242188,881900
2010-02-03 15:00:00,516.5499877929688,517.030029296875,513.3900146484375,516.22998046875,827300
2010-02-04 15:00:00,493.55999755859375,498.4500122070313,492.0799865722656,497.3699951171875,849000
2010-02-07 15:00:00,502.2699890136719,502.2699890136719,487.3999938964844,487.4100036621094,812800
2010-02-08 15:00:00,484.9500122070313,491.2200012207031,483.1499938964844,491.2000122070313,842100
2010-02-09 15:00:00,498.3900146484375,498.6000061035156,491.2799987792969,491.2799987792969,786600
2010-02-10 15:00:00,493.7900085449219,498.3299865722656,493.7900085449219,498.010009765625,731800
2010-02-11 15:00:00,501.5799865722656,504.1700134277344,498.9599914550781,503.8800048828125,727200
2010-02-15 15:00:00,505.75,509.1400146484375,505.5799865722656,508.9500122070313,678100
2010-02-16 15:00:00,513.9199829101562,515.6699829101562,513.5999755859375,515.1599731445312,862200
2010-02-17 15:00:00,518.0900268554688,518.3300170898438,513.1699829101562,513.3300170898438,816600
2010-02-18 15:00:00,512.469970703125,515.72998046875,504.2900085449219,504.3900146484375,956700
2010-02-21 15:00:00,511.4500122070313,512.9000244140625,510.989990234375,512.25,794300
2010-02-22 15:00:00,513.6099853515625,515.4299926757812,511.7699890136719,513.9000244140625,842300
2010-02-23 15:00:00,512.010009765625,515.3599853515625,510.6199951171875,514.0399780273438,851300
2010-02-24 15:00:00,517.5900268554688,517.8200073242188,503.2099914550781,504.6300048828125,924900
2010-02-25 15:00:00,507.5199890136719,508.5199890136719,502.239990234375,507.0299987792969,740500
2010-03-01 15:00:00,511.4100036621094,511.5299987792969,507.9200134277344,507.9599914550781,754600
2010-03-02 15:00:00,509.739990234375,510.9100036621094,508.8299865722656,509.6300048828125,883900
2010-03-03 15:00:00,511.5199890136719,511.75,506.9700012207031,507.5899963378906,982700
2010-03-04 15:00:00,510.4500122070313,511.3599853515625,508.9500122070313,511.2799987792969,960600
2010-03-07 15:00:00,515.9400024414062,517.760009765625,515.4000244140625,517.6300048828125,907800
2010-03-08 15:00:00,518.9600219726562,518.969970703125,517.22998046875,518.1199951171875,942300
2010-03-09 15:00:00,520.3800048828125,520.5399780273438,518.2899780273438,518.6699829101562,869400
2010-03-10 15:00:00,521.1599731445312,521.4400024414062,517.5599975585938,517.5700073242188,948800
2010-03-11 15:00:00,521.1099853515625,522.0,518.8400268554688,519.4400024414062,908700
2010-03-14 15:00:00,521.3200073242188,521.52001953125,516.239990234375,517.75,910400
2010-03-15 15:00:00,519.969970703125,520.8900146484375,518.1099853515625,520.8800048828125,1027900
2010-03-16 15:00:00,523.969970703125,523.969970703125,521.4000244140625,522.97998046875,945700
2010-03-17 15:00:00,524.3599853515625,526.4199829101562,523.7999877929688,524.3099975585938,949400
2010-03-18 15:00:00,526.97998046875,528.030029296875,526.2000122070312,527.5800170898438,898200
2010-03-21 15:00:00,528.0599975585938,528.510009765625,526.219970703125,527.0700073242188,966200
2010-03-22 15:00:00,531.0800170898438,531.22998046875,526.4199829101562,526.4199829101562,951700
2010-03-23 15:00:00,530.0,530.1300048828125,518.97998046875,519.7999877929688,988200
2010-03-24 15:00:00,519.9299926757812,520.8200073242188,517.1799926757812,520.239990234375,774600
2010-03-25 15:00:00,522.0499877929688,524.8699951171875,521.6500244140625,524.6599731445312,670500
2010-03-28 15:00:00,519.9600219726562,523.9400024414062,517.2899780273438,518.0599975585938,676600
2010-03-29 15:00:00,522.5999755859375,523.1699829101562,517.4000244140625,518.0499877929688,689200
2010-03-30 15:00:00,520.260009765625,520.719970703125,514.8400268554688,515.739990234375,689000
2010-03-31 15:00:00,517.4400024414062,519.27001953125,517.4400024414062,519.1900024414062,657500
2010-04-01 15:00:00,521.4500122070312,521.5499877929688,513.9600219726562,514.9500122070312,595500
2010-04-04 15:00:00,517.3400268554688,517.47998046875,494.9100036621094,505.1300048828125,672200
2010-04-05 15:00:00,507.3800048828125,508.4700012207031,504.3900146484375,506.3900146484375,521000
2010-04-06 15:00:00,508.4800109863281,511.0199890136719,508.3999938964844,510.8999938964844,535900
2010-04-07 15:00:00,511.4700012207031,513.3400268554688,511.4200134277344,513.2899780273438,555100
2010-04-08 15:00:00,515.780029296875,515.8300170898438,508.4299926757813,512.1500244140625,604800
2010-04-11 15:00:00,514.6300048828125,514.7100219726562,507.6700134277344,507.6700134277344,561800
2010-04-12 15:00:00,509.3800048828125,509.6400146484375,505.0499877929688,506.5299987792969,577700
2010-04-13 15:00:00,508.9299926757813,510.4800109863281,508.5199890136719,509.6900024414063,612100
2010-04-14 15:00:00,512.4000244140625,512.739990234375,506.7699890136719,508.6099853515625,599100
2010-04-15 15:00:00,509.6900024414063,509.7900085449219,505.9800109863281,508.4200134277344,580900
2010-04-18 15:00:00,501.9700012207031,506.760009765625,501.7099914550781,502.7000122070313,613900
2010-04-19 15:00:00,507.510009765625,510.5299987792969,507.510009765625,510.5,597600
2010-04-20 15:00:00,513.5,516.5999755859375,513.1300048828125,515.989990234375,579700
2010-04-21 15:00:00,517.0900268554688,517.0900268554688,514.3599853515625,516.469970703125,628900
2010-04-22 15:00:00,519.010009765625,519.6199951171875,516.47998046875,516.510009765625,626200
2010-04-25 15:00:00,519.5499877929688,519.8300170898438,517.6799926757812,517.6799926757812,567100
2010-04-26 15:00:00,518.5700073242188,519.9600219726562,517.8499755859375,519.239990234375,522000
2010-04-27 15:00:00,509.30999755859375,517.8699951171875,508.7099914550781,517.8499755859375,719300
2010-04-28 15:00:00,522.4500122070312,524.47998046875,518.8099975585938,519.2100219726562,661000
2010-04-29 15:00:00,525.4000244140625,525.72998046875,522.8099975585938,523.75,750300
2010-05-02 15:00:00,523.9299926757812,525.2899780273438,516.3099975585938,519.780029296875,646600
2010-05-03 15:00:00,524.5,525.219970703125,518.989990234375,518.989990234375,554800
2010-05-05 15:00:00,507.0,512.239990234375,505.5199890136719,509.2300109863281,589900
2010-05-06 15:00:00,492.2200012207031,503.1300048828125,488.6199951171875,499.7099914550781,740200
2010-05-09 15:00:00,503.6000061035156,512.1900024414062,502.9700012207031,512.1599731445312,549100
2010-05-10 15:00:00,518.989990234375,520.1799926757812,509.80999755859375,512.219970703125,635500
2010-05-11 15:00:00,514.7899780273438,515.6599731445312,510.8599853515625,512.1300048828125,694800
2010-05-12 15:00:00,519.2999877929688,523.25,519.2999877929688,522.5399780273438,646200
2010-05-13 15:00:00,522.5700073242188,525.489990234375,521.6099853515625,524.97998046875,670600
2010-05-16 15:00:00,520.75,522.0800170898438,510.25,510.25,619100
2010-05-17 15:00:00,516.5,516.969970703125,499.5299987792969,504.5199890136719,651400
2010-05-18 15:00:00,501.5,501.6199951171875,493.239990234375,500.4500122070313,685800
2010-05-19 15:00:00,500.5499877929688,503.6900024414063,476.0799865722656,481.05999755859375,567400
2010-05-23 15:00:00,476.7699890136719,480.4700012207031,470.1700134277344,476.3299865722656,464700
2010-05-24 15:00:00,471.5799865722656,471.9500122070313,436.3900146484375,449.9599914550781,697800
2010-05-25 15:00:00,454.55999755859375,463.5,450.2999877929688,463.0,511800
2010-05-26 15:00:00,460.5700073242188,473.8599853515625,460.5700073242188,473.3200073242188,599800
2010-05-27 15:00:00,482.4100036621094,483.4400024414063,477.2999877929688,479.0299987792969,527000
2010-05-30 15:00:00,481.8900146484375,489.4200134277344,481.8900146484375,489.4200134277344,437100
2010-05-31 15:00:00,491.239990234375,493.2900085449219,486.4500122070313,488.7900085449219,495500
2010-06-02 15:00:00,494.489990234375,496.8699951171875,494.489990234375,495.739990234375,438100
2010-06-03 15:00:00,498.1099853515625,499.05999755859375,493.4299926757813,493.7099914550781,480200
2010-06-06 15:00:00,478.0799865722656,483.2900085449219,477.8200073242188,483.1199951171875,467500
2010-06-07 15:00:00,484.7099914550781,490.7799987792969,483.7200012207031,490.3399963378906,419000
2010-06-08 15:00:00,494.30999755859375,494.4200134277344,486.2799987792969,487.0,497000
2010-06-09 15:00:00,490.3399963378906,491.8200073242188,488.8900146484375,491.6300048828125,420600
2010-06-10 15:00:00,497.1700134277344,497.4700012207031,491.25,491.25,490900
2010-06-13 15:00:00,494.8999938964844,495.5199890136719,491.4800109863281,492.7000122070313,427800
2010-06-14 15:00:00,494.5299987792969,495.2099914550781,493.8900146484375,495.0799865722656,492900
2010-06-15 15:00:00,499.8200073242188,499.8699951171875,495.2699890136719,495.9599914550781,440600
2010-06-16 15:00:00,498.2799987792969,498.9299926757813,494.6300048828125,495.1799926757813,448000
2010-06-17 15:00:00,497.3599853515625,497.6099853515625,494.510009765625,495.2300109863281,451400
2010-06-20 15:00:00,499.5499877929688,499.9200134277344,496.260009765625,498.3599853515625,469400
2010-06-21 15:00:00,498.3200073242188,499.5,495.9800109863281,496.6499938964844,426300
2010-06-22 15:00:00,496.1499938964844,497.8599853515625,494.760009765625,494.9500122070313,402600
2010-06-23 15:00:00,497.2799987792969,499.3200073242188,496.2799987792969,499.1400146484375,528800
2010-06-24 15:00:00,496.3599853515625,499.9200134277344,496.2699890136719,498.1199951171875,475200
2010-06-27 15:00:00,501.6799926757813,501.9700012207031,498.75,498.75,459900
2010-06-28 15:00:00,500.4200134277344,500.8900146484375,487.5199890136719,487.5400085449219,542900
2010-06-29 15:00:00,477.6700134277344,489.9800109863281,477.010009765625,489.9800109863281,530200
2010-06-30 15:00:00,488.9500122070313,490.6400146484375,481.7200012207031,489.5899963378906,419700
2010-07-01 15:00:00,490.6900024414063,492.4400024414063,484.2300109863281,485.6900024414063,419600
2010-07-04 15:00:00,488.0299987792969,488.3599853515625,484.7300109863281,486.1499938964844,418400
2010-07-05 15:00:00,486.5499877929688,487.5899963378906,481.30999755859375,487.4100036621094,427200
2010-07-06 15:00:00,490.2699890136719,490.75,485.8200073242188,486.4100036621094,462300
2010-07-07 15:00:00,492.0,492.2099914550781,488.9599914550781,488.9599914550781,459600
2010-07-08 15:00:00,492.3200073242188,492.6199951171875,487.0700073242188,492.1499938964844,483000
2010-07-11 15:00:00,495.25,497.30999755859375,494.4200134277344,496.7000122070313,472900
2010-07-12 15:00:00,499.0700073242188,501.1600036621094,497.7900085449219,497.7900085449219,587500
2010-07-13 15:00:00,502.8699951171875,503.1900024414063,499.739990234375,499.9700012207031,590200
2010-07-14 15:00:00,501.6799926757813,502.1900024414063,500.6199951171875,501.7300109863281,652100
2010-07-15 15:00:00,503.6300048828125,504.239990234375,498.3999938964844,498.8800048828125,592300
2010-07-18 15:00:00,494.3599853515625,499.6300048828125,494.3599853515625,498.489990234375,506000
2010-07-19 15:00:00,501.3200073242188,501.6400146484375,498.4299926757813,499.7200012207031,686800
2010-07-20 15:00:00,502.6300048828125,503.0799865722656,496.7300109863281,496.7300109863281,721200
2010-07-21 15:00:00,496.4700012207031,497.8399963378906,482.9700012207031,484.7200012207031,668000
2010-07-22 15:00:00,490.1700134277344,490.6499938964844,480.6600036621094,483.6900024414063,532200
2010-07-25 15:00:00,485.8200073242188,488.3599853515625,485.6300048828125,488.1400146484375,499400
2010-07-26 15:00:00,491.1900024414063,491.739990234375,487.739990234375,487.739990234375,619400
2010-07-27 15:00:00,490.1799926757813,490.739990234375,486.6799926757813,486.75,547800
2010-07-28 15:00:00,487.9700012207031,488.8200073242188,482.1400146484375,482.55999755859375,605500
2010-07-29 15:00:00,483.760009765625,484.4299926757813,479.2699890136719,481.4500122070313,484900
2010-08-01 15:00:00,483.8900146484375,484.7000122070313,481.75,481.9800109863281,494900
2010-08-02 15:00:00,485.0799865722656,485.3999938964844,481.7200012207031,481.9400024414063,575900
2010-08-03 15:00:00,483.5299987792969,483.8200073242188,478.1000061035156,479.5899963378906,533400
2010-08-04 15:00:00,482.8800048828125,483.5299987792969,474.7099914550781,476.4700012207031,530800
2010-08-05 15:00:00,477.9400024414063,478.5199890136719,474.0899963378906,478.4700012207031,545700
2010-08-08 15:00:00,479.8699951171875,484.2099914550781,479.7900085449219,483.8699951171875,490800
2010-08-09 15:00:00,486.0499877929688,486.0799865722656,482.1199951171875,482.1600036621094,550200
2010-08-10 15:00:00,482.1400146484375,483.260009765625,474.1400146484375,475.1400146484375,605100
2010-08-11 15:00:00,468.05999755859375,473.2799987792969,467.3599853515625,470.9800109863281,561600
2010-08-12 15:00:00,473.9599914550781,477.1900024414063,473.9400024414063,477.1700134277344,507400
2010-08-15 15:00:00,477.9700012207031,478.0,473.3900146484375,476.0799865722656,498600
2010-08-16 15:00:00,477.3399963378906,478.2900085449219,476.4200134277344,477.6499938964844,563700
2010-08-17 15:00:00,480.5,480.7900085449219,478.2000122070313,478.3299865722656,472200
2010-08-18 15:00:00,480.3399963378906,481.4200134277344,480.3399963378906,480.7699890136719,519100
2010-08-19 15:00:00,478.6199951171875,480.9700012207031,478.5499877929688,480.3800048828125,485300
2010-08-22 15:00:00,482.8200073242188,484.010009765625,477.1400146484375,477.1400146484375,487400
2010-08-23 15:00:00,478.1400146484375,478.489990234375,474.4200134277344,474.9700012207031,539600
2010-08-24 15:00:00,470.6000061035156,472.55999755859375,467.7799987792969,467.80999755859375,485900
2010-08-25 15:00:00,471.2799987792969,472.1099853515625,464.510009765625,464.5299987792969,550900
2010-08-26 15:00:00,464.0899963378906,465.1900024414063,460.489990234375,461.5199890136719,485500
2010-08-29 15:00:00,466.9299926757813,467.8299865722656,465.9700012207031,466.0899963378906,530700
2010-08-30 15:00:00,464.6400146484375,466.0299987792969,462.05999755859375,464.7099914550781,517400
2010-08-31 15:00:00,467.75,469.760009765625,467.75,469.75,563600
2010-09-01 15:00:00,474.239990234375,474.7200012207031,472.5499877929688,473.0,535700
2010-09-02 15:00:00,475.9800109863281,478.3699951171875,475.9200134277344,478.2999877929688,597900
2010-09-05 15:00:00,482.8200073242188,483.0400085449219,481.6499938964844,482.8200073242188,513000
2010-09-06 15:00:00,484.1499938964844,484.5,480.0700073242188,480.2000122070313,701100
2010-09-07 15:00:00,479.3299865722656,480.8399963378906,477.3299865722656,478.6000061035156,573600
2010-09-08 15:00:00,481.5499877929688,482.5400085449219,479.6199951171875,481.8599853515625,543600
2010-09-09 15:00:00,484.1400146484375,484.6700134277344,483.0899963378906,484.4800109863281,480400
2010-09-12 15:00:00,487.0700073242188,487.2099914550781,483.2699890136719,483.489990234375,480800
2010-09-13 15:00:00,486.0899963378906,486.1300048828125,481.6799926757813,481.7900085449219,526600
2010-09-14 15:00:00,483.4800109863281,483.8900146484375,479.6099853515625,481.2799987792969,523500
2010-09-15 15:00:00,483.2300109863281,484.0700073242188,480.6099853515625,480.6199951171875,515700
2010-09-16 15:00:00,483.25,483.5899963378906,480.9100036621094,483.25,588200
2010-09-19 15:00:00,484.989990234375,485.3500061035156,483.4599914550781,483.8299865722656,404800
2010-09-23 15:00:00,484.75,485.2900085449219,482.8599853515625,485.1499938964844,382400
2010-09-26 15:00:00,488.239990234375,488.5299987792969,486.1799926757813,486.2900085449219,406200
2010-09-27 15:00:00,487.0299987792969,489.1700134277344,486.9500122070313,487.739990234375,524900
2010-09-28 15:00:00,489.8399963378906,490.8900146484375,489.6000061035156,489.6099853515625,463700
2010-09-29 15:00:00,491.6900024414063,493.239990234375,491.260009765625,492.75,473700
2010-09-30 15:00:00,494.6000061035156,495.9100036621094,493.1400146484375,495.05999755859375,485400
2010-10-03 15:00:00,497.9200134277344,498.0799865722656,493.75,493.7799987792969,497700
2010-10-04 15:00:00,493.3699951171875,495.0899963378906,492.2799987792969,493.5499877929688,436800
2010-10-05 15:00:00,498.3900146484375,498.489990234375,496.260009765625,497.3299865722656,474600
2010-10-06 15:00:00,499.239990234375,499.9500122070313,494.5899963378906,496.1400146484375,493900
2010-10-07 15:00:00,498.3699951171875,498.75,495.0799865722656,497.0799865722656,410400
2010-10-10 15:00:00,500.3200073242188,500.3500061035156,496.05999755859375,496.7999877929688,414400
2010-10-11 15:00:00,498.4200134277344,499.0,490.4299926757813,494.0799865722656,466200
2010-10-12 15:00:00,497.760009765625,499.1900024414063,496.80999755859375,499.1199951171875,497100
2010-10-13 15:00:00,502.55999755859375,504.6000061035156,501.989990234375,504.5899963378906,437600
2010-10-14 15:00:00,506.6199951171875,509.6199951171875,506.5899963378906,509.5899963378906,429300
2010-10-17 15:00:00,513.3499755859375,517.4099731445312,512.7000122070312,516.1900024414062,491300
2010-10-18 15:00:00,519.3599853515625,519.72998046875,514.5800170898438,514.5900268554688,467700
2010-10-19 15:00:00,511.2999877929688,520.2100219726562,510.7300109863281,520.2100219726562,453900
2010-10-20 15:00:00,524.1599731445312,524.8300170898438,522.530029296875,522.6599731445312,516700
2010-10-21 15:00:00,525.6900024414062,526.1099853515625,520.8400268554688,523.1199951171875,524800
2010-10-24 15:00:00,526.1799926757812,526.530029296875,524.719970703125,525.8599853515625,475800
2010-10-25 15:00:00,527.77001953125,527.77001953125,525.1900024414062,526.6400146484375,551200
2010-10-26 15:00:00,528.8499755859375,529.8200073242188,526.030029296875,528.5900268554688,581700
2010-10-27 15:00:00,530.6300048828125,531.1900024414062,527.2899780273438,527.3599853515625,545100
2010-10-28 15:00:00,530.47998046875,530.530029296875,522.1099853515625,526.4500122070312,463700
2010-10-31 15:00:00,528.9000244140625,528.989990234375,526.72998046875,527.97998046875,488200
2010-11-01 15:00:00,529.8099975585938,530.1300048828125,523.2100219726562,523.9299926757812,532100
2010-11-02 15:00:00,527.969970703125,528.75,525.3400268554688,525.8900146484375,538600
2010-11-03 15:00:00,528.7999877929688,532.72998046875,528.7999877929688,531.530029296875,577300
2010-11-04 15:00:00,536.510009765625,536.52001953125,528.6599731445312,528.6599731445312,564200
2010-11-07 15:00:00,531.1099853515625,531.4099731445312,527.8200073242188,528.469970703125,547100
2010-11-08 15:00:00,529.5800170898438,530.1400146484375,526.8099975585938,526.9299926757812,469000
2010-11-09 15:00:00,526.6799926757812,528.8599853515625,526.6799926757812,528.27001953125,488900
2010-11-10 15:00:00,529.6500244140625,529.6500244140625,524.0,524.0499877929688,564900
2010-11-11 15:00:00,526.1400146484375,526.760009765625,500.4700012207031,509.3500061035156,664200
2010-11-14 15:00:00,508.8500061035156,510.2000122070313,500.489990234375,504.8299865722656,549400
2010-11-15 15:00:00,506.3399963378906,506.8299865722656,499.0400085449219,503.0400085449219,562500
2010-11-16 15:00:00,497.1799926757813,505.739990234375,496.55999755859375,505.739990234375,626300
2010-11-17 15:00:00,508.4800109863281,514.1400146484375,508.3399963378906,514.1300048828125,526700
2010-11-18 15:00:00,517.0599975585938,517.6199951171875,515.489990234375,517.0399780273438,575200
2010-11-21 15:00:00,520.25,520.5,515.97998046875,515.97998046875,549400
2010-11-22 15:00:00,518.02001953125,518.0399780273438,510.7000122070313,511.5799865722656,609700
2010-11-23 15:00:00,491.5700073242188,505.760009765625,490.010009765625,505.3200073242188,723200
2010-11-24 15:00:00,511.4400024414063,511.989990234375,508.2799987792969,508.2799987792969,655600
2010-11-25 15:00:00,510.55999755859375,511.4200134277344,492.0199890136719,493.55999755859375,810700
2010-11-28 15:00:00,493.4500122070313,497.7799987792969,491.3399963378906,494.3299865722656,687300
2010-11-29 15:00:00,496.2000122070313,499.2300109863281,493.5400085449219,498.3900146484375,702700
2010-11-30 15:00:00,499.6099853515625,502.489990234375,497.6300048828125,502.4800109863281,686500
2010-12-01 15:00:00,507.2799987792969,508.30999755859375,505.9299926757813,505.9400024414063,707000
2010-12-02 15:00:00,508.989990234375,509.3800048828125,502.1000061035156,502.1300048828125,670600
2010-12-05 15:00:00,505.510009765625,505.5700073242188,501.5,502.5400085449219,582400
2010-12-06 15:00:00,503.9599914550781,504.7999877929688,501.6400146484375,504.489990234375,682900
2010-12-07 15:00:00,506.3399963378906,507.2799987792969,502.5,502.7999877929688,706500
2010-12-08 15:00:00,505.0,506.6799926757813,505.0,506.4500122070313,633700
2010-12-09 15:00:00,508.0199890136719,509.7300109863281,507.8699951171875,509.2000122070313,727500
2010-12-12 15:00:00,511.80999755859375,513.739990234375,510.5700073242188,513.4099731445312,692000
2010-12-13 15:00:00,515.4199829101562,515.8200073242188,514.4400024414062,515.0,736200
2010-12-14 15:00:00,516.4299926757812,516.780029296875,512.5,514.6900024414062,634100
2010-12-15 15:00:00,514.1699829101562,515.3400268554688,510.9599914550781,511.7099914550781,628400
2010-12-16 15:00:00,513.5800170898438,513.77001953125,510.6400146484375,510.739990234375,579900
2010-12-19 15:00:00,503.2900085449219,503.3800048828125,491.8599853515625,497.9500122070313,576500
2010-12-20 15:00:00,505.239990234375,508.6300048828125,505.239990234375,506.6700134277344,523900
2010-12-21 15:00:00,509.1400146484375,510.3699951171875,505.010009765625,505.010009765625,574000
2010-12-22 15:00:00,507.8200073242188,508.2200012207031,502.3800048828125,502.3900146484375,572000
2010-12-23 15:00:00,503.7699890136719,504.4299926757813,499.6199951171875,499.6300048828125,478900
2010-12-26 15:00:00,499.8999938964844,501.4700012207031,496.6799926757813,496.6799926757813,553900
2010-12-27 15:00:00,497.8699951171875,498.6499938964844,494.9500122070313,494.9500122070313,557800
2010-12-28 15:00:00,497.2200012207031,502.3299865722656,497.0199890136719,502.30999755859375,526700
2010-12-29 15:00:00,505.2900085449219,510.7200012207031,505.2900085449219,510.6900024414063,623400
2011-01-02 15:00:00,515.7100219726562,518.0599975585938,514.510009765625,518.0499877929688,579800
2011-01-03 15:00:00,520.739990234375,522.3400268554688,519.2899780273438,521.3499755859375,726900
2011-01-04 15:00:00,522.1599731445312,524.4099731445312,519.9299926757812,523.8099975585938,640400
2011-01-05 15:00:00,527.8200073242188,529.8699951171875,524.4400024414062,527.6400146484375,793900
2011-01-06 15:00:00,530.75,531.280029296875,529.8699951171875,530.8400268554688,657500
2011-01-09 15:00:00,532.9600219726562,534.8699951171875,532.0900268554688,533.97998046875,616800
2011-01-10 15:00:00,535.9400024414062,536.8400268554688,531.22998046875,533.6699829101562,740300
2011-01-11 15:00:00,536.52001953125,536.8400268554688,534.9400024414062,535.4299926757812,810500
2011-01-12 15:00:00,538.6099853515625,538.8599853515625,531.989990234375,534.27001953125,725800
2011-01-13 15:00:00,536.0499877929688,536.1900024414062,533.7899780273438,535.2000122070312,636300
2011-01-16 15:00:00,538.0700073242188,538.1300048828125,532.1599731445312,533.010009765625,630100
2011-01-17 15:00:00,532.6799926757812,534.0,529.0,529.02001953125,688200
2011-01-18 15:00:00,532.9500122070312,533.6099853515625,530.1099853515625,532.969970703125,653300
2011-01-19 15:00:00,533.5800170898438,535.77001953125,533.3599853515625,533.3599853515625,686500
2011-01-20 15:00:00,534.5499877929688,534.6500244140625,525.7000122070312,525.75,640500
2011-01-23 15:00:00,526.8400268554688,527.9299926757812,525.2000122070312,527.0900268554688,673800
2011-01-24 15:00:00,530.5700073242188,530.6699829101562,522.2000122070312,522.9600219726562,770400
2011-01-25 15:00:00,524.5499877929688,526.2100219726562,524.1799926757812,524.7100219726562,595700
2011-01-26 15:00:00,527.6500244140625,528.989990234375,527.260009765625,528.6300048828125,591500
2011-01-27 15:00:00,531.3800048828125,531.760009765625,526.8099975585938,527.4600219726562,613700
2011-01-30 15:00:00,523.010009765625,524.8599853515625,521.3800048828125,521.3800048828125,514400
2011-01-31 15:00:00,525.0999755859375,526.469970703125,523.260009765625,524.5,538200
2011-02-06 15:00:00,530.6799926757812,532.6199951171875,530.6799926757812,531.0900268554688,492900
2011-02-07 15:00:00,534.4600219726562,535.2000122070312,530.0599975585938,531.469970703125,585200
2011-02-08 15:00:00,533.469970703125,533.7899780273438,524.3099975585938,525.739990234375,724700
2011-02-09 15:00:00,526.8900146484375,527.5599975585938,521.6599731445312,522.7000122070312,728000
2011-02-10 15:00:00,525.9099731445312,526.6400146484375,517.47998046875,517.72998046875,836500
2011-02-13 15:00:00,522.3699951171875,523.1699829101562,517.5700073242188,520.3499755859375,651100
2011-02-14 15:00:00,521.260009765625,522.3300170898438,519.2999877929688,520.8800048828125,725100
2011-02-15 15:00:00,522.0999755859375,524.010009765625,519.8300170898438,520.0800170898438,874000
2011-02-16 15:00:00,522.6699829101562,523.5499877929688,508.010009765625,511.0799865722656,861800
2011-02-17 15:00:00,513.5999755859375,518.9500122070312,511.9200134277344,518.5499877929688,697800
2011-02-20 15:00:00,521.469970703125,522.22998046875,519.260009765625,520.5900268554688,666200
2011-02-21 15:00:00,517.8900146484375,517.8900146484375,508.8999938964844,512.0599975585938,665700
2011-02-22 15:00:00,509.6900024414063,513.6400146484375,505.239990234375,507.1600036621094,732900
2011-02-23 15:00:00,507.2200012207031,509.2699890136719,501.0400085449219,501.1099853515625,729000
2011-02-24 15:00:00,504.9599914550781,509.4100036621094,502.3800048828125,509.3299865722656,605800
2011-02-27 15:00:00,510.8299865722656,510.8399963378906,503.1700134277344,504.4599914550781,531000
2011-03-01 15:00:00,502.4800109863281,507.8999938964844,501.739990234375,503.4599914550781,537100
2011-03-02 15:00:00,506.989990234375,510.9500122070313,506.9700012207031,510.9400024414063,513100
2011-03-03 15:00:00,514.8499755859375,518.8099975585938,513.5900268554688,518.7899780273438,589600
2011-03-06 15:00:00,520.2100219726562,522.6400146484375,517.4600219726562,518.77001953125,520000
2011-03-07 15:00:00,520.8300170898438,525.1300048828125,517.780029296875,524.989990234375,583900
2011-03-08 15:00:00,528.02001953125,528.3900146484375,521.9000244140625,522.7000122070312,687300
2011-03-09 15:00:00,523.7000122070312,523.989990234375,519.2899780273438,522.1699829101562,683500
2011-03-10 15:00:00,515.989990234375,520.0999755859375,514.7100219726562,518.5499877929688,645300
2011-03-13 15:00:00,514.4199829101562,514.4199829101562,496.1199951171875,502.9800109863281,743700
2011-03-14 15:00:00,502.8599853515625,507.80999755859375,469.2000122070313,489.4400024414063,914200
2011-03-15 15:00:00,492.0299987792969,496.1799926757813,486.2300109863281,492.3599853515625,669100
2011-03-16 15:00:00,482.9500122070313,487.80999755859375,482.3599853515625,487.80999755859375,549100
2011-03-17 15:00:00,492.30999755859375,495.6099853515625,492.2799987792969,494.7900085449219,552100
2011-03-20 15:00:00,499.0700073242188,506.5499877929688,499.0700073242188,506.5299987792969,613000
2011-03-21 15:00:00,510.6000061035156,510.8800048828125,507.7999877929688,507.7999877929688,745800
2011-03-22 15:00:00,510.739990234375,511.4500122070313,508.4299926757813,510.1700134277344,716300
2011-03-23 15:00:00,513.1500244140625,513.8900146484375,512.5900268554688,513.7000122070312,585700
2011-03-24 15:00:00,517.739990234375,517.75,513.6199951171875,514.5700073242188,727400
2011-03-27 15:00:00,516.8099975585938,517.5399780273438,511.75,512.739990234375,601600
2011-03-28 15:00:00,514.4000244140625,515.1900024414062,513.1799926757812,514.1900024414062,619400
2011-03-29 15:00:00,517.47998046875,521.0399780273438,517.4600219726562,520.2100219726562,701600
2011-03-30 15:00:00,523.8300170898438,525.4199829101562,522.97998046875,525.4199829101562,616900
2011-03-31 15:00:00,528.489990234375,532.25,527.77001953125,532.0599975585938,656300
2011-04-03 15:00:00,535.6099853515625,536.2999877929688,533.3499755859375,534.9000244140625,625800
2011-04-04 15:00:00,537.530029296875,538.0599975585938,535.8900146484375,537.6599731445312,654400
2011-04-05 15:00:00,539.5399780273438,539.5399780273438,533.9600219726562,533.97998046875,743400
2011-04-06 15:00:00,536.8900146484375,537.6199951171875,533.1699829101562,534.969970703125,734800
2011-04-07 15:00:00,537.260009765625,537.4400024414062,533.8200073242188,534.2000122070312,667600
2011-04-10 15:00:00,536.2000122070312,537.3099975585938,533.0800170898438,533.1099853515625,568800
2011-04-11 15:00:00,534.5499877929688,535.02001953125,525.0999755859375,525.1099853515625,633500
2011-04-12 15:00:00,526.6699829101562,528.7000122070312,524.8800048828125,528.7000122070312,508700
2011-04-13 15:00:00,530.5399780273438,531.9000244140625,529.3599853515625,531.469970703125,665400
2011-04-14 15:00:00,533.6699829101562,534.8699951171875,532.22998046875,534.5800170898438,625500
2011-04-17 15:00:00,537.7100219726562,537.9199829101562,528.1900024414062,528.52001953125,581900
2011-04-18 15:00:00,525.739990234375,529.6500244140625,524.4600219726562,526.6199951171875,561800
2011-04-19 15:00:00,531.9199829101562,532.5900268554688,531.1599731445312,532.25,629100
2011-04-20 15:00:00,536.5999755859375,536.8099975585938,529.5700073242188,529.5800170898438,613400
2011-04-21 15:00:00,532.030029296875,532.3099975585938,523.7999877929688,525.260009765625,582700
2011-04-24 15:00:00,528.5900268554688,530.0399780273438,527.77001953125,528.5999755859375,484400
2011-04-25 15:00:00,530.5599975585938,530.6300048828125,520.8300170898438,521.6799926757812,628800
2011-04-26 15:00:00,525.6799926757812,526.1900024414062,516.7000122070312,518.3900146484375,604800
2011-04-27 15:00:00,522.010009765625,522.47998046875,513.8300170898438,514.6699829101562,502600
2011-04-28 15:00:00,516.4099731445312,516.4199829101562,507.1199951171875,511.0,373400
2011-05-01 15:00:00,513.530029296875,516.77001953125,513.47998046875,516.760009765625,343900
2011-05-02 15:00:00,516.8200073242188,517.4400024414062,511.2200012207031,512.510009765625,372200
2011-05-03 15:00:00,514.1900024414062,514.5999755859375,510.5199890136719,510.5299987792969,317500
2011-05-05 15:00:00,508.30999755859375,508.6900024414063,504.8299865722656,506.4200134277344,325500
2011-05-08 15:00:00,508.9299926757813,509.3800048828125,504.3500061035156,504.3699951171875,288600
2011-05-10 15:00:00,507.6400146484375,507.9599914550781,504.7200012207031,505.1799926757813,386500
2011-05-11 15:00:00,502.1600036621094,505.7699890136719,501.4800109863281,504.4599914550781,356300
2011-05-12 15:00:00,508.0499877929688,508.5,505.3599853515625,507.2799987792969,343200
2011-05-15 15:00:00,507.3999938964844,509.0,506.0700073242188,506.0700073242188,321000
2011-05-16 15:00:00,506.1700134277344,507.4400024414063,501.7200012207031,501.7200012207031,384600
2011-05-17 15:00:00,503.4599914550781,504.0899963378906,498.8800048828125,498.9400024414063,388800
2011-05-18 15:00:00,501.2099914550781,501.4500122070313,487.0299987792969,487.0299987792969,395900
2011-05-19 15:00:00,488.5,489.4599914550781,483.6900024414063,486.239990234375,331600
2011-05-22 15:00:00,485.760009765625,485.7900085449219,472.9400024414063,472.9400024414063,295900
2011-05-23 15:00:00,470.55999755859375,474.3999938964844,470.2099914550781,474.3200073242188,317500
2011-05-24 15:00:00,476.8800048828125,480.3699951171875,471.2300109863281,471.2300109863281,360000
2011-05-25 15:00:00,475.6600036621094,480.1900024414063,475.6600036621094,479.9599914550781,376700
2011-05-26 15:00:00,482.4200134277344,484.1600036621094,481.80999755859375,483.2200012207031,352700
2011-05-29 15:00:00,486.7699890136719,487.1300048828125,480.4500122070313,480.5199890136719,303300
2011-05-30 15:00:00,482.8599853515625,484.5899963378906,481.30999755859375,484.5400085449219,359100
2011-05-31 15:00:00,486.5499877929688,486.6400146484375,483.0299987792969,483.2300109863281,322300
2011-06-01 15:00:00,474.5299987792969,480.0,474.0899963378906,477.8299865722656,339900
2011-06-02 15:00:00,480.6400146484375,482.0799865722656,475.9500122070313,476.1000061035156,328000
2011-06-06 15:00:00,475.9400024414063,477.239990234375,472.4500122070313,472.7999877929688,309700
2011-06-07 15:00:00,473.5,474.5299987792969,468.0499877929688,469.1499938964844,336700
2011-06-08 15:00:00,470.2000122070313,474.3900146484375,470.2000122070313,473.4700012207031,323000
2011-06-09 15:00:00,477.0700073242188,477.4299926757813,466.8299865722656,466.9100036621094,334400
2011-06-12 15:00:00,464.8399963378906,466.2300109863281,455.1400146484375,458.1499938964844,361200
2011-06-13 15:00:00,458.8500061035156,462.5899963378906,458.75,462.2900085449219,357500
2011-06-14 15:00:00,465.9599914550781,466.4400024414063,462.7099914550781,464.8299865722656,343300
2011-06-15 15:00:00,461.0,463.8500061035156,460.30999755859375,460.5400085449219,303200
2011-06-16 15:00:00,464.9599914550781,465.9100036621094,455.55999755859375,459.3299865722656,362900
2011-06-19 15:00:00,461.989990234375,463.3900146484375,457.2099914550781,457.2300109863281,317300
2011-06-20 15:00:00,460.1099853515625,461.1000061035156,455.4800109863281,459.5700073242188,326600
2011-06-21 15:00:00,463.5400085449219,465.1400146484375,463.3200073242188,463.7699890136719,375300
2011-06-22 15:00:00,464.3500061035156,465.7699890136719,464.1499938964844,464.6199951171875,375800
2011-06-23 15:00:00,467.1400146484375,473.7200012207031,467.1400146484375,473.6600036621094,379600
2011-06-26 15:00:00,473.55999755859375,476.0299987792969,473.3699951171875,475.4299926757813,350500
2011-06-27 15:00:00,480.2200012207031,480.3599853515625,474.6400146484375,474.6499938964844,427500
2011-06-28 15:00:00,478.1099853515625,478.3299865722656,474.5700073242188,476.5700073242188,380700
2011-06-29 15:00:00,479.2999877929688,479.5700073242188,477.4100036621094,479.5499877929688,361000
2011-06-30 15:00:00,482.8399963378906,484.4599914550781,482.7799987792969,484.1099853515625,382000
2011-07-03 15:00:00,488.6700134277344,489.489990234375,487.8299865722656,489.2999877929688,397000
2011-07-04 15:00:00,491.3500061035156,492.3699951171875,490.4800109863281,492.3699951171875,396500
2011-07-05 15:00:00,493.1499938964844,493.2999877929688,491.1000061035156,492.9400024414063,389000
2011-07-06 15:00:00,494.5299987792969,496.1000061035156,494.2999877929688,495.5199890136719,414400
2011-07-07 15:00:00,498.30999755859375,498.3900146484375,496.1000061035156,496.8200073242188,408700
2011-07-10 15:00:00,497.6099853515625,499.5,497.5299987792969,498.3699951171875,415900
2011-07-11 15:00:00,493.6499938964844,494.5799865722656,489.9800109863281,490.6300048828125,518300
2011-07-12 15:00:00,493.1099853515625,494.9700012207031,491.75,494.9700012207031,458800
2011-07-13 15:00:00,496.3599853515625,497.2900085449219,494.30999755859375,497.1799926757813,373000
2011-07-14 15:00:00,498.6600036621094,507.010009765625,498.6600036621094,507.0,433500
2011-07-17 15:00:00,511.1300048828125,517.989990234375,509.9700012207031,517.9299926757812,477000
2011-07-18 15:00:00,519.1599731445312,524.47998046875,519.1400146484375,524.47998046875,532600
2011-07-19 15:00:00,530.4299926757812,530.5599975585938,526.6099853515625,526.6099853515625,537100
2011-07-20 15:00:00,528.5900268554688,528.6199951171875,524.3800048828125,524.5399780273438,491600
2011-07-21 15:00:00,528.5900268554688,531.8300170898438,527.6500244140625,531.239990234375,484600
2011-07-24 15:00:00,532.489990234375,534.4500122070312,529.8900146484375,529.9000244140625,468900
2011-07-25 15:00:00,532.8800048828125,535.8599853515625,531.0900268554688,535.8499755859375,505800
2011-07-26 15:00:00,536.8800048828125,538.8800048828125,536.0900268554688,538.1199951171875,514000
2011-07-27 15:00:00,532.3900146484375,539.5599975585938,531.75,538.5399780273438,590500
2011-07-28 15:00:00,541.5700073242188,543.3200073242188,536.0499877929688,536.0499877929688,485600
2011-07-31 15:00:00,541.4099731445312,544.4099731445312,541.3200073242188,544.3900146484375,404100
2011-08-01 15:00:00,543.8300170898438,545.0599975585938,534.0499877929688,538.0599975585938,506800
2011-08-02 15:00:00,529.1199951171875,531.9500122070312,523.0999755859375,531.9099731445312,426800
2011-08-03 15:00:00,537.4099731445312,539.5900268554688,522.02001953125,522.0700073242188,488600
2011-08-04 15:00:00,494.2999877929688,505.8200073242188,481.7000122070313,495.5499877929688,541100
2011-08-07 15:00:00,489.2200012207031,497.489990234375,441.239990234375,462.6900024414063,606000
2011-08-08 15:00:00,445.7000122070313,445.8599853515625,404.5499877929688,432.8800048828125,625000
2011-08-09 15:00:00,456.9100036621094,458.5700073242188,449.2900085449219,453.5499877929688,526600
2011-08-10 15:00:00,431.5499877929688,469.239990234375,430.8999938964844,469.239990234375,545800
2011-08-11 15:00:00,483.0199890136719,490.5,473.3800048828125,474.1499938964844,565100
2011-08-15 15:00:00,491.55999755859375,496.2699890136719,490.760009765625,496.2300109863281,478300
2011-08-16 15:00:00,496.7699890136719,507.1099853515625,496.25,506.4400024414063,564100
2011-08-17 15:00:00,512.0800170898438,515.3300170898438,496.510009765625,507.7999877929688,669600
2011-08-18 15:00:00,488.7799987792969,495.9299926757813,474.6199951171875,474.6499938964844,674100
2011-08-21 15:00:00,479.5499877929688,483.0400085449219,460.1300048828125,465.8999938964844,482900
2011-08-22 15:00:00,474.9800109863281,479.7699890136719,471.4200134277344,479.75,533800
2011-08-23 15:00:00,487.9500122070313,488.489990234375,474.2900085449219,474.2900085449219,522600
2011-08-24 15:00:00,483.25,486.2999877929688,469.9100036621094,471.5,445800
2011-08-25 15:00:00,470.4400024414063,475.0499877929688,469.260009765625,473.30999755859375,442800
2011-08-28 15:00:00,481.2799987792969,483.4299926757813,478.489990234375,483.2699890136719,453900
2011-08-29 15:00:00,489.760009765625,490.2099914550781,486.75,488.489990234375,551000
2011-08-30 15:00:00,492.2000122070313,493.4500122070313,488.0799865722656,493.4400024414063,485000
2011-08-31 15:00:00,496.80999755859375,500.5199890136719,488.1000061035156,490.2200012207031,612100
2011-09-01 15:00:00,491.0400085449219,494.5,488.25,494.4700012207031,613500
2011-09-04 15:00:00,489.1300048828125,491.9800109863281,480.3200073242188,480.4299926757813,601700
2011-09-05 15:00:00,473.8200073242188,476.3900146484375,459.1700134277344,465.3500061035156,644800
2011-09-06 15:00:00,475.0799865722656,479.25,473.5400085449219,479.1700134277344,426300
2011-09-07 15:00:00,484.9100036621094,485.0199890136719,472.6199951171875,475.2999877929688,479700
2011-09-08 15:00:00,474.239990234375,476.489990234375,468.9299926757813,470.9400024414063,428800
2011-09-13 15:00:00,471.7300109863281,471.7300109863281,452.2699890136719,452.2999877929688,409200
2011-09-14 15:00:00,464.2099914550781,465.9800109863281,445.1499938964844,454.9500122070313,484800
2011-09-15 15:00:00,463.9800109863281,467.8699951171875,461.0299987792969,467.8399963378906,484100
2011-09-18 15:00:00,466.6900024414063,472.4700012207031,462.8299865722656,462.8399963378906,474400
2011-09-19 15:00:00,461.6499938964844,470.1199951171875,458.739990234375,470.1099853515625,471000
2011-09-20 15:00:00,473.4299926757813,479.6799926757813,472.3999938964844,477.510009765625,491800
2011-09-21 15:00:00,469.0199890136719,476.010009765625,467.9599914550781,471.4100036621094,512100
2011-09-22 15:00:00,454.9700012207031,455.9100036621094,446.489990234375,446.510009765625,553200
2011-09-25 15:00:00,453.239990234375,453.7799987792969,408.3500061035156,409.5499877929688,670900
2011-09-26 15:00:00,422.1799926757813,433.4299926757813,422.1799926757813,433.4100036621094,547200
2011-09-27 15:00:00,440.5700073242188,444.4500122070313,434.2000122070313,434.2000122070313,521100
2011-09-28 15:00:00,431.5799865722656,443.260009765625,430.7200012207031,443.260009765625,486900
2011-09-29 15:00:00,446.75,451.3399963378906,445.9800109863281,449.6600036621094,466600
2011-10-03 15:00:00,430.2999877929688,436.1400146484375,423.8800048828125,436.1300048828125,443500
2011-10-04 15:00:00,441.760009765625,442.0499877929688,421.1700134277344,421.1799926757813,480100
2011-10-05 15:00:00,433.9200134277344,437.7099914550781,428.9299926757813,431.1799926757813,499200
2011-10-06 15:00:00,440.7200012207031,442.8500061035156,439.8800048828125,442.6400146484375,492900
2011-10-09 15:00:00,445.8200073242188,453.9200134277344,445.8200073242188,453.9100036621094,506500
2011-10-10 15:00:00,462.8200073242188,463.0499877929688,458.7900085449219,459.05999755859375,682000
2011-10-11 15:00:00,461.4299926757813,467.6799926757813,459.6099853515625,467.6499938964844,618500
2011-10-12 15:00:00,474.1300048828125,476.6400146484375,473.5199890136719,473.55999755859375,620300
2011-10-13 15:00:00,473.7099914550781,473.9100036621094,464.8800048828125,473.8900146484375,554800
2011-10-16 15:00:00,480.8500061035156,485.5499877929688,479.4800109863281,485.3800048828125,593600
2011-10-17 15:00:00,476.8500061035156,486.2000122070313,475.0,483.4299926757813,633800
2011-10-18 15:00:00,490.489990234375,491.4299926757813,487.1499938964844,488.1700134277344,649000
2011-10-19 15:00:00,491.4299926757813,493.5700073242188,469.9500122070313,469.9800109863281,707600
2011-10-20 15:00:00,480.2099914550781,481.25,471.9100036621094,481.2200012207031,538800
2011-10-23 15:00:00,489.75,493.0299987792969,487.6900024414063,493.0299987792969,570400
2011-10-24 15:00:00,496.9200134277344,497.8500061035156,492.239990234375,492.6900024414063,659600
2011-10-25 15:00:00,488.9599914550781,497.510009765625,488.8399963378906,497.510009765625,532300
2011-10-26 15:00:00,502.3200073242188,502.8299865722656,496.0799865722656,497.0400085449219,605000
2011-10-27 15:00:00,504.6900024414063,504.7000122070313,486.7000122070313,490.5899963378906,556400
2011-10-30 15:00:00,492.9599914550781,493.7099914550781,488.3399963378906,490.6900024414063,508100
2011-10-31 15:00:00,487.2099914550781,493.0899963378906,487.2099914550781,492.3599853515625,511900
2011-11-01 15:00:00,480.4500122070313,493.510009765625,477.8699951171875,493.489990234375,526200
2011-11-02 15:00:00,497.80999755859375,497.8399963378906,487.8999938964844,487.9100036621094,489900
2011-11-03 15:00:00,497.510009765625,502.7999877929688,497.5,502.7999877929688,562600
2011-11-06 15:00:00,506.4400024414063,511.05999755859375,505.3900146484375,509.7699890136719,540600
2011-11-07 15:00:00,514.1199951171875,514.1300048828125,507.1099853515625,507.1099853515625,604700
2011-11-08 15:00:00,513.0999755859375,514.3499755859375,505.3399963378906,509.4100036621094,563700
2011-11-09 15:00:00,495.1799926757813,495.6400146484375,486.0899963378906,488.7699890136719,611600
2011-11-10 15:00:00,498.5700073242188,500.0899963378906,491.1000061035156,500.0799865722656,580500
2011-11-13 15:00:00,508.3900146484375,512.030029296875,508.239990234375,510.0899963378906,562100
2011-11-14 15:00:00,510.3299865722656,512.4000244140625,505.8800048828125,508.3299865722656,575900
2011-11-15 15:00:00,513.8800048828125,514.1199951171875,497.5700073242188,497.5799865722656,595000
2011-11-16 15:00:00,500.5899963378906,506.5400085449219,495.3900146484375,506.5400085449219,580700
2011-11-17 15:00:00,498.9100036621094,503.1099853515625,498.6700134277344,503.0899963378906,573600
2011-11-20 15:00:00,504.1400146484375,504.9599914550781,498.3599853515625,498.3599853515625,621200
2011-11-21 15:00:00,493.25,505.7099914550781,492.9700012207031,505.6900024414063,615100
2011-11-22 15:00:00,506.9299926757813,506.9299926757813,488.5400085449219,490.489990234375,616800
2011-11-23 15:00:00,488.1400146484375,492.9800109863281,485.1099853515625,489.4800109863281,562000
2011-11-24 15:00:00,488.8999938964844,491.7300109863281,475.989990234375,479.5499877929688,563900
2011-11-27 15:00:00,485.1799926757813,487.1000061035156,482.5499877929688,486.3599853515625,429700
2011-11-28 15:00:00,492.1400146484375,493.3200073242188,489.8800048828125,492.7300109863281,505600
2011-11-29 15:00:00,493.5799865722656,496.5299987792969,491.1600036621094,492.80999755859375,534800
2011-11-30 15:00:00,504.260009765625,504.3900146484375,496.2999877929688,496.3299865722656,685300
2011-12-01 15:00:00,497.4599914550781,498.4599914550781,495.7300109863281,498.3299865722656,506800
2011-12-04 15:00:00,501.989990234375,505.8999938964844,500.6199951171875,505.8200073242188,506500
2011-12-05 15:00:00,508.05999755859375,508.30999755859375,501.6400146484375,502.5899963378906,614200
2011-12-06 15:00:00,506.4200134277344,507.25,504.5199890136719,505.6799926757813,532700
2011-12-07 15:00:00,507.6000061035156,509.6000061035156,503.7799987792969,508.6499938964844,565100
2011-12-08 15:00:00,504.9299926757813,509.989990234375,503.489990234375,507.6000061035156,555600
2011-12-11 15:00:00,515.0599975585938,516.0999755859375,512.3699951171875,515.219970703125,587300
2011-12-12 15:00:00,512.6199951171875,514.9500122070312,508.9599914550781,511.2999877929688,710400
2011-12-13 15:00:00,513.1699829101562,514.3599853515625,506.8900146484375,508.3800048828125,597700
2011-12-14 15:00:00,505.2200012207031,507.2000122070313,497.760009765625,497.760009765625,627600
2011-12-15 15:00:00,503.6300048828125,504.8900146484375,500.8900146484375,504.5799865722656,567400
2011-12-18 15:00:00,505.7000122070313,505.9700012207031,460.1900024414063,477.6099853515625,820900
2011-12-19 15:00:00,481.7000122070313,489.6600036621094,481.6900024414063,489.6099853515625,502900
2011-12-20 15:00:00,500.260009765625,503.1300048828125,500.2000122070313,500.6400146484375,622200
2011-12-21 15:00:00,503.0400085449219,504.6199951171875,501.0,501.5400085449219,594200
2011-12-22 15:00:00,506.1099853515625,506.55999755859375,501.2999877929688,502.3599853515625,629800
2011-12-25 15:00:00,506.3800048828125,506.760009765625,499.9100036621094,501.3699951171875,537100
2011-12-26 15:00:00,502.760009765625,503.0,487.30999755859375,491.6400146484375,691500
2011-12-27 15:00:00,493.1199951171875,495.3900146484375,492.7900085449219,495.2200012207031,475700
2011-12-28 15:00:00,495.0400085449219,500.7300109863281,494.8699951171875,500.1799926757813,488700
2012-01-01 15:00:00,504.4100036621094,506.8299865722656,502.6900024414063,506.7900085449219,433400
2012-01-02 15:00:00,509.9800109863281,513.8499755859375,509.8399963378906,513.8300170898438,591000
2012-01-03 15:00:00,517.4600219726562,519.47998046875,516.2000122070312,516.2999877929688,652100
2012-01-04 15:00:00,520.1400146484375,524.3699951171875,519.1099853515625,521.9600219726562,654300
2012-01-05 15:00:00,525.0399780273438,525.0399780273438,515.0900268554688,518.9400024414062,626000
2012-01-08 15:00:00,519.9600219726562,520.3800048828125,514.3400268554688,520.280029296875,617400
2012-01-09 15:00:00,524.3400268554688,526.4000244140625,524.1300048828125,525.739990234375,570000
2012-01-10 15:00:00,528.4400024414062,528.4400024414062,518.3300170898438,518.5800170898438,642100
2012-01-11 15:00:00,521.2999877929688,521.6099853515625,516.72998046875,520.3400268554688,604500
2012-01-12 15:00:00,522.4400024414062,523.6900024414062,521.510009765625,523.1300048828125,508500
2012-01-15 15:00:00,519.9500122070312,521.8099975585938,517.989990234375,519.8499755859375,476000
2012-01-16 15:00:00,522.9099731445312,523.5399780273438,519.4400024414062,519.5800170898438,570000
2012-01-17 15:00:00,522.1699829101562,522.3599853515625,513.1799926757812,513.2000122070312,623800
2012-01-18 15:00:00,516.9299926757812,518.0800170898438,515.02001953125,515.7000122070312,549300
2012-01-19 15:00:00,517.6500244140625,517.9600219726562,510.6600036621094,512.1699829101562,562900
2012-01-24 15:00:00,513.1199951171875,514.6300048828125,510.8800048828125,511.4700012207031,472400
2012-01-25 15:00:00,514.7100219726562,516.9500122070312,514.3699951171875,516.4500122070312,503500
2012-01-26 15:00:00,518.510009765625,518.6500244140625,515.8099975585938,515.8099975585938,539400
2012-01-29 15:00:00,516.969970703125,516.969970703125,510.3299865722656,510.3299865722656,538800
2012-01-30 15:00:00,512.030029296875,514.2999877929688,511.5199890136719,513.989990234375,689300
2012-01-31 15:00:00,516.4500122070312,519.260009765625,515.9099731445312,519.25,636600
2012-02-01 15:00:00,524.3900146484375,524.5599975585938,521.1400146484375,522.0800170898438,750600
2012-02-02 15:00:00,524.5,524.5599975585938,520.97998046875,522.5900268554688,699600
2012-02-05 15:00:00,526.7999877929688,526.8200073242188,517.0900268554688,517.0999755859375,695000
2012-02-06 15:00:00,518.9099731445312,520.3800048828125,517.2899780273438,519.0700073242188,670500
2012-02-07 15:00:00,520.719970703125,522.4299926757812,519.4500122070312,520.9500122070312,730100
2012-02-08 15:00:00,522.8200073242188,524.3499755859375,520.8300170898438,524.27001953125,767500
2012-02-09 15:00:00,527.5399780273438,529.1799926757812,522.760009765625,528.6699829101562,762600
2012-02-12 15:00:00,530.8499755859375,533.5399780273438,528.719970703125,533.1900024414062,790600
2012-02-13 15:00:00,535.3800048828125,536.3300170898438,534.5499877929688,535.3599853515625,790800
2012-02-14 15:00:00,538.1300048828125,538.1400146484375,535.9099731445312,537.8599853515625,910800
2012-02-15 15:00:00,537.7000122070312,540.010009765625,534.9099731445312,535.2999877929688,728200
2012-02-16 15:00:00,540.780029296875,541.1300048828125,539.6500244140625,540.1400146484375,754500
2012-02-19 15:00:00,543.2999877929688,543.4000244140625,539.3300170898438,540.3300170898438,882700
2012-02-20 15:00:00,542.8900146484375,543.3099975585938,540.4600219726562,543.0599975585938,885800
2012-02-21 15:00:00,544.9099731445312,545.4299926757812,543.25,544.2000122070312,966800
2012-02-22 15:00:00,543.7899780273438,543.8599853515625,541.1300048828125,541.1300048828125,877300
2012-02-23 15:00:00,544.280029296875,544.3400268554688,541.75,544.1400146484375,827900
2012-02-26 15:00:00,545.8400268554688,545.8599853515625,538.3400268554688,538.3400268554688,678000
2012-02-27 15:00:00,541.2999877929688,541.8300170898438,539.1300048828125,540.3499755859375,774500
2012-02-28 15:00:00,543.9600219726562,544.4000244140625,542.239990234375,542.2999877929688,749200
2012-03-01 15:00:00,545.1699829101562,545.469970703125,543.0499877929688,543.969970703125,678000
2012-03-04 15:00:00,546.010009765625,546.1500244140625,539.1300048828125,539.739990234375,625800
2012-03-05 15:00:00,540.6300048828125,541.4000244140625,529.4199829101562,533.6199951171875,909300
2012-03-06 15:00:00,525.47998046875,532.97998046875,524.72998046875,532.47998046875,829300
2012-03-07 15:00:00,535.969970703125,537.0700073242188,535.0800170898438,535.760009765625,789600
2012-03-08 15:00:00,539.4199829101562,539.7100219726562,536.8099975585938,539.5499877929688,888900
2012-03-11 15:00:00,541.27001953125,541.3300170898438,536.0900268554688,536.1099853515625,771100
2012-03-12 15:00:00,539.0,539.510009765625,537.6799926757812,538.4600219726562,762100
2012-03-13 15:00:00,543.1500244140625,543.219970703125,538.8599853515625,538.8599853515625,856100
2012-03-14 15:00:00,540.1300048828125,540.8699951171875,537.1400146484375,538.3099975585938,819800
2012-03-15 15:00:00,540.1699829101562,540.4199829101562,537.510009765625,539.780029296875,760800
2012-03-18 15:00:00,541.3400268554688,542.489990234375,539.530029296875,539.8300170898438,810200
2012-03-19 15:00:00,541.010009765625,541.6400146484375,535.2999877929688,535.5499877929688,787400
2012-03-20 15:00:00,535.780029296875,537.0700073242188,533.739990234375,533.9299926757812,714900
2012-03-21 15:00:00,535.2000122070312,535.4600219726562,527.9000244140625,527.9000244140625,701600
2012-03-22 15:00:00,526.5900268554688,528.1900024414062,526.27001953125,527.469970703125,635600
2012-03-25 15:00:00,530.1300048828125,530.5999755859375,523.3900146484375,523.3900146484375,663700
2012-03-26 15:00:00,527.6300048828125,527.969970703125,521.5399780273438,521.739990234375,692100
2012-03-27 15:00:00,523.4199829101562,524.1199951171875,519.5599975585938,519.5599975585938,645900
2012-03-28 15:00:00,519.739990234375,520.1199951171875,510.2000122070313,514.2100219726562,798000
2012-03-29 15:00:00,515.3300170898438,519.9600219726562,514.72998046875,519.5599975585938,665300
2012-04-01 15:00:00,521.8699951171875,523.010009765625,521.5499877929688,521.7999877929688,540400
2012-04-02 15:00:00,524.4199829101562,524.5499877929688,515.6300048828125,515.8300170898438,680500
2012-04-03 15:00:00,516.510009765625,516.6300048828125,500.510009765625,502.9700012207031,675600
2012-04-04 15:00:00,499.9299926757813,503.760009765625,494.5400085449219,503.3399963378906,643200
2012-04-05 15:00:00,504.2900085449219,507.010009765625,502.5199890136719,503.4100036621094,639600
2012-04-08 15:00:00,501.2900085449219,501.3200073242188,486.7999877929688,486.7999877929688,599300
2012-04-09 15:00:00,486.3399963378906,492.1099853515625,481.760009765625,484.7699890136719,652300
2012-04-11 15:00:00,486.4100036621094,487.1799926757813,482.739990234375,485.7099914550781,542700
2012-04-12 15:00:00,491.4299926757813,499.55999755859375,491.4299926757813,499.4599914550781,499100
2012-04-15 15:00:00,496.4200134277344,501.3500061035156,496.4200134277344,501.0899963378906,500600
2012-04-16 15:00:00,502.9700012207031,504.1499938964844,497.7999877929688,500.3800048828125,539400
2012-04-17 15:00:00,507.0199890136719,507.0199890136719,503.2999877929688,503.6300048828125,518500
2012-04-18 15:00:00,504.1000061035156,505.05999755859375,500.2300109863281,501.9200134277344,524300
2012-04-19 15:00:00,501.1300048828125,501.5799865722656,496.6700134277344,497.55999755859375,606700
2012-04-22 15:00:00,499.4200134277344,500.3200073242188,494.9400024414063,495.0199890136719,560000
2012-04-23 15:00:00,490.2099914550781,492.5,486.8299865722656,487.6199951171875,558500
2012-04-24 15:00:00,491.1300048828125,491.9700012207031,483.4700012207031,483.4800109863281,535000
2012-04-25 15:00:00,488.3699951171875,489.3200073242188,475.2699890136719,476.6199951171875,586800
2012-04-26 15:00:00,479.4400024414063,480.4500122070313,476.6199951171875,479.0799865722656,502900
2012-04-29 15:00:00,482.4800109863281,482.8399963378906,476.30999755859375,478.8900146484375,560100
2012-05-01 15:00:00,480.8200073242188,485.6199951171875,480.760009765625,485.5400085449219,436100
2012-05-02 15:00:00,487.3200073242188,488.7799987792969,487.0899963378906,487.4400024414063,496700
2012-05-03 15:00:00,488.5199890136719,490.5400085449219,487.9400024414063,490.5299987792969,445500
2012-05-06 15:00:00,485.8299865722656,489.0199890136719,485.0,487.010009765625,372300
2012-05-07 15:00:00,491.4500122070313,494.7099914550781,491.3299865722656,494.6000061035156,501100
2012-05-08 15:00:00,494.5,495.3900146484375,490.260009765625,491.55999755859375,468200
2012-05-09 15:00:00,492.2200012207031,494.5899963378906,491.9500122070313,494.2699890136719,490200
2012-05-10 15:00:00,497.5,498.5899963378906,492.4100036621094,493.6600036621094,497800
2012-05-13 15:00:00,495.1700134277344,497.1700134277344,486.5899963378906,488.5299987792969,500500
2012-05-14 15:00:00,483.6300048828125,484.989990234375,473.2000122070313,480.5,530400
2012-05-15 15:00:00,478.739990234375,481.1900024414063,465.0,465.010009765625,484200
2012-05-16 15:00:00,466.7300109863281,469.7000122070313,464.1199951171875,468.1300048828125,438300
2012-05-17 15:00:00,460.8500061035156,460.8500061035156,448.1400146484375,448.6799926757813,457500
2012-05-20 15:00:00,452.3299865722656,454.4200134277344,446.3500061035156,448.8900146484375,387700
2012-05-21 15:00:00,455.6300048828125,461.4599914550781,455.6300048828125,461.4500122070313,433500
2012-05-22 15:00:00,461.8299865722656,461.9599914550781,455.8999938964844,455.8999938964844,440100
2012-05-23 15:00:00,458.3900146484375,460.8800048828125,454.0799865722656,455.7200012207031,456700
2012-05-24 15:00:00,459.9299926757813,463.0700073242188,459.3699951171875,462.3999938964844,454100
2012-05-28 15:00:00,464.3399963378906,470.5199890136719,464.3399963378906,470.0199890136719,409600
2012-05-29 15:00:00,473.2900085449219,473.3500061035156,468.6300048828125,469.6199951171875,517900
2012-05-30 15:00:00,464.6000061035156,471.9800109863281,463.510009765625,471.9400024414063,544600
2012-05-31 15:00:00,474.260009765625,476.4299926757813,472.1300048828125,472.1300048828125,493200
2012-06-03 15:00:00,458.010009765625,460.8200073242188,448.9400024414063,450.8399963378906,549300
2012-06-04 15:00:00,456.3299865722656,458.010009765625,455.2900085449219,456.6799926757813,677900
2012-06-06 15:00:00,466.75,468.55999755859375,466.1799926757813,466.1799926757813,591600
2012-06-07 15:00:00,468.6499938964844,469.3500061035156,461.9700012207031,461.989990234375,575400
2012-06-10 15:00:00,467.5299987792969,469.6000061035156,466.7999877929688,469.5899963378906,582200
2012-06-11 15:00:00,465.6300048828125,472.1799926757813,465.55999755859375,471.9700012207031,585100
2012-06-12 15:00:00,476.8200073242188,476.8399963378906,470.739990234375,470.9599914550781,638700
2012-06-13 15:00:00,471.55999755859375,473.0400085449219,471.3299865722656,472.0299987792969,586100
2012-06-14 15:00:00,475.2300109863281,475.2300109863281,467.75,467.75,603300
2012-06-17 15:00:00,475.3299865722656,476.0499877929688,475.2000122070313,475.260009765625,533600
2012-06-18 15:00:00,476.5499877929688,478.989990234375,476.30999755859375,478.3599853515625,765900
2012-06-19 15:00:00,482.8399963378906,484.6900024414063,481.9599914550781,484.5499877929688,584300
2012-06-20 15:00:00,486.30999755859375,488.3800048828125,483.489990234375,485.1799926757813,623500
2012-06-21 15:00:00,479.80999755859375,485.2000122070313,479.6600036621094,485.1900024414063,635600
2012-06-24 15:00:00,488.6700134277344,488.80999755859375,483.760009765625,484.4400024414063,604900
2012-06-25 15:00:00,482.760009765625,485.3900146484375,482.760009765625,484.3399963378906,633400
2012-06-26 15:00:00,487.2000122070313,487.2000122070313,480.25,483.0299987792969,678100
2012-06-27 15:00:00,486.6000061035156,487.4500122070313,484.1400146484375,485.9100036621094,717300
2012-06-28 15:00:00,486.6900024414063,489.3800048828125,485.0700073242188,489.1600036621094,630700
2012-07-01 15:00:00,493.6099853515625,493.6600036621094,490.4299926757813,490.4299926757813,564800
2012-07-02 15:00:00,492.760009765625,494.1700134277344,492.5899963378906,493.9100036621094,693400
2012-07-03 15:00:00,496.30999755859375,496.9700012207031,494.9500122070313,495.80999755859375,719700
2012-07-04 15:00:00,497.5799865722656,498.2200012207031,496.8500061035156,497.3399963378906,687200
2012-07-05 15:00:00,499.3200073242188,499.4299926757813,495.760009765625,497.2099914550781,697700
2012-07-08 15:00:00,497.05999755859375,498.75,495.2300109863281,495.2300109863281,595000
2012-07-09 15:00:00,497.2300109863281,497.7999877929688,491.2300109863281,492.3399963378906,816800
2012-07-10 15:00:00,492.7900085449219,494.8900146484375,490.55999755859375,491.9299926757813,794600
2012-07-11 15:00:00,493.5199890136719,493.989990234375,486.25,486.3800048828125,721400
2012-07-12 15:00:00,487.6099853515625,487.9100036621094,468.75,484.3200073242188,783100
2012-07-15 15:00:00,488.1199951171875,488.1199951171875,483.5,483.5,555400
2012-07-16 15:00:00,482.9500122070313,483.7699890136719,480.4100036621094,480.6099853515625,699300
2012-07-17 15:00:00,482.8299865722656,483.5299987792969,472.8800048828125,472.8800048828125,732000
2012-07-18 15:00:00,478.0299987792969,479.8699951171875,477.9500122070313,478.6799926757813,614800
2012-07-19 15:00:00,481.1099853515625,482.7200012207031,480.4700012207031,481.8299865722656,623400
2012-07-22 15:00:00,480.3699951171875,480.3699951171875,471.7799987792969,472.239990234375,621100
2012-07-23 15:00:00,470.489990234375,472.05999755859375,464.0899963378906,468.2799987792969,578000
2012-07-24 15:00:00,462.7000122070313,462.7000122070313,454.7200012207031,454.7200012207031,616200
2012-07-25 15:00:00,457.6099853515625,459.239990234375,456.0499877929688,457.8599853515625,530900
2012-07-26 15:00:00,463.760009765625,465.1099853515625,463.2900085449219,464.7200012207031,544100
2012-07-29 15:00:00,468.4400024414063,468.8500061035156,465.4599914550781,465.4599914550781,393800
2012-07-30 15:00:00,466.3800048828125,467.6099853515625,465.7099914550781,467.6099853515625,491000
2012-07-31 15:00:00,467.8699951171875,469.1900024414063,467.7000122070313,468.5299987792969,371900
2012-08-01 15:00:00,469.3500061035156,470.8500061035156,466.0299987792969,466.6300048828125,438800
2012-08-02 15:00:00,464.260009765625,465.8900146484375,463.4400024414063,465.2799987792969,409800
2012-08-05 15:00:00,470.260009765625,470.5700073242188,469.2099914550781,469.6099853515625,439000
2012-08-06 15:00:00,471.0,472.2999877929688,470.7000122070313,471.6000061035156,441100
2012-08-07 15:00:00,473.7799987792969,474.4800109863281,471.4200134277344,471.4200134277344,472600
2012-08-08 15:00:00,473.0,474.489990234375,472.7099914550781,474.0499877929688,586200
2012-08-09 15:00:00,475.9299926757813,477.3999938964844,474.9400024414063,475.510009765625,513200
2012-08-12 15:00:00,478.1700134277344,479.2699890136719,477.3599853515625,478.3999938964844,486200
2012-08-13 15:00:00,480.3999938964844,481.2900085449219,479.8599853515625,480.739990234375,521700
2012-08-15 15:00:00,482.2200012207031,485.3299865722656,481.4500122070313,485.3200073242188,547400
2012-08-16 15:00:00,488.1199951171875,488.3200073242188,485.9599914550781,487.260009765625,578900
2012-08-19 15:00:00,489.8500061035156,490.6099853515625,488.4400024414063,490.1300048828125,549900
2012-08-20 15:00:00,491.8599853515625,492.7200012207031,491.1199951171875,491.7200012207031,576000
2012-08-21 15:00:00,493.0899963378906,494.0799865722656,489.6700134277344,492.8900146484375,563400
2012-08-22 15:00:00,494.3900146484375,499.3399963378906,494.30999755859375,499.3399963378906,623400
2012-08-23 15:00:00,498.3399963378906,500.0400085449219,495.2300109863281,497.510009765625,648500
2012-08-26 15:00:00,496.8900146484375,497.6199951171875,493.6199951171875,493.8299865722656,687400
2012-08-27 15:00:00,495.3699951171875,499.5299987792969,495.3699951171875,499.5299987792969,679600
2012-08-28 15:00:00,502.3200073242188,505.5499877929688,501.9200134277344,505.3200073242188,693300
2012-08-29 15:00:00,507.1900024414063,507.30999755859375,503.7799987792969,505.6400146484375,765300
2012-08-30 15:00:00,506.1900024414063,509.3500061035156,506.1900024414063,508.3500061035156,696000
2012-09-02 15:00:00,511.6199951171875,513.5700073242188,509.2200012207031,512.4500122070312,674100
2012-09-03 15:00:00,514.0499877929688,514.780029296875,506.760009765625,507.4100036621094,769400
2012-09-04 15:00:00,509.4599914550781,509.7900085449219,504.0199890136719,505.3900146484375,632400
2012-09-05 15:00:00,508.2999877929688,509.4100036621094,506.7200012207031,506.7200012207031,749900
2012-09-06 15:00:00,512.0800170898438,512.0800170898438,510.1000061035156,510.8699951171875,689600
2012-09-09 15:00:00,513.280029296875,513.8599853515625,511.5700073242188,512.1099853515625,728800
2012-09-10 15:00:00,512.969970703125,514.4199829101562,510.6900024414063,514.4199829101562,784300
2012-09-11 15:00:00,517.8599853515625,518.7000122070312,516.77001953125,517.52001953125,758300
2012-09-12 15:00:00,519.7100219726562,520.9000244140625,518.2100219726562,520.47998046875,920100
2012-09-13 15:00:00,524.9600219726562,525.010009765625,517.5999755859375,519.1400146484375,885300
2012-09-16 15:00:00,520.4299926757812,520.4299926757812,516.1099853515625,519.0,797500
2012-09-17 15:00:00,521.030029296875,523.530029296875,519.9199829101562,523.52001953125,786500
2012-09-18 15:00:00,525.0,528.219970703125,524.3900146484375,528.0599975585938,797100
2012-09-19 15:00:00,529.9299926757812,531.6099853515625,527.0999755859375,528.0599975585938,797400
2012-09-20 15:00:00,530.719970703125,531.530029296875,524.1599731445312,531.489990234375,927400
2012-09-23 15:00:00,533.6799926757812,534.0900268554688,530.47998046875,532.280029296875,718100
2012-09-24 15:00:00,532.510009765625,532.510009765625,522.9500122070312,522.9600219726562,935700
2012-09-25 15:00:00,520.9500122070312,526.0599975585938,520.1900024414062,520.7100219726562,601300
2012-09-26 15:00:00,520.8699951171875,522.5700073242188,512.6199951171875,518.2899780273438,577000
2012-09-27 15:00:00,521.4600219726562,523.9400024414062,521.010009765625,523.780029296875,504100
2012-10-01 15:00:00,525.9199829101562,528.75,525.510009765625,527.5599975585938,509000
2012-10-03 15:00:00,529.7100219726562,531.72998046875,529.1799926757812,531.4400024414062,619400
2012-10-04 15:00:00,533.969970703125,536.0900268554688,533.239990234375,535.8200073242188,598800
2012-10-07 15:00:00,537.97998046875,538.6500244140625,536.5900268554688,537.7899780273438,562100
2012-10-08 15:00:00,539.4000244140625,542.6699829101562,539.3599853515625,540.4299926757812,680100
2012-10-09 15:00:00,538.25,538.5,533.72998046875,533.8599853515625,723600
2012-10-10 15:00:00,533.1799926757812,538.4299926757812,530.6300048828125,534.9500122070312,646300
2012-10-11 15:00:00,537.6300048828125,539.9000244140625,537.1500244140625,539.8599853515625,597100
2012-10-14 15:00:00,542.760009765625,543.27001953125,523.0700073242188,529.3300170898438,826700
2012-10-15 15:00:00,532.780029296875,532.9000244140625,521.8099975585938,530.22998046875,677500
2012-10-16 15:00:00,532.7100219726562,535.530029296875,528.219970703125,528.219970703125,593600
2012-10-17 15:00:00,530.2000122070312,531.0,513.469970703125,514.1599731445312,583200
2012-10-18 15:00:00,514.0700073242188,518.8099975585938,504.4200134277344,518.8099975585938,491800
2012-10-21 15:00:00,511.8399963378906,523.010009765625,511.80999755859375,523.0,497100
2012-10-22 15:00:00,524.8499755859375,527.47998046875,524.1500244140625,524.1500244140625,563700
2012-10-23 15:00:00,518.8900146484375,524.3499755859375,518.8900146484375,524.3499755859375,513500
2012-10-24 15:00:00,526.7100219726562,527.9000244140625,518.25,518.25,536700
2012-10-25 15:00:00,520.5,520.52001953125,503.5700073242188,505.5,474000
2012-10-28 15:00:00,507.9100036621094,509.1499938964844,493.8699951171875,494.8800048828125,470900
2012-10-29 15:00:00,494.9700012207031,502.6900024414063,494.9400024414063,502.30999755859375,482400
2012-10-30 15:00:00,506.2200012207031,510.2300109863281,506.2200012207031,508.30999755859375,465200
2012-10-31 15:00:00,509.9200134277344,510.0400085449219,505.2300109863281,508.8299865722656,405000
2012-11-01 15:00:00,514.0599975585938,514.8300170898438,511.5799865722656,513.3699951171875,444700
2012-11-04 15:00:00,513.6199951171875,516.8400268554688,513.5499877929688,515.1400146484375,389000
2012-11-05 15:00:00,517.6199951171875,518.0900268554688,516.489990234375,517.530029296875,463700
2012-11-06 15:00:00,519.8400268554688,519.9500122070312,515.8099975585938,518.4500122070312,460800
2012-11-07 15:00:00,512.47998046875,519.0399780273438,512.3599853515625,519.0399780273438,464000
2012-11-08 15:00:00,517.5599975585938,520.3499755859375,511.7900085449219,519.9000244140625,414600
2012-11-11 15:00:00,521.4500122070312,522.739990234375,519.2100219726562,521.4299926757812,417000
2012-11-12 15:00:00,523.1799926757812,523.8300170898438,512.5,513.7999877929688,489600
2012-11-13 15:00:00,516.0800170898438,516.5900268554688,502.9100036621094,503.239990234375,477100
2012-11-14 15:00:00,496.6900024414063,500.3699951171875,490.4599914550781,493.8399963378906,472800
2012-11-15 15:00:00,494.0400085449219,496.2099914550781,480.4800109863281,482.989990234375,476800
2012-11-18 15:00:00,486.1199951171875,493.1700134277344,486.1199951171875,493.1400146484375,397800
2012-11-19 15:00:00,499.1499938964844,499.8699951171875,493.4800109863281,496.6600036621094,436900
2012-11-20 15:00:00,498.4299926757813,500.6499938964844,491.8800048828125,492.1900024414063,411300
2012-11-21 15:00:00,496.4400024414063,498.6600036621094,495.80999755859375,497.0299987792969,474500
2012-11-22 15:00:00,499.3900146484375,499.6600036621094,493.3699951171875,498.8200073242188,415400
2012-11-25 15:00:00,502.010009765625,502.010009765625,496.2300109863281,496.239990234375,507900
2012-11-26 15:00:00,497.8800048828125,499.25,492.3299865722656,493.6300048828125,515800
2012-11-27 15:00:00,494.7000122070313,494.8800048828125,491.8399963378906,494.4800109863281,439000
2012-11-28 15:00:00,497.7200012207031,498.4100036621094,495.6000061035156,496.7300109863281,450400
2012-11-29 15:00:00,498.989990234375,499.5,498.0499877929688,499.3699951171875,369000
2012-12-02 15:00:00,500.9200134277344,502.0299987792969,498.6499938964844,498.9700012207031,350200
2012-12-03 15:00:00,499.0400085449219,502.8900146484375,498.7799987792969,502.7099914550781,353700
2012-12-04 15:00:00,503.6099853515625,504.1600036621094,495.5,496.5,430600
2012-12-05 15:00:00,497.7099914550781,498.4599914550781,487.1099853515625,488.0299987792969,361800
2012-12-06 15:00:00,490.1099853515625,493.4500122070313,481.1499938964844,489.2200012207031,365700
2012-12-09 15:00:00,491.4700012207031,491.6700134277344,487.1099853515625,489.5899963378906,302300
2012-12-10 15:00:00,490.489990234375,491.0700073242188,481.5899963378906,481.5899963378906,349900
2012-12-11 15:00:00,485.1499938964844,485.4800109863281,482.5799865722656,485.3299865722656,329800
2012-12-12 15:00:00,486.5199890136719,490.4200134277344,486.4200134277344,490.1499938964844,289300
2012-12-13 15:00:00,489.6799926757813,493.0,489.6799926757813,491.6499938964844,337400
2012-12-16 15:00:00,493.1400146484375,493.2200012207031,485.4800109863281,485.4800109863281,315000
2012-12-17 15:00:00,487.0899963378906,487.6799926757813,480.5700073242188,483.1900024414063,325300
2012-12-19 15:00:00,485.2900085449219,486.4100036621094,479.2099914550781,479.2099914550781,342500
2012-12-20 15:00:00,480.4100036621094,481.3999938964844,475.7099914550781,478.05999755859375,333400
2012-12-23 15:00:00,479.6499938964844,485.3699951171875,479.6499938964844,483.760009765625,297300
2012-12-25 15:00:00,486.5799865722656,487.6000061035156,482.760009765625,482.760009765625,327800
2012-12-26 15:00:00,484.2999877929688,492.1000061035156,484.2999877929688,492.0799865722656,355600
2012-12-27 15:00:00,493.6600036621094,496.3200073242188,493.1600036621094,496.3200073242188,329000
2013-01-01 15:00:00,501.75,501.8599853515625,499.2000122070313,501.6099853515625,342500
2013-01-02 15:00:00,504.6400146484375,504.760009765625,498.9800109863281,499.0700073242188,388400
2013-01-03 15:00:00,500.2699890136719,504.8500061035156,499.4400024414063,504.8399963378906,399800
2013-01-06 15:00:00,507.7900085449219,509.0299987792969,505.9500122070313,508.7200012207031,416000
2013-01-07 15:00:00,509.2200012207031,510.8500061035156,508.5400085449219,509.010009765625,431600
2013-01-08 15:00:00,510.4800109863281,513.1799926757812,510.4800109863281,511.9400024414063,501700
2013-01-09 15:00:00,514.2100219726562,514.719970703125,512.030029296875,514.47998046875,432200
2013-01-10 15:00:00,516.9099731445312,517.3699951171875,512.77001953125,515.4199829101562,441100
2013-01-13 15:00:00,516.9299926757812,517.1099853515625,513.4199829101562,513.4400024414062,443500
2013-01-14 15:00:00,514.8200073242188,515.2000122070312,508.0199890136719,508.0199890136719,496300
2013-01-15 15:00:00,509.5899963378906,512.0499877929688,506.9700012207031,507.6799926757813,483400
2013-01-16 15:00:00,510.3999938964844,510.6700134277344,504.9200134277344,506.3500061035156,525200
2013-01-17 15:00:00,509.8500061035156,512.280029296875,508.9400024414063,512.239990234375,477300
2013-01-20 15:00:00,514.8300170898438,514.969970703125,513.1199951171875,514.6599731445312,514700
2013-01-21 15:00:00,515.7100219726562,516.5999755859375,513.4199829101562,516.5900268554688,541600
2013-01-22 15:00:00,518.1900024414062,518.489990234375,513.260009765625,513.260009765625,569700
2013-01-23 15:00:00,514.4099731445312,514.4099731445312,508.2300109863281,508.6300048828125,547300
2013-01-24 15:00:00,510.9800109863281,511.760009765625,500.7699890136719,506.8299865722656,551100
2013-01-27 15:00:00,508.0899963378906,508.1900024414063,504.0400085449219,504.2000122070313,471700
2013-01-28 15:00:00,505.8599853515625,506.55999755859375,504.80999755859375,505.3500061035156,566900
2013-01-29 15:00:00,507.2900085449219,507.489990234375,502.7900085449219,502.7999877929688,468200
2013-01-30 15:00:00,503.9400024414063,505.2900085449219,502.489990234375,503.6700134277344,381700
2013-01-31 15:00:00,504.7999877929688,505.0,497.6600036621094,503.30999755859375,479300
2013-02-03 15:00:00,505.9599914550781,506.0499877929688,501.3200073242188,501.3200073242188,458100
2013-02-04 15:00:00,498.6000061035156,500.8599853515625,495.6799926757813,498.1600036621094,487100
2013-02-05 15:00:00,501.0700073242188,503.30999755859375,500.7799987792969,502.55999755859375,423900
2013-02-06 15:00:00,503.8699951171875,504.7900085449219,500.9599914550781,501.7799987792969,426000
2013-02-07 15:00:00,502.4100036621094,505.0700073242188,502.3500061035156,504.9400024414063,338000
2013-02-11 15:00:00,507.1499938964844,507.4800109863281,501.4800109863281,503.7200012207031,427700
2013-02-12 15:00:00,505.9700012207031,508.30999755859375,505.8900146484375,507.989990234375,435200
2013-02-13 15:00:00,509.7099914550781,512.530029296875,509.6300048828125,512.530029296875,433300
2013-02-14 15:00:00,513.489990234375,515.02001953125,513.1799926757812,514.5800170898438,438300
2013-02-17 15:00:00,516.6199951171875,518.530029296875,516.3599853515625,518.52001953125,477300
2013-02-18 15:00:00,519.4099731445312,522.5,519.4099731445312,522.489990234375,480400
2013-02-19 15:00:00,524.739990234375,525.989990234375,524.3599853515625,525.6900024414062,481100
2013-02-20 15:00:00,525.0900268554688,526.9400024414062,524.4400024414062,524.4400024414062,511000
2013-02-21 15:00:00,525.8499755859375,529.8099975585938,525.77001953125,528.3599853515625,514000
2013-02-24 15:00:00,531.2999877929688,531.4000244140625,527.260009765625,527.27001953125,455500
2013-02-25 15:00:00,525.5900268554688,529.260009765625,525.4299926757812,528.5599975585938,435600
2013-02-26 15:00:00,531.97998046875,533.4299926757812,530.8599853515625,533.3599853515625,463900
2013-02-27 15:00:00,536.25,536.530029296875,534.5900268554688,535.8699951171875,407900
2013-03-03 15:00:00,538.52001953125,539.8499755859375,537.3599853515625,537.3800048828125,372100
2013-03-04 15:00:00,540.4299926757812,544.1099853515625,540.4299926757812,543.9600219726562,455100
2013-03-05 15:00:00,547.5700073242188,547.6099853515625,542.7000122070312,544.3599853515625,486300
2013-03-06 15:00:00,545.4000244140625,545.4199829101562,538.2899780273438,541.2999877929688,509600
2013-03-07 15:00:00,542.7899780273438,544.010009765625,539.5900268554688,543.0999755859375,490100
2013-03-10 15:00:00,544.280029296875,544.3499755859375,532.5399780273438,540.4400024414062,521300
2013-03-11 15:00:00,542.9600219726562,546.02001953125,542.9600219726562,543.8800048828125,562400
2013-03-12 15:00:00,545.9600219726562,549.780029296875,545.9600219726562,549.72998046875,541600
2013-03-13 15:00:00,551.6699829101562,553.739990234375,547.4000244140625,553.5800170898438,596500
2013-03-14 15:00:00,556.6300048828125,556.6300048828125,553.4199829101562,554.8099975585938,569700
2013-03-17 15:00:00,554.6699829101562,555.6799926757812,541.0900268554688,541.0900268554688,508000
2013-03-18 15:00:00,545.0599975585938,550.010009765625,545.0599975585938,550.010009765625,493300
2013-03-19 15:00:00,551.6699829101562,552.489990234375,543.530029296875,546.260009765625,488000
2013-03-20 15:00:00,549.6599731445312,551.0800170898438,544.5599975585938,544.5599975585938,463000
2013-03-21 15:00:00,546.219970703125,551.4299926757812,546.0999755859375,551.25,410600
2013-03-24 15:00:00,554.3300170898438,554.8200073242188,549.1699829101562,549.5599975585938,384000
2013-03-25 15:00:00,550.6799926757812,551.8400268554688,548.5,549.9000244140625,384600
2013-03-26 15:00:00,552.5999755859375,552.6300048828125,545.6099853515625,548.719970703125,443300
2013-03-27 15:00:00,550.47998046875,553.0999755859375,550.47998046875,552.6400146484375,407400
2013-03-28 15:00:00,555.7999877929688,555.8699951171875,553.969970703125,555.02001953125,404900
2013-03-31 15:00:00,557.280029296875,557.280029296875,553.4500122070312,553.969970703125,401800
2013-04-01 15:00:00,555.77001953125,557.510009765625,549.0800170898438,552.8300170898438,503300
2013-04-02 15:00:00,556.3200073242188,557.9600219726562,553.8200073242188,557.9600219726562,501500
2013-04-03 15:00:00,555.6300048828125,557.489990234375,539.239990234375,555.22998046875,560200
2013-04-04 15:00:00,556.9199829101562,558.2899780273438,543.5700073242188,547.510009765625,440600
2013-04-07 15:00:00,547.1799926757812,548.0900268554688,528.780029296875,528.780029296875,459600
2013-04-08 15:00:00,526.0399780273438,535.2999877929688,517.0999755859375,528.1500244140625,494100
2013-04-09 15:00:00,530.9199829101562,534.8400268554688,527.75,534.8400268554688,395900
2013-04-10 15:00:00,540.0700073242188,544.530029296875,535.77001953125,544.2999877929688,440500
2013-04-11 15:00:00,547.6500244140625,551.02001953125,546.719970703125,547.1900024414062,448900
2013-04-14 15:00:00,550.0900268554688,554.3099975585938,549.6400146484375,553.989990234375,417300
2013-04-15 15:00:00,548.4500122070312,558.9500122070312,548.3300170898438,558.9500122070312,437500
2013-04-16 15:00:00,562.5,563.3900146484375,556.6500244140625,558.5399780273438,467400
2013-04-17 15:00:00,556.6099853515625,558.9299926757812,551.0999755859375,551.0999755859375,416500
2013-04-18 15:00:00,549.780029296875,551.0599975585938,540.1599731445312,541.4600219726562,448200
2013-04-21 15:00:00,540.6900024414062,548.22998046875,540.4400024414062,547.0999755859375,434500
2013-04-22 15:00:00,550.22998046875,554.3800048828125,549.989990234375,554.3699951171875,451200
2013-04-23 15:00:00,559.010009765625,564.010009765625,558.4500122070312,563.8099975585938,475200
2013-04-24 15:00:00,564.6400146484375,565.8300170898438,559.0,559.4000244140625,546600
2013-04-25 15:00:00,562.6900024414062,565.6400146484375,562.0599975585938,565.3499755859375,489800
2013-04-28 15:00:00,567.5900268554688,568.9199829101562,564.9199829101562,568.3599853515625,442100
2013-04-29 15:00:00,570.239990234375,570.280029296875,562.3099975585938,563.8699951171875,505700
2013-05-01 15:00:00,564.510009765625,565.6400146484375,559.75,560.47998046875,454100
2013-05-02 15:00:00,563.8699951171875,565.3300170898438,559.489990234375,565.3300170898438,479900
2013-05-05 15:00:00,568.8200073242188,569.0499877929688,567.1199951171875,567.1300048828125,463000
2013-05-06 15:00:00,569.6900024414062,573.760009765625,568.72998046875,573.6799926757812,475900
2013-05-07 15:00:00,576.5999755859375,577.5,575.2999877929688,576.7000122070312,466300
2013-05-08 15:00:00,579.0,579.3300170898438,572.8200073242188,573.3499755859375,470600
2013-05-09 15:00:00,574.510009765625,574.510009765625,569.4400024414062,569.7000122070312,445300
2013-05-12 15:00:00,571.760009765625,572.1199951171875,565.719970703125,565.719970703125,450100
2013-05-13 15:00:00,568.0399780273438,569.3900146484375,554.3400268554688,560.469970703125,543600
2013-05-14 15:00:00,563.1799926757812,565.7999877929688,563.010009765625,565.6500244140625,432700
2013-05-15 15:00:00,568.6099853515625,568.6199951171875,565.8699951171875,566.0599975585938,456900
2013-05-19 15:00:00,567.8200073242188,567.9299926757812,565.6900024414062,567.3200073242188,377800
2013-05-20 15:00:00,569.3099975585938,572.6900024414062,569.3099975585938,572.6900024414062,383500
2013-05-21 15:00:00,575.0800170898438,575.219970703125,573.3900146484375,574.25,450300
2013-05-22 15:00:00,574.5800170898438,576.4500122070312,569.3300170898438,569.3400268554688,503900
2013-05-23 15:00:00,572.260009765625,574.0700073242188,569.4199829101562,574.0599975585938,449900
2013-05-26 15:00:00,575.97998046875,577.780029296875,575.3599853515625,577.5599975585938,409400
2013-05-27 15:00:00,579.8699951171875,585.760009765625,579.5999755859375,585.760009765625,505000
2013-05-28 15:00:00,588.3900146484375,588.5399780273438,585.6900024414062,585.6900024414062,480800
2013-05-29 15:00:00,586.6699829101562,587.8900146484375,580.239990234375,581.1300048828125,455500
2013-05-30 15:00:00,583.1400146484375,583.8099975585938,571.6099853515625,577.8699951171875,487600
2013-06-02 15:00:00,576.22998046875,578.3099975585938,569.4000244140625,569.4099731445312,410500
2013-06-03 15:00:00,571.010009765625,571.72998046875,558.75,561.5499877929688,539200
2013-06-04 15:00:00,560.3800048828125,560.5599975585938,549.0900268554688,549.0900268554688,463800
2013-06-06 15:00:00,550.3400268554688,551.5700073242188,531.030029296875,535.75,446000
2013-06-09 15:00:00,538.489990234375,547.7999877929688,537.9400024414062,547.0,546100
2013-06-10 15:00:00,547.4500122070312,548.02001953125,543.3599853515625,547.8699951171875,743200
2013-06-11 15:00:00,545.3400268554688,550.97998046875,545.25,546.2000122070312,471000
2013-06-12 15:00:00,545.2000122070312,547.3800048828125,536.0,540.8200073242188,558000
2013-06-13 15:00:00,545.97998046875,546.5499877929688,534.3099975585938,536.0399780273438,486100
2013-06-16 15:00:00,537.6099853515625,539.0999755859375,519.4099731445312,524.5,427800
2013-06-17 15:00:00,526.9299926757812,534.27001953125,519.8099975585938,534.260009765625,394400
2013-06-18 15:00:00,536.510009765625,537.1900024414062,531.2999877929688,531.4099731445312,396700
2013-06-19 15:00:00,524.8800048828125,531.9600219726562,521.02001953125,525.5900268554688,445100
2013-06-20 15:00:00,513.5800170898438,520.8900146484375,507.2999877929688,520.8900146484375,418300
2013-06-23 15:00:00,523.5,523.5900268554688,508.6499938964844,508.6499938964844,379900
2013-06-24 15:00:00,505.2799987792969,508.760009765625,478.6799926757813,480.9599914550781,539000
2013-06-25 15:00:00,490.4500122070313,495.0199890136719,482.3599853515625,493.0700073242188,382800
2013-06-26 15:00:00,501.05999755859375,512.25,501.010009765625,512.25,404500
2013-06-27 15:00:00,516.6300048828125,519.6500244140625,514.6300048828125,519.0599975585938,373700
2013-06-30 15:00:00,522.510009765625,528.6799926757812,522.4000244140625,527.8099975585938,323100
2013-07-01 15:00:00,531.989990234375,532.3800048828125,525.280029296875,526.9199829101562,345200
2013-07-02 15:00:00,528.010009765625,530.9400024414062,521.0499877929688,521.3099975585938,383100
2013-07-03 15:00:00,524.47998046875,526.4500122070312,517.510009765625,525.219970703125,384100
2013-07-04 15:00:00,528.0399780273438,529.75,522.77001953125,525.4000244140625,422900
2013-07-07 15:00:00,526.47998046875,528.5,515.8499755859375,515.8499755859375,331000
2013-07-08 15:00:00,519.0800170898438,519.9299926757812,513.8400268554688,519.3400268554688,425600
2013-07-09 15:00:00,521.4099731445312,521.8800048828125,515.6400146484375,515.6400146484375,422800
2013-07-10 15:00:00,520.0399780273438,527.260009765625,520.0399780273438,527.25,368600
2013-07-11 15:00:00,530.3699951171875,532.47998046875,528.22998046875,532.469970703125,398800
2013-07-14 15:00:00,534.22998046875,535.1300048828125,529.27001953125,531.6699829101562,367000
2013-07-15 15:00:00,533.77001953125,537.719970703125,533.3599853515625,537.719970703125,339800
2013-07-16 15:00:00,539.0800170898438,543.280029296875,537.9199829101562,541.8200073242188,326300
2013-07-17 15:00:00,544.02001953125,544.2999877929688,541.5599975585938,541.5599975585938,327800
2013-07-18 15:00:00,545.4299926757812,546.0800170898438,540.3200073242188,541.8699951171875,316500
2013-07-21 15:00:00,543.6599731445312,544.8300170898438,541.1400146484375,541.1400146484375,326000
2013-07-22 15:00:00,542.760009765625,544.1300048828125,540.8599853515625,541.6400146484375,307900
2013-07-23 15:00:00,543.4400024414062,544.0900268554688,541.5599975585938,543.5999755859375,358200
2013-07-24 15:00:00,544.75,545.489990234375,541.9400024414062,541.9400024414062,369400
2013-07-25 15:00:00,543.8699951171875,545.3300170898438,542.510009765625,545.3099975585938,326500
2013-07-28 15:00:00,547.260009765625,547.6900024414062,540.97998046875,540.97998046875,347400
2013-07-29 15:00:00,542.8599853515625,546.4299926757812,542.6400146484375,546.4299926757812,366000
2013-07-30 15:00:00,548.719970703125,554.6500244140625,547.780029296875,554.3099975585938,354800
2013-07-31 15:00:00,557.6799926757812,557.7899780273438,549.52001953125,549.52001953125,328000
2013-08-01 15:00:00,553.239990234375,554.6500244140625,549.6699829101562,551.760009765625,336300
2013-08-04 15:00:00,553.6799926757812,556.9199829101562,553.3200073242188,556.5999755859375,342500
2013-08-05 15:00:00,558.3800048828125,558.9500122070312,554.97998046875,557.3599853515625,347100
2013-08-06 15:00:00,556.9400024414062,559.1400146484375,554.72998046875,554.72998046875,352900
2013-08-07 15:00:00,556.9299926757812,558.010009765625,555.0599975585938,555.2999877929688,341200
2013-08-08 15:00:00,556.7899780273438,557.0999755859375,553.6500244140625,554.9299926757812,349800
2013-08-11 15:00:00,555.1500244140625,555.4600219726562,549.1300048828125,550.25,376500
2013-08-12 15:00:00,552.0599975585938,552.52001953125,548.510009765625,550.8499755859375,459800
2013-08-13 15:00:00,553.5999755859375,554.3800048828125,550.8699951171875,550.8699951171875,419700
2013-08-15 15:00:00,544.77001953125,549.7899780273438,544.5999755859375,548.7899780273438,397000
2013-08-18 15:00:00,550.75,551.219970703125,549.3499755859375,550.489990234375,396200
2013-08-19 15:00:00,550.0,551.4600219726562,537.5599975585938,537.5700073242188,516300
2013-08-20 15:00:00,540.2100219726562,540.7100219726562,523.9299926757812,530.5399780273438,503900
2013-08-21 15:00:00,524.8699951171875,525.0599975585938,514.6400146484375,517.6400146484375,461300
2013-08-22 15:00:00,523.5499877929688,529.3800048828125,523.5499877929688,529.1900024414062,321600
2013-08-25 15:00:00,532.4299926757812,533.9099731445312,532.3699951171875,533.72998046875,332500
2013-08-26 15:00:00,533.5,533.9400024414062,523.9199829101562,524.3900146484375,384900
2013-08-27 15:00:00,514.5900268554688,519.7999877929688,511.6499938964844,517.4400024414062,387600
2013-08-28 15:00:00,520.9299926757812,523.1900024414062,520.3599853515625,520.3699951171875,301600
2013-08-29 15:00:00,522.1099853515625,523.0399780273438,515.8300170898438,516.739990234375,399600
2013-09-01 15:00:00,518.6199951171875,525.1900024414062,518.6199951171875,525.1799926757812,316000
2013-09-02 15:00:00,527.7100219726562,529.2000122070312,525.7000122070312,525.8900146484375,343800
2013-09-03 15:00:00,526.9500122070312,527.239990234375,525.22998046875,526.1599731445312,348300
2013-09-04 15:00:00,529.1900024414062,529.6699829101562,527.97998046875,528.0599975585938,351600
2013-09-05 15:00:00,529.75,530.1400146484375,523.030029296875,523.77001953125,457600
2013-09-08 15:00:00,526.6699829101562,526.8499755859375,520.219970703125,521.1099853515625,469200
2013-09-09 15:00:00,523.8499755859375,524.22998046875,520.530029296875,523.1500244140625,317300
2013-09-10 15:00:00,526.3800048828125,529.3400268554688,526.280029296875,529.3400268554688,278300
2013-09-11 15:00:00,530.8699951171875,532.239990234375,527.6599731445312,529.5800170898438,290200
2013-09-12 15:00:00,530.6900024414062,531.760009765625,530.3400268554688,530.8900146484375,247200
2013-09-15 15:00:00,528.8400268554688,529.4000244140625,526.2000122070312,526.2000122070312,245500
2013-09-16 15:00:00,527.5399780273438,528.1699829101562,525.760009765625,527.1099853515625,221800
2013-09-22 15:00:00,528.9099731445312,529.97998046875,526.77001953125,527.0700073242188,258500
2013-09-23 15:00:00,527.3099975585938,528.8900146484375,523.8400268554688,527.2899780273438,304100
2013-09-24 15:00:00,528.9500122070312,529.5599975585938,525.510009765625,527.27001953125,284300
2013-09-25 15:00:00,528.5900268554688,532.9600219726562,528.5900268554688,532.8300170898438,268900
2013-09-26 15:00:00,535.2100219726562,537.7000122070312,535.0399780273438,537.5,293700
2013-09-29 15:00:00,538.0,538.0,534.489990234375,534.8900146484375,297000
2013-09-30 15:00:00,534.0900268554688,536.010009765625,524.8599853515625,530.3499755859375,352700
2013-10-01 15:00:00,534.260009765625,534.8300170898438,531.7899780273438,532.02001953125,288900
2013-10-03 15:00:00,531.6799926757812,532.9400024414062,527.8800048828125,532.010009765625,287100
2013-10-06 15:00:00,533.7899780273438,534.5599975585938,528.4299926757812,528.4400024414062,300700
2013-10-07 15:00:00,527.510009765625,528.8300170898438,525.0700073242188,528.8300170898438,315900
2013-10-09 15:00:00,528.5,531.4500122070312,528.5,529.0399780273438,304400
2013-10-10 15:00:00,534.3300170898438,534.7100219726562,532.2999877929688,532.5999755859375,318000
2013-10-13 15:00:00,534.5800170898438,534.6699829101562,531.5,531.6599731445312,352100
2013-10-14 15:00:00,534.280029296875,535.3200073242188,532.5,533.1199951171875,363000
2013-10-15 15:00:00,534.9000244140625,535.489990234375,524.5499877929688,525.6799926757812,411600
2013-10-16 15:00:00,530.0900268554688,530.1500244140625,519.9299926757812,521.52001953125,347500
2013-10-17 15:00:00,522.510009765625,525.6900024414062,521.5999755859375,525.6900024414062,294300
2013-10-20 15:00:00,527.969970703125,529.3900146484375,526.7100219726562,529.3400268554688,286300
2013-10-21 15:00:00,530.260009765625,531.9000244140625,529.4000244140625,531.8900146484375,310900
2013-10-22 15:00:00,533.989990234375,533.989990234375,525.3699951171875,525.3800048828125,339000
2013-10-23 15:00:00,526.2100219726562,531.0399780273438,524.3599853515625,531.030029296875,323100
2013-10-24 15:00:00,533.4299926757812,534.280029296875,531.7999877929688,534.02001953125,333900
2013-10-27 15:00:00,536.3800048828125,536.77001953125,533.9600219726562,534.97998046875,332000
2013-10-28 15:00:00,535.9000244140625,536.1900024414062,533.469970703125,533.9099731445312,328200
2013-10-29 15:00:00,535.97998046875,538.0800170898438,535.0,537.6799926757812,347700
2013-10-30 15:00:00,537.7100219726562,537.7100219726562,532.4400024414062,532.4400024414062,313100
2013-10-31 15:00:00,533.9000244140625,534.8699951171875,533.4099731445312,534.739990234375,366500
2013-11-03 15:00:00,536.2100219726562,536.4600219726562,533.6300048828125,533.6400146484375,310700
2013-11-04 15:00:00,535.0,535.219970703125,528.239990234375,528.72998046875,326600
2013-11-05 15:00:00,528.75,529.8900146484375,525.8900146484375,525.989990234375,319400
2013-11-06 15:00:00,527.9099731445312,527.9099731445312,520.2100219726562,520.6500244140625,344500
2013-11-07 15:00:00,517.02001953125,521.0599975585938,515.6099853515625,515.739990234375,311400
2013-11-10 15:00:00,517.3699951171875,517.9199829101562,502.4400024414063,502.9400024414063,364300
2013-11-11 15:00:00,504.1300048828125,510.7300109863281,504.1300048828125,510.7300109863281,288500
2013-11-12 15:00:00,511.6199951171875,512.8300170898438,504.9200134277344,505.6000061035156,298300
2013-11-13 15:00:00,509.3500061035156,511.8900146484375,506.8500061035156,511.75,275800
2013-11-14 15:00:00,514.0700073242188,514.6699829101562,512.0,512.739990234375,313000
2013-11-17 15:00:00,515.219970703125,515.219970703125,508.9800109863281,509.5400085449219,290400
2013-11-18 15:00:00,509.2699890136719,510.6700134277344,504.0499877929688,505.5,300500
2013-11-19 15:00:00,506.1499938964844,507.0899963378906,504.0299987792969,504.1600036621094,237700
2013-11-20 15:00:00,504.8699951171875,504.8900146484375,499.989990234375,501.0499877929688,244900
2013-11-21 15:00:00,503.8900146484375,504.8599853515625,502.8900146484375,504.05999755859375,266000
2013-11-24 15:00:00,505.7799987792969,508.30999755859375,505.6799926757813,507.760009765625,214700
2013-11-25 15:00:00,509.0400085449219,510.5700073242188,507.1499938964844,510.5400085449219,259400
2013-11-26 15:00:00,511.8800048828125,513.6400146484375,510.25,511.6499938964844,286800
2013-11-27 15:00:00,514.4099731445312,515.75,513.8200073242188,515.52001953125,299600
2013-11-28 15:00:00,517.6099853515625,518.1900024414062,514.5499877929688,517.0599975585938,280400
2013-12-01 15:00:00,518.0900268554688,518.3400268554688,512.6900024414062,512.6900024414062,287200
2013-12-02 15:00:00,512.219970703125,513.1300048828125,507.3599853515625,508.1600036621094,321200
2013-12-03 15:00:00,507.5299987792969,510.3900146484375,504.5400085449219,506.2799987792969,301700
2013-12-04 15:00:00,507.3200073242188,508.2999877929688,504.7000122070313,506.3200073242188,247200
2013-12-05 15:00:00,506.239990234375,508.1199951171875,506.2000122070313,506.3200073242188,294700
2013-12-08 15:00:00,508.8900146484375,509.5299987792969,502.2200012207031,502.2300109863281,263200
2013-12-09 15:00:00,502.8900146484375,503.4100036621094,495.8200073242188,497.7200012207031,304600
2013-12-10 15:00:00,497.2699890136719,500.6400146484375,494.3900146484375,494.7799987792969,286300
2013-12-11 15:00:00,492.30999755859375,496.0,492.2900085449219,495.6400146484375,283500
2013-12-12 15:00:00,495.9800109863281,496.1799926757813,491.0700073242188,494.3599853515625,269000
2013-12-15 15:00:00,495.75,496.1600036621094,488.1900024414063,488.1900024414063,276800
2013-12-16 15:00:00,490.8900146484375,491.6000061035156,486.1499938964844,486.1499938964844,282700
2013-12-17 15:00:00,486.8299865722656,489.260009765625,483.80999755859375,485.6499938964844,291900
2013-12-18 15:00:00,489.8299865722656,490.2200012207031,483.3200073242188,484.1700134277344,275600
2013-12-19 15:00:00,484.7699890136719,488.4100036621094,483.8399963378906,488.4100036621094,265900
2013-12-22 15:00:00,490.3200073242188,490.9599914550781,489.3999938964844,489.6300048828125,254500
2013-12-23 15:00:00,491.5299987792969,491.8699951171875,490.1000061035156,491.0799865722656,268000
2013-12-25 15:00:00,492.9299926757813,493.010009765625,488.8599853515625,488.8699951171875,276900
2013-12-26 15:00:00,490.0199890136719,496.7999877929688,489.5299987792969,496.7699890136719,262300
2013-12-29 15:00:00,498.4100036621094,500.0499877929688,497.5400085449219,499.989990234375,234600
2014-01-01 15:00:00,502.4100036621094,502.8699951171875,496.05999755859375,496.2799987792969,264300
2014-01-02 15:00:00,496.6700134277344,499.3299865722656,493.7900085449219,499.3299865722656,295100
2014-01-05 15:00:00,500.8599853515625,501.2900085449219,498.7300109863281,500.6199951171875,288700
2014-01-06 15:00:00,500.4200134277344,505.0199890136719,500.4200134277344,504.8599853515625,332500
2014-01-07 15:00:00,507.5499877929688,510.6000061035156,506.4100036621094,509.7799987792969,368800
2014-01-08 15:00:00,511.0,512.2999877929688,510.5400085449219,511.6000061035156,364000
2014-01-09 15:00:00,513.6799926757812,513.8900146484375,507.1099853515625,510.1900024414063,399600
2014-01-12 15:00:00,511.5899963378906,513.760009765625,511.5899963378906,512.9199829101562,375900
2014-01-13 15:00:00,511.4800109863281,514.75,511.4100036621094,512.27001953125,410700
2014-01-14 15:00:00,515.5599975585938,516.280029296875,514.1199951171875,515.969970703125,414500
2014-01-15 15:00:00,518.5,518.9299926757812,517.3800048828125,517.8300170898438,404500
2014-01-16 15:00:00,519.0,519.1500244140625,515.4400024414062,518.0999755859375,389400
2014-01-19 15:00:00,519.3800048828125,520.5499877929688,516.9199829101562,519.989990234375,357600
2014-01-20 15:00:00,521.260009765625,521.489990234375,519.6599731445312,520.989990234375,426400
2014-01-21 15:00:00,522.6099853515625,523.47998046875,521.2899780273438,523.0700073242188,428600
2014-01-22 15:00:00,524.9099731445312,526.8200073242188,522.719970703125,522.719970703125,447500
2014-01-23 15:00:00,522.25,524.0,516.1900024414062,520.3099975585938,356100
2014-01-26 15:00:00,509.1199951171875,511.3800048828125,507.4800109863281,507.510009765625,517000
2014-01-27 15:00:00,508.5799865722656,509.7099914550781,502.8399963378906,509.2900085449219,453600
2014-01-28 15:00:00,512.1300048828125,515.25,512.1300048828125,515.2000122070312,389500
2014-02-02 15:00:00,513.030029296875,515.4500122070312,511.1900024414063,513.6199951171875,421800
2014-02-03 15:00:00,506.6400146484375,507.9700012207031,505.1199951171875,507.55999755859375,451900
2014-02-04 15:00:00,511.1199951171875,511.8900146484375,505.6199951171875,505.6199951171875,448600
2014-02-05 15:00:00,507.5199890136719,510.6499938964844,507.5199890136719,509.8699951171875,570200
2014-02-06 15:00:00,513.8400268554688,514.8699951171875,512.719970703125,514.4500122070312,317500
2014-02-09 15:00:00,517.4500122070312,518.47998046875,516.6300048828125,518.469970703125,309000
2014-02-10 15:00:00,520.1199951171875,520.510009765625,517.6799926757812,518.9000244140625,334400
2014-02-11 15:00:00,522.280029296875,522.280029296875,519.9600219726562,520.6400146484375,363300
2014-02-12 15:00:00,521.7899780273438,522.469970703125,520.260009765625,521.8200073242188,335900
2014-02-13 15:00:00,523.9000244140625,524.7100219726562,522.3499755859375,522.5800170898438,304300
2014-02-16 15:00:00,524.25,524.3699951171875,521.0499877929688,522.0,313000
2014-02-17 15:00:00,523.7899780273438,525.6300048828125,523.1699829101562,525.4199829101562,317000
2014-02-18 15:00:00,527.3300170898438,529.9099731445312,526.1199951171875,529.8699951171875,302700
2014-02-19 15:00:00,530.280029296875,530.3499755859375,525.6799926757812,525.6900024414062,319000
2014-02-20 15:00:00,528.47998046875,528.7999877929688,527.1500244140625,528.510009765625,281100
2014-02-23 15:00:00,530.3800048828125,530.97998046875,526.3400268554688,526.3400268554688,300700
2014-02-24 15:00:00,529.280029296875,529.3699951171875,527.6500244140625,528.6099853515625,300500
2014-02-25 15:00:00,529.5900268554688,529.7899780273438,528.010009765625,529.22998046875,350400
2014-02-26 15:00:00,530.5,531.1500244140625,528.02001953125,528.3699951171875,342000
2014-02-27 15:00:00,529.8599853515625,529.969970703125,527.510009765625,528.9600219726562,318000
2014-03-02 15:00:00,529.22998046875,530.6199951171875,526.27001953125,529.8599853515625,310000
2014-03-03 15:00:00,528.1799926757812,532.5599975585938,528.0,531.5399780273438,288100
2014-03-04 15:00:00,535.739990234375,536.989990234375,534.5900268554688,536.77001953125,309500
2014-03-05 15:00:00,538.2899780273438,540.4000244140625,537.97998046875,540.3300170898438,333600
2014-03-06 15:00:00,542.5399780273438,544.0800170898438,542.5399780273438,543.760009765625,330800
2014-03-09 15:00:00,545.6300048828125,545.739990234375,541.8499755859375,542.1900024414062,314700
2014-03-10 15:00:00,544.8499755859375,547.6900024414062,544.8499755859375,547.6799926757812,332100
2014-03-11 15:00:00,548.1199951171875,548.1900024414062,538.7899780273438,539.2999877929688,421100
2014-03-12 15:00:00,542.2000122070312,547.52001953125,539.7999877929688,547.510009765625,446400
2014-03-13 15:00:00,542.8699951171875,546.510009765625,542.4199829101562,544.27001953125,406000
2014-03-16 15:00:00,545.3599853515625,546.3099975585938,535.5399780273438,535.8200073242188,373700
2014-03-17 15:00:00,540.030029296875,541.4299926757812,539.1199951171875,541.1500244140625,381900
2014-03-18 15:00:00,544.5499877929688,545.1699829101562,539.8800048828125,542.25,364100
2014-03-19 15:00:00,541.4000244140625,542.2899780273438,539.1500244140625,541.7899780273438,369100
2014-03-20 15:00:00,545.2100219726562,547.1799926757812,544.5399780273438,546.8099975585938,398500
2014-03-23 15:00:00,549.3499755859375,549.4299926757812,545.5800170898438,545.5999755859375,372700
2014-03-24 15:00:00,545.7899780273438,545.7899780273438,538.4099731445312,539.0499877929688,377400
2014-03-25 15:00:00,541.6500244140625,544.1300048828125,540.9400024414062,544.1300048828125,376300
2014-03-26 15:00:00,544.3200073242188,544.6199951171875,540.010009765625,541.4600219726562,315800
2014-03-27 15:00:00,542.3499755859375,544.4500122070312,542.3400268554688,544.0999755859375,301100
2014-03-30 15:00:00,546.5700073242188,547.030029296875,538.780029296875,541.5800170898438,287600
2014-03-31 15:00:00,544.510009765625,549.0800170898438,544.0599975585938,549.0800170898438,330300
2014-04-01 15:00:00,552.239990234375,557.780029296875,552.239990234375,557.6500244140625,429500
2014-04-02 15:00:00,560.2000122070312,560.8499755859375,556.6900024414062,557.010009765625,428900
2014-04-03 15:00:00,559.1400146484375,560.52001953125,558.0499877929688,560.4400024414062,382400
2014-04-06 15:00:00,557.5800170898438,559.0999755859375,553.6699829101562,554.22998046875,384300
2014-04-07 15:00:00,553.469970703125,555.02001953125,549.8900146484375,554.0700073242188,373000
2014-04-08 15:00:00,556.72998046875,556.75,552.1699829101562,552.219970703125,415100
2014-04-09 15:00:00,556.239990234375,556.4500122070312,554.5,555.0999755859375,385800
2014-04-10 15:00:00,548.5,555.8800048828125,548.4400024414062,555.8699951171875,302400
2014-04-13 15:00:00,557.3499755859375,562.0499877929688,557.3200073242188,562.0399780273438,282000
2014-04-14 15:00:00,565.1300048828125,565.1799926757812,562.010009765625,562.1099853515625,361900
2014-04-15 15:00:00,564.4500122070312,566.25,562.8099975585938,565.9600219726562,385300
2014-04-16 15:00:00,568.7999877929688,569.030029296875,565.75,565.75,386300
2014-04-17 15:00:00,568.0,571.6099853515625,567.77001953125,571.22998046875,350600
2014-04-20 15:00:00,573.0499877929688,573.0599975585938,569.280029296875,569.280029296875,339200
2014-04-21 15:00:00,570.760009765625,571.1599731445312,569.3800048828125,570.97998046875,335400
2014-04-22 15:00:00,573.6799926757812,573.8800048828125,565.469970703125,565.469970703125,371000
2014-04-23 15:00:00,567.72998046875,567.9299926757812,555.0700073242188,561.1199951171875,401600
2014-04-24 15:00:00,561.9400024414062,562.2999877929688,555.5,556.47998046875,314100
2014-04-27 15:00:00,555.6799926757812,558.5599975585938,555.6799926757812,556.9600219726562,282600
2014-04-28 15:00:00,559.8699951171875,560.5499877929688,555.8099975585938,556.969970703125,337000
2014-04-29 15:00:00,560.0399780273438,561.72998046875,559.0800170898438,559.3400268554688,310000
2014-05-01 15:00:00,561.6799926757812,562.0599975585938,558.0800170898438,558.6599731445312,291600
2014-05-06 15:00:00,559.0900268554688,559.1500244140625,550.3400268554688,550.3499755859375,289200
2014-05-07 15:00:00,552.0,552.280029296875,543.8099975585938,546.8900146484375,324800
2014-05-08 15:00:00,548.9400024414062,550.3900146484375,547.2999877929688,550.1900024414062,291400
2014-05-11 15:00:00,551.8499755859375,551.989990234375,550.52001953125,551.4000244140625,345000
2014-05-12 15:00:00,554.4500122070312,557.4400024414062,554.4099731445312,557.1599731445312,335000
2014-05-13 15:00:00,559.1500244140625,560.3499755859375,557.8499755859375,560.2999877929688,366400
2014-05-14 15:00:00,561.6900024414062,562.77001953125,560.6199951171875,561.75,433200
2014-05-15 15:00:00,561.5,561.5399780273438,556.6199951171875,557.5900268554688,393200
2014-05-18 15:00:00,559.5700073242188,559.6199951171875,546.239990234375,546.8099975585938,387900
2014-05-19 15:00:00,548.0900268554688,548.72998046875,538.6500244140625,542.9600219726562,406800
2014-05-20 15:00:00,542.8800048828125,547.0499877929688,542.719970703125,545.5900268554688,282100
2014-05-21 15:00:00,548.5800170898438,549.1500244140625,546.239990234375,546.75,314600
2014-05-22 15:00:00,549.0999755859375,550.0700073242188,548.6300048828125,549.7000122070312,279300
2014-05-25 15:00:00,552.3499755859375,552.5999755859375,548.8300170898438,548.8300170898438,308000
2014-05-26 15:00:00,550.6599731445312,550.780029296875,543.1500244140625,547.969970703125,349100
2014-05-27 15:00:00,550.3599853515625,550.3699951171875,548.5399780273438,549.9600219726562,375900
2014-05-28 15:00:00,551.0599975585938,551.1699829101562,548.9099731445312,549.6099853515625,307100
2014-05-29 15:00:00,551.0700073242188,551.0700073242188,546.3099975585938,546.530029296875,339700
2014-06-01 15:00:00,546.8099975585938,546.8200073242188,535.0700073242188,535.1500244140625,303700
2014-06-02 15:00:00,535.1900024414062,535.4299926757812,526.6500244140625,531.280029296875,271400
2014-06-04 15:00:00,531.4500122070312,531.9600219726562,522.0599975585938,523.1199951171875,261000
2014-06-08 15:00:00,525.1599731445312,526.6699829101562,520.8900146484375,524.030029296875,231800
2014-06-09 15:00:00,525.27001953125,532.6500244140625,525.27001953125,532.6400146484375,238600
2014-06-10 15:00:00,533.989990234375,534.3200073242188,532.260009765625,533.2999877929688,235500
2014-06-11 15:00:00,534.3900146484375,536.6400146484375,533.8499755859375,536.1400146484375,244400
2014-06-12 15:00:00,536.5900268554688,536.739990234375,533.97998046875,536.3400268554688,267500
2014-06-15 15:00:00,537.6599731445312,537.7100219726562,535.4299926757812,536.02001953125,247400
2014-06-16 15:00:00,537.3200073242188,539.1199951171875,537.1300048828125,537.9000244140625,301000
2014-06-17 15:00:00,539.4000244140625,539.6799926757812,537.030029296875,537.0499877929688,289600
2014-06-18 15:00:00,539.1400146484375,539.9199829101562,535.469970703125,536.7899780273438,283500
2014-06-19 15:00:00,537.7899780273438,538.4000244140625,535.510009765625,536.6900024414062,247600
2014-06-22 15:00:00,537.9000244140625,538.4400024414062,529.9600219726562,529.9600219726562,263800
2014-06-23 15:00:00,531.1400146484375,531.5599975585938,524.7100219726562,529.489990234375,276100
2014-06-24 15:00:00,529.7999877929688,530.97998046875,527.22998046875,527.260009765625,237200
2014-06-25 15:00:00,529.6400146484375,531.5700073242188,529.6400146484375,530.0399780273438,226100
2014-06-26 15:00:00,531.3599853515625,532.27001953125,529.75,531.4299926757812,223500
2014-06-29 15:00:00,533.77001953125,537.0700073242188,533.6300048828125,537.0599975585938,217600
2014-06-30 15:00:00,538.4400024414062,544.9099731445312,537.75,544.9000244140625,244200
2014-07-01 15:00:00,547.97998046875,549.1799926757812,547.1500244140625,549.030029296875,269100
2014-07-02 15:00:00,549.2100219726562,551.010009765625,548.9299926757812,550.6799926757812,280000
2014-07-03 15:00:00,553.6500244140625,553.75,551.2899780273438,552.9000244140625,348300
2014-07-06 15:00:00,554.5599975585938,554.5900268554688,550.969970703125,553.1500244140625,305100
2014-07-07 15:00:00,553.469970703125,555.260009765625,552.3400268554688,554.9000244140625,321600
2014-07-08 15:00:00,554.02001953125,556.4400024414062,552.97998046875,555.8400268554688,309600
2014-07-09 15:00:00,558.52001953125,559.6599731445312,557.6500244140625,559.3200073242188,288200
2014-07-10 15:00:00,559.3599853515625,559.8400268554688,556.5700073242188,556.5800170898438,318700
2014-07-13 15:00:00,559.4299926757812,561.5499877929688,559.4299926757812,561.5,328200
2014-07-14 15:00:00,564.6799926757812,565.02001953125,559.1500244140625,559.1500244140625,384700
2014-07-15 15:00:00,560.6799926757812,560.739990234375,550.5800170898438,555.27001953125,339900
2014-07-16 15:00:00,557.6199951171875,559.1599731445312,557.5700073242188,558.9400024414062,330000
2014-07-17 15:00:00,556.5499877929688,560.8400268554688,556.1300048828125,560.260009765625,318300
2014-07-20 15:00:00,563.760009765625,563.989990234375,561.4199829101562,561.75,319000
2014-07-21 15:00:00,563.239990234375,564.9600219726562,562.6199951171875,564.9299926757812,332100
2014-07-22 15:00:00,567.3499755859375,567.489990234375,563.1300048828125,563.1400146484375,330000
2014-07-23 15:00:00,565.25,565.2999877929688,559.6400146484375,559.6699829101562,376100
2014-07-24 15:00:00,560.7899780273438,562.9400024414062,560.6500244140625,562.780029296875,314000
2014-07-27 15:00:00,564.260009765625,564.2999877929688,551.9299926757812,552.97998046875,329100
2014-07-28 15:00:00,553.75,554.1699829101562,540.219970703125,541.8200073242188,333900
2014-07-29 15:00:00,543.6300048828125,544.02001953125,537.27001953125,541.8099975585938,312500
2014-07-30 15:00:00,541.989990234375,542.0800170898438,528.1500244140625,536.3200073242188,339900
2014-07-31 15:00:00,530.2000122070312,541.3599853515625,529.8800048828125,541.0900268554688,270200
2014-08-03 15:00:00,543.7999877929688,549.6099853515625,543.4500122070312,549.6099853515625,320900
2014-08-04 15:00:00,552.2100219726562,552.4400024414062,546.5700073242188,547.75,374800
2014-08-05 15:00:00,548.4199829101562,549.77001953125,547.0,548.4299926757812,335200
2014-08-06 15:00:00,550.4199829101562,551.9600219726562,546.4500122070312,547.1099853515625,335800
2014-08-07 15:00:00,547.969970703125,548.5999755859375,540.3800048828125,544.239990234375,311700
2014-08-10 15:00:00,548.47998046875,549.739990234375,546.2999877929688,546.2999877929688,302800
2014-08-11 15:00:00,548.5399780273438,548.9299926757812,544.5399780273438,545.760009765625,317500
2014-08-12 15:00:00,547.6400146484375,551.739990234375,547.6400146484375,551.72998046875,304700
2014-08-13 15:00:00,554.1199951171875,558.27001953125,553.9600219726562,558.1799926757812,299400
2014-08-17 15:00:00,561.3499755859375,561.5700073242188,559.4600219726562,561.0999755859375,299400
2014-08-18 15:00:00,564.1599731445312,564.2999877929688,559.030029296875,562.6599731445312,319100
2014-08-19 15:00:00,564.75,565.5599975585938,561.9600219726562,561.9600219726562,327800
2014-08-20 15:00:00,564.5999755859375,565.010009765625,562.52001953125,562.52001953125,330000
2014-08-21 15:00:00,565.0399780273438,566.6900024414062,565.0,566.3499755859375,368800
2014-08-24 15:00:00,568.5399780273438,569.6400146484375,563.0499877929688,564.4000244140625,368800
2014-08-25 15:00:00,567.5,568.3400268554688,565.9299926757812,568.239990234375,349900
2014-08-26 15:00:00,570.3300170898438,570.739990234375,565.27001953125,567.22998046875,358400
2014-08-27 15:00:00,569.530029296875,570.4500122070312,569.1300048828125,570.239990234375,342100
2014-08-28 15:00:00,570.52001953125,571.4400024414062,568.4600219726562,570.2000122070312,403400
2014-08-31 15:00:00,572.7999877929688,572.8499755859375,566.9400024414062,566.9500122070312,395700
2014-09-01 15:00:00,567.47998046875,568.9000244140625,565.6400146484375,568.739990234375,341600
2014-09-02 15:00:00,570.1300048828125,572.4099731445312,569.5900268554688,571.4000244140625,398000
2014-09-03 15:00:00,573.5,573.8099975585938,568.3300170898438,568.9000244140625,381400
2014-09-04 15:00:00,569.989990234375,572.6099853515625,568.5,572.3699951171875,350100
2014-09-10 15:00:00,574.8900146484375,575.6500244140625,573.6400146484375,573.7000122070312,339900
2014-09-11 15:00:00,575.4600219726562,575.8200073242188,567.7100219726562,570.6500244140625,331300
2014-09-14 15:00:00,571.6400146484375,571.6400146484375,565.760009765625,565.77001953125,335400
2014-09-15 15:00:00,567.0599975585938,572.3800048828125,567.0599975585938,572.3599853515625,322800
2014-09-16 15:00:00,574.989990234375,575.5599975585938,573.0999755859375,574.97998046875,356800
2014-09-17 15:00:00,577.6500244140625,578.4000244140625,576.969970703125,576.969970703125,391500
2014-09-18 15:00:00,580.0999755859375,581.4099731445312,578.6699829101562,581.3800048828125,373900
2014-09-21 15:00:00,583.4400024414062,583.4500122070312,577.3499755859375,577.3499755859375,385300
2014-09-22 15:00:00,577.6699829101562,578.75,571.6099853515625,575.5599975585938,370400
2014-09-23 15:00:00,576.6099853515625,580.510009765625,574.989990234375,580.4199829101562,370000
2014-09-24 15:00:00,583.5800170898438,583.6599731445312,577.4400024414062,577.47998046875,433500
2014-09-25 15:00:00,573.9099731445312,577.760009765625,573.1099853515625,577.6599731445312,397800
2014-09-28 15:00:00,580.2999877929688,580.4299926757812,566.6099853515625,569.27001953125,409400
2014-09-29 15:00:00,571.6300048828125,573.5399780273438,567.2999877929688,573.219970703125,387200
2014-09-30 15:00:00,575.02001953125,575.3499755859375,564.3200073242188,566.989990234375,388400
2014-10-01 15:00:00,564.02001953125,570.010009765625,562.0999755859375,569.8400268554688,332300
2014-10-05 15:00:00,573.8200073242188,573.9299926757812,566.27001953125,566.27001953125,357700
2014-10-06 15:00:00,567.7000122070312,568.3300170898438,561.3300170898438,562.8200073242188,334800
2014-10-07 15:00:00,560.4000244140625,567.1900024414062,560.4000244140625,566.739990234375,305600
2014-10-09 15:00:00,565.0700073242188,565.260009765625,553.8699951171875,555.9500122070312,357200
2014-10-12 15:00:00,551.469970703125,551.469970703125,531.4600219726562,534.3099975585938,432200
2014-10-13 15:00:00,531.9400024414062,544.530029296875,531.9400024414062,544.0499877929688,373000
2014-10-14 15:00:00,546.9500122070312,549.5999755859375,542.489990234375,545.510009765625,395000
2014-10-15 15:00:00,542.0800170898438,546.9500122070312,534.5399780273438,545.489990234375,382100
2014-10-16 15:00:00,549.7000122070312,553.5700073242188,543.6400146484375,547.7000122070312,395400
2014-10-19 15:00:00,553.6300048828125,556.6599731445312,551.5599975585938,556.010009765625,373900
2014-10-20 15:00:00,558.6400146484375,559.27001953125,555.1599731445312,557.5399780273438,417500
2014-10-21 15:00:00,563.8099975585938,564.760009765625,561.0599975585938,564.52001953125,384800
2014-10-22 15:00:00,565.6900024414062,568.6300048828125,561.2999877929688,564.3099975585938,375700
2014-10-23 15:00:00,568.3300170898438,568.3300170898438,560.489990234375,560.6599731445312,387000
2014-10-26 15:00:00,562.9299926757812,563.260009765625,558.2899780273438,559.9199829101562,356400
2014-10-27 15:00:00,561.9099731445312,562.7100219726562,560.6900024414062,562.2899780273438,363000
2014-10-28 15:00:00,566.030029296875,566.1799926757812,560.9299926757812,561.030029296875,392300
2014-10-29 15:00:00,561.969970703125,562.3599853515625,553.6400146484375,557.8599853515625,394600
2014-10-30 15:00:00,559.8499755859375,559.8499755859375,557.0,558.7000122070312,340900
2014-11-02 15:00:00,559.7100219726562,559.9000244140625,552.3400268554688,552.469970703125,369100
2014-11-03 15:00:00,554.6300048828125,556.02001953125,540.3599853515625,542.1599731445312,410400
2014-11-04 15:00:00,541.719970703125,545.2999877929688,540.0900268554688,540.27001953125,357500
2014-11-05 15:00:00,541.5700073242188,542.7000122070312,530.4199829101562,531.8099975585938,347400
2014-11-06 15:00:00,532.8699951171875,539.9099731445312,532.239990234375,539.9000244140625,341500
2014-11-09 15:00:00,542.52001953125,543.1599731445312,538.77001953125,539.219970703125,360100
2014-11-10 15:00:00,541.6199951171875,545.1400146484375,541.22998046875,545.1300048828125,368600
2014-11-11 15:00:00,547.97998046875,547.97998046875,546.1599731445312,546.4600219726562,393800
2014-11-12 15:00:00,547.9500122070312,548.5499877929688,547.0700073242188,547.7000122070312,362100
2014-11-13 15:00:00,549.0,549.0,541.8699951171875,541.9299926757812,381100
2014-11-16 15:00:00,543.280029296875,543.3499755859375,531.1599731445312,531.1799926757812,343500
2014-11-17 15:00:00,532.4199829101562,536.219970703125,532.4199829101562,536.2000122070312,344700
2014-11-18 15:00:00,539.6500244140625,541.1900024414062,538.6199951171875,540.8400268554688,365200
2014-11-19 15:00:00,541.989990234375,542.8099975585938,539.1400146484375,539.9299926757812,375300
2014-11-20 15:00:00,542.3200073242188,543.97998046875,540.9500122070312,543.97998046875,390500
2014-11-23 15:00:00,547.5,547.72998046875,539.8200073242188,541.9299926757812,354700
2014-11-24 15:00:00,543.469970703125,546.97998046875,543.3599853515625,546.3400268554688,397500
2014-11-25 15:00:00,547.8499755859375,548.0999755859375,546.5800170898438,547.3400268554688,367300
2014-11-26 15:00:00,548.4600219726562,549.3200073242188,545.4600219726562,545.969970703125,338400
2014-11-27 15:00:00,547.2899780273438,548.010009765625,544.510009765625,545.0800170898438,354900
2014-11-30 15:00:00,545.0800170898438,545.22998046875,539.1300048828125,539.4500122070312,368400
2014-12-01 15:00:00,538.989990234375,541.5499877929688,537.530029296875,541.530029296875,359800
2014-12-02 15:00:00,543.239990234375,546.0,542.6400146484375,545.02001953125,428000
2014-12-03 15:00:00,548.1799926757812,549.4600219726562,547.2000122070312,548.1599731445312,394100
2014-12-04 15:00:00,549.9199829101562,550.9199829101562,549.27001953125,550.8499755859375,480200
2014-12-07 15:00:00,553.1099853515625,553.1099853515625,551.1900024414062,551.4000244140625,432800
2014-12-08 15:00:00,551.72998046875,552.3800048828125,546.5700073242188,546.5700073242188,513200
2014-12-09 15:00:00,547.7899780273438,548.2100219726562,540.4199829101562,541.9600219726562,452700
2014-12-10 15:00:00,540.2999877929688,542.5999755859375,536.3200073242188,537.2100219726562,477000
2014-12-11 15:00:00,539.6900024414062,540.1300048828125,530.8300170898438,533.6699829101562,596600
2014-12-14 15:00:00,530.5800170898438,538.9199829101562,530.0999755859375,538.0900268554688,424200
2014-12-15 15:00:00,538.0999755859375,539.3900146484375,533.239990234375,534.1500244140625,460200
2014-12-16 15:00:00,536.8300170898438,537.1699829101562,532.6799926757812,533.0599975585938,456100
2014-12-17 15:00:00,536.4000244140625,536.6300048828125,520.9299926757812,527.52001953125,515800
2014-12-18 15:00:00,532.0499877929688,535.989990234375,530.9600219726562,535.510009765625,390500
2014-12-21 15:00:00,537.8900146484375,538.780029296875,535.1199951171875,536.780029296875,429700
2014-12-22 15:00:00,538.9500122070312,539.1300048828125,534.5499877929688,534.6500244140625,417400
2014-12-23 15:00:00,536.3499755859375,538.02001953125,535.780029296875,536.8900146484375,463600
2014-12-25 15:00:00,538.77001953125,539.239990234375,535.1699829101562,535.1699829101562,506900
2014-12-28 15:00:00,537.1300048828125,540.030029296875,536.989990234375,539.219970703125,384900
2014-12-29 15:00:00,540.5800170898438,543.0800170898438,540.280029296875,542.969970703125,388700
2015-01-01 15:00:00,546.010009765625,553.780029296875,546.010009765625,553.72998046875,364100
2015-01-04 15:00:00,556.4500122070312,561.25,554.0700073242188,561.25,427500
2015-01-05 15:00:00,557.3099975585938,562.0999755859375,556.3900146484375,558.9000244140625,487600
2015-01-06 15:00:00,559.9099731445312,561.9500122070312,557.5599975585938,561.3200073242188,494500
2015-01-07 15:00:00,565.1900024414062,567.2100219726562,563.6300048828125,566.4299926757812,468800
2015-01-08 15:00:00,570.7899780273438,573.3599853515625,569.6199951171875,572.989990234375,438600
2015-01-11 15:00:00,574.4299926757812,575.5700073242188,572.27001953125,574.760009765625,453300
2015-01-12 15:00:00,576.0499877929688,577.8499755859375,570.2999877929688,571.0,553200
2015-01-13 15:00:00,573.2999877929688,574.7000122070312,571.6599731445312,574.1699829101562,433200
2015-01-14 15:00:00,575.25,581.3900146484375,575.0599975585938,581.3900146484375,447900
2015-01-15 15:00:00,582.3099975585938,582.489990234375,575.7000122070312,577.4099731445312,429700
2015-01-18 15:00:00,583.5900268554688,583.5900268554688,577.9400024414062,577.9400024414062,441100
2015-01-19 15:00:00,580.1400146484375,582.280029296875,576.2000122070312,582.27001953125,486200
2015-01-20 15:00:00,584.3400268554688,586.0399780273438,583.6400146484375,584.3400268554688,538200
2015-01-21 15:00:00,587.1699829101562,587.4199829101562,572.6799926757812,578.4199829101562,647400
2015-01-22 15:00:00,582.77001953125,589.3099975585938,580.780029296875,589.3099975585938,506700
2015-01-25 15:00:00,591.2000122070312,591.8200073242188,589.0,590.3400268554688,534700
2015-01-26 15:00:00,593.1900024414062,593.22998046875,587.7000122070312,587.8400268554688,531000
2015-01-27 15:00:00,587.77001953125,594.4000244140625,587.0,594.3900146484375,470200
2015-01-28 15:00:00,594.739990234375,595.4199829101562,592.6599731445312,593.1199951171875,467500
2015-01-29 15:00:00,596.9400024414062,597.280029296875,588.969970703125,591.5800170898438,452100
2015-02-01 15:00:00,591.75,591.75,586.8699951171875,590.27001953125,422500
2015-02-02 15:00:00,592.3499755859375,593.5599975585938,587.3400268554688,593.3099975585938,501500
2015-02-03 15:00:00,596.530029296875,598.530029296875,595.9000244140625,598.22998046875,505400
2015-02-04 15:00:00,600.8699951171875,600.8800048828125,598.1400146484375,600.8099975585938,554200
2015-02-05 15:00:00,605.8599853515625,606.1300048828125,603.9299926757812,604.1300048828125,515700
2015-02-08 15:00:00,605.8800048828125,605.8800048828125,592.6900024414062,593.75,519800
2015-02-09 15:00:00,593.9099731445312,595.1400146484375,585.3499755859375,592.9500122070312,553800
2015-02-10 15:00:00,595.969970703125,602.25,595.969970703125,601.4099731445312,499700
2015-02-11 15:00:00,604.6900024414062,604.6900024414062,600.02001953125,602.239990234375,516800
2015-02-12 15:00:00,604.760009765625,608.4500122070312,603.9400024414062,608.0700073242188,507000
2015-02-15 15:00:00,610.5900268554688,613.719970703125,609.2899780273438,610.1599731445312,451900
2015-02-16 15:00:00,611.9199829101562,611.9199829101562,606.4600219726562,609.0999755859375,440200
2015-02-22 15:00:00,613.3699951171875,616.3499755859375,611.97998046875,615.52001953125,426300
2015-02-23 15:00:00,616.6599731445312,621.72998046875,616.27001953125,621.3099975585938,472900
2015-02-24 15:00:00,625.1199951171875,625.260009765625,616.5700073242188,616.5700073242188,479900
2015-02-25 15:00:00,618.0599975585938,618.3699951171875,615.02001953125,617.0800170898438,487100
2015-02-26 15:00:00,620.6500244140625,625.2000122070312,620.0599975585938,624.5599975585938,503300
2015-03-01 15:00:00,627.6099853515625,628.030029296875,621.75,621.8099975585938,507100
2015-03-02 15:00:00,625.530029296875,626.239990234375,624.2899780273438,625.6400146484375,502400
2015-03-03 15:00:00,627.27001953125,631.3200073242188,627.0900268554688,630.3499755859375,528500
2015-03-04 15:00:00,633.0700073242188,633.5800170898438,629.4099731445312,631.4299926757812,485600
2015-03-05 15:00:00,634.52001953125,635.8699951171875,632.5,635.8400268554688,551600
2015-03-08 15:00:00,636.8300170898438,636.8300170898438,628.8300170898438,629.260009765625,503300
2015-03-09 15:00:00,632.5399780273438,633.52001953125,617.8900146484375,621.989990234375,571100
2015-03-10 15:00:00,617.52001953125,623.239990234375,616.4299926757812,619.6099853515625,470100
2015-03-11 15:00:00,622.5499877929688,628.2899780273438,621.469970703125,628.1500244140625,490400
2015-03-12 15:00:00,631.739990234375,634.969970703125,631.5,634.25,530700
2015-03-15 15:00:00,636.469970703125,636.6900024414062,633.8599853515625,635.4000244140625,556600
2015-03-16 15:00:00,638.9199829101562,639.0,634.5499877929688,636.0499877929688,524000
2015-03-17 15:00:00,638.4099731445312,639.7000122070312,628.9400024414062,628.989990234375,556600
2015-03-18 15:00:00,633.5599975585938,633.6400146484375,620.52001953125,631.8099975585938,559000
2015-03-19 15:00:00,633.6900024414062,640.0900268554688,632.5700073242188,640.0800170898438,578700
2015-03-22 15:00:00,643.5499877929688,644.010009765625,640.2899780273438,640.2899780273438,530100
2015-03-23 15:00:00,640.5,642.4299926757812,638.4600219726562,641.8699951171875,525800
2015-03-24 15:00:00,644.6900024414062,651.0599975585938,644.6900024414062,651.0499877929688,534700
2015-03-25 15:00:00,647.1699829101562,649.6199951171875,640.5599975585938,642.530029296875,551800
2015-03-26 15:00:00,645.9299926757812,646.4299926757812,637.7100219726562,640.1199951171875,592400
2015-03-29 15:00:00,643.4000244140625,646.780029296875,641.469970703125,646.739990234375,467300
2015-03-30 15:00:00,650.75,650.75,647.3800048828125,650.489990234375,524600
2015-03-31 15:00:00,650.27001953125,651.4000244140625,645.6300048828125,650.22998046875,513300
2015-04-01 15:00:00,653.4099731445312,654.8499755859375,649.22998046875,650.5700073242188,629900
2015-04-02 15:00:00,653.4600219726562,658.0499877929688,652.5900268554688,658.0399780273438,528700
2015-04-05 15:00:00,660.8499755859375,662.5900268554688,658.989990234375,662.1500244140625,523500
2015-04-06 15:00:00,667.6199951171875,667.9400024414062,664.6400146484375,666.8300170898438,550000
2015-04-07 15:00:00,669.3699951171875,669.3699951171875,662.5700073242188,668.030029296875,560700
2015-04-08 15:00:00,671.5999755859375,677.989990234375,670.8300170898438,676.9600219726562,595100
2015-04-09 15:00:00,684.239990234375,685.6599731445312,682.02001953125,682.02001953125,602400
2015-04-12 15:00:00,688.1699829101562,689.5399780273438,682.719970703125,689.3900146484375,709300
2015-04-13 15:00:00,691.8200073242188,694.9000244140625,680.530029296875,684.969970703125,829000
2015-04-14 15:00:00,689.6599731445312,694.9600219726562,688.6900024414062,694.4400024414062,619800
2015-04-15 15:00:00,699.3200073242188,699.3200073242188,692.27001953125,698.3099975585938,698700
2015-04-16 15:00:00,703.4500122070312,708.22998046875,700.1799926757812,706.9000244140625,685600
2015-04-19 15:00:00,700.7999877929688,707.52001953125,700.47998046875,706.9600219726562,667400
2015-04-20 15:00:00,712.8900146484375,714.739990234375,709.8800048828125,714.52001953125,747100
2015-04-21 15:00:00,718.8900146484375,720.5599975585938,675.9500122070312,703.3400268554688,1086800
2015-04-22 15:00:00,707.8200073242188,708.0599975585938,685.989990234375,692.47998046875,705400
2015-04-23 15:00:00,695.1199951171875,697.1599731445312,681.0399780273438,690.739990234375,610900
2015-04-26 15:00:00,693.7899780273438,699.5499877929688,692.8400268554688,699.3900146484375,516100
2015-04-27 15:00:00,701.3599853515625,701.5700073242188,694.2999877929688,696.7899780273438,600300
2015-04-28 15:00:00,699.510009765625,699.6599731445312,689.0900268554688,695.6900024414062,558800
2015-04-29 15:00:00,696.3099975585938,696.3099975585938,685.1500244140625,689.010009765625,584900
2015-05-03 15:00:00,690.77001953125,690.8400268554688,676.4199829101562,677.9000244140625,440500
2015-05-05 15:00:00,672.9500122070312,674.219970703125,661.8200073242188,665.9400024414062,486100
2015-05-06 15:00:00,667.010009765625,673.1199951171875,654.010009765625,673.0800170898438,473800
2015-05-07 15:00:00,675.8300170898438,684.3800048828125,674.6400146484375,681.6900024414062,439100
2015-05-10 15:00:00,687.8099975585938,692.3200073242188,685.6099853515625,692.2899780273438,433500
2015-05-11 15:00:00,694.7999877929688,697.989990234375,685.8900146484375,686.739990234375,546400
2015-05-12 15:00:00,687.75,693.2999877929688,681.2999877929688,692.22998046875,522100
2015-05-13 15:00:00,695.1099853515625,699.3400268554688,693.4299926757812,699.27001953125,529700
2015-05-14 15:00:00,705.1500244140625,708.0800170898438,702.7899780273438,705.4000244140625,517500
2015-05-17 15:00:00,707.72998046875,707.72998046875,700.1799926757812,703.25,599800
2015-05-18 15:00:00,707.260009765625,707.3499755859375,704.6199951171875,706.7899780273438,530800
2015-05-19 15:00:00,709.7100219726562,714.0900268554688,709.6799926757812,713.9500122070312,601700
2015-05-20 15:00:00,718.97998046875,719.27001953125,708.5499877929688,715.6400146484375,522500
2015-05-21 15:00:00,718.989990234375,719.02001953125,711.5800170898438,713.5399780273438,546900
2015-05-25 15:00:00,715.9099731445312,715.9099731445312,705.0,708.6599731445312,457400
2015-05-26 15:00:00,705.7000122070312,705.7000122070312,696.0800170898438,699.1900024414062,475900
2015-05-27 15:00:00,706.469970703125,711.2100219726562,704.6199951171875,709.010009765625,484600
2015-05-28 15:00:00,710.6199951171875,717.2000122070312,710.5,711.3900146484375,549300
2015-05-31 15:00:00,714.0900268554688,715.9099731445312,700.9000244140625,715.72998046875,578500
2015-06-01 15:00:00,718.0,718.5800170898438,704.77001953125,704.77001953125,611100
2015-06-02 15:00:00,703.5,710.969970703125,693.27001953125,696.969970703125,693100
2015-06-03 15:00:00,702.1300048828125,704.5700073242188,700.6099853515625,704.5599975585938,580100
2015-06-04 15:00:00,701.280029296875,708.22998046875,700.9099731445312,707.27001953125,557600
2015-06-07 15:00:00,711.3599853515625,716.6099853515625,708.3599853515625,716.4299926757812,496400
2015-06-08 15:00:00,718.3200073242188,722.52001953125,718.0999755859375,722.510009765625,506600
2015-06-09 15:00:00,726.6300048828125,727.3400268554688,713.0700073242188,718.22998046875,563300
2015-06-10 15:00:00,724.3800048828125,724.5700073242188,716.4500122070312,717.0,505700
2015-06-11 15:00:00,720.0900268554688,722.4000244140625,708.22998046875,712.4000244140625,480000
2015-06-14 15:00:00,709.7100219726562,714.9199829101562,704.9500122070312,705.8499755859375,413200
2015-06-15 15:00:00,706.8400268554688,708.72998046875,690.7999877929688,706.280029296875,519300
2015-06-16 15:00:00,710.5399780273438,718.6300048828125,705.6199951171875,718.6099853515625,476400
2015-06-17 15:00:00,724.4299926757812,726.8400268554688,722.5999755859375,725.2000122070312,547600
2015-06-18 15:00:00,730.9199829101562,731.0599975585938,723.0700073242188,729.9199829101562,540700
2015-06-21 15:00:00,735.1199951171875,736.4199829101562,731.4600219726562,734.6099853515625,527600
2015-06-22 15:00:00,740.5700073242188,740.8699951171875,735.9500122070312,739.8200073242188,547800
2015-06-23 15:00:00,743.1699829101562,747.0800170898438,740.6500244140625,746.6199951171875,507100
2015-06-24 15:00:00,747.7100219726562,753.989990234375,746.22998046875,753.6599731445312,540100
2015-06-25 15:00:00,756.4600219726562,757.97998046875,750.47998046875,750.5,605500
2015-06-28 15:00:00,733.0700073242188,746.6199951171875,731.8400268554688,733.0399780273438,477300
2015-06-29 15:00:00,730.2899780273438,742.3400268554688,714.510009765625,742.27001953125,463300
2015-06-30 15:00:00,747.47998046875,760.760009765625,747.47998046875,760.6699829101562,561500
2015-07-01 15:00:00,766.5800170898438,769.760009765625,764.969970703125,768.6699829101562,716900
2015-07-02 15:00:00,772.6699829101562,772.719970703125,762.22998046875,769.260009765625,671900
2015-07-05 15:00:00,758.0,769.3300170898438,752.010009765625,752.010009765625,640800
2015-07-06 15:00:00,765.1199951171875,765.3900146484375,722.2100219726562,729.6400146484375,761100
2015-07-07 15:00:00,735.4600219726562,738.22998046875,714.8599853515625,726.219970703125,649000
2015-07-08 15:00:00,715.760009765625,726.4299926757812,695.9400024414062,726.010009765625,654800
2015-07-09 15:00:00,734.1599731445312,739.0999755859375,725.4000244140625,730.719970703125,549100
2015-07-12 15:00:00,732.780029296875,749.530029296875,731.9099731445312,749.4600219726562,552700
2015-07-13 15:00:00,757.719970703125,758.1900024414062,750.9099731445312,757.1199951171875,593400
2015-07-14 15:00:00,761.72998046875,762.7999877929688,757.7100219726562,761.5900268554688,679900
2015-07-15 15:00:00,764.1599731445312,774.4000244140625,760.219970703125,774.4000244140625,693900
2015-07-16 15:00:00,780.27001953125,780.27001953125,768.72998046875,773.22998046875,774000
2015-07-19 15:00:00,778.1900024414062,782.6400146484375,776.4099731445312,782.6400146484375,667800
2015-07-20 15:00:00,787.52001953125,788.1300048828125,774.6799926757812,781.989990234375,761500
2015-07-21 15:00:00,780.3900146484375,784.5800170898438,776.280029296875,776.5700073242188,700600
2015-07-22 15:00:00,781.2100219726562,782.2999877929688,773.5999755859375,776.989990234375,882500
2015-07-23 15:00:00,778.5399780273438,779.0999755859375,773.6400146484375,776.260009765625,645200
2015-07-26 15:00:00,773.3699951171875,773.3699951171875,751.0399780273438,751.0399780273438,600700
2015-07-27 15:00:00,738.8699951171875,747.0700073242188,722.8300170898438,745.239990234375,609600
2015-07-28 15:00:00,751.9199829101562,755.22998046875,730.469970703125,730.469970703125,734600
2015-07-29 15:00:00,736.969970703125,739.6599731445312,711.1099853515625,712.8599853515625,568800
2015-07-30 15:00:00,713.8699951171875,725.0599975585938,703.5599975585938,725.0599975585938,512100
2015-08-02 15:00:00,728.030029296875,732.239990234375,714.3400268554688,714.3400268554688,422100
2015-08-03 15:00:00,712.780029296875,730.0599975585938,711.5900268554688,730.030029296875,422600
2015-08-04 15:00:00,733.0,741.5399780273438,732.2999877929688,741.260009765625,418300
2015-08-05 15:00:00,747.1900024414062,750.75,745.1599731445312,747.739990234375,448600
2015-08-06 15:00:00,743.8200073242188,751.739990234375,741.719970703125,751.489990234375,443800
2015-08-09 15:00:00,754.5999755859375,754.5999755859375,742.760009765625,746.3400268554688,432200
2015-08-10 15:00:00,752.719970703125,753.1300048828125,732.260009765625,732.260009765625,622200
2015-08-11 15:00:00,730.239990234375,731.719970703125,692.5399780273438,717.2000122070312,583100
2015-08-12 15:00:00,716.6099853515625,731.9500122070312,711.5399780273438,731.3599853515625,496900
2015-08-16 15:00:00,733.969970703125,734.9000244140625,722.010009765625,722.010009765625,446200
2015-08-17 15:00:00,725.6799926757812,726.4600219726562,698.239990234375,699.7999877929688,596700
2015-08-18 15:00:00,692.3099975585938,693.47998046875,652.1199951171875,670.5499877929688,572100
2015-08-19 15:00:00,664.8400268554688,678.8900146484375,656.7100219726562,656.7100219726562,439900
2015-08-20 15:00:00,625.5599975585938,637.8699951171875,615.0999755859375,627.0499877929688,615400
2015-08-23 15:00:00,624.0900268554688,640.6699829101562,610.1199951171875,613.3300170898438,515000
2015-08-24 15:00:00,625.6099853515625,646.7899780273438,612.3499755859375,645.4299926757812,518700
2015-08-25 15:00:00,646.469970703125,667.4400024414062,645.5,667.4400024414062,546200
2015-08-26 15:00:00,677.8900146484375,683.4600219726562,670.239990234375,673.7100219726562,471400
2015-08-27 15:00:00,685.4400024414062,689.0399780273438,685.4000244140625,687.9600219726562,433700
2015-08-30 15:00:00,689.9000244140625,689.9000244140625,682.1400146484375,687.1099853515625,389800
2015-08-31 15:00:00,686.469970703125,691.6699829101562,672.9400024414062,672.9400024414062,456700
2015-09-01 15:00:00,659.5999755859375,678.1599731445312,657.6699829101562,678.02001953125,486700
2015-09-02 15:00:00,687.5999755859375,688.5599975585938,677.3400268554688,678.25,553100
2015-09-03 15:00:00,682.2999877929688,683.5599975585938,647.780029296875,650.4500122070312,607400
2015-09-06 15:00:00,650.8699951171875,658.9000244140625,641.2100219726562,648.7999877929688,393800
2015-09-07 15:00:00,652.0800170898438,655.1500244140625,632.2000122070312,638.219970703125,479100
2015-09-08 15:00:00,651.52001953125,660.6699829101562,651.3900146484375,660.6699829101562,450700
2015-09-09 15:00:00,655.1300048828125,668.47998046875,653.260009765625,668.2899780273438,498700
2015-09-10 15:00:00,669.97998046875,672.1199951171875,665.1699829101562,669.8699951171875,557400
2015-09-13 15:00:00,674.4500122070312,674.9500122070312,659.1900024414062,662.8800048828125,444200
2015-09-14 15:00:00,664.5599975585938,667.1799926757812,661.8800048828125,666.75,888800
2015-09-15 15:00:00,673.3200073242188,676.6300048828125,671.7899780273438,676.47998046875,968900
2015-09-16 15:00:00,681.6599731445312,681.6599731445312,670.6199951171875,671.0499877929688,740000
2015-09-17 15:00:00,678.25,690.2000122070312,677.9299926757812,690.1799926757812,728100
2015-09-20 15:00:00,685.3499755859375,689.219970703125,683.4199829101562,688.9000244140625,717600
2015-09-21 15:00:00,691.4600219726562,694.0900268554688,689.0499877929688,693.6699829101562,931000
2015-09-22 15:00:00,688.52001953125,692.0700073242188,680.280029296875,680.280029296875,1028000
2015-09-23 15:00:00,686.0999755859375,687.22998046875,682.6199951171875,683.8800048828125,869000
2015-09-24 15:00:00,685.469970703125,685.7999877929688,676.8400268554688,682.7000122070312,636100
2015-09-29 15:00:00,673.4299926757812,678.5,668.5800170898438,678.47998046875,814900
2015-09-30 15:00:00,685.8900146484375,686.6799926757812,684.1199951171875,684.7899780273438,832200
2015-10-01 15:00:00,688.0399780273438,688.8300170898438,685.1099853515625,686.4199829101562,694100
2015-10-04 15:00:00,693.5399780273438,694.489990234375,691.1900024414062,691.1900024414062,654200
2015-10-05 15:00:00,697.1699829101562,697.1699829101562,688.530029296875,689.0599975585938,843000
2015-10-06 15:00:00,690.2899780273438,690.3499755859375,678.8800048828125,679.8300170898438,791100
2015-10-07 15:00:00,684.469970703125,685.2899780273438,670.2999877929688,674.969970703125,686100
2015-10-11 15:00:00,677.4500122070312,677.5800170898438,672.5700073242188,672.9600219726562,508000
2015-10-12 15:00:00,674.3900146484375,676.739990234375,669.52001953125,672.8200073242188,735500
2015-10-13 15:00:00,673.1599731445312,673.4299926757812,668.030029296875,668.9199829101562,690400
2015-10-14 15:00:00,669.5399780273438,676.0599975585938,669.3499755859375,676.0499877929688,744000
2015-10-15 15:00:00,681.010009765625,683.3699951171875,680.72998046875,681.72998046875,764500
2015-10-18 15:00:00,685.2000122070312,685.3400268554688,682.47998046875,684.2899780273438,920600
2015-10-19 15:00:00,685.75,691.2100219726562,684.6099853515625,691.2100219726562,779900
2015-10-20 15:00:00,692.77001953125,693.0599975585938,686.5,686.5,949600
2015-10-21 15:00:00,686.010009765625,686.02001953125,675.6900024414062,676.2999877929688,934800
2015-10-22 15:00:00,682.75,683.489990234375,680.6099853515625,681.969970703125,1041700
2015-10-25 15:00:00,687.010009765625,690.8499755859375,685.8800048828125,690.72998046875,722300
2015-10-26 15:00:00,691.7999877929688,693.0,687.6799926757812,688.3200073242188,653300
2015-10-27 15:00:00,689.9000244140625,693.9500122070312,686.9600219726562,693.530029296875,711500
2015-10-28 15:00:00,696.27001953125,696.469970703125,689.719970703125,690.6300048828125,818200
2015-10-29 15:00:00,691.260009765625,692.4199829101562,681.719970703125,683.6300048828125,757500
2015-11-01 15:00:00,683.5399780273438,684.9400024414062,679.8499755859375,680.010009765625,668400
2015-11-02 15:00:00,684.280029296875,685.3099975585938,678.4500122070312,682.1300048828125,728400
2015-11-03 15:00:00,683.97998046875,686.1799926757812,680.5399780273438,686.1799926757812,783700
2015-11-04 15:00:00,688.27001953125,694.4299926757812,687.9000244140625,694.4299926757812,765500
2015-11-05 15:00:00,697.5599975585938,698.3900146484375,692.22998046875,694.2100219726562,771800
2015-11-08 15:00:00,694.0599975585938,694.0599975585938,670.6599731445312,671.8400268554688,715400
2015-11-09 15:00:00,667.1400146484375,667.25,650.5599975585938,656.7000122070312,680000
2015-11-10 15:00:00,657.6599731445312,667.4500122070312,657.6599731445312,667.2100219726562,634900
2015-11-11 15:00:00,670.5999755859375,674.8300170898438,670.5999755859375,672.989990234375,618900
2015-11-12 15:00:00,667.5800170898438,670.760009765625,664.6699829101562,670.52001953125,763400
2015-11-15 15:00:00,659.4000244140625,665.27001953125,656.969970703125,659.2000122070312,635000
2015-11-16 15:00:00,666.9000244140625,672.4000244140625,666.8099975585938,672.1699829101562,753600
2015-11-17 15:00:00,673.8699951171875,676.7000122070312,670.6699829101562,670.6699829101562,992800
2015-11-18 15:00:00,678.969970703125,680.5700073242188,675.510009765625,680.5700073242188,856900
2015-11-19 15:00:00,681.97998046875,685.6699829101562,680.8699951171875,685.1599731445312,861700
2015-11-22 15:00:00,688.239990234375,689.1099853515625,686.239990234375,688.2899780273438,669700
2015-11-23 15:00:00,688.9400024414062,689.5700073242188,686.6900024414062,687.8599853515625,823500
2015-11-24 15:00:00,689.4099731445312,690.25,687.5,688.780029296875,864200
2015-11-25 15:00:00,691.6699829101562,694.3800048828125,691.5700073242188,693.4199829101562,786600
2015-11-26 15:00:00,696.8900146484375,698.1799926757812,692.72998046875,694.2100219726562,769700
2015-11-29 15:00:00,695.6900024414062,695.8099975585938,683.52001953125,688.3800048828125,638900
2015-11-30 15:00:00,690.489990234375,692.1099853515625,687.969970703125,691.9500122070312,668600
2015-12-01 15:00:00,694.780029296875,695.2000122070312,690.3200073242188,690.3200073242188,786500
2015-12-02 15:00:00,688.52001953125,690.969970703125,683.7899780273438,690.77001953125,770200
2015-12-03 15:00:00,683.469970703125,688.9500122070312,683.1400146484375,685.77001953125,776600
2015-12-06 15:00:00,691.3499755859375,691.47998046875,683.3400268554688,683.3400268554688,695500
2015-12-07 15:00:00,682.72998046875,683.6199951171875,666.3099975585938,668.4199829101562,717600
2015-12-08 15:00:00,668.1699829101562,671.260009765625,664.0800170898438,664.0800170898438,854100
2015-12-09 15:00:00,663.6900024414062,666.3400268554688,652.0599975585938,658.0800170898438,993300
2015-12-10 15:00:00,660.8699951171875,661.989990234375,651.3499755859375,653.47998046875,811900
2015-12-13 15:00:00,642.97998046875,642.97998046875,630.3699951171875,630.3699951171875,628100
2015-12-14 15:00:00,634.4000244140625,640.239990234375,633.3200073242188,639.780029296875,605000
2015-12-15 15:00:00,646.75,650.5499877929688,646.4500122070312,647.27001953125,652600
2015-12-16 15:00:00,653.9199829101562,658.1500244140625,649.4400024414062,658.1099853515625,623200
2015-12-17 15:00:00,654.3599853515625,667.4500122070312,652.97998046875,667.4500122070312,592700
2015-12-20 15:00:00,665.6199951171875,669.25,665.530029296875,668.6500244140625,540200
2015-12-21 15:00:00,671.3900146484375,671.3900146484375,661.52001953125,663.4199829101562,695100
2015-12-22 15:00:00,665.8900146484375,665.8900146484375,659.5800170898438,659.5999755859375,778700
2015-12-23 15:00:00,662.8300170898438,663.1699829101562,656.530029296875,656.530029296875,671300
2015-12-27 15:00:00,657.5700073242188,658.25,651.6300048828125,652.0499877929688,596000
2015-12-28 15:00:00,656.8200073242188,673.22998046875,656.8200073242188,673.219970703125,558700
2015-12-29 15:00:00,677.0800170898438,683.3400268554688,674.8699951171875,682.3499755859375,512400
2016-01-03 15:00:00,686.4099731445312,691.5599975585938,677.7899780273438,677.7899780273438,502700
2016-01-04 15:00:00,670.4500122070312,684.0700073242188,670.4400024414062,684.0700073242188,741700
2016-01-05 15:00:00,687.0,689.1099853515625,675.47998046875,687.27001953125,747600
2016-01-06 15:00:00,687.5,690.6500244140625,675.010009765625,679.6599731445312,692100
2016-01-07 15:00:00,668.030029296875,682.5599975585938,662.280029296875,682.5599975585938,710700
2016-01-10 15:00:00,681.6199951171875,685.6400146484375,674.0999755859375,674.9600219726562,586400
2016-01-11 15:00:00,679.0999755859375,682.260009765625,671.22998046875,671.2999877929688,575200
2016-01-12 15:00:00,677.3499755859375,686.030029296875,677.3499755859375,686.030029296875,729700
2016-01-13 15:00:00,675.8599853515625,683.489990234375,674.2899780273438,683.1900024414062,561200
2016-01-14 15:00:00,693.0700073242188,693.5499877929688,676.530029296875,678.4299926757812,595800
2016-01-17 15:00:00,671.9600219726562,683.8699951171875,671.9600219726562,683.6300048828125,542400
2016-01-18 15:00:00,683.219970703125,685.2000122070312,674.9299926757812,681.25,605500
2016-01-19 15:00:00,684.6900024414062,685.6199951171875,659.719970703125,669.6799926757812,752800
2016-01-20 15:00:00,671.3699951171875,673.8400268554688,661.22998046875,665.8400268554688,578100
2016-01-21 15:00:00,672.1300048828125,673.719970703125,662.8099975585938,670.9500122070312,552200
2016-01-24 15:00:00,677.1400146484375,681.8499755859375,675.239990234375,681.4299926757812,463200
2016-01-25 15:00:00,679.0999755859375,682.4000244140625,677.2899780273438,678.8499755859375,526900
2016-01-26 15:00:00,683.75,684.8400268554688,673.2100219726562,675.25,636700
2016-01-27 15:00:00,675.5599975585938,681.52001953125,672.6599731445312,681.2899780273438,601900
2016-01-28 15:00:00,683.760009765625,683.760009765625,677.0700073242188,682.7999877929688,579400
2016-01-31 15:00:00,687.6500244140625,688.1500244140625,681.9000244140625,685.5499877929688,450200
2016-02-01 15:00:00,685.6799926757812,686.969970703125,683.1400146484375,684.8599853515625,553700
2016-02-02 15:00:00,681.9500122070312,684.1599731445312,676.739990234375,680.9400024414062,488900
2016-02-03 15:00:00,683.5700073242188,684.7100219726562,678.469970703125,683.6199951171875,537000
2016-02-04 15:00:00,683.4299926757812,684.4299926757812,680.2000122070312,681.3099975585938,511600
2016-02-10 15:00:00,665.7000122070312,666.989990234375,647.6799926757812,647.6900024414062,526100
2016-02-11 15:00:00,639.3300170898438,640.9299926757812,594.75,608.4500122070312,731100
2016-02-14 15:00:00,617.0599975585938,621.72998046875,609.3099975585938,621.3699951171875,544900
2016-02-15 15:00:00,626.8499755859375,635.989990234375,626.8499755859375,634.9500122070312,494000
2016-02-16 15:00:00,637.25,638.969970703125,623.1300048828125,623.489990234375,520300
2016-02-17 15:00:00,633.4400024414062,638.4299926757812,633.2899780273438,638.4299926757812,492300
2016-02-18 15:00:00,638.7999877929688,645.02001953125,637.1199951171875,644.5599975585938,445700
2016-02-21 15:00:00,646.3499755859375,651.1300048828125,644.1500244140625,650.1400146484375,527900
2016-02-22 15:00:00,655.0800170898438,655.219970703125,641.5599975585938,642.3099975585938,686700
2016-02-23 15:00:00,640.75,647.3900146484375,639.5399780273438,643.97998046875,583800
2016-02-24 15:00:00,648.5800170898438,650.5800170898438,644.0599975585938,646.27001953125,570000
2016-02-25 15:00:00,649.3300170898438,651.0900268554688,647.030029296875,649.2999877929688,459500
2016-02-28 15:00:00,652.260009765625,652.8699951171875,648.0700073242188,651.6199951171875,575200
2016-03-01 15:00:00,658.9500122070312,662.3099975585938,658.6400146484375,662.25,518400
2016-03-02 15:00:00,664.9400024414062,669.0999755859375,660.7899780273438,669.010009765625,543400
2016-03-03 15:00:00,670.4400024414062,674.6900024414062,668.989990234375,673.8400268554688,531800
2016-03-06 15:00:00,677.3099975585938,678.9500122070312,671.3400268554688,672.2100219726562,546300
2016-03-07 15:00:00,675.0700073242188,677.0599975585938,666.2999877929688,674.3200073242188,554600
2016-03-08 15:00:00,673.9299926757812,680.530029296875,673.6199951171875,679.6400146484375,452100
2016-03-09 15:00:00,682.2999877929688,687.5999755859375,682.2999877929688,687.5999755859375,534800
2016-03-10 15:00:00,686.3300170898438,689.52001953125,686.0900268554688,689.1699829101562,506100
2016-03-13 15:00:00,693.0599975585938,696.1099853515625,691.0499877929688,691.0499877929688,475200
2016-03-14 15:00:00,692.780029296875,697.9099731445312,692.6099853515625,693.3400268554688,571500
2016-03-15 15:00:00,694.4500122070312,699.7100219726562,691.989990234375,693.4400024414062,594100
2016-03-16 15:00:00,698.77001953125,699.760009765625,691.3200073242188,691.489990234375,632400
2016-03-17 15:00:00,694.8599853515625,695.5900268554688,692.4199829101562,695.02001953125,699000
2016-03-20 15:00:00,698.5900268554688,698.8800048828125,691.5499877929688,692.4199829101562,638800
2016-03-21 15:00:00,694.27001953125,694.9600219726562,689.7999877929688,691.510009765625,679100
2016-03-22 15:00:00,692.5599975585938,693.469970703125,689.3900146484375,689.3900146484375,705700
2016-03-23 15:00:00,689.8699951171875,691.030029296875,686.1099853515625,686.260009765625,678700
2016-03-24 15:00:00,688.2999877929688,688.8099975585938,682.780029296875,683.2000122070312,657700
2016-03-27 15:00:00,685.0599975585938,685.4600219726562,676.280029296875,676.510009765625,649000
2016-03-28 15:00:00,678.75,686.5,678.719970703125,686.5,666700
2016-03-29 15:00:00,690.8499755859375,692.1699829101562,690.0399780273438,691.1300048828125,697600
2016-03-30 15:00:00,693.02001953125,693.1300048828125,687.0900268554688,688.3800048828125,642700
2016-03-31 15:00:00,690.1799926757812,694.97998046875,689.0499877929688,690.6900024414062,556900
2016-04-03 15:00:00,693.7999877929688,697.0,692.72998046875,696.97998046875,551800
2016-04-04 15:00:00,698.2999877929688,698.2999877929688,693.0499877929688,695.7000122070312,584200
2016-04-05 15:00:00,697.1099853515625,697.1099853515625,692.8200073242188,694.030029296875,642700
2016-04-06 15:00:00,696.9099731445312,697.72998046875,695.47998046875,697.1300048828125,690100
2016-04-07 15:00:00,696.469970703125,697.280029296875,695.0499877929688,697.0999755859375,631400
2016-04-10 15:00:00,700.0399780273438,700.3599853515625,693.010009765625,693.010009765625,558300
2016-04-11 15:00:00,693.7999877929688,695.219970703125,691.52001953125,693.4500122070312,635400
2016-04-13 15:00:00,698.030029296875,698.260009765625,691.6500244140625,693.4199829101562,704000
2016-04-14 15:00:00,696.3699951171875,697.0,693.7999877929688,695.6199951171875,693600
2016-04-17 15:00:00,695.780029296875,695.97998046875,693.0,695.3400268554688,706800
2016-04-18 15:00:00,697.3099975585938,701.7999877929688,696.219970703125,701.6799926757812,684100
2016-04-19 15:00:00,703.5499877929688,704.4400024414062,699.8499755859375,699.8599853515625,737300
2016-04-20 15:00:00,702.2100219726562,702.3200073242188,698.3900146484375,701.6199951171875,834100
2016-04-21 15:00:00,702.9000244140625,703.8900146484375,700.97998046875,703.0499877929688,702700
2016-04-24 15:00:00,705.3699951171875,705.4400024414062,702.4199829101562,703.7000122070312,700200
2016-04-25 15:00:00,705.510009765625,705.510009765625,700.760009765625,702.0599975585938,778200
2016-04-26 15:00:00,704.4199829101562,704.5900268554688,699.4099731445312,699.52001953125,757000
2016-04-27 15:00:00,702.0399780273438,703.9500122070312,699.6799926757812,699.7000122070312,665300
2016-04-28 15:00:00,699.8900146484375,700.1400146484375,695.8200073242188,699.77001953125,645800
2016-05-01 15:00:00,700.4299926757812,700.739990234375,690.27001953125,690.27001953125,681200
2016-05-02 15:00:00,693.6699829101562,699.239990234375,693.6699829101562,698.6599731445312,819100
2016-05-03 15:00:00,698.02001953125,698.2999877929688,693.25,694.1699829101562,826600
2016-05-08 15:00:00,696.6599731445312,697.1400146484375,690.8499755859375,691.8200073242188,630400
2016-05-09 15:00:00,693.469970703125,700.530029296875,693.4400024414062,700.22998046875,570000
2016-05-10 15:00:00,704.3200073242188,704.530029296875,701.2899780273438,703.9400024414062,637900
2016-05-11 15:00:00,702.4600219726562,706.489990234375,699.8699951171875,705.0399780273438,614200
2016-05-12 15:00:00,705.8499755859375,705.9199829101562,703.6500244140625,704.3699951171875,617600
2016-05-15 15:00:00,705.030029296875,705.0399780273438,701.25,701.4600219726562,660200
2016-05-16 15:00:00,703.0800170898438,703.239990234375,693.0700073242188,695.9500122070312,712200
2016-05-17 15:00:00,694.9000244140625,694.9000244140625,683.8099975585938,683.8699951171875,697200
2016-05-18 15:00:00,685.3599853515625,686.6099853515625,678.47998046875,679.3900146484375,748900
2016-05-19 15:00:00,679.6500244140625,686.4400024414062,679.6500244140625,684.9199829101562,798500
2016-05-22 15:00:00,688.8699951171875,691.6799926757812,688.530029296875,691.0,727500
2016-05-23 15:00:00,691.9199829101562,692.0499877929688,686.8699951171875,687.7100219726562,901400
2016-05-24 15:00:00,693.6500244140625,693.6500244140625,688.0,689.3300170898438,1000700
2016-05-25 15:00:00,691.9000244140625,692.6400146484375,686.6199951171875,687.9400024414062,831800
2016-05-26 15:00:00,689.9600219726562,692.02001953125,688.8099975585938,691.5399780273438,710900
2016-05-29 15:00:00,694.0,694.3400268554688,689.9299926757812,692.0599975585938,689100
2016-05-30 15:00:00,692.8200073242188,698.4500122070312,691.9299926757812,698.4500122070312,672800
2016-05-31 15:00:00,699.489990234375,700.6300048828125,698.760009765625,700.030029296875,711400
2016-06-01 15:00:00,702.260009765625,702.4099731445312,699.0599975585938,701.1500244140625,853800
2016-06-02 15:00:00,703.4400024414062,703.5,698.7899780273438,701.4299926757812,889700
2016-06-06 15:00:00,703.8200073242188,705.8200073242188,703.5499877929688,704.77001953125,774300
2016-06-07 15:00:00,705.6900024414062,705.6900024414062,702.3900146484375,703.989990234375,826100
2016-06-08 15:00:00,706.3200073242188,707.8099975585938,696.530029296875,705.0800170898438,1162800
2016-06-09 15:00:00,705.3099975585938,707.1099853515625,703.5499877929688,706.8099975585938,990000
2016-06-12 15:00:00,702.5800170898438,702.5800170898438,695.6099853515625,695.6099853515625,820600
2016-06-13 15:00:00,693.5999755859375,697.239990234375,687.5599975585938,692.9400024414062,810200
2016-06-14 15:00:00,693.239990234375,696.7899780273438,687.6799926757812,694.6599731445312,869200
2016-06-15 15:00:00,697.27001953125,697.6300048828125,677.8200073242188,680.25,1175500
2016-06-16 15:00:00,685.1500244140625,687.219970703125,674.8200073242188,678.8599853515625,1246000
2016-06-19 15:00:00,682.9099731445312,689.1099853515625,682.9099731445312,688.9500122070312,1009300
2016-06-20 15:00:00,691.5399780273438,691.8499755859375,685.3499755859375,688.5499877929688,952800
2016-06-21 15:00:00,689.27001953125,690.6300048828125,688.1799926757812,688.1799926757812,998600
2016-06-22 15:00:00,686.3599853515625,686.4500122070312,674.0399780273438,679.52001953125,1028600
2016-06-23 15:00:00,687.4000244140625,688.1199951171875,631.1799926757812,647.1599731445312,1590700
2016-06-26 15:00:00,629.2100219726562,650.6099853515625,626.989990234375,648.1199951171875,1008400
2016-06-27 15:00:00,643.0599975585938,660.030029296875,641.1699829101562,659.2999877929688,1090600
2016-06-28 15:00:00,666.72998046875,672.1099853515625,664.6900024414062,669.8800048828125,926800
2016-06-29 15:00:00,675.4000244140625,676.530029296875,673.1099853515625,675.0900268554688,940000
2016-06-30 15:00:00,679.2100219726562,684.8200073242188,679.2100219726562,684.260009765625,880700
2016-07-03 15:00:00,688.0,688.2000122070312,685.27001953125,688.1500244140625,975900
2016-07-04 15:00:00,690.1099853515625,692.7999877929688,687.0,692.72998046875,913000
2016-07-05 15:00:00,691.4199829101562,692.8800048828125,680.3200073242188,685.510009765625,1218200
2016-07-06 15:00:00,689.9099731445312,696.1799926757812,689.9099731445312,695.9500122070312,989500
2016-07-07 15:00:00,698.6099853515625,698.6900024414062,688.8099975585938,692.5999755859375,860500
2016-07-10 15:00:00,695.4600219726562,697.260009765625,692.75,697.25,669100
2016-07-11 15:00:00,700.0900268554688,700.8200073242188,696.3800048828125,699.4000244140625,772800
2016-07-12 15:00:00,703.530029296875,704.6900024414062,702.0399780273438,702.6500244140625,1062800
2016-07-13 15:00:00,704.1300048828125,704.1300048828125,699.030029296875,703.3400268554688,1096400
2016-07-14 15:00:00,706.2100219726562,706.2100219726562,699.239990234375,700.280029296875,1125900
2016-07-17 15:00:00,701.9500122070312,702.1699829101562,698.6900024414062,700.9000244140625,898000
2016-07-18 15:00:00,703.4099731445312,703.97998046875,700.8300170898438,702.4400024414062,1056500
2016-07-19 15:00:00,704.02001953125,705.3499755859375,703.2000122070312,705.030029296875,922400
2016-07-20 15:00:00,708.7000122070312,709.8900146484375,707.8200073242188,708.1199951171875,959600
2016-07-21 15:00:00,708.8900146484375,708.8900146484375,706.1599731445312,707.5399780273438,1134400
2016-07-24 15:00:00,710.2100219726562,710.4199829101562,704.8300170898438,704.9600219726562,896600
2016-07-25 15:00:00,705.7999877929688,705.989990234375,702.97998046875,705.4000244140625,1006800
2016-07-26 15:00:00,707.27001953125,708.0999755859375,700.9400024414062,701.0900268554688,774200
2016-07-27 15:00:00,702.9400024414062,705.22998046875,701.1599731445312,703.780029296875,789200
2016-07-28 15:00:00,705.3900146484375,706.8300170898438,705.1300048828125,706.239990234375,757900
2016-07-31 15:00:00,708.8400268554688,708.9400024414062,703.719970703125,703.719970703125,693900
2016-08-01 15:00:00,704.25,704.5599975585938,700.3200073242188,700.9000244140625,725700
2016-08-02 15:00:00,700.4000244140625,700.4299926757812,694.8800048828125,698.3200073242188,738000
2016-08-03 15:00:00,701.2000122070312,703.719970703125,700.9500122070312,701.6699829101562,687600
2016-08-04 15:00:00,703.8699951171875,704.030029296875,694.489990234375,696.0900268554688,638400
2016-08-07 15:00:00,698.6699829101562,698.7999877929688,694.3599853515625,696.4299926757812,588300
2016-08-08 15:00:00,697.8599853515625,701.9299926757812,697.4199829101562,700.72998046875,638800
2016-08-09 15:00:00,703.739990234375,707.9400024414062,702.3900146484375,707.4600219726562,662900
2016-08-10 15:00:00,709.2999877929688,709.6699829101562,702.5599975585938,703.3300170898438,708200
2016-08-11 15:00:00,705.219970703125,705.5,702.8699951171875,705.1799926757812,698300
2016-08-15 15:00:00,706.4000244140625,706.4000244140625,698.8699951171875,698.8699951171875,567600
2016-08-16 15:00:00,697.97998046875,698.02001953125,688.1400146484375,693.6699829101562,641500
2016-08-17 15:00:00,696.9400024414062,697.6500244140625,695.1300048828125,696.9299926757812,624400
2016-08-18 15:00:00,698.8699951171875,699.0499877929688,695.8699951171875,696.2000122070312,544300
2016-08-21 15:00:00,697.5,697.5399780273438,688.1500244140625,688.1500244140625,629000
2016-08-22 15:00:00,688.6799926757812,692.1900024414062,687.3699951171875,687.3800048828125,663700
2016-08-23 15:00:00,689.8599853515625,690.4400024414062,687.6099853515625,687.780029296875,650900
2016-08-24 15:00:00,688.7999877929688,688.989990234375,683.8300170898438,683.9600219726562,645700
2016-08-25 15:00:00,684.9199829101562,684.9199829101562,679.260009765625,680.4299926757812,727800
2016-08-28 15:00:00,679.1599731445312,679.1699829101562,663.530029296875,663.5800170898438,723200
2016-08-29 15:00:00,667.2000122070312,671.489990234375,665.5999755859375,667.6099853515625,591700
2016-08-30 15:00:00,668.6300048828125,669.0499877929688,656.2100219726562,663.6900024414062,610800
2016-08-31 15:00:00,664.3300170898438,671.3699951171875,663.8599853515625,671.2899780273438,649800
2016-09-01 15:00:00,673.1599731445312,677.1599731445312,670.9600219726562,676.9099731445312,583000
2016-09-04 15:00:00,680.02001953125,681.1400146484375,678.47998046875,679.489990234375,557800
2016-09-05 15:00:00,681.1400146484375,681.52001953125,677.8599853515625,679.260009765625,746500
2016-09-06 15:00:00,681.010009765625,681.8900146484375,672.489990234375,672.489990234375,691600
2016-09-07 15:00:00,673.5999755859375,675.1500244140625,660.8400268554688,667.4000244140625,914900
2016-09-08 15:00:00,667.4600219726562,667.4600219726562,659.6699829101562,664.989990234375,747600
2016-09-11 15:00:00,654.489990234375,660.4000244140625,652.9099731445312,652.9099731445312,772600
2016-09-12 15:00:00,659.47998046875,661.0599975585938,657.030029296875,660.1500244140625,623100
2016-09-18 15:00:00,661.8099975585938,666.760009765625,661.8099975585938,666.6400146484375,713200
2016-09-19 15:00:00,667.1599731445312,674.7100219726562,666.77001953125,674.510009765625,731400
2016-09-20 15:00:00,676.5599975585938,678.3599853515625,675.7000122070312,678.280029296875,893900
2016-09-21 15:00:00,682.9400024414062,685.8699951171875,682.1799926757812,685.239990234375,946800
2016-09-22 15:00:00,687.1599731445312,688.989990234375,685.2899780273438,688.5900268554688,793500
2016-09-25 15:00:00,688.8900146484375,690.5700073242188,686.75,686.760009765625,774600
2016-09-26 15:00:00,685.1500244140625,688.1099853515625,683.2899780273438,687.989990234375,720800
2016-09-27 15:00:00,689.5999755859375,690.1599731445312,686.760009765625,686.760009765625,642900
2016-09-28 15:00:00,689.3400268554688,690.4400024414062,688.4299926757812,689.8300170898438,743900
2016-09-29 15:00:00,688.489990234375,688.489990234375,680.0999755859375,681.2100219726562,680600
2016-10-03 15:00:00,682.3200073242188,686.7999877929688,681.280029296875,685.8800048828125,533500
2016-10-04 15:00:00,686.030029296875,687.3300170898438,684.3699951171875,685.4400024414062,587000
2016-10-05 15:00:00,686.6900024414062,687.9299926757812,684.1400146484375,684.3300170898438,640800
2016-10-06 15:00:00,685.9600219726562,686.239990234375,675.5999755859375,675.9000244140625,702700
2016-10-09 15:00:00,676.02001953125,678.7000122070312,674.0800170898438,674.739990234375,643600
2016-10-10 15:00:00,676.0900268554688,677.2899780273438,669.219970703125,670.6400146484375,644500
2016-10-11 15:00:00,668.0900268554688,672.1199951171875,667.9099731445312,669.9500122070312,594000
2016-10-12 15:00:00,671.6900024414062,671.7999877929688,663.0,663.0900268554688,599600
2016-10-13 15:00:00,664.4299926757812,666.0399780273438,663.510009765625,664.9199829101562,608400
2016-10-16 15:00:00,666.260009765625,666.280029296875,659.1400146484375,659.8300170898438,512000
2016-10-17 15:00:00,660.5800170898438,662.3400268554688,658.5399780273438,660.2899780273438,524400
2016-10-18 15:00:00,662.4600219726562,664.22998046875,660.6300048828125,661.260009765625,527700
2016-10-19 15:00:00,663.0599975585938,663.489990234375,655.02001953125,655.6799926757812,555900
2016-10-20 15:00:00,656.02001953125,656.989990234375,651.3699951171875,651.77001953125,506800
2016-10-23 15:00:00,654.010009765625,654.7999877929688,647.3400268554688,647.8800048828125,561100
2016-10-24 15:00:00,648.4000244140625,649.02001953125,636.4000244140625,640.1699829101562,629400
2016-10-25 15:00:00,638.0700073242188,639.0,626.6599731445312,635.510009765625,729300
2016-10-26 15:00:00,636.469970703125,648.6599731445312,636.469970703125,648.5700073242188,468300
2016-10-27 15:00:00,648.9000244140625,648.9299926757812,640.1599731445312,640.1699829101562,505800
2016-10-30 15:00:00,638.6199951171875,638.6199951171875,623.3699951171875,624.6799926757812,558300
2016-10-31 15:00:00,621.6900024414062,631.2000122070312,621.6900024414062,626.3800048828125,595600
2016-11-01 15:00:00,624.4600219726562,624.5800170898438,606.0399780273438,606.0599975585938,632700
2016-11-02 15:00:00,602.3300170898438,613.5700073242188,602.3099975585938,609.989990234375,494000
2016-11-03 15:00:00,610.0700073242188,611.760009765625,605.780029296875,610.8200073242188,505800
2016-11-06 15:00:00,614.9299926757812,622.1699829101562,614.9299926757812,622.1699829101562,530300
2016-11-07 15:00:00,626.3900146484375,626.5,621.3499755859375,624.1900024414062,534300
2016-11-08 15:00:00,626.530029296875,627.02001953125,581.6400146484375,599.739990234375,1068000
2016-11-09 15:00:00,615.1599731445312,623.22998046875,614.8599853515625,623.22998046875,624300
2016-11-10 15:00:00,622.4500122070312,625.4600219726562,618.3800048828125,621.8900146484375,515300
2016-11-13 15:00:00,622.5999755859375,623.010009765625,620.3800048828125,621.22998046875,478300
2016-11-14 15:00:00,621.8200073242188,623.2000122070312,616.530029296875,617.4299926757812,532500
2016-11-15 15:00:00,620.8099975585938,627.8300170898438,620.8099975585938,627.8300170898438,601600
2016-11-16 15:00:00,629.0499877929688,629.0800170898438,624.52001953125,627.760009765625,666400
2016-11-17 15:00:00,628.719970703125,628.719970703125,619.5800170898438,620.260009765625,619900
2016-11-20 15:00:00,618.6300048828125,618.6300048828125,609.0999755859375,609.3300170898438,628600
2016-11-21 15:00:00,612.4199829101562,614.7899780273438,608.6699829101562,610.739990234375,649000
2016-11-22 15:00:00,612.3599853515625,612.4099731445312,599.8900146484375,600.2899780273438,622200
2016-11-23 15:00:00,600.489990234375,603.1300048828125,590.489990234375,592.6500244140625,603300
2016-11-24 15:00:00,592.5999755859375,597.8699951171875,591.1699829101562,597.8200073242188,535600
2016-11-27 15:00:00,599.4099731445312,600.1300048828125,593.0499877929688,593.0499877929688,551400
2016-11-28 15:00:00,592.5499877929688,597.2899780273438,590.8400268554688,596.0700073242188,802700
2016-11-29 15:00:00,597.3800048828125,597.489990234375,594.1300048828125,596.1099853515625,560800
2016-11-30 15:00:00,596.52001953125,596.8900146484375,591.6400146484375,593.8499755859375,635200
2016-12-01 15:00:00,593.2100219726562,593.4500122070312,586.72998046875,586.72998046875,554200
2016-12-04 15:00:00,584.5599975585938,584.6199951171875,575.1199951171875,575.1199951171875,620800
2016-12-05 15:00:00,578.1799926757812,583.22998046875,578.1799926757812,581.3499755859375,546000
2016-12-06 15:00:00,584.1199951171875,584.8800048828125,573.5399780273438,578.52001953125,601700
2016-12-07 15:00:00,581.8800048828125,586.4600219726562,581.1099853515625,584.6199951171875,672400
2016-12-08 15:00:00,585.7999877929688,594.530029296875,585.239990234375,594.3499755859375,603200
2016-12-11 15:00:00,599.0999755859375,603.1199951171875,598.4000244140625,603.0800170898438,625800
2016-12-12 15:00:00,604.3099975585938,611.1699829101562,601.6900024414062,611.0900268554688,638100
2016-12-13 15:00:00,614.5900268554688,615.7100219726562,611.47998046875,612.469970703125,698100
2016-12-14 15:00:00,610.510009765625,620.6099853515625,610.1199951171875,620.6099853515625,597500
2016-12-15 15:00:00,622.52001953125,623.0399780273438,617.9299926757812,622.0800170898438,771300
2016-12-18 15:00:00,624.22998046875,624.22998046875,620.4199829101562,622.77001953125,649000
2016-12-19 15:00:00,624.2899780273438,624.8099975585938,617.97998046875,617.989990234375,664500
2016-12-20 15:00:00,620.3400268554688,621.0499877929688,616.219970703125,618.6300048828125,841500
2016-12-21 15:00:00,619.6099853515625,620.1599731445312,615.9099731445312,615.9299926757812,873500
2016-12-22 15:00:00,617.1400146484375,620.469970703125,616.2999877929688,619.75,701700
2016-12-25 15:00:00,621.1500244140625,621.1500244140625,615.1599731445312,615.1599731445312,688900
2016-12-26 15:00:00,616.6599731445312,619.4199829101562,616.6599731445312,618.3800048828125,692400
2016-12-27 15:00:00,622.260009765625,627.3300170898438,621.0700073242188,627.27001953125,628300
2016-12-28 15:00:00,626.2100219726562,631.510009765625,624.22998046875,631.4400024414062,582800
2017-01-01 15:00:00,632.8900146484375,633.0,629.5399780273438,632.0399780273438,512200
2017-01-02 15:00:00,633.2999877929688,636.6500244140625,633.0999755859375,636.5700073242188,622500
2017-01-03 15:00:00,638.72998046875,639.9099731445312,636.739990234375,639.7899780273438,617500
2017-01-04 15:00:00,642.010009765625,642.6400146484375,640.8699951171875,642.47998046875,811300
2017-01-05 15:00:00,643.9600219726562,644.1699829101562,641.9600219726562,643.6799926757812,758400
2017-01-08 15:00:00,645.9199829101562,645.9199829101562,642.1500244140625,642.1500244140625,667300
2017-01-09 15:00:00,642.8499755859375,643.25,636.260009765625,636.72998046875,802100
2017-01-10 15:00:00,637.5599975585938,639.2899780273438,637.1900024414062,637.9000244140625,918700
2017-01-11 15:00:00,639.0399780273438,639.1300048828125,632.2100219726562,632.8699951171875,824100
2017-01-12 15:00:00,633.8800048828125,637.469970703125,631.6699829101562,634.6799926757812,754600
2017-01-15 15:00:00,636.77001953125,636.7999877929688,627.280029296875,627.8800048828125,650000
2017-01-16 15:00:00,628.2999877929688,630.1599731445312,623.489990234375,624.0,752500
2017-01-17 15:00:00,624.8699951171875,626.8900146484375,621.7000122070312,626.8900146484375,673200
2017-01-18 15:00:00,629.6300048828125,630.260009765625,626.1900024414062,626.1900024414062,711800
2017-01-19 15:00:00,626.5,626.8599853515625,622.1199951171875,622.1199951171875,721900
2017-01-22 15:00:00,623.280029296875,623.6500244140625,615.989990234375,615.989990234375,698000
2017-01-23 15:00:00,616.3599853515625,616.9500122070312,612.8900146484375,612.9299926757812,682300
2017-01-24 15:00:00,615.3699951171875,616.719970703125,609.25,609.6400146484375,773900
2017-01-25 15:00:00,611.4299926757812,616.8099975585938,610.0499877929688,616.8099975585938,639700
2017-01-30 15:00:00,616.77001953125,618.3200073242188,615.0599975585938,616.1300048828125,727000
2017-01-31 15:00:00,617.2999877929688,623.6799926757812,617.260009765625,623.6799926757812,938200
2017-02-01 15:00:00,623.4600219726562,623.4600219726562,613.02001953125,613.0399780273438,1268200
2017-02-02 15:00:00,614.3699951171875,614.8300170898438,606.719970703125,609.2100219726562,1217700
2017-02-05 15:00:00,610.7899780273438,611.4400024414062,607.77001953125,610.9600219726562,654500
2017-02-06 15:00:00,611.6500244140625,612.6199951171875,606.5900268554688,608.719970703125,683100
2017-02-07 15:00:00,609.719970703125,609.8400268554688,604.75,608.7899780273438,722400
2017-02-08 15:00:00,610.1099853515625,611.219970703125,607.3699951171875,611.0399780273438,1048200
2017-02-09 15:00:00,612.3800048828125,613.530029296875,609.8400268554688,610.5800170898438,1112000
2017-02-12 15:00:00,611.5900268554688,611.9400024414062,609.3599853515625,611.9400024414062,867000
2017-02-13 15:00:00,613.22998046875,613.3499755859375,609.52001953125,611.5399780273438,836300
2017-02-14 15:00:00,612.7000122070312,616.1699829101562,612.1599731445312,615.9500122070312,895600
2017-02-15 15:00:00,617.8599853515625,617.9600219726562,613.9400024414062,616.5800170898438,962600
2017-02-16 15:00:00,615.719970703125,619.4000244140625,615.52001953125,618.7000122070312,1123800
2017-02-19 15:00:00,620.1799926757812,620.4600219726562,618.97998046875,619.969970703125,918000
2017-02-20 15:00:00,621.489990234375,622.8400268554688,620.97998046875,622.469970703125,1171700
2017-02-21 15:00:00,623.8800048828125,624.1300048828125,621.3900146484375,621.3900146484375,964800
2017-02-22 15:00:00,622.4099731445312,622.9600219726562,617.6699829101562,617.6699829101562,811200
2017-02-23 15:00:00,619.3499755859375,620.0399780273438,614.7100219726562,614.75,967400
2017-02-26 15:00:00,615.77001953125,615.8300170898438,612.1199951171875,612.1199951171875,617500
2017-02-27 15:00:00,613.6699829101562,614.3599853515625,611.1300048828125,612.2000122070312,675800
2017-03-01 15:00:00,614.5800170898438,614.5900268554688,608.6099853515625,608.9299926757812,705500
2017-03-02 15:00:00,607.5900268554688,607.5900268554688,597.4299926757812,600.72998046875,902000
2017-03-05 15:00:00,598.97998046875,604.2899780273438,597.6599731445312,604.0499877929688,707700
2017-03-06 15:00:00,603.5700073242188,606.0999755859375,602.9500122070312,606.0499877929688,1018800
2017-03-07 15:00:00,607.1500244140625,607.4199829101562,604.7999877929688,605.75,882900
2017-03-08 15:00:00,607.5800170898438,610.5800170898438,605.2999877929688,606.1300048828125,885200
2017-03-09 15:00:00,607.010009765625,612.260009765625,596.8499755859375,612.260009765625,1244800
2017-03-12 15:00:00,613.7899780273438,615.8699951171875,613.4400024414062,615.5900268554688,805100
2017-03-13 15:00:00,617.0700073242188,617.2100219726562,613.9299926757812,614.1199951171875,1063400
2017-03-14 15:00:00,615.3800048828125,615.5399780273438,608.030029296875,608.6799926757812,1072600
2017-03-15 15:00:00,611.47998046875,613.8800048828125,610.5999755859375,613.8800048828125,904900
2017-03-16 15:00:00,615.0900268554688,615.0900268554688,611.6500244140625,613.260009765625,823300
2017-03-19 15:00:00,613.72998046875,613.72998046875,607.47998046875,609.1099853515625,735100
2017-03-20 15:00:00,610.7000122070312,612.1300048828125,608.6599731445312,609.72998046875,831300
2017-03-21 15:00:00,608.3599853515625,611.489990234375,606.7999877929688,607.5700073242188,718800
2017-03-22 15:00:00,609.3599853515625,609.6799926757812,604.47998046875,605.530029296875,824100
2017-03-23 15:00:00,607.3400268554688,608.280029296875,605.5900268554688,608.1799926757812,746400
2017-03-26 15:00:00,609.6300048828125,611.030029296875,606.9600219726562,607.0700073242188,813800
2017-03-27 15:00:00,608.75,612.280029296875,607.97998046875,612.280029296875,806000
2017-03-28 15:00:00,614.6500244140625,614.6599731445312,612.5499877929688,613.6300048828125,788100
2017-03-29 15:00:00,615.3400268554688,615.4299926757812,613.0900268554688,614.6799926757812,799600
2017-03-30 15:00:00,616.2000122070312,619.47998046875,615.4299926757812,619.280029296875,775600
2017-04-02 15:00:00,621.469970703125,628.52001953125,620.3400268554688,628.52001953125,767700
2017-04-03 15:00:00,629.22998046875,629.780029296875,625.2000122070312,625.489990234375,994500
2017-04-04 15:00:00,627.8900146484375,630.1699829101562,626.9400024414062,630.1699829101562,923700
2017-04-05 15:00:00,630.5900268554688,630.5900268554688,625.2000122070312,630.4600219726562,873400
2017-04-06 15:00:00,632.1599731445312,633.489990234375,629.6099853515625,633.3200073242188,833200
2017-04-09 15:00:00,633.239990234375,633.239990234375,617.1599731445312,619.4099731445312,865600
2017-04-10 15:00:00,620.25,625.1799926757812,614.2100219726562,621.6400146484375,813400
2017-04-11 15:00:00,622.5399780273438,622.72998046875,619.27001953125,621.4500122070312,695600
2017-04-12 15:00:00,622.489990234375,624.1500244140625,622.3800048828125,623.8699951171875,742500
2017-04-13 15:00:00,623.1400146484375,624.72998046875,617.719970703125,618.239990234375,699900
2017-04-16 15:00:00,621.4500122070312,629.469970703125,621.4500122070312,629.469970703125,599200
2017-04-17 15:00:00,632.4000244140625,634.8200073242188,630.27001953125,634.72998046875,914100
2017-04-18 15:00:00,634.9299926757812,636.4199829101562,633.6400146484375,635.989990234375,814000
2017-04-19 15:00:00,636.8699951171875,637.489990234375,635.4400024414062,635.7999877929688,875200
2017-04-20 15:00:00,638.02001953125,638.02001953125,633.7000122070312,634.9600219726562,700900
2017-04-23 15:00:00,635.5800170898438,635.5800170898438,626.6199951171875,626.6199951171875,709200
2017-04-24 15:00:00,629.2100219726562,632.5700073242188,629.2100219726562,632.5700073242188,820900
2017-04-25 15:00:00,635.0499877929688,635.3800048828125,634.2999877929688,635.1099853515625,753700
2017-04-26 15:00:00,636.239990234375,636.2899780273438,630.9199829101562,631.1099853515625,682500
2017-04-27 15:00:00,632.8300170898438,632.8300170898438,627.280029296875,628.239990234375,755500
2017-05-01 15:00:00,629.2100219726562,629.530029296875,626.4000244140625,626.4299926757812,596100
2017-05-03 15:00:00,628.0999755859375,635.1099853515625,628.0999755859375,635.1099853515625,509200
2017-05-07 15:00:00,638.3599853515625,643.3900146484375,638.0900268554688,643.3900146484375,550900
2017-05-09 15:00:00,645.7000122070312,645.7000122070312,641.5399780273438,642.6799926757812,768700
2017-05-10 15:00:00,644.4400024414062,647.5800170898438,643.3499755859375,647.5800170898438,731400
2017-05-11 15:00:00,648.5599975585938,648.5599975585938,642.9600219726562,643.72998046875,762400
2017-05-14 15:00:00,644.5900268554688,646.3099975585938,642.7899780273438,645.3800048828125,699800
2017-05-15 15:00:00,646.5,646.5,638.4299926757812,639.1099853515625,723800
2017-05-16 15:00:00,640.8699951171875,641.47998046875,638.9299926757812,640.010009765625,624400
2017-05-17 15:00:00,633.4000244140625,638.1599731445312,633.1400146484375,638.1199951171875,785400
2017-05-18 15:00:00,640.3300170898438,643.0599975585938,639.1699829101562,642.4500122070312,726600
2017-05-21 15:00:00,645.0399780273438,645.1599731445312,641.5999755859375,642.6199951171875,753200
2017-05-22 15:00:00,644.5900268554688,645.4400024414062,644.0,644.72998046875,800700
2017-05-23 15:00:00,646.4400024414062,648.0499877929688,645.030029296875,646.0399780273438,844300
2017-05-24 15:00:00,648.25,648.2899780273438,642.8699951171875,643.02001953125,766900
2017-05-25 15:00:00,644.969970703125,646.4500122070312,644.2999877929688,646.010009765625,656900
2017-05-28 15:00:00,648.1500244140625,648.219970703125,642.75,642.97998046875,626600
2017-05-29 15:00:00,645.0900268554688,649.0900268554688,644.3400268554688,649.0599975585938,599200
2017-05-30 15:00:00,650.510009765625,652.52001953125,649.510009765625,652.0399780273438,664000
2017-05-31 15:00:00,653.5700073242188,654.22998046875,651.0999755859375,653.8300170898438,670500
2017-06-01 15:00:00,656.4299926757812,658.8200073242188,655.8200073242188,658.780029296875,638000
2017-06-04 15:00:00,660.77001953125,662.3699951171875,659.760009765625,662.3200073242188,583300
2017-06-06 15:00:00,664.0700073242188,666.5800170898438,661.0999755859375,666.4600219726562,790900
2017-06-07 15:00:00,668.25,670.0499877929688,667.0,669.969970703125,672800
2017-06-08 15:00:00,672.1400146484375,674.1500244140625,671.2000122070312,674.1500244140625,623300
2017-06-11 15:00:00,672.0900268554688,672.1199951171875,664.1199951171875,664.8599853515625,579500
2017-06-12 15:00:00,666.0700073242188,669.260009765625,666.0700073242188,669.22998046875,626900
2017-06-13 15:00:00,673.02001953125,674.3599853515625,670.260009765625,671.5900268554688,645500
2017-06-14 15:00:00,672.969970703125,673.0999755859375,664.989990234375,669.8200073242188,672700
2017-06-15 15:00:00,670.77001953125,670.8200073242188,667.72998046875,670.7000122070312,608300
2017-06-18 15:00:00,672.719970703125,675.7100219726562,672.25,675.4400024414062,580100
2017-06-19 15:00:00,678.719970703125,678.8200073242188,669.4099731445312,669.4099731445312,734000
2017-06-20 15:00:00,668.4099731445312,668.4400024414062,662.6799926757812,665.77001953125,616000
2017-06-21 15:00:00,667.989990234375,668.3599853515625,663.260009765625,663.280029296875,700700
2017-06-22 15:00:00,665.1900024414062,669.0499877929688,665.02001953125,668.9299926757812,560300
2017-06-25 15:00:00,670.5900268554688,670.780029296875,667.7100219726562,668.3599853515625,586200
2017-06-26 15:00:00,671.7000122070312,673.1300048828125,670.8699951171875,672.6300048828125,639700
2017-06-27 15:00:00,671.260009765625,672.3599853515625,665.8900146484375,665.8900146484375,601800
2017-06-28 15:00:00,670.0999755859375,670.5599975585938,666.0,668.0,515400
2017-06-29 15:00:00,665.6699829101562,669.1199951171875,665.5700073242188,669.0399780273438,511600
2017-07-02 15:00:00,671.1699829101562,671.1699829101562,660.0399780273438,660.969970703125,560800
2017-07-03 15:00:00,662.1699829101562,663.8499755859375,654.0599975585938,656.1900024414062,735100
2017-07-04 15:00:00,657.7000122070312,661.5800170898438,657.6900024414062,661.5399780273438,565100
2017-07-05 15:00:00,663.7899780273438,665.0499877929688,662.6699829101562,663.7899780273438,555500
2017-07-06 15:00:00,662.6599731445312,664.2899780273438,660.989990234375,663.77001953125,551500
2017-07-09 15:00:00,666.1900024414062,666.1900024414062,657.6699829101562,657.8599853515625,512900
2017-07-10 15:00:00,659.27001953125,659.9099731445312,654.5,656.010009765625,542000
2017-07-11 15:00:00,657.0599975585938,657.9000244140625,651.0900268554688,651.0999755859375,586100
2017-07-12 15:00:00,654.010009765625,655.1599731445312,651.5999755859375,652.6900024414062,490900
2017-07-13 15:00:00,654.239990234375,655.4500122070312,651.27001953125,654.1099853515625,533500
2017-07-16 15:00:00,656.969970703125,659.8900146484375,656.969970703125,659.8900146484375,415400
2017-07-17 15:00:00,661.1599731445312,664.0399780273438,661.1599731445312,664.02001953125,570300
2017-07-18 15:00:00,666.2999877929688,671.530029296875,666.2999877929688,671.530029296875,500900
2017-07-19 15:00:00,674.0599975585938,677.5900268554688,672.3699951171875,676.510009765625,569900
2017-07-20 15:00:00,677.8400268554688,678.1500244140625,674.5999755859375,676.5999755859375,523700
2017-07-23 15:00:00,678.5900268554688,679.4600219726562,676.6300048828125,677.3200073242188,529200
2017-07-24 15:00:00,678.7000122070312,679.47998046875,670.0999755859375,670.469970703125,677800
2017-07-25 15:00:00,672.4299926757812,672.6300048828125,664.1300048828125,667.219970703125,593900
2017-07-26 15:00:00,669.219970703125,670.5999755859375,664.530029296875,666.47998046875,527900
2017-07-27 15:00:00,665.0800170898438,665.0800170898438,651.8400268554688,652.9500122070312,559700
2017-07-30 15:00:00,648.8400268554688,651.8300170898438,643.77001953125,650.469970703125,504700
2017-07-31 15:00:00,650.8900146484375,655.0700073242188,649.7000122070312,653.1199951171875,487800
2017-08-01 15:00:00,654.8499755859375,658.280029296875,654.8300170898438,657.52001953125,494700
2017-08-02 15:00:00,658.7000122070312,658.9400024414062,641.6300048828125,643.0900268554688,528200
2017-08-03 15:00:00,644.7999877929688,648.3400268554688,638.8699951171875,641.5800170898438,459100
2017-08-06 15:00:00,643.3599853515625,650.010009765625,642.8200073242188,648.3900146484375,455700
2017-08-07 15:00:00,650.780029296875,651.9099731445312,645.72998046875,651.6699829101562,607600
2017-08-08 15:00:00,649.3900146484375,650.0900268554688,642.8699951171875,642.8699951171875,849000
2017-08-09 15:00:00,642.7999877929688,646.5599975585938,635.0599975585938,640.0399780273438,770400
2017-08-10 15:00:00,629.8099975585938,635.2899780273438,626.0800170898438,628.3400268554688,606400
2017-08-13 15:00:00,632.52001953125,633.989990234375,629.260009765625,629.3699951171875,548300
2017-08-15 15:00:00,634.4400024414062,635.969970703125,634.0999755859375,634.9099731445312,607400
2017-08-16 15:00:00,638.1199951171875,642.280029296875,635.739990234375,642.1099853515625,531900
2017-08-17 15:00:00,636.9400024414062,643.8599853515625,636.4400024414062,643.5800170898438,528500
2017-08-20 15:00:00,645.3499755859375,645.3499755859375,640.8400268554688,640.8499755859375,585900
2017-08-21 15:00:00,643.260009765625,644.3800048828125,642.6400146484375,644.260009765625,649800
2017-08-22 15:00:00,647.7899780273438,647.7899780273438,643.6500244140625,643.7100219726562,559500
2017-08-23 15:00:00,645.0999755859375,647.989990234375,644.97998046875,647.7100219726562,500100
2017-08-24 15:00:00,649.219970703125,650.760009765625,648.4400024414062,650.27001953125,585000
2017-08-27 15:00:00,652.3699951171875,652.9400024414062,649.5399780273438,652.9199829101562,513800
2017-08-28 15:00:00,650.280029296875,654.02001953125,647.1300048828125,653.9600219726562,572900
2017-08-29 15:00:00,656.9000244140625,657.4299926757812,654.489990234375,655.0,639500
2017-08-30 15:00:00,657.1300048828125,658.030029296875,655.6400146484375,657.8300170898438,616000
2017-08-31 15:00:00,660.7100219726562,662.3900146484375,658.6500244140625,661.989990234375,566100
2017-09-03 15:00:00,643.989990234375,655.3900146484375,643.97998046875,650.8900146484375,590500
2017-09-04 15:00:00,655.4000244140625,656.219970703125,645.969970703125,648.75,621100
2017-09-05 15:00:00,649.22998046875,653.4400024414062,649.22998046875,652.5900268554688,568500
2017-09-06 15:00:00,655.4400024414062,659.1199951171875,655.3599853515625,658.47998046875,499900
2017-09-07 15:00:00,659.8300170898438,660.6300048828125,653.3400268554688,654.2899780273438,646300
2017-09-10 15:00:00,657.6799926757812,659.469970703125,654.9199829101562,656.530029296875,578300
2017-09-11 15:00:00,660.030029296875,660.5599975585938,658.0499877929688,660.0499877929688,652300
2017-09-12 15:00:00,662.9400024414062,662.9400024414062,658.5399780273438,659.0900268554688,672500
2017-09-13 15:00:00,660.1500244140625,665.469970703125,659.25,665.4099731445312,627100
2017-09-14 15:00:00,662.9000244140625,671.3099975585938,662.9000244140625,671.2999877929688,645600
2017-09-17 15:00:00,674.6599731445312,677.1400146484375,672.5800170898438,675.8699951171875,585800
2017-09-18 15:00:00,677.5700073242188,677.969970703125,670.0700073242188,674.47998046875,659300
2017-09-19 15:00:00,676.5999755859375,677.2899780273438,668.0499877929688,668.0499877929688,688100
2017-09-20 15:00:00,671.3200073242188,672.5999755859375,658.6400146484375,661.1099853515625,699800
2017-09-24 15:00:00,649.1099853515625,653.0499877929688,638.9199829101562,642.0399780273438,900600
2017-09-25 15:00:00,638.5800170898438,645.72998046875,637.3599853515625,642.4000244140625,820400
2017-09-26 15:00:00,645.02001953125,650.7100219726562,644.5599975585938,649.239990234375,646000
2017-09-27 15:00:00,651.9199829101562,653.3800048828125,648.0900268554688,648.0900268554688,583400
2017-09-28 15:00:00,650.3200073242188,653.5800170898438,648.6799926757812,652.8200073242188,692300
2017-10-09 15:00:00,658.760009765625,659.510009765625,653.9099731445312,654.5900268554688,554200
2017-10-10 15:00:00,656.8499755859375,662.3099975585938,656.760009765625,662.3099975585938,558400
2017-10-11 15:00:00,665.1199951171875,666.739990234375,663.3699951171875,666.5399780273438,561100
2017-10-12 15:00:00,669.0,672.780029296875,659.0999755859375,663.0800170898438,616600
2017-10-15 15:00:00,667.260009765625,668.5,652.1699829101562,659.4099731445312,554300
2017-10-16 15:00:00,660.6099853515625,671.9500122070312,660.3300170898438,670.510009765625,700000
2017-10-17 15:00:00,677.4199829101562,679.5,667.3099975585938,668.4199829101562,713700
2017-10-18 15:00:00,671.219970703125,671.3900146484375,664.1900024414062,667.0999755859375,710600
2017-10-19 15:00:00,669.0599975585938,672.9500122070312,667.1699829101562,672.9500122070312,659100
2017-10-22 15:00:00,674.97998046875,677.6900024414062,674.6400146484375,675.8599853515625,500000
2017-10-23 15:00:00,678.5499877929688,687.4500122070312,678.3400268554688,687.2100219726562,583200
2017-10-24 15:00:00,688.8300170898438,690.2999877929688,684.8400268554688,689.1400146484375,622300
2017-10-25 15:00:00,689.9400024414062,690.530029296875,680.6099853515625,680.6099853515625,600300
2017-10-26 15:00:00,685.2000122070312,689.969970703125,682.9000244140625,689.969970703125,537100
2017-10-29 15:00:00,692.760009765625,693.1199951171875,688.4099731445312,689.6799926757812,470700
2017-10-30 15:00:00,691.0700073242188,694.22998046875,689.2899780273438,694.2000122070312,627100
2017-10-31 15:00:00,696.6500244140625,696.9299926757812,694.27001953125,695.77001953125,630600
2017-11-01 15:00:00,698.1400146484375,698.9099731445312,691.52001953125,694.9600219726562,608900
2017-11-02 15:00:00,697.4299926757812,701.1300048828125,695.8800048828125,701.1300048828125,661000
2017-11-05 15:00:00,703.2000122070312,704.1599731445312,699.75,703.7899780273438,595300
2017-11-06 15:00:00,704.8300170898438,704.8300170898438,697.4400024414062,701.1400146484375,649900
2017-11-07 15:00:00,702.6900024414062,709.1099853515625,701.52001953125,709.1099853515625,812400
2017-11-08 15:00:00,710.7100219726562,711.780029296875,705.280029296875,709.9400024414062,614800
2017-11-09 15:00:00,709.8499755859375,720.7899780273438,709.5499877929688,720.7899780273438,599900
2017-11-12 15:00:00,724.760009765625,741.3800048828125,724.760009765625,741.3800048828125,687100
2017-11-13 15:00:00,746.8800048828125,756.4600219726562,742.7899780273438,756.4600219726562,837100
2017-11-14 15:00:00,759.5499877929688,773.0499877929688,755.0599975585938,768.030029296875,944900
2017-11-15 15:00:00,775.4600219726562,780.219970703125,759.7000122070312,780.219970703125,897400
2017-11-16 15:00:00,776.3200073242188,779.5700073242188,770.5499877929688,775.8499755859375,767800
2017-11-19 15:00:00,776.739990234375,785.3200073242188,776.3099975585938,785.3200073242188,834800
2017-11-20 15:00:00,790.3499755859375,793.5999755859375,782.9500122070312,789.3800048828125,809300
2017-11-21 15:00:00,793.7899780273438,796.280029296875,779.2000122070312,780.9000244140625,894400
2017-11-22 15:00:00,778.8400268554688,796.8099975585938,773.3200073242188,796.7999877929688,756200
2017-11-23 15:00:00,797.969970703125,803.739990234375,792.739990234375,792.739990234375,751800
2017-11-26 15:00:00,793.8099975585938,800.0399780273438,783.8499755859375,792.7999877929688,735800
2017-11-27 15:00:00,797.2899780273438,797.530029296875,773.0999755859375,773.1199951171875,891400
2017-11-28 15:00:00,776.75,783.1900024414062,770.969970703125,781.719970703125,754800
2017-11-29 15:00:00,779.8400268554688,782.4199829101562,769.7899780273438,771.4199829101562,1053600
2017-11-30 15:00:00,779.5399780273438,788.1500244140625,776.7100219726562,787.7000122070312,883800
2017-12-03 15:00:00,788.02001953125,788.4600219726562,778.2000122070312,782.4500122070312,821400
2017-12-04 15:00:00,782.1400146484375,783.6099853515625,773.7999877929688,774.1199951171875,860300
2017-12-05 15:00:00,778.280029296875,783.5399780273438,765.25,768.3900146484375,970300
2017-12-06 15:00:00,771.469970703125,773.280029296875,744.3400268554688,753.4600219726562,1470900
2017-12-07 15:00:00,757.2100219726562,760.72998046875,743.9000244140625,744.0599975585938,1159200
2017-12-10 15:00:00,747.989990234375,764.0900268554688,745.8800048828125,764.0900268554688,790700
2017-12-11 15:00:00,768.2999877929688,769.1400146484375,755.030029296875,760.4000244140625,1018800
2017-12-12 15:00:00,764.3300170898438,773.02001953125,763.1699829101562,772.219970703125,1143800
2017-12-13 15:00:00,777.25,777.4400024414062,764.739990234375,770.3499755859375,985000
2017-12-14 15:00:00,770.27001953125,775.0399780273438,766.4500122070312,771.8200073242188,1047400
2017-12-17 15:00:00,776.0900268554688,777.4000244140625,770.5,770.5,1131000
2017-12-18 15:00:00,769.8699951171875,771.010009765625,754.27001953125,766.1799926757812,1692200
2017-12-20 15:00:00,754.5399780273438,759.1300048828125,740.3099975585938,740.3200073242188,1208900
2017-12-21 15:00:00,742.1500244140625,761.2000122070312,740.0499877929688,761.2000122070312,1083300
2017-12-25 15:00:00,763.9600219726562,775.5399780273438,762.2100219726562,762.2100219726562,808300
2017-12-26 15:00:00,771.3300170898438,791.9500122070312,770.9500122070312,791.9500122070312,829600
2017-12-27 15:00:00,791.760009765625,798.6799926757812,790.3400268554688,798.4199829101562,1066200
2018-01-01 15:00:00,803.6300048828125,813.4000244140625,800.5399780273438,812.4500122070312,989200
2018-01-02 15:00:00,816.2999877929688,824.1799926757812,812.219970703125,822.3099975585938,1203100
2018-01-03 15:00:00,825.1099853515625,825.5700073242188,802.8300170898438,808.010009765625,1346500
2018-01-04 15:00:00,812.0499877929688,828.0399780273438,812.0499877929688,828.030029296875,1229200
2018-01-07 15:00:00,836.0700073242188,840.0599975585938,829.280029296875,839.510009765625,1229000
2018-01-08 15:00:00,841.3900146484375,843.5599975585938,827.2899780273438,829.989990234375,1196000
2018-01-09 15:00:00,837.6300048828125,841.25,820.8900146484375,834.9099731445312,1104100
2018-01-10 15:00:00,835.22998046875,852.510009765625,830.3699951171875,852.510009765625,1288800
2018-01-11 15:00:00,863.0700073242188,886.6500244140625,857.3300170898438,873.0499877929688,1180700
2018-01-14 15:00:00,879.5599975585938,892.2899780273438,865.6799926757812,891.6099853515625,1025700
2018-01-15 15:00:00,889.22998046875,901.22998046875,884.760009765625,901.22998046875,1009400
2018-01-16 15:00:00,902.3699951171876,905.9500122070312,884.9099731445312,886.5800170898438,1212000
2018-01-17 15:00:00,892.5,899.8499755859375,887.6699829101562,898.1900024414062,1260200
2018-01-18 15:00:00,902.8499755859376,902.969970703125,875.4299926757812,879.989990234375,1164700
2018-01-21 15:00:00,875.9500122070312,880.8499755859375,864.3800048828125,873.0900268554688,1126600
2018-01-22 15:00:00,881.6799926757812,894.4299926757812,877.6799926757812,894.4299926757812,1047300
2018-01-23 15:00:00,901.6199951171876,903.1699829101562,891.030029296875,894.77001953125,1011700
2018-01-24 15:00:00,894.2100219726562,898.5999755859375,887.969970703125,898.5999755859375,1025000
2018-01-25 15:00:00,898.530029296875,913.1199951171876,895.3200073242188,913.1199951171876,1080200
2018-01-28 15:00:00,914.260009765625,929.3499755859376,914.219970703125,927.0499877929688,1279600
2018-01-29 15:00:00,928.719970703125,932.010009765625,918.7899780273438,920.9600219726562,1243800
2018-01-30 15:00:00,910.8900146484376,917.780029296875,903.52001953125,913.5700073242188,1195300
2018-01-31 15:00:00,916.780029296875,919.9000244140624,901.3499755859376,908.2000122070312,1407700
2018-02-01 15:00:00,911.4600219726562,911.77001953125,887.969970703125,899.469970703125,1373000
2018-02-04 15:00:00,876.6300048828125,883.2999877929688,858.219970703125,858.219970703125,1043100
2018-02-05 15:00:00,821.239990234375,858.739990234375,814.4600219726562,858.1699829101562,1062700
2018-02-06 15:00:00,874.75,875.030029296875,829.9600219726562,829.9600219726562,1033300
2018-02-07 15:00:00,834.8900146484375,867.0399780273438,824.6400146484375,861.9400024414062,796300
2018-02-08 15:00:00,832.1300048828125,850.7000122070312,832.1300048828125,842.5999755859375,764400
2018-02-11 15:00:00,854.0900268554688,854.9400024414062,843.239990234375,843.239990234375,692300
2018-02-12 15:00:00,852.9400024414062,854.0800170898438,829.3900146484375,829.3900146484375,832900
2018-02-13 15:00:00,835.5999755859375,848.030029296875,830.780029296875,848.030029296875,722700
2018-02-18 15:00:00,855.780029296875,875.8099975585938,855.5800170898438,875.8099975585938,684400
2018-02-19 15:00:00,873.989990234375,877.9000244140625,861.5,864.4099731445312,797200
2018-02-20 15:00:00,867.9199829101562,877.6900024414062,864.2100219726562,875.5800170898438,814600
2018-02-21 15:00:00,871.719970703125,873.47998046875,863.8900146484375,870.219970703125,857900
2018-02-22 15:00:00,873.52001953125,875.72998046875,871.4099731445312,874.780029296875,770200
2018-02-25 15:00:00,881.3599853515625,884.260009765625,869.6599731445312,874.4299926757812,802100
2018-02-26 15:00:00,880.8800048828125,882.0399780273438,874.0,874.010009765625,794500
2018-02-27 15:00:00,866.5,868.530029296875,853.9000244140625,857.0599975585938,820900
2018-03-01 15:00:00,846.4000244140625,861.0800170898438,845.719970703125,860.22998046875,768900
2018-03-04 15:00:00,862.4099731445312,863.010009765625,845.0,845.0,747500
2018-03-05 15:00:00,854.9099731445312,859.2100219726562,850.4199829101562,859.2100219726562,828900
2018-03-06 15:00:00,856.4299926757812,861.4099731445312,841.030029296875,841.030029296875,947300
2018-03-07 15:00:00,847.3099975585938,855.7999877929688,846.3400268554688,853.9400024414062,891000
2018-03-08 15:00:00,857.7999877929688,868.510009765625,857.469970703125,865.7999877929688,884800
2018-03-11 15:00:00,874.1500244140625,884.27001953125,873.260009765625,884.27001953125,802300
2018-03-12 15:00:00,884.5399780273438,886.25,879.8499755859375,886.25,1086500
2018-03-13 15:00:00,882.3900146484375,887.0399780273438,880.9199829101562,886.9199829101562,954400
2018-03-14 15:00:00,886.97998046875,893.5599975585938,883.7000122070312,890.4299926757812,951000
2018-03-15 15:00:00,893.239990234375,894.4500122070312,889.4000244140625,894.4299926757812,808500
2018-03-18 15:00:00,894.4000244140625,894.4000244140625,880.969970703125,880.969970703125,759600
2018-03-19 15:00:00,876.6099853515625,890.4000244140625,875.3900146484375,890.4000244140625,752100
2018-03-20 15:00:00,892.02001953125,895.719970703125,885.530029296875,885.5499877929688,865100
2018-03-21 15:00:00,889.2100219726562,891.2999877929688,869.0,871.6199951171875,1011500
2018-03-22 15:00:00,851.7000122070312,859.9299926757812,829.6699829101562,829.6799926757812,898200
2018-03-25 15:00:00,833.1099853515625,853.6900024414062,822.9600219726562,853.6900024414062,740200
2018-03-26 15:00:00,862.4000244140625,863.0499877929688,856.5599975585938,858.8400268554688,732200
2018-03-27 15:00:00,850.0499877929688,856.3599853515625,843.5999755859375,850.969970703125,889800
2018-03-28 15:00:00,855.8200073242188,865.989990234375,854.6099853515625,865.989990234375,813000
2018-03-29 15:00:00,869.8599853515625,873.0399780273438,867.1099853515625,871.0900268554688,764000
2018-04-01 15:00:00,876.8499755859375,876.8499755859375,865.8300170898438,867.7999877929688,844100
2018-04-02 15:00:00,857.8300170898438,872.3200073242188,857.4000244140625,872.3200073242188,722800
2018-04-03 15:00:00,877.1500244140625,877.1500244140625,858.2899780273438,862.510009765625,821300
2018-04-04 15:00:00,871.0900268554688,873.6400146484375,865.9199829101562,868.9299926757812,846400
2018-04-05 15:00:00,867.4299926757812,869.8099975585938,863.9199829101562,867.9600219726562,861800
2018-04-08 15:00:00,866.75,874.4400024414062,865.5,874.4400024414062,857700
2018-04-09 15:00:00,876.219970703125,877.2999877929688,866.739990234375,877.2999877929688,1012200
2018-04-10 15:00:00,882.5800170898438,886.1400146484375,880.8699951171875,885.3800048828125,886300
2018-04-11 15:00:00,888.2000122070312,889.02001953125,879.1699829101562,881.4500122070312,998000
2018-04-12 15:00:00,884.1199951171875,892.75,877.739990234375,891.8699951171875,1011500
2018-04-15 15:00:00,895.3200073242188,899.2000122070312,894.0900268554688,896.8900146484375,1017000
2018-04-16 15:00:00,900.5,901.219970703125,896.8300170898438,901.219970703125,1309000
2018-04-17 15:00:00,905.6199951171876,906.0599975585938,890.72998046875,893.3200073242188,1538000
2018-04-18 15:00:00,892.2000122070312,892.2000122070312,878.1900024414062,882.72998046875,1681300
2018-04-19 15:00:00,885.5900268554688,892.010009765625,880.6799926757812,889.1699829101562,1406700
2018-04-22 15:00:00,888.3900146484375,890.3200073242188,877.3599853515625,879.02001953125,1408100
2018-04-23 15:00:00,881.5800170898438,883.780029296875,873.219970703125,873.6099853515625,1201400
2018-04-24 15:00:00,869.3099975585938,879.0,862.0499877929688,869.9299926757812,1177700
2018-04-25 15:00:00,876.27001953125,879.8699951171875,874.2100219726562,879.3900146484375,957400
2018-04-26 15:00:00,886.3699951171875,886.6199951171875,880.030029296875,886.489990234375,1114100
2018-04-29 15:00:00,886.2899780273438,886.5999755859375,870.5399780273438,875.9500122070312,1351100
2018-05-01 15:00:00,869.52001953125,877.5399780273438,863.5900268554688,871.030029296875,1357600
2018-05-02 15:00:00,873.3400268554688,876.0800170898438,866.0499877929688,866.0700073242188,1354500
2018-05-03 15:00:00,868.3499755859375,870.0999755859375,856.3400268554688,856.3400268554688,1132000
2018-05-07 15:00:00,860.5599975585938,863.5599975585938,827.2000122070312,827.219970703125,948400
2018-05-08 15:00:00,833.47998046875,851.280029296875,815.27001953125,850.8499755859375,905900
2018-05-09 15:00:00,852.280029296875,855.8200073242188,846.1400146484375,854.9299926757812,857400
2018-05-10 15:00:00,855.25,866.8599853515625,855.25,865.9299926757812,941500
2018-05-13 15:00:00,869.4400024414062,869.9199829101562,855.5399780273438,858.7000122070312,922200
2018-05-14 15:00:00,865.530029296875,867.1300048828125,858.5499877929688,862.9400024414062,1007600
2018-05-15 15:00:00,857.239990234375,857.239990234375,846.9000244140625,850.2899780273438,1210600
2018-05-16 15:00:00,854.4600219726562,857.5599975585938,852.9099731445312,855.6199951171875,1037400
2018-05-17 15:00:00,858.0800170898438,869.7999877929688,857.6599731445312,869.4500122070312,1064500
2018-05-20 15:00:00,871.489990234375,876.1199951171875,870.52001953125,872.9600219726562,998500
2018-05-22 15:00:00,875.1199951171875,875.3599853515625,867.280029296875,869.1599731445312,874600
2018-05-23 15:00:00,871.6799926757812,875.3099975585938,866.469970703125,873.3200073242188,1113200
2018-05-24 15:00:00,866.2000122070312,870.7100219726562,859.0900268554688,868.3499755859375,1115000
2018-05-27 15:00:00,865.5800170898438,879.7999877929688,865.5700073242188,879.6900024414062,1270100
2018-05-28 15:00:00,881.530029296875,884.6400146484375,868.8099975585938,870.0800170898438,1147700
2018-05-29 15:00:00,876.4199829101562,876.7100219726562,861.8400268554688,874.219970703125,1117600
2018-05-30 15:00:00,880.969970703125,880.969970703125,873.1599731445312,879.6599731445312,1083000
2018-05-31 15:00:00,879.6099853515625,883.77001953125,878.1500244140625,883.219970703125,1026200
2018-06-03 15:00:00,887.5900268554688,887.760009765625,876.5,877.4400024414062,898300
2018-06-04 15:00:00,881.7100219726562,881.97998046875,874.1599731445312,877.1599731445312,1026000
2018-06-06 15:00:00,881.469970703125,887.9500122070312,880.010009765625,887.9099731445312,903300
2018-06-07 15:00:00,887.3699951171875,887.52001953125,877.9099731445312,878.47998046875,850300
2018-06-10 15:00:00,879.0599975585938,881.1199951171875,874.8400268554688,876.5499877929688,776400
2018-06-11 15:00:00,879.1799926757812,882.9199829101562,870.1099853515625,875.0399780273438,1081600
2018-06-13 15:00:00,873.02001953125,873.02001953125,861.1400146484375,864.5599975585938,1023500
2018-06-14 15:00:00,866.77001953125,869.77001953125,863.4199829101562,866.219970703125,796600
2018-06-17 15:00:00,866.4400024414062,866.8599853515625,833.219970703125,840.22998046875,783100
2018-06-18 15:00:00,841.0900268554688,846.6199951171875,815.3699951171875,815.3900146484375,793400
2018-06-19 15:00:00,819.8699951171875,840.1699829101562,817.6400146484375,840.1699829101562,759500
2018-06-20 15:00:00,841.4400024414062,841.9099731445312,826.219970703125,826.219970703125,758200
2018-06-21 15:00:00,826.010009765625,830.6799926757812,815.4299926757812,830.27001953125,832000
2018-06-24 15:00:00,831.47998046875,836.989990234375,826.6599731445312,836.0,668300
2018-06-25 15:00:00,825.0499877929688,832.3200073242188,817.1599731445312,831.4000244140625,657300
2018-06-26 15:00:00,832.719970703125,839.6099853515625,826.6900024414062,826.6900024414062,695700
2018-06-27 15:00:00,823.1599731445312,827.010009765625,810.1799926757812,810.2000122070312,826300
2018-06-28 15:00:00,817.2000122070312,819.0499877929688,802.0,818.219970703125,643000
2018-07-01 15:00:00,818.75,819.9400024414062,789.7999877929688,789.8200073242188,676900
2018-07-02 15:00:00,797.6300048828125,801.9099731445312,779.4099731445312,795.7100219726562,718900
2018-07-03 15:00:00,795.0599975585938,802.9199829101562,792.4400024414062,799.0999755859375,704500
2018-07-04 15:00:00,799.77001953125,800.9299926757812,782.22998046875,794.0499877929688,651500
2018-07-05 15:00:00,795.22998046875,809.9600219726562,785.219970703125,808.8900146484375,710900
2018-07-08 15:00:00,806.8499755859375,813.0999755859375,803.25,808.280029296875,521800
2018-07-09 15:00:00,814.5599975585938,815.9000244140625,811.4600219726562,813.1900024414062,533700
2018-07-10 15:00:00,810.1799926757812,811.5599975585938,803.8800048828125,804.780029296875,532700
2018-07-11 15:00:00,809.8599853515625,819.97998046875,806.1599731445312,819.2899780273438,526500
2018-07-12 15:00:00,820.5900268554688,827.8900146484375,820.4299926757812,827.8900146484375,580500
2018-07-15 15:00:00,830.9099731445312,831.4099731445312,822.9099731445312,825.7100219726562,587300
2018-07-16 15:00:00,826.6699829101562,827.3099975585938,818.5499877929688,819.719970703125,666500
2018-07-17 15:00:00,823.7999877929688,826.3599853515625,804.469970703125,810.4400024414062,819800
2018-07-18 15:00:00,811.4199829101562,811.969970703125,794.1400146484375,796.489990234375,769200
2018-07-19 15:00:00,796.27001953125,801.02001953125,785.3900146484375,791.6099853515625,674700
2018-07-22 15:00:00,792.9000244140625,792.989990234375,756.9500122070312,756.9600219726562,595300
2018-07-23 15:00:00,760.5700073242188,767.7100219726562,756.6300048828125,761.5700073242188,544400
2018-07-24 15:00:00,764.6599731445312,766.0,744.1099853515625,748.8900146484375,684200
2018-07-25 15:00:00,755.0700073242188,765.1599731445312,750.8599853515625,765.1500244140625,536400
2018-07-26 15:00:00,766.030029296875,773.97998046875,763.4400024414062,773.97998046875,544500
2018-07-29 15:00:00,773.0,774.8200073242188,763.5999755859375,769.7999877929688,539700
2018-07-30 15:00:00,768.75,775.52001953125,766.52001953125,775.52001953125,615000
2018-07-31 15:00:00,779.0,790.3800048828125,778.5499877929688,790.25,574500
2018-08-01 15:00:00,788.77001953125,788.8800048828125,776.3800048828125,781.3800048828125,546900
2018-08-02 15:00:00,786.0999755859375,788.8200073242188,784.3300170898438,788.8099975585938,539000
2018-08-05 15:00:00,789.260009765625,790.8200073242188,780.969970703125,781.4099731445312,514900
2018-08-06 15:00:00,783.4500122070312,784.8800048828125,775.5,784.7000122070312,526400
2018-08-07 15:00:00,787.2100219726562,789.760009765625,781.27001953125,783.8099975585938,660100
2018-08-08 15:00:00,783.4299926757812,789.6799926757812,780.9500122070312,789.47998046875,602000
2018-08-09 15:00:00,789.7100219726562,792.4400024414062,781.3400268554688,784.8099975585938,620200
2018-08-12 15:00:00,780.6900024414062,780.6900024414062,755.5800170898438,755.6500244140625,619300
2018-08-13 15:00:00,758.3300170898438,766.260009765625,756.010009765625,761.9400024414062,538300
2018-08-15 15:00:00,752.0399780273438,761.5700073242188,743.6799926757812,761.1799926757812,572800
2018-08-16 15:00:00,766.2899780273438,773.3699951171875,765.030029296875,772.2999877929688,587500
2018-08-19 15:00:00,775.8099975585938,778.260009765625,769.2100219726562,769.780029296875,484000
2018-08-20 15:00:00,773.1199951171875,788.9199829101562,772.5900268554688,787.1500244140625,516600
2018-08-21 15:00:00,790.8800048828125,792.7000122070312,785.8300170898438,785.9500122070312,595000
2018-08-22 15:00:00,788.9000244140625,792.030029296875,782.9400024414062,791.280029296875,595200
2018-08-23 15:00:00,790.760009765625,799.3300170898438,787.1300048828125,798.22998046875,567900
2018-08-26 15:00:00,799.2899780273438,801.5800170898438,796.1099853515625,801.0399780273438,633900
2018-08-27 15:00:00,806.5900268554688,806.8900146484375,797.8400268554688,798.1699829101562,673700
2018-08-28 15:00:00,800.510009765625,803.3400268554688,798.4299926757812,803.1799926757812,654400
2018-08-29 15:00:00,805.219970703125,807.9099731445312,801.1900024414062,804.469970703125,752100
2018-08-30 15:00:00,803.1799926757812,817.8300170898438,801.6900024414062,816.969970703125,727400
2018-09-02 15:00:00,817.9299926757812,820.3499755859375,812.8499755859375,816.8400268554688,583700
2018-09-03 15:00:00,819.3400268554688,828.010009765625,818.260009765625,827.27001953125,644200
2018-09-04 15:00:00,827.719970703125,829.6599731445312,819.4500122070312,820.0,663700
2018-09-05 15:00:00,821.5,822.0999755859375,813.9099731445312,815.1799926757812,709800
2018-09-06 15:00:00,816.0900268554688,820.219970703125,810.280029296875,818.8599853515625,699500
2018-09-09 15:00:00,819.7000122070312,820.1300048828125,814.8699951171875,816.1599731445312,618300
2018-09-10 15:00:00,816.2100219726562,821.2899780273438,815.8200073242188,820.22998046875,688200
2018-09-11 15:00:00,824.52001953125,827.75,820.3400268554688,826.3300170898438,639700
2018-09-12 15:00:00,828.5399780273438,830.9500122070312,825.0999755859375,830.9500122070312,552200
2018-09-13 15:00:00,833.8400268554688,836.3599853515625,831.1699829101562,834.9099731445312,603300
2018-09-16 15:00:00,837.9299926757812,837.969970703125,826.1599731445312,828.8800048828125,587200
2018-09-17 15:00:00,826.4400024414062,833.6599731445312,824.8699951171875,831.8499755859375,704500
2018-09-18 15:00:00,833.0,834.1500244140625,824.4600219726562,826.9099731445312,788500
2018-09-19 15:00:00,829.2000122070312,832.510009765625,819.2999877929688,821.1300048828125,686600
2018-09-20 15:00:00,825.1599731445312,827.9199829101562,821.3599853515625,827.8400268554688,532200
2018-09-26 15:00:00,828.0900268554688,834.2899780273438,827.8800048828125,833.010009765625,551600
2018-09-27 15:00:00,832.3699951171875,833.1400146484375,819.9000244140625,822.27001953125,704200
2018-09-30 15:00:00,824.8599853515625,825.530029296875,813.47998046875,816.530029296875,571100
2018-10-01 15:00:00,817.3900146484375,818.4600219726562,794.989990234375,794.989990234375,587800
2018-10-03 15:00:00,800.030029296875,801.4600219726562,785.1400146484375,789.0,528700
2018-10-04 15:00:00,784.9400024414062,791.3200073242188,769.2899780273438,773.7000122070312,573700
2018-10-07 15:00:00,772.3599853515625,784.469970703125,767.0800170898438,767.1500244140625,516000
2018-10-09 15:00:00,768.3099975585938,770.8499755859375,746.6300048828125,747.5,669600
2018-10-10 15:00:00,720.219970703125,733.0399780273438,707.3099975585938,707.3800048828125,699200
2018-10-11 15:00:00,704.719970703125,731.5,704.719970703125,731.5,557300
2018-10-14 15:00:00,732.97998046875,733.9000244140625,717.719970703125,718.8699951171875,496900
2018-10-15 15:00:00,724.2999877929688,734.1199951171875,724.2999877929688,731.5,472800
2018-10-16 15:00:00,744.2100219726562,746.1400146484375,732.6099853515625,739.1500244140625,536500
2018-10-17 15:00:00,741.2100219726562,742.239990234375,730.0800170898438,731.3400268554688,483000
2018-10-18 15:00:00,725.2899780273438,740.5399780273438,718.47998046875,740.47998046875,440100
2018-10-21 15:00:00,736.739990234375,744.1500244140625,733.1099853515625,744.1500244140625,421600
2018-10-22 15:00:00,740.3499755859375,742.4500122070312,716.8499755859375,719.0,487800
2018-10-23 15:00:00,727.0700073242188,729.8900146484375,697.1300048828125,699.2999877929688,513800
2018-10-24 15:00:00,678.489990234375,693.0700073242188,672.1699829101562,686.8400268554688,553200
2018-10-25 15:00:00,694.3699951171875,694.3699951171875,658.1099853515625,663.0700073242188,582800
2018-10-28 15:00:00,663.9500122070312,674.77001953125,629.7000122070312,629.7000122070312,657100
2018-10-29 15:00:00,623.3300170898438,644.6500244140625,617.0,644.1400146484375,798800
2018-10-30 15:00:00,648.719970703125,650.3800048828125,638.3800048828125,648.6699829101562,619000
2018-10-31 15:00:00,655.1099853515625,668.72998046875,654.6599731445312,657.4600219726562,582700
2018-11-01 15:00:00,666.5900268554688,690.6500244140625,666.5900268554688,690.6500244140625,564200
2018-11-04 15:00:00,686.760009765625,693.2899780273438,680.1099853515625,691.9400024414062,442500
2018-11-05 15:00:00,695.3200073242188,695.6500244140625,683.3099975585938,691.5499877929688,512000
2018-11-06 15:00:00,693.5599975585938,700.25,677.5,682.3699951171875,599600
2018-11-07 15:00:00,695.0499877929688,697.25,691.3900146484375,693.6699829101562,747400
2018-11-08 15:00:00,694.1799926757812,695.1099853515625,680.6799926757812,687.2899780273438,791800
2018-11-11 15:00:00,677.9600219726562,682.52001953125,670.1300048828125,670.8200073242188,574200
2018-11-12 15:00:00,658.52001953125,671.9299926757812,651.1900024414062,670.8499755859375,542100
2018-11-13 15:00:00,670.25,680.2899780273438,665.780029296875,671.5599975585938,459400
2018-11-14 15:00:00,672.3200073242188,681.3800048828125,666.6300048828125,681.3800048828125,667900
2018-11-15 15:00:00,685.0499877929688,692.5999755859375,682.8699951171875,690.1799926757812,659100
2018-11-18 15:00:00,693.25,702.260009765625,692.2000122070312,702.1300048828125,489400
2018-11-19 15:00:00,691.530029296875,697.97998046875,689.5399780273438,690.8099975585938,486700
2018-11-20 15:00:00,681.6599731445312,695.719970703125,676.6699829101562,695.719970703125,573900
2018-11-21 15:00:00,697.8400268554688,700.4099731445312,690.0599975585938,692.3900146484375,513200
2018-11-22 15:00:00,694.239990234375,695.75,682.2100219726562,683.0599975585938,578900
2018-11-25 15:00:00,685.0999755859375,697.5700073242188,685.0599975585938,695.3599853515625,470500
2018-11-26 15:00:00,698.9600219726562,702.1300048828125,693.1799926757812,700.6699829101562,521400
2018-11-27 15:00:00,702.989990234375,703.239990234375,698.739990234375,700.1199951171875,658500
2018-11-28 15:00:00,709.6900024414062,710.4500122070312,694.7100219726562,695.47998046875,667700
2018-11-29 15:00:00,696.989990234375,700.510009765625,692.7999877929688,695.760009765625,537900
2018-12-02 15:00:00,704.3800048828125,709.6500244140625,702.6500244140625,709.4600219726562,549200
2018-12-03 15:00:00,709.4600219726562,711.77001953125,704.2999877929688,708.6300048828125,656100
2018-12-04 15:00:00,695.1400146484375,702.6900024414062,694.8800048828125,701.1199951171875,639500
2018-12-05 15:00:00,699.1500244140625,699.5399780273438,677.0900268554688,678.3800048828125,637200
2018-12-06 15:00:00,685.47998046875,687.8099975585938,679.280029296875,685.3300170898438,600800
2018-12-09 15:00:00,675.530029296875,680.1900024414062,667.25,670.3900146484375,495100
2018-12-10 15:00:00,673.22998046875,673.6099853515625,661.010009765625,661.010009765625,566800
2018-12-11 15:00:00,664.760009765625,676.97998046875,664.760009765625,676.47998046875,524500
2018-12-12 15:00:00,678.510009765625,681.780029296875,673.780029296875,681.780029296875,553300
2018-12-13 15:00:00,680.9099731445312,680.9099731445312,663.4299926757812,666.3400268554688,522200
2018-12-16 15:00:00,665.47998046875,665.77001953125,652.8400268554688,661.9000244140625,550100
2018-12-17 15:00:00,654.1400146484375,665.1699829101562,653.8099975585938,659.6699829101562,675900
2018-12-18 15:00:00,663.72998046875,673.5900268554688,661.2000122070312,672.0800170898438,777000
2018-12-19 15:00:00,667.739990234375,677.7899780273438,664.3400268554688,668.1300048828125,597200
2018-12-20 15:00:00,667.219970703125,675.22998046875,667.2100219726562,673.6400146484375,629600
2018-12-23 15:00:00,671.780029296875,673.47998046875,668.4600219726562,669.7899780273438,690900
2018-12-25 15:00:00,658.7000122070312,666.6900024414062,655.7999877929688,665.739990234375,696000
2018-12-26 15:00:00,678.8599853515625,678.8599853515625,667.1300048828125,667.8800048828125,576000
2018-12-27 15:00:00,670.8300170898438,675.8900146484375,669.7100219726562,675.6500244140625,598200
2019-01-01 15:00:00,682.1599731445312,683.0900268554688,667.7100219726562,669.3699951171875,539500
2019-01-02 15:00:00,671.97998046875,673.6099853515625,656.8499755859375,657.02001953125,656300
2019-01-03 15:00:00,655.6199951171875,664.489990234375,648.9500122070312,664.489990234375,554500
2019-01-06 15:00:00,672.760009765625,675.3099975585938,669.0700073242188,672.8400268554688,584300
2019-01-07 15:00:00,674.530029296875,675.0499877929688,667.010009765625,668.489990234375,623500
2019-01-08 15:00:00,672.3800048828125,681.1199951171875,671.9500122070312,679.739990234375,622000
2019-01-09 15:00:00,680.6099853515625,685.6500244140625,678.22998046875,683.3400268554688,735100
2019-01-10 15:00:00,686.0900268554688,688.010009765625,683.5900268554688,686.3300170898438,701500
2019-01-13 15:00:00,687.4199829101562,687.4199829101562,682.5399780273438,683.0900268554688,613300
2019-01-14 15:00:00,684.969970703125,691.5599975585938,684.3200073242188,690.3900146484375,639000
2019-01-15 15:00:00,692.719970703125,693.5,687.4299926757812,693.3800048828125,788300
2019-01-16 15:00:00,694.9400024414062,696.2100219726562,686.27001953125,686.3499755859375,862700
2019-01-17 15:00:00,690.8300170898438,696.3400268554688,689.7999877929688,696.3400268554688,820000
2019-01-20 15:00:00,698.739990234375,698.739990234375,692.9500122070312,695.6199951171875,794300
2019-01-21 15:00:00,698.0,698.2999877929688,692.4500122070312,694.5499877929688,794400
2019-01-22 15:00:00,691.5,697.0599975585938,690.9099731445312,695.6300048828125,683200
2019-01-23 15:00:00,696.969970703125,704.780029296875,696.7999877929688,704.4099731445312,605800
2019-01-24 15:00:00,705.6599731445312,712.6699829101562,704.6699829101562,711.3800048828125,631600
2019-01-27 15:00:00,713.4099731445312,717.3099975585938,711.9600219726562,714.260009765625,664300
2019-01-28 15:00:00,712.6500244140625,713.6500244140625,705.8900146484375,710.989990234375,703400
2019-01-29 15:00:00,712.8699951171875,716.77001953125,711.7100219726562,715.2999877929688,719200
2019-01-30 15:00:00,719.9299926757812,721.5800170898438,714.3099975585938,716.8599853515625,684500
2019-01-31 15:00:00,719.0800170898438,719.739990234375,714.6599731445312,716.9199829101562,643300
2019-02-06 15:00:00,719.8599853515625,728.8900146484375,717.530029296875,728.7899780273438,713100
2019-02-07 15:00:00,726.4000244140625,729.739990234375,724.989990234375,728.739990234375,736600
2019-02-10 15:00:00,731.8200073242188,733.9400024414062,730.3200073242188,733.469970703125,704600
2019-02-11 15:00:00,734.8699951171875,735.1400146484375,729.52001953125,730.5800170898438,692200
2019-02-12 15:00:00,734.5599975585938,740.4400024414062,733.3699951171875,739.9099731445312,798600
2019-02-13 15:00:00,740.6900024414062,742.4600219726562,737.0700073242188,742.27001953125,738300
2019-02-14 15:00:00,741.530029296875,743.2000122070312,734.3699951171875,738.6599731445312,738000
2019-02-17 15:00:00,743.530029296875,746.8099975585938,742.5,745.3300170898438,734400
2019-02-18 15:00:00,746.5,748.6900024414062,741.2000122070312,748.0499877929688,793900
2019-02-19 15:00:00,749.52001953125,751.6599731445312,747.5599975585938,750.6900024414062,885300
2019-02-20 15:00:00,752.2999877929688,752.75,744.8699951171875,747.3300170898438,956600
2019-02-21 15:00:00,747.25,748.1099853515625,740.9400024414062,743.3800048828125,965500
2019-02-24 15:00:00,746.7899780273438,750.9299926757812,746.2999877929688,750.4000244140625,735800
2019-02-25 15:00:00,752.25,753.6599731445312,746.1199951171875,747.0900268554688,956600
2019-02-26 15:00:00,748.1099853515625,752.1599731445312,747.1599731445312,752.1599731445312,921700
2019-02-27 15:00:00,753.2899780273438,755.9199829101562,731.25,731.25,1016500
2019-03-03 15:00:00,739.1900024414062,748.8699951171875,739.1900024414062,748.0700073242188,707600
2019-03-04 15:00:00,746.9000244140625,751.4500122070312,743.7999877929688,747.9500122070312,753400
2019-03-05 15:00:00,750.1300048828125,750.8099975585938,741.6799926757812,746.7000122070312,847000
2019-03-06 15:00:00,746.2100219726562,750.1300048828125,733.489990234375,736.8300170898438,897300
2019-03-07 15:00:00,733.3800048828125,739.5900268554688,730.4199829101562,735.969970703125,871200
2019-03-10 15:00:00,737.27001953125,739.0999755859375,726.1099853515625,739.0900268554688,687000
2019-03-11 15:00:00,745.760009765625,754.760009765625,745.760009765625,754.760009765625,792800
2019-03-12 15:00:00,755.2999877929688,758.9000244140625,750.489990234375,754.8900146484375,797100
2019-03-13 15:00:00,758.530029296875,762.4099731445312,755.4199829101562,755.4199829101562,644000
2019-03-14 15:00:00,756.8200073242188,757.2899780273438,743.3400268554688,748.3599853515625,881400
2019-03-17 15:00:00,752.1500244140625,755.8900146484375,748.7000122070312,753.1300048828125,705200
2019-03-18 15:00:00,757.0700073242188,757.8800048828125,748.760009765625,748.9099731445312,984700
2019-03-19 15:00:00,750.5,750.5,741.25,749.760009765625,880100
2019-03-20 15:00:00,750.7899780273438,753.97998046875,742.030029296875,743.52001953125,795600
2019-03-21 15:00:00,747.8699951171875,748.0499877929688,741.030029296875,743.969970703125,752400
2019-03-24 15:00:00,733.510009765625,737.219970703125,726.9299926757812,727.2100219726562,696300
2019-03-25 15:00:00,732.760009765625,737.5,729.219970703125,736.8099975585938,656400
2019-03-26 15:00:00,739.219970703125,739.219970703125,728.4299926757812,728.4500122070312,748800
2019-03-27 15:00:00,727.7000122070312,728.5599975585938,719.719970703125,719.719970703125,695500
2019-03-28 15:00:00,723.6400146484375,729.3099975585938,714.530029296875,729.3099975585938,779300
2019-03-31 15:00:00,731.5,737.6900024414062,729.739990234375,736.8099975585938,704800
2019-04-01 15:00:00,740.9400024414062,740.9400024414062,737.1799926757812,739.5700073242188,955900
2019-04-02 15:00:00,741.760009765625,749.2999877929688,740.72998046875,749.2999877929688,807500
2019-04-03 15:00:00,750.9000244140625,753.3900146484375,746.2899780273438,751.5800170898438,879700
2019-04-04 15:00:00,752.280029296875,753.969970703125,748.7899780273438,751.7100219726562,788500
2019-04-07 15:00:00,755.3200073242188,756.1599731445312,750.02001953125,751.9199829101562,762400
2019-04-08 15:00:00,753.719970703125,756.9199829101562,749.8699951171875,756.8099975585938,836600
2019-04-09 15:00:00,755.72998046875,760.1500244140625,754.0499877929688,760.1500244140625,744500
2019-04-10 15:00:00,762.1500244140625,766.5599975585938,762.1300048828125,766.489990234375,760900
2019-04-11 15:00:00,765.5999755859375,769.0900268554688,762.989990234375,767.8499755859375,926500
2019-04-14 15:00:00,770.6300048828125,770.6599731445312,765.6199951171875,766.75,952000
2019-04-15 15:00:00,767.5900268554688,767.72998046875,758.6900024414062,765.02001953125,979300
2019-04-16 15:00:00,766.7000122070312,768.4299926757812,765.3599853515625,766.8900146484375,1063500
2019-04-17 15:00:00,767.739990234375,767.8499755859375,751.5900268554688,753.52001953125,904500
2019-04-18 15:00:00,757.4199829101562,762.9500122070312,757.3499755859375,762.5700073242188,773500
2019-04-21 15:00:00,764.3699951171875,767.02001953125,760.02001953125,762.010009765625,691800
2019-04-22 15:00:00,763.5800170898438,764.47998046875,756.77001953125,761.4199829101562,895100
2019-04-23 15:00:00,765.0,765.02001953125,755.9299926757812,757.8200073242188,886600
2019-04-24 15:00:00,757.6400146484375,757.6400146484375,750.4299926757812,750.4299926757812,946900
2019-04-25 15:00:00,748.2999877929688,750.22998046875,739.8400268554688,741.0,865200
2019-04-28 15:00:00,744.010009765625,750.5999755859375,742.4299926757812,750.5999755859375,754700
2019-04-29 15:00:00,751.4000244140625,755.1099853515625,746.4199829101562,754.739990234375,671000
2019-05-01 15:00:00,753.510009765625,760.9400024414062,753.4299926757812,760.3800048828125,779400
2019-05-02 15:00:00,761.1300048828125,762.719970703125,758.4199829101562,761.8200073242188,701300
2019-05-06 15:00:00,751.260009765625,757.969970703125,749.27001953125,753.4500122070312,728000
2019-05-07 15:00:00,745.8599853515625,751.5499877929688,745.3599853515625,745.3699951171875,922700
2019-05-08 15:00:00,746.9600219726562,747.9600219726562,722.5999755859375,724.219970703125,992100
2019-05-09 15:00:00,726.0599975585938,729.8400268554688,712.1500244140625,722.6199951171875,916500
2019-05-12 15:00:00,722.1900024414062,724.780029296875,708.77001953125,708.7999877929688,916400
2019-05-13 15:00:00,698.8599853515625,714.7999877929688,698.2999877929688,710.1599731445312,1072300
2019-05-14 15:00:00,714.9400024414062,729.6300048828125,713.489990234375,729.5999755859375,859400
2019-05-15 15:00:00,731.0900268554688,731.780029296875,716.6799926757812,717.5900268554688,911800
2019-05-16 15:00:00,723.9400024414062,727.5599975585938,713.9400024414062,714.1300048828125,783600
2019-05-19 15:00:00,717.1199951171875,719.5700073242188,701.760009765625,702.0800170898438,733200
2019-05-20 15:00:00,701.8300170898438,708.1599731445312,700.0,703.97998046875,792000
2019-05-21 15:00:00,709.3800048828125,710.4600219726562,702.25,706.9299926757812,723700
2019-05-22 15:00:00,707.739990234375,707.9500122070312,696.8800048828125,696.8900146484375,902800
2019-05-23 15:00:00,694.02001953125,696.75,686.719970703125,690.030029296875,862100
2019-05-26 15:00:00,692.0599975585938,696.2999877929688,684.0700073242188,689.6699829101562,782600
2019-05-27 15:00:00,691.5499877929688,702.760009765625,690.780029296875,702.760009765625,724000
2019-05-28 15:00:00,699.1199951171875,699.530029296875,689.9000244140625,691.469970703125,849800
2019-05-29 15:00:00,692.5999755859375,696.4500122070312,685.3099975585938,689.3300170898438,669500
2019-05-30 15:00:00,688.7000122070312,699.4000244140625,687.7100219726562,696.469970703125,642100
2019-06-02 15:00:00,693.260009765625,698.3499755859375,691.7999877929688,697.5,643000
2019-06-03 15:00:00,699.1199951171875,702.530029296875,697.2000122070312,702.530029296875,657100
2019-06-04 15:00:00,709.0700073242188,710.1099853515625,706.760009765625,707.75,616900
2019-06-06 15:00:00,711.77001953125,716.5599975585938,708.72998046875,716.530029296875,723200
2019-06-09 15:00:00,721.1199951171875,721.5,717.0800170898438,721.1400146484375,763000
2019-06-10 15:00:00,723.6099853515625,728.7899780273438,722.510009765625,728.7899780273438,897000
2019-06-11 15:00:00,729.0599975585938,729.0599975585938,721.9099731445312,724.3200073242188,724100
2019-06-12 15:00:00,724.5700073242188,730.8599853515625,721.8699951171875,726.6799926757812,839500
2019-06-13 15:00:00,729.3900146484375,729.3900146484375,721.4400024414062,722.25,843400
2019-06-16 15:00:00,723.52001953125,723.9000244140625,718.6199951171875,719.1300048828125,758000
2019-06-17 15:00:00,721.25,723.7899780273438,713.1699829101562,714.8599853515625,1047000
2019-06-18 15:00:00,721.6599731445312,722.6599731445312,714.97998046875,717.7100219726562,979400
2019-06-19 15:00:00,719.5399780273438,727.3400268554688,719.3099975585938,727.3200073242188,1004500
2019-06-20 15:00:00,729.2000122070312,729.2000122070312,721.9600219726562,722.6400146484375,1100600
2019-06-23 15:00:00,725.0399780273438,725.0499877929688,717.219970703125,717.6900024414062,924000
2019-06-24 15:00:00,719.030029296875,720.0599975585938,707.6400146484375,710.02001953125,1058000
2019-06-25 15:00:00,710.1500244140625,713.5700073242188,706.4400024414062,709.3699951171875,981400
2019-06-26 15:00:00,711.1799926757812,713.1400146484375,694.530029296875,698.2100219726562,910000
2019-06-27 15:00:00,698.6300048828125,700.4199829101562,687.2899780273438,690.530029296875,784800
2019-06-30 15:00:00,696.3800048828125,697.969970703125,692.760009765625,696.0,734400
2019-07-01 15:00:00,695.7999877929688,699.4400024414062,693.1900024414062,696.25,696400
2019-07-02 15:00:00,697.6799926757812,698.8900146484375,689.8599853515625,693.0399780273438,676300
2019-07-03 15:00:00,693.9600219726562,694.6300048828125,682.72998046875,691.27001953125,763500
2019-07-04 15:00:00,692.8599853515625,694.3900146484375,686.9299926757812,694.1699829101562,729800
2019-07-07 15:00:00,691.969970703125,691.969970703125,668.719970703125,668.719970703125,766600
2019-07-08 15:00:00,670.760009765625,675.0900268554688,657.77001953125,657.7999877929688,879100
2019-07-09 15:00:00,662.2999877929688,670.6799926757812,660.6199951171875,666.9000244140625,774800
2019-07-10 15:00:00,669.97998046875,677.1099853515625,668.4199829101562,677.0900268554688,791100
2019-07-11 15:00:00,677.8699951171875,682.6500244140625,673.760009765625,681.1699829101562,735700
2019-07-14 15:00:00,682.3599853515625,682.3599853515625,671.7100219726562,674.7899780273438,715700
2019-07-15 15:00:00,675.6699829101562,679.6900024414062,672.77001953125,674.4199829101562,824300
2019-07-16 15:00:00,673.0800170898438,673.3400268554688,661.9299926757812,666.280029296875,901100
2019-07-17 15:00:00,665.0900268554688,669.469970703125,661.8200073242188,665.1500244140625,837100
2019-07-18 15:00:00,668.2000122070312,674.0599975585938,668.2000122070312,674.0599975585938,756200
2019-07-21 15:00:00,674.0,675.47998046875,671.4400024414062,674.780029296875,645000
2019-07-22 15:00:00,675.8400268554688,678.27001953125,666.7899780273438,668.6500244140625,894100
2019-07-23 15:00:00,670.3099975585938,672.3599853515625,659.260009765625,659.8300170898438,971500
2019-07-24 15:00:00,660.2999877929688,661.6199951171875,647.3800048828125,652.4000244140625,871100
2019-07-25 15:00:00,650.2999877929688,652.3800048828125,640.4299926757812,644.5900268554688,886300
2019-07-28 15:00:00,643.3400268554688,643.3400268554688,618.780029296875,618.780029296875,795300
2019-07-29 15:00:00,620.3300170898438,630.6099853515625,620.3300170898438,625.6400146484375,716200
2019-07-30 15:00:00,625.0499877929688,631.4299926757812,610.7000122070312,630.1799926757812,770600
2019-07-31 15:00:00,627.9400024414062,634.4400024414062,622.25,622.260009765625,694200
2019-08-01 15:00:00,612.010009765625,622.3599853515625,607.010009765625,615.7000122070312,601200
2019-08-04 15:00:00,614.6900024414062,615.22998046875,569.780029296875,569.7899780273438,821200
2019-08-05 15:00:00,555.0700073242188,577.510009765625,540.8300170898438,551.5,973700
2019-08-06 15:00:00,562.469970703125,567.52001953125,554.1799926757812,564.6400146484375,836000
2019-08-07 15:00:00,571.5900268554688,585.4400024414062,571.0,585.4400024414062,929200
2019-08-08 15:00:00,590.510009765625,593.280029296875,585.9400024414062,590.0399780273438,690900
2019-08-11 15:00:00,590.4299926757812,594.7000122070312,585.0700073242188,594.1699829101562,707400
2019-08-12 15:00:00,589.7100219726562,593.97998046875,588.469970703125,590.75,755900
2019-08-13 15:00:00,600.3499755859375,601.4600219726562,596.22998046875,597.1500244140625,793600
2019-08-15 15:00:00,590.0399780273438,592.8200073242188,587.489990234375,591.5700073242188,684000
2019-08-18 15:00:00,596.4199829101562,597.5900268554688,591.2100219726562,594.6500244140625,707000
2019-08-19 15:00:00,597.1500244140625,607.8699951171875,595.6199951171875,607.010009765625,914600
2019-08-20 15:00:00,605.8300170898438,615.9600219726562,604.8300170898438,615.9600219726562,821000
2019-08-21 15:00:00,618.3400268554688,618.72998046875,611.6699829101562,612.25,850900
2019-08-22 15:00:00,606.280029296875,612.6300048828125,605.9299926757812,608.97998046875,706400
2019-08-25 15:00:00,594.25,598.0800170898438,582.77001953125,582.9099731445312,711400
2019-08-26 15:00:00,592.3800048828125,596.4299926757812,587.4199829101562,588.3200073242188,651100
2019-08-27 15:00:00,590.6699829101562,602.9000244140625,590.3599853515625,602.9000244140625,698500
2019-08-28 15:00:00,604.1900024414062,605.3900146484375,595.260009765625,599.5700073242188,681500
2019-08-29 15:00:00,607.1400146484375,611.1099853515625,606.6500244140625,610.5499877929688,787600
2019-09-01 15:00:00,609.4600219726562,619.9000244140625,608.969970703125,619.8099975585938,683800
2019-09-02 15:00:00,619.8599853515625,623.3400268554688,619.280029296875,620.02001953125,777400
2019-09-03 15:00:00,619.6099853515625,629.3099975585938,619.4600219726562,629.3099975585938,792600
2019-09-04 15:00:00,633.1900024414062,634.9600219726562,631.3800048828125,632.989990234375,948700
2019-09-05 15:00:00,637.3300170898438,637.3300170898438,630.5999755859375,631.1500244140625,882300
2019-09-08 15:00:00,633.6099853515625,634.2999877929688,625.280029296875,625.77001953125,709700
2019-09-09 15:00:00,627.77001953125,628.8099975585938,621.9500122070312,623.25,830400
2019-09-10 15:00:00,625.8099975585938,632.4199829101562,624.780029296875,630.3699951171875,718200
2019-09-15 15:00:00,634.6699829101562,638.5900268554688,630.1599731445312,638.5900268554688,622100
2019-09-16 15:00:00,637.0999755859375,646.0499877929688,636.0,644.280029296875,823500
2019-09-17 15:00:00,646.25,648.9500122070312,644.3200073242188,645.1199951171875,909100
2019-09-18 15:00:00,646.8300170898438,651.4500122070312,643.0,645.7100219726562,867300
2019-09-19 15:00:00,647.5,650.030029296875,645.9099731445312,649.0700073242188,844700
2019-09-22 15:00:00,648.8099975585938,649.219970703125,644.3900146484375,645.010009765625,747600
2019-09-23 15:00:00,643.4500122070312,646.5999755859375,641.1699829101562,641.8499755859375,778000
2019-09-24 15:00:00,641.0800170898438,641.22998046875,626.02001953125,626.760009765625,987700
2019-09-25 15:00:00,632.3099975585938,635.6400146484375,622.5499877929688,628.4199829101562,838500
2019-09-26 15:00:00,628.4099731445312,628.4099731445312,623.3200073242188,626.9299926757812,724100
2019-09-29 15:00:00,625.6900024414062,627.2999877929688,615.6400146484375,621.760009765625,746000
2019-09-30 15:00:00,623.7000122070312,632.1199951171875,621.760009765625,632.0999755859375,875300
2019-10-01 15:00:00,627.75,630.6199951171875,624.469970703125,624.510009765625,1252800
2019-10-03 15:00:00,623.0800170898438,627.1500244140625,619.530029296875,621.8400268554688,793000
2019-10-06 15:00:00,625.25,627.8200073242188,622.4500122070312,627.2100219726562,753100
2019-10-07 15:00:00,628.030029296875,635.9400024414062,624.9199829101562,635.4099731445312,864400
2019-10-09 15:00:00,633.9600219726562,635.8499755859375,630.5900268554688,634.72998046875,715200
2019-10-10 15:00:00,638.219970703125,638.489990234375,632.9199829101562,632.9500122070312,767500
2019-10-13 15:00:00,638.6500244140625,643.4099731445312,637.6900024414062,641.4600219726562,681400
2019-10-14 15:00:00,641.510009765625,647.4000244140625,641.489990234375,646.7999877929688,737800
2019-10-15 15:00:00,650.6099853515625,652.72998046875,649.8800048828125,651.9600219726562,860300
2019-10-16 15:00:00,653.0800170898438,654.6699829101562,646.6099853515625,649.2899780273438,1042700
2019-10-17 15:00:00,651.5499877929688,651.969970703125,645.5900268554688,646.6900024414062,866100
2019-10-20 15:00:00,646.7899780273438,649.1799926757812,645.3499755859375,649.1799926757812,767900
2019-10-21 15:00:00,653.1699829101562,660.3499755859375,651.0999755859375,655.9099731445312,900
2019-10-22 15:00:00,656.8800048828125,660.3800048828125,654.780029296875,658.97998046875,1000
2019-10-23 15:00:00,658.530029296875,662.27001953125,647.530029296875,658.75,1100
2019-10-24 15:00:00,657.5999755859375,658.77001953125,651.2899780273438,652.3699951171875,1000
2019-10-27 15:00:00,655.0499877929688,657.2899780273438,651.9500122070312,652.4199829101562,900
2019-10-28 15:00:00,656.8499755859375,658.760009765625,653.8300170898438,658.2999877929688,1000
2019-10-29 15:00:00,660.5999755859375,660.5999755859375,654.1500244140625,655.0399780273438,900
2019-10-30 15:00:00,658.4500122070312,661.6500244140625,656.9600219726562,658.52001953125,900
2019-10-31 15:00:00,658.1599731445312,662.3400268554688,656.1300048828125,662.3400268554688,800
2019-11-03 15:00:00,667.2000122070312,669.6599731445312,665.6300048828125,668.4500122070312,900
2019-11-04 15:00:00,669.469970703125,672.1799926757812,666.0,672.1799926757812,1000
2019-11-05 15:00:00,672.1199951171875,673.8599853515625,669.25,669.6799926757812,1100
2019-11-06 15:00:00,668.72998046875,669.5700073242188,663.7000122070312,666.1500244140625,1000
2019-11-07 15:00:00,669.3400268554688,670.5900268554688,662.4600219726562,664.5999755859375,1000
2019-11-10 15:00:00,666.1300048828125,666.1300048828125,658.7000122070312,661.3699951171875,900
2019-11-11 15:00:00,662.1099853515625,665.8599853515625,661.4199829101562,665.1400146484375,1100
2019-11-12 15:00:00,665.3699951171875,665.47998046875,659.9500122070312,661.8499755859375,1400
2019-11-13 15:00:00,663.25,666.0499877929688,659.2100219726562,663.3099975585938,1400
2019-11-14 15:00:00,662.8699951171875,668.5399780273438,660.6400146484375,668.510009765625,1100
2019-11-17 15:00:00,670.0700073242188,671.0900268554688,666.8200073242188,669.3400268554688,1100
2019-11-18 15:00:00,669.1099853515625,669.239990234375,662.239990234375,662.530029296875,1200
2019-11-19 15:00:00,661.4500122070312,663.760009765625,648.8200073242188,649.8699951171875,1300
2019-11-20 15:00:00,650.5599975585938,651.22998046875,634.2899780273438,635.989990234375,1100
2019-11-21 15:00:00,637.989990234375,640.77001953125,629.739990234375,633.9199829101562,1100
2019-11-24 15:00:00,639.5,647.4099731445312,639.5,647.4000244140625,800
2019-11-25 15:00:00,650.7899780273438,653.5399780273438,649.780029296875,651.5900268554688,900
2019-11-26 15:00:00,653.739990234375,653.8699951171875,646.8900146484375,647.3900146484375,900
2019-11-27 15:00:00,646.27001953125,649.3699951171875,640.1799926757812,640.1799926757812,900
2019-11-28 15:00:00,641.719970703125,643.27001953125,631.4000244140625,632.989990234375,900
2019-12-01 15:00:00,635.5800170898438,638.3499755859375,632.219970703125,634.5,800
2019-12-02 15:00:00,630.0700073242188,632.010009765625,627.0,629.5800170898438,900
2019-12-03 15:00:00,626.0599975585938,630.4500122070312,622.6699829101562,625.27001953125,900
2019-12-04 15:00:00,629.489990234375,629.5999755859375,613.77001953125,617.5999755859375,900
2019-12-05 15:00:00,619.47998046875,628.1099853515625,619.47998046875,628.0999755859375,700
2019-12-08 15:00:00,630.5999755859375,630.6300048828125,625.5900268554688,627.8599853515625,800
2019-12-09 15:00:00,627.6199951171875,627.760009765625,623.5399780273438,627.1099853515625,800
2019-12-10 15:00:00,627.260009765625,630.5999755859375,626.5700073242188,629.1300048828125,800
2019-12-11 15:00:00,632.2899780273438,638.9199829101562,631.25,636.9400024414062,900
2019-12-12 15:00:00,643.3400268554688,645.72998046875,641.8699951171875,643.4500122070312,900
2019-12-15 15:00:00,644.9099731445312,646.5599975585938,643.239990234375,644.4400024414062,800
2019-12-16 15:00:00,646.7999877929688,650.5800170898438,646.0399780273438,650.5800170898438,900
2019-12-17 15:00:00,648.9500122070312,648.9500122070312,648.9500122070312,648.9500122070312,0
2019-12-18 15:00:00,650.2999877929688,653.6500244140625,645.1099853515625,647.8499755859375,800
2019-12-19 15:00:00,650.1900024414062,651.2000122070312,647.9000244140625,649.72998046875,900
2019-12-22 15:00:00,651.77001953125,652.8099975585938,646.6799926757812,647.6199951171875,700
2019-12-23 15:00:00,648.7100219726562,648.7100219726562,638.739990234375,638.9099731445312,800
2019-12-25 15:00:00,640.77001953125,652.0900268554688,640.2000122070312,652.0700073242188,900
2019-12-26 15:00:00,652.5999755859375,661.5900268554688,652.1699829101562,661.239990234375,800
2019-12-29 15:00:00,662.0599975585938,669.8300170898438,661.6199951171875,669.8300170898438,800
2020-01-01 15:00:00,672.530029296875,674.2999877929688,666.6199951171875,674.02001953125,800
2020-01-02 15:00:00,677.5700073242188,679.3699951171875,668.0999755859375,669.9299926757812,900
2020-01-05 15:00:00,660.0800170898438,663.0999755859375,653.6099853515625,655.3099975585938,900
2020-01-06 15:00:00,660.8699951171875,664.2100219726562,659.1799926757812,663.4400024414062,1000
2020-01-07 15:00:00,657.239990234375,658.1400146484375,637.4299926757812,640.9400024414062,1400
2020-01-08 15:00:00,657.010009765625,666.0900268554688,656.25,666.0900268554688,1000
2020-01-09 15:00:00,668.7899780273438,673.030029296875,665.9199829101562,673.030029296875,800
2020-01-12 15:00:00,673.760009765625,679.219970703125,673.22998046875,679.219970703125,900
2020-01-13 15:00:00,682.1400146484375,685.8800048828125,676.780029296875,678.7100219726562,900
2020-01-14 15:00:00,678.8300170898438,681.3900146484375,676.9099731445312,679.1599731445312,900
2020-01-15 15:00:00,679.6699829101562,686.52001953125,679.489990234375,686.52001953125,900
2020-01-16 15:00:00,689.72998046875,690.6099853515625,686.6799926757812,688.4099731445312,1000
2020-01-19 15:00:00,690.8499755859375,691.1699829101562,682.47998046875,683.469970703125,1000
2020-01-20 15:00:00,683.8200073242188,685.8900146484375,675.47998046875,676.52001953125,1000
2020-01-21 15:00:00,677.0499877929688,688.280029296875,677.0499877929688,688.25,1000
2020-01-22 15:00:00,685.9400024414062,687.7100219726562,683.52001953125,685.5700073242188,1000
2020-01-27 15:00:00,664.7000122070312,664.7000122070312,664.7000122070312,664.7000122070312,0
2020-01-28 15:00:00,671.0800170898438,671.97998046875,664.0900268554688,670.1799926757812,1100
2020-01-29 15:00:00,656.3900146484375,656.3900146484375,656.3900146484375,656.3900146484375,0
2020-01-30 15:00:00,660.97998046875,664.77001953125,641.5700073242188,642.47998046875,1300
2020-02-02 15:00:00,631.8200073242188,648.3400268554688,627.6500244140625,646.8499755859375,1200
2020-02-03 15:00:00,650.719970703125,661.239990234375,649.219970703125,661.239990234375,900
2020-02-04 15:00:00,666.739990234375,668.9099731445312,658.030029296875,661.3200073242188,1000
2020-02-05 15:00:00,672.6900024414062,672.6900024414062,672.6900024414062,672.6900024414062,0
2020-02-06 15:00:00,673.1099853515625,674.030029296875,667.9299926757812,672.6300048828125,1000
2020-02-09 15:00:00,669.530029296875,676.0800170898438,668.0999755859375,676.0700073242188,1000
2020-02-10 15:00:00,682.3400268554688,682.3400268554688,682.3400268554688,682.3400268554688,0
2020-02-11 15:00:00,683.260009765625,686.7899780273438,680.260009765625,686.5900268554688,1300
2020-02-12 15:00:00,689.5399780273438,691.4299926757812,681.77001953125,687.6099853515625,1300
2020-02-13 15:00:00,687.22998046875,692.0,685.6699829101562,688.9099731445312,1500
2020-02-16 15:00:00,690.3499755859375,692.6400146484375,686.72998046875,692.5900268554688,1500
2020-02-17 15:00:00,691.4199829101562,692.52001953125,681.4400024414062,682.9199829101562,1800
2020-02-18 15:00:00,684.780029296875,684.780029296875,684.780029296875,684.780029296875,0
2020-02-19 15:00:00,687.6500244140625,688.510009765625,677.989990234375,681.6599731445312,1500
2020-02-20 15:00:00,673.5700073242188,680.280029296875,667.469970703125,667.989990234375,1400
2020-02-23 15:00:00,653.4000244140625,656.3099975585938,639.219970703125,639.2899780273438,1500
2020-02-24 15:00:00,639.280029296875,656.9600219726562,633.6500244140625,656.9500122070312,1200
2020-02-25 15:00:00,644.02001953125,658.2899780273438,642.97998046875,654.6300048828125,1100
2020-02-26 15:00:00,654.6099853515625,660.8900146484375,634.7899780273438,638.1699829101562,1200
2020-02-27 15:00:00,626.3599853515625,631.25,608.3800048828125,610.72998046875,1400
2020-03-01 15:00:00,617.8800048828125,627.7100219726562,607.3200073242188,627.6599731445312,1200
2020-03-02 15:00:00,641.6500244140625,641.77001953125,626.7100219726562,626.8200073242188,1200
2020-03-03 15:00:00,623.75,641.72998046875,623.5499877929688,641.72998046875,1100
2020-03-04 15:00:00,647.75,650.8099975585938,643.969970703125,650.1900024414062,1100
2020-03-05 15:00:00,642.3300170898438,647.8300170898438,637.2000122070312,642.719970703125,1100
2020-03-08 15:00:00,631.1300048828125,632.52001953125,614.5800170898438,614.5999755859375,1300
2020-03-09 15:00:00,606.8900146484375,619.97998046875,604.510009765625,619.969970703125,1400
2020-03-10 15:00:00,621.1199951171875,622.0700073242188,591.3800048828125,595.6099853515625,1600
2020-03-11 15:00:00,589.2000122070312,594.3200073242188,555.469970703125,563.489990234375,1600
2020-03-12 15:00:00,536.6199951171875,540.2999877929688,487.0700073242188,524.0,1500
2020-03-15 15:00:00,538.6799926757812,541.8699951171875,504.510009765625,504.510009765625,1200
2020-03-16 15:00:00,488.0199890136719,518.719970703125,483.510009765625,514.72998046875,1400
2020-03-17 15:00:00,520.7899780273438,526.0999755859375,485.1400146484375,485.1400146484375,1300
2020-03-18 15:00:00,501.5899963378906,502.1199951171875,419.5499877929688,428.3500061035156,1600
2020-03-19 15:00:00,443.8800048828125,467.75,435.1099853515625,467.75,1200
2020-03-22 15:00:00,443.760009765625,443.760009765625,443.760009765625,443.760009765625,0
2020-03-23 15:00:00,457.2099914550781,480.3999938964844,454.239990234375,480.3999938964844,1100
2020-03-24 15:00:00,496.3200073242188,506.4299926757813,488.9800109863281,505.6799926757813,1400
2020-03-25 15:00:00,506.510009765625,533.3300170898438,501.8200073242188,516.6099853515625,1600
2020-03-26 15:00:00,535.9400024414062,540.0399780273438,502.4800109863281,522.8300170898438,2000
2020-03-29 15:00:00,513.1300048828125,542.1199951171875,511.4700012207031,542.1099853515625,1400
2020-03-30 15:00:00,551.47998046875,569.0700073242188,551.25,569.0700073242188,1900
2020-03-31 15:00:00,568.8800048828125,579.760009765625,551.2999877929688,551.8400268554688,1900
2020-04-01 15:00:00,555.4000244140625,567.7000122070312,542.75,567.7000122070312,1700
2020-04-02 15:00:00,571.2899780273438,576.27001953125,564.02001953125,573.010009765625,1400
2020-04-05 15:00:00,579.25,597.2100219726562,577.8300170898438,597.2100219726562,1500
2020-04-06 15:00:00,606.9000244140625,606.9000244140625,606.9000244140625,606.9000244140625,0
2020-04-07 15:00:00,604.4600219726562,615.3200073242188,599.2999877929688,607.3699951171875,2400
2020-04-08 15:00:00,616.6699829101562,618.3699951171875,610.6599731445312,615.9500122070312,1800
2020-04-09 15:00:00,617.75,618.0800170898438,593.010009765625,611.260009765625,2000
2020-04-12 15:00:00,609.9400024414062,611.0599975585938,596.7100219726562,596.7100219726562,2000
2020-04-13 15:00:00,605.1400146484375,611.3599853515625,602.0499877929688,610.2899780273438,1600
2020-04-15 15:00:00,623.4299926757812,623.4299926757812,623.4299926757812,623.4299926757812,0
2020-04-16 15:00:00,631.3400268554688,634.7899780273438,628.0499877929688,634.7899780273438,1600
2020-04-19 15:00:00,635.7100219726562,643.0499877929688,634.2000122070312,637.8200073242188,1600
2020-04-20 15:00:00,634.760009765625,641.0700073242188,602.0499877929688,628.77001953125,2200
2020-04-21 15:00:00,618.9500122070312,635.3099975585938,616.8800048828125,635.1599731445312,1500
2020-04-22 15:00:00,640.1300048828125,645.5399780273438,637.3300170898438,643.7899780273438,1700
2020-04-23 15:00:00,640.1900024414062,645.219970703125,629.1199951171875,632.9600219726562,1800
2020-04-26 15:00:00,638.9000244140625,647.1099853515625,638.5800170898438,646.8599853515625,1700
2020-04-27 15:00:00,649.4600219726562,651.3900146484375,638.6900024414062,644.9299926757812,1800
2020-04-28 15:00:00,646.3300170898438,648.4199829101562,644.0599975585938,645.1799926757812,1700
2020-05-03 15:00:00,637.0,648.5700073242188,635.1599731445312,641.9099731445312,1300
2020-05-05 15:00:00,658.4000244140625,658.4000244140625,658.4000244140625,658.4000244140625,0
2020-05-06 15:00:00,659.4500122070312,669.030029296875,658.9299926757812,668.1699829101562,1700
2020-05-07 15:00:00,674.010009765625,682.9400024414062,673.52001953125,682.2999877929688,1700
2020-05-10 15:00:00,686.8099975585938,690.3400268554688,676.5999755859375,685.0399780273438,1500
2020-05-11 15:00:00,687.47998046875,688.3699951171875,673.6599731445312,684.2100219726562,1500
2020-05-12 15:00:00,676.530029296875,691.5700073242188,676.239990234375,691.530029296875,1500
2020-05-13 15:00:00,687.9199829101562,693.6799926757812,684.3300170898438,690.5700073242188,1600
2020-05-14 15:00:00,695.7999877929688,696.9099731445312,686.22998046875,691.9299926757812,1400
2020-05-17 15:00:00,695.1699829101562,695.9000244140625,688.8800048828125,690.8499755859375,1500
2020-05-18 15:00:00,696.010009765625,696.3900146484375,687.6699829101562,696.3599853515625,1800
2020-05-19 15:00:00,697.1500244140625,709.1599731445312,697.0900268554688,708.760009765625,2100
2020-05-20 15:00:00,716.02001953125,716.02001953125,716.02001953125,716.02001953125,0
2020-05-21 15:00:00,717.780029296875,719.1500244140625,702.5,708.5800170898438,1700
2020-05-24 15:00:00,712.8800048828125,719.8900146484375,708.5999755859375,719.8900146484375,1600
2020-05-25 15:00:00,723.280029296875,729.1599731445312,718.8099975585938,729.1099853515625,1600
2020-05-26 15:00:00,728.260009765625,730.4099731445312,722.0399780273438,724.5900268554688,1600
2020-05-27 15:00:00,728.760009765625,728.7999877929688,695.2999877929688,708.75,2100
2020-05-28 15:00:00,706.1599731445312,714.510009765625,700.8400268554688,713.6799926757812,1500
2020-05-31 15:00:00,716.9600219726562,735.719970703125,716.8300170898438,735.719970703125,1300
2020-06-01 15:00:00,737.6699829101562,743.7000122070312,735.0599975585938,743.5800170898438,1500
2020-06-02 15:00:00,749.489990234375,750.1400146484375,734.6300048828125,737.6599731445312,1500
2020-06-03 15:00:00,742.8699951171875,744.3599853515625,733.9099731445312,742.3699951171875,1300
2020-06-04 15:00:00,743.6500244140625,749.75,739.52001953125,749.3099975585938,1100
2020-06-07 15:00:00,754.1199951171875,754.3200073242188,747.3699951171875,753.0399780273438,1300
2020-06-08 15:00:00,756.02001953125,756.4500122070312,746.5599975585938,753.8200073242188,1500
2020-06-09 15:00:00,754.2999877929688,759.47998046875,752.2899780273438,758.6199951171875,1600
2020-06-10 15:00:00,760.0700073242188,766.9600219726562,752.0399780273438,757.0599975585938,1500
2020-06-11 15:00:00,722.9099731445312,747.3699951171875,722.8099975585938,746.0599975585938,1300
2020-06-14 15:00:00,745.5999755859375,747.2100219726562,693.1500244140625,693.1500244140625,1500
2020-06-15 15:00:00,716.5999755859375,735.739990234375,714.1400146484375,735.3800048828125,1300
2020-06-16 15:00:00,731.9099731445312,743.1099853515625,717.6799926757812,735.4000244140625,1400
2020-06-17 15:00:00,738.1099853515625,743.1199951171875,732.9199829101562,737.3300170898438,1200
2020-06-18 15:00:00,743.3499755859375,743.9400024414062,732.5499877929688,742.030029296875,1500
2020-06-21 15:00:00,742.97998046875,752.97998046875,741.780029296875,751.6400146484375,1300
2020-06-22 15:00:00,758.6099853515625,761.3699951171875,744.260009765625,753.22998046875,1600
2020-06-23 15:00:00,758.1500244140625,765.2100219726562,755.1199951171875,759.5,1300
2020-06-24 15:00:00,749.8099975585938,757.22998046875,745.97998046875,750.3599853515625,1400
2020-06-25 15:00:00,758.6199951171875,758.6199951171875,742.5700073242188,750.5800170898438,1500
2020-06-28 15:00:00,743.8800048828125,747.2999877929688,732.8599853515625,734.6900024414062,1300
2020-06-29 15:00:00,744.5399780273438,744.5399780273438,731.760009765625,737.969970703125,1600
2020-06-30 15:00:00,743.530029296875,744.030029296875,726.3599853515625,727.5800170898438,1200
2020-07-01 15:00:00,732.9400024414062,742.5499877929688,732.0900268554688,742.5499877929688,1200
2020-07-02 15:00:00,746.1300048828125,752.219970703125,741.1099853515625,752.1799926757812,1300
2020-07-05 15:00:00,754.739990234375,759.9299926757812,750.4299926757812,759.9000244140625,1100
2020-07-06 15:00:00,763.4000244140625,764.4600219726562,755.4400024414062,759.1599731445312,1300
2020-07-07 15:00:00,761.1900024414062,765.9600219726562,758.3800048828125,765.9600219726562,1300
2020-07-08 15:00:00,770.4600219726562,774.5,769.3099975585938,772.9000244140625,1500
2020-07-09 15:00:00,773.75,775.989990234375,766.510009765625,772.8099975585938,1300
2020-07-12 15:00:00,777.9199829101562,781.1900024414062,773.0800170898438,781.1900024414062,1400
2020-07-13 15:00:00,776.1900024414062,782.7000122070312,775.2899780273438,778.3900146484375,1600
2020-07-14 15:00:00,783.1400146484375,783.2899780273438,775.9600219726562,781.2899780273438,1500
2020-07-15 15:00:00,783.239990234375,783.239990234375,769.3900146484375,775.0700073242188,1600
2020-07-16 15:00:00,776.969970703125,783.3200073242188,775.780029296875,783.219970703125,1400
2020-07-19 15:00:00,786.25,786.2899780273438,776.969970703125,781.9600219726562,1400
2020-07-20 15:00:00,787.2999877929688,792.2000122070312,785.75,790.5800170898438,1500
2020-07-21 15:00:00,790.5800170898438,795.3200073242188,785.969970703125,794.989990234375,1500
2020-07-22 15:00:00,801.6900024414062,801.6900024414062,801.6900024414062,801.6900024414062,0
2020-07-23 15:00:00,796.0800170898438,804.6099853515625,788.719970703125,794.7999877929688,1500
2020-07-26 15:00:00,795.1900024414062,804.5800170898438,795.1900024414062,801.22998046875,1300
2020-07-27 15:00:00,807.2899780273438,810.969970703125,802.0399780273438,807.8499755859375,1500
2020-07-28 15:00:00,808.5900268554688,808.5900268554688,808.5900268554688,808.5900268554688,0
2020-07-29 15:00:00,814.1900024414062,814.1900024414062,814.1900024414062,814.1900024414062,0
2020-07-30 15:00:00,817.52001953125,818.7000122070312,814.22998046875,815.2999877929688,1400
2020-08-02 15:00:00,820.4099731445312,827.7899780273438,815.1500244140625,827.5700073242188,1522800
2020-08-03 15:00:00,833.280029296875,835.3499755859375,830.5499877929688,835.3499755859375,1500
2020-08-04 15:00:00,847.280029296875,847.280029296875,847.280029296875,847.280029296875,0
2020-08-05 15:00:00,854.1199951171875,854.1199951171875,854.1199951171875,854.1199951171875,0
2020-08-06 15:00:00,858.2999877929688,859.4299926757812,849.010009765625,857.6300048828125,1400
2020-08-09 15:00:00,862.760009765625,862.760009765625,862.760009765625,862.760009765625,0
2020-08-10 15:00:00,860.22998046875,860.22998046875,860.22998046875,860.22998046875,0
2020-08-11 15:00:00,845.5999755859375,845.5999755859375,845.5999755859375,845.5999755859375,0
2020-08-12 15:00:00,854.77001953125,854.77001953125,854.77001953125,854.77001953125,0
2020-08-13 15:00:00,854.7100219726562,854.7100219726562,831.1500244140625,835.030029296875,1700
2020-08-17 15:00:00,834.5499877929688,834.5499877929688,794.9099731445312,800.219970703125,1900
2020-08-18 15:00:00,810.8599853515625,818.739990234375,805.52001953125,818.739990234375,1600
2020-08-19 15:00:00,816.6300048828125,821.1099853515625,785.0,791.1400146484375,1800
2020-08-20 15:00:00,801.1400146484375,802.7000122070312,781.4099731445312,796.010009765625,1700
2020-08-23 15:00:00,798.2000122070312,815.739990234375,787.9299926757812,815.739990234375,1500
2020-08-24 15:00:00,821.530029296875,836.4099731445312,820.02001953125,836.3099975585938,1600
2020-08-25 15:00:00,838.8599853515625,842.47998046875,827.27001953125,841.3499755859375,2200
2020-08-26 15:00:00,842.3800048828125,842.8300170898438,832.739990234375,836.4000244140625,3000
2020-08-27 15:00:00,841.760009765625,850.3800048828125,837.8599853515625,841.2999877929688,2100
2020-08-30 15:00:00,847.969970703125,852.5399780273438,839.6300048828125,848.239990234375,1900
2020-08-31 15:00:00,850.5800170898438,854.219970703125,847.530029296875,853.3699951171875,1800
2020-09-01 15:00:00,859.5800170898438,866.8699951171875,858.22998046875,866.739990234375,1800
2020-09-02 15:00:00,871.02001953125,874.1599731445312,869.8400268554688,874.1300048828125,1800
2020-09-03 15:00:00,841.3699951171875,866.9000244140625,841.3699951171875,866.0399780273438,1700
2020-09-06 15:00:00,872.030029296875,879.3599853515625,864.3900146484375,878.8800048828125,1900
2020-09-07 15:00:00,884.719970703125,887.010009765625,874.3099975585938,878.2899780273438,2500
2020-09-08 15:00:00,864.9099731445312,877.6699829101562,864.1699829101562,869.469970703125,2400
2020-09-09 15:00:00,881.1199951171875,884.2999877929688,874.77001953125,884.2999877929688,2000
2020-09-10 15:00:00,881.22998046875,888.4400024414062,877.5800170898438,888.4400024414062,2000
2020-09-13 15:00:00,894.3800048828125,894.7999877929688,886.47998046875,894.1699829101562,1700
2020-09-14 15:00:00,898.6300048828125,899.6400146484375,893.239990234375,899.4600219726562,2100
2020-09-15 15:00:00,901.75,905.5599975585938,891.989990234375,896.280029296875,2400
2020-09-16 15:00:00,897.8800048828125,898.4299926757812,883.5,885.1799926757812,2300
2020-09-17 15:00:00,889.469970703125,892.3900146484375,878.780029296875,888.8800048828125,1800
2020-09-20 15:00:00,889.9400024414062,892.3400268554688,859.4000244140625,866.989990234375,2000
2020-09-21 15:00:00,867.719970703125,867.8900146484375,838.1300048828125,842.719970703125,2000
2020-09-22 15:00:00,855.5700073242188,856.1400146484375,821.8900146484375,843.4500122070312,2200
2020-09-23 15:00:00,825.739990234375,833.0399780273438,804.280029296875,806.9500122070312,2200
2020-09-24 15:00:00,817.9500122070312,820.739990234375,799.530029296875,808.280029296875,2200
2020-09-27 15:00:00,820.719970703125,836.1500244140625,819.8599853515625,835.9099731445312,1900
2020-09-28 15:00:00,844.6900024414062,848.5900268554688,839.6799926757812,848.1500244140625,2100
2020-10-04 15:00:00,848.6699829101562,858.8200073242188,843.0599975585938,858.3900146484375,1700
2020-10-05 15:00:00,863.739990234375,866.6699829101562,855.6500244140625,862.5800170898438,2000
2020-10-06 15:00:00,856.7000122070312,869.6900024414062,856.6599731445312,869.6599731445312,2000
2020-10-07 15:00:00,875.1199951171875,875.5900268554688,867.6300048828125,871.6199951171875,2000
2020-10-11 15:00:00,875.25,875.25,868.010009765625,873.5,2000
2020-10-12 15:00:00,878.1500244140625,878.1500244140625,865.9500122070312,871.9199829101562,2300
2020-10-13 15:00:00,873.0399780273438,875.02001953125,859.8800048828125,861.47998046875,2400
2020-10-14 15:00:00,861.3699951171875,861.3699951171875,833.5499877929688,844.4400024414062,2200
2020-10-15 15:00:00,845.6300048828125,849.2000122070312,822.5800170898438,833.8400268554688,2300
2020-10-18 15:00:00,836.8300170898438,838.6300048828125,821.5,822.25,1700
2020-10-19 15:00:00,816.1599731445312,825.9600219726562,803.239990234375,824.6500244140625,1700
2020-10-20 15:00:00,827.3499755859375,830.9500122070312,819.6599731445312,830.6699829101562,1500
2020-10-21 15:00:00,826.7100219726562,826.7100219726562,812.7000122070312,812.7000122070312,1700
2020-10-22 15:00:00,817.7000122070312,817.7000122070312,804.75,807.97998046875,1600
2020-10-25 15:00:00,808.0599975585938,808.0599975585938,776.7000122070312,778.02001953125,1600
2020-10-26 15:00:00,771.8400268554688,794.0399780273438,766.9600219726562,783.72998046875,2100
2020-10-27 15:00:00,784.8800048828125,806.2000122070312,784.8800048828125,806.2000122070312,2000
2020-10-28 15:00:00,791.02001953125,814.1599731445312,791.02001953125,813.9299926757812,1900
2020-10-29 15:00:00,814.1599731445312,814.5900268554688,791.2999877929688,792.6500244140625,1900
2020-11-01 15:00:00,796.4600219726562,805.9199829101562,789.8499755859375,802.9500122070312,1500
2020-11-02 15:00:00,810.010009765625,821.280029296875,810.010009765625,818.4600219726562,1700
2020-11-03 15:00:00,826.0399780273438,828.8900146484375,814.760009765625,826.969970703125,1800
2020-11-04 15:00:00,833.3699951171875,845.8099975585938,831.780029296875,844.7999877929688,1700
2020-11-05 15:00:00,849.1799926757812,849.3900146484375,832.27001953125,836.780029296875,1900
2020-11-08 15:00:00,845.8099975585938,851.2100219726562,845.1699829101562,851.2100219726562,1700
2020-11-09 15:00:00,844.219970703125,844.219970703125,835.27001953125,840.7899780273438,1800
2020-11-10 15:00:00,840.8900146484375,842.760009765625,829.530029296875,839.9000244140625,2300
2020-11-11 15:00:00,844.6400146484375,846.8699951171875,835.9500122070312,840.0800170898438,2100
2020-11-12 15:00:00,837.280029296875,839.5399780273438,826.1699829101562,839.1400146484375,1900
2020-11-15 15:00:00,843.489990234375,849.7999877929688,841.5999755859375,847.3300170898438,1600
2020-11-16 15:00:00,846.5499877929688,846.5499877929688,836.0,839.469970703125,1800
2020-11-17 15:00:00,842.5499877929688,852.27001953125,840.4299926757812,851.739990234375,2300
2020-11-18 15:00:00,851.6799926757812,860.989990234375,849.719970703125,859.9400024414062,2200
2020-11-19 15:00:00,863.0700073242188,870.780029296875,861.2899780273438,870.1799926757812,2100
2020-11-22 15:00:00,872.219970703125,875.260009765625,868.5999755859375,873.2899780273438,2100
2020-11-23 15:00:00,876.6500244140625,876.8900146484375,868.8900146484375,872.0999755859375,3200
2020-11-24 15:00:00,877.3499755859375,878.760009765625,855.280029296875,865.1199951171875,2500
2020-11-25 15:00:00,868.5999755859375,875.260009765625,861.0499877929688,874.530029296875,1900
2020-11-26 15:00:00,876.3699951171875,886.2000122070312,875.4500122070312,885.5599975585938,1800
2020-11-29 15:00:00,890.6500244140625,891.530029296875,885.6500244140625,886.1099853515625,1700
2020-11-30 15:00:00,889.530029296875,892.219970703125,883.239990234375,891.2899780273438,2100
2020-12-01 15:00:00,894.9400024414062,899.8699951171875,891.6099853515625,899.3400268554688,1900
2020-12-02 15:00:00,901.6099853515624,907.719970703125,900.0900268554688,907.6099853515624,2400
2020-12-03 15:00:00,909.989990234375,914.27001953125,908.239990234375,913.760009765625,2200
2020-12-06 15:00:00,914.1500244140624,927.3499755859376,910.3599853515624,926.8800048828124,2200
2020-12-07 15:00:00,927.6900024414062,933.1400146484376,906.3099975585938,906.8400268554688,2600
2020-12-08 15:00:00,908.0499877929688,917.2100219726562,904.4500122070312,913.8099975585938,2700
2020-12-09 15:00:00,913.02001953125,922.1300048828124,905.760009765625,921.7000122070312,2700
2020-12-10 15:00:00,925.2999877929688,929.22998046875,923.3900146484376,928.4400024414062,1900
2020-12-13 15:00:00,930.780029296875,935.9000244140624,924.52001953125,929.5399780273438,1600
2020-12-14 15:00:00,930.72998046875,934.2999877929688,921.27001953125,931.27001953125,2100
2020-12-15 15:00:00,932.4099731445312,941.4500122070312,932.4099731445312,939.6500244140624,2000
2020-12-16 15:00:00,938.8800048828124,948.4299926757812,938.8800048828124,944.0399780273438,2700
2020-12-17 15:00:00,945.8099975585938,948.5900268554688,942.4600219726562,947.239990234375,2100
2020-12-20 15:00:00,948.6400146484376,954.3400268554688,940.97998046875,953.5800170898438,1900
2020-12-21 15:00:00,953.47998046875,953.47998046875,928.510009765625,928.72998046875,1900
2020-12-22 15:00:00,932.25,938.9099731445312,918.4400024414062,923.1699829101562,1900
2020-12-23 15:00:00,924.3400268554688,933.3900146484376,920.530029296875,928.6799926757812,1700
2020-12-27 15:00:00,930.0700073242188,937.760009765625,923.9600219726562,927.0,1600
2020-12-28 15:00:00,928.5800170898438,957.47998046875,928.5800170898438,957.4099731445312,1500
2020-12-29 15:00:00,957.3800048828124,971.0399780273438,955.3800048828124,968.4199829101562,1600
2021-01-03 15:00:00,968.8599853515624,977.6199951171876,960.52001953125,977.6199951171876,1700
2021-01-04 15:00:00,976.4299926757812,985.760009765625,965.530029296875,985.760009765625,1800
2021-01-05 15:00:00,987.25,990.8800048828124,977.3699951171876,981.3900146484376,2000
2021-01-06 15:00:00,983.280029296875,993.9099731445312,982.27001953125,988.8599853515624,2300
2021-01-07 15:00:00,990.7000122070312,995.219970703125,978.1199951171876,987.7899780273438,2600
2021-01-10 15:00:00,988.3800048828124,993.2000122070312,953.3599853515624,976.6300048828124,2200
2021-01-11 15:00:00,977.1400146484376,982.4600219726562,956.719970703125,973.719970703125,1700
2021-01-12 15:00:00,974.1400146484376,982.6599731445312,972.0999755859376,979.1300048828124,1600
2021-01-13 15:00:00,979.0999755859376,980.2899780273438,973.6300048828124,980.2899780273438,1700
2021-01-14 15:00:00,981.719970703125,982.3099975585938,963.0900268554688,964.4400024414062,1800
2021-01-17 15:00:00,963.1799926757812,967.0499877929688,940.1099853515624,944.6699829101562,2000
2021-01-18 15:00:00,945.3300170898438,962.1400146484376,936.9299926757812,957.75,2100
2021-01-19 15:00:00,959.52001953125,978.8800048828124,959.52001953125,977.6599731445312,2400
2021-01-20 15:00:00,979.8200073242188,984.97998046875,975.6199951171876,981.4000244140624,2000
2021-01-21 15:00:00,982.2000122070312,984.6699829101562,975.0499877929688,979.97998046875,2300
2021-01-24 15:00:00,981.0499877929688,999.6400146484376,981.0499877929688,999.2999877929688,1900
2021-01-25 15:00:00,1000.0,1007.52001953125,989.030029296875,994.0,2700
2021-01-26 15:00:00,996.4199829101562,1000.75,984.3699951171876,985.9199829101562,2900
2021-01-27 15:00:00,980.7000122070312,980.7000122070312,957.1699829101562,961.22998046875,2000
2021-01-28 15:00:00,963.5800170898438,970.9500122070312,918.6799926757812,928.72998046875,2200
2021-01-31 15:00:00,927.9199829101562,957.260009765625,918.9199829101562,956.9199829101562,1500
2021-02-01 15:00:00,963.8099975585938,963.8099975585938,963.8099975585938,963.8099975585938,0
2021-02-02 15:00:00,965.989990234375,970.8499755859376,958.469970703125,970.6900024414062,1900
2021-02-03 15:00:00,970.9299926757812,970.9500122070312,958.0499877929688,964.5800170898438,2200
2021-02-04 15:00:00,965.6099853515624,970.5999755859376,961.260009765625,967.4199829101562,2000
2021-02-07 15:00:00,966.9400024414062,968.030029296875,956.9299926757812,960.780029296875,2100
2021-02-08 15:00:00,961.3099975585938,966.219970703125,957.6900024414062,957.8499755859376,3200
2021-02-09 15:00:00,958.4500122070312,964.6599731445312,951.2100219726562,964.3099975585938,2800
2021-02-14 15:00:00,965.8300170898438,982.780029296875,965.8300170898438,981.969970703125,3000
2021-02-15 15:00:00,982.8099975585938,987.8900146484376,974.2999877929688,977.739990234375,3000
2021-02-16 15:00:00,977.9299926757812,979.9000244140624,970.5499877929688,979.77001953125,5100
2021-02-17 15:00:00,980.010009765625,981.8300170898438,967.4199829101562,967.4199829101562,4400
2021-02-18 15:00:00,967.6500244140624,968.9199829101562,944.739990234375,965.1099853515624,4400
2021-02-21 15:00:00,965.5499877929688,969.9600219726562,953.47998046875,954.2899780273438,2700
2021-02-22 15:00:00,952.22998046875,952.22998046875,934.3499755859376,936.5999755859376,3400
2021-02-23 15:00:00,936.7999877929688,944.7100219726562,906.3099975585938,906.3099975585938,3600
2021-02-24 15:00:00,910.1500244140624,936.9400024414062,910.1500244140624,936.2100219726562,2400
2021-02-25 15:00:00,930.5399780273438,930.5399780273438,904.1799926757812,913.9400024414062,2600
2021-03-01 15:00:00,919.1699829101562,936.6099853515624,914.489990234375,923.1699829101562,3000
2021-03-02 15:00:00,922.52001953125,930.8599853515624,920.0700073242188,930.7999877929688,3400
2021-03-03 15:00:00,929.0900268554688,929.0900268554688,916.75,926.2000122070312,2400
2021-03-04 15:00:00,923.3200073242188,924.4199829101562,907.4099731445312,923.47998046875,2200
2021-03-07 15:00:00,925.1900024414062,931.1400146484376,904.6199951171876,904.77001953125,3300
2021-03-08 15:00:00,904.0399780273438,904.0399780273438,877.72998046875,896.3599853515625,3500
2021-03-09 15:00:00,900.1900024414062,911.0399780273438,890.0700073242188,890.0700073242188,2900
2021-03-10 15:00:00,890.969970703125,908.010009765625,890.969970703125,908.010009765625,2400
2021-03-11 15:00:00,910.4099731445312,925.9000244140624,910.4099731445312,925.489990234375,2900
2021-03-14 15:00:00,926.0399780273438,929.6900024414062,921.7100219726562,926.9000244140624,2300
2021-03-15 15:00:00,928.1699829101562,941.0,928.1699829101562,940.6500244140624,3400
2021-03-16 15:00:00,941.2000122070312,943.780029296875,935.1099853515624,943.780029296875,2800
2021-03-17 15:00:00,945.1099853515624,953.0999755859376,945.1099853515624,949.8300170898438,2100
2021-03-18 15:00:00,946.6099853515624,953.0599975585938,935.27001953125,952.1099853515624,1700
2021-03-21 15:00:00,953.0399780273438,957.52001953125,948.77001953125,955.3800048828124,1800
2021-03-22 15:00:00,956.0999755859376,962.6500244140624,945.969970703125,946.3099975585938,2000
2021-03-23 15:00:00,946.22998046875,954.2000122070312,939.1900024414062,953.8200073242188,1700
2021-03-24 15:00:00,953.260009765625,955.239990234375,948.3400268554688,954.989990234375,1800
2021-03-25 15:00:00,955.6799926757812,959.4600219726562,951.1300048828124,956.7000122070312,2100
2021-03-28 15:00:00,956.8800048828124,961.72998046875,952.219970703125,954.0999755859376,2400
2021-03-29 15:00:00,954.5399780273438,959.8800048828124,954.5399780273438,958.0599975585938,2000
2021-03-30 15:00:00,958.3800048828124,961.02001953125,954.1699829101562,956.1699829101562,1900
2021-03-31 15:00:00,956.8699951171876,965.8099975585938,954.9299926757812,965.780029296875,2000
2021-04-01 15:00:00,967.5599975585938,971.1699829101562,966.3400268554688,970.0900268554688,2300
2021-04-04 15:00:00,971.0399780273438,973.5700073242188,966.52001953125,969.77001953125,1900
2021-04-05 15:00:00,971.1099853515624,974.1400146484376,964.6199951171876,968.6300048828124,2400
2021-04-06 15:00:00,969.2999877929688,974.1099853515624,968.3499755859376,973.219970703125,2000
2021-04-07 15:00:00,974.1400146484376,982.0399780273438,969.530029296875,982.02001953125,1900
2021-04-08 15:00:00,983.4000244140624,991.1699829101562,983.4000244140624,989.3900146484376,1600
2021-04-11 15:00:00,992.3099975585938,1000.780029296875,990.3200073242188,1000.6500244140624,1900
2021-04-12 15:00:00,1001.0,1010.7999877929688,1001.0,1010.3699951171876,3700
2021-04-13 15:00:00,1011.3499755859376,1016.0599975585938,1009.3400268554688,1014.4199829101562,3200
2021-04-14 15:00:00,1014.3400268554688,1014.719970703125,1008.7999877929688,1013.9000244140624,2600
2021-04-15 15:00:00,1015.7100219726562,1022.3599853515624,1014.4000244140624,1021.6199951171876,2100
2021-04-18 15:00:00,1022.0599975585938,1032.6400146484375,1020.5800170898438,1029.4599609375,2000
2021-04-19 15:00:00,1029.1800537109375,1031.9000244140625,1025.47998046875,1031.8800048828125,1800
2021-04-20 15:00:00,1031.260009765625,1031.260009765625,1019.5900268554688,1022.219970703125,2900
2021-04-21 15:00:00,1023.6500244140624,1029.800048828125,1023.4299926757812,1025.7099609375,4100
2021-04-22 15:00:00,1024.2900390625,1029.7900390625,1018.8699951171876,1026.8199462890625,4100
2021-04-25 15:00:00,1027.4000244140625,1030.5999755859375,1025.72998046875,1030.06005859375,2900
2021-04-26 15:00:00,1030.2900390625,1031.949951171875,1019.8099975585938,1021.010009765625,3400
2021-04-27 15:00:00,1021.1300048828124,1021.1300048828124,995.9600219726562,998.27001953125,3200
2021-04-28 15:00:00,999.010009765625,1004.5700073242188,983.72998046875,990.6900024414062,1900
2021-04-29 15:00:00,991.0800170898438,995.739990234375,975.6599731445312,983.4500122070312,1500
2021-05-02 15:00:00,982.969970703125,986.2000122070312,961.2999877929688,961.8099975585938,1500
2021-05-03 15:00:00,961.3200073242188,967.6799926757812,944.1500244140624,967.2000122070312,1500
2021-05-05 15:00:00,969.989990234375,969.989990234375,969.989990234375,969.989990234375,0
2021-05-06 15:00:00,970.9600219726562,981.0399780273438,970.9600219726562,978.2999877929688,1300
2021-05-09 15:00:00,979.3800048828124,993.0599975585938,979.3800048828124,992.7999877929688,1300
2021-05-10 15:00:00,991.4099731445312,991.4099731445312,974.0999755859376,978.6099853515624,1400
2021-05-11 15:00:00,978.27001953125,979.989990234375,958.5700073242188,967.0999755859376,2000
2021-05-12 15:00:00,963.3099975585938,965.27001953125,948.0399780273438,951.77001953125,1400
2021-05-13 15:00:00,953.9099731445312,967.1799926757812,953.9099731445312,966.719970703125,1600
2021-05-16 15:00:00,968.02001953125,973.3499755859376,958.6400146484376,962.5,1500
2021-05-17 15:00:00,962.8300170898438,969.7899780273438,959.97998046875,969.0999755859376,1400
2021-05-19 15:00:00,968.3499755859376,971.6199951171876,962.780029296875,971.1300048828124,1500
2021-05-20 15:00:00,972.2999877929688,979.3699951171876,965.5499877929688,965.6300048828124,1500
2021-05-23 15:00:00,965.22998046875,965.22998046875,948.3699951171876,948.3699951171876,1500
2021-05-24 15:00:00,949.780029296875,963.4000244140624,949.780029296875,962.0700073242188,1700
2021-05-25 15:00:00,962.6900024414062,967.489990234375,962.6900024414062,966.0599975585938,1900
2021-05-26 15:00:00,967.010009765625,974.2899780273438,960.6400146484376,974.0800170898438,1800
2021-05-27 15:00:00,974.5499877929688,979.5900268554688,973.760009765625,977.4600219726562,1600
2021-05-30 15:00:00,979.0,983.4099731445312,979.0,981.780029296875,1600
2021-05-31 15:00:00,982.25,984.6099853515624,979.1300048828124,984.5900268554688,1800
2021-06-01 15:00:00,985.5,986.0,977.739990234375,981.0999755859376,1600
2021-06-02 15:00:00,981.52001953125,992.010009765625,981.52001953125,990.1900024414062,1700
2021-06-03 15:00:00,990.1599731445312,990.1599731445312,983.02001953125,987.5800170898438,2100
2021-06-06 15:00:00,989.1599731445312,993.0599975585938,982.1400146484376,985.8599853515624,2000
2021-06-07 15:00:00,986.4299926757812,988.3499755859376,982.75,986.1199951171876,1900
2021-06-08 15:00:00,986.5900268554688,989.1500244140624,978.7899780273438,978.7899780273438,1700
2021-06-09 15:00:00,979.52001953125,993.0800170898438,979.469970703125,987.77001953125,1800
2021-06-10 15:00:00,989.3900146484376,993.9000244140624,989.1500244140624,991.1300048828124,1500
2021-06-13 15:00:00,992.7999877929688,998.8499755859376,991.9299926757812,997.4099731445312,1400
2021-06-14 15:00:00,998.0499877929688,999.530029296875,993.6400146484376,997.3699951171876,1600
2021-06-15 15:00:00,997.6799926757812,1000.4299926757812,995.3499755859376,998.489990234375,1400
2021-06-16 15:00:00,998.27001953125,1004.7000122070312,994.760009765625,1003.719970703125,1900
2021-06-17 15:00:00,1004.5700073242188,1016.3300170898438,1004.5700073242188,1015.8800048828124,1800
2021-06-20 15:00:00,1014.5900268554688,1014.5900268554688,1006.8300170898438,1010.989990234375,1500
2021-06-21 15:00:00,1012.010009765625,1016.7000122070312,1008.1099853515624,1011.5599975585938,1600
2021-06-22 15:00:00,1016.4600219726562,1016.4600219726562,1016.4600219726562,1016.4600219726562,0
2021-06-23 15:00:00,1012.6199951171876,1012.6199951171876,1012.6199951171876,1012.6199951171876,0
2021-06-24 15:00:00,1013.969970703125,1018.97998046875,1011.3099975585938,1012.1300048828124,1300
2021-06-27 15:00:00,1013.469970703125,1018.760009765625,1013.469970703125,1017.9099731445312,1600
2021-06-28 15:00:00,1019.6400146484376,1026.8299560546875,1019.280029296875,1022.52001953125,2100
2021-06-29 15:00:00,1023.739990234375,1030.93994140625,1023.739990234375,1029.9599609375,2100
2021-06-30 15:00:00,1030.47998046875,1036.469970703125,1028.47998046875,1035.6400146484375,1700
2021-07-01 15:00:00,1036.280029296875,1038.5400390625,1033.93994140625,1038.1800537109375,1700
2021-07-04 15:00:00,1039.7900390625,1048.1600341796875,1039.7900390625,1047.3299560546875,1700
2021-07-05 15:00:00,1047.5999755859375,1049.239990234375,1043.510009765625,1044.9599609375,2000
2021-07-06 15:00:00,1045.0,1050.31005859375,1042.4200439453125,1047.3599853515625,1700
2021-07-07 15:00:00,1047.9599609375,1049.949951171875,1028.1400146484375,1034.47998046875,1900
2021-07-08 15:00:00,1031.780029296875,1031.780029296875,1013.9099731445312,1028.9300537109375,2200
2021-07-11 15:00:00,1030.3599853515625,1037.010009765625,1030.3599853515625,1034.6400146484375,1700
2021-07-12 15:00:00,1035.6800537109375,1044.6400146484375,1035.6800537109375,1043.31005859375,1700
2021-07-13 15:00:00,1043.5,1045.449951171875,1038.6800537109375,1044.97998046875,1700
2021-07-14 15:00:00,1046.5699462890625,1055.8199462890625,1046.5699462890625,1054.31005859375,2100
2021-07-15 15:00:00,1053.8499755859375,1053.949951171875,1044.699951171875,1051.97998046875,1700
2021-07-18 15:00:00,1049.510009765625,1051.449951171875,1046.9000244140625,1049.8299560546875,1400
2021-07-19 15:00:00,1040.989990234375,1049.199951171875,1036.1400146484375,1043.6400146484375,1600
2021-07-20 15:00:00,1051.72998046875,1051.949951171875,1041.43994140625,1042.030029296875,1300
2021-07-21 15:00:00,1046.510009765625,1051.93994140625,1046.510009765625,1050.25,1600
2021-07-22 15:00:00,1053.010009765625,1059.1800537109375,1053.010009765625,1055.5,1400
2021-07-25 15:00:00,1059.9100341796875,1060.2099609375,1045.27001953125,1047.6300048828125,1300
2021-07-26 15:00:00,1050.8699951171875,1053.4599609375,1045.6600341796875,1046.550048828125,1600
2021-07-27 15:00:00,1043.18994140625,1048.780029296875,1030.0400390625,1035.6800537109375,1400
2021-07-28 15:00:00,1040.449951171875,1044.7900390625,1039.260009765625,1044.1300048828125,1200
2021-07-29 15:00:00,1044.280029296875,1044.3599853515625,1029.18994140625,1031.1400146484375,1300
2021-08-01 15:00:00,1033.1700439453125,1038.489990234375,1029.260009765625,1037.800048828125,1200
2021-08-02 15:00:00,1038.9100341796875,1041.760009765625,1029.050048828125,1036.1099853515625,1500
2021-08-03 15:00:00,1038.9599609375,1047.9300537109375,1035.97998046875,1047.9300537109375,1500
2021-08-04 15:00:00,1050.449951171875,1060.1400146484375,1050.3199462890625,1059.5400390625,1400
2021-08-05 15:00:00,1061.3199462890625,1062.030029296875,1055.6400146484375,1059.800048828125,1300
2021-08-08 15:00:00,1059.2900390625,1061.780029296875,1054.5799560546875,1060.0,1352800
2021-08-09 15:00:00,1060.9000244140625,1060.9000244140625,1048.97998046875,1052.0699462890625,1700
2021-08-10 15:00:00,1050.47998046875,1057.030029296875,1048.699951171875,1051.9200439453125,1300
2021-08-11 15:00:00,1054.1600341796875,1058.4100341796875,1052.2099609375,1054.0899658203125,1100
2021-08-12 15:00:00,1054.280029296875,1054.4599609375,1024.47998046875,1040.780029296875,1400
2021-08-16 15:00:00,1039.6600341796875,1039.6600341796875,1009.2100219726562,1011.0499877929688,1200
2021-08-17 15:00:00,1006.7999877929688,1022.0900268554688,999.260009765625,1021.0800170898438,1100
2021-08-18 15:00:00,1013.9299926757812,1022.77001953125,991.1300048828124,991.1500244140624,1400
2021-08-19 15:00:00,997.02001953125,1000.6699829101562,964.02001953125,967.9000244140624,1300
2021-08-22 15:00:00,977.8699951171876,996.22998046875,969.47998046875,993.1799926757812,1000
2021-08-23 15:00:00,1002.1900024414062,1015.0900268554688,1000.719970703125,1013.1799926757812,1300
2021-08-24 15:00:00,1017.9600219726562,1017.9600219726562,1006.97998046875,1017.780029296875,1225800
2021-08-25 15:00:00,1020.8499755859376,1026.260009765625,1015.9099731445312,1020.4400024414062,1081700
2021-08-26 15:00:00,1017.3599853515624,1027.260009765625,1014.0999755859376,1023.510009765625,1300
2021-08-29 15:00:00,1030.6500244140625,1035.77001953125,1027.8399658203125,1031.8399658203125,1200
2021-08-30 15:00:00,1032.77001953125,1038.3299560546875,1026.3599853515625,1038.3299560546875,1200
2021-08-31 15:00:00,1038.0899658203125,1046.0,1035.0899658203125,1045.97998046875,1100
2021-09-01 15:00:00,1048.1500244140625,1048.199951171875,1042.3599853515625,1047.18994140625,1300
2021-09-02 15:00:00,1049.81005859375,1054.530029296875,1047.1199951171875,1053.8499755859375,1400
2021-09-05 15:00:00,1056.300048828125,1056.300048828125,1049.27001953125,1052.9599609375,1300
2021-09-06 15:00:00,1054.030029296875,1054.760009765625,1049.800048828125,1054.4300537109375,1600
2021-09-07 15:00:00,1053.4599609375,1053.4599609375,1037.219970703125,1037.219970703125,1500
2021-09-08 15:00:00,1033.969970703125,1042.0400390625,1027.6400146484375,1034.6199951171875,1400
2021-09-09 15:00:00,1035.8599853515625,1039.72998046875,1026.969970703125,1037.9100341796875,1400
2021-09-12 15:00:00,1036.8599853515625,1037.5,1023.97998046875,1026.3399658203125,1300
2021-09-13 15:00:00,1029.5699462890625,1038.93994140625,1028.4000244140625,1037.739990234375,1200
2021-09-14 15:00:00,1039.5699462890625,1044.260009765625,1038.800048828125,1042.7900390625,1400
2021-09-15 15:00:00,1047.8499755859375,1048.3699951171875,1037.719970703125,1039.4300537109375,1100
2021-09-16 15:00:00,1040.72998046875,1046.1300048828125,1033.68994140625,1046.1199951171875,1200
2021-09-22 15:00:00,1040.3800048828125,1043.5799560546875,1036.25,1036.260009765625,968200
2021-09-23 15:00:00,1040.4300537109375,1045.2099609375,1034.800048828125,1037.030029296875,1300
2021-09-26 15:00:00,1037.2099609375,1039.6300048828125,1031.9300537109375,1034.8199462890625,1000
2021-09-27 15:00:00,1034.0400390625,1034.0699462890625,1012.510009765625,1012.510009765625,1400
2021-09-28 15:00:00,994.6099853515624,1004.8499755859376,989.0700073242188,1001.4600219726562,1300
2021-09-29 15:00:00,1001.9199829101562,1010.030029296875,999.5800170898438,1003.27001953125,1300
2021-09-30 15:00:00,998.7000122070312,1002.6799926757812,982.260009765625,983.2000122070312,1400
2021-10-04 15:00:00,974.239990234375,974.239990234375,950.0900268554688,955.3699951171876,1300
2021-10-05 15:00:00,962.6199951171876,967.6699829101562,922.3599853515624,922.3599853515624,1700
2021-10-06 15:00:00,932.6500244140624,953.47998046875,932.3200073242188,953.4299926757812,1400
2021-10-07 15:00:00,959.8099975585938,961.719970703125,948.02001953125,953.1099853515624,1300
2021-10-11 15:00:00,951.1199951171876,951.1199951171876,936.9500122070312,940.1500244140624,1100
2021-10-12 15:00:00,939.4000244140624,954.6300048828124,939.280029296875,953.469970703125,1000
2021-10-13 15:00:00,960.5800170898438,983.6300048828124,960.52001953125,983.4299926757812,1200
2021-10-14 15:00:00,990.239990234375,992.1599731445312,981.8300170898438,990.5399780273438,1400
2021-10-17 15:00:00,992.5700073242188,997.9199829101562,985.1400146484376,993.8599853515624,1200
2021-10-18 15:00:00,997.5700073242188,1005.3499755859376,997.0999755859376,1005.3499755859376,1400
2021-10-19 15:00:00,1009.1099853515624,1011.5499877929688,1001.0999755859376,1001.6199951171876,1600
2021-10-20 15:00:00,1003.47998046875,1004.6099853515624,992.0399780273438,993.7000122070312,1600
2021-10-21 15:00:00,992.219970703125,1000.1500244140624,989.4299926757812,995.0700073242188,1200
2021-10-24 15:00:00,994.75,995.3900146484376,986.5499877929688,994.3099975585938,1100
2021-10-25 15:00:00,1000.3200073242188,1011.760009765625,1000.2899780273438,1011.760009765625,1300
2021-10-26 15:00:00,1012.9099731445312,1013.1699829101562,1006.030029296875,1008.9500122070312,1273200
2021-10-27 15:00:00,1008.9299926757812,1011.5,999.5900268554688,1000.1300048828124,1300
2021-10-28 15:00:00,1004.9099731445312,1005.1900024414062,991.030029296875,992.3300170898438,1300
2021-10-31 15:00:00,995.5599975585938,1001.25,994.280029296875,998.5700073242188,1200
2021-11-01 15:00:00,1000.9600219726562,1012.2000122070312,1000.9600219726562,1009.4400024414062,1399900
2021-11-02 15:00:00,1011.2000122070312,1013.6799926757812,1003.6599731445312,1005.0,1100
2021-11-03 15:00:00,1012.6199951171876,1015.719970703125,995.72998046875,1001.4299926757812,1200
2021-11-04 15:00:00,1006.0399780273438,1006.0399780273438,995.3499755859376,1001.3499755859376,1300
2021-11-07 15:00:00,999.0800170898438,1003.1799926757812,988.3599853515624,1002.5,1300
2021-11-08 15:00:00,1002.510009765625,1010.7899780273438,1002.510009765625,1008.6799926757812,1200
2021-11-09 15:00:00,1006.5900268554688,1006.9000244140624,983.8200073242188,987.75,1500
2021-11-10 15:00:00,981.4199829101562,994.6900024414062,979.6799926757812,992.6500244140624,1100
2021-11-11 15:00:00,999.2899780273438,1009.1500244140624,998.1400146484376,1009.0700073242188,900
2021-11-14 15:00:00,1016.3499755859376,1029.0699462890625,1016.1599731445312,1029.030029296875,900
2021-11-15 15:00:00,1029.3499755859375,1035.97998046875,1027.0699462890625,1035.4599609375,1000
2021-11-16 15:00:00,1039.3599853515625,1039.3599853515625,1028.02001953125,1031.260009765625,1410200
2021-11-17 15:00:00,1033.1600341796875,1034.510009765625,1018.1300048828124,1032.77001953125,1500
2021-11-18 15:00:00,1032.0699462890625,1042.4000244140625,1029.5400390625,1041.9200439453125,1300
2021-11-21 15:00:00,1043.550048828125,1045.3599853515625,1023.1300048828124,1032.31005859375,1300
2021-11-22 15:00:00,1024.3299560546875,1029.0799560546875,1012.9500122070312,1013.719970703125,1000
2021-11-23 15:00:00,1015.22998046875,1021.1300048828124,1003.1900024414062,1020.1300048828124,1000
2021-11-24 15:00:00,1023.4099731445312,1025.9000244140625,1015.6199951171876,1015.6599731445312,1100
2021-11-25 15:00:00,1017.9000244140624,1021.1500244140624,999.4000244140624,1005.8900146484376,1200
2021-11-28 15:00:00,986.6400146484376,1002.7899780273438,980.260009765625,992.3400268554688,1300
2021-11-29 15:00:00,1003.0399780273438,1004.8300170898438,960.8400268554688,965.6300048828124,1400
2021-11-30 15:00:00,969.9000244140624,977.72998046875,949.8599853515624,977.1500244140624,1100
2021-12-01 15:00:00,967.3400268554688,978.1599731445312,961.97998046875,977.4299926757812,1100
2021-12-02 15:00:00,981.6500244140624,998.489990234375,977.9099731445312,998.469970703125,1200
2021-12-05 15:00:00,990.0700073242188,994.1500244140624,980.8699951171876,991.8699951171876,1100
2021-12-06 15:00:00,996.8900146484376,999.52001953125,991.0700073242188,996.6400146484376,1000
2021-12-07 15:00:00,1006.6099853515624,1012.6400146484376,1003.9199829101562,1006.0399780273438,1100
2021-12-08 15:00:00,1009.2899780273438,1022.8699951171876,1009.2899780273438,1022.8699951171876,1061000
2021-12-09 15:00:00,1016.3400268554688,1018.4199829101562,1010.02001953125,1011.5700073242188,1200
2021-12-12 15:00:00,1014.27001953125,1014.9000244140624,1005.9600219726562,1005.9600219726562,1300
2021-12-13 15:00:00,1001.1099853515624,1007.72998046875,996.8499755859376,1002.8099975585938,1100
2021-12-14 15:00:00,1002.1799926757812,1007.4400024414062,999.2100219726562,1003.52001953125,1125300
2021-12-15 15:00:00,1013.0499877929688,1016.3200073242188,1006.9000244140624,1007.8599853515624,1300
2021-12-16 15:00:00,1001.510009765625,1005.3599853515624,995.9299926757812,1001.260009765625,1100
2021-12-19 15:00:00,1001.1699829101562,1004.75,990.510009765625,990.510009765625,1009800
2021-12-20 15:00:00,994.530029296875,997.2999877929688,982.4299926757812,996.5999755859376,1400
2021-12-21 15:00:00,1004.0999755859376,1005.22998046875,999.0499877929688,1000.1300048828124,1200
2021-12-22 15:00:00,1004.4500122070312,1007.4199829101562,1001.47998046875,1003.3099975585938,1400
2021-12-23 15:00:00,1008.0499877929688,1010.97998046875,1005.6099853515624,1007.4199829101562,1200
2021-12-26 15:00:00,1008.9000244140624,1013.7000122070312,1006.8699951171876,1011.3599853515624,1200
2021-12-27 15:00:00,1016.2899780273438,1027.449951171875,1014.3900146484376,1027.43994140625,1300
2021-12-28 15:00:00,1028.4599609375,1034.050048828125,1022.72998046875,1028.050048828125,1000
2021-12-29 15:00:00,1029.739990234375,1034.8699951171875,1021.5900268554688,1033.97998046875,900
2022-01-03 15:00:00,1041.0699462890625,1041.2900390625,1025.22998046875,1031.6600341796875,1324100
2022-01-04 15:00:00,1029.1199951171875,1029.1199951171875,1007.8400268554688,1009.6199951171876,1500500
2022-01-05 15:00:00,993.5999755859376,1003.010009765625,979.8300170898438,980.2999877929688,1500
2022-01-06 15:00:00,986.1799926757812,997.02001953125,986.1799926757812,995.1599731445312,1500
2022-01-09 15:00:00,992.489990234375,992.489990234375,976.4099731445312,980.3800048828124,1300
2022-01-10 15:00:00,982.4400024414062,985.1300048828124,962.9099731445312,969.9199829101562,1300
2022-01-11 15:00:00,978.6900024414062,991.7100219726562,978.6900024414062,991.3300170898438,1200
2022-01-12 15:00:00,994.5499877929688,994.5499877929688,981.3099975585938,983.25,1200
2022-01-13 15:00:00,971.1099853515624,977.6900024414062,967.1900024414062,971.3900146484376,1400
2022-01-16 15:00:00,971.8099975585938,971.8099975585938,954.8200073242188,957.9000244140624,1100
2022-01-17 15:00:00,959.97998046875,969.1699829101562,942.1099853515624,943.9400024414062,1100
2022-01-18 15:00:00,935.0599975585938,944.8099975585938,929.1500244140624,933.9000244140624,1200
2022-01-19 15:00:00,934.0,958.7000122070312,933.969970703125,958.7000122070312,1000
2022-01-20 15:00:00,950.6699829101562,958.3800048828124,937.47998046875,942.8499755859376,1100
2022-01-23 15:00:00,915.4000244140624,915.4000244140624,915.4000244140624,915.4000244140624,0
2022-01-24 15:00:00,920.9500122070312,923.0700073242188,883.1699829101562,889.4400024414062,1300
2022-01-25 15:00:00,892.010009765625,900.3800048828125,881.6799926757812,882.0900268554688,1100
2022-01-26 15:00:00,884.22998046875,885.0,847.3400268554688,849.22998046875,1200
2022-01-27 15:00:00,852.5700073242188,872.8699951171875,835.5499877929688,872.8699951171875,1000
2022-02-02 15:00:00,887.8499755859375,898.3699951171875,887.02001953125,891.5999755859375,1100
2022-02-03 15:00:00,888.510009765625,902.8699951171876,886.9299926757812,902.8699951171876,1100
2022-02-06 15:00:00,905.9600219726562,905.9600219726562,893.9099731445312,899.4000244140625,900
2022-02-07 15:00:00,900.7000122070312,907.239990234375,887.5399780273438,895.27001953125,1200
2022-02-08 15:00:00,904.0700073242188,910.530029296875,900.8599853515624,910.530029296875,900
2022-02-09 15:00:00,914.6500244140624,914.9199829101562,893.2100219726562,895.6799926757812,900
2022-02-10 15:00:00,885.3099975585938,889.4199829101562,877.280029296875,877.4199829101562,1000
2022-02-13 15:00:00,864.489990234375,867.239990234375,850.280029296875,852.7899780273438,889900
2022-02-14 15:00:00,855.6199951171875,860.4000244140625,837.8300170898438,839.9199829101562,1036300
2022-02-15 15:00:00,857.5399780273438,878.1500244140625,857.5399780273438,878.1500244140625,900
2022-02-16 15:00:00,879.1199951171875,890.780029296875,858.780029296875,874.219970703125,1200
2022-02-17 15:00:00,862.1900024414062,882.010009765625,860.8099975585938,881.7100219726562,1000
2022-02-20 15:00:00,871.22998046875,884.260009765625,865.5800170898438,884.25,900
2022-02-21 15:00:00,869.0800170898438,878.3300170898438,865.22998046875,868.1099853515625,1100
2022-02-22 15:00:00,873.3200073242188,879.97998046875,870.25,877.3300170898438,1100
2022-02-23 15:00:00,869.239990234375,870.5800170898438,847.8599853515625,848.2100219726562,1700
2022-02-24 15:00:00,864.719970703125,872.97998046875,863.469970703125,872.97998046875,1400
2022-02-27 15:00:00,870.27001953125,881.0700073242188,868.9099731445312,881.0700073242188,1100
2022-03-01 15:00:00,880.6199951171875,896.7999877929688,879.030029296875,895.4500122070312,1000
2022-03-02 15:00:00,901.280029296875,912.3499755859376,899.8499755859375,912.3200073242188,1100
2022-03-03 15:00:00,908.469970703125,909.239990234375,896.8400268554688,900.9600219726562,1000
2022-03-06 15:00:00,889.9500122070312,889.9500122070312,878.4500122070312,881.5399780273438,900
2022-03-07 15:00:00,869.0499877929688,881.2999877929688,864.6900024414062,870.1400146484375,1000
2022-03-09 15:00:00,885.0499877929688,892.5499877929688,884.97998046875,889.0800170898438,1000
2022-03-10 15:00:00,888.5700073242188,894.989990234375,887.280029296875,891.7100219726562,1100
2022-03-13 15:00:00,893.1799926757812,893.1799926757812,870.8099975585938,872.4400024414062,1200
2022-03-14 15:00:00,870.3300170898438,874.72998046875,866.469970703125,871.219970703125,1200
2022-03-15 15:00:00,881.8900146484375,891.7999877929688,879.6799926757812,891.7999877929688,1300
2022-03-16 15:00:00,903.75,916.219970703125,903.75,914.1300048828124,1500
2022-03-17 15:00:00,915.2899780273438,922.989990234375,912.0,922.9600219726562,1200
2022-03-20 15:00:00,926.8599853515624,926.8599853515624,917.9299926757812,918.4000244140624,1300
2022-03-21 15:00:00,916.7000122070312,924.719970703125,914.3300170898438,924.6699829101562,1400
2022-03-22 15:00:00,929.3499755859376,933.27001953125,927.02001953125,930.5700073242188,1400
2022-03-23 15:00:00,926.2899780273438,931.8699951171876,920.6900024414062,931.75,1381200
2022-03-24 15:00:00,936.9400024414062,937.6900024414062,933.0900268554688,934.6900024414062,1600
2022-03-27 15:00:00,934.1799926757812,934.1799926757812,926.5499877929688,927.1099853515624,1400
2022-03-28 15:00:00,932.8599853515624,937.8300170898438,930.3400268554688,937.8300170898438,1500
2022-03-29 15:00:00,942.0800170898438,943.2999877929688,936.9099731445312,939.0700073242188,1500
2022-03-30 15:00:00,936.6599731445312,944.9199829101562,936.2000122070312,944.530029296875,1400
2022-03-31 15:00:00,940.489990234375,942.219970703125,936.8599853515624,940.5700073242188,1300
2022-04-03 15:00:00,940.469970703125,947.3300170898438,938.4500122070312,947.3200073242188,1100
2022-04-04 15:00:00,950.8900146484376,953.0599975585938,949.4600219726562,952.469970703125,1600
2022-04-05 15:00:00,944.27001953125,947.4099731445312,939.8200073242188,943.1300048828124,1400
2022-04-06 15:00:00,936.9199829101562,936.9199829101562,925.9099731445312,927.9500122070312,1200
2022-04-07 15:00:00,931.97998046875,935.6799926757812,924.72998046875,934.72998046875,900
2022-04-10 15:00:00,932.47998046875,934.6099853515624,920.75,921.8300170898438,900
2022-04-11 15:00:00,914.280029296875,916.760009765625,905.1799926757812,913.8200073242188,1100
2022-04-12 15:00:00,915.8900146484376,927.3300170898438,913.9199829101562,927.3099975585938,1100
2022-04-13 15:00:00,930.6900024414062,931.8099975585938,925.6099853515624,928.010009765625,1200
2022-04-14 15:00:00,921.530029296875,925.1300048828124,916.9099731445312,924.4400024414062,1300
2022-04-17 15:00:00,921.6900024414062,923.510009765625,917.530029296875,918.22998046875,1100
2022-04-18 15:00:00,922.5999755859376,931.5599975585938,922.5999755859376,931.5599975585938,1300
2022-04-19 15:00:00,933.2899780273438,933.3699951171876,927.2899780273438,928.9299926757812,1258900
2022-04-20 15:00:00,930.4500122070312,934.260009765625,929.5399780273438,929.6799926757812,1400200
2022-04-21 15:00:00,922.77001953125,924.1599731445312,916.6500244140624,922.780029296875,1400
2022-04-24 15:00:00,909.530029296875,911.530029296875,899.8300170898438,899.8400268554688,1400
2022-04-25 15:00:00,906.5900268554688,913.2899780273438,906.5900268554688,911.1599731445312,1600
2022-04-26 15:00:00,898.02001953125,898.02001953125,888.969970703125,896.1799926757812,1855200
2022-04-27 15:00:00,900.4299926757812,902.02001953125,889.2999877929688,892.219970703125,1600
2022-04-28 15:00:00,895.6400146484375,904.760009765625,894.6199951171875,904.75,1500
2022-05-01 15:00:00,894.030029296875,903.260009765625,892.5399780273438,901.8200073242188,1200
2022-05-02 15:00:00,905.0499877929688,912.6699829101562,905.0499877929688,907.5700073242188,1600
2022-05-03 15:00:00,911.1599731445312,911.969970703125,899.3400268554688,900.0599975585938,1400
2022-05-05 15:00:00,888.5399780273438,892.4299926757812,883.3099975585938,884.219970703125,1100
2022-05-09 15:00:00,848.0800170898438,858.4299926757812,831.5900268554688,856.1400146484375,1300
2022-05-10 15:00:00,853.72998046875,866.8099975585938,852.22998046875,866.3400268554688,1100
2022-05-11 15:00:00,855.4600219726562,857.75,833.239990234375,833.6599731445312,1100
2022-05-12 15:00:00,839.52001953125,853.3400268554688,839.52001953125,853.0800170898438,1000
2022-05-15 15:00:00,862.239990234375,866.469970703125,855.4500122070312,856.25,1000
2022-05-16 15:00:00,857.280029296875,866.2100219726562,856.2999877929688,865.97998046875,913800
2022-05-17 15:00:00,857.280029296875,866.2100219726562,856.2999877929688,865.97998046875,1100
2022-05-18 15:00:00,853.22998046875,866.6099853515625,849.5900268554688,863.7999877929688,1200
2022-05-19 15:00:00,866.760009765625,880.1699829101562,866.760009765625,879.8800048828125,1100
2022-05-22 15:00:00,883.780029296875,884.3900146484375,878.9000244140625,883.5900268554688,1100
2022-05-23 15:00:00,881.5499877929688,883.1099853515625,865.0499877929688,865.0700073242188,1100
2022-05-24 15:00:00,869.1900024414062,877.7100219726562,861.9199829101562,872.6900024414062,1000
2022-05-25 15:00:00,876.1900024414062,885.1199951171875,868.8099975585938,871.4299926757812,900
2022-05-26 15:00:00,881.4099731445312,883.3599853515625,873.2100219726562,873.969970703125,1300
2022-05-29 15:00:00,882.1699829101562,886.4400024414062,881.4600219726562,886.4400024414062,1000
2022-05-30 15:00:00,888.4400024414062,893.4199829101562,884.1099853515625,893.3599853515625,1300
2022-06-01 15:00:00,890.469970703125,892.97998046875,888.4500122070312,891.1400146484375,1200
2022-06-02 15:00:00,897.0800170898438,899.010009765625,890.2000122070312,891.510009765625,1200
2022-06-06 15:00:00,889.0700073242188,889.0900268554688,873.0900268554688,873.780029296875,1100
2022-06-07 15:00:00,877.77001953125,880.72998046875,873.6099853515625,874.9500122070312,1336500
2022-06-08 15:00:00,873.219970703125,877.1799926757812,867.2000122070312,877.1799926757812,1300
2022-06-09 15:00:00,869.0999755859375,872.0900268554688,865.9600219726562,869.8599853515625,1200
2022-06-12 15:00:00,852.739990234375,852.739990234375,828.760009765625,828.77001953125,1300
2022-06-13 15:00:00,816.25,826.5,804.3800048828125,823.5800170898438,1300
2022-06-14 15:00:00,822.27001953125,826.2999877929688,795.4199829101562,799.4099731445312,1200
2022-06-15 15:00:00,812.9500122070312,822.3099975585938,800.5599975585938,802.1500244140625,1000
2022-06-16 15:00:00,787.969970703125,798.8499755859375,780.9600219726562,798.6900024414062,1000
2022-06-19 15:00:00,804.47998046875,804.8900146484375,763.219970703125,769.9199829101562,0
2022-06-20 15:00:00,774.7999877929688,782.5499877929688,764.6900024414062,778.2999877929688,1000
2022-06-21 15:00:00,783.2100219726562,785.22998046875,746.9400024414062,746.9600219726562,1100
2022-06-22 15:00:00,747.489990234375,751.989990234375,714.3800048828125,714.3800048828125,1300
2022-06-23 15:00:00,719.469970703125,750.4099731445312,719.469970703125,750.2999877929688,800
2022-06-26 15:00:00,758.0,774.5700073242188,754.6199951171875,770.5999755859375,900
2022-06-27 15:00:00,770.6900024414062,774.7999877929688,759.8300170898438,769.510009765625,1000
2022-06-28 15:00:00,759.2100219726562,765.7899780273438,753.3200073242188,762.3499755859375,800
2022-06-29 15:00:00,745.4400024414062,745.4400024414062,745.4400024414062,745.4400024414062,0
2022-06-30 15:00:00,748.2000122070312,753.4500122070312,724.2000122070312,729.47998046875,800
2022-07-03 15:00:00,722.72998046875,722.72998046875,722.72998046875,722.72998046875,0
2022-07-04 15:00:00,729.4000244140625,750.97998046875,728.3200073242188,750.9500122070312,936700
2022-07-05 15:00:00,750.0399780273438,759.8800048828125,743.6099853515625,744.6300048828125,700
2022-07-06 15:00:00,750.97998046875,759.030029296875,750.6699829101562,757.969970703125,800
2022-07-07 15:00:00,764.97998046875,770.9199829101562,764.02001953125,766.47998046875,900
2022-07-10 15:00:00,767.8900146484375,774.3499755859375,763.1400146484375,767.0399780273438,800
2022-07-11 15:00:00,762.1799926757812,762.1799926757812,747.739990234375,750.780029296875,800
2022-07-12 15:00:00,751.3400268554688,763.72998046875,747.739990234375,763.1799926757812,900
2022-07-13 15:00:00,762.5399780273438,768.1300048828125,757.989990234375,766.0800170898438,800
2022-07-14 15:00:00,768.4099731445312,769.2899780273438,754.3300170898438,762.3900146484375,900
2022-07-17 15:00:00,770.2899780273438,776.719970703125,766.8900146484375,776.719970703125,700
2022-07-18 15:00:00,773.72998046875,782.3300170898438,771.6900024414062,782.3300170898438,700
2022-07-19 15:00:00,792.9400024414062,795.9199829101562,788.02001953125,790.719970703125,900
2022-07-20 15:00:00,792.9500122070312,795.6699829101562,790.969970703125,795.1500244140625,900
2022-07-21 15:00:00,796.5800170898438,800.6500244140625,789.72998046875,789.75,900
2022-07-24 15:00:00,787.7100219726562,791.25,783.780029296875,789.6900024414062,900
2022-07-25 15:00:00,788.760009765625,791.010009765625,786.4600219726562,789.9299926757812,800
2022-07-26 15:00:00,789.6099853515625,795.8099975585938,788.2899780273438,795.7000122070312,700
2022-07-27 15:00:00,802.5,805.2000122070312,796.47998046875,798.3200073242188,700
2022-07-28 15:00:00,802.969970703125,807.77001953125,801.0499877929688,803.6199951171875,800
2022-07-31 15:00:00,804.1500244140625,808.9600219726562,801.4000244140625,807.6099853515625,800
2022-08-01 15:00:00,807.6900024414062,807.6900024414062,799.3599853515625,804.3400268554688,905900
2022-08-02 15:00:00,804.1699829101562,815.4000244140625,803.2000122070312,815.3599853515625,1000
2022-08-03 15:00:00,820.0599975585938,825.989990234375,820.0599975585938,825.1599731445312,900
2022-08-04 15:00:00,826.22998046875,832.27001953125,826.22998046875,831.6400146484375,900
2022-08-07 15:00:00,829.77001953125,831.1199951171875,825.9400024414062,830.8599853515625,900
2022-08-08 15:00:00,831.1300048828125,833.9400024414062,826.4500122070312,833.6500244140625,976700
2022-08-09 15:00:00,829.2899780273438,829.2899780273438,820.27001953125,820.27001953125,900
2022-08-10 15:00:00,831.989990234375,834.8800048828125,828.27001953125,832.1500244140625,900
2022-08-11 15:00:00,831.1799926757812,833.7000122070312,826.719970703125,831.6300048828125,800
2022-08-15 15:00:00,835.2000122070312,836.489990234375,831.6900024414062,834.739990234375,900
2022-08-16 15:00:00,834.9099731445312,834.9600219726562,825.4600219726562,827.4199829101562,1100
2022-08-17 15:00:00,822.7100219726562,826.75,817.52001953125,826.0599975585938,1000
2022-08-18 15:00:00,827.25,827.3200073242188,814.1699829101562,814.1699829101562,900
2022-08-21 15:00:00,806.9000244140625,806.9199829101562,795.8699951171875,795.8699951171875,811900
2022-08-22 15:00:00,789.9500122070312,793.8099975585938,781.9199829101562,783.4199829101562,900
2022-08-23 15:00:00,788.3599853515625,793.1400146484375,782.969970703125,793.1400146484375,700
2022-08-24 15:00:00,795.1799926757812,807.3699951171875,794.1599731445312,807.3699951171875,630300
2022-08-25 15:00:00,810.3300170898438,813.0,801.8400268554688,802.4500122070312,700
2022-08-28 15:00:00,780.47998046875,783.4500122070312,775.3300170898438,779.8900146484375,619600
2022-08-29 15:00:00,783.989990234375,797.030029296875,783.989990234375,797.02001953125,700
2022-08-30 15:00:00,792.3300170898438,807.1900024414062,791.010009765625,807.0399780273438,637500
2022-08-31 15:00:00,800.739990234375,801.02001953125,788.1300048828125,788.3200073242188,711400
2022-09-01 15:00:00,793.1099853515625,795.8699951171875,784.6699829101562,785.8800048828125,800
2022-09-04 15:00:00,784.8300170898438,786.5999755859375,768.8200073242188,771.4299926757812,700
2022-09-05 15:00:00,774.22998046875,781.9000244140625,774.22998046875,779.4600219726562,700
2022-09-06 15:00:00,776.8200073242188,776.989990234375,765.0800170898438,768.1900024414062,800
2022-09-07 15:00:00,776.5900268554688,781.52001953125,775.3099975585938,777.8099975585938,700
2022-09-12 15:00:00,790.8900146484375,796.8300170898438,790.8300170898438,796.7899780273438,800
2022-09-13 15:00:00,775.9299926757812,784.4500122070312,770.0499877929688,782.9299926757812,900
2022-09-14 15:00:00,786.3300170898438,787.0,780.3099975585938,781.3800048828125,900
2022-09-15 15:00:00,776.489990234375,780.25,768.7000122070312,770.0399780273438,900
2022-09-18 15:00:00,771.52001953125,772.4500122070312,750.6400146484375,751.9099731445312,900
2022-09-19 15:00:00,758.3499755859375,764.4000244140625,757.3300170898438,760.3499755859375,800
2022-09-20 15:00:00,757.1300048828125,761.3499755859375,750.1400146484375,754.8900146484375,900
2022-09-21 15:00:00,746.8200073242188,751.5800170898438,736.1099853515625,751.4099731445312,1000
2022-09-22 15:00:00,749.8699951171875,749.8699951171875,728.2899780273438,729.3599853515625,900
2022-09-25 15:00:00,719.5999755859375,719.5999755859375,690.5999755859375,692.3699951171875,900
2022-09-26 15:00:00,694.530029296875,700.3800048828125,681.5900268554688,698.1099853515625,900
2022-09-27 15:00:00,696.3800048828125,702.719970703125,668.2999877929688,673.8699951171875,900
2022-09-28 15:00:00,686.6300048828125,695.489990234375,675.0700073242188,675.0700073242188,800
2022-09-29 15:00:00,668.260009765625,677.6799926757812,661.6500244140625,672.6500244140625,800
2022-10-03 15:00:00,685.1900024414062,696.7899780273438,683.6300048828125,696.7899780273438,700
2022-10-04 15:00:00,706.760009765625,707.5900268554688,683.1500244140625,685.3400268554688,800
2022-10-05 15:00:00,690.47998046875,706.4299926757812,690.47998046875,706.010009765625,1100
2022-10-06 15:00:00,700.7100219726562,707.4199829101562,697.5900268554688,698.489990234375,1100
2022-10-10 15:00:00,685.2999877929688,685.2999877929688,667.6300048828125,669.5,1200
2022-10-11 15:00:00,669.5900268554688,673.4199829101562,663.5999755859375,671.6699829101562,1100
2022-10-12 15:00:00,669.3599853515625,669.7100219726562,650.3900146484375,651.5900268554688,1100
2022-10-13 15:00:00,665.1699829101562,679.9199829101562,665.1699829101562,678.239990234375,900
2022-10-16 15:00:00,667.6099853515625,682.3900146484375,664.8300170898438,682.0,800
2022-10-17 15:00:00,692.3900146484375,697.3699951171875,685.9000244140625,697.0900268554688,1100
2022-10-18 15:00:00,697.9400024414062,705.8400268554688,689.6699829101562,690.5599975585938,1100
2022-10-19 15:00:00,688.4400024414062,693.1400146484375,675.8900146484375,680.4400024414062,1100
2022-10-20 15:00:00,678.1599731445312,682.489990234375,674.47998046875,674.47998046875,1000
2022-10-23 15:00:00,686.4299926757812,693.4400024414062,686.4299926757812,688.5,800
2022-10-24 15:00:00,690.77001953125,695.9500122070312,686.2100219726562,688.8499755859375,1000
2022-10-25 15:00:00,690.6699829101562,691.1300048828125,683.1400146484375,683.1699829101562,1000
2022-10-26 15:00:00,686.4099731445312,695.219970703125,686.4099731445312,695.0900268554688,900
2022-10-27 15:00:00,690.7100219726562,695.510009765625,687.1900024414062,687.6300048828125,800
2022-10-30 15:00:00,694.6900024414062,695.6199951171875,689.969970703125,695.3300170898438,800
2022-10-31 15:00:00,695.4500122070312,700.0700073242188,693.9199829101562,700.0499877929688,900
2022-11-01 15:00:00,697.4000244140625,699.239990234375,694.9400024414062,697.3699951171875,900
2022-11-02 15:00:00,685.4199829101562,695.6300048828125,683.739990234375,694.1300048828125,707300
2022-11-03 15:00:00,691.6900024414062,694.1699829101562,684.989990234375,693.8900146484375,700
2022-11-06 15:00:00,696.219970703125,700.489990234375,695.0999755859375,700.47998046875,700
2022-11-07 15:00:00,703.3599853515625,713.3300170898438,703.3599853515625,713.3300170898438,800
2022-11-08 15:00:00,715.1900024414062,717.0900268554688,711.1500244140625,714.5999755859375,900
2022-11-09 15:00:00,708.489990234375,712.47998046875,705.7000122070312,707.780029296875,1000
2022-11-10 15:00:00,727.219970703125,732.1199951171875,724.530029296875,731.219970703125,1100
2022-11-13 15:00:00,732.2899780273438,734.72998046875,728.8099975585938,729.5399780273438,1100
2022-11-14 15:00:00,730.3300170898438,744.9600219726562,730.3300170898438,744.9600219726562,1100
2022-11-15 15:00:00,746.5499877929688,746.6199951171875,737.8699951171875,743.0999755859375,1200
2022-11-16 15:00:00,740.6199951171875,742.2899780273438,735.0399780273438,737.5399780273438,1000
2022-11-17 15:00:00,738.3400268554688,742.1699829101562,731.530029296875,731.9199829101562,1300
2022-11-20 15:00:00,733.0,733.6500244140625,717.5499877929688,718.5700073242188,1000
2022-11-21 15:00:00,716.239990234375,719.7999877929688,711.9199829101562,712.260009765625,900
2022-11-22 15:00:00,718.2899780273438,725.6400146484375,718.2899780273438,725.5900268554688,830100
2022-11-23 15:00:00,729.4099731445312,738.7000122070312,729.4099731445312,738.219970703125,800
2022-11-24 15:00:00,737.4600219726562,737.530029296875,732.47998046875,733.5599975585938,700
2022-11-27 15:00:00,731.8099975585938,731.8099975585938,717.1300048828125,717.9000244140625,900
2022-11-28 15:00:00,715.02001953125,727.5999755859375,713.260009765625,727.5399780273438,800
2022-11-29 15:00:00,726.5599975585938,729.5399780273438,722.4000244140625,729.5399780273438,813600
2022-11-30 15:00:00,740.969970703125,744.5599975585938,739.1599731445312,740.5999755859375,825100
2022-12-01 15:00:00,740.1300048828125,740.1799926757812,732.4099731445312,732.9500122070312,856600
2022-12-04 15:00:00,736.4500122070312,739.77001953125,731.0700073242188,733.3200073242188,1100
2022-12-05 15:00:00,726.3200073242188,727.3400268554688,719.2899780273438,719.4400024414062,900
2022-12-06 15:00:00,715.6300048828125,722.6199951171875,711.6300048828125,718.1400146484375,1000
2022-12-07 15:00:00,718.3699951171875,719.6900024414062,711.0800170898438,712.52001953125,1100
2022-12-08 15:00:00,717.239990234375,721.1400146484375,712.4000244140625,719.489990234375,1300
2022-12-11 15:00:00,716.8800048828125,718.3099975585938,714.260009765625,715.219970703125,1000
2022-12-12 15:00:00,717.6400146484375,719.3300170898438,712.2100219726562,715.1599731445312,1191300
2022-12-13 15:00:00,718.1699829101562,729.1699829101562,718.1699829101562,729.0,1082200
2022-12-14 15:00:00,725.3200073242188,730.510009765625,721.4600219726562,722.6799926757812,957400
2022-12-15 15:00:00,711.3300170898438,720.47998046875,710.2000122070312,717.4099731445312,900
2022-12-18 15:00:00,716.7999877929688,722.4199829101562,714.6300048828125,717.219970703125,800
2022-12-19 15:00:00,715.1300048828125,715.2899780273438,701.4400024414062,703.1300048828125,1000
2022-12-20 15:00:00,708.1300048828125,709.9500122070312,701.6099853515625,705.7000122070312,900
2022-12-21 15:00:00,710.469970703125,715.3499755859375,709.52001953125,715.02001953125,900
2022-12-22 15:00:00,704.9299926757812,704.9299926757812,691.25,691.25,1100
2022-12-26 15:00:00,697.25,704.2100219726562,697.25,704.1900024414062,900
2022-12-27 15:00:00,699.239990234375,699.3900146484375,691.010009765625,692.3699951171875,800
2022-12-28 15:00:00,691.3499755859375,693.1199951171875,675.7999877929688,679.2899780273438,1000
2023-01-01 15:00:00,683.8400268554688,688.77001953125,670.3800048828125,671.510009765625,742800
2023-01-02 15:00:00,672.1799926757812,675.75,660.3200073242188,674.9500122070312,900
2023-01-03 15:00:00,670.1799926757812,683.6699829101562,667.2999877929688,683.6699829101562,900
2023-01-04 15:00:00,685.780029296875,688.3499755859375,677.77001953125,679.9199829101562,900
2023-01-05 15:00:00,677.280029296875,691.1699829101562,676.4000244140625,688.9400024414062,800
2023-01-08 15:00:00,695.02001953125,701.2100219726562,695.02001953125,701.2100219726562,1000
2023-01-09 15:00:00,700.1599731445312,704.5999755859375,694.9199829101562,696.0499877929688,1200
2023-01-10 15:00:00,701.2899780273438,710.2899780273438,701.2899780273438,709.77001953125,1200
2023-01-11 15:00:00,713.5599975585938,714.0999755859375,707.5399780273438,710.8200073242188,1200
2023-01-12 15:00:00,712.239990234375,714.75,709.260009765625,711.8200073242188,1100
2023-01-15 15:00:00,714.7100219726562,718.1500244140625,713.1900024414062,716.8900146484375,1200
2023-01-16 15:00:00,716.7000122070312,718.9000244140625,708.5399780273438,709.7100219726562,1200
2023-01-17 15:00:00,711.1199951171875,713.280029296875,708.7899780273438,711.75,1175200
2023-01-18 15:00:00,707.6599731445312,712.9400024414062,705.760009765625,712.8900146484375,1000
2023-01-19 15:00:00,712.3200073242188,718.030029296875,712.3200073242188,717.969970703125,1000
2023-01-24 15:00:00,725.22998046875,732.4199829101562,725.22998046875,732.3499755859375,1000
2023-01-25 15:00:00,734.3699951171875,740.989990234375,733.22998046875,738.9400024414062,1200
2023-01-26 15:00:00,741.2000122070312,742.0700073242188,737.9000244140625,741.25,1100
2023-01-29 15:00:00,743.72998046875,746.3300170898438,736.9000244140625,738.6199951171875,1100
2023-01-30 15:00:00,735.1900024414062,740.97998046875,732.3300170898438,740.489990234375,1000
2023-01-31 15:00:00,744.9000244140625,752.5,744.030029296875,750.9600219726562,1100
2023-02-01 15:00:00,759.530029296875,764.8400268554688,758.719970703125,764.6199951171875,1200
2023-02-02 15:00:00,765.3699951171875,768.030029296875,761.8200073242188,766.7899780273438,1100
2023-02-05 15:00:00,763.6599731445312,766.22998046875,760.6500244140625,761.3300170898438,1200
2023-02-06 15:00:00,762.469970703125,773.7899780273438,762.2999877929688,772.7899780273438,1300
2023-02-07 15:00:00,777.4299926757812,779.97998046875,776.2999877929688,779.97998046875,1500
2023-02-08 15:00:00,776.5999755859375,784.6400146484375,776.260009765625,784.5800170898438,1400
2023-02-09 15:00:00,783.0700073242188,784.52001953125,771.6199951171875,772.4400024414062,1300
2023-02-12 15:00:00,771.5,774.0800170898438,767.6400146484375,772.5499877929688,1200
2023-02-13 15:00:00,778.0499877929688,780.1300048828125,774.6099853515625,779.5800170898438,1300
2023-02-14 15:00:00,782.5499877929688,784.3800048828125,763.8099975585938,765.4600219726562,1400
2023-02-15 15:00:00,772.1699829101562,784.7100219726562,772.1599731445312,784.7100219726562,1200
2023-02-16 15:00:00,775.030029296875,780.780029296875,772.9600219726562,775.6199951171875,900
2023-02-19 15:00:00,777.6799926757812,789.260009765625,773.8599853515625,788.8900146484375,900
2023-02-20 15:00:00,789.4500122070312,793.4199829101562,786.47998046875,793.4199829101562,1000
2023-02-21 15:00:00,782.8300170898438,787.8499755859375,774.5399780273438,778.510009765625,1100
2023-02-22 15:00:00,782.1799926757812,784.5900268554688,774.0999755859375,783.280029296875,900
2023-02-23 15:00:00,784.9400024414062,786.0900268554688,774.2100219726562,778.8800048828125,1200
2023-02-26 15:00:00,775.010009765625,781.5399780273438,769.75,780.2999877929688,1100
2023-02-27 15:00:00,784.22998046875,793.6500244140625,783.6599731445312,791.5999755859375,1000
2023-03-01 15:00:00,793.6300048828125,797.010009765625,786.52001953125,787.1900024414062,1000
2023-03-02 15:00:00,792.9000244140625,802.4500122070312,792.6099853515625,802.4199829101562,1100
2023-03-05 15:00:00,810.6099853515625,816.6199951171875,804.469970703125,816.510009765625,1100
2023-03-06 15:00:00,814.27001953125,818.5599975585938,810.469970703125,815.760009765625,1400
2023-03-07 15:00:00,809.1400146484375,817.1699829101562,807.9500122070312,813.9500122070312,1300
2023-03-08 15:00:00,817.030029296875,817.1199951171875,801.0999755859375,809.219970703125,1400
2023-03-09 15:00:00,796.5700073242188,798.9600219726562,785.6599731445312,788.5999755859375,1200
2023-03-12 15:00:00,784.02001953125,789.1799926757812,771.030029296875,788.8900146484375,1200
2023-03-13 15:00:00,788.4400024414062,789.219970703125,758.0499877929688,758.0499877929688,1100
2023-03-14 15:00:00,774.530029296875,784.5900268554688,773.6500244140625,781.1699829101562,1000
2023-03-15 15:00:00,780.530029296875,785.5399780273438,767.1099853515625,781.97998046875,1100
2023-03-16 15:00:00,791.1799926757812,798.6199951171875,785.97998046875,797.3900146484375,1100
2023-03-19 15:00:00,793.0399780273438,803.4199829101562,791.4500122070312,802.2000122070312,1100
2023-03-20 15:00:00,806.510009765625,809.3300170898438,802.4199829101562,802.530029296875,1062900
2023-03-21 15:00:00,811.1699829101562,813.4299926757812,807.9099731445312,813.4299926757812,1100
2023-03-22 15:00:00,812.1900024414062,812.1900024414062,812.1900024414062,812.1900024414062,0
2023-03-23 15:00:00,820.1599731445312,824.1099853515625,814.0700073242188,824.1099853515625,1300
2023-03-26 15:00:00,827.9500122070312,829.1799926757812,817.8099975585938,827.6900024414062,1200
2023-03-27 15:00:00,831.0700073242188,833.6799926757812,825.4000244140625,833.510009765625,1200
2023-03-28 15:00:00,833.9000244140625,843.9400024414062,832.4400024414062,843.9400024414062,1300
2023-03-29 15:00:00,850.780029296875,852.5900268554688,846.0999755859375,850.47998046875,1500
2023-03-30 15:00:00,849.97998046875,851.1300048828125,842.6099853515625,847.52001953125,1300
2023-04-02 15:00:00,850.8599853515625,855.2000122070312,847.7000122070312,854.9600219726562,1100
2023-04-03 15:00:00,853.9199829101562,861.1300048828125,852.02001953125,857.1799926757812,1300
2023-04-04 15:00:00,857.5399780273438,872.4400024414062,856.1500244140625,872.3599853515625,1500
2023-04-05 15:00:00,869.6500244140625,869.9400024414062,859.1300048828125,865.5800170898438,1400
2023-04-06 15:00:00,871.8300170898438,880.0700073242188,866.5800170898438,880.0700073242188,1669000
2023-04-09 15:00:00,882.75,890.9600219726562,877.3099975585938,887.780029296875,1600
2023-04-10 15:00:00,893.2000122070312,899.3699951171875,879.72998046875,898.9400024414062,1600
2023-04-11 15:00:00,897.1099853515625,900.8300170898438,888.6300048828125,890.6199951171875,2000
2023-04-12 15:00:00,885.5,895.2899780273438,875.4199829101562,894.25,1700
2023-04-13 15:00:00,902.5599975585938,906.6900024414062,900.7000122070312,903.8400268554688,1500
2023-04-16 15:00:00,905.3499755859376,909.5,898.8400268554688,909.5,1500
2023-04-17 15:00:00,910.75,910.75,902.9000244140624,909.02001953125,2000
2023-04-18 15:00:00,908.8699951171876,913.969970703125,907.5900268554688,909.2000122070312,1900
2023-04-19 15:00:00,905.8099975585938,906.0,884.3300170898438,885.7100219726562,2300
2023-04-20 15:00:00,884.27001953125,888.2100219726562,868.3599853515625,868.8200073242188,2000
2023-04-23 15:00:00,867.3800048828125,870.0800170898438,852.47998046875,855.22998046875,1300
2023-04-24 15:00:00,857.5399780273438,858.9099731445312,828.25,838.7100219726562,1500
2023-04-25 15:00:00,835.9400024414062,846.4199829101562,829.1900024414062,830.4400024414062,1300
2023-04-26 15:00:00,831.8900146484375,850.8800048828125,823.1900024414062,850.2100219726562,1500
2023-04-27 15:00:00,860.1099853515625,860.1099853515625,839.6699829101562,842.8300170898438,1200
2023-05-01 15:00:00,845.1799926757812,855.6099853515625,844.6799926757812,855.6099853515625,1000
2023-05-02 15:00:00,848.0499877929688,852.22998046875,841.8099975585938,843.1799926757812,1172700
2023-05-03 15:00:00,842.1300048828125,847.6900024414062,839.0800170898438,845.0599975585938,1200
2023-05-07 15:00:00,851.52001953125,854.3200073242188,842.0700073242188,842.280029296875,1300
2023-05-08 15:00:00,841.4099731445312,843.4000244140625,827.780029296875,835.8499755859375,1200
2023-05-09 15:00:00,836.02001953125,839.8599853515625,827.8800048828125,829.739990234375,1300
2023-05-10 15:00:00,836.5999755859375,840.6599731445312,821.9400024414062,824.5399780273438,1800
2023-05-11 15:00:00,824.1099853515625,828.1400146484375,820.239990234375,822.4299926757812,1700
2023-05-14 15:00:00,820.5,820.5,806.469970703125,814.530029296875,1300
2023-05-15 15:00:00,818.9600219726562,822.6400146484375,813.3200073242188,816.75,1400
2023-05-16 15:00:00,815.5800170898438,834.2000122070312,814.6500244140625,834.1900024414062,1300
2023-05-17 15:00:00,839.27001953125,841.0999755859375,833.72998046875,835.8900146484375,1300
2023-05-18 15:00:00,839.5599975585938,842.2100219726562,836.6799926757812,841.719970703125,1300
2023-05-21 15:00:00,840.969970703125,852.3300170898438,837.489990234375,852.0399780273438,1100
2023-05-22 15:00:00,853.5700073242188,861.2999877929688,853.5700073242188,859.1599731445312,1300
2023-05-23 15:00:00,856.25,857.8400268554688,853.0,855.4600219726562,1200
2023-05-24 15:00:00,857.2999877929688,860.010009765625,845.8400268554688,847.719970703125,1300
2023-05-25 15:00:00,849.7999877929688,853.0599975585938,842.1699829101562,843.22998046875,1200
2023-05-29 15:00:00,850.0,851.530029296875,844.47998046875,851.5,1200
2023-05-30 15:00:00,851.3699951171875,860.2999877929688,850.8800048828125,856.9400024414062,1100
2023-05-31 15:00:00,855.9500122070312,863.8599853515625,855.4600219726562,863.780029296875,1000
2023-06-01 15:00:00,866.1599731445312,868.1699829101562,864.969970703125,868.0599975585938,1100
2023-06-04 15:00:00,871.0499877929688,872.9500122070312,865.1300048828125,870.280029296875,1000
2023-06-06 15:00:00,872.0999755859375,880.8099975585938,872.0999755859375,880.719970703125,1100
2023-06-07 15:00:00,878.8599853515625,879.4400024414062,871.5,876.1300048828125,1100
2023-06-08 15:00:00,882.1099853515625,886.52001953125,880.760009765625,883.7100219726562,1100
2023-06-11 15:00:00,887.2000122070312,887.2000122070312,881.760009765625,885.760009765625,1000
2023-06-12 15:00:00,890.8099975585938,898.280029296875,889.5800170898438,896.8099975585938,1100
2023-06-13 15:00:00,899.3499755859375,899.8499755859375,870.47998046875,871.8300170898438,1300
2023-06-14 15:00:00,877.6199951171875,884.5499877929688,865.47998046875,878.0399780273438,1122300
2023-06-15 15:00:00,882.4500122070312,888.27001953125,878.989990234375,887.9500122070312,900
2023-06-18 15:00:00,888.52001953125,889.489990234375,881.1400146484375,888.6099853515625,1200
2023-06-19 15:00:00,886.469970703125,891.0,883.0900268554688,886.4099731445312,1300
2023-06-20 15:00:00,887.260009765625,890.9400024414062,875.3300170898438,875.7000122070312,1200
2023-06-21 15:00:00,870.7899780273438,880.1199951171875,869.7899780273438,876.3800048828125,1300
2023-06-22 15:00:00,880.3699951171875,880.4600219726562,872.280029296875,874.8400268554688,1300
2023-06-25 15:00:00,874.3099975585938,881.239990234375,869.2899780273438,879.5,1300
2023-06-26 15:00:00,877.8800048828125,878.4299926757812,867.6799926757812,874.1400146484375,1200
2023-06-27 15:00:00,879.6099853515625,880.22998046875,866.7000122070312,866.969970703125,1200
2023-06-28 15:00:00,868.6500244140625,870.75,859.77001953125,861.7899780273438,1200
2023-06-29 15:00:00,862.7000122070312,869.239990234375,853.6799926757812,868.239990234375,1000
2023-07-02 15:00:00,873.9099731445312,889.2899780273438,873.6599731445312,889.2899780273438,900
2023-07-03 15:00:00,890.9400024414062,894.7000122070312,883.4099731445312,890.0,1000
2023-07-04 15:00:00,890.489990234375,895.6300048828125,889.22998046875,891.1799926757812,900
2023-07-05 15:00:00,889.2999877929688,889.77001953125,869.4600219726562,870.530029296875,1134500
2023-07-06 15:00:00,868.0800170898438,872.2899780273438,861.2000122070312,867.27001953125,1000
2023-07-09 15:00:00,868.0,870.1799926757812,857.3499755859375,860.3499755859375,1000
2023-07-10 15:00:00,866.5499877929688,878.760009765625,865.6500244140625,878.72998046875,900
2023-07-11 15:00:00,878.969970703125,880.530029296875,873.9099731445312,879.8800048828125,1000
2023-07-12 15:00:00,885.2100219726562,895.22998046875,884.3300170898438,893.0700073242188,1100
2023-07-13 15:00:00,898.1699829101562,899.6799926757812,890.2100219726562,896.280029296875,1100
2023-07-16 15:00:00,894.75,899.4400024414062,891.1799926757812,898.2899780273438,1100
2023-07-17 15:00:00,901.4299926757812,914.1799926757812,901.1199951171876,914.1400146484376,1100
2023-07-18 15:00:00,917.510009765625,923.9000244140624,910.25,923.719970703125,1000
2023-07-19 15:00:00,918.27001953125,931.7899780273438,913.97998046875,931.5999755859376,1000
2023-07-20 15:00:00,918.510009765625,937.2899780273438,918.1900024414062,934.5800170898438,1000
2023-07-23 15:00:00,934.989990234375,935.5499877929688,920.8900146484376,929.9000244140624,1000
2023-07-24 15:00:00,932.1699829101562,945.469970703125,924.3099975585938,939.9600219726562,900
2023-07-25 15:00:00,945.5700073242188,956.4000244140624,886.1400146484375,900.6300048828125,1200
2023-07-26 15:00:00,897.4400024414062,912.5700073242188,878.7999877929688,883.7899780273438,900
2023-07-27 15:00:00,880.22998046875,914.5999755859376,877.9600219726562,913.739990234375,700
2023-07-30 15:00:00,923.010009765625,938.4299926757812,921.3900146484376,935.969970703125,700
2023-07-31 15:00:00,944.7100219726562,952.1199951171876,926.75,939.6699829101562,900
2023-08-01 15:00:00,931.1699829101562,940.0599975585938,907.8699951171876,909.760009765625,1000
2023-08-02 15:00:00,911.280029296875,920.4099731445312,897.8900146484375,920.3200073242188,1100
2023-08-03 15:00:00,921.1599731445312,922.8900146484376,914.2999877929688,918.4299926757812,1100
2023-08-06 15:00:00,913.25,913.25,894.47998046875,898.219970703125,1100
2023-08-07 15:00:00,901.760009765625,903.780029296875,889.25,892.3400268554688,1200
2023-08-08 15:00:00,891.0800170898438,912.9400024414062,889.9400024414062,908.97998046875,1000
2023-08-09 15:00:00,904.6799926757812,912.6500244140624,899.010009765625,911.2899780273438,1300
2023-08-10 15:00:00,913.969970703125,918.1799926757812,908.27001953125,912.2000122070312,1400
2023-08-13 15:00:00,907.4299926757812,908.1300048828124,894.0800170898438,901.6799926757812,1200
2023-08-15 15:00:00,893.9299926757812,895.4199829101562,877.8499755859375,878.2899780273438,1200
2023-08-16 15:00:00,875.1500244140625,887.6699829101562,863.3200073242188,886.0399780273438,1100
2023-08-17 15:00:00,878.52001953125,882.0800170898438,874.27001953125,877.3200073242188,1100
2023-08-20 15:00:00,881.0900268554688,894.5800170898438,879.7999877929688,888.7100219726562,1100
2023-08-21 15:00:00,898.4000244140625,899.2100219726562,889.7100219726562,893.3300170898438,1200
2023-08-22 15:00:00,892.6500244140625,892.6500244140625,881.4000244140625,882.8699951171875,1400
2023-08-23 15:00:00,893.4600219726562,902.6400146484376,892.1199951171875,901.739990234375,1300
2023-08-24 15:00:00,891.2100219726562,902.8099975585938,890.0800170898438,899.3800048828125,1200
2023-08-27 15:00:00,907.530029296875,909.47998046875,901.8400268554688,909.3800048828124,1100
2023-08-28 15:00:00,911.9400024414062,918.3900146484376,907.8200073242188,916.239990234375,1300
2023-08-29 15:00:00,925.0800170898438,926.4400024414062,921.0499877929688,923.8099975585938,1300
2023-08-30 15:00:00,925.5700073242188,930.4199829101562,923.4000244140624,928.4000244140624,1300
2023-08-31 15:00:00,926.3699951171876,928.0,919.739990234375,919.739990234375,1100
2023-09-03 15:00:00,918.1199951171876,921.6300048828124,913.0399780273438,919.1599731445312,1100
2023-09-04 15:00:00,918.8499755859376,922.6500244140624,913.02001953125,921.47998046875,1100
2023-09-05 15:00:00,923.6099853515624,927.280029296875,916.0800170898438,917.9500122070312,1100
2023-09-06 15:00:00,914.6300048828124,921.7899780273438,902.9500122070312,906.3599853515624,1300
2023-09-07 15:00:00,908.0800170898438,914.1799926757812,902.77001953125,914.1799926757812,1300
2023-09-10 15:00:00,918.4299926757812,918.4299926757812,907.9000244140624,912.5499877929688,1000
2023-09-11 15:00:00,918.0999755859376,918.9600219726562,895.9600219726562,898.0399780273438,1200
2023-09-12 15:00:00,895.9400024414062,899.7999877929688,882.27001953125,882.719970703125,1100
2023-09-13 15:00:00,888.1900024414062,899.469970703125,886.4600219726562,899.469970703125,1000
2023-09-14 15:00:00,900.6199951171875,902.4000244140624,897.1099853515625,899.030029296875,900
2023-09-17 15:00:00,892.1799926757812,896.3699951171875,889.989990234375,891.2899780273438,906700
2023-09-18 15:00:00,891.5700073242188,894.260009765625,882.4199829101562,883.8900146484375,1000
2023-09-19 15:00:00,883.739990234375,886.6500244140625,874.9199829101562,882.719970703125,1000
2023-09-20 15:00:00,875.52001953125,879.8200073242188,859.510009765625,860.6799926757812,1000
2023-09-21 15:00:00,851.9299926757812,860.6799926757812,847.5599975585938,857.3499755859375,1000
2023-09-24 15:00:00,856.7899780273438,859.0399780273438,839.1699829101562,839.1699829101562,900
2023-09-25 15:00:00,841.7999877929688,845.2999877929688,827.8200073242188,827.8200073242188,1100
2023-09-26 15:00:00,823.2000122070312,841.969970703125,821.7100219726562,841.02001953125,800
2023-10-03 15:00:00,832.2999877929688,832.2999877929688,806.469970703125,807.4000244140625,800
2023-10-04 15:00:00,817.8900146484375,820.0599975585938,800.3599853515625,801.02001953125,900
2023-10-05 15:00:00,803.8800048828125,818.3699951171875,803.8800048828125,816.3900146484375,800
2023-10-09 15:00:00,821.219970703125,823.27001953125,792.9099731445312,795.0,1000
2023-10-10 15:00:00,805.030029296875,821.8300170898438,805.030029296875,817.1199951171875,900
2023-10-11 15:00:00,822.27001953125,835.7899780273438,822.27001953125,835.489990234375,1000
2023-10-12 15:00:00,831.2100219726562,834.6599731445312,817.6599731445312,822.780029296875,1100
2023-10-15 15:00:00,812.5700073242188,813.1900024414062,800.6199951171875,810.5399780273438,1000
2023-10-16 15:00:00,817.469970703125,825.3300170898438,817.2899780273438,820.3800048828125,900
2023-10-17 15:00:00,816.9199829101562,820.0900268554688,807.4500122070312,808.8900146484375,900
2023-10-18 15:00:00,796.1500244140625,796.3599853515625,782.6300048828125,784.0399780273438,900
2023-10-19 15:00:00,775.8099975585938,779.9199829101562,759.4000244140625,769.25,1000
2023-10-22 15:00:00,766.5599975585938,774.3599853515625,762.510009765625,763.6900024414062,800
2023-10-23 15:00:00,771.030029296875,784.8599853515625,750.3200073242188,784.8599853515625,1000
2023-10-24 15:00:00,788.010009765625,788.010009765625,770.8400268554688,770.8400268554688,1000
2023-10-25 15:00:00,751.6400146484375,756.4299926757812,740.510009765625,743.8499755859375,800
2023-10-26 15:00:00,749.8699951171875,760.510009765625,738.9199829101562,748.489990234375,700
2023-10-29 15:00:00,747.239990234375,760.8699951171875,744.6300048828125,757.1199951171875,600
2023-10-30 15:00:00,758.6500244140625,759.239990234375,734.2000122070312,736.0999755859375,900
2023-10-31 15:00:00,742.97998046875,749.6500244140625,737.52001953125,739.22998046875,800
2023-11-01 15:00:00,753.3699951171875,773.3900146484375,753.3699951171875,772.8400268554688,800
2023-11-02 15:00:00,779.280029296875,782.530029296875,768.3800048828125,782.0499877929688,800
2023-11-05 15:00:00,794.489990234375,839.4500122070312,793.719970703125,839.4500122070312,800
2023-11-06 15:00:00,842.1599731445312,847.3699951171875,805.8099975585938,824.3699951171875,900
2023-11-07 15:00:00,821.97998046875,831.4500122070312,810.1500244140625,811.02001953125,900
2023-11-08 15:00:00,813.8900146484375,814.9199829101562,797.4400024414062,802.8699951171875,900
2023-11-09 15:00:00,792.8599853515625,794.72998046875,785.4500122070312,789.3099975585938,900
2023-11-12 15:00:00,796.4099731445312,798.1500244140625,774.3300170898438,774.4199829101562,1000
2023-11-13 15:00:00,779.469970703125,794.9099731445312,779.469970703125,794.1900024414062,800
2023-11-14 15:00:00,808.6799926757812,813.0599975585938,805.27001953125,809.3599853515625,800
2023-11-15 15:00:00,809.1199951171875,815.8200073242188,804.739990234375,811.1099853515625,900
2023-11-16 15:00:00,807.6099853515625,807.6199951171875,795.6599731445312,799.0599975585938,800
2023-11-19 15:00:00,797.8300170898438,815.27001953125,797.510009765625,813.0800170898438,800
2023-11-20 15:00:00,816.3400268554688,819.1400146484375,811.239990234375,817.010009765625,900
2023-11-21 15:00:00,811.2000122070312,817.280029296875,809.8300170898438,814.6099853515625,800
2023-11-22 15:00:00,816.1599731445312,819.9099731445312,813.25,815.97998046875,900
2023-11-23 15:00:00,817.02001953125,818.739990234375,814.219970703125,815.0,700
2023-11-26 15:00:00,816.5499877929688,816.5999755859375,809.260009765625,810.25,800
2023-11-27 15:00:00,811.760009765625,816.6199951171875,811.0599975585938,816.4400024414062,900
2023-11-28 15:00:00,817.9000244140625,823.8099975585938,812.9500122070312,822.4400024414062,900
2023-11-29 15:00:00,819.22998046875,831.6799926757812,819.22998046875,831.6799926757812,800
2023-11-30 15:00:00,826.2999877929688,831.030029296875,822.030029296875,827.239990234375,1000
2023-12-03 15:00:00,828.6599731445312,837.9500122070312,823.989990234375,828.52001953125,1000
2023-12-04 15:00:00,823.8599853515625,828.25,810.52001953125,813.3800048828125,1100
2023-12-05 15:00:00,816.6599731445312,822.3900146484375,814.0,819.5399780273438,900
2023-12-06 15:00:00,820.4600219726562,820.4600219726562,810.9000244140625,813.2000122070312,800
2023-12-07 15:00:00,818.7100219726562,830.989990234375,818.5,830.3699951171875,900
2023-12-10 15:00:00,831.8300170898438,839.1500244140625,831.6400146484375,835.25,900
2023-12-11 15:00:00,835.4099731445312,842.5599975585938,833.6699829101562,839.530029296875,1200
2023-12-12 15:00:00,837.5499877929688,838.25,828.719970703125,829.3099975585938,1100
2023-12-13 15:00:00,841.75,845.5399780273438,834.6599731445312,840.5900268554688,1000
2023-12-14 15:00:00,844.760009765625,846.7000122070312,834.9400024414062,838.3099975585938,1100
2023-12-17 15:00:00,844.780029296875,854.0700073242188,843.6099853515625,850.9600219726562,802100
2023-12-18 15:00:00,850.3599853515625,858.6500244140625,849.3300170898438,858.2999877929688,1100
2023-12-19 15:00:00,861.9600219726562,865.02001953125,860.5599975585938,862.97998046875,1100
2023-12-20 15:00:00,855.760009765625,867.3300170898438,851.8200073242188,859.4400024414062,1100
2023-12-21 15:00:00,863.3499755859375,864.7899780273438,853.489990234375,854.6199951171875,1200
2023-12-25 15:00:00,855.75,857.239990234375,846.3200073242188,848.3400268554688,1100
2023-12-26 15:00:00,851.489990234375,860.2899780273438,851.2100219726562,859.7899780273438,1200
2023-12-27 15:00:00,860.4199829101562,866.5700073242188,856.530029296875,866.5700073242188,1300
2024-01-01 15:00:00,866.0800170898438,878.9299926757812,865.260009765625,878.9299926757812,1200
2024-01-02 15:00:00,872.2100219726562,872.4400024414062,865.1199951171875,871.5700073242188,1300
2024-01-03 15:00:00,865.3499755859375,872.7899780273438,860.4500122070312,866.25,1200
2024-01-04 15:00:00,866.8099975585938,878.97998046875,864.8599853515625,878.3300170898438,1000
2024-01-07 15:00:00,880.239990234375,882.8800048828125,875.3400268554688,879.3400268554688,1200
2024-01-08 15:00:00,886.0999755859375,890.0599975585938,881.969970703125,884.6400146484375,1200
2024-01-09 15:00:00,884.0800170898438,884.0800170898438,872.6799926757812,875.4600219726562,1300
2024-01-10 15:00:00,878.1199951171875,885.75,878.1199951171875,882.530029296875,1500
2024-01-11 15:00:00,878.6900024414062,880.2999877929688,865.8099975585938,868.0800170898438,1100
2024-01-14 15:00:00,865.4500122070312,869.6900024414062,855.0,859.7100219726562,1000
2024-01-15 15:00:00,857.3900146484375,864.9000244140625,846.469970703125,854.8300170898438,1000
2024-01-16 15:00:00,856.6099853515625,856.969970703125,832.7000122070312,833.0499877929688,1100
2024-01-17 15:00:00,834.010009765625,848.6300048828125,830.0599975585938,840.3300170898438,1200
2024-01-18 15:00:00,848.6599731445312,856.0499877929688,837.8699951171875,842.6699829101562,1200
2024-01-21 15:00:00,848.8699951171875,849.3200073242188,836.8900146484375,839.6900024414062,1300
2024-01-22 15:00:00,840.6199951171875,848.6500244140625,833.239990234375,840.1099853515625,1200
2024-01-23 15:00:00,841.4500122070312,842.9000244140625,828.1199951171875,836.2100219726562,1400
2024-01-24 15:00:00,833.3400268554688,833.3400268554688,820.6400146484375,823.739990234375,1600
2024-01-25 15:00:00,818.760009765625,839.52001953125,817.0599975585938,837.239990234375,1200
2024-01-28 15:00:00,841.2100219726562,841.2100219726562,815.5399780273438,819.1400146484375,1200
2024-01-29 15:00:00,826.0,828.5399780273438,811.5700073242188,818.8599853515625,1100
2024-01-30 15:00:00,813.7999877929688,818.9000244140625,799.239990234375,799.239990234375,1137300
2024-01-31 15:00:00,796.260009765625,800.9099731445312,786.280029296875,798.72998046875,1100
2024-02-01 15:00:00,803.7100219726562,817.739990234375,803.7100219726562,814.77001953125,1100
2024-02-04 15:00:00,812.280029296875,813.8300170898438,807.3599853515625,807.989990234375,1000
2024-02-05 15:00:00,804.3599853515625,808.3900146484375,795.3699951171875,807.030029296875,1100
2024-02-06 15:00:00,811.510009765625,820.0599975585938,809.1799926757812,811.9199829101562,800
2024-02-07 15:00:00,816.8200073242188,828.030029296875,816.27001953125,826.5800170898438,900
2024-02-12 15:00:00,831.1400146484375,846.5800170898438,830.6599731445312,845.1500244140625,900
2024-02-13 15:00:00,833.239990234375,854.4400024414062,831.5599975585938,853.2999877929688,1100
2024-02-14 15:00:00,860.1300048828125,861.3699951171875,852.7899780273438,859.2100219726562,1200
2024-02-15 15:00:00,863.6900024414062,864.239990234375,854.719970703125,857.5999755859375,1300
2024-02-18 15:00:00,854.280029296875,862.0800170898438,853.52001953125,858.469970703125,1300
2024-02-19 15:00:00,858.0800170898438,866.1699829101562,854.5800170898438,866.1699829101562,1400
2024-02-20 15:00:00,861.5800170898438,872.3800048828125,860.9099731445312,864.0700073242188,1700
2024-02-21 15:00:00,868.219970703125,871.4600219726562,864.5599975585938,870.1099853515625,1500
2024-02-22 15:00:00,873.2100219726562,875.5800170898438,866.219970703125,868.5700073242188,1500
2024-02-25 15:00:00,869.0800170898438,872.52001953125,866.4299926757812,867.4000244140625,1219600
2024-02-26 15:00:00,870.0999755859375,870.0999755859375,850.77001953125,853.75,1200
2024-02-27 15:00:00,859.780029296875,868.7100219726562,858.5599975585938,863.3900146484375,1100
2024-02-28 15:00:00,862.5499877929688,865.8800048828125,858.2999877929688,862.9600219726562,1400
2024-03-03 15:00:00,869.3599853515625,875.2999877929688,869.3599853515625,872.969970703125,1100
2024-03-04 15:00:00,869.3599853515625,869.3599853515625,863.4000244140625,866.3699951171875,1200
2024-03-05 15:00:00,861.6699829101562,872.0599975585938,859.7100219726562,870.6699829101562,1100
2024-03-06 15:00:00,874.2999877929688,874.530029296875,860.010009765625,863.3699951171875,1100
2024-03-07 15:00:00,869.1799926757812,873.1799926757812,866.1799926757812,873.1799926757812,1300
2024-03-10 15:00:00,870.4099731445312,875.9299926757812,868.47998046875,875.9299926757812,1100
2024-03-11 15:00:00,877.3699951171875,889.7100219726562,876.6199951171875,889.7100219726562,1100
2024-03-12 15:00:00,892.4099731445312,894.3900146484375,881.3300170898438,889.9299926757812,1200
2024-03-13 15:00:00,889.530029296875,892.3099975585938,881.9500122070312,887.52001953125,1100
2024-03-14 15:00:00,882.6699829101562,884.5999755859375,875.8699951171875,880.4600219726562,1100
2024-03-17 15:00:00,882.5800170898438,894.47998046875,882.5800170898438,894.47998046875,1000
2024-03-18 15:00:00,893.489990234375,893.489990234375,884.4500122070312,891.9099731445312,1100
2024-03-19 15:00:00,894.3400268554688,896.4400024414062,890.0,891.4500122070312,1100
2024-03-20 15:00:00,900.4600219726562,906.260009765625,899.239990234375,904.2899780273438,1100
2024-03-21 15:00:00,902.7000122070312,905.6400146484376,900.8400268554688,903.97998046875,1100
2024-03-24 15:00:00,906.4500122070312,916.010009765625,905.7000122070312,913.6900024414062,1000
2024-03-25 15:00:00,915.489990234375,922.5700073242188,910.8599853515624,916.0900268554688,1000
2024-03-26 15:00:00,914.3300170898438,918.489990234375,905.260009765625,911.25,1100
2024-03-27 15:00:00,912.3300170898438,914.3800048828124,908.97998046875,910.0499877929688,1100
2024-03-28 15:00:00,912.3099975585938,914.25,903.6099853515624,905.5,900
2024-03-31 15:00:00,909.6199951171876,920.0499877929688,907.47998046875,912.4500122070312,900
2024-04-01 15:00:00,912.0700073242188,913.7899780273438,888.8800048828125,891.5900268554688,1000
2024-04-02 15:00:00,883.219970703125,883.9500122070312,874.77001953125,879.9600219726562,1000
2024-04-03 15:00:00,885.530029296875,889.7000122070312,878.1199951171875,882.9000244140625,1000
2024-04-04 15:00:00,872.469970703125,879.3400268554688,867.4500122070312,872.2899780273438,1100
2024-04-07 15:00:00,873.760009765625,873.760009765625,859.0900268554688,860.5700073242188,1100
2024-04-08 15:00:00,864.0,871.1799926757812,856.489990234375,859.3300170898438,1000
2024-04-10 15:00:00,850.7999877929688,860.8300170898438,847.5399780273438,858.0999755859375,700
2024-04-11 15:00:00,863.1599731445312,867.010009765625,858.239990234375,860.469970703125,700
2024-04-14 15:00:00,850.2100219726562,854.510009765625,842.8400268554688,852.4199829101562,800
2024-04-15 15:00:00,845.5399780273438,848.239990234375,829.760009765625,832.8099975585938,900
2024-04-16 15:00:00,839.2999877929688,845.4500122070312,833.030029296875,833.030029296875,900
2024-04-17 15:00:00,833.3800048828125,856.0499877929688,833.3800048828125,855.6500244140625,1000
2024-04-18 15:00:00,849.989990234375,850.0700073242188,824.989990234375,841.9099731445312,1100
2024-04-21 15:00:00,844.9500122070312,854.1599731445312,840.2899780273438,845.8200073242188,900
2024-04-22 15:00:00,848.8800048828125,853.6199951171875,844.5,845.4400024414062,900
2024-04-23 15:00:00,856.3699951171875,863.1199951171875,855.7899780273438,862.22998046875,1000
2024-04-24 15:00:00,855.780029296875,865.1500244140625,853.1300048828125,853.260009765625,800
2024-04-25 15:00:00,860.0,862.7999877929688,852.7999877929688,856.8200073242188,700
2024-04-28 15:00:00,860.530029296875,869.72998046875,860.530029296875,869.719970703125,800
2024-04-29 15:00:00,872.0800170898438,875.6400146484375,867.3200073242188,868.9299926757812,800
2024-05-01 15:00:00,865.780029296875,870.3300170898438,864.97998046875,867.47998046875,900
2024-05-02 15:00:00,872.27001953125,875.1099853515625,865.2100219726562,865.5900268554688,800
2024-05-06 15:00:00,874.6900024414062,876.9400024414062,869.75,871.260009765625,800
2024-05-07 15:00:00,870.1099853515625,873.6500244140625,862.8099975585938,872.4199829101562,1000
2024-05-08 15:00:00,871.1699829101562,873.530029296875,869.0,870.1500244140625,1000
2024-05-09 15:00:00,873.5599975585938,875.2100219726562,864.030029296875,864.1599731445312,1000
2024-05-12 15:00:00,866.6699829101562,867.0800170898438,852.75,854.4299926757812,900
2024-05-13 15:00:00,857.4400024414062,865.4299926757812,856.8800048828125,862.1500244140625,1000
2024-05-15 15:00:00,872.3099975585938,874.8599853515625,868.510009765625,870.3699951171875,1000
2024-05-16 15:00:00,869.0599975585938,869.5999755859375,854.469970703125,855.0599975585938,900
2024-05-19 15:00:00,856.219970703125,857.510009765625,843.219970703125,847.0800170898438,1000
2024-05-20 15:00:00,849.3200073242188,849.3200073242188,843.6199951171875,846.510009765625,1100
2024-05-21 15:00:00,850.4000244140625,850.5900268554688,844.969970703125,845.719970703125,900
2024-05-22 15:00:00,846.5,849.3200073242188,839.1599731445312,846.5800170898438,1000
2024-05-23 15:00:00,840.7000122070312,845.47998046875,836.9500122070312,839.4099731445312,800
2024-05-26 15:00:00,843.760009765625,848.1300048828125,836.6500244140625,847.989990234375,1000
2024-05-27 15:00:00,847.4600219726562,852.4199829101562,846.9000244140625,851.010009765625,1100
2024-05-28 15:00:00,849.5999755859375,849.9299926757812,838.0800170898438,838.4500122070312,1400
2024-05-29 15:00:00,835.6300048828125,840.739990234375,831.02001953125,831.989990234375,1400
2024-05-30 15:00:00,835.010009765625,840.02001953125,829.8099975585938,839.97998046875,1500
2024-06-02 15:00:00,840.3300170898438,847.0700073242188,839.5800170898438,844.719970703125,1000
2024-06-03 15:00:00,844.6199951171875,851.489990234375,841.8099975585938,845.8400268554688,900
2024-06-04 15:00:00,849.3300170898438,852.1799926757812,844.1300048828125,850.75,900
2024-06-06 15:00:00,856.1699829101562,866.47998046875,855.0599975585938,866.1799926757812,800
2024-06-09 15:00:00,862.2100219726562,867.5999755859375,860.9000244140625,864.7100219726562,900
2024-06-10 15:00:00,866.8800048828125,872.3599853515625,865.9099731445312,868.3599853515625,1000
2024-06-11 15:00:00,871.3599853515625,876.4500122070312,867.3200073242188,870.6699829101562,1200
2024-06-12 15:00:00,879.52001953125,879.52001953125,871.1199951171875,871.3300170898438,900
2024-06-13 15:00:00,872.6900024414062,873.3699951171875,859.6900024414062,862.1900024414062,1000
2024-06-16 15:00:00,860.1300048828125,864.0999755859375,857.1099853515625,858.9600219726562,800
2024-06-17 15:00:00,863.3200073242188,864.8099975585938,855.3499755859375,858.9500122070312,1040200
2024-06-18 15:00:00,860.6599731445312,866.2100219726562,856.1599731445312,861.1699829101562,1000
2024-06-19 15:00:00,861.4400024414062,864.7000122070312,854.9400024414062,857.510009765625,600
2024-06-20 15:00:00,853.47998046875,856.02001953125,848.5,852.6699829101562,800
2024-06-23 15:00:00,852.27001953125,852.47998046875,841.4299926757812,841.52001953125,700
2024-06-24 15:00:00,839.5,844.5399780273438,836.1199951171875,841.989990234375,700
2024-06-25 15:00:00,845.9099731445312,846.760009765625,839.3400268554688,842.1199951171875,700
2024-06-26 15:00:00,841.1199951171875,844.6199951171875,837.7999877929688,838.6500244140625,800
2024-06-27 15:00:00,840.1099853515625,842.3599853515625,838.2899780273438,840.4400024414062,700
2024-06-30 15:00:00,840.5900268554688,847.969970703125,840.4000244140625,847.1500244140625,600
2024-07-01 15:00:00,846.8599853515625,847.3900146484375,828.489990234375,829.9099731445312,700
2024-07-02 15:00:00,832.97998046875,838.8900146484375,829.5,836.0999755859375,800
2024-07-03 15:00:00,838.9000244140625,844.0999755859375,838.9000244140625,840.8099975585938,700
2024-07-04 15:00:00,842.5,849.25,841.97998046875,847.489990234375,800
2024-07-07 15:00:00,848.5900268554688,859.27001953125,848.5900268554688,859.27001953125,700
2024-07-08 15:00:00,860.1799926757812,864.1099853515625,857.5999755859375,860.4199829101562,1100
2024-07-09 15:00:00,859.010009765625,860.8200073242188,854.5999755859375,858.5499877929688,900
2024-07-10 15:00:00,861.72998046875,862.6099853515625,851.719970703125,852.4199829101562,800
2024-07-11 15:00:00,848.0399780273438,855.030029296875,845.030029296875,850.3699951171875,800
2024-07-14 15:00:00,852.6199951171875,852.9299926757812,847.6799926757812,852.8800048828125,800
2024-07-15 15:00:00,850.9600219726562,851.2000122070312,837.2899780273438,839.6099853515625,900
2024-07-16 15:00:00,841.280029296875,843.0999755859375,829.0900268554688,829.4099731445312,800
2024-07-17 15:00:00,820.1400146484375,824.9600219726562,812.9000244140625,822.47998046875,900
2024-07-18 15:00:00,820.2899780273438,828.8200073242188,819.1300048828125,828.719970703125,900
2024-07-21 15:00:00,827.97998046875,828.0900268554688,806.7899780273438,809.9600219726562,900
2024-07-22 15:00:00,816.2999877929688,821.9299926757812,808.7899780273438,812.1199951171875,900
2024-07-23 15:00:00,809.4500122070312,819.8099975585938,807.5499877929688,814.25,800
2024-07-24 15:00:00,802.280029296875,803.5499877929688,794.22998046875,797.2899780273438,1000
2024-07-25 15:00:00,799.969970703125,802.0599975585938,795.02001953125,797.5599975585938,800
2024-07-28 15:00:00,800.6400146484375,808.72998046875,800.3900146484375,807.989990234375,700
2024-07-29 15:00:00,805.1699829101562,807.3800048828125,800.3599853515625,803.780029296875,800
2024-07-30 15:00:00,802.0,804.1699829101562,795.1799926757812,803.1500244140625,800
2024-07-31 15:00:00,807.52001953125,815.280029296875,807.5,813.530029296875,600
2024-08-01 15:00:00,799.4500122070312,799.969970703125,778.3900146484375,779.3300170898438,800
2024-08-04 15:00:00,765.5700073242188,765.5700073242188,672.5700073242188,691.280029296875,1200
2024-08-05 15:00:00,709.0399780273438,738.77001953125,707.719970703125,732.8699951171875,1100
2024-08-06 15:00:00,731.8200073242188,754.4099731445312,731.4400024414062,748.5399780273438,900
2024-08-07 15:00:00,738.2899780273438,751.510009765625,732.739990234375,745.280029296875,1000
2024-08-08 15:00:00,759.9099731445312,768.2100219726562,759.9099731445312,764.4299926757812,800
2024-08-11 15:00:00,767.2100219726562,775.3099975585938,767.2100219726562,772.719970703125,900
2024-08-12 15:00:00,771.97998046875,773.9000244140625,757.1900024414062,764.8599853515625,1200
2024-08-13 15:00:00,775.1099853515625,778.6599731445312,774.1699829101562,776.8300170898438,1100
2024-08-15 15:00:00,787.3400268554688,788.8599853515625,783.8800048828125,786.3300170898438,1100
2024-08-18 15:00:00,787.3200073242188,788.7899780273438,776.7100219726562,777.469970703125,1100
2024-08-19 15:00:00,783.72998046875,787.9500122070312,783.3499755859375,787.4400024414062,1000
2024-08-20 15:00:00,783.97998046875,784.9199829101562,775.2999877929688,779.8699951171875,1100
2024-08-21 15:00:00,782.5900268554688,783.8900146484375,768.47998046875,773.469970703125,1000
2024-08-22 15:00:00,765.489990234375,774.2000122070312,764.8300170898438,773.260009765625,900
2024-08-25 15:00:00,776.9400024414062,777.9099731445312,764.4600219726562,766.7899780273438,800
2024-08-26 15:00:00,765.0999755859375,767.3699951171875,757.0800170898438,764.9500122070312,800
2024-08-27 15:00:00,766.3200073242188,767.280029296875,761.0599975585938,762.5,900
2024-08-28 15:00:00,756.3300170898438,758.989990234375,754.0,756.0399780273438,800
2024-08-29 15:00:00,758.1900024414062,768.3099975585938,757.8699951171875,767.6599731445312,800
2024-09-01 15:00:00,769.8499755859375,770.010009765625,764.1500244140625,769.2100219726562,700
2024-09-02 15:00:00,769.6799926757812,773.1500244140625,760.0700073242188,760.3699951171875,800
2024-09-03 15:00:00,738.5900268554688,741.52001953125,729.3200073242188,731.75,1000
2024-09-04 15:00:00,736.9600219726562,740.22998046875,718.25,725.280029296875,1000
2024-09-05 15:00:00,725.8800048828125,726.47998046875,705.6699829101562,706.5900268554688,900
2024-09-08 15:00:00,696.25,716.1099853515625,693.8599853515625,714.4600219726562,800
2024-09-09 15:00:00,717.969970703125,719.4000244140625,706.1199951171875,706.2000122070312,900
2024-09-10 15:00:00,709.5,718.6500244140625,706.9299926757812,709.4199829101562,1000
2024-09-11 15:00:00,719.2899780273438,733.8099975585938,719.2899780273438,731.030029296875,900
2024-09-12 15:00:00,733.3599853515625,734.3499755859375,726.3699951171875,733.2000122070312,1000
2024-09-18 15:00:00,738.4099731445312,740.3099975585938,729.9299926757812,739.510009765625,1100
2024-09-19 15:00:00,746.1300048828125,750.75,745.3200073242188,748.3300170898438,900
2024-09-22 15:00:00,749.239990234375,757.8499755859375,747.8300170898438,755.1199951171875,700
2024-09-23 15:00:00,757.3699951171875,767.3699951171875,757.22998046875,767.3499755859375,900
2024-09-24 15:00:00,769.8699951171875,771.77001953125,758.02001953125,759.2999877929688,1200
2024-09-25 15:00:00,764.3300170898438,779.1799926757812,764.1500244140625,779.1799926757812,1100
2024-09-26 15:00:00,777.719970703125,780.9099731445312,773.3599853515625,774.489990234375,1000
2024-09-29 15:00:00,777.0599975585938,777.2000122070312,762.6699829101562,763.8800048828125,1000
2024-10-01 15:00:00,757.2999877929688,769.6900024414062,754.3800048828125,762.1300048828125,1000
2024-10-03 15:00:00,763.72998046875,775.0499877929688,763.2000122070312,768.97998046875,900
2024-10-06 15:00:00,774.77001953125,781.5599975585938,771.1099853515625,781.010009765625,800
2024-10-07 15:00:00,776.3699951171875,782.8499755859375,776.2000122070312,778.239990234375,1000
2024-10-09 15:00:00,781.9099731445312,784.030029296875,772.7000122070312,775.47998046875,700
2024-10-10 15:00:00,779.0,781.1199951171875,769.6799926757812,770.97998046875,900
2024-10-13 15:00:00,770.8499755859375,771.75,765.27001953125,770.260009765625,800
2024-10-14 15:00:00,773.3699951171875,777.0,768.1300048828125,773.8099975585938,1000
2024-10-15 15:00:00,769.1900024414062,769.6900024414062,764.969970703125,765.7899780273438,900
2024-10-16 15:00:00,768.1500244140625,769.6900024414062,763.2100219726562,765.0599975585938,900
2024-10-17 15:00:00,765.7100219726562,765.7100219726562,749.530029296875,753.219970703125,900
2024-10-20 15:00:00,754.3499755859375,761.6199951171875,749.6400146484375,759.9500122070312,800
2024-10-21 15:00:00,758.719970703125,758.719970703125,738.3300170898438,738.3400268554688,1077000
2024-10-22 15:00:00,740.9299926757812,748.3300170898438,729.280029296875,745.1900024414062,1100
2024-10-23 15:00:00,742.7000122070312,742.7000122070312,734.260009765625,734.5900268554688,900
2024-10-24 15:00:00,739.0499877929688,739.6199951171875,725.27001953125,727.4099731445312,800
2024-10-27 15:00:00,729.75,740.6699829101562,729.75,740.47998046875,600
2024-10-28 15:00:00,740.0499877929688,744.1799926757812,733.280029296875,744.1799926757812,800
2024-10-29 15:00:00,743.530029296875,746.22998046875,738.1300048828125,738.1900024414062,800
2024-10-30 15:00:00,734.25,743.219970703125,728.3400268554688,743.0599975585938,800
2024-10-31 15:00:00,735.6699829101562,736.260009765625,729.0499877929688,729.0499877929688,700
2024-11-03 15:00:00,730.5,755.0,728.1099853515625,754.0800170898438,800
2024-11-04 15:00:00,752.1699829101562,756.5999755859375,750.1699829101562,751.8099975585938,900
2024-11-05 15:00:00,757.22998046875,761.010009765625,737.77001953125,743.3099975585938,1100
2024-11-06 15:00:00,743.469970703125,743.469970703125,727.0999755859375,733.52001953125,800
2024-11-07 15:00:00,739.9099731445312,746.8900146484375,739.6599731445312,743.3800048828125,800
2024-11-10 15:00:00,744.8599853515625,745.4199829101562,727.0399780273438,728.8400268554688,800
2024-11-11 15:00:00,728.719970703125,729.0700073242188,707.9600219726562,710.52001953125,900
2024-11-12 15:00:00,708.52001953125,712.8300170898438,689.6400146484375,689.6500244140625,900
2024-11-13 15:00:00,694.1599731445312,702.0800170898438,681.2999877929688,681.5599975585938,800
2024-11-14 15:00:00,675.6400146484375,688.9099731445312,668.3800048828125,685.4199829101562,900
2024-11-17 15:00:00,683.530029296875,697.4500122070312,681.0,689.5499877929688,900
2024-11-18 15:00:00,690.4500122070312,691.1300048828125,682.5,686.1199951171875,900
2024-11-19 15:00:00,689.030029296875,691.0,682.030029296875,682.9099731445312,900
2024-11-20 15:00:00,683.0999755859375,685.9099731445312,672.8300170898438,680.6699829101562,1000
2024-11-21 15:00:00,682.3699951171875,689.989990234375,676.0599975585938,677.010009765625,800
2024-11-24 15:00:00,683.3699951171875,698.510009765625,683.3699951171875,696.8300170898438,800
2024-11-25 15:00:00,697.5900268554688,699.7000122070312,689.530029296875,693.1500244140625,800
2024-11-26 15:00:00,693.7999877929688,696.1500244140625,686.3699951171875,692.0,900
2024-11-27 15:00:00,694.9600219726562,697.9099731445312,691.6099853515625,694.3900146484375,900
2024-11-28 15:00:00,694.239990234375,694.239990234375,677.0800170898438,678.1900024414062,900
2024-12-01 15:00:00,684.1500244140625,687.7000122070312,675.780029296875,675.8400268554688,700
2024-12-02 15:00:00,678.97998046875,692.8099975585938,678.97998046875,690.7999877929688,800
2024-12-03 15:00:00,677.5900268554688,687.9400024414062,671.5999755859375,677.1500244140625,900
2024-12-04 15:00:00,679.7899780273438,680.02001953125,669.27001953125,670.9400024414062,700
2024-12-05 15:00:00,670.7000122070312,671.3400268554688,644.3900146484375,661.3300170898438,900
2024-12-08 15:00:00,649.3499755859375,649.3499755859375,627.010009765625,627.010009765625,900
2024-12-09 15:00:00,635.9400024414062,661.5999755859375,635.9400024414062,661.5900268554688,900
2024-12-10 15:00:00,661.7100219726562,677.5499877929688,661.7100219726562,675.9199829101562,1000
2024-12-11 15:00:00,680.969970703125,687.0,674.3099975585938,683.3499755859375,1000
2024-12-12 15:00:00,684.25,695.760009765625,683.2999877929688,693.72998046875,900
2024-12-15 15:00:00,699.8099975585938,701.6699829101562,695.6699829101562,698.530029296875,1000
2024-12-16 15:00:00,699.52001953125,699.52001953125,691.5800170898438,694.469970703125,1000
2024-12-17 15:00:00,694.9400024414062,699.1799926757812,690.4000244140625,697.5700073242188,900
2024-12-18 15:00:00,682.530029296875,688.2899780273438,679.8499755859375,684.3599853515625,800
2024-12-19 15:00:00,684.7899780273438,685.0999755859375,667.0,668.3099975585938,900
2024-12-22 15:00:00,674.260009765625,683.1599731445312,671.0900268554688,679.239990234375,700
2024-12-23 15:00:00,683.02001953125,685.8699951171875,679.22998046875,680.1099853515625,600
2024-12-25 15:00:00,684.2100219726562,684.3599853515625,674.8099975585938,675.6400146484375,800
2024-12-26 15:00:00,674.2999877929688,677.5,661.239990234375,665.969970703125,800
2024-12-29 15:00:00,662.6799926757812,679.6799926757812,661.9199829101562,678.1900024414062,600
2025-01-01 15:00:00,678.97998046875,687.25,675.9600219726562,686.6300048828125,700
2025-01-02 15:00:00,688.0399780273438,706.4600219726562,687.72998046875,705.760009765625,900
2025-01-05 15:00:00,707.8699951171875,718.8599853515625,707.8699951171875,717.9600219726562,1100
2025-01-06 15:00:00,719.6799926757812,723.0900268554688,717.0700073242188,718.2899780273438,1200
2025-01-07 15:00:00,713.780029296875,720.2100219726562,712.6199951171875,719.6300048828125,1100
2025-01-08 15:00:00,718.8900146484375,723.7000122070312,712.3499755859375,723.52001953125,1000
2025-01-09 15:00:00,722.2100219726562,723.469970703125,715.6799926757812,717.8900146484375,900
2025-01-12 15:00:00,713.97998046875,718.9600219726562,707.5999755859375,708.2100219726562,800
2025-01-13 15:00:00,712.030029296875,718.5999755859375,709.1099853515625,718.0399780273438,900
2025-01-14 15:00:00,722.1599731445312,722.3400268554688,709.8200073242188,711.6099853515625,1000
2025-01-15 15:00:00,720.3499755859375,725.780029296875,720.3499755859375,724.239990234375,800
2025-01-16 15:00:00,723.0499877929688,725.5399780273438,722.280029296875,724.6900024414062,800
2025-01-19 15:00:00,727.5900268554688,728.510009765625,722.77001953125,727.6599731445312,800
2025-01-20 15:00:00,728.5700073242188,733.9099731445312,720.72998046875,726.0700073242188,860900
2025-01-21 15:00:00,731.1699829101562,733.8900146484375,729.4600219726562,732.3099975585938,900
2025-01-22 15:00:00,731.6900024414062,731.719970703125,723.489990234375,724.010009765625,900
2025-01-23 15:00:00,725.780029296875,731.7000122070312,722.8200073242188,728.739990234375,800
2025-01-30 15:00:00,724.9600219726562,728.4099731445312,723.2999877929688,728.2899780273438,700
2025-02-02 15:00:00,718.260009765625,718.260009765625,700.5700073242188,703.7999877929688,800
2025-02-03 15:00:00,713.5499877929688,726.280029296875,713.5499877929688,719.9199829101562,1000
2025-02-04 15:00:00,724.5999755859375,731.9199829101562,724.5999755859375,730.97998046875,800
2025-02-05 15:00:00,735.9400024414062,740.3200073242188,734.9099731445312,740.3200073242188,900
2025-02-06 15:00:00,739.8800048828125,744.6799926757812,737.6099853515625,742.9000244140625,1000
2025-02-09 15:00:00,740.1199951171875,750.4600219726562,735.7100219726562,749.6699829101562,1000
2025-02-10 15:00:00,751.25,754.6199951171875,749.3599853515625,749.5900268554688,1000
2025-02-11 15:00:00,748.6500244140625,748.6500244140625,742.8499755859375,745.1799926757812,900
2025-02-12 15:00:00,748.6900024414062,751.8300170898438,744.8300170898438,749.280029296875,800
2025-02-13 15:00:00,752.0800170898438,758.719970703125,752.0399780273438,756.3200073242188,900
2025-02-16 15:00:00,759.2100219726562,768.47998046875,757.77001953125,768.47998046875,900
2025-02-17 15:00:00,769.9299926757812,773.77001953125,765.989990234375,773.6500244140625,1100
2025-02-18 15:00:00,774.1199951171875,778.97998046875,772.6300048828125,778.27001953125,900
2025-02-19 15:00:00,777.780029296875,781.5399780273438,766.8300170898438,768.27001953125,1000
2025-02-20 15:00:00,768.3900146484375,774.780029296875,767.1799926757812,774.6500244140625,900
2025-02-23 15:00:00,766.9400024414062,773.510009765625,764.47998046875,773.3300170898438,900
2025-02-24 15:00:00,766.8499755859375,773.9099731445312,765.260009765625,769.4299926757812,1000
2025-02-25 15:00:00,769.0,774.2000122070312,766.6900024414062,771.4099731445312,900
2025-02-26 15:00:00,774.1300048828125,776.5700073242188,769.5999755859375,770.8499755859375,800
2025-02-27 15:00:00,760.0999755859375,760.0999755859375,743.9500122070312,743.9600219726562,900
2025-03-03 15:00:00,739.6799926757812,739.6799926757812,730.9600219726562,737.9000244140625,600
2025-03-04 15:00:00,743.3499755859375,748.8200073242188,740.6900024414062,746.9500122070312,700
2025-03-05 15:00:00,750.4299926757812,750.4299926757812,733.489990234375,734.9199829101562,800
2025-03-06 15:00:00,729.4299926757812,738.0999755859375,725.969970703125,727.7000122070312,700
2025-03-09 15:00:00,724.780029296875,732.6199951171875,720.1300048828125,725.8200073242188,600
2025-03-10 15:00:00,710.2000122070312,721.7000122070312,706.9600219726562,721.5,800
2025-03-11 15:00:00,724.5800170898438,734.1400146484375,723.52001953125,729.489990234375,700
2025-03-12 15:00:00,735.75,737.2899780273438,722.280029296875,722.7999877929688,800
2025-03-13 15:00:00,723.75,736.8400268554688,723.7100219726562,734.260009765625,700
2025-03-16 15:00:00,740.1400146484375,743.77001953125,735.3200073242188,743.510009765625,700
2025-03-17 15:00:00,747.7100219726562,748.0700073242188,742.2899780273438,745.5399780273438,700
2025-03-18 15:00:00,743.2100219726562,747.530029296875,737.52001953125,738.3499755859375,700
2025-03-19 15:00:00,743.0599975585938,743.3900146484375,725.0999755859375,725.1500244140625,700
2025-03-20 15:00:00,724.9400024414062,727.1500244140625,713.8200073242188,719.4099731445312,700
2025-03-23 15:00:00,721.3900146484375,725.3400268554688,718.6699829101562,720.219970703125,700
2025-03-24 15:00:00,725.3400268554688,725.8400268554688,709.6699829101562,711.260009765625,700
2025-03-25 15:00:00,714.3599853515625,717.2999877929688,705.3800048828125,716.47998046875,700
2025-03-26 15:00:00,710.97998046875,718.2000122070312,706.8599853515625,707.489990234375,800
2025-03-27 15:00:00,708.969970703125,709.3300170898438,691.760009765625,693.760009765625,1000
2025-03-30 15:00:00,683.4199829101562,686.1699829101562,671.9099731445312,672.8499755859375,900
2025-03-31 15:00:00,681.5800170898438,695.72998046875,677.8599853515625,691.4500122070312,800
2025-04-01 15:00:00,695.3699951171875,696.47998046875,683.2999877929688,684.8499755859375,800
2025-04-02 15:00:00,670.75,685.1599731445312,669.8499755859375,683.489990234375,700
2025-04-03 15:00:00,677.22998046875,697.719970703125,674.6599731445312,687.3900146484375,1000
2025-04-06 15:00:00,667.02001953125,667.02001953125,651.2899780273438,651.2999877929688,900
2025-04-07 15:00:00,666.010009765625,668.8200073242188,656.0700073242188,658.4500122070312,900
2025-04-08 15:00:00,653.8400268554688,657.4500122070312,637.5499877929688,643.3900146484375,800
2025-04-09 15:00:00,670.1199951171875,681.7899780273438,669.989990234375,681.7899780273438,900
2025-04-10 15:00:00,673.0900268554688,695.5900268554688,672.739990234375,695.5900268554688,1000
2025-04-13 15:00:00,699.989990234375,709.0499877929688,699.2100219726562,708.97998046875,1100
2025-04-14 15:00:00,709.510009765625,712.6900024414062,704.6099853515625,711.9199829101562,900
2025-04-15 15:00:00,710.3800048828125,711.3800048828125,698.5800170898438,699.1099853515625,1000
2025-04-16 15:00:00,700.1099853515625,711.9099731445312,700.1099853515625,711.75,1100
2025-04-17 15:00:00,713.52001953125,717.77001953125,708.2000122070312,717.77001953125,1200
2025-04-20 15:00:00,717.25,722.1799926757812,714.0499877929688,715.4500122070312,1200
2025-04-21 15:00:00,711.4199829101562,717.8599853515625,711.030029296875,716.1199951171875,1300
2025-04-22 15:00:00,724.3300170898438,726.0999755859375,720.4199829101562,726.0800170898438,1100
2025-04-23 15:00:00,726.9500122070312,729.489990234375,723.3300170898438,726.0800170898438,1200
2025-04-24 15:00:00,729.5599975585938,732.7999877929688,728.2100219726562,729.6900024414062,1000
2025-04-27 15:00:00,730.5800170898438,732.4400024414062,718.1400146484375,719.4099731445312,1000
2025-04-28 15:00:00,722.9400024414062,727.7999877929688,721.4199829101562,726.4600219726562,900
2025-04-29 15:00:00,726.1900024414062,727.27001953125,715.3300170898438,717.239990234375,900
2025-05-01 15:00:00,716.5999755859375,723.77001953125,714.0700073242188,721.8599853515625,700
2025-05-06 15:00:00,722.4099731445312,722.8099975585938,714.7999877929688,722.8099975585938,700
2025-05-07 15:00:00,725.8099975585938,730.719970703125,725.8099975585938,729.5900268554688,700
2025-05-08 15:00:00,731.010009765625,731.010009765625,719.8300170898438,722.52001953125,900
2025-05-11 15:00:00,724.469970703125,727.5599975585938,719.22998046875,725.4000244140625,1016100
2025-05-12 15:00:00,731.1099853515625,735.8499755859375,730.760009765625,731.8800048828125,1200
2025-05-13 15:00:00,732.2000122070312,739.0499877929688,726.510009765625,739.0499877929688,1000
2025-05-14 15:00:00,738.1500244140625,738.280029296875,732.5900268554688,733.22998046875,1100
2025-05-15 15:00:00,734.3800048828125,734.3800048828125,722.989990234375,725.0700073242188,1100
2025-05-18 15:00:00,721.27001953125,721.3099975585938,710.469970703125,713.75,1300
2025-05-19 15:00:00,719.3599853515625,722.1699829101562,715.1199951171875,715.5499877929688,1000
2025-05-20 15:00:00,720.6400146484375,726.6799926757812,719.9600219726562,723.6199951171875,800
2025-05-21 15:00:00,720.9600219726562,720.9600219726562,714.7100219726562,717.6699829101562,1100
2025-05-22 15:00:00,720.5,720.5,713.219970703125,715.97998046875,1000
2025-05-25 15:00:00,718.47998046875,726.9299926757812,716.8599853515625,725.27001953125,800
2025-05-26 15:00:00,727.0,727.1599731445312,723.6599731445312,727.1099853515625,800
2025-05-27 15:00:00,731.0599975585938,733.47998046875,727.5999755859375,728.7899780273438,1000
2025-05-28 15:00:00,733.219970703125,736.2899780273438,731.6400146484375,736.2899780273438,900
2025-05-29 15:00:00,735.260009765625,737.4299926757812,732.5499877929688,734.3499755859375,900
2025-06-01 15:00:00,735.1400146484375,741.4099731445312,733.969970703125,740.2899780273438,800
2025-06-03 15:00:00,749.1300048828125,752.75,747.3499755859375,750.2100219726562,900
2025-06-04 15:00:00,751.5900268554688,761.1699829101562,750.1699829101562,756.22998046875,900
2025-06-08 15:00:00,759.27001953125,764.9199829101562,757.2899780273438,764.2100219726562,1100
2025-06-09 15:00:00,767.9099731445312,771.2000122070312,761.3599853515625,771.2000122070312,1400
2025-06-10 15:00:00,775.4299926757812,787.0599975585938,774.8400268554688,786.2899780273438,1600
2025-06-11 15:00:00,786.27001953125,793.2000122070312,784.9600219726562,789.4500122070312,1300
2025-06-12 15:00:00,792.6799926757812,792.6799926757812,761.4199829101562,768.8599853515625,1100
2025-06-15 15:00:00,767.6400146484375,777.6799926757812,763.8099975585938,777.260009765625,1100
2025-06-16 15:00:00,780.0800170898438,785.760009765625,766.5599975585938,775.6500244140625,1100
2025-06-17 15:00:00,772.5999755859375,781.3499755859375,772.5999755859375,779.72998046875,1000
2025-06-18 15:00:00,783.2899780273438,783.2999877929688,776.2100219726562,782.510009765625,1103700
2025-06-19 15:00:00,783.6300048828125,791.530029296875,780.6500244140625,791.530029296875,1100
2025-06-22 15:00:00,779.6699829101562,784.7899780273438,772.9099731445312,784.7899780273438,1000
2025-06-23 15:00:00,796.0599975585938,801.3400268554688,794.8699951171875,800.9299926757812,1100
2025-06-24 15:00:00,802.9199829101562,803.9299926757812,793.030029296875,798.2100219726562,1200
2025-06-25 15:00:00,799.2100219726562,799.2100219726562,779.719970703125,787.9500122070312,900
2025-06-26 15:00:00,789.9299926757812,790.6699829101562,778.5999755859375,781.5599975585938,900
2025-06-29 15:00:00,783.530029296875,784.6500244140625,778.5800170898438,781.5,800
2025-06-30 15:00:00,783.6500244140625,788.3800048828125,783.2899780273438,783.6699829101562,1000
2025-07-01 15:00:00,784.72998046875,787.1099853515625,769.9099731445312,782.1699829101562,900
2025-07-02 15:00:00,785.77001953125,793.6099853515625,783.530029296875,793.3300170898438,1100
2025-07-03 15:00:00,792.6500244140625,793.77001953125,775.5800170898438,775.7999877929688,1100
2025-07-06 15:00:00,774.1900024414062,779.97998046875,771.4600219726562,778.4600219726562,1400
2025-07-07 15:00:00,779.280029296875,784.3699951171875,775.5700073242188,784.239990234375,1200
2025-07-08 15:00:00,786.3300170898438,790.3599853515625,783.47998046875,790.3599853515625,900
2025-07-09 15:00:00,794.6400146484375,798.72998046875,792.0499877929688,797.7000122070312,905100
2025-07-10 15:00:00,799.9600219726562,805.9000244140625,798.8300170898438,800.469970703125,1000
2025-07-13 15:00:00,802.72998046875,803.0999755859375,795.5700073242188,799.3699951171875,900
2025-07-14 15:00:00,800.239990234375,812.9099731445312,798.8300170898438,812.8800048828125,800
2025-07-15 15:00:00,810.0900268554688,813.1900024414062,805.1300048828125,812.22998046875,900
2025-07-16 15:00:00,814.9199829101562,818.27001953125,806.6300048828125,818.27001953125,1000
2025-07-17 15:00:00,821.5800170898438,822.8300170898438,815.4500122070312,820.6699829101562,800
2025-07-20 15:00:00,819.8400268554688,822.760009765625,817.3400268554688,821.6900024414062,900
2025-07-21 15:00:00,822.3300170898438,827.8200073242188,808.8099975585938,812.969970703125,1000
2025-07-22 15:00:00,815.8800048828125,815.8800048828125,802.2999877929688,813.5599975585938,900
2025-07-23 15:00:00,816.9400024414062,819.9500122070312,809.260009765625,809.8900146484375,900
2025-07-24 15:00:00,809.4299926757812,810.6699829101562,805.8300170898438,806.9500122070312,700
2025-07-27 15:00:00,811.260009765625,811.489990234375,800.760009765625,804.4000244140625,700
2025-07-28 15:00:00,803.3800048828125,807.0900268554688,795.6699829101562,804.4500122070312,600
2025-07-29 15:00:00,804.760009765625,809.27001953125,803.3400268554688,803.6699829101562,800
2025-07-30 15:00:00,806.2100219726562,809.030029296875,799.510009765625,805.239990234375,800
2025-07-31 15:00:00,796.239990234375,796.239990234375,772.6599731445312,772.7899780273438,800
2025-08-03 15:00:00,773.8300170898438,786.3499755859375,770.3499755859375,784.0599975585938,700
2025-08-04 15:00:00,791.9400024414062,801.6300048828125,791.9400024414062,798.5999755859375,700
2025-08-05 15:00:00,796.47998046875,803.5499877929688,793.8499755859375,803.489990234375,700
2025-08-06 15:00:00,805.27001953125,806.469970703125,801.7000122070312,805.8099975585938,800
2025-08-07 15:00:00,806.4299926757812,812.47998046875,806.4299926757812,809.27001953125,800
2025-08-10 15:00:00,810.510009765625,813.52001953125,805.9000244140625,811.8499755859375,900
2025-08-11 15:00:00,813.1199951171875,820.27001953125,806.8400268554688,807.1900024414062,1100
2025-08-12 15:00:00,816.5399780273438,816.6599731445312,806.260009765625,814.0999755859375,1000
2025-08-13 15:00:00,814.47998046875,817.219970703125,812.3800048828125,815.260009765625,900
2025-08-17 15:00:00,811.52001953125,812.489990234375,798.0499877929688,798.0499877929688,800
2025-08-18 15:00:00,799.5399780273438,800.0700073242188,785.9500122070312,787.9600219726562,900
2025-08-19 15:00:00,778.6300048828125,778.6300048828125,766.5700073242188,777.6099853515625,900
2025-08-20 15:00:00,780.3200073242188,784.72998046875,776.3099975585938,777.239990234375,900
2025-08-21 15:00:00,778.77001953125,785.5499877929688,778.72998046875,782.510009765625,800
2025-08-24 15:00:00,791.6599731445312,798.5700073242188,791.6599731445312,798.02001953125,800
2025-08-25 15:00:00,793.989990234375,802.8400268554688,793.3699951171875,801.6599731445312,800
2025-08-26 15:00:00,802.5700073242188,803.1900024414062,797.5999755859375,801.719970703125,700
2025-08-27 15:00:00,800.489990234375,801.3699951171875,797.3699951171875,798.4299926757812,800
2025-08-28 15:00:00,801.9600219726562,805.9400024414062,795.5599975585938,796.9099731445312,900
2025-08-31 15:00:00,795.2999877929688,796.22998046875,782.5399780273438,785.0,1100
2025-09-01 15:00:00,789.3499755859375,794.0,785.2999877929688,794.0,1000
2025-09-02 15:00:00,793.280029296875,796.9199829101562,789.27001953125,796.8099975585938,1200
2025-09-03 15:00:00,799.530029296875,806.780029296875,799.530029296875,805.4199829101562,1300
2025-09-04 15:00:00,809.0900268554688,811.7100219726562,807.2000122070312,811.4000244140625,1000
2025-09-07 15:00:00,815.9000244140625,818.6099853515625,813.4299926757812,818.5999755859375,900
2025-09-08 15:00:00,820.75,824.8200073242188,817.4000244140625,824.8200073242188,1300
2025-09-09 15:00:00,828.4000244140625,833.2100219726562,827.5700073242188,833.0,900
2025-09-10 15:00:00,834.6799926757812,836.5499877929688,831.22998046875,834.760009765625,1000
2025-09-11 15:00:00,839.72998046875,847.3599853515625,839.5599975585938,847.0800170898438,1000
2025-09-14 15:00:00,849.6400146484375,852.6900024414062,843.4299926757812,852.6900024414062,900
2025-09-15 15:00:00,854.4000244140625,855.5,850.1500244140625,851.8400268554688,1000
2025-09-16 15:00:00,850.1500244140625,850.1500244140625,844.1599731445312,845.530029296875,1000
2025-09-17 15:00:00,851.9400024414062,857.1199951171875,850.22998046875,857.1099853515625,1000
2025-09-18 15:00:00,858.0800170898438,863.1099853515625,854.0,863.1099853515625,1000
2025-09-21 15:00:00,869.0599975585938,875.27001953125,867.1099853515625,874.3599853515625,1000
2025-09-22 15:00:00,877.1799926757812,877.5599975585938,866.6500244140625,872.2100219726562,1000
2025-09-23 15:00:00,870.5399780273438,871.8200073242188,851.3800048828125,860.9400024414062,1000
2025-09-24 15:00:00,858.4500122070312,862.0800170898438,850.1300048828125,852.47998046875,900
2025-09-25 15:00:00,847.6699829101562,847.72998046875,829.469970703125,835.1900024414062,700
2025-09-28 15:00:00,840.6199951171875,847.5700073242188,837.8900146484375,846.7100219726562,700
2025-09-29 15:00:00,847.52001953125,849.1799926757812,841.6500244140625,841.989990234375,800
2025-09-30 15:00:00,846.3200073242188,849.7999877929688,844.0,845.3400268554688,600
2025-10-01 15:00:00,853.4000244140625,854.8699951171875,848.75,854.25,800
2025-10-09 15:00:00,858.8599853515625,859.97998046875,849.6400146484375,859.489990234375,800
2025-10-12 15:00:00,845.760009765625,861.7899780273438,840.280029296875,860.489990234375,700
2025-10-13 15:00:00,865.3699951171875,870.719970703125,839.27001953125,847.9600219726562,1000
2025-10-14 15:00:00,853.1699829101562,864.77001953125,850.2999877929688,864.719970703125,900
2025-10-15 15:00:00,866.8200073242188,868.3599853515625,862.6300048828125,865.4099731445312,900
2025-10-16 15:00:00,862.7100219726562,871.0599975585938,859.1900024414062,859.5399780273438,900
2025-10-19 15:00:00,864.97998046875,876.469970703125,862.010009765625,875.77001953125,800
2025-10-20 15:00:00,881.530029296875,882.0999755859375,867.6199951171875,872.5,1100
2025-10-21 15:00:00,872.510009765625,879.3099975585938,866.2100219726562,879.1500244140625,900
2025-10-22 15:00:00,874.1300048828125,880.3300170898438,868.739990234375,872.030029296875,1100
2025-10-23 15:00:00,880.6099853515625,884.0599975585938,876.3800048828125,883.0800170898438,1000
2025-10-26 15:00:00,890.22998046875,902.719970703125,888.8699951171875,902.7000122070312,1000
2025-10-27 15:00:00,902.8200073242188,906.7100219726562,896.3599853515625,903.2999877929688,800
2025-10-28 15:00:00,906.5,906.5,896.1099853515625,901.5900268554688,1000
2025-10-29 15:00:00,903.239990234375,904.3400268554688,883.6799926757812,890.8599853515625,1200
2025-10-30 15:00:00,894.5399780273438,901.7999877929688,891.3200073242188,900.4199829101562,900
2025-11-02 15:00:00,906.1900024414062,914.9099731445312,902.2899780273438,914.5499877929688,1000
2025-11-03 15:00:00,914.8699951171876,932.1500244140624,912.780029296875,926.5700073242188,900
2025-11-04 15:00:00,919.280029296875,919.280029296875,871.7899780273438,901.8900146484376,1100
2025-11-05 15:00:00,915.4299926757812,921.219970703125,890.5800170898438,898.1699829101562,981000
2025-11-06 15:00:00,882.9400024414062,894.8300170898438,864.6699829101562,876.8099975585938,1041100
2025-11-09 15:00:00,882.4400024414062,889.0800170898438,872.1300048828125,888.3499755859375,700
2025-11-10 15:00:00,893.9099731445312,903.0900268554688,876.5599975585938,884.27001953125,1000
2025-11-11 15:00:00,890.989990234375,906.5900268554688,887.2000122070312,906.510009765625,1000
2025-11-12 15:00:00,904.3599853515624,920.1300048828124,902.3400268554688,918.3699951171876,900
2025-11-13 15:00:00,900.4199829101562,910.0399780273438,897.0900268554688,897.9000244140625,800
2025-11-16 15:00:00,904.1500244140624,905.4199829101562,895.6900024414062,902.6699829101562,700
2025-11-17 15:00:00,899.6199951171875,900.72998046875,873.0399780273438,878.7000122070312,800
2025-11-18 15:00:00,881.489990234375,881.8099975585938,854.22998046875,871.3200073242188,700
2025-11-19 15:00:00,884.0999755859375,894.8699951171875,884.0999755859375,891.9400024414062,600
2025-11-20 15:00:00,867.4500122070312,870.510009765625,860.1699829101562,863.9500122070312,800
2025-11-23 15:00:00,873.2999877929688,873.2999877929688,850.0900268554688,856.4400024414062,700
2025-11-24 15:00:00,867.8400268554688,871.6799926757812,851.4099731445312,856.030029296875,700
2025-11-25 15:00:00,863.280029296875,877.5800170898438,859.3200073242188,877.3200073242188,600
2025-11-26 15:00:00,879.4400024414062,884.0,878.0399780273438,880.0599975585938,721100
2025-11-27 15:00:00,888.75,912.6699829101562,888.0999755859375,912.6699829101562,800
2025-11-30 15:00:00,920.6900024414062,933.260009765625,917.1799926757812,922.3800048828124,800
2025-12-01 15:00:00,921.3699951171876,928.4199829101562,914.6699829101562,928.4199829101562,800
2025-12-02 15:00:00,931.489990234375,932.97998046875,926.0800170898438,932.010009765625,800
2025-12-03 15:00:00,934.010009765625,937.8800048828124,924.6199951171876,929.8300170898438,800
2025-12-04 15:00:00,930.75,933.0599975585938,916.1099853515624,924.739990234375,700
2025-12-07 15:00:00,928.52001953125,929.9199829101562,922.1699829101562,927.7899780273438,700
2025-12-08 15:00:00,926.9299926757812,932.5700073242188,924.5499877929688,931.3499755859376,700
2025-12-09 15:00:00,932.3699951171876,936.75,927.3599853515624,935.0,800
2025-12-10 15:00:00,940.5900268554688,943.1900024414062,929.5599975585938,934.6400146484376,900
2025-12-11 15:00:00,933.989990234375,938.1099853515624,930.2100219726562,937.3400268554688,1000
2025-12-14 15:00:00,925.5999755859376,939.4199829101562,921.0900268554688,938.8300170898438,1000
2025-12-15 15:00:00,938.22998046875,938.22998046875,915.489990234375,916.1099853515624,900
2025-12-16 15:00:00,922.030029296875,922.739990234375,907.239990234375,911.0700073242188,1000
2025-12-17 15:00:00,899.2999877929688,907.5399780273438,895.1900024414062,901.3300170898438,900
2025-12-18 15:00:00,909.7000122070312,922.0999755859376,899.25,915.27001953125,1000
2025-12-21 15:00:00,923.969970703125,929.8300170898438,923.2000122070312,929.1400146484376,1000
2025-12-22 15:00:00,932.47998046875,932.47998046875,918.5399780273438,919.5599975585938,1000
2025-12-23 15:00:00,921.010009765625,921.010009765625,913.2100219726562,915.2000122070312,800
2025-12-25 15:00:00,920.9000244140624,923.6099853515624,913.8499755859376,919.6699829101562,800
2025-12-28 15:00:00,923.219970703125,932.6400146484376,921.1199951171876,932.5900268554688,900
2025-12-29 15:00:00,928.989990234375,929.9500122070312,920.5599975585938,925.469970703125,800
2026-01-01 15:00:00,930.3499755859376,945.5700073242188,930.3499755859376,945.5700073242188,900
2026-01-04 15:00:00,948.5599975585938,957.5900268554688,945.27001953125,957.5,1100
2026-01-05 15:00:00,959.3800048828124,960.3499755859376,950.0700073242188,955.969970703125,1000
2026-01-06 15:00:00,957.739990234375,957.9299926757812,937.9500122070312,947.3900146484376,1100
2026-01-07 15:00:00,950.7100219726562,951.77001953125,943.0800170898438,944.0599975585938,1000
2026-01-08 15:00:00,944.739990234375,948.0599975585938,935.5399780273438,947.9199829101562,900
2026-01-11 15:00:00,948.47998046875,957.3699951171876,939.3300170898438,949.8099975585938,1100
2026-01-12 15:00:00,954.75,954.75,941.3400268554688,948.97998046875,1100
2026-01-13 15:00:00,951.030029296875,951.030029296875,937.719970703125,942.1799926757812,900
2026-01-14 15:00:00,940.6599731445312,951.47998046875,937.739990234375,951.1599731445312,1000
2026-01-15 15:00:00,950.8300170898438,956.22998046875,943.4299926757812,954.5900268554688,1200
2026-01-18 15:00:00,952.9299926757812,969.0900268554688,950.6300048828125,968.3599853515625,1300
2026-01-19 15:00:00,973.1699829101562,986.22998046875,954.6400146484375,976.3699951171875,1400
2026-01-20 15:00:00,958.0499877929688,962.1300048828125,933.3099975585938,951.2899780273438,1600
2026-01-21 15:00:00,963.77001953125,972.3800048828125,956.0900268554688,970.3499755859375,1400
2026-01-22 15:00:00,977.1500244140625,998.3200073242188,975.25,993.9299926757812,1500
