Date,trailingPE,priceToBook,trailingAnnualDividendYield,symbol,currency,quoteType
1990-01-03,0.0,0.0,0.0,KRX_IDX_1001,KRW,INDEX
1990-01-04,0.0,0.0,0.0,KRX_IDX_1001,KRW,INDEX
1990-01-05,0.0,0.0,0.0,KRX_IDX_1001,KRW,INDEX
1990-01-06,0.0,0.0,0.0,KRX_IDX_1001,KRW,INDEX
1990-01-08,0.0,0.0,0.0,KRX_IDX_1001,KRW,INDEX
1990-01-09,0.0,0.0,0.0,KRX_IDX_1001,KRW,INDEX
1990-01-10,0.0,0.0,0.0,KRX_IDX_1001,KRW,INDEX
1990-01-11,0.0,0.0,0.0,KRX_IDX_1001,KRW,INDEX
1990-01-12,0.0,0.0,0.0,KRX_IDX_1001,KRW,INDEX
1990-01-13,0.0,0.0,0.0,KRX_IDX_1001,KRW,INDEX
1990-01-15,0.0,0.0,0.0,KRX_IDX_1001,KRW,INDEX
1990-01-16,0.0,0.0,0.0,KRX_IDX_1001,KRW,INDEX
1990-01-17,0.0,0.0,0.0,KRX_IDX_1001,KRW,INDEX
1990-01-18,0.0,0.0,0.0,KRX_IDX_1001,KRW,INDEX
1990-01-19,0.0,0.0,0.0,KRX_IDX_1001,KRW,INDEX
1990-01-20,0.0,0.0,0.0,KRX_IDX_1001,KRW,INDEX
1990-01-22,0.0,0.0,0.0,KRX_IDX_1001,KRW,INDEX
1990-01-23,0.0,0.0,0.0,KRX_IDX_1001,KRW,INDEX
1990-01-24,0.0,0.0,0.0,KRX_IDX_1001,KRW,INDEX
1990-01-25,0.0,0.0,0.0,KRX_IDX_1001,KRW,INDEX
1990-01-29,0.0,0.0,0.0,KRX_IDX_1001,KRW,INDEX
1990-01-30,0.0,0.0,0.0,KRX_IDX_1001,KRW,INDEX
1990-01-31,0.0,0.0,0.0,KRX_IDX_1001,KRW,INDEX
1990-02-01,0.0,0.0,0.0,KRX_IDX_1001,KRW,INDEX
1990-02-02,0.0,0.0,0.0,KRX_IDX_1001,KRW,INDEX
1990-02-03,0.0,0.0,0.0,KRX_IDX_1001,KRW,INDEX
1990-02-05,0.0,0.0,0.0,KRX_IDX_1001,KRW,INDEX
1990-02-06,0.0,0.0,0.0,KRX_IDX_1001,KRW,INDEX
1990-02-07,0.0,0.0,0.0,KRX_IDX_1001,KRW,INDEX
1990-02-08,0.0,0.0,0.0,KRX_IDX_1001,KRW,INDEX
1990-02-09,0.0,0.0,0.0,KRX_IDX_1001,KRW,INDEX
1990-02-10,0.0,0.0,0.0,KRX_IDX_1001,KRW,INDEX
1990-02-12,0.0,0.0,0.0,KRX_IDX_1001,KRW,INDEX
1990-02-13,0.0,0.0,0.0,KRX_IDX_1001,KRW,INDEX
1990-02-14,0.0,0.0,0.0,KRX_IDX_1001,KRW,INDEX
1990-02-15,0.0,0.0,0.0,KRX_IDX_1001,KRW,INDEX
1990-02-16,0.0,0.0,0.0,KRX_IDX_1001,KRW,INDEX
1990-02-17,0.0,0.0,0.0,KRX_IDX_1001,KRW,INDEX
1990-02-19,0.0,0.0,0.0,KRX_IDX_1001,KRW,INDEX
1990-02-20,0.0,0.0,0.0,KRX_IDX_1001,KRW,INDEX
1990-02-21,0.0,0.0,0.0,KRX_IDX_1001,KRW,INDEX
1990-02-22,0.0,0.0,0.0,KRX_IDX_1001,KRW,INDEX
1990-02-23,0.0,0.0,0.0,KRX_IDX_1001,KRW,INDEX
1990-02-24,0.0,0.0,0.0,KRX_IDX_1001,KRW,INDEX
1990-02-26,0.0,0.0,0.0,KRX_IDX_1001,KRW,INDEX
1990-02-27,0.0,0.0,0.0,KRX_IDX_1001,KRW,INDEX
1990-02-28,0.0,0.0,0.0,KRX_IDX_1001,KRW,INDEX
1990-03-02,0.0,0.0,0.0,KRX_IDX_1001,KRW,INDEX
1990-03-03,0.0,0.0,0.0,KRX_IDX_1001,KRW,INDEX
1990-03-05,0.0,0.0,0.0,KRX_IDX_1001,KRW,INDEX
1990-03-06,0.0,0.0,0.0,KRX_IDX_1001,KRW,INDEX
1990-03-07,0.0,0.0,0.0,KRX_IDX_1001,KRW,INDEX
1990-03-08,0.0,0.0,0.0,KRX_IDX_1001,KRW,INDEX
1990-03-09,0.0,0.0,0.0,KRX_IDX_1001,KRW,INDEX
1990-03-12,0.0,0.0,0.0,KRX_IDX_1001,KRW,INDEX
1990-03-13,0.0,0.0,0.0,KRX_IDX_1001,KRW,INDEX
1990-03-14,0.0,0.0,0.0,KRX_IDX_1001,KRW,INDEX
1990-03-15,0.0,0.0,0.0,KRX_IDX_1001,KRW,INDEX
1990-03-16,0.0,0.0,0.0,KRX_IDX_1001,KRW,INDEX
1990-03-17,0.0,0.0,0.0,KRX_IDX_1001,KRW,INDEX
1990-03-19,0.0,0.0,0.0,KRX_IDX_1001,KRW,INDEX
1990-03-20,0.0,0.0,0.0,KRX_IDX_1001,KRW,INDEX
1990-03-21,0.0,0.0,0.0,KRX_IDX_1001,KRW,INDEX
1990-03-22,0.0,0.0,0.0,KRX_IDX_1001,KRW,INDEX
1990-03-23,0.0,0.0,0.0,KRX_IDX_1001,KRW,INDEX
1990-03-24,0.0,0.0,0.0,KRX_IDX_1001,KRW,INDEX
1990-03-26,0.0,0.0,0.0,KRX_IDX_1001,KRW,INDEX
1990-03-27,0.0,0.0,0.0,KRX_IDX_1001,KRW,INDEX
1990-03-28,0.0,0.0,0.0,KRX_IDX_1001,KRW,INDEX
1990-03-29,0.0,0.0,0.0,KRX_IDX_1001,KRW,INDEX
1990-03-30,0.0,0.0,0.0,KRX_IDX_1001,KRW,INDEX
1990-03-31,0.0,0.0,0.0,KRX_IDX_1001,KRW,INDEX
1990-04-02,0.0,0.0,0.0,KRX_IDX_1001,KRW,INDEX
1990-04-03,0.0,0.0,0.0,KRX_IDX_1001,KRW,INDEX
1990-04-04,0.0,0.0,0.0,KRX_IDX_1001,KRW,INDEX
1990-04-06,0.0,0.0,0.0,KRX_IDX_1001,KRW,INDEX
1990-04-07,0.0,0.0,0.0,KRX_IDX_1001,KRW,INDEX
1990-04-09,0.0,0.0,0.0,KRX_IDX_1001,KRW,INDEX
1990-04-10,0.0,0.0,0.0,KRX_IDX_1001,KRW,INDEX
1990-04-11,0.0,0.0,0.0,KRX_IDX_1001,KRW,INDEX
1990-04-12,0.0,0.0,0.0,KRX_IDX_1001,KRW,INDEX
1990-04-13,0.0,0.0,0.0,KRX_IDX_1001,KRW,INDEX
1990-04-14,0.0,0.0,0.0,KRX_IDX_1001,KRW,INDEX
1990-04-16,0.0,0.0,0.0,KRX_IDX_1001,KRW,INDEX
1990-04-17,0.0,0.0,0.0,KRX_IDX_1001,KRW,INDEX
1990-04-18,0.0,0.0,0.0,KRX_IDX_1001,KRW,INDEX
1990-04-19,0.0,0.0,0.0,KRX_IDX_1001,KRW,INDEX
1990-04-20,0.0,0.0,0.0,KRX_IDX_1001,KRW,INDEX
1990-04-21,0.0,0.0,0.0,KRX_IDX_1001,KRW,INDEX
1990-04-23,0.0,0.0,0.0,KRX_IDX_1001,KRW,INDEX
1990-04-24,0.0,0.0,0.0,KRX_IDX_1001,KRW,INDEX
1990-04-25,0.0,0.0,0.0,KRX_IDX_1001,KRW,INDEX
1990-04-26,0.0,0.0,0.0,KRX_IDX_1001,KRW,INDEX
1990-04-27,0.0,0.0,0.0,KRX_IDX_1001,KRW,INDEX
1990-04-28,0.0,0.0,0.0,KRX_IDX_1001,KRW,INDEX
1990-04-30,0.0,0.0,0.0,KRX_IDX_1001,KRW,INDEX
1990-05-01,0.0,0.0,0.0,KRX_IDX_1001,KRW,INDEX
1990-05-03,0.0,0.0,0.0,KRX_IDX_1001,KRW,INDEX
1990-05-04,0.0,0.0,0.0,KRX_IDX_1001,KRW,INDEX
1990-05-07,0.0,0.0,0.0,KRX_IDX_1001,KRW,INDEX
1990-05-08,0.0,0.0,0.0,KRX_IDX_1001,KRW,INDEX
1990-05-09,0.0,0.0,0.0,KRX_IDX_1001,KRW,INDEX
1990-05-10,0.0,0.0,0.0,KRX_IDX_1001,KRW,INDEX
1990-05-11,0.0,0.0,0.0,KRX_IDX_1001,KRW,INDEX
1990-05-12,0.0,0.0,0.0,KRX_IDX_1001,KRW,INDEX
1990-05-14,0.0,0.0,0.0,KRX_IDX_1001,KRW,INDEX
1990-05-15,0.0,0.0,0.0,KRX_IDX_1001,KRW,INDEX
1990-05-16,0.0,0.0,0.0,KRX_IDX_1001,KRW,INDEX
1990-05-17,0.0,0.0,0.0,KRX_IDX_1001,KRW,INDEX
1990-05-18,0.0,0.0,0.0,KRX_IDX_1001,KRW,INDEX
1990-05-19,0.0,0.0,0.0,KRX_IDX_1001,KRW,INDEX
1990-05-21,0.0,0.0,0.0,KRX_IDX_1001,KRW,INDEX
1990-05-22,0.0,0.0,0.0,KRX_IDX_1001,KRW,INDEX
1990-05-23,0.0,0.0,0.0,KRX_IDX_1001,KRW,INDEX
1990-05-24,0.0,0.0,0.0,KRX_IDX_1001,KRW,INDEX
1990-05-25,0.0,0.0,0.0,KRX_IDX_1001,KRW,INDEX
1990-05-26,0.0,0.0,0.0,KRX_IDX_1001,KRW,INDEX
1990-05-28,0.0,0.0,0.0,KRX_IDX_1001,KRW,INDEX
1990-05-29,0.0,0.0,0.0,KRX_IDX_1001,KRW,INDEX
1990-05-30,0.0,0.0,0.0,KRX_IDX_1001,KRW,INDEX
1990-05-31,0.0,0.0,0.0,KRX_IDX_1001,KRW,INDEX
1990-06-01,0.0,0.0,0.0,KRX_IDX_1001,KRW,INDEX
1990-06-02,0.0,0.0,0.0,KRX_IDX_1001,KRW,INDEX
1990-06-04,0.0,0.0,0.0,KRX_IDX_1001,KRW,INDEX
1990-06-05,0.0,0.0,0.0,KRX_IDX_1001,KRW,INDEX
1990-06-07,0.0,0.0,0.0,KRX_IDX_1001,KRW,INDEX
1990-06-08,0.0,0.0,0.0,KRX_IDX_1001,KRW,INDEX
1990-06-09,0.0,0.0,0.0,KRX_IDX_1001,KRW,INDEX
1990-06-11,0.0,0.0,0.0,KRX_IDX_1001,KRW,INDEX
1990-06-12,0.0,0.0,0.0,KRX_IDX_1001,KRW,INDEX
1990-06-13,0.0,0.0,0.0,KRX_IDX_1001,KRW,INDEX
1990-06-14,0.0,0.0,0.0,KRX_IDX_1001,KRW,INDEX
1990-06-15,0.0,0.0,0.0,KRX_IDX_1001,KRW,INDEX
1990-06-16,0.0,0.0,0.0,KRX_IDX_1001,KRW,INDEX
1990-06-18,0.0,0.0,0.0,KRX_IDX_1001,KRW,INDEX
1990-06-19,0.0,0.0,0.0,KRX_IDX_1001,KRW,INDEX
1990-06-20,0.0,0.0,0.0,KRX_IDX_1001,KRW,INDEX
1990-06-21,0.0,0.0,0.0,KRX_IDX_1001,KRW,INDEX
1990-06-22,0.0,0.0,0.0,KRX_IDX_1001,KRW,INDEX
1990-06-23,0.0,0.0,0.0,KRX_IDX_1001,KRW,INDEX
1990-06-25,0.0,0.0,0.0,KRX_IDX_1001,KRW,INDEX
1990-06-26,0.0,0.0,0.0,KRX_IDX_1001,KRW,INDEX
1990-06-27,0.0,0.0,0.0,KRX_IDX_1001,KRW,INDEX
1990-06-28,0.0,0.0,0.0,KRX_IDX_1001,KRW,INDEX
1990-06-29,0.0,0.0,0.0,KRX_IDX_1001,KRW,INDEX
1990-06-30,0.0,0.0,0.0,KRX_IDX_1001,KRW,INDEX
1990-07-02,0.0,0.0,0.0,KRX_IDX_1001,KRW,INDEX
1990-07-03,0.0,0.0,0.0,KRX_IDX_1001,KRW,INDEX
1990-07-04,0.0,0.0,0.0,KRX_IDX_1001,KRW,INDEX
1990-07-05,0.0,0.0,0.0,KRX_IDX_1001,KRW,INDEX
1990-07-06,0.0,0.0,0.0,KRX_IDX_1001,KRW,INDEX
1990-07-07,0.0,0.0,0.0,KRX_IDX_1001,KRW,INDEX
1990-07-09,0.0,0.0,0.0,KRX_IDX_1001,KRW,INDEX
1990-07-10,0.0,0.0,0.0,KRX_IDX_1001,KRW,INDEX
1990-07-11,0.0,0.0,0.0,KRX_IDX_1001,KRW,INDEX
1990-07-12,0.0,0.0,0.0,KRX_IDX_1001,KRW,INDEX
1990-07-13,0.0,0.0,0.0,KRX_IDX_1001,KRW,INDEX
1990-07-14,0.0,0.0,0.0,KRX_IDX_1001,KRW,INDEX
1990-07-16,0.0,0.0,0.0,KRX_IDX_1001,KRW,INDEX
1990-07-18,0.0,0.0,0.0,KRX_IDX_1001,KRW,INDEX
1990-07-19,0.0,0.0,0.0,KRX_IDX_1001,KRW,INDEX
1990-07-20,0.0,0.0,0.0,KRX_IDX_1001,KRW,INDEX
1990-07-21,0.0,0.0,0.0,KRX_IDX_1001,KRW,INDEX
1990-07-23,0.0,0.0,0.0,KRX_IDX_1001,KRW,INDEX
1990-07-24,0.0,0.0,0.0,KRX_IDX_1001,KRW,INDEX
1990-07-25,0.0,0.0,0.0,KRX_IDX_1001,KRW,INDEX
1990-07-26,0.0,0.0,0.0,KRX_IDX_1001,KRW,INDEX
1990-07-27,0.0,0.0,0.0,KRX_IDX_1001,KRW,INDEX
1990-07-28,0.0,0.0,0.0,KRX_IDX_1001,KRW,INDEX
1990-07-30,0.0,0.0,0.0,KRX_IDX_1001,KRW,INDEX
1990-07-31,0.0,0.0,0.0,KRX_IDX_1001,KRW,INDEX
1990-08-01,0.0,0.0,0.0,KRX_IDX_1001,KRW,INDEX
1990-08-02,0.0,0.0,0.0,KRX_IDX_1001,KRW,INDEX
1990-08-03,0.0,0.0,0.0,KRX_IDX_1001,KRW,INDEX
1990-08-04,0.0,0.0,0.0,KRX_IDX_1001,KRW,INDEX
1990-08-06,0.0,0.0,0.0,KRX_IDX_1001,KRW,INDEX
1990-08-07,0.0,0.0,0.0,KRX_IDX_1001,KRW,INDEX
1990-08-08,0.0,0.0,0.0,KRX_IDX_1001,KRW,INDEX
1990-08-09,0.0,0.0,0.0,KRX_IDX_1001,KRW,INDEX
1990-08-10,0.0,0.0,0.0,KRX_IDX_1001,KRW,INDEX
1990-08-11,0.0,0.0,0.0,KRX_IDX_1001,KRW,INDEX
1990-08-13,0.0,0.0,0.0,KRX_IDX_1001,KRW,INDEX
1990-08-14,0.0,0.0,0.0,KRX_IDX_1001,KRW,INDEX
1990-08-16,0.0,0.0,0.0,KRX_IDX_1001,KRW,INDEX
1990-08-17,0.0,0.0,0.0,KRX_IDX_1001,KRW,INDEX
1990-08-18,0.0,0.0,0.0,KRX_IDX_1001,KRW,INDEX
1990-08-20,0.0,0.0,0.0,KRX_IDX_1001,KRW,INDEX
1990-08-21,0.0,0.0,0.0,KRX_IDX_1001,KRW,INDEX
1990-08-22,0.0,0.0,0.0,KRX_IDX_1001,KRW,INDEX
1990-08-23,0.0,0.0,0.0,KRX_IDX_1001,KRW,INDEX
1990-08-24,0.0,0.0,0.0,KRX_IDX_1001,KRW,INDEX
1990-08-25,0.0,0.0,0.0,KRX_IDX_1001,KRW,INDEX
1990-08-27,0.0,0.0,0.0,KRX_IDX_1001,KRW,INDEX
1990-08-28,0.0,0.0,0.0,KRX_IDX_1001,KRW,INDEX
1990-08-29,0.0,0.0,0.0,KRX_IDX_1001,KRW,INDEX
1990-08-30,0.0,0.0,0.0,KRX_IDX_1001,KRW,INDEX
1990-08-31,0.0,0.0,0.0,KRX_IDX_1001,KRW,INDEX
1990-09-01,0.0,0.0,0.0,KRX_IDX_1001,KRW,INDEX
1990-09-03,0.0,0.0,0.0,KRX_IDX_1001,KRW,INDEX
1990-09-04,0.0,0.0,0.0,KRX_IDX_1001,KRW,INDEX
1990-09-05,0.0,0.0,0.0,KRX_IDX_1001,KRW,INDEX
1990-09-06,0.0,0.0,0.0,KRX_IDX_1001,KRW,INDEX
1990-09-07,0.0,0.0,0.0,KRX_IDX_1001,KRW,INDEX
1990-09-08,0.0,0.0,0.0,KRX_IDX_1001,KRW,INDEX
1990-09-10,0.0,0.0,0.0,KRX_IDX_1001,KRW,INDEX
1990-09-11,0.0,0.0,0.0,KRX_IDX_1001,KRW,INDEX
1990-09-12,0.0,0.0,0.0,KRX_IDX_1001,KRW,INDEX
1990-09-13,0.0,0.0,0.0,KRX_IDX_1001,KRW,INDEX
1990-09-14,0.0,0.0,0.0,KRX_IDX_1001,KRW,INDEX
1990-09-15,0.0,0.0,0.0,KRX_IDX_1001,KRW,INDEX
1990-09-17,0.0,0.0,0.0,KRX_IDX_1001,KRW,INDEX
1990-09-18,0.0,0.0,0.0,KRX_IDX_1001,KRW,INDEX
1990-09-19,0.0,0.0,0.0,KRX_IDX_1001,KRW,INDEX
1990-09-20,0.0,0.0,0.0,KRX_IDX_1001,KRW,INDEX
1990-09-21,0.0,0.0,0.0,KRX_IDX_1001,KRW,INDEX
1990-09-22,0.0,0.0,0.0,KRX_IDX_1001,KRW,INDEX
1990-09-24,0.0,0.0,0.0,KRX_IDX_1001,KRW,INDEX
1990-09-25,0.0,0.0,0.0,KRX_IDX_1001,KRW,INDEX
1990-09-26,0.0,0.0,0.0,KRX_IDX_1001,KRW,INDEX
1990-09-27,0.0,0.0,0.0,KRX_IDX_1001,KRW,INDEX
1990-09-28,0.0,0.0,0.0,KRX_IDX_1001,KRW,INDEX
1990-09-29,0.0,0.0,0.0,KRX_IDX_1001,KRW,INDEX
1990-10-05,0.0,0.0,0.0,KRX_IDX_1001,KRW,INDEX
1990-10-06,0.0,0.0,0.0,KRX_IDX_1001,KRW,INDEX
1990-10-08,0.0,0.0,0.0,KRX_IDX_1001,KRW,INDEX
1990-10-10,0.0,0.0,0.0,KRX_IDX_1001,KRW,INDEX
1990-10-11,0.0,0.0,0.0,KRX_IDX_1001,KRW,INDEX
1990-10-12,0.0,0.0,0.0,KRX_IDX_1001,KRW,INDEX
1990-10-13,0.0,0.0,0.0,KRX_IDX_1001,KRW,INDEX
1990-10-15,0.0,0.0,0.0,KRX_IDX_1001,KRW,INDEX
1990-10-16,0.0,0.0,0.0,KRX_IDX_1001,KRW,INDEX
1990-10-17,0.0,0.0,0.0,KRX_IDX_1001,KRW,INDEX
1990-10-18,0.0,0.0,0.0,KRX_IDX_1001,KRW,INDEX
1990-10-19,0.0,0.0,0.0,KRX_IDX_1001,KRW,INDEX
1990-10-20,0.0,0.0,0.0,KRX_IDX_1001,KRW,INDEX
1990-10-22,0.0,0.0,0.0,KRX_IDX_1001,KRW,INDEX
1990-10-23,0.0,0.0,0.0,KRX_IDX_1001,KRW,INDEX
1990-10-24,0.0,0.0,0.0,KRX_IDX_1001,KRW,INDEX
1990-10-25,0.0,0.0,0.0,KRX_IDX_1001,KRW,INDEX
1990-10-26,0.0,0.0,0.0,KRX_IDX_1001,KRW,INDEX
1990-10-27,0.0,0.0,0.0,KRX_IDX_1001,KRW,INDEX
1990-10-29,0.0,0.0,0.0,KRX_IDX_1001,KRW,INDEX
1990-10-30,0.0,0.0,0.0,KRX_IDX_1001,KRW,INDEX
1990-10-31,0.0,0.0,0.0,KRX_IDX_1001,KRW,INDEX
1990-11-01,0.0,0.0,0.0,KRX_IDX_1001,KRW,INDEX
1990-11-02,0.0,0.0,0.0,KRX_IDX_1001,KRW,INDEX
1990-11-03,0.0,0.0,0.0,KRX_IDX_1001,KRW,INDEX
1990-11-05,0.0,0.0,0.0,KRX_IDX_1001,KRW,INDEX
1990-11-06,0.0,0.0,0.0,KRX_IDX_1001,KRW,INDEX
1990-11-07,0.0,0.0,0.0,KRX_IDX_1001,KRW,INDEX
1990-11-08,0.0,0.0,0.0,KRX_IDX_1001,KRW,INDEX
1990-11-09,0.0,0.0,0.0,KRX_IDX_1001,KRW,INDEX
1990-11-10,0.0,0.0,0.0,KRX_IDX_1001,KRW,INDEX
1990-11-12,0.0,0.0,0.0,KRX_IDX_1001,KRW,INDEX
1990-11-13,0.0,0.0,0.0,KRX_IDX_1001,KRW,INDEX
1990-11-14,0.0,0.0,0.0,KRX_IDX_1001,KRW,INDEX
1990-11-15,0.0,0.0,0.0,KRX_IDX_1001,KRW,INDEX
1990-11-16,0.0,0.0,0.0,KRX_IDX_1001,KRW,INDEX
1990-11-17,0.0,0.0,0.0,KRX_IDX_1001,KRW,INDEX
1990-11-19,0.0,0.0,0.0,KRX_IDX_1001,KRW,INDEX
1990-11-20,0.0,0.0,0.0,KRX_IDX_1001,KRW,INDEX
1990-11-21,0.0,0.0,0.0,KRX_IDX_1001,KRW,INDEX
1990-11-22,0.0,0.0,0.0,KRX_IDX_1001,KRW,INDEX
1990-11-23,0.0,0.0,0.0,KRX_IDX_1001,KRW,INDEX
1990-11-24,0.0,0.0,0.0,KRX_IDX_1001,KRW,INDEX
1990-11-26,0.0,0.0,0.0,KRX_IDX_1001,KRW,INDEX
1990-11-27,0.0,0.0,0.0,KRX_IDX_1001,KRW,INDEX
1990-11-28,0.0,0.0,0.0,KRX_IDX_1001,KRW,INDEX
1990-11-29,0.0,0.0,0.0,KRX_IDX_1001,KRW,INDEX
1990-11-30,0.0,0.0,0.0,KRX_IDX_1001,KRW,INDEX
1990-12-01,0.0,0.0,0.0,KRX_IDX_1001,KRW,INDEX
1990-12-03,0.0,0.0,0.0,KRX_IDX_1001,KRW,INDEX
1990-12-04,0.0,0.0,0.0,KRX_IDX_1001,KRW,INDEX
1990-12-05,0.0,0.0,0.0,KRX_IDX_1001,KRW,INDEX
1990-12-06,0.0,0.0,0.0,KRX_IDX_1001,KRW,INDEX
1990-12-07,0.0,0.0,0.0,KRX_IDX_1001,KRW,INDEX
1990-12-08,0.0,0.0,0.0,KRX_IDX_1001,KRW,INDEX
1990-12-10,0.0,0.0,0.0,KRX_IDX_1001,KRW,INDEX
1990-12-11,0.0,0.0,0.0,KRX_IDX_1001,KRW,INDEX
1990-12-12,0.0,0.0,0.0,KRX_IDX_1001,KRW,INDEX
1990-12-13,0.0,0.0,0.0,KRX_IDX_1001,KRW,INDEX
1990-12-14,0.0,0.0,0.0,KRX_IDX_1001,KRW,INDEX
1990-12-15,0.0,0.0,0.0,KRX_IDX_1001,KRW,INDEX
1990-12-17,0.0,0.0,0.0,KRX_IDX_1001,KRW,INDEX
1990-12-18,0.0,0.0,0.0,KRX_IDX_1001,KRW,INDEX
1990-12-19,0.0,0.0,0.0,KRX_IDX_1001,KRW,INDEX
1990-12-20,0.0,0.0,0.0,KRX_IDX_1001,KRW,INDEX
1990-12-21,0.0,0.0,0.0,KRX_IDX_1001,KRW,INDEX
1990-12-22,0.0,0.0,0.0,KRX_IDX_1001,KRW,INDEX
1990-12-24,0.0,0.0,0.0,KRX_IDX_1001,KRW,INDEX
1990-12-26,0.0,0.0,0.0,KRX_IDX_1001,KRW,INDEX
1991-01-03,0.0,0.0,0.0,KRX_IDX_1001,KRW,INDEX
1991-01-04,0.0,0.0,0.0,KRX_IDX_1001,KRW,INDEX
1991-01-05,0.0,0.0,0.0,KRX_IDX_1001,KRW,INDEX
1991-01-07,0.0,0.0,0.0,KRX_IDX_1001,KRW,INDEX
1991-01-08,0.0,0.0,0.0,KRX_IDX_1001,KRW,INDEX
1991-01-09,0.0,0.0,0.0,KRX_IDX_1001,KRW,INDEX
1991-01-10,0.0,0.0,0.0,KRX_IDX_1001,KRW,INDEX
1991-01-11,0.0,0.0,0.0,KRX_IDX_1001,KRW,INDEX
1991-01-12,0.0,0.0,0.0,KRX_IDX_1001,KRW,INDEX
1991-01-14,0.0,0.0,0.0,KRX_IDX_1001,KRW,INDEX
1991-01-15,0.0,0.0,0.0,KRX_IDX_1001,KRW,INDEX
1991-01-16,0.0,0.0,0.0,KRX_IDX_1001,KRW,INDEX
1991-01-17,0.0,0.0,0.0,KRX_IDX_1001,KRW,INDEX
1991-01-18,0.0,0.0,0.0,KRX_IDX_1001,KRW,INDEX
1991-01-19,0.0,0.0,0.0,KRX_IDX_1001,KRW,INDEX
1991-01-21,0.0,0.0,0.0,KRX_IDX_1001,KRW,INDEX
1991-01-22,0.0,0.0,0.0,KRX_IDX_1001,KRW,INDEX
1991-01-23,0.0,0.0,0.0,KRX_IDX_1001,KRW,INDEX
1991-01-24,0.0,0.0,0.0,KRX_IDX_1001,KRW,INDEX
1991-01-25,0.0,0.0,0.0,KRX_IDX_1001,KRW,INDEX
1991-01-26,0.0,0.0,0.0,KRX_IDX_1001,KRW,INDEX
1991-01-28,0.0,0.0,0.0,KRX_IDX_1001,KRW,INDEX
1991-01-29,0.0,0.0,0.0,KRX_IDX_1001,KRW,INDEX
1991-01-30,0.0,0.0,0.0,KRX_IDX_1001,KRW,INDEX
1991-01-31,0.0,0.0,0.0,KRX_IDX_1001,KRW,INDEX
1991-02-01,0.0,0.0,0.0,KRX_IDX_1001,KRW,INDEX
1991-02-02,0.0,0.0,0.0,KRX_IDX_1001,KRW,INDEX
1991-02-04,0.0,0.0,0.0,KRX_IDX_1001,KRW,INDEX
1991-02-05,0.0,0.0,0.0,KRX_IDX_1001,KRW,INDEX
1991-02-06,0.0,0.0,0.0,KRX_IDX_1001,KRW,INDEX
1991-02-07,0.0,0.0,0.0,KRX_IDX_1001,KRW,INDEX
1991-02-08,0.0,0.0,0.0,KRX_IDX_1001,KRW,INDEX
1991-02-09,0.0,0.0,0.0,KRX_IDX_1001,KRW,INDEX
1991-02-11,0.0,0.0,0.0,KRX_IDX_1001,KRW,INDEX
1991-02-12,0.0,0.0,0.0,KRX_IDX_1001,KRW,INDEX
1991-02-13,0.0,0.0,0.0,KRX_IDX_1001,KRW,INDEX
1991-02-18,0.0,0.0,0.0,KRX_IDX_1001,KRW,INDEX
1991-02-19,0.0,0.0,0.0,KRX_IDX_1001,KRW,INDEX
1991-02-20,0.0,0.0,0.0,KRX_IDX_1001,KRW,INDEX
1991-02-21,0.0,0.0,0.0,KRX_IDX_1001,KRW,INDEX
1991-02-22,0.0,0.0,0.0,KRX_IDX_1001,KRW,INDEX
1991-02-23,0.0,0.0,0.0,KRX_IDX_1001,KRW,INDEX
1991-02-25,0.0,0.0,0.0,KRX_IDX_1001,KRW,INDEX
1991-02-26,0.0,0.0,0.0,KRX_IDX_1001,KRW,INDEX
1991-02-27,0.0,0.0,0.0,KRX_IDX_1001,KRW,INDEX
1991-02-28,0.0,0.0,0.0,KRX_IDX_1001,KRW,INDEX
1991-03-02,0.0,0.0,0.0,KRX_IDX_1001,KRW,INDEX
1991-03-04,0.0,0.0,0.0,KRX_IDX_1001,KRW,INDEX
1991-03-05,0.0,0.0,0.0,KRX_IDX_1001,KRW,INDEX
1991-03-06,0.0,0.0,0.0,KRX_IDX_1001,KRW,INDEX
1991-03-07,0.0,0.0,0.0,KRX_IDX_1001,KRW,INDEX
1991-03-08,0.0,0.0,0.0,KRX_IDX_1001,KRW,INDEX
1991-03-09,0.0,0.0,0.0,KRX_IDX_1001,KRW,INDEX
1991-03-11,0.0,0.0,0.0,KRX_IDX_1001,KRW,INDEX
1991-03-12,0.0,0.0,0.0,KRX_IDX_1001,KRW,INDEX
1991-03-13,0.0,0.0,0.0,KRX_IDX_1001,KRW,INDEX
1991-03-14,0.0,0.0,0.0,KRX_IDX_1001,KRW,INDEX
1991-03-15,0.0,0.0,0.0,KRX_IDX_1001,KRW,INDEX
1991-03-16,0.0,0.0,0.0,KRX_IDX_1001,KRW,INDEX
1991-03-18,0.0,0.0,0.0,KRX_IDX_1001,KRW,INDEX
1991-03-19,0.0,0.0,0.0,KRX_IDX_1001,KRW,INDEX
1991-03-20,0.0,0.0,0.0,KRX_IDX_1001,KRW,INDEX
1991-03-21,0.0,0.0,0.0,KRX_IDX_1001,KRW,INDEX
1991-03-22,0.0,0.0,0.0,KRX_IDX_1001,KRW,INDEX
1991-03-23,0.0,0.0,0.0,KRX_IDX_1001,KRW,INDEX
1991-03-25,0.0,0.0,0.0,KRX_IDX_1001,KRW,INDEX
1991-03-27,0.0,0.0,0.0,KRX_IDX_1001,KRW,INDEX
1991-03-28,0.0,0.0,0.0,KRX_IDX_1001,KRW,INDEX
1991-03-29,0.0,0.0,0.0,KRX_IDX_1001,KRW,INDEX
1991-03-30,0.0,0.0,0.0,KRX_IDX_1001,KRW,INDEX
1991-04-01,0.0,0.0,0.0,KRX_IDX_1001,KRW,INDEX
1991-04-02,0.0,0.0,0.0,KRX_IDX_1001,KRW,INDEX
1991-04-03,0.0,0.0,0.0,KRX_IDX_1001,KRW,INDEX
1991-04-04,0.0,0.0,0.0,KRX_IDX_1001,KRW,INDEX
1991-04-06,0.0,0.0,0.0,KRX_IDX_1001,KRW,INDEX
1991-04-08,0.0,0.0,0.0,KRX_IDX_1001,KRW,INDEX
1991-04-09,0.0,0.0,0.0,KRX_IDX_1001,KRW,INDEX
1991-04-10,0.0,0.0,0.0,KRX_IDX_1001,KRW,INDEX
1991-04-11,0.0,0.0,0.0,KRX_IDX_1001,KRW,INDEX
1991-04-12,0.0,0.0,0.0,KRX_IDX_1001,KRW,INDEX
1991-04-13,0.0,0.0,0.0,KRX_IDX_1001,KRW,INDEX
1991-04-15,0.0,0.0,0.0,KRX_IDX_1001,KRW,INDEX
1991-04-16,0.0,0.0,0.0,KRX_IDX_1001,KRW,INDEX
1991-04-17,0.0,0.0,0.0,KRX_IDX_1001,KRW,INDEX
1991-04-18,0.0,0.0,0.0,KRX_IDX_1001,KRW,INDEX
1991-04-19,0.0,0.0,0.0,KRX_IDX_1001,KRW,INDEX
1991-04-20,0.0,0.0,0.0,KRX_IDX_1001,KRW,INDEX
1991-04-22,0.0,0.0,0.0,KRX_IDX_1001,KRW,INDEX
1991-04-23,0.0,0.0,0.0,KRX_IDX_1001,KRW,INDEX
1991-04-24,0.0,0.0,0.0,KRX_IDX_1001,KRW,INDEX
1991-04-25,0.0,0.0,0.0,KRX_IDX_1001,KRW,INDEX
1991-04-26,0.0,0.0,0.0,KRX_IDX_1001,KRW,INDEX
1991-04-27,0.0,0.0,0.0,KRX_IDX_1001,KRW,INDEX
1991-04-29,0.0,0.0,0.0,KRX_IDX_1001,KRW,INDEX
1991-04-30,0.0,0.0,0.0,KRX_IDX_1001,KRW,INDEX
1991-05-01,0.0,0.0,0.0,KRX_IDX_1001,KRW,INDEX
1991-05-02,0.0,0.0,0.0,KRX_IDX_1001,KRW,INDEX
1991-05-03,0.0,0.0,0.0,KRX_IDX_1001,KRW,INDEX
1991-05-04,0.0,0.0,0.0,KRX_IDX_1001,KRW,INDEX
1991-05-06,0.0,0.0,0.0,KRX_IDX_1001,KRW,INDEX
1991-05-07,0.0,0.0,0.0,KRX_IDX_1001,KRW,INDEX
1991-05-08,0.0,0.0,0.0,KRX_IDX_1001,KRW,INDEX
1991-05-09,0.0,0.0,0.0,KRX_IDX_1001,KRW,INDEX
1991-05-10,0.0,0.0,0.0,KRX_IDX_1001,KRW,INDEX
1991-05-11,0.0,0.0,0.0,KRX_IDX_1001,KRW,INDEX
1991-05-13,0.0,0.0,0.0,KRX_IDX_1001,KRW,INDEX
1991-05-14,0.0,0.0,0.0,KRX_IDX_1001,KRW,INDEX
1991-05-15,0.0,0.0,0.0,KRX_IDX_1001,KRW,INDEX
1991-05-16,0.0,0.0,0.0,KRX_IDX_1001,KRW,INDEX
1991-05-17,0.0,0.0,0.0,KRX_IDX_1001,KRW,INDEX
1991-05-18,0.0,0.0,0.0,KRX_IDX_1001,KRW,INDEX
1991-05-20,0.0,0.0,0.0,KRX_IDX_1001,KRW,INDEX
1991-05-22,0.0,0.0,0.0,KRX_IDX_1001,KRW,INDEX
1991-05-23,0.0,0.0,0.0,KRX_IDX_1001,KRW,INDEX
1991-05-24,0.0,0.0,0.0,KRX_IDX_1001,KRW,INDEX
1991-05-25,0.0,0.0,0.0,KRX_IDX_1001,KRW,INDEX
1991-05-27,0.0,0.0,0.0,KRX_IDX_1001,KRW,INDEX
1991-05-28,0.0,0.0,0.0,KRX_IDX_1001,KRW,INDEX
1991-05-29,0.0,0.0,0.0,KRX_IDX_1001,KRW,INDEX
1991-05-30,0.0,0.0,0.0,KRX_IDX_1001,KRW,INDEX
1991-05-31,0.0,0.0,0.0,KRX_IDX_1001,KRW,INDEX
1991-06-01,0.0,0.0,0.0,KRX_IDX_1001,KRW,INDEX
1991-06-03,0.0,0.0,0.0,KRX_IDX_1001,KRW,INDEX
1991-06-04,0.0,0.0,0.0,KRX_IDX_1001,KRW,INDEX
1991-06-05,0.0,0.0,0.0,KRX_IDX_1001,KRW,INDEX
1991-06-07,0.0,0.0,0.0,KRX_IDX_1001,KRW,INDEX
1991-06-08,0.0,0.0,0.0,KRX_IDX_1001,KRW,INDEX
1991-06-10,0.0,0.0,0.0,KRX_IDX_1001,KRW,INDEX
1991-06-11,0.0,0.0,0.0,KRX_IDX_1001,KRW,INDEX
1991-06-12,0.0,0.0,0.0,KRX_IDX_1001,KRW,INDEX
1991-06-13,0.0,0.0,0.0,KRX_IDX_1001,KRW,INDEX
1991-06-14,0.0,0.0,0.0,KRX_IDX_1001,KRW,INDEX
1991-06-15,0.0,0.0,0.0,KRX_IDX_1001,KRW,INDEX
1991-06-17,0.0,0.0,0.0,KRX_IDX_1001,KRW,INDEX
1991-06-18,0.0,0.0,0.0,KRX_IDX_1001,KRW,INDEX
1991-06-19,0.0,0.0,0.0,KRX_IDX_1001,KRW,INDEX
1991-06-21,0.0,0.0,0.0,KRX_IDX_1001,KRW,INDEX
1991-06-22,0.0,0.0,0.0,KRX_IDX_1001,KRW,INDEX
1991-06-24,0.0,0.0,0.0,KRX_IDX_1001,KRW,INDEX
1991-06-25,0.0,0.0,0.0,KRX_IDX_1001,KRW,INDEX
1991-06-26,0.0,0.0,0.0,KRX_IDX_1001,KRW,INDEX
1991-06-27,0.0,0.0,0.0,KRX_IDX_1001,KRW,INDEX
1991-06-28,0.0,0.0,0.0,KRX_IDX_1001,KRW,INDEX
1991-06-29,0.0,0.0,0.0,KRX_IDX_1001,KRW,INDEX
1991-07-01,0.0,0.0,0.0,KRX_IDX_1001,KRW,INDEX
1991-07-02,0.0,0.0,0.0,KRX_IDX_1001,KRW,INDEX
1991-07-03,0.0,0.0,0.0,KRX_IDX_1001,KRW,INDEX
1991-07-04,0.0,0.0,0.0,KRX_IDX_1001,KRW,INDEX
1991-07-05,0.0,0.0,0.0,KRX_IDX_1001,KRW,INDEX
1991-07-06,0.0,0.0,0.0,KRX_IDX_1001,KRW,INDEX
1991-07-08,0.0,0.0,0.0,KRX_IDX_1001,KRW,INDEX
1991-07-09,0.0,0.0,0.0,KRX_IDX_1001,KRW,INDEX
1991-07-10,0.0,0.0,0.0,KRX_IDX_1001,KRW,INDEX
1991-07-11,0.0,0.0,0.0,KRX_IDX_1001,KRW,INDEX
1991-07-12,0.0,0.0,0.0,KRX_IDX_1001,KRW,INDEX
1991-07-13,0.0,0.0,0.0,KRX_IDX_1001,KRW,INDEX
1991-07-15,0.0,0.0,0.0,KRX_IDX_1001,KRW,INDEX
1991-07-16,0.0,0.0,0.0,KRX_IDX_1001,KRW,INDEX
1991-07-18,0.0,0.0,0.0,KRX_IDX_1001,KRW,INDEX
1991-07-19,0.0,0.0,0.0,KRX_IDX_1001,KRW,INDEX
1991-07-20,0.0,0.0,0.0,KRX_IDX_1001,KRW,INDEX
1991-07-22,0.0,0.0,0.0,KRX_IDX_1001,KRW,INDEX
1991-07-23,0.0,0.0,0.0,KRX_IDX_1001,KRW,INDEX
1991-07-24,0.0,0.0,0.0,KRX_IDX_1001,KRW,INDEX
1991-07-25,0.0,0.0,0.0,KRX_IDX_1001,KRW,INDEX
1991-07-26,0.0,0.0,0.0,KRX_IDX_1001,KRW,INDEX
1991-07-27,0.0,0.0,0.0,KRX_IDX_1001,KRW,INDEX
1991-07-29,0.0,0.0,0.0,KRX_IDX_1001,KRW,INDEX
1991-07-30,0.0,0.0,0.0,KRX_IDX_1001,KRW,INDEX
1991-07-31,0.0,0.0,0.0,KRX_IDX_1001,KRW,INDEX
1991-08-01,0.0,0.0,0.0,KRX_IDX_1001,KRW,INDEX
1991-08-02,0.0,0.0,0.0,KRX_IDX_1001,KRW,INDEX
1991-08-03,0.0,0.0,0.0,KRX_IDX_1001,KRW,INDEX
1991-08-05,0.0,0.0,0.0,KRX_IDX_1001,KRW,INDEX
1991-08-06,0.0,0.0,0.0,KRX_IDX_1001,KRW,INDEX
1991-08-07,0.0,0.0,0.0,KRX_IDX_1001,KRW,INDEX
1991-08-08,0.0,0.0,0.0,KRX_IDX_1001,KRW,INDEX
1991-08-09,0.0,0.0,0.0,KRX_IDX_1001,KRW,INDEX
1991-08-10,0.0,0.0,0.0,KRX_IDX_1001,KRW,INDEX
1991-08-12,0.0,0.0,0.0,KRX_IDX_1001,KRW,INDEX
1991-08-13,0.0,0.0,0.0,KRX_IDX_1001,KRW,INDEX
1991-08-14,0.0,0.0,0.0,KRX_IDX_1001,KRW,INDEX
1991-08-16,0.0,0.0,0.0,KRX_IDX_1001,KRW,INDEX
1991-08-17,0.0,0.0,0.0,KRX_IDX_1001,KRW,INDEX
1991-08-19,0.0,0.0,0.0,KRX_IDX_1001,KRW,INDEX
1991-08-20,0.0,0.0,0.0,KRX_IDX_1001,KRW,INDEX
1991-08-21,0.0,0.0,0.0,KRX_IDX_1001,KRW,INDEX
1991-08-22,0.0,0.0,0.0,KRX_IDX_1001,KRW,INDEX
1991-08-23,0.0,0.0,0.0,KRX_IDX_1001,KRW,INDEX
1991-08-24,0.0,0.0,0.0,KRX_IDX_1001,KRW,INDEX
1991-08-26,0.0,0.0,0.0,KRX_IDX_1001,KRW,INDEX
1991-08-27,0.0,0.0,0.0,KRX_IDX_1001,KRW,INDEX
1991-08-28,0.0,0.0,0.0,KRX_IDX_1001,KRW,INDEX
1991-08-29,0.0,0.0,0.0,KRX_IDX_1001,KRW,INDEX
1991-08-30,0.0,0.0,0.0,KRX_IDX_1001,KRW,INDEX
1991-08-31,0.0,0.0,0.0,KRX_IDX_1001,KRW,INDEX
1991-09-02,0.0,0.0,0.0,KRX_IDX_1001,KRW,INDEX
1991-09-03,0.0,0.0,0.0,KRX_IDX_1001,KRW,INDEX
1991-09-04,0.0,0.0,0.0,KRX_IDX_1001,KRW,INDEX
1991-09-05,0.0,0.0,0.0,KRX_IDX_1001,KRW,INDEX
1991-09-06,0.0,0.0,0.0,KRX_IDX_1001,KRW,INDEX
1991-09-07,0.0,0.0,0.0,KRX_IDX_1001,KRW,INDEX
1991-09-09,0.0,0.0,0.0,KRX_IDX_1001,KRW,INDEX
1991-09-10,0.0,0.0,0.0,KRX_IDX_1001,KRW,INDEX
1991-09-11,0.0,0.0,0.0,KRX_IDX_1001,KRW,INDEX
1991-09-12,0.0,0.0,0.0,KRX_IDX_1001,KRW,INDEX
1991-09-13,0.0,0.0,0.0,KRX_IDX_1001,KRW,INDEX
1991-09-14,0.0,0.0,0.0,KRX_IDX_1001,KRW,INDEX
1991-09-16,0.0,0.0,0.0,KRX_IDX_1001,KRW,INDEX
1991-09-17,0.0,0.0,0.0,KRX_IDX_1001,KRW,INDEX
1991-09-18,0.0,0.0,0.0,KRX_IDX_1001,KRW,INDEX
1991-09-19,0.0,0.0,0.0,KRX_IDX_1001,KRW,INDEX
1991-09-20,0.0,0.0,0.0,KRX_IDX_1001,KRW,INDEX
1991-09-24,0.0,0.0,0.0,KRX_IDX_1001,KRW,INDEX
1991-09-25,0.0,0.0,0.0,KRX_IDX_1001,KRW,INDEX
1991-09-26,0.0,0.0,0.0,KRX_IDX_1001,KRW,INDEX
1991-09-27,0.0,0.0,0.0,KRX_IDX_1001,KRW,INDEX
1991-09-28,0.0,0.0,0.0,KRX_IDX_1001,KRW,INDEX
1991-09-30,0.0,0.0,0.0,KRX_IDX_1001,KRW,INDEX
1991-10-01,0.0,0.0,0.0,KRX_IDX_1001,KRW,INDEX
1991-10-02,0.0,0.0,0.0,KRX_IDX_1001,KRW,INDEX
1991-10-04,0.0,0.0,0.0,KRX_IDX_1001,KRW,INDEX
1991-10-05,0.0,0.0,0.0,KRX_IDX_1001,KRW,INDEX
1991-10-07,0.0,0.0,0.0,KRX_IDX_1001,KRW,INDEX
1991-10-08,0.0,0.0,0.0,KRX_IDX_1001,KRW,INDEX
1991-10-09,0.0,0.0,0.0,KRX_IDX_1001,KRW,INDEX
1991-10-10,0.0,0.0,0.0,KRX_IDX_1001,KRW,INDEX
1991-10-11,0.0,0.0,0.0,KRX_IDX_1001,KRW,INDEX
1991-10-12,0.0,0.0,0.0,KRX_IDX_1001,KRW,INDEX
1991-10-14,0.0,0.0,0.0,KRX_IDX_1001,KRW,INDEX
1991-10-15,0.0,0.0,0.0,KRX_IDX_1001,KRW,INDEX
1991-10-16,0.0,0.0,0.0,KRX_IDX_1001,KRW,INDEX
1991-10-17,0.0,0.0,0.0,KRX_IDX_1001,KRW,INDEX
1991-10-18,0.0,0.0,0.0,KRX_IDX_1001,KRW,INDEX
1991-10-19,0.0,0.0,0.0,KRX_IDX_1001,KRW,INDEX
1991-10-21,0.0,0.0,0.0,KRX_IDX_1001,KRW,INDEX
1991-10-22,0.0,0.0,0.0,KRX_IDX_1001,KRW,INDEX
1991-10-23,0.0,0.0,0.0,KRX_IDX_1001,KRW,INDEX
1991-10-24,0.0,0.0,0.0,KRX_IDX_1001,KRW,INDEX
1991-10-25,0.0,0.0,0.0,KRX_IDX_1001,KRW,INDEX
1991-10-26,0.0,0.0,0.0,KRX_IDX_1001,KRW,INDEX
1991-10-28,0.0,0.0,0.0,KRX_IDX_1001,KRW,INDEX
1991-10-29,0.0,0.0,0.0,KRX_IDX_1001,KRW,INDEX
1991-10-30,0.0,0.0,0.0,KRX_IDX_1001,KRW,INDEX
1991-10-31,0.0,0.0,0.0,KRX_IDX_1001,KRW,INDEX
1991-11-01,0.0,0.0,0.0,KRX_IDX_1001,KRW,INDEX
1991-11-02,0.0,0.0,0.0,KRX_IDX_1001,KRW,INDEX
1991-11-04,0.0,0.0,0.0,KRX_IDX_1001,KRW,INDEX
1991-11-05,0.0,0.0,0.0,KRX_IDX_1001,KRW,INDEX
1991-11-06,0.0,0.0,0.0,KRX_IDX_1001,KRW,INDEX
1991-11-07,0.0,0.0,0.0,KRX_IDX_1001,KRW,INDEX
1991-11-08,0.0,0.0,0.0,KRX_IDX_1001,KRW,INDEX
1991-11-09,0.0,0.0,0.0,KRX_IDX_1001,KRW,INDEX
1991-11-11,0.0,0.0,0.0,KRX_IDX_1001,KRW,INDEX
1991-11-12,0.0,0.0,0.0,KRX_IDX_1001,KRW,INDEX
1991-11-13,0.0,0.0,0.0,KRX_IDX_1001,KRW,INDEX
1991-11-14,0.0,0.0,0.0,KRX_IDX_1001,KRW,INDEX
1991-11-15,0.0,0.0,0.0,KRX_IDX_1001,KRW,INDEX
1991-11-16,0.0,0.0,0.0,KRX_IDX_1001,KRW,INDEX
1991-11-18,0.0,0.0,0.0,KRX_IDX_1001,KRW,INDEX
1991-11-19,0.0,0.0,0.0,KRX_IDX_1001,KRW,INDEX
1991-11-20,0.0,0.0,0.0,KRX_IDX_1001,KRW,INDEX
1991-11-21,0.0,0.0,0.0,KRX_IDX_1001,KRW,INDEX
1991-11-22,0.0,0.0,0.0,KRX_IDX_1001,KRW,INDEX
1991-11-23,0.0,0.0,0.0,KRX_IDX_1001,KRW,INDEX
1991-11-25,0.0,0.0,0.0,KRX_IDX_1001,KRW,INDEX
1991-11-26,0.0,0.0,0.0,KRX_IDX_1001,KRW,INDEX
1991-11-27,0.0,0.0,0.0,KRX_IDX_1001,KRW,INDEX
1991-11-28,0.0,0.0,0.0,KRX_IDX_1001,KRW,INDEX
1991-11-29,0.0,0.0,0.0,KRX_IDX_1001,KRW,INDEX
1991-11-30,0.0,0.0,0.0,KRX_IDX_1001,KRW,INDEX
1991-12-02,0.0,0.0,0.0,KRX_IDX_1001,KRW,INDEX
1991-12-03,0.0,0.0,0.0,KRX_IDX_1001,KRW,INDEX
1991-12-04,0.0,0.0,0.0,KRX_IDX_1001,KRW,INDEX
1991-12-05,0.0,0.0,0.0,KRX_IDX_1001,KRW,INDEX
1991-12-06,0.0,0.0,0.0,KRX_IDX_1001,KRW,INDEX
1991-12-07,0.0,0.0,0.0,KRX_IDX_1001,KRW,INDEX
1991-12-09,0.0,0.0,0.0,KRX_IDX_1001,KRW,INDEX
1991-12-10,0.0,0.0,0.0,KRX_IDX_1001,KRW,INDEX
1991-12-11,0.0,0.0,0.0,KRX_IDX_1001,KRW,INDEX
1991-12-12,0.0,0.0,0.0,KRX_IDX_1001,KRW,INDEX
1991-12-13,0.0,0.0,0.0,KRX_IDX_1001,KRW,INDEX
1991-12-14,0.0,0.0,0.0,KRX_IDX_1001,KRW,INDEX
1991-12-16,0.0,0.0,0.0,KRX_IDX_1001,KRW,INDEX
1991-12-17,0.0,0.0,0.0,KRX_IDX_1001,KRW,INDEX
1991-12-18,0.0,0.0,0.0,KRX_IDX_1001,KRW,INDEX
1991-12-19,0.0,0.0,0.0,KRX_IDX_1001,KRW,INDEX
1991-12-20,0.0,0.0,0.0,KRX_IDX_1001,KRW,INDEX
1991-12-21,0.0,0.0,0.0,KRX_IDX_1001,KRW,INDEX
1991-12-23,0.0,0.0,0.0,KRX_IDX_1001,KRW,INDEX
1991-12-24,0.0,0.0,0.0,KRX_IDX_1001,KRW,INDEX
1991-12-26,0.0,0.0,0.0,KRX_IDX_1001,KRW,INDEX
1992-01-03,0.0,0.0,0.0,KRX_IDX_1001,KRW,INDEX
1992-01-04,0.0,0.0,0.0,KRX_IDX_1001,KRW,INDEX
1992-01-06,0.0,0.0,0.0,KRX_IDX_1001,KRW,INDEX
1992-01-07,0.0,0.0,0.0,KRX_IDX_1001,KRW,INDEX
1992-01-08,0.0,0.0,0.0,KRX_IDX_1001,KRW,INDEX
1992-01-09,0.0,0.0,0.0,KRX_IDX_1001,KRW,INDEX
1992-01-10,0.0,0.0,0.0,KRX_IDX_1001,KRW,INDEX
1992-01-11,0.0,0.0,0.0,KRX_IDX_1001,KRW,INDEX
1992-01-13,0.0,0.0,0.0,KRX_IDX_1001,KRW,INDEX
1992-01-14,0.0,0.0,0.0,KRX_IDX_1001,KRW,INDEX
1992-01-15,0.0,0.0,0.0,KRX_IDX_1001,KRW,INDEX
1992-01-16,0.0,0.0,0.0,KRX_IDX_1001,KRW,INDEX
1992-01-17,0.0,0.0,0.0,KRX_IDX_1001,KRW,INDEX
1992-01-18,0.0,0.0,0.0,KRX_IDX_1001,KRW,INDEX
1992-01-20,0.0,0.0,0.0,KRX_IDX_1001,KRW,INDEX
1992-01-21,0.0,0.0,0.0,KRX_IDX_1001,KRW,INDEX
1992-01-22,0.0,0.0,0.0,KRX_IDX_1001,KRW,INDEX
1992-01-23,0.0,0.0,0.0,KRX_IDX_1001,KRW,INDEX
1992-01-24,0.0,0.0,0.0,KRX_IDX_1001,KRW,INDEX
1992-01-25,0.0,0.0,0.0,KRX_IDX_1001,KRW,INDEX
1992-01-27,0.0,0.0,0.0,KRX_IDX_1001,KRW,INDEX
1992-01-28,0.0,0.0,0.0,KRX_IDX_1001,KRW,INDEX
1992-01-29,0.0,0.0,0.0,KRX_IDX_1001,KRW,INDEX
1992-01-30,0.0,0.0,0.0,KRX_IDX_1001,KRW,INDEX
1992-01-31,0.0,0.0,0.0,KRX_IDX_1001,KRW,INDEX
1992-02-01,0.0,0.0,0.0,KRX_IDX_1001,KRW,INDEX
1992-02-06,0.0,0.0,0.0,KRX_IDX_1001,KRW,INDEX
1992-02-07,0.0,0.0,0.0,KRX_IDX_1001,KRW,INDEX
1992-02-08,0.0,0.0,0.0,KRX_IDX_1001,KRW,INDEX
1992-02-10,0.0,0.0,0.0,KRX_IDX_1001,KRW,INDEX
1992-02-11,0.0,0.0,0.0,KRX_IDX_1001,KRW,INDEX
1992-02-12,0.0,0.0,0.0,KRX_IDX_1001,KRW,INDEX
1992-02-13,0.0,0.0,0.0,KRX_IDX_1001,KRW,INDEX
1992-02-14,0.0,0.0,0.0,KRX_IDX_1001,KRW,INDEX
1992-02-15,0.0,0.0,0.0,KRX_IDX_1001,KRW,INDEX
1992-02-17,0.0,0.0,0.0,KRX_IDX_1001,KRW,INDEX
1992-02-18,0.0,0.0,0.0,KRX_IDX_1001,KRW,INDEX
1992-02-19,0.0,0.0,0.0,KRX_IDX_1001,KRW,INDEX
1992-02-20,0.0,0.0,0.0,KRX_IDX_1001,KRW,INDEX
1992-02-21,0.0,0.0,0.0,KRX_IDX_1001,KRW,INDEX
1992-02-22,0.0,0.0,0.0,KRX_IDX_1001,KRW,INDEX
1992-02-24,0.0,0.0,0.0,KRX_IDX_1001,KRW,INDEX
1992-02-25,0.0,0.0,0.0,KRX_IDX_1001,KRW,INDEX
1992-02-26,0.0,0.0,0.0,KRX_IDX_1001,KRW,INDEX
1992-02-27,0.0,0.0,0.0,KRX_IDX_1001,KRW,INDEX
1992-02-28,0.0,0.0,0.0,KRX_IDX_1001,KRW,INDEX
1992-02-29,0.0,0.0,0.0,KRX_IDX_1001,KRW,INDEX
1992-03-02,0.0,0.0,0.0,KRX_IDX_1001,KRW,INDEX
1992-03-03,0.0,0.0,0.0,KRX_IDX_1001,KRW,INDEX
1992-03-04,0.0,0.0,0.0,KRX_IDX_1001,KRW,INDEX
1992-03-05,0.0,0.0,0.0,KRX_IDX_1001,KRW,INDEX
1992-03-06,0.0,0.0,0.0,KRX_IDX_1001,KRW,INDEX
1992-03-07,0.0,0.0,0.0,KRX_IDX_1001,KRW,INDEX
1992-03-09,0.0,0.0,0.0,KRX_IDX_1001,KRW,INDEX
1992-03-11,0.0,0.0,0.0,KRX_IDX_1001,KRW,INDEX
1992-03-12,0.0,0.0,0.0,KRX_IDX_1001,KRW,INDEX
1992-03-13,0.0,0.0,0.0,KRX_IDX_1001,KRW,INDEX
1992-03-14,0.0,0.0,0.0,KRX_IDX_1001,KRW,INDEX
1992-03-16,0.0,0.0,0.0,KRX_IDX_1001,KRW,INDEX
1992-03-17,0.0,0.0,0.0,KRX_IDX_1001,KRW,INDEX
1992-03-18,0.0,0.0,0.0,KRX_IDX_1001,KRW,INDEX
1992-03-19,0.0,0.0,0.0,KRX_IDX_1001,KRW,INDEX
1992-03-20,0.0,0.0,0.0,KRX_IDX_1001,KRW,INDEX
1992-03-21,0.0,0.0,0.0,KRX_IDX_1001,KRW,INDEX
1992-03-23,0.0,0.0,0.0,KRX_IDX_1001,KRW,INDEX
1992-03-25,0.0,0.0,0.0,KRX_IDX_1001,KRW,INDEX
1992-03-26,0.0,0.0,0.0,KRX_IDX_1001,KRW,INDEX
1992-03-27,0.0,0.0,0.0,KRX_IDX_1001,KRW,INDEX
1992-03-28,0.0,0.0,0.0,KRX_IDX_1001,KRW,INDEX
1992-03-30,0.0,0.0,0.0,KRX_IDX_1001,KRW,INDEX
1992-03-31,0.0,0.0,0.0,KRX_IDX_1001,KRW,INDEX
1992-04-01,0.0,0.0,0.0,KRX_IDX_1001,KRW,INDEX
1992-04-02,0.0,0.0,0.0,KRX_IDX_1001,KRW,INDEX
1992-04-03,0.0,0.0,0.0,KRX_IDX_1001,KRW,INDEX
1992-04-04,0.0,0.0,0.0,KRX_IDX_1001,KRW,INDEX
1992-04-06,0.0,0.0,0.0,KRX_IDX_1001,KRW,INDEX
1992-04-07,0.0,0.0,0.0,KRX_IDX_1001,KRW,INDEX
1992-04-08,0.0,0.0,0.0,KRX_IDX_1001,KRW,INDEX
1992-04-09,0.0,0.0,0.0,KRX_IDX_1001,KRW,INDEX
1992-04-10,0.0,0.0,0.0,KRX_IDX_1001,KRW,INDEX
1992-04-11,0.0,0.0,0.0,KRX_IDX_1001,KRW,INDEX
1992-04-13,0.0,0.0,0.0,KRX_IDX_1001,KRW,INDEX
1992-04-14,0.0,0.0,0.0,KRX_IDX_1001,KRW,INDEX
1992-04-15,0.0,0.0,0.0,KRX_IDX_1001,KRW,INDEX
1992-04-16,0.0,0.0,0.0,KRX_IDX_1001,KRW,INDEX
1992-04-17,0.0,0.0,0.0,KRX_IDX_1001,KRW,INDEX
1992-04-18,0.0,0.0,0.0,KRX_IDX_1001,KRW,INDEX
1992-04-20,0.0,0.0,0.0,KRX_IDX_1001,KRW,INDEX
1992-04-21,0.0,0.0,0.0,KRX_IDX_1001,KRW,INDEX
1992-04-22,0.0,0.0,0.0,KRX_IDX_1001,KRW,INDEX
1992-04-23,0.0,0.0,0.0,KRX_IDX_1001,KRW,INDEX
1992-04-24,0.0,0.0,0.0,KRX_IDX_1001,KRW,INDEX
1992-04-25,0.0,0.0,0.0,KRX_IDX_1001,KRW,INDEX
1992-04-27,0.0,0.0,0.0,KRX_IDX_1001,KRW,INDEX
1992-04-28,0.0,0.0,0.0,KRX_IDX_1001,KRW,INDEX
1992-04-29,0.0,0.0,0.0,KRX_IDX_1001,KRW,INDEX
1992-04-30,0.0,0.0,0.0,KRX_IDX_1001,KRW,INDEX
1992-05-01,0.0,0.0,0.0,KRX_IDX_1001,KRW,INDEX
1992-05-02,0.0,0.0,0.0,KRX_IDX_1001,KRW,INDEX
1992-05-04,0.0,0.0,0.0,KRX_IDX_1001,KRW,INDEX
1992-05-06,0.0,0.0,0.0,KRX_IDX_1001,KRW,INDEX
1992-05-07,0.0,0.0,0.0,KRX_IDX_1001,KRW,INDEX
1992-05-08,0.0,0.0,0.0,KRX_IDX_1001,KRW,INDEX
1992-05-09,0.0,0.0,0.0,KRX_IDX_1001,KRW,INDEX
1992-05-11,0.0,0.0,0.0,KRX_IDX_1001,KRW,INDEX
1992-05-12,0.0,0.0,0.0,KRX_IDX_1001,KRW,INDEX
1992-05-13,0.0,0.0,0.0,KRX_IDX_1001,KRW,INDEX
1992-05-14,0.0,0.0,0.0,KRX_IDX_1001,KRW,INDEX
1992-05-15,0.0,0.0,0.0,KRX_IDX_1001,KRW,INDEX
1992-05-16,0.0,0.0,0.0,KRX_IDX_1001,KRW,INDEX
1992-05-18,0.0,0.0,0.0,KRX_IDX_1001,KRW,INDEX
1992-05-19,0.0,0.0,0.0,KRX_IDX_1001,KRW,INDEX
1992-05-20,0.0,0.0,0.0,KRX_IDX_1001,KRW,INDEX
1992-05-21,0.0,0.0,0.0,KRX_IDX_1001,KRW,INDEX
1992-05-22,0.0,0.0,0.0,KRX_IDX_1001,KRW,INDEX
1992-05-23,0.0,0.0,0.0,KRX_IDX_1001,KRW,INDEX
1992-05-25,0.0,0.0,0.0,KRX_IDX_1001,KRW,INDEX
1992-05-26,0.0,0.0,0.0,KRX_IDX_1001,KRW,INDEX
1992-05-27,0.0,0.0,0.0,KRX_IDX_1001,KRW,INDEX
1992-05-28,0.0,0.0,0.0,KRX_IDX_1001,KRW,INDEX
1992-05-29,0.0,0.0,0.0,KRX_IDX_1001,KRW,INDEX
1992-05-30,0.0,0.0,0.0,KRX_IDX_1001,KRW,INDEX
1992-06-01,0.0,0.0,0.0,KRX_IDX_1001,KRW,INDEX
1992-06-02,0.0,0.0,0.0,KRX_IDX_1001,KRW,INDEX
1992-06-03,0.0,0.0,0.0,KRX_IDX_1001,KRW,INDEX
1992-06-04,0.0,0.0,0.0,KRX_IDX_1001,KRW,INDEX
1992-06-05,0.0,0.0,0.0,KRX_IDX_1001,KRW,INDEX
1992-06-08,0.0,0.0,0.0,KRX_IDX_1001,KRW,INDEX
1992-06-09,0.0,0.0,0.0,KRX_IDX_1001,KRW,INDEX
1992-06-10,0.0,0.0,0.0,KRX_IDX_1001,KRW,INDEX
1992-06-11,0.0,0.0,0.0,KRX_IDX_1001,KRW,INDEX
1992-06-12,0.0,0.0,0.0,KRX_IDX_1001,KRW,INDEX
1992-06-13,0.0,0.0,0.0,KRX_IDX_1001,KRW,INDEX
1992-06-15,0.0,0.0,0.0,KRX_IDX_1001,KRW,INDEX
1992-06-16,0.0,0.0,0.0,KRX_IDX_1001,KRW,INDEX
1992-06-17,0.0,0.0,0.0,KRX_IDX_1001,KRW,INDEX
1992-06-18,0.0,0.0,0.0,KRX_IDX_1001,KRW,INDEX
1992-06-19,0.0,0.0,0.0,KRX_IDX_1001,KRW,INDEX
1992-06-20,0.0,0.0,0.0,KRX_IDX_1001,KRW,INDEX
1992-06-22,0.0,0.0,0.0,KRX_IDX_1001,KRW,INDEX
1992-06-23,0.0,0.0,0.0,KRX_IDX_1001,KRW,INDEX
1992-06-24,0.0,0.0,0.0,KRX_IDX_1001,KRW,INDEX
1992-06-25,0.0,0.0,0.0,KRX_IDX_1001,KRW,INDEX
1992-06-26,0.0,0.0,0.0,KRX_IDX_1001,KRW,INDEX
1992-06-27,0.0,0.0,0.0,KRX_IDX_1001,KRW,INDEX
1992-06-29,0.0,0.0,0.0,KRX_IDX_1001,KRW,INDEX
1992-06-30,0.0,0.0,0.0,KRX_IDX_1001,KRW,INDEX
1992-07-01,0.0,0.0,0.0,KRX_IDX_1001,KRW,INDEX
1992-07-02,0.0,0.0,0.0,KRX_IDX_1001,KRW,INDEX
1992-07-03,0.0,0.0,0.0,KRX_IDX_1001,KRW,INDEX
1992-07-04,0.0,0.0,0.0,KRX_IDX_1001,KRW,INDEX
1992-07-06,0.0,0.0,0.0,KRX_IDX_1001,KRW,INDEX
1992-07-07,0.0,0.0,0.0,KRX_IDX_1001,KRW,INDEX
1992-07-08,0.0,0.0,0.0,KRX_IDX_1001,KRW,INDEX
1992-07-09,0.0,0.0,0.0,KRX_IDX_1001,KRW,INDEX
1992-07-10,0.0,0.0,0.0,KRX_IDX_1001,KRW,INDEX
1992-07-11,0.0,0.0,0.0,KRX_IDX_1001,KRW,INDEX
1992-07-13,0.0,0.0,0.0,KRX_IDX_1001,KRW,INDEX
1992-07-14,0.0,0.0,0.0,KRX_IDX_1001,KRW,INDEX
1992-07-15,0.0,0.0,0.0,KRX_IDX_1001,KRW,INDEX
1992-07-16,0.0,0.0,0.0,KRX_IDX_1001,KRW,INDEX
1992-07-18,0.0,0.0,0.0,KRX_IDX_1001,KRW,INDEX
1992-07-20,0.0,0.0,0.0,KRX_IDX_1001,KRW,INDEX
1992-07-21,0.0,0.0,0.0,KRX_IDX_1001,KRW,INDEX
1992-07-22,0.0,0.0,0.0,KRX_IDX_1001,KRW,INDEX
1992-07-23,0.0,0.0,0.0,KRX_IDX_1001,KRW,INDEX
1992-07-24,0.0,0.0,0.0,KRX_IDX_1001,KRW,INDEX
1992-07-25,0.0,0.0,0.0,KRX_IDX_1001,KRW,INDEX
1992-07-27,0.0,0.0,0.0,KRX_IDX_1001,KRW,INDEX
1992-07-28,0.0,0.0,0.0,KRX_IDX_1001,KRW,INDEX
1992-07-29,0.0,0.0,0.0,KRX_IDX_1001,KRW,INDEX
1992-07-30,0.0,0.0,0.0,KRX_IDX_1001,KRW,INDEX
1992-07-31,0.0,0.0,0.0,KRX_IDX_1001,KRW,INDEX
1992-08-01,0.0,0.0,0.0,KRX_IDX_1001,KRW,INDEX
1992-08-03,0.0,0.0,0.0,KRX_IDX_1001,KRW,INDEX
1992-08-04,0.0,0.0,0.0,KRX_IDX_1001,KRW,INDEX
1992-08-05,0.0,0.0,0.0,KRX_IDX_1001,KRW,INDEX
1992-08-06,0.0,0.0,0.0,KRX_IDX_1001,KRW,INDEX
1992-08-07,0.0,0.0,0.0,KRX_IDX_1001,KRW,INDEX
1992-08-08,0.0,0.0,0.0,KRX_IDX_1001,KRW,INDEX
1992-08-10,0.0,0.0,0.0,KRX_IDX_1001,KRW,INDEX
1992-08-11,0.0,0.0,0.0,KRX_IDX_1001,KRW,INDEX
1992-08-12,0.0,0.0,0.0,KRX_IDX_1001,KRW,INDEX
1992-08-13,0.0,0.0,0.0,KRX_IDX_1001,KRW,INDEX
1992-08-14,0.0,0.0,0.0,KRX_IDX_1001,KRW,INDEX
1992-08-17,0.0,0.0,0.0,KRX_IDX_1001,KRW,INDEX
1992-08-18,0.0,0.0,0.0,KRX_IDX_1001,KRW,INDEX
1992-08-19,0.0,0.0,0.0,KRX_IDX_1001,KRW,INDEX
1992-08-20,0.0,0.0,0.0,KRX_IDX_1001,KRW,INDEX
1992-08-21,0.0,0.0,0.0,KRX_IDX_1001,KRW,INDEX
1992-08-22,0.0,0.0,0.0,KRX_IDX_1001,KRW,INDEX
1992-08-24,0.0,0.0,0.0,KRX_IDX_1001,KRW,INDEX
1992-08-25,0.0,0.0,0.0,KRX_IDX_1001,KRW,INDEX
1992-08-26,0.0,0.0,0.0,KRX_IDX_1001,KRW,INDEX
1992-08-27,0.0,0.0,0.0,KRX_IDX_1001,KRW,INDEX
1992-08-28,0.0,0.0,0.0,KRX_IDX_1001,KRW,INDEX
1992-08-29,0.0,0.0,0.0,KRX_IDX_1001,KRW,INDEX
1992-08-31,0.0,0.0,0.0,KRX_IDX_1001,KRW,INDEX
1992-09-01,0.0,0.0,0.0,KRX_IDX_1001,KRW,INDEX
1992-09-02,0.0,0.0,0.0,KRX_IDX_1001,KRW,INDEX
1992-09-03,0.0,0.0,0.0,KRX_IDX_1001,KRW,INDEX
1992-09-04,0.0,0.0,0.0,KRX_IDX_1001,KRW,INDEX
1992-09-05,0.0,0.0,0.0,KRX_IDX_1001,KRW,INDEX
1992-09-07,0.0,0.0,0.0,KRX_IDX_1001,KRW,INDEX
1992-09-08,0.0,0.0,0.0,KRX_IDX_1001,KRW,INDEX
1992-09-09,0.0,0.0,0.0,KRX_IDX_1001,KRW,INDEX
1992-09-14,0.0,0.0,0.0,KRX_IDX_1001,KRW,INDEX
1992-09-15,0.0,0.0,0.0,KRX_IDX_1001,KRW,INDEX
1992-09-16,0.0,0.0,0.0,KRX_IDX_1001,KRW,INDEX
1992-09-17,0.0,0.0,0.0,KRX_IDX_1001,KRW,INDEX
1992-09-18,0.0,0.0,0.0,KRX_IDX_1001,KRW,INDEX
1992-09-19,0.0,0.0,0.0,KRX_IDX_1001,KRW,INDEX
1992-09-21,0.0,0.0,0.0,KRX_IDX_1001,KRW,INDEX
1992-09-22,0.0,0.0,0.0,KRX_IDX_1001,KRW,INDEX
1992-09-23,0.0,0.0,0.0,KRX_IDX_1001,KRW,INDEX
1992-09-24,0.0,0.0,0.0,KRX_IDX_1001,KRW,INDEX
1992-09-25,0.0,0.0,0.0,KRX_IDX_1001,KRW,INDEX
1992-09-26,0.0,0.0,0.0,KRX_IDX_1001,KRW,INDEX
1992-09-28,0.0,0.0,0.0,KRX_IDX_1001,KRW,INDEX
1992-09-29,0.0,0.0,0.0,KRX_IDX_1001,KRW,INDEX
1992-09-30,0.0,0.0,0.0,KRX_IDX_1001,KRW,INDEX
1992-10-01,0.0,0.0,0.0,KRX_IDX_1001,KRW,INDEX
1992-10-02,0.0,0.0,0.0,KRX_IDX_1001,KRW,INDEX
1992-10-05,0.0,0.0,0.0,KRX_IDX_1001,KRW,INDEX
1992-10-06,0.0,0.0,0.0,KRX_IDX_1001,KRW,INDEX
1992-10-07,0.0,0.0,0.0,KRX_IDX_1001,KRW,INDEX
1992-10-08,0.0,0.0,0.0,KRX_IDX_1001,KRW,INDEX
1992-10-09,0.0,0.0,0.0,KRX_IDX_1001,KRW,INDEX
1992-10-10,0.0,0.0,0.0,KRX_IDX_1001,KRW,INDEX
1992-10-12,0.0,0.0,0.0,KRX_IDX_1001,KRW,INDEX
1992-10-13,0.0,0.0,0.0,KRX_IDX_1001,KRW,INDEX
1992-10-14,0.0,0.0,0.0,KRX_IDX_1001,KRW,INDEX
1992-10-15,0.0,0.0,0.0,KRX_IDX_1001,KRW,INDEX
1992-10-16,0.0,0.0,0.0,KRX_IDX_1001,KRW,INDEX
1992-10-17,0.0,0.0,0.0,KRX_IDX_1001,KRW,INDEX
1992-10-19,0.0,0.0,0.0,KRX_IDX_1001,KRW,INDEX
1992-10-20,0.0,0.0,0.0,KRX_IDX_1001,KRW,INDEX
1992-10-21,0.0,0.0,0.0,KRX_IDX_1001,KRW,INDEX
1992-10-22,0.0,0.0,0.0,KRX_IDX_1001,KRW,INDEX
1992-10-23,0.0,0.0,0.0,KRX_IDX_1001,KRW,INDEX
1992-10-24,0.0,0.0,0.0,KRX_IDX_1001,KRW,INDEX
1992-10-26,0.0,0.0,0.0,KRX_IDX_1001,KRW,INDEX
1992-10-27,0.0,0.0,0.0,KRX_IDX_1001,KRW,INDEX
1992-10-28,0.0,0.0,0.0,KRX_IDX_1001,KRW,INDEX
1992-10-29,0.0,0.0,0.0,KRX_IDX_1001,KRW,INDEX
1992-10-30,0.0,0.0,0.0,KRX_IDX_1001,KRW,INDEX
1992-10-31,0.0,0.0,0.0,KRX_IDX_1001,KRW,INDEX
1992-11-02,0.0,0.0,0.0,KRX_IDX_1001,KRW,INDEX
1992-11-03,0.0,0.0,0.0,KRX_IDX_1001,KRW,INDEX
1992-11-04,0.0,0.0,0.0,KRX_IDX_1001,KRW,INDEX
1992-11-05,0.0,0.0,0.0,KRX_IDX_1001,KRW,INDEX
1992-11-06,0.0,0.0,0.0,KRX_IDX_1001,KRW,INDEX
1992-11-07,0.0,0.0,0.0,KRX_IDX_1001,KRW,INDEX
1992-11-09,0.0,0.0,0.0,KRX_IDX_1001,KRW,INDEX
1992-11-10,0.0,0.0,0.0,KRX_IDX_1001,KRW,INDEX
1992-11-11,0.0,0.0,0.0,KRX_IDX_1001,KRW,INDEX
1992-11-12,0.0,0.0,0.0,KRX_IDX_1001,KRW,INDEX
1992-11-13,0.0,0.0,0.0,KRX_IDX_1001,KRW,INDEX
1992-11-14,0.0,0.0,0.0,KRX_IDX_1001,KRW,INDEX
1992-11-16,0.0,0.0,0.0,KRX_IDX_1001,KRW,INDEX
1992-11-17,0.0,0.0,0.0,KRX_IDX_1001,KRW,INDEX
1992-11-18,0.0,0.0,0.0,KRX_IDX_1001,KRW,INDEX
1992-11-19,0.0,0.0,0.0,KRX_IDX_1001,KRW,INDEX
1992-11-20,0.0,0.0,0.0,KRX_IDX_1001,KRW,INDEX
1992-11-21,0.0,0.0,0.0,KRX_IDX_1001,KRW,INDEX
1992-11-23,0.0,0.0,0.0,KRX_IDX_1001,KRW,INDEX
1992-11-24,0.0,0.0,0.0,KRX_IDX_1001,KRW,INDEX
1992-11-25,0.0,0.0,0.0,KRX_IDX_1001,KRW,INDEX
1992-11-26,0.0,0.0,0.0,KRX_IDX_1001,KRW,INDEX
1992-11-27,0.0,0.0,0.0,KRX_IDX_1001,KRW,INDEX
1992-11-28,0.0,0.0,0.0,KRX_IDX_1001,KRW,INDEX
1992-11-30,0.0,0.0,0.0,KRX_IDX_1001,KRW,INDEX
1992-12-01,0.0,0.0,0.0,KRX_IDX_1001,KRW,INDEX
1992-12-02,0.0,0.0,0.0,KRX_IDX_1001,KRW,INDEX
1992-12-03,0.0,0.0,0.0,KRX_IDX_1001,KRW,INDEX
1992-12-04,0.0,0.0,0.0,KRX_IDX_1001,KRW,INDEX
1992-12-05,0.0,0.0,0.0,KRX_IDX_1001,KRW,INDEX
1992-12-07,0.0,0.0,0.0,KRX_IDX_1001,KRW,INDEX
1992-12-08,0.0,0.0,0.0,KRX_IDX_1001,KRW,INDEX
1992-12-09,0.0,0.0,0.0,KRX_IDX_1001,KRW,INDEX
1992-12-10,0.0,0.0,0.0,KRX_IDX_1001,KRW,INDEX
1992-12-11,0.0,0.0,0.0,KRX_IDX_1001,KRW,INDEX
1992-12-12,0.0,0.0,0.0,KRX_IDX_1001,KRW,INDEX
1992-12-14,0.0,0.0,0.0,KRX_IDX_1001,KRW,INDEX
1992-12-15,0.0,0.0,0.0,KRX_IDX_1001,KRW,INDEX
1992-12-16,0.0,0.0,0.0,KRX_IDX_1001,KRW,INDEX
1992-12-17,0.0,0.0,0.0,KRX_IDX_1001,KRW,INDEX
1992-12-19,0.0,0.0,0.0,KRX_IDX_1001,KRW,INDEX
1992-12-21,0.0,0.0,0.0,KRX_IDX_1001,KRW,INDEX
1992-12-22,0.0,0.0,0.0,KRX_IDX_1001,KRW,INDEX
1992-12-23,0.0,0.0,0.0,KRX_IDX_1001,KRW,INDEX
1992-12-24,0.0,0.0,0.0,KRX_IDX_1001,KRW,INDEX
1992-12-26,0.0,0.0,0.0,KRX_IDX_1001,KRW,INDEX
1992-12-28,0.0,0.0,0.0,KRX_IDX_1001,KRW,INDEX
1993-01-04,0.0,0.0,0.0,KRX_IDX_1001,KRW,INDEX
1993-01-05,0.0,0.0,0.0,KRX_IDX_1001,KRW,INDEX
1993-01-06,0.0,0.0,0.0,KRX_IDX_1001,KRW,INDEX
1993-01-07,0.0,0.0,0.0,KRX_IDX_1001,KRW,INDEX
1993-01-08,0.0,0.0,0.0,KRX_IDX_1001,KRW,INDEX
1993-01-09,0.0,0.0,0.0,KRX_IDX_1001,KRW,INDEX
1993-01-11,0.0,0.0,0.0,KRX_IDX_1001,KRW,INDEX
1993-01-12,0.0,0.0,0.0,KRX_IDX_1001,KRW,INDEX
1993-01-13,0.0,0.0,0.0,KRX_IDX_1001,KRW,INDEX
1993-01-14,0.0,0.0,0.0,KRX_IDX_1001,KRW,INDEX
1993-01-15,0.0,0.0,0.0,KRX_IDX_1001,KRW,INDEX
1993-01-16,0.0,0.0,0.0,KRX_IDX_1001,KRW,INDEX
1993-01-18,0.0,0.0,0.0,KRX_IDX_1001,KRW,INDEX
1993-01-19,0.0,0.0,0.0,KRX_IDX_1001,KRW,INDEX
1993-01-20,0.0,0.0,0.0,KRX_IDX_1001,KRW,INDEX
1993-01-21,0.0,0.0,0.0,KRX_IDX_1001,KRW,INDEX
1993-01-25,0.0,0.0,0.0,KRX_IDX_1001,KRW,INDEX
1993-01-26,0.0,0.0,0.0,KRX_IDX_1001,KRW,INDEX
1993-01-27,0.0,0.0,0.0,KRX_IDX_1001,KRW,INDEX
1993-01-28,0.0,0.0,0.0,KRX_IDX_1001,KRW,INDEX
1993-01-29,0.0,0.0,0.0,KRX_IDX_1001,KRW,INDEX
1993-01-30,0.0,0.0,0.0,KRX_IDX_1001,KRW,INDEX
1993-02-01,0.0,0.0,0.0,KRX_IDX_1001,KRW,INDEX
1993-02-02,0.0,0.0,0.0,KRX_IDX_1001,KRW,INDEX
1993-02-03,0.0,0.0,0.0,KRX_IDX_1001,KRW,INDEX
1993-02-04,0.0,0.0,0.0,KRX_IDX_1001,KRW,INDEX
1993-02-05,0.0,0.0,0.0,KRX_IDX_1001,KRW,INDEX
1993-02-06,0.0,0.0,0.0,KRX_IDX_1001,KRW,INDEX
1993-02-08,0.0,0.0,0.0,KRX_IDX_1001,KRW,INDEX
1993-02-09,0.0,0.0,0.0,KRX_IDX_1001,KRW,INDEX
1993-02-10,0.0,0.0,0.0,KRX_IDX_1001,KRW,INDEX
1993-02-11,0.0,0.0,0.0,KRX_IDX_1001,KRW,INDEX
1993-02-12,0.0,0.0,0.0,KRX_IDX_1001,KRW,INDEX
1993-02-13,0.0,0.0,0.0,KRX_IDX_1001,KRW,INDEX
1993-02-15,0.0,0.0,0.0,KRX_IDX_1001,KRW,INDEX
1993-02-16,0.0,0.0,0.0,KRX_IDX_1001,KRW,INDEX
1993-02-17,0.0,0.0,0.0,KRX_IDX_1001,KRW,INDEX
1993-02-18,0.0,0.0,0.0,KRX_IDX_1001,KRW,INDEX
1993-02-19,0.0,0.0,0.0,KRX_IDX_1001,KRW,INDEX
1993-02-20,0.0,0.0,0.0,KRX_IDX_1001,KRW,INDEX
1993-02-22,0.0,0.0,0.0,KRX_IDX_1001,KRW,INDEX
1993-02-23,0.0,0.0,0.0,KRX_IDX_1001,KRW,INDEX
1993-02-24,0.0,0.0,0.0,KRX_IDX_1001,KRW,INDEX
1993-02-25,0.0,0.0,0.0,KRX_IDX_1001,KRW,INDEX
1993-02-26,0.0,0.0,0.0,KRX_IDX_1001,KRW,INDEX
1993-02-27,0.0,0.0,0.0,KRX_IDX_1001,KRW,INDEX
1993-03-02,0.0,0.0,0.0,KRX_IDX_1001,KRW,INDEX
1993-03-03,0.0,0.0,0.0,KRX_IDX_1001,KRW,INDEX
1993-03-04,0.0,0.0,0.0,KRX_IDX_1001,KRW,INDEX
1993-03-05,0.0,0.0,0.0,KRX_IDX_1001,KRW,INDEX
1993-03-06,0.0,0.0,0.0,KRX_IDX_1001,KRW,INDEX
1993-03-08,0.0,0.0,0.0,KRX_IDX_1001,KRW,INDEX
1993-03-09,0.0,0.0,0.0,KRX_IDX_1001,KRW,INDEX
1993-03-11,0.0,0.0,0.0,KRX_IDX_1001,KRW,INDEX
1993-03-12,0.0,0.0,0.0,KRX_IDX_1001,KRW,INDEX
1993-03-13,0.0,0.0,0.0,KRX_IDX_1001,KRW,INDEX
1993-03-15,0.0,0.0,0.0,KRX_IDX_1001,KRW,INDEX
1993-03-16,0.0,0.0,0.0,KRX_IDX_1001,KRW,INDEX
1993-03-17,0.0,0.0,0.0,KRX_IDX_1001,KRW,INDEX
1993-03-18,0.0,0.0,0.0,KRX_IDX_1001,KRW,INDEX
1993-03-19,0.0,0.0,0.0,KRX_IDX_1001,KRW,INDEX
1993-03-20,0.0,0.0,0.0,KRX_IDX_1001,KRW,INDEX
1993-03-22,0.0,0.0,0.0,KRX_IDX_1001,KRW,INDEX
1993-03-23,0.0,0.0,0.0,KRX_IDX_1001,KRW,INDEX
1993-03-24,0.0,0.0,0.0,KRX_IDX_1001,KRW,INDEX
1993-03-25,0.0,0.0,0.0,KRX_IDX_1001,KRW,INDEX
1993-03-26,0.0,0.0,0.0,KRX_IDX_1001,KRW,INDEX
1993-03-27,0.0,0.0,0.0,KRX_IDX_1001,KRW,INDEX
1993-03-29,0.0,0.0,0.0,KRX_IDX_1001,KRW,INDEX
1993-03-30,0.0,0.0,0.0,KRX_IDX_1001,KRW,INDEX
1993-03-31,0.0,0.0,0.0,KRX_IDX_1001,KRW,INDEX
1993-04-01,0.0,0.0,0.0,KRX_IDX_1001,KRW,INDEX
1993-04-02,0.0,0.0,0.0,KRX_IDX_1001,KRW,INDEX
1993-04-03,0.0,0.0,0.0,KRX_IDX_1001,KRW,INDEX
1993-04-06,0.0,0.0,0.0,KRX_IDX_1001,KRW,INDEX
1993-04-07,0.0,0.0,0.0,KRX_IDX_1001,KRW,INDEX
1993-04-08,0.0,0.0,0.0,KRX_IDX_1001,KRW,INDEX
1993-04-09,0.0,0.0,0.0,KRX_IDX_1001,KRW,INDEX
1993-04-10,0.0,0.0,0.0,KRX_IDX_1001,KRW,INDEX
1993-04-12,0.0,0.0,0.0,KRX_IDX_1001,KRW,INDEX
1993-04-13,0.0,0.0,0.0,KRX_IDX_1001,KRW,INDEX
1993-04-14,0.0,0.0,0.0,KRX_IDX_1001,KRW,INDEX
1993-04-15,0.0,0.0,0.0,KRX_IDX_1001,KRW,INDEX
1993-04-16,0.0,0.0,0.0,KRX_IDX_1001,KRW,INDEX
1993-04-17,0.0,0.0,0.0,KRX_IDX_1001,KRW,INDEX
1993-04-19,0.0,0.0,0.0,KRX_IDX_1001,KRW,INDEX
1993-04-20,0.0,0.0,0.0,KRX_IDX_1001,KRW,INDEX
1993-04-21,0.0,0.0,0.0,KRX_IDX_1001,KRW,INDEX
1993-04-22,0.0,0.0,0.0,KRX_IDX_1001,KRW,INDEX
1993-04-23,0.0,0.0,0.0,KRX_IDX_1001,KRW,INDEX
1993-04-24,0.0,0.0,0.0,KRX_IDX_1001,KRW,INDEX
1993-04-26,0.0,0.0,0.0,KRX_IDX_1001,KRW,INDEX
1993-04-27,0.0,0.0,0.0,KRX_IDX_1001,KRW,INDEX
1993-04-28,0.0,0.0,0.0,KRX_IDX_1001,KRW,INDEX
1993-04-29,0.0,0.0,0.0,KRX_IDX_1001,KRW,INDEX
1993-04-30,0.0,0.0,0.0,KRX_IDX_1001,KRW,INDEX
1993-05-01,0.0,0.0,0.0,KRX_IDX_1001,KRW,INDEX
1993-05-03,0.0,0.0,0.0,KRX_IDX_1001,KRW,INDEX
1993-05-04,0.0,0.0,0.0,KRX_IDX_1001,KRW,INDEX
1993-05-06,0.0,0.0,0.0,KRX_IDX_1001,KRW,INDEX
1993-05-07,0.0,0.0,0.0,KRX_IDX_1001,KRW,INDEX
1993-05-08,0.0,0.0,0.0,KRX_IDX_1001,KRW,INDEX
1993-05-10,0.0,0.0,0.0,KRX_IDX_1001,KRW,INDEX
1993-05-11,0.0,0.0,0.0,KRX_IDX_1001,KRW,INDEX
1993-05-12,0.0,0.0,0.0,KRX_IDX_1001,KRW,INDEX
1993-05-13,0.0,0.0,0.0,KRX_IDX_1001,KRW,INDEX
1993-05-14,0.0,0.0,0.0,KRX_IDX_1001,KRW,INDEX
1993-05-15,0.0,0.0,0.0,KRX_IDX_1001,KRW,INDEX
1993-05-17,0.0,0.0,0.0,KRX_IDX_1001,KRW,INDEX
1993-05-18,0.0,0.0,0.0,KRX_IDX_1001,KRW,INDEX
1993-05-19,0.0,0.0,0.0,KRX_IDX_1001,KRW,INDEX
1993-05-20,0.0,0.0,0.0,KRX_IDX_1001,KRW,INDEX
1993-05-21,0.0,0.0,0.0,KRX_IDX_1001,KRW,INDEX
1993-05-22,0.0,0.0,0.0,KRX_IDX_1001,KRW,INDEX
1993-05-24,0.0,0.0,0.0,KRX_IDX_1001,KRW,INDEX
1993-05-25,0.0,0.0,0.0,KRX_IDX_1001,KRW,INDEX
1993-05-26,0.0,0.0,0.0,KRX_IDX_1001,KRW,INDEX
1993-05-27,0.0,0.0,0.0,KRX_IDX_1001,KRW,INDEX
1993-05-29,0.0,0.0,0.0,KRX_IDX_1001,KRW,INDEX
1993-05-31,0.0,0.0,0.0,KRX_IDX_1001,KRW,INDEX
1993-06-01,0.0,0.0,0.0,KRX_IDX_1001,KRW,INDEX
1993-06-02,0.0,0.0,0.0,KRX_IDX_1001,KRW,INDEX
1993-06-03,0.0,0.0,0.0,KRX_IDX_1001,KRW,INDEX
1993-06-04,0.0,0.0,0.0,KRX_IDX_1001,KRW,INDEX
1993-06-05,0.0,0.0,0.0,KRX_IDX_1001,KRW,INDEX
1993-06-07,0.0,0.0,0.0,KRX_IDX_1001,KRW,INDEX
1993-06-08,0.0,0.0,0.0,KRX_IDX_1001,KRW,INDEX
1993-06-09,0.0,0.0,0.0,KRX_IDX_1001,KRW,INDEX
1993-06-10,0.0,0.0,0.0,KRX_IDX_1001,KRW,INDEX
1993-06-11,0.0,0.0,0.0,KRX_IDX_1001,KRW,INDEX
1993-06-12,0.0,0.0,0.0,KRX_IDX_1001,KRW,INDEX
1993-06-14,0.0,0.0,0.0,KRX_IDX_1001,KRW,INDEX
1993-06-15,0.0,0.0,0.0,KRX_IDX_1001,KRW,INDEX
1993-06-16,0.0,0.0,0.0,KRX_IDX_1001,KRW,INDEX
1993-06-17,0.0,0.0,0.0,KRX_IDX_1001,KRW,INDEX
1993-06-18,0.0,0.0,0.0,KRX_IDX_1001,KRW,INDEX
1993-06-19,0.0,0.0,0.0,KRX_IDX_1001,KRW,INDEX
1993-06-21,0.0,0.0,0.0,KRX_IDX_1001,KRW,INDEX
1993-06-22,0.0,0.0,0.0,KRX_IDX_1001,KRW,INDEX
1993-06-23,0.0,0.0,0.0,KRX_IDX_1001,KRW,INDEX
1993-06-24,0.0,0.0,0.0,KRX_IDX_1001,KRW,INDEX
1993-06-25,0.0,0.0,0.0,KRX_IDX_1001,KRW,INDEX
1993-06-26,0.0,0.0,0.0,KRX_IDX_1001,KRW,INDEX
1993-06-28,0.0,0.0,0.0,KRX_IDX_1001,KRW,INDEX
1993-06-29,0.0,0.0,0.0,KRX_IDX_1001,KRW,INDEX
1993-06-30,0.0,0.0,0.0,KRX_IDX_1001,KRW,INDEX
1993-07-01,0.0,0.0,0.0,KRX_IDX_1001,KRW,INDEX
1993-07-02,0.0,0.0,0.0,KRX_IDX_1001,KRW,INDEX
1993-07-03,0.0,0.0,0.0,KRX_IDX_1001,KRW,INDEX
1993-07-05,0.0,0.0,0.0,KRX_IDX_1001,KRW,INDEX
1993-07-06,0.0,0.0,0.0,KRX_IDX_1001,KRW,INDEX
1993-07-07,0.0,0.0,0.0,KRX_IDX_1001,KRW,INDEX
1993-07-08,0.0,0.0,0.0,KRX_IDX_1001,KRW,INDEX
1993-07-09,0.0,0.0,0.0,KRX_IDX_1001,KRW,INDEX
1993-07-10,0.0,0.0,0.0,KRX_IDX_1001,KRW,INDEX
1993-07-12,0.0,0.0,0.0,KRX_IDX_1001,KRW,INDEX
1993-07-13,0.0,0.0,0.0,KRX_IDX_1001,KRW,INDEX
1993-07-14,0.0,0.0,0.0,KRX_IDX_1001,KRW,INDEX
1993-07-15,0.0,0.0,0.0,KRX_IDX_1001,KRW,INDEX
1993-07-16,0.0,0.0,0.0,KRX_IDX_1001,KRW,INDEX
1993-07-19,0.0,0.0,0.0,KRX_IDX_1001,KRW,INDEX
1993-07-20,0.0,0.0,0.0,KRX_IDX_1001,KRW,INDEX
1993-07-21,0.0,0.0,0.0,KRX_IDX_1001,KRW,INDEX
1993-07-22,0.0,0.0,0.0,KRX_IDX_1001,KRW,INDEX
1993-07-23,0.0,0.0,0.0,KRX_IDX_1001,KRW,INDEX
1993-07-24,0.0,0.0,0.0,KRX_IDX_1001,KRW,INDEX
1993-07-26,0.0,0.0,0.0,KRX_IDX_1001,KRW,INDEX
1993-07-27,0.0,0.0,0.0,KRX_IDX_1001,KRW,INDEX
1993-07-28,0.0,0.0,0.0,KRX_IDX_1001,KRW,INDEX
1993-07-29,0.0,0.0,0.0,KRX_IDX_1001,KRW,INDEX
1993-07-30,0.0,0.0,0.0,KRX_IDX_1001,KRW,INDEX
1993-07-31,0.0,0.0,0.0,KRX_IDX_1001,KRW,INDEX
1993-08-02,0.0,0.0,0.0,KRX_IDX_1001,KRW,INDEX
1993-08-03,0.0,0.0,0.0,KRX_IDX_1001,KRW,INDEX
1993-08-04,0.0,0.0,0.0,KRX_IDX_1001,KRW,INDEX
1993-08-05,0.0,0.0,0.0,KRX_IDX_1001,KRW,INDEX
1993-08-06,0.0,0.0,0.0,KRX_IDX_1001,KRW,INDEX
1993-08-07,0.0,0.0,0.0,KRX_IDX_1001,KRW,INDEX
1993-08-09,0.0,0.0,0.0,KRX_IDX_1001,KRW,INDEX
1993-08-10,0.0,0.0,0.0,KRX_IDX_1001,KRW,INDEX
1993-08-11,0.0,0.0,0.0,KRX_IDX_1001,KRW,INDEX
1993-08-12,0.0,0.0,0.0,KRX_IDX_1001,KRW,INDEX
1993-08-13,0.0,0.0,0.0,KRX_IDX_1001,KRW,INDEX
1993-08-14,0.0,0.0,0.0,KRX_IDX_1001,KRW,INDEX
1993-08-16,0.0,0.0,0.0,KRX_IDX_1001,KRW,INDEX
1993-08-17,0.0,0.0,0.0,KRX_IDX_1001,KRW,INDEX
1993-08-18,0.0,0.0,0.0,KRX_IDX_1001,KRW,INDEX
1993-08-19,0.0,0.0,0.0,KRX_IDX_1001,KRW,INDEX
1993-08-20,0.0,0.0,0.0,KRX_IDX_1001,KRW,INDEX
1993-08-21,0.0,0.0,0.0,KRX_IDX_1001,KRW,INDEX
1993-08-23,0.0,0.0,0.0,KRX_IDX_1001,KRW,INDEX
1993-08-24,0.0,0.0,0.0,KRX_IDX_1001,KRW,INDEX
1993-08-25,0.0,0.0,0.0,KRX_IDX_1001,KRW,INDEX
1993-08-26,0.0,0.0,0.0,KRX_IDX_1001,KRW,INDEX
1993-08-27,0.0,0.0,0.0,KRX_IDX_1001,KRW,INDEX
1993-08-28,0.0,0.0,0.0,KRX_IDX_1001,KRW,INDEX
1993-08-30,0.0,0.0,0.0,KRX_IDX_1001,KRW,INDEX
1993-08-31,0.0,0.0,0.0,KRX_IDX_1001,KRW,INDEX
1993-09-01,0.0,0.0,0.0,KRX_IDX_1001,KRW,INDEX
1993-09-02,0.0,0.0,0.0,KRX_IDX_1001,KRW,INDEX
1993-09-03,0.0,0.0,0.0,KRX_IDX_1001,KRW,INDEX
1993-09-04,0.0,0.0,0.0,KRX_IDX_1001,KRW,INDEX
1993-09-06,0.0,0.0,0.0,KRX_IDX_1001,KRW,INDEX
1993-09-07,0.0,0.0,0.0,KRX_IDX_1001,KRW,INDEX
1993-09-08,0.0,0.0,0.0,KRX_IDX_1001,KRW,INDEX
1993-09-09,0.0,0.0,0.0,KRX_IDX_1001,KRW,INDEX
1993-09-10,0.0,0.0,0.0,KRX_IDX_1001,KRW,INDEX
1993-09-11,0.0,0.0,0.0,KRX_IDX_1001,KRW,INDEX
1993-09-13,0.0,0.0,0.0,KRX_IDX_1001,KRW,INDEX
1993-09-14,0.0,0.0,0.0,KRX_IDX_1001,KRW,INDEX
1993-09-15,0.0,0.0,0.0,KRX_IDX_1001,KRW,INDEX
1993-09-16,0.0,0.0,0.0,KRX_IDX_1001,KRW,INDEX
1993-09-17,0.0,0.0,0.0,KRX_IDX_1001,KRW,INDEX
1993-09-18,0.0,0.0,0.0,KRX_IDX_1001,KRW,INDEX
1993-09-20,0.0,0.0,0.0,KRX_IDX_1001,KRW,INDEX
1993-09-21,0.0,0.0,0.0,KRX_IDX_1001,KRW,INDEX
1993-09-22,0.0,0.0,0.0,KRX_IDX_1001,KRW,INDEX
1993-09-23,0.0,0.0,0.0,KRX_IDX_1001,KRW,INDEX
1993-09-24,0.0,0.0,0.0,KRX_IDX_1001,KRW,INDEX
1993-09-25,0.0,0.0,0.0,KRX_IDX_1001,KRW,INDEX
1993-09-27,0.0,0.0,0.0,KRX_IDX_1001,KRW,INDEX
1993-09-28,0.0,0.0,0.0,KRX_IDX_1001,KRW,INDEX
1993-10-02,0.0,0.0,0.0,KRX_IDX_1001,KRW,INDEX
1993-10-04,0.0,0.0,0.0,KRX_IDX_1001,KRW,INDEX
1993-10-05,0.0,0.0,0.0,KRX_IDX_1001,KRW,INDEX
1993-10-06,0.0,0.0,0.0,KRX_IDX_1001,KRW,INDEX
1993-10-07,0.0,0.0,0.0,KRX_IDX_1001,KRW,INDEX
1993-10-08,0.0,0.0,0.0,KRX_IDX_1001,KRW,INDEX
1993-10-09,0.0,0.0,0.0,KRX_IDX_1001,KRW,INDEX
1993-10-11,0.0,0.0,0.0,KRX_IDX_1001,KRW,INDEX
1993-10-12,0.0,0.0,0.0,KRX_IDX_1001,KRW,INDEX
1993-10-13,0.0,0.0,0.0,KRX_IDX_1001,KRW,INDEX
1993-10-14,0.0,0.0,0.0,KRX_IDX_1001,KRW,INDEX
1993-10-15,0.0,0.0,0.0,KRX_IDX_1001,KRW,INDEX
1993-10-16,0.0,0.0,0.0,KRX_IDX_1001,KRW,INDEX
1993-10-18,0.0,0.0,0.0,KRX_IDX_1001,KRW,INDEX
1993-10-19,0.0,0.0,0.0,KRX_IDX_1001,KRW,INDEX
1993-10-20,0.0,0.0,0.0,KRX_IDX_1001,KRW,INDEX
1993-10-21,0.0,0.0,0.0,KRX_IDX_1001,KRW,INDEX
1993-10-22,0.0,0.0,0.0,KRX_IDX_1001,KRW,INDEX
1993-10-23,0.0,0.0,0.0,KRX_IDX_1001,KRW,INDEX
1993-10-25,0.0,0.0,0.0,KRX_IDX_1001,KRW,INDEX
1993-10-26,0.0,0.0,0.0,KRX_IDX_1001,KRW,INDEX
1993-10-27,0.0,0.0,0.0,KRX_IDX_1001,KRW,INDEX
1993-10-28,0.0,0.0,0.0,KRX_IDX_1001,KRW,INDEX
1993-10-29,0.0,0.0,0.0,KRX_IDX_1001,KRW,INDEX
1993-10-30,0.0,0.0,0.0,KRX_IDX_1001,KRW,INDEX
1993-11-01,0.0,0.0,0.0,KRX_IDX_1001,KRW,INDEX
1993-11-02,0.0,0.0,0.0,KRX_IDX_1001,KRW,INDEX
1993-11-03,0.0,0.0,0.0,KRX_IDX_1001,KRW,INDEX
1993-11-04,0.0,0.0,0.0,KRX_IDX_1001,KRW,INDEX
1993-11-05,0.0,0.0,0.0,KRX_IDX_1001,KRW,INDEX
1993-11-06,0.0,0.0,0.0,KRX_IDX_1001,KRW,INDEX
1993-11-08,0.0,0.0,0.0,KRX_IDX_1001,KRW,INDEX
1993-11-09,0.0,0.0,0.0,KRX_IDX_1001,KRW,INDEX
1993-11-10,0.0,0.0,0.0,KRX_IDX_1001,KRW,INDEX
1993-11-11,0.0,0.0,0.0,KRX_IDX_1001,KRW,INDEX
1993-11-12,0.0,0.0,0.0,KRX_IDX_1001,KRW,INDEX
1993-11-13,0.0,0.0,0.0,KRX_IDX_1001,KRW,INDEX
1993-11-15,0.0,0.0,0.0,KRX_IDX_1001,KRW,INDEX
1993-11-16,0.0,0.0,0.0,KRX_IDX_1001,KRW,INDEX
1993-11-17,0.0,0.0,0.0,KRX_IDX_1001,KRW,INDEX
1993-11-18,0.0,0.0,0.0,KRX_IDX_1001,KRW,INDEX
1993-11-19,0.0,0.0,0.0,KRX_IDX_1001,KRW,INDEX
1993-11-20,0.0,0.0,0.0,KRX_IDX_1001,KRW,INDEX
1993-11-22,0.0,0.0,0.0,KRX_IDX_1001,KRW,INDEX
1993-11-23,0.0,0.0,0.0,KRX_IDX_1001,KRW,INDEX
1993-11-24,0.0,0.0,0.0,KRX_IDX_1001,KRW,INDEX
1993-11-25,0.0,0.0,0.0,KRX_IDX_1001,KRW,INDEX
1993-11-26,0.0,0.0,0.0,KRX_IDX_1001,KRW,INDEX
1993-11-27,0.0,0.0,0.0,KRX_IDX_1001,KRW,INDEX
1993-11-29,0.0,0.0,0.0,KRX_IDX_1001,KRW,INDEX
1993-11-30,0.0,0.0,0.0,KRX_IDX_1001,KRW,INDEX
1993-12-01,0.0,0.0,0.0,KRX_IDX_1001,KRW,INDEX
1993-12-02,0.0,0.0,0.0,KRX_IDX_1001,KRW,INDEX
1993-12-03,0.0,0.0,0.0,KRX_IDX_1001,KRW,INDEX
1993-12-04,0.0,0.0,0.0,KRX_IDX_1001,KRW,INDEX
1993-12-06,0.0,0.0,0.0,KRX_IDX_1001,KRW,INDEX
1993-12-07,0.0,0.0,0.0,KRX_IDX_1001,KRW,INDEX
1993-12-08,0.0,0.0,0.0,KRX_IDX_1001,KRW,INDEX
1993-12-09,0.0,0.0,0.0,KRX_IDX_1001,KRW,INDEX
1993-12-10,0.0,0.0,0.0,KRX_IDX_1001,KRW,INDEX
1993-12-11,0.0,0.0,0.0,KRX_IDX_1001,KRW,INDEX
1993-12-13,0.0,0.0,0.0,KRX_IDX_1001,KRW,INDEX
1993-12-14,0.0,0.0,0.0,KRX_IDX_1001,KRW,INDEX
1993-12-15,0.0,0.0,0.0,KRX_IDX_1001,KRW,INDEX
1993-12-16,0.0,0.0,0.0,KRX_IDX_1001,KRW,INDEX
1993-12-17,0.0,0.0,0.0,KRX_IDX_1001,KRW,INDEX
1993-12-18,0.0,0.0,0.0,KRX_IDX_1001,KRW,INDEX
1993-12-20,0.0,0.0,0.0,KRX_IDX_1001,KRW,INDEX
1993-12-21,0.0,0.0,0.0,KRX_IDX_1001,KRW,INDEX
1993-12-22,0.0,0.0,0.0,KRX_IDX_1001,KRW,INDEX
1993-12-23,0.0,0.0,0.0,KRX_IDX_1001,KRW,INDEX
1993-12-24,0.0,0.0,0.0,KRX_IDX_1001,KRW,INDEX
1993-12-27,0.0,0.0,0.0,KRX_IDX_1001,KRW,INDEX
1993-12-28,0.0,0.0,0.0,KRX_IDX_1001,KRW,INDEX
1994-01-03,0.0,0.0,0.0,KRX_IDX_1001,KRW,INDEX
1994-01-04,0.0,0.0,0.0,KRX_IDX_1001,KRW,INDEX
1994-01-05,0.0,0.0,0.0,KRX_IDX_1001,KRW,INDEX
1994-01-06,0.0,0.0,0.0,KRX_IDX_1001,KRW,INDEX
1994-01-07,0.0,0.0,0.0,KRX_IDX_1001,KRW,INDEX
1994-01-08,0.0,0.0,0.0,KRX_IDX_1001,KRW,INDEX
1994-01-10,0.0,0.0,0.0,KRX_IDX_1001,KRW,INDEX
1994-01-11,0.0,0.0,0.0,KRX_IDX_1001,KRW,INDEX
1994-01-12,0.0,0.0,0.0,KRX_IDX_1001,KRW,INDEX
1994-01-13,0.0,0.0,0.0,KRX_IDX_1001,KRW,INDEX
1994-01-14,0.0,0.0,0.0,KRX_IDX_1001,KRW,INDEX
1994-01-15,0.0,0.0,0.0,KRX_IDX_1001,KRW,INDEX
1994-01-17,0.0,0.0,0.0,KRX_IDX_1001,KRW,INDEX
1994-01-18,0.0,0.0,0.0,KRX_IDX_1001,KRW,INDEX
1994-01-19,0.0,0.0,0.0,KRX_IDX_1001,KRW,INDEX
1994-01-20,0.0,0.0,0.0,KRX_IDX_1001,KRW,INDEX
1994-01-21,0.0,0.0,0.0,KRX_IDX_1001,KRW,INDEX
1994-01-22,0.0,0.0,0.0,KRX_IDX_1001,KRW,INDEX
1994-01-24,0.0,0.0,0.0,KRX_IDX_1001,KRW,INDEX
1994-01-25,0.0,0.0,0.0,KRX_IDX_1001,KRW,INDEX
1994-01-26,0.0,0.0,0.0,KRX_IDX_1001,KRW,INDEX
1994-01-27,0.0,0.0,0.0,KRX_IDX_1001,KRW,INDEX
1994-01-28,0.0,0.0,0.0,KRX_IDX_1001,KRW,INDEX
1994-01-29,0.0,0.0,0.0,KRX_IDX_1001,KRW,INDEX
1994-01-31,0.0,0.0,0.0,KRX_IDX_1001,KRW,INDEX
1994-02-01,0.0,0.0,0.0,KRX_IDX_1001,KRW,INDEX
1994-02-02,0.0,0.0,0.0,KRX_IDX_1001,KRW,INDEX
1994-02-03,0.0,0.0,0.0,KRX_IDX_1001,KRW,INDEX
1994-02-04,0.0,0.0,0.0,KRX_IDX_1001,KRW,INDEX
1994-02-05,0.0,0.0,0.0,KRX_IDX_1001,KRW,INDEX
1994-02-07,0.0,0.0,0.0,KRX_IDX_1001,KRW,INDEX
1994-02-08,0.0,0.0,0.0,KRX_IDX_1001,KRW,INDEX
1994-02-12,0.0,0.0,0.0,KRX_IDX_1001,KRW,INDEX
1994-02-14,0.0,0.0,0.0,KRX_IDX_1001,KRW,INDEX
1994-02-15,0.0,0.0,0.0,KRX_IDX_1001,KRW,INDEX
1994-02-16,0.0,0.0,0.0,KRX_IDX_1001,KRW,INDEX
1994-02-17,0.0,0.0,0.0,KRX_IDX_1001,KRW,INDEX
1994-02-18,0.0,0.0,0.0,KRX_IDX_1001,KRW,INDEX
1994-02-19,0.0,0.0,0.0,KRX_IDX_1001,KRW,INDEX
1994-02-21,0.0,0.0,0.0,KRX_IDX_1001,KRW,INDEX
1994-02-22,0.0,0.0,0.0,KRX_IDX_1001,KRW,INDEX
1994-02-23,0.0,0.0,0.0,KRX_IDX_1001,KRW,INDEX
1994-02-24,0.0,0.0,0.0,KRX_IDX_1001,KRW,INDEX
1994-02-25,0.0,0.0,0.0,KRX_IDX_1001,KRW,INDEX
1994-02-26,0.0,0.0,0.0,KRX_IDX_1001,KRW,INDEX
1994-02-28,0.0,0.0,0.0,KRX_IDX_1001,KRW,INDEX
1994-03-02,0.0,0.0,0.0,KRX_IDX_1001,KRW,INDEX
1994-03-03,0.0,0.0,0.0,KRX_IDX_1001,KRW,INDEX
1994-03-04,0.0,0.0,0.0,KRX_IDX_1001,KRW,INDEX
1994-03-05,0.0,0.0,0.0,KRX_IDX_1001,KRW,INDEX
1994-03-07,0.0,0.0,0.0,KRX_IDX_1001,KRW,INDEX
1994-03-08,0.0,0.0,0.0,KRX_IDX_1001,KRW,INDEX
1994-03-09,0.0,0.0,0.0,KRX_IDX_1001,KRW,INDEX
1994-03-10,0.0,0.0,0.0,KRX_IDX_1001,KRW,INDEX
1994-03-11,0.0,0.0,0.0,KRX_IDX_1001,KRW,INDEX
1994-03-12,0.0,0.0,0.0,KRX_IDX_1001,KRW,INDEX
1994-03-14,0.0,0.0,0.0,KRX_IDX_1001,KRW,INDEX
1994-03-15,0.0,0.0,0.0,KRX_IDX_1001,KRW,INDEX
1994-03-16,0.0,0.0,0.0,KRX_IDX_1001,KRW,INDEX
1994-03-17,0.0,0.0,0.0,KRX_IDX_1001,KRW,INDEX
1994-03-18,0.0,0.0,0.0,KRX_IDX_1001,KRW,INDEX
1994-03-19,0.0,0.0,0.0,KRX_IDX_1001,KRW,INDEX
1994-03-21,0.0,0.0,0.0,KRX_IDX_1001,KRW,INDEX
1994-03-22,0.0,0.0,0.0,KRX_IDX_1001,KRW,INDEX
1994-03-23,0.0,0.0,0.0,KRX_IDX_1001,KRW,INDEX
1994-03-24,0.0,0.0,0.0,KRX_IDX_1001,KRW,INDEX
1994-03-25,0.0,0.0,0.0,KRX_IDX_1001,KRW,INDEX
1994-03-26,0.0,0.0,0.0,KRX_IDX_1001,KRW,INDEX
1994-03-28,0.0,0.0,0.0,KRX_IDX_1001,KRW,INDEX
1994-03-29,0.0,0.0,0.0,KRX_IDX_1001,KRW,INDEX
1994-03-30,0.0,0.0,0.0,KRX_IDX_1001,KRW,INDEX
1994-03-31,0.0,0.0,0.0,KRX_IDX_1001,KRW,INDEX
1994-04-01,0.0,0.0,0.0,KRX_IDX_1001,KRW,INDEX
1994-04-02,0.0,0.0,0.0,KRX_IDX_1001,KRW,INDEX
1994-04-04,0.0,0.0,0.0,KRX_IDX_1001,KRW,INDEX
1994-04-06,0.0,0.0,0.0,KRX_IDX_1001,KRW,INDEX
1994-04-07,0.0,0.0,0.0,KRX_IDX_1001,KRW,INDEX
1994-04-08,0.0,0.0,0.0,KRX_IDX_1001,KRW,INDEX
1994-04-09,0.0,0.0,0.0,KRX_IDX_1001,KRW,INDEX
1994-04-11,0.0,0.0,0.0,KRX_IDX_1001,KRW,INDEX
1994-04-12,0.0,0.0,0.0,KRX_IDX_1001,KRW,INDEX
1994-04-13,0.0,0.0,0.0,KRX_IDX_1001,KRW,INDEX
1994-04-14,0.0,0.0,0.0,KRX_IDX_1001,KRW,INDEX
1994-04-15,0.0,0.0,0.0,KRX_IDX_1001,KRW,INDEX
1994-04-16,0.0,0.0,0.0,KRX_IDX_1001,KRW,INDEX
1994-04-18,0.0,0.0,0.0,KRX_IDX_1001,KRW,INDEX
1994-04-19,0.0,0.0,0.0,KRX_IDX_1001,KRW,INDEX
1994-04-20,0.0,0.0,0.0,KRX_IDX_1001,KRW,INDEX
1994-04-21,0.0,0.0,0.0,KRX_IDX_1001,KRW,INDEX
1994-04-22,0.0,0.0,0.0,KRX_IDX_1001,KRW,INDEX
1994-04-23,0.0,0.0,0.0,KRX_IDX_1001,KRW,INDEX
1994-04-25,0.0,0.0,0.0,KRX_IDX_1001,KRW,INDEX
1994-04-26,0.0,0.0,0.0,KRX_IDX_1001,KRW,INDEX
1994-04-27,0.0,0.0,0.0,KRX_IDX_1001,KRW,INDEX
1994-04-28,0.0,0.0,0.0,KRX_IDX_1001,KRW,INDEX
1994-04-29,0.0,0.0,0.0,KRX_IDX_1001,KRW,INDEX
1994-04-30,0.0,0.0,0.0,KRX_IDX_1001,KRW,INDEX
1994-05-02,0.0,0.0,0.0,KRX_IDX_1001,KRW,INDEX
1994-05-03,0.0,0.0,0.0,KRX_IDX_1001,KRW,INDEX
1994-05-04,0.0,0.0,0.0,KRX_IDX_1001,KRW,INDEX
1994-05-06,0.0,0.0,0.0,KRX_IDX_1001,KRW,INDEX
1994-05-07,0.0,0.0,0.0,KRX_IDX_1001,KRW,INDEX
1994-05-09,0.0,0.0,0.0,KRX_IDX_1001,KRW,INDEX
1994-05-10,0.0,0.0,0.0,KRX_IDX_1001,KRW,INDEX
1994-05-11,0.0,0.0,0.0,KRX_IDX_1001,KRW,INDEX
1994-05-12,0.0,0.0,0.0,KRX_IDX_1001,KRW,INDEX
1994-05-13,0.0,0.0,0.0,KRX_IDX_1001,KRW,INDEX
1994-05-14,0.0,0.0,0.0,KRX_IDX_1001,KRW,INDEX
1994-05-16,0.0,0.0,0.0,KRX_IDX_1001,KRW,INDEX
1994-05-17,0.0,0.0,0.0,KRX_IDX_1001,KRW,INDEX
1994-05-19,0.0,0.0,0.0,KRX_IDX_1001,KRW,INDEX
1994-05-20,0.0,0.0,0.0,KRX_IDX_1001,KRW,INDEX
1994-05-21,0.0,0.0,0.0,KRX_IDX_1001,KRW,INDEX
1994-05-23,0.0,0.0,0.0,KRX_IDX_1001,KRW,INDEX
1994-05-24,0.0,0.0,0.0,KRX_IDX_1001,KRW,INDEX
1994-05-25,0.0,0.0,0.0,KRX_IDX_1001,KRW,INDEX
1994-05-26,0.0,0.0,0.0,KRX_IDX_1001,KRW,INDEX
1994-05-27,0.0,0.0,0.0,KRX_IDX_1001,KRW,INDEX
1994-05-28,0.0,0.0,0.0,KRX_IDX_1001,KRW,INDEX
1994-05-30,0.0,0.0,0.0,KRX_IDX_1001,KRW,INDEX
1994-05-31,0.0,0.0,0.0,KRX_IDX_1001,KRW,INDEX
1994-06-01,0.0,0.0,0.0,KRX_IDX_1001,KRW,INDEX
1994-06-02,0.0,0.0,0.0,KRX_IDX_1001,KRW,INDEX
1994-06-03,0.0,0.0,0.0,KRX_IDX_1001,KRW,INDEX
1994-06-04,0.0,0.0,0.0,KRX_IDX_1001,KRW,INDEX
1994-06-07,0.0,0.0,0.0,KRX_IDX_1001,KRW,INDEX
1994-06-08,0.0,0.0,0.0,KRX_IDX_1001,KRW,INDEX
1994-06-09,0.0,0.0,0.0,KRX_IDX_1001,KRW,INDEX
1994-06-10,0.0,0.0,0.0,KRX_IDX_1001,KRW,INDEX
1994-06-11,0.0,0.0,0.0,KRX_IDX_1001,KRW,INDEX
1994-06-13,0.0,0.0,0.0,KRX_IDX_1001,KRW,INDEX
1994-06-14,0.0,0.0,0.0,KRX_IDX_1001,KRW,INDEX
1994-06-15,0.0,0.0,0.0,KRX_IDX_1001,KRW,INDEX
1994-06-16,0.0,0.0,0.0,KRX_IDX_1001,KRW,INDEX
1994-06-17,0.0,0.0,0.0,KRX_IDX_1001,KRW,INDEX
1994-06-18,0.0,0.0,0.0,KRX_IDX_1001,KRW,INDEX
1994-06-20,0.0,0.0,0.0,KRX_IDX_1001,KRW,INDEX
1994-06-21,0.0,0.0,0.0,KRX_IDX_1001,KRW,INDEX
1994-06-22,0.0,0.0,0.0,KRX_IDX_1001,KRW,INDEX
1994-06-23,0.0,0.0,0.0,KRX_IDX_1001,KRW,INDEX
1994-06-24,0.0,0.0,0.0,KRX_IDX_1001,KRW,INDEX
1994-06-25,0.0,0.0,0.0,KRX_IDX_1001,KRW,INDEX
1994-06-27,0.0,0.0,0.0,KRX_IDX_1001,KRW,INDEX
1994-06-28,0.0,0.0,0.0,KRX_IDX_1001,KRW,INDEX
1994-06-29,0.0,0.0,0.0,KRX_IDX_1001,KRW,INDEX
1994-06-30,0.0,0.0,0.0,KRX_IDX_1001,KRW,INDEX
1994-07-01,0.0,0.0,0.0,KRX_IDX_1001,KRW,INDEX
1994-07-02,0.0,0.0,0.0,KRX_IDX_1001,KRW,INDEX
1994-07-04,0.0,0.0,0.0,KRX_IDX_1001,KRW,INDEX
1994-07-05,0.0,0.0,0.0,KRX_IDX_1001,KRW,INDEX
1994-07-06,0.0,0.0,0.0,KRX_IDX_1001,KRW,INDEX
1994-07-07,0.0,0.0,0.0,KRX_IDX_1001,KRW,INDEX
1994-07-08,0.0,0.0,0.0,KRX_IDX_1001,KRW,INDEX
1994-07-09,0.0,0.0,0.0,KRX_IDX_1001,KRW,INDEX
1994-07-11,0.0,0.0,0.0,KRX_IDX_1001,KRW,INDEX
1994-07-12,0.0,0.0,0.0,KRX_IDX_1001,KRW,INDEX
1994-07-13,0.0,0.0,0.0,KRX_IDX_1001,KRW,INDEX
1994-07-14,0.0,0.0,0.0,KRX_IDX_1001,KRW,INDEX
1994-07-15,0.0,0.0,0.0,KRX_IDX_1001,KRW,INDEX
1994-07-16,0.0,0.0,0.0,KRX_IDX_1001,KRW,INDEX
1994-07-18,0.0,0.0,0.0,KRX_IDX_1001,KRW,INDEX
1994-07-19,0.0,0.0,0.0,KRX_IDX_1001,KRW,INDEX
1994-07-20,0.0,0.0,0.0,KRX_IDX_1001,KRW,INDEX
1994-07-21,0.0,0.0,0.0,KRX_IDX_1001,KRW,INDEX
1994-07-22,0.0,0.0,0.0,KRX_IDX_1001,KRW,INDEX
1994-07-23,0.0,0.0,0.0,KRX_IDX_1001,KRW,INDEX
1994-07-25,0.0,0.0,0.0,KRX_IDX_1001,KRW,INDEX
1994-07-26,0.0,0.0,0.0,KRX_IDX_1001,KRW,INDEX
1994-07-27,0.0,0.0,0.0,KRX_IDX_1001,KRW,INDEX
1994-07-28,0.0,0.0,0.0,KRX_IDX_1001,KRW,INDEX
1994-07-29,0.0,0.0,0.0,KRX_IDX_1001,KRW,INDEX
1994-07-30,0.0,0.0,0.0,KRX_IDX_1001,KRW,INDEX
1994-08-01,0.0,0.0,0.0,KRX_IDX_1001,KRW,INDEX
1994-08-02,0.0,0.0,0.0,KRX_IDX_1001,KRW,INDEX
1994-08-03,0.0,0.0,0.0,KRX_IDX_1001,KRW,INDEX
1994-08-04,0.0,0.0,0.0,KRX_IDX_1001,KRW,INDEX
1994-08-05,0.0,0.0,0.0,KRX_IDX_1001,KRW,INDEX
1994-08-06,0.0,0.0,0.0,KRX_IDX_1001,KRW,INDEX
1994-08-08,0.0,0.0,0.0,KRX_IDX_1001,KRW,INDEX
1994-08-09,0.0,0.0,0.0,KRX_IDX_1001,KRW,INDEX
1994-08-10,0.0,0.0,0.0,KRX_IDX_1001,KRW,INDEX
1994-08-11,0.0,0.0,0.0,KRX_IDX_1001,KRW,INDEX
1994-08-12,0.0,0.0,0.0,KRX_IDX_1001,KRW,INDEX
1994-08-13,0.0,0.0,0.0,KRX_IDX_1001,KRW,INDEX
1994-08-16,0.0,0.0,0.0,KRX_IDX_1001,KRW,INDEX
1994-08-17,0.0,0.0,0.0,KRX_IDX_1001,KRW,INDEX
1994-08-18,0.0,0.0,0.0,KRX_IDX_1001,KRW,INDEX
1994-08-19,0.0,0.0,0.0,KRX_IDX_1001,KRW,INDEX
1994-08-20,0.0,0.0,0.0,KRX_IDX_1001,KRW,INDEX
1994-08-22,0.0,0.0,0.0,KRX_IDX_1001,KRW,INDEX
1994-08-23,0.0,0.0,0.0,KRX_IDX_1001,KRW,INDEX
1994-08-24,0.0,0.0,0.0,KRX_IDX_1001,KRW,INDEX
1994-08-25,0.0,0.0,0.0,KRX_IDX_1001,KRW,INDEX
1994-08-26,0.0,0.0,0.0,KRX_IDX_1001,KRW,INDEX
1994-08-27,0.0,0.0,0.0,KRX_IDX_1001,KRW,INDEX
1994-08-29,0.0,0.0,0.0,KRX_IDX_1001,KRW,INDEX
1994-08-30,0.0,0.0,0.0,KRX_IDX_1001,KRW,INDEX
1994-08-31,0.0,0.0,0.0,KRX_IDX_1001,KRW,INDEX
1994-09-01,0.0,0.0,0.0,KRX_IDX_1001,KRW,INDEX
1994-09-02,0.0,0.0,0.0,KRX_IDX_1001,KRW,INDEX
1994-09-03,0.0,0.0,0.0,KRX_IDX_1001,KRW,INDEX
1994-09-05,0.0,0.0,0.0,KRX_IDX_1001,KRW,INDEX
1994-09-06,0.0,0.0,0.0,KRX_IDX_1001,KRW,INDEX
1994-09-07,0.0,0.0,0.0,KRX_IDX_1001,KRW,INDEX
1994-09-08,0.0,0.0,0.0,KRX_IDX_1001,KRW,INDEX
1994-09-09,0.0,0.0,0.0,KRX_IDX_1001,KRW,INDEX
1994-09-10,0.0,0.0,0.0,KRX_IDX_1001,KRW,INDEX
1994-09-12,0.0,0.0,0.0,KRX_IDX_1001,KRW,INDEX
1994-09-13,0.0,0.0,0.0,KRX_IDX_1001,KRW,INDEX
1994-09-14,0.0,0.0,0.0,KRX_IDX_1001,KRW,INDEX
1994-09-15,0.0,0.0,0.0,KRX_IDX_1001,KRW,INDEX
1994-09-16,0.0,0.0,0.0,KRX_IDX_1001,KRW,INDEX
1994-09-17,0.0,0.0,0.0,KRX_IDX_1001,KRW,INDEX
1994-09-22,0.0,0.0,0.0,KRX_IDX_1001,KRW,INDEX
1994-09-23,0.0,0.0,0.0,KRX_IDX_1001,KRW,INDEX
1994-09-24,0.0,0.0,0.0,KRX_IDX_1001,KRW,INDEX
1994-09-26,0.0,0.0,0.0,KRX_IDX_1001,KRW,INDEX
1994-09-27,0.0,0.0,0.0,KRX_IDX_1001,KRW,INDEX
1994-09-28,0.0,0.0,0.0,KRX_IDX_1001,KRW,INDEX
1994-09-29,0.0,0.0,0.0,KRX_IDX_1001,KRW,INDEX
1994-09-30,0.0,0.0,0.0,KRX_IDX_1001,KRW,INDEX
1994-10-01,0.0,0.0,0.0,KRX_IDX_1001,KRW,INDEX
1994-10-04,0.0,0.0,0.0,KRX_IDX_1001,KRW,INDEX
1994-10-05,0.0,0.0,0.0,KRX_IDX_1001,KRW,INDEX
1994-10-06,0.0,0.0,0.0,KRX_IDX_1001,KRW,INDEX
1994-10-07,0.0,0.0,0.0,KRX_IDX_1001,KRW,INDEX
1994-10-08,0.0,0.0,0.0,KRX_IDX_1001,KRW,INDEX
1994-10-10,0.0,0.0,0.0,KRX_IDX_1001,KRW,INDEX
1994-10-11,0.0,0.0,0.0,KRX_IDX_1001,KRW,INDEX
1994-10-12,0.0,0.0,0.0,KRX_IDX_1001,KRW,INDEX
1994-10-13,0.0,0.0,0.0,KRX_IDX_1001,KRW,INDEX
1994-10-14,0.0,0.0,0.0,KRX_IDX_1001,KRW,INDEX
1994-10-15,0.0,0.0,0.0,KRX_IDX_1001,KRW,INDEX
1994-10-17,0.0,0.0,0.0,KRX_IDX_1001,KRW,INDEX
1994-10-18,0.0,0.0,0.0,KRX_IDX_1001,KRW,INDEX
1994-10-19,0.0,0.0,0.0,KRX_IDX_1001,KRW,INDEX
1994-10-20,0.0,0.0,0.0,KRX_IDX_1001,KRW,INDEX
1994-10-21,0.0,0.0,0.0,KRX_IDX_1001,KRW,INDEX
1994-10-22,0.0,0.0,0.0,KRX_IDX_1001,KRW,INDEX
1994-10-24,0.0,0.0,0.0,KRX_IDX_1001,KRW,INDEX
1994-10-25,0.0,0.0,0.0,KRX_IDX_1001,KRW,INDEX
1994-10-26,0.0,0.0,0.0,KRX_IDX_1001,KRW,INDEX
1994-10-27,0.0,0.0,0.0,KRX_IDX_1001,KRW,INDEX
1994-10-28,0.0,0.0,0.0,KRX_IDX_1001,KRW,INDEX
1994-10-29,0.0,0.0,0.0,KRX_IDX_1001,KRW,INDEX
1994-10-31,0.0,0.0,0.0,KRX_IDX_1001,KRW,INDEX
1994-11-01,0.0,0.0,0.0,KRX_IDX_1001,KRW,INDEX
1994-11-02,0.0,0.0,0.0,KRX_IDX_1001,KRW,INDEX
1994-11-03,0.0,0.0,0.0,KRX_IDX_1001,KRW,INDEX
1994-11-04,0.0,0.0,0.0,KRX_IDX_1001,KRW,INDEX
1994-11-05,0.0,0.0,0.0,KRX_IDX_1001,KRW,INDEX
1994-11-07,0.0,0.0,0.0,KRX_IDX_1001,KRW,INDEX
1994-11-08,0.0,0.0,0.0,KRX_IDX_1001,KRW,INDEX
1994-11-09,0.0,0.0,0.0,KRX_IDX_1001,KRW,INDEX
1994-11-10,0.0,0.0,0.0,KRX_IDX_1001,KRW,INDEX
1994-11-11,0.0,0.0,0.0,KRX_IDX_1001,KRW,INDEX
1994-11-12,0.0,0.0,0.0,KRX_IDX_1001,KRW,INDEX
1994-11-14,0.0,0.0,0.0,KRX_IDX_1001,KRW,INDEX
1994-11-15,0.0,0.0,0.0,KRX_IDX_1001,KRW,INDEX
1994-11-16,0.0,0.0,0.0,KRX_IDX_1001,KRW,INDEX
1994-11-17,0.0,0.0,0.0,KRX_IDX_1001,KRW,INDEX
1994-11-18,0.0,0.0,0.0,KRX_IDX_1001,KRW,INDEX
1994-11-19,0.0,0.0,0.0,KRX_IDX_1001,KRW,INDEX
1994-11-21,0.0,0.0,0.0,KRX_IDX_1001,KRW,INDEX
1994-11-22,0.0,0.0,0.0,KRX_IDX_1001,KRW,INDEX
1994-11-23,0.0,0.0,0.0,KRX_IDX_1001,KRW,INDEX
1994-11-24,0.0,0.0,0.0,KRX_IDX_1001,KRW,INDEX
1994-11-25,0.0,0.0,0.0,KRX_IDX_1001,KRW,INDEX
1994-11-26,0.0,0.0,0.0,KRX_IDX_1001,KRW,INDEX
1994-11-28,0.0,0.0,0.0,KRX_IDX_1001,KRW,INDEX
1994-11-29,0.0,0.0,0.0,KRX_IDX_1001,KRW,INDEX
1994-11-30,0.0,0.0,0.0,KRX_IDX_1001,KRW,INDEX
1994-12-01,0.0,0.0,0.0,KRX_IDX_1001,KRW,INDEX
1994-12-02,0.0,0.0,0.0,KRX_IDX_1001,KRW,INDEX
1994-12-03,0.0,0.0,0.0,KRX_IDX_1001,KRW,INDEX
1994-12-05,0.0,0.0,0.0,KRX_IDX_1001,KRW,INDEX
1994-12-06,0.0,0.0,0.0,KRX_IDX_1001,KRW,INDEX
1994-12-07,0.0,0.0,0.0,KRX_IDX_1001,KRW,INDEX
1994-12-08,0.0,0.0,0.0,KRX_IDX_1001,KRW,INDEX
1994-12-09,0.0,0.0,0.0,KRX_IDX_1001,KRW,INDEX
1994-12-10,0.0,0.0,0.0,KRX_IDX_1001,KRW,INDEX
1994-12-12,0.0,0.0,0.0,KRX_IDX_1001,KRW,INDEX
1994-12-13,0.0,0.0,0.0,KRX_IDX_1001,KRW,INDEX
1994-12-14,0.0,0.0,0.0,KRX_IDX_1001,KRW,INDEX
1994-12-15,0.0,0.0,0.0,KRX_IDX_1001,KRW,INDEX
1994-12-16,0.0,0.0,0.0,KRX_IDX_1001,KRW,INDEX
1994-12-17,0.0,0.0,0.0,KRX_IDX_1001,KRW,INDEX
1994-12-19,0.0,0.0,0.0,KRX_IDX_1001,KRW,INDEX
1994-12-20,0.0,0.0,0.0,KRX_IDX_1001,KRW,INDEX
1994-12-21,0.0,0.0,0.0,KRX_IDX_1001,KRW,INDEX
1994-12-22,0.0,0.0,0.0,KRX_IDX_1001,KRW,INDEX
1994-12-23,0.0,0.0,0.0,KRX_IDX_1001,KRW,INDEX
1994-12-24,0.0,0.0,0.0,KRX_IDX_1001,KRW,INDEX
1994-12-26,0.0,0.0,0.0,KRX_IDX_1001,KRW,INDEX
1994-12-27,0.0,0.0,0.0,KRX_IDX_1001,KRW,INDEX
1994-12-28,0.0,0.0,0.0,KRX_IDX_1001,KRW,INDEX
1995-01-03,0.0,0.0,0.0,KRX_IDX_1001,KRW,INDEX
1995-01-04,0.0,0.0,0.0,KRX_IDX_1001,KRW,INDEX
1995-01-05,0.0,0.0,0.0,KRX_IDX_1001,KRW,INDEX
1995-01-06,0.0,0.0,0.0,KRX_IDX_1001,KRW,INDEX
1995-01-07,0.0,0.0,0.0,KRX_IDX_1001,KRW,INDEX
1995-01-09,0.0,0.0,0.0,KRX_IDX_1001,KRW,INDEX
1995-01-10,0.0,0.0,0.0,KRX_IDX_1001,KRW,INDEX
1995-01-11,0.0,0.0,0.0,KRX_IDX_1001,KRW,INDEX
1995-01-12,0.0,0.0,0.0,KRX_IDX_1001,KRW,INDEX
1995-01-13,0.0,0.0,0.0,KRX_IDX_1001,KRW,INDEX
1995-01-14,0.0,0.0,0.0,KRX_IDX_1001,KRW,INDEX
1995-01-16,0.0,0.0,0.0,KRX_IDX_1001,KRW,INDEX
1995-01-17,0.0,0.0,0.0,KRX_IDX_1001,KRW,INDEX
1995-01-18,0.0,0.0,0.0,KRX_IDX_1001,KRW,INDEX
1995-01-19,0.0,0.0,0.0,KRX_IDX_1001,KRW,INDEX
1995-01-20,0.0,0.0,0.0,KRX_IDX_1001,KRW,INDEX
1995-01-21,0.0,0.0,0.0,KRX_IDX_1001,KRW,INDEX
1995-01-23,0.0,0.0,0.0,KRX_IDX_1001,KRW,INDEX
1995-01-24,0.0,0.0,0.0,KRX_IDX_1001,KRW,INDEX
1995-01-25,0.0,0.0,0.0,KRX_IDX_1001,KRW,INDEX
1995-01-26,0.0,0.0,0.0,KRX_IDX_1001,KRW,INDEX
1995-01-27,0.0,0.0,0.0,KRX_IDX_1001,KRW,INDEX
1995-01-28,0.0,0.0,0.0,KRX_IDX_1001,KRW,INDEX
1995-02-02,0.0,0.0,0.0,KRX_IDX_1001,KRW,INDEX
1995-02-03,0.0,0.0,0.0,KRX_IDX_1001,KRW,INDEX
1995-02-04,0.0,0.0,0.0,KRX_IDX_1001,KRW,INDEX
1995-02-06,0.0,0.0,0.0,KRX_IDX_1001,KRW,INDEX
1995-02-07,0.0,0.0,0.0,KRX_IDX_1001,KRW,INDEX
1995-02-08,0.0,0.0,0.0,KRX_IDX_1001,KRW,INDEX
1995-02-09,0.0,0.0,0.0,KRX_IDX_1001,KRW,INDEX
1995-02-10,0.0,0.0,0.0,KRX_IDX_1001,KRW,INDEX
1995-02-11,0.0,0.0,0.0,KRX_IDX_1001,KRW,INDEX
1995-02-13,0.0,0.0,0.0,KRX_IDX_1001,KRW,INDEX
1995-02-14,0.0,0.0,0.0,KRX_IDX_1001,KRW,INDEX
1995-02-15,0.0,0.0,0.0,KRX_IDX_1001,KRW,INDEX
1995-02-16,0.0,0.0,0.0,KRX_IDX_1001,KRW,INDEX
1995-02-17,0.0,0.0,0.0,KRX_IDX_1001,KRW,INDEX
1995-02-18,0.0,0.0,0.0,KRX_IDX_1001,KRW,INDEX
1995-02-20,0.0,0.0,0.0,KRX_IDX_1001,KRW,INDEX
1995-02-21,0.0,0.0,0.0,KRX_IDX_1001,KRW,INDEX
1995-02-22,0.0,0.0,0.0,KRX_IDX_1001,KRW,INDEX
1995-02-23,0.0,0.0,0.0,KRX_IDX_1001,KRW,INDEX
1995-02-24,0.0,0.0,0.0,KRX_IDX_1001,KRW,INDEX
1995-02-25,0.0,0.0,0.0,KRX_IDX_1001,KRW,INDEX
1995-02-27,0.0,0.0,0.0,KRX_IDX_1001,KRW,INDEX
1995-02-28,0.0,0.0,0.0,KRX_IDX_1001,KRW,INDEX
1995-03-02,0.0,0.0,0.0,KRX_IDX_1001,KRW,INDEX
1995-03-03,0.0,0.0,0.0,KRX_IDX_1001,KRW,INDEX
1995-03-04,0.0,0.0,0.0,KRX_IDX_1001,KRW,INDEX
1995-03-06,0.0,0.0,0.0,KRX_IDX_1001,KRW,INDEX
1995-03-07,0.0,0.0,0.0,KRX_IDX_1001,KRW,INDEX
1995-03-08,0.0,0.0,0.0,KRX_IDX_1001,KRW,INDEX
1995-03-09,0.0,0.0,0.0,KRX_IDX_1001,KRW,INDEX
1995-03-10,0.0,0.0,0.0,KRX_IDX_1001,KRW,INDEX
1995-03-11,0.0,0.0,0.0,KRX_IDX_1001,KRW,INDEX
1995-03-13,0.0,0.0,0.0,KRX_IDX_1001,KRW,INDEX
1995-03-14,0.0,0.0,0.0,KRX_IDX_1001,KRW,INDEX
1995-03-15,0.0,0.0,0.0,KRX_IDX_1001,KRW,INDEX
1995-03-16,0.0,0.0,0.0,KRX_IDX_1001,KRW,INDEX
1995-03-17,0.0,0.0,0.0,KRX_IDX_1001,KRW,INDEX
1995-03-18,0.0,0.0,0.0,KRX_IDX_1001,KRW,INDEX
1995-03-20,0.0,0.0,0.0,KRX_IDX_1001,KRW,INDEX
1995-03-21,0.0,0.0,0.0,KRX_IDX_1001,KRW,INDEX
1995-03-22,0.0,0.0,0.0,KRX_IDX_1001,KRW,INDEX
1995-03-23,0.0,0.0,0.0,KRX_IDX_1001,KRW,INDEX
1995-03-24,0.0,0.0,0.0,KRX_IDX_1001,KRW,INDEX
1995-03-25,0.0,0.0,0.0,KRX_IDX_1001,KRW,INDEX
1995-03-27,0.0,0.0,0.0,KRX_IDX_1001,KRW,INDEX
1995-03-28,0.0,0.0,0.0,KRX_IDX_1001,KRW,INDEX
1995-03-29,0.0,0.0,0.0,KRX_IDX_1001,KRW,INDEX
1995-03-30,0.0,0.0,0.0,KRX_IDX_1001,KRW,INDEX
1995-03-31,0.0,0.0,0.0,KRX_IDX_1001,KRW,INDEX
1995-04-01,0.0,0.0,0.0,KRX_IDX_1001,KRW,INDEX
1995-04-03,0.0,0.0,0.0,KRX_IDX_1001,KRW,INDEX
1995-04-04,0.0,0.0,0.0,KRX_IDX_1001,KRW,INDEX
1995-04-06,0.0,0.0,0.0,KRX_IDX_1001,KRW,INDEX
1995-04-07,0.0,0.0,0.0,KRX_IDX_1001,KRW,INDEX
1995-04-08,0.0,0.0,0.0,KRX_IDX_1001,KRW,INDEX
1995-04-10,0.0,0.0,0.0,KRX_IDX_1001,KRW,INDEX
1995-04-11,0.0,0.0,0.0,KRX_IDX_1001,KRW,INDEX
1995-04-12,0.0,0.0,0.0,KRX_IDX_1001,KRW,INDEX
1995-04-13,0.0,0.0,0.0,KRX_IDX_1001,KRW,INDEX
1995-04-14,0.0,0.0,0.0,KRX_IDX_1001,KRW,INDEX
1995-04-15,0.0,0.0,0.0,KRX_IDX_1001,KRW,INDEX
1995-04-17,0.0,0.0,0.0,KRX_IDX_1001,KRW,INDEX
1995-04-18,0.0,0.0,0.0,KRX_IDX_1001,KRW,INDEX
1995-04-19,0.0,0.0,0.0,KRX_IDX_1001,KRW,INDEX
1995-04-20,0.0,0.0,0.0,KRX_IDX_1001,KRW,INDEX
1995-04-21,0.0,0.0,0.0,KRX_IDX_1001,KRW,INDEX
1995-04-22,0.0,0.0,0.0,KRX_IDX_1001,KRW,INDEX
1995-04-24,0.0,0.0,0.0,KRX_IDX_1001,KRW,INDEX
1995-04-25,0.0,0.0,0.0,KRX_IDX_1001,KRW,INDEX
1995-04-26,0.0,0.0,0.0,KRX_IDX_1001,KRW,INDEX
1995-04-27,0.0,0.0,0.0,KRX_IDX_1001,KRW,INDEX
1995-04-28,0.0,0.0,0.0,KRX_IDX_1001,KRW,INDEX
1995-04-29,0.0,0.0,0.0,KRX_IDX_1001,KRW,INDEX
1995-05-02,0.0,0.0,0.0138,KRX_IDX_1001,KRW,INDEX
1995-05-03,0.0,0.0,0.0136,KRX_IDX_1001,KRW,INDEX
1995-05-04,0.0,0.0,0.0136,KRX_IDX_1001,KRW,INDEX
1995-05-06,0.0,0.0,0.0136,KRX_IDX_1001,KRW,INDEX
1995-05-08,0.0,0.0,0.0138,KRX_IDX_1001,KRW,INDEX
1995-05-09,0.0,0.0,0.0139,KRX_IDX_1001,KRW,INDEX
1995-05-10,0.0,0.0,0.0139999995,KRX_IDX_1001,KRW,INDEX
1995-05-11,0.0,0.0,0.014199999,KRX_IDX_1001,KRW,INDEX
1995-05-12,0.0,0.0,0.014099999,KRX_IDX_1001,KRW,INDEX
1995-05-13,0.0,0.0,0.014099999,KRX_IDX_1001,KRW,INDEX
1995-05-15,0.0,0.0,0.014099999,KRX_IDX_1001,KRW,INDEX
1995-05-16,0.0,0.0,0.014199999,KRX_IDX_1001,KRW,INDEX
1995-05-17,0.0,0.0,0.014199999,KRX_IDX_1001,KRW,INDEX
1995-05-18,0.0,0.0,0.014199999,KRX_IDX_1001,KRW,INDEX
1995-05-19,0.0,0.0,0.0143,KRX_IDX_1001,KRW,INDEX
1995-05-20,0.0,0.0,0.0143,KRX_IDX_1001,KRW,INDEX
1995-05-22,0.0,0.0,0.0145000005,KRX_IDX_1001,KRW,INDEX
1995-05-23,0.0,0.0,0.0146,KRX_IDX_1001,KRW,INDEX
1995-05-24,0.0,0.0,0.0148,KRX_IDX_1001,KRW,INDEX
1995-05-25,0.0,0.0,0.0145000005,KRX_IDX_1001,KRW,INDEX
1995-05-26,0.0,0.0,0.0147,KRX_IDX_1001,KRW,INDEX
1995-05-27,0.0,0.0,0.0148,KRX_IDX_1001,KRW,INDEX
1995-05-29,0.0,0.0,0.014099999,KRX_IDX_1001,KRW,INDEX
1995-05-30,0.0,0.0,0.014199999,KRX_IDX_1001,KRW,INDEX
1995-05-31,0.0,0.0,0.014199999,KRX_IDX_1001,KRW,INDEX
1995-06-01,0.0,0.0,0.014099999,KRX_IDX_1001,KRW,INDEX
1995-06-02,0.0,0.0,0.0139999995,KRX_IDX_1001,KRW,INDEX
1995-06-03,0.0,0.0,0.014099999,KRX_IDX_1001,KRW,INDEX
1995-06-05,0.0,0.0,0.0139999995,KRX_IDX_1001,KRW,INDEX
1995-06-07,0.0,0.0,0.0139999995,KRX_IDX_1001,KRW,INDEX
1995-06-08,0.0,0.0,0.014099999,KRX_IDX_1001,KRW,INDEX
1995-06-09,0.0,0.0,0.014199999,KRX_IDX_1001,KRW,INDEX
1995-06-10,0.0,0.0,0.014199999,KRX_IDX_1001,KRW,INDEX
1995-06-12,0.0,0.0,0.014199999,KRX_IDX_1001,KRW,INDEX
1995-06-13,0.0,0.0,0.014199999,KRX_IDX_1001,KRW,INDEX
1995-06-14,0.0,0.0,0.014199999,KRX_IDX_1001,KRW,INDEX
1995-06-15,0.0,0.0,0.0143,KRX_IDX_1001,KRW,INDEX
1995-06-16,0.0,0.0,0.0143,KRX_IDX_1001,KRW,INDEX
1995-06-17,0.0,0.0,0.0143,KRX_IDX_1001,KRW,INDEX
1995-06-19,0.0,0.0,0.014199999,KRX_IDX_1001,KRW,INDEX
1995-06-20,0.0,0.0,0.014199999,KRX_IDX_1001,KRW,INDEX
1995-06-21,0.0,0.0,0.0143,KRX_IDX_1001,KRW,INDEX
1995-06-22,0.0,0.0,0.014400001,KRX_IDX_1001,KRW,INDEX
1995-06-23,0.0,0.0,0.014400001,KRX_IDX_1001,KRW,INDEX
1995-06-24,0.0,0.0,0.014400001,KRX_IDX_1001,KRW,INDEX
1995-06-26,0.0,0.0,0.0145000005,KRX_IDX_1001,KRW,INDEX
1995-06-28,0.0,0.0,0.014400001,KRX_IDX_1001,KRW,INDEX
1995-06-29,0.0,0.0,0.014199999,KRX_IDX_1001,KRW,INDEX
1995-06-30,0.0,0.0,0.014099999,KRX_IDX_1001,KRW,INDEX
1995-07-01,0.0,0.0,0.0138,KRX_IDX_1001,KRW,INDEX
1995-07-03,0.0,0.0,0.0138,KRX_IDX_1001,KRW,INDEX
1995-07-04,0.0,0.0,0.0138,KRX_IDX_1001,KRW,INDEX
1995-07-05,0.0,0.0,0.0139,KRX_IDX_1001,KRW,INDEX
1995-07-06,0.0,0.0,0.0138,KRX_IDX_1001,KRW,INDEX
1995-07-07,0.0,0.0,0.0134000005,KRX_IDX_1001,KRW,INDEX
1995-07-08,0.0,0.0,0.013300001,KRX_IDX_1001,KRW,INDEX
1995-07-10,0.0,0.0,0.013099999,KRX_IDX_1001,KRW,INDEX
1995-07-11,0.0,0.0,0.013099999,KRX_IDX_1001,KRW,INDEX
1995-07-12,0.0,0.0,0.012999999,KRX_IDX_1001,KRW,INDEX
1995-07-13,0.0,0.0,0.0128,KRX_IDX_1001,KRW,INDEX
1995-07-14,0.0,0.0,0.0128999995,KRX_IDX_1001,KRW,INDEX
1995-07-15,0.0,0.0,0.012999999,KRX_IDX_1001,KRW,INDEX
1995-07-18,0.0,0.0,0.012999999,KRX_IDX_1001,KRW,INDEX
1995-07-19,0.0,0.0,0.013200001,KRX_IDX_1001,KRW,INDEX
1995-07-20,0.0,0.0,0.012999999,KRX_IDX_1001,KRW,INDEX
1995-07-21,0.0,0.0,0.012999999,KRX_IDX_1001,KRW,INDEX
1995-07-22,0.0,0.0,0.012999999,KRX_IDX_1001,KRW,INDEX
1995-07-24,0.0,0.0,0.012999999,KRX_IDX_1001,KRW,INDEX
1995-07-25,0.0,0.0,0.013200001,KRX_IDX_1001,KRW,INDEX
1995-07-26,0.0,0.0,0.013300001,KRX_IDX_1001,KRW,INDEX
1995-07-27,0.0,0.0,0.013300001,KRX_IDX_1001,KRW,INDEX
1995-07-28,0.0,0.0,0.0134000005,KRX_IDX_1001,KRW,INDEX
1995-07-29,0.0,0.0,0.0135,KRX_IDX_1001,KRW,INDEX
1995-07-31,0.0,0.0,0.0134000005,KRX_IDX_1001,KRW,INDEX
1995-08-01,0.0,0.0,0.013300001,KRX_IDX_1001,KRW,INDEX
1995-08-02,0.0,0.0,0.0134000005,KRX_IDX_1001,KRW,INDEX
1995-08-03,0.0,0.0,0.0136,KRX_IDX_1001,KRW,INDEX
1995-08-04,0.0,0.0,0.0137,KRX_IDX_1001,KRW,INDEX
1995-08-05,0.0,0.0,0.0137,KRX_IDX_1001,KRW,INDEX
1995-08-07,0.0,0.0,0.0138,KRX_IDX_1001,KRW,INDEX
1995-08-08,0.0,0.0,0.0139,KRX_IDX_1001,KRW,INDEX
1995-08-09,0.0,0.0,0.0136,KRX_IDX_1001,KRW,INDEX
1995-08-10,0.0,0.0,0.0137,KRX_IDX_1001,KRW,INDEX
1995-08-11,0.0,0.0,0.0137,KRX_IDX_1001,KRW,INDEX
1995-08-12,0.0,0.0,0.0138,KRX_IDX_1001,KRW,INDEX
1995-08-14,0.0,0.0,0.0138,KRX_IDX_1001,KRW,INDEX
1995-08-16,0.0,0.0,0.0139,KRX_IDX_1001,KRW,INDEX
1995-08-17,0.0,0.0,0.0139,KRX_IDX_1001,KRW,INDEX
1995-08-18,0.0,0.0,0.0138,KRX_IDX_1001,KRW,INDEX
1995-08-19,0.0,0.0,0.0137,KRX_IDX_1001,KRW,INDEX
1995-08-21,0.0,0.0,0.0137,KRX_IDX_1001,KRW,INDEX
1995-08-22,0.0,0.0,0.0136,KRX_IDX_1001,KRW,INDEX
1995-08-23,0.0,0.0,0.0135,KRX_IDX_1001,KRW,INDEX
1995-08-24,0.0,0.0,0.0135,KRX_IDX_1001,KRW,INDEX
1995-08-25,0.0,0.0,0.0136,KRX_IDX_1001,KRW,INDEX
1995-08-26,0.0,0.0,0.0136,KRX_IDX_1001,KRW,INDEX
1995-08-28,0.0,0.0,0.0136,KRX_IDX_1001,KRW,INDEX
1995-08-29,0.0,0.0,0.0137,KRX_IDX_1001,KRW,INDEX
1995-08-30,0.0,0.0,0.0137,KRX_IDX_1001,KRW,INDEX
1995-08-31,0.0,0.0,0.0137,KRX_IDX_1001,KRW,INDEX
1995-09-01,0.0,0.0,0.0137,KRX_IDX_1001,KRW,INDEX
1995-09-02,0.0,0.0,0.0136,KRX_IDX_1001,KRW,INDEX
1995-09-04,0.0,0.0,0.0136,KRX_IDX_1001,KRW,INDEX
1995-09-05,0.0,0.0,0.0135,KRX_IDX_1001,KRW,INDEX
1995-09-06,0.0,0.0,0.013300001,KRX_IDX_1001,KRW,INDEX
1995-09-07,0.0,0.0,0.013099999,KRX_IDX_1001,KRW,INDEX
1995-09-11,0.0,0.0,0.013200001,KRX_IDX_1001,KRW,INDEX
1995-09-12,0.0,0.0,0.013200001,KRX_IDX_1001,KRW,INDEX
1995-09-13,0.0,0.0,0.0128999995,KRX_IDX_1001,KRW,INDEX
1995-09-14,0.0,0.0,0.012999999,KRX_IDX_1001,KRW,INDEX
1995-09-15,0.0,0.0,0.0127,KRX_IDX_1001,KRW,INDEX
1995-09-16,0.0,0.0,0.0126,KRX_IDX_1001,KRW,INDEX
1995-09-18,0.0,0.0,0.0126,KRX_IDX_1001,KRW,INDEX
1995-09-19,0.0,0.0,0.0127,KRX_IDX_1001,KRW,INDEX
1995-09-20,0.0,0.0,0.0124,KRX_IDX_1001,KRW,INDEX
1995-09-21,0.0,0.0,0.0124,KRX_IDX_1001,KRW,INDEX
1995-09-22,0.0,0.0,0.0126,KRX_IDX_1001,KRW,INDEX
1995-09-23,0.0,0.0,0.0127,KRX_IDX_1001,KRW,INDEX
1995-09-25,0.0,0.0,0.0128,KRX_IDX_1001,KRW,INDEX
1995-09-26,0.0,0.0,0.0128,KRX_IDX_1001,KRW,INDEX
1995-09-27,0.0,0.0,0.0128,KRX_IDX_1001,KRW,INDEX
1995-09-28,0.0,0.0,0.0128,KRX_IDX_1001,KRW,INDEX
1995-09-29,0.0,0.0,0.0127,KRX_IDX_1001,KRW,INDEX
1995-09-30,0.0,0.0,0.0128,KRX_IDX_1001,KRW,INDEX
1995-10-02,0.0,0.0,0.0128999995,KRX_IDX_1001,KRW,INDEX
1995-10-04,0.0,0.0,0.0128,KRX_IDX_1001,KRW,INDEX
1995-10-05,0.0,0.0,0.0127,KRX_IDX_1001,KRW,INDEX
1995-10-06,0.0,0.0,0.0125,KRX_IDX_1001,KRW,INDEX
1995-10-07,0.0,0.0,0.0125,KRX_IDX_1001,KRW,INDEX
1995-10-09,0.0,0.0,0.0125,KRX_IDX_1001,KRW,INDEX
1995-10-10,0.0,0.0,0.0125,KRX_IDX_1001,KRW,INDEX
1995-10-11,0.0,0.0,0.0124,KRX_IDX_1001,KRW,INDEX
1995-10-12,0.0,0.0,0.012200001,KRX_IDX_1001,KRW,INDEX
1995-10-13,0.0,0.0,0.012200001,KRX_IDX_1001,KRW,INDEX
1995-10-14,0.0,0.0,0.012200001,KRX_IDX_1001,KRW,INDEX
1995-10-16,0.0,0.0,0.0123000005,KRX_IDX_1001,KRW,INDEX
1995-10-17,0.0,0.0,0.0123000005,KRX_IDX_1001,KRW,INDEX
1995-10-18,0.0,0.0,0.0123000005,KRX_IDX_1001,KRW,INDEX
1995-10-19,0.0,0.0,0.0124,KRX_IDX_1001,KRW,INDEX
1995-10-20,0.0,0.0,0.0125,KRX_IDX_1001,KRW,INDEX
1995-10-21,0.0,0.0,0.0124,KRX_IDX_1001,KRW,INDEX
1995-10-23,0.0,0.0,0.0127,KRX_IDX_1001,KRW,INDEX
1995-10-24,0.0,0.0,0.0125,KRX_IDX_1001,KRW,INDEX
1995-10-25,0.0,0.0,0.0125,KRX_IDX_1001,KRW,INDEX
1995-10-26,0.0,0.0,0.0124,KRX_IDX_1001,KRW,INDEX
1995-10-27,0.0,0.0,0.0124,KRX_IDX_1001,KRW,INDEX
1995-10-28,0.0,0.0,0.0125,KRX_IDX_1001,KRW,INDEX
1995-10-30,0.0,0.0,0.0126,KRX_IDX_1001,KRW,INDEX
1995-10-31,0.0,0.0,0.0125,KRX_IDX_1001,KRW,INDEX
1995-11-01,0.0,0.0,0.0125,KRX_IDX_1001,KRW,INDEX
1995-11-02,0.0,0.0,0.0125,KRX_IDX_1001,KRW,INDEX
1995-11-03,0.0,0.0,0.0126,KRX_IDX_1001,KRW,INDEX
1995-11-04,0.0,0.0,0.0126,KRX_IDX_1001,KRW,INDEX
1995-11-06,0.0,0.0,0.0125,KRX_IDX_1001,KRW,INDEX
1995-11-07,0.0,0.0,0.0126,KRX_IDX_1001,KRW,INDEX
1995-11-08,0.0,0.0,0.0127,KRX_IDX_1001,KRW,INDEX
1995-11-09,0.0,0.0,0.0128,KRX_IDX_1001,KRW,INDEX
1995-11-10,0.0,0.0,0.0128999995,KRX_IDX_1001,KRW,INDEX
1995-11-11,0.0,0.0,0.0127,KRX_IDX_1001,KRW,INDEX
1995-11-13,0.0,0.0,0.012999999,KRX_IDX_1001,KRW,INDEX
1995-11-14,0.0,0.0,0.013099999,KRX_IDX_1001,KRW,INDEX
1995-11-15,0.0,0.0,0.013200001,KRX_IDX_1001,KRW,INDEX
1995-11-16,0.0,0.0,0.013300001,KRX_IDX_1001,KRW,INDEX
1995-11-17,0.0,0.0,0.012999999,KRX_IDX_1001,KRW,INDEX
1995-11-18,0.0,0.0,0.013099999,KRX_IDX_1001,KRW,INDEX
1995-11-20,0.0,0.0,0.013300001,KRX_IDX_1001,KRW,INDEX
1995-11-21,0.0,0.0,0.0135,KRX_IDX_1001,KRW,INDEX
1995-11-22,0.0,0.0,0.0135,KRX_IDX_1001,KRW,INDEX
1995-11-23,0.0,0.0,0.013300001,KRX_IDX_1001,KRW,INDEX
1995-11-24,0.0,0.0,0.013099999,KRX_IDX_1001,KRW,INDEX
1995-11-25,0.0,0.0,0.013200001,KRX_IDX_1001,KRW,INDEX
1995-11-27,0.0,0.0,0.013099999,KRX_IDX_1001,KRW,INDEX
1995-11-28,0.0,0.0,0.012999999,KRX_IDX_1001,KRW,INDEX
1995-11-29,0.0,0.0,0.013099999,KRX_IDX_1001,KRW,INDEX
1995-11-30,0.0,0.0,0.013300001,KRX_IDX_1001,KRW,INDEX
1995-12-01,0.0,0.0,0.013200001,KRX_IDX_1001,KRW,INDEX
1995-12-02,0.0,0.0,0.013300001,KRX_IDX_1001,KRW,INDEX
1995-12-04,0.0,0.0,0.013300001,KRX_IDX_1001,KRW,INDEX
1995-12-05,0.0,0.0,0.013099999,KRX_IDX_1001,KRW,INDEX
1995-12-06,0.0,0.0,0.012999999,KRX_IDX_1001,KRW,INDEX
1995-12-07,0.0,0.0,0.012999999,KRX_IDX_1001,KRW,INDEX
1995-12-08,0.0,0.0,0.012999999,KRX_IDX_1001,KRW,INDEX
1995-12-09,0.0,0.0,0.0128999995,KRX_IDX_1001,KRW,INDEX
1995-12-11,0.0,0.0,0.013099999,KRX_IDX_1001,KRW,INDEX
1995-12-12,0.0,0.0,0.013200001,KRX_IDX_1001,KRW,INDEX
1995-12-13,0.0,0.0,0.0134000005,KRX_IDX_1001,KRW,INDEX
1995-12-14,0.0,0.0,0.0137,KRX_IDX_1001,KRW,INDEX
1995-12-15,0.0,0.0,0.0138,KRX_IDX_1001,KRW,INDEX
1995-12-16,0.0,0.0,0.0139999995,KRX_IDX_1001,KRW,INDEX
1995-12-18,0.0,0.0,0.0143,KRX_IDX_1001,KRW,INDEX
1995-12-19,0.0,0.0,0.0139,KRX_IDX_1001,KRW,INDEX
1995-12-20,0.0,0.0,0.0139,KRX_IDX_1001,KRW,INDEX
1995-12-21,0.0,0.0,0.0138,KRX_IDX_1001,KRW,INDEX
1995-12-22,0.0,0.0,0.0139,KRX_IDX_1001,KRW,INDEX
1995-12-23,0.0,0.0,0.0139,KRX_IDX_1001,KRW,INDEX
1995-12-26,0.0,0.0,0.014199999,KRX_IDX_1001,KRW,INDEX
1995-12-27,0.0,0.0,0.014099999,KRX_IDX_1001,KRW,INDEX
1996-01-03,0.0,0.0,0.0139999995,KRX_IDX_1001,KRW,INDEX
1996-01-04,0.0,0.0,0.0145000005,KRX_IDX_1001,KRW,INDEX
1996-01-05,0.0,0.0,0.0145000005,KRX_IDX_1001,KRW,INDEX
1996-01-06,0.0,0.0,0.0145000005,KRX_IDX_1001,KRW,INDEX
1996-01-08,0.0,0.0,0.0143,KRX_IDX_1001,KRW,INDEX
1996-01-09,0.0,0.0,0.014099999,KRX_IDX_1001,KRW,INDEX
1996-01-10,0.0,0.0,0.0139999995,KRX_IDX_1001,KRW,INDEX
1996-01-11,0.0,0.0,0.0139999995,KRX_IDX_1001,KRW,INDEX
1996-01-12,0.0,0.0,0.014099999,KRX_IDX_1001,KRW,INDEX
1996-01-13,0.0,0.0,0.014199999,KRX_IDX_1001,KRW,INDEX
1996-01-15,0.0,0.0,0.0143,KRX_IDX_1001,KRW,INDEX
1996-01-16,0.0,0.0,0.0143,KRX_IDX_1001,KRW,INDEX
1996-01-17,0.0,0.0,0.0145000005,KRX_IDX_1001,KRW,INDEX
1996-01-18,0.0,0.0,0.0146,KRX_IDX_1001,KRW,INDEX
1996-01-19,0.0,0.0,0.0146,KRX_IDX_1001,KRW,INDEX
1996-01-20,0.0,0.0,0.0147,KRX_IDX_1001,KRW,INDEX
1996-01-22,0.0,0.0,0.0147,KRX_IDX_1001,KRW,INDEX
1996-01-23,0.0,0.0,0.0145000005,KRX_IDX_1001,KRW,INDEX
1996-01-24,0.0,0.0,0.0143,KRX_IDX_1001,KRW,INDEX
1996-01-25,0.0,0.0,0.014199999,KRX_IDX_1001,KRW,INDEX
1996-01-26,0.0,0.0,0.0143,KRX_IDX_1001,KRW,INDEX
1996-01-27,0.0,0.0,0.0143,KRX_IDX_1001,KRW,INDEX
1996-01-29,0.0,0.0,0.014199999,KRX_IDX_1001,KRW,INDEX
1996-01-30,0.0,0.0,0.014099999,KRX_IDX_1001,KRW,INDEX
1996-01-31,0.0,0.0,0.014099999,KRX_IDX_1001,KRW,INDEX
1996-02-01,0.0,0.0,0.0139999995,KRX_IDX_1001,KRW,INDEX
1996-02-02,0.0,0.0,0.0139999995,KRX_IDX_1001,KRW,INDEX
1996-02-03,0.0,0.0,0.0139999995,KRX_IDX_1001,KRW,INDEX
1996-02-05,0.0,0.0,0.0139,KRX_IDX_1001,KRW,INDEX
1996-02-06,0.0,0.0,0.0139999995,KRX_IDX_1001,KRW,INDEX
1996-02-07,0.0,0.0,0.0139999995,KRX_IDX_1001,KRW,INDEX
1996-02-08,0.0,0.0,0.0139,KRX_IDX_1001,KRW,INDEX
1996-02-09,0.0,0.0,0.014099999,KRX_IDX_1001,KRW,INDEX
1996-02-10,0.0,0.0,0.014199999,KRX_IDX_1001,KRW,INDEX
1996-02-12,0.0,0.0,0.014400001,KRX_IDX_1001,KRW,INDEX
1996-02-13,0.0,0.0,0.0145000005,KRX_IDX_1001,KRW,INDEX
1996-02-14,0.0,0.0,0.0143,KRX_IDX_1001,KRW,INDEX
1996-02-15,0.0,0.0,0.0143,KRX_IDX_1001,KRW,INDEX
1996-02-16,0.0,0.0,0.014199999,KRX_IDX_1001,KRW,INDEX
1996-02-17,0.0,0.0,0.0139999995,KRX_IDX_1001,KRW,INDEX
1996-02-21,0.0,0.0,0.014099999,KRX_IDX_1001,KRW,INDEX
1996-02-22,0.0,0.0,0.014099999,KRX_IDX_1001,KRW,INDEX
1996-02-23,0.0,0.0,0.014199999,KRX_IDX_1001,KRW,INDEX
1996-02-24,0.0,0.0,0.0143,KRX_IDX_1001,KRW,INDEX
1996-02-26,0.0,0.0,0.0145000005,KRX_IDX_1001,KRW,INDEX
1996-02-27,0.0,0.0,0.0145000005,KRX_IDX_1001,KRW,INDEX
1996-02-28,0.0,0.0,0.0146,KRX_IDX_1001,KRW,INDEX
1996-02-29,0.0,0.0,0.0146,KRX_IDX_1001,KRW,INDEX
1996-03-02,0.0,0.0,0.0145000005,KRX_IDX_1001,KRW,INDEX
1996-03-04,0.0,0.0,0.0146,KRX_IDX_1001,KRW,INDEX
1996-03-05,0.0,0.0,0.0145000005,KRX_IDX_1001,KRW,INDEX
1996-03-06,0.0,0.0,0.0146,KRX_IDX_1001,KRW,INDEX
1996-03-07,0.0,0.0,0.0148,KRX_IDX_1001,KRW,INDEX
1996-03-08,0.0,0.0,0.0147,KRX_IDX_1001,KRW,INDEX
1996-03-09,0.0,0.0,0.014400001,KRX_IDX_1001,KRW,INDEX
1996-03-11,0.0,0.0,0.0147,KRX_IDX_1001,KRW,INDEX
1996-03-12,0.0,0.0,0.015,KRX_IDX_1001,KRW,INDEX
1996-03-13,0.0,0.0,0.015,KRX_IDX_1001,KRW,INDEX
1996-03-14,0.0,0.0,0.0149,KRX_IDX_1001,KRW,INDEX
1996-03-15,0.0,0.0,0.0147,KRX_IDX_1001,KRW,INDEX
1996-03-16,0.0,0.0,0.0147,KRX_IDX_1001,KRW,INDEX
1996-03-18,0.0,0.0,0.0148,KRX_IDX_1001,KRW,INDEX
1996-03-19,0.0,0.0,0.0147,KRX_IDX_1001,KRW,INDEX
1996-03-20,0.0,0.0,0.0145000005,KRX_IDX_1001,KRW,INDEX
1996-03-21,0.0,0.0,0.0145000005,KRX_IDX_1001,KRW,INDEX
1996-03-22,0.0,0.0,0.0145000005,KRX_IDX_1001,KRW,INDEX
1996-03-23,0.0,0.0,0.0145000005,KRX_IDX_1001,KRW,INDEX
1996-03-25,0.0,0.0,0.0146,KRX_IDX_1001,KRW,INDEX
1996-03-26,0.0,0.0,0.0147,KRX_IDX_1001,KRW,INDEX
1996-03-27,0.0,0.0,0.0147,KRX_IDX_1001,KRW,INDEX
1996-03-28,0.0,0.0,0.0147,KRX_IDX_1001,KRW,INDEX
1996-03-29,0.0,0.0,0.0146,KRX_IDX_1001,KRW,INDEX
1996-03-30,0.0,0.0,0.014400001,KRX_IDX_1001,KRW,INDEX
1996-04-01,0.0,0.0,0.014400001,KRX_IDX_1001,KRW,INDEX
1996-04-02,0.0,0.0,0.014199999,KRX_IDX_1001,KRW,INDEX
1996-04-03,0.0,0.0,0.014199999,KRX_IDX_1001,KRW,INDEX
1996-04-04,0.0,0.0,0.0143,KRX_IDX_1001,KRW,INDEX
1996-04-06,0.0,0.0,0.014400001,KRX_IDX_1001,KRW,INDEX
1996-04-08,0.0,0.0,0.014400001,KRX_IDX_1001,KRW,INDEX
1996-04-09,0.0,0.0,0.0145000005,KRX_IDX_1001,KRW,INDEX
1996-04-10,0.0,0.0,0.0145000005,KRX_IDX_1001,KRW,INDEX
1996-04-12,0.0,0.0,0.014199999,KRX_IDX_1001,KRW,INDEX
1996-04-13,0.0,0.0,0.014099999,KRX_IDX_1001,KRW,INDEX
1996-04-15,0.0,0.0,0.0139,KRX_IDX_1001,KRW,INDEX
1996-04-16,0.0,0.0,0.0139,KRX_IDX_1001,KRW,INDEX
1996-04-17,0.0,0.0,0.0137,KRX_IDX_1001,KRW,INDEX
1996-04-18,0.0,0.0,0.0135,KRX_IDX_1001,KRW,INDEX
1996-04-19,0.0,0.0,0.0135,KRX_IDX_1001,KRW,INDEX
1996-04-20,0.0,0.0,0.0136,KRX_IDX_1001,KRW,INDEX
1996-04-22,0.0,0.0,0.0134000005,KRX_IDX_1001,KRW,INDEX
1996-04-23,0.0,0.0,0.0136,KRX_IDX_1001,KRW,INDEX
1996-04-24,0.0,0.0,0.0134000005,KRX_IDX_1001,KRW,INDEX
1996-04-25,0.0,0.0,0.013300001,KRX_IDX_1001,KRW,INDEX
1996-04-26,0.0,0.0,0.013300001,KRX_IDX_1001,KRW,INDEX
1996-04-27,0.0,0.0,0.013200001,KRX_IDX_1001,KRW,INDEX
1996-04-29,0.0,0.0,0.012999999,KRX_IDX_1001,KRW,INDEX
1996-04-30,0.0,0.0,0.012999999,KRX_IDX_1001,KRW,INDEX
1996-05-02,0.0,0.0,0.013300001,KRX_IDX_1001,KRW,INDEX
1996-05-03,0.0,0.0,0.013200001,KRX_IDX_1001,KRW,INDEX
1996-05-04,0.0,0.0,0.013200001,KRX_IDX_1001,KRW,INDEX
1996-05-06,0.0,0.0,0.013099999,KRX_IDX_1001,KRW,INDEX
1996-05-07,0.0,0.0,0.0128999995,KRX_IDX_1001,KRW,INDEX
1996-05-08,0.0,0.0,0.013099999,KRX_IDX_1001,KRW,INDEX
1996-05-09,0.0,0.0,0.013300001,KRX_IDX_1001,KRW,INDEX
1996-05-10,0.0,0.0,0.013200001,KRX_IDX_1001,KRW,INDEX
1996-05-11,0.0,0.0,0.013099999,KRX_IDX_1001,KRW,INDEX
1996-05-13,0.0,0.0,0.012999999,KRX_IDX_1001,KRW,INDEX
1996-05-14,0.0,0.0,0.013200001,KRX_IDX_1001,KRW,INDEX
1996-05-15,0.0,0.0,0.013300001,KRX_IDX_1001,KRW,INDEX
1996-05-16,0.0,0.0,0.0135,KRX_IDX_1001,KRW,INDEX
1996-05-17,0.0,0.0,0.0136,KRX_IDX_1001,KRW,INDEX
1996-05-18,0.0,0.0,0.0137,KRX_IDX_1001,KRW,INDEX
1996-05-20,0.0,0.0,0.0136,KRX_IDX_1001,KRW,INDEX
1996-05-21,0.0,0.0,0.0138,KRX_IDX_1001,KRW,INDEX
1996-05-22,0.0,0.0,0.0138,KRX_IDX_1001,KRW,INDEX
1996-05-23,0.0,0.0,0.0138,KRX_IDX_1001,KRW,INDEX
1996-05-25,0.0,0.0,0.0139,KRX_IDX_1001,KRW,INDEX
1996-05-27,0.0,0.0,0.0138,KRX_IDX_1001,KRW,INDEX
1996-05-28,0.0,0.0,0.0139999995,KRX_IDX_1001,KRW,INDEX
1996-05-29,0.0,0.0,0.014199999,KRX_IDX_1001,KRW,INDEX
1996-05-30,0.0,0.0,0.014099999,KRX_IDX_1001,KRW,INDEX
1996-05-31,0.0,0.0,0.014099999,KRX_IDX_1001,KRW,INDEX
1996-06-01,0.0,0.0,0.0139999995,KRX_IDX_1001,KRW,INDEX
1996-06-03,0.0,0.0,0.014199999,KRX_IDX_1001,KRW,INDEX
1996-06-04,0.0,0.0,0.0139999995,KRX_IDX_1001,KRW,INDEX
1996-06-05,0.0,0.0,0.0139,KRX_IDX_1001,KRW,INDEX
1996-06-07,0.0,0.0,0.0139999995,KRX_IDX_1001,KRW,INDEX
1996-06-08,0.0,0.0,0.014099999,KRX_IDX_1001,KRW,INDEX
1996-06-10,0.0,0.0,0.014199999,KRX_IDX_1001,KRW,INDEX
1996-06-11,0.0,0.0,0.0143,KRX_IDX_1001,KRW,INDEX
1996-06-12,0.0,0.0,0.0146,KRX_IDX_1001,KRW,INDEX
1996-06-13,0.0,0.0,0.0145000005,KRX_IDX_1001,KRW,INDEX
1996-06-14,0.0,0.0,0.0147,KRX_IDX_1001,KRW,INDEX
1996-06-15,0.0,0.0,0.0148,KRX_IDX_1001,KRW,INDEX
1996-06-17,0.0,0.0,0.0149,KRX_IDX_1001,KRW,INDEX
1996-06-18,0.0,0.0,0.0148,KRX_IDX_1001,KRW,INDEX
1996-06-19,0.0,0.0,0.0146,KRX_IDX_1001,KRW,INDEX
1996-06-20,0.0,0.0,0.0148,KRX_IDX_1001,KRW,INDEX
1996-06-21,0.0,0.0,0.0147,KRX_IDX_1001,KRW,INDEX
1996-06-22,0.0,0.0,0.0148,KRX_IDX_1001,KRW,INDEX
1996-06-24,0.0,0.0,0.0150999995,KRX_IDX_1001,KRW,INDEX
1996-06-25,0.0,0.0,0.0152,KRX_IDX_1001,KRW,INDEX
1996-06-26,0.0,0.0,0.0154,KRX_IDX_1001,KRW,INDEX
1996-06-27,0.0,0.0,0.0155,KRX_IDX_1001,KRW,INDEX
1996-06-28,0.0,0.0,0.0155,KRX_IDX_1001,KRW,INDEX
1996-06-29,0.0,0.0,0.0156,KRX_IDX_1001,KRW,INDEX
1996-07-01,0.0,0.0,0.0153,KRX_IDX_1001,KRW,INDEX
1996-07-02,0.0,0.0,0.0152,KRX_IDX_1001,KRW,INDEX
1996-07-03,0.0,0.0,0.0150999995,KRX_IDX_1001,KRW,INDEX
1996-07-04,0.0,0.0,0.0150999995,KRX_IDX_1001,KRW,INDEX
1996-07-05,0.0,0.0,0.015,KRX_IDX_1001,KRW,INDEX
1996-07-06,0.0,0.0,0.0149,KRX_IDX_1001,KRW,INDEX
1996-07-08,0.0,0.0,0.0149,KRX_IDX_1001,KRW,INDEX
1996-07-09,0.0,0.0,0.0148,KRX_IDX_1001,KRW,INDEX
1996-07-10,0.0,0.0,0.0148,KRX_IDX_1001,KRW,INDEX
1996-07-11,0.0,0.0,0.015,KRX_IDX_1001,KRW,INDEX
1996-07-12,0.0,0.0,0.0150999995,KRX_IDX_1001,KRW,INDEX
1996-07-13,0.0,0.0,0.0152,KRX_IDX_1001,KRW,INDEX
1996-07-15,0.0,0.0,0.0156,KRX_IDX_1001,KRW,INDEX
1996-07-16,0.0,0.0,0.0156,KRX_IDX_1001,KRW,INDEX
1996-07-18,0.0,0.0,0.0155,KRX_IDX_1001,KRW,INDEX
1996-07-19,0.0,0.0,0.0150999995,KRX_IDX_1001,KRW,INDEX
1996-07-20,0.0,0.0,0.0150999995,KRX_IDX_1001,KRW,INDEX
1996-07-22,0.0,0.0,0.0147,KRX_IDX_1001,KRW,INDEX
1996-07-23,0.0,0.0,0.0147,KRX_IDX_1001,KRW,INDEX
1996-07-24,0.0,0.0,0.0148,KRX_IDX_1001,KRW,INDEX
1996-07-25,0.0,0.0,0.015,KRX_IDX_1001,KRW,INDEX
1996-07-26,0.0,0.0,0.0150999995,KRX_IDX_1001,KRW,INDEX
1996-07-27,0.0,0.0,0.0153,KRX_IDX_1001,KRW,INDEX
1996-07-29,0.0,0.0,0.0153,KRX_IDX_1001,KRW,INDEX
1996-07-30,0.0,0.0,0.0152,KRX_IDX_1001,KRW,INDEX
1996-07-31,0.0,0.0,0.015,KRX_IDX_1001,KRW,INDEX
1996-08-01,0.0,0.0,0.0148,KRX_IDX_1001,KRW,INDEX
1996-08-02,0.0,0.0,0.0149,KRX_IDX_1001,KRW,INDEX
1996-08-03,0.0,0.0,0.015,KRX_IDX_1001,KRW,INDEX
1996-08-05,0.0,0.0,0.015,KRX_IDX_1001,KRW,INDEX
1996-08-06,0.0,0.0,0.0149,KRX_IDX_1001,KRW,INDEX
1996-08-07,0.0,0.0,0.0148,KRX_IDX_1001,KRW,INDEX
1996-08-08,0.0,0.0,0.0148,KRX_IDX_1001,KRW,INDEX
1996-08-09,0.0,0.0,0.0148,KRX_IDX_1001,KRW,INDEX
1996-08-10,0.0,0.0,0.0148,KRX_IDX_1001,KRW,INDEX
1996-08-12,0.0,0.0,0.0147,KRX_IDX_1001,KRW,INDEX
1996-08-13,0.0,0.0,0.0148,KRX_IDX_1001,KRW,INDEX
1996-08-14,0.0,0.0,0.0149,KRX_IDX_1001,KRW,INDEX
1996-08-16,0.0,0.0,0.0152,KRX_IDX_1001,KRW,INDEX
1996-08-17,0.0,0.0,0.0152,KRX_IDX_1001,KRW,INDEX
1996-08-19,0.0,0.0,0.0154,KRX_IDX_1001,KRW,INDEX
1996-08-20,0.0,0.0,0.0156,KRX_IDX_1001,KRW,INDEX
1996-08-21,0.0,0.0,0.015700001,KRX_IDX_1001,KRW,INDEX
1996-08-22,0.0,0.0,0.0159,KRX_IDX_1001,KRW,INDEX
1996-08-23,0.0,0.0,0.015800001,KRX_IDX_1001,KRW,INDEX
1996-08-24,0.0,0.0,0.015800001,KRX_IDX_1001,KRW,INDEX
1996-08-26,0.0,0.0,0.0161,KRX_IDX_1001,KRW,INDEX
1996-08-27,0.0,0.0,0.0162,KRX_IDX_1001,KRW,INDEX
1996-08-28,0.0,0.0,0.0164,KRX_IDX_1001,KRW,INDEX
1996-08-29,0.0,0.0,0.0161,KRX_IDX_1001,KRW,INDEX
1996-08-30,0.0,0.0,0.015700001,KRX_IDX_1001,KRW,INDEX
1996-08-31,0.0,0.0,0.015700001,KRX_IDX_1001,KRW,INDEX
1996-09-02,0.0,0.0,0.0159,KRX_IDX_1001,KRW,INDEX
1996-09-03,0.0,0.0,0.016,KRX_IDX_1001,KRW,INDEX
1996-09-04,0.0,0.0,0.0155,KRX_IDX_1001,KRW,INDEX
1996-09-05,0.0,0.0,0.0156,KRX_IDX_1001,KRW,INDEX
1996-09-06,0.0,0.0,0.0156,KRX_IDX_1001,KRW,INDEX
1996-09-07,0.0,0.0,0.0156,KRX_IDX_1001,KRW,INDEX
1996-09-09,0.0,0.0,0.0154,KRX_IDX_1001,KRW,INDEX
1996-09-10,0.0,0.0,0.0153,KRX_IDX_1001,KRW,INDEX
1996-09-11,0.0,0.0,0.0153,KRX_IDX_1001,KRW,INDEX
1996-09-12,0.0,0.0,0.0154,KRX_IDX_1001,KRW,INDEX
1996-09-13,0.0,0.0,0.0156,KRX_IDX_1001,KRW,INDEX
1996-09-14,0.0,0.0,0.015700001,KRX_IDX_1001,KRW,INDEX
1996-09-16,0.0,0.0,0.015700001,KRX_IDX_1001,KRW,INDEX
1996-09-17,0.0,0.0,0.015700001,KRX_IDX_1001,KRW,INDEX
1996-09-18,0.0,0.0,0.015700001,KRX_IDX_1001,KRW,INDEX
1996-09-19,0.0,0.0,0.0159,KRX_IDX_1001,KRW,INDEX
1996-09-20,0.0,0.0,0.0162,KRX_IDX_1001,KRW,INDEX
1996-09-21,0.0,0.0,0.016,KRX_IDX_1001,KRW,INDEX
1996-09-23,0.0,0.0,0.016,KRX_IDX_1001,KRW,INDEX
1996-09-24,0.0,0.0,0.015800001,KRX_IDX_1001,KRW,INDEX
1996-09-25,0.0,0.0,0.0155,KRX_IDX_1001,KRW,INDEX
1996-09-30,0.0,0.0,0.0156,KRX_IDX_1001,KRW,INDEX
1996-10-01,0.0,0.0,0.0156,KRX_IDX_1001,KRW,INDEX
1996-10-02,0.0,0.0,0.0155,KRX_IDX_1001,KRW,INDEX
1996-10-04,0.0,0.0,0.015800001,KRX_IDX_1001,KRW,INDEX
1996-10-05,0.0,0.0,0.015800001,KRX_IDX_1001,KRW,INDEX
1996-10-07,0.0,0.0,0.0155,KRX_IDX_1001,KRW,INDEX
1996-10-08,0.0,0.0,0.0154,KRX_IDX_1001,KRW,INDEX
1996-10-09,0.0,0.0,0.0149,KRX_IDX_1001,KRW,INDEX
1996-10-10,0.0,0.0,0.0147,KRX_IDX_1001,KRW,INDEX
1996-10-11,0.0,0.0,0.0146,KRX_IDX_1001,KRW,INDEX
1996-10-12,0.0,0.0,0.0145000005,KRX_IDX_1001,KRW,INDEX
1996-10-14,0.0,0.0,0.014400001,KRX_IDX_1001,KRW,INDEX
1996-10-15,0.0,0.0,0.0147,KRX_IDX_1001,KRW,INDEX
1996-10-16,0.0,0.0,0.0146,KRX_IDX_1001,KRW,INDEX
1996-10-17,0.0,0.0,0.0145000005,KRX_IDX_1001,KRW,INDEX
1996-10-18,0.0,0.0,0.0147,KRX_IDX_1001,KRW,INDEX
1996-10-19,0.0,0.0,0.0146,KRX_IDX_1001,KRW,INDEX
1996-10-21,0.0,0.0,0.0146,KRX_IDX_1001,KRW,INDEX
1996-10-22,0.0,0.0,0.0148,KRX_IDX_1001,KRW,INDEX
1996-10-23,0.0,0.0,0.015,KRX_IDX_1001,KRW,INDEX
1996-10-24,0.0,0.0,0.0150999995,KRX_IDX_1001,KRW,INDEX
1996-10-25,0.0,0.0,0.0153,KRX_IDX_1001,KRW,INDEX
1996-10-26,0.0,0.0,0.0154,KRX_IDX_1001,KRW,INDEX
1996-10-28,0.0,0.0,0.0156,KRX_IDX_1001,KRW,INDEX
1996-10-29,0.0,0.0,0.0159,KRX_IDX_1001,KRW,INDEX
1996-10-30,0.0,0.0,0.0161,KRX_IDX_1001,KRW,INDEX
1996-10-31,0.0,0.0,0.0161,KRX_IDX_1001,KRW,INDEX
1996-11-01,0.0,0.0,0.0159,KRX_IDX_1001,KRW,INDEX
1996-11-02,0.0,0.0,0.0159,KRX_IDX_1001,KRW,INDEX
1996-11-04,0.0,0.0,0.0163,KRX_IDX_1001,KRW,INDEX
1996-11-05,0.0,0.0,0.0166,KRX_IDX_1001,KRW,INDEX
1996-11-06,0.0,0.0,0.0163,KRX_IDX_1001,KRW,INDEX
1996-11-07,0.0,0.0,0.0164,KRX_IDX_1001,KRW,INDEX
1996-11-08,0.0,0.0,0.0165,KRX_IDX_1001,KRW,INDEX
1996-11-09,0.0,0.0,0.017,KRX_IDX_1001,KRW,INDEX
1996-11-11,0.0,0.0,0.017,KRX_IDX_1001,KRW,INDEX
1996-11-12,0.0,0.0,0.0165,KRX_IDX_1001,KRW,INDEX
1996-11-13,0.0,0.0,0.0166,KRX_IDX_1001,KRW,INDEX
1996-11-14,0.0,0.0,0.0167,KRX_IDX_1001,KRW,INDEX
1996-11-15,0.0,0.0,0.0166,KRX_IDX_1001,KRW,INDEX
1996-11-16,0.0,0.0,0.0164,KRX_IDX_1001,KRW,INDEX
1996-11-18,0.0,0.0,0.0166,KRX_IDX_1001,KRW,INDEX
1996-11-19,0.0,0.0,0.0167,KRX_IDX_1001,KRW,INDEX
1996-11-20,0.0,0.0,0.0168,KRX_IDX_1001,KRW,INDEX
1996-11-21,0.0,0.0,0.0167,KRX_IDX_1001,KRW,INDEX
1996-11-22,0.0,0.0,0.017,KRX_IDX_1001,KRW,INDEX
1996-11-25,12.51,0.0,0.0173,KRX_IDX_1001,KRW,INDEX
1996-11-26,12.25,0.0,0.0173,KRX_IDX_1001,KRW,INDEX
1996-11-27,10.7,0.0,0.0172,KRX_IDX_1001,KRW,INDEX
1996-11-28,10.859999656677246,0.0,0.01679999940097332,KRX_IDX_1001,KRW,INDEX
1996-11-29,10.75,0.0,0.016900001,KRX_IDX_1001,KRW,INDEX
1996-11-30,10.729999542236328,0.0,0.017100000753998756,KRX_IDX_1001,KRW,INDEX
1996-12-02,11.029999732971191,0.0,0.017100000753998756,KRX_IDX_1001,KRW,INDEX
1996-12-03,10.94,0.0,0.0171,KRX_IDX_1001,KRW,INDEX
1996-12-04,11.63,0.0,0.0173,KRX_IDX_1001,KRW,INDEX
1996-12-05,11.4,0.0,0.0176,KRX_IDX_1001,KRW,INDEX
1996-12-06,11.1899995803833,0.0,0.01769999973475933,KRX_IDX_1001,KRW,INDEX
1996-12-07,11.13,0.0,0.0178,KRX_IDX_1001,KRW,INDEX
1996-12-09,11.11,0.0,0.0179,KRX_IDX_1001,KRW,INDEX
1996-12-10,11.359999656677246,0.0,0.01759999990463257,KRX_IDX_1001,KRW,INDEX
1996-12-11,11.529999732971191,0.0,0.01759999990463257,KRX_IDX_1001,KRW,INDEX
1996-12-12,11.029999732971191,0.0,0.017999999225139618,KRX_IDX_1001,KRW,INDEX
1996-12-13,11.92,0.0,0.0179,KRX_IDX_1001,KRW,INDEX
1996-12-14,12.37,0.0,0.018,KRX_IDX_1001,KRW,INDEX
1996-12-16,11.97,0.0,0.0183,KRX_IDX_1001,KRW,INDEX
1996-12-17,12.67,0.0,0.0186,KRX_IDX_1001,KRW,INDEX
1996-12-18,12.020000457763672,0.0,0.018699999898672104,KRX_IDX_1001,KRW,INDEX
1996-12-19,11.989999771118164,0.0,0.017899999395012856,KRX_IDX_1001,KRW,INDEX
1996-12-20,12.09000015258789,0.0,0.01759999990463257,KRX_IDX_1001,KRW,INDEX
1996-12-21,11.9399995803833,0.0,0.017799999564886093,KRX_IDX_1001,KRW,INDEX
1996-12-23,12.13,0.0,0.018,KRX_IDX_1001,KRW,INDEX
1996-12-24,11.89,0.0,0.0183,KRX_IDX_1001,KRW,INDEX
1996-12-26,11.619999885559082,0.0,0.01860000006854534,KRX_IDX_1001,KRW,INDEX
1996-12-27,11.350000381469727,0.0,0.018799999728798866,KRX_IDX_1001,KRW,INDEX
1997-01-03,17.600000381469727,0.0,0.018799999728798866,KRX_IDX_1001,KRW,INDEX
1997-01-04,17.43000030517578,0.0,0.019099999219179153,KRX_IDX_1001,KRW,INDEX
1997-01-06,16.709999084472656,0.0,0.019600000232458115,KRX_IDX_1001,KRW,INDEX
1997-01-07,15.960000038146973,0.0,0.020099999383091927,KRX_IDX_1001,KRW,INDEX
1997-01-08,16.1200008392334,0.0,0.01979999989271164,KRX_IDX_1001,KRW,INDEX
1997-01-09,16.559999465942383,0.0,0.019199999049305916,KRX_IDX_1001,KRW,INDEX
1997-01-10,16.719999313354492,0.0,0.01889999955892563,KRX_IDX_1001,KRW,INDEX
1997-01-11,17.1,0.0,0.0186,KRX_IDX_1001,KRW,INDEX
1997-01-13,17.190000534057617,0.0,0.01860000006854534,KRX_IDX_1001,KRW,INDEX
1997-01-14,17.829999923706055,0.0,0.017899999395012856,KRX_IDX_1001,KRW,INDEX
1997-01-15,18.24,0.0,0.0176,KRX_IDX_1001,KRW,INDEX
1997-01-16,18.690000534057617,0.0,0.01730000041425228,KRX_IDX_1001,KRW,INDEX
1997-01-17,18.579999923706055,0.0,0.017500000074505806,KRX_IDX_1001,KRW,INDEX
1997-01-18,18.25,0.0,0.01769999973475933,KRX_IDX_1001,KRW,INDEX
1997-01-20,19.020000457763672,0.0,0.017100000753998756,KRX_IDX_1001,KRW,INDEX
1997-01-21,18.23,0.0,0.0177,KRX_IDX_1001,KRW,INDEX
1997-01-22,18.09,0.0,0.018,KRX_IDX_1001,KRW,INDEX
1997-01-23,17.959999084472656,0.0,0.01809999905526638,KRX_IDX_1001,KRW,INDEX
1997-01-24,17.959999084472656,0.0,0.017999999225139618,KRX_IDX_1001,KRW,INDEX
1997-01-25,18.34000015258789,0.0,0.0178999993950128,KRX_IDX_1001,KRW,INDEX
1997-01-27,17.68000030517578,0.0,0.018400000408291817,KRX_IDX_1001,KRW,INDEX
1997-01-28,17.56999969482422,0.0,0.01850000023841858,KRX_IDX_1001,KRW,INDEX
1997-01-29,16.850000381469727,0.0,0.01850000023841858,KRX_IDX_1001,KRW,INDEX
1997-01-30,17.420000076293945,0.0,0.01809999905526638,KRX_IDX_1001,KRW,INDEX
1997-01-31,17.850000381469727,0.0,0.017799999564886,KRX_IDX_1001,KRW,INDEX
1997-02-01,17.760000228881836,0.0,0.0178999993950128,KRX_IDX_1001,KRW,INDEX
1997-02-03,17.8799991607666,0.0,0.017799999564886,KRX_IDX_1001,KRW,INDEX
1997-02-04,18.15999984741211,0.0,0.01759999990463257,KRX_IDX_1001,KRW,INDEX
1997-02-05,18.350000381469727,0.0,0.017500000074505806,KRX_IDX_1001,KRW,INDEX
1997-02-06,18.36000061035156,0.0,0.0175000000745058,KRX_IDX_1001,KRW,INDEX
1997-02-10,18.6299991607666,0.0,0.01730000041425228,KRX_IDX_1001,KRW,INDEX
1997-02-11,18.709999084472656,0.0,0.0172000005841255,KRX_IDX_1001,KRW,INDEX
1997-02-12,18.469999313354492,0.0,0.01720000058412552,KRX_IDX_1001,KRW,INDEX
1997-02-13,18.719999313354492,0.0,0.017100000753998756,KRX_IDX_1001,KRW,INDEX
1997-02-14,18.809999465942383,0.0,0.017000000923871994,KRX_IDX_1001,KRW,INDEX
1997-02-15,18.959999084472656,0.0,0.0170000009238719,KRX_IDX_1001,KRW,INDEX
1997-02-17,18.729999542236328,0.0,0.0172000005841255,KRX_IDX_1001,KRW,INDEX
1997-02-18,18.479999542236328,0.0,0.01730000041425228,KRX_IDX_1001,KRW,INDEX
1997-02-19,18.6200008392334,0.0,0.01720000058412552,KRX_IDX_1001,KRW,INDEX
1997-02-20,18.559999465942383,0.0,0.01720000058412552,KRX_IDX_1001,KRW,INDEX
1997-02-21,17.93000030517578,0.0,0.017799999564886093,KRX_IDX_1001,KRW,INDEX
1997-02-22,18.020000457763672,0.0,0.017999999225139618,KRX_IDX_1001,KRW,INDEX
1997-02-24,17.760000228881836,0.0,0.0180999990552663,KRX_IDX_1001,KRW,INDEX
1997-02-25,17.760000228881836,0.0,0.0178999993950128,KRX_IDX_1001,KRW,INDEX
1997-02-26,17.479999542236328,0.0,0.0179999992251396,KRX_IDX_1001,KRW,INDEX
1997-02-27,17.239999771118164,0.0,0.018300000578165,KRX_IDX_1001,KRW,INDEX
1997-02-28,17.1200008392334,0.0,0.01809999905526638,KRX_IDX_1001,KRW,INDEX
1997-03-03,17.309999465942383,0.0,0.017999999225139618,KRX_IDX_1001,KRW,INDEX
1997-03-04,17.479999542236328,0.0,0.0179999992251396,KRX_IDX_1001,KRW,INDEX
1997-03-05,17.190000534057617,0.0,0.0182000007480382,KRX_IDX_1001,KRW,INDEX
1997-03-06,17.3700008392334,0.0,0.0180999990552663,KRX_IDX_1001,KRW,INDEX
1997-03-07,17.520000457763672,0.0,0.0179999992251396,KRX_IDX_1001,KRW,INDEX
1997-03-08,17.440000534057617,0.0,0.0180999990552663,KRX_IDX_1001,KRW,INDEX
1997-03-10,17.420000076293945,0.0,0.018300000578165054,KRX_IDX_1001,KRW,INDEX
1997-03-11,17.1200008392334,0.0,0.01860000006854534,KRX_IDX_1001,KRW,INDEX
1997-03-12,17.450000762939453,0.0,0.018400000408291817,KRX_IDX_1001,KRW,INDEX
1997-03-13,17.239999771118164,0.0,0.0186000000685453,KRX_IDX_1001,KRW,INDEX
1997-03-14,16.860000610351562,0.0,0.01899999938905239,KRX_IDX_1001,KRW,INDEX
1997-03-15,16.780000686645508,0.0,0.019099999219179153,KRX_IDX_1001,KRW,INDEX
1997-03-17,17.1200008392334,0.0,0.01860000006854534,KRX_IDX_1001,KRW,INDEX
1997-03-18,17.030000686645508,0.0,0.0186000000685453,KRX_IDX_1001,KRW,INDEX
1997-03-19,16.709999084472656,0.0,0.01889999955892563,KRX_IDX_1001,KRW,INDEX
1997-03-20,16.690000534057617,0.0,0.0189999993890523,KRX_IDX_1001,KRW,INDEX
1997-03-21,16.420000076293945,0.0,0.019500000402331352,KRX_IDX_1001,KRW,INDEX
1997-03-22,16.290000915527344,0.0,0.0196000002324581,KRX_IDX_1001,KRW,INDEX
1997-03-24,16.209999084472656,0.0,0.01979999989271164,KRX_IDX_1001,KRW,INDEX
1997-03-25,16.56999969482422,0.0,0.019099999219179153,KRX_IDX_1001,KRW,INDEX
1997-03-26,17.0,0.0,0.01860000006854534,KRX_IDX_1001,KRW,INDEX
1997-03-27,16.8799991607666,0.0,0.018799999728798866,KRX_IDX_1001,KRW,INDEX
1997-03-28,16.93000030517578,0.0,0.018699999898672104,KRX_IDX_1001,KRW,INDEX
1997-03-29,16.639999389648438,0.0,0.018300000578165054,KRX_IDX_1001,KRW,INDEX
1997-03-31,16.829999923706055,0.0,0.01809999905526638,KRX_IDX_1001,KRW,INDEX
1997-04-01,16.760000228881836,0.0,0.018200000748038292,KRX_IDX_1001,KRW,INDEX
1997-04-02,16.899999618530273,0.0,0.017999999225139618,KRX_IDX_1001,KRW,INDEX
1997-04-03,16.8700008392334,0.0,0.0179999992251396,KRX_IDX_1001,KRW,INDEX
1997-04-04,16.889999389648438,0.0,0.017799999564886,KRX_IDX_1001,KRW,INDEX
1997-04-07,17.079999923706055,0.0,0.0175999999046325,KRX_IDX_1001,KRW,INDEX
1997-04-08,17.15999984741211,0.0,0.0175999999046325,KRX_IDX_1001,KRW,INDEX
1997-04-09,17.280000686645508,0.0,0.017500000074505806,KRX_IDX_1001,KRW,INDEX
1997-04-10,16.5,0.0,0.01640000008046627,KRX_IDX_1001,KRW,INDEX
1997-04-11,16.639999389648438,0.0,0.0163000002503395,KRX_IDX_1001,KRW,INDEX
1997-04-12,16.690000534057617,0.0,0.016200000420212746,KRX_IDX_1001,KRW,INDEX
1997-04-14,16.850000381469727,0.0,0.0160000007599592,KRX_IDX_1001,KRW,INDEX
1997-04-15,16.760000228881836,0.0,0.0161000005900859,KRX_IDX_1001,KRW,INDEX
1997-04-16,16.780000686645508,0.0,0.016100000590085983,KRX_IDX_1001,KRW,INDEX
1997-04-17,16.610000610351562,0.0,0.016200000420212746,KRX_IDX_1001,KRW,INDEX
1997-04-18,16.639999389648438,0.0,0.016200000420212746,KRX_IDX_1001,KRW,INDEX
1997-04-19,16.75,0.0,0.0161000005900859,KRX_IDX_1001,KRW,INDEX
1997-04-21,16.690000534057617,0.0,0.0162000004202127,KRX_IDX_1001,KRW,INDEX
1997-04-22,16.5,0.0,0.0164000000804662,KRX_IDX_1001,KRW,INDEX
1997-04-23,16.639999389648438,0.0,0.0163000002503395,KRX_IDX_1001,KRW,INDEX
1997-04-24,16.56999969482422,0.0,0.016300000250339508,KRX_IDX_1001,KRW,INDEX
1997-04-25,16.579999923706055,0.0,0.016300000250339508,KRX_IDX_1001,KRW,INDEX
1997-04-26,16.75,0.0,0.0161000005900859,KRX_IDX_1001,KRW,INDEX
1997-04-28,16.8700008392334,0.0,0.0160000007599592,KRX_IDX_1001,KRW,INDEX
1997-04-29,16.860000610351562,0.0,0.0160000007599592,KRX_IDX_1001,KRW,INDEX
1997-04-30,16.84000015258789,0.0,0.0160000007599592,KRX_IDX_1001,KRW,INDEX
1997-05-02,16.93000030517578,0.0,0.0160000007599592,KRX_IDX_1001,KRW,INDEX
1997-05-03,16.829999923706055,0.0,0.01600000075995922,KRX_IDX_1001,KRW,INDEX
1997-05-06,16.760000228881836,0.0,0.016100000590085983,KRX_IDX_1001,KRW,INDEX
1997-05-07,16.479999542236328,0.0,0.0164000000804662,KRX_IDX_1001,KRW,INDEX
1997-05-08,16.43000030517578,0.0,0.016499999910593033,KRX_IDX_1001,KRW,INDEX
1997-05-09,16.5,0.0,0.01640000008046627,KRX_IDX_1001,KRW,INDEX
1997-05-10,16.309999465942383,0.0,0.016599999740719795,KRX_IDX_1001,KRW,INDEX
1997-05-12,16.18000030517578,0.0,0.0167999994009733,KRX_IDX_1001,KRW,INDEX
1997-05-13,16.450000762939453,0.0,0.016499999910593,KRX_IDX_1001,KRW,INDEX
1997-05-15,16.81999969482422,0.0,0.016100000590085983,KRX_IDX_1001,KRW,INDEX
1997-05-16,16.850000381469727,0.0,0.0162000004202127,KRX_IDX_1001,KRW,INDEX
1997-05-17,17.010000228881836,0.0,0.01600000075995922,KRX_IDX_1001,KRW,INDEX
1997-05-19,17.350000381469727,0.0,0.015700001269578934,KRX_IDX_1001,KRW,INDEX
1997-05-20,17.65999984741211,0.0,0.015399999916553497,KRX_IDX_1001,KRW,INDEX
1997-05-21,17.739999771118164,0.0,0.015300000086426735,KRX_IDX_1001,KRW,INDEX
1997-05-22,17.3799991607666,0.0,0.015599999576807,KRX_IDX_1001,KRW,INDEX
1997-05-23,17.540000915527344,0.0,0.01549999974668026,KRX_IDX_1001,KRW,INDEX
1997-05-24,17.420000076293945,0.0,0.015599999576807022,KRX_IDX_1001,KRW,INDEX
1997-05-26,17.299999237060547,0.0,0.015700001269578934,KRX_IDX_1001,KRW,INDEX
1997-05-27,17.389999389648438,0.0,0.015700001269578934,KRX_IDX_1001,KRW,INDEX
1997-05-28,17.739999771118164,0.0,0.015399999916553497,KRX_IDX_1001,KRW,INDEX
1997-05-29,17.899999618530273,0.0,0.0153000000864267,KRX_IDX_1001,KRW,INDEX
1997-05-30,18.0,0.0,0.0152000002562999,KRX_IDX_1001,KRW,INDEX
1997-05-31,18.190000534057617,0.0,0.0149999996647238,KRX_IDX_1001,KRW,INDEX
1997-06-02,18.239999771118164,0.0,0.014999999664723873,KRX_IDX_1001,KRW,INDEX
1997-06-03,18.38999938964844,0.0,0.0148000000044703,KRX_IDX_1001,KRW,INDEX
1997-06-04,18.360000610351562,0.0,0.01489999983459711,KRX_IDX_1001,KRW,INDEX
1997-06-05,18.38999938964844,0.0,0.0148000000044703,KRX_IDX_1001,KRW,INDEX
1997-06-07,18.329999923706055,0.0,0.01489999983459711,KRX_IDX_1001,KRW,INDEX
1997-06-09,18.59000015258789,0.0,0.0147000001743435,KRX_IDX_1001,KRW,INDEX
1997-06-10,18.459999084472656,0.0,0.0147000001743435,KRX_IDX_1001,KRW,INDEX
1997-06-11,18.3700008392334,0.0,0.0148000000044703,KRX_IDX_1001,KRW,INDEX
1997-06-12,18.549999237060547,0.0,0.0147000001743435,KRX_IDX_1001,KRW,INDEX
1997-06-13,18.940000534057617,0.0,0.0144000006839632,KRX_IDX_1001,KRW,INDEX
1997-06-14,19.020000457763672,0.0,0.014400000683963299,KRX_IDX_1001,KRW,INDEX
1997-06-16,18.940000534057617,0.0,0.0144000006839632,KRX_IDX_1001,KRW,INDEX
1997-06-17,18.989999771118164,0.0,0.014299999922513962,KRX_IDX_1001,KRW,INDEX
1997-06-18,18.59000015258789,0.0,0.014700000174343586,KRX_IDX_1001,KRW,INDEX
1997-06-19,18.530000686645508,0.0,0.0147000001743435,KRX_IDX_1001,KRW,INDEX
1997-06-20,18.489999771118164,0.0,0.0147000001743435,KRX_IDX_1001,KRW,INDEX
1997-06-21,18.26000022888184,0.0,0.0148999998345971,KRX_IDX_1001,KRW,INDEX
1997-06-23,18.09000015258789,0.0,0.015099999494850636,KRX_IDX_1001,KRW,INDEX
1997-06-24,18.1200008392334,0.0,0.015099999494850636,KRX_IDX_1001,KRW,INDEX
1997-06-25,17.920000076293945,0.0,0.0152000002562999,KRX_IDX_1001,KRW,INDEX
1997-06-26,17.84000015258789,0.0,0.0152000002562999,KRX_IDX_1001,KRW,INDEX
1997-06-27,17.75,0.0,0.0153999999165534,KRX_IDX_1001,KRW,INDEX
1997-06-28,17.950000762939453,0.0,0.0152000002562999,KRX_IDX_1001,KRW,INDEX
1997-06-30,17.93000030517578,0.0,0.0152000002562999,KRX_IDX_1001,KRW,INDEX
1997-07-01,18.209999084472656,0.0,0.0149999996647238,KRX_IDX_1001,KRW,INDEX
1997-07-02,18.200000762939453,0.0,0.014600000344216824,KRX_IDX_1001,KRW,INDEX
1997-07-03,18.1200008392334,0.0,0.0147000001743435,KRX_IDX_1001,KRW,INDEX
1997-07-04,18.25,0.0,0.014600000344216824,KRX_IDX_1001,KRW,INDEX
1997-07-05,18.219999313354492,0.0,0.014600000344216824,KRX_IDX_1001,KRW,INDEX
1997-07-07,18.09000015258789,0.0,0.014700000174343586,KRX_IDX_1001,KRW,INDEX
1997-07-08,17.979999542236328,0.0,0.0148000000044703,KRX_IDX_1001,KRW,INDEX
1997-07-09,18.100000381469727,0.0,0.014700000174343586,KRX_IDX_1001,KRW,INDEX
1997-07-10,18.020000457763672,0.0,0.014800000004470348,KRX_IDX_1001,KRW,INDEX
1997-07-11,18.020000457763672,0.0,0.014800000004470348,KRX_IDX_1001,KRW,INDEX
1997-07-12,18.040000915527344,0.0,0.014800000004470348,KRX_IDX_1001,KRW,INDEX
1997-07-14,17.959999084472656,0.0,0.01489999983459711,KRX_IDX_1001,KRW,INDEX
1997-07-15,17.739999771118164,0.0,0.015099999494850636,KRX_IDX_1001,KRW,INDEX
1997-07-16,17.399999618530273,0.0,0.0153999999165534,KRX_IDX_1001,KRW,INDEX
1997-07-18,17.600000381469727,0.0,0.015200000256299973,KRX_IDX_1001,KRW,INDEX
1997-07-19,17.479999542236328,0.0,0.0153000000864267,KRX_IDX_1001,KRW,INDEX
1997-07-21,17.360000610351562,0.0,0.0154999997466802,KRX_IDX_1001,KRW,INDEX
1997-07-22,17.040000915527344,0.0,0.015800001099705696,KRX_IDX_1001,KRW,INDEX
1997-07-23,17.15999984741211,0.0,0.0157000012695789,KRX_IDX_1001,KRW,INDEX
1997-07-24,17.34000015258789,0.0,0.015599999576807,KRX_IDX_1001,KRW,INDEX
1997-07-25,17.239999771118164,0.0,0.0157000012695789,KRX_IDX_1001,KRW,INDEX
1997-07-26,17.200000762939453,0.0,0.0157000012695789,KRX_IDX_1001,KRW,INDEX
1997-07-28,17.25,0.0,0.0157000012695789,KRX_IDX_1001,KRW,INDEX
1997-07-29,17.239999771118164,0.0,0.015700001269578934,KRX_IDX_1001,KRW,INDEX
1997-07-30,17.1200008392334,0.0,0.0158000010997056,KRX_IDX_1001,KRW,INDEX
1997-07-31,17.100000381469727,0.0,0.01590000092983246,KRX_IDX_1001,KRW,INDEX
1997-08-01,17.229999542236328,0.0,0.0157000012695789,KRX_IDX_1001,KRW,INDEX
1997-08-02,17.209999084472656,0.0,0.015800001099705696,KRX_IDX_1001,KRW,INDEX
1997-08-04,17.309999465942383,0.0,0.015700001269578934,KRX_IDX_1001,KRW,INDEX
1997-08-05,17.459999084472656,0.0,0.01549999974668026,KRX_IDX_1001,KRW,INDEX
1997-08-06,17.579999923706055,0.0,0.015399999916553497,KRX_IDX_1001,KRW,INDEX
1997-08-07,17.59000015258789,0.0,0.0153999999165534,KRX_IDX_1001,KRW,INDEX
1997-08-08,17.739999771118164,0.0,0.015300000086426735,KRX_IDX_1001,KRW,INDEX
1997-08-09,17.90999984741211,0.0,0.015099999494850636,KRX_IDX_1001,KRW,INDEX
1997-08-11,18.010000228881836,0.0,0.015099999494850636,KRX_IDX_1001,KRW,INDEX
1997-08-12,17.93000030517578,0.0,0.015099999494850636,KRX_IDX_1001,KRW,INDEX
1997-08-13,17.940000534057617,0.0,0.015099999494850636,KRX_IDX_1001,KRW,INDEX
1997-08-14,17.780000686645508,0.0,0.0153000000864267,KRX_IDX_1001,KRW,INDEX
1997-08-16,17.59000015258789,0.0,0.0153999999165534,KRX_IDX_1001,KRW,INDEX
1997-08-18,17.600000381469727,0.0,0.0153999999165534,KRX_IDX_1001,KRW,INDEX
1997-08-19,17.479999542236328,0.0,0.015599999576807,KRX_IDX_1001,KRW,INDEX
1997-08-20,17.59000015258789,0.0,0.01549999974668026,KRX_IDX_1001,KRW,INDEX
1997-08-21,17.450000762939453,0.0,0.015599999576807022,KRX_IDX_1001,KRW,INDEX
1997-08-22,17.3799991607666,0.0,0.015700001269578934,KRX_IDX_1001,KRW,INDEX
1997-08-23,17.5,0.0,0.015599999576807,KRX_IDX_1001,KRW,INDEX
1997-08-25,17.5,0.0,0.015599999576807022,KRX_IDX_1001,KRW,INDEX
1997-08-26,17.31999969482422,0.0,0.0158000010997056,KRX_IDX_1001,KRW,INDEX
1997-08-27,17.260000228881836,0.0,0.015800001099705696,KRX_IDX_1001,KRW,INDEX
1997-08-28,16.940000534057617,0.0,0.016100000590085983,KRX_IDX_1001,KRW,INDEX
1997-08-29,16.6299991607666,0.0,0.01640000008046627,KRX_IDX_1001,KRW,INDEX
1997-08-30,16.40999984741211,0.0,0.016599999740719795,KRX_IDX_1001,KRW,INDEX
1997-09-01,16.100000381469727,0.0,0.0170000009238719,KRX_IDX_1001,KRW,INDEX
1997-09-02,16.229999542236328,0.0,0.0167999994009733,KRX_IDX_1001,KRW,INDEX
1997-09-03,16.25,0.0,0.01679999940097332,KRX_IDX_1001,KRW,INDEX
1997-09-04,16.239999771118164,0.0,0.01679999940097332,KRX_IDX_1001,KRW,INDEX
1997-09-05,16.530000686645508,0.0,0.016499999910593033,KRX_IDX_1001,KRW,INDEX
1997-09-06,16.56999969482422,0.0,0.016499999910593033,KRX_IDX_1001,KRW,INDEX
1997-09-08,16.459999084472656,0.0,0.0165999997407197,KRX_IDX_1001,KRW,INDEX
1997-09-09,16.270000457763672,0.0,0.0167999994009733,KRX_IDX_1001,KRW,INDEX
1997-09-10,16.34000015258789,0.0,0.0166999995708465,KRX_IDX_1001,KRW,INDEX
1997-09-11,16.420000076293945,0.0,0.0165999997407197,KRX_IDX_1001,KRW,INDEX
1997-09-12,16.520000457763672,0.0,0.016499999910593,KRX_IDX_1001,KRW,INDEX
1997-09-13,16.549999237060547,0.0,0.016499999910593,KRX_IDX_1001,KRW,INDEX
1997-09-18,16.600000381469727,0.0,0.016499999910593,KRX_IDX_1001,KRW,INDEX
1997-09-19,16.309999465942383,0.0,0.01679999940097332,KRX_IDX_1001,KRW,INDEX
1997-09-20,16.079999923706055,0.0,0.017000000923871994,KRX_IDX_1001,KRW,INDEX
1997-09-22,15.789999961853027,0.0,0.01730000041425228,KRX_IDX_1001,KRW,INDEX
1997-09-23,15.350000381469727,0.0,0.017799999564886093,KRX_IDX_1001,KRW,INDEX
1997-09-24,15.380000114440918,0.0,0.01769999973475933,KRX_IDX_1001,KRW,INDEX
1997-09-25,15.199999809265137,0.0,0.017999999225139618,KRX_IDX_1001,KRW,INDEX
1997-09-26,15.020000457763672,0.0,0.018200000748038292,KRX_IDX_1001,KRW,INDEX
1997-09-27,14.81999969482422,0.0,0.0185000002384185,KRX_IDX_1001,KRW,INDEX
1997-09-29,14.729999542236328,0.0,0.01860000006854534,KRX_IDX_1001,KRW,INDEX
1997-09-30,15.229999542236328,0.0,0.0179999992251396,KRX_IDX_1001,KRW,INDEX
1997-10-01,15.15999984741211,0.0,0.0179999992251396,KRX_IDX_1001,KRW,INDEX
1997-10-02,14.970000267028809,0.0,0.018300000578165,KRX_IDX_1001,KRW,INDEX
1997-10-04,15.15999984741211,0.0,0.0179999992251396,KRX_IDX_1001,KRW,INDEX
1997-10-06,15.100000381469727,0.0,0.01809999905526638,KRX_IDX_1001,KRW,INDEX
1997-10-07,14.770000457763672,0.0,0.0185000002384185,KRX_IDX_1001,KRW,INDEX
1997-10-08,14.300000190734863,0.0,0.019099999219179153,KRX_IDX_1001,KRW,INDEX
1997-10-09,14.270000457763672,0.0,0.0190999992191791,KRX_IDX_1001,KRW,INDEX
1997-10-10,14.270000457763672,0.0,0.0190999992191791,KRX_IDX_1001,KRW,INDEX
1997-10-11,14.529999732971191,0.0,0.0187999997287988,KRX_IDX_1001,KRW,INDEX
1997-10-13,14.369999885559082,0.0,0.0189999993890523,KRX_IDX_1001,KRW,INDEX
1997-10-14,14.56999969482422,0.0,0.0186999998986721,KRX_IDX_1001,KRW,INDEX
1997-10-15,14.199999809265137,0.0,0.0191999990493059,KRX_IDX_1001,KRW,INDEX
1997-10-16,13.59000015258789,0.0,0.0200999993830919,KRX_IDX_1001,KRW,INDEX
1997-10-17,13.710000038146973,0.0,0.0198999997228384,KRX_IDX_1001,KRW,INDEX
1997-10-18,13.699999809265137,0.0,0.019899999722838402,KRX_IDX_1001,KRW,INDEX
1997-10-20,13.279999732971191,0.0,0.0205999985337257,KRX_IDX_1001,KRW,INDEX
1997-10-21,13.3100004196167,0.0,0.020499998703598976,KRX_IDX_1001,KRW,INDEX
1997-10-22,14.109999656677246,0.0,0.019299998879432678,KRX_IDX_1001,KRW,INDEX
1997-10-23,14.149999618530273,0.0,0.019299998879432678,KRX_IDX_1001,KRW,INDEX
1997-10-24,13.359999656677246,0.0,0.0203999988734722,KRX_IDX_1001,KRW,INDEX
1997-10-25,12.800000190734863,0.0,0.0213000010699033,KRX_IDX_1001,KRW,INDEX
1997-10-27,12.390000343322754,0.0,0.0219999998807907,KRX_IDX_1001,KRW,INDEX
1997-10-28,11.56999969482422,0.0,0.0234999991953372,KRX_IDX_1001,KRW,INDEX
1997-10-29,11.81999969482422,0.0,0.0230000000447034,KRX_IDX_1001,KRW,INDEX
1997-10-30,11.300000190734863,0.0,0.024000000208616257,KRX_IDX_1001,KRW,INDEX
1997-10-31,10.9399995803833,0.0,0.024700000882148743,KRX_IDX_1001,KRW,INDEX
1997-11-01,11.539999961853027,0.0,0.023399999365210533,KRX_IDX_1001,KRW,INDEX
1997-11-03,11.930000305175781,0.0,0.022700000554323196,KRX_IDX_1001,KRW,INDEX
1997-11-04,12.68000030517578,0.0,0.0214000009000301,KRX_IDX_1001,KRW,INDEX
1997-11-05,13.020000457763672,0.0,0.020899999886751175,KRX_IDX_1001,KRW,INDEX
1997-11-06,12.970000267028809,0.0,0.0208999998867511,KRX_IDX_1001,KRW,INDEX
1997-11-07,12.06999969482422,0.0,0.0225000008940696,KRX_IDX_1001,KRW,INDEX
1997-11-08,11.609999656677246,0.0,0.0233999993652105,KRX_IDX_1001,KRW,INDEX
1997-11-10,12.31999969482422,0.0,0.0219999998807907,KRX_IDX_1001,KRW,INDEX
1997-11-11,12.239999771118164,0.0,0.0220999997109174,KRX_IDX_1001,KRW,INDEX
1997-11-12,12.140000343322754,0.0,0.0222999993711709,KRX_IDX_1001,KRW,INDEX
1997-11-13,12.1899995803833,0.0,0.0221999995410442,KRX_IDX_1001,KRW,INDEX
1997-11-14,12.1899995803833,0.0,0.0221999995410442,KRX_IDX_1001,KRW,INDEX
1997-11-15,12.18000030517578,0.0,0.0221999995410442,KRX_IDX_1001,KRW,INDEX
1997-11-17,11.65999984741211,0.0,0.023199999704957,KRX_IDX_1001,KRW,INDEX
1997-11-18,11.600000381469727,0.0,0.023399999365210533,KRX_IDX_1001,KRW,INDEX
1997-11-19,11.800000190734863,0.0,0.0230000000447034,KRX_IDX_1001,KRW,INDEX
1997-11-20,11.489999771118164,0.0,0.023599999025464,KRX_IDX_1001,KRW,INDEX
1997-11-21,11.989999771118164,0.0,0.0228000003844499,KRX_IDX_1001,KRW,INDEX
1997-11-22,11.520000457763672,0.0,0.023800000548362732,KRX_IDX_1001,KRW,INDEX
1997-11-24,10.699999809265137,0.0,0.0255999993532896,KRX_IDX_1001,KRW,INDEX
1997-11-25,10.489999771118164,0.0,0.02619999833405018,KRX_IDX_1001,KRW,INDEX
1997-11-26,10.520000457763672,0.0,0.0263000018894672,KRX_IDX_1001,KRW,INDEX
1997-11-27,10.4399995803833,0.0,0.026500001549720764,KRX_IDX_1001,KRW,INDEX
1997-11-28,9.949999809265137,0.0,0.027899999171495438,KRX_IDX_1001,KRW,INDEX
1997-11-29,9.890000343322754,0.0,0.028199998661875725,KRX_IDX_1001,KRW,INDEX
1997-12-01,9.5600004196167,0.0,0.0292000006884336,KRX_IDX_1001,KRW,INDEX
1997-12-02,9.199999809265137,0.0,0.0304000005125999,KRX_IDX_1001,KRW,INDEX
1997-12-03,9.3100004196167,0.0,0.03019999898970127,KRX_IDX_1001,KRW,INDEX
1997-12-04,9.979999542236328,0.0,0.028199998661875725,KRX_IDX_1001,KRW,INDEX
1997-12-05,10.6899995803833,0.0,0.0263000018894672,KRX_IDX_1001,KRW,INDEX
1997-12-06,10.770000457763672,0.0,0.02619999833405018,KRX_IDX_1001,KRW,INDEX
1997-12-08,10.270000457763672,0.0,0.0274999998509883,KRX_IDX_1001,KRW,INDEX
1997-12-09,9.59000015258789,0.0,0.0294000003486871,KRX_IDX_1001,KRW,INDEX
1997-12-10,10.0,0.0,0.0283999983221292,KRX_IDX_1001,KRW,INDEX
1997-12-11,9.420000076293945,0.0,0.03009999915957451,KRX_IDX_1001,KRW,INDEX
1997-12-12,8.760000228881836,0.0,0.03240000084042549,KRX_IDX_1001,KRW,INDEX
1997-12-13,9.029999732971191,0.0,0.03150000050663948,KRX_IDX_1001,KRW,INDEX
1997-12-15,9.699999809265137,0.0,0.02930000051856041,KRX_IDX_1001,KRW,INDEX
1997-12-16,10.170000076293945,0.0,0.0279999990016222,KRX_IDX_1001,KRW,INDEX
1997-12-17,10.520000457763672,0.0,0.0270000007003545,KRX_IDX_1001,KRW,INDEX
1997-12-19,9.9399995803833,0.0,0.028499998152256012,KRX_IDX_1001,KRW,INDEX
1997-12-20,10.029999732971191,0.0,0.0282999984920024,KRX_IDX_1001,KRW,INDEX
1997-12-22,9.93000030517578,0.0,0.028499998152256,KRX_IDX_1001,KRW,INDEX
1997-12-23,9.180000305175781,0.0,0.030799999833106995,KRX_IDX_1001,KRW,INDEX
1997-12-24,8.850000381469727,0.0,0.0320999994874,KRX_IDX_1001,KRW,INDEX
1997-12-26,9.460000038146973,0.0,0.03009999915957451,KRX_IDX_1001,KRW,INDEX
1997-12-27,9.520000457763672,0.0,0.0298999994993209,KRX_IDX_1001,KRW,INDEX
1998-01-03,9.75,0.0,0.0293000005185604,KRX_IDX_1001,KRW,INDEX
1998-01-05,10.020000457763672,0.0,0.028499998152256012,KRX_IDX_1001,KRW,INDEX
1998-01-06,10.270000457763672,0.0,0.027799999341368675,KRX_IDX_1001,KRW,INDEX
1998-01-07,10.359999656677246,0.0,0.02759999968111515,KRX_IDX_1001,KRW,INDEX
1998-01-08,10.729999542236328,0.0,0.0267000012099742,KRX_IDX_1001,KRW,INDEX
1998-01-09,10.460000038146973,0.0,0.027400000020861626,KRX_IDX_1001,KRW,INDEX
1998-01-10,11.130000114440918,0.0,0.0256999991834163,KRX_IDX_1001,KRW,INDEX
1998-01-12,11.489999771118164,0.0,0.024900000542402267,KRX_IDX_1001,KRW,INDEX
1998-01-13,11.649999618530272,0.0,0.0245000012218952,KRX_IDX_1001,KRW,INDEX
1998-01-14,11.90999984741211,0.0,0.0239000003784894,KRX_IDX_1001,KRW,INDEX
1998-01-15,12.75,0.0,0.0223999992012977,KRX_IDX_1001,KRW,INDEX
1998-01-16,12.390000343322754,0.0,0.0232999995350837,KRX_IDX_1001,KRW,INDEX
1998-01-17,12.619999885559082,0.0,0.02290000021457672,KRX_IDX_1001,KRW,INDEX
1998-01-19,13.470000267028809,0.0,0.0214000009000301,KRX_IDX_1001,KRW,INDEX
1998-01-20,13.5600004196167,0.0,0.0213000010699033,KRX_IDX_1001,KRW,INDEX
1998-01-21,12.84000015258789,0.0,0.02239999920129776,KRX_IDX_1001,KRW,INDEX
1998-01-22,12.279999732971191,0.0,0.0234999991953372,KRX_IDX_1001,KRW,INDEX
1998-01-23,12.390000343322754,0.0,0.02329999953508377,KRX_IDX_1001,KRW,INDEX
1998-01-24,12.979999542236328,0.0,0.022299999371170998,KRX_IDX_1001,KRW,INDEX
1998-01-26,13.210000038146973,0.0,0.021900000050663948,KRX_IDX_1001,KRW,INDEX
1998-01-30,14.229999542236328,0.0,0.02029999904334545,KRX_IDX_1001,KRW,INDEX
1998-01-31,14.460000038146973,0.0,0.019999999552965164,KRX_IDX_1001,KRW,INDEX
1998-02-02,13.859999656677246,0.0,0.0208999998867511,KRX_IDX_1001,KRW,INDEX
1998-02-03,14.039999961853027,0.0,0.02070000022649765,KRX_IDX_1001,KRW,INDEX
1998-02-04,13.960000038146973,0.0,0.020800000056624413,KRX_IDX_1001,KRW,INDEX
1998-02-05,13.479999542236328,0.0,0.0215000007301569,KRX_IDX_1001,KRW,INDEX
1998-02-06,13.81999969482422,0.0,0.0209999997168779,KRX_IDX_1001,KRW,INDEX
1998-02-07,13.880000114440918,0.0,0.0208999998867511,KRX_IDX_1001,KRW,INDEX
1998-02-09,14.180000305175781,0.0,0.020499998703598976,KRX_IDX_1001,KRW,INDEX
1998-02-10,13.859999656677246,0.0,0.0208999998867511,KRX_IDX_1001,KRW,INDEX
1998-02-11,13.300000190734863,0.0,0.0218000002205371,KRX_IDX_1001,KRW,INDEX
1998-02-12,13.109999656677246,0.0,0.022199999541044235,KRX_IDX_1001,KRW,INDEX
1998-02-13,12.960000038146973,0.0,0.0223999992012977,KRX_IDX_1001,KRW,INDEX
1998-02-14,12.399999618530272,0.0,0.0234999991953372,KRX_IDX_1001,KRW,INDEX
1998-02-16,12.239999771118164,0.0,0.023800000548362732,KRX_IDX_1001,KRW,INDEX
1998-02-17,12.119999885559082,0.0,0.024000000208616257,KRX_IDX_1001,KRW,INDEX
1998-02-18,12.59000015258789,0.0,0.02319999970495701,KRX_IDX_1001,KRW,INDEX
1998-02-19,13.279999732971191,0.0,0.02199999988079071,KRX_IDX_1001,KRW,INDEX
1998-02-20,13.520000457763672,0.0,0.0216000005602836,KRX_IDX_1001,KRW,INDEX
1998-02-21,13.710000038146973,0.0,0.0213000010699033,KRX_IDX_1001,KRW,INDEX
1998-02-23,14.0600004196167,0.0,0.0208000000566244,KRX_IDX_1001,KRW,INDEX
1998-02-24,14.260000228881836,0.0,0.02029999904334545,KRX_IDX_1001,KRW,INDEX
1998-02-25,13.609999656677246,0.0,0.021199999377131462,KRX_IDX_1001,KRW,INDEX
1998-02-26,13.880000114440918,0.0,0.020899999886751175,KRX_IDX_1001,KRW,INDEX
1998-02-27,14.529999732971191,0.0,0.019999999552965164,KRX_IDX_1001,KRW,INDEX
1998-02-28,14.789999961853027,0.0,0.019600000232458115,KRX_IDX_1001,KRW,INDEX
1998-03-02,15.18000030517578,0.0,0.0190999992191791,KRX_IDX_1001,KRW,INDEX
1998-03-03,15.079999923706055,0.0,0.019199999049305916,KRX_IDX_1001,KRW,INDEX
1998-03-04,15.119999885559082,0.0,0.019099999219179153,KRX_IDX_1001,KRW,INDEX
1998-03-05,14.109999656677246,0.0,0.0204999987035989,KRX_IDX_1001,KRW,INDEX
1998-03-06,13.789999961853027,0.0,0.020999999716877937,KRX_IDX_1001,KRW,INDEX
1998-03-07,13.899999618530273,0.0,0.020899999886751175,KRX_IDX_1001,KRW,INDEX
1998-03-09,13.430000305175781,0.0,0.02160000056028366,KRX_IDX_1001,KRW,INDEX
1998-03-10,13.90999984741211,0.0,0.0208999998867511,KRX_IDX_1001,KRW,INDEX
1998-03-11,14.0600004196167,0.0,0.02070000022649765,KRX_IDX_1001,KRW,INDEX
1998-03-12,14.199999809265137,0.0,0.0204999987035989,KRX_IDX_1001,KRW,INDEX
1998-03-13,14.199999809265137,0.0,0.020499998703598976,KRX_IDX_1001,KRW,INDEX
1998-03-14,14.140000343322754,0.0,0.02059999853372574,KRX_IDX_1001,KRW,INDEX
1998-03-16,14.010000228881836,0.0,0.0208000000566244,KRX_IDX_1001,KRW,INDEX
1998-03-17,13.630000114440918,0.0,0.0214000009000301,KRX_IDX_1001,KRW,INDEX
1998-03-18,13.789999961853027,0.0,0.021300001069903374,KRX_IDX_1001,KRW,INDEX
1998-03-19,13.890000343322754,0.0,0.0210999995470047,KRX_IDX_1001,KRW,INDEX
1998-03-20,14.010000228881836,0.0,0.020999999716877937,KRX_IDX_1001,KRW,INDEX
1998-03-21,13.890000343322754,0.0,0.0210999995470047,KRX_IDX_1001,KRW,INDEX
1998-03-23,13.630000114440918,0.0,0.0215000007301569,KRX_IDX_1001,KRW,INDEX
1998-03-24,13.520000457763672,0.0,0.0217000003904104,KRX_IDX_1001,KRW,INDEX
1998-03-25,13.579999923706056,0.0,0.0216000005602836,KRX_IDX_1001,KRW,INDEX
1998-03-26,13.369999885559082,0.0,0.0219000000506639,KRX_IDX_1001,KRW,INDEX
1998-03-27,13.529999732971191,0.0,0.0219000000506639,KRX_IDX_1001,KRW,INDEX
1998-03-28,13.34000015258789,0.0,0.0220999997109174,KRX_IDX_1001,KRW,INDEX
1998-03-30,13.069999694824219,0.0,0.02280000038444996,KRX_IDX_1001,KRW,INDEX
1998-03-31,13.029999732971191,0.0,0.0228000003844499,KRX_IDX_1001,KRW,INDEX
1998-04-01,12.75,0.0,0.0234999991953372,KRX_IDX_1001,KRW,INDEX
1998-04-02,12.369999885559082,0.0,0.0241999998688697,KRX_IDX_1001,KRW,INDEX
1998-04-03,11.850000381469728,0.0,0.0252000000327825,KRX_IDX_1001,KRW,INDEX
1998-04-04,12.09000015258789,0.0,0.024800000712275505,KRX_IDX_1001,KRW,INDEX
1998-04-06,11.90999984741211,0.0,0.0252000000327825,KRX_IDX_1001,KRW,INDEX
1998-04-07,12.5600004196167,0.0,0.023900000378489494,KRX_IDX_1001,KRW,INDEX
1998-04-08,0.0,0.0,0.013200001,KRX_IDX_1001,KRW,INDEX
1998-04-09,0.0,0.0,0.0128,KRX_IDX_1001,KRW,INDEX
1998-04-10,0.0,0.0,0.0128,KRX_IDX_1001,KRW,INDEX
1998-04-11,0.0,0.0,0.0123000005,KRX_IDX_1001,KRW,INDEX
1998-04-13,0.0,0.0,0.0121,KRX_IDX_1001,KRW,INDEX
1998-04-14,0.0,0.0,0.0135,KRX_IDX_1001,KRW,INDEX
1998-04-15,0.0,0.0,0.0135,KRX_IDX_1001,KRW,INDEX
1998-04-16,0.0,0.0,0.0139,KRX_IDX_1001,KRW,INDEX
1998-04-17,0.0,0.0,0.014099999,KRX_IDX_1001,KRW,INDEX
1998-04-18,0.0,0.0,0.014400001,KRX_IDX_1001,KRW,INDEX
1998-04-20,0.0,0.0,0.0147,KRX_IDX_1001,KRW,INDEX
1998-04-21,0.0,0.0,0.0145000005,KRX_IDX_1001,KRW,INDEX
1998-04-22,0.0,0.0,0.0148,KRX_IDX_1001,KRW,INDEX
1998-04-23,0.0,0.0,0.0153,KRX_IDX_1001,KRW,INDEX
1998-04-24,0.0,0.0,0.0155,KRX_IDX_1001,KRW,INDEX
1998-04-25,0.0,0.0,0.0156,KRX_IDX_1001,KRW,INDEX
1998-04-27,0.0,0.0,0.015800001,KRX_IDX_1001,KRW,INDEX
1998-04-28,0.0,0.0,0.0159,KRX_IDX_1001,KRW,INDEX
1998-04-29,0.0,0.0,0.0154,KRX_IDX_1001,KRW,INDEX
1998-04-30,0.0,0.0,0.0153,KRX_IDX_1001,KRW,INDEX
1998-05-02,0.0,0.0,0.016,KRX_IDX_1001,KRW,INDEX
1998-05-04,0.0,0.0,0.0166,KRX_IDX_1001,KRW,INDEX
1998-05-06,0.0,0.0,0.0172,KRX_IDX_1001,KRW,INDEX
1998-05-07,0.0,0.0,0.0171,KRX_IDX_1001,KRW,INDEX
1998-05-08,0.0,0.0,0.0174,KRX_IDX_1001,KRW,INDEX
1998-05-09,0.0,0.0,0.0174,KRX_IDX_1001,KRW,INDEX
1998-05-11,0.0,0.0,0.018,KRX_IDX_1001,KRW,INDEX
1998-05-12,0.0,0.0,0.0186,KRX_IDX_1001,KRW,INDEX
1998-05-13,0.0,0.0,0.0184,KRX_IDX_1001,KRW,INDEX
1998-05-14,0.0,0.0,0.018099999,KRX_IDX_1001,KRW,INDEX
1998-05-15,0.0,0.0,0.0187,KRX_IDX_1001,KRW,INDEX
1998-05-16,0.0,0.0,0.0186,KRX_IDX_1001,KRW,INDEX
1998-05-18,0.0,0.0,0.0183,KRX_IDX_1001,KRW,INDEX
1998-05-19,0.0,0.0,0.018099999,KRX_IDX_1001,KRW,INDEX
1998-05-20,0.0,0.0,0.0177,KRX_IDX_1001,KRW,INDEX
1998-05-21,0.0,0.0,0.018099999,KRX_IDX_1001,KRW,INDEX
1998-05-22,0.0,0.0,0.0185,KRX_IDX_1001,KRW,INDEX
1998-05-23,0.0,0.0,0.0183,KRX_IDX_1001,KRW,INDEX
1998-05-25,0.0,0.0,0.0197,KRX_IDX_1001,KRW,INDEX
1998-05-26,0.0,0.0,0.0209,KRX_IDX_1001,KRW,INDEX
1998-05-27,0.0,0.0,0.0208,KRX_IDX_1001,KRW,INDEX
1998-05-28,0.0,0.0,0.0202,KRX_IDX_1001,KRW,INDEX
1998-05-29,0.0,0.0,0.0194,KRX_IDX_1001,KRW,INDEX
1998-05-30,0.0,0.0,0.0196,KRX_IDX_1001,KRW,INDEX
1998-06-01,0.0,0.0,0.0194,KRX_IDX_1001,KRW,INDEX
1998-06-02,0.0,0.0,0.0202,KRX_IDX_1001,KRW,INDEX
1998-06-03,0.0,0.0,0.0196,KRX_IDX_1001,KRW,INDEX
1998-06-05,0.0,0.0,0.019299999,KRX_IDX_1001,KRW,INDEX
1998-06-08,0.0,0.0,0.0191,KRX_IDX_1001,KRW,INDEX
1998-06-09,0.0,0.0,0.019299999,KRX_IDX_1001,KRW,INDEX
1998-06-10,0.0,0.0,0.020299999,KRX_IDX_1001,KRW,INDEX
1998-06-11,0.0,0.0,0.0199,KRX_IDX_1001,KRW,INDEX
1998-06-12,0.0,0.0,0.0214,KRX_IDX_1001,KRW,INDEX
1998-06-13,0.0,0.0,0.0214,KRX_IDX_1001,KRW,INDEX
1998-06-15,0.0,0.0,0.0225,KRX_IDX_1001,KRW,INDEX
1998-06-16,0.0,0.0,0.0231,KRX_IDX_1001,KRW,INDEX
1998-06-17,0.0,0.0,0.021300001,KRX_IDX_1001,KRW,INDEX
1998-06-18,0.0,0.0,0.0199,KRX_IDX_1001,KRW,INDEX
1998-06-19,0.0,0.0,0.0207,KRX_IDX_1001,KRW,INDEX
1998-06-20,0.0,0.0,0.020499999,KRX_IDX_1001,KRW,INDEX
1998-06-22,0.0,0.0,0.0208,KRX_IDX_1001,KRW,INDEX
1998-06-23,0.0,0.0,0.0214,KRX_IDX_1001,KRW,INDEX
1998-06-24,0.0,0.0,0.0215,KRX_IDX_1001,KRW,INDEX
1998-06-25,0.0,0.0,0.0215,KRX_IDX_1001,KRW,INDEX
1998-06-26,0.0,0.0,0.0217,KRX_IDX_1001,KRW,INDEX
1998-06-27,0.0,0.0,0.0214,KRX_IDX_1001,KRW,INDEX
1998-06-29,0.0,0.0,0.0217,KRX_IDX_1001,KRW,INDEX
1998-06-30,0.0,0.0,0.0217,KRX_IDX_1001,KRW,INDEX
1998-07-01,0.0,0.0,0.020499999,KRX_IDX_1001,KRW,INDEX
1998-07-02,0.0,0.0,0.0207,KRX_IDX_1001,KRW,INDEX
1998-07-03,0.0,0.0,0.0208,KRX_IDX_1001,KRW,INDEX
1998-07-04,0.0,0.0,0.0208,KRX_IDX_1001,KRW,INDEX
1998-07-06,0.0,0.0,0.0207,KRX_IDX_1001,KRW,INDEX
1998-07-07,0.0,0.0,0.0202,KRX_IDX_1001,KRW,INDEX
1998-07-08,0.0,0.0,0.0202,KRX_IDX_1001,KRW,INDEX
1998-07-09,0.0,0.0,0.0202,KRX_IDX_1001,KRW,INDEX
1998-07-10,0.0,0.0,0.0209,KRX_IDX_1001,KRW,INDEX
1998-07-11,0.0,0.0,0.0212,KRX_IDX_1001,KRW,INDEX
1998-07-13,0.0,0.0,0.0215,KRX_IDX_1001,KRW,INDEX
1998-07-14,0.0,0.0,0.0211,KRX_IDX_1001,KRW,INDEX
1998-07-15,0.0,0.0,0.020599999,KRX_IDX_1001,KRW,INDEX
1998-07-16,0.0,0.0,0.0196,KRX_IDX_1001,KRW,INDEX
1998-07-18,0.0,0.0,0.0188,KRX_IDX_1001,KRW,INDEX
1998-07-20,0.0,0.0,0.0177,KRX_IDX_1001,KRW,INDEX
1998-07-21,0.0,0.0,0.0178,KRX_IDX_1001,KRW,INDEX
1998-07-22,0.0,0.0,0.018,KRX_IDX_1001,KRW,INDEX
1998-07-23,0.0,0.0,0.019199999,KRX_IDX_1001,KRW,INDEX
1998-07-24,0.0,0.0,0.019199999,KRX_IDX_1001,KRW,INDEX
1998-07-25,0.0,0.0,0.0164,KRX_IDX_1001,KRW,INDEX
1998-07-27,0.0,0.0,0.0163,KRX_IDX_1001,KRW,INDEX
1998-07-28,0.0,0.0,0.0161,KRX_IDX_1001,KRW,INDEX
1998-07-29,0.0,0.0,0.0156,KRX_IDX_1001,KRW,INDEX
1998-07-30,0.0,0.0,0.0156,KRX_IDX_1001,KRW,INDEX
1998-07-31,0.0,0.0,0.015700001,KRX_IDX_1001,KRW,INDEX
1998-08-01,0.0,0.0,0.016,KRX_IDX_1001,KRW,INDEX
1998-08-03,0.0,0.0,0.0163,KRX_IDX_1001,KRW,INDEX
1998-08-04,0.0,0.0,0.0161,KRX_IDX_1001,KRW,INDEX
1998-08-05,0.0,0.0,0.0166,KRX_IDX_1001,KRW,INDEX
1998-08-06,0.0,0.0,0.0167,KRX_IDX_1001,KRW,INDEX
1998-08-07,0.0,0.0,0.0167,KRX_IDX_1001,KRW,INDEX
1998-08-08,0.0,0.0,0.0171,KRX_IDX_1001,KRW,INDEX
1998-08-10,0.0,0.0,0.0172,KRX_IDX_1001,KRW,INDEX
1998-08-11,0.0,0.0,0.0172,KRX_IDX_1001,KRW,INDEX
1998-08-12,0.0,0.0,0.0175,KRX_IDX_1001,KRW,INDEX
1998-08-13,0.0,0.0,0.0177,KRX_IDX_1001,KRW,INDEX
1998-08-14,0.0,0.0,0.0176,KRX_IDX_1001,KRW,INDEX
1998-08-17,0.0,0.0,0.0178,KRX_IDX_1001,KRW,INDEX
1998-08-18,0.0,0.0,0.0184,KRX_IDX_1001,KRW,INDEX
1998-08-19,0.0,0.0,0.0178,KRX_IDX_1001,KRW,INDEX
1998-08-20,0.0,0.0,0.016900001,KRX_IDX_1001,KRW,INDEX
1998-08-21,0.0,0.0,0.016900001,KRX_IDX_1001,KRW,INDEX
1998-08-22,0.0,0.0,0.0176,KRX_IDX_1001,KRW,INDEX
1998-08-24,0.0,0.0,0.0176,KRX_IDX_1001,KRW,INDEX
1998-08-25,0.0,0.0,0.0173,KRX_IDX_1001,KRW,INDEX
1998-08-26,0.0,0.0,0.016900001,KRX_IDX_1001,KRW,INDEX
1998-08-27,0.0,0.0,0.0171,KRX_IDX_1001,KRW,INDEX
1998-08-28,0.0,0.0,0.0173,KRX_IDX_1001,KRW,INDEX
1998-08-29,0.0,0.0,0.0176,KRX_IDX_1001,KRW,INDEX
1998-08-31,0.0,0.0,0.0173,KRX_IDX_1001,KRW,INDEX
1998-09-01,0.0,0.0,0.0173,KRX_IDX_1001,KRW,INDEX
1998-09-02,0.0,0.0,0.017,KRX_IDX_1001,KRW,INDEX
1998-09-03,0.0,0.0,0.017,KRX_IDX_1001,KRW,INDEX
1998-09-04,0.0,0.0,0.017,KRX_IDX_1001,KRW,INDEX
1998-09-05,0.0,0.0,0.016900001,KRX_IDX_1001,KRW,INDEX
1998-09-07,0.0,0.0,0.0163,KRX_IDX_1001,KRW,INDEX
1998-09-08,0.0,0.0,0.0164,KRX_IDX_1001,KRW,INDEX
1998-09-09,0.0,0.0,0.0162,KRX_IDX_1001,KRW,INDEX
1998-09-10,0.0,0.0,0.015800001,KRX_IDX_1001,KRW,INDEX
1998-09-11,0.0,0.0,0.0167,KRX_IDX_1001,KRW,INDEX
1998-09-12,0.0,0.0,0.0167,KRX_IDX_1001,KRW,INDEX
1998-09-14,0.0,0.0,0.017,KRX_IDX_1001,KRW,INDEX
1998-09-15,0.0,0.0,0.0172,KRX_IDX_1001,KRW,INDEX
1998-09-16,0.0,0.0,0.0171,KRX_IDX_1001,KRW,INDEX
1998-09-17,0.0,0.0,0.0172,KRX_IDX_1001,KRW,INDEX
1998-09-18,0.0,0.0,0.0176,KRX_IDX_1001,KRW,INDEX
1998-09-19,0.0,0.0,0.0177,KRX_IDX_1001,KRW,INDEX
1998-09-21,0.0,0.0,0.0179,KRX_IDX_1001,KRW,INDEX
1998-09-22,0.0,0.0,0.0182,KRX_IDX_1001,KRW,INDEX
1998-09-23,0.0,0.0,0.0182,KRX_IDX_1001,KRW,INDEX
1998-09-24,0.0,0.0,0.0171,KRX_IDX_1001,KRW,INDEX
1998-09-25,0.0,0.0,0.0176,KRX_IDX_1001,KRW,INDEX
1998-09-26,0.0,0.0,0.0174,KRX_IDX_1001,KRW,INDEX
1998-09-28,0.0,0.0,0.0174,KRX_IDX_1001,KRW,INDEX
1998-09-29,0.0,0.0,0.0171,KRX_IDX_1001,KRW,INDEX
1998-09-30,0.0,0.0,0.0172,KRX_IDX_1001,KRW,INDEX
1998-10-01,0.0,0.0,0.0175,KRX_IDX_1001,KRW,INDEX
1998-10-02,0.0,0.0,0.0173,KRX_IDX_1001,KRW,INDEX
1998-10-07,0.0,0.0,0.017,KRX_IDX_1001,KRW,INDEX
1998-10-08,0.0,0.0,0.0175,KRX_IDX_1001,KRW,INDEX
1998-10-09,0.0,0.0,0.0163,KRX_IDX_1001,KRW,INDEX
1998-10-10,0.0,0.0,0.015800001,KRX_IDX_1001,KRW,INDEX
1998-10-12,0.0,0.0,0.0152,KRX_IDX_1001,KRW,INDEX
1998-10-13,0.0,0.0,0.0154,KRX_IDX_1001,KRW,INDEX
1998-10-14,0.0,0.0,0.0154,KRX_IDX_1001,KRW,INDEX
1998-10-15,0.0,0.0,0.0145000005,KRX_IDX_1001,KRW,INDEX
1998-10-16,0.0,0.0,0.0143,KRX_IDX_1001,KRW,INDEX
1998-10-17,0.0,0.0,0.0139,KRX_IDX_1001,KRW,INDEX
1998-10-19,0.0,0.0,0.0143,KRX_IDX_1001,KRW,INDEX
1998-10-20,0.0,0.0,0.0137,KRX_IDX_1001,KRW,INDEX
1998-10-21,0.0,0.0,0.0139999995,KRX_IDX_1001,KRW,INDEX
1998-10-22,0.0,0.0,0.0139,KRX_IDX_1001,KRW,INDEX
1998-10-23,0.0,0.0,0.014099999,KRX_IDX_1001,KRW,INDEX
1998-10-24,0.0,0.0,0.0139999995,KRX_IDX_1001,KRW,INDEX
1998-10-26,0.0,0.0,0.0143,KRX_IDX_1001,KRW,INDEX
1998-10-27,0.0,0.0,0.0148,KRX_IDX_1001,KRW,INDEX
1998-10-28,0.0,0.0,0.0146,KRX_IDX_1001,KRW,INDEX
1998-10-29,0.0,0.0,0.0137,KRX_IDX_1001,KRW,INDEX
1998-10-30,0.0,0.0,0.013200001,KRX_IDX_1001,KRW,INDEX
1998-10-31,0.0,0.0,0.0126,KRX_IDX_1001,KRW,INDEX
1998-11-02,0.0,0.0,0.0125,KRX_IDX_1001,KRW,INDEX
1998-11-03,0.0,0.0,0.0124,KRX_IDX_1001,KRW,INDEX
1998-11-04,0.0,0.0,0.012200001,KRX_IDX_1001,KRW,INDEX
1998-11-05,0.0,0.0,0.0121,KRX_IDX_1001,KRW,INDEX
1998-11-06,0.0,0.0,0.0121,KRX_IDX_1001,KRW,INDEX
1998-11-07,0.0,0.0,0.0121,KRX_IDX_1001,KRW,INDEX
1998-11-09,0.0,0.0,0.0119,KRX_IDX_1001,KRW,INDEX
1998-11-10,0.0,0.0,0.0126,KRX_IDX_1001,KRW,INDEX
1998-11-11,0.0,0.0,0.0127,KRX_IDX_1001,KRW,INDEX
1998-11-12,0.0,0.0,0.0126,KRX_IDX_1001,KRW,INDEX
1998-11-13,0.0,0.0,0.0126,KRX_IDX_1001,KRW,INDEX
1998-11-14,0.0,0.0,0.0123000005,KRX_IDX_1001,KRW,INDEX
1998-11-16,0.0,0.0,0.0121,KRX_IDX_1001,KRW,INDEX
1998-11-17,0.0,0.0,0.012,KRX_IDX_1001,KRW,INDEX
1998-11-18,0.0,0.0,0.0121,KRX_IDX_1001,KRW,INDEX
1998-11-19,0.0,0.0,0.0116,KRX_IDX_1001,KRW,INDEX
1998-11-20,0.0,0.0,0.0112,KRX_IDX_1001,KRW,INDEX
1998-11-21,0.0,0.0,0.0111,KRX_IDX_1001,KRW,INDEX
1998-11-23,0.0,0.0,0.0112,KRX_IDX_1001,KRW,INDEX
1998-11-24,0.0,0.0,0.0111,KRX_IDX_1001,KRW,INDEX
1998-11-25,0.0,0.0,0.011,KRX_IDX_1001,KRW,INDEX
1998-11-26,0.0,0.0,0.0114,KRX_IDX_1001,KRW,INDEX
1998-11-27,0.0,0.0,0.0115,KRX_IDX_1001,KRW,INDEX
1998-11-28,0.0,0.0,0.0112,KRX_IDX_1001,KRW,INDEX
1998-11-30,0.0,0.0,0.0114,KRX_IDX_1001,KRW,INDEX
1998-12-01,0.0,0.0,0.0115,KRX_IDX_1001,KRW,INDEX
1998-12-02,0.0,0.0,0.0115,KRX_IDX_1001,KRW,INDEX
1998-12-03,0.0,0.0,0.0115,KRX_IDX_1001,KRW,INDEX
1998-12-04,0.0,0.0,0.011,KRX_IDX_1001,KRW,INDEX
1998-12-05,0.0,0.0,0.0105,KRX_IDX_1001,KRW,INDEX
1998-12-07,0.0,0.0,0.01,KRX_IDX_1001,KRW,INDEX
1998-12-08,0.0,0.0,0.0101,KRX_IDX_1001,KRW,INDEX
1998-12-09,0.0,0.0,0.0098,KRX_IDX_1001,KRW,INDEX
1998-12-10,0.0,0.0,0.0091,KRX_IDX_1001,KRW,INDEX
1998-12-11,0.0,0.0,0.0093,KRX_IDX_1001,KRW,INDEX
1998-12-14,0.0,0.0,0.0093,KRX_IDX_1001,KRW,INDEX
1998-12-15,0.0,0.0,0.0089,KRX_IDX_1001,KRW,INDEX
1998-12-16,0.0,0.0,0.0095,KRX_IDX_1001,KRW,INDEX
1998-12-17,0.0,0.0,0.0098,KRX_IDX_1001,KRW,INDEX
1998-12-18,0.0,0.0,0.0098,KRX_IDX_1001,KRW,INDEX
1998-12-21,0.0,0.0,0.0092,KRX_IDX_1001,KRW,INDEX
1998-12-22,0.0,0.0,0.0094,KRX_IDX_1001,KRW,INDEX
1998-12-23,0.0,0.0,0.0094,KRX_IDX_1001,KRW,INDEX
1998-12-24,0.0,0.0,0.0092,KRX_IDX_1001,KRW,INDEX
1998-12-28,0.0,0.0,0.009,KRX_IDX_1001,KRW,INDEX
1999-01-04,0.0,0.0,0.0087,KRX_IDX_1001,KRW,INDEX
1999-01-05,0.0,0.0,0.0085,KRX_IDX_1001,KRW,INDEX
1999-01-06,0.0,0.0,0.0083,KRX_IDX_1001,KRW,INDEX
1999-01-07,0.0,0.0,0.008,KRX_IDX_1001,KRW,INDEX
1999-01-08,0.0,0.0,0.008,KRX_IDX_1001,KRW,INDEX
1999-01-11,0.0,0.0,0.0078,KRX_IDX_1001,KRW,INDEX
1999-01-12,0.0,0.0,0.007900001,KRX_IDX_1001,KRW,INDEX
1999-01-13,0.0,0.0,0.007900001,KRX_IDX_1001,KRW,INDEX
1999-01-14,0.0,0.0,0.0083,KRX_IDX_1001,KRW,INDEX
1999-01-15,0.0,0.0,0.0082,KRX_IDX_1001,KRW,INDEX
1999-01-18,0.0,0.0,0.0081,KRX_IDX_1001,KRW,INDEX
1999-01-19,0.0,0.0,0.0081,KRX_IDX_1001,KRW,INDEX
1999-01-20,0.0,0.0,0.0082,KRX_IDX_1001,KRW,INDEX
1999-01-21,0.0,0.0,0.0086,KRX_IDX_1001,KRW,INDEX
1999-01-22,0.0,0.0,0.0091,KRX_IDX_1001,KRW,INDEX
1999-01-25,0.0,0.0,0.0093,KRX_IDX_1001,KRW,INDEX
1999-01-26,0.0,0.0,0.0094,KRX_IDX_1001,KRW,INDEX
1999-01-27,0.0,0.0,0.0089,KRX_IDX_1001,KRW,INDEX
1999-01-28,0.0,0.0,0.0088,KRX_IDX_1001,KRW,INDEX
1999-01-29,0.0,0.0,0.0088,KRX_IDX_1001,KRW,INDEX
1999-02-01,0.0,0.0,0.0086,KRX_IDX_1001,KRW,INDEX
1999-02-02,0.0,0.0,0.0088,KRX_IDX_1001,KRW,INDEX
1999-02-03,0.0,0.0,0.009,KRX_IDX_1001,KRW,INDEX
1999-02-04,0.0,0.0,0.009,KRX_IDX_1001,KRW,INDEX
1999-02-05,0.0,0.0,0.0091,KRX_IDX_1001,KRW,INDEX
1999-02-08,0.0,0.0,0.0091,KRX_IDX_1001,KRW,INDEX
1999-02-09,0.0,0.0,0.0095,KRX_IDX_1001,KRW,INDEX
1999-02-10,0.0,0.0,0.0095,KRX_IDX_1001,KRW,INDEX
1999-02-11,0.0,0.0,0.0095,KRX_IDX_1001,KRW,INDEX
1999-02-12,0.0,0.0,0.009,KRX_IDX_1001,KRW,INDEX
1999-02-18,0.0,0.0,0.0093,KRX_IDX_1001,KRW,INDEX
1999-02-19,0.0,0.0,0.0095,KRX_IDX_1001,KRW,INDEX
1999-02-22,0.0,0.0,0.0098,KRX_IDX_1001,KRW,INDEX
1999-02-23,0.0,0.0,0.0099,KRX_IDX_1001,KRW,INDEX
1999-02-24,0.0,0.0,0.0099,KRX_IDX_1001,KRW,INDEX
1999-02-25,0.0,0.0,0.0099,KRX_IDX_1001,KRW,INDEX
1999-02-26,0.0,0.0,0.0095,KRX_IDX_1001,KRW,INDEX
1999-03-02,0.0,0.0,0.0092,KRX_IDX_1001,KRW,INDEX
1999-03-03,0.0,0.0,0.0092,KRX_IDX_1001,KRW,INDEX
1999-03-04,0.0,0.0,0.0093,KRX_IDX_1001,KRW,INDEX
1999-03-05,0.0,0.0,0.0091,KRX_IDX_1001,KRW,INDEX
1999-03-08,0.0,0.0,0.0086,KRX_IDX_1001,KRW,INDEX
1999-03-09,0.0,0.0,0.0085,KRX_IDX_1001,KRW,INDEX
1999-03-10,0.0,0.0,0.0085,KRX_IDX_1001,KRW,INDEX
1999-03-11,0.0,0.0,0.0083,KRX_IDX_1001,KRW,INDEX
1999-03-12,0.0,0.0,0.0082,KRX_IDX_1001,KRW,INDEX
1999-03-15,0.0,0.0,0.0082,KRX_IDX_1001,KRW,INDEX
1999-03-16,0.0,0.0,0.0081,KRX_IDX_1001,KRW,INDEX
1999-03-17,0.0,0.0,0.0081,KRX_IDX_1001,KRW,INDEX
1999-03-18,0.0,0.0,0.0084,KRX_IDX_1001,KRW,INDEX
1999-03-19,0.0,0.0,0.008,KRX_IDX_1001,KRW,INDEX
1999-03-22,0.0,0.0,0.008,KRX_IDX_1001,KRW,INDEX
1999-03-23,0.0,0.0,0.007900001,KRX_IDX_1001,KRW,INDEX
1999-03-24,0.0,0.0,0.007900001,KRX_IDX_1001,KRW,INDEX
1999-03-25,0.0,0.0,0.008,KRX_IDX_1001,KRW,INDEX
1999-03-26,0.0,0.0,0.008,KRX_IDX_1001,KRW,INDEX
1999-03-29,0.0,0.0,0.0081,KRX_IDX_1001,KRW,INDEX
1999-03-30,0.0,0.0,0.007900001,KRX_IDX_1001,KRW,INDEX
1999-03-31,0.0,0.0,0.007900001,KRX_IDX_1001,KRW,INDEX
1999-04-01,0.0,0.0,0.0076,KRX_IDX_1001,KRW,INDEX
1999-04-02,0.0,0.0,0.0076,KRX_IDX_1001,KRW,INDEX
1999-04-06,0.0,0.0,0.0073,KRX_IDX_1001,KRW,INDEX
1999-04-07,0.0,0.0,0.0072000003,KRX_IDX_1001,KRW,INDEX
1999-04-08,0.0,0.0,0.0072000003,KRX_IDX_1001,KRW,INDEX
1999-04-09,0.0,0.0,0.0070999996,KRX_IDX_1001,KRW,INDEX
1999-04-12,0.0,0.0,0.0070999996,KRX_IDX_1001,KRW,INDEX
1999-04-13,0.0,0.0,0.0070999996,KRX_IDX_1001,KRW,INDEX
1999-04-14,0.0,0.0,0.0070999996,KRX_IDX_1001,KRW,INDEX
1999-04-15,0.0,0.0,0.0067000003,KRX_IDX_1001,KRW,INDEX
1999-04-16,0.0,0.0,0.0067000003,KRX_IDX_1001,KRW,INDEX
1999-04-19,0.0,0.0,0.0064,KRX_IDX_1001,KRW,INDEX
1999-04-20,0.0,0.0,0.0063,KRX_IDX_1001,KRW,INDEX
1999-04-21,0.0,0.0,0.0066000004,KRX_IDX_1001,KRW,INDEX
1999-04-22,0.0,0.0,0.0086,KRX_IDX_1001,KRW,INDEX
1999-04-23,0.0,0.0,0.0085,KRX_IDX_1001,KRW,INDEX
1999-04-26,0.0,0.0,0.0082,KRX_IDX_1001,KRW,INDEX
1999-04-27,0.0,0.0,0.0081,KRX_IDX_1001,KRW,INDEX
1999-04-28,0.0,0.0,0.0081,KRX_IDX_1001,KRW,INDEX
1999-04-29,0.0,0.0,0.0085,KRX_IDX_1001,KRW,INDEX
1999-04-30,0.0,0.0,0.0085,KRX_IDX_1001,KRW,INDEX
1999-05-03,0.0,0.0,0.0085,KRX_IDX_1001,KRW,INDEX
1999-05-04,0.0,0.0,0.0083,KRX_IDX_1001,KRW,INDEX
1999-05-06,0.0,0.0,0.008,KRX_IDX_1001,KRW,INDEX
1999-05-07,0.0,0.0,0.008,KRX_IDX_1001,KRW,INDEX
1999-05-10,0.0,0.0,0.007900001,KRX_IDX_1001,KRW,INDEX
1999-05-11,0.0,0.0,0.0083,KRX_IDX_1001,KRW,INDEX
1999-05-12,0.0,0.0,0.0084,KRX_IDX_1001,KRW,INDEX
1999-05-13,0.0,0.0,0.0087,KRX_IDX_1001,KRW,INDEX
1999-05-14,0.0,0.0,0.0088,KRX_IDX_1001,KRW,INDEX
1999-05-17,0.0,0.0,0.009,KRX_IDX_1001,KRW,INDEX
1999-05-18,0.0,0.0,0.0088,KRX_IDX_1001,KRW,INDEX
1999-05-19,0.0,0.0,0.0088,KRX_IDX_1001,KRW,INDEX
1999-05-20,0.0,0.0,0.0091,KRX_IDX_1001,KRW,INDEX
1999-05-21,0.0,0.0,0.009,KRX_IDX_1001,KRW,INDEX
1999-05-24,0.0,0.0,0.0092,KRX_IDX_1001,KRW,INDEX
1999-05-25,0.0,0.0,0.0092,KRX_IDX_1001,KRW,INDEX
1999-05-26,0.0,0.0,0.0089,KRX_IDX_1001,KRW,INDEX
1999-05-27,0.0,0.0,0.0088,KRX_IDX_1001,KRW,INDEX
1999-05-28,0.0,0.0,0.0087,KRX_IDX_1001,KRW,INDEX
1999-05-31,0.0,0.0,0.0087,KRX_IDX_1001,KRW,INDEX
1999-06-01,0.0,0.0,0.0085,KRX_IDX_1001,KRW,INDEX
1999-06-02,0.0,0.0,0.0082,KRX_IDX_1001,KRW,INDEX
1999-06-03,0.0,0.0,0.0082,KRX_IDX_1001,KRW,INDEX
1999-06-04,0.0,0.0,0.008,KRX_IDX_1001,KRW,INDEX
1999-06-07,0.0,0.0,0.0076,KRX_IDX_1001,KRW,INDEX
1999-06-08,0.0,0.0,0.0075,KRX_IDX_1001,KRW,INDEX
1999-06-09,0.0,0.0,0.008,KRX_IDX_1001,KRW,INDEX
1999-06-10,0.0,0.0,0.0075,KRX_IDX_1001,KRW,INDEX
1999-06-11,0.0,0.0,0.0075,KRX_IDX_1001,KRW,INDEX
1999-06-14,0.0,0.0,0.0078,KRX_IDX_1001,KRW,INDEX
1999-06-15,0.0,0.0,0.007900001,KRX_IDX_1001,KRW,INDEX
1999-06-16,0.0,0.0,0.0076,KRX_IDX_1001,KRW,INDEX
1999-06-17,0.0,0.0,0.0076,KRX_IDX_1001,KRW,INDEX
1999-06-18,0.0,0.0,0.0076,KRX_IDX_1001,KRW,INDEX
1999-06-21,0.0,0.0,0.0073,KRX_IDX_1001,KRW,INDEX
1999-06-22,0.0,0.0,0.0072000003,KRX_IDX_1001,KRW,INDEX
1999-06-23,0.0,0.0,0.0070999996,KRX_IDX_1001,KRW,INDEX
1999-06-24,0.0,0.0,0.0072000003,KRX_IDX_1001,KRW,INDEX
1999-06-25,0.0,0.0,0.0072000003,KRX_IDX_1001,KRW,INDEX
1999-06-28,0.0,0.0,0.0069999998,KRX_IDX_1001,KRW,INDEX
1999-06-29,0.0,0.0,0.0070999996,KRX_IDX_1001,KRW,INDEX
1999-06-30,0.0,0.0,0.0072000003,KRX_IDX_1001,KRW,INDEX
1999-07-01,0.0,0.0,0.0069,KRX_IDX_1001,KRW,INDEX
1999-07-02,0.0,0.0,0.0068,KRX_IDX_1001,KRW,INDEX
1999-07-05,0.0,0.0,0.0066000004,KRX_IDX_1001,KRW,INDEX
1999-07-06,0.0,0.0,0.0064,KRX_IDX_1001,KRW,INDEX
1999-07-07,0.0,0.0,0.0063,KRX_IDX_1001,KRW,INDEX
1999-07-08,0.0,0.0,0.0063,KRX_IDX_1001,KRW,INDEX
1999-07-09,0.0,0.0,0.0061000003,KRX_IDX_1001,KRW,INDEX
1999-07-12,0.0,0.0,0.0063,KRX_IDX_1001,KRW,INDEX
1999-07-13,0.0,0.0,0.0064,KRX_IDX_1001,KRW,INDEX
1999-07-14,0.0,0.0,0.0072000003,KRX_IDX_1001,KRW,INDEX
1999-07-15,0.0,0.0,0.0069999998,KRX_IDX_1001,KRW,INDEX
1999-07-16,0.0,0.0,0.0068,KRX_IDX_1001,KRW,INDEX
1999-07-19,0.0,0.0,0.0068,KRX_IDX_1001,KRW,INDEX
1999-07-20,0.0,0.0,0.0069,KRX_IDX_1001,KRW,INDEX
1999-07-21,0.0,0.0,0.0072000003,KRX_IDX_1001,KRW,INDEX
1999-07-22,0.0,0.0,0.0070999996,KRX_IDX_1001,KRW,INDEX
1999-07-23,0.0,0.0,0.0076,KRX_IDX_1001,KRW,INDEX
1999-07-26,0.0,0.0,0.007900001,KRX_IDX_1001,KRW,INDEX
1999-07-27,0.0,0.0,0.0074,KRX_IDX_1001,KRW,INDEX
1999-07-28,0.0,0.0,0.0073,KRX_IDX_1001,KRW,INDEX
1999-07-29,0.0,0.0,0.0069,KRX_IDX_1001,KRW,INDEX
1999-07-30,0.0,0.0,0.0070999996,KRX_IDX_1001,KRW,INDEX
1999-08-02,0.0,0.0,0.0072000003,KRX_IDX_1001,KRW,INDEX
1999-08-03,0.0,0.0,0.0070999996,KRX_IDX_1001,KRW,INDEX
1999-08-04,0.0,0.0,0.0070999996,KRX_IDX_1001,KRW,INDEX
1999-08-05,0.0,0.0,0.0073,KRX_IDX_1001,KRW,INDEX
1999-08-06,0.0,0.0,0.0073,KRX_IDX_1001,KRW,INDEX
1999-08-09,0.0,0.0,0.0073,KRX_IDX_1001,KRW,INDEX
1999-08-10,0.0,0.0,0.0070999996,KRX_IDX_1001,KRW,INDEX
1999-08-11,0.0,0.0,0.0073,KRX_IDX_1001,KRW,INDEX
1999-08-12,0.0,0.0,0.0072000003,KRX_IDX_1001,KRW,INDEX
1999-08-13,0.0,0.0,0.0075,KRX_IDX_1001,KRW,INDEX
1999-08-16,0.0,0.0,0.0076,KRX_IDX_1001,KRW,INDEX
1999-08-17,0.0,0.0,0.0078,KRX_IDX_1001,KRW,INDEX
1999-08-18,0.0,0.0,0.007900001,KRX_IDX_1001,KRW,INDEX
1999-08-19,0.0,0.0,0.007900001,KRX_IDX_1001,KRW,INDEX
1999-08-20,0.0,0.0,0.0078,KRX_IDX_1001,KRW,INDEX
1999-08-23,0.0,0.0,0.0075,KRX_IDX_1001,KRW,INDEX
1999-08-24,0.0,0.0,0.0073,KRX_IDX_1001,KRW,INDEX
1999-08-25,0.0,0.0,0.0070999996,KRX_IDX_1001,KRW,INDEX
1999-08-26,0.0,0.0,0.0070999996,KRX_IDX_1001,KRW,INDEX
1999-08-27,0.0,0.0,0.0070999996,KRX_IDX_1001,KRW,INDEX
1999-08-30,0.0,0.0,0.0073,KRX_IDX_1001,KRW,INDEX
1999-08-31,0.0,0.0,0.0073,KRX_IDX_1001,KRW,INDEX
1999-09-01,0.0,0.0,0.0076,KRX_IDX_1001,KRW,INDEX
1999-09-02,0.0,0.0,0.0076,KRX_IDX_1001,KRW,INDEX
1999-09-03,0.0,0.0,0.0075,KRX_IDX_1001,KRW,INDEX
1999-09-06,0.0,0.0,0.0073,KRX_IDX_1001,KRW,INDEX
1999-09-07,0.0,0.0,0.0073,KRX_IDX_1001,KRW,INDEX
1999-09-08,0.0,0.0,0.0073,KRX_IDX_1001,KRW,INDEX
1999-09-09,0.0,0.0,0.0072000003,KRX_IDX_1001,KRW,INDEX
1999-09-10,0.0,0.0,0.0070999996,KRX_IDX_1001,KRW,INDEX
1999-09-13,0.0,0.0,0.0069999998,KRX_IDX_1001,KRW,INDEX
1999-09-14,0.0,0.0,0.0070999996,KRX_IDX_1001,KRW,INDEX
1999-09-15,0.0,0.0,0.0072000003,KRX_IDX_1001,KRW,INDEX
1999-09-16,0.0,0.0,0.0075,KRX_IDX_1001,KRW,INDEX
1999-09-17,0.0,0.0,0.0074,KRX_IDX_1001,KRW,INDEX
1999-09-20,0.0,0.0,0.0073,KRX_IDX_1001,KRW,INDEX
1999-09-21,0.0,0.0,0.0072000003,KRX_IDX_1001,KRW,INDEX
1999-09-22,0.0,0.0,0.0073,KRX_IDX_1001,KRW,INDEX
1999-09-27,0.0,0.0,0.0076,KRX_IDX_1001,KRW,INDEX
1999-09-28,0.0,0.0,0.0076,KRX_IDX_1001,KRW,INDEX
1999-09-29,0.0,0.0,0.007900001,KRX_IDX_1001,KRW,INDEX
1999-09-30,0.0,0.0,0.0082,KRX_IDX_1001,KRW,INDEX
1999-10-01,0.0,0.0,0.0082,KRX_IDX_1001,KRW,INDEX
1999-10-04,0.0,0.0,0.0084,KRX_IDX_1001,KRW,INDEX
1999-10-05,0.0,0.0,0.0087,KRX_IDX_1001,KRW,INDEX
1999-10-06,0.0,0.0,0.0082,KRX_IDX_1001,KRW,INDEX
1999-10-07,0.0,0.0,0.0081,KRX_IDX_1001,KRW,INDEX
1999-10-08,0.0,0.0,0.0081,KRX_IDX_1001,KRW,INDEX
1999-10-11,0.0,0.0,0.0082,KRX_IDX_1001,KRW,INDEX
1999-10-12,0.0,0.0,0.008,KRX_IDX_1001,KRW,INDEX
1999-10-13,0.0,0.0,0.008,KRX_IDX_1001,KRW,INDEX
1999-10-14,0.0,0.0,0.007900001,KRX_IDX_1001,KRW,INDEX
1999-10-15,0.0,0.0,0.008,KRX_IDX_1001,KRW,INDEX
1999-10-18,0.0,0.0,0.0083,KRX_IDX_1001,KRW,INDEX
1999-10-19,0.0,0.0,0.0084,KRX_IDX_1001,KRW,INDEX
1999-10-20,0.0,0.0,0.0083,KRX_IDX_1001,KRW,INDEX
1999-10-21,0.0,0.0,0.0084,KRX_IDX_1001,KRW,INDEX
1999-10-22,0.0,0.0,0.0084,KRX_IDX_1001,KRW,INDEX
1999-10-25,0.0,0.0,0.0086,KRX_IDX_1001,KRW,INDEX
1999-10-26,0.0,0.0,0.0086,KRX_IDX_1001,KRW,INDEX
1999-10-27,0.0,0.0,0.0084,KRX_IDX_1001,KRW,INDEX
1999-10-28,0.0,0.0,0.0081,KRX_IDX_1001,KRW,INDEX
1999-10-29,0.0,0.0,0.008,KRX_IDX_1001,KRW,INDEX
1999-11-01,0.0,0.0,0.0076,KRX_IDX_1001,KRW,INDEX
1999-11-02,0.0,0.0,0.0075,KRX_IDX_1001,KRW,INDEX
1999-11-03,0.0,0.0,0.0076,KRX_IDX_1001,KRW,INDEX
1999-11-04,0.0,0.0,0.0074,KRX_IDX_1001,KRW,INDEX
1999-11-05,0.0,0.0,0.0074,KRX_IDX_1001,KRW,INDEX
1999-11-08,0.0,0.0,0.0074,KRX_IDX_1001,KRW,INDEX
1999-11-09,0.0,0.0,0.0070999996,KRX_IDX_1001,KRW,INDEX
1999-11-10,0.0,0.0,0.0070999996,KRX_IDX_1001,KRW,INDEX
1999-11-11,0.0,0.0,0.0070999996,KRX_IDX_1001,KRW,INDEX
1999-11-12,0.0,0.0,0.0069999998,KRX_IDX_1001,KRW,INDEX
1999-11-15,0.0,0.0,0.0069,KRX_IDX_1001,KRW,INDEX
1999-11-16,0.0,0.0,0.0067000003,KRX_IDX_1001,KRW,INDEX
1999-11-17,0.0,0.0,0.0069999998,KRX_IDX_1001,KRW,INDEX
1999-11-18,0.0,0.0,0.0069,KRX_IDX_1001,KRW,INDEX
1999-11-19,0.0,0.0,0.0068,KRX_IDX_1001,KRW,INDEX
1999-11-22,0.0,0.0,0.0069,KRX_IDX_1001,KRW,INDEX
1999-11-23,0.0,0.0,0.0069,KRX_IDX_1001,KRW,INDEX
1999-11-24,0.0,0.0,0.0069,KRX_IDX_1001,KRW,INDEX
1999-11-25,0.0,0.0,0.0069,KRX_IDX_1001,KRW,INDEX
1999-11-26,0.0,0.0,0.0070999996,KRX_IDX_1001,KRW,INDEX
1999-11-29,0.0,0.0,0.0069,KRX_IDX_1001,KRW,INDEX
1999-11-30,0.0,0.0,0.0067000003,KRX_IDX_1001,KRW,INDEX
1999-12-01,0.0,0.0,0.0067000003,KRX_IDX_1001,KRW,INDEX
1999-12-02,0.0,0.0,0.0069,KRX_IDX_1001,KRW,INDEX
1999-12-03,0.0,0.0,0.0069,KRX_IDX_1001,KRW,INDEX
1999-12-06,0.0,0.0,0.0067000003,KRX_IDX_1001,KRW,INDEX
1999-12-07,0.0,0.0,0.0067000003,KRX_IDX_1001,KRW,INDEX
1999-12-08,0.0,0.0,0.0067000003,KRX_IDX_1001,KRW,INDEX
1999-12-09,0.0,0.0,0.0068,KRX_IDX_1001,KRW,INDEX
1999-12-10,0.0,0.0,0.0066000004,KRX_IDX_1001,KRW,INDEX
1999-12-13,0.0,0.0,0.0066000004,KRX_IDX_1001,KRW,INDEX
1999-12-14,0.0,0.0,0.0067000003,KRX_IDX_1001,KRW,INDEX
1999-12-15,0.0,0.0,0.0069999998,KRX_IDX_1001,KRW,INDEX
1999-12-16,0.0,0.0,0.0070999996,KRX_IDX_1001,KRW,INDEX
1999-12-17,0.0,0.0,0.0070999996,KRX_IDX_1001,KRW,INDEX
1999-12-20,0.0,0.0,0.0069,KRX_IDX_1001,KRW,INDEX
1999-12-21,0.0,0.0,0.0069999998,KRX_IDX_1001,KRW,INDEX
1999-12-22,0.0,0.0,0.0069,KRX_IDX_1001,KRW,INDEX
1999-12-23,0.0,0.0,0.0069,KRX_IDX_1001,KRW,INDEX
1999-12-24,0.0,0.0,0.0067000003,KRX_IDX_1001,KRW,INDEX
1999-12-27,0.0,0.0,0.0066000004,KRX_IDX_1001,KRW,INDEX
1999-12-28,0.0,0.0,0.0064999997,KRX_IDX_1001,KRW,INDEX
2000-01-04,0.0,0.0,0.0063,KRX_IDX_1001,KRW,INDEX
2000-01-05,0.0,0.0,0.0068,KRX_IDX_1001,KRW,INDEX
2000-01-06,0.0,0.0,0.0069999998,KRX_IDX_1001,KRW,INDEX
2000-01-07,0.0,0.0,0.0070999996,KRX_IDX_1001,KRW,INDEX
2000-01-10,0.0,0.0,0.0068,KRX_IDX_1001,KRW,INDEX
2000-01-11,0.0,0.0,0.0069,KRX_IDX_1001,KRW,INDEX
2000-01-12,0.0,0.0,0.0069999998,KRX_IDX_1001,KRW,INDEX
2000-01-13,0.0,0.0,0.0070999996,KRX_IDX_1001,KRW,INDEX
2000-01-14,0.0,0.0,0.0070999996,KRX_IDX_1001,KRW,INDEX
2000-01-17,0.0,0.0,0.0069,KRX_IDX_1001,KRW,INDEX
2000-01-18,0.0,0.0,0.0069,KRX_IDX_1001,KRW,INDEX
2000-01-19,0.0,0.0,0.0072000003,KRX_IDX_1001,KRW,INDEX
2000-01-20,0.0,0.0,0.0070999996,KRX_IDX_1001,KRW,INDEX
2000-01-21,0.0,0.0,0.0073,KRX_IDX_1001,KRW,INDEX
2000-01-24,0.0,0.0,0.0073,KRX_IDX_1001,KRW,INDEX
2000-01-25,0.0,0.0,0.0076,KRX_IDX_1001,KRW,INDEX
2000-01-26,0.0,0.0,0.0077,KRX_IDX_1001,KRW,INDEX
2000-01-27,0.0,0.0,0.0075,KRX_IDX_1001,KRW,INDEX
2000-01-28,0.0,0.0,0.0072000003,KRX_IDX_1001,KRW,INDEX
2000-01-31,0.0,0.0,0.0072000003,KRX_IDX_1001,KRW,INDEX
2000-02-01,0.0,0.0,0.0073,KRX_IDX_1001,KRW,INDEX
2000-02-02,0.0,0.0,0.0072000003,KRX_IDX_1001,KRW,INDEX
2000-02-03,0.0,0.0,0.0070999996,KRX_IDX_1001,KRW,INDEX
2000-02-07,0.0,0.0,0.0069,KRX_IDX_1001,KRW,INDEX
2000-02-08,0.0,0.0,0.0069999998,KRX_IDX_1001,KRW,INDEX
2000-02-09,0.0,0.0,0.0069,KRX_IDX_1001,KRW,INDEX
2000-02-10,0.0,0.0,0.0069999998,KRX_IDX_1001,KRW,INDEX
2000-02-11,0.0,0.0,0.0070999996,KRX_IDX_1001,KRW,INDEX
2000-02-14,0.0,0.0,0.0074,KRX_IDX_1001,KRW,INDEX
2000-02-15,0.0,0.0,0.0077,KRX_IDX_1001,KRW,INDEX
2000-02-16,0.0,0.0,0.0077,KRX_IDX_1001,KRW,INDEX
2000-02-17,0.0,0.0,0.0075,KRX_IDX_1001,KRW,INDEX
2000-02-18,0.0,0.0,0.0076,KRX_IDX_1001,KRW,INDEX
2000-02-21,0.0,0.0,0.007900001,KRX_IDX_1001,KRW,INDEX
2000-02-22,0.0,0.0,0.007900001,KRX_IDX_1001,KRW,INDEX
2000-02-23,0.0,0.0,0.0076,KRX_IDX_1001,KRW,INDEX
2000-02-24,0.0,0.0,0.0077,KRX_IDX_1001,KRW,INDEX
2000-02-25,0.0,0.0,0.0077,KRX_IDX_1001,KRW,INDEX
2000-02-28,0.0,0.0,0.0082,KRX_IDX_1001,KRW,INDEX
2000-02-29,0.0,0.0,0.0081,KRX_IDX_1001,KRW,INDEX
2000-03-02,0.0,0.0,0.0075,KRX_IDX_1001,KRW,INDEX
2000-03-03,0.0,0.0,0.0075,KRX_IDX_1001,KRW,INDEX
2000-03-06,0.0,0.0,0.0074,KRX_IDX_1001,KRW,INDEX
2000-03-07,0.0,0.0,0.0074,KRX_IDX_1001,KRW,INDEX
2000-03-08,0.0,0.0,0.0073,KRX_IDX_1001,KRW,INDEX
2000-03-09,0.0,0.0,0.0076,KRX_IDX_1001,KRW,INDEX
2000-03-10,0.0,0.0,0.0075,KRX_IDX_1001,KRW,INDEX
2000-03-13,0.0,0.0,0.0078,KRX_IDX_1001,KRW,INDEX
2000-03-14,0.0,0.0,0.007900001,KRX_IDX_1001,KRW,INDEX
2000-03-15,0.0,0.0,0.008,KRX_IDX_1001,KRW,INDEX
2000-03-16,0.0,0.0,0.008,KRX_IDX_1001,KRW,INDEX
2000-03-17,0.0,0.0,0.0078,KRX_IDX_1001,KRW,INDEX
2000-03-20,0.0,0.0,0.007900001,KRX_IDX_1001,KRW,INDEX
2000-03-21,0.0,0.0,0.0078,KRX_IDX_1001,KRW,INDEX
2000-03-22,0.0,0.0,0.0076,KRX_IDX_1001,KRW,INDEX
2000-03-23,0.0,0.0,0.0077,KRX_IDX_1001,KRW,INDEX
2000-03-24,0.0,0.0,0.0076,KRX_IDX_1001,KRW,INDEX
2000-03-27,0.0,0.0,0.0076,KRX_IDX_1001,KRW,INDEX
2000-03-28,0.0,0.0,0.0076,KRX_IDX_1001,KRW,INDEX
2000-03-29,0.0,0.0,0.0074,KRX_IDX_1001,KRW,INDEX
2000-03-30,0.0,0.0,0.0076,KRX_IDX_1001,KRW,INDEX
2000-03-31,0.0,0.0,0.0078,KRX_IDX_1001,KRW,INDEX
2000-04-03,29.850000381469727,0.0,0.012999999336898327,KRX_IDX_1001,KRW,INDEX
2000-04-04,29.280000686645508,0.0,0.013300000689923763,KRX_IDX_1001,KRW,INDEX
2000-04-06,28.350000381469727,0.0,0.0137000000104308,KRX_IDX_1001,KRW,INDEX
2000-04-07,29.489999771118164,0.0,0.013200000859797,KRX_IDX_1001,KRW,INDEX
2000-04-10,30.649999618530273,0.0,0.01269999984651804,KRX_IDX_1001,KRW,INDEX
2000-04-11,30.139999389648438,0.0,0.012899999506771564,KRX_IDX_1001,KRW,INDEX
2000-04-12,29.350000381469727,0.0,0.013200000859797,KRX_IDX_1001,KRW,INDEX
2000-04-14,28.07999992370605,0.0,0.0137999998405575,KRX_IDX_1001,KRW,INDEX
2000-04-17,24.600000381469727,0.0,0.0157000012695789,KRX_IDX_1001,KRW,INDEX
2000-04-18,25.920000076293945,0.0,0.0148000000044703,KRX_IDX_1001,KRW,INDEX
2000-04-19,26.209999084472656,0.0,0.0147000001743435,KRX_IDX_1001,KRW,INDEX
2000-04-20,26.489999771118164,0.0,0.0146000003442168,KRX_IDX_1001,KRW,INDEX
2000-04-21,26.690000534057617,0.0,0.014500000514090061,KRX_IDX_1001,KRW,INDEX
2000-04-24,25.96999931335449,0.0,0.0148000000044703,KRX_IDX_1001,KRW,INDEX
2000-04-25,25.610000610351562,0.0,0.014999999664723873,KRX_IDX_1001,KRW,INDEX
2000-04-26,24.770000457763672,0.0,0.01549999974668026,KRX_IDX_1001,KRW,INDEX
2000-04-27,24.040000915527344,0.0,0.01600000075995922,KRX_IDX_1001,KRW,INDEX
2000-04-28,25.139999389648438,0.0,0.015300000086426735,KRX_IDX_1001,KRW,INDEX
2000-05-02,26.09000015258789,0.0,0.014700000174343586,KRX_IDX_1001,KRW,INDEX
2000-05-03,26.149999618530273,0.0,0.014700000174343586,KRX_IDX_1001,KRW,INDEX
2000-05-04,26.020000457763672,0.0,0.014800000004470348,KRX_IDX_1001,KRW,INDEX
2000-05-08,26.420000076293945,0.0,0.014400000683963299,KRX_IDX_1001,KRW,INDEX
2000-05-09,26.11000061035156,0.0,0.0146000003442168,KRX_IDX_1001,KRW,INDEX
2000-05-10,26.06999969482422,0.0,0.014600000344216824,KRX_IDX_1001,KRW,INDEX
2000-05-12,25.40999984741211,0.0,0.0149999996647238,KRX_IDX_1001,KRW,INDEX
2000-05-15,25.0,0.0,0.015200000256299973,KRX_IDX_1001,KRW,INDEX
2000-05-16,25.6200008392334,0.0,0.0148999998345971,KRX_IDX_1001,KRW,INDEX
2000-05-17,24.93000030517578,0.0,0.0153000000864267,KRX_IDX_1001,KRW,INDEX
2000-05-18,24.459999084472656,0.0,0.015599999576807,KRX_IDX_1001,KRW,INDEX
2000-05-19,24.979999542236328,0.0,0.0149999996647238,KRX_IDX_1001,KRW,INDEX
2000-05-22,23.540000915527344,0.0,0.01590000092983246,KRX_IDX_1001,KRW,INDEX
2000-05-23,23.149999618530273,0.0,0.016200000420212746,KRX_IDX_1001,KRW,INDEX
2000-05-24,22.969999313354492,0.0,0.016300000250339508,KRX_IDX_1001,KRW,INDEX
2000-05-25,25.299999237060547,0.0,0.0157000012695789,KRX_IDX_1001,KRW,INDEX
2000-05-26,23.440000534057617,0.0,0.01679999940097332,KRX_IDX_1001,KRW,INDEX
2000-05-29,23.399999618530273,0.0,0.01679999940097332,KRX_IDX_1001,KRW,INDEX
2000-05-30,24.639999389648438,0.0,0.01590000092983246,KRX_IDX_1001,KRW,INDEX
2000-05-31,26.219999313354492,0.0,0.014999999664723873,KRX_IDX_1001,KRW,INDEX
2000-06-01,26.469999313354492,0.0,0.01489999983459711,KRX_IDX_1001,KRW,INDEX
2000-06-02,27.25,0.0,0.014500000514090061,KRX_IDX_1001,KRW,INDEX
2000-06-05,28.43000030517578,0.0,0.013899999670684338,KRX_IDX_1001,KRW,INDEX
2000-06-07,29.459999084472656,0.0,0.013400000520050526,KRX_IDX_1001,KRW,INDEX
2000-06-08,28.64999961853028,0.0,0.0137999998405575,KRX_IDX_1001,KRW,INDEX
2000-06-09,29.940000534057617,0.0,0.013200000859797001,KRX_IDX_1001,KRW,INDEX
2000-06-12,30.26000022888184,0.0,0.0129999993368983,KRX_IDX_1001,KRW,INDEX
2000-06-13,28.65999984741211,0.0,0.0137999998405575,KRX_IDX_1001,KRW,INDEX
2000-06-14,29.079999923706055,0.0,0.01360000018030405,KRX_IDX_1001,KRW,INDEX
2000-06-15,27.38999938964844,0.0,0.0144000006839632,KRX_IDX_1001,KRW,INDEX
2000-06-16,26.96999931335449,0.0,0.0146000003442168,KRX_IDX_1001,KRW,INDEX
2000-06-19,26.84000015258789,0.0,0.0147000001743435,KRX_IDX_1001,KRW,INDEX
2000-06-20,27.8700008392334,0.0,0.014199999161064625,KRX_IDX_1001,KRW,INDEX
2000-06-21,27.700000762939453,0.0,0.0141999991610646,KRX_IDX_1001,KRW,INDEX
2000-06-22,27.709999084472656,0.0,0.0141999991610646,KRX_IDX_1001,KRW,INDEX
2000-06-23,27.56999969482422,0.0,0.0142999999225139,KRX_IDX_1001,KRW,INDEX
2000-06-26,28.030000686645508,0.0,0.0140999993309378,KRX_IDX_1001,KRW,INDEX
2000-06-27,28.700000762939453,0.0,0.013799999840557575,KRX_IDX_1001,KRW,INDEX
2000-06-28,29.020000457763672,0.0,0.013600000180304,KRX_IDX_1001,KRW,INDEX
2000-06-29,29.07999992370605,0.0,0.013600000180304,KRX_IDX_1001,KRW,INDEX
2000-06-30,29.170000076293945,0.0,0.013600000180304,KRX_IDX_1001,KRW,INDEX
2000-07-03,29.649999618530273,0.0,0.013400000520050526,KRX_IDX_1001,KRW,INDEX
2000-07-04,29.06999969482422,0.0,0.013600000180304,KRX_IDX_1001,KRW,INDEX
2000-07-05,29.5,0.0,0.0134000005200505,KRX_IDX_1001,KRW,INDEX
2000-07-06,29.780000686645508,0.0,0.013300000689923763,KRX_IDX_1001,KRW,INDEX
2000-07-07,29.940000534057617,0.0,0.0133000006899237,KRX_IDX_1001,KRW,INDEX
2000-07-10,30.280000686645508,0.0,0.01309999916702509,KRX_IDX_1001,KRW,INDEX
2000-07-11,29.790000915527344,0.0,0.013300000689923763,KRX_IDX_1001,KRW,INDEX
2000-07-12,29.8700008392334,0.0,0.013300000689923763,KRX_IDX_1001,KRW,INDEX
2000-07-13,30.09000015258789,0.0,0.013200000859797001,KRX_IDX_1001,KRW,INDEX
2000-07-14,29.450000762939453,0.0,0.013500000350177288,KRX_IDX_1001,KRW,INDEX
2000-07-18,28.920000076293945,0.0,0.0137000000104308,KRX_IDX_1001,KRW,INDEX
2000-07-19,28.3799991607666,0.0,0.0139999995008111,KRX_IDX_1001,KRW,INDEX
2000-07-20,28.950000762939453,0.0,0.0142999999225139,KRX_IDX_1001,KRW,INDEX
2000-07-21,29.010000228881836,0.0,0.014199999161064625,KRX_IDX_1001,KRW,INDEX
2000-07-24,27.360000610351562,0.0,0.015099999494850636,KRX_IDX_1001,KRW,INDEX
2000-07-25,27.350000381469727,0.0,0.0150999994948506,KRX_IDX_1001,KRW,INDEX
2000-07-26,19.209999084472656,0.0,0.016499999910593,KRX_IDX_1001,KRW,INDEX
2000-07-27,18.790000915527344,0.0,0.0169000010937452,KRX_IDX_1001,KRW,INDEX
2000-07-28,17.889999389648438,0.0,0.017799999564886093,KRX_IDX_1001,KRW,INDEX
2000-07-31,18.229999542236328,0.0,0.017400000244379,KRX_IDX_1001,KRW,INDEX
2000-08-01,18.770000457763672,0.0,0.0169000010937452,KRX_IDX_1001,KRW,INDEX
2000-08-02,18.809999465942383,0.0,0.01690000109374523,KRX_IDX_1001,KRW,INDEX
2000-08-03,18.639999389648438,0.0,0.017000000923871994,KRX_IDX_1001,KRW,INDEX
2000-08-04,18.34000015258789,0.0,0.01730000041425228,KRX_IDX_1001,KRW,INDEX
2000-08-07,17.399999618530273,0.0,0.018300000578165054,KRX_IDX_1001,KRW,INDEX
2000-08-08,17.389999389648438,0.0,0.0186000000685453,KRX_IDX_1001,KRW,INDEX
2000-08-09,18.559999465942383,0.0,0.017400000244379,KRX_IDX_1001,KRW,INDEX
2000-08-10,19.06999969482422,0.0,0.01690000109374523,KRX_IDX_1001,KRW,INDEX
2000-08-11,18.88999938964844,0.0,0.0171000007539987,KRX_IDX_1001,KRW,INDEX
2000-08-14,19.170000076293945,0.0,0.0167999994009733,KRX_IDX_1001,KRW,INDEX
2000-08-16,19.6299991607666,0.0,0.01640000008046627,KRX_IDX_1001,KRW,INDEX
2000-08-17,19.40999984741211,0.0,0.0165999997407197,KRX_IDX_1001,KRW,INDEX
2000-08-18,19.020000457763672,0.0,0.0170000009238719,KRX_IDX_1001,KRW,INDEX
2000-08-21,18.82999992370605,0.0,0.0171000007539987,KRX_IDX_1001,KRW,INDEX
2000-08-22,19.25,0.0,0.016699999570846558,KRX_IDX_1001,KRW,INDEX
2000-08-23,18.739999771118164,0.0,0.01720000058412552,KRX_IDX_1001,KRW,INDEX
2000-08-24,18.709999084472656,0.0,0.01720000058412552,KRX_IDX_1001,KRW,INDEX
2000-08-25,18.989999771118164,0.0,0.01690000109374523,KRX_IDX_1001,KRW,INDEX
2000-08-28,19.049999237060547,0.0,0.01690000109374523,KRX_IDX_1001,KRW,INDEX
2000-08-29,19.049999237060547,0.0,0.0169000010937452,KRX_IDX_1001,KRW,INDEX
2000-08-30,18.719999313354492,0.0,0.01720000058412552,KRX_IDX_1001,KRW,INDEX
2000-08-31,17.950000762939453,0.0,0.017899999395012856,KRX_IDX_1001,KRW,INDEX
2000-09-01,18.100000381469727,0.0,0.017799999564886,KRX_IDX_1001,KRW,INDEX
2000-09-04,17.940000534057617,0.0,0.0180999990552663,KRX_IDX_1001,KRW,INDEX
2000-09-05,17.899999618530273,0.0,0.0182000007480382,KRX_IDX_1001,KRW,INDEX
2000-09-06,17.829999923706055,0.0,0.018200000748038292,KRX_IDX_1001,KRW,INDEX
2000-09-07,17.299999237060547,0.0,0.018799999728798866,KRX_IDX_1001,KRW,INDEX
2000-09-08,17.299999237060547,0.0,0.01889999955892563,KRX_IDX_1001,KRW,INDEX
2000-09-14,17.219999313354492,0.0,0.0189999993890523,KRX_IDX_1001,KRW,INDEX
2000-09-15,16.6299991607666,0.0,0.019600000232458115,KRX_IDX_1001,KRW,INDEX
2000-09-18,15.289999961853027,0.0,0.021400000900030136,KRX_IDX_1001,KRW,INDEX
2000-09-19,15.109999656677246,0.0,0.0216000005602836,KRX_IDX_1001,KRW,INDEX
2000-09-20,15.3100004196167,0.0,0.020499998703598976,KRX_IDX_1001,KRW,INDEX
2000-09-21,15.069999694824219,0.0,0.020800000056624413,KRX_IDX_1001,KRW,INDEX
2000-09-22,14.010000228881836,0.0,0.0223999992012977,KRX_IDX_1001,KRW,INDEX
2000-09-25,14.8100004196167,0.0,0.021199999377131462,KRX_IDX_1001,KRW,INDEX
2000-09-26,14.899999618530273,0.0,0.020999999716877937,KRX_IDX_1001,KRW,INDEX
2000-09-27,15.140000343322754,0.0,0.02059999853372574,KRX_IDX_1001,KRW,INDEX
2000-09-28,15.3100004196167,0.0,0.020399998873472214,KRX_IDX_1001,KRW,INDEX
2000-09-29,15.5,0.0,0.02019999921321869,KRX_IDX_1001,KRW,INDEX
2000-10-02,14.890000343322754,0.0,0.0209999997168779,KRX_IDX_1001,KRW,INDEX
2000-10-04,16.239999771118164,0.0,0.02059999853372574,KRX_IDX_1001,KRW,INDEX
2000-10-05,16.530000686645508,0.0,0.02029999904334545,KRX_IDX_1001,KRW,INDEX
2000-10-06,16.600000381469727,0.0,0.02029999904334545,KRX_IDX_1001,KRW,INDEX
2000-10-09,16.049999237060547,0.0,0.0208999998867511,KRX_IDX_1001,KRW,INDEX
2000-10-10,16.049999237060547,0.0,0.0209999997168779,KRX_IDX_1001,KRW,INDEX
2000-10-11,15.220000267028809,0.0,0.022099999710917473,KRX_IDX_1001,KRW,INDEX
2000-10-12,14.600000381469727,0.0,0.023099999874830246,KRX_IDX_1001,KRW,INDEX
2000-10-13,14.329999923706056,0.0,0.0234999991953372,KRX_IDX_1001,KRW,INDEX
2000-10-16,15.43000030517578,0.0,0.0223999992012977,KRX_IDX_1001,KRW,INDEX
2000-10-17,14.399999618530272,0.0,0.0240000002086162,KRX_IDX_1001,KRW,INDEX
2000-10-18,14.4399995803833,0.0,0.023900000378489494,KRX_IDX_1001,KRW,INDEX
2000-10-19,14.449999809265137,0.0,0.023900000378489494,KRX_IDX_1001,KRW,INDEX
2000-10-20,14.59000015258789,0.0,0.0226000007241964,KRX_IDX_1001,KRW,INDEX
2000-10-23,14.119999885559082,0.0,0.0233999993652105,KRX_IDX_1001,KRW,INDEX
2000-10-24,14.56999969482422,0.0,0.0227000005543231,KRX_IDX_1001,KRW,INDEX
2000-10-25,14.520000457763672,0.0,0.0228000003844499,KRX_IDX_1001,KRW,INDEX
2000-10-26,14.039999961853027,0.0,0.023599999025464,KRX_IDX_1001,KRW,INDEX
2000-10-27,13.8100004196167,0.0,0.0239000003784894,KRX_IDX_1001,KRW,INDEX
2000-10-30,13.529999732971191,0.0,0.024400001391768456,KRX_IDX_1001,KRW,INDEX
2000-10-31,13.800000190734863,0.0,0.024000000208616257,KRX_IDX_1001,KRW,INDEX
2000-11-01,14.710000038146973,0.0,0.02250000089406967,KRX_IDX_1001,KRW,INDEX
2000-11-02,15.15999984741211,0.0,0.022099999710917473,KRX_IDX_1001,KRW,INDEX
2000-11-03,15.210000038146973,0.0,0.0220999997109174,KRX_IDX_1001,KRW,INDEX
2000-11-06,15.100000381469727,0.0,0.022199999541044235,KRX_IDX_1001,KRW,INDEX
2000-11-07,15.020000457763672,0.0,0.022299999371170998,KRX_IDX_1001,KRW,INDEX
2000-11-08,15.609999656677246,0.0,0.0220999997109174,KRX_IDX_1001,KRW,INDEX
2000-11-09,15.680000305175781,0.0,0.02199999988079071,KRX_IDX_1001,KRW,INDEX
2000-11-10,15.8100004196167,0.0,0.021800000220537186,KRX_IDX_1001,KRW,INDEX
2000-11-13,15.079999923706056,0.0,0.0229000002145767,KRX_IDX_1001,KRW,INDEX
2000-11-14,15.460000038146973,0.0,0.0222999993711709,KRX_IDX_1001,KRW,INDEX
2000-11-15,15.529999732971191,0.0,0.0220999997109174,KRX_IDX_1001,KRW,INDEX
2000-11-16,15.470000267028809,0.0,0.0221999995410442,KRX_IDX_1001,KRW,INDEX
2000-11-17,15.359999656677246,0.0,0.0223999992012977,KRX_IDX_1001,KRW,INDEX
2000-11-20,14.970000267028809,0.0,0.02290000021457672,KRX_IDX_1001,KRW,INDEX
2000-11-21,14.789999961853027,0.0,0.023199999704957,KRX_IDX_1001,KRW,INDEX
2000-11-22,14.529999732971191,0.0,0.023599999025464058,KRX_IDX_1001,KRW,INDEX
2000-11-23,14.289999961853027,0.0,0.024000000208616257,KRX_IDX_1001,KRW,INDEX
2000-11-24,14.819999694824219,0.0,0.02329999953508377,KRX_IDX_1001,KRW,INDEX
2000-11-27,15.460000038146973,0.0,0.0222999993711709,KRX_IDX_1001,KRW,INDEX
2000-11-28,14.989999771118164,0.0,0.0230000000447034,KRX_IDX_1001,KRW,INDEX
2000-11-29,14.43000030517578,0.0,0.0239000003784894,KRX_IDX_1001,KRW,INDEX
2000-11-30,14.220000267028809,0.0,0.02419999986886978,KRX_IDX_1001,KRW,INDEX
2000-12-01,14.380000114440918,0.0,0.024000000208616257,KRX_IDX_1001,KRW,INDEX
2000-12-04,14.020000457763672,0.0,0.02460000105202198,KRX_IDX_1001,KRW,INDEX
2000-12-05,14.449999809265137,0.0,0.023900000378489494,KRX_IDX_1001,KRW,INDEX
2000-12-06,14.479999542236328,0.0,0.0238000005483627,KRX_IDX_1001,KRW,INDEX
2000-12-07,14.649999618530273,0.0,0.023499999195337296,KRX_IDX_1001,KRW,INDEX
2000-12-08,16.1299991607666,0.0,0.023000000044703484,KRX_IDX_1001,KRW,INDEX
2000-12-11,16.739999771118164,0.0,0.022199999541044235,KRX_IDX_1001,KRW,INDEX
2000-12-12,16.420000076293945,0.0,0.0227000005543231,KRX_IDX_1001,KRW,INDEX
2000-12-13,16.860000610351562,0.0,0.0220999997109174,KRX_IDX_1001,KRW,INDEX
2000-12-14,16.540000915527344,0.0,0.02250000089406967,KRX_IDX_1001,KRW,INDEX
2000-12-15,16.139999389648438,0.0,0.0230999998748302,KRX_IDX_1001,KRW,INDEX
2000-12-18,16.309999465942383,0.0,0.0229000002145767,KRX_IDX_1001,KRW,INDEX
2000-12-19,16.049999237060547,0.0,0.02319999970495701,KRX_IDX_1001,KRW,INDEX
2000-12-20,15.56999969482422,0.0,0.0239000003784894,KRX_IDX_1001,KRW,INDEX
2000-12-21,15.600000381469728,0.0,0.0240000002086162,KRX_IDX_1001,KRW,INDEX
2000-12-22,15.220000267028809,0.0,0.0246000010520219,KRX_IDX_1001,KRW,INDEX
2000-12-26,15.34000015258789,0.0,0.0244000013917684,KRX_IDX_1001,KRW,INDEX
2001-01-02,15.890000343322754,0.0,0.0236999988555908,KRX_IDX_1001,KRW,INDEX
2001-01-03,15.890000343322754,0.0,0.02369999885559082,KRX_IDX_1001,KRW,INDEX
2001-01-04,16.989999771118164,0.0,0.022199999541044235,KRX_IDX_1001,KRW,INDEX
2001-01-05,17.690000534057617,0.0,0.021300001069903374,KRX_IDX_1001,KRW,INDEX
2001-01-08,17.8700008392334,0.0,0.0210999995470047,KRX_IDX_1001,KRW,INDEX
2001-01-09,18.059999465942383,0.0,0.0209999997168779,KRX_IDX_1001,KRW,INDEX
2001-01-10,17.170000076293945,0.0,0.0220999997109174,KRX_IDX_1001,KRW,INDEX
2001-01-11,17.200000762939453,0.0,0.0219999998807907,KRX_IDX_1001,KRW,INDEX
2001-01-12,18.020000457763672,0.0,0.0209999997168779,KRX_IDX_1001,KRW,INDEX
2001-01-15,16.6299991607666,0.0,0.0207000002264976,KRX_IDX_1001,KRW,INDEX
2001-01-16,16.770000457763672,0.0,0.0204999987035989,KRX_IDX_1001,KRW,INDEX
2001-01-17,16.6200008392334,0.0,0.020800000056624413,KRX_IDX_1001,KRW,INDEX
2001-01-18,16.84000015258789,0.0,0.0204999987035989,KRX_IDX_1001,KRW,INDEX
2001-01-19,17.280000686645508,0.0,0.0199999995529651,KRX_IDX_1001,KRW,INDEX
2001-01-22,17.670000076293945,0.0,0.01979999989271164,KRX_IDX_1001,KRW,INDEX
2001-01-26,16.65999984741211,0.0,0.020899999886751175,KRX_IDX_1001,KRW,INDEX
2001-01-29,16.790000915527344,0.0,0.020800000056624413,KRX_IDX_1001,KRW,INDEX
2001-01-30,17.3700008392334,0.0,0.020899999886751175,KRX_IDX_1001,KRW,INDEX
2001-01-31,18.139999389648438,0.0,0.020099999383091927,KRX_IDX_1001,KRW,INDEX
2001-02-01,18.010000228881836,0.0,0.02019999921321869,KRX_IDX_1001,KRW,INDEX
2001-02-02,17.899999618530273,0.0,0.02029999904334545,KRX_IDX_1001,KRW,INDEX
2001-02-05,17.030000686645508,0.0,0.021300001069903374,KRX_IDX_1001,KRW,INDEX
2001-02-06,17.260000228881836,0.0,0.020999999716877937,KRX_IDX_1001,KRW,INDEX
2001-02-07,16.950000762939453,0.0,0.0214000009000301,KRX_IDX_1001,KRW,INDEX
2001-02-08,17.40999984741211,0.0,0.020899999886751175,KRX_IDX_1001,KRW,INDEX
2001-02-09,17.520000457763672,0.0,0.02070000022649765,KRX_IDX_1001,KRW,INDEX
2001-02-12,17.639999389648438,0.0,0.02059999853372574,KRX_IDX_1001,KRW,INDEX
2001-02-13,17.6299991607666,0.0,0.0205999985337257,KRX_IDX_1001,KRW,INDEX
2001-02-14,17.780000686645508,0.0,0.0204999987035989,KRX_IDX_1001,KRW,INDEX
2001-02-15,17.75,0.0,0.0204999987035989,KRX_IDX_1001,KRW,INDEX
2001-02-16,17.850000381469727,0.0,0.0204999987035989,KRX_IDX_1001,KRW,INDEX
2001-02-19,17.610000610351562,0.0,0.02070000022649765,KRX_IDX_1001,KRW,INDEX
2001-02-20,17.959999084472656,0.0,0.02029999904334545,KRX_IDX_1001,KRW,INDEX
2001-02-21,17.549999237060547,0.0,0.020800000056624413,KRX_IDX_1001,KRW,INDEX
2001-02-22,17.219999313354492,0.0,0.0211999993771314,KRX_IDX_1001,KRW,INDEX
2001-02-23,17.25,0.0,0.0211999993771314,KRX_IDX_1001,KRW,INDEX
2001-02-26,17.299999237060547,0.0,0.0210999995470047,KRX_IDX_1001,KRW,INDEX
2001-02-27,44.95000076293945,0.0,0.0214000009000301,KRX_IDX_1001,KRW,INDEX
2001-02-28,45.02000045776367,0.0,0.021400000900030136,KRX_IDX_1001,KRW,INDEX
2001-03-02,43.58000183105469,0.0,0.022099999710917473,KRX_IDX_1001,KRW,INDEX
2001-03-05,43.65999984741211,0.0,0.0218000002205371,KRX_IDX_1001,KRW,INDEX
2001-03-06,43.869998931884766,0.0,0.021700000390410423,KRX_IDX_1001,KRW,INDEX
2001-03-07,43.84999847412109,0.0,0.0218000002205371,KRX_IDX_1001,KRW,INDEX
2001-03-08,44.689998626708984,0.0,0.021300001069903374,KRX_IDX_1001,KRW,INDEX
2001-03-09,43.63999938964844,0.0,0.0219000000506639,KRX_IDX_1001,KRW,INDEX
2001-03-12,42.36000061035156,0.0,0.0227000005543231,KRX_IDX_1001,KRW,INDEX
2001-03-13,41.0099983215332,0.0,0.0233999993652105,KRX_IDX_1001,KRW,INDEX
2001-03-14,42.150001525878906,0.0,0.0228000003844499,KRX_IDX_1001,KRW,INDEX
2001-03-15,42.040000915527344,0.0,0.02290000021457672,KRX_IDX_1001,KRW,INDEX
2001-03-16,41.790000915527344,0.0,0.0230000000447034,KRX_IDX_1001,KRW,INDEX
2001-03-19,41.38999938964844,0.0,0.023199999704957,KRX_IDX_1001,KRW,INDEX
2001-03-20,41.459999084472656,0.0,0.0232999995350837,KRX_IDX_1001,KRW,INDEX
2001-03-21,41.52000045776367,0.0,0.0232999995350837,KRX_IDX_1001,KRW,INDEX
2001-03-22,41.0099983215332,0.0,0.0234999991953372,KRX_IDX_1001,KRW,INDEX
2001-03-23,41.810001373291016,0.0,0.0230999998748302,KRX_IDX_1001,KRW,INDEX
2001-03-26,42.43999862670898,0.0,0.0227000005543231,KRX_IDX_1001,KRW,INDEX
2001-03-27,41.41999816894531,0.0,0.0232999995350837,KRX_IDX_1001,KRW,INDEX
2001-03-28,42.56999969482422,0.0,0.023399999365210533,KRX_IDX_1001,KRW,INDEX
2001-03-29,49.849998474121094,0.0,0.02369999885559082,KRX_IDX_1001,KRW,INDEX
2001-03-30,51.68999862670898,0.0,0.0236999988555908,KRX_IDX_1001,KRW,INDEX
2001-04-02,23.690000534057617,0.0,0.024300001561641693,KRX_IDX_1001,KRW,INDEX
2001-04-03,23.1299991607666,0.0,0.0249000005424022,KRX_IDX_1001,KRW,INDEX
2001-04-04,22.709999084472656,0.0,0.025399999693036,KRX_IDX_1001,KRW,INDEX
2001-04-06,23.59000015258789,0.0,0.0247000008821487,KRX_IDX_1001,KRW,INDEX
2001-04-09,23.15999984741211,0.0,0.0252000000327825,KRX_IDX_1001,KRW,INDEX
2001-04-10,22.8700008392334,0.0,0.0254999995231628,KRX_IDX_1001,KRW,INDEX
2001-04-11,23.76000022888184,0.0,0.0246000010520219,KRX_IDX_1001,KRW,INDEX
2001-04-12,0.0,0.0,0.027999999,KRX_IDX_1001,KRW,INDEX
2001-04-13,0.0,0.0,0.0279,KRX_IDX_1001,KRW,INDEX
2001-04-16,0.0,0.0,0.028299998,KRX_IDX_1001,KRW,INDEX
2001-04-17,0.0,0.0,0.027999999,KRX_IDX_1001,KRW,INDEX
2001-04-18,23.90999984741211,0.0,0.0266000013798475,KRX_IDX_1001,KRW,INDEX
2001-04-19,24.950000762939453,0.0,0.025499999523162842,KRX_IDX_1001,KRW,INDEX
2001-04-20,24.290000915527344,0.0,0.02579999901354313,KRX_IDX_1001,KRW,INDEX
2001-04-23,24.350000381469727,0.0,0.0256999991834163,KRX_IDX_1001,KRW,INDEX
2001-04-24,24.15999984741211,0.0,0.02589999884366989,KRX_IDX_1001,KRW,INDEX
2001-04-25,22.989999771118164,0.0,0.025000000372529,KRX_IDX_1001,KRW,INDEX
2001-04-26,22.790000915527344,0.0,0.025200000032782555,KRX_IDX_1001,KRW,INDEX
2001-04-27,22.579999923706055,0.0,0.02539999969303608,KRX_IDX_1001,KRW,INDEX
2001-04-30,23.440000534057617,0.0,0.024500001221895218,KRX_IDX_1001,KRW,INDEX
2001-05-02,23.709999084472656,0.0,0.02419999986886978,KRX_IDX_1001,KRW,INDEX
2001-05-03,23.729999542236328,0.0,0.0241999998688697,KRX_IDX_1001,KRW,INDEX
2001-05-04,23.799999237060547,0.0,0.024100000038743,KRX_IDX_1001,KRW,INDEX
2001-05-07,24.229999542236328,0.0,0.02369999885559082,KRX_IDX_1001,KRW,INDEX
2001-05-08,24.0,0.0,0.0239000003784894,KRX_IDX_1001,KRW,INDEX
2001-05-09,23.5,0.0,0.0244000013917684,KRX_IDX_1001,KRW,INDEX
2001-05-10,23.59000015258789,0.0,0.024300001561641693,KRX_IDX_1001,KRW,INDEX
2001-05-11,23.65999984741211,0.0,0.0243000015616416,KRX_IDX_1001,KRW,INDEX
2001-05-14,23.690000534057617,0.0,0.0241999998688697,KRX_IDX_1001,KRW,INDEX
2001-05-15,23.59000015258789,0.0,0.0243000015616416,KRX_IDX_1001,KRW,INDEX
2001-05-16,23.229999542236328,0.0,0.0247000008821487,KRX_IDX_1001,KRW,INDEX
2001-05-17,24.229999542236328,0.0,0.0236999988555908,KRX_IDX_1001,KRW,INDEX
2001-05-18,24.440000534057617,0.0,0.023499999195337296,KRX_IDX_1001,KRW,INDEX
2001-05-21,25.170000076293945,0.0,0.02280000038444996,KRX_IDX_1001,KRW,INDEX
2001-05-22,25.1200008392334,0.0,0.0228000003844499,KRX_IDX_1001,KRW,INDEX
2001-05-23,25.280000686645508,0.0,0.022700000554323196,KRX_IDX_1001,KRW,INDEX
2001-05-24,25.290000915527344,0.0,0.022700000554323196,KRX_IDX_1001,KRW,INDEX
2001-05-25,25.389999389648438,0.0,0.022600000724196434,KRX_IDX_1001,KRW,INDEX
2001-05-28,25.15999984741211,0.0,0.0228000003844499,KRX_IDX_1001,KRW,INDEX
2001-05-29,25.709999084472656,0.0,0.0222999993711709,KRX_IDX_1001,KRW,INDEX
2001-05-30,25.56999969482422,0.0,0.0223999992012977,KRX_IDX_1001,KRW,INDEX
2001-05-31,24.899999618530273,0.0,0.023000000044703484,KRX_IDX_1001,KRW,INDEX
2001-06-01,24.64999961853028,0.0,0.023199999704957,KRX_IDX_1001,KRW,INDEX
2001-06-04,24.809999465942383,0.0,0.023099999874830246,KRX_IDX_1001,KRW,INDEX
2001-06-05,24.290000915527344,0.0,0.023599999025464058,KRX_IDX_1001,KRW,INDEX
2001-06-07,24.389999389648438,0.0,0.023499999195337296,KRX_IDX_1001,KRW,INDEX
2001-06-08,25.209999084472656,0.0,0.022700000554323196,KRX_IDX_1001,KRW,INDEX
2001-06-11,22.780000686645508,0.0,0.023199999704957,KRX_IDX_1001,KRW,INDEX
2001-06-12,22.799999237060547,0.0,0.023199999704957,KRX_IDX_1001,KRW,INDEX
2001-06-13,23.059999465942383,0.0,0.0230000000447034,KRX_IDX_1001,KRW,INDEX
2001-06-14,23.040000915527344,0.0,0.0230000000447034,KRX_IDX_1001,KRW,INDEX
2001-06-15,23.239999771118164,0.0,0.02280000038444996,KRX_IDX_1001,KRW,INDEX
2001-06-18,22.84000015258789,0.0,0.023199999704957,KRX_IDX_1001,KRW,INDEX
2001-06-19,22.850000381469727,0.0,0.023199999704957,KRX_IDX_1001,KRW,INDEX
2001-06-20,22.350000381469727,0.0,0.02369999885559082,KRX_IDX_1001,KRW,INDEX
2001-06-21,22.31999969482422,0.0,0.0236999988555908,KRX_IDX_1001,KRW,INDEX
2001-06-22,22.46999931335449,0.0,0.0234999991953372,KRX_IDX_1001,KRW,INDEX
2001-06-25,21.190000534057617,0.0,0.023599999025464,KRX_IDX_1001,KRW,INDEX
2001-06-26,20.8799991607666,0.0,0.023900000378489494,KRX_IDX_1001,KRW,INDEX
2001-06-27,20.920000076293945,0.0,0.023900000378489494,KRX_IDX_1001,KRW,INDEX
2001-06-28,20.170000076293945,0.0,0.0240000002086162,KRX_IDX_1001,KRW,INDEX
2001-06-29,20.59000015258789,0.0,0.023499999195337296,KRX_IDX_1001,KRW,INDEX
2001-07-02,20.549999237060547,0.0,0.0233999993652105,KRX_IDX_1001,KRW,INDEX
2001-07-03,20.459999084472656,0.0,0.023499999195337296,KRX_IDX_1001,KRW,INDEX
2001-07-04,20.559999465942383,0.0,0.023399999365210533,KRX_IDX_1001,KRW,INDEX
2001-07-05,20.440000534057617,0.0,0.0234999991953372,KRX_IDX_1001,KRW,INDEX
2001-07-06,14.649999618530272,0.0,0.0215000007301569,KRX_IDX_1001,KRW,INDEX
2001-07-09,14.199999809265137,0.0,0.022199999541044235,KRX_IDX_1001,KRW,INDEX
2001-07-10,14.170000076293945,0.0,0.022299999371170998,KRX_IDX_1001,KRW,INDEX
2001-07-11,14.039999961853027,0.0,0.0225000008940696,KRX_IDX_1001,KRW,INDEX
2001-07-12,14.180000305175781,0.0,0.022299999371170998,KRX_IDX_1001,KRW,INDEX
2001-07-13,13.899999618530272,0.0,0.0227000005543231,KRX_IDX_1001,KRW,INDEX
2001-07-16,13.9399995803833,0.0,0.022700000554323196,KRX_IDX_1001,KRW,INDEX
2001-07-18,13.670000076293945,0.0,0.02319999970495701,KRX_IDX_1001,KRW,INDEX
2001-07-19,13.8100004196167,0.0,0.023000000044703484,KRX_IDX_1001,KRW,INDEX
2001-07-20,13.600000381469728,0.0,0.0232999995350837,KRX_IDX_1001,KRW,INDEX
2001-07-23,13.279999732971191,0.0,0.0239000003784894,KRX_IDX_1001,KRW,INDEX
2001-07-24,13.34000015258789,0.0,0.0238000005483627,KRX_IDX_1001,KRW,INDEX
2001-07-25,13.31999969482422,0.0,0.0238000005483627,KRX_IDX_1001,KRW,INDEX
2001-07-26,13.9399995803833,0.0,0.02369999885559082,KRX_IDX_1001,KRW,INDEX
2001-07-27,14.260000228881836,0.0,0.023099999874830246,KRX_IDX_1001,KRW,INDEX
2001-07-30,14.06999969482422,0.0,0.0234999991953372,KRX_IDX_1001,KRW,INDEX
2001-07-31,15.079999923706056,0.0,0.0230999998748302,KRX_IDX_1001,KRW,INDEX
2001-08-01,15.670000076293945,0.0,0.022199999541044235,KRX_IDX_1001,KRW,INDEX
2001-08-02,15.81999969482422,0.0,0.0219999998807907,KRX_IDX_1001,KRW,INDEX
2001-08-03,15.84000015258789,0.0,0.0219999998807907,KRX_IDX_1001,KRW,INDEX
2001-08-06,15.859999656677246,0.0,0.0219999998807907,KRX_IDX_1001,KRW,INDEX
2001-08-07,15.779999732971191,0.0,0.0220999997109174,KRX_IDX_1001,KRW,INDEX
2001-08-08,15.75,0.0,0.0220999997109174,KRX_IDX_1001,KRW,INDEX
2001-08-09,15.279999732971191,0.0,0.02280000038444996,KRX_IDX_1001,KRW,INDEX
2001-08-10,15.4399995803833,0.0,0.02250000089406967,KRX_IDX_1001,KRW,INDEX
2001-08-13,15.609999656677246,0.0,0.022299999371170998,KRX_IDX_1001,KRW,INDEX
2001-08-14,16.040000915527344,0.0,0.0217000003904104,KRX_IDX_1001,KRW,INDEX
2001-08-16,23.040000915527344,0.0,0.021400000900030136,KRX_IDX_1001,KRW,INDEX
2001-08-17,23.030000686645508,0.0,0.0214000009000301,KRX_IDX_1001,KRW,INDEX
2001-08-20,22.479999542236328,0.0,0.021900000050663948,KRX_IDX_1001,KRW,INDEX
2001-08-21,22.549999237060547,0.0,0.0218000002205371,KRX_IDX_1001,KRW,INDEX
2001-08-22,22.799999237060547,0.0,0.0216000005602836,KRX_IDX_1001,KRW,INDEX
2001-08-23,22.610000610351562,0.0,0.021800000220537186,KRX_IDX_1001,KRW,INDEX
2001-08-24,22.59000015258789,0.0,0.021800000220537186,KRX_IDX_1001,KRW,INDEX
2001-08-27,22.959999084472656,0.0,0.0215000007301569,KRX_IDX_1001,KRW,INDEX
2001-08-28,22.8700008392334,0.0,0.02160000056028366,KRX_IDX_1001,KRW,INDEX
2001-08-29,22.450000762939453,0.0,0.0219999998807907,KRX_IDX_1001,KRW,INDEX
2001-08-30,22.38999938964844,0.0,0.0219999998807907,KRX_IDX_1001,KRW,INDEX
2001-08-31,21.6200008392334,0.0,0.0228000003844499,KRX_IDX_1001,KRW,INDEX
2001-09-03,20.81999969482422,0.0,0.0229000002145767,KRX_IDX_1001,KRW,INDEX
2001-09-04,21.479999542236328,0.0,0.022199999541044235,KRX_IDX_1001,KRW,INDEX
2001-09-05,21.219999313354492,0.0,0.02250000089406967,KRX_IDX_1001,KRW,INDEX
2001-09-06,21.350000381469727,0.0,0.0225000008940696,KRX_IDX_1001,KRW,INDEX
2001-09-07,21.43000030517578,0.0,0.0223999992012977,KRX_IDX_1001,KRW,INDEX
2001-09-10,21.860000610351562,0.0,0.0215000007301569,KRX_IDX_1001,KRW,INDEX
2001-09-11,21.43000030517578,0.0,0.0219000000506639,KRX_IDX_1001,KRW,INDEX
2001-09-12,18.850000381469727,0.0,0.0249000005424022,KRX_IDX_1001,KRW,INDEX
2001-09-13,19.790000915527344,0.0,0.0236999988555908,KRX_IDX_1001,KRW,INDEX
2001-09-14,19.1200008392334,0.0,0.0245000012218952,KRX_IDX_1001,KRW,INDEX
2001-09-17,18.59000015258789,0.0,0.0252000000327825,KRX_IDX_1001,KRW,INDEX
2001-09-18,19.229999542236328,0.0,0.0244000013917684,KRX_IDX_1001,KRW,INDEX
2001-09-19,19.479999542236328,0.0,0.0243000015616416,KRX_IDX_1001,KRW,INDEX
2001-09-20,18.43000030517578,0.0,0.02460000105202198,KRX_IDX_1001,KRW,INDEX
2001-09-21,18.170000076293945,0.0,0.025000000372529,KRX_IDX_1001,KRW,INDEX
2001-09-24,18.559999465942383,0.0,0.024500001221895218,KRX_IDX_1001,KRW,INDEX
2001-09-25,18.190000534057617,0.0,0.025000000372529,KRX_IDX_1001,KRW,INDEX
2001-09-26,18.200000762939453,0.0,0.025000000372529,KRX_IDX_1001,KRW,INDEX
2001-09-27,18.170000076293945,0.0,0.02500000037252903,KRX_IDX_1001,KRW,INDEX
2001-09-28,18.450000762939453,0.0,0.0246000010520219,KRX_IDX_1001,KRW,INDEX
2001-10-04,19.350000381469727,0.0,0.023599999025464,KRX_IDX_1001,KRW,INDEX
2001-10-05,19.39999961853028,0.0,0.0234999991953372,KRX_IDX_1001,KRW,INDEX
2001-10-08,19.149999618530277,0.0,0.0238000005483627,KRX_IDX_1001,KRW,INDEX
2001-10-09,19.399999618530273,0.0,0.023099999874830246,KRX_IDX_1001,KRW,INDEX
2001-10-10,19.239999771118164,0.0,0.023399999365210533,KRX_IDX_1001,KRW,INDEX
2001-10-11,20.040000915527344,0.0,0.0227000005543231,KRX_IDX_1001,KRW,INDEX
2001-10-12,20.0,0.0,0.02280000038444996,KRX_IDX_1001,KRW,INDEX
2001-10-15,19.899999618530277,0.0,0.0229000002145767,KRX_IDX_1001,KRW,INDEX
2001-10-16,20.25,0.0,0.0225000008940696,KRX_IDX_1001,KRW,INDEX
2001-10-17,20.5,0.0,0.022299999371170998,KRX_IDX_1001,KRW,INDEX
2001-10-18,20.309999465942383,0.0,0.0223999992012977,KRX_IDX_1001,KRW,INDEX
2001-10-19,20.479999542236328,0.0,0.022299999371170998,KRX_IDX_1001,KRW,INDEX
2001-10-22,20.489999771118164,0.0,0.0222999993711709,KRX_IDX_1001,KRW,INDEX
2001-10-23,20.559999465942383,0.0,0.022199999541044235,KRX_IDX_1001,KRW,INDEX
2001-10-24,20.969999313354492,0.0,0.021800000220537186,KRX_IDX_1001,KRW,INDEX
2001-10-25,21.0,0.0,0.021700000390410423,KRX_IDX_1001,KRW,INDEX
2001-10-26,21.100000381469727,0.0,0.021700000390410423,KRX_IDX_1001,KRW,INDEX
2001-10-29,21.280000686645508,0.0,0.0215000007301569,KRX_IDX_1001,KRW,INDEX
2001-10-30,20.739999771118164,0.0,0.0219999998807907,KRX_IDX_1001,KRW,INDEX
2001-10-31,20.89999961853028,0.0,0.0219000000506639,KRX_IDX_1001,KRW,INDEX
2001-11-01,21.13999938964844,0.0,0.0216000005602836,KRX_IDX_1001,KRW,INDEX
2001-11-02,21.38999938964844,0.0,0.0214000009000301,KRX_IDX_1001,KRW,INDEX
2001-11-05,22.32999992370605,0.0,0.0208999998867511,KRX_IDX_1001,KRW,INDEX
2001-11-06,22.479999542236328,0.0,0.0208000000566244,KRX_IDX_1001,KRW,INDEX
2001-11-07,22.329999923706055,0.0,0.020899999886751175,KRX_IDX_1001,KRW,INDEX
2001-11-08,22.739999771118164,0.0,0.020499998703598976,KRX_IDX_1001,KRW,INDEX
2001-11-09,23.3799991607666,0.0,0.0200999993830919,KRX_IDX_1001,KRW,INDEX
2001-11-12,23.690000534057617,0.0,0.0197999998927116,KRX_IDX_1001,KRW,INDEX
2001-11-13,24.18000030517578,0.0,0.019700000062584877,KRX_IDX_1001,KRW,INDEX
2001-11-14,24.93000030517578,0.0,0.019099999219179153,KRX_IDX_1001,KRW,INDEX
2001-11-15,24.920000076293945,0.0,0.019099999219179153,KRX_IDX_1001,KRW,INDEX
2001-11-16,25.1200008392334,0.0,0.0188999995589256,KRX_IDX_1001,KRW,INDEX
2001-11-19,25.790000915527344,0.0,0.0184000004082918,KRX_IDX_1001,KRW,INDEX
2001-11-20,25.34000015258789,0.0,0.018799999728798866,KRX_IDX_1001,KRW,INDEX
2001-11-21,25.26000022888184,0.0,0.0187999997287988,KRX_IDX_1001,KRW,INDEX
2001-11-22,25.6200008392334,0.0,0.01850000023841858,KRX_IDX_1001,KRW,INDEX
2001-11-23,26.5,0.0,0.017899999395012856,KRX_IDX_1001,KRW,INDEX
2001-11-26,27.690000534057617,0.0,0.0171000007539987,KRX_IDX_1001,KRW,INDEX
2001-11-27,27.520000457763672,0.0,0.0172000005841255,KRX_IDX_1001,KRW,INDEX
2001-11-28,25.920000076293945,0.0,0.018300000578165054,KRX_IDX_1001,KRW,INDEX
2001-11-29,25.81999969482422,0.0,0.018300000578165054,KRX_IDX_1001,KRW,INDEX
2001-11-30,26.43000030517578,0.0,0.017899999395012856,KRX_IDX_1001,KRW,INDEX
2001-12-03,26.709999084472656,0.0,0.018300000578165,KRX_IDX_1001,KRW,INDEX
2001-12-04,26.68000030517578,0.0,0.018400000408291817,KRX_IDX_1001,KRW,INDEX
2001-12-05,28.299999237060547,0.0,0.017400000244379044,KRX_IDX_1001,KRW,INDEX
2001-12-06,28.200000762939453,0.0,0.017400000244379,KRX_IDX_1001,KRW,INDEX
2001-12-07,28.93000030517578,0.0,0.017000000923871994,KRX_IDX_1001,KRW,INDEX
2001-12-10,27.540000915527344,0.0,0.017899999395012856,KRX_IDX_1001,KRW,INDEX
2001-12-11,27.6200008392334,0.0,0.017799999564886093,KRX_IDX_1001,KRW,INDEX
2001-12-12,28.09000015258789,0.0,0.01759999990463257,KRX_IDX_1001,KRW,INDEX
2001-12-13,27.8700008392334,0.0,0.01769999973475933,KRX_IDX_1001,KRW,INDEX
2001-12-14,27.389999389648438,0.0,0.017999999225139618,KRX_IDX_1001,KRW,INDEX
2001-12-17,27.1200008392334,0.0,0.0184000004082918,KRX_IDX_1001,KRW,INDEX
2001-12-18,26.90999984741211,0.0,0.01860000006854534,KRX_IDX_1001,KRW,INDEX
2001-12-19,27.07999992370605,0.0,0.0185000002384185,KRX_IDX_1001,KRW,INDEX
2001-12-20,27.639999389648438,0.0,0.017999999225139618,KRX_IDX_1001,KRW,INDEX
2001-12-21,26.360000610351562,0.0,0.01850000023841858,KRX_IDX_1001,KRW,INDEX
2001-12-24,26.420000076293945,0.0,0.0185000002384185,KRX_IDX_1001,KRW,INDEX
2001-12-26,27.670000076293945,0.0,0.018300000578165054,KRX_IDX_1001,KRW,INDEX
2001-12-27,28.420000076293945,0.0,0.0179999992251396,KRX_IDX_1001,KRW,INDEX
2001-12-28,29.290000915527344,0.0,0.0173000004142522,KRX_IDX_1001,KRW,INDEX
2002-01-02,27.049999237060547,0.0,0.016699999570846558,KRX_IDX_1001,KRW,INDEX
2002-01-03,27.1299991607666,0.0,0.0165999997407197,KRX_IDX_1001,KRW,INDEX
2002-01-04,28.290000915527344,0.0,0.0162000004202127,KRX_IDX_1001,KRW,INDEX
2002-01-07,28.420000076293945,0.0,0.0161000005900859,KRX_IDX_1001,KRW,INDEX
2002-01-08,27.790000915527344,0.0,0.016499999910593033,KRX_IDX_1001,KRW,INDEX
2002-01-09,28.3799991607666,0.0,0.0161000005900859,KRX_IDX_1001,KRW,INDEX
2002-01-10,27.5,0.0,0.0165999997407197,KRX_IDX_1001,KRW,INDEX
2002-01-11,27.489999771118164,0.0,0.0165999997407197,KRX_IDX_1001,KRW,INDEX
2002-01-14,28.100000381469727,0.0,0.0163000002503395,KRX_IDX_1001,KRW,INDEX
2002-01-15,27.399999618530273,0.0,0.01690000109374523,KRX_IDX_1001,KRW,INDEX
2002-01-16,27.1299991607666,0.0,0.0170000009238719,KRX_IDX_1001,KRW,INDEX
2002-01-17,27.15999984741211,0.0,0.017000000923871994,KRX_IDX_1001,KRW,INDEX
2002-01-18,26.8700008392334,0.0,0.0171000007539987,KRX_IDX_1001,KRW,INDEX
2002-01-21,28.770000457763672,0.0,0.0167999994009733,KRX_IDX_1001,KRW,INDEX
2002-01-22,29.18000030517578,0.0,0.016699999570846558,KRX_IDX_1001,KRW,INDEX
2002-01-23,29.979999542236328,0.0,0.0163000002503395,KRX_IDX_1001,KRW,INDEX
2002-01-24,30.61000061035156,0.0,0.0159000009298324,KRX_IDX_1001,KRW,INDEX
2002-01-25,31.290000915527344,0.0,0.015599999576807022,KRX_IDX_1001,KRW,INDEX
2002-01-28,31.5,0.0,0.01549999974668026,KRX_IDX_1001,KRW,INDEX
2002-01-29,31.26000022888184,0.0,0.015599999576807,KRX_IDX_1001,KRW,INDEX
2002-01-30,29.81999969482422,0.0,0.0161000005900859,KRX_IDX_1001,KRW,INDEX
2002-01-31,29.780000686645508,0.0,0.0161000005900859,KRX_IDX_1001,KRW,INDEX
2002-02-01,29.540000915527344,0.0,0.0163000002503395,KRX_IDX_1001,KRW,INDEX
2002-02-04,29.190000534057617,0.0,0.016499999910593,KRX_IDX_1001,KRW,INDEX
2002-02-05,29.530000686645508,0.0,0.0163000002503395,KRX_IDX_1001,KRW,INDEX
2002-02-06,29.6200008392334,0.0,0.0163000002503395,KRX_IDX_1001,KRW,INDEX
2002-02-07,29.010000228881836,0.0,0.016599999740719795,KRX_IDX_1001,KRW,INDEX
2002-02-08,29.51000022888184,0.0,0.0163000002503395,KRX_IDX_1001,KRW,INDEX
2002-02-14,31.81999969482422,0.0,0.015200000256299973,KRX_IDX_1001,KRW,INDEX
2002-02-15,31.290000915527344,0.0,0.0153999999165534,KRX_IDX_1001,KRW,INDEX
2002-02-18,31.57999992370605,0.0,0.0153000000864267,KRX_IDX_1001,KRW,INDEX
2002-02-19,31.239999771118164,0.0,0.015399999916553497,KRX_IDX_1001,KRW,INDEX
2002-02-20,31.290000915527344,0.0,0.01549999974668026,KRX_IDX_1001,KRW,INDEX
2002-02-21,31.709999084472656,0.0,0.0153000000864267,KRX_IDX_1001,KRW,INDEX
2002-02-22,31.899999618530277,0.0,0.0152000002562999,KRX_IDX_1001,KRW,INDEX
2002-02-25,31.860000610351562,0.0,0.015200000256299973,KRX_IDX_1001,KRW,INDEX
2002-02-26,32.529998779296875,0.0,0.0149999996647238,KRX_IDX_1001,KRW,INDEX
2002-02-27,33.38999938964844,0.0,0.014600000344216824,KRX_IDX_1001,KRW,INDEX
2002-02-28,33.439998626708984,0.0,0.014700000174343586,KRX_IDX_1001,KRW,INDEX
2002-03-04,34.060001373291016,0.0,0.0144000006839632,KRX_IDX_1001,KRW,INDEX
2002-03-05,34.369998931884766,0.0,0.014299999922513962,KRX_IDX_1001,KRW,INDEX
2002-03-06,34.400001525878906,0.0,0.0142999999225139,KRX_IDX_1001,KRW,INDEX
2002-03-07,33.849998474121094,0.0,0.014500000514090061,KRX_IDX_1001,KRW,INDEX
2002-03-08,33.689998626708984,0.0,0.014600000344216824,KRX_IDX_1001,KRW,INDEX
2002-03-11,33.810001373291016,0.0,0.014500000514090061,KRX_IDX_1001,KRW,INDEX
2002-03-12,34.619998931884766,0.0,0.0141999991610646,KRX_IDX_1001,KRW,INDEX
2002-03-13,34.79999923706055,0.0,0.0140999993309378,KRX_IDX_1001,KRW,INDEX
2002-03-14,35.13999938964844,0.0,0.0139999995008111,KRX_IDX_1001,KRW,INDEX
2002-03-15,34.86000061035156,0.0,0.0138999996706843,KRX_IDX_1001,KRW,INDEX
2002-03-18,34.66999816894531,0.0,0.0137999998405575,KRX_IDX_1001,KRW,INDEX
2002-03-19,35.52000045776367,0.0,0.0135000003501772,KRX_IDX_1001,KRW,INDEX
2002-03-20,35.459999084472656,0.0,0.0135000003501772,KRX_IDX_1001,KRW,INDEX
2002-03-21,35.439998626708984,0.0,0.013500000350177288,KRX_IDX_1001,KRW,INDEX
2002-03-22,35.86000061035156,0.0,0.0133000006899237,KRX_IDX_1001,KRW,INDEX
2002-03-25,38.59999847412109,0.0,0.013600000180304,KRX_IDX_1001,KRW,INDEX
2002-03-26,38.66999816894531,0.0,0.013600000180304,KRX_IDX_1001,KRW,INDEX
2002-03-27,41.93000030517578,0.0,0.013300000689923763,KRX_IDX_1001,KRW,INDEX
2002-03-28,41.4900016784668,0.0,0.013400000520050526,KRX_IDX_1001,KRW,INDEX
2002-03-29,41.59999847412109,0.0,0.0134000005200505,KRX_IDX_1001,KRW,INDEX
2002-04-01,40.380001068115234,0.0,0.013700000010430813,KRX_IDX_1001,KRW,INDEX
2002-04-02,42.33000183105469,0.0,0.013200000859797,KRX_IDX_1001,KRW,INDEX
2002-04-03,42.970001220703125,0.0,0.0129999993368983,KRX_IDX_1001,KRW,INDEX
2002-04-04,42.599998474121094,0.0,0.012999999336898327,KRX_IDX_1001,KRW,INDEX
2002-04-08,41.7599983215332,0.0,0.013200000859797,KRX_IDX_1001,KRW,INDEX
2002-04-09,42.54999923706055,0.0,0.013400000520050526,KRX_IDX_1001,KRW,INDEX
2002-04-10,41.02000045776367,0.0,0.013899999670684338,KRX_IDX_1001,KRW,INDEX
2002-04-11,41.459999084472656,0.0,0.013799999840557575,KRX_IDX_1001,KRW,INDEX
2002-04-12,42.119998931884766,0.0,0.01360000018030405,KRX_IDX_1001,KRW,INDEX
2002-04-15,43.029998779296875,0.0,0.013300000689923763,KRX_IDX_1001,KRW,INDEX
2002-04-16,43.369998931884766,0.0,0.013200000859797001,KRX_IDX_1001,KRW,INDEX
2002-04-17,44.79999923706055,0.0,0.012799999676644802,KRX_IDX_1001,KRW,INDEX
2002-04-18,45.099998474121094,0.0,0.01269999984651804,KRX_IDX_1001,KRW,INDEX
2002-04-19,44.41999816894531,0.0,0.0128999995067715,KRX_IDX_1001,KRW,INDEX
2002-04-22,40.689998626708984,0.0,0.012600000016391277,KRX_IDX_1001,KRW,INDEX
2002-04-23,31.770000457763672,1.5299999713897705,0.011799999512732029,KRX_IDX_1001,KRW,INDEX
2002-04-24,31.399999618530273,1.5099999904632568,0.011900000274181366,KRX_IDX_1001,KRW,INDEX
2002-04-25,29.950000762939453,1.440000057220459,0.012500000186264515,KRX_IDX_1001,KRW,INDEX
2002-04-26,29.889999389648438,1.440000057220459,0.012500000186264515,KRX_IDX_1001,KRW,INDEX
2002-04-29,28.81999969482422,1.3899999856948853,0.012999999336898327,KRX_IDX_1001,KRW,INDEX
2002-04-30,28.959999084472656,1.399999976158142,0.012999999336898327,KRX_IDX_1001,KRW,INDEX
2002-05-02,29.540000915527344,1.4199999570846558,0.012699999846518,KRX_IDX_1001,KRW,INDEX
2002-05-03,29.15999984741211,1.4199999570846558,0.01269999984651804,KRX_IDX_1001,KRW,INDEX
2002-05-06,28.389999389648438,1.3700000047683716,0.013200000859797001,KRX_IDX_1001,KRW,INDEX
2002-05-07,28.040000915527344,1.3799999952316284,0.013200000859797,KRX_IDX_1001,KRW,INDEX
2002-05-08,28.6200008392334,1.409999966621399,0.0128999995067715,KRX_IDX_1001,KRW,INDEX
2002-05-09,28.38999938964844,1.399999976158142,0.0129999993368983,KRX_IDX_1001,KRW,INDEX
2002-05-10,27.760000228881836,1.3700000047683716,0.013300000689923763,KRX_IDX_1001,KRW,INDEX
2002-05-13,27.90999984741211,1.3799999952316284,0.013200000859797001,KRX_IDX_1001,KRW,INDEX
2002-05-14,28.709999084472656,1.4199999570846558,0.012999999336898327,KRX_IDX_1001,KRW,INDEX
2002-05-15,29.559999465942383,1.4600000381469727,0.012600000016391277,KRX_IDX_1001,KRW,INDEX
2002-05-16,29.420000076293945,1.4500000476837158,0.01269999984651804,KRX_IDX_1001,KRW,INDEX
2002-05-17,29.989999771118164,1.4800000190734863,0.012400000356137753,KRX_IDX_1001,KRW,INDEX
2002-05-20,29.65999984741211,1.4500000476837158,0.012600000016391277,KRX_IDX_1001,KRW,INDEX
2002-05-21,28.700000762939453,1.409999966621399,0.012999999336898327,KRX_IDX_1001,KRW,INDEX
2002-05-22,29.579999923706055,1.4500000476837158,0.012600000016391277,KRX_IDX_1001,KRW,INDEX
2002-05-23,28.969999313354492,1.4199999570846558,0.012899999506771564,KRX_IDX_1001,KRW,INDEX
2002-05-24,29.280000686645508,1.4299999475479126,0.01269999984651804,KRX_IDX_1001,KRW,INDEX
2002-05-27,28.799999237060547,1.409999966621399,0.0128999995067715,KRX_IDX_1001,KRW,INDEX
2002-05-28,29.07999992370605,1.4299999475479126,0.0127999996766448,KRX_IDX_1001,KRW,INDEX
2002-05-29,28.6200008392334,1.399999976158142,0.012999999336898327,KRX_IDX_1001,KRW,INDEX
2002-05-30,27.96999931335449,1.3700000047683716,0.0133000006899237,KRX_IDX_1001,KRW,INDEX
2002-05-31,27.389999389648438,1.340000033378601,0.01360000018030405,KRX_IDX_1001,KRW,INDEX
2002-06-03,27.709999084472656,1.3600000143051147,0.013500000350177288,KRX_IDX_1001,KRW,INDEX
2002-06-04,27.75,1.3600000143051147,0.013500000350177288,KRX_IDX_1001,KRW,INDEX
2002-06-05,27.81999969482422,1.3600000143051147,0.013400000520050526,KRX_IDX_1001,KRW,INDEX
2002-06-07,27.510000228881836,1.2699999809265137,0.01360000018030405,KRX_IDX_1001,KRW,INDEX
2002-06-10,28.100000381469727,1.2899999618530273,0.013300000689923763,KRX_IDX_1001,KRW,INDEX
2002-06-11,28.200000762939453,1.2999999523162842,0.013200000859797,KRX_IDX_1001,KRW,INDEX
2002-06-12,29.260000228881836,1.309999942779541,0.01309999916702509,KRX_IDX_1001,KRW,INDEX
2002-06-14,29.350000381469727,1.3200000524520874,0.013099999167025,KRX_IDX_1001,KRW,INDEX
2002-06-17,28.850000381469727,1.2899999618530273,0.013300000689923763,KRX_IDX_1001,KRW,INDEX
2002-06-18,28.850000381469727,1.2899999618530273,0.013300000689923763,KRX_IDX_1001,KRW,INDEX
2002-06-19,27.68000030517578,1.2400000095367432,0.013899999670684338,KRX_IDX_1001,KRW,INDEX
2002-06-20,27.690000534057617,1.2400000095367432,0.013899999670684338,KRX_IDX_1001,KRW,INDEX
2002-06-21,27.719999313354492,1.2400000095367432,0.013799999840557575,KRX_IDX_1001,KRW,INDEX
2002-06-24,26.040000915527344,1.25,0.013799999840557575,KRX_IDX_1001,KRW,INDEX
2002-06-25,25.63999938964844,1.2300000190734863,0.0139999995008111,KRX_IDX_1001,KRW,INDEX
2002-06-26,24.0,1.1399999856948853,0.0150999994948506,KRX_IDX_1001,KRW,INDEX
2002-06-27,24.3799991607666,1.159999966621399,0.0148999998345971,KRX_IDX_1001,KRW,INDEX
2002-06-28,25.469999313354492,1.2100000381469727,0.014199999161064625,KRX_IDX_1001,KRW,INDEX
2002-07-02,24.639999389648438,1.2100000381469727,0.014099999330937862,KRX_IDX_1001,KRW,INDEX
2002-07-03,24.8799991607666,1.2200000286102295,0.0139999995008111,KRX_IDX_1001,KRW,INDEX
2002-07-04,25.420000076293945,1.25,0.0137000000104308,KRX_IDX_1001,KRW,INDEX
2002-07-05,26.040000915527344,1.2799999713897705,0.0134000005200505,KRX_IDX_1001,KRW,INDEX
2002-07-08,25.889999389648438,1.2699999809265137,0.013400000520050526,KRX_IDX_1001,KRW,INDEX
2002-07-09,26.510000228881836,1.309999942779541,0.01309999916702509,KRX_IDX_1001,KRW,INDEX
2002-07-10,26.270000457763672,1.2899999618530271,0.0133000006899237,KRX_IDX_1001,KRW,INDEX
2002-07-11,25.270000457763672,1.2400000095367432,0.013799999840557575,KRX_IDX_1001,KRW,INDEX
2002-07-12,26.239999771118164,1.2899999618530273,0.013300000689923763,KRX_IDX_1001,KRW,INDEX
2002-07-15,25.940000534057617,1.2799999713897705,0.013400000520050526,KRX_IDX_1001,KRW,INDEX
2002-07-16,25.25,1.2599999904632568,0.013700000010430813,KRX_IDX_1001,KRW,INDEX
2002-07-18,25.309999465942383,1.2599999904632568,0.013600000180304,KRX_IDX_1001,KRW,INDEX
2002-07-19,19.34000015258789,1.2200000286102295,0.0148999998345971,KRX_IDX_1001,KRW,INDEX
2002-07-22,18.479999542236328,1.159999966621399,0.015599999576807022,KRX_IDX_1001,KRW,INDEX
2002-07-23,19.06999969482422,1.2000000476837158,0.0150999994948506,KRX_IDX_1001,KRW,INDEX
2002-07-24,18.479999542236328,1.159999966621399,0.015599999576807,KRX_IDX_1001,KRW,INDEX
2002-07-25,18.540000915527344,1.159999966621399,0.015599999576807,KRX_IDX_1001,KRW,INDEX
2002-07-26,17.219999313354492,1.1200000047683716,0.0163000002503395,KRX_IDX_1001,KRW,INDEX
2002-07-29,17.299999237060547,1.1299999952316284,0.016200000420212746,KRX_IDX_1001,KRW,INDEX
2002-07-30,17.899999618530273,1.1699999570846558,0.0157000012695789,KRX_IDX_1001,KRW,INDEX
2002-07-31,17.760000228881836,1.159999966621399,0.0158000010997056,KRX_IDX_1001,KRW,INDEX
2002-08-01,17.510000228881836,1.1399999856948853,0.01600000075995922,KRX_IDX_1001,KRW,INDEX
2002-08-02,17.329999923706055,1.1299999952316284,0.016200000420212746,KRX_IDX_1001,KRW,INDEX
2002-08-05,16.729999542236328,1.090000033378601,0.0167999994009733,KRX_IDX_1001,KRW,INDEX
2002-08-06,16.700000762939453,1.090000033378601,0.0167999994009733,KRX_IDX_1001,KRW,INDEX
2002-08-07,16.850000381469727,1.100000023841858,0.016699999570846558,KRX_IDX_1001,KRW,INDEX
2002-08-08,17.040000915527344,1.1100000143051147,0.016499999910593,KRX_IDX_1001,KRW,INDEX
2002-08-09,17.270000457763672,1.1200000047683716,0.01640000008046627,KRX_IDX_1001,KRW,INDEX
2002-08-12,17.34000015258789,1.1299999952316284,0.016300000250339508,KRX_IDX_1001,KRW,INDEX
2002-08-13,18.290000915527344,1.149999976158142,0.0160000007599592,KRX_IDX_1001,KRW,INDEX
2002-08-14,18.389999389648438,1.159999966621399,0.01590000092983246,KRX_IDX_1001,KRW,INDEX
2002-08-16,18.40999984741211,1.1699999570846558,0.0157000012695789,KRX_IDX_1001,KRW,INDEX
2002-08-19,18.43000030517578,1.1699999570846558,0.0157000012695789,KRX_IDX_1001,KRW,INDEX
2002-08-20,18.920000076293945,1.2000000476837158,0.0153000000864267,KRX_IDX_1001,KRW,INDEX
2002-08-21,19.13999938964844,1.2200000286102295,0.0150999994948506,KRX_IDX_1001,KRW,INDEX
2002-08-22,19.149999618530273,1.2200000286102295,0.015099999494850636,KRX_IDX_1001,KRW,INDEX
2002-08-23,19.030000686645508,1.2100000381469727,0.015200000256299973,KRX_IDX_1001,KRW,INDEX
2002-08-26,18.899999618530277,1.2000000476837158,0.0153999999165534,KRX_IDX_1001,KRW,INDEX
2002-08-27,18.610000610351562,1.1799999475479126,0.015599999576807022,KRX_IDX_1001,KRW,INDEX
2002-08-28,18.6200008392334,1.1799999475479126,0.015599999576807022,KRX_IDX_1001,KRW,INDEX
2002-08-29,18.610000610351562,1.1799999475479126,0.015599999576807022,KRX_IDX_1001,KRW,INDEX
2002-08-30,18.88999938964844,1.2000000476837158,0.0153000000864267,KRX_IDX_1001,KRW,INDEX
2002-09-02,19.299999237060547,1.2300000190734863,0.0149999996647238,KRX_IDX_1001,KRW,INDEX
2002-09-03,19.01000022888184,1.2100000381469729,0.0152000002562999,KRX_IDX_1001,KRW,INDEX
2002-09-04,18.540000915527344,1.1799999475479126,0.015599999576807,KRX_IDX_1001,KRW,INDEX
2002-09-05,18.489999771118164,1.1799999475479126,0.015599999576807022,KRX_IDX_1001,KRW,INDEX
2002-09-06,18.170000076293945,1.159999966621399,0.0159000009298324,KRX_IDX_1001,KRW,INDEX
2002-09-09,17.899999618530273,1.1399999856948853,0.0162000004202127,KRX_IDX_1001,KRW,INDEX
2002-09-10,18.290000915527344,1.159999966621399,0.015800001099705696,KRX_IDX_1001,KRW,INDEX
2002-09-11,18.57999992370605,1.1799999475479126,0.015599999576807,KRX_IDX_1001,KRW,INDEX
2002-09-12,18.959999084472656,1.2100000381469729,0.0153000000864267,KRX_IDX_1001,KRW,INDEX
2002-09-13,18.399999618530273,1.1699999570846558,0.015700001269578934,KRX_IDX_1001,KRW,INDEX
2002-09-16,18.100000381469727,1.149999976158142,0.0160000007599592,KRX_IDX_1001,KRW,INDEX
2002-09-17,18.709999084472656,1.190000057220459,0.0154999997466802,KRX_IDX_1001,KRW,INDEX
2002-09-18,18.1200008392334,1.149999976158142,0.0160000007599592,KRX_IDX_1001,KRW,INDEX
2002-09-19,18.1200008392334,1.149999976158142,0.01600000075995922,KRX_IDX_1001,KRW,INDEX
2002-09-23,17.489999771118164,1.1100000143051147,0.016599999740719795,KRX_IDX_1001,KRW,INDEX
2002-09-24,17.31999969482422,1.100000023841858,0.016699999570846558,KRX_IDX_1001,KRW,INDEX
2002-09-25,16.979999542236328,1.0700000524520874,0.0171000007539987,KRX_IDX_1001,KRW,INDEX
2002-09-26,17.100000381469727,1.0800000429153442,0.017000000923871994,KRX_IDX_1001,KRW,INDEX
2002-09-27,17.219999313354492,1.090000033378601,0.017100000753998756,KRX_IDX_1001,KRW,INDEX
2002-09-30,16.799999237060547,1.059999942779541,0.01759999990463257,KRX_IDX_1001,KRW,INDEX
2002-10-01,16.940000534057617,1.0700000524520874,0.017400000244379,KRX_IDX_1001,KRW,INDEX
2002-10-02,16.84000015258789,1.0700000524520874,0.0175000000745058,KRX_IDX_1001,KRW,INDEX
2002-10-04,16.90999984741211,1.0700000524520874,0.017400000244379044,KRX_IDX_1001,KRW,INDEX
2002-10-07,16.299999237060547,1.0299999713897705,0.01809999905526638,KRX_IDX_1001,KRW,INDEX
2002-10-08,16.489999771118164,1.0399999618530273,0.017899999395012856,KRX_IDX_1001,KRW,INDEX
2002-10-09,16.110000610351562,1.0199999809265137,0.018300000578165,KRX_IDX_1001,KRW,INDEX
2002-10-10,15.15999984741211,0.959999978542328,0.0194000005722045,KRX_IDX_1001,KRW,INDEX
2002-10-11,15.25,0.9700000286102295,0.019299998879432678,KRX_IDX_1001,KRW,INDEX
2002-10-14,15.9399995803833,1.0099999904632568,0.01850000023841858,KRX_IDX_1001,KRW,INDEX
2002-10-15,16.34000015258789,1.0299999713897705,0.0179999992251396,KRX_IDX_1001,KRW,INDEX
2002-10-16,16.530000686645508,1.0499999523162842,0.017799999564886,KRX_IDX_1001,KRW,INDEX
2002-10-17,16.559999465942383,1.059999942779541,0.0176999997347593,KRX_IDX_1001,KRW,INDEX
2002-10-18,17.239999771118164,1.100000023841858,0.017000000923871994,KRX_IDX_1001,KRW,INDEX
2002-10-21,16.760000228881836,1.0700000524520874,0.017500000074505806,KRX_IDX_1001,KRW,INDEX
2002-10-22,16.399999618530273,1.0499999523162842,0.017799999564886,KRX_IDX_1001,KRW,INDEX
2002-10-23,16.860000610351562,1.0800000429153442,0.0173000004142522,KRX_IDX_1001,KRW,INDEX
2002-10-24,16.799999237060547,1.0800000429153442,0.017400000244379044,KRX_IDX_1001,KRW,INDEX
2002-10-25,16.829999923706055,1.0800000429153442,0.017400000244379044,KRX_IDX_1001,KRW,INDEX
2002-10-28,17.399999618530273,1.1100000143051147,0.0167999994009733,KRX_IDX_1001,KRW,INDEX
2002-10-29,17.270000457763672,1.1100000143051147,0.0169000010937452,KRX_IDX_1001,KRW,INDEX
2002-10-30,16.8799991607666,1.0800000429153442,0.0173000004142522,KRX_IDX_1001,KRW,INDEX
2002-10-31,16.90999984741211,1.0800000429153442,0.0173000004142522,KRX_IDX_1001,KRW,INDEX
2002-11-01,16.6299991607666,1.059999942779541,0.0175999999046325,KRX_IDX_1001,KRW,INDEX
2002-11-04,17.270000457763672,1.100000023841858,0.0169000010937452,KRX_IDX_1001,KRW,INDEX
2002-11-05,17.06999969482422,1.090000033378601,0.0171000007539987,KRX_IDX_1001,KRW,INDEX
2002-11-06,17.530000686645508,1.1200000047683716,0.016599999740719795,KRX_IDX_1001,KRW,INDEX
2002-11-07,17.5,1.1200000047683716,0.016699999570846558,KRX_IDX_1001,KRW,INDEX
2002-11-08,17.31999969482422,1.1100000143051147,0.01679999940097332,KRX_IDX_1001,KRW,INDEX
2002-11-11,16.8700008392334,1.0800000429153442,0.0173000004142522,KRX_IDX_1001,KRW,INDEX
2002-11-12,16.790000915527344,1.0700000524520874,0.017400000244379,KRX_IDX_1001,KRW,INDEX
2002-11-13,16.780000686645508,1.0700000524520874,0.017400000244379,KRX_IDX_1001,KRW,INDEX
2002-11-14,16.729999542236328,1.0700000524520874,0.017400000244379,KRX_IDX_1001,KRW,INDEX
2002-11-15,17.270000457763672,1.100000023841858,0.01690000109374523,KRX_IDX_1001,KRW,INDEX
2002-11-18,17.1200008392334,1.090000033378601,0.0170000009238719,KRX_IDX_1001,KRW,INDEX
2002-11-19,17.219999313354492,1.100000023841858,0.0169000010937452,KRX_IDX_1001,KRW,INDEX
2002-11-20,17.450000762939453,1.1200000047683716,0.016599999740719795,KRX_IDX_1001,KRW,INDEX
2002-11-21,17.65999984741211,1.1299999952316284,0.0164000000804662,KRX_IDX_1001,KRW,INDEX
2002-11-22,17.719999313354492,1.1399999856948853,0.01640000008046627,KRX_IDX_1001,KRW,INDEX
2002-11-25,18.11000061035156,1.149999976158142,0.0160000007599592,KRX_IDX_1001,KRW,INDEX
2002-11-26,18.040000915527344,1.149999976158142,0.016100000590085983,KRX_IDX_1001,KRW,INDEX
2002-11-27,18.200000762939453,1.159999966621399,0.01590000092983246,KRX_IDX_1001,KRW,INDEX
2002-11-28,18.38999938964844,1.1699999570846558,0.0158000010997056,KRX_IDX_1001,KRW,INDEX
2002-11-29,18.64999961853028,1.190000057220459,0.015599999576807,KRX_IDX_1001,KRW,INDEX
2002-12-02,18.770000457763672,1.2000000476837158,0.0153999999165534,KRX_IDX_1001,KRW,INDEX
2002-12-03,18.940000534057617,1.2100000381469729,0.0153000000864267,KRX_IDX_1001,KRW,INDEX
2002-12-04,18.3700008392334,1.1699999570846558,0.015800001099705696,KRX_IDX_1001,KRW,INDEX
2002-12-05,18.57999992370605,1.1799999475479126,0.015599999576807,KRX_IDX_1001,KRW,INDEX
2002-12-06,18.440000534057617,1.1799999475479126,0.0157000012695789,KRX_IDX_1001,KRW,INDEX
2002-12-09,18.18000030517578,1.159999966621399,0.01590000092983246,KRX_IDX_1001,KRW,INDEX
2002-12-10,18.030000686645508,1.149999976158142,0.01600000075995922,KRX_IDX_1001,KRW,INDEX
2002-12-11,17.93000030517578,1.149999976158142,0.016100000590085983,KRX_IDX_1001,KRW,INDEX
2002-12-12,18.3700008392334,1.1799999475479126,0.015700001269578934,KRX_IDX_1001,KRW,INDEX
2002-12-13,18.07999992370605,1.1799999475479126,0.0157000012695789,KRX_IDX_1001,KRW,INDEX
2002-12-16,17.68000030517578,1.159999966621399,0.0161000005900859,KRX_IDX_1001,KRW,INDEX
2002-12-17,18.0,1.1799999475479126,0.0158000010997056,KRX_IDX_1001,KRW,INDEX
2002-12-18,18.1200008392334,1.1799999475479126,0.015700001269578934,KRX_IDX_1001,KRW,INDEX
2002-12-20,17.56999969482422,1.1799999475479126,0.0157000012695789,KRX_IDX_1001,KRW,INDEX
2002-12-23,17.1299991607666,1.159999966621399,0.016100000590085983,KRX_IDX_1001,KRW,INDEX
2002-12-24,16.799999237060547,1.1299999952316284,0.0164000000804662,KRX_IDX_1001,KRW,INDEX
2002-12-26,16.649999618530273,1.1200000047683716,0.0165999997407197,KRX_IDX_1001,KRW,INDEX
2002-12-27,16.290000915527344,1.100000023841858,0.01690000109374523,KRX_IDX_1001,KRW,INDEX
2002-12-30,15.609999656677246,1.0499999523162842,0.01769999973475933,KRX_IDX_1001,KRW,INDEX
2003-01-02,15.800000190734863,1.059999942779541,0.0175000000745058,KRX_IDX_1001,KRW,INDEX
2003-01-03,16.43000030517578,1.100000023841858,0.01679999940097332,KRX_IDX_1001,KRW,INDEX
2003-01-06,16.84000015258789,1.1100000143051147,0.0166999995708465,KRX_IDX_1001,KRW,INDEX
2003-01-07,16.469999313354492,1.090000033378601,0.0171000007539987,KRX_IDX_1001,KRW,INDEX
2003-01-08,16.459999084472656,1.090000033378601,0.0171000007539987,KRX_IDX_1001,KRW,INDEX
2003-01-09,15.920000076293944,1.0499999523162842,0.0176999997347593,KRX_IDX_1001,KRW,INDEX
2003-01-10,15.84000015258789,1.0499999523162842,0.0176999997347593,KRX_IDX_1001,KRW,INDEX
2003-01-13,16.350000381469727,1.0800000429153442,0.0172000005841255,KRX_IDX_1001,KRW,INDEX
2003-01-14,16.440000534057617,1.0800000429153442,0.0171000007539987,KRX_IDX_1001,KRW,INDEX
2003-01-15,16.389999389648438,1.0800000429153442,0.01720000058412552,KRX_IDX_1001,KRW,INDEX
2003-01-16,16.389999389648438,1.0800000429153442,0.0172000005841255,KRX_IDX_1001,KRW,INDEX
2003-01-17,16.09000015258789,1.059999942779541,0.0175999999046325,KRX_IDX_1001,KRW,INDEX
2003-01-20,16.040000915527344,1.059999942779541,0.0175999999046325,KRX_IDX_1001,KRW,INDEX
2003-01-21,16.020000457763672,1.0499999523162842,0.0176999997347593,KRX_IDX_1001,KRW,INDEX
2003-01-22,15.770000457763672,1.0399999618530273,0.017999999225139618,KRX_IDX_1001,KRW,INDEX
2003-01-23,15.819999694824219,1.0399999618530273,0.017899999395012856,KRX_IDX_1001,KRW,INDEX
2003-01-24,15.43000030517578,1.0199999809265137,0.018300000578165,KRX_IDX_1001,KRW,INDEX
2003-01-27,15.0,0.9900000095367432,0.0187999997287988,KRX_IDX_1001,KRW,INDEX
2003-01-28,15.18000030517578,1.0,0.0186000000685453,KRX_IDX_1001,KRW,INDEX
2003-01-29,14.739999771118164,0.9700000286102296,0.0191999990493059,KRX_IDX_1001,KRW,INDEX
2003-01-30,14.9399995803833,0.9800000190734863,0.01889999955892563,KRX_IDX_1001,KRW,INDEX
2003-02-03,15.15999984741211,1.0,0.01860000006854534,KRX_IDX_1001,KRW,INDEX
2003-02-04,15.239999771118164,1.0,0.01850000023841858,KRX_IDX_1001,KRW,INDEX
2003-02-05,15.170000076293945,1.0,0.01860000006854534,KRX_IDX_1001,KRW,INDEX
2003-02-06,14.890000343322754,0.9800000190734863,0.01899999938905239,KRX_IDX_1001,KRW,INDEX
2003-02-07,14.59000015258789,0.9599999785423279,0.01940000057220459,KRX_IDX_1001,KRW,INDEX
2003-02-10,14.59000015258789,0.959999978542328,0.0194000005722045,KRX_IDX_1001,KRW,INDEX
2003-02-11,14.56999969482422,0.959999978542328,0.0194000005722045,KRX_IDX_1001,KRW,INDEX
2003-02-12,14.760000228881836,0.9700000286102296,0.0191999990493059,KRX_IDX_1001,KRW,INDEX
2003-02-13,14.5600004196167,0.9599999785423279,0.01940000057220459,KRX_IDX_1001,KRW,INDEX
2003-02-14,14.649999618530272,0.959999978542328,0.0194000005722045,KRX_IDX_1001,KRW,INDEX
2003-02-17,15.170000076293945,1.0,0.01860000006854534,KRX_IDX_1001,KRW,INDEX
2003-02-18,15.210000038146973,1.0099999904632568,0.01850000023841858,KRX_IDX_1001,KRW,INDEX
2003-02-19,15.140000343322754,1.0,0.01860000006854534,KRX_IDX_1001,KRW,INDEX
2003-02-20,15.260000228881836,1.0099999904632568,0.0184000004082918,KRX_IDX_1001,KRW,INDEX
2003-02-21,15.210000038146973,1.0,0.01850000023841858,KRX_IDX_1001,KRW,INDEX
2003-02-24,15.5600004196167,1.0299999713897705,0.0180999990552663,KRX_IDX_1001,KRW,INDEX
2003-02-25,14.949999809265137,0.9900000095367432,0.0188999995589256,KRX_IDX_1001,KRW,INDEX
2003-02-26,14.880000114440918,0.9800000190734864,0.0188999995589256,KRX_IDX_1001,KRW,INDEX
2003-02-27,14.670000076293944,0.9700000286102296,0.0191999990493059,KRX_IDX_1001,KRW,INDEX
2003-02-28,14.489999771118164,0.959999978542328,0.0194000005722045,KRX_IDX_1001,KRW,INDEX
2003-03-03,14.859999656677246,0.9800000190734864,0.0188999995589256,KRX_IDX_1001,KRW,INDEX
2003-03-04,14.609999656677246,0.959999978542328,0.0194000005722045,KRX_IDX_1001,KRW,INDEX
2003-03-05,14.1899995803833,0.9300000071525574,0.0198999997228384,KRX_IDX_1001,KRW,INDEX
2003-03-06,14.069999694824219,0.9200000166893005,0.019899999722838402,KRX_IDX_1001,KRW,INDEX
2003-03-07,13.850000381469727,0.9100000262260437,0.02019999921321869,KRX_IDX_1001,KRW,INDEX
2003-03-10,13.8100004196167,0.8999999761581421,0.02029999904334545,KRX_IDX_1001,KRW,INDEX
2003-03-11,13.529999732971191,0.8799999952316284,0.02059999853372574,KRX_IDX_1001,KRW,INDEX
2003-03-12,13.399999618530273,0.8700000047683716,0.02059999853372574,KRX_IDX_1001,KRW,INDEX
2003-03-13,13.40999984741211,0.8700000047683716,0.02059999853372574,KRX_IDX_1001,KRW,INDEX
2003-03-14,13.529999732971191,0.8799999952316284,0.020399998873472214,KRX_IDX_1001,KRW,INDEX
2003-03-17,12.960000038146973,0.8500000238418579,0.021300001069903374,KRX_IDX_1001,KRW,INDEX
2003-03-18,13.510000228881836,0.8799999952316284,0.020399998873472214,KRX_IDX_1001,KRW,INDEX
2003-03-19,13.640000343322754,0.8899999856948853,0.0201999992132186,KRX_IDX_1001,KRW,INDEX
2003-03-20,14.319999694824219,0.9300000071525574,0.019299998879432678,KRX_IDX_1001,KRW,INDEX
2003-03-21,14.140000343322754,0.949999988079071,0.019099999219179153,KRX_IDX_1001,KRW,INDEX
2003-03-24,14.010000228881836,0.9399999976158142,0.0192999988794326,KRX_IDX_1001,KRW,INDEX
2003-03-25,13.729999542236328,0.9200000166893005,0.01979999989271164,KRX_IDX_1001,KRW,INDEX
2003-03-26,13.720000267028809,0.9200000166893005,0.01979999989271164,KRX_IDX_1001,KRW,INDEX
2003-03-27,14.350000381469728,0.9100000262260436,0.0199999995529651,KRX_IDX_1001,KRW,INDEX
2003-03-28,14.539999961853027,0.9200000166893004,0.0197000000625848,KRX_IDX_1001,KRW,INDEX
2003-03-31,14.170000076293944,0.8899999856948853,0.0203999988734722,KRX_IDX_1001,KRW,INDEX
2003-04-01,13.739999771118164,0.8999999761581421,0.0203999988734722,KRX_IDX_1001,KRW,INDEX
2003-04-02,13.859999656677246,0.9100000262260437,0.02019999921321869,KRX_IDX_1001,KRW,INDEX
2003-04-03,13.920000076293945,0.9100000262260437,0.020099999383091927,KRX_IDX_1001,KRW,INDEX
2003-04-04,14.270000457763672,0.9399999976158142,0.019600000232458115,KRX_IDX_1001,KRW,INDEX
2003-04-07,14.979999542236328,0.9800000190734863,0.018699999898672104,KRX_IDX_1001,KRW,INDEX
2003-04-08,15.020000457763672,0.9900000095367432,0.018699999898672104,KRX_IDX_1001,KRW,INDEX
2003-04-09,14.5600004196167,0.9599999785423279,0.019299998879432678,KRX_IDX_1001,KRW,INDEX
2003-04-10,14.770000457763672,0.9700000286102296,0.0189999993890523,KRX_IDX_1001,KRW,INDEX
2003-04-11,14.920000076293944,0.9800000190734864,0.0187999997287988,KRX_IDX_1001,KRW,INDEX
2003-04-14,15.220000267028809,1.0,0.0184000004082918,KRX_IDX_1001,KRW,INDEX
2003-04-15,15.470000267028809,1.0199999809265137,0.01809999905526638,KRX_IDX_1001,KRW,INDEX
2003-04-16,15.449999809265137,1.0399999618530273,0.01759999990463257,KRX_IDX_1001,KRW,INDEX
2003-04-17,15.229999542236328,1.0299999713897705,0.0178999993950128,KRX_IDX_1001,KRW,INDEX
2003-04-18,15.529999732971191,1.0499999523162842,0.017500000074505806,KRX_IDX_1001,KRW,INDEX
2003-04-21,15.539999961853027,1.0399999618530273,0.01759999990463257,KRX_IDX_1001,KRW,INDEX
2003-04-22,15.09000015258789,1.0099999904632568,0.01809999905526638,KRX_IDX_1001,KRW,INDEX
2003-04-23,14.960000038146973,1.0099999904632568,0.0182000007480382,KRX_IDX_1001,KRW,INDEX
2003-04-24,14.729999542236328,0.9900000095367432,0.0185000002384185,KRX_IDX_1001,KRW,INDEX
2003-04-25,14.1899995803833,0.959999978542328,0.0191999990493059,KRX_IDX_1001,KRW,INDEX
2003-04-28,6.769999980926514,0.7200000286102295,0.0298999994993209,KRX_IDX_1001,KRW,INDEX
2003-04-29,7.150000095367432,0.75,0.028499998152256,KRX_IDX_1001,KRW,INDEX
2003-04-30,7.170000076293945,0.7599999904632568,0.02839999832212925,KRX_IDX_1001,KRW,INDEX
2003-05-02,7.150000095367432,0.75,0.028499998152256012,KRX_IDX_1001,KRW,INDEX
2003-05-06,7.230000019073486,0.7599999904632568,0.0281999986618757,KRX_IDX_1001,KRW,INDEX
2003-05-07,7.400000095367432,0.7799999713897705,0.027499999850988388,KRX_IDX_1001,KRW,INDEX
2003-05-09,7.409999847412109,0.7799999713897705,0.0274999998509883,KRX_IDX_1001,KRW,INDEX
2003-05-12,7.550000190734863,0.7900000214576721,0.0270000007003545,KRX_IDX_1001,KRW,INDEX
2003-05-13,7.349999904632568,0.7699999809265137,0.0277999993413686,KRX_IDX_1001,KRW,INDEX
2003-05-14,7.300000190734863,0.7699999809265137,0.027899999171495438,KRX_IDX_1001,KRW,INDEX
2003-05-15,7.409999847412109,0.7799999713897705,0.0274999998509883,KRX_IDX_1001,KRW,INDEX
2003-05-16,7.300000190734863,0.7699999809265137,0.0278999991714954,KRX_IDX_1001,KRW,INDEX
2003-05-19,7.130000114440918,0.75,0.028599999845027924,KRX_IDX_1001,KRW,INDEX
2003-05-20,7.199999809265137,0.7599999904632568,0.0282999984920024,KRX_IDX_1001,KRW,INDEX
2003-05-21,7.179999828338623,0.7599999904632568,0.0283999983221292,KRX_IDX_1001,KRW,INDEX
2003-05-22,7.119999885559082,0.75,0.0285999998450279,KRX_IDX_1001,KRW,INDEX
2003-05-23,7.309999942779541,0.7699999809265137,0.0277999993413686,KRX_IDX_1001,KRW,INDEX
2003-05-26,7.389999866485596,0.7799999713897705,0.027499999850988388,KRX_IDX_1001,KRW,INDEX
2003-05-27,7.349999904632568,0.7699999809265137,0.027699999511241913,KRX_IDX_1001,KRW,INDEX
2003-05-28,7.510000228881836,0.7900000214576721,0.0271000005304813,KRX_IDX_1001,KRW,INDEX
2003-05-29,7.559999942779541,0.7900000214576721,0.0269000008702278,KRX_IDX_1001,KRW,INDEX
2003-05-30,7.579999923706055,0.7900000214576721,0.026900000870227814,KRX_IDX_1001,KRW,INDEX
2003-06-02,7.760000228881836,0.8100000023841858,0.02619999833405018,KRX_IDX_1001,KRW,INDEX
2003-06-03,7.619999885559082,0.7900000214576721,0.02670000120997429,KRX_IDX_1001,KRW,INDEX
2003-06-04,7.659999847412109,0.800000011920929,0.026600001379847527,KRX_IDX_1001,KRW,INDEX
2003-06-05,7.679999828338623,0.800000011920929,0.026500001549720764,KRX_IDX_1001,KRW,INDEX
2003-06-09,7.78000020980835,0.8100000023841858,0.02619999833405018,KRX_IDX_1001,KRW,INDEX
2003-06-10,7.78000020980835,0.8100000023841858,0.0261999983340501,KRX_IDX_1001,KRW,INDEX
2003-06-11,7.789999961853027,0.8100000023841858,0.0260999985039234,KRX_IDX_1001,KRW,INDEX
2003-06-12,7.869999885559082,0.8199999928474426,0.02589999884366989,KRX_IDX_1001,KRW,INDEX
2003-06-13,7.960000038146973,0.8299999833106995,0.0255999993532896,KRX_IDX_1001,KRW,INDEX
2003-06-16,7.869999885559082,0.8199999928474426,0.0258999988436698,KRX_IDX_1001,KRW,INDEX
2003-06-17,8.069999694824219,0.8399999737739563,0.025200000032782555,KRX_IDX_1001,KRW,INDEX
2003-06-18,8.079999923706055,0.8399999737739563,0.025200000032782555,KRX_IDX_1001,KRW,INDEX
2003-06-19,8.260000228881836,0.8600000143051147,0.0246000010520219,KRX_IDX_1001,KRW,INDEX
2003-06-20,8.210000038146973,0.8600000143051147,0.024800000712275505,KRX_IDX_1001,KRW,INDEX
2003-06-23,8.069999694824219,0.8399999737739563,0.0252000000327825,KRX_IDX_1001,KRW,INDEX
2003-06-24,7.920000076293945,0.8299999833106995,0.025599999353289604,KRX_IDX_1001,KRW,INDEX
2003-06-25,8.0600004196167,0.8399999737739563,0.025200000032782555,KRX_IDX_1001,KRW,INDEX
2003-06-26,8.100000381469727,0.8500000238418579,0.0252000000327825,KRX_IDX_1001,KRW,INDEX
2003-06-27,8.119999885559082,0.8500000238418579,0.025100000202655792,KRX_IDX_1001,KRW,INDEX
2003-06-30,8.029999732971191,0.8399999737739563,0.02539999969303608,KRX_IDX_1001,KRW,INDEX
2003-07-01,8.079999923706055,0.8500000238418579,0.0252000000327825,KRX_IDX_1001,KRW,INDEX
2003-07-02,8.229999542236328,0.8600000143051147,0.0248000007122755,KRX_IDX_1001,KRW,INDEX
2003-07-03,8.210000038146973,0.8600000143051147,0.0249000005424022,KRX_IDX_1001,KRW,INDEX
2003-07-04,8.289999961853027,0.8700000047683716,0.0247000008821487,KRX_IDX_1001,KRW,INDEX
2003-07-07,8.420000076293945,0.8799999952316284,0.024300001561641693,KRX_IDX_1001,KRW,INDEX
2003-07-08,8.460000038146973,0.8899999856948853,0.02419999986886978,KRX_IDX_1001,KRW,INDEX
2003-07-09,8.430000305175781,0.8899999856948853,0.024300001561641693,KRX_IDX_1001,KRW,INDEX
2003-07-10,8.369999885559082,0.8799999952316284,0.024500001221895218,KRX_IDX_1001,KRW,INDEX
2003-07-11,8.40999984741211,0.8799999952316284,0.024300001561641693,KRX_IDX_1001,KRW,INDEX
2003-07-14,8.609999656677246,0.8999999761581421,0.023800000548362732,KRX_IDX_1001,KRW,INDEX
2003-07-15,8.520000457763672,0.8999999761581421,0.0240000002086162,KRX_IDX_1001,KRW,INDEX
2003-07-16,8.5600004196167,0.8999999761581421,0.0239000003784894,KRX_IDX_1001,KRW,INDEX
2003-07-18,8.350000381469727,0.8799999952316284,0.0245000012218952,KRX_IDX_1001,KRW,INDEX
2003-07-21,8.279999732971191,0.8700000047683716,0.0246000010520219,KRX_IDX_1001,KRW,INDEX
2003-07-22,8.359999656677246,0.8799999952316284,0.024400001391768456,KRX_IDX_1001,KRW,INDEX
2003-07-23,8.3100004196167,0.8700000047683716,0.0245000012218952,KRX_IDX_1001,KRW,INDEX
2003-07-24,8.399999618530273,0.8799999952316284,0.0243000015616416,KRX_IDX_1001,KRW,INDEX
2003-07-25,8.420000076293945,0.8799999952316284,0.0241999998688697,KRX_IDX_1001,KRW,INDEX
2003-07-28,9.180000305175781,0.8999999761581421,0.02329999953508377,KRX_IDX_1001,KRW,INDEX
2003-07-29,9.260000228881836,0.9100000262260436,0.0230999998748302,KRX_IDX_1001,KRW,INDEX
2003-07-30,9.130000114440918,0.8999999761581421,0.0234999991953372,KRX_IDX_1001,KRW,INDEX
2003-07-31,9.119999885559082,0.8999999761581421,0.0234999991953372,KRX_IDX_1001,KRW,INDEX
2003-08-01,9.300000190734863,0.9100000262260436,0.0230000000447034,KRX_IDX_1001,KRW,INDEX
2003-08-04,9.1899995803833,0.8999999761581421,0.0232999995350837,KRX_IDX_1001,KRW,INDEX
2003-08-05,9.239999771118164,0.9100000262260436,0.023199999704957,KRX_IDX_1001,KRW,INDEX
2003-08-06,9.0600004196167,0.8899999856948853,0.02369999885559082,KRX_IDX_1001,KRW,INDEX
2003-08-07,9.079999923706056,0.8899999856948853,0.023599999025464,KRX_IDX_1001,KRW,INDEX
2003-08-08,9.010000228881836,0.8899999856948853,0.023800000548362732,KRX_IDX_1001,KRW,INDEX
2003-08-11,9.020000457763672,0.8899999856948853,0.023800000548362732,KRX_IDX_1001,KRW,INDEX
2003-08-12,8.979999542236328,0.8799999952316284,0.0239000003784894,KRX_IDX_1001,KRW,INDEX
2003-08-13,9.149999618530273,0.8999999761581421,0.023399999365210533,KRX_IDX_1001,KRW,INDEX
2003-08-14,9.329999923706055,0.9200000166893005,0.023000000044703484,KRX_IDX_1001,KRW,INDEX
2003-08-18,9.34000015258789,0.9200000166893004,0.0229000002145767,KRX_IDX_1001,KRW,INDEX
2003-08-19,9.470000267028809,0.9300000071525574,0.0226000007241964,KRX_IDX_1001,KRW,INDEX
2003-08-20,9.43000030517578,0.9300000071525574,0.0227000005543231,KRX_IDX_1001,KRW,INDEX
2003-08-21,9.649999618530272,0.949999988079071,0.0220999997109174,KRX_IDX_1001,KRW,INDEX
2003-08-22,9.65999984741211,0.949999988079071,0.022099999710917473,KRX_IDX_1001,KRW,INDEX
2003-08-25,9.680000305175781,0.949999988079071,0.022099999710917473,KRX_IDX_1001,KRW,INDEX
2003-08-26,9.630000114440918,0.949999988079071,0.022199999541044235,KRX_IDX_1001,KRW,INDEX
2003-08-27,9.710000038146973,0.9599999785423279,0.02199999988079071,KRX_IDX_1001,KRW,INDEX
2003-08-28,9.630000114440918,0.949999988079071,0.022199999541044235,KRX_IDX_1001,KRW,INDEX
2003-08-29,9.710000038146973,0.959999978542328,0.0219999998807907,KRX_IDX_1001,KRW,INDEX
2003-09-01,9.770000457763672,0.959999978542328,0.0219000000506639,KRX_IDX_1001,KRW,INDEX
2003-09-02,9.8100004196167,0.9700000286102296,0.0218000002205371,KRX_IDX_1001,KRW,INDEX
2003-09-03,9.800000190734863,0.9700000286102295,0.021800000220537186,KRX_IDX_1001,KRW,INDEX
2003-09-04,9.789999961853027,0.9700000286102296,0.0218000002205371,KRX_IDX_1001,KRW,INDEX
2003-09-05,9.75,0.9700000286102295,0.021900000050663948,KRX_IDX_1001,KRW,INDEX
2003-09-08,9.739999771118164,0.9700000286102295,0.021900000050663948,KRX_IDX_1001,KRW,INDEX
2003-09-09,9.829999923706056,0.9700000286102296,0.0217000003904104,KRX_IDX_1001,KRW,INDEX
2003-09-15,9.649999618530272,0.959999978542328,0.0220999997109174,KRX_IDX_1001,KRW,INDEX
2003-09-16,9.789999961853027,0.9700000286102296,0.0218000002205371,KRX_IDX_1001,KRW,INDEX
2003-09-17,9.829999923706056,0.9800000190734864,0.0217000003904104,KRX_IDX_1001,KRW,INDEX
2003-09-18,9.720000267028809,0.959999978542328,0.0219000000506639,KRX_IDX_1001,KRW,INDEX
2003-09-19,9.59000015258789,0.949999988079071,0.0221999995410442,KRX_IDX_1001,KRW,INDEX
2003-09-22,9.15999984741211,0.9100000262260437,0.02329999953508377,KRX_IDX_1001,KRW,INDEX
2003-09-23,9.220000267028809,0.9100000262260437,0.023099999874830246,KRX_IDX_1001,KRW,INDEX
2003-09-24,9.289999961853027,0.9200000166893004,0.0229000002145767,KRX_IDX_1001,KRW,INDEX
2003-09-25,9.149999618530272,0.9100000262260436,0.0232999995350837,KRX_IDX_1001,KRW,INDEX
2003-09-26,8.449999809265137,0.8899999856948853,0.023800000548362732,KRX_IDX_1001,KRW,INDEX
2003-09-29,8.430000305175781,0.8799999952316284,0.023900000378489494,KRX_IDX_1001,KRW,INDEX
2003-09-30,8.449999809265137,0.8899999856948853,0.023800000548362732,KRX_IDX_1001,KRW,INDEX
2003-10-01,8.539999961853027,0.8899999856948853,0.023599999025464,KRX_IDX_1001,KRW,INDEX
2003-10-02,8.720000267028809,0.9100000262260437,0.02319999970495701,KRX_IDX_1001,KRW,INDEX
2003-10-06,8.829999923706055,0.9200000166893005,0.023000000044703484,KRX_IDX_1001,KRW,INDEX
2003-10-07,8.880000114440918,0.9200000166893005,0.02280000038444996,KRX_IDX_1001,KRW,INDEX
2003-10-08,8.829999923706055,0.9200000166893005,0.023000000044703484,KRX_IDX_1001,KRW,INDEX
2003-10-09,8.989999771118164,0.9399999976158142,0.022600000724196434,KRX_IDX_1001,KRW,INDEX
2003-10-10,9.260000228881836,0.9599999785423279,0.021900000050663948,KRX_IDX_1001,KRW,INDEX
2003-10-13,9.25,0.9599999785423279,0.021900000050663948,KRX_IDX_1001,KRW,INDEX
2003-10-14,9.359999656677246,0.9700000286102295,0.021700000390410423,KRX_IDX_1001,KRW,INDEX
2003-10-15,9.34000015258789,0.9700000286102295,0.021800000220537186,KRX_IDX_1001,KRW,INDEX
2003-10-16,9.5,0.9900000095367432,0.021400000900030136,KRX_IDX_1001,KRW,INDEX
2003-10-17,9.380000114440918,0.9800000190734863,0.021700000390410423,KRX_IDX_1001,KRW,INDEX
2003-10-20,9.489999771118164,0.9900000095367432,0.021400000900030136,KRX_IDX_1001,KRW,INDEX
2003-10-21,9.539999961853027,0.9900000095367432,0.021300001069903374,KRX_IDX_1001,KRW,INDEX
2003-10-22,9.529999732971191,0.9900000095367432,0.021300001069903374,KRX_IDX_1001,KRW,INDEX
2003-10-23,9.210000038146973,0.9599999785423279,0.022099999710917473,KRX_IDX_1001,KRW,INDEX
2003-10-24,9.130000114440918,0.949999988079071,0.022299999371170998,KRX_IDX_1001,KRW,INDEX
2003-10-27,9.300000190734863,0.9700000286102295,0.02199999988079071,KRX_IDX_1001,KRW,INDEX
2003-10-28,10.020000457763672,0.9800000190734863,0.0215000007301569,KRX_IDX_1001,KRW,INDEX
2003-10-29,10.079999923706056,0.9900000095367432,0.0214000009000301,KRX_IDX_1001,KRW,INDEX
2003-10-30,10.15999984741211,1.0,0.021199999377131462,KRX_IDX_1001,KRW,INDEX
2003-10-31,10.109999656677246,0.9900000095367432,0.021300001069903374,KRX_IDX_1001,KRW,INDEX
2003-11-03,10.239999771118164,1.0099999904632568,0.020999999716877937,KRX_IDX_1001,KRW,INDEX
2003-11-04,10.279999732971191,1.0099999904632568,0.020899999886751175,KRX_IDX_1001,KRW,INDEX
2003-11-05,10.399999618530273,1.0199999809265137,0.02059999853372574,KRX_IDX_1001,KRW,INDEX
2003-11-06,10.239999771118164,1.0,0.020999999716877937,KRX_IDX_1001,KRW,INDEX
2003-11-07,10.229999542236328,1.0199999809265137,0.02070000022649765,KRX_IDX_1001,KRW,INDEX
2003-11-10,10.130000114440918,1.0099999904632568,0.0208999998867511,KRX_IDX_1001,KRW,INDEX
2003-11-11,10.020000457763672,1.0,0.0210999995470047,KRX_IDX_1001,KRW,INDEX
2003-11-12,10.149999618530273,1.0099999904632568,0.020800000056624413,KRX_IDX_1001,KRW,INDEX
2003-11-13,10.390000343322754,1.0299999713897705,0.020399998873472214,KRX_IDX_1001,KRW,INDEX
2003-11-14,10.34000015258789,1.0299999713897705,0.020499998703598976,KRX_IDX_1001,KRW,INDEX
2003-11-17,10.140000343322754,1.0099999904632568,0.020800000056624413,KRX_IDX_1001,KRW,INDEX
2003-11-18,10.210000038146973,1.0199999809265137,0.02070000022649765,KRX_IDX_1001,KRW,INDEX
2003-11-19,9.829999923706055,0.9800000190734863,0.0215000007301569,KRX_IDX_1001,KRW,INDEX
2003-11-20,9.800000190734863,0.9800000190734863,0.02160000056028366,KRX_IDX_1001,KRW,INDEX
2003-11-21,9.800000190734863,0.9800000190734863,0.02160000056028366,KRX_IDX_1001,KRW,INDEX
2003-11-24,9.5600004196167,0.949999988079071,0.022099999710917473,KRX_IDX_1001,KRW,INDEX
2003-11-25,9.760000228881836,0.9700000286102295,0.021700000390410423,KRX_IDX_1001,KRW,INDEX
2003-11-26,9.949999809265137,0.9900000095367432,0.0213000010699033,KRX_IDX_1001,KRW,INDEX
2003-11-27,9.949999809265137,0.9900000095367432,0.0211999993771314,KRX_IDX_1001,KRW,INDEX
2003-11-28,10.149999618530273,1.0099999904632568,0.020800000056624413,KRX_IDX_1001,KRW,INDEX
2003-12-01,10.279999732971191,1.0199999809265137,0.0205999985337257,KRX_IDX_1001,KRW,INDEX
2003-12-02,10.279999732971191,1.0199999809265137,0.0205999985337257,KRX_IDX_1001,KRW,INDEX
2003-12-03,10.279999732971191,1.0199999809265137,0.0205999985337257,KRX_IDX_1001,KRW,INDEX
2003-12-04,10.210000038146973,1.0199999809265137,0.0207000002264976,KRX_IDX_1001,KRW,INDEX
2003-12-05,10.010000228881836,1.0,0.0210999995470047,KRX_IDX_1001,KRW,INDEX
2003-12-08,9.970000267028809,0.9900000095367432,0.0211999993771314,KRX_IDX_1001,KRW,INDEX
2003-12-09,9.989999771118164,0.9900000095367432,0.0211999993771314,KRX_IDX_1001,KRW,INDEX
2003-12-10,10.09000015258789,1.0,0.020999999716877937,KRX_IDX_1001,KRW,INDEX
2003-12-11,10.050000190734863,1.0,0.020999999716877937,KRX_IDX_1001,KRW,INDEX
2003-12-12,10.25,1.0199999809265137,0.0205999985337257,KRX_IDX_1001,KRW,INDEX
2003-12-15,10.460000038146973,1.0399999618530271,0.0201999992132186,KRX_IDX_1001,KRW,INDEX
2003-12-16,10.289999961853027,1.0299999713897705,0.020499998703598976,KRX_IDX_1001,KRW,INDEX
2003-12-17,10.130000114440918,1.0099999904632568,0.020899999886751175,KRX_IDX_1001,KRW,INDEX
2003-12-18,10.260000228881836,1.0199999809265137,0.02059999853372574,KRX_IDX_1001,KRW,INDEX
2003-12-19,10.3100004196167,1.0299999713897705,0.0204999987035989,KRX_IDX_1001,KRW,INDEX
2003-12-22,10.210000038146973,1.0199999809265137,0.0207000002264976,KRX_IDX_1001,KRW,INDEX
2003-12-23,10.140000343322754,1.0199999809265137,0.02070000022649765,KRX_IDX_1001,KRW,INDEX
2003-12-24,9.949999809265137,1.0,0.0211999993771314,KRX_IDX_1001,KRW,INDEX
2003-12-26,9.869999885559082,0.9900000095367432,0.0214000009000301,KRX_IDX_1001,KRW,INDEX
2003-12-29,9.829999923706055,1.0,0.021400000900030136,KRX_IDX_1001,KRW,INDEX
2003-12-30,10.0600004196167,1.0199999809265137,0.020899999886751175,KRX_IDX_1001,KRW,INDEX
2004-01-02,10.199999809265137,1.0299999713897705,0.02059999853372574,KRX_IDX_1001,KRW,INDEX
2004-01-05,10.239999771118164,1.0399999618530273,0.02059999853372574,KRX_IDX_1001,KRW,INDEX
2004-01-06,10.229999542236328,1.0399999618530273,0.02059999853372574,KRX_IDX_1001,KRW,INDEX
2004-01-07,10.279999732971191,1.0499999523162842,0.020399998873472214,KRX_IDX_1001,KRW,INDEX
2004-01-08,10.239999771118164,1.0399999618530273,0.020499998703598976,KRX_IDX_1001,KRW,INDEX
2004-01-09,10.510000228881836,1.0700000524520874,0.019999999552965164,KRX_IDX_1001,KRW,INDEX
2004-01-12,10.770000457763672,1.0700000524520874,0.0197999998927116,KRX_IDX_1001,KRW,INDEX
2004-01-13,10.739999771118164,1.0700000524520874,0.019899999722838402,KRX_IDX_1001,KRW,INDEX
2004-01-14,10.760000228881836,1.0700000524520874,0.019899999722838402,KRX_IDX_1001,KRW,INDEX
2004-01-15,10.699999809265137,1.0700000524520874,0.019999999552965164,KRX_IDX_1001,KRW,INDEX
2004-01-16,10.739999771118164,1.0700000524520874,0.019899999722838402,KRX_IDX_1001,KRW,INDEX
2004-01-19,10.859999656677246,1.0800000429153442,0.019700000062584877,KRX_IDX_1001,KRW,INDEX
2004-01-20,10.869999885559082,1.090000033378601,0.019600000232458115,KRX_IDX_1001,KRW,INDEX
2004-01-26,10.960000038146973,1.100000023841858,0.01940000057220459,KRX_IDX_1001,KRW,INDEX
2004-01-27,10.890000343322754,1.090000033378601,0.019500000402331352,KRX_IDX_1001,KRW,INDEX
2004-01-28,10.850000381469727,1.0800000429153442,0.019600000232458115,KRX_IDX_1001,KRW,INDEX
2004-01-29,10.779999732971191,1.0800000429153442,0.01979999989271164,KRX_IDX_1001,KRW,INDEX
2004-01-30,10.720000267028809,1.0700000524520874,0.0198999997228384,KRX_IDX_1001,KRW,INDEX
2004-02-02,10.800000190734863,1.0800000429153442,0.0197000000625848,KRX_IDX_1001,KRW,INDEX
2004-02-03,10.609999656677246,1.059999942779541,0.0200999993830919,KRX_IDX_1001,KRW,INDEX
2004-02-04,10.5600004196167,1.0499999523162842,0.0201999992132186,KRX_IDX_1001,KRW,INDEX
2004-02-05,10.619999885559082,1.059999942779541,0.0200999993830919,KRX_IDX_1001,KRW,INDEX
2004-02-06,10.739999771118164,1.0700000524520874,0.0197999998927116,KRX_IDX_1001,KRW,INDEX
2004-02-09,10.930000305175781,1.090000033378601,0.019500000402331352,KRX_IDX_1001,KRW,INDEX
2004-02-10,10.960000038146973,1.090000033378601,0.01940000057220459,KRX_IDX_1001,KRW,INDEX
2004-02-11,11.09000015258789,1.1100000143051147,0.019199999049305916,KRX_IDX_1001,KRW,INDEX
2004-02-12,11.100000381469727,1.1100000143051147,0.019199999049305916,KRX_IDX_1001,KRW,INDEX
2004-02-13,11.1899995803833,1.090000033378601,0.019099999219179153,KRX_IDX_1001,KRW,INDEX
2004-02-16,11.18000030517578,1.090000033378601,0.0190999992191791,KRX_IDX_1001,KRW,INDEX
2004-02-17,11.229999542236328,1.100000023841858,0.0189999993890523,KRX_IDX_1001,KRW,INDEX
2004-02-18,11.130000114440918,1.090000033378601,0.0191999990493059,KRX_IDX_1001,KRW,INDEX
2004-02-19,10.899999618530272,1.0800000429153442,0.0199999995529651,KRX_IDX_1001,KRW,INDEX
2004-02-20,10.850000381469728,1.0700000524520874,0.0200999993830919,KRX_IDX_1001,KRW,INDEX
2004-02-23,10.84000015258789,1.0700000524520874,0.020099999383091927,KRX_IDX_1001,KRW,INDEX
2004-02-24,10.6899995803833,1.059999942779541,0.020399998873472214,KRX_IDX_1001,KRW,INDEX
2004-02-25,10.720000267028809,1.059999942779541,0.0202999990433454,KRX_IDX_1001,KRW,INDEX
2004-02-26,10.699999809265137,1.059999942779541,0.0203999988734722,KRX_IDX_1001,KRW,INDEX
2004-02-27,10.9399995803833,1.0800000429153442,0.019899999722838402,KRX_IDX_1001,KRW,INDEX
2004-03-02,11.140000343322754,1.100000023841858,0.0196000002324581,KRX_IDX_1001,KRW,INDEX
2004-03-03,11.09000015258789,1.100000023841858,0.0196000002324581,KRX_IDX_1001,KRW,INDEX
2004-03-04,11.25,1.1100000143051147,0.0194000005722045,KRX_IDX_1001,KRW,INDEX
2004-03-05,11.220000267028809,1.1100000143051147,0.0194000005722045,KRX_IDX_1001,KRW,INDEX
2004-03-08,11.15999984741211,1.100000023841858,0.019500000402331352,KRX_IDX_1001,KRW,INDEX
2004-03-09,11.039999961853027,1.090000033378601,0.019700000062584877,KRX_IDX_1001,KRW,INDEX
2004-03-10,10.850000381469728,1.0700000524520874,0.0200999993830919,KRX_IDX_1001,KRW,INDEX
2004-03-11,10.779999732971191,1.059999942779541,0.0201999992132186,KRX_IDX_1001,KRW,INDEX
2004-03-12,10.520000457763672,1.0399999618530273,0.02070000022649765,KRX_IDX_1001,KRW,INDEX
2004-03-15,10.5600004196167,1.0399999618530273,0.02059999853372574,KRX_IDX_1001,KRW,INDEX
2004-03-16,10.510000228881836,1.0399999618530273,0.02070000022649765,KRX_IDX_1001,KRW,INDEX
2004-03-17,10.789999961853027,1.0700000524520874,0.020099999383091927,KRX_IDX_1001,KRW,INDEX
2004-03-18,10.789999961853027,1.0700000524520874,0.0200999993830919,KRX_IDX_1001,KRW,INDEX
2004-03-19,10.93000030517578,1.090000033378601,0.0198999997228384,KRX_IDX_1001,KRW,INDEX
2004-03-22,10.6899995803833,1.059999942779541,0.02029999904334545,KRX_IDX_1001,KRW,INDEX
2004-03-23,10.729999542236328,1.059999942779541,0.0202999990433454,KRX_IDX_1001,KRW,INDEX
2004-03-24,10.699999809265137,1.059999942779541,0.020399998873472214,KRX_IDX_1001,KRW,INDEX
2004-03-25,10.600000381469728,1.0499999523162842,0.0205999985337257,KRX_IDX_1001,KRW,INDEX
2004-03-26,10.739999771118164,1.059999942779541,0.0202999990433454,KRX_IDX_1001,KRW,INDEX
2004-03-29,11.420000076293944,1.100000023841858,0.0184000004082918,KRX_IDX_1001,KRW,INDEX
2004-03-30,11.399999618530272,1.100000023841858,0.0184000004082918,KRX_IDX_1001,KRW,INDEX
2004-03-31,11.1899995803833,1.1100000143051147,0.018300000578165054,KRX_IDX_1001,KRW,INDEX
2004-04-01,12.31999969482422,1.1200000047683716,0.018300000578165,KRX_IDX_1001,KRW,INDEX
2004-04-02,12.329999923706055,1.1200000047683716,0.018200000748038292,KRX_IDX_1001,KRW,INDEX
2004-04-06,12.640000343322754,1.149999976158142,0.017799999564886093,KRX_IDX_1001,KRW,INDEX
2004-04-07,12.699999809265137,1.149999976158142,0.0176999997347593,KRX_IDX_1001,KRW,INDEX
2004-04-08,12.84000015258789,1.159999966621399,0.0175999999046325,KRX_IDX_1001,KRW,INDEX
2004-04-09,12.65999984741211,1.1399999856948853,0.017799999564886093,KRX_IDX_1001,KRW,INDEX
2004-04-12,12.84000015258789,1.159999966621399,0.01759999990463257,KRX_IDX_1001,KRW,INDEX
2004-04-13,12.800000190734863,1.149999976158142,0.01759999990463257,KRX_IDX_1001,KRW,INDEX
2004-04-14,12.800000190734863,1.149999976158142,0.0175999999046325,KRX_IDX_1001,KRW,INDEX
2004-04-16,12.539999961853027,1.1299999952316284,0.017999999225139618,KRX_IDX_1001,KRW,INDEX
2004-04-19,12.600000381469728,1.1399999856948853,0.0178999993950128,KRX_IDX_1001,KRW,INDEX
2004-04-20,12.819999694824219,1.159999966621399,0.01759999990463257,KRX_IDX_1001,KRW,INDEX
2004-04-21,12.960000038146973,1.1699999570846558,0.017400000244379,KRX_IDX_1001,KRW,INDEX
2004-04-22,18.09000015258789,1.1799999475479126,0.0205999985337257,KRX_IDX_1001,KRW,INDEX
2004-04-23,18.350000381469727,1.2000000476837158,0.0202999990433454,KRX_IDX_1001,KRW,INDEX
2004-04-26,18.06999969482422,1.1799999475479126,0.0205999985337257,KRX_IDX_1001,KRW,INDEX
2004-04-27,17.979999542236328,1.1699999570846558,0.02070000022649765,KRX_IDX_1001,KRW,INDEX
2004-04-28,17.670000076293945,1.149999976158142,0.0210999995470047,KRX_IDX_1001,KRW,INDEX
2004-04-29,16.979999542236328,1.1200000047683716,0.0218000002205371,KRX_IDX_1001,KRW,INDEX
2004-04-30,16.760000228881836,1.100000023841858,0.0220999997109174,KRX_IDX_1001,KRW,INDEX
2004-05-03,16.81999969482422,1.1100000143051147,0.0219999998807907,KRX_IDX_1001,KRW,INDEX
2004-05-04,16.84000015258789,1.1100000143051147,0.0219999998807907,KRX_IDX_1001,KRW,INDEX
2004-05-06,16.270000457763672,1.0700000524520874,0.02280000038444996,KRX_IDX_1001,KRW,INDEX
2004-05-07,16.31999969482422,1.0800000429153442,0.022700000554323196,KRX_IDX_1001,KRW,INDEX
2004-05-10,15.369999885559082,1.0099999904632568,0.02410000003874302,KRX_IDX_1001,KRW,INDEX
2004-05-11,15.34000015258789,1.0099999904632568,0.024100000038743,KRX_IDX_1001,KRW,INDEX
2004-05-12,15.81999969482422,1.0399999618530271,0.0233999993652105,KRX_IDX_1001,KRW,INDEX
2004-05-13,15.300000190734863,1.0099999904632568,0.02419999986886978,KRX_IDX_1001,KRW,INDEX
2004-05-14,14.850000381469727,0.9800000190734863,0.024900000542402267,KRX_IDX_1001,KRW,INDEX
2004-05-17,13.960000038146973,0.9200000166893004,0.026400001719594,KRX_IDX_1001,KRW,INDEX
2004-05-18,14.239999771118164,0.9399999976158142,0.02579999901354313,KRX_IDX_1001,KRW,INDEX
2004-05-19,14.949999809265137,0.9900000095367432,0.02460000105202198,KRX_IDX_1001,KRW,INDEX
2004-05-20,14.699999809265137,0.9800000190734863,0.024900000542402267,KRX_IDX_1001,KRW,INDEX
2004-05-21,15.06999969482422,1.0,0.0243000015616416,KRX_IDX_1001,KRW,INDEX
2004-05-24,15.289999961853027,1.0199999809265137,0.0240000002086162,KRX_IDX_1001,KRW,INDEX
2004-05-25,15.020000457763672,1.0,0.0244000013917684,KRX_IDX_1001,KRW,INDEX
2004-05-27,15.369999885559082,1.0199999809265137,0.0239000003784894,KRX_IDX_1001,KRW,INDEX
2004-05-28,15.609999656677246,1.0399999618530273,0.023499999195337296,KRX_IDX_1001,KRW,INDEX
2004-05-31,15.399999618530273,1.0199999809265137,0.023900000378489494,KRX_IDX_1001,KRW,INDEX
2004-06-01,15.710000038146973,1.0399999618530273,0.023499999195337296,KRX_IDX_1001,KRW,INDEX
2004-06-02,15.489999771118164,1.0199999809265137,0.023800000548362732,KRX_IDX_1001,KRW,INDEX
2004-06-03,14.850000381469728,0.9800000190734864,0.0249000005424022,KRX_IDX_1001,KRW,INDEX
2004-06-04,15.050000190734863,0.9900000095367432,0.0245000012218952,KRX_IDX_1001,KRW,INDEX
2004-06-07,15.619999885559082,1.0299999713897705,0.023599999025464058,KRX_IDX_1001,KRW,INDEX
2004-06-08,15.600000381469727,1.0299999713897705,0.02369999885559082,KRX_IDX_1001,KRW,INDEX
2004-06-09,15.31999969482422,1.0099999904632568,0.024100000038743,KRX_IDX_1001,KRW,INDEX
2004-06-10,15.0600004196167,0.9900000095367432,0.024500001221895218,KRX_IDX_1001,KRW,INDEX
2004-06-11,14.4399995803833,0.949999988079071,0.025499999523162842,KRX_IDX_1001,KRW,INDEX
2004-06-14,14.239999771118164,0.9399999976158142,0.02589999884366989,KRX_IDX_1001,KRW,INDEX
2004-06-15,14.5,0.9599999785423279,0.02539999969303608,KRX_IDX_1001,KRW,INDEX
2004-06-16,14.510000228881836,0.9599999785423279,0.02539999969303608,KRX_IDX_1001,KRW,INDEX
2004-06-17,14.680000305175781,0.9700000286102295,0.025100000202655792,KRX_IDX_1001,KRW,INDEX
2004-06-18,14.40999984741211,0.949999988079071,0.025699999183416367,KRX_IDX_1001,KRW,INDEX
2004-06-21,14.5600004196167,0.9599999785423279,0.02539999969303608,KRX_IDX_1001,KRW,INDEX
2004-06-22,14.510000228881836,0.949999988079071,0.025499999523162842,KRX_IDX_1001,KRW,INDEX
2004-06-23,14.369999885559082,0.9399999976158142,0.02579999901354313,KRX_IDX_1001,KRW,INDEX
2004-06-24,14.84000015258789,0.9800000190734863,0.024900000542402267,KRX_IDX_1001,KRW,INDEX
2004-06-25,15.15999984741211,1.0,0.024400001391768456,KRX_IDX_1001,KRW,INDEX
2004-06-28,14.989999771118164,0.9900000095367432,0.024700000882148743,KRX_IDX_1001,KRW,INDEX
2004-06-29,14.520000457763672,1.0,0.0245000012218952,KRX_IDX_1001,KRW,INDEX
2004-06-30,14.670000076293944,1.0099999904632568,0.0241999998688697,KRX_IDX_1001,KRW,INDEX
2004-07-01,14.529999732971191,1.0,0.0245000012218952,KRX_IDX_1001,KRW,INDEX
2004-07-02,14.119999885559082,0.9700000286102296,0.0252000000327825,KRX_IDX_1001,KRW,INDEX
2004-07-05,14.140000343322754,0.9700000286102296,0.0251000002026557,KRX_IDX_1001,KRW,INDEX
2004-07-06,14.180000305175781,0.9700000286102295,0.025100000202655792,KRX_IDX_1001,KRW,INDEX
2004-07-07,14.210000038146973,0.9700000286102296,0.025000000372529,KRX_IDX_1001,KRW,INDEX
2004-07-08,13.850000381469727,0.949999988079071,0.025699999183416367,KRX_IDX_1001,KRW,INDEX
2004-07-09,13.949999809265137,0.959999978542328,0.0254999995231628,KRX_IDX_1001,KRW,INDEX
2004-07-12,13.9399995803833,0.9599999785423279,0.025499999523162842,KRX_IDX_1001,KRW,INDEX
2004-07-13,13.920000076293944,0.959999978542328,0.0254999995231628,KRX_IDX_1001,KRW,INDEX
2004-07-14,13.640000343322754,0.9399999976158142,0.0259999986737966,KRX_IDX_1001,KRW,INDEX
2004-07-15,13.579999923706056,0.9300000071525574,0.0260999985039234,KRX_IDX_1001,KRW,INDEX
2004-07-16,13.699999809265137,0.9399999976158142,0.02589999884366989,KRX_IDX_1001,KRW,INDEX
2004-07-19,13.90999984741211,0.959999978542328,0.0254999995231628,KRX_IDX_1001,KRW,INDEX
2004-07-20,13.65999984741211,0.9399999976158142,0.025999998673796654,KRX_IDX_1001,KRW,INDEX
2004-07-21,13.970000267028809,0.959999978542328,0.025399999693036,KRX_IDX_1001,KRW,INDEX
2004-07-22,13.770000457763672,0.949999988079071,0.0257999990135431,KRX_IDX_1001,KRW,INDEX
2004-07-23,13.460000038146973,0.9599999785423279,0.025100000202655792,KRX_IDX_1001,KRW,INDEX
2004-07-26,13.0,0.9599999785423279,0.025200000032782555,KRX_IDX_1001,KRW,INDEX
2004-07-27,13.050000190734863,0.9599999785423279,0.025100000202655792,KRX_IDX_1001,KRW,INDEX
2004-07-28,13.15999984741211,0.9700000286102295,0.024900000542402267,KRX_IDX_1001,KRW,INDEX
2004-07-29,12.90999984741211,0.949999988079071,0.02539999969303608,KRX_IDX_1001,KRW,INDEX
2004-07-30,13.0,0.959999978542328,0.0252000000327825,KRX_IDX_1001,KRW,INDEX
2004-08-02,12.720000267028809,0.9399999976158142,0.02579999901354313,KRX_IDX_1001,KRW,INDEX
2004-08-03,12.850000381469727,0.949999988079071,0.025499999523162842,KRX_IDX_1001,KRW,INDEX
2004-08-04,12.890000343322754,0.949999988079071,0.025399999693036,KRX_IDX_1001,KRW,INDEX
2004-08-05,13.06999969482422,0.959999978542328,0.0248000007122755,KRX_IDX_1001,KRW,INDEX
2004-08-06,12.899999618530272,0.949999988079071,0.0252000000327825,KRX_IDX_1001,KRW,INDEX
2004-08-09,13.050000190734863,0.9599999785423279,0.024900000542402267,KRX_IDX_1001,KRW,INDEX
2004-08-10,13.140000343322754,0.9700000286102295,0.024700000882148743,KRX_IDX_1001,KRW,INDEX
2004-08-11,13.220000267028809,0.9800000190734864,0.0246000010520219,KRX_IDX_1001,KRW,INDEX
2004-08-12,13.449999809265137,0.9900000095367432,0.02419999986886978,KRX_IDX_1001,KRW,INDEX
2004-08-13,13.600000381469728,1.0,0.0239000003784894,KRX_IDX_1001,KRW,INDEX
2004-08-16,13.539999961853027,1.0,0.024000000208616257,KRX_IDX_1001,KRW,INDEX
2004-08-17,13.460000038146973,0.9900000095367432,0.02419999986886978,KRX_IDX_1001,KRW,INDEX
2004-08-18,13.539999961853027,1.0,0.024000000208616257,KRX_IDX_1001,KRW,INDEX
2004-08-19,13.779999732971191,1.0199999809265137,0.023599999025464,KRX_IDX_1001,KRW,INDEX
2004-08-20,13.729999542236328,1.0099999904632568,0.02369999885559082,KRX_IDX_1001,KRW,INDEX
2004-08-23,13.729999542236328,1.0099999904632568,0.02369999885559082,KRX_IDX_1001,KRW,INDEX
2004-08-24,13.8100004196167,1.0199999809265137,0.023499999195337296,KRX_IDX_1001,KRW,INDEX
2004-08-25,13.979999542236328,1.0299999713897705,0.02319999970495701,KRX_IDX_1001,KRW,INDEX
2004-08-26,14.039999961853027,1.0399999618530273,0.02319999970495701,KRX_IDX_1001,KRW,INDEX
2004-08-27,14.050000190734863,1.0399999618530273,0.023099999874830246,KRX_IDX_1001,KRW,INDEX
2004-08-30,13.989999771118164,1.0299999713897705,0.02319999970495701,KRX_IDX_1001,KRW,INDEX
2004-08-31,13.960000038146973,1.0299999713897705,0.0232999995350837,KRX_IDX_1001,KRW,INDEX
2004-09-01,14.210000038146973,1.0499999523162842,0.02290000021457672,KRX_IDX_1001,KRW,INDEX
2004-09-02,14.329999923706056,1.059999942779541,0.0227000005543231,KRX_IDX_1001,KRW,INDEX
2004-09-03,14.220000267028809,1.0499999523162842,0.0229000002145767,KRX_IDX_1001,KRW,INDEX
2004-09-06,14.300000190734863,1.059999942779541,0.0227000005543231,KRX_IDX_1001,KRW,INDEX
2004-09-07,14.229999542236328,1.0499999523162842,0.02280000038444996,KRX_IDX_1001,KRW,INDEX
2004-09-08,14.170000076293944,1.0499999523162842,0.0229000002145767,KRX_IDX_1001,KRW,INDEX
2004-09-09,14.279999732971191,1.0499999523162842,0.0227000005543231,KRX_IDX_1001,KRW,INDEX
2004-09-10,14.550000190734863,1.0700000524520874,0.0222999993711709,KRX_IDX_1001,KRW,INDEX
2004-09-13,14.829999923706056,1.100000023841858,0.0219000000506639,KRX_IDX_1001,KRW,INDEX
2004-09-14,14.800000190734863,1.090000033378601,0.02199999988079071,KRX_IDX_1001,KRW,INDEX
2004-09-15,14.789999961853027,1.090000033378601,0.02199999988079071,KRX_IDX_1001,KRW,INDEX
2004-09-16,14.899999618530273,1.100000023841858,0.021800000220537186,KRX_IDX_1001,KRW,INDEX
2004-09-17,14.779999732971191,1.090000033378601,0.0219999998807907,KRX_IDX_1001,KRW,INDEX
2004-09-20,14.93000030517578,1.100000023841858,0.0218000002205371,KRX_IDX_1001,KRW,INDEX
2004-09-21,14.930000305175781,1.100000023841858,0.021700000390410423,KRX_IDX_1001,KRW,INDEX
2004-09-22,14.5600004196167,1.0700000524520874,0.022299999371170998,KRX_IDX_1001,KRW,INDEX
2004-09-23,14.479999542236328,1.0700000524520874,0.0223999992012977,KRX_IDX_1001,KRW,INDEX
2004-09-24,14.539999961853027,1.0700000524520874,0.022299999371170998,KRX_IDX_1001,KRW,INDEX
2004-09-30,14.600000381469728,1.0800000429153442,0.0221999995410442,KRX_IDX_1001,KRW,INDEX
2004-10-01,14.800000190734863,1.090000033378601,0.021900000050663948,KRX_IDX_1001,KRW,INDEX
2004-10-04,15.40999984741211,1.1399999856948853,0.0210999995470047,KRX_IDX_1001,KRW,INDEX
2004-10-05,15.420000076293945,1.1399999856948853,0.020999999716877937,KRX_IDX_1001,KRW,INDEX
2004-10-06,15.470000267028809,1.1399999856948853,0.020999999716877937,KRX_IDX_1001,KRW,INDEX
2004-10-07,15.430000305175781,1.1399999856948853,0.020999999716877937,KRX_IDX_1001,KRW,INDEX
2004-10-08,15.380000114440918,1.1399999856948853,0.0210999995470047,KRX_IDX_1001,KRW,INDEX
2004-10-11,15.380000114440918,1.1399999856948853,0.0210999995470047,KRX_IDX_1001,KRW,INDEX
2004-10-12,14.90999984741211,1.100000023841858,0.021700000390410423,KRX_IDX_1001,KRW,INDEX
2004-10-13,14.90999984741211,1.100000023841858,0.0218000002205371,KRX_IDX_1001,KRW,INDEX
2004-10-14,14.75,1.090000033378601,0.0219999998807907,KRX_IDX_1001,KRW,INDEX
2004-10-15,14.670000076293945,1.0800000429153442,0.022099999710917473,KRX_IDX_1001,KRW,INDEX
2004-10-18,14.779999732971191,1.090000033378601,0.021900000050663948,KRX_IDX_1001,KRW,INDEX
2004-10-19,14.979999542236328,1.100000023841858,0.0217000003904104,KRX_IDX_1001,KRW,INDEX
2004-10-20,14.550000190734863,1.0700000524520874,0.0223999992012977,KRX_IDX_1001,KRW,INDEX
2004-10-21,14.390000343322754,1.059999942779541,0.0226000007241964,KRX_IDX_1001,KRW,INDEX
2004-10-22,14.520000457763672,1.0700000524520874,0.02239999920129776,KRX_IDX_1001,KRW,INDEX
2004-10-25,14.170000076293945,1.0399999618530273,0.02290000021457672,KRX_IDX_1001,KRW,INDEX
2004-10-26,14.210000038146973,1.0499999523162842,0.0228000003844499,KRX_IDX_1001,KRW,INDEX
2004-10-27,14.15999984741211,1.0399999618530271,0.0229000002145767,KRX_IDX_1001,KRW,INDEX
2004-10-28,14.56999969482422,1.0700000524520874,0.0221999995410442,KRX_IDX_1001,KRW,INDEX
2004-10-29,14.59000015258789,1.0800000429153442,0.022199999541044235,KRX_IDX_1001,KRW,INDEX
2004-11-01,14.600000381469728,1.0800000429153442,0.0221999995410442,KRX_IDX_1001,KRW,INDEX
2004-11-02,14.8100004196167,1.090000033378601,0.0219000000506639,KRX_IDX_1001,KRW,INDEX
2004-11-03,15.0600004196167,1.1100000143051147,0.0215000007301569,KRX_IDX_1001,KRW,INDEX
2004-11-04,14.890000343322754,1.100000023841858,0.0218000002205371,KRX_IDX_1001,KRW,INDEX
2004-11-05,15.079999923706056,1.1100000143051147,0.0215000007301569,KRX_IDX_1001,KRW,INDEX
2004-11-08,14.8100004196167,1.090000033378601,0.0219000000506639,KRX_IDX_1001,KRW,INDEX
2004-11-09,14.779999732971191,1.090000033378601,0.0219000000506639,KRX_IDX_1001,KRW,INDEX
2004-11-10,15.079999923706055,1.1100000143051147,0.0215000007301569,KRX_IDX_1001,KRW,INDEX
2004-11-11,15.100000381469727,1.1100000143051147,0.0215000007301569,KRX_IDX_1001,KRW,INDEX
2004-11-12,15.380000114440918,1.1299999952316284,0.0210999995470047,KRX_IDX_1001,KRW,INDEX
2004-11-15,15.510000228881836,1.1399999856948853,0.0209999997168779,KRX_IDX_1001,KRW,INDEX
2004-11-16,15.4399995803833,1.1299999952316284,0.0210999995470047,KRX_IDX_1001,KRW,INDEX
2004-11-17,15.619999885559082,1.1399999856948853,0.0208999998867511,KRX_IDX_1001,KRW,INDEX
2004-11-18,15.460000038146973,1.1299999952316284,0.0210999995470047,KRX_IDX_1001,KRW,INDEX
2004-11-19,15.289999961853027,1.1200000047683716,0.021300001069903374,KRX_IDX_1001,KRW,INDEX
2004-11-22,14.989999771118164,1.100000023841858,0.021800000220537186,KRX_IDX_1001,KRW,INDEX
2004-11-23,15.170000076293945,1.1100000143051147,0.0215000007301569,KRX_IDX_1001,KRW,INDEX
2004-11-24,15.390000343322754,1.1299999952316284,0.0211999993771314,KRX_IDX_1001,KRW,INDEX
2004-11-25,15.390000343322754,1.1299999952316284,0.0211999993771314,KRX_IDX_1001,KRW,INDEX
2004-11-26,15.119999885559082,1.1100000143051147,0.0215000007301569,KRX_IDX_1001,KRW,INDEX
2004-11-29,15.25,1.1200000047683716,0.021400000900030136,KRX_IDX_1001,KRW,INDEX
2004-11-30,15.479999542236328,1.1299999952316284,0.020999999716877937,KRX_IDX_1001,KRW,INDEX
2004-12-01,15.460000038146973,1.1299999952316284,0.0210999995470047,KRX_IDX_1001,KRW,INDEX
2004-12-02,15.59000015258789,1.1399999856948853,0.020899999886751175,KRX_IDX_1001,KRW,INDEX
2004-12-03,15.5600004196167,1.1399999856948853,0.020899999886751175,KRX_IDX_1001,KRW,INDEX
2004-12-06,15.359999656677246,1.1299999952316284,0.021199999377131462,KRX_IDX_1001,KRW,INDEX
2004-12-07,15.180000305175781,1.1100000143051147,0.0215000007301569,KRX_IDX_1001,KRW,INDEX
2004-12-08,15.34000015258789,1.1200000047683716,0.021199999377131462,KRX_IDX_1001,KRW,INDEX
2004-12-09,15.15999984741211,1.1100000143051147,0.0215000007301569,KRX_IDX_1001,KRW,INDEX
2004-12-10,14.850000381469727,1.090000033378601,0.021900000050663948,KRX_IDX_1001,KRW,INDEX
2004-12-13,14.819999694824219,1.090000033378601,0.02199999988079071,KRX_IDX_1001,KRW,INDEX
2004-12-14,14.960000038146973,1.100000023841858,0.021800000220537186,KRX_IDX_1001,KRW,INDEX
2004-12-15,15.289999961853027,1.1200000047683716,0.0213000010699033,KRX_IDX_1001,KRW,INDEX
2004-12-16,15.390000343322754,1.1299999952316284,0.021199999377131462,KRX_IDX_1001,KRW,INDEX
2004-12-17,15.420000076293945,1.1299999952316284,0.0210999995470047,KRX_IDX_1001,KRW,INDEX
2004-12-20,15.59000015258789,1.1399999856948853,0.020999999716877937,KRX_IDX_1001,KRW,INDEX
2004-12-21,15.59000015258789,1.1399999856948853,0.020999999716877937,KRX_IDX_1001,KRW,INDEX
2004-12-22,15.600000381469728,1.1399999856948853,0.0208999998867511,KRX_IDX_1001,KRW,INDEX
2004-12-23,15.449999809265137,1.1299999952316284,0.0210999995470047,KRX_IDX_1001,KRW,INDEX
2004-12-24,15.539999961853027,1.1399999856948853,0.020999999716877937,KRX_IDX_1001,KRW,INDEX
2004-12-27,15.520000457763672,1.1399999856948853,0.020999999716877937,KRX_IDX_1001,KRW,INDEX
2004-12-28,15.539999961853027,1.1399999856948853,0.020999999716877937,KRX_IDX_1001,KRW,INDEX
2004-12-29,15.640000343322754,1.1399999856948853,0.0208999998867511,KRX_IDX_1001,KRW,INDEX
2004-12-30,15.84000015258789,1.159999966621399,0.02059999853372574,KRX_IDX_1001,KRW,INDEX
2005-01-03,15.869999885559082,1.159999966621399,0.02059999853372574,KRX_IDX_1001,KRW,INDEX
2005-01-04,15.770000457763672,1.149999976158142,0.02070000022649765,KRX_IDX_1001,KRW,INDEX
2005-01-05,15.800000190734863,1.149999976158142,0.0207000002264976,KRX_IDX_1001,KRW,INDEX
2005-01-06,15.579999923706055,1.1399999856948853,0.020999999716877937,KRX_IDX_1001,KRW,INDEX
2005-01-07,15.5600004196167,1.1399999856948853,0.0210999995470047,KRX_IDX_1001,KRW,INDEX
2005-01-10,15.630000114440918,1.1399999856948853,0.020999999716877937,KRX_IDX_1001,KRW,INDEX
2005-01-11,15.84000015258789,1.159999966621399,0.0207000002264976,KRX_IDX_1001,KRW,INDEX
2005-01-12,15.760000228881836,1.149999976158142,0.020800000056624413,KRX_IDX_1001,KRW,INDEX
2005-01-13,15.880000114440918,1.159999966621399,0.02059999853372574,KRX_IDX_1001,KRW,INDEX
2005-01-14,16.260000228881836,1.190000057220459,0.0201999992132186,KRX_IDX_1001,KRW,INDEX
2005-01-17,16.59000015258789,1.2100000381469729,0.0197999998927116,KRX_IDX_1001,KRW,INDEX
2005-01-18,16.540000915527344,1.2100000381469729,0.0197999998927116,KRX_IDX_1001,KRW,INDEX
2005-01-19,16.459999084472656,1.2000000476837158,0.0198999997228384,KRX_IDX_1001,KRW,INDEX
2005-01-20,16.34000015258789,1.190000057220459,0.0200999993830919,KRX_IDX_1001,KRW,INDEX
2005-01-21,16.540000915527344,1.2100000381469729,0.0197999998927116,KRX_IDX_1001,KRW,INDEX
2005-01-24,16.610000610351562,1.2100000381469729,0.0197000000625848,KRX_IDX_1001,KRW,INDEX
2005-01-25,16.459999084472656,1.2000000476837158,0.0198999997228384,KRX_IDX_1001,KRW,INDEX
2005-01-26,16.690000534057617,1.2200000286102295,0.0196000002324581,KRX_IDX_1001,KRW,INDEX
2005-01-27,16.649999618530273,1.2100000381469729,0.0197000000625848,KRX_IDX_1001,KRW,INDEX
2005-01-28,16.59000015258789,1.2100000381469727,0.01979999989271164,KRX_IDX_1001,KRW,INDEX
2005-01-31,16.81999969482422,1.2300000190734863,0.019500000402331352,KRX_IDX_1001,KRW,INDEX
2005-02-01,16.690000534057617,1.2200000286102295,0.019700000062584877,KRX_IDX_1001,KRW,INDEX
2005-02-02,16.65999984741211,1.2100000381469727,0.019700000062584877,KRX_IDX_1001,KRW,INDEX
2005-02-03,16.770000457763672,1.2200000286102295,0.0195000004023313,KRX_IDX_1001,KRW,INDEX
2005-02-04,16.860000610351562,1.2300000190734863,0.0194000005722045,KRX_IDX_1001,KRW,INDEX
2005-02-07,17.139999389648438,1.25,0.019099999219179153,KRX_IDX_1001,KRW,INDEX
2005-02-11,17.100000381469727,1.25,0.019199999049305916,KRX_IDX_1001,KRW,INDEX
2005-02-14,17.40999984741211,1.2699999809265137,0.018799999728798866,KRX_IDX_1001,KRW,INDEX
2005-02-15,17.479999542236328,1.2799999713897705,0.018699999898672104,KRX_IDX_1001,KRW,INDEX
2005-02-16,17.540000915527344,1.2799999713897705,0.018699999898672104,KRX_IDX_1001,KRW,INDEX
2005-02-17,17.549999237060547,1.2799999713897705,0.01860000006854534,KRX_IDX_1001,KRW,INDEX
2005-02-18,17.739999771118164,1.2899999618530273,0.018400000408291817,KRX_IDX_1001,KRW,INDEX
2005-02-21,17.84000015258789,1.2999999523162842,0.018300000578165,KRX_IDX_1001,KRW,INDEX
2005-02-22,17.649999618530273,1.2899999618530271,0.0185000002384185,KRX_IDX_1001,KRW,INDEX
2005-02-23,17.489999771118164,1.2799999713897705,0.018699999898672104,KRX_IDX_1001,KRW,INDEX
2005-02-24,17.81999969482422,1.2999999523162842,0.0184000004082918,KRX_IDX_1001,KRW,INDEX
2005-02-25,18.0,1.309999942779541,0.0182000007480382,KRX_IDX_1001,KRW,INDEX
2005-02-28,18.26000022888184,1.3300000429153442,0.0178999993950128,KRX_IDX_1001,KRW,INDEX
2005-03-02,18.190000534057617,1.3300000429153442,0.0179999992251396,KRX_IDX_1001,KRW,INDEX
2005-03-03,18.25,1.3300000429153442,0.017899999395012856,KRX_IDX_1001,KRW,INDEX
2005-03-04,18.270000457763672,1.3300000429153442,0.0178999993950128,KRX_IDX_1001,KRW,INDEX
2005-03-07,18.18000030517578,1.3300000429153442,0.0179999992251396,KRX_IDX_1001,KRW,INDEX
2005-03-08,18.040000915527344,1.309999942779541,0.0180999990552663,KRX_IDX_1001,KRW,INDEX
2005-03-09,18.190000534057617,1.3300000429153442,0.0179999992251396,KRX_IDX_1001,KRW,INDEX
2005-03-10,18.010000228881836,1.309999942779541,0.0180999990552663,KRX_IDX_1001,KRW,INDEX
2005-03-11,18.450000762939453,1.350000023841858,0.0176999997347593,KRX_IDX_1001,KRW,INDEX
2005-03-14,18.399999618530273,1.340000033378601,0.017799999564886093,KRX_IDX_1001,KRW,INDEX
2005-03-15,17.90999984741211,1.309999942779541,0.0182000007480382,KRX_IDX_1001,KRW,INDEX
2005-03-16,17.93000030517578,1.309999942779541,0.018200000748038292,KRX_IDX_1001,KRW,INDEX
2005-03-17,17.700000762939453,1.2899999618530271,0.0185000002384185,KRX_IDX_1001,KRW,INDEX
2005-03-18,17.690000534057617,1.2899999618530271,0.0185000002384185,KRX_IDX_1001,KRW,INDEX
2005-03-21,17.690000534057617,1.2899999618530271,0.0185000002384185,KRX_IDX_1001,KRW,INDEX
2005-03-22,17.709999084472656,1.2899999618530271,0.0185000002384185,KRX_IDX_1001,KRW,INDEX
2005-03-23,17.479999542236328,1.2699999809265137,0.0186999998986721,KRX_IDX_1001,KRW,INDEX
2005-03-24,17.290000915527344,1.2599999904632568,0.01889999955892563,KRX_IDX_1001,KRW,INDEX
2005-03-25,17.469999313354492,1.2699999809265137,0.0186999998986721,KRX_IDX_1001,KRW,INDEX
2005-03-28,17.690000534057617,1.2899999618530273,0.01850000023841858,KRX_IDX_1001,KRW,INDEX
2005-03-29,17.34000015258789,1.2599999904632568,0.018699999898672104,KRX_IDX_1001,KRW,INDEX
2005-03-30,17.260000228881836,1.2599999904632568,0.0187999997287988,KRX_IDX_1001,KRW,INDEX
2005-03-31,17.489999771118164,1.2699999809265137,0.0186000000685453,KRX_IDX_1001,KRW,INDEX
2005-04-01,17.850000381469727,1.309999942779541,0.01809999905526638,KRX_IDX_1001,KRW,INDEX
2005-04-04,17.8799991607666,1.309999942779541,0.0179999992251396,KRX_IDX_1001,KRW,INDEX
2005-04-06,18.36000061035156,1.3200000524520874,0.0178999993950128,KRX_IDX_1001,KRW,INDEX
2005-04-07,18.3799991607666,1.3200000524520874,0.017899999395012856,KRX_IDX_1001,KRW,INDEX
2005-04-08,18.440000534057617,1.3300000429153442,0.017899999395012856,KRX_IDX_1001,KRW,INDEX
2005-04-11,18.31999969482422,1.3200000524520874,0.0179999992251396,KRX_IDX_1001,KRW,INDEX
2005-04-12,18.239999771118164,1.309999942779541,0.01809999905526638,KRX_IDX_1001,KRW,INDEX
2005-04-13,18.239999771118164,1.309999942779541,0.0180999990552663,KRX_IDX_1001,KRW,INDEX
2005-04-14,17.719999313354492,1.2799999713897705,0.01860000006854534,KRX_IDX_1001,KRW,INDEX
2005-04-15,17.600000381469727,1.2699999809265137,0.018699999898672104,KRX_IDX_1001,KRW,INDEX
2005-04-18,17.200000762939453,1.2400000095367432,0.019199999049305916,KRX_IDX_1001,KRW,INDEX
2005-04-19,17.329999923706055,1.25,0.01899999938905239,KRX_IDX_1001,KRW,INDEX
2005-04-20,17.40999984741211,1.25,0.01889999955892563,KRX_IDX_1001,KRW,INDEX
2005-04-21,17.440000534057617,1.2599999904632568,0.0188999995589256,KRX_IDX_1001,KRW,INDEX
2005-04-22,7.599999904632568,1.100000023841858,0.02619999833405018,KRX_IDX_1001,KRW,INDEX
2005-04-25,7.650000095367432,1.1100000143051147,0.0260999985039234,KRX_IDX_1001,KRW,INDEX
2005-04-26,7.630000114440918,1.1100000143051147,0.0260999985039234,KRX_IDX_1001,KRW,INDEX
2005-04-27,7.519999980926514,1.090000033378601,0.0265000015497207,KRX_IDX_1001,KRW,INDEX
2005-04-28,7.420000076293945,1.0800000429153442,0.0269000008702278,KRX_IDX_1001,KRW,INDEX
2005-04-29,7.369999885559082,1.0700000524520874,0.0271000005304813,KRX_IDX_1001,KRW,INDEX
2005-05-02,7.420000076293945,1.0800000429153442,0.026900000870227814,KRX_IDX_1001,KRW,INDEX
2005-05-03,7.380000114440918,1.0700000524520874,0.027000000700354576,KRX_IDX_1001,KRW,INDEX
2005-05-04,7.510000228881836,1.090000033378601,0.026600001379847527,KRX_IDX_1001,KRW,INDEX
2005-05-06,7.599999904632568,1.100000023841858,0.02619999833405018,KRX_IDX_1001,KRW,INDEX
2005-05-09,7.550000190734863,1.100000023841858,0.026400001719594,KRX_IDX_1001,KRW,INDEX
2005-05-10,7.539999961853027,1.100000023841858,0.026400001719594,KRX_IDX_1001,KRW,INDEX
2005-05-11,7.449999809265137,1.0800000429153442,0.0267000012099742,KRX_IDX_1001,KRW,INDEX
2005-05-12,7.440000057220459,1.0800000429153442,0.02680000104010105,KRX_IDX_1001,KRW,INDEX
2005-05-13,7.460000038146973,1.0800000429153442,0.02670000120997429,KRX_IDX_1001,KRW,INDEX
2005-05-16,7.5,1.090000033378601,0.026600001379847527,KRX_IDX_1001,KRW,INDEX
2005-05-17,7.489999771118164,1.090000033378601,0.026600001379847527,KRX_IDX_1001,KRW,INDEX
2005-05-18,7.510000228881836,1.090000033378601,0.026500001549720764,KRX_IDX_1001,KRW,INDEX
2005-05-19,7.690000057220459,1.1200000047683716,0.0258999988436698,KRX_IDX_1001,KRW,INDEX
2005-05-20,7.690000057220459,1.1200000047683716,0.02589999884366989,KRX_IDX_1001,KRW,INDEX
2005-05-23,7.679999828338623,1.1200000047683716,0.0259999986737966,KRX_IDX_1001,KRW,INDEX
2005-05-24,7.699999809265137,1.1200000047683716,0.0258999988436698,KRX_IDX_1001,KRW,INDEX
2005-05-25,7.610000133514404,1.1100000143051147,0.0261999983340501,KRX_IDX_1001,KRW,INDEX
2005-05-26,7.630000114440918,1.1100000143051147,0.0260999985039234,KRX_IDX_1001,KRW,INDEX
2005-05-27,7.769999980926514,1.1299999952316284,0.0256999991834163,KRX_IDX_1001,KRW,INDEX
2005-05-30,7.829999923706055,1.1399999856948853,0.025499999523162842,KRX_IDX_1001,KRW,INDEX
2005-05-31,7.840000152587891,1.1399999856948853,0.02539999969303608,KRX_IDX_1001,KRW,INDEX
2005-06-01,7.829999923706055,1.1399999856948853,0.025499999523162842,KRX_IDX_1001,KRW,INDEX
2005-06-02,7.840000152587891,1.1399999856948853,0.025399999693036,KRX_IDX_1001,KRW,INDEX
2005-06-03,7.889999866485596,1.149999976158142,0.025299999862909317,KRX_IDX_1001,KRW,INDEX
2005-06-07,7.849999904632568,1.1399999856948853,0.025399999693036,KRX_IDX_1001,KRW,INDEX
2005-06-08,7.889999866485596,1.149999976158142,0.025299999862909317,KRX_IDX_1001,KRW,INDEX
2005-06-09,7.989999771118164,1.159999966621399,0.025000000372529,KRX_IDX_1001,KRW,INDEX
2005-06-10,8.010000228881836,1.159999966621399,0.0249000005424022,KRX_IDX_1001,KRW,INDEX
2005-06-13,8.010000228881836,1.159999966621399,0.0249000005424022,KRX_IDX_1001,KRW,INDEX
2005-06-14,7.949999809265137,1.149999976158142,0.0251000002026557,KRX_IDX_1001,KRW,INDEX
2005-06-15,8.109999656677246,1.1799999475479126,0.0246000010520219,KRX_IDX_1001,KRW,INDEX
2005-06-16,8.109999656677246,1.1799999475479126,0.0246000010520219,KRX_IDX_1001,KRW,INDEX
2005-06-17,8.119999885559082,1.1799999475479126,0.02460000105202198,KRX_IDX_1001,KRW,INDEX
2005-06-20,8.039999961853027,1.1699999570846558,0.0248000007122755,KRX_IDX_1001,KRW,INDEX
2005-06-21,8.010000228881836,1.159999966621399,0.024900000542402267,KRX_IDX_1001,KRW,INDEX
2005-06-22,8.109999656677246,1.1799999475479126,0.02460000105202198,KRX_IDX_1001,KRW,INDEX
2005-06-23,8.180000305175781,1.190000057220459,0.024400001391768456,KRX_IDX_1001,KRW,INDEX
2005-06-24,8.119999885559082,1.1799999475479126,0.02460000105202198,KRX_IDX_1001,KRW,INDEX
2005-06-27,8.020000457763672,1.159999966621399,0.0249000005424022,KRX_IDX_1001,KRW,INDEX
2005-06-28,8.050000190734863,1.1699999570846558,0.0248000007122755,KRX_IDX_1001,KRW,INDEX
2005-06-29,8.09000015258789,1.1699999570846558,0.0247000008821487,KRX_IDX_1001,KRW,INDEX
2005-06-30,8.149999618530273,1.1799999475479126,0.0245000012218952,KRX_IDX_1001,KRW,INDEX
2005-07-01,8.229999542236328,1.190000057220459,0.0241999998688697,KRX_IDX_1001,KRW,INDEX
2005-07-04,8.260000228881836,1.2000000476837158,0.0241999998688697,KRX_IDX_1001,KRW,INDEX
2005-07-05,8.239999771118164,1.2000000476837158,0.0241999998688697,KRX_IDX_1001,KRW,INDEX
2005-07-06,8.239999771118164,1.2000000476837158,0.0241999998688697,KRX_IDX_1001,KRW,INDEX
2005-07-07,8.300000190734863,1.2100000381469727,0.024000000208616257,KRX_IDX_1001,KRW,INDEX
2005-07-08,8.270000457763672,1.2000000476837158,0.024100000038743,KRX_IDX_1001,KRW,INDEX
2005-07-11,8.420000076293945,1.2200000286102295,0.02369999885559082,KRX_IDX_1001,KRW,INDEX
2005-07-12,8.449999809265137,1.2300000190734863,0.023599999025464058,KRX_IDX_1001,KRW,INDEX
2005-07-13,8.5,1.2300000190734863,0.0234999991953372,KRX_IDX_1001,KRW,INDEX
2005-07-14,8.59000015258789,1.25,0.02319999970495701,KRX_IDX_1001,KRW,INDEX
2005-07-15,8.479999542236328,1.2400000095367432,0.0232999995350837,KRX_IDX_1001,KRW,INDEX
2005-07-18,8.5,1.2400000095367432,0.02329999953508377,KRX_IDX_1001,KRW,INDEX
2005-07-19,8.600000381469727,1.2599999904632568,0.023000000044703484,KRX_IDX_1001,KRW,INDEX
2005-07-20,8.59000015258789,1.2599999904632568,0.023000000044703484,KRX_IDX_1001,KRW,INDEX
2005-07-21,8.600000381469727,1.2599999904632568,0.0230000000447034,KRX_IDX_1001,KRW,INDEX
2005-07-22,8.59000015258789,1.2599999904632568,0.023000000044703484,KRX_IDX_1001,KRW,INDEX
2005-07-25,8.720000267028809,1.2699999809265137,0.0227000005543231,KRX_IDX_1001,KRW,INDEX
2005-07-26,8.720000267028809,1.2699999809265137,0.022700000554323196,KRX_IDX_1001,KRW,INDEX
2005-07-27,8.739999771118164,1.2799999713897705,0.022600000724196434,KRX_IDX_1001,KRW,INDEX
2005-07-28,8.829999923706055,1.2899999618530273,0.022299999371170998,KRX_IDX_1001,KRW,INDEX
2005-07-29,8.890000343322754,1.2999999523162842,0.022199999541044235,KRX_IDX_1001,KRW,INDEX
2005-08-01,8.930000305175781,1.309999942779541,0.022099999710917473,KRX_IDX_1001,KRW,INDEX
2005-08-02,8.949999809265137,1.309999942779541,0.0219999998807907,KRX_IDX_1001,KRW,INDEX
2005-08-03,8.949999809265137,1.309999942779541,0.022099999710917473,KRX_IDX_1001,KRW,INDEX
2005-08-04,8.899999618530273,1.2999999523162842,0.022199999541044235,KRX_IDX_1001,KRW,INDEX
2005-08-05,8.720000267028809,1.2799999713897705,0.022600000724196434,KRX_IDX_1001,KRW,INDEX
2005-08-08,8.699999809265137,1.2699999809265137,0.0227000005543231,KRX_IDX_1001,KRW,INDEX
2005-08-09,8.800000190734863,1.2899999618530273,0.02239999920129776,KRX_IDX_1001,KRW,INDEX
2005-08-10,8.850000381469727,1.2999999523162842,0.0222999993711709,KRX_IDX_1001,KRW,INDEX
2005-08-11,9.0,1.3200000524520874,0.021900000050663948,KRX_IDX_1001,KRW,INDEX
2005-08-12,9.050000190734863,1.3200000524520874,0.0218000002205371,KRX_IDX_1001,KRW,INDEX
2005-08-16,8.949999809265137,1.309999942779541,0.022099999710917473,KRX_IDX_1001,KRW,INDEX
2005-08-17,8.920000076293945,1.309999942779541,0.0220999997109174,KRX_IDX_1001,KRW,INDEX
2005-08-18,8.75,1.2799999713897705,0.02250000089406967,KRX_IDX_1001,KRW,INDEX
2005-08-19,8.729999542236328,1.2799999713897705,0.0226000007241964,KRX_IDX_1001,KRW,INDEX
2005-08-22,8.9399995803833,1.309999942779541,0.022099999710917473,KRX_IDX_1001,KRW,INDEX
2005-08-23,8.9399995803833,1.309999942779541,0.022099999710917473,KRX_IDX_1001,KRW,INDEX
2005-08-24,8.760000228881836,1.2799999713897705,0.02250000089406967,KRX_IDX_1001,KRW,INDEX
2005-08-25,8.789999961853027,1.2899999618530271,0.0223999992012977,KRX_IDX_1001,KRW,INDEX
2005-08-26,8.699999809265137,1.2699999809265137,0.022700000554323196,KRX_IDX_1001,KRW,INDEX
2005-08-29,8.520000457763672,1.25,0.02319999970495701,KRX_IDX_1001,KRW,INDEX
2005-08-30,8.59000015258789,1.2599999904632568,0.023000000044703484,KRX_IDX_1001,KRW,INDEX
2005-08-31,8.680000305175781,1.2699999809265137,0.022700000554323196,KRX_IDX_1001,KRW,INDEX
2005-09-01,8.859999656677246,1.2999999523162842,0.022299999371170998,KRX_IDX_1001,KRW,INDEX
2005-09-02,8.9399995803833,1.309999942779541,0.0220999997109174,KRX_IDX_1001,KRW,INDEX
2005-09-05,8.930000305175781,1.309999942779541,0.022099999710917473,KRX_IDX_1001,KRW,INDEX
2005-09-06,8.989999771118164,1.3200000524520874,0.021900000050663948,KRX_IDX_1001,KRW,INDEX
2005-09-07,9.15999984741211,1.340000033378601,0.0215000007301569,KRX_IDX_1001,KRW,INDEX
2005-09-08,9.18000030517578,1.340000033378601,0.0215000007301569,KRX_IDX_1001,KRW,INDEX
2005-09-09,9.239999771118164,1.350000023841858,0.021400000900030136,KRX_IDX_1001,KRW,INDEX
2005-09-12,9.279999732971191,1.3600000143051147,0.021300001069903374,KRX_IDX_1001,KRW,INDEX
2005-09-13,9.279999732971191,1.3600000143051147,0.021300001069903374,KRX_IDX_1001,KRW,INDEX
2005-09-14,9.380000114440918,1.3700000047683716,0.020999999716877937,KRX_IDX_1001,KRW,INDEX
2005-09-15,9.369999885559082,1.3700000047683716,0.0210999995470047,KRX_IDX_1001,KRW,INDEX
2005-09-16,9.40999984741211,1.3799999952316284,0.0209999997168779,KRX_IDX_1001,KRW,INDEX
2005-09-20,9.539999961853027,1.399999976158142,0.02070000022649765,KRX_IDX_1001,KRW,INDEX
2005-09-21,9.579999923706056,1.399999976158142,0.0205999985337257,KRX_IDX_1001,KRW,INDEX
2005-09-22,9.609999656677246,1.409999966621399,0.0204999987035989,KRX_IDX_1001,KRW,INDEX
2005-09-23,9.420000076293944,1.3799999952316284,0.0209999997168779,KRX_IDX_1001,KRW,INDEX
2005-09-26,9.65999984741211,1.409999966621399,0.0203999988734722,KRX_IDX_1001,KRW,INDEX
2005-09-27,9.68000030517578,1.4199999570846558,0.0203999988734722,KRX_IDX_1001,KRW,INDEX
2005-09-28,9.819999694824219,1.440000057220459,0.020099999383091927,KRX_IDX_1001,KRW,INDEX
2005-09-29,9.850000381469727,1.440000057220459,0.019999999552965164,KRX_IDX_1001,KRW,INDEX
2005-09-30,9.760000228881836,1.4299999475479126,0.0201999992132186,KRX_IDX_1001,KRW,INDEX
2005-10-04,9.9399995803833,1.4600000381469727,0.01979999989271164,KRX_IDX_1001,KRW,INDEX
2005-10-05,9.8100004196167,1.440000057220459,0.020099999383091927,KRX_IDX_1001,KRW,INDEX
2005-10-06,9.609999656677246,1.409999966621399,0.020499998703598976,KRX_IDX_1001,KRW,INDEX
2005-10-07,9.600000381469727,1.409999966621399,0.020499998703598976,KRX_IDX_1001,KRW,INDEX
2005-10-10,9.819999694824219,1.440000057220459,0.020099999383091927,KRX_IDX_1001,KRW,INDEX
2005-10-11,9.949999809265137,1.4600000381469727,0.01979999989271164,KRX_IDX_1001,KRW,INDEX
2005-10-12,9.729999542236328,1.4199999570846558,0.02019999921321869,KRX_IDX_1001,KRW,INDEX
2005-10-13,9.529999732971191,1.399999976158142,0.02059999853372574,KRX_IDX_1001,KRW,INDEX
2005-10-14,9.5,1.3899999856948853,0.02070000022649765,KRX_IDX_1001,KRW,INDEX
2005-10-17,9.390000343322754,1.3700000047683716,0.020899999886751175,KRX_IDX_1001,KRW,INDEX
2005-10-18,9.470000267028809,1.3899999856948853,0.0208000000566244,KRX_IDX_1001,KRW,INDEX
2005-10-19,9.210000038146973,1.350000023841858,0.021400000900030136,KRX_IDX_1001,KRW,INDEX
2005-10-20,9.279999732971191,1.3600000143051147,0.021199999377131462,KRX_IDX_1001,KRW,INDEX
2005-10-21,9.449999809265137,1.3799999952316284,0.0208000000566244,KRX_IDX_1001,KRW,INDEX
2005-10-24,9.460000038146973,1.3899999856948853,0.0208000000566244,KRX_IDX_1001,KRW,INDEX
2005-10-25,9.43000030517578,1.3799999952316284,0.0208999998867511,KRX_IDX_1001,KRW,INDEX
2005-10-26,9.420000076293945,1.3799999952316284,0.020899999886751175,KRX_IDX_1001,KRW,INDEX
2005-10-27,9.319999694824219,1.3600000143051147,0.0210999995470047,KRX_IDX_1001,KRW,INDEX
2005-10-28,9.109999656677246,1.3300000429153442,0.02160000056028366,KRX_IDX_1001,KRW,INDEX
2005-10-31,9.239999771118164,1.350000023841858,0.021300001069903374,KRX_IDX_1001,KRW,INDEX
2005-11-01,9.479999542236328,1.3899999856948853,0.02070000022649765,KRX_IDX_1001,KRW,INDEX
2005-11-02,9.640000343322754,1.409999966621399,0.020399998873472214,KRX_IDX_1001,KRW,INDEX
2005-11-03,9.710000038146973,1.4199999570846558,0.02019999921321869,KRX_IDX_1001,KRW,INDEX
2005-11-04,9.75,1.4299999475479126,0.02019999921321869,KRX_IDX_1001,KRW,INDEX
2005-11-07,9.720000267028809,1.4199999570846558,0.0201999992132186,KRX_IDX_1001,KRW,INDEX
2005-11-08,9.779999732971191,1.4299999475479126,0.0200999993830919,KRX_IDX_1001,KRW,INDEX
2005-11-09,9.789999961853027,1.4299999475479126,0.020099999383091927,KRX_IDX_1001,KRW,INDEX
2005-11-10,9.850000381469727,1.440000057220459,0.019999999552965164,KRX_IDX_1001,KRW,INDEX
2005-11-11,10.020000457763672,1.4700000286102295,0.019600000232458115,KRX_IDX_1001,KRW,INDEX
2005-11-14,10.029999732971191,1.4700000286102295,0.019600000232458115,KRX_IDX_1001,KRW,INDEX
2005-11-15,10.010000228881836,1.4600000381469727,0.019600000232458115,KRX_IDX_1001,KRW,INDEX
2005-11-16,10.109999656677246,1.4800000190734863,0.0194000005722045,KRX_IDX_1001,KRW,INDEX
2005-11-17,10.130000114440918,1.4800000190734863,0.0194000005722045,KRX_IDX_1001,KRW,INDEX
2005-11-18,9.970000267028809,1.5,0.019299998879432678,KRX_IDX_1001,KRW,INDEX
2005-11-21,9.9399995803833,1.5,0.0194000005722045,KRX_IDX_1001,KRW,INDEX
2005-11-22,9.75,1.4700000286102295,0.01979999989271164,KRX_IDX_1001,KRW,INDEX
2005-11-23,10.039999961853027,1.5099999904632568,0.0191999990493059,KRX_IDX_1001,KRW,INDEX
2005-11-24,10.109999656677246,1.5199999809265137,0.0189999993890523,KRX_IDX_1001,KRW,INDEX
2005-11-25,10.119999885559082,1.5199999809265137,0.01899999938905239,KRX_IDX_1001,KRW,INDEX
2005-11-28,10.119999885559082,1.5199999809265137,0.01899999938905239,KRX_IDX_1001,KRW,INDEX
2005-11-29,10.020000457763672,1.5099999904632568,0.019199999049305916,KRX_IDX_1001,KRW,INDEX
2005-11-30,10.15999984741211,1.5299999713897705,0.0188999995589256,KRX_IDX_1001,KRW,INDEX
2005-12-01,10.229999542236328,1.5399999618530273,0.018799999728798866,KRX_IDX_1001,KRW,INDEX
2005-12-02,10.260000228881836,1.5399999618530271,0.0187999997287988,KRX_IDX_1001,KRW,INDEX
2005-12-05,10.300000190734863,1.5499999523162842,0.0186999998986721,KRX_IDX_1001,KRW,INDEX
2005-12-06,10.350000381469727,1.559999942779541,0.01860000006854534,KRX_IDX_1001,KRW,INDEX
2005-12-07,10.380000114440918,1.559999942779541,0.01860000006854534,KRX_IDX_1001,KRW,INDEX
2005-12-08,10.380000114440918,1.559999942779541,0.01860000006854534,KRX_IDX_1001,KRW,INDEX
2005-12-09,10.329999923706055,1.5499999523162842,0.018699999898672104,KRX_IDX_1001,KRW,INDEX
2005-12-12,10.579999923706055,1.5700000524520874,0.01809999905526638,KRX_IDX_1001,KRW,INDEX
2005-12-13,10.609999656677246,1.5800000429153442,0.01809999905526638,KRX_IDX_1001,KRW,INDEX
2005-12-14,10.600000381469728,1.5800000429153442,0.0180999990552663,KRX_IDX_1001,KRW,INDEX
2005-12-15,10.630000114440918,1.5800000429153442,0.01809999905526638,KRX_IDX_1001,KRW,INDEX
2005-12-16,10.5,1.559999942779541,0.018300000578165054,KRX_IDX_1001,KRW,INDEX
2005-12-19,10.640000343322754,1.5800000429153442,0.017999999225139618,KRX_IDX_1001,KRW,INDEX
2005-12-20,10.649999618530272,1.5800000429153442,0.0179999992251396,KRX_IDX_1001,KRW,INDEX
2005-12-21,10.760000228881836,1.600000023841858,0.017799999564886093,KRX_IDX_1001,KRW,INDEX
2005-12-22,10.739999771118164,1.590000033378601,0.017899999395012856,KRX_IDX_1001,KRW,INDEX
2005-12-23,10.8100004196167,1.600000023841858,0.01769999973475933,KRX_IDX_1001,KRW,INDEX
2005-12-26,10.899999618530273,1.6200000047683716,0.01759999990463257,KRX_IDX_1001,KRW,INDEX
2005-12-27,10.949999809265137,1.6299999952316284,0.0175000000745058,KRX_IDX_1001,KRW,INDEX
2005-12-28,10.890000343322754,1.6200000047683716,0.0175999999046325,KRX_IDX_1001,KRW,INDEX
2005-12-29,10.979999542236328,1.6299999952316284,0.017400000244379,KRX_IDX_1001,KRW,INDEX
2006-01-02,11.06999969482422,1.6399999856948853,0.0173000004142522,KRX_IDX_1001,KRW,INDEX
2006-01-03,11.119999885559082,1.649999976158142,0.01720000058412552,KRX_IDX_1001,KRW,INDEX
2006-01-04,11.18000030517578,1.659999966621399,0.0172000005841255,KRX_IDX_1001,KRW,INDEX
2006-01-05,11.119999885559082,1.649999976158142,0.01720000058412552,KRX_IDX_1001,KRW,INDEX
2006-01-06,11.25,1.6699999570846558,0.0170000009238719,KRX_IDX_1001,KRW,INDEX
2006-01-09,11.199999809265137,1.659999966621399,0.0171000007539987,KRX_IDX_1001,KRW,INDEX
2006-01-10,11.100000381469727,1.649999976158142,0.01720000058412552,KRX_IDX_1001,KRW,INDEX
2006-01-11,11.09000015258789,1.649999976158142,0.0173000004142522,KRX_IDX_1001,KRW,INDEX
2006-01-12,11.149999618530272,1.659999966621399,0.0171000007539987,KRX_IDX_1001,KRW,INDEX
2006-01-13,11.270000457763672,1.6699999570846558,0.017000000923871994,KRX_IDX_1001,KRW,INDEX
2006-01-16,11.3100004196167,1.6799999475479126,0.0169000010937452,KRX_IDX_1001,KRW,INDEX
2006-01-17,11.0600004196167,1.6399999856948853,0.0173000004142522,KRX_IDX_1001,KRW,INDEX
2006-01-18,10.760000228881836,1.600000023841858,0.017799999564886,KRX_IDX_1001,KRW,INDEX
2006-01-19,10.81999969482422,1.6100000143051147,0.0176999997347593,KRX_IDX_1001,KRW,INDEX
2006-01-20,10.529999732971191,1.559999942779541,0.018200000748038292,KRX_IDX_1001,KRW,INDEX
2006-01-23,10.31999969482422,1.5299999713897705,0.0185000002384185,KRX_IDX_1001,KRW,INDEX
2006-01-24,10.550000190734863,1.559999942779541,0.0180999990552663,KRX_IDX_1001,KRW,INDEX
2006-01-25,10.670000076293945,1.5800000429153442,0.017899999395012856,KRX_IDX_1001,KRW,INDEX
2006-01-26,10.760000228881836,1.600000023841858,0.017799999564886093,KRX_IDX_1001,KRW,INDEX
2006-01-27,11.010000228881836,1.6299999952316284,0.017400000244379044,KRX_IDX_1001,KRW,INDEX
2006-01-31,11.130000114440918,1.649999976158142,0.0172000005841255,KRX_IDX_1001,KRW,INDEX
2006-02-01,10.949999809265137,1.6200000047683716,0.017500000074505806,KRX_IDX_1001,KRW,INDEX
2006-02-02,10.9399995803833,1.6200000047683716,0.0175000000745058,KRX_IDX_1001,KRW,INDEX
2006-02-03,10.609999656677246,1.5700000524520874,0.017999999225139618,KRX_IDX_1001,KRW,INDEX
2006-02-06,10.670000076293945,1.5800000429153442,0.017899999395012856,KRX_IDX_1001,KRW,INDEX
2006-02-07,10.600000381469727,1.5700000524520874,0.017999999225139618,KRX_IDX_1001,KRW,INDEX
2006-02-08,10.420000076293945,1.5499999523162842,0.018300000578165054,KRX_IDX_1001,KRW,INDEX
2006-02-09,10.630000114440918,1.5700000524520874,0.0178999993950128,KRX_IDX_1001,KRW,INDEX
2006-02-10,10.739999771118164,1.590000033378601,0.01769999973475933,KRX_IDX_1001,KRW,INDEX
2006-02-13,10.630000114440918,1.5700000524520874,0.017899999395012856,KRX_IDX_1001,KRW,INDEX
2006-02-14,10.6899995803833,1.5800000429153442,0.017799999564886093,KRX_IDX_1001,KRW,INDEX
2006-02-15,10.529999732971191,1.559999942779541,0.01809999905526638,KRX_IDX_1001,KRW,INDEX
2006-02-16,10.609999656677246,1.5700000524520874,0.0178999993950128,KRX_IDX_1001,KRW,INDEX
2006-02-17,10.760000228881836,1.590000033378601,0.01769999973475933,KRX_IDX_1001,KRW,INDEX
2006-02-20,10.880000114440918,1.6100000143051147,0.017500000074505806,KRX_IDX_1001,KRW,INDEX
2006-02-21,10.880000114440918,1.6100000143051147,0.0175000000745058,KRX_IDX_1001,KRW,INDEX
2006-02-22,10.829999923706056,1.600000023841858,0.0175999999046325,KRX_IDX_1001,KRW,INDEX
2006-02-23,11.0,1.6299999952316284,0.01730000041425228,KRX_IDX_1001,KRW,INDEX
2006-02-24,11.050000190734863,1.6399999856948853,0.01720000058412552,KRX_IDX_1001,KRW,INDEX
2006-02-27,11.119999885559082,1.649999976158142,0.017100000753998756,KRX_IDX_1001,KRW,INDEX
2006-02-28,11.100000381469727,1.6399999856948853,0.01720000058412552,KRX_IDX_1001,KRW,INDEX
2006-03-02,11.0600004196167,1.6399999856948853,0.01720000058412552,KRX_IDX_1001,KRW,INDEX
2006-03-03,10.739999771118164,1.590000033378601,0.01769999973475933,KRX_IDX_1001,KRW,INDEX
2006-03-06,10.869999885559082,1.6100000143051147,0.017500000074505806,KRX_IDX_1001,KRW,INDEX
2006-03-07,10.640000343322754,1.5700000524520874,0.017899999395012856,KRX_IDX_1001,KRW,INDEX
2006-03-08,10.609999656677246,1.5700000524520874,0.017899999395012856,KRX_IDX_1001,KRW,INDEX
2006-03-09,10.59000015258789,1.5700000524520874,0.0179999992251396,KRX_IDX_1001,KRW,INDEX
2006-03-10,10.670000076293945,1.5800000429153442,0.017799999564886093,KRX_IDX_1001,KRW,INDEX
2006-03-13,10.8100004196167,1.600000023841858,0.0175999999046325,KRX_IDX_1001,KRW,INDEX
2006-03-14,10.710000038146973,1.5800000429153442,0.017799999564886093,KRX_IDX_1001,KRW,INDEX
2006-03-15,10.760000228881836,1.590000033378601,0.0176999997347593,KRX_IDX_1001,KRW,INDEX
2006-03-16,10.779999732971191,1.590000033378601,0.01759999990463257,KRX_IDX_1001,KRW,INDEX
2006-03-17,10.84000015258789,1.600000023841858,0.0175999999046325,KRX_IDX_1001,KRW,INDEX
2006-03-20,10.890000343322754,1.6100000143051147,0.017500000074505806,KRX_IDX_1001,KRW,INDEX
2006-03-21,10.8100004196167,1.600000023841858,0.01759999990463257,KRX_IDX_1001,KRW,INDEX
2006-03-22,10.59000015258789,1.5700000524520874,0.017999999225139618,KRX_IDX_1001,KRW,INDEX
2006-03-23,10.59000015258789,1.5700000524520874,0.017899999395012856,KRX_IDX_1001,KRW,INDEX
2006-03-24,10.65999984741211,1.5800000429153442,0.017799999564886093,KRX_IDX_1001,KRW,INDEX
2006-03-27,10.729999542236328,1.590000033378601,0.01769999973475933,KRX_IDX_1001,KRW,INDEX
2006-03-28,10.75,1.590000033378601,0.01769999973475933,KRX_IDX_1001,KRW,INDEX
2006-03-29,10.760000228881836,1.590000033378601,0.01769999973475933,KRX_IDX_1001,KRW,INDEX
2006-03-30,10.819999694824219,1.600000023841858,0.01759999990463257,KRX_IDX_1001,KRW,INDEX
2006-03-31,11.0,1.6299999952316284,0.01730000041425228,KRX_IDX_1001,KRW,INDEX
2006-04-03,11.170000076293945,1.649999976158142,0.017000000923871994,KRX_IDX_1001,KRW,INDEX
2006-04-04,11.220000267028809,1.659999966621399,0.017000000923871994,KRX_IDX_1001,KRW,INDEX
2006-04-05,11.260000228881836,1.659999966621399,0.0169000010937452,KRX_IDX_1001,KRW,INDEX
2006-04-06,11.329999923706056,1.6699999570846558,0.0167999994009733,KRX_IDX_1001,KRW,INDEX
2006-04-07,11.369999885559082,1.6799999475479126,0.0167999994009733,KRX_IDX_1001,KRW,INDEX
2006-04-10,11.34000015258789,1.6799999475479126,0.0167999994009733,KRX_IDX_1001,KRW,INDEX
2006-04-11,11.239999771118164,1.659999966621399,0.017000000923871994,KRX_IDX_1001,KRW,INDEX
2006-04-12,11.229999542236328,1.659999966621399,0.017000000923871994,KRX_IDX_1001,KRW,INDEX
2006-04-13,11.40999984741211,1.6799999475479126,0.0166999995708465,KRX_IDX_1001,KRW,INDEX
2006-04-14,11.619999885559082,1.7200000286102295,0.0164000000804662,KRX_IDX_1001,KRW,INDEX
2006-04-17,11.539999961853027,1.7000000476837158,0.016499999910593,KRX_IDX_1001,KRW,INDEX
2006-04-18,11.579999923706055,1.7100000381469727,0.016499999910593033,KRX_IDX_1001,KRW,INDEX
2006-04-19,11.670000076293944,1.7200000286102295,0.0163000002503395,KRX_IDX_1001,KRW,INDEX
2006-04-20,11.640000343322754,1.7200000286102295,0.0164000000804662,KRX_IDX_1001,KRW,INDEX
2006-04-21,11.779999732971191,1.7400000095367432,0.0162000004202127,KRX_IDX_1001,KRW,INDEX
2006-04-24,11.619999885559082,1.7200000286102295,0.01640000008046627,KRX_IDX_1001,KRW,INDEX
2006-04-25,11.800000190734863,1.4700000286102295,0.0159000009298324,KRX_IDX_1001,KRW,INDEX
2006-04-26,11.960000038146973,1.4900000095367432,0.015700001269578934,KRX_IDX_1001,KRW,INDEX
2006-04-27,11.970000267028809,1.5,0.0157000012695789,KRX_IDX_1001,KRW,INDEX
2006-04-28,11.699999809265137,1.4600000381469729,0.0161000005900859,KRX_IDX_1001,KRW,INDEX
2006-05-02,11.829999923706056,1.4800000190734863,0.0159000009298324,KRX_IDX_1001,KRW,INDEX
2006-05-03,11.829999923706056,1.4800000190734863,0.0159000009298324,KRX_IDX_1001,KRW,INDEX
2006-05-04,11.880000114440918,1.4800000190734863,0.0158000010997056,KRX_IDX_1001,KRW,INDEX
2006-05-08,11.970000267028809,1.4900000095367432,0.0157000012695789,KRX_IDX_1001,KRW,INDEX
2006-05-09,11.960000038146973,1.4900000095367432,0.0157000012695789,KRX_IDX_1001,KRW,INDEX
2006-05-10,11.960000038146973,1.4900000095367432,0.015700001269578934,KRX_IDX_1001,KRW,INDEX
2006-05-11,12.069999694824219,1.5099999904632568,0.015599999576807022,KRX_IDX_1001,KRW,INDEX
2006-05-12,11.90999984741211,1.4900000095367432,0.0158000010997056,KRX_IDX_1001,KRW,INDEX
2006-05-15,11.649999618530273,1.4600000381469727,0.016100000590085983,KRX_IDX_1001,KRW,INDEX
2006-05-16,11.390000343322754,1.4199999570846558,0.016499999910593033,KRX_IDX_1001,KRW,INDEX
2006-05-17,11.550000190734863,1.440000057220459,0.016300000250339508,KRX_IDX_1001,KRW,INDEX
2006-05-18,11.239999771118164,1.399999976158142,0.016699999570846558,KRX_IDX_1001,KRW,INDEX
2006-05-19,11.300000190734863,1.409999966621399,0.016599999740719795,KRX_IDX_1001,KRW,INDEX
2006-05-22,11.020000457763672,1.3799999952316284,0.017100000753998756,KRX_IDX_1001,KRW,INDEX
2006-05-23,10.949999809265137,1.3700000047683716,0.0172000005841255,KRX_IDX_1001,KRW,INDEX
2006-05-24,10.979999542236328,1.3700000047683716,0.017100000753998756,KRX_IDX_1001,KRW,INDEX
2006-05-25,10.670000076293945,1.3300000429153442,0.01759999990463257,KRX_IDX_1001,KRW,INDEX
2006-05-26,10.890000343322754,1.3600000143051147,0.0173000004142522,KRX_IDX_1001,KRW,INDEX
2006-05-29,10.9399995803833,1.3700000047683716,0.0172000005841255,KRX_IDX_1001,KRW,INDEX
2006-05-30,10.850000381469727,1.3600000143051147,0.01730000041425228,KRX_IDX_1001,KRW,INDEX
2006-06-01,10.65999984741211,1.3300000429153442,0.01759999990463257,KRX_IDX_1001,KRW,INDEX
2006-06-02,10.779999732971191,1.350000023841858,0.017400000244379,KRX_IDX_1001,KRW,INDEX
2006-06-05,10.710000038146973,1.340000033378601,0.0175000000745058,KRX_IDX_1001,KRW,INDEX
2006-06-07,10.43000030517578,1.2999999523162842,0.0179999992251396,KRX_IDX_1001,KRW,INDEX
2006-06-08,10.069999694824219,1.2599999904632568,0.018699999898672104,KRX_IDX_1001,KRW,INDEX
2006-06-09,10.170000076293945,1.2699999809265137,0.01850000023841858,KRX_IDX_1001,KRW,INDEX
2006-06-12,10.210000038146973,1.2799999713897705,0.0184000004082918,KRX_IDX_1001,KRW,INDEX
2006-06-13,9.90999984741211,1.2400000095367432,0.0189999993890523,KRX_IDX_1001,KRW,INDEX
2006-06-14,10.0600004196167,1.2599999904632568,0.0186999998986721,KRX_IDX_1001,KRW,INDEX
2006-06-15,10.050000190734863,1.25,0.0186999998986721,KRX_IDX_1001,KRW,INDEX
2006-06-16,10.40999984741211,1.2999999523162842,0.0180999990552663,KRX_IDX_1001,KRW,INDEX
2006-06-19,10.31999969482422,1.2899999618530271,0.0182000007480382,KRX_IDX_1001,KRW,INDEX
2006-06-20,10.109999656677246,1.2599999904632568,0.0186000000685453,KRX_IDX_1001,KRW,INDEX
2006-06-21,10.119999885559082,1.2599999904632568,0.01860000006854534,KRX_IDX_1001,KRW,INDEX
2006-06-22,10.220000267028809,1.2699999809265137,0.0184000004082918,KRX_IDX_1001,KRW,INDEX
2006-06-23,10.130000114440918,1.2599999904632568,0.01860000006854534,KRX_IDX_1001,KRW,INDEX
2006-06-26,10.210000038146973,1.2699999809265137,0.018400000408291817,KRX_IDX_1001,KRW,INDEX
2006-06-27,10.289999961853027,1.2799999713897705,0.018300000578165,KRX_IDX_1001,KRW,INDEX
2006-06-28,10.220000267028809,1.2699999809265137,0.0184000004082918,KRX_IDX_1001,KRW,INDEX
2006-06-29,10.40999984741211,1.2999999523162842,0.0180999990552663,KRX_IDX_1001,KRW,INDEX
2006-06-30,10.68000030517578,1.3300000429153442,0.0175999999046325,KRX_IDX_1001,KRW,INDEX
2006-07-03,10.670000076293944,1.3300000429153442,0.0175999999046325,KRX_IDX_1001,KRW,INDEX
2006-07-04,10.600000381469728,1.3200000524520874,0.0175999999046325,KRX_IDX_1001,KRW,INDEX
2006-07-05,10.550000190734863,1.3200000524520874,0.0176999997347593,KRX_IDX_1001,KRW,INDEX
2006-07-06,10.420000076293945,1.2999999523162842,0.017999999225139618,KRX_IDX_1001,KRW,INDEX
2006-07-07,10.510000228881836,1.309999942779541,0.017799999564886093,KRX_IDX_1001,KRW,INDEX
2006-07-10,10.720000267028809,1.340000033378601,0.0175000000745058,KRX_IDX_1001,KRW,INDEX
2006-07-11,10.729999542236328,1.340000033378601,0.017400000244379,KRX_IDX_1001,KRW,INDEX
2006-07-12,10.699999809265137,1.3300000429153442,0.017500000074505806,KRX_IDX_1001,KRW,INDEX
2006-07-13,10.609999656677246,1.3200000524520874,0.01759999990463257,KRX_IDX_1001,KRW,INDEX
2006-07-14,10.359999656677246,1.2899999618530273,0.01809999905526638,KRX_IDX_1001,KRW,INDEX
2006-07-18,10.18000030517578,1.2699999809265137,0.0184000004082918,KRX_IDX_1001,KRW,INDEX
2006-07-19,10.18000030517578,1.2699999809265137,0.0184000004082918,KRX_IDX_1001,KRW,INDEX
2006-07-20,10.510000228881836,1.309999942779541,0.017799999564886,KRX_IDX_1001,KRW,INDEX
2006-07-21,10.5,1.309999942779541,0.017799999564886,KRX_IDX_1001,KRW,INDEX
2006-07-24,10.4399995803833,1.2999999523162842,0.0182000007480382,KRX_IDX_1001,KRW,INDEX
2006-07-25,10.56999969482422,1.3200000524520874,0.0178999993950128,KRX_IDX_1001,KRW,INDEX
2006-07-26,10.569999694824219,1.3200000524520874,0.017999999225139618,KRX_IDX_1001,KRW,INDEX
2006-07-27,10.710000038146973,1.3300000429153442,0.0176999997347593,KRX_IDX_1001,KRW,INDEX
2006-07-28,10.720000267028809,1.3300000429153442,0.01769999973475933,KRX_IDX_1001,KRW,INDEX
2006-07-31,10.390000343322754,1.3300000429153442,0.018400000408291817,KRX_IDX_1001,KRW,INDEX
2006-08-01,10.300000190734863,1.3200000524520874,0.0185000002384185,KRX_IDX_1001,KRW,INDEX
2006-08-02,10.359999656677246,1.3200000524520874,0.0184000004082918,KRX_IDX_1001,KRW,INDEX
2006-08-03,10.329999923706056,1.3200000524520874,0.0184000004082918,KRX_IDX_1001,KRW,INDEX
2006-08-04,10.430000305175781,1.3300000429153442,0.018300000578165054,KRX_IDX_1001,KRW,INDEX
2006-08-07,10.3100004196167,1.3200000524520874,0.01850000023841858,KRX_IDX_1001,KRW,INDEX
2006-08-08,10.489999771118164,1.340000033378601,0.018200000748038292,KRX_IDX_1001,KRW,INDEX
2006-08-09,10.520000457763672,1.340000033378601,0.0180999990552663,KRX_IDX_1001,KRW,INDEX
2006-08-10,10.43000030517578,1.3300000429153442,0.018300000578165,KRX_IDX_1001,KRW,INDEX
2006-08-11,10.329999923706056,1.3200000524520874,0.0184000004082918,KRX_IDX_1001,KRW,INDEX
2006-08-14,10.359999656677246,1.3200000524520874,0.018400000408291817,KRX_IDX_1001,KRW,INDEX
2006-08-16,10.520000457763672,1.340000033378601,0.01809999905526638,KRX_IDX_1001,KRW,INDEX
2006-08-17,10.619999885559082,1.3600000143051147,0.017899999395012856,KRX_IDX_1001,KRW,INDEX
2006-08-18,10.649999618530273,1.3600000143051147,0.017899999395012856,KRX_IDX_1001,KRW,INDEX
2006-08-21,10.579999923706055,1.350000023841858,0.017999999225139618,KRX_IDX_1001,KRW,INDEX
2006-08-22,10.680000305175781,1.3600000143051147,0.017799999564886093,KRX_IDX_1001,KRW,INDEX
2006-08-23,10.600000381469728,1.350000023841858,0.0179999992251396,KRX_IDX_1001,KRW,INDEX
2006-08-24,10.529999732971191,1.340000033378601,0.01809999905526638,KRX_IDX_1001,KRW,INDEX
2006-08-25,10.640000343322754,1.3600000143051147,0.017899999395012856,KRX_IDX_1001,KRW,INDEX
2006-08-28,10.619999885559082,1.3600000143051147,0.0178999993950128,KRX_IDX_1001,KRW,INDEX
2006-08-29,10.760000228881836,1.3700000047683716,0.01769999973475933,KRX_IDX_1001,KRW,INDEX
2006-08-30,10.729999542236328,1.3700000047683716,0.0176999997347593,KRX_IDX_1001,KRW,INDEX
2006-08-31,10.819999694824219,1.3799999952316284,0.01759999990463257,KRX_IDX_1001,KRW,INDEX
2006-09-01,10.850000381469728,1.3899999856948853,0.0175000000745058,KRX_IDX_1001,KRW,INDEX
2006-09-04,10.869999885559082,1.3899999856948853,0.0175000000745058,KRX_IDX_1001,KRW,INDEX
2006-09-05,10.890000343322754,1.3899999856948853,0.0175000000745058,KRX_IDX_1001,KRW,INDEX
2006-09-06,10.859999656677246,1.3899999856948853,0.017500000074505806,KRX_IDX_1001,KRW,INDEX
2006-09-07,10.710000038146973,1.3799999952316284,0.0175999999046325,KRX_IDX_1001,KRW,INDEX
2006-09-08,10.739999771118164,1.3899999856948853,0.0175999999046325,KRX_IDX_1001,KRW,INDEX
2006-09-11,10.56999969482422,1.3600000143051147,0.017799999564886,KRX_IDX_1001,KRW,INDEX
2006-09-12,10.529999732971191,1.3600000143051147,0.0179999992251396,KRX_IDX_1001,KRW,INDEX
2006-09-13,10.56999969482422,1.3600000143051147,0.0178999993950128,KRX_IDX_1001,KRW,INDEX
2006-09-14,10.779999732971191,1.3899999856948853,0.0175000000745058,KRX_IDX_1001,KRW,INDEX
2006-09-15,10.789999961853027,1.3899999856948853,0.0175000000745058,KRX_IDX_1001,KRW,INDEX
2006-09-18,10.899999618530273,1.409999966621399,0.01730000041425228,KRX_IDX_1001,KRW,INDEX
2006-09-19,10.890000343322754,1.409999966621399,0.017400000244379,KRX_IDX_1001,KRW,INDEX
2006-09-20,10.829999923706056,1.399999976158142,0.017400000244379,KRX_IDX_1001,KRW,INDEX
2006-09-21,10.84000015258789,1.399999976158142,0.017400000244379,KRX_IDX_1001,KRW,INDEX
2006-09-22,10.6899995803833,1.3799999952316284,0.0176999997347593,KRX_IDX_1001,KRW,INDEX
2006-09-25,10.75,1.3899999856948853,0.01759999990463257,KRX_IDX_1001,KRW,INDEX
2006-09-26,10.65999984741211,1.3799999952316284,0.0176999997347593,KRX_IDX_1001,KRW,INDEX
2006-09-27,10.779999732971191,1.3899999856948853,0.017500000074505806,KRX_IDX_1001,KRW,INDEX
2006-09-28,10.869999885559082,1.399999976158142,0.017400000244379044,KRX_IDX_1001,KRW,INDEX
2006-09-29,10.869999885559082,1.399999976158142,0.017400000244379044,KRX_IDX_1001,KRW,INDEX
2006-10-02,10.899999618530273,1.409999966621399,0.01730000041425228,KRX_IDX_1001,KRW,INDEX
2006-10-04,10.720000267028809,1.3799999952316284,0.01759999990463257,KRX_IDX_1001,KRW,INDEX
2006-10-09,10.460000038146973,1.350000023841858,0.01809999905526638,KRX_IDX_1001,KRW,INDEX
2006-10-10,10.529999732971191,1.3600000143051147,0.017899999395012856,KRX_IDX_1001,KRW,INDEX
2006-10-11,10.5,1.3600000143051147,0.0179999992251396,KRX_IDX_1001,KRW,INDEX
2006-10-12,10.550000190734863,1.3600000143051147,0.0178999993950128,KRX_IDX_1001,KRW,INDEX
2006-10-13,10.6899995803833,1.3799999952316284,0.0176999997347593,KRX_IDX_1001,KRW,INDEX
2006-10-16,10.75,1.3899999856948853,0.0175999999046325,KRX_IDX_1001,KRW,INDEX
2006-10-17,10.699999809265137,1.3799999952316284,0.01759999990463257,KRX_IDX_1001,KRW,INDEX
2006-10-18,10.729999542236328,1.3899999856948853,0.01759999990463257,KRX_IDX_1001,KRW,INDEX
2006-10-19,10.720000267028809,1.3799999952316284,0.01759999990463257,KRX_IDX_1001,KRW,INDEX
2006-10-20,10.8100004196167,1.399999976158142,0.017500000074505806,KRX_IDX_1001,KRW,INDEX
2006-10-23,10.8100004196167,1.399999976158142,0.017500000074505806,KRX_IDX_1001,KRW,INDEX
2006-10-24,10.81999969482422,1.399999976158142,0.017400000244379,KRX_IDX_1001,KRW,INDEX
2006-10-25,10.869999885559082,1.399999976158142,0.017400000244379,KRX_IDX_1001,KRW,INDEX
2006-10-26,10.880000114440918,1.409999966621399,0.0173000004142522,KRX_IDX_1001,KRW,INDEX
2006-10-27,10.850000381469728,1.399999976158142,0.017400000244379,KRX_IDX_1001,KRW,INDEX
2006-10-30,10.739999771118164,1.3899999856948853,0.0175999999046325,KRX_IDX_1001,KRW,INDEX
2006-10-31,10.819999694824219,1.399999976158142,0.017400000244379044,KRX_IDX_1001,KRW,INDEX
2006-11-01,10.899999618530273,1.409999966621399,0.01730000041425228,KRX_IDX_1001,KRW,INDEX
2006-11-02,10.970000267028809,1.4199999570846558,0.01720000058412552,KRX_IDX_1001,KRW,INDEX
2006-11-03,10.970000267028809,1.4199999570846558,0.0172000005841255,KRX_IDX_1001,KRW,INDEX
2006-11-06,10.93000030517578,1.409999966621399,0.0173000004142522,KRX_IDX_1001,KRW,INDEX
2006-11-07,10.989999771118164,1.4199999570846558,0.0172000005841255,KRX_IDX_1001,KRW,INDEX
2006-11-08,10.930000305175781,1.409999966621399,0.01730000041425228,KRX_IDX_1001,KRW,INDEX
2006-11-09,11.079999923706055,1.4299999475479126,0.017000000923871994,KRX_IDX_1001,KRW,INDEX
2006-11-10,11.0600004196167,1.4299999475479126,0.017100000753998756,KRX_IDX_1001,KRW,INDEX
2006-11-13,11.0600004196167,1.4299999475479126,0.0171000007539987,KRX_IDX_1001,KRW,INDEX
2006-11-14,11.149999618530272,1.440000057220459,0.0169000010937452,KRX_IDX_1001,KRW,INDEX
2006-11-15,11.199999809265137,1.4500000476837158,0.0169000010937452,KRX_IDX_1001,KRW,INDEX
2006-11-16,11.1899995803833,1.440000057220459,0.0169000010937452,KRX_IDX_1001,KRW,INDEX
2006-11-17,11.199999809265137,1.4500000476837158,0.0169000010937452,KRX_IDX_1001,KRW,INDEX
2006-11-20,11.119999885559082,1.440000057220459,0.0170000009238719,KRX_IDX_1001,KRW,INDEX
2006-11-21,11.140000343322754,1.440000057220459,0.0169000010937452,KRX_IDX_1001,KRW,INDEX
2006-11-22,11.270000457763672,1.4500000476837158,0.016699999570846558,KRX_IDX_1001,KRW,INDEX
2006-11-23,11.239999771118164,1.4500000476837158,0.0167999994009733,KRX_IDX_1001,KRW,INDEX
2006-11-24,11.260000228881836,1.4500000476837158,0.0166999995708465,KRX_IDX_1001,KRW,INDEX
2006-11-27,11.289999961853027,1.4600000381469729,0.0166999995708465,KRX_IDX_1001,KRW,INDEX
2006-11-28,11.18000030517578,1.440000057220459,0.0169000010937452,KRX_IDX_1001,KRW,INDEX
2006-11-29,11.270000457763672,1.4500000476837158,0.0166999995708465,KRX_IDX_1001,KRW,INDEX
2006-11-30,11.350000381469727,1.4600000381469727,0.016599999740719795,KRX_IDX_1001,KRW,INDEX
2006-12-01,11.359999656677246,1.4700000286102295,0.0165999997407197,KRX_IDX_1001,KRW,INDEX
2006-12-04,11.289999961853027,1.4600000381469727,0.016699999570846558,KRX_IDX_1001,KRW,INDEX
2006-12-05,11.25,1.4500000476837158,0.016699999570846558,KRX_IDX_1001,KRW,INDEX
2006-12-06,11.199999809265137,1.4500000476837158,0.0167999994009733,KRX_IDX_1001,KRW,INDEX
2006-12-07,11.170000076293945,1.440000057220459,0.01690000109374523,KRX_IDX_1001,KRW,INDEX
2006-12-08,11.020000457763672,1.4199999570846558,0.0171000007539987,KRX_IDX_1001,KRW,INDEX
2006-12-11,11.010000228881836,1.4199999570846558,0.017100000753998756,KRX_IDX_1001,KRW,INDEX
2006-12-12,10.899999618530273,1.409999966621399,0.01730000041425228,KRX_IDX_1001,KRW,INDEX
2006-12-13,10.960000038146973,1.409999966621399,0.0172000005841255,KRX_IDX_1001,KRW,INDEX
2006-12-14,11.239999771118164,1.4500000476837158,0.0167999994009733,KRX_IDX_1001,KRW,INDEX
2006-12-15,11.270000457763672,1.4500000476837158,0.0166999995708465,KRX_IDX_1001,KRW,INDEX
2006-12-18,11.359999656677246,1.4700000286102295,0.016599999740719795,KRX_IDX_1001,KRW,INDEX
2006-12-19,11.319999694824219,1.4600000381469727,0.016599999740719795,KRX_IDX_1001,KRW,INDEX
2006-12-20,11.4399995803833,1.4700000286102295,0.016499999910593033,KRX_IDX_1001,KRW,INDEX
2006-12-21,11.390000343322754,1.4700000286102295,0.016499999910593,KRX_IDX_1001,KRW,INDEX
2006-12-22,11.399999618530272,1.4700000286102295,0.016499999910593,KRX_IDX_1001,KRW,INDEX
2006-12-26,11.369999885559082,1.4600000381469729,0.0165999997407197,KRX_IDX_1001,KRW,INDEX
2006-12-27,11.31999969482422,1.4500000476837158,0.0166999995708465,KRX_IDX_1001,KRW,INDEX
2006-12-28,11.399999618530272,1.4600000381469729,0.0165999997407197,KRX_IDX_1001,KRW,INDEX
2007-01-02,11.399999618530272,1.4700000286102295,0.0165999997407197,KRX_IDX_1001,KRW,INDEX
2007-01-03,11.199999809265137,1.440000057220459,0.01690000109374523,KRX_IDX_1001,KRW,INDEX
2007-01-04,11.109999656677246,1.4299999475479126,0.0170000009238719,KRX_IDX_1001,KRW,INDEX
2007-01-05,11.020000457763672,1.4199999570846558,0.0172000005841255,KRX_IDX_1001,KRW,INDEX
2007-01-08,10.899999618530273,1.399999976158142,0.01730000041425228,KRX_IDX_1001,KRW,INDEX
2007-01-09,10.920000076293944,1.399999976158142,0.0173000004142522,KRX_IDX_1001,KRW,INDEX
2007-01-10,10.779999732971191,1.3799999952316284,0.0175000000745058,KRX_IDX_1001,KRW,INDEX
2007-01-11,10.859999656677246,1.3899999856948853,0.017400000244379,KRX_IDX_1001,KRW,INDEX
2007-01-12,11.050000190734863,1.4199999570846558,0.0171000007539987,KRX_IDX_1001,KRW,INDEX
2007-01-15,11.06999969482422,1.4199999570846558,0.0171000007539987,KRX_IDX_1001,KRW,INDEX
2007-01-16,11.0600004196167,1.4199999570846558,0.017100000753998756,KRX_IDX_1001,KRW,INDEX
2007-01-17,10.970000267028809,1.409999966621399,0.0172000005841255,KRX_IDX_1001,KRW,INDEX
2007-01-18,11.0,1.409999966621399,0.01720000058412552,KRX_IDX_1001,KRW,INDEX
2007-01-19,10.81999969482422,1.3899999856948853,0.0175000000745058,KRX_IDX_1001,KRW,INDEX
2007-01-22,10.84000015258789,1.3899999856948853,0.017400000244379044,KRX_IDX_1001,KRW,INDEX
2007-01-23,10.84000015258789,1.3899999856948853,0.017400000244379,KRX_IDX_1001,KRW,INDEX
2007-01-24,11.0,1.409999966621399,0.0172000005841255,KRX_IDX_1001,KRW,INDEX
2007-01-25,11.0,1.409999966621399,0.0172000005841255,KRX_IDX_1001,KRW,INDEX
2007-01-26,10.920000076293944,1.399999976158142,0.0173000004142522,KRX_IDX_1001,KRW,INDEX
2007-01-29,10.850000381469727,1.3899999856948853,0.017400000244379044,KRX_IDX_1001,KRW,INDEX
2007-01-30,10.90999984741211,1.399999976158142,0.01730000041425228,KRX_IDX_1001,KRW,INDEX
2007-01-31,10.819999694824219,1.3899999856948853,0.017500000074505806,KRX_IDX_1001,KRW,INDEX
2007-02-01,11.0,1.409999966621399,0.01720000058412552,KRX_IDX_1001,KRW,INDEX
2007-02-02,11.25,1.440000057220459,0.0167999994009733,KRX_IDX_1001,KRW,INDEX
2007-02-05,11.279999732971191,1.4500000476837158,0.01679999940097332,KRX_IDX_1001,KRW,INDEX
2007-02-06,11.380000114440918,1.4600000381469727,0.016599999740719795,KRX_IDX_1001,KRW,INDEX
2007-02-07,11.359999656677246,1.4600000381469727,0.016699999570846558,KRX_IDX_1001,KRW,INDEX
2007-02-08,11.329999923706056,1.4500000476837158,0.0166999995708465,KRX_IDX_1001,KRW,INDEX
2007-02-09,11.369999885559082,1.4600000381469727,0.016599999740719795,KRX_IDX_1001,KRW,INDEX
2007-02-12,11.260000228881836,1.440000057220459,0.0167999994009733,KRX_IDX_1001,KRW,INDEX
2007-02-13,11.289999961853027,1.4500000476837158,0.0166999995708465,KRX_IDX_1001,KRW,INDEX
2007-02-14,11.420000076293944,1.4700000286102295,0.016499999910593,KRX_IDX_1001,KRW,INDEX
2007-02-15,11.470000267028809,1.4700000286102295,0.016499999910593033,KRX_IDX_1001,KRW,INDEX
2007-02-16,11.520000457763672,1.4800000190734863,0.0164000000804662,KRX_IDX_1001,KRW,INDEX
2007-02-20,11.550000190734863,1.4800000190734863,0.0163000002503395,KRX_IDX_1001,KRW,INDEX
2007-02-21,11.539999961853027,1.4800000190734863,0.0164000000804662,KRX_IDX_1001,KRW,INDEX
2007-02-22,11.65999984741211,1.5,0.016200000420212746,KRX_IDX_1001,KRW,INDEX
2007-02-23,11.6899995803833,1.5,0.0162000004202127,KRX_IDX_1001,KRW,INDEX
2007-02-26,11.720000267028809,1.5,0.0162000004202127,KRX_IDX_1001,KRW,INDEX
2007-02-27,11.600000381469728,1.4800000190734863,0.0163000002503395,KRX_IDX_1001,KRW,INDEX
2007-02-28,11.300000190734863,1.4500000476837158,0.0167999994009733,KRX_IDX_1001,KRW,INDEX
2007-03-02,11.279999732971191,1.440000057220459,0.01679999940097332,KRX_IDX_1001,KRW,INDEX
2007-03-05,10.979999542236328,1.399999976158142,0.0173000004142522,KRX_IDX_1001,KRW,INDEX
2007-03-06,11.1899995803833,1.4299999475479126,0.01690000109374523,KRX_IDX_1001,KRW,INDEX
2007-03-07,11.260000228881836,1.440000057220459,0.0167999994009733,KRX_IDX_1001,KRW,INDEX
2007-03-08,11.359999656677246,1.4500000476837158,0.0166999995708465,KRX_IDX_1001,KRW,INDEX
2007-03-09,11.359999656677246,1.4500000476837158,0.0166999995708465,KRX_IDX_1001,KRW,INDEX
2007-03-12,11.5,1.4700000286102295,0.016499999910593,KRX_IDX_1001,KRW,INDEX
2007-03-13,11.460000038146973,0.0,0.016499999910593033,KRX_IDX_1001,KRW,INDEX
2007-03-14,11.239999771118164,1.440000057220459,0.01690000109374523,KRX_IDX_1001,KRW,INDEX
2007-03-15,11.390000343322754,1.4600000381469727,0.016599999740719795,KRX_IDX_1001,KRW,INDEX
2007-03-16,11.399999618530272,1.4600000381469729,0.0165999997407197,KRX_IDX_1001,KRW,INDEX
2007-03-19,11.529999732971191,1.4700000286102295,0.016499999910593,KRX_IDX_1001,KRW,INDEX
2007-03-20,11.529999732971191,1.4700000286102295,0.01640000008046627,KRX_IDX_1001,KRW,INDEX
2007-03-21,11.529999732971191,1.4700000286102295,0.016499999910593,KRX_IDX_1001,KRW,INDEX
2007-03-22,11.569999694824219,1.4800000190734863,0.01640000008046627,KRX_IDX_1001,KRW,INDEX
2007-03-23,11.56999969482422,1.4800000190734863,0.0164000000804662,KRX_IDX_1001,KRW,INDEX
2007-03-26,11.59000015258789,1.4800000190734863,0.0164000000804662,KRX_IDX_1001,KRW,INDEX
2007-03-27,11.619999885559082,1.4900000095367432,0.0163000002503395,KRX_IDX_1001,KRW,INDEX
2007-03-28,11.510000228881836,1.4700000286102295,0.016499999910593033,KRX_IDX_1001,KRW,INDEX
2007-03-29,11.609999656677246,1.4800000190734863,0.01640000008046627,KRX_IDX_1001,KRW,INDEX
2007-03-30,11.619999885559082,1.4800000190734863,0.01640000008046627,KRX_IDX_1001,KRW,INDEX
2007-04-02,11.68000030517578,1.4900000095367432,0.0163000002503395,KRX_IDX_1001,KRW,INDEX
2007-04-03,11.710000038146973,1.5,0.016200000420212746,KRX_IDX_1001,KRW,INDEX
2007-04-04,11.869999885559082,1.5199999809265137,0.01600000075995922,KRX_IDX_1001,KRW,INDEX
2007-04-05,11.859999656677246,1.5199999809265137,0.0160000007599592,KRX_IDX_1001,KRW,INDEX
2007-04-06,11.880000114440918,1.5199999809265137,0.0160000007599592,KRX_IDX_1001,KRW,INDEX
2007-04-09,12.020000457763672,1.5399999618530273,0.015800001099705696,KRX_IDX_1001,KRW,INDEX
2007-04-10,12.0,1.5299999713897705,0.015800001099705696,KRX_IDX_1001,KRW,INDEX
2007-04-11,12.109999656677246,1.5499999523162842,0.0157000012695789,KRX_IDX_1001,KRW,INDEX
2007-04-12,12.210000038146973,1.559999942779541,0.01549999974668026,KRX_IDX_1001,KRW,INDEX
2007-04-13,12.18000030517578,1.559999942779541,0.015599999576807,KRX_IDX_1001,KRW,INDEX
2007-04-16,12.270000457763672,1.5700000524520874,0.01549999974668026,KRX_IDX_1001,KRW,INDEX
2007-04-17,12.239999771118164,1.559999942779541,0.01549999974668026,KRX_IDX_1001,KRW,INDEX
2007-04-18,12.289999961853027,1.5700000524520874,0.015399999916553497,KRX_IDX_1001,KRW,INDEX
2007-04-19,12.119999885559082,1.5499999523162842,0.015700001269578934,KRX_IDX_1001,KRW,INDEX
2007-04-20,12.270000457763672,1.5700000524520874,0.01549999974668026,KRX_IDX_1001,KRW,INDEX
2007-04-23,12.359999656677246,1.5800000429153442,0.015300000086426735,KRX_IDX_1001,KRW,INDEX
2007-04-24,12.470000267028809,1.590000033378601,0.015200000256299973,KRX_IDX_1001,KRW,INDEX
2007-04-25,12.329999923706056,1.5800000429153442,0.0153000000864267,KRX_IDX_1001,KRW,INDEX
2007-04-26,12.380000114440918,1.590000033378601,0.015300000086426735,KRX_IDX_1001,KRW,INDEX
2007-04-27,12.289999961853027,1.5800000429153442,0.015399999916553497,KRX_IDX_1001,KRW,INDEX
2007-04-30,13.210000038146973,1.4199999570846558,0.017799999564886093,KRX_IDX_1001,KRW,INDEX
2007-05-02,13.300000190734863,1.4299999475479126,0.01769999973475933,KRX_IDX_1001,KRW,INDEX
2007-05-03,13.359999656677246,1.440000057220459,0.01759999990463257,KRX_IDX_1001,KRW,INDEX
2007-05-04,13.430000305175781,1.4500000476837158,0.017500000074505806,KRX_IDX_1001,KRW,INDEX
2007-05-07,13.56999969482422,1.4600000381469729,0.0173000004142522,KRX_IDX_1001,KRW,INDEX
2007-05-08,13.5600004196167,1.4600000381469727,0.01730000041425228,KRX_IDX_1001,KRW,INDEX
2007-05-09,13.649999618530272,1.4700000286102295,0.0172000005841255,KRX_IDX_1001,KRW,INDEX
2007-05-10,13.699999809265137,1.4800000190734863,0.01720000058412552,KRX_IDX_1001,KRW,INDEX
2007-05-11,13.739999771118164,1.4800000190734863,0.017100000753998756,KRX_IDX_1001,KRW,INDEX
2007-05-14,13.75,1.4800000190734863,0.017100000753998756,KRX_IDX_1001,KRW,INDEX
2007-05-15,13.609999656677246,1.4700000286102295,0.01730000041425228,KRX_IDX_1001,KRW,INDEX
2007-05-16,13.710000038146973,1.4800000190734863,0.017100000753998756,KRX_IDX_1001,KRW,INDEX
2007-05-17,13.84000015258789,1.4900000095367432,0.017000000923871994,KRX_IDX_1001,KRW,INDEX
2007-05-18,13.8100004196167,1.4900000095367432,0.017000000923871994,KRX_IDX_1001,KRW,INDEX
2007-05-21,13.859999656677246,1.5,0.0169000010937452,KRX_IDX_1001,KRW,INDEX
2007-05-22,13.979999542236328,1.5099999904632568,0.016699999570846558,KRX_IDX_1001,KRW,INDEX
2007-05-23,14.020000457763672,1.5199999809265137,0.0166999995708465,KRX_IDX_1001,KRW,INDEX
2007-05-25,14.0,1.5199999809265137,0.016699999570846558,KRX_IDX_1001,KRW,INDEX
2007-05-28,14.109999656677246,1.5299999713897705,0.0165999997407197,KRX_IDX_1001,KRW,INDEX
2007-05-29,14.140000343322754,1.5299999713897705,0.016499999910593,KRX_IDX_1001,KRW,INDEX
2007-05-30,14.149999618530272,1.5299999713897705,0.016499999910593,KRX_IDX_1001,KRW,INDEX
2007-05-31,14.470000267028809,1.5700000524520874,0.0161000005900859,KRX_IDX_1001,KRW,INDEX
2007-06-01,14.609999656677246,1.5800000429153442,0.01600000075995922,KRX_IDX_1001,KRW,INDEX
2007-06-04,14.789999961853027,1.600000023841858,0.0158000010997056,KRX_IDX_1001,KRW,INDEX
2007-06-05,14.829999923706055,1.6100000143051147,0.015700001269578934,KRX_IDX_1001,KRW,INDEX
2007-06-07,14.920000076293944,1.6200000047683716,0.015599999576807,KRX_IDX_1001,KRW,INDEX
2007-06-08,14.710000038146973,1.590000033378601,0.01590000092983246,KRX_IDX_1001,KRW,INDEX
2007-06-11,14.609999656677246,1.5800000429153442,0.0160000007599592,KRX_IDX_1001,KRW,INDEX
2007-06-12,14.739999771118164,1.590000033378601,0.0159000009298324,KRX_IDX_1001,KRW,INDEX
2007-06-13,14.670000076293945,1.590000033378601,0.01590000092983246,KRX_IDX_1001,KRW,INDEX
2007-06-14,15.079999923706055,1.6299999952316284,0.01549999974668026,KRX_IDX_1001,KRW,INDEX
2007-06-15,15.100000381469728,1.6299999952316284,0.0154999997466802,KRX_IDX_1001,KRW,INDEX
2007-06-18,15.399999618530273,1.6699999570846558,0.015200000256299973,KRX_IDX_1001,KRW,INDEX
2007-06-19,15.40999984741211,1.6699999570846558,0.015200000256299973,KRX_IDX_1001,KRW,INDEX
2007-06-20,15.199999809265137,1.6399999856948853,0.015399999916553497,KRX_IDX_1001,KRW,INDEX
2007-06-21,15.289999961853027,1.649999976158142,0.0153000000864267,KRX_IDX_1001,KRW,INDEX
2007-06-22,15.09000015258789,1.6299999952316284,0.01549999974668026,KRX_IDX_1001,KRW,INDEX
2007-06-25,14.979999542236328,1.6200000047683716,0.015599999576807,KRX_IDX_1001,KRW,INDEX
2007-06-26,14.90999984741211,1.6100000143051147,0.0157000012695789,KRX_IDX_1001,KRW,INDEX
2007-06-27,14.770000457763672,1.600000023841858,0.0158000010997056,KRX_IDX_1001,KRW,INDEX
2007-06-28,14.970000267028809,1.6200000047683716,0.01549999974668026,KRX_IDX_1001,KRW,INDEX
2007-06-29,14.899999618530273,1.6100000143051147,0.015599999576807022,KRX_IDX_1001,KRW,INDEX
2007-07-02,15.149999618530272,1.6399999856948853,0.0153999999165534,KRX_IDX_1001,KRW,INDEX
2007-07-03,15.4399995803833,1.6699999570846558,0.015099999494850636,KRX_IDX_1001,KRW,INDEX
2007-07-04,15.720000267028809,1.7000000476837158,0.014800000004470348,KRX_IDX_1001,KRW,INDEX
2007-07-05,15.800000190734863,1.7100000381469729,0.0147000001743435,KRX_IDX_1001,KRW,INDEX
2007-07-06,15.920000076293945,1.7200000286102295,0.014600000344216824,KRX_IDX_1001,KRW,INDEX
2007-07-09,16.110000610351562,1.7400000095367432,0.0144000006839632,KRX_IDX_1001,KRW,INDEX
2007-07-10,16.200000762939453,1.75,0.0142999999225139,KRX_IDX_1001,KRW,INDEX
2007-07-11,16.15999984741211,1.75,0.014400000683963299,KRX_IDX_1001,KRW,INDEX
2007-07-12,16.329999923706055,1.7699999809265137,0.0141999991610646,KRX_IDX_1001,KRW,INDEX
2007-07-13,17.010000228881836,1.809999942779541,0.013799999840557575,KRX_IDX_1001,KRW,INDEX
2007-07-16,16.899999618530273,1.7999999523162842,0.013899999670684338,KRX_IDX_1001,KRW,INDEX
2007-07-18,16.739999771118164,1.7799999713897705,0.0139999995008111,KRX_IDX_1001,KRW,INDEX
2007-07-19,16.809999465942383,1.7899999618530273,0.013899999670684338,KRX_IDX_1001,KRW,INDEX
2007-07-20,17.200000762939453,1.8300000429153442,0.01360000018030405,KRX_IDX_1001,KRW,INDEX
2007-07-23,17.280000686645508,1.840000033378601,0.01360000018030405,KRX_IDX_1001,KRW,INDEX
2007-07-24,17.280000686645508,1.840000033378601,0.013600000180304,KRX_IDX_1001,KRW,INDEX
2007-07-25,17.479999542236328,1.850000023841858,0.0134000005200505,KRX_IDX_1001,KRW,INDEX
2007-07-26,17.149999618530273,1.8200000524520874,0.013500000350177288,KRX_IDX_1001,KRW,INDEX
2007-07-27,16.440000534057617,1.7400000095367432,0.0140999993309378,KRX_IDX_1001,KRW,INDEX
2007-07-30,16.639999389648438,1.7599999904632568,0.013899999670684338,KRX_IDX_1001,KRW,INDEX
2007-07-31,16.8799991607666,1.7899999618530273,0.013700000010430813,KRX_IDX_1001,KRW,INDEX
2007-08-01,16.219999313354492,1.7200000286102295,0.014299999922513962,KRX_IDX_1001,KRW,INDEX
2007-08-02,16.190000534057617,1.7200000286102295,0.014299999922513962,KRX_IDX_1001,KRW,INDEX
2007-08-03,16.40999984741211,1.7400000095367432,0.014099999330937862,KRX_IDX_1001,KRW,INDEX
2007-08-06,16.219999313354492,1.7200000286102295,0.014299999922513962,KRX_IDX_1001,KRW,INDEX
2007-08-07,16.270000457763672,1.7200000286102295,0.0142999999225139,KRX_IDX_1001,KRW,INDEX
2007-08-08,16.649999618530273,1.7599999904632568,0.013899999670684338,KRX_IDX_1001,KRW,INDEX
2007-08-09,16.700000762939453,1.7699999809265137,0.0138999996706843,KRX_IDX_1001,KRW,INDEX
2007-08-10,16.0,1.690000057220459,0.014500000514090061,KRX_IDX_1001,KRW,INDEX
2007-08-13,16.18000030517578,1.7100000381469729,0.0142999999225139,KRX_IDX_1001,KRW,INDEX
2007-08-14,15.920000076293945,1.690000057220459,0.014600000344216824,KRX_IDX_1001,KRW,INDEX
2007-08-16,14.81999969482422,1.5700000524520874,0.0157000012695789,KRX_IDX_1001,KRW,INDEX
2007-08-17,14.329999923706056,1.5199999809265137,0.0162000004202127,KRX_IDX_1001,KRW,INDEX
2007-08-20,15.140000343322754,1.600000023841858,0.0153000000864267,KRX_IDX_1001,KRW,INDEX
2007-08-21,15.18000030517578,1.6100000143051147,0.0153000000864267,KRX_IDX_1001,KRW,INDEX
2007-08-22,15.390000343322754,1.6299999952316284,0.015099999494850636,KRX_IDX_1001,KRW,INDEX
2007-08-23,15.739999771118164,1.6699999570846558,0.0147000001743435,KRX_IDX_1001,KRW,INDEX
2007-08-24,15.65999984741211,1.659999966621399,0.014700000174343586,KRX_IDX_1001,KRW,INDEX
2007-08-27,15.760000228881836,1.6699999570846558,0.0146000003442168,KRX_IDX_1001,KRW,INDEX
2007-08-28,15.989999771118164,1.690000057220459,0.0144000006839632,KRX_IDX_1001,KRW,INDEX
2007-08-29,15.970000267028809,1.690000057220459,0.01450000051409,KRX_IDX_1001,KRW,INDEX
2007-08-30,16.110000610351562,1.7100000381469727,0.014299999922513962,KRX_IDX_1001,KRW,INDEX
2007-08-31,16.350000381469727,1.7300000190734863,0.014099999330937862,KRX_IDX_1001,KRW,INDEX
2007-09-03,16.389999389648438,1.7400000095367432,0.0139999995008111,KRX_IDX_1001,KRW,INDEX
2007-09-04,16.34000015258789,1.7300000190734863,0.0140999993309378,KRX_IDX_1001,KRW,INDEX
2007-09-05,16.25,1.7200000286102295,0.0140999993309378,KRX_IDX_1001,KRW,INDEX
2007-09-06,16.440000534057617,1.7400000095367432,0.013899999670684338,KRX_IDX_1001,KRW,INDEX
2007-09-07,16.40999984741211,1.7400000095367432,0.0139999995008111,KRX_IDX_1001,KRW,INDEX
2007-09-10,15.970000267028809,1.690000057220459,0.014400000683963299,KRX_IDX_1001,KRW,INDEX
2007-09-11,16.079999923706055,1.7000000476837158,0.014299999922513962,KRX_IDX_1001,KRW,INDEX
2007-09-12,15.779999732971191,1.6699999570846558,0.01450000051409,KRX_IDX_1001,KRW,INDEX
2007-09-13,16.06999969482422,1.7000000476837158,0.014299999922513962,KRX_IDX_1001,KRW,INDEX
2007-09-14,16.270000457763672,1.7200000286102295,0.014099999330937862,KRX_IDX_1001,KRW,INDEX
2007-09-17,16.290000915527344,1.7200000286102295,0.014099999330937862,KRX_IDX_1001,KRW,INDEX
2007-09-18,16.010000228881836,1.690000057220459,0.014299999922513962,KRX_IDX_1001,KRW,INDEX
2007-09-19,16.56999969482422,1.75,0.013899999670684338,KRX_IDX_1001,KRW,INDEX
2007-09-20,16.6299991607666,1.7599999904632568,0.0137999998405575,KRX_IDX_1001,KRW,INDEX
2007-09-21,16.719999313354492,1.7699999809265137,0.013700000010430813,KRX_IDX_1001,KRW,INDEX
2007-09-27,16.969999313354492,1.7999999523162842,0.0135000003501772,KRX_IDX_1001,KRW,INDEX
2007-09-28,16.989999771118164,1.7999999523162842,0.013500000350177288,KRX_IDX_1001,KRW,INDEX
2007-10-01,17.139999389648438,1.809999942779541,0.0134000005200505,KRX_IDX_1001,KRW,INDEX
2007-10-02,17.59000015258789,1.8600000143051147,0.012999999336898327,KRX_IDX_1001,KRW,INDEX
2007-10-04,17.489999771118164,1.850000023841858,0.01309999916702509,KRX_IDX_1001,KRW,INDEX
2007-10-05,17.440000534057617,1.850000023841858,0.013200000859797001,KRX_IDX_1001,KRW,INDEX
2007-10-08,17.59000015258789,1.8600000143051147,0.012999999336898327,KRX_IDX_1001,KRW,INDEX
2007-10-09,17.600000381469727,1.8600000143051147,0.012999999336898327,KRX_IDX_1001,KRW,INDEX
2007-10-10,18.110000610351562,1.8899999856948853,0.012899999506771564,KRX_IDX_1001,KRW,INDEX
2007-10-11,18.270000457763672,1.899999976158142,0.0127999996766448,KRX_IDX_1001,KRW,INDEX
2007-10-12,17.979999542236328,1.8700000047683716,0.012999999336898327,KRX_IDX_1001,KRW,INDEX
2007-10-15,18.059999465942383,1.8799999952316284,0.0129999993368983,KRX_IDX_1001,KRW,INDEX
2007-10-16,17.790000915527344,1.850000023841858,0.013200000859797,KRX_IDX_1001,KRW,INDEX
2007-10-17,17.579999923706055,1.830000042915344,0.0133000006899237,KRX_IDX_1001,KRW,INDEX
2007-10-18,17.729999542236328,1.850000023841858,0.013200000859797,KRX_IDX_1001,KRW,INDEX
2007-10-19,17.43000030517578,1.820000052452088,0.0134000005200505,KRX_IDX_1001,KRW,INDEX
2007-10-22,16.84000015258789,1.7599999904632568,0.013899999670684338,KRX_IDX_1001,KRW,INDEX
2007-10-23,17.239999771118164,1.7999999523162842,0.01360000018030405,KRX_IDX_1001,KRW,INDEX
2007-10-24,17.1200008392334,1.7899999618530273,0.013700000010430813,KRX_IDX_1001,KRW,INDEX
2007-10-25,17.489999771118164,1.8200000524520874,0.013400000520050526,KRX_IDX_1001,KRW,INDEX
2007-10-26,17.920000076293945,1.8700000047683716,0.012999999336898327,KRX_IDX_1001,KRW,INDEX
2007-10-29,18.21999931335449,1.899999976158142,0.0127999996766448,KRX_IDX_1001,KRW,INDEX
2007-10-30,18.110000610351562,1.8899999856948853,0.012899999506771564,KRX_IDX_1001,KRW,INDEX
2007-10-31,18.219999313354492,1.899999976158142,0.012799999676644802,KRX_IDX_1001,KRW,INDEX
2007-11-01,18.209999084472656,1.899999976158142,0.012799999676644802,KRX_IDX_1001,KRW,INDEX
2007-11-02,17.809999465942383,1.8600000143051147,0.013099999167025,KRX_IDX_1001,KRW,INDEX
2007-11-05,17.790000915527344,1.8600000143051147,0.01309999916702509,KRX_IDX_1001,KRW,INDEX
2007-11-06,18.1299991607666,1.8899999856948853,0.0128999995067715,KRX_IDX_1001,KRW,INDEX
2007-11-07,18.020000457763672,1.8799999952316284,0.012899999506771564,KRX_IDX_1001,KRW,INDEX
2007-11-08,17.489999771118164,1.8200000524520874,0.013300000689923763,KRX_IDX_1001,KRW,INDEX
2007-11-09,17.59000015258789,1.8300000429153442,0.013300000689923763,KRX_IDX_1001,KRW,INDEX
2007-11-12,17.010000228881836,1.7699999809265137,0.013700000010430813,KRX_IDX_1001,KRW,INDEX
2007-11-13,17.100000381469727,1.7799999713897705,0.013700000010430813,KRX_IDX_1001,KRW,INDEX
2007-11-14,17.459999084472656,1.8200000524520876,0.0134000005200505,KRX_IDX_1001,KRW,INDEX
2007-11-15,17.290000915527344,1.7999999523162842,0.0135000003501772,KRX_IDX_1001,KRW,INDEX
2007-11-16,17.110000610351562,1.7799999713897705,0.0137000000104308,KRX_IDX_1001,KRW,INDEX
2007-11-19,16.799999237060547,1.75,0.0138999996706843,KRX_IDX_1001,KRW,INDEX
2007-11-20,16.600000381469727,1.7300000190734863,0.014099999330937862,KRX_IDX_1001,KRW,INDEX
2007-11-21,15.979999542236328,1.6699999570846558,0.014600000344216824,KRX_IDX_1001,KRW,INDEX
2007-11-22,15.920000076293945,1.659999966621399,0.014600000344216824,KRX_IDX_1001,KRW,INDEX
2007-11-23,15.710000038146973,1.6299999952316284,0.014800000004470348,KRX_IDX_1001,KRW,INDEX
2007-11-26,16.440000534057617,1.7100000381469727,0.014199999161064625,KRX_IDX_1001,KRW,INDEX
2007-11-27,16.469999313354492,1.7100000381469729,0.0140999993309378,KRX_IDX_1001,KRW,INDEX
2007-11-28,16.260000228881836,1.690000057220459,0.0142999999225139,KRX_IDX_1001,KRW,INDEX
2007-11-29,16.649999618530273,1.7300000190734863,0.0139999995008111,KRX_IDX_1001,KRW,INDEX
2007-11-30,16.889999389648438,1.7599999904632568,0.0137999998405575,KRX_IDX_1001,KRW,INDEX
2007-12-03,16.8700008392334,1.7599999904632568,0.0137999998405575,KRX_IDX_1001,KRW,INDEX
2007-12-04,17.010000228881836,1.7699999809265137,0.013700000010430813,KRX_IDX_1001,KRW,INDEX
2007-12-05,17.190000534057617,1.7899999618530273,0.01360000018030405,KRX_IDX_1001,KRW,INDEX
2007-12-06,17.34000015258789,1.7999999523162842,0.013500000350177288,KRX_IDX_1001,KRW,INDEX
2007-12-07,17.18000030517578,1.7899999618530271,0.013600000180304,KRX_IDX_1001,KRW,INDEX
2007-12-10,16.93000030517578,1.7599999904632568,0.0137999998405575,KRX_IDX_1001,KRW,INDEX
2007-12-11,17.09000015258789,1.7799999713897705,0.0137000000104308,KRX_IDX_1001,KRW,INDEX
2007-12-12,17.110000610351562,1.7799999713897705,0.01360000018030405,KRX_IDX_1001,KRW,INDEX
2007-12-13,17.0,1.7699999809265137,0.013700000010430813,KRX_IDX_1001,KRW,INDEX
2007-12-14,16.889999389648438,1.75,0.013899999670684338,KRX_IDX_1001,KRW,INDEX
2007-12-17,16.34000015258789,1.7000000476837158,0.0142999999225139,KRX_IDX_1001,KRW,INDEX
2007-12-18,16.540000915527344,1.7200000286102295,0.014199999161064625,KRX_IDX_1001,KRW,INDEX
2007-12-20,16.3799991607666,1.7000000476837158,0.0142999999225139,KRX_IDX_1001,KRW,INDEX
2007-12-21,16.68000030517578,1.7400000095367432,0.0139999995008111,KRX_IDX_1001,KRW,INDEX
2007-12-24,17.040000915527344,1.7699999809265137,0.013700000010430813,KRX_IDX_1001,KRW,INDEX
2007-12-26,16.940000534057617,1.7599999904632568,0.013799999840557575,KRX_IDX_1001,KRW,INDEX
2007-12-27,16.940000534057617,1.7599999904632568,0.0137999998405575,KRX_IDX_1001,KRW,INDEX
2007-12-28,16.84000015258789,1.75,0.013899999670684338,KRX_IDX_1001,KRW,INDEX
2008-01-02,16.420000076293945,1.7100000381469727,0.014199999161064625,KRX_IDX_1001,KRW,INDEX
2008-01-03,16.440000534057617,1.7100000381469729,0.0141999991610646,KRX_IDX_1001,KRW,INDEX
2008-01-04,16.549999237060547,1.7200000286102295,0.0140999993309378,KRX_IDX_1001,KRW,INDEX
2008-01-07,16.260000228881836,1.690000057220459,0.014400000683963299,KRX_IDX_1001,KRW,INDEX
2008-01-08,16.200000762939453,1.690000057220459,0.014400000683963299,KRX_IDX_1001,KRW,INDEX
2008-01-09,16.360000610351562,1.7000000476837158,0.0142999999225139,KRX_IDX_1001,KRW,INDEX
2008-01-10,16.190000534057617,1.690000057220459,0.014400000683963299,KRX_IDX_1001,KRW,INDEX
2008-01-11,15.81999969482422,1.649999976158142,0.0148000000044703,KRX_IDX_1001,KRW,INDEX
2008-01-14,15.670000076293944,1.6299999952316284,0.0148999998345971,KRX_IDX_1001,KRW,INDEX
2008-01-15,15.510000228881836,1.6100000143051147,0.0150999994948506,KRX_IDX_1001,KRW,INDEX
2008-01-16,15.149999618530273,1.5800000429153442,0.01549999974668026,KRX_IDX_1001,KRW,INDEX
2008-01-17,15.329999923706055,1.600000023841858,0.015300000086426735,KRX_IDX_1001,KRW,INDEX
2008-01-18,15.430000305175781,1.6100000143051147,0.015200000256299973,KRX_IDX_1001,KRW,INDEX
2008-01-21,14.989999771118164,1.559999942779541,0.015599999576807022,KRX_IDX_1001,KRW,INDEX
2008-01-22,14.350000381469728,1.4900000095367432,0.0164000000804662,KRX_IDX_1001,KRW,INDEX
2008-01-23,14.510000228881836,1.5099999904632568,0.0162000004202127,KRX_IDX_1001,KRW,INDEX
2008-01-24,14.8100004196167,1.5399999618530271,0.0158000010997056,KRX_IDX_1001,KRW,INDEX
2008-01-25,15.06999969482422,1.5700000524520874,0.015599999576807,KRX_IDX_1001,KRW,INDEX
2008-01-28,14.5,1.5099999904632568,0.016200000420212746,KRX_IDX_1001,KRW,INDEX
2008-01-29,14.600000381469728,1.5199999809265137,0.0161000005900859,KRX_IDX_1001,KRW,INDEX
2008-01-30,14.180000305175781,1.4800000190734863,0.016599999740719795,KRX_IDX_1001,KRW,INDEX
2008-01-31,14.479999542236328,1.5099999904632568,0.016200000420212746,KRX_IDX_1001,KRW,INDEX
2008-02-01,14.569999694824219,1.5199999809265137,0.016100000590085983,KRX_IDX_1001,KRW,INDEX
2008-02-04,15.050000190734863,1.5700000524520874,0.015599999576807,KRX_IDX_1001,KRW,INDEX
2008-02-05,15.119999885559082,1.5700000524520874,0.01549999974668026,KRX_IDX_1001,KRW,INDEX
2008-02-11,14.630000114440918,1.5199999809265137,0.016100000590085983,KRX_IDX_1001,KRW,INDEX
2008-02-12,14.65999984741211,1.5299999713897705,0.01600000075995922,KRX_IDX_1001,KRW,INDEX
2008-02-13,14.550000190734863,1.5099999904632568,0.0161000005900859,KRX_IDX_1001,KRW,INDEX
2008-02-14,15.130000114440918,1.5700000524520874,0.01549999974668026,KRX_IDX_1001,KRW,INDEX
2008-02-15,15.100000381469727,1.5700000524520874,0.01549999974668026,KRX_IDX_1001,KRW,INDEX
2008-02-18,15.119999885559082,1.5700000524520874,0.0154999997466802,KRX_IDX_1001,KRW,INDEX
2008-02-19,15.31999969482422,1.590000033378601,0.0153000000864267,KRX_IDX_1001,KRW,INDEX
2008-02-20,15.029999732971191,1.559999942779541,0.015599999576807022,KRX_IDX_1001,KRW,INDEX
2008-02-21,15.180000305175781,1.5800000429153442,0.01549999974668026,KRX_IDX_1001,KRW,INDEX
2008-02-22,15.020000457763672,1.559999942779541,0.015599999576807,KRX_IDX_1001,KRW,INDEX
2008-02-25,15.229999542236328,1.5800000429153442,0.015399999916553497,KRX_IDX_1001,KRW,INDEX
2008-02-26,15.220000267028809,1.5800000429153442,0.015399999916553497,KRX_IDX_1001,KRW,INDEX
2008-02-27,15.319999694824219,1.590000033378601,0.015300000086426735,KRX_IDX_1001,KRW,INDEX
2008-02-28,15.4399995803833,1.6100000143051147,0.015200000256299973,KRX_IDX_1001,KRW,INDEX
2008-02-29,15.229999542236328,1.5800000429153442,0.015399999916553497,KRX_IDX_1001,KRW,INDEX
2008-03-03,14.869999885559082,1.5499999523162842,0.0157000012695789,KRX_IDX_1001,KRW,INDEX
2008-03-04,14.920000076293944,1.5499999523162842,0.0157000012695789,KRX_IDX_1001,KRW,INDEX
2008-03-05,14.93000030517578,1.5499999523162842,0.0157000012695789,KRX_IDX_1001,KRW,INDEX
2008-03-06,15.119999885559082,1.5700000524520874,0.0154999997466802,KRX_IDX_1001,KRW,INDEX
2008-03-07,15.06999969482422,1.5399999618530271,0.0158000010997056,KRX_IDX_1001,KRW,INDEX
2008-03-10,14.479999542236328,1.5099999904632568,0.0162000004202127,KRX_IDX_1001,KRW,INDEX
2008-03-11,14.619999885559082,1.5199999809265137,0.01600000075995922,KRX_IDX_1001,KRW,INDEX
2008-03-12,14.779999732971191,1.5399999618530273,0.01590000092983246,KRX_IDX_1001,KRW,INDEX
2008-03-13,14.420000076293945,1.5,0.016300000250339508,KRX_IDX_1001,KRW,INDEX
2008-03-14,14.279999732971191,1.4900000095367432,0.016499999910593,KRX_IDX_1001,KRW,INDEX
2008-03-17,14.050000190734863,1.4600000381469727,0.016699999570846558,KRX_IDX_1001,KRW,INDEX
2008-03-18,14.170000076293945,1.4800000190734863,0.016599999740719795,KRX_IDX_1001,KRW,INDEX
2008-03-19,14.539999961853027,1.5099999904632568,0.016200000420212746,KRX_IDX_1001,KRW,INDEX
2008-03-20,14.550000190734863,1.5099999904632568,0.0162000004202127,KRX_IDX_1001,KRW,INDEX
2008-03-21,14.760000228881836,1.5299999713897705,0.0160000007599592,KRX_IDX_1001,KRW,INDEX
2008-03-24,14.84000015258789,1.5399999618530271,0.0159000009298324,KRX_IDX_1001,KRW,INDEX
2008-03-25,15.029999732971191,1.559999942779541,0.015700001269578934,KRX_IDX_1001,KRW,INDEX
2008-03-26,15.06999969482422,1.559999942779541,0.0157000012695789,KRX_IDX_1001,KRW,INDEX
2008-03-27,15.039999961853027,1.559999942779541,0.015700001269578934,KRX_IDX_1001,KRW,INDEX
2008-03-28,15.279999732971191,1.5800000429153442,0.01549999974668026,KRX_IDX_1001,KRW,INDEX
2008-03-31,15.390000343322754,1.590000033378601,0.0153999999165534,KRX_IDX_1001,KRW,INDEX
2008-04-01,15.390000343322754,1.590000033378601,0.0153999999165534,KRX_IDX_1001,KRW,INDEX
2008-04-02,15.760000228881836,1.6200000047683716,0.0149999996647238,KRX_IDX_1001,KRW,INDEX
2008-04-03,15.949999809265137,1.6399999856948853,0.0148000000044703,KRX_IDX_1001,KRW,INDEX
2008-04-04,15.970000267028809,1.649999976158142,0.014800000004470348,KRX_IDX_1001,KRW,INDEX
2008-04-07,16.030000686645508,1.649999976158142,0.014800000004470348,KRX_IDX_1001,KRW,INDEX
2008-04-08,15.859999656677246,1.6299999952316284,0.0148999998345971,KRX_IDX_1001,KRW,INDEX
2008-04-10,15.949999809265137,1.6399999856948853,0.014800000004470348,KRX_IDX_1001,KRW,INDEX
2008-04-11,16.09000015258789,1.659999966621399,0.014700000174343586,KRX_IDX_1001,KRW,INDEX
2008-04-14,15.779999732971191,1.6299999952316284,0.014999999664723873,KRX_IDX_1001,KRW,INDEX
2008-04-15,15.739999771118164,1.6200000047683716,0.014999999664723873,KRX_IDX_1001,KRW,INDEX
2008-04-16,15.880000114440918,1.6399999856948853,0.01489999983459711,KRX_IDX_1001,KRW,INDEX
2008-04-17,15.960000038146973,1.649999976158142,0.0148000000044703,KRX_IDX_1001,KRW,INDEX
2008-04-18,15.989999771118164,1.649999976158142,0.0148000000044703,KRX_IDX_1001,KRW,INDEX
2008-04-21,16.25,1.6799999475479126,0.0146000003442168,KRX_IDX_1001,KRW,INDEX
2008-04-22,16.09000015258789,1.659999966621399,0.0147000001743435,KRX_IDX_1001,KRW,INDEX
2008-04-23,16.209999084472656,1.6699999570846558,0.014600000344216824,KRX_IDX_1001,KRW,INDEX
2008-04-24,16.200000762939453,1.6699999570846558,0.014600000344216824,KRX_IDX_1001,KRW,INDEX
2008-04-25,16.43000030517578,1.7000000476837158,0.014400000683963299,KRX_IDX_1001,KRW,INDEX
2008-04-28,16.420000076293945,1.7000000476837158,0.0144000006839632,KRX_IDX_1001,KRW,INDEX
2008-04-29,16.329999923706055,1.6799999475479126,0.01450000051409,KRX_IDX_1001,KRW,INDEX
2008-04-30,14.470000267028809,1.5199999809265137,0.0166999995708465,KRX_IDX_1001,KRW,INDEX
2008-05-02,14.649999618530272,1.5399999618530271,0.016499999910593,KRX_IDX_1001,KRW,INDEX
2008-05-06,14.739999771118164,1.5499999523162842,0.0164000000804662,KRX_IDX_1001,KRW,INDEX
2008-05-07,14.710000038146973,1.5499999523162842,0.01640000008046627,KRX_IDX_1001,KRW,INDEX
2008-05-08,14.6899995803833,1.5399999618530273,0.016499999910593033,KRX_IDX_1001,KRW,INDEX
2008-05-09,14.5,1.5199999809265137,0.016699999570846558,KRX_IDX_1001,KRW,INDEX
2008-05-13,14.65999984741211,1.5399999618530273,0.016499999910593033,KRX_IDX_1001,KRW,INDEX
2008-05-14,14.670000076293945,1.5399999618530273,0.016499999910593033,KRX_IDX_1001,KRW,INDEX
2008-05-15,15.010000228881836,1.5700000524520874,0.0161000005900859,KRX_IDX_1001,KRW,INDEX
2008-05-16,15.029999732971191,1.5800000429153442,0.0161000005900859,KRX_IDX_1001,KRW,INDEX
2008-05-19,14.989999771118164,1.5700000524520874,0.0161000005900859,KRX_IDX_1001,KRW,INDEX
2008-05-20,14.920000076293944,1.559999942779541,0.0162000004202127,KRX_IDX_1001,KRW,INDEX
2008-05-21,14.670000076293945,1.5399999618530273,0.016499999910593033,KRX_IDX_1001,KRW,INDEX
2008-05-22,14.579999923706056,1.5299999713897705,0.0165999997407197,KRX_IDX_1001,KRW,INDEX
2008-05-23,14.520000457763672,1.5199999809265137,0.016599999740719795,KRX_IDX_1001,KRW,INDEX
2008-05-26,14.289999961853027,1.5,0.01690000109374523,KRX_IDX_1001,KRW,INDEX
2008-05-27,14.479999542236328,1.5199999809265137,0.016699999570846558,KRX_IDX_1001,KRW,INDEX
2008-05-28,14.319999694824219,1.5,0.01679999940097332,KRX_IDX_1001,KRW,INDEX
2008-05-29,14.600000381469727,1.5299999713897705,0.016499999910593033,KRX_IDX_1001,KRW,INDEX
2008-05-30,14.6899995803833,1.5399999618530273,0.01640000008046627,KRX_IDX_1001,KRW,INDEX
2008-06-02,14.65999984741211,1.5399999618530273,0.016499999910593033,KRX_IDX_1001,KRW,INDEX
2008-06-03,14.4399995803833,1.5099999904632568,0.016699999570846558,KRX_IDX_1001,KRW,INDEX
2008-06-04,14.5600004196167,1.5299999713897705,0.0165999997407197,KRX_IDX_1001,KRW,INDEX
2008-06-05,14.550000190734863,1.5299999713897705,0.016599999740719795,KRX_IDX_1001,KRW,INDEX
2008-06-09,14.380000114440918,1.5099999904632568,0.0167999994009733,KRX_IDX_1001,KRW,INDEX
2008-06-10,14.630000114440918,1.4800000190734863,0.017100000753998756,KRX_IDX_1001,KRW,INDEX
2008-06-11,14.1899995803833,1.4900000095367432,0.0170000009238719,KRX_IDX_1001,KRW,INDEX
2008-06-12,13.84000015258789,1.4500000476837158,0.017400000244379,KRX_IDX_1001,KRW,INDEX
2008-06-13,13.90999984741211,1.4600000381469729,0.017400000244379,KRX_IDX_1001,KRW,INDEX
2008-06-16,14.020000457763672,1.4700000286102295,0.0172000005841255,KRX_IDX_1001,KRW,INDEX
2008-06-17,13.9399995803833,1.4600000381469727,0.01730000041425228,KRX_IDX_1001,KRW,INDEX
2008-06-18,14.130000114440918,1.4800000190734863,0.017100000753998756,KRX_IDX_1001,KRW,INDEX
2008-06-19,13.850000381469728,1.4500000476837158,0.017400000244379,KRX_IDX_1001,KRW,INDEX
2008-06-20,13.779999732971191,1.440000057220459,0.0175000000745058,KRX_IDX_1001,KRW,INDEX
2008-06-23,13.649999618530273,1.4299999475479126,0.01769999973475933,KRX_IDX_1001,KRW,INDEX
2008-06-24,13.619999885559082,1.4299999475479126,0.01769999973475933,KRX_IDX_1001,KRW,INDEX
2008-06-25,13.68000030517578,1.4299999475479126,0.0176999997347593,KRX_IDX_1001,KRW,INDEX
2008-06-26,13.680000305175781,1.4299999475479126,0.01769999973475933,KRX_IDX_1001,KRW,INDEX
2008-06-27,13.390000343322754,1.399999976158142,0.0179999992251396,KRX_IDX_1001,KRW,INDEX
2008-06-30,13.3100004196167,1.399999976158142,0.0180999990552663,KRX_IDX_1001,KRW,INDEX
2008-07-01,13.210000038146973,1.3899999856948853,0.0182000007480382,KRX_IDX_1001,KRW,INDEX
2008-07-02,12.869999885559082,1.350000023841858,0.018699999898672104,KRX_IDX_1001,KRW,INDEX
2008-07-03,12.739999771118164,1.340000033378601,0.0188999995589256,KRX_IDX_1001,KRW,INDEX
2008-07-04,12.510000228881836,1.3200000524520874,0.019199999049305916,KRX_IDX_1001,KRW,INDEX
2008-07-07,12.520000457763672,1.3200000524520874,0.019199999049305916,KRX_IDX_1001,KRW,INDEX
2008-07-08,12.15999984741211,1.2799999713897705,0.0197999998927116,KRX_IDX_1001,KRW,INDEX
2008-07-09,12.050000190734863,1.2699999809265137,0.0199999995529651,KRX_IDX_1001,KRW,INDEX
2008-07-10,12.1899995803833,1.2799999713897705,0.019700000062584877,KRX_IDX_1001,KRW,INDEX
2008-07-11,12.430000305175781,1.309999942779541,0.01940000057220459,KRX_IDX_1001,KRW,INDEX
2008-07-14,12.359999656677246,1.2999999523162842,0.0195000004023313,KRX_IDX_1001,KRW,INDEX
2008-07-15,11.970000267028809,1.2599999904632568,0.020099999383091927,KRX_IDX_1001,KRW,INDEX
2008-07-16,11.949999809265137,1.2599999904632568,0.020099999383091927,KRX_IDX_1001,KRW,INDEX
2008-07-17,12.09000015258789,1.2699999809265137,0.0198999997228384,KRX_IDX_1001,KRW,INDEX
2008-07-18,11.970000267028809,1.2599999904632568,0.020099999383091927,KRX_IDX_1001,KRW,INDEX
2008-07-21,12.399999618530273,1.2999999523162842,0.01940000057220459,KRX_IDX_1001,KRW,INDEX
2008-07-22,12.380000114440918,1.2999999523162842,0.0194000005722045,KRX_IDX_1001,KRW,INDEX
2008-07-23,12.630000114440918,1.3300000429153442,0.0190999992191791,KRX_IDX_1001,KRW,INDEX
2008-07-24,12.90999984741211,1.3600000143051147,0.018699999898672104,KRX_IDX_1001,KRW,INDEX
2008-07-25,12.680000305175781,1.3300000429153442,0.01899999938905239,KRX_IDX_1001,KRW,INDEX
2008-07-28,12.68000030517578,1.3300000429153442,0.0189999993890523,KRX_IDX_1001,KRW,INDEX
2008-07-29,12.430000305175781,1.309999942779541,0.01940000057220459,KRX_IDX_1001,KRW,INDEX
2008-07-30,12.5,1.309999942779541,0.0191999990493059,KRX_IDX_1001,KRW,INDEX
2008-07-31,12.670000076293945,1.3300000429153442,0.01899999938905239,KRX_IDX_1001,KRW,INDEX
2008-08-01,12.210000038146973,1.2999999523162842,0.0197999998927116,KRX_IDX_1001,KRW,INDEX
2008-08-04,11.979999542236328,1.2799999713897705,0.02019999921321869,KRX_IDX_1001,KRW,INDEX
2008-08-05,11.930000305175781,1.2699999809265137,0.02029999904334545,KRX_IDX_1001,KRW,INDEX
2008-08-06,12.260000228881836,1.309999942779541,0.0197000000625848,KRX_IDX_1001,KRW,INDEX
2008-08-07,12.149999618530272,1.2899999618530271,0.0198999997228384,KRX_IDX_1001,KRW,INDEX
2008-08-08,12.18000030517578,1.2999999523162842,0.0198999997228384,KRX_IDX_1001,KRW,INDEX
2008-08-11,12.279999732971191,1.309999942779541,0.0197000000625848,KRX_IDX_1001,KRW,INDEX
2008-08-12,12.25,1.309999942779541,0.0197999998927116,KRX_IDX_1001,KRW,INDEX
2008-08-13,12.140000343322754,1.2899999618530271,0.0199999995529651,KRX_IDX_1001,KRW,INDEX
2008-08-14,12.210000038146973,1.2999999523162842,0.01979999989271164,KRX_IDX_1001,KRW,INDEX
2008-08-18,12.180000305175781,1.2999999523162842,0.019899999722838402,KRX_IDX_1001,KRW,INDEX
2008-08-19,11.970000267028809,1.2799999713897705,0.0201999992132186,KRX_IDX_1001,KRW,INDEX
2008-08-20,11.960000038146973,1.2799999713897705,0.0201999992132186,KRX_IDX_1001,KRW,INDEX
2008-08-21,11.75,1.25,0.02059999853372574,KRX_IDX_1001,KRW,INDEX
2008-08-22,11.619999885559082,1.2400000095367432,0.0208000000566244,KRX_IDX_1001,KRW,INDEX
2008-08-25,11.670000076293944,1.2400000095367432,0.0208000000566244,KRX_IDX_1001,KRW,INDEX
2008-08-26,11.579999923706055,1.2300000190734863,0.020899999886751175,KRX_IDX_1001,KRW,INDEX
2008-08-27,11.609999656677246,1.2400000095367432,0.020899999886751175,KRX_IDX_1001,KRW,INDEX
2008-08-28,11.449999809265137,1.2200000286102295,0.021199999377131462,KRX_IDX_1001,KRW,INDEX
2008-08-29,11.460000038146973,1.2200000286102295,0.021199999377131462,KRX_IDX_1001,KRW,INDEX
2008-09-01,11.0,1.1699999570846558,0.022099999710917473,KRX_IDX_1001,KRW,INDEX
2008-09-02,10.949999809265137,1.1699999570846558,0.022199999541044235,KRX_IDX_1001,KRW,INDEX
2008-09-03,11.100000381469728,1.1799999475479126,0.0219000000506639,KRX_IDX_1001,KRW,INDEX
2008-09-04,11.09000015258789,1.1799999475479126,0.021900000050663948,KRX_IDX_1001,KRW,INDEX
2008-09-05,10.920000076293944,1.159999966621399,0.0221999995410442,KRX_IDX_1001,KRW,INDEX
2008-09-08,11.479999542236328,1.2200000286102295,0.0210999995470047,KRX_IDX_1001,KRW,INDEX
2008-09-09,11.3100004196167,1.2000000476837158,0.0215000007301569,KRX_IDX_1001,KRW,INDEX
2008-09-10,11.390000343322754,1.2100000381469727,0.021300001069903374,KRX_IDX_1001,KRW,INDEX
2008-09-11,11.220000267028809,1.2000000476837158,0.02160000056028366,KRX_IDX_1001,KRW,INDEX
2008-09-12,11.479999542236328,1.2200000286102295,0.0210999995470047,KRX_IDX_1001,KRW,INDEX
2008-09-16,10.779999732971191,1.149999976158142,0.02250000089406967,KRX_IDX_1001,KRW,INDEX
2008-09-17,11.069999694824219,1.1799999475479126,0.021900000050663948,KRX_IDX_1001,KRW,INDEX
2008-09-18,10.819999694824219,1.149999976158142,0.02239999920129776,KRX_IDX_1001,KRW,INDEX
2008-09-19,11.3100004196167,1.2000000476837158,0.021400000900030136,KRX_IDX_1001,KRW,INDEX
2008-09-22,11.34000015258789,1.2100000381469729,0.0214000009000301,KRX_IDX_1001,KRW,INDEX
2008-09-23,11.5,1.2300000190734863,0.0210999995470047,KRX_IDX_1001,KRW,INDEX
2008-09-24,11.619999885559082,1.2400000095367432,0.020899999886751175,KRX_IDX_1001,KRW,INDEX
2008-09-25,11.65999984741211,1.2400000095367432,0.0208000000566244,KRX_IDX_1001,KRW,INDEX
2008-09-26,11.460000038146973,1.2200000286102295,0.0210999995470047,KRX_IDX_1001,KRW,INDEX
2008-09-29,11.3100004196167,1.2000000476837158,0.0214000009000301,KRX_IDX_1001,KRW,INDEX
2008-09-30,11.25,1.2000000476837158,0.0215000007301569,KRX_IDX_1001,KRW,INDEX
2008-10-01,11.18000030517578,1.190000057220459,0.0217000003904104,KRX_IDX_1001,KRW,INDEX
2008-10-02,11.029999732971191,1.1799999475479126,0.0219999998807907,KRX_IDX_1001,KRW,INDEX
2008-10-06,10.550000190734863,1.1299999952316284,0.023000000044703484,KRX_IDX_1001,KRW,INDEX
2008-10-07,10.619999885559082,1.1299999952316284,0.0228000003844499,KRX_IDX_1001,KRW,INDEX
2008-10-08,10.010000228881836,1.0700000524520874,0.0241999998688697,KRX_IDX_1001,KRW,INDEX
2008-10-09,10.079999923706056,1.0800000429153442,0.024100000038743,KRX_IDX_1001,KRW,INDEX
2008-10-10,9.8100004196167,1.0299999713897705,0.0238000005483627,KRX_IDX_1001,KRW,INDEX
2008-10-13,10.170000076293945,1.0700000524520874,0.02290000021457672,KRX_IDX_1001,KRW,INDEX
2008-10-14,10.800000190734863,1.1299999952316284,0.02160000056028366,KRX_IDX_1001,KRW,INDEX
2008-10-15,10.579999923706055,1.1100000143051147,0.022099999710917473,KRX_IDX_1001,KRW,INDEX
2008-10-16,9.579999923706056,1.0099999904632568,0.0244000013917684,KRX_IDX_1001,KRW,INDEX
2008-10-17,9.350000381469728,0.9800000190734864,0.025000000372529,KRX_IDX_1001,KRW,INDEX
2008-10-20,9.56999969482422,1.0,0.0245000012218952,KRX_IDX_1001,KRW,INDEX
2008-10-21,9.470000267028809,0.9900000095367432,0.0247000008821487,KRX_IDX_1001,KRW,INDEX
2008-10-22,8.979999542236328,0.9399999976158142,0.026099998503923416,KRX_IDX_1001,KRW,INDEX
2008-10-23,8.300000190734863,0.8700000047683716,0.028199998661875725,KRX_IDX_1001,KRW,INDEX
2008-10-24,7.400000095367432,0.7799999713897705,0.0315000005066394,KRX_IDX_1001,KRW,INDEX
2008-10-27,7.460000038146973,0.7799999713897705,0.0313000008463859,KRX_IDX_1001,KRW,INDEX
2008-10-28,7.900000095367432,0.8299999833106995,0.0296000000089406,KRX_IDX_1001,KRW,INDEX
2008-10-29,7.679999828338623,0.8100000023841858,0.0305000003427267,KRX_IDX_1001,KRW,INDEX
2008-10-30,8.600000381469727,0.8999999761581421,0.027300000190734863,KRX_IDX_1001,KRW,INDEX
2008-10-31,8.84000015258789,0.9300000071525574,0.026600001379847527,KRX_IDX_1001,KRW,INDEX
2008-11-03,8.989999771118164,0.9399999976158142,0.0261999983340501,KRX_IDX_1001,KRW,INDEX
2008-11-04,9.170000076293945,0.9599999785423279,0.025599999353289604,KRX_IDX_1001,KRW,INDEX
2008-11-05,9.399999618530273,0.9800000190734863,0.02500000037252903,KRX_IDX_1001,KRW,INDEX
2008-11-06,8.699999809265137,0.9100000262260437,0.02710000053048134,KRX_IDX_1001,KRW,INDEX
2008-11-07,9.039999961853027,0.949999988079071,0.026099998503923416,KRX_IDX_1001,KRW,INDEX
2008-11-10,9.180000305175781,0.9599999785423279,0.025699999183416367,KRX_IDX_1001,KRW,INDEX
2008-11-11,8.989999771118164,0.9399999976158142,0.0261999983340501,KRX_IDX_1001,KRW,INDEX
2008-11-12,8.949999809265137,0.9399999976158142,0.02630000188946724,KRX_IDX_1001,KRW,INDEX
2008-11-13,8.680000305175781,0.9100000262260437,0.0272000003606081,KRX_IDX_1001,KRW,INDEX
2008-11-14,8.65999984741211,0.9100000262260437,0.0272000003606081,KRX_IDX_1001,KRW,INDEX
2008-11-17,8.579999923706055,0.8999999761581421,0.027400000020861626,KRX_IDX_1001,KRW,INDEX
2008-11-18,8.25,0.8600000143051147,0.028499998152256012,KRX_IDX_1001,KRW,INDEX
2008-11-19,8.100000381469727,0.8500000238418579,0.029100000858306885,KRX_IDX_1001,KRW,INDEX
2008-11-20,7.570000171661377,0.7900000214576721,0.031199999153614044,KRX_IDX_1001,KRW,INDEX
2008-11-21,8.010000228881836,0.8399999737739563,0.029500000178813934,KRX_IDX_1001,KRW,INDEX
2008-11-24,7.75,0.8100000023841858,0.030500000342726707,KRX_IDX_1001,KRW,INDEX
2008-11-25,7.840000152587891,0.8199999928474426,0.0300999991595745,KRX_IDX_1001,KRW,INDEX
2008-11-26,8.199999809265137,0.8600000143051147,0.028699999675154686,KRX_IDX_1001,KRW,INDEX
2008-11-27,8.460000038146973,0.8799999952316284,0.027799999341368675,KRX_IDX_1001,KRW,INDEX
2008-11-28,8.569999694824219,0.8999999761581421,0.0271000005304813,KRX_IDX_1001,KRW,INDEX
2008-12-01,8.5,0.8899999856948853,0.0274000000208616,KRX_IDX_1001,KRW,INDEX
2008-12-02,8.210000038146973,0.8600000143051147,0.028299998492002487,KRX_IDX_1001,KRW,INDEX
2008-12-03,8.1899995803833,0.8600000143051147,0.0282999984920024,KRX_IDX_1001,KRW,INDEX
2008-12-04,8.0600004196167,0.8500000238418579,0.0288000013679265,KRX_IDX_1001,KRW,INDEX
2008-12-05,8.229999542236328,0.8600000143051147,0.0281999986618757,KRX_IDX_1001,KRW,INDEX
2008-12-08,8.84000015258789,0.9300000071525574,0.0261999983340501,KRX_IDX_1001,KRW,INDEX
2008-12-09,8.850000381469727,0.9300000071525574,0.02619999833405018,KRX_IDX_1001,KRW,INDEX
2008-12-10,9.15999984741211,0.9599999785423279,0.025299999862909317,KRX_IDX_1001,KRW,INDEX
2008-12-11,9.220000267028809,0.9700000286102295,0.025100000202655792,KRX_IDX_1001,KRW,INDEX
2008-12-12,8.84000015258789,0.9300000071525574,0.0263000018894672,KRX_IDX_1001,KRW,INDEX
2008-12-15,9.270000457763672,0.9700000286102295,0.02500000037252903,KRX_IDX_1001,KRW,INDEX
2008-12-16,9.300000190734863,0.9800000190734864,0.0249000005424022,KRX_IDX_1001,KRW,INDEX
2008-12-17,9.350000381469727,0.9800000190734863,0.024800000712275505,KRX_IDX_1001,KRW,INDEX
2008-12-18,9.399999618530273,0.9900000095367432,0.02460000105202198,KRX_IDX_1001,KRW,INDEX
2008-12-19,9.4399995803833,0.9900000095367432,0.0245000012218952,KRX_IDX_1001,KRW,INDEX
2008-12-22,9.430000305175781,0.9900000095367432,0.02460000105202198,KRX_IDX_1001,KRW,INDEX
2008-12-23,9.149999618530272,0.959999978542328,0.0252999998629093,KRX_IDX_1001,KRW,INDEX
2008-12-24,9.039999961853027,0.949999988079071,0.0256999991834163,KRX_IDX_1001,KRW,INDEX
2008-12-26,8.9399995803833,0.9399999976158142,0.0258999988436698,KRX_IDX_1001,KRW,INDEX
2008-12-29,8.930000305175781,0.9399999976158142,0.0259999986737966,KRX_IDX_1001,KRW,INDEX
2008-12-30,8.989999771118164,0.9399999976158142,0.0257999990135431,KRX_IDX_1001,KRW,INDEX
2009-01-02,9.25,0.9700000286102295,0.025100000202655792,KRX_IDX_1001,KRW,INDEX
2009-01-05,9.350000381469728,0.9800000190734864,0.0247000008821487,KRX_IDX_1001,KRW,INDEX
2009-01-06,9.520000457763672,1.0,0.024300001561641693,KRX_IDX_1001,KRW,INDEX
2009-01-07,9.8100004196167,1.0299999713897705,0.023599999025464,KRX_IDX_1001,KRW,INDEX
2009-01-08,9.640000343322754,1.0099999904632568,0.02410000003874302,KRX_IDX_1001,KRW,INDEX
2009-01-09,9.420000076293944,0.9900000095367432,0.0246000010520219,KRX_IDX_1001,KRW,INDEX
2009-01-12,9.23,0.97,0.0251,KRX_IDX_1001,KRW,INDEX
2009-01-13,9.3100004196167,0.9800000190734864,0.0249000005424022,KRX_IDX_1001,KRW,INDEX
2009-01-14,9.420000076293945,0.9900000095367432,0.02460000105202198,KRX_IDX_1001,KRW,INDEX
2009-01-15,8.86,0.93,0.026099999,KRX_IDX_1001,KRW,INDEX
2009-01-16,9.05,0.95,0.0256,KRX_IDX_1001,KRW,INDEX
2009-01-19,9.18000030517578,0.959999978542328,0.0252999998629093,KRX_IDX_1001,KRW,INDEX
2009-01-20,9.0,0.949999988079071,0.02579999901354313,KRX_IDX_1001,KRW,INDEX
2009-01-21,8.819999694824219,0.9300000071525574,0.02630000188946724,KRX_IDX_1001,KRW,INDEX
2009-01-22,8.91,0.94,0.025999999,KRX_IDX_1001,KRW,INDEX
2009-01-23,8.73,0.92,0.026600001,KRX_IDX_1001,KRW,INDEX
2009-01-28,9.24,0.97,0.0251,KRX_IDX_1001,KRW,INDEX
2009-01-29,9.3,0.98,0.0249,KRX_IDX_1001,KRW,INDEX
2009-01-30,9.260000228881836,0.9700000286102296,0.025000000372529,KRX_IDX_1001,KRW,INDEX
2009-02-02,9.149999618530273,0.9599999785423279,0.025299999862909317,KRX_IDX_1001,KRW,INDEX
2009-02-03,9.279999732971191,0.9700000286102295,0.02500000037252903,KRX_IDX_1001,KRW,INDEX
2009-02-04,9.539999961853027,1.0,0.024300001561641693,KRX_IDX_1001,KRW,INDEX
2009-02-05,9.399999618530273,0.9900000095367432,0.02460000105202198,KRX_IDX_1001,KRW,INDEX
2009-02-06,9.65999984741211,1.0099999904632568,0.024000000208616257,KRX_IDX_1001,KRW,INDEX
2009-02-09,9.600000381469727,1.0099999904632568,0.02410000003874302,KRX_IDX_1001,KRW,INDEX
2009-02-10,9.56,1.0,0.0242,KRX_IDX_1001,KRW,INDEX
2009-02-11,9.5,1.0,0.024400001,KRX_IDX_1001,KRW,INDEX
2009-02-12,9.43,0.99,0.024600001,KRX_IDX_1001,KRW,INDEX
2009-02-13,9.53,1.0,0.024400001,KRX_IDX_1001,KRW,INDEX
2009-02-16,9.390000343322754,0.9900000095367432,0.0247000008821487,KRX_IDX_1001,KRW,INDEX
2009-02-17,8.989999771118164,0.949999988079071,0.02579999901354313,KRX_IDX_1001,KRW,INDEX
2009-02-18,8.890000343322754,0.9300000071525574,0.026099998503923416,KRX_IDX_1001,KRW,INDEX
2009-02-19,8.84000015258789,0.9300000071525574,0.0263000018894672,KRX_IDX_1001,KRW,INDEX
2009-02-20,8.510000228881836,0.8999999761581421,0.027300000190734863,KRX_IDX_1001,KRW,INDEX
2009-02-23,8.779999732971191,0.9200000166893004,0.026400001719594,KRX_IDX_1001,KRW,INDEX
2009-02-24,8.489999771118164,0.8899999856948853,0.027300000190734863,KRX_IDX_1001,KRW,INDEX
2009-02-25,8.510000228881836,0.8999999761581421,0.0272000003606081,KRX_IDX_1001,KRW,INDEX
2009-02-26,8.41,0.88,0.0275,KRX_IDX_1001,KRW,INDEX
2009-02-27,8.470000267028809,0.8899999856948853,0.0273000001907348,KRX_IDX_1001,KRW,INDEX
2009-03-02,8.119999885559082,0.8500000238418579,0.028499998152256012,KRX_IDX_1001,KRW,INDEX
2009-03-03,8.17,0.86,0.028299998,KRX_IDX_1001,KRW,INDEX
2009-03-04,8.4399995803833,0.8899999856948853,0.0274000000208616,KRX_IDX_1001,KRW,INDEX
2009-03-05,8.4399995803833,0.8899999856948853,0.027499999850988388,KRX_IDX_1001,KRW,INDEX
2009-03-06,8.42,0.89,0.0275,KRX_IDX_1001,KRW,INDEX
2009-03-09,8.55,0.9,0.0271,KRX_IDX_1001,KRW,INDEX
2009-03-10,8.7,0.92,0.026600001,KRX_IDX_1001,KRW,INDEX
2009-03-11,8.979999542236328,0.9399999976158142,0.0257999990135431,KRX_IDX_1001,KRW,INDEX
2009-03-12,8.979999542236328,0.9399999976158142,0.025699999183416367,KRX_IDX_1001,KRW,INDEX
2009-03-13,8.970000267028809,0.9399999976158142,0.0257999990135431,KRX_IDX_1001,KRW,INDEX
2009-03-16,8.960000038146973,0.9399999976158142,0.02579999901354313,KRX_IDX_1001,KRW,INDEX
2009-03-17,9.25,0.9700000286102295,0.02500000037252903,KRX_IDX_1001,KRW,INDEX
2009-03-18,9.31,0.98,0.0248,KRX_IDX_1001,KRW,INDEX
2009-03-19,9.25,0.9700000286102296,0.025000000372529,KRX_IDX_1001,KRW,INDEX
2009-03-20,8.75,0.9800000190734863,0.025999998673796654,KRX_IDX_1001,KRW,INDEX
2009-03-23,8.960000038146973,1.0,0.02539999969303608,KRX_IDX_1001,KRW,INDEX
2009-03-24,9.119999885559082,1.0199999809265137,0.02500000037252903,KRX_IDX_1001,KRW,INDEX
2009-03-25,9.170000076293944,1.0299999713897705,0.0248000007122755,KRX_IDX_1001,KRW,INDEX
2009-03-26,9.279999732971191,1.0399999618530273,0.02460000105202198,KRX_IDX_1001,KRW,INDEX
2009-03-27,9.229999542236328,1.0299999713897705,0.0247000008821487,KRX_IDX_1001,KRW,INDEX
2009-03-30,8.9399995803833,1.0,0.02539999969303608,KRX_IDX_1001,KRW,INDEX
2009-03-31,9.010000228881836,1.0099999904632568,0.025200000032782555,KRX_IDX_1001,KRW,INDEX
2009-04-01,9.199999809265137,1.0299999713897705,0.024700000882148743,KRX_IDX_1001,KRW,INDEX
2009-04-02,9.529999732971191,1.0700000524520874,0.023900000378489494,KRX_IDX_1001,KRW,INDEX
2009-04-03,9.569999694824219,1.0700000524520874,0.02369999885559082,KRX_IDX_1001,KRW,INDEX
2009-04-06,9.680000305175781,1.090000033378601,0.023499999195337296,KRX_IDX_1001,KRW,INDEX
2009-04-07,9.6899995803833,1.090000033378601,0.0234999991953372,KRX_IDX_1001,KRW,INDEX
2009-04-08,9.399999618530273,1.059999942779541,0.024300001561641693,KRX_IDX_1001,KRW,INDEX
2009-04-09,9.800000190734863,1.100000023841858,0.02329999953508377,KRX_IDX_1001,KRW,INDEX
2009-04-10,9.960000038146973,1.1200000047683716,0.02290000021457672,KRX_IDX_1001,KRW,INDEX
2009-04-13,9.960000038146973,1.1200000047683716,0.02290000021457672,KRX_IDX_1001,KRW,INDEX
2009-04-14,9.989999771118164,1.1200000047683716,0.0229000002145767,KRX_IDX_1001,KRW,INDEX
2009-04-15,9.930000305175781,1.1200000047683716,0.023000000044703484,KRX_IDX_1001,KRW,INDEX
2009-04-16,9.960000038146973,1.1200000047683716,0.0229000002145767,KRX_IDX_1001,KRW,INDEX
2009-04-17,9.90999984741211,1.1100000143051147,0.023000000044703484,KRX_IDX_1001,KRW,INDEX
2009-04-20,10.0,1.1200000047683716,0.02280000038444996,KRX_IDX_1001,KRW,INDEX
2009-04-21,10.0,1.12,0.0228,KRX_IDX_1001,KRW,INDEX
2009-04-22,10.140000343322754,1.1399999856948853,0.0225000008940696,KRX_IDX_1001,KRW,INDEX
2009-04-23,10.239999771118164,1.149999976158142,0.022299999371170998,KRX_IDX_1001,KRW,INDEX
2009-04-24,10.11,1.14,0.0226,KRX_IDX_1001,KRW,INDEX
2009-04-27,10.0,1.1299999952316284,0.0228000003844499,KRX_IDX_1001,KRW,INDEX
2009-04-28,9.710000038146973,1.090000033378601,0.023499999195337296,KRX_IDX_1001,KRW,INDEX
2009-04-29,10.6899995803833,1.1200000047683716,0.0229000002145767,KRX_IDX_1001,KRW,INDEX
2009-04-30,10.930000305175781,1.149999976158142,0.022299999371170998,KRX_IDX_1001,KRW,INDEX
2009-05-04,11.130000114440918,1.1699999570846558,0.01640000008046627,KRX_IDX_1001,KRW,INDEX
2009-05-06,17.989999771118164,1.100000023841858,0.016200000420212746,KRX_IDX_1001,KRW,INDEX
2009-05-07,18.079999923706055,1.1100000143051147,0.016100000590085983,KRX_IDX_1001,KRW,INDEX
2009-05-08,18.229999542236328,1.1200000047683716,0.0160000007599592,KRX_IDX_1001,KRW,INDEX
2009-05-11,18.270000457763672,1.1200000047683716,0.0171000007539987,KRX_IDX_1001,KRW,INDEX
2009-05-12,18.139999389648438,1.1100000143051147,0.014600000344216824,KRX_IDX_1001,KRW,INDEX
2009-05-13,18.36000061035156,1.1200000047683716,0.01450000051409,KRX_IDX_1001,KRW,INDEX
2009-05-14,17.93000030517578,1.090000033378601,0.01489999983459711,KRX_IDX_1001,KRW,INDEX
2009-05-15,18.06999969482422,1.100000023841858,0.014800000004470348,KRX_IDX_1001,KRW,INDEX
2009-05-18,17.959999084472656,1.100000023841858,0.01489999983459711,KRX_IDX_1001,KRW,INDEX
2009-05-19,18.489999771118164,1.1299999952316284,0.0144000006839632,KRX_IDX_1001,KRW,INDEX
2009-05-20,18.6299991607666,1.1399999856948853,0.0144000006839632,KRX_IDX_1001,KRW,INDEX
2009-05-21,18.440000534057617,1.1299999952316284,0.014500000514090061,KRX_IDX_1001,KRW,INDEX
2009-05-22,18.190000534057617,1.1100000143051147,0.0147000001743435,KRX_IDX_1001,KRW,INDEX
2009-05-25,18.149999618530273,1.1100000143051147,0.014700000174343586,KRX_IDX_1001,KRW,INDEX
2009-05-26,17.799999237060547,1.090000033378601,0.014999999664723873,KRX_IDX_1001,KRW,INDEX
2009-05-27,17.709999084472656,1.0800000429153442,0.0150999994948506,KRX_IDX_1001,KRW,INDEX
2009-05-28,18.100000381469727,1.100000023841858,0.0148000000044703,KRX_IDX_1001,KRW,INDEX
2009-05-29,18.540000915527344,1.1100000143051147,0.014700000174343586,KRX_IDX_1001,KRW,INDEX
2009-06-01,18.780000686645508,1.1200000047683716,0.014500000514090061,KRX_IDX_1001,KRW,INDEX
2009-06-02,18.670000076293945,1.1200000047683716,0.014600000344216824,KRX_IDX_1001,KRW,INDEX
2009-06-03,18.709999084472656,1.1200000047683716,0.01450000051409,KRX_IDX_1001,KRW,INDEX
2009-06-04,18.229999542236328,1.090000033378601,0.0148999998345971,KRX_IDX_1001,KRW,INDEX
2009-06-05,18.450000762939453,1.1100000143051147,0.014700000174343586,KRX_IDX_1001,KRW,INDEX
2009-06-08,18.450000762939453,1.1100000143051147,0.014700000174343586,KRX_IDX_1001,KRW,INDEX
2009-06-09,18.170000076293945,1.090000033378601,0.0149999996647238,KRX_IDX_1001,KRW,INDEX
2009-06-10,18.729999542236328,1.1200000047683716,0.014500000514090061,KRX_IDX_1001,KRW,INDEX
2009-06-11,18.780000686645508,1.1299999952316284,0.014500000514090061,KRX_IDX_1001,KRW,INDEX
2009-06-12,18.90999984741211,1.1299999952316284,0.0144000006839632,KRX_IDX_1001,KRW,INDEX
2009-06-15,18.709999084472656,1.1200000047683716,0.014500000514090061,KRX_IDX_1001,KRW,INDEX
2009-06-16,18.530000686645508,1.1100000143051147,0.0147000001743435,KRX_IDX_1001,KRW,INDEX
2009-06-17,18.440000534057617,1.100000023841858,0.0148000000044703,KRX_IDX_1001,KRW,INDEX
2009-06-18,18.25,1.090000033378601,0.0148999998345971,KRX_IDX_1001,KRW,INDEX
2009-06-19,18.34000015258789,1.100000023841858,0.0148000000044703,KRX_IDX_1001,KRW,INDEX
2009-06-22,18.540000915527344,1.1100000143051147,0.0147000001743435,KRX_IDX_1001,KRW,INDEX
2009-06-23,18.010000228881836,1.0800000429153442,0.0152000002562999,KRX_IDX_1001,KRW,INDEX
2009-06-24,18.049999237060547,1.0800000429153442,0.015200000256299973,KRX_IDX_1001,KRW,INDEX
2009-06-25,18.43000030517578,1.1100000143051147,0.014800000004470348,KRX_IDX_1001,KRW,INDEX
2009-06-26,18.450000762939453,1.1100000143051147,0.014800000004470348,KRX_IDX_1001,KRW,INDEX
2009-06-29,18.3700008392334,1.100000023841858,0.0148999998345971,KRX_IDX_1001,KRW,INDEX
2009-06-30,18.38999938964844,1.100000023841858,0.0148999998345971,KRX_IDX_1001,KRW,INDEX
2009-07-01,18.65999984741211,1.1200000047683716,0.0146000003442168,KRX_IDX_1001,KRW,INDEX
2009-07-02,18.65999984741211,1.1200000047683716,0.014600000344216824,KRX_IDX_1001,KRW,INDEX
2009-07-03,18.780000686645508,1.1299999952316284,0.0146000003442168,KRX_IDX_1001,KRW,INDEX
2009-07-06,18.920000076293945,1.1299999952316284,0.014500000514090061,KRX_IDX_1001,KRW,INDEX
2009-07-07,19.0,1.1399999856948853,0.0144000006839632,KRX_IDX_1001,KRW,INDEX
2009-07-08,18.959999084472656,1.1399999856948853,0.0144000006839632,KRX_IDX_1001,KRW,INDEX
2009-07-09,18.940000534057617,1.1299999952316284,0.014400000683963299,KRX_IDX_1001,KRW,INDEX
2009-07-10,18.899999618530273,1.1299999952316284,0.014500000514090061,KRX_IDX_1001,KRW,INDEX
2009-07-13,18.239999771118164,1.090000033378601,0.014999999664723873,KRX_IDX_1001,KRW,INDEX
2009-07-14,18.34000015258789,1.100000023841858,0.0148999998345971,KRX_IDX_1001,KRW,INDEX
2009-07-15,18.790000915527344,1.1299999952316284,0.0146000003442168,KRX_IDX_1001,KRW,INDEX
2009-07-16,18.86000061035156,1.1299999952316284,0.0144000006839632,KRX_IDX_1001,KRW,INDEX
2009-07-17,18.959999084472656,1.1399999856948853,0.014400000683963299,KRX_IDX_1001,KRW,INDEX
2009-07-20,19.450000762939453,1.1699999570846558,0.0139999995008111,KRX_IDX_1001,KRW,INDEX
2009-07-21,19.59000015258789,1.1799999475479126,0.013899999670684338,KRX_IDX_1001,KRW,INDEX
2009-07-22,19.65999984741211,1.1799999475479126,0.013899999670684338,KRX_IDX_1001,KRW,INDEX
2009-07-23,19.700000762939453,1.190000057220459,0.0137999998405575,KRX_IDX_1001,KRW,INDEX
2009-07-24,19.790000915527344,1.190000057220459,0.013799999840557575,KRX_IDX_1001,KRW,INDEX
2009-07-27,20.059999465942383,1.2100000381469729,0.013600000180304,KRX_IDX_1001,KRW,INDEX
2009-07-28,20.06999969482422,1.2100000381469729,0.013600000180304,KRX_IDX_1001,KRW,INDEX
2009-07-29,20.040000915527344,1.2100000381469729,0.013600000180304,KRX_IDX_1001,KRW,INDEX
2009-07-30,20.170000076293945,1.2100000381469729,0.0135000003501772,KRX_IDX_1001,KRW,INDEX
2009-07-31,20.549999237060547,1.2300000190734863,0.013300000689923763,KRX_IDX_1001,KRW,INDEX
2009-08-03,21.670000076293945,1.2400000095367432,0.01269999984651804,KRX_IDX_1001,KRW,INDEX
2009-08-04,21.690000534057617,1.2400000095367432,0.012699999846518,KRX_IDX_1001,KRW,INDEX
2009-08-05,21.600000381469727,1.2300000190734863,0.0127999996766448,KRX_IDX_1001,KRW,INDEX
2009-08-06,21.71999931335449,1.2400000095367432,0.012699999846518,KRX_IDX_1001,KRW,INDEX
2009-08-07,21.86000061035156,1.25,0.0126000000163912,KRX_IDX_1001,KRW,INDEX
2009-08-10,21.86000061035156,1.25,0.0126000000163912,KRX_IDX_1001,KRW,INDEX
2009-08-11,21.940000534057617,1.25,0.012600000016391277,KRX_IDX_1001,KRW,INDEX
2009-08-12,21.76000022888184,1.2400000095367432,0.012699999846518,KRX_IDX_1001,KRW,INDEX
2009-08-13,21.76000022888184,1.2400000095367432,0.012699999846518,KRX_IDX_1001,KRW,INDEX
2009-08-14,22.1299991607666,1.2599999904632568,0.012500000186264515,KRX_IDX_1001,KRW,INDEX
2009-08-17,21.479999542236328,1.2200000286102295,0.0128999995067715,KRX_IDX_1001,KRW,INDEX
2009-08-18,21.530000686645508,1.2300000190734863,0.012799999676644802,KRX_IDX_1001,KRW,INDEX
2009-08-19,21.479999542236328,1.2200000286102295,0.012899999506771564,KRX_IDX_1001,KRW,INDEX
2009-08-20,21.88999938964844,1.25,0.0126000000163912,KRX_IDX_1001,KRW,INDEX
2009-08-21,21.950000762939453,1.25,0.0126000000163912,KRX_IDX_1001,KRW,INDEX
2009-08-24,22.309999465942383,1.2699999809265137,0.012400000356137753,KRX_IDX_1001,KRW,INDEX
2009-08-25,22.190000534057617,1.2699999809265137,0.0124000003561377,KRX_IDX_1001,KRW,INDEX
2009-08-26,22.36000061035156,1.2799999713897705,0.0123000005260109,KRX_IDX_1001,KRW,INDEX
2009-08-27,22.15999984741211,1.2699999809265137,0.012500000186264515,KRX_IDX_1001,KRW,INDEX
2009-08-28,22.290000915527344,1.2699999809265137,0.0124000003561377,KRX_IDX_1001,KRW,INDEX
2009-08-31,22.07999992370605,1.2599999904632568,0.0125000001862645,KRX_IDX_1001,KRW,INDEX
2009-09-01,22.51000022888184,1.2899999618530271,0.0123000005260109,KRX_IDX_1001,KRW,INDEX
2009-09-02,22.3799991607666,1.2799999713897705,0.0123000005260109,KRX_IDX_1001,KRW,INDEX
2009-09-03,22.36000061035156,1.2799999713897705,0.0123000005260109,KRX_IDX_1001,KRW,INDEX
2009-09-04,22.280000686645508,1.2699999809265137,0.012400000356137753,KRX_IDX_1001,KRW,INDEX
2009-09-07,22.290000915527344,1.2699999809265137,0.012400000356137753,KRX_IDX_1001,KRW,INDEX
2009-09-08,22.450000762939453,1.2799999713897705,0.0123000005260109,KRX_IDX_1001,KRW,INDEX
2009-09-09,22.280000686645508,1.2699999809265137,0.0124000003561377,KRX_IDX_1001,KRW,INDEX
2009-09-10,22.780000686645508,1.2999999523162842,0.0120999999344348,KRX_IDX_1001,KRW,INDEX
2009-09-11,22.860000610351562,1.2999999523162842,0.01209999993443489,KRX_IDX_1001,KRW,INDEX
2009-09-14,22.6299991607666,1.2899999618530273,0.012200000695884228,KRX_IDX_1001,KRW,INDEX
2009-09-15,22.8799991607666,1.309999942779541,0.01209999993443489,KRX_IDX_1001,KRW,INDEX
2009-09-16,23.290000915527344,1.3300000429153442,0.011799999512732,KRX_IDX_1001,KRW,INDEX
2009-09-17,23.459999084472656,1.340000033378601,0.011799999512732,KRX_IDX_1001,KRW,INDEX
2009-09-18,23.530000686645508,1.340000033378601,0.0116999996826052,KRX_IDX_1001,KRW,INDEX
2009-09-21,23.46999931335449,1.340000033378601,0.011799999512732,KRX_IDX_1001,KRW,INDEX
2009-09-22,23.809999465942383,1.3600000143051147,0.011599999852478504,KRX_IDX_1001,KRW,INDEX
2009-09-23,23.71999931335449,1.350000023841858,0.0115999998524785,KRX_IDX_1001,KRW,INDEX
2009-09-24,23.479999542236328,1.340000033378601,0.011799999512732,KRX_IDX_1001,KRW,INDEX
2009-09-25,23.40999984741211,1.340000033378601,0.011799999512732,KRX_IDX_1001,KRW,INDEX
2009-09-28,23.190000534057617,1.3200000524520874,0.0119000002741813,KRX_IDX_1001,KRW,INDEX
2009-09-29,23.3799991607666,1.340000033378601,0.011799999512732,KRX_IDX_1001,KRW,INDEX
2009-09-30,23.1299991607666,1.3200000524520874,0.011900000274181366,KRX_IDX_1001,KRW,INDEX
2009-10-01,22.71999931335449,1.2999999523162842,0.0120999999344348,KRX_IDX_1001,KRW,INDEX
2009-10-05,22.200000762939453,1.2699999809265137,0.0124000003561377,KRX_IDX_1001,KRW,INDEX
2009-10-06,22.09000015258789,1.2599999904632568,0.0125000001862645,KRX_IDX_1001,KRW,INDEX
2009-10-07,22.059999465942383,1.2599999904632568,0.0125000001862645,KRX_IDX_1001,KRW,INDEX
2009-10-08,22.299999237060547,1.2699999809265137,0.01230000052601099,KRX_IDX_1001,KRW,INDEX
2009-10-09,22.760000228881836,1.2999999523162842,0.01209999993443489,KRX_IDX_1001,KRW,INDEX
2009-10-12,22.670000076293945,1.2999999523162842,0.01209999993443489,KRX_IDX_1001,KRW,INDEX
2009-10-13,22.520000457763672,1.2899999618530271,0.0122000006958842,KRX_IDX_1001,KRW,INDEX
2009-10-14,22.799999237060547,1.2999999523162842,0.0120999999344348,KRX_IDX_1001,KRW,INDEX
2009-10-15,22.940000534057617,1.309999942779541,0.0120000001043081,KRX_IDX_1001,KRW,INDEX
2009-10-16,22.670000076293945,1.2999999523162842,0.01209999993443489,KRX_IDX_1001,KRW,INDEX
2009-10-19,22.790000915527344,1.2999999523162842,0.0120999999344348,KRX_IDX_1001,KRW,INDEX
2009-10-20,22.8700008392334,1.309999942779541,0.0120000001043081,KRX_IDX_1001,KRW,INDEX
2009-10-21,22.799999237060547,1.309999942779541,0.0120000001043081,KRX_IDX_1001,KRW,INDEX
2009-10-22,22.479999542236328,1.2899999618530271,0.0122000006958842,KRX_IDX_1001,KRW,INDEX
2009-10-23,22.61000061035156,1.2999999523162842,0.0120999999344348,KRX_IDX_1001,KRW,INDEX
2009-10-26,22.850000381469727,1.309999942779541,0.0120000001043081,KRX_IDX_1001,KRW,INDEX
2009-10-27,22.739999771118164,1.2999999523162842,0.01209999993443489,KRX_IDX_1001,KRW,INDEX
2009-10-28,22.190000534057617,1.2699999809265137,0.0124000003561377,KRX_IDX_1001,KRW,INDEX
2009-10-29,21.8700008392334,1.25,0.0125000001862645,KRX_IDX_1001,KRW,INDEX
2009-10-30,21.799999237060547,1.25,0.0126000000163912,KRX_IDX_1001,KRW,INDEX
2009-11-02,21.5,1.2300000190734863,0.0127999996766448,KRX_IDX_1001,KRW,INDEX
2009-11-03,21.420000076293945,1.2300000190734863,0.0127999996766448,KRX_IDX_1001,KRW,INDEX
2009-11-04,21.84000015258789,1.25,0.0126000000163912,KRX_IDX_1001,KRW,INDEX
2009-11-05,21.450000762939453,1.2300000190734863,0.0127999996766448,KRX_IDX_1001,KRW,INDEX
2009-11-06,21.729999542236328,1.2400000095367432,0.012600000016391277,KRX_IDX_1001,KRW,INDEX
2009-11-09,21.790000915527344,1.25,0.012600000016391277,KRX_IDX_1001,KRW,INDEX
2009-11-10,21.860000610351562,1.25,0.012600000016391277,KRX_IDX_1001,KRW,INDEX
2009-11-11,22.040000915527344,1.2599999904632568,0.0124000003561377,KRX_IDX_1001,KRW,INDEX
2009-11-12,21.700000762939453,1.2400000095367432,0.0126000000163912,KRX_IDX_1001,KRW,INDEX
2009-11-13,21.670000076293945,1.2400000095367432,0.0126000000163912,KRX_IDX_1001,KRW,INDEX
2009-11-16,21.959999084472656,1.2599999904632568,0.0125000001862645,KRX_IDX_1001,KRW,INDEX
2009-11-17,21.88999938964844,1.25,0.0125000001862645,KRX_IDX_1001,KRW,INDEX
2009-11-18,22.13999938964844,1.2699999809265137,0.0124000003561377,KRX_IDX_1001,KRW,INDEX
2009-11-19,22.36000061035156,1.2799999713897705,0.0123000005260109,KRX_IDX_1001,KRW,INDEX
2009-11-20,22.360000610351562,1.2799999713897705,0.01230000052601099,KRX_IDX_1001,KRW,INDEX
2009-11-23,22.31999969482422,1.2799999713897705,0.01230000052601099,KRX_IDX_1001,KRW,INDEX
2009-11-24,22.149999618530273,1.2699999809265137,0.012400000356137753,KRX_IDX_1001,KRW,INDEX
2009-11-25,22.239999771118164,1.2799999713897705,0.01230000052601099,KRX_IDX_1001,KRW,INDEX
2009-11-26,22.06999969482422,1.2699999809265137,0.0124000003561377,KRX_IDX_1001,KRW,INDEX
2009-11-27,21.06999969482422,1.2100000381469727,0.012999999336898327,KRX_IDX_1001,KRW,INDEX
2009-11-30,21.469999313354492,1.2300000190734863,0.012799999676644802,KRX_IDX_1001,KRW,INDEX
2009-12-01,21.670000076293945,1.2400000095367432,0.01269999984651804,KRX_IDX_1001,KRW,INDEX
2009-12-02,21.969999313354492,1.2599999904632568,0.012500000186264515,KRX_IDX_1001,KRW,INDEX
2009-12-03,22.299999237060547,1.2799999713897705,0.0123000005260109,KRX_IDX_1001,KRW,INDEX
2009-12-04,22.440000534057617,1.2899999618530273,0.012200000695884228,KRX_IDX_1001,KRW,INDEX
2009-12-07,22.549999237060547,1.2899999618530271,0.0122000006958842,KRX_IDX_1001,KRW,INDEX
2009-12-08,22.479999542236328,1.2899999618530271,0.0122000006958842,KRX_IDX_1001,KRW,INDEX
2009-12-09,22.59000015258789,1.2899999618530271,0.0120999999344348,KRX_IDX_1001,KRW,INDEX
2009-12-10,22.82999992370605,1.309999942779541,0.0120000001043081,KRX_IDX_1001,KRW,INDEX
2009-12-11,22.89999961853028,1.309999942779541,0.0120000001043081,KRX_IDX_1001,KRW,INDEX
2009-12-14,23.020000457763672,1.3200000524520874,0.011900000274181366,KRX_IDX_1001,KRW,INDEX
2009-12-15,23.420000076293945,1.3200000524520874,0.0119000002741813,KRX_IDX_1001,KRW,INDEX
2009-12-16,23.020000457763672,1.3200000524520874,0.0119000002741813,KRX_IDX_1001,KRW,INDEX
2009-12-17,22.799999237060547,1.309999942779541,0.0120000001043081,KRX_IDX_1001,KRW,INDEX
2009-12-18,22.799999237060547,1.309999942779541,0.0120000001043081,KRX_IDX_1001,KRW,INDEX
2009-12-21,22.770000457763672,1.309999942779541,0.0120000001043081,KRX_IDX_1001,KRW,INDEX
2009-12-22,23.040000915527344,1.309999942779541,0.0120000001043081,KRX_IDX_1001,KRW,INDEX
2009-12-23,23.1299991607666,1.3200000524520874,0.011900000274181366,KRX_IDX_1001,KRW,INDEX
2009-12-24,23.440000534057617,1.340000033378601,0.011799999512732,KRX_IDX_1001,KRW,INDEX
2009-12-28,23.5,1.340000033378601,0.011699999682605267,KRX_IDX_1001,KRW,INDEX
2009-12-29,23.31999969482422,1.3300000429153442,0.011799999512732029,KRX_IDX_1001,KRW,INDEX
2009-12-30,23.68000030517578,1.340000033378601,0.0116999996826052,KRX_IDX_1001,KRW,INDEX
2010-01-04,23.8700008392334,1.350000023841858,0.0115999998524785,KRX_IDX_1001,KRW,INDEX
2010-01-05,23.799999237060547,1.350000023841858,0.0116999996826052,KRX_IDX_1001,KRW,INDEX
2010-01-06,24.01000022888184,1.3600000143051147,0.0115999998524785,KRX_IDX_1001,KRW,INDEX
2010-01-07,23.709999084472656,1.340000033378601,0.011699999682605267,KRX_IDX_1001,KRW,INDEX
2010-01-08,23.8799991607666,1.350000023841858,0.011599999852478504,KRX_IDX_1001,KRW,INDEX
2010-01-11,23.850000381469727,1.350000023841858,0.011699999682605267,KRX_IDX_1001,KRW,INDEX
2010-01-12,23.920000076293945,1.350000023841858,0.011599999852478504,KRX_IDX_1001,KRW,INDEX
2010-01-13,23.540000915527344,1.3300000429153442,0.011799999512732029,KRX_IDX_1001,KRW,INDEX
2010-01-14,23.690000534057617,1.340000033378601,0.011699999682605267,KRX_IDX_1001,KRW,INDEX
2010-01-15,23.82999992370605,1.3600000143051147,0.0115999998524785,KRX_IDX_1001,KRW,INDEX
2010-01-18,24.01000022888184,1.3700000047683716,0.0115000000223517,KRX_IDX_1001,KRW,INDEX
2010-01-19,23.989999771118164,1.3700000047683716,0.011500000022351742,KRX_IDX_1001,KRW,INDEX
2010-01-20,24.049999237060547,1.3700000047683716,0.0115000000223517,KRX_IDX_1001,KRW,INDEX
2010-01-21,24.15999984741211,1.3799999952316284,0.0115000000223517,KRX_IDX_1001,KRW,INDEX
2010-01-22,23.649999618530273,1.350000023841858,0.011699999682605267,KRX_IDX_1001,KRW,INDEX
2010-01-25,23.459999084472656,1.340000033378601,0.011799999512732,KRX_IDX_1001,KRW,INDEX
2010-01-26,22.989999771118164,1.309999942779541,0.0120999999344348,KRX_IDX_1001,KRW,INDEX
2010-01-27,22.84000015258789,1.2999999523162842,0.0120999999344348,KRX_IDX_1001,KRW,INDEX
2010-01-28,23.059999465942383,1.309999942779541,0.0120000001043081,KRX_IDX_1001,KRW,INDEX
2010-01-29,22.520000457763672,1.2799999713897705,0.0123000005260109,KRX_IDX_1001,KRW,INDEX
2010-02-01,22.770000457763672,1.2799999713897705,0.01230000052601099,KRX_IDX_1001,KRW,INDEX
2010-02-02,22.65999984741211,1.2699999809265137,0.012400000356137753,KRX_IDX_1001,KRW,INDEX
2010-02-03,22.940000534057617,1.2899999618530271,0.0122000006958842,KRX_IDX_1001,KRW,INDEX
2010-02-04,22.979999542236328,1.2899999618530273,0.012200000695884228,KRX_IDX_1001,KRW,INDEX
2010-02-05,22.299999237060547,1.25,0.012600000016391277,KRX_IDX_1001,KRW,INDEX
2010-02-08,22.100000381469727,1.2400000095367432,0.01269999984651804,KRX_IDX_1001,KRW,INDEX
2010-02-09,22.34000015258789,1.2599999904632568,0.0125000001862645,KRX_IDX_1001,KRW,INDEX
2010-02-10,22.31999969482422,1.2599999904632568,0.012500000186264515,KRX_IDX_1001,KRW,INDEX
2010-02-11,22.739999771118164,1.2799999713897705,0.01230000052601099,KRX_IDX_1001,KRW,INDEX
2010-02-12,22.68000030517578,1.2699999809265137,0.012400000356137753,KRX_IDX_1001,KRW,INDEX
2010-02-16,22.799999237060547,1.2799999713897705,0.01230000052601099,KRX_IDX_1001,KRW,INDEX
2010-02-17,23.15999984741211,1.2999999523162842,0.0120999999344348,KRX_IDX_1001,KRW,INDEX
2010-02-18,23.07999992370605,1.2999999523162842,0.0120999999344348,KRX_IDX_1001,KRW,INDEX
2010-02-19,22.700000762939453,1.2699999809265137,0.0123000005260109,KRX_IDX_1001,KRW,INDEX
2010-02-22,23.170000076293945,1.2999999523162842,0.01209999993443489,KRX_IDX_1001,KRW,INDEX
2010-02-23,23.200000762939453,1.2999999523162842,0.0120999999344348,KRX_IDX_1001,KRW,INDEX
2010-02-24,22.96999931335449,1.2899999618530271,0.0122000006958842,KRX_IDX_1001,KRW,INDEX
2010-02-25,22.6200008392334,1.2699999809265137,0.012400000356137753,KRX_IDX_1001,KRW,INDEX
2010-02-26,22.71999931335449,1.2799999713897705,0.0123000005260109,KRX_IDX_1001,KRW,INDEX
2010-03-02,23.020000457763672,1.2899999618530271,0.0122000006958842,KRX_IDX_1001,KRW,INDEX
2010-03-03,23.1200008392334,1.2999999523162842,0.01209999993443489,KRX_IDX_1001,KRW,INDEX
2010-03-04,23.049999237060547,1.2899999618530271,0.0122000006958842,KRX_IDX_1001,KRW,INDEX
2010-03-05,23.290000915527344,1.309999942779541,0.012000000104308128,KRX_IDX_1001,KRW,INDEX
2010-03-08,23.639999389648438,1.3300000429153442,0.011900000274181366,KRX_IDX_1001,KRW,INDEX
2010-03-09,23.649999618530277,1.3300000429153442,0.0119000002741813,KRX_IDX_1001,KRW,INDEX
2010-03-10,23.670000076293945,1.3300000429153442,0.011799999512732029,KRX_IDX_1001,KRW,INDEX
2010-03-11,23.56999969482422,1.3300000429153442,0.011900000274181366,KRX_IDX_1001,KRW,INDEX
2010-03-12,23.64999961853028,1.3300000429153442,0.011799999512732,KRX_IDX_1001,KRW,INDEX
2010-03-15,23.5,1.3200000524520874,0.0119000002741813,KRX_IDX_1001,KRW,INDEX
2010-03-16,23.479999542236328,1.3200000524520874,0.0119000002741813,KRX_IDX_1001,KRW,INDEX
2010-03-17,23.959999084472656,1.350000023841858,0.0115999998524785,KRX_IDX_1001,KRW,INDEX
2010-03-18,24.0,1.340000033378601,0.011599999852478504,KRX_IDX_1001,KRW,INDEX
2010-03-19,24.15999984741211,1.350000023841858,0.011599999852478504,KRX_IDX_1001,KRW,INDEX
2010-03-22,23.979999542236328,1.340000033378601,0.0116999996826052,KRX_IDX_1001,KRW,INDEX
2010-03-23,24.11000061035156,1.350000023841858,0.0115999998524785,KRX_IDX_1001,KRW,INDEX
2010-03-24,24.100000381469727,1.350000023841858,0.011599999852478504,KRX_IDX_1001,KRW,INDEX
2010-03-25,24.200000762939453,1.350000023841858,0.011500000022351742,KRX_IDX_1001,KRW,INDEX
2010-03-26,24.34000015258789,1.3600000143051147,0.0115000000223517,KRX_IDX_1001,KRW,INDEX
2010-03-29,24.25,1.3600000143051147,0.011500000022351742,KRX_IDX_1001,KRW,INDEX
2010-03-30,24.36000061035156,1.3600000143051147,0.0115000000223517,KRX_IDX_1001,KRW,INDEX
2010-03-31,24.350000381469727,1.3600000143051147,0.011500000022351742,KRX_IDX_1001,KRW,INDEX
2010-04-01,24.1299991607666,1.3799999952316284,0.0114000001922249,KRX_IDX_1001,KRW,INDEX
2010-04-02,24.190000534057617,1.3799999952316284,0.0113000003620982,KRX_IDX_1001,KRW,INDEX
2010-04-05,24.21999931335449,1.3799999952316284,0.0113000003620982,KRX_IDX_1001,KRW,INDEX
2010-04-06,24.239999771118164,1.3799999952316284,0.011300000362098217,KRX_IDX_1001,KRW,INDEX
2010-04-07,24.26000022888184,1.3899999856948853,0.0113000003620982,KRX_IDX_1001,KRW,INDEX
2010-04-08,24.420000076293945,1.3899999856948853,0.01119999960064888,KRX_IDX_1001,KRW,INDEX
2010-04-09,24.280000686645508,1.3799999952316284,0.011300000362098217,KRX_IDX_1001,KRW,INDEX
2010-04-12,24.049999237060547,1.3700000047683716,0.0114000001922249,KRX_IDX_1001,KRW,INDEX
2010-04-13,24.059999465942383,1.3700000047683716,0.01140000019222498,KRX_IDX_1001,KRW,INDEX
2010-04-14,24.399999618530273,1.3899999856948853,0.011300000362098217,KRX_IDX_1001,KRW,INDEX
2010-04-15,24.540000915527344,1.399999976158142,0.0111999996006488,KRX_IDX_1001,KRW,INDEX
2010-04-16,24.40999984741211,1.3899999856948853,0.0113000003620982,KRX_IDX_1001,KRW,INDEX
2010-04-19,24.0,1.3700000047683716,0.011500000022351742,KRX_IDX_1001,KRW,INDEX
2010-04-20,24.18000030517578,1.3799999952316284,0.01140000019222498,KRX_IDX_1001,KRW,INDEX
2010-04-21,24.610000610351562,1.399999976158142,0.01119999960064888,KRX_IDX_1001,KRW,INDEX
2010-04-22,24.51000022888184,1.3899999856948853,0.0111999996006488,KRX_IDX_1001,KRW,INDEX
2010-04-23,24.46999931335449,1.3899999856948853,0.0111999996006488,KRX_IDX_1001,KRW,INDEX
2010-04-26,24.68000030517578,1.399999976158142,0.0110999997705221,KRX_IDX_1001,KRW,INDEX
2010-04-27,24.63999938964844,1.399999976158142,0.0111999996006488,KRX_IDX_1001,KRW,INDEX
2010-04-28,24.440000534057617,1.3899999856948853,0.0113000003620982,KRX_IDX_1001,KRW,INDEX
2010-04-29,15.279999732971191,1.2599999904632568,0.01309999916702509,KRX_IDX_1001,KRW,INDEX
2010-04-30,15.399999618530273,1.2699999809265137,0.012999999336898327,KRX_IDX_1001,KRW,INDEX
2010-05-03,15.229999542236328,1.2599999904632568,0.013200000859797,KRX_IDX_1001,KRW,INDEX
2010-05-04,15.210000038146973,1.2599999904632568,0.013200000859797,KRX_IDX_1001,KRW,INDEX
2010-05-06,14.890000343322754,1.2300000190734863,0.0134000005200505,KRX_IDX_1001,KRW,INDEX
2010-05-07,14.5600004196167,1.2000000476837158,0.0137000000104308,KRX_IDX_1001,KRW,INDEX
2010-05-10,14.800000190734863,1.2300000190734863,0.013500000350177288,KRX_IDX_1001,KRW,INDEX
2010-05-11,14.729999542236328,1.2200000286102295,0.01360000018030405,KRX_IDX_1001,KRW,INDEX
2010-05-12,14.670000076293944,1.2200000286102295,0.0133000006899237,KRX_IDX_1001,KRW,INDEX
2010-05-13,15.31999969482422,1.2599999904632568,0.013099999167025,KRX_IDX_1001,KRW,INDEX
2010-05-14,15.329999923706055,1.2599999904632568,0.01309999916702509,KRX_IDX_1001,KRW,INDEX
2010-05-17,14.930000305175781,1.2300000190734863,0.013400000520050526,KRX_IDX_1001,KRW,INDEX
2010-05-18,14.859999656677246,1.2200000286102295,0.013500000350177288,KRX_IDX_1001,KRW,INDEX
2010-05-19,14.739999771118164,1.2100000381469729,0.013600000180304,KRX_IDX_1001,KRW,INDEX
2010-05-20,14.470000267028809,1.190000057220459,0.013799999840557575,KRX_IDX_1001,KRW,INDEX
2010-05-24,14.510000228881836,1.190000057220459,0.0137999998405575,KRX_IDX_1001,KRW,INDEX
2010-05-25,14.119999885559082,1.159999966621399,0.0141999991610646,KRX_IDX_1001,KRW,INDEX
2010-05-26,14.3100004196167,1.1799999475479126,0.0139999995008111,KRX_IDX_1001,KRW,INDEX
2010-05-27,14.539999961853027,1.2000000476837158,0.0137000000104308,KRX_IDX_1001,KRW,INDEX
2010-05-28,14.680000305175781,1.2100000381469727,0.01360000018030405,KRX_IDX_1001,KRW,INDEX
2010-05-31,14.84000015258789,1.2200000286102295,0.013500000350177288,KRX_IDX_1001,KRW,INDEX
2010-06-01,14.75,1.2100000381469727,0.01360000018030405,KRX_IDX_1001,KRW,INDEX
2010-06-03,15.050000190734863,1.2400000095367432,0.0133000006899237,KRX_IDX_1001,KRW,INDEX
2010-06-04,15.06999969482422,1.2400000095367432,0.0133000006899237,KRX_IDX_1001,KRW,INDEX
2010-06-07,14.84000015258789,1.2200000286102295,0.013500000350177288,KRX_IDX_1001,KRW,INDEX
2010-06-08,14.960000038146973,1.2300000190734863,0.0134000005200505,KRX_IDX_1001,KRW,INDEX
2010-06-09,14.920000076293945,1.2300000190734863,0.013400000520050526,KRX_IDX_1001,KRW,INDEX
2010-06-10,14.960000038146973,1.2300000190734863,0.013400000520050526,KRX_IDX_1001,KRW,INDEX
2010-06-11,15.180000305175781,1.25,0.013200000859797001,KRX_IDX_1001,KRW,INDEX
2010-06-14,15.319999694824219,1.2599999904632568,0.01309999916702509,KRX_IDX_1001,KRW,INDEX
2010-06-15,15.3100004196167,1.2599999904632568,0.01309999916702509,KRX_IDX_1001,KRW,INDEX
2010-06-16,15.449999809265137,1.2699999809265137,0.0129999993368983,KRX_IDX_1001,KRW,INDEX
2010-06-17,15.239999771118164,1.2699999809265137,0.012899999506771564,KRX_IDX_1001,KRW,INDEX
2010-06-18,15.279999732971191,1.2699999809265137,0.012899999506771564,KRX_IDX_1001,KRW,INDEX
2010-06-21,15.529999732971191,1.2899999618530273,0.01269999984651804,KRX_IDX_1001,KRW,INDEX
2010-06-22,15.460000038146973,1.2899999618530273,0.012799999676644802,KRX_IDX_1001,KRW,INDEX
2010-06-23,15.399999618530273,1.2799999713897705,0.012799999676644802,KRX_IDX_1001,KRW,INDEX
2010-06-24,15.569999694824219,1.2899999618530273,0.01269999984651804,KRX_IDX_1001,KRW,INDEX
2010-06-25,15.479999542236328,1.2799999713897705,0.012799999676644802,KRX_IDX_1001,KRW,INDEX
2010-06-28,15.5,1.2899999618530271,0.0127999996766448,KRX_IDX_1001,KRW,INDEX
2010-06-29,15.25,1.2699999809265137,0.012899999506771564,KRX_IDX_1001,KRW,INDEX
2010-06-30,15.170000076293945,1.2599999904632568,0.012999999336898327,KRX_IDX_1001,KRW,INDEX
2010-07-01,15.0600004196167,1.25,0.01309999916702509,KRX_IDX_1001,KRW,INDEX
2010-07-02,14.930000305175781,1.2400000095367432,0.013200000859797001,KRX_IDX_1001,KRW,INDEX
2010-07-05,14.960000038146973,1.2400000095367432,0.013200000859797001,KRX_IDX_1001,KRW,INDEX
2010-07-06,15.050000190734863,1.25,0.01309999916702509,KRX_IDX_1001,KRW,INDEX
2010-07-07,14.970000267028809,1.2400000095367432,0.013200000859797001,KRX_IDX_1001,KRW,INDEX
2010-07-08,15.170000076293945,1.2599999904632568,0.012999999336898327,KRX_IDX_1001,KRW,INDEX
2010-07-09,14.710000038146973,1.2599999904632568,0.013400000520050526,KRX_IDX_1001,KRW,INDEX
2010-07-12,14.8100004196167,1.2699999809265137,0.013300000689923763,KRX_IDX_1001,KRW,INDEX
2010-07-13,14.8100004196167,1.2699999809265137,0.0133000006899237,KRX_IDX_1001,KRW,INDEX
2010-07-14,15.020000457763672,1.2899999618530271,0.013099999167025,KRX_IDX_1001,KRW,INDEX
2010-07-15,14.960000038146973,1.2799999713897705,0.013099999167025,KRX_IDX_1001,KRW,INDEX
2010-07-16,14.850000381469727,1.2699999809265137,0.013200000859797001,KRX_IDX_1001,KRW,INDEX
2010-07-19,14.789999961853027,1.2699999809265137,0.0133000006899237,KRX_IDX_1001,KRW,INDEX
2010-07-20,14.81999969482422,1.2699999809265137,0.0133000006899237,KRX_IDX_1001,KRW,INDEX
2010-07-21,14.920000076293944,1.2799999713897705,0.013200000859797,KRX_IDX_1001,KRW,INDEX
2010-07-22,14.8100004196167,1.2699999809265137,0.013300000689923763,KRX_IDX_1001,KRW,INDEX
2010-07-23,15.0,1.2899999618530271,0.013099999167025,KRX_IDX_1001,KRW,INDEX
2010-07-26,15.09000015258789,1.2899999618530273,0.012999999336898327,KRX_IDX_1001,KRW,INDEX
2010-07-27,15.100000381469728,1.2899999618530271,0.0129999993368983,KRX_IDX_1001,KRW,INDEX
2010-07-28,15.140000343322754,1.2999999523162842,0.012999999336898327,KRX_IDX_1001,KRW,INDEX
2010-07-29,15.119999885559082,1.2999999523162842,0.0129999993368983,KRX_IDX_1001,KRW,INDEX
2010-07-30,15.010000228881836,1.2899999618530271,0.013099999167025,KRX_IDX_1001,KRW,INDEX
2010-08-02,15.229999542236328,1.309999942779541,0.0128999995067715,KRX_IDX_1001,KRW,INDEX
2010-08-03,15.300000190734863,1.309999942779541,0.0127999996766448,KRX_IDX_1001,KRW,INDEX
2010-08-04,15.279999732971191,1.309999942779541,0.012899999506771564,KRX_IDX_1001,KRW,INDEX
2010-08-05,15.229999542236328,1.309999942779541,0.0128999995067715,KRX_IDX_1001,KRW,INDEX
2010-08-06,15.239999771118164,1.309999942779541,0.012899999506771564,KRX_IDX_1001,KRW,INDEX
2010-08-09,15.289999961853027,1.309999942779541,0.0128999995067715,KRX_IDX_1001,KRW,INDEX
2010-08-10,15.210000038146973,1.2999999523162842,0.012899999506771564,KRX_IDX_1001,KRW,INDEX
2010-08-11,15.020000457763672,1.2899999618530271,0.013099999167025,KRX_IDX_1001,KRW,INDEX
2010-08-12,14.699999809265137,1.2599999904632568,0.013400000520050526,KRX_IDX_1001,KRW,INDEX
2010-08-13,14.90999984741211,1.2799999713897705,0.013200000859797001,KRX_IDX_1001,KRW,INDEX
2010-08-16,14.890000343322754,1.2799999713897705,0.013200000859797,KRX_IDX_1001,KRW,INDEX
2010-08-17,14.979999542236328,1.2799999713897705,0.01309999916702509,KRX_IDX_1001,KRW,INDEX
2010-08-18,15.029999732971191,1.2899999618530273,0.01309999916702509,KRX_IDX_1001,KRW,INDEX
2010-08-19,15.199999809265137,1.2999999523162842,0.012899999506771564,KRX_IDX_1001,KRW,INDEX
2010-08-20,15.170000076293945,1.2999999523162842,0.012999999336898327,KRX_IDX_1001,KRW,INDEX
2010-08-23,15.100000381469727,1.2899999618530273,0.012999999336898327,KRX_IDX_1001,KRW,INDEX
2010-08-24,15.039999961853027,1.2899999618530273,0.01309999916702509,KRX_IDX_1001,KRW,INDEX
2010-08-25,14.819999694824219,1.2699999809265137,0.013300000689923763,KRX_IDX_1001,KRW,INDEX
2010-08-26,14.779999732971191,1.2699999809265137,0.0133000006899237,KRX_IDX_1001,KRW,INDEX
2010-08-27,14.779999732971191,1.2699999809265137,0.0133000006899237,KRX_IDX_1001,KRW,INDEX
2010-08-30,15.100000381469728,1.2899999618530271,0.013099999167025,KRX_IDX_1001,KRW,INDEX
2010-08-31,14.9399995803833,1.2799999713897705,0.013200000859797,KRX_IDX_1001,KRW,INDEX
2010-09-01,15.130000114440918,1.2899999618530271,0.0129999993368983,KRX_IDX_1001,KRW,INDEX
2010-09-02,15.229999542236328,1.2999999523162842,0.0129999993368983,KRX_IDX_1001,KRW,INDEX
2010-09-03,15.270000457763672,1.2999999523162842,0.012899999506771564,KRX_IDX_1001,KRW,INDEX
2010-09-06,15.369999885559082,1.309999942779541,0.0127999996766448,KRX_IDX_1001,KRW,INDEX
2010-09-07,15.34000015258789,1.309999942779541,0.0128999995067715,KRX_IDX_1001,KRW,INDEX
2010-09-08,15.300000190734863,1.2999999523162842,0.0128999995067715,KRX_IDX_1001,KRW,INDEX
2010-09-09,15.350000381469727,1.309999942779541,0.012899999506771564,KRX_IDX_1001,KRW,INDEX
2010-09-10,15.5,1.3200000524520874,0.012799999676644802,KRX_IDX_1001,KRW,INDEX
2010-09-13,15.640000343322754,1.3300000429153442,0.012600000016391277,KRX_IDX_1001,KRW,INDEX
2010-09-14,15.609999656677246,1.3300000429153442,0.01269999984651804,KRX_IDX_1001,KRW,INDEX
2010-09-15,15.6899995803833,1.3300000429153442,0.0126000000163912,KRX_IDX_1001,KRW,INDEX
2010-09-16,15.579999923706055,1.3300000429153442,0.01269999984651804,KRX_IDX_1001,KRW,INDEX
2010-09-17,15.710000038146973,1.340000033378601,0.012600000016391277,KRX_IDX_1001,KRW,INDEX
2010-09-20,15.760000228881836,1.340000033378601,0.0126000000163912,KRX_IDX_1001,KRW,INDEX
2010-09-24,15.880000114440918,1.350000023841858,0.012500000186264515,KRX_IDX_1001,KRW,INDEX
2010-09-27,16.0,1.3600000143051147,0.0124000003561377,KRX_IDX_1001,KRW,INDEX
2010-09-28,15.960000038146973,1.3600000143051147,0.012400000356137753,KRX_IDX_1001,KRW,INDEX
2010-09-29,16.059999465942383,1.3700000047683716,0.0123000005260109,KRX_IDX_1001,KRW,INDEX
2010-09-30,16.110000610351562,1.3700000047683716,0.01230000052601099,KRX_IDX_1001,KRW,INDEX
2010-10-01,16.149999618530273,1.3700000047683716,0.01230000052601099,KRX_IDX_1001,KRW,INDEX
2010-10-04,16.170000076293945,1.3799999952316284,0.0122000006958842,KRX_IDX_1001,KRW,INDEX
2010-10-05,16.170000076293945,1.3799999952316284,0.012200000695884228,KRX_IDX_1001,KRW,INDEX
2010-10-06,16.389999389648438,1.3899999856948853,0.01209999993443489,KRX_IDX_1001,KRW,INDEX
2010-10-07,16.360000610351562,1.3899999856948853,0.01209999993443489,KRX_IDX_1001,KRW,INDEX
2010-10-08,16.329999923706055,1.3899999856948853,0.0120999999344348,KRX_IDX_1001,KRW,INDEX
2010-10-11,16.290000915527344,1.3899999856948853,0.0122000006958842,KRX_IDX_1001,KRW,INDEX
2010-10-12,16.09000015258789,1.3700000047683716,0.01230000052601099,KRX_IDX_1001,KRW,INDEX
2010-10-13,16.15999984741211,1.3799999952316284,0.01230000052601099,KRX_IDX_1001,KRW,INDEX
2010-10-14,16.360000610351562,1.3899999856948853,0.01209999993443489,KRX_IDX_1001,KRW,INDEX
2010-10-15,16.3799991607666,1.3899999856948853,0.01209999993443489,KRX_IDX_1001,KRW,INDEX
2010-10-18,16.149999618530273,1.3700000047683716,0.0123000005260109,KRX_IDX_1001,KRW,INDEX
2010-10-19,16.0,1.3600000143051147,0.012400000356137753,KRX_IDX_1001,KRW,INDEX
2010-10-20,16.1200008392334,1.3700000047683716,0.0123000005260109,KRX_IDX_1001,KRW,INDEX
2010-10-21,16.149999618530273,1.3700000047683716,0.0123000005260109,KRX_IDX_1001,KRW,INDEX
2010-10-22,16.350000381469727,1.3899999856948853,0.0120999999344348,KRX_IDX_1001,KRW,INDEX
2010-10-25,16.510000228881836,1.399999976158142,0.012000000104308128,KRX_IDX_1001,KRW,INDEX
2010-10-26,16.540000915527344,1.409999966621399,0.012000000104308128,KRX_IDX_1001,KRW,INDEX
2010-10-27,16.450000762939453,1.399999976158142,0.012000000104308128,KRX_IDX_1001,KRW,INDEX
2010-10-28,16.440000534057617,1.399999976158142,0.01209999993443489,KRX_IDX_1001,KRW,INDEX
2010-10-29,16.219999313354492,1.3799999952316284,0.0122000006958842,KRX_IDX_1001,KRW,INDEX
2010-11-01,16.5,1.399999976158142,0.012000000104308128,KRX_IDX_1001,KRW,INDEX
2010-11-02,16.540000915527344,1.409999966621399,0.012000000104308128,KRX_IDX_1001,KRW,INDEX
2010-11-03,16.690000534057617,1.4199999570846558,0.0119000002741813,KRX_IDX_1001,KRW,INDEX
2010-11-04,16.75,1.4199999570846558,0.011799999512732,KRX_IDX_1001,KRW,INDEX
2010-11-05,16.719999313354492,1.4199999570846558,0.0119000002741813,KRX_IDX_1001,KRW,INDEX
2010-11-08,16.75,1.4199999570846558,0.011799999512732,KRX_IDX_1001,KRW,INDEX
2010-11-09,16.84000015258789,1.4299999475479126,0.011799999512732,KRX_IDX_1001,KRW,INDEX
2010-11-10,17.010000228881836,1.440000057220459,0.0116999996826052,KRX_IDX_1001,KRW,INDEX
2010-11-11,16.549999237060547,1.399999976158142,0.0120000001043081,KRX_IDX_1001,KRW,INDEX
2010-11-12,16.540000915527344,1.399999976158142,0.012000000104308128,KRX_IDX_1001,KRW,INDEX
2010-11-15,16.549999237060547,1.399999976158142,0.012000000104308128,KRX_IDX_1001,KRW,INDEX
2010-11-16,16.450000762939453,1.3899999856948853,0.01209999993443489,KRX_IDX_1001,KRW,INDEX
2010-11-17,16.40999984741211,1.3899999856948853,0.01209999993443489,KRX_IDX_1001,KRW,INDEX
2010-11-18,16.670000076293945,1.409999966621399,0.011900000274181366,KRX_IDX_1001,KRW,INDEX
2010-11-19,16.790000915527344,1.4199999570846558,0.011799999512732029,KRX_IDX_1001,KRW,INDEX
2010-11-22,16.81999969482422,1.4199999570846558,0.011799999512732029,KRX_IDX_1001,KRW,INDEX
2010-11-23,16.68000030517578,1.409999966621399,0.0119000002741813,KRX_IDX_1001,KRW,INDEX
2010-11-24,16.65999984741211,1.409999966621399,0.0119000002741813,KRX_IDX_1001,KRW,INDEX
2010-11-25,16.670000076293945,1.409999966621399,0.0119000002741813,KRX_IDX_1001,KRW,INDEX
2010-11-26,16.459999084472656,1.3899999856948853,0.0120999999344348,KRX_IDX_1001,KRW,INDEX
2010-11-29,16.399999618530273,1.3899999856948853,0.0120999999344348,KRX_IDX_1001,KRW,INDEX
2010-11-30,16.469999313354492,1.3899999856948853,0.01209999993443489,KRX_IDX_1001,KRW,INDEX
2010-12-01,16.690000534057617,1.409999966621399,0.0119000002741813,KRX_IDX_1001,KRW,INDEX
2010-12-02,16.8799991607666,1.4299999475479126,0.011799999512732,KRX_IDX_1001,KRW,INDEX
2010-12-03,16.950000762939453,1.4299999475479126,0.0116999996826052,KRX_IDX_1001,KRW,INDEX
2010-12-06,16.90999984741211,1.4299999475479126,0.011799999512732,KRX_IDX_1001,KRW,INDEX
2010-12-07,16.989999771118164,1.440000057220459,0.011699999682605267,KRX_IDX_1001,KRW,INDEX
2010-12-08,16.920000076293945,1.4299999475479126,0.011699999682605267,KRX_IDX_1001,KRW,INDEX
2010-12-09,17.209999084472656,1.4600000381469727,0.011599999852478504,KRX_IDX_1001,KRW,INDEX
2010-12-10,17.18000030517578,1.4600000381469727,0.011599999852478504,KRX_IDX_1001,KRW,INDEX
2010-12-13,17.280000686645508,1.4600000381469729,0.0115000000223517,KRX_IDX_1001,KRW,INDEX
2010-12-14,17.3799991607666,1.4700000286102295,0.0114000001922249,KRX_IDX_1001,KRW,INDEX
2010-12-15,17.469999313354492,1.4800000190734863,0.01140000019222498,KRX_IDX_1001,KRW,INDEX
2010-12-16,17.40999984741211,1.4700000286102295,0.0114000001922249,KRX_IDX_1001,KRW,INDEX
2010-12-17,17.549999237060547,1.4800000190734863,0.011300000362098217,KRX_IDX_1001,KRW,INDEX
2010-12-20,17.5,1.4800000190734863,0.01140000019222498,KRX_IDX_1001,KRW,INDEX
2010-12-21,17.639999389648438,1.4900000095367432,0.011300000362098217,KRX_IDX_1001,KRW,INDEX
2010-12-22,17.649999618530273,1.4900000095367432,0.0113000003620982,KRX_IDX_1001,KRW,INDEX
2010-12-23,17.649999618530273,1.4900000095367432,0.0113000003620982,KRX_IDX_1001,KRW,INDEX
2010-12-24,17.579999923706055,1.4900000095367432,0.0113000003620982,KRX_IDX_1001,KRW,INDEX
2010-12-27,17.549999237060547,1.4800000190734863,0.01140000019222498,KRX_IDX_1001,KRW,INDEX
2010-12-28,17.649999618530273,1.4900000095367432,0.0113000003620982,KRX_IDX_1001,KRW,INDEX
2010-12-29,17.729999542236328,1.5,0.0113000003620982,KRX_IDX_1001,KRW,INDEX
2010-12-30,17.799999237060547,1.5,0.01119999960064888,KRX_IDX_1001,KRW,INDEX
2011-01-03,17.959999084472656,1.5199999809265137,0.0110999997705221,KRX_IDX_1001,KRW,INDEX
2011-01-04,18.09000015258789,1.5299999713897705,0.010999999940395355,KRX_IDX_1001,KRW,INDEX
2011-01-05,18.26000022888184,1.5299999713897705,0.0109999999403953,KRX_IDX_1001,KRW,INDEX
2011-01-06,18.219999313354492,1.5199999809265137,0.011099999770522118,KRX_IDX_1001,KRW,INDEX
2011-01-07,18.290000915527344,1.5299999713897705,0.0109999999403953,KRX_IDX_1001,KRW,INDEX
2011-01-10,18.25,1.5299999713897705,0.010999999940395355,KRX_IDX_1001,KRW,INDEX
2011-01-11,18.309999465942383,1.5299999713897705,0.0109999999403953,KRX_IDX_1001,KRW,INDEX
2011-01-12,18.3700008392334,1.5399999618530273,0.010999999940395355,KRX_IDX_1001,KRW,INDEX
2011-01-13,18.329999923706055,1.5299999713897705,0.010999999940395355,KRX_IDX_1001,KRW,INDEX
2011-01-14,18.489999771118164,1.5499999523162842,0.010900000110268593,KRX_IDX_1001,KRW,INDEX
2011-01-17,18.420000076293945,1.5399999618530273,0.010900000110268593,KRX_IDX_1001,KRW,INDEX
2011-01-18,18.40999984741211,1.5399999618530271,0.0109000001102685,KRX_IDX_1001,KRW,INDEX
2011-01-19,18.579999923706055,1.5499999523162842,0.01080000028014183,KRX_IDX_1001,KRW,INDEX
2011-01-20,18.5,1.5499999523162842,0.010900000110268593,KRX_IDX_1001,KRW,INDEX
2011-01-21,18.18000030517578,1.5199999809265137,0.011099999770522118,KRX_IDX_1001,KRW,INDEX
2011-01-24,18.290000915527344,1.5299999713897705,0.010999999940395355,KRX_IDX_1001,KRW,INDEX
2011-01-25,18.32999992370605,1.5299999713897705,0.0109999999403953,KRX_IDX_1001,KRW,INDEX
2011-01-26,18.280000686645508,1.5499999523162842,0.0109000001102685,KRX_IDX_1001,KRW,INDEX
2011-01-27,18.309999465942383,1.5499999523162842,0.01080000028014183,KRX_IDX_1001,KRW,INDEX
2011-01-28,18.25,1.5499999523162842,0.010900000110268593,KRX_IDX_1001,KRW,INDEX
2011-01-31,17.920000076293945,1.5199999809265137,0.011099999770522118,KRX_IDX_1001,KRW,INDEX
2011-02-01,17.940000534057617,1.5199999809265137,0.011099999770522118,KRX_IDX_1001,KRW,INDEX
2011-02-07,17.989999771118164,1.5299999713897705,0.011099999770522118,KRX_IDX_1001,KRW,INDEX
2011-02-08,17.8799991607666,1.5199999809265137,0.011099999770522118,KRX_IDX_1001,KRW,INDEX
2011-02-09,17.670000076293945,1.5,0.011300000362098217,KRX_IDX_1001,KRW,INDEX
2011-02-10,17.350000381469727,1.4800000190734863,0.0115000000223517,KRX_IDX_1001,KRW,INDEX
2011-02-11,17.06999969482422,1.4500000476837158,0.0116999996826052,KRX_IDX_1001,KRW,INDEX
2011-02-14,17.440000534057617,1.4800000190734863,0.0114000001922249,KRX_IDX_1001,KRW,INDEX
2011-02-15,17.360000610351562,1.4800000190734863,0.011500000022351742,KRX_IDX_1001,KRW,INDEX
2011-02-16,17.18000030517578,1.4600000381469729,0.0115999998524785,KRX_IDX_1001,KRW,INDEX
2011-02-17,17.079999923706055,1.4500000476837158,0.0116999996826052,KRX_IDX_1001,KRW,INDEX
2011-02-18,17.389999389648438,1.4800000190734863,0.0115000000223517,KRX_IDX_1001,KRW,INDEX
2011-02-21,17.31999969482422,1.4700000286102295,0.011500000022351742,KRX_IDX_1001,KRW,INDEX
2011-02-22,17.030000686645508,1.4500000476837158,0.011699999682605267,KRX_IDX_1001,KRW,INDEX
2011-02-23,16.950000762939453,1.440000057220459,0.0116999996826052,KRX_IDX_1001,KRW,INDEX
2011-02-24,16.850000381469727,1.4299999475479126,0.011799999512732029,KRX_IDX_1001,KRW,INDEX
2011-02-25,16.969999313354492,1.440000057220459,0.0116999996826052,KRX_IDX_1001,KRW,INDEX
2011-02-28,16.760000228881836,1.4299999475479126,0.011799999512732,KRX_IDX_1001,KRW,INDEX
2011-03-02,16.670000076293945,1.4199999570846558,0.0119000002741813,KRX_IDX_1001,KRW,INDEX
2011-03-03,17.040000915527344,1.4500000476837158,0.0115999998524785,KRX_IDX_1001,KRW,INDEX
2011-03-04,17.329999923706055,1.4700000286102295,0.01140000019222498,KRX_IDX_1001,KRW,INDEX
2011-03-07,17.1299991607666,1.4600000381469727,0.011599999852478504,KRX_IDX_1001,KRW,INDEX
2011-03-08,17.260000228881836,1.4700000286102295,0.011500000022351742,KRX_IDX_1001,KRW,INDEX
2011-03-09,17.309999465942383,1.4700000286102295,0.011500000022351742,KRX_IDX_1001,KRW,INDEX
2011-03-10,17.139999389648438,1.4600000381469727,0.011599999852478504,KRX_IDX_1001,KRW,INDEX
2011-03-11,16.90999984741211,1.440000057220459,0.011799999512732,KRX_IDX_1001,KRW,INDEX
2011-03-14,17.040000915527344,1.4500000476837158,0.0116999996826052,KRX_IDX_1001,KRW,INDEX
2011-03-15,16.6299991607666,1.409999966621399,0.0119000002741813,KRX_IDX_1001,KRW,INDEX
2011-03-16,16.93000030517578,1.440000057220459,0.0116999996826052,KRX_IDX_1001,KRW,INDEX
2011-03-17,16.959999084472656,1.440000057220459,0.0116999996826052,KRX_IDX_1001,KRW,INDEX
2011-03-18,17.149999618530273,1.4600000381469729,0.0115999998524785,KRX_IDX_1001,KRW,INDEX
2011-03-21,17.34000015258789,1.4700000286102295,0.01140000019222498,KRX_IDX_1001,KRW,INDEX
2011-03-22,17.43000030517578,1.4800000190734863,0.01140000019222498,KRX_IDX_1001,KRW,INDEX
2011-03-23,17.40999984741211,1.4800000190734863,0.0114000001922249,KRX_IDX_1001,KRW,INDEX
2011-03-24,17.6299991607666,1.5,0.011300000362098217,KRX_IDX_1001,KRW,INDEX
2011-03-25,17.81999969482422,1.5099999904632568,0.01119999960064888,KRX_IDX_1001,KRW,INDEX
2011-03-28,17.860000610351562,1.5099999904632568,0.01119999960064888,KRX_IDX_1001,KRW,INDEX
2011-03-29,18.0,1.5199999809265137,0.0110999997705221,KRX_IDX_1001,KRW,INDEX
2011-03-30,18.200000762939453,1.5399999618530271,0.0109999999403953,KRX_IDX_1001,KRW,INDEX
2011-03-31,18.38999938964844,1.5499999523162842,0.0109000001102685,KRX_IDX_1001,KRW,INDEX
2011-04-01,18.520000457763672,1.559999942779541,0.01080000028014183,KRX_IDX_1001,KRW,INDEX
2011-04-04,18.469999313354492,1.559999942779541,0.010900000110268593,KRX_IDX_1001,KRW,INDEX
2011-04-05,18.600000381469727,1.5700000524520874,0.0108000002801418,KRX_IDX_1001,KRW,INDEX
2011-04-06,18.56999969482422,1.559999942779541,0.01080000028014183,KRX_IDX_1001,KRW,INDEX
2011-04-07,18.540000915527344,1.559999942779541,0.0108000002801418,KRX_IDX_1001,KRW,INDEX
2011-04-08,18.59000015258789,1.5700000524520874,0.0108000002801418,KRX_IDX_1001,KRW,INDEX
2011-04-11,18.540000915527344,1.559999942779541,0.0108000002801418,KRX_IDX_1001,KRW,INDEX
2011-04-12,18.270000457763672,1.5399999618530271,0.0109000001102685,KRX_IDX_1001,KRW,INDEX
2011-04-13,18.559999465942383,1.559999942779541,0.01080000028014183,KRX_IDX_1001,KRW,INDEX
2011-04-14,18.729999542236328,1.5800000429153442,0.010700000450015068,KRX_IDX_1001,KRW,INDEX
2011-04-15,18.71999931335449,1.5800000429153442,0.010700000450015,KRX_IDX_1001,KRW,INDEX
2011-04-18,18.709999084472656,1.5800000429153442,0.010700000450015068,KRX_IDX_1001,KRW,INDEX
2011-04-19,18.56999969482422,1.559999942779541,0.0108000002801418,KRX_IDX_1001,KRW,INDEX
2011-04-20,18.989999771118164,1.600000023841858,0.0104999998584389,KRX_IDX_1001,KRW,INDEX
2011-04-21,19.239999771118164,1.6200000047683716,0.0104000000283122,KRX_IDX_1001,KRW,INDEX
2011-04-22,19.239999771118164,1.6200000047683716,0.010400000028312206,KRX_IDX_1001,KRW,INDEX
2011-04-25,19.389999389648438,1.6299999952316284,0.01029999926686287,KRX_IDX_1001,KRW,INDEX
2011-04-26,19.309999465942383,1.6299999952316284,0.010400000028312206,KRX_IDX_1001,KRW,INDEX
2011-04-27,13.329999923706056,1.4500000476837158,0.0124000003561377,KRX_IDX_1001,KRW,INDEX
2011-04-28,13.329999923706056,1.4500000476837158,0.0124000003561377,KRX_IDX_1001,KRW,INDEX
2011-04-29,13.229999542236328,1.440000057220459,0.012500000186264515,KRX_IDX_1001,KRW,INDEX
2011-05-02,13.449999809265137,1.4600000381469729,0.0123000005260109,KRX_IDX_1001,KRW,INDEX
2011-05-03,13.279999732971191,1.440000057220459,0.0125000001862645,KRX_IDX_1001,KRW,INDEX
2011-05-04,13.15999984741211,1.4299999475479126,0.0126000000163912,KRX_IDX_1001,KRW,INDEX
2011-05-06,12.960000038146973,1.409999966621399,0.012799999676644802,KRX_IDX_1001,KRW,INDEX
2011-05-09,12.90999984741211,1.399999976158142,0.0127999996766448,KRX_IDX_1001,KRW,INDEX
2011-05-11,13.079999923706055,1.4199999570846558,0.01269999984651804,KRX_IDX_1001,KRW,INDEX
2011-05-12,12.84000015258789,1.3899999856948853,0.012899999506771564,KRX_IDX_1001,KRW,INDEX
2011-05-13,12.829999923706055,1.3899999856948853,0.012899999506771564,KRX_IDX_1001,KRW,INDEX
2011-05-16,12.729999542236328,1.3799999952316284,0.0129999993368983,KRX_IDX_1001,KRW,INDEX
2011-05-17,12.720000267028809,1.3799999952316284,0.0129999993368983,KRX_IDX_1001,KRW,INDEX
2011-05-18,12.920000076293944,1.399999976158142,0.0127999996766448,KRX_IDX_1001,KRW,INDEX
2011-05-19,12.680000305175781,1.3799999952316284,0.01309999916702509,KRX_IDX_1001,KRW,INDEX
2011-05-20,12.779999732971191,1.3899999856948853,0.012999999336898327,KRX_IDX_1001,KRW,INDEX
2011-05-23,12.449999809265137,1.350000023841858,0.0133000006899237,KRX_IDX_1001,KRW,INDEX
2011-05-24,12.489999771118164,1.350000023841858,0.013300000689923763,KRX_IDX_1001,KRW,INDEX
2011-05-25,12.329999923706056,1.340000033378601,0.0135000003501772,KRX_IDX_1001,KRW,INDEX
2011-05-26,12.670000076293944,1.3700000047683716,0.013099999167025,KRX_IDX_1001,KRW,INDEX
2011-05-27,12.720000267028809,1.3799999952316284,0.013099999167025,KRX_IDX_1001,KRW,INDEX
2011-05-30,12.68000030517578,1.3700000047683716,0.013099999167025,KRX_IDX_1001,KRW,INDEX
2011-05-31,12.979999542236328,1.409999966621399,0.012799999676644802,KRX_IDX_1001,KRW,INDEX
2011-06-01,12.970000267028809,1.409999966621399,0.012799999676644802,KRX_IDX_1001,KRW,INDEX
2011-06-02,12.8100004196167,1.3899999856948853,0.0129999993368983,KRX_IDX_1001,KRW,INDEX
2011-06-03,12.800000190734863,1.3899999856948853,0.012999999336898327,KRX_IDX_1001,KRW,INDEX
2011-06-07,12.729999542236328,1.3799999952316284,0.0129999993368983,KRX_IDX_1001,KRW,INDEX
2011-06-08,12.630000114440918,1.3700000047683716,0.013099999167025,KRX_IDX_1001,KRW,INDEX
2011-06-09,12.5600004196167,1.3600000143051147,0.013200000859797,KRX_IDX_1001,KRW,INDEX
2011-06-10,12.40999984741211,1.350000023841858,0.013400000520050526,KRX_IDX_1001,KRW,INDEX
2011-06-13,12.460000038146973,1.350000023841858,0.013400000520050526,KRX_IDX_1001,KRW,INDEX
2011-06-14,12.640000343322754,1.3700000047683716,0.013200000859797001,KRX_IDX_1001,KRW,INDEX
2011-06-15,12.6899995803833,1.3700000047683716,0.013099999167025,KRX_IDX_1001,KRW,INDEX
2011-06-16,12.449999809265137,1.350000023841858,0.0134000005200505,KRX_IDX_1001,KRW,INDEX
2011-06-17,12.359999656677246,1.340000033378601,0.013500000350177288,KRX_IDX_1001,KRW,INDEX
2011-06-20,12.289999961853027,1.3300000429153442,0.013600000180304,KRX_IDX_1001,KRW,INDEX
2011-06-21,12.460000038146973,1.350000023841858,0.0134000005200505,KRX_IDX_1001,KRW,INDEX
2011-06-22,12.5600004196167,1.3600000143051147,0.0133000006899237,KRX_IDX_1001,KRW,INDEX
2011-06-23,12.510000228881836,1.350000023841858,0.013300000689923763,KRX_IDX_1001,KRW,INDEX
2011-06-24,12.720000267028809,1.3799999952316284,0.013099999167025,KRX_IDX_1001,KRW,INDEX
2011-06-27,12.59000015258789,1.3600000143051147,0.013200000859797001,KRX_IDX_1001,KRW,INDEX
2011-06-28,12.550000190734863,1.3600000143051147,0.013300000689923763,KRX_IDX_1001,KRW,INDEX
2011-06-29,12.739999771118164,1.3799999952316284,0.01309999916702509,KRX_IDX_1001,KRW,INDEX
2011-06-30,12.760000228881836,1.3799999952316284,0.0129999993368983,KRX_IDX_1001,KRW,INDEX
2011-07-01,12.93000030517578,1.399999976158142,0.0128999995067715,KRX_IDX_1001,KRW,INDEX
2011-07-04,13.039999961853027,1.409999966621399,0.012699999846518,KRX_IDX_1001,KRW,INDEX
2011-07-05,13.149999618530273,1.4199999570846558,0.012600000016391277,KRX_IDX_1001,KRW,INDEX
2011-07-06,13.199999809265137,1.4299999475479126,0.0126000000163912,KRX_IDX_1001,KRW,INDEX
2011-07-07,13.260000228881836,1.440000057220459,0.012500000186264515,KRX_IDX_1001,KRW,INDEX
2011-07-08,13.260000228881836,1.4299999475479126,0.0125000001862645,KRX_IDX_1001,KRW,INDEX
2011-07-11,13.109999656677246,1.4199999570846558,0.01269999984651804,KRX_IDX_1001,KRW,INDEX
2011-07-12,12.81999969482422,1.3899999856948853,0.0129999993368983,KRX_IDX_1001,KRW,INDEX
2011-07-13,12.949999809265137,1.399999976158142,0.012799999676644802,KRX_IDX_1001,KRW,INDEX
2011-07-14,12.949999809265137,1.399999976158142,0.012799999676644802,KRX_IDX_1001,KRW,INDEX
2011-07-15,13.039999961853027,1.409999966621399,0.01269999984651804,KRX_IDX_1001,KRW,INDEX
2011-07-18,12.949999809265137,1.399999976158142,0.0127999996766448,KRX_IDX_1001,KRW,INDEX
2011-07-19,12.949999809265137,1.399999976158142,0.012799999676644802,KRX_IDX_1001,KRW,INDEX
2011-07-20,13.100000381469727,1.4199999570846558,0.01269999984651804,KRX_IDX_1001,KRW,INDEX
2011-07-21,13.029999732971191,1.409999966621399,0.012799999676644802,KRX_IDX_1001,KRW,INDEX
2011-07-22,13.199999809265137,1.4299999475479126,0.0126000000163912,KRX_IDX_1001,KRW,INDEX
2011-07-25,12.949999809265137,1.399999976158142,0.0129999993368983,KRX_IDX_1001,KRW,INDEX
2011-07-26,13.0600004196167,1.409999966621399,0.0128999995067715,KRX_IDX_1001,KRW,INDEX
2011-07-27,13.100000381469727,1.4199999570846558,0.012899999506771564,KRX_IDX_1001,KRW,INDEX
2011-07-28,12.979999542236328,1.409999966621399,0.0129999993368983,KRX_IDX_1001,KRW,INDEX
2011-07-29,12.84000015258789,1.3899999856948853,0.01309999916702509,KRX_IDX_1001,KRW,INDEX
2011-08-01,12.90999984741211,1.4199999570846558,0.0128999995067715,KRX_IDX_1001,KRW,INDEX
2011-08-02,12.600000381469727,1.3799999952316284,0.013200000859797001,KRX_IDX_1001,KRW,INDEX
2011-08-03,12.279999732971191,1.350000023841858,0.013600000180304,KRX_IDX_1001,KRW,INDEX
2011-08-04,11.989999771118164,1.3200000524520874,0.013899999670684338,KRX_IDX_1001,KRW,INDEX
2011-08-05,11.539999961853027,1.2699999809265137,0.014400000683963299,KRX_IDX_1001,KRW,INDEX
2011-08-08,11.100000381469727,1.2200000286102295,0.014999999664723873,KRX_IDX_1001,KRW,INDEX
2011-08-09,10.699999809265137,1.1699999570846558,0.015599999576807,KRX_IDX_1001,KRW,INDEX
2011-08-10,10.720000267028809,1.1799999475479126,0.01549999974668026,KRX_IDX_1001,KRW,INDEX
2011-08-11,10.789999961853027,1.1799999475479126,0.015399999916553497,KRX_IDX_1001,KRW,INDEX
2011-08-12,10.640000343322754,1.1699999570846558,0.015599999576807022,KRX_IDX_1001,KRW,INDEX
2011-08-16,11.15999984741211,1.2300000190734863,0.0148999998345971,KRX_IDX_1001,KRW,INDEX
2011-08-17,11.239999771118164,1.2300000190734863,0.014800000004470348,KRX_IDX_1001,KRW,INDEX
2011-08-18,11.039999961853027,1.2100000381469727,0.015099999494850636,KRX_IDX_1001,KRW,INDEX
2011-08-19,10.350000381469727,1.1399999856948853,0.016100000590085983,KRX_IDX_1001,KRW,INDEX
2011-08-22,10.140000343322754,1.1100000143051147,0.01640000008046627,KRX_IDX_1001,KRW,INDEX
2011-08-23,10.539999961853027,1.159999966621399,0.015800001099705696,KRX_IDX_1001,KRW,INDEX
2011-08-24,10.40999984741211,1.1399999856948853,0.01600000075995922,KRX_IDX_1001,KRW,INDEX
2011-08-25,10.470000267028809,1.149999976158142,0.01590000092983246,KRX_IDX_1001,KRW,INDEX
2011-08-26,10.5600004196167,1.159999966621399,0.0158000010997056,KRX_IDX_1001,KRW,INDEX
2011-08-29,10.859999656677246,1.190000057220459,0.015300000086426735,KRX_IDX_1001,KRW,INDEX
2011-08-30,10.949999809265137,1.2000000476837158,0.015200000256299973,KRX_IDX_1001,KRW,INDEX
2011-08-31,11.15999984741211,1.2200000286102295,0.01489999983459711,KRX_IDX_1001,KRW,INDEX
2011-09-01,11.15999984741211,1.2200000286102295,0.01489999983459711,KRX_IDX_1001,KRW,INDEX
2011-09-02,11.079999923706055,1.2200000286102295,0.014999999664723873,KRX_IDX_1001,KRW,INDEX
2011-09-05,10.600000381469727,1.159999966621399,0.015700001269578934,KRX_IDX_1001,KRW,INDEX
2011-09-06,10.479999542236328,1.149999976158142,0.01590000092983246,KRX_IDX_1001,KRW,INDEX
2011-09-07,10.880000114440918,1.190000057220459,0.0153000000864267,KRX_IDX_1001,KRW,INDEX
2011-09-08,10.960000038146973,1.2000000476837158,0.015200000256299973,KRX_IDX_1001,KRW,INDEX
2011-09-09,10.760000228881836,1.1799999475479126,0.01549999974668026,KRX_IDX_1001,KRW,INDEX
2011-09-14,10.380000114440918,1.1399999856948853,0.01600000075995922,KRX_IDX_1001,KRW,INDEX
2011-09-15,10.529999732971191,1.159999966621399,0.0158000010997056,KRX_IDX_1001,KRW,INDEX
2011-09-16,10.920000076293945,1.2000000476837158,0.015300000086426735,KRX_IDX_1001,KRW,INDEX
2011-09-19,10.800000190734863,1.190000057220459,0.015399999916553497,KRX_IDX_1001,KRW,INDEX
2011-09-20,10.90999984741211,1.2000000476837158,0.015300000086426735,KRX_IDX_1001,KRW,INDEX
2011-09-21,11.0,1.2100000381469727,0.015099999494850636,KRX_IDX_1001,KRW,INDEX
2011-09-22,10.680000305175781,1.1699999570846558,0.015599999576807022,KRX_IDX_1001,KRW,INDEX
2011-09-23,10.079999923706055,1.100000023841858,0.016499999910593033,KRX_IDX_1001,KRW,INDEX
2011-09-26,9.8100004196167,1.0800000429153442,0.017000000923871994,KRX_IDX_1001,KRW,INDEX
2011-09-27,10.3100004196167,1.1299999952316284,0.016200000420212746,KRX_IDX_1001,KRW,INDEX
2011-09-28,10.229999542236328,1.1200000047683716,0.016300000250339508,KRX_IDX_1001,KRW,INDEX
2011-09-29,10.470000267028809,1.149999976158142,0.01590000092983246,KRX_IDX_1001,KRW,INDEX
2011-09-30,10.479999542236328,1.149999976158142,0.01590000092983246,KRX_IDX_1001,KRW,INDEX
2011-10-04,10.100000381469727,1.1100000143051147,0.016499999910593033,KRX_IDX_1001,KRW,INDEX
2011-10-05,9.869999885559082,1.0800000429153442,0.01690000109374523,KRX_IDX_1001,KRW,INDEX
2011-10-06,10.140000343322754,1.1100000143051147,0.0164000000804662,KRX_IDX_1001,KRW,INDEX
2011-10-07,10.420000076293944,1.149999976158142,0.0160000007599592,KRX_IDX_1001,KRW,INDEX
2011-10-10,10.460000038146973,1.149999976158142,0.0159000009298324,KRX_IDX_1001,KRW,INDEX
2011-10-11,10.630000114440918,1.1699999570846558,0.0157000012695789,KRX_IDX_1001,KRW,INDEX
2011-10-12,10.720000267028809,1.1799999475479126,0.0154999997466802,KRX_IDX_1001,KRW,INDEX
2011-10-13,10.800000190734863,1.190000057220459,0.0153999999165534,KRX_IDX_1001,KRW,INDEX
2011-10-14,10.880000114440918,1.190000057220459,0.0153000000864267,KRX_IDX_1001,KRW,INDEX
2011-10-17,11.0600004196167,1.2100000381469729,0.0150999994948506,KRX_IDX_1001,KRW,INDEX
2011-10-18,10.899999618530272,1.2000000476837158,0.0153000000864267,KRX_IDX_1001,KRW,INDEX
2011-10-19,11.0,1.2100000381469727,0.015099999494850636,KRX_IDX_1001,KRW,INDEX
2011-10-20,10.699999809265137,1.1799999475479126,0.015599999576807,KRX_IDX_1001,KRW,INDEX
2011-10-21,10.899999618530272,1.2000000476837158,0.0153000000864267,KRX_IDX_1001,KRW,INDEX
2011-10-24,11.289999961853027,1.2400000095367432,0.014800000004470348,KRX_IDX_1001,KRW,INDEX
2011-10-25,11.220000267028809,1.2300000190734863,0.0148999998345971,KRX_IDX_1001,KRW,INDEX
2011-10-26,11.270000457763672,1.2300000190734863,0.0148000000044703,KRX_IDX_1001,KRW,INDEX
2011-10-27,11.4399995803833,1.25,0.0146000003442168,KRX_IDX_1001,KRW,INDEX
2011-10-28,11.489999771118164,1.2599999904632568,0.01450000051409,KRX_IDX_1001,KRW,INDEX
2011-10-31,11.359999656677246,1.2400000095367432,0.014700000174343586,KRX_IDX_1001,KRW,INDEX
2011-11-01,11.369999885559082,1.2400000095367432,0.014700000174343586,KRX_IDX_1001,KRW,INDEX
2011-11-02,11.289999961853027,1.2400000095367432,0.0148000000044703,KRX_IDX_1001,KRW,INDEX
2011-11-03,11.130000114440918,1.2200000286102295,0.0149999996647238,KRX_IDX_1001,KRW,INDEX
2011-11-04,11.479999542236328,1.2599999904632568,0.0146000003442168,KRX_IDX_1001,KRW,INDEX
2011-11-07,11.43000030517578,1.25,0.0146000003442168,KRX_IDX_1001,KRW,INDEX
2011-11-08,11.329999923706056,1.2400000095367432,0.0148000000044703,KRX_IDX_1001,KRW,INDEX
2011-11-09,11.359999656677246,1.2400000095367432,0.014700000174343586,KRX_IDX_1001,KRW,INDEX
2011-11-10,10.789999961853027,1.1799999475479126,0.01549999974668026,KRX_IDX_1001,KRW,INDEX
2011-11-11,11.09000015258789,1.2100000381469727,0.015099999494850636,KRX_IDX_1001,KRW,INDEX
2011-11-14,11.329999923706055,1.2400000095367432,0.014800000004470348,KRX_IDX_1001,KRW,INDEX
2011-11-15,11.229999542236328,1.2300000190734863,0.0148999998345971,KRX_IDX_1001,KRW,INDEX
2011-11-16,11.050000190734863,1.2100000381469727,0.015200000256299973,KRX_IDX_1001,KRW,INDEX
2011-11-17,11.18000030517578,1.2200000286102295,0.0149999996647238,KRX_IDX_1001,KRW,INDEX
2011-11-18,10.960000038146973,1.2000000476837158,0.015300000086426735,KRX_IDX_1001,KRW,INDEX
2011-11-21,10.84000015258789,1.190000057220459,0.01549999974668026,KRX_IDX_1001,KRW,INDEX
2011-11-22,10.890000343322754,1.190000057220459,0.015399999916553497,KRX_IDX_1001,KRW,INDEX
2011-11-23,10.630000114440918,1.159999966621399,0.015800001099705696,KRX_IDX_1001,KRW,INDEX
2011-11-24,10.6899995803833,1.1699999570846558,0.0157000012695789,KRX_IDX_1001,KRW,INDEX
2011-11-25,10.579999923706056,1.159999966621399,0.0159000009298324,KRX_IDX_1001,KRW,INDEX
2011-11-28,10.81999969482422,1.1799999475479126,0.0154999997466802,KRX_IDX_1001,KRW,INDEX
2011-11-29,11.069999694824219,1.2100000381469727,0.015200000256299973,KRX_IDX_1001,KRW,INDEX
2011-11-30,11.010000228881836,1.2000000476837158,0.015200000256299973,KRX_IDX_1001,KRW,INDEX
2011-12-01,11.430000305175781,1.25,0.014700000174343586,KRX_IDX_1001,KRW,INDEX
2011-12-02,11.430000305175781,1.25,0.014700000174343586,KRX_IDX_1001,KRW,INDEX
2011-12-05,11.470000267028809,1.25,0.014600000344216824,KRX_IDX_1001,KRW,INDEX
2011-12-06,11.359999656677246,1.2400000095367432,0.014800000004470348,KRX_IDX_1001,KRW,INDEX
2011-12-07,11.449999809265137,1.25,0.0147000001743435,KRX_IDX_1001,KRW,INDEX
2011-12-08,11.40999984741211,1.25,0.014700000174343586,KRX_IDX_1001,KRW,INDEX
2011-12-09,11.1899995803833,1.2200000286102295,0.014999999664723873,KRX_IDX_1001,KRW,INDEX
2011-12-12,11.34000015258789,1.2400000095367432,0.014800000004470348,KRX_IDX_1001,KRW,INDEX
2011-12-13,11.130000114440918,1.2200000286102295,0.015099999494850636,KRX_IDX_1001,KRW,INDEX
2011-12-14,11.079999923706056,1.2100000381469729,0.0152000002562999,KRX_IDX_1001,KRW,INDEX
2011-12-15,10.850000381469728,1.190000057220459,0.0154999997466802,KRX_IDX_1001,KRW,INDEX
2011-12-16,10.979999542236328,1.2000000476837158,0.0153000000864267,KRX_IDX_1001,KRW,INDEX
2011-12-19,10.600000381469727,1.159999966621399,0.01590000092983246,KRX_IDX_1001,KRW,INDEX
2011-12-20,10.699999809265137,1.1699999570846558,0.015700001269578934,KRX_IDX_1001,KRW,INDEX
2011-12-21,11.029999732971191,1.2000000476837158,0.015200000256299973,KRX_IDX_1001,KRW,INDEX
2011-12-22,11.020000457763672,1.2000000476837158,0.015300000086426735,KRX_IDX_1001,KRW,INDEX
2011-12-23,11.149999618530272,1.2200000286102295,0.0150999994948506,KRX_IDX_1001,KRW,INDEX
2011-12-26,11.09000015258789,1.2100000381469729,0.0152000002562999,KRX_IDX_1001,KRW,INDEX
2011-12-27,11.0,1.2000000476837158,0.015300000086426735,KRX_IDX_1001,KRW,INDEX
2011-12-28,10.890000343322754,1.190000057220459,0.015399999916553497,KRX_IDX_1001,KRW,INDEX
2011-12-29,10.899999618530273,1.190000057220459,0.015399999916553497,KRX_IDX_1001,KRW,INDEX
2012-01-02,10.899999618530273,1.190000057220459,0.015399999916553497,KRX_IDX_1001,KRW,INDEX
2012-01-03,11.199999809265137,1.2200000286102295,0.0149999996647238,KRX_IDX_1001,KRW,INDEX
2012-01-04,11.140000343322754,1.2200000286102295,0.015099999494850636,KRX_IDX_1001,KRW,INDEX
2012-01-05,11.140000343322754,1.2200000286102295,0.0150999994948506,KRX_IDX_1001,KRW,INDEX
2012-01-06,11.020000457763672,1.2000000476837158,0.0153000000864267,KRX_IDX_1001,KRW,INDEX
2012-01-09,10.920000076293944,1.190000057220459,0.0153999999165534,KRX_IDX_1001,KRW,INDEX
2012-01-10,11.079999923706056,1.2100000381469729,0.0152000002562999,KRX_IDX_1001,KRW,INDEX
2012-01-11,11.050000190734863,1.2000000476837158,0.0153000000864267,KRX_IDX_1001,KRW,INDEX
2012-01-12,11.170000076293944,1.2200000286102295,0.0150999994948506,KRX_IDX_1001,KRW,INDEX
2012-01-13,11.239999771118164,1.2200000286102295,0.014999999664723873,KRX_IDX_1001,KRW,INDEX
2012-01-16,11.140000343322754,1.2100000381469727,0.015099999494850636,KRX_IDX_1001,KRW,INDEX
2012-01-17,11.34000015258789,1.2300000190734863,0.0148999998345971,KRX_IDX_1001,KRW,INDEX
2012-01-18,11.34000015258789,1.2300000190734863,0.0148999998345971,KRX_IDX_1001,KRW,INDEX
2012-01-19,11.470000267028809,1.25,0.014700000174343586,KRX_IDX_1001,KRW,INDEX
2012-01-20,11.68000030517578,1.2699999809265137,0.0144000006839632,KRX_IDX_1001,KRW,INDEX
2012-01-25,11.699999809265137,1.2699999809265137,0.0144000006839632,KRX_IDX_1001,KRW,INDEX
2012-01-26,11.729999542236328,1.2799999713897705,0.0144000006839632,KRX_IDX_1001,KRW,INDEX
2012-01-27,11.770000457763672,1.2799999713897705,0.014299999922513962,KRX_IDX_1001,KRW,INDEX
2012-01-30,11.630000114440918,1.2599999904632568,0.01450000051409,KRX_IDX_1001,KRW,INDEX
2012-01-31,11.720000267028809,1.2699999809265137,0.0144000006839632,KRX_IDX_1001,KRW,INDEX
2012-02-01,11.739999771118164,1.2799999713897705,0.0144000006839632,KRX_IDX_1001,KRW,INDEX
2012-02-02,11.890000343322754,1.2899999618530273,0.014199999161064625,KRX_IDX_1001,KRW,INDEX
2012-02-03,11.819999694824219,1.2899999618530273,0.014299999922513962,KRX_IDX_1001,KRW,INDEX
2012-02-06,11.81999969482422,1.2899999618530271,0.0142999999225139,KRX_IDX_1001,KRW,INDEX
2012-02-07,11.869999885559082,1.2899999618530271,0.0141999991610646,KRX_IDX_1001,KRW,INDEX
2012-02-08,12.0,1.309999942779541,0.0139999995008111,KRX_IDX_1001,KRW,INDEX
2012-02-09,12.079999923706056,1.309999942779541,0.0139999995008111,KRX_IDX_1001,KRW,INDEX
2012-02-10,11.949999809265137,1.2999999523162842,0.0140999993309378,KRX_IDX_1001,KRW,INDEX
2012-02-13,12.020000457763672,1.309999942779541,0.0139999995008111,KRX_IDX_1001,KRW,INDEX
2012-02-14,12.0,1.309999942779541,0.0139999995008111,KRX_IDX_1001,KRW,INDEX
2012-02-15,12.140000343322754,1.3200000524520874,0.013899999670684338,KRX_IDX_1001,KRW,INDEX
2012-02-16,11.970000267028809,1.2999999523162842,0.0140999993309378,KRX_IDX_1001,KRW,INDEX
2012-02-17,12.130000114440918,1.3200000524520874,0.0138999996706843,KRX_IDX_1001,KRW,INDEX
2012-02-20,12.140000343322754,1.3200000524520874,0.013899999670684338,KRX_IDX_1001,KRW,INDEX
2012-02-21,12.130000114440918,1.3200000524520874,0.0138999996706843,KRX_IDX_1001,KRW,INDEX
2012-02-22,12.15999984741211,1.3200000524520874,0.0138999996706843,KRX_IDX_1001,KRW,INDEX
2012-02-23,12.010000228881836,1.309999942779541,0.0139999995008111,KRX_IDX_1001,KRW,INDEX
2012-02-24,12.079999923706056,1.3200000524520874,0.0138999996706843,KRX_IDX_1001,KRW,INDEX
2012-02-27,11.90999984741211,1.2999999523162842,0.0140999993309378,KRX_IDX_1001,KRW,INDEX
2012-02-28,11.979999542236328,1.309999942779541,0.0139999995008111,KRX_IDX_1001,KRW,INDEX
2012-02-29,12.15999984741211,1.3300000429153442,0.0137999998405575,KRX_IDX_1001,KRW,INDEX
2012-03-02,12.170000076293944,1.3300000429153442,0.0137999998405575,KRX_IDX_1001,KRW,INDEX
2012-03-05,12.0600004196167,1.3200000524520874,0.013899999670684338,KRX_IDX_1001,KRW,INDEX
2012-03-06,11.970000267028809,1.309999942779541,0.0139999995008111,KRX_IDX_1001,KRW,INDEX
2012-03-07,11.869999885559082,1.2899999618530271,0.0141999991610646,KRX_IDX_1001,KRW,INDEX
2012-03-08,11.979999542236328,1.309999942779541,0.0139999995008111,KRX_IDX_1001,KRW,INDEX
2012-03-09,12.09000015258789,1.3200000524520874,0.0138999996706843,KRX_IDX_1001,KRW,INDEX
2012-03-12,11.989999771118164,1.309999942779541,0.0139999995008111,KRX_IDX_1001,KRW,INDEX
2012-03-13,12.130000114440918,1.3200000524520874,0.0138999996706843,KRX_IDX_1001,KRW,INDEX
2012-03-14,12.25,1.340000033378601,0.0137000000104308,KRX_IDX_1001,KRW,INDEX
2012-03-15,12.239999771118164,1.3300000429153442,0.013700000010430813,KRX_IDX_1001,KRW,INDEX
2012-03-16,12.18000030517578,1.3300000429153442,0.0137999998405575,KRX_IDX_1001,KRW,INDEX
2012-03-19,12.890000343322754,1.3300000429153442,0.0137000000104308,KRX_IDX_1001,KRW,INDEX
2012-03-20,12.859999656677246,1.3300000429153442,0.0137000000104308,KRX_IDX_1001,KRW,INDEX
2012-03-21,12.770000457763672,1.3200000524520874,0.0137999998405575,KRX_IDX_1001,KRW,INDEX
2012-03-22,12.760000228881836,1.3200000524520874,0.013799999840557575,KRX_IDX_1001,KRW,INDEX
2012-03-23,12.770000457763672,1.3200000524520874,0.013799999840557575,KRX_IDX_1001,KRW,INDEX
2012-03-26,12.720000267028809,1.3200000524520874,0.0138999996706843,KRX_IDX_1001,KRW,INDEX
2012-03-27,12.850000381469728,1.3300000429153442,0.0137000000104308,KRX_IDX_1001,KRW,INDEX
2012-03-28,12.800000190734863,1.3300000429153442,0.013799999840557575,KRX_IDX_1001,KRW,INDEX
2012-03-29,12.6899995803833,1.309999942779541,0.013899999670684338,KRX_IDX_1001,KRW,INDEX
2012-03-30,12.6899995803833,1.309999942779541,0.0138999996706843,KRX_IDX_1001,KRW,INDEX
2012-04-02,12.75,1.3200000524520874,0.013799999840557575,KRX_IDX_1001,KRW,INDEX
2012-04-03,12.880000114440918,1.340000033378601,0.0137000000104308,KRX_IDX_1001,KRW,INDEX
2012-04-04,12.68000030517578,1.3200000524520874,0.0138999996706843,KRX_IDX_1001,KRW,INDEX
2012-04-05,12.75,1.3200000524520874,0.0137999998405575,KRX_IDX_1001,KRW,INDEX
2012-04-06,12.75,1.3200000524520874,0.013799999840557575,KRX_IDX_1001,KRW,INDEX
2012-04-09,12.550000190734863,1.2999999523162842,0.0139999995008111,KRX_IDX_1001,KRW,INDEX
2012-04-10,12.529999732971191,1.2999999523162842,0.0139999995008111,KRX_IDX_1001,KRW,INDEX
2012-04-12,12.470000267028809,1.2999999523162842,0.0140999993309378,KRX_IDX_1001,KRW,INDEX
2012-04-13,12.609999656677246,1.309999942779541,0.0138999996706843,KRX_IDX_1001,KRW,INDEX
2012-04-16,12.510000228881836,1.2999999523162842,0.0140999993309378,KRX_IDX_1001,KRW,INDEX
2012-04-17,12.470000267028809,1.2999999523162842,0.0140999993309378,KRX_IDX_1001,KRW,INDEX
2012-04-18,12.350000381469728,1.309999942779541,0.0139999995008111,KRX_IDX_1001,KRW,INDEX
2012-04-19,12.31999969482422,1.2999999523162842,0.0139999995008111,KRX_IDX_1001,KRW,INDEX
2012-04-20,12.15999984741211,1.2899999618530273,0.014199999161064625,KRX_IDX_1001,KRW,INDEX
2012-04-23,12.149999618530273,1.2899999618530273,0.014199999161064625,KRX_IDX_1001,KRW,INDEX
2012-04-24,12.829999923706055,1.2300000190734863,0.013700000010430813,KRX_IDX_1001,KRW,INDEX
2012-04-25,12.81999969482422,1.2300000190734863,0.0137000000104308,KRX_IDX_1001,KRW,INDEX
2012-04-26,12.829999923706056,1.2300000190734863,0.0137000000104308,KRX_IDX_1001,KRW,INDEX
2012-04-27,12.90999984741211,1.2400000095367432,0.013600000180304,KRX_IDX_1001,KRW,INDEX
2012-04-30,12.949999809265137,1.25,0.01360000018030405,KRX_IDX_1001,KRW,INDEX
2012-05-02,13.050000190734863,1.2599999904632568,0.0135000003501772,KRX_IDX_1001,KRW,INDEX
2012-05-03,13.020000457763672,1.25,0.013500000350177288,KRX_IDX_1001,KRW,INDEX
2012-05-04,12.979999542236328,1.25,0.0135000003501772,KRX_IDX_1001,KRW,INDEX
2012-05-07,12.760000228881836,1.2300000190734863,0.013799999840557575,KRX_IDX_1001,KRW,INDEX
2012-05-08,12.829999923706055,1.2400000095367432,0.013700000010430813,KRX_IDX_1001,KRW,INDEX
2012-05-09,12.720000267028809,1.2300000190734863,0.013799999840557575,KRX_IDX_1001,KRW,INDEX
2012-05-10,12.6899995803833,1.2200000286102295,0.0137999998405575,KRX_IDX_1001,KRW,INDEX
2012-05-11,12.510000228881836,1.2000000476837158,0.0139999995008111,KRX_IDX_1001,KRW,INDEX
2012-05-14,12.489999771118164,1.2000000476837158,0.014099999330937862,KRX_IDX_1001,KRW,INDEX
2012-05-15,12.399999618530272,1.190000057220459,0.0141999991610646,KRX_IDX_1001,KRW,INDEX
2012-05-16,12.010000228881836,1.159999966621399,0.0146000003442168,KRX_IDX_1001,KRW,INDEX
2012-05-17,12.039999961853027,1.159999966621399,0.014600000344216824,KRX_IDX_1001,KRW,INDEX
2012-05-18,11.630000114440918,1.1200000047683716,0.015099999494850636,KRX_IDX_1001,KRW,INDEX
2012-05-21,11.75,1.1299999952316284,0.014999999664723873,KRX_IDX_1001,KRW,INDEX
2012-05-22,11.9399995803833,1.149999976158142,0.0147000001743435,KRX_IDX_1001,KRW,INDEX
2012-05-23,11.8100004196167,1.1399999856948853,0.01489999983459711,KRX_IDX_1001,KRW,INDEX
2012-05-24,11.850000381469728,1.1399999856948853,0.0148000000044703,KRX_IDX_1001,KRW,INDEX
2012-05-25,11.90999984741211,1.149999976158142,0.0148000000044703,KRX_IDX_1001,KRW,INDEX
2012-05-29,12.06999969482422,1.159999966621399,0.0146000003442168,KRX_IDX_1001,KRW,INDEX
2012-05-30,12.029999732971191,1.159999966621399,0.0146000003442168,KRX_IDX_1001,KRW,INDEX
2012-05-31,12.020000457763672,1.159999966621399,0.014600000344216824,KRX_IDX_1001,KRW,INDEX
2012-06-01,11.970000267028809,1.149999976158142,0.014700000174343586,KRX_IDX_1001,KRW,INDEX
2012-06-04,11.630000114440918,1.1200000047683716,0.015099999494850636,KRX_IDX_1001,KRW,INDEX
2012-06-05,11.760000228881836,1.1299999952316284,0.0148999998345971,KRX_IDX_1001,KRW,INDEX
2012-06-07,12.0600004196167,1.159999966621399,0.0146000003442168,KRX_IDX_1001,KRW,INDEX
2012-06-08,11.979999542236328,1.149999976158142,0.0147000001743435,KRX_IDX_1001,KRW,INDEX
2012-06-11,12.1899995803833,1.1699999570846558,0.0144000006839632,KRX_IDX_1001,KRW,INDEX
2012-06-12,12.100000381469727,1.1699999570846558,0.014500000514090061,KRX_IDX_1001,KRW,INDEX
2012-06-13,12.140000343322754,1.1699999570846558,0.01450000051409,KRX_IDX_1001,KRW,INDEX
2012-06-14,12.210000038146973,1.1799999475479126,0.014400000683963299,KRX_IDX_1001,KRW,INDEX
2012-06-15,12.119999885559082,1.1699999570846558,0.014500000514090061,KRX_IDX_1001,KRW,INDEX
2012-06-18,12.350000381469728,1.190000057220459,0.0141999991610646,KRX_IDX_1001,KRW,INDEX
2012-06-19,12.350000381469728,1.190000057220459,0.0141999991610646,KRX_IDX_1001,KRW,INDEX
2012-06-20,12.430000305175781,1.2000000476837158,0.014099999330937862,KRX_IDX_1001,KRW,INDEX
2012-06-21,12.34000015258789,1.190000057220459,0.0141999991610646,KRX_IDX_1001,KRW,INDEX
2012-06-22,12.0600004196167,1.159999966621399,0.014600000344216824,KRX_IDX_1001,KRW,INDEX
2012-06-25,11.90999984741211,1.149999976158142,0.0147000001743435,KRX_IDX_1001,KRW,INDEX
2012-06-26,11.869999885559082,1.1399999856948853,0.0148000000044703,KRX_IDX_1001,KRW,INDEX
2012-06-27,11.869999885559082,1.1399999856948853,0.014800000004470348,KRX_IDX_1001,KRW,INDEX
2012-06-28,11.880000114440918,1.1399999856948853,0.0148000000044703,KRX_IDX_1001,KRW,INDEX
2012-06-29,12.100000381469727,1.1699999570846558,0.014500000514090061,KRX_IDX_1001,KRW,INDEX
2012-07-02,12.09000015258789,1.159999966621399,0.014500000514090061,KRX_IDX_1001,KRW,INDEX
2012-07-03,12.1899995803833,1.1699999570846558,0.014400000683963299,KRX_IDX_1001,KRW,INDEX
2012-07-04,12.239999771118164,1.1799999475479126,0.014400000683963299,KRX_IDX_1001,KRW,INDEX
2012-07-05,12.239999771118164,1.1799999475479126,0.014299999922513962,KRX_IDX_1001,KRW,INDEX
2012-07-06,12.130000114440918,1.1699999570846558,0.014500000514090061,KRX_IDX_1001,KRW,INDEX
2012-07-09,11.979999542236328,1.149999976158142,0.0147000001743435,KRX_IDX_1001,KRW,INDEX
2012-07-10,11.9399995803833,1.149999976158142,0.0147000001743435,KRX_IDX_1001,KRW,INDEX
2012-07-11,11.920000076293944,1.149999976158142,0.0147000001743435,KRX_IDX_1001,KRW,INDEX
2012-07-12,11.649999618530272,1.1200000047683716,0.0150999994948506,KRX_IDX_1001,KRW,INDEX
2012-07-13,11.829999923706056,1.1399999856948853,0.0148000000044703,KRX_IDX_1001,KRW,INDEX
2012-07-16,11.789999961853027,1.1399999856948853,0.014800000004470348,KRX_IDX_1001,KRW,INDEX
2012-07-17,11.800000190734863,1.149999976158142,0.0147000001743435,KRX_IDX_1001,KRW,INDEX
2012-07-18,11.619999885559082,1.1299999952316284,0.0148999998345971,KRX_IDX_1001,KRW,INDEX
2012-07-19,11.8100004196167,1.149999976158142,0.0147000001743435,KRX_IDX_1001,KRW,INDEX
2012-07-20,11.8100004196167,1.149999976158142,0.0147000001743435,KRX_IDX_1001,KRW,INDEX
2012-07-23,11.59000015258789,1.1299999952316284,0.0149999996647238,KRX_IDX_1001,KRW,INDEX
2012-07-24,11.619999885559082,1.1299999952316284,0.01489999983459711,KRX_IDX_1001,KRW,INDEX
2012-07-25,11.460000038146973,1.1100000143051147,0.015200000256299973,KRX_IDX_1001,KRW,INDEX
2012-07-26,11.550000190734863,1.1200000047683716,0.0149999996647238,KRX_IDX_1001,KRW,INDEX
2012-07-27,11.850000381469727,1.149999976158142,0.014700000174343586,KRX_IDX_1001,KRW,INDEX
2012-07-30,11.9399995803833,1.159999966621399,0.014500000514090061,KRX_IDX_1001,KRW,INDEX
2012-07-31,12.1899995803833,1.1799999475479126,0.014199999161064625,KRX_IDX_1001,KRW,INDEX
2012-08-01,12.170000076293945,1.1799999475479126,0.014299999922513962,KRX_IDX_1001,KRW,INDEX
2012-08-02,11.979999542236328,1.1799999475479126,0.0142999999225139,KRX_IDX_1001,KRW,INDEX
2012-08-03,11.850000381469727,1.159999966621399,0.014500000514090061,KRX_IDX_1001,KRW,INDEX
2012-08-06,12.09000015258789,1.190000057220459,0.0141999991610646,KRX_IDX_1001,KRW,INDEX
2012-08-07,12.100000381469727,1.190000057220459,0.014199999161064625,KRX_IDX_1001,KRW,INDEX
2012-08-08,12.199999809265137,1.2000000476837158,0.0140999993309378,KRX_IDX_1001,KRW,INDEX
2012-08-09,12.520000457763672,1.2100000381469729,0.0137000000104308,KRX_IDX_1001,KRW,INDEX
2012-08-10,12.550000190734863,1.2200000286102295,0.013600000180304,KRX_IDX_1001,KRW,INDEX
2012-08-13,12.460000038146973,1.2100000381469729,0.0137000000104308,KRX_IDX_1001,KRW,INDEX
2012-08-14,12.619999885559082,1.2200000286102295,0.013600000180304,KRX_IDX_1001,KRW,INDEX
2012-08-16,12.630000114440918,1.2200000286102295,0.013500000350177288,KRX_IDX_1001,KRW,INDEX
2012-08-17,12.5600004196167,1.2200000286102295,0.01360000018030405,KRX_IDX_1001,KRW,INDEX
2012-08-20,12.550000190734863,1.2200000286102295,0.01360000018030405,KRX_IDX_1001,KRW,INDEX
2012-08-21,12.529999732971191,1.2200000286102295,0.0137000000104308,KRX_IDX_1001,KRW,INDEX
2012-08-22,12.479999542236328,1.2100000381469729,0.0137000000104308,KRX_IDX_1001,KRW,INDEX
2012-08-23,12.529999732971191,1.2200000286102295,0.0137000000104308,KRX_IDX_1001,KRW,INDEX
2012-08-24,12.380000114440918,1.2000000476837158,0.013799999840557575,KRX_IDX_1001,KRW,INDEX
2012-08-27,12.369999885559082,1.2000000476837158,0.013799999840557575,KRX_IDX_1001,KRW,INDEX
2012-08-28,12.359999656677246,1.2000000476837158,0.013799999840557575,KRX_IDX_1001,KRW,INDEX
2012-08-29,12.4399995803833,1.2100000381469729,0.0137999998405575,KRX_IDX_1001,KRW,INDEX
2012-08-30,12.289999961853027,1.190000057220459,0.013899999670684338,KRX_IDX_1001,KRW,INDEX
2012-08-31,12.279999732971191,1.190000057220459,0.0138999996706843,KRX_IDX_1001,KRW,INDEX
2012-09-03,12.329999923706055,1.2000000476837158,0.013899999670684338,KRX_IDX_1001,KRW,INDEX
2012-09-04,12.300000190734863,1.190000057220459,0.013899999670684338,KRX_IDX_1001,KRW,INDEX
2012-09-05,12.079999923706055,1.1699999570846558,0.014199999161064625,KRX_IDX_1001,KRW,INDEX
2012-09-06,12.130000114440918,1.1799999475479126,0.0140999993309378,KRX_IDX_1001,KRW,INDEX
2012-09-07,12.449999809265137,1.2100000381469727,0.013700000010430813,KRX_IDX_1001,KRW,INDEX
2012-09-10,12.430000305175781,1.2000000476837158,0.013799999840557575,KRX_IDX_1001,KRW,INDEX
2012-09-11,12.399999618530273,1.2000000476837158,0.013799999840557575,KRX_IDX_1001,KRW,INDEX
2012-09-12,12.59000015258789,1.2200000286102295,0.013600000180304,KRX_IDX_1001,KRW,INDEX
2012-09-13,12.59000015258789,1.2200000286102295,0.013600000180304,KRX_IDX_1001,KRW,INDEX
2012-09-14,12.960000038146973,1.2599999904632568,0.013200000859797,KRX_IDX_1001,KRW,INDEX
2012-09-17,12.93000030517578,1.25,0.013200000859797,KRX_IDX_1001,KRW,INDEX
2012-09-18,12.949999809265137,1.25,0.013200000859797,KRX_IDX_1001,KRW,INDEX
2012-09-19,12.960000038146973,1.2599999904632568,0.013200000859797,KRX_IDX_1001,KRW,INDEX
2012-09-20,12.850000381469727,1.25,0.013300000689923763,KRX_IDX_1001,KRW,INDEX
2012-09-21,12.93000030517578,1.25,0.013200000859797,KRX_IDX_1001,KRW,INDEX
2012-09-24,12.93000030517578,1.25,0.013200000859797,KRX_IDX_1001,KRW,INDEX
2012-09-25,12.859999656677246,1.25,0.0133000006899237,KRX_IDX_1001,KRW,INDEX
2012-09-26,12.789999961853027,1.2400000095367432,0.0134000005200505,KRX_IDX_1001,KRW,INDEX
2012-09-27,12.81999969482422,1.2400000095367432,0.0133000006899237,KRX_IDX_1001,KRW,INDEX
2012-09-28,12.859999656677246,1.25,0.0133000006899237,KRX_IDX_1001,KRW,INDEX
2012-10-02,12.859999656677246,1.25,0.013300000689923763,KRX_IDX_1001,KRW,INDEX
2012-10-04,12.84000015258789,1.25,0.013300000689923763,KRX_IDX_1001,KRW,INDEX
2012-10-05,12.84000015258789,1.25,0.013300000689923763,KRX_IDX_1001,KRW,INDEX
2012-10-08,12.729999542236328,1.2400000095367432,0.0134000005200505,KRX_IDX_1001,KRW,INDEX
2012-10-09,12.720000267028809,1.2400000095367432,0.0134000005200505,KRX_IDX_1001,KRW,INDEX
2012-10-10,12.510000228881836,1.2200000286102295,0.01360000018030405,KRX_IDX_1001,KRW,INDEX
2012-10-11,12.420000076293945,1.2100000381469727,0.013799999840557575,KRX_IDX_1001,KRW,INDEX
2012-10-12,12.420000076293945,1.2100000381469727,0.013700000010430813,KRX_IDX_1001,KRW,INDEX
2012-10-15,12.369999885559082,1.2000000476837158,0.013799999840557575,KRX_IDX_1001,KRW,INDEX
2012-10-16,12.479999542236328,1.2100000381469729,0.0137000000104308,KRX_IDX_1001,KRW,INDEX
2012-10-17,12.56999969482422,1.2200000286102295,0.013600000180304,KRX_IDX_1001,KRW,INDEX
2012-10-18,12.59000015258789,1.2200000286102295,0.01360000018030405,KRX_IDX_1001,KRW,INDEX
2012-10-19,12.489999771118164,1.2100000381469729,0.0137000000104308,KRX_IDX_1001,KRW,INDEX
2012-10-22,12.479999542236328,1.2100000381469727,0.013700000010430813,KRX_IDX_1001,KRW,INDEX
2012-10-23,12.380000114440918,1.2000000476837158,0.0137999998405575,KRX_IDX_1001,KRW,INDEX
2012-10-24,12.300000190734863,1.2000000476837158,0.0138999996706843,KRX_IDX_1001,KRW,INDEX
2012-10-25,12.359999656677246,1.2000000476837158,0.013799999840557575,KRX_IDX_1001,KRW,INDEX
2012-10-26,12.149999618530272,1.1799999475479126,0.0140999993309378,KRX_IDX_1001,KRW,INDEX
2012-10-29,12.149999618530272,1.1799999475479126,0.0139999995008111,KRX_IDX_1001,KRW,INDEX
2012-10-30,12.199999809265137,1.190000057220459,0.0139999995008111,KRX_IDX_1001,KRW,INDEX
2012-10-31,12.279999732971191,1.190000057220459,0.0138999996706843,KRX_IDX_1001,KRW,INDEX
2012-11-01,12.210000038146973,1.190000057220459,0.0139999995008111,KRX_IDX_1001,KRW,INDEX
2012-11-02,12.34000015258789,1.2000000476837158,0.0137999998405575,KRX_IDX_1001,KRW,INDEX
2012-11-05,12.270000457763672,1.190000057220459,0.013899999670684338,KRX_IDX_1001,KRW,INDEX
2012-11-06,12.399999618530273,1.2100000381469727,0.013799999840557575,KRX_IDX_1001,KRW,INDEX
2012-11-07,12.460000038146973,1.2100000381469727,0.013700000010430813,KRX_IDX_1001,KRW,INDEX
2012-11-08,12.3100004196167,1.2000000476837158,0.0138999996706843,KRX_IDX_1001,KRW,INDEX
2012-11-09,12.3100004196167,1.190000057220459,0.0139999995008111,KRX_IDX_1001,KRW,INDEX
2012-11-12,12.289999961853027,1.190000057220459,0.0139999995008111,KRX_IDX_1001,KRW,INDEX
2012-11-13,12.220000267028809,1.1799999475479126,0.0140999993309378,KRX_IDX_1001,KRW,INDEX
2012-11-14,12.25,1.1799999475479126,0.0139999995008111,KRX_IDX_1001,KRW,INDEX
2012-11-15,12.09000015258789,1.1699999570846558,0.014199999161064625,KRX_IDX_1001,KRW,INDEX
2012-11-16,12.029999732971191,1.159999966621399,0.0142999999225139,KRX_IDX_1001,KRW,INDEX
2012-11-19,12.149999618530272,1.1699999570846558,0.0140999993309378,KRX_IDX_1001,KRW,INDEX
2012-11-20,12.229999542236328,1.1799999475479126,0.014099999330937862,KRX_IDX_1001,KRW,INDEX
2012-11-21,12.180000305175781,1.1799999475479126,0.014099999330937862,KRX_IDX_1001,KRW,INDEX
2012-11-22,12.289999961853027,1.190000057220459,0.0139999995008111,KRX_IDX_1001,KRW,INDEX
2012-11-23,12.359999656677246,1.2000000476837158,0.013899999670684338,KRX_IDX_1001,KRW,INDEX
2012-11-26,12.34000015258789,1.190000057220459,0.013899999670684338,KRX_IDX_1001,KRW,INDEX
2012-11-27,12.449999809265137,1.2000000476837158,0.0137999998405575,KRX_IDX_1001,KRW,INDEX
2012-11-28,12.369999885559082,1.2000000476837158,0.013899999670684338,KRX_IDX_1001,KRW,INDEX
2012-11-29,12.510000228881836,1.2100000381469729,0.0137000000104308,KRX_IDX_1001,KRW,INDEX
2012-11-30,12.5,1.2100000381469727,0.013700000010430813,KRX_IDX_1001,KRW,INDEX
2012-12-03,12.550000190734863,1.2100000381469727,0.013700000010430813,KRX_IDX_1001,KRW,INDEX
2012-12-04,12.510000228881836,1.2100000381469727,0.013700000010430813,KRX_IDX_1001,KRW,INDEX
2012-12-05,12.59000015258789,1.2200000286102295,0.013600000180304,KRX_IDX_1001,KRW,INDEX
2012-12-06,12.609999656677246,1.2200000286102295,0.01360000018030405,KRX_IDX_1001,KRW,INDEX
2012-12-07,12.65999984741211,1.2200000286102295,0.013600000180304,KRX_IDX_1001,KRW,INDEX
2012-12-10,12.670000076293945,1.2200000286102295,0.01360000018030405,KRX_IDX_1001,KRW,INDEX
2012-12-11,12.699999809265137,1.2300000190734863,0.0135000003501772,KRX_IDX_1001,KRW,INDEX
2012-12-12,12.779999732971191,1.2400000095367432,0.013400000520050526,KRX_IDX_1001,KRW,INDEX
2012-12-13,12.960000038146973,1.25,0.0133000006899237,KRX_IDX_1001,KRW,INDEX
2012-12-14,12.90999984741211,1.25,0.0133000006899237,KRX_IDX_1001,KRW,INDEX
2012-12-17,12.829999923706056,1.2400000095367432,0.0134000005200505,KRX_IDX_1001,KRW,INDEX
2012-12-18,12.899999618530273,1.25,0.013300000689923763,KRX_IDX_1001,KRW,INDEX
2012-12-20,12.9399995803833,1.25,0.013300000689923763,KRX_IDX_1001,KRW,INDEX
2012-12-21,12.8100004196167,1.2400000095367432,0.013400000520050526,KRX_IDX_1001,KRW,INDEX
2012-12-24,12.819999694824219,1.2400000095367432,0.013400000520050526,KRX_IDX_1001,KRW,INDEX
2012-12-26,12.829999923706055,1.2400000095367432,0.013400000520050526,KRX_IDX_1001,KRW,INDEX
2012-12-27,12.859999656677246,1.2400000095367432,0.013400000520050526,KRX_IDX_1001,KRW,INDEX
2012-12-28,12.920000076293945,1.25,0.013300000689923763,KRX_IDX_1001,KRW,INDEX
2013-01-02,13.15999984741211,1.2699999809265137,0.01309999916702509,KRX_IDX_1001,KRW,INDEX
2013-01-03,13.079999923706055,1.2599999904632568,0.01309999916702509,KRX_IDX_1001,KRW,INDEX
2013-01-04,13.029999732971191,1.2599999904632568,0.013200000859797001,KRX_IDX_1001,KRW,INDEX
2013-01-07,13.020000457763672,1.2599999904632568,0.013200000859797001,KRX_IDX_1001,KRW,INDEX
2013-01-08,12.930000305175781,1.25,0.013300000689923763,KRX_IDX_1001,KRW,INDEX
2013-01-09,12.890000343322754,1.25,0.013300000689923763,KRX_IDX_1001,KRW,INDEX
2013-01-10,12.989999771118164,1.25,0.013200000859797001,KRX_IDX_1001,KRW,INDEX
2013-01-11,12.930000305175781,1.25,0.013300000689923763,KRX_IDX_1001,KRW,INDEX
2013-01-14,13.0,1.2599999904632568,0.013200000859797001,KRX_IDX_1001,KRW,INDEX
2013-01-15,12.869999885559082,1.2400000095367432,0.0134000005200505,KRX_IDX_1001,KRW,INDEX
2013-01-16,12.829999923706055,1.2400000095367432,0.013400000520050526,KRX_IDX_1001,KRW,INDEX
2013-01-17,12.8100004196167,1.2300000190734863,0.0134000005200505,KRX_IDX_1001,KRW,INDEX
2013-01-18,12.899999618530272,1.2400000095367432,0.0133000006899237,KRX_IDX_1001,KRW,INDEX
2013-01-21,12.890000343322754,1.2400000095367432,0.013400000520050526,KRX_IDX_1001,KRW,INDEX
2013-01-22,12.949999809265137,1.25,0.013300000689923763,KRX_IDX_1001,KRW,INDEX
2013-01-23,12.850000381469728,1.2400000095367432,0.0134000005200505,KRX_IDX_1001,KRW,INDEX
2013-01-24,12.739999771118164,1.2300000190734863,0.0135000003501772,KRX_IDX_1001,KRW,INDEX
2013-01-25,12.630000114440918,1.2200000286102295,0.013600000180304,KRX_IDX_1001,KRW,INDEX
2013-01-28,12.579999923706055,1.2100000381469727,0.013700000010430813,KRX_IDX_1001,KRW,INDEX
2013-01-29,12.6899995803833,1.2200000286102295,0.013600000180304,KRX_IDX_1001,KRW,INDEX
2013-01-30,12.739999771118164,1.2300000190734863,0.0135000003501772,KRX_IDX_1001,KRW,INDEX
2013-01-31,12.729999542236328,1.2300000190734863,0.0135000003501772,KRX_IDX_1001,KRW,INDEX
2013-02-01,12.710000038146973,1.2200000286102295,0.01360000018030405,KRX_IDX_1001,KRW,INDEX
2013-02-04,12.68000030517578,1.2200000286102295,0.013600000180304,KRX_IDX_1001,KRW,INDEX
2013-02-05,12.579999923706055,1.2100000381469727,0.013700000010430813,KRX_IDX_1001,KRW,INDEX
2013-02-06,12.569999694824219,1.2100000381469727,0.013700000010430813,KRX_IDX_1001,KRW,INDEX
2013-02-07,12.619999885559082,1.2100000381469727,0.013700000010430813,KRX_IDX_1001,KRW,INDEX
2013-02-08,12.739999771118164,1.2200000286102295,0.01360000018030405,KRX_IDX_1001,KRW,INDEX
2013-02-12,12.710000038146973,1.2200000286102295,0.01360000018030405,KRX_IDX_1001,KRW,INDEX
2013-02-13,12.90999984741211,1.2300000190734863,0.013400000520050526,KRX_IDX_1001,KRW,INDEX
2013-02-14,12.93000030517578,1.2400000095367432,0.0134000005200505,KRX_IDX_1001,KRW,INDEX
2013-02-15,12.9399995803833,1.2400000095367432,0.013400000520050526,KRX_IDX_1001,KRW,INDEX
2013-02-18,12.9399995803833,1.2400000095367432,0.013400000520050526,KRX_IDX_1001,KRW,INDEX
2013-02-19,13.020000457763672,1.2400000095367432,0.013400000520050526,KRX_IDX_1001,KRW,INDEX
2013-02-20,13.279999732971191,1.2599999904632568,0.01309999916702509,KRX_IDX_1001,KRW,INDEX
2013-02-21,13.220000267028809,1.2599999904632568,0.013200000859797001,KRX_IDX_1001,KRW,INDEX
2013-02-22,13.239999771118164,1.2599999904632568,0.01309999916702509,KRX_IDX_1001,KRW,INDEX
2013-02-25,13.18000030517578,1.25,0.013200000859797,KRX_IDX_1001,KRW,INDEX
2013-02-26,13.119999885559082,1.25,0.0133000006899237,KRX_IDX_1001,KRW,INDEX
2013-02-27,13.140000343322754,1.25,0.013200000859797,KRX_IDX_1001,KRW,INDEX
2013-02-28,13.289999961853027,1.2599999904632568,0.01309999916702509,KRX_IDX_1001,KRW,INDEX
2013-03-04,13.199999809265137,1.2599999904632568,0.013200000859797001,KRX_IDX_1001,KRW,INDEX
2013-03-05,13.229999542236328,1.2599999904632568,0.013200000859797001,KRX_IDX_1001,KRW,INDEX
2013-03-06,13.260000228881836,1.2599999904632568,0.013099999167025,KRX_IDX_1001,KRW,INDEX
2013-03-07,13.149999618530272,1.25,0.013200000859797,KRX_IDX_1001,KRW,INDEX
2013-03-08,13.15999984741211,1.25,0.013200000859797001,KRX_IDX_1001,KRW,INDEX
2013-03-11,13.140000343322754,1.25,0.013200000859797001,KRX_IDX_1001,KRW,INDEX
2013-03-12,13.079999923706056,1.2400000095367432,0.0133000006899237,KRX_IDX_1001,KRW,INDEX
2013-03-13,13.119999885559082,1.25,0.0133000006899237,KRX_IDX_1001,KRW,INDEX
2013-03-14,13.130000114440918,1.25,0.0133000006899237,KRX_IDX_1001,KRW,INDEX
2013-03-15,13.029999732971191,1.2400000095367432,0.0134000005200505,KRX_IDX_1001,KRW,INDEX
2013-03-18,12.90999984741211,1.2300000190734863,0.0135000003501772,KRX_IDX_1001,KRW,INDEX
2013-03-19,12.970000267028809,1.2300000190734863,0.0134000005200505,KRX_IDX_1001,KRW,INDEX
2013-03-20,12.84000015258789,1.2200000286102295,0.013500000350177288,KRX_IDX_1001,KRW,INDEX
2013-03-21,12.789999961853027,1.2200000286102295,0.013600000180304,KRX_IDX_1001,KRW,INDEX
2013-03-22,12.770000457763672,1.2200000286102295,0.013600000180304,KRX_IDX_1001,KRW,INDEX
2013-03-25,12.960000038146973,1.2300000190734863,0.013400000520050526,KRX_IDX_1001,KRW,INDEX
2013-03-26,13.0,1.2400000095367432,0.013400000520050526,KRX_IDX_1001,KRW,INDEX
2013-03-27,13.069999694824219,1.2400000095367432,0.013300000689923763,KRX_IDX_1001,KRW,INDEX
2013-03-28,13.06999969482422,1.2400000095367432,0.0133000006899237,KRX_IDX_1001,KRW,INDEX
2013-03-29,13.140000343322754,1.25,0.013200000859797001,KRX_IDX_1001,KRW,INDEX
2013-04-01,13.09000015258789,1.25,0.013300000689923763,KRX_IDX_1001,KRW,INDEX
2013-04-02,13.039999961853027,1.2400000095367432,0.013400000520050526,KRX_IDX_1001,KRW,INDEX
2013-04-03,13.020000457763672,1.2400000095367432,0.013400000520050526,KRX_IDX_1001,KRW,INDEX
2013-04-04,12.859999656677246,1.2200000286102295,0.013500000350177288,KRX_IDX_1001,KRW,INDEX
2013-04-05,12.649999618530272,1.2000000476837158,0.0137999998405575,KRX_IDX_1001,KRW,INDEX
2013-04-08,12.359999656677246,1.2000000476837158,0.013799999840557575,KRX_IDX_1001,KRW,INDEX
2013-04-09,12.369999885559082,1.2000000476837158,0.013799999840557575,KRX_IDX_1001,KRW,INDEX
2013-04-10,12.460000038146973,1.2100000381469727,0.013700000010430813,KRX_IDX_1001,KRW,INDEX
2013-04-11,12.550000190734863,1.2200000286102295,0.013600000180304,KRX_IDX_1001,KRW,INDEX
2013-04-12,12.390000343322754,1.2000000476837158,0.0137999998405575,KRX_IDX_1001,KRW,INDEX
2013-04-15,12.359999656677246,1.2000000476837158,0.0137999998405575,KRX_IDX_1001,KRW,INDEX
2013-04-16,12.380000114440918,1.2000000476837158,0.013799999840557575,KRX_IDX_1001,KRW,INDEX
2013-04-17,12.380000114440918,1.2000000476837158,0.013799999840557575,KRX_IDX_1001,KRW,INDEX
2013-04-18,12.229999542236328,1.1799999475479126,0.0139999995008111,KRX_IDX_1001,KRW,INDEX
2013-04-19,12.270000457763672,1.190000057220459,0.0138999996706843,KRX_IDX_1001,KRW,INDEX
2013-04-22,12.399999618530273,1.2000000476837158,0.013799999840557575,KRX_IDX_1001,KRW,INDEX
2013-04-23,12.350000381469728,1.2000000476837158,0.0137999998405575,KRX_IDX_1001,KRW,INDEX
2013-04-24,12.460000038146973,1.2100000381469727,0.013700000010430813,KRX_IDX_1001,KRW,INDEX
2013-04-25,12.56999969482422,1.2200000286102295,0.013600000180304,KRX_IDX_1001,KRW,INDEX
2013-04-26,12.6899995803833,1.2200000286102295,0.012799999676644802,KRX_IDX_1001,KRW,INDEX
2013-04-29,12.670000076293945,1.2200000286102295,0.012799999676644802,KRX_IDX_1001,KRW,INDEX
2013-04-30,13.8100004196167,1.1699999570846558,0.01209999993443489,KRX_IDX_1001,KRW,INDEX
2013-05-02,13.75,1.159999966621399,0.0120999999344348,KRX_IDX_1001,KRW,INDEX
2013-05-03,13.8100004196167,1.1699999570846558,0.0120999999344348,KRX_IDX_1001,KRW,INDEX
2013-05-06,13.779999732971191,1.159999966621399,0.0120999999344348,KRX_IDX_1001,KRW,INDEX
2013-05-07,13.729999542236328,1.159999966621399,0.01209999993443489,KRX_IDX_1001,KRW,INDEX
2013-05-08,13.779999732971191,1.159999966621399,0.0120999999344348,KRX_IDX_1001,KRW,INDEX
2013-05-09,13.9399995803833,1.1799999475479126,0.012000000104308128,KRX_IDX_1001,KRW,INDEX
2013-05-10,13.699999809265137,1.149999976158142,0.012200000695884228,KRX_IDX_1001,KRW,INDEX
2013-05-13,13.720000267028809,1.159999966621399,0.012200000695884228,KRX_IDX_1001,KRW,INDEX
2013-05-14,13.880000114440918,1.1699999570846558,0.012000000104308128,KRX_IDX_1001,KRW,INDEX
2013-05-15,13.899999618530273,1.1699999570846558,0.012000000104308128,KRX_IDX_1001,KRW,INDEX
2013-05-16,14.010000228881836,1.1799999475479126,0.011900000274181366,KRX_IDX_1001,KRW,INDEX
2013-05-20,13.970000267028809,1.1799999475479126,0.0120000001043081,KRX_IDX_1001,KRW,INDEX
2013-05-21,13.960000038146973,1.1799999475479126,0.0120000001043081,KRX_IDX_1001,KRW,INDEX
2013-05-22,14.050000190734863,1.1799999475479126,0.011900000274181366,KRX_IDX_1001,KRW,INDEX
2013-05-23,13.880000114440918,1.1699999570846558,0.0120000001043081,KRX_IDX_1001,KRW,INDEX
2013-05-24,13.90999984741211,1.1699999570846558,0.012000000104308128,KRX_IDX_1001,KRW,INDEX
2013-05-27,13.949999809265137,1.1699999570846558,0.0120000001043081,KRX_IDX_1001,KRW,INDEX
2013-05-28,14.0,1.1799999475479126,0.011900000274181366,KRX_IDX_1001,KRW,INDEX
2013-05-29,14.100000381469728,1.190000057220459,0.0119000002741813,KRX_IDX_1001,KRW,INDEX
2013-05-30,14.09000015258789,1.190000057220459,0.0119000002741813,KRX_IDX_1001,KRW,INDEX
2013-05-31,14.100000381469728,1.190000057220459,0.011799999512732,KRX_IDX_1001,KRW,INDEX
2013-06-03,14.020000457763672,1.1799999475479126,0.0119000002741813,KRX_IDX_1001,KRW,INDEX
2013-06-04,14.020000457763672,1.1799999475479126,0.0119000002741813,KRX_IDX_1001,KRW,INDEX
2013-06-05,13.800000190734863,1.159999966621399,0.0120999999344348,KRX_IDX_1001,KRW,INDEX
2013-06-07,13.5600004196167,1.1399999856948853,0.01230000052601099,KRX_IDX_1001,KRW,INDEX
2013-06-10,13.529999732971191,1.149999976158142,0.01230000052601099,KRX_IDX_1001,KRW,INDEX
2013-06-11,13.449999809265137,1.1399999856948853,0.012400000356137753,KRX_IDX_1001,KRW,INDEX
2013-06-12,13.369999885559082,1.1299999952316284,0.0124000003561377,KRX_IDX_1001,KRW,INDEX
2013-06-13,13.18000030517578,1.1200000047683716,0.0126000000163912,KRX_IDX_1001,KRW,INDEX
2013-06-14,13.229999542236328,1.1200000047683716,0.012600000016391277,KRX_IDX_1001,KRW,INDEX
2013-06-17,13.1899995803833,1.1200000047683716,0.0126000000163912,KRX_IDX_1001,KRW,INDEX
2013-06-18,13.3100004196167,1.1299999952316284,0.012500000186264515,KRX_IDX_1001,KRW,INDEX
2013-06-19,13.229999542236328,1.1200000047683716,0.0126000000163912,KRX_IDX_1001,KRW,INDEX
2013-06-20,12.970000267028809,1.100000023841858,0.0127999996766448,KRX_IDX_1001,KRW,INDEX
2013-06-21,12.770000457763672,1.0800000429153442,0.012999999336898327,KRX_IDX_1001,KRW,INDEX
2013-06-24,12.600000381469728,1.0700000524520874,0.013200000859797,KRX_IDX_1001,KRW,INDEX
2013-06-25,12.479999542236328,1.059999942779541,0.013300000689923763,KRX_IDX_1001,KRW,INDEX
2013-06-26,12.489999771118164,1.059999942779541,0.013300000689923763,KRX_IDX_1001,KRW,INDEX
2013-06-27,12.850000381469728,1.090000033378601,0.0128999995067715,KRX_IDX_1001,KRW,INDEX
2013-06-28,13.050000190734863,1.1100000143051147,0.012699999846518,KRX_IDX_1001,KRW,INDEX
2013-07-01,12.989999771118164,1.100000023841858,0.012799999676644802,KRX_IDX_1001,KRW,INDEX
2013-07-02,12.989999771118164,1.100000023841858,0.012799999676644802,KRX_IDX_1001,KRW,INDEX
2013-07-03,12.770000457763672,1.0800000429153442,0.012999999336898327,KRX_IDX_1001,KRW,INDEX
2013-07-04,12.880000114440918,1.090000033378601,0.0128999995067715,KRX_IDX_1001,KRW,INDEX
2013-07-05,12.829999923706056,1.090000033378601,0.0128999995067715,KRX_IDX_1001,KRW,INDEX
2013-07-08,12.720000267028809,1.0800000429153442,0.012999999336898327,KRX_IDX_1001,KRW,INDEX
2013-07-09,12.8100004196167,1.090000033378601,0.0128999995067715,KRX_IDX_1001,KRW,INDEX
2013-07-10,12.770000457763672,1.0800000429153442,0.0129999993368983,KRX_IDX_1001,KRW,INDEX
2013-07-11,13.149999618530273,1.1200000047683716,0.012600000016391277,KRX_IDX_1001,KRW,INDEX
2013-07-12,13.09000015258789,1.1100000143051147,0.012699999846518,KRX_IDX_1001,KRW,INDEX
2013-07-15,13.130000114440918,1.1100000143051147,0.012600000016391277,KRX_IDX_1001,KRW,INDEX
2013-07-16,13.06999969482422,1.1100000143051147,0.012699999846518,KRX_IDX_1001,KRW,INDEX
2013-07-17,13.220000267028809,1.1200000047683716,0.0126000000163912,KRX_IDX_1001,KRW,INDEX
2013-07-18,12.829999923706056,1.1100000143051147,0.0126000000163912,KRX_IDX_1001,KRW,INDEX
2013-07-19,12.800000190734863,1.1100000143051147,0.01269999984651804,KRX_IDX_1001,KRW,INDEX
2013-07-22,12.859999656677246,1.1200000047683716,0.0126000000163912,KRX_IDX_1001,KRW,INDEX
2013-07-23,13.029999732971191,1.1299999952316284,0.0124000003561377,KRX_IDX_1001,KRW,INDEX
2013-07-24,13.079999923706055,1.1399999856948853,0.012400000356137753,KRX_IDX_1001,KRW,INDEX
2013-07-25,13.069999694824219,1.1299999952316284,0.012400000356137753,KRX_IDX_1001,KRW,INDEX
2013-07-26,13.069999694824219,1.1399999856948853,0.012400000356137753,KRX_IDX_1001,KRW,INDEX
2013-07-29,13.0,1.1299999952316284,0.012500000186264515,KRX_IDX_1001,KRW,INDEX
2013-07-30,13.119999885559082,1.1399999856948853,0.012400000356137753,KRX_IDX_1001,KRW,INDEX
2013-07-31,13.199999809265137,1.1299999952316284,0.0120999999344348,KRX_IDX_1001,KRW,INDEX
2013-08-01,13.25,1.1299999952316284,0.01209999993443489,KRX_IDX_1001,KRW,INDEX
2013-08-02,13.270000457763672,1.1299999952316284,0.01209999993443489,KRX_IDX_1001,KRW,INDEX
2013-08-05,13.220000267028809,1.1299999952316284,0.01209999993443489,KRX_IDX_1001,KRW,INDEX
2013-08-06,13.149999618530272,1.1200000047683716,0.0122000006958842,KRX_IDX_1001,KRW,INDEX
2013-08-07,12.960000038146973,1.1100000143051147,0.01230000052601099,KRX_IDX_1001,KRW,INDEX
2013-08-08,13.0,1.1100000143051147,0.0123000005260109,KRX_IDX_1001,KRW,INDEX
2013-08-09,12.970000267028809,1.1100000143051147,0.0123000005260109,KRX_IDX_1001,KRW,INDEX
2013-08-12,13.0,1.1100000143051147,0.0123000005260109,KRX_IDX_1001,KRW,INDEX
2013-08-13,13.199999809265137,1.1299999952316284,0.01209999993443489,KRX_IDX_1001,KRW,INDEX
2013-08-14,13.270000457763672,1.1299999952316284,0.0120999999344348,KRX_IDX_1001,KRW,INDEX
2013-08-16,13.140000343322754,1.1299999952316284,0.0120999999344348,KRX_IDX_1001,KRW,INDEX
2013-08-19,13.119999885559082,1.1299999952316284,0.0120999999344348,KRX_IDX_1001,KRW,INDEX
2013-08-20,12.920000076293944,1.1100000143051147,0.0123000005260109,KRX_IDX_1001,KRW,INDEX
2013-08-21,12.779999732971191,1.100000023841858,0.0124000003561377,KRX_IDX_1001,KRW,INDEX
2013-08-22,12.649999618530272,1.090000033378601,0.0125000001862645,KRX_IDX_1001,KRW,INDEX
2013-08-23,12.789999961853027,1.100000023841858,0.012400000356137753,KRX_IDX_1001,KRW,INDEX
2013-08-26,12.920000076293945,1.1100000143051147,0.01230000052601099,KRX_IDX_1001,KRW,INDEX
2013-08-27,12.90999984741211,1.1100000143051147,0.01230000052601099,KRX_IDX_1001,KRW,INDEX
2013-08-28,12.899999618530272,1.1100000143051147,0.0123000005260109,KRX_IDX_1001,KRW,INDEX
2013-08-29,13.0600004196167,1.1299999952316284,0.0120999999344348,KRX_IDX_1001,KRW,INDEX
2013-08-30,13.15999984741211,1.1399999856948853,0.012000000104308128,KRX_IDX_1001,KRW,INDEX
2013-09-02,13.140000343322754,1.1399999856948853,0.012000000104308128,KRX_IDX_1001,KRW,INDEX
2013-09-03,13.199999809265137,1.1399999856948853,0.012000000104308128,KRX_IDX_1001,KRW,INDEX
2013-09-04,13.199999809265137,1.1399999856948853,0.012000000104308128,KRX_IDX_1001,KRW,INDEX
2013-09-05,13.319999694824219,1.149999976158142,0.011799999512732029,KRX_IDX_1001,KRW,INDEX
2013-09-06,13.350000381469727,1.159999966621399,0.011799999512732029,KRX_IDX_1001,KRW,INDEX
2013-09-09,13.569999694824219,1.1699999570846558,0.011699999682605267,KRX_IDX_1001,KRW,INDEX
2013-09-10,13.699999809265137,1.1799999475479126,0.0115999998524785,KRX_IDX_1001,KRW,INDEX
2013-09-11,13.770000457763672,1.1799999475479126,0.0115000000223517,KRX_IDX_1001,KRW,INDEX
2013-09-12,13.770000457763672,1.1799999475479126,0.011500000022351742,KRX_IDX_1001,KRW,INDEX
2013-09-13,13.710000038146973,1.1799999475479126,0.0115999998524785,KRX_IDX_1001,KRW,INDEX
2013-09-16,13.850000381469727,1.190000057220459,0.011500000022351742,KRX_IDX_1001,KRW,INDEX
2013-09-17,13.8100004196167,1.190000057220459,0.011500000022351742,KRX_IDX_1001,KRW,INDEX
2013-09-23,13.850000381469728,1.190000057220459,0.0115000000223517,KRX_IDX_1001,KRW,INDEX
2013-09-24,13.829999923706056,1.190000057220459,0.0115000000223517,KRX_IDX_1001,KRW,INDEX
2013-09-25,13.770000457763672,1.1799999475479126,0.0115999998524785,KRX_IDX_1001,KRW,INDEX
2013-09-26,13.84000015258789,1.190000057220459,0.0115000000223517,KRX_IDX_1001,KRW,INDEX
2013-09-27,13.859999656677246,1.190000057220459,0.0115000000223517,KRX_IDX_1001,KRW,INDEX
2013-09-30,13.760000228881836,1.1799999475479126,0.011599999852478504,KRX_IDX_1001,KRW,INDEX
2013-10-01,13.760000228881836,1.1799999475479126,0.0115999998524785,KRX_IDX_1001,KRW,INDEX
2013-10-02,13.760000228881836,1.1799999475479126,0.0115999998524785,KRX_IDX_1001,KRW,INDEX
2013-10-04,13.75,1.1799999475479126,0.0115999998524785,KRX_IDX_1001,KRW,INDEX
2013-10-07,13.729999542236328,1.1799999475479126,0.0115999998524785,KRX_IDX_1001,KRW,INDEX
2013-10-08,13.789999961853027,1.1799999475479126,0.011500000022351742,KRX_IDX_1001,KRW,INDEX
2013-10-10,13.779999732971191,1.1799999475479126,0.011500000022351742,KRX_IDX_1001,KRW,INDEX
2013-10-11,13.9399995803833,1.2000000476837158,0.01140000019222498,KRX_IDX_1001,KRW,INDEX
2013-10-14,13.90999984741211,1.190000057220459,0.01140000019222498,KRX_IDX_1001,KRW,INDEX
2013-10-15,14.0600004196167,1.2100000381469727,0.011300000362098217,KRX_IDX_1001,KRW,INDEX
2013-10-16,14.020000457763672,1.2000000476837158,0.0114000001922249,KRX_IDX_1001,KRW,INDEX
2013-10-17,14.069999694824219,1.2100000381469727,0.011300000362098217,KRX_IDX_1001,KRW,INDEX
2013-10-18,14.149999618530272,1.2100000381469729,0.0113000003620982,KRX_IDX_1001,KRW,INDEX
2013-10-21,14.149999618530273,1.2100000381469727,0.011300000362098217,KRX_IDX_1001,KRW,INDEX
2013-10-22,14.170000076293944,1.2200000286102295,0.0111999996006488,KRX_IDX_1001,KRW,INDEX
2013-10-23,14.029999732971191,1.2000000476837158,0.011300000362098217,KRX_IDX_1001,KRW,INDEX
2013-10-24,14.109999656677246,1.2100000381469727,0.011300000362098217,KRX_IDX_1001,KRW,INDEX
2013-10-25,14.020000457763672,1.2000000476837158,0.01140000019222498,KRX_IDX_1001,KRW,INDEX
2013-10-28,14.119999885559082,1.2100000381469727,0.011300000362098217,KRX_IDX_1001,KRW,INDEX
2013-10-29,14.140000343322754,1.2100000381469727,0.011300000362098217,KRX_IDX_1001,KRW,INDEX
2013-10-30,14.199999809265137,1.2200000286102295,0.01119999960064888,KRX_IDX_1001,KRW,INDEX
2013-10-31,14.020000457763672,1.2000000476837158,0.011300000362098217,KRX_IDX_1001,KRW,INDEX
2013-11-01,14.079999923706055,1.2100000381469727,0.011300000362098217,KRX_IDX_1001,KRW,INDEX
2013-11-04,13.989999771118164,1.2000000476837158,0.01140000019222498,KRX_IDX_1001,KRW,INDEX
2013-11-05,13.90999984741211,1.190000057220459,0.0114000001922249,KRX_IDX_1001,KRW,INDEX
2013-11-06,13.899999618530273,1.190000057220459,0.01140000019222498,KRX_IDX_1001,KRW,INDEX
2013-11-07,13.890000343322754,1.190000057220459,0.011500000022351742,KRX_IDX_1001,KRW,INDEX
2013-11-08,13.75,1.1799999475479126,0.0115999998524785,KRX_IDX_1001,KRW,INDEX
2013-11-11,14.170000076293944,1.1699999570846558,0.0116999996826052,KRX_IDX_1001,KRW,INDEX
2013-11-12,14.3100004196167,1.1799999475479126,0.011500000022351742,KRX_IDX_1001,KRW,INDEX
2013-11-13,14.069999694824219,1.1699999570846558,0.011699999682605267,KRX_IDX_1001,KRW,INDEX
2013-11-14,14.619999885559082,1.1699999570846558,0.0116999996826052,KRX_IDX_1001,KRW,INDEX
2013-11-15,14.90999984741211,1.190000057220459,0.011500000022351742,KRX_IDX_1001,KRW,INDEX
2013-11-18,14.949999809265137,1.2000000476837158,0.0115000000223517,KRX_IDX_1001,KRW,INDEX
2013-11-19,15.109999656677246,1.2100000381469729,0.0113000003620982,KRX_IDX_1001,KRW,INDEX
2013-11-20,15.0,1.2000000476837158,0.0114000001922249,KRX_IDX_1001,KRW,INDEX
2013-11-21,14.81999969482422,1.190000057220459,0.0115999998524785,KRX_IDX_1001,KRW,INDEX
2013-11-22,14.920000076293945,1.190000057220459,0.011500000022351742,KRX_IDX_1001,KRW,INDEX
2013-11-25,14.989999771118164,1.2000000476837158,0.0114000001922249,KRX_IDX_1001,KRW,INDEX
2013-11-26,15.039999961853027,1.2000000476837158,0.01140000019222498,KRX_IDX_1001,KRW,INDEX
2013-11-27,15.079999923706055,1.2100000381469727,0.01140000019222498,KRX_IDX_1001,KRW,INDEX
2013-11-28,15.210000038146973,1.2200000286102295,0.011300000362098217,KRX_IDX_1001,KRW,INDEX
2013-11-29,15.210000038146973,1.2200000286102295,0.0113000003620982,KRX_IDX_1001,KRW,INDEX
2013-12-02,15.100000381469728,1.2100000381469729,0.0113000003620982,KRX_IDX_1001,KRW,INDEX
2013-12-03,14.9399995803833,1.190000057220459,0.011500000022351742,KRX_IDX_1001,KRW,INDEX
2013-12-04,14.770000457763672,1.1799999475479126,0.011599999852478504,KRX_IDX_1001,KRW,INDEX
2013-12-05,14.760000228881836,1.1799999475479126,0.011599999852478504,KRX_IDX_1001,KRW,INDEX
2013-12-06,14.720000267028809,1.1799999475479126,0.0115999998524785,KRX_IDX_1001,KRW,INDEX
2013-12-09,14.869999885559082,1.190000057220459,0.011500000022351742,KRX_IDX_1001,KRW,INDEX
2013-12-10,14.819999694824219,1.1799999475479126,0.011500000022351742,KRX_IDX_1001,KRW,INDEX
2013-12-11,14.710000038146973,1.1799999475479126,0.0115999998524785,KRX_IDX_1001,KRW,INDEX
2013-12-12,14.630000114440918,1.1699999570846558,0.011699999682605267,KRX_IDX_1001,KRW,INDEX
2013-12-13,14.59000015258789,1.1699999570846558,0.0116999996826052,KRX_IDX_1001,KRW,INDEX
2013-12-16,14.579999923706056,1.1699999570846558,0.0116999996826052,KRX_IDX_1001,KRW,INDEX
2013-12-17,14.619999885559082,1.1699999570846558,0.0116999996826052,KRX_IDX_1001,KRW,INDEX
2013-12-18,14.6899995803833,1.1699999570846558,0.0116999996826052,KRX_IDX_1001,KRW,INDEX
2013-12-19,14.6899995803833,1.1699999570846558,0.011699999682605267,KRX_IDX_1001,KRW,INDEX
2013-12-20,14.739999771118164,1.1799999475479126,0.011599999852478504,KRX_IDX_1001,KRW,INDEX
2013-12-23,14.84000015258789,1.190000057220459,0.0115000000223517,KRX_IDX_1001,KRW,INDEX
2013-12-24,14.880000114440918,1.190000057220459,0.011500000022351742,KRX_IDX_1001,KRW,INDEX
2013-12-26,14.859999656677246,1.190000057220459,0.011500000022351742,KRX_IDX_1001,KRW,INDEX
2013-12-27,14.880000114440918,1.190000057220459,0.011500000022351742,KRX_IDX_1001,KRW,INDEX
2013-12-30,14.949999809265137,1.2000000476837158,0.0114000001922249,KRX_IDX_1001,KRW,INDEX
2014-01-02,14.630000114440918,1.1699999570846558,0.0116999996826052,KRX_IDX_1001,KRW,INDEX
2014-01-03,14.470000267028809,1.159999966621399,0.011799999512732,KRX_IDX_1001,KRW,INDEX
2014-01-06,14.529999732971191,1.159999966621399,0.011799999512732,KRX_IDX_1001,KRW,INDEX
2014-01-07,14.56999969482422,1.159999966621399,0.011799999512732,KRX_IDX_1001,KRW,INDEX
2014-01-08,14.5600004196167,1.159999966621399,0.011799999512732,KRX_IDX_1001,KRW,INDEX
2014-01-09,14.460000038146973,1.159999966621399,0.011799999512732,KRX_IDX_1001,KRW,INDEX
2014-01-10,14.5600004196167,1.149999976158142,0.0119000002741813,KRX_IDX_1001,KRW,INDEX
2014-01-13,14.640000343322754,1.159999966621399,0.011799999512732029,KRX_IDX_1001,KRW,INDEX
2014-01-14,14.630000114440918,1.159999966621399,0.011799999512732029,KRX_IDX_1001,KRW,INDEX
2014-01-15,14.68000030517578,1.159999966621399,0.011799999512732,KRX_IDX_1001,KRW,INDEX
2014-01-16,14.739999771118164,1.159999966621399,0.011799999512732029,KRX_IDX_1001,KRW,INDEX
2014-01-17,14.640000343322754,1.149999976158142,0.011799999512732,KRX_IDX_1001,KRW,INDEX
2014-01-20,14.710000038146973,1.159999966621399,0.011799999512732,KRX_IDX_1001,KRW,INDEX
2014-01-21,14.789999961853027,1.1699999570846558,0.011699999682605267,KRX_IDX_1001,KRW,INDEX
2014-01-22,14.829999923706055,1.1699999570846558,0.011699999682605267,KRX_IDX_1001,KRW,INDEX
2014-01-23,14.65999984741211,1.159999966621399,0.011799999512732029,KRX_IDX_1001,KRW,INDEX
2014-01-24,14.579999923706056,1.149999976158142,0.0119000002741813,KRX_IDX_1001,KRW,INDEX
2014-01-27,14.359999656677246,1.1299999952316284,0.0120999999344348,KRX_IDX_1001,KRW,INDEX
2014-01-28,14.40999984741211,1.1399999856948853,0.0120000001043081,KRX_IDX_1001,KRW,INDEX
2014-01-29,14.600000381469728,1.149999976158142,0.0119000002741813,KRX_IDX_1001,KRW,INDEX
2014-02-03,14.4399995803833,1.1399999856948853,0.0120000001043081,KRX_IDX_1001,KRW,INDEX
2014-02-04,14.1899995803833,1.1200000047683716,0.0122000006958842,KRX_IDX_1001,KRW,INDEX
2014-02-05,14.220000267028809,1.1200000047683716,0.012200000695884228,KRX_IDX_1001,KRW,INDEX
2014-02-06,14.350000381469727,1.1299999952316284,0.01209999993443489,KRX_IDX_1001,KRW,INDEX
2014-02-07,14.460000038146973,1.1399999856948853,0.0120000001043081,KRX_IDX_1001,KRW,INDEX
2014-02-10,14.470000267028809,1.1399999856948853,0.0120000001043081,KRX_IDX_1001,KRW,INDEX
2014-02-11,14.529999732971191,1.149999976158142,0.0119000002741813,KRX_IDX_1001,KRW,INDEX
2014-02-12,14.5600004196167,1.149999976158142,0.0119000002741813,KRX_IDX_1001,KRW,INDEX
2014-02-13,14.489999771118164,1.1399999856948853,0.011900000274181366,KRX_IDX_1001,KRW,INDEX
2014-02-14,14.630000114440918,1.149999976158142,0.011900000274181366,KRX_IDX_1001,KRW,INDEX
2014-02-17,14.680000305175781,1.149999976158142,0.011799999512732029,KRX_IDX_1001,KRW,INDEX
2014-02-18,14.680000305175781,1.149999976158142,0.011799999512732029,KRX_IDX_1001,KRW,INDEX
2014-02-19,14.649999618530272,1.149999976158142,0.0119000002741813,KRX_IDX_1001,KRW,INDEX
2014-02-20,14.5600004196167,1.1399999856948853,0.0119000002741813,KRX_IDX_1001,KRW,INDEX
2014-02-21,14.770000457763672,1.159999966621399,0.011799999512732,KRX_IDX_1001,KRW,INDEX
2014-02-24,14.699999809265137,1.149999976158142,0.011799999512732,KRX_IDX_1001,KRW,INDEX
2014-02-25,14.819999694824219,1.159999966621399,0.011699999682605267,KRX_IDX_1001,KRW,INDEX
2014-02-26,14.869999885559082,1.1699999570846558,0.0116999996826052,KRX_IDX_1001,KRW,INDEX
2014-02-27,14.93000030517578,1.1699999570846558,0.0115999998524785,KRX_IDX_1001,KRW,INDEX
2014-02-28,14.9399995803833,1.1699999570846558,0.011599999852478504,KRX_IDX_1001,KRW,INDEX
2014-03-03,14.81999969482422,1.159999966621399,0.0116999996826052,KRX_IDX_1001,KRW,INDEX
2014-03-04,14.739999771118164,1.159999966621399,0.011799999512732,KRX_IDX_1001,KRW,INDEX
2014-03-05,14.869999885559082,1.1699999570846558,0.011699999682605267,KRX_IDX_1001,KRW,INDEX
2014-03-06,14.899999618530272,1.1699999570846558,0.0116999996826052,KRX_IDX_1001,KRW,INDEX
2014-03-07,14.899999618530272,1.1699999570846558,0.0116999996826052,KRX_IDX_1001,KRW,INDEX
2014-03-10,14.75,1.159999966621399,0.011799999512732,KRX_IDX_1001,KRW,INDEX
2014-03-11,14.819999694824219,1.159999966621399,0.011699999682605267,KRX_IDX_1001,KRW,INDEX
2014-03-12,14.579999923706055,1.1399999856948853,0.011900000274181366,KRX_IDX_1001,KRW,INDEX
2014-03-13,14.59000015258789,1.149999976158142,0.0119000002741813,KRX_IDX_1001,KRW,INDEX
2014-03-14,14.449999809265137,1.1399999856948853,0.0120000001043081,KRX_IDX_1001,KRW,INDEX
2014-03-17,14.510000228881836,1.1399999856948853,0.011900000274181366,KRX_IDX_1001,KRW,INDEX
2014-03-18,14.609999656677246,1.149999976158142,0.0119000002741813,KRX_IDX_1001,KRW,INDEX
2014-03-19,14.59000015258789,1.149999976158142,0.0119000002741813,KRX_IDX_1001,KRW,INDEX
2014-03-20,14.449999809265137,1.1399999856948853,0.012000000104308128,KRX_IDX_1001,KRW,INDEX
2014-03-21,14.5600004196167,1.149999976158142,0.011900000274181366,KRX_IDX_1001,KRW,INDEX
2014-03-24,14.479999542236328,1.159999966621399,0.011799999512732,KRX_IDX_1001,KRW,INDEX
2014-03-25,14.4399995803833,1.149999976158142,0.011799999512732029,KRX_IDX_1001,KRW,INDEX
2014-03-26,14.619999885559082,1.1699999570846558,0.0116999996826052,KRX_IDX_1001,KRW,INDEX
2014-03-27,14.720000267028809,1.1799999475479126,0.0115999998524785,KRX_IDX_1001,KRW,INDEX
2014-03-28,14.739999771118164,1.1799999475479126,0.0115999998524785,KRX_IDX_1001,KRW,INDEX
2014-03-31,14.779999732971191,1.1799999475479126,0.0115999998524785,KRX_IDX_1001,KRW,INDEX
2014-04-01,14.8100004196167,1.1799999475479126,0.0115000000223517,KRX_IDX_1001,KRW,INDEX
2014-04-02,14.850000381469728,1.190000057220459,0.0115000000223517,KRX_IDX_1001,KRW,INDEX
2014-04-03,14.81999969482422,1.1799999475479126,0.0115000000223517,KRX_IDX_1001,KRW,INDEX
2014-04-04,14.829999923706056,1.1799999475479126,0.0115000000223517,KRX_IDX_1001,KRW,INDEX
2014-04-07,14.84000015258789,1.190000057220459,0.011500000022351742,KRX_IDX_1001,KRW,INDEX
2014-04-08,14.859999656677246,1.190000057220459,0.0115000000223517,KRX_IDX_1001,KRW,INDEX
2014-04-09,14.90999984741211,1.190000057220459,0.011500000022351742,KRX_IDX_1001,KRW,INDEX
2014-04-10,15.020000457763672,1.2000000476837158,0.01140000019222498,KRX_IDX_1001,KRW,INDEX
2014-04-11,14.920000076293945,1.190000057220459,0.011500000022351742,KRX_IDX_1001,KRW,INDEX
2014-04-14,14.920000076293945,1.190000057220459,0.011500000022351742,KRX_IDX_1001,KRW,INDEX
2014-04-15,14.880000114440918,1.190000057220459,0.0115000000223517,KRX_IDX_1001,KRW,INDEX
2014-04-16,14.890000343322754,1.190000057220459,0.011500000022351742,KRX_IDX_1001,KRW,INDEX
2014-04-17,14.890000343322754,1.190000057220459,0.011500000022351742,KRX_IDX_1001,KRW,INDEX
2014-04-18,14.979999542236328,1.190000057220459,0.01140000019222498,KRX_IDX_1001,KRW,INDEX
2014-04-21,14.9399995803833,1.190000057220459,0.0115000000223517,KRX_IDX_1001,KRW,INDEX
2014-04-22,14.979999542236328,1.190000057220459,0.0114000001922249,KRX_IDX_1001,KRW,INDEX
2014-04-23,14.949999809265137,1.190000057220459,0.0114000001922249,KRX_IDX_1001,KRW,INDEX
2014-04-24,14.9399995803833,1.190000057220459,0.0115000000223517,KRX_IDX_1001,KRW,INDEX
2014-04-25,14.739999771118164,1.1699999570846558,0.0115999998524785,KRX_IDX_1001,KRW,INDEX
2014-04-28,14.720000267028809,1.1699999570846558,0.0115999998524785,KRX_IDX_1001,KRW,INDEX
2014-04-29,14.680000305175781,1.1699999570846558,0.011699999682605267,KRX_IDX_1001,KRW,INDEX
2014-04-30,15.029999732971191,1.1100000143051147,0.01119999960064888,KRX_IDX_1001,KRW,INDEX
2014-05-02,15.020000457763672,1.1100000143051147,0.01119999960064888,KRX_IDX_1001,KRW,INDEX
2014-05-07,14.869999885559082,1.100000023841858,0.0113000003620982,KRX_IDX_1001,KRW,INDEX
2014-05-08,14.949999809265137,1.100000023841858,0.01119999960064888,KRX_IDX_1001,KRW,INDEX
2014-05-09,15.199999809265137,1.1100000143051147,0.01119999960064888,KRX_IDX_1001,KRW,INDEX
2014-05-12,15.270000457763672,1.1200000047683716,0.0110999997705221,KRX_IDX_1001,KRW,INDEX
2014-05-13,15.420000076293945,1.1299999952316284,0.010999999940395355,KRX_IDX_1001,KRW,INDEX
2014-05-14,15.640000343322754,1.1399999856948853,0.010900000110268593,KRX_IDX_1001,KRW,INDEX
2014-05-15,15.640000343322754,1.1399999856948853,0.0109000001102685,KRX_IDX_1001,KRW,INDEX
2014-05-16,15.6899995803833,1.1399999856948853,0.010900000110268593,KRX_IDX_1001,KRW,INDEX
2014-05-19,15.699999809265137,1.149999976158142,0.0108000002801418,KRX_IDX_1001,KRW,INDEX
2014-05-20,15.68000030517578,1.1399999856948853,0.0109000001102685,KRX_IDX_1001,KRW,INDEX
2014-05-21,15.65999984741211,1.1399999856948853,0.0109000001102685,KRX_IDX_1001,KRW,INDEX
2014-05-22,15.710000038146973,1.149999976158142,0.0108000002801418,KRX_IDX_1001,KRW,INDEX
2014-05-23,15.6899995803833,1.149999976158142,0.01080000028014183,KRX_IDX_1001,KRW,INDEX
2014-05-26,15.640000343322754,1.149999976158142,0.010900000110268593,KRX_IDX_1001,KRW,INDEX
2014-05-27,15.539999961853027,1.1399999856948853,0.0109000001102685,KRX_IDX_1001,KRW,INDEX
2014-05-28,15.6899995803833,1.149999976158142,0.0108000002801418,KRX_IDX_1001,KRW,INDEX
2014-05-29,15.649999618530272,1.149999976158142,0.0109000001102685,KRX_IDX_1001,KRW,INDEX
2014-05-30,15.510000228881836,1.1399999856948853,0.010999999940395355,KRX_IDX_1001,KRW,INDEX
2014-06-02,15.569999694824219,1.1399999856948853,0.010900000110268593,KRX_IDX_1001,KRW,INDEX
2014-06-03,15.619999885559082,1.149999976158142,0.0109000001102685,KRX_IDX_1001,KRW,INDEX
2014-06-05,15.520000457763672,1.1399999856948853,0.010999999940395355,KRX_IDX_1001,KRW,INDEX
2014-06-09,15.479999542236328,1.1299999952316284,0.010999999940395355,KRX_IDX_1001,KRW,INDEX
2014-06-10,15.649999618530273,1.149999976158142,0.010900000110268593,KRX_IDX_1001,KRW,INDEX
2014-06-11,15.670000076293944,1.149999976158142,0.0109000001102685,KRX_IDX_1001,KRW,INDEX
2014-06-12,15.640000343322754,1.149999976158142,0.0109000001102685,KRX_IDX_1001,KRW,INDEX
2014-06-13,15.479999542236328,1.1399999856948853,0.0109999999403953,KRX_IDX_1001,KRW,INDEX
2014-06-16,15.510000228881836,1.1399999856948853,0.010999999940395355,KRX_IDX_1001,KRW,INDEX
2014-06-17,15.569999694824219,1.1399999856948853,0.010900000110268593,KRX_IDX_1001,KRW,INDEX
2014-06-18,15.470000267028809,1.1299999952316284,0.0109999999403953,KRX_IDX_1001,KRW,INDEX
2014-06-19,15.5,1.1399999856948853,0.0109999999403953,KRX_IDX_1001,KRW,INDEX
2014-06-20,15.359999656677246,1.1200000047683716,0.011099999770522118,KRX_IDX_1001,KRW,INDEX
2014-06-23,15.369999885559082,1.1299999952316284,0.0110999997705221,KRX_IDX_1001,KRW,INDEX
2014-06-24,15.520000457763672,1.1399999856948853,0.010999999940395355,KRX_IDX_1001,KRW,INDEX
2014-06-25,15.56999969482422,1.1299999952316284,0.0109999999403953,KRX_IDX_1001,KRW,INDEX
2014-06-26,15.680000305175781,1.1399999856948853,0.010900000110268593,KRX_IDX_1001,KRW,INDEX
2014-06-27,15.630000114440918,1.1299999952316284,0.0109999999403953,KRX_IDX_1001,KRW,INDEX
2014-06-30,15.739999771118164,1.1399999856948853,0.0109000001102685,KRX_IDX_1001,KRW,INDEX
2014-07-01,15.710000038146973,1.1399999856948853,0.0109000001102685,KRX_IDX_1001,KRW,INDEX
2014-07-02,15.850000381469728,1.149999976158142,0.0108000002801418,KRX_IDX_1001,KRW,INDEX
2014-07-03,15.819999694824219,1.149999976158142,0.010900000110268593,KRX_IDX_1001,KRW,INDEX
2014-07-04,15.8100004196167,1.149999976158142,0.0109000001102685,KRX_IDX_1001,KRW,INDEX
2014-07-07,15.770000457763672,1.1399999856948853,0.010900000110268593,KRX_IDX_1001,KRW,INDEX
2014-07-08,15.609999656677246,1.1399999856948853,0.010900000110268593,KRX_IDX_1001,KRW,INDEX
2014-07-09,15.5600004196167,1.1299999952316284,0.0109000001102685,KRX_IDX_1001,KRW,INDEX
2014-07-10,15.579999923706055,1.1399999856948853,0.010900000110268593,KRX_IDX_1001,KRW,INDEX
2014-07-11,15.470000267028809,1.1299999952316284,0.010999999940395355,KRX_IDX_1001,KRW,INDEX
2014-07-14,15.510000228881836,1.1299999952316284,0.0109999999403953,KRX_IDX_1001,KRW,INDEX
2014-07-15,15.699999809265137,1.1399999856948853,0.01080000028014183,KRX_IDX_1001,KRW,INDEX
2014-07-16,15.710000038146973,1.1399999856948853,0.01080000028014183,KRX_IDX_1001,KRW,INDEX
2014-07-17,15.760000228881836,1.149999976158142,0.0108000002801418,KRX_IDX_1001,KRW,INDEX
2014-07-18,15.75,1.1399999856948853,0.0108000002801418,KRX_IDX_1001,KRW,INDEX
2014-07-21,15.75,1.1399999856948853,0.01080000028014183,KRX_IDX_1001,KRW,INDEX
2014-07-22,15.829999923706056,1.149999976158142,0.0108000002801418,KRX_IDX_1001,KRW,INDEX
2014-07-23,15.819999694824219,1.149999976158142,0.01080000028014183,KRX_IDX_1001,KRW,INDEX
2014-07-24,15.8100004196167,1.149999976158142,0.0108000002801418,KRX_IDX_1001,KRW,INDEX
2014-07-25,15.859999656677246,1.149999976158142,0.010700000450015068,KRX_IDX_1001,KRW,INDEX
2014-07-28,15.979999542236328,1.159999966621399,0.010700000450015068,KRX_IDX_1001,KRW,INDEX
2014-07-29,16.09000015258789,1.1699999570846558,0.010599999688565731,KRX_IDX_1001,KRW,INDEX
2014-07-30,16.25,1.1799999475479126,0.0104999998584389,KRX_IDX_1001,KRW,INDEX
2014-07-31,16.200000762939453,1.1799999475479126,0.010499999858438969,KRX_IDX_1001,KRW,INDEX
2014-08-01,16.170000076293945,1.1699999570846558,0.010499999858438969,KRX_IDX_1001,KRW,INDEX
2014-08-04,16.229999542236328,1.1799999475479126,0.010499999858438969,KRX_IDX_1001,KRW,INDEX
2014-08-05,16.1200008392334,1.1699999570846558,0.010599999688565731,KRX_IDX_1001,KRW,INDEX
2014-08-06,16.079999923706055,1.1699999570846558,0.010599999688565731,KRX_IDX_1001,KRW,INDEX
2014-08-07,16.040000915527344,1.1699999570846558,0.010599999688565731,KRX_IDX_1001,KRW,INDEX
2014-08-08,15.859999656677246,1.149999976158142,0.010700000450015,KRX_IDX_1001,KRW,INDEX
2014-08-11,15.93000030517578,1.159999966621399,0.010700000450015,KRX_IDX_1001,KRW,INDEX
2014-08-12,15.9399995803833,1.159999966621399,0.010700000450015,KRX_IDX_1001,KRW,INDEX
2014-08-13,16.100000381469727,1.1699999570846558,0.0105999996885657,KRX_IDX_1001,KRW,INDEX
2014-08-14,16.149999618530273,1.1699999570846558,0.010599999688565731,KRX_IDX_1001,KRW,INDEX
2014-08-18,16.049999237060547,1.159999966621399,0.0105999996885657,KRX_IDX_1001,KRW,INDEX
2014-08-19,16.190000534057617,1.1699999570846558,0.0104999998584389,KRX_IDX_1001,KRW,INDEX
2014-08-20,16.209999084472656,1.1799999475479126,0.010499999858438969,KRX_IDX_1001,KRW,INDEX
2014-08-21,15.979999542236328,1.159999966621399,0.010700000450015068,KRX_IDX_1001,KRW,INDEX
2014-08-22,16.079999923706055,1.1699999570846558,0.0105999996885657,KRX_IDX_1001,KRW,INDEX
2014-08-25,16.110000610351562,1.1699999570846558,0.0105999996885657,KRX_IDX_1001,KRW,INDEX
2014-08-26,16.170000076293945,1.1699999570846558,0.0105999996885657,KRX_IDX_1001,KRW,INDEX
2014-08-27,16.219999313354492,1.1799999475479126,0.010499999858438969,KRX_IDX_1001,KRW,INDEX
2014-08-28,16.229999542236328,1.1799999475479126,0.010499999858438969,KRX_IDX_1001,KRW,INDEX
2014-08-29,16.18000030517578,1.1699999570846558,0.010499999858438969,KRX_IDX_1001,KRW,INDEX
2014-09-01,16.170000076293945,1.1699999570846558,0.010599999688565731,KRX_IDX_1001,KRW,INDEX
2014-09-02,16.049999237060547,1.159999966621399,0.010599999688565731,KRX_IDX_1001,KRW,INDEX
2014-09-03,16.040000915527344,1.159999966621399,0.0105999996885657,KRX_IDX_1001,KRW,INDEX
2014-09-04,16.079999923706055,1.1699999570846558,0.010599999688565731,KRX_IDX_1001,KRW,INDEX
2014-09-05,16.030000686645508,1.159999966621399,0.010599999688565731,KRX_IDX_1001,KRW,INDEX
2014-09-11,15.90999984741211,1.149999976158142,0.010700000450015068,KRX_IDX_1001,KRW,INDEX
2014-09-12,15.970000267028809,1.159999966621399,0.010700000450015,KRX_IDX_1001,KRW,INDEX
2014-09-15,15.920000076293945,1.149999976158142,0.010700000450015068,KRX_IDX_1001,KRW,INDEX
2014-09-16,15.979999542236328,1.159999966621399,0.010700000450015,KRX_IDX_1001,KRW,INDEX
2014-09-17,16.1299991607666,1.1699999570846558,0.010599999688565731,KRX_IDX_1001,KRW,INDEX
2014-09-18,16.020000457763672,1.159999966621399,0.010700000450015,KRX_IDX_1001,KRW,INDEX
2014-09-19,16.059999465942383,1.1699999570846558,0.010599999688565731,KRX_IDX_1001,KRW,INDEX
2014-09-22,15.949999809265137,1.159999966621399,0.010700000450015068,KRX_IDX_1001,KRW,INDEX
2014-09-23,15.869999885559082,1.149999976158142,0.01080000028014183,KRX_IDX_1001,KRW,INDEX
2014-09-24,15.920000076293945,1.149999976158142,0.010700000450015068,KRX_IDX_1001,KRW,INDEX
2014-09-25,15.90999984741211,1.149999976158142,0.010700000450015068,KRX_IDX_1001,KRW,INDEX
2014-09-26,15.890000343322754,1.149999976158142,0.010700000450015068,KRX_IDX_1001,KRW,INDEX
2014-09-29,15.850000381469727,1.149999976158142,0.01080000028014183,KRX_IDX_1001,KRW,INDEX
2014-09-30,15.800000190734863,1.149999976158142,0.0108000002801418,KRX_IDX_1001,KRW,INDEX
2014-10-01,15.579999923706056,1.1299999952316284,0.0109999999403953,KRX_IDX_1001,KRW,INDEX
2014-10-02,15.460000038146973,1.1200000047683716,0.010999999940395355,KRX_IDX_1001,KRW,INDEX
2014-10-06,15.390000343322754,1.1200000047683716,0.011099999770522118,KRX_IDX_1001,KRW,INDEX
2014-10-07,15.420000076293945,1.1200000047683716,0.011099999770522118,KRX_IDX_1001,KRW,INDEX
2014-10-08,15.359999656677246,1.1100000143051147,0.0110999997705221,KRX_IDX_1001,KRW,INDEX
2014-10-10,15.170000076293944,1.100000023841858,0.0111999996006488,KRX_IDX_1001,KRW,INDEX
2014-10-13,15.069999694824219,1.090000033378601,0.011300000362098217,KRX_IDX_1001,KRW,INDEX
2014-10-14,15.09000015258789,1.090000033378601,0.011300000362098217,KRX_IDX_1001,KRW,INDEX
2014-10-15,15.0600004196167,1.090000033378601,0.0113000003620982,KRX_IDX_1001,KRW,INDEX
2014-10-16,15.0,1.090000033378601,0.01140000019222498,KRX_IDX_1001,KRW,INDEX
2014-10-17,14.859999656677246,1.0800000429153442,0.0115000000223517,KRX_IDX_1001,KRW,INDEX
2014-10-20,15.09000015258789,1.090000033378601,0.0113000003620982,KRX_IDX_1001,KRW,INDEX
2014-10-21,14.970000267028809,1.090000033378601,0.01140000019222498,KRX_IDX_1001,KRW,INDEX
2014-10-22,15.149999618530273,1.100000023841858,0.011300000362098217,KRX_IDX_1001,KRW,INDEX
2014-10-23,15.109999656677246,1.090000033378601,0.0113000003620982,KRX_IDX_1001,KRW,INDEX
2014-10-24,15.0600004196167,1.090000033378601,0.011500000022351742,KRX_IDX_1001,KRW,INDEX
2014-10-27,15.109999656677246,1.100000023841858,0.0115000000223517,KRX_IDX_1001,KRW,INDEX
2014-10-28,15.0600004196167,1.090000033378601,0.0115000000223517,KRX_IDX_1001,KRW,INDEX
2014-10-29,15.34000015258789,1.1100000143051147,0.0113000003620982,KRX_IDX_1001,KRW,INDEX
2014-10-30,15.31999969482422,1.1100000143051147,0.0113000003620982,KRX_IDX_1001,KRW,INDEX
2014-10-31,15.369999885559082,1.1100000143051147,0.011300000362098217,KRX_IDX_1001,KRW,INDEX
2014-11-03,15.279999732971191,1.1100000143051147,0.011300000362098217,KRX_IDX_1001,KRW,INDEX
2014-11-04,15.140000343322754,1.100000023841858,0.0114000001922249,KRX_IDX_1001,KRW,INDEX
2014-11-05,15.109999656677246,1.100000023841858,0.011500000022351742,KRX_IDX_1001,KRW,INDEX
2014-11-06,15.149999618530273,1.100000023841858,0.01140000019222498,KRX_IDX_1001,KRW,INDEX
2014-11-07,15.18000030517578,1.100000023841858,0.0114000001922249,KRX_IDX_1001,KRW,INDEX
2014-11-10,15.329999923706055,1.1100000143051147,0.011300000362098217,KRX_IDX_1001,KRW,INDEX
2014-11-11,15.359999656677246,1.1100000143051147,0.0113000003620982,KRX_IDX_1001,KRW,INDEX
2014-11-12,15.399999618530272,1.1200000047683716,0.0113000003620982,KRX_IDX_1001,KRW,INDEX
2014-11-13,15.350000381469727,1.1100000143051147,0.011300000362098217,KRX_IDX_1001,KRW,INDEX
2014-11-14,15.220000267028809,1.100000023841858,0.0111999996006488,KRX_IDX_1001,KRW,INDEX
2014-11-17,15.489999771118164,1.1200000047683716,0.0111999996006488,KRX_IDX_1001,KRW,INDEX
2014-11-18,15.68000030517578,1.1399999856948853,0.0109999999403953,KRX_IDX_1001,KRW,INDEX
2014-11-19,15.470000267028809,1.149999976158142,0.01119999960064888,KRX_IDX_1001,KRW,INDEX
2014-11-20,15.449999809265137,1.1299999952316284,0.0111999996006488,KRX_IDX_1001,KRW,INDEX
2014-11-21,15.510000228881836,1.1299999952316284,0.01119999960064888,KRX_IDX_1001,KRW,INDEX
2014-11-24,15.619999885559082,1.1399999856948853,0.011099999770522118,KRX_IDX_1001,KRW,INDEX
2014-11-25,15.630000114440918,1.1399999856948853,0.0110999997705221,KRX_IDX_1001,KRW,INDEX
2014-11-26,15.640000343322754,1.1399999856948853,0.0110999997705221,KRX_IDX_1001,KRW,INDEX
2014-11-27,15.649999618530272,1.1399999856948853,0.0110999997705221,KRX_IDX_1001,KRW,INDEX
2014-11-28,15.630000114440918,1.1399999856948853,0.0110999997705221,KRX_IDX_1001,KRW,INDEX
2014-12-01,15.510000228881836,1.1299999952316284,0.0111999996006488,KRX_IDX_1001,KRW,INDEX
2014-12-02,15.520000457763672,1.1299999952316284,0.0111999996006488,KRX_IDX_1001,KRW,INDEX
2014-12-03,15.550000190734863,1.1299999952316284,0.0110999997705221,KRX_IDX_1001,KRW,INDEX
2014-12-04,15.680000305175781,1.1399999856948853,0.011099999770522118,KRX_IDX_1001,KRW,INDEX
2014-12-05,15.680000305175781,1.1399999856948853,0.010999999940395355,KRX_IDX_1001,KRW,INDEX
2014-12-08,15.619999885559082,1.1399999856948853,0.0110999997705221,KRX_IDX_1001,KRW,INDEX
2014-12-09,15.5600004196167,1.1299999952316284,0.011099999770522118,KRX_IDX_1001,KRW,INDEX
2014-12-10,15.350000381469728,1.1200000047683716,0.0113000003620982,KRX_IDX_1001,KRW,INDEX
2014-12-11,15.119999885559082,1.100000023841858,0.011500000022351742,KRX_IDX_1001,KRW,INDEX
2014-12-12,15.170000076293944,1.1100000143051147,0.0114000001922249,KRX_IDX_1001,KRW,INDEX
2014-12-15,15.149999618530273,1.100000023841858,0.01140000019222498,KRX_IDX_1001,KRW,INDEX
2014-12-16,15.029999732971191,1.090000033378601,0.011500000022351742,KRX_IDX_1001,KRW,INDEX
2014-12-17,15.0,1.090000033378601,0.0115999998524785,KRX_IDX_1001,KRW,INDEX
2014-12-18,14.979999542236328,1.090000033378601,0.0114000001922249,KRX_IDX_1001,KRW,INDEX
2014-12-19,15.4399995803833,1.1200000047683716,0.0111999996006488,KRX_IDX_1001,KRW,INDEX
2014-12-22,15.539999961853027,1.1299999952316284,0.0110999997705221,KRX_IDX_1001,KRW,INDEX
2014-12-23,15.510000228881836,1.1299999952316284,0.0111999996006488,KRX_IDX_1001,KRW,INDEX
2014-12-24,15.56999969482422,1.1299999952316284,0.0110999997705221,KRX_IDX_1001,KRW,INDEX
2014-12-26,15.579999923706056,1.1299999952316284,0.0110999997705221,KRX_IDX_1001,KRW,INDEX
2014-12-29,15.420000076293944,1.1200000047683716,0.0111999996006488,KRX_IDX_1001,KRW,INDEX
2014-12-30,15.31999969482422,1.1100000143051147,0.0113000003620982,KRX_IDX_1001,KRW,INDEX
2015-01-02,15.350000381469727,1.1200000047683716,0.01119999960064888,KRX_IDX_1001,KRW,INDEX
2015-01-05,15.260000228881836,1.1100000143051147,0.0113000003620982,KRX_IDX_1001,KRW,INDEX
2015-01-06,15.0,1.090000033378601,0.0115000000223517,KRX_IDX_1001,KRW,INDEX
2015-01-07,15.050000190734863,1.090000033378601,0.011500000022351742,KRX_IDX_1001,KRW,INDEX
2015-01-08,15.220000267028809,1.1100000143051147,0.01140000019222498,KRX_IDX_1001,KRW,INDEX
2015-01-09,15.59000015258789,1.1200000047683716,0.011300000362098217,KRX_IDX_1001,KRW,INDEX
2015-01-12,15.5600004196167,1.1200000047683716,0.011300000362098217,KRX_IDX_1001,KRW,INDEX
2015-01-13,15.539999961853027,1.1100000143051147,0.011300000362098217,KRX_IDX_1001,KRW,INDEX
2015-01-14,15.510000228881836,1.1100000143051147,0.0113000003620982,KRX_IDX_1001,KRW,INDEX
2015-01-15,15.520000457763672,1.1100000143051147,0.011300000362098217,KRX_IDX_1001,KRW,INDEX
2015-01-16,15.3100004196167,1.100000023841858,0.01140000019222498,KRX_IDX_1001,KRW,INDEX
2015-01-19,15.420000076293945,1.100000023841858,0.01140000019222498,KRX_IDX_1001,KRW,INDEX
2015-01-20,15.5600004196167,1.1100000143051147,0.011300000362098217,KRX_IDX_1001,KRW,INDEX
2015-01-21,15.579999923706056,1.1200000047683716,0.0111999996006488,KRX_IDX_1001,KRW,INDEX
2015-01-22,15.579999923706056,1.1200000047683716,0.0111999996006488,KRX_IDX_1001,KRW,INDEX
2015-01-23,15.710000038146973,1.1200000047683716,0.0110999997705221,KRX_IDX_1001,KRW,INDEX
2015-01-26,15.729999542236328,1.1200000047683716,0.0111999996006488,KRX_IDX_1001,KRW,INDEX
2015-01-27,15.859999656677246,1.1299999952316284,0.0110999997705221,KRX_IDX_1001,KRW,INDEX
2015-01-28,15.9399995803833,1.1399999856948853,0.010999999940395355,KRX_IDX_1001,KRW,INDEX
2015-01-29,15.850000381469727,1.1299999952316284,0.011099999770522118,KRX_IDX_1001,KRW,INDEX
2015-01-30,15.84000015258789,1.1299999952316284,0.0110999997705221,KRX_IDX_1001,KRW,INDEX
2015-02-02,15.869999885559082,1.1299999952316284,0.011099999770522118,KRX_IDX_1001,KRW,INDEX
2015-02-03,15.859999656677246,1.1299999952316284,0.0110999997705221,KRX_IDX_1001,KRW,INDEX
2015-02-04,15.949999809265137,1.1399999856948853,0.010999999940395355,KRX_IDX_1001,KRW,INDEX
2015-02-05,15.880000114440918,1.1299999952316284,0.011099999770522118,KRX_IDX_1001,KRW,INDEX
2015-02-06,15.90999984741211,1.1399999856948853,0.011099999770522118,KRX_IDX_1001,KRW,INDEX
2015-02-09,15.84000015258789,1.1299999952316284,0.011099999770522118,KRX_IDX_1001,KRW,INDEX
2015-02-10,15.75,1.1200000047683716,0.01119999960064888,KRX_IDX_1001,KRW,INDEX
2015-02-11,15.829999923706055,1.1299999952316284,0.011099999770522118,KRX_IDX_1001,KRW,INDEX
2015-02-12,15.800000190734863,1.1299999952316284,0.0110999997705221,KRX_IDX_1001,KRW,INDEX
2015-02-13,15.920000076293944,1.1399999856948853,0.0109999999403953,KRX_IDX_1001,KRW,INDEX
2015-02-16,15.93000030517578,1.1399999856948853,0.0109999999403953,KRX_IDX_1001,KRW,INDEX
2015-02-17,15.960000038146973,1.1399999856948853,0.010999999940395355,KRX_IDX_1001,KRW,INDEX
2015-02-23,16.84000015258789,1.1399999856948853,0.010999999940395355,KRX_IDX_1001,KRW,INDEX
2015-02-24,16.90999984741211,1.149999976158142,0.0109000001102685,KRX_IDX_1001,KRW,INDEX
2015-02-25,17.030000686645508,1.159999966621399,0.0109000001102685,KRX_IDX_1001,KRW,INDEX
2015-02-26,17.049999237060547,1.159999966621399,0.01080000028014183,KRX_IDX_1001,KRW,INDEX
2015-02-27,16.989999771118164,1.149999976158142,0.0109000001102685,KRX_IDX_1001,KRW,INDEX
2015-03-02,17.09000015258789,1.159999966621399,0.01080000028014183,KRX_IDX_1001,KRW,INDEX
2015-03-03,17.1200008392334,1.159999966621399,0.01080000028014183,KRX_IDX_1001,KRW,INDEX
2015-03-04,17.100000381469727,1.159999966621399,0.01080000028014183,KRX_IDX_1001,KRW,INDEX
2015-03-05,17.110000610351562,1.159999966621399,0.01080000028014183,KRX_IDX_1001,KRW,INDEX
2015-03-06,17.239999771118164,1.1699999570846558,0.010700000450015,KRX_IDX_1001,KRW,INDEX
2015-03-09,17.06999969482422,1.159999966621399,0.01080000028014183,KRX_IDX_1001,KRW,INDEX
2015-03-10,17.0,1.149999976158142,0.0109000001102685,KRX_IDX_1001,KRW,INDEX
2015-03-11,16.959999084472656,1.149999976158142,0.0109000001102685,KRX_IDX_1001,KRW,INDEX
2015-03-12,16.8700008392334,1.1399999856948853,0.0109999999403953,KRX_IDX_1001,KRW,INDEX
2015-03-13,17.729999542236328,1.149999976158142,0.0109000001102685,KRX_IDX_1001,KRW,INDEX
2015-03-16,17.739999771118164,1.149999976158142,0.0109000001102685,KRX_IDX_1001,KRW,INDEX
2015-03-17,18.1200008392334,1.1799999475479126,0.0105999996885657,KRX_IDX_1001,KRW,INDEX
2015-03-18,18.110000610351562,1.1799999475479126,0.010599999688565731,KRX_IDX_1001,KRW,INDEX
2015-03-19,18.200000762939453,1.1799999475479126,0.0105999996885657,KRX_IDX_1001,KRW,INDEX
2015-03-20,18.1200008392334,1.190000057220459,0.0105999996885657,KRX_IDX_1001,KRW,INDEX
2015-03-23,16.979999542236328,1.190000057220459,0.0105999996885657,KRX_IDX_1001,KRW,INDEX
2015-03-24,17.149999618530273,1.190000057220459,0.0105999996885657,KRX_IDX_1001,KRW,INDEX
2015-03-25,17.170000076293945,1.190000057220459,0.0105999996885657,KRX_IDX_1001,KRW,INDEX
2015-03-26,16.989999771118164,1.1799999475479126,0.010700000450015068,KRX_IDX_1001,KRW,INDEX
2015-03-27,16.969999313354492,1.1799999475479126,0.010700000450015068,KRX_IDX_1001,KRW,INDEX
2015-03-30,16.889999389648438,1.1799999475479126,0.010700000450015068,KRX_IDX_1001,KRW,INDEX
2015-03-31,16.979999542236328,1.190000057220459,0.0105999996885657,KRX_IDX_1001,KRW,INDEX
2015-04-01,16.8799991607666,1.1799999475479126,0.010700000450015068,KRX_IDX_1001,KRW,INDEX
2015-04-02,16.8799991607666,1.1799999475479126,0.010700000450015068,KRX_IDX_1001,KRW,INDEX
2015-04-03,17.030000686645508,1.190000057220459,0.010599999688565731,KRX_IDX_1001,KRW,INDEX
2015-04-06,17.040000915527344,1.190000057220459,0.0105999996885657,KRX_IDX_1001,KRW,INDEX
2015-04-07,17.049999237060547,1.190000057220459,0.010599999688565731,KRX_IDX_1001,KRW,INDEX
2015-04-08,17.149999618530273,1.2000000476837158,0.010499999858438969,KRX_IDX_1001,KRW,INDEX
2015-04-09,17.149999618530273,1.2000000476837158,0.0104999998584389,KRX_IDX_1001,KRW,INDEX
2015-04-10,17.389999389648438,1.2200000286102295,0.010400000028312206,KRX_IDX_1001,KRW,INDEX
2015-04-13,17.479999542236328,1.2200000286102295,0.01029999926686287,KRX_IDX_1001,KRW,INDEX
2015-04-14,17.59000015258789,1.2300000190734863,0.010199999436736107,KRX_IDX_1001,KRW,INDEX
2015-04-15,17.65999984741211,1.2400000095367432,0.010199999436736107,KRX_IDX_1001,KRW,INDEX
2015-04-16,17.829999923706055,1.25,0.0100999996066093,KRX_IDX_1001,KRW,INDEX
2015-04-17,17.860000610351562,1.25,0.0100999996066093,KRX_IDX_1001,KRW,INDEX
2015-04-20,17.8799991607666,1.25,0.0100999996066093,KRX_IDX_1001,KRW,INDEX
2015-04-21,17.8799991607666,1.25,0.010099999606609344,KRX_IDX_1001,KRW,INDEX
2015-04-22,17.8700008392334,1.25,0.010099999606609344,KRX_IDX_1001,KRW,INDEX
2015-04-23,18.1200008392334,1.2699999809265137,0.009999999776482582,KRX_IDX_1001,KRW,INDEX
2015-04-24,18.010000228881836,1.2599999904632568,0.009999999776482582,KRX_IDX_1001,KRW,INDEX
2015-04-27,17.989999771118164,1.2599999904632568,0.0099999997764825,KRX_IDX_1001,KRW,INDEX
2015-04-28,17.899999618530273,1.25,0.0100999996066093,KRX_IDX_1001,KRW,INDEX
2015-04-29,17.860000610351562,1.25,0.010099999606609344,KRX_IDX_1001,KRW,INDEX
2015-04-30,17.729999542236328,1.2400000095367432,0.010199999436736107,KRX_IDX_1001,KRW,INDEX
2015-05-04,17.770000457763672,1.2400000095367432,0.010199999436736107,KRX_IDX_1001,KRW,INDEX
2015-05-06,17.139999389648438,1.159999966621399,0.012600000016391277,KRX_IDX_1001,KRW,INDEX
2015-05-07,17.030000686645508,1.149999976158142,0.0126000000163912,KRX_IDX_1001,KRW,INDEX
2015-05-08,16.989999771118164,1.149999976158142,0.012699999846518,KRX_IDX_1001,KRW,INDEX
2015-05-11,17.09000015258789,1.159999966621399,0.012600000016391277,KRX_IDX_1001,KRW,INDEX
2015-05-12,17.06999969482422,1.149999976158142,0.0126000000163912,KRX_IDX_1001,KRW,INDEX
2015-05-13,17.209999084472656,1.159999966621399,0.0125000001862645,KRX_IDX_1001,KRW,INDEX
2015-05-14,17.260000228881836,1.1699999570846558,0.0125000001862645,KRX_IDX_1001,KRW,INDEX
2015-05-15,17.149999618530273,1.159999966621399,0.0126000000163912,KRX_IDX_1001,KRW,INDEX
2015-05-18,17.209999084472656,1.159999966621399,0.0125000001862645,KRX_IDX_1001,KRW,INDEX
2015-05-19,17.270000457763672,1.1699999570846558,0.012500000186264515,KRX_IDX_1001,KRW,INDEX
2015-05-20,17.420000076293945,1.1799999475479126,0.0124000003561377,KRX_IDX_1001,KRW,INDEX
2015-05-21,17.290000915527344,1.1699999570846558,0.0125000001862645,KRX_IDX_1001,KRW,INDEX
2015-05-22,17.479999542236328,1.1799999475479126,0.0123000005260109,KRX_IDX_1001,KRW,INDEX
2015-05-26,17.459999084472656,1.1799999475479126,0.0123000005260109,KRX_IDX_1001,KRW,INDEX
2015-05-27,17.15999984741211,1.159999966621399,0.0125000001862645,KRX_IDX_1001,KRW,INDEX
2015-05-28,17.190000534057617,1.159999966621399,0.0125000001862645,KRX_IDX_1001,KRW,INDEX
2015-05-29,17.229999542236328,1.1699999570846558,0.0125000001862645,KRX_IDX_1001,KRW,INDEX
2015-06-01,17.1200008392334,1.159999966621399,0.0126000000163912,KRX_IDX_1001,KRW,INDEX
2015-06-02,16.93000030517578,1.149999976158142,0.012699999846518,KRX_IDX_1001,KRW,INDEX
2015-06-03,16.809999465942383,1.1399999856948853,0.012799999676644802,KRX_IDX_1001,KRW,INDEX
2015-06-04,16.8799991607666,1.1399999856948853,0.0127999996766448,KRX_IDX_1001,KRW,INDEX
2015-06-05,16.850000381469727,1.1399999856948853,0.0127999996766448,KRX_IDX_1001,KRW,INDEX
2015-06-08,16.81999969482422,1.1399999856948853,0.012799999676644802,KRX_IDX_1001,KRW,INDEX
2015-06-09,16.81999969482422,1.1399999856948853,0.012799999676644802,KRX_IDX_1001,KRW,INDEX
2015-06-10,16.709999084472656,1.1299999952316284,0.0128999995067715,KRX_IDX_1001,KRW,INDEX
2015-06-11,16.75,1.1299999952316284,0.012899999506771564,KRX_IDX_1001,KRW,INDEX
2015-06-12,16.719999313354492,1.1299999952316284,0.012899999506771564,KRX_IDX_1001,KRW,INDEX
2015-06-15,16.639999389648438,1.1299999952316284,0.012999999336898327,KRX_IDX_1001,KRW,INDEX
2015-06-16,16.530000686645508,1.1200000047683716,0.012999999336898327,KRX_IDX_1001,KRW,INDEX
2015-06-17,16.579999923706055,1.1200000047683716,0.0129999993368983,KRX_IDX_1001,KRW,INDEX
2015-06-18,16.639999389648438,1.1299999952316284,0.0129999993368983,KRX_IDX_1001,KRW,INDEX
2015-06-19,16.670000076293945,1.1299999952316284,0.0128999995067715,KRX_IDX_1001,KRW,INDEX
2015-06-22,16.739999771118164,1.1299999952316284,0.012899999506771564,KRX_IDX_1001,KRW,INDEX
2015-06-23,16.940000534057617,1.149999976158142,0.012699999846518,KRX_IDX_1001,KRW,INDEX
2015-06-24,16.979999542236328,1.149999976158142,0.01269999984651804,KRX_IDX_1001,KRW,INDEX
2015-06-25,16.969999313354492,1.149999976158142,0.012699999846518,KRX_IDX_1001,KRW,INDEX
2015-06-26,17.020000457763672,1.149999976158142,0.012699999846518,KRX_IDX_1001,KRW,INDEX
2015-06-29,16.770000457763672,1.1399999856948853,0.012899999506771564,KRX_IDX_1001,KRW,INDEX
2015-06-30,16.8700008392334,1.1399999856948853,0.0127999996766448,KRX_IDX_1001,KRW,INDEX
2015-07-01,17.06999969482422,1.159999966621399,0.01269999984651804,KRX_IDX_1001,KRW,INDEX
2015-07-02,17.149999618530273,1.159999966621399,0.012600000016391277,KRX_IDX_1001,KRW,INDEX
2015-07-03,17.1299991607666,1.159999966621399,0.012600000016391277,KRX_IDX_1001,KRW,INDEX
2015-07-06,16.709999084472656,1.1299999952316284,0.012999999336898327,KRX_IDX_1001,KRW,INDEX
2015-07-07,16.600000381469727,1.1299999952316284,0.012999999336898327,KRX_IDX_1001,KRW,INDEX
2015-07-08,16.399999618530273,1.1100000143051147,0.013200000859797,KRX_IDX_1001,KRW,INDEX
2015-07-09,16.479999542236328,1.1200000047683716,0.01309999916702509,KRX_IDX_1001,KRW,INDEX
2015-07-10,16.520000457763672,1.1200000047683716,0.013099999167025,KRX_IDX_1001,KRW,INDEX
2015-07-13,16.780000686645508,1.1399999856948853,0.012899999506771564,KRX_IDX_1001,KRW,INDEX
2015-07-14,16.760000228881836,1.1399999856948853,0.0128999995067715,KRX_IDX_1001,KRW,INDEX
2015-07-15,16.8799991607666,1.1399999856948853,0.012799999676644802,KRX_IDX_1001,KRW,INDEX
2015-07-16,17.0,1.149999976158142,0.01269999984651804,KRX_IDX_1001,KRW,INDEX
2015-07-17,16.90999984741211,1.149999976158142,0.012799999676644802,KRX_IDX_1001,KRW,INDEX
2015-07-20,16.8799991607666,1.1399999856948853,0.012799999676644802,KRX_IDX_1001,KRW,INDEX
2015-07-21,16.959999084472656,1.149999976158142,0.01269999984651804,KRX_IDX_1001,KRW,INDEX
2015-07-22,16.809999465942383,1.1399999856948853,0.012799999676644802,KRX_IDX_1001,KRW,INDEX
2015-07-23,16.809999465942383,1.1399999856948853,0.0127999996766448,KRX_IDX_1001,KRW,INDEX
2015-07-24,16.65999984741211,1.1299999952316284,0.0129999993368983,KRX_IDX_1001,KRW,INDEX
2015-07-27,16.600000381469727,1.1299999952316284,0.012999999336898327,KRX_IDX_1001,KRW,INDEX
2015-07-28,16.600000381469727,1.1299999952316284,0.0129999993368983,KRX_IDX_1001,KRW,INDEX
2015-07-29,16.59000015258789,1.1200000047683716,0.012999999336898327,KRX_IDX_1001,KRW,INDEX
2015-07-30,16.440000534057617,1.1100000143051147,0.01309999916702509,KRX_IDX_1001,KRW,INDEX
2015-07-31,15.84000015258789,1.1200000047683716,0.012999999336898327,KRX_IDX_1001,KRW,INDEX
2015-08-03,15.5,1.1100000143051147,0.013200000859797001,KRX_IDX_1001,KRW,INDEX
2015-08-04,15.649999618530273,1.1200000047683716,0.012999999336898327,KRX_IDX_1001,KRW,INDEX
2015-08-05,15.65999984741211,1.1200000047683716,0.012999999336898327,KRX_IDX_1001,KRW,INDEX
2015-08-06,15.529999732971191,1.1200000047683716,0.013200000859797,KRX_IDX_1001,KRW,INDEX
2015-08-07,15.510000228881836,1.1100000143051147,0.013200000859797001,KRX_IDX_1001,KRW,INDEX
2015-08-10,15.449999809265137,1.1100000143051147,0.013200000859797,KRX_IDX_1001,KRW,INDEX
2015-08-11,15.329999923706055,1.100000023841858,0.013300000689923763,KRX_IDX_1001,KRW,INDEX
2015-08-12,15.239999771118164,1.090000033378601,0.013400000520050526,KRX_IDX_1001,KRW,INDEX
2015-08-13,15.300000190734863,1.100000023841858,0.0133000006899237,KRX_IDX_1001,KRW,INDEX
2015-08-17,15.180000305175781,1.090000033378601,0.013400000520050526,KRX_IDX_1001,KRW,INDEX
2015-08-18,15.039999961853027,1.0800000429153442,0.013500000350177288,KRX_IDX_1001,KRW,INDEX
2015-08-19,14.90999984741211,1.0800000429153442,0.013600000180304,KRX_IDX_1001,KRW,INDEX
2015-08-20,14.720000267028809,1.059999942779541,0.013799999840557575,KRX_IDX_1001,KRW,INDEX
2015-08-21,14.420000076293945,1.0399999618530273,0.014099999330937862,KRX_IDX_1001,KRW,INDEX
2015-08-24,14.0600004196167,1.0099999904632568,0.014400000683963299,KRX_IDX_1001,KRW,INDEX
2015-08-25,14.1899995803833,1.0199999809265137,0.0142999999225139,KRX_IDX_1001,KRW,INDEX
2015-08-26,14.5600004196167,1.0499999523162842,0.0138999996706843,KRX_IDX_1001,KRW,INDEX
2015-08-27,14.670000076293945,1.059999942779541,0.013799999840557575,KRX_IDX_1001,KRW,INDEX
2015-08-28,14.899999618530272,1.0700000524520874,0.013600000180304,KRX_IDX_1001,KRW,INDEX
2015-08-31,14.93000030517578,1.0800000429153442,0.013600000180304,KRX_IDX_1001,KRW,INDEX
2015-09-01,14.75,1.0700000524520874,0.0137999998405575,KRX_IDX_1001,KRW,INDEX
2015-09-02,14.760000228881836,1.0700000524520874,0.0137999998405575,KRX_IDX_1001,KRW,INDEX
2015-09-03,14.760000228881836,1.0700000524520874,0.013799999840557575,KRX_IDX_1001,KRW,INDEX
2015-09-04,14.539999961853027,1.059999942779541,0.0139999995008111,KRX_IDX_1001,KRW,INDEX
2015-09-07,14.510000228881836,1.059999942779541,0.0139999995008111,KRX_IDX_1001,KRW,INDEX
2015-09-08,14.479999542236328,1.0499999523162842,0.0139999995008111,KRX_IDX_1001,KRW,INDEX
2015-09-09,14.90999984741211,1.090000033378601,0.01360000018030405,KRX_IDX_1001,KRW,INDEX
2015-09-10,15.119999885559082,1.100000023841858,0.013400000520050526,KRX_IDX_1001,KRW,INDEX
2015-09-11,14.960000038146973,1.090000033378601,0.01360000018030405,KRX_IDX_1001,KRW,INDEX
2015-09-14,14.880000114440918,1.0800000429153442,0.013600000180304,KRX_IDX_1001,KRW,INDEX
2015-09-15,14.930000305175781,1.090000033378601,0.013500000350177288,KRX_IDX_1001,KRW,INDEX
2015-09-16,15.229999542236328,1.1100000143051147,0.013300000689923763,KRX_IDX_1001,KRW,INDEX
2015-09-17,15.239999771118164,1.1100000143051147,0.013300000689923763,KRX_IDX_1001,KRW,INDEX
2015-09-18,15.390000343322754,1.1200000047683716,0.01309999916702509,KRX_IDX_1001,KRW,INDEX
2015-09-21,15.149999618530272,1.100000023841858,0.0133000006899237,KRX_IDX_1001,KRW,INDEX
2015-09-22,15.279999732971191,1.1100000143051147,0.013200000859797001,KRX_IDX_1001,KRW,INDEX
2015-09-23,14.989999771118164,1.090000033378601,0.0135000003501772,KRX_IDX_1001,KRW,INDEX
2015-09-24,15.0,1.090000033378601,0.0135000003501772,KRX_IDX_1001,KRW,INDEX
2015-09-25,14.970000267028809,1.090000033378601,0.0135000003501772,KRX_IDX_1001,KRW,INDEX
2015-09-30,15.119999885559082,1.100000023841858,0.0133000006899237,KRX_IDX_1001,KRW,INDEX
2015-10-01,15.25,1.1100000143051147,0.013200000859797,KRX_IDX_1001,KRW,INDEX
2015-10-02,15.170000076293945,1.100000023841858,0.013300000689923763,KRX_IDX_1001,KRW,INDEX
2015-10-05,15.25,1.1100000143051147,0.013200000859797,KRX_IDX_1001,KRW,INDEX
2015-10-06,15.350000381469727,1.1200000047683716,0.013200000859797001,KRX_IDX_1001,KRW,INDEX
2015-10-07,15.460000038146973,1.1299999952316284,0.0129999993368983,KRX_IDX_1001,KRW,INDEX
2015-10-08,15.56999969482422,1.1299999952316284,0.0129999993368983,KRX_IDX_1001,KRW,INDEX
2015-10-12,15.59000015258789,1.1299999952316284,0.0128999995067715,KRX_IDX_1001,KRW,INDEX
2015-10-13,15.56999969482422,1.1299999952316284,0.0129999993368983,KRX_IDX_1001,KRW,INDEX
2015-10-14,15.489999771118164,1.1299999952316284,0.0129999993368983,KRX_IDX_1001,KRW,INDEX
2015-10-15,15.680000305175781,1.1399999856948853,0.012899999506771564,KRX_IDX_1001,KRW,INDEX
2015-10-16,15.65999984741211,1.1399999856948853,0.0128999995067715,KRX_IDX_1001,KRW,INDEX
2015-10-19,15.65999984741211,1.1399999856948853,0.0128999995067715,KRX_IDX_1001,KRW,INDEX
2015-10-20,15.729999542236328,1.1399999856948853,0.0127999996766448,KRX_IDX_1001,KRW,INDEX
2015-10-21,15.75,1.149999976158142,0.0127999996766448,KRX_IDX_1001,KRW,INDEX
2015-10-22,15.600000381469727,1.1399999856948853,0.012899999506771564,KRX_IDX_1001,KRW,INDEX
2015-10-23,15.729999542236328,1.1399999856948853,0.012799999676644802,KRX_IDX_1001,KRW,INDEX
2015-10-26,15.789999961853027,1.149999976158142,0.0127999996766448,KRX_IDX_1001,KRW,INDEX
2015-10-27,15.760000228881836,1.149999976158142,0.012799999676644802,KRX_IDX_1001,KRW,INDEX
2015-10-28,15.75,1.149999976158142,0.012799999676644802,KRX_IDX_1001,KRW,INDEX
2015-10-29,15.68000030517578,1.1399999856948853,0.0127999996766448,KRX_IDX_1001,KRW,INDEX
2015-10-30,15.649999618530272,1.1399999856948853,0.0127999996766448,KRX_IDX_1001,KRW,INDEX
2015-11-02,15.699999809265137,1.1399999856948853,0.0127999996766448,KRX_IDX_1001,KRW,INDEX
2015-11-03,15.789999961853027,1.149999976158142,0.012699999846518,KRX_IDX_1001,KRW,INDEX
2015-11-04,15.829999923706056,1.149999976158142,0.012699999846518,KRX_IDX_1001,KRW,INDEX
2015-11-05,15.800000190734863,1.149999976158142,0.012699999846518,KRX_IDX_1001,KRW,INDEX
2015-11-06,15.739999771118164,1.149999976158142,0.0127999996766448,KRX_IDX_1001,KRW,INDEX
2015-11-09,15.619999885559082,1.1399999856948853,0.0128999995067715,KRX_IDX_1001,KRW,INDEX
2015-11-10,15.399999618530273,1.1200000047683716,0.01309999916702509,KRX_IDX_1001,KRW,INDEX
2015-11-11,15.399999618530273,1.1200000047683716,0.012999999336898327,KRX_IDX_1001,KRW,INDEX
2015-11-12,15.369999885559082,1.1200000047683716,0.01309999916702509,KRX_IDX_1001,KRW,INDEX
2015-11-13,15.210000038146973,1.1100000143051147,0.013200000859797001,KRX_IDX_1001,KRW,INDEX
2015-11-16,14.970000267028809,1.090000033378601,0.013400000520050526,KRX_IDX_1001,KRW,INDEX
2015-11-17,15.130000114440918,1.100000023841858,0.013300000689923763,KRX_IDX_1001,KRW,INDEX
2015-11-18,15.130000114440918,1.100000023841858,0.0133000006899237,KRX_IDX_1001,KRW,INDEX
2015-11-19,15.329999923706056,1.1200000047683716,0.013099999167025,KRX_IDX_1001,KRW,INDEX
2015-11-20,15.34000015258789,1.1200000047683716,0.013099999167025,KRX_IDX_1001,KRW,INDEX
2015-11-23,15.449999809265137,1.1200000047683716,0.012999999336898327,KRX_IDX_1001,KRW,INDEX
2015-11-24,15.550000190734863,1.1299999952316284,0.012899999506771564,KRX_IDX_1001,KRW,INDEX
2015-11-25,15.489999771118164,1.1299999952316284,0.012999999336898327,KRX_IDX_1001,KRW,INDEX
2015-11-26,15.65999984741211,1.1399999856948853,0.012799999676644802,KRX_IDX_1001,KRW,INDEX
2015-11-27,15.640000343322754,1.1399999856948853,0.012799999676644802,KRX_IDX_1001,KRW,INDEX
2015-11-30,15.359999656677246,1.1200000047683716,0.01309999916702509,KRX_IDX_1001,KRW,INDEX
2015-12-01,15.56999969482422,1.1399999856948853,0.0128999995067715,KRX_IDX_1001,KRW,INDEX
2015-12-02,15.460000038146973,1.1299999952316284,0.012999999336898327,KRX_IDX_1001,KRW,INDEX
2015-12-03,15.34000015258789,1.1200000047683716,0.01309999916702509,KRX_IDX_1001,KRW,INDEX
2015-12-04,15.149999618530272,1.1100000143051147,0.013200000859797,KRX_IDX_1001,KRW,INDEX
2015-12-07,15.069999694824219,1.100000023841858,0.013300000689923763,KRX_IDX_1001,KRW,INDEX
2015-12-08,14.960000038146973,1.090000033378601,0.013400000520050526,KRX_IDX_1001,KRW,INDEX
2015-12-09,14.970000267028809,1.090000033378601,0.0134000005200505,KRX_IDX_1001,KRW,INDEX
2015-12-10,15.0,1.100000023841858,0.0133000006899237,KRX_IDX_1001,KRW,INDEX
2015-12-11,14.970000267028809,1.090000033378601,0.0134000005200505,KRX_IDX_1001,KRW,INDEX
2015-12-14,14.8100004196167,1.0800000429153442,0.0135000003501772,KRX_IDX_1001,KRW,INDEX
2015-12-15,14.850000381469728,1.090000033378601,0.0135000003501772,KRX_IDX_1001,KRW,INDEX
2015-12-16,15.130000114440918,1.1100000143051147,0.013200000859797001,KRX_IDX_1001,KRW,INDEX
2015-12-17,15.199999809265137,1.1100000143051147,0.013200000859797001,KRX_IDX_1001,KRW,INDEX
2015-12-18,15.180000305175781,1.1100000143051147,0.013200000859797001,KRX_IDX_1001,KRW,INDEX
2015-12-21,15.220000267028809,1.1100000143051147,0.013099999167025,KRX_IDX_1001,KRW,INDEX
2015-12-22,15.3100004196167,1.1200000047683716,0.013099999167025,KRX_IDX_1001,KRW,INDEX
2015-12-23,15.359999656677246,1.1200000047683716,0.0129999993368983,KRX_IDX_1001,KRW,INDEX
2015-12-24,15.300000190734863,1.1200000047683716,0.01309999916702509,KRX_IDX_1001,KRW,INDEX
2015-12-28,15.09000015258789,1.100000023841858,0.013200000859797001,KRX_IDX_1001,KRW,INDEX
2015-12-29,15.109999656677246,1.100000023841858,0.013200000859797,KRX_IDX_1001,KRW,INDEX
2015-12-30,15.06999969482422,1.100000023841858,0.0133000006899237,KRX_IDX_1001,KRW,INDEX
2016-01-04,14.739999771118164,1.0800000429153442,0.013600000180304,KRX_IDX_1001,KRW,INDEX
2016-01-05,14.829999923706055,1.0800000429153442,0.013500000350177288,KRX_IDX_1001,KRW,INDEX
2016-01-06,14.789999961853027,1.0800000429153442,0.013500000350177288,KRX_IDX_1001,KRW,INDEX
2016-01-07,14.630000114440918,1.0700000524520874,0.013700000010430813,KRX_IDX_1001,KRW,INDEX
2016-01-08,14.729999542236328,1.0800000429153442,0.01360000018030405,KRX_IDX_1001,KRW,INDEX
2016-01-11,14.550000190734863,1.059999942779541,0.013799999840557575,KRX_IDX_1001,KRW,INDEX
2016-01-12,14.520000457763672,1.059999942779541,0.013799999840557575,KRX_IDX_1001,KRW,INDEX
2016-01-13,14.720000267028809,1.0700000524520874,0.01360000018030405,KRX_IDX_1001,KRW,INDEX
2016-01-14,14.59000015258789,1.0700000524520874,0.013700000010430813,KRX_IDX_1001,KRW,INDEX
2016-01-15,14.43000030517578,1.0499999523162842,0.0138999996706843,KRX_IDX_1001,KRW,INDEX
2016-01-18,14.430000305175781,1.0499999523162842,0.013899999670684338,KRX_IDX_1001,KRW,INDEX
2016-01-19,14.510000228881836,1.059999942779541,0.013799999840557575,KRX_IDX_1001,KRW,INDEX
2016-01-20,14.170000076293945,1.0299999713897705,0.014099999330937862,KRX_IDX_1001,KRW,INDEX
2016-01-21,14.130000114440918,1.0299999713897705,0.0141999991610646,KRX_IDX_1001,KRW,INDEX
2016-01-22,14.420000076293944,1.0499999523162842,0.0138999996706843,KRX_IDX_1001,KRW,INDEX
2016-01-25,14.529999732971191,1.059999942779541,0.0137999998405575,KRX_IDX_1001,KRW,INDEX
2016-01-26,14.359999656677246,1.0499999523162842,0.0138999996706843,KRX_IDX_1001,KRW,INDEX
2016-01-27,14.5600004196167,1.059999942779541,0.0137000000104308,KRX_IDX_1001,KRW,INDEX
2016-01-28,14.630000114440918,1.0700000524520874,0.0137000000104308,KRX_IDX_1001,KRW,INDEX
2016-01-29,14.699999809265137,1.0700000524520874,0.01360000018030405,KRX_IDX_1001,KRW,INDEX
2016-02-01,14.800000190734863,1.0800000429153442,0.0135000003501772,KRX_IDX_1001,KRW,INDEX
2016-02-02,14.65999984741211,1.0700000524520874,0.0137000000104308,KRX_IDX_1001,KRW,INDEX
2016-02-03,14.539999961853027,1.059999942779541,0.0137999998405575,KRX_IDX_1001,KRW,INDEX
2016-02-04,14.59000015258789,1.0700000524520874,0.01360000018030405,KRX_IDX_1001,KRW,INDEX
2016-02-05,14.75,1.0800000429153442,0.013600000180304,KRX_IDX_1001,KRW,INDEX
2016-02-11,15.170000076293945,1.0499999523162842,0.0139999995008111,KRX_IDX_1001,KRW,INDEX
2016-02-12,14.949999809265137,1.0299999713897705,0.0141999991610646,KRX_IDX_1001,KRW,INDEX
2016-02-15,15.18000030517578,1.0499999523162842,0.0139999995008111,KRX_IDX_1001,KRW,INDEX
2016-02-16,15.390000343322754,1.059999942779541,0.0137999998405575,KRX_IDX_1001,KRW,INDEX
2016-02-17,15.350000381469728,1.059999942779541,0.0137999998405575,KRX_IDX_1001,KRW,INDEX
2016-02-18,15.5600004196167,1.0700000524520874,0.013600000180304,KRX_IDX_1001,KRW,INDEX
2016-02-19,15.619999885559082,1.0800000429153442,0.013600000180304,KRX_IDX_1001,KRW,INDEX
2016-02-22,15.619999885559082,1.0800000429153442,0.01360000018030405,KRX_IDX_1001,KRW,INDEX
2016-02-23,15.600000381469727,1.0800000429153442,0.01360000018030405,KRX_IDX_1001,KRW,INDEX
2016-02-24,15.59000015258789,1.0800000429153442,0.013600000180304,KRX_IDX_1001,KRW,INDEX
2016-02-25,15.640000343322754,1.0800000429153442,0.013600000180304,KRX_IDX_1001,KRW,INDEX
2016-02-26,15.65999984741211,1.0800000429153442,0.013500000350177288,KRX_IDX_1001,KRW,INDEX
2016-02-29,15.630000114440918,1.0800000429153442,0.013600000180304,KRX_IDX_1001,KRW,INDEX
2016-03-02,15.880000114440918,1.100000023841858,0.013300000689923763,KRX_IDX_1001,KRW,INDEX
2016-03-03,15.970000267028809,1.100000023841858,0.013300000689923763,KRX_IDX_1001,KRW,INDEX
2016-03-04,15.949999809265137,1.100000023841858,0.013300000689923763,KRX_IDX_1001,KRW,INDEX
2016-03-07,15.829999923706055,1.100000023841858,0.013300000689923763,KRX_IDX_1001,KRW,INDEX
2016-03-08,15.729999542236328,1.100000023841858,0.013400000520050526,KRX_IDX_1001,KRW,INDEX
2016-03-09,15.789999961853027,1.100000023841858,0.013300000689923763,KRX_IDX_1001,KRW,INDEX
2016-03-10,15.920000076293945,1.1100000143051147,0.013200000859797001,KRX_IDX_1001,KRW,INDEX
2016-03-11,15.930000305175781,1.1100000143051147,0.013200000859797001,KRX_IDX_1001,KRW,INDEX
2016-03-14,15.9399995803833,1.1100000143051147,0.013200000859797001,KRX_IDX_1001,KRW,INDEX
2016-03-15,15.90999984741211,1.1100000143051147,0.013200000859797001,KRX_IDX_1001,KRW,INDEX
2016-03-16,15.949999809265137,1.1100000143051147,0.013200000859797001,KRX_IDX_1001,KRW,INDEX
2016-03-17,16.049999237060547,1.1200000047683716,0.01309999916702509,KRX_IDX_1001,KRW,INDEX
2016-03-18,16.190000534057617,1.1200000047683716,0.0129999993368983,KRX_IDX_1001,KRW,INDEX
2016-03-21,16.149999618530273,1.1200000047683716,0.0129999993368983,KRX_IDX_1001,KRW,INDEX
2016-03-22,16.209999084472656,1.1200000047683716,0.012999999336898327,KRX_IDX_1001,KRW,INDEX
2016-03-23,16.190000534057617,1.1200000047683716,0.0129999993368983,KRX_IDX_1001,KRW,INDEX
2016-03-24,16.1200008392334,1.1200000047683716,0.013099999167025,KRX_IDX_1001,KRW,INDEX
2016-03-25,16.100000381469727,1.1200000047683716,0.013099999167025,KRX_IDX_1001,KRW,INDEX
2016-03-28,16.09000015258789,1.1200000047683716,0.013099999167025,KRX_IDX_1001,KRW,INDEX
2016-03-29,16.190000534057617,1.1200000047683716,0.0129999993368983,KRX_IDX_1001,KRW,INDEX
2016-03-30,16.260000228881836,1.1299999952316284,0.0129999993368983,KRX_IDX_1001,KRW,INDEX
2016-03-31,16.200000762939453,1.1200000047683716,0.0129999993368983,KRX_IDX_1001,KRW,INDEX
2016-04-01,16.020000457763672,1.1100000143051147,0.013200000859797001,KRX_IDX_1001,KRW,INDEX
2016-04-04,16.059999465942383,1.1100000143051147,0.01309999916702509,KRX_IDX_1001,KRW,INDEX
2016-04-05,15.930000305175781,1.1100000143051147,0.013200000859797001,KRX_IDX_1001,KRW,INDEX
2016-04-06,16.0,1.1100000143051147,0.013200000859797,KRX_IDX_1001,KRW,INDEX
2016-04-07,16.020000457763672,1.1100000143051147,0.013200000859797,KRX_IDX_1001,KRW,INDEX
2016-04-08,16.010000228881836,1.1100000143051147,0.013200000859797001,KRX_IDX_1001,KRW,INDEX
2016-04-11,16.0,1.1100000143051147,0.013200000859797,KRX_IDX_1001,KRW,INDEX
2016-04-12,16.09000015258789,1.1200000047683716,0.01309999916702509,KRX_IDX_1001,KRW,INDEX
2016-04-14,16.389999389648438,1.1399999856948853,0.012899999506771564,KRX_IDX_1001,KRW,INDEX
2016-04-15,16.3799991607666,1.1399999856948853,0.012899999506771564,KRX_IDX_1001,KRW,INDEX
2016-04-18,16.34000015258789,1.1299999952316284,0.012899999506771564,KRX_IDX_1001,KRW,INDEX
2016-04-19,16.350000381469727,1.1299999952316284,0.012899999506771564,KRX_IDX_1001,KRW,INDEX
2016-04-20,16.309999465942383,1.1299999952316284,0.012999999336898327,KRX_IDX_1001,KRW,INDEX
2016-04-21,16.450000762939453,1.1399999856948853,0.012899999506771564,KRX_IDX_1001,KRW,INDEX
2016-04-22,16.389999389648438,1.1399999856948853,0.012899999506771564,KRX_IDX_1001,KRW,INDEX
2016-04-25,16.3799991607666,1.1299999952316284,0.0128999995067715,KRX_IDX_1001,KRW,INDEX
2016-04-26,16.420000076293945,1.1399999856948853,0.012899999506771564,KRX_IDX_1001,KRW,INDEX
2016-04-27,16.3799991607666,1.1399999856948853,0.0128999995067715,KRX_IDX_1001,KRW,INDEX
2016-04-28,16.260000228881836,1.1299999952316284,0.0129999993368983,KRX_IDX_1001,KRW,INDEX
2016-04-29,16.209999084472656,1.1200000047683716,0.0127999996766448,KRX_IDX_1001,KRW,INDEX
2016-05-02,13.859999656677246,1.0399999618530273,0.01690000109374523,KRX_IDX_1001,KRW,INDEX
2016-05-03,13.920000076293944,1.0499999523162842,0.0167999994009733,KRX_IDX_1001,KRW,INDEX
2016-05-04,13.850000381469728,1.0399999618530271,0.0169000010937452,KRX_IDX_1001,KRW,INDEX
2016-05-09,13.789999961853027,1.0399999618530271,0.0170000009238719,KRX_IDX_1001,KRW,INDEX
2016-05-10,13.890000343322754,1.0499999523162842,0.0167999994009733,KRX_IDX_1001,KRW,INDEX
2016-05-11,13.869999885559082,1.0399999618530271,0.0169000010937452,KRX_IDX_1001,KRW,INDEX
2016-05-12,13.859999656677246,1.0399999618530273,0.01690000109374523,KRX_IDX_1001,KRW,INDEX
2016-05-13,13.789999961853027,1.0399999618530271,0.0170000009238719,KRX_IDX_1001,KRW,INDEX
2016-05-16,13.789999961853027,1.0399999618530271,0.0170000009238719,KRX_IDX_1001,KRW,INDEX
2016-05-17,13.800000190734863,1.0399999618530271,0.0170000009238719,KRX_IDX_1001,KRW,INDEX
2016-05-18,13.720000267028809,1.0299999713897705,0.017100000753998756,KRX_IDX_1001,KRW,INDEX
2016-05-19,13.649999618530272,1.0299999713897705,0.0171000007539987,KRX_IDX_1001,KRW,INDEX
2016-05-20,13.65999984741211,1.0299999713897705,0.0171000007539987,KRX_IDX_1001,KRW,INDEX
2016-05-23,13.710000038146973,1.0299999713897705,0.0171000007539987,KRX_IDX_1001,KRW,INDEX
2016-05-24,13.59000015258789,1.0199999809265137,0.0172000005841255,KRX_IDX_1001,KRW,INDEX
2016-05-25,13.75,1.0299999713897705,0.017000000923871994,KRX_IDX_1001,KRW,INDEX
2016-05-26,13.729999542236328,1.0299999713897705,0.017000000923871994,KRX_IDX_1001,KRW,INDEX
2016-05-27,13.8100004196167,1.0399999618530271,0.0169000010937452,KRX_IDX_1001,KRW,INDEX
2016-05-30,13.800000190734863,1.0399999618530273,0.017000000923871994,KRX_IDX_1001,KRW,INDEX
2016-05-31,13.90999984741211,1.0499999523162842,0.01679999940097332,KRX_IDX_1001,KRW,INDEX
2016-06-01,13.90999984741211,1.0499999523162842,0.0167999994009733,KRX_IDX_1001,KRW,INDEX
2016-06-02,13.920000076293944,1.0499999523162842,0.0167999994009733,KRX_IDX_1001,KRW,INDEX
2016-06-03,13.93000030517578,1.0499999523162842,0.0167999994009733,KRX_IDX_1001,KRW,INDEX
2016-06-07,14.109999656677246,1.059999942779541,0.0165999997407197,KRX_IDX_1001,KRW,INDEX
2016-06-08,14.220000267028809,1.0700000524520874,0.016499999910593,KRX_IDX_1001,KRW,INDEX
2016-06-09,14.199999809265137,1.0700000524520874,0.016499999910593,KRX_IDX_1001,KRW,INDEX
2016-06-10,14.149999618530272,1.059999942779541,0.016499999910593,KRX_IDX_1001,KRW,INDEX
2016-06-13,13.880000114440918,1.0399999618530271,0.0169000010937452,KRX_IDX_1001,KRW,INDEX
2016-06-14,13.829999923706055,1.0399999618530273,0.01690000109374523,KRX_IDX_1001,KRW,INDEX
2016-06-15,13.8100004196167,1.0399999618530271,0.0169000010937452,KRX_IDX_1001,KRW,INDEX
2016-06-16,13.6899995803833,1.0299999713897705,0.017100000753998756,KRX_IDX_1001,KRW,INDEX
2016-06-17,13.699999809265137,1.0299999713897705,0.0171000007539987,KRX_IDX_1001,KRW,INDEX
2016-06-20,13.899999618530272,1.0499999523162842,0.0167999994009733,KRX_IDX_1001,KRW,INDEX
2016-06-21,13.920000076293944,1.0499999523162842,0.0167999994009733,KRX_IDX_1001,KRW,INDEX
2016-06-22,13.989999771118164,1.0499999523162842,0.016699999570846558,KRX_IDX_1001,KRW,INDEX
2016-06-23,13.9399995803833,1.0499999523162842,0.01679999940097332,KRX_IDX_1001,KRW,INDEX
2016-06-24,13.510000228881836,1.0199999809265137,0.0173000004142522,KRX_IDX_1001,KRW,INDEX
2016-06-27,13.520000457763672,1.0199999809265137,0.01730000041425228,KRX_IDX_1001,KRW,INDEX
2016-06-28,13.59000015258789,1.0199999809265137,0.0172000005841255,KRX_IDX_1001,KRW,INDEX
2016-06-29,13.729999542236328,1.0299999713897705,0.0170000009238719,KRX_IDX_1001,KRW,INDEX
2016-06-30,13.829999923706055,1.0399999618530273,0.01690000109374523,KRX_IDX_1001,KRW,INDEX
2016-07-01,13.949999809265137,1.0499999523162842,0.0167999994009733,KRX_IDX_1001,KRW,INDEX
2016-07-04,14.010000228881836,1.0499999523162842,0.0166999995708465,KRX_IDX_1001,KRW,INDEX
2016-07-05,13.970000267028809,1.0499999523162842,0.0166999995708465,KRX_IDX_1001,KRW,INDEX
2016-07-06,13.710000038146973,1.0299999713897705,0.017100000753998756,KRX_IDX_1001,KRW,INDEX
2016-07-07,13.859999656677246,1.0399999618530271,0.0169000010937452,KRX_IDX_1001,KRW,INDEX
2016-07-08,13.779999732971191,1.0399999618530271,0.0170000009238719,KRX_IDX_1001,KRW,INDEX
2016-07-11,13.960000038146973,1.0499999523162842,0.01679999940097332,KRX_IDX_1001,KRW,INDEX
2016-07-12,13.979999542236328,1.0499999523162842,0.0166999995708465,KRX_IDX_1001,KRW,INDEX
2016-07-13,14.079999923706056,1.059999942779541,0.0165999997407197,KRX_IDX_1001,KRW,INDEX
2016-07-14,14.100000381469728,1.059999942779541,0.0165999997407197,KRX_IDX_1001,KRW,INDEX
2016-07-15,14.180000305175781,1.0700000524520874,0.016499999910593033,KRX_IDX_1001,KRW,INDEX
2016-07-18,14.210000038146973,1.0700000524520874,0.016499999910593033,KRX_IDX_1001,KRW,INDEX
2016-07-19,14.18000030517578,1.0700000524520874,0.016499999910593,KRX_IDX_1001,KRW,INDEX
2016-07-20,14.170000076293944,1.0700000524520874,0.016499999910593,KRX_IDX_1001,KRW,INDEX
2016-07-21,14.149999618530273,1.059999942779541,0.016599999740719795,KRX_IDX_1001,KRW,INDEX
2016-07-22,14.130000114440918,1.059999942779541,0.016599999740719795,KRX_IDX_1001,KRW,INDEX
2016-07-25,14.149999618530273,1.059999942779541,0.016599999740719795,KRX_IDX_1001,KRW,INDEX
2016-07-26,14.25,1.0700000524520874,0.01640000008046627,KRX_IDX_1001,KRW,INDEX
2016-07-27,14.239999771118164,1.0700000524520874,0.016499999910593,KRX_IDX_1001,KRW,INDEX
2016-07-28,14.210000038146973,1.0700000524520874,0.016499999910593,KRX_IDX_1001,KRW,INDEX
2016-07-29,14.1899995803833,1.0700000524520874,0.016499999910593033,KRX_IDX_1001,KRW,INDEX
2016-08-01,14.279999732971191,1.0700000524520874,0.0164000000804662,KRX_IDX_1001,KRW,INDEX
2016-08-02,14.199999809265137,1.0700000524520874,0.016499999910593,KRX_IDX_1001,KRW,INDEX
2016-08-03,14.029999732971191,1.059999942779541,0.016699999570846558,KRX_IDX_1001,KRW,INDEX
2016-08-04,14.06999969482422,1.059999942779541,0.0166999995708465,KRX_IDX_1001,KRW,INDEX
2016-08-05,14.199999809265137,1.0700000524520874,0.016499999910593,KRX_IDX_1001,KRW,INDEX
2016-08-08,14.289999961853027,1.0700000524520874,0.0164000000804662,KRX_IDX_1001,KRW,INDEX
2016-08-09,14.380000114440918,1.0800000429153442,0.016300000250339508,KRX_IDX_1001,KRW,INDEX
2016-08-10,14.390000343322754,1.0800000429153442,0.016300000250339508,KRX_IDX_1001,KRW,INDEX
2016-08-11,14.420000076293944,1.0800000429153442,0.0163000002503395,KRX_IDX_1001,KRW,INDEX
2016-08-12,14.430000305175781,1.090000033378601,0.016200000420212746,KRX_IDX_1001,KRW,INDEX
2016-08-16,14.40999984741211,1.0800000429153442,0.016300000250339508,KRX_IDX_1001,KRW,INDEX
2016-08-17,14.380000114440918,1.0800000429153442,0.016300000250339508,KRX_IDX_1001,KRW,INDEX
2016-08-18,14.470000267028809,1.090000033378601,0.016200000420212746,KRX_IDX_1001,KRW,INDEX
2016-08-19,14.470000267028809,1.090000033378601,0.016200000420212746,KRX_IDX_1001,KRW,INDEX
2016-08-22,14.369999885559082,1.0800000429153442,0.016300000250339508,KRX_IDX_1001,KRW,INDEX
2016-08-23,14.430000305175781,1.0800000429153442,0.016200000420212746,KRX_IDX_1001,KRW,INDEX
2016-08-24,14.380000114440918,1.0800000429153442,0.016300000250339508,KRX_IDX_1001,KRW,INDEX
2016-08-25,14.380000114440918,1.0800000429153442,0.016300000250339508,KRX_IDX_1001,KRW,INDEX
2016-08-26,14.34000015258789,1.0800000429153442,0.0163000002503395,KRX_IDX_1001,KRW,INDEX
2016-08-29,14.300000190734863,1.0800000429153442,0.01640000008046627,KRX_IDX_1001,KRW,INDEX
2016-08-30,14.359999656677246,1.0800000429153442,0.016300000250339508,KRX_IDX_1001,KRW,INDEX
2016-08-31,14.319999694824219,1.0800000429153442,0.01640000008046627,KRX_IDX_1001,KRW,INDEX
2016-09-01,14.289999961853027,1.0800000429153442,0.0164000000804662,KRX_IDX_1001,KRW,INDEX
2016-09-02,14.329999923706056,1.0800000429153442,0.0163000002503395,KRX_IDX_1001,KRW,INDEX
2016-09-05,14.489999771118164,1.090000033378601,0.0162000004202127,KRX_IDX_1001,KRW,INDEX
2016-09-06,14.529999732971191,1.090000033378601,0.016100000590085983,KRX_IDX_1001,KRW,INDEX
2016-09-07,14.5,1.090000033378601,0.016200000420212746,KRX_IDX_1001,KRW,INDEX
2016-09-08,14.510000228881836,1.090000033378601,0.016100000590085983,KRX_IDX_1001,KRW,INDEX
2016-09-09,14.329999923706056,1.0800000429153442,0.0163000002503395,KRX_IDX_1001,KRW,INDEX
2016-09-12,14.010000228881836,1.0499999523162842,0.0166999995708465,KRX_IDX_1001,KRW,INDEX
2016-09-13,14.0600004196167,1.059999942779541,0.0166999995708465,KRX_IDX_1001,KRW,INDEX
2016-09-19,14.18000030517578,1.0700000524520874,0.016499999910593,KRX_IDX_1001,KRW,INDEX
2016-09-20,14.25,1.0700000524520874,0.01640000008046627,KRX_IDX_1001,KRW,INDEX
2016-09-21,14.319999694824219,1.0800000429153442,0.01640000008046627,KRX_IDX_1001,KRW,INDEX
2016-09-22,14.420000076293945,1.090000033378601,0.016200000420212746,KRX_IDX_1001,KRW,INDEX
2016-09-23,14.460000038146973,1.090000033378601,0.0162000004202127,KRX_IDX_1001,KRW,INDEX
2016-09-26,14.40999984741211,1.0800000429153442,0.016300000250339508,KRX_IDX_1001,KRW,INDEX
2016-09-27,14.520000457763672,1.090000033378601,0.016100000590085983,KRX_IDX_1001,KRW,INDEX
2016-09-28,14.449999809265137,1.090000033378601,0.016200000420212746,KRX_IDX_1001,KRW,INDEX
2016-09-29,14.5600004196167,1.100000023841858,0.016100000590085983,KRX_IDX_1001,KRW,INDEX
2016-09-30,14.510000228881836,1.0800000429153442,0.0163000002503395,KRX_IDX_1001,KRW,INDEX
2016-10-04,13.329999923706056,1.0099999904632568,0.0153000000864267,KRX_IDX_1001,KRW,INDEX
2016-10-05,13.319999694824219,1.0099999904632568,0.015300000086426735,KRX_IDX_1001,KRW,INDEX
2016-10-06,13.399999618530273,1.0199999809265137,0.015200000256299973,KRX_IDX_1001,KRW,INDEX
2016-10-07,13.329999923706056,1.0099999904632568,0.0153000000864267,KRX_IDX_1001,KRW,INDEX
2016-10-10,13.329999923706056,1.0099999904632568,0.0153000000864267,KRX_IDX_1001,KRW,INDEX
2016-10-11,13.170000076293945,1.0,0.01549999974668026,KRX_IDX_1001,KRW,INDEX
2016-10-12,13.18000030517578,1.0,0.0154999997466802,KRX_IDX_1001,KRW,INDEX
2016-10-13,13.0600004196167,0.9900000095367432,0.015599999576807022,KRX_IDX_1001,KRW,INDEX
2016-10-14,13.109999656677246,0.9900000095367432,0.015599999576807,KRX_IDX_1001,KRW,INDEX
2016-10-17,13.149999618530272,1.0,0.0154999997466802,KRX_IDX_1001,KRW,INDEX
2016-10-18,13.239999771118164,1.0099999904632568,0.0153999999165534,KRX_IDX_1001,KRW,INDEX
2016-10-19,13.239999771118164,1.0099999904632568,0.015399999916553497,KRX_IDX_1001,KRW,INDEX
2016-10-20,13.239999771118164,1.0099999904632568,0.0153999999165534,KRX_IDX_1001,KRW,INDEX
2016-10-21,13.1899995803833,1.0,0.0153999999165534,KRX_IDX_1001,KRW,INDEX
2016-10-24,13.289999961853027,1.0099999904632568,0.015300000086426735,KRX_IDX_1001,KRW,INDEX
2016-10-25,13.220000267028809,1.0,0.0153999999165534,KRX_IDX_1001,KRW,INDEX
2016-10-26,13.069999694824219,0.9900000095367432,0.015599999576807022,KRX_IDX_1001,KRW,INDEX
2016-10-27,13.130000114440918,1.0,0.01549999974668026,KRX_IDX_1001,KRW,INDEX
2016-10-28,13.100000381469728,1.0,0.0154999997466802,KRX_IDX_1001,KRW,INDEX
2016-10-31,13.029999732971191,0.9900000095367432,0.015599999576807,KRX_IDX_1001,KRW,INDEX
2016-11-01,13.020000457763672,0.9900000095367432,0.015599999576807,KRX_IDX_1001,KRW,INDEX
2016-11-02,12.84000015258789,0.9800000190734864,0.0158000010997056,KRX_IDX_1001,KRW,INDEX
2016-11-03,12.869999885559082,0.9800000190734864,0.0158000010997056,KRX_IDX_1001,KRW,INDEX
2016-11-04,12.859999656677246,0.9800000190734863,0.015800001099705696,KRX_IDX_1001,KRW,INDEX
2016-11-07,12.960000038146973,0.9900000095367432,0.0157000012695789,KRX_IDX_1001,KRW,INDEX
2016-11-08,13.0,0.9900000095367432,0.015599999576807,KRX_IDX_1001,KRW,INDEX
2016-11-09,12.710000038146973,0.9700000286102295,0.01600000075995922,KRX_IDX_1001,KRW,INDEX
2016-11-10,13.0,0.9900000095367432,0.015599999576807022,KRX_IDX_1001,KRW,INDEX
2016-11-11,12.720000267028809,0.9800000190734863,0.015700001269578934,KRX_IDX_1001,KRW,INDEX
2016-11-14,12.65999984741211,0.9800000190734863,0.015800001099705696,KRX_IDX_1001,KRW,INDEX
2016-11-15,12.609999656677246,0.9800000190734864,0.0158000010997056,KRX_IDX_1001,KRW,INDEX
2016-11-16,12.6899995803833,0.9800000190734864,0.0157000012695789,KRX_IDX_1001,KRW,INDEX
2016-11-17,12.699999809265137,0.9800000190734864,0.0157000012695789,KRX_IDX_1001,KRW,INDEX
2016-11-18,12.65999984741211,0.9800000190734863,0.015700001269578934,KRX_IDX_1001,KRW,INDEX
2016-11-21,12.619999885559082,0.9800000190734863,0.015800001099705696,KRX_IDX_1001,KRW,INDEX
2016-11-22,12.739999771118164,0.9800000190734864,0.015599999576807,KRX_IDX_1001,KRW,INDEX
2016-11-23,12.770000457763672,0.9900000095367432,0.015599999576807,KRX_IDX_1001,KRW,INDEX
2016-11-24,12.65999984741211,0.9800000190734863,0.015700001269578934,KRX_IDX_1001,KRW,INDEX
2016-11-25,12.680000305175781,0.9800000190734863,0.015700001269578934,KRX_IDX_1001,KRW,INDEX
2016-11-28,12.699999809265137,0.9800000190734864,0.0157000012695789,KRX_IDX_1001,KRW,INDEX
2016-11-29,12.710000038146973,0.9800000190734863,0.015700001269578934,KRX_IDX_1001,KRW,INDEX
2016-11-30,12.739999771118164,0.9800000190734864,0.015599999576807,KRX_IDX_1001,KRW,INDEX
2016-12-01,13.59000015258789,0.9700000286102296,0.015599999576807,KRX_IDX_1001,KRW,INDEX
2016-12-02,13.5,0.9700000286102296,0.0157000012695789,KRX_IDX_1001,KRW,INDEX
2016-12-05,13.449999809265137,0.959999978542328,0.0158000010997056,KRX_IDX_1001,KRW,INDEX
2016-12-06,13.630000114440918,0.9700000286102295,0.015599999576807022,KRX_IDX_1001,KRW,INDEX
2016-12-07,13.649999618530272,0.9800000190734864,0.015599999576807,KRX_IDX_1001,KRW,INDEX
2016-12-08,13.920000076293944,1.0,0.0153000000864267,KRX_IDX_1001,KRW,INDEX
2016-12-09,13.869999885559082,0.9900000095367432,0.0153000000864267,KRX_IDX_1001,KRW,INDEX
2016-12-12,13.890000343322754,0.9900000095367432,0.0153000000864267,KRX_IDX_1001,KRW,INDEX
2016-12-13,13.949999809265137,1.0,0.0152000002562999,KRX_IDX_1001,KRW,INDEX
2016-12-14,13.960000038146973,1.0,0.0152000002562999,KRX_IDX_1001,KRW,INDEX
2016-12-15,13.960000038146973,1.0,0.015200000256299973,KRX_IDX_1001,KRW,INDEX
2016-12-16,14.0,1.0,0.0152000002562999,KRX_IDX_1001,KRW,INDEX
2016-12-19,13.970000267028809,1.0,0.0152000002562999,KRX_IDX_1001,KRW,INDEX
2016-12-20,13.989999771118164,1.0,0.0152000002562999,KRX_IDX_1001,KRW,INDEX
2016-12-21,13.989999771118164,1.0,0.015200000256299973,KRX_IDX_1001,KRW,INDEX
2016-12-22,13.979999542236328,1.0,0.0152000002562999,KRX_IDX_1001,KRW,INDEX
2016-12-23,13.979999542236328,1.0,0.0152000002562999,KRX_IDX_1001,KRW,INDEX
2016-12-26,13.989999771118164,1.0,0.0152000002562999,KRX_IDX_1001,KRW,INDEX
2016-12-27,14.029999732971191,1.0,0.0150999994948506,KRX_IDX_1001,KRW,INDEX
2016-12-28,13.90999984741211,1.0,0.0153000000864267,KRX_IDX_1001,KRW,INDEX
2016-12-29,13.920000076293944,1.0,0.0152000002562999,KRX_IDX_1001,KRW,INDEX
2017-01-02,13.920000076293944,1.0,0.0152000002562999,KRX_IDX_1001,KRW,INDEX
2017-01-03,14.039999961853027,1.0099999904632568,0.0150999994948506,KRX_IDX_1001,KRW,INDEX
2017-01-04,14.050000190734863,1.0099999904632568,0.0150999994948506,KRX_IDX_1001,KRW,INDEX
2017-01-05,14.029999732971191,1.0,0.015099999494850636,KRX_IDX_1001,KRW,INDEX
2017-01-06,14.079999923706055,1.0099999904632568,0.015099999494850636,KRX_IDX_1001,KRW,INDEX
2017-01-09,14.069999694824219,1.0099999904632568,0.015099999494850636,KRX_IDX_1001,KRW,INDEX
2017-01-10,14.050000190734863,1.0099999904632568,0.0150999994948506,KRX_IDX_1001,KRW,INDEX
2017-01-11,14.260000228881836,1.0199999809265137,0.0148999998345971,KRX_IDX_1001,KRW,INDEX
2017-01-12,14.34000015258789,1.0299999713897705,0.0148000000044703,KRX_IDX_1001,KRW,INDEX
2017-01-13,14.270000457763672,1.0199999809265137,0.01489999983459711,KRX_IDX_1001,KRW,INDEX
2017-01-16,14.18000030517578,1.0099999904632568,0.0149999996647238,KRX_IDX_1001,KRW,INDEX
2017-01-17,14.229999542236328,1.0199999809265137,0.01489999983459711,KRX_IDX_1001,KRW,INDEX
2017-01-18,14.220000267028809,1.0199999809265137,0.0148999998345971,KRX_IDX_1001,KRW,INDEX
2017-01-19,14.239999771118164,1.0199999809265137,0.01489999983459711,KRX_IDX_1001,KRW,INDEX
2017-01-20,14.1899995803833,1.0199999809265137,0.0149999996647238,KRX_IDX_1001,KRW,INDEX
2017-01-23,14.199999809265137,1.0199999809265137,0.014999999664723873,KRX_IDX_1001,KRW,INDEX
2017-01-24,14.199999809265137,1.0199999809265137,0.0148999998345971,KRX_IDX_1001,KRW,INDEX
2017-01-25,14.210000038146973,1.0199999809265137,0.0148999998345971,KRX_IDX_1001,KRW,INDEX
2017-01-26,14.31999969482422,1.0299999713897705,0.0148000000044703,KRX_IDX_1001,KRW,INDEX
2017-01-31,14.220000267028809,1.0199999809265137,0.01489999983459711,KRX_IDX_1001,KRW,INDEX
2017-02-01,14.300000190734863,1.0199999809265137,0.0148000000044703,KRX_IDX_1001,KRW,INDEX
2017-02-02,14.239999771118164,1.0199999809265137,0.0148999998345971,KRX_IDX_1001,KRW,INDEX
2017-02-03,14.25,1.0199999809265137,0.0148999998345971,KRX_IDX_1001,KRW,INDEX
2017-02-06,14.279999732971191,1.0199999809265137,0.0148999998345971,KRX_IDX_1001,KRW,INDEX
2017-02-07,14.270000457763672,1.0199999809265137,0.0148999998345971,KRX_IDX_1001,KRW,INDEX
2017-02-08,14.199999809265137,1.0199999809265137,0.01489999983459711,KRX_IDX_1001,KRW,INDEX
2017-02-09,14.199999809265137,1.0199999809265137,0.0148999998345971,KRX_IDX_1001,KRW,INDEX
2017-02-10,14.260000228881836,1.0199999809265137,0.0148999998345971,KRX_IDX_1001,KRW,INDEX
2017-02-13,14.289999961853027,1.0199999809265137,0.0148000000044703,KRX_IDX_1001,KRW,INDEX
2017-02-14,14.260000228881836,1.0199999809265137,0.0148999998345971,KRX_IDX_1001,KRW,INDEX
2017-02-15,14.329999923706056,1.0299999713897705,0.0148000000044703,KRX_IDX_1001,KRW,INDEX
2017-02-16,14.3100004196167,1.0199999809265137,0.014800000004470348,KRX_IDX_1001,KRW,INDEX
2017-02-17,14.300000190734863,1.0199999809265137,0.014800000004470348,KRX_IDX_1001,KRW,INDEX
2017-02-20,14.329999923706055,1.0299999713897705,0.014800000004470348,KRX_IDX_1001,KRW,INDEX
2017-02-21,14.460000038146973,1.0399999618530273,0.014700000174343586,KRX_IDX_1001,KRW,INDEX
2017-02-22,14.479999542236328,1.0399999618530273,0.014700000174343586,KRX_IDX_1001,KRW,INDEX
2017-02-23,14.489999771118164,1.0399999618530271,0.0146000003442168,KRX_IDX_1001,KRW,INDEX
2017-02-24,14.399999618530273,1.0299999713897705,0.014700000174343586,KRX_IDX_1001,KRW,INDEX
2017-02-27,14.34000015258789,1.0299999713897705,0.0148000000044703,KRX_IDX_1001,KRW,INDEX
2017-02-28,14.380000114440918,1.0299999713897705,0.0148000000044703,KRX_IDX_1001,KRW,INDEX
2017-03-02,14.460000038146973,1.0399999618530271,0.0147000001743435,KRX_IDX_1001,KRW,INDEX
2017-03-03,14.289999961853027,1.0199999809265137,0.0148000000044703,KRX_IDX_1001,KRW,INDEX
2017-03-06,14.3100004196167,1.0199999809265137,0.0148000000044703,KRX_IDX_1001,KRW,INDEX
2017-03-07,14.399999618530272,1.0299999713897705,0.0147000001743435,KRX_IDX_1001,KRW,INDEX
2017-03-08,14.40999984741211,1.0299999713897705,0.0147000001743435,KRX_IDX_1001,KRW,INDEX
2017-03-09,14.380000114440918,1.0299999713897705,0.014800000004470348,KRX_IDX_1001,KRW,INDEX
2017-03-10,14.420000076293944,1.0299999713897705,0.0147000001743435,KRX_IDX_1001,KRW,INDEX
2017-03-13,14.5600004196167,1.0399999618530273,0.014600000344216824,KRX_IDX_1001,KRW,INDEX
2017-03-14,14.670000076293944,1.0499999523162842,0.01450000051409,KRX_IDX_1001,KRW,INDEX
2017-03-15,14.65999984741211,1.0499999523162842,0.01450000051409,KRX_IDX_1001,KRW,INDEX
2017-03-16,14.779999732971191,1.059999942779541,0.014299999922513962,KRX_IDX_1001,KRW,INDEX
2017-03-17,14.90999984741211,1.0700000524520874,0.0141999991610646,KRX_IDX_1001,KRW,INDEX
2017-03-20,14.859999656677246,1.059999942779541,0.0142999999225139,KRX_IDX_1001,KRW,INDEX
2017-03-21,15.010000228881836,1.0700000524520874,0.0140999993309378,KRX_IDX_1001,KRW,INDEX
2017-03-22,14.9399995803833,1.0700000524520874,0.0141999991610646,KRX_IDX_1001,KRW,INDEX
2017-03-23,14.970000267028809,1.0700000524520874,0.014199999161064625,KRX_IDX_1001,KRW,INDEX
2017-03-24,14.880000114440918,1.0700000524520874,0.014199999161064625,KRX_IDX_1001,KRW,INDEX
2017-03-27,14.789999961853027,1.059999942779541,0.014299999922513962,KRX_IDX_1001,KRW,INDEX
2017-03-28,14.84000015258789,1.0700000524520874,0.014199999161064625,KRX_IDX_1001,KRW,INDEX
2017-03-29,14.869999885559082,1.0700000524520874,0.014199999161064625,KRX_IDX_1001,KRW,INDEX
2017-03-30,14.760000228881836,1.059999942779541,0.014199999161064625,KRX_IDX_1001,KRW,INDEX
2017-03-31,14.729999542236328,1.059999942779541,0.014299999922513962,KRX_IDX_1001,KRW,INDEX
2017-04-03,14.779999732971191,1.0700000524520874,0.014199999161064625,KRX_IDX_1001,KRW,INDEX
2017-04-04,14.729999542236328,1.059999942779541,0.0142999999225139,KRX_IDX_1001,KRW,INDEX
2017-04-05,14.729999542236328,1.059999942779541,0.0142999999225139,KRX_IDX_1001,KRW,INDEX
2017-04-06,14.680000305175781,1.059999942779541,0.014299999922513962,KRX_IDX_1001,KRW,INDEX
2017-04-07,14.670000076293944,1.059999942779541,0.0142999999225139,KRX_IDX_1001,KRW,INDEX
2017-04-10,14.539999961853027,1.0499999523162842,0.01450000051409,KRX_IDX_1001,KRW,INDEX
2017-04-11,14.489999771118164,1.0399999618530273,0.014500000514090061,KRX_IDX_1001,KRW,INDEX
2017-04-12,14.520000457763672,1.0499999523162842,0.014500000514090061,KRX_IDX_1001,KRW,INDEX
2017-04-13,14.649999618530272,1.059999942779541,0.0142999999225139,KRX_IDX_1001,KRW,INDEX
2017-04-14,14.5600004196167,1.0499999523162842,0.014400000683963299,KRX_IDX_1001,KRW,INDEX
2017-04-17,14.630000114440918,1.059999942779541,0.014400000683963299,KRX_IDX_1001,KRW,INDEX
2017-04-18,14.649999618530273,1.059999942779541,0.014299999922513962,KRX_IDX_1001,KRW,INDEX
2017-04-19,14.579999923706056,1.0499999523162842,0.0144000006839632,KRX_IDX_1001,KRW,INDEX
2017-04-20,14.65999984741211,1.059999942779541,0.0142999999225139,KRX_IDX_1001,KRW,INDEX
2017-04-21,14.739999771118164,1.059999942779541,0.014299999922513962,KRX_IDX_1001,KRW,INDEX
2017-04-24,14.800000190734863,1.0700000524520874,0.014199999161064625,KRX_IDX_1001,KRW,INDEX
2017-04-25,14.960000038146973,1.0800000429153442,0.0140999993309378,KRX_IDX_1001,KRW,INDEX
2017-04-26,15.039999961853027,1.0800000429153442,0.0139999995008111,KRX_IDX_1001,KRW,INDEX
2017-04-27,15.050000190734863,1.090000033378601,0.0139999995008111,KRX_IDX_1001,KRW,INDEX
2017-04-28,15.020000457763672,1.0800000429153442,0.0139999995008111,KRX_IDX_1001,KRW,INDEX
2017-05-02,14.729999542236328,1.059999942779541,0.0150999994948506,KRX_IDX_1001,KRW,INDEX
2017-05-04,14.869999885559082,1.0800000429153442,0.0148999998345971,KRX_IDX_1001,KRW,INDEX
2017-05-08,15.220000267028809,1.100000023841858,0.014600000344216824,KRX_IDX_1001,KRW,INDEX
2017-05-10,15.06999969482422,1.090000033378601,0.0147000001743435,KRX_IDX_1001,KRW,INDEX
2017-05-11,15.220000267028809,1.100000023841858,0.0146000003442168,KRX_IDX_1001,KRW,INDEX
2017-05-12,15.140000343322754,1.090000033378601,0.0148000000044703,KRX_IDX_1001,KRW,INDEX
2017-05-15,15.289999961853027,1.1100000143051147,0.014600000344216824,KRX_IDX_1001,KRW,INDEX
2017-05-16,15.329999923706056,1.1100000143051147,0.01450000051409,KRX_IDX_1001,KRW,INDEX
2017-05-17,15.3100004196167,1.1100000143051147,0.014600000344216824,KRX_IDX_1001,KRW,INDEX
2017-05-18,15.270000457763672,1.100000023841858,0.0146000003442168,KRX_IDX_1001,KRW,INDEX
2017-05-19,15.279999732971191,1.100000023841858,0.014600000344216824,KRX_IDX_1001,KRW,INDEX
2017-05-22,15.380000114440918,1.1100000143051147,0.014500000514090061,KRX_IDX_1001,KRW,INDEX
2017-05-23,15.210000038146973,1.100000023841858,0.014700000174343586,KRX_IDX_1001,KRW,INDEX
2017-05-24,15.25,1.100000023841858,0.014600000344216824,KRX_IDX_1001,KRW,INDEX
2017-05-25,15.40999984741211,1.1100000143051147,0.014500000514090061,KRX_IDX_1001,KRW,INDEX
2017-05-26,15.5,1.1200000047683716,0.0144000006839632,KRX_IDX_1001,KRW,INDEX
2017-05-29,15.479999542236328,1.1200000047683716,0.014400000683963299,KRX_IDX_1001,KRW,INDEX
2017-05-30,15.420000076293945,1.1200000047683716,0.014500000514090061,KRX_IDX_1001,KRW,INDEX
2017-05-31,15.449999809265137,1.1200000047683716,0.014400000683963299,KRX_IDX_1001,KRW,INDEX
2017-06-01,14.170000076293945,1.1200000047683716,0.014400000683963299,KRX_IDX_1001,KRW,INDEX
2017-06-02,14.329999923706055,1.1299999952316284,0.014299999922513962,KRX_IDX_1001,KRW,INDEX
2017-06-05,14.319999694824219,1.1299999952316284,0.014299999922513962,KRX_IDX_1001,KRW,INDEX
2017-06-07,14.270000457763672,1.1299999952316284,0.014400000683963299,KRX_IDX_1001,KRW,INDEX
2017-06-08,14.279999732971191,1.1299999952316284,0.0142999999225139,KRX_IDX_1001,KRW,INDEX
2017-06-09,14.390000343322754,1.1399999856948853,0.0141999991610646,KRX_IDX_1001,KRW,INDEX
2017-06-12,14.25,1.1299999952316284,0.0144000006839632,KRX_IDX_1001,KRW,INDEX
2017-06-13,14.350000381469728,1.1399999856948853,0.0142999999225139,KRX_IDX_1001,KRW,INDEX
2017-06-14,14.34000015258789,1.1299999952316284,0.0142999999225139,KRX_IDX_1001,KRW,INDEX
2017-06-15,14.270000457763672,1.1299999952316284,0.0142999999225139,KRX_IDX_1001,KRW,INDEX
2017-06-16,14.270000457763672,1.1299999952316284,0.0142999999225139,KRX_IDX_1001,KRW,INDEX
2017-06-19,14.329999923706056,1.1299999952316284,0.0142999999225139,KRX_IDX_1001,KRW,INDEX
2017-06-20,14.319999694824219,1.1299999952316284,0.014299999922513962,KRX_IDX_1001,KRW,INDEX
2017-06-21,14.25,1.1299999952316284,0.014400000683963299,KRX_IDX_1001,KRW,INDEX
2017-06-22,14.329999923706055,1.1299999952316284,0.014299999922513962,KRX_IDX_1001,KRW,INDEX
2017-06-23,14.380000114440918,1.1399999856948853,0.014199999161064625,KRX_IDX_1001,KRW,INDEX
2017-06-26,14.4399995803833,1.1399999856948853,0.014199999161064625,KRX_IDX_1001,KRW,INDEX
2017-06-27,14.460000038146973,1.1399999856948853,0.0141999991610646,KRX_IDX_1001,KRW,INDEX
2017-06-28,14.399999618530272,1.1399999856948853,0.0141999991610646,KRX_IDX_1001,KRW,INDEX
2017-06-29,14.479999542236328,1.149999976158142,0.014099999330937862,KRX_IDX_1001,KRW,INDEX
2017-06-30,14.460000038146973,1.1399999856948853,0.0141999991610646,KRX_IDX_1001,KRW,INDEX
2017-07-03,14.470000267028809,1.149999976158142,0.014099999330937862,KRX_IDX_1001,KRW,INDEX
2017-07-04,14.390000343322754,1.1399999856948853,0.0141999991610646,KRX_IDX_1001,KRW,INDEX
2017-07-05,14.4399995803833,1.1399999856948853,0.014199999161064625,KRX_IDX_1001,KRW,INDEX
2017-07-06,14.43000030517578,1.1399999856948853,0.0141999991610646,KRX_IDX_1001,KRW,INDEX
2017-07-07,14.380000114440918,1.1399999856948853,0.014199999161064625,KRX_IDX_1001,KRW,INDEX
2017-07-10,14.40999984741211,1.1399999856948853,0.0141999991610646,KRX_IDX_1001,KRW,INDEX
2017-07-11,14.5,1.149999976158142,0.014099999330937862,KRX_IDX_1001,KRW,INDEX
2017-07-12,14.470000267028809,1.1399999856948853,0.0140999993309378,KRX_IDX_1001,KRW,INDEX
2017-07-13,14.579999923706056,1.149999976158142,0.0139999995008111,KRX_IDX_1001,KRW,INDEX
2017-07-14,14.609999656677246,1.149999976158142,0.0139999995008111,KRX_IDX_1001,KRW,INDEX
2017-07-17,14.670000076293945,1.159999966621399,0.013899999670684338,KRX_IDX_1001,KRW,INDEX
2017-07-18,14.670000076293944,1.159999966621399,0.0138999996706843,KRX_IDX_1001,KRW,INDEX
2017-07-19,14.699999809265137,1.159999966621399,0.0138999996706843,KRX_IDX_1001,KRW,INDEX
2017-07-20,14.770000457763672,1.1699999570846558,0.0138999996706843,KRX_IDX_1001,KRW,INDEX
2017-07-21,14.850000381469727,1.1699999570846558,0.013799999840557575,KRX_IDX_1001,KRW,INDEX
2017-07-24,14.859999656677246,1.1699999570846558,0.013799999840557575,KRX_IDX_1001,KRW,INDEX
2017-07-25,14.789999961853027,1.1699999570846558,0.013899999670684338,KRX_IDX_1001,KRW,INDEX
2017-07-26,14.760000228881836,1.159999966621399,0.0138999996706843,KRX_IDX_1001,KRW,INDEX
2017-07-27,14.8100004196167,1.1699999570846558,0.013799999840557575,KRX_IDX_1001,KRW,INDEX
2017-07-28,14.550000190734863,1.149999976158142,0.0140999993309378,KRX_IDX_1001,KRW,INDEX
2017-07-31,14.5600004196167,1.149999976158142,0.014099999330937862,KRX_IDX_1001,KRW,INDEX
2017-08-01,14.68000030517578,1.159999966621399,0.0139999995008111,KRX_IDX_1001,KRW,INDEX
2017-08-02,14.6899995803833,1.159999966621399,0.0139999995008111,KRX_IDX_1001,KRW,INDEX
2017-08-03,14.4399995803833,1.1399999856948853,0.0141999991610646,KRX_IDX_1001,KRW,INDEX
2017-08-04,14.489999771118164,1.1399999856948853,0.0140999993309378,KRX_IDX_1001,KRW,INDEX
2017-08-07,14.510000228881836,1.1399999856948853,0.0140999993309378,KRX_IDX_1001,KRW,INDEX
2017-08-08,14.489999771118164,1.1399999856948853,0.014199999161064625,KRX_IDX_1001,KRW,INDEX
2017-08-09,14.31999969482422,1.1299999952316284,0.0142999999225139,KRX_IDX_1001,KRW,INDEX
2017-08-10,14.270000457763672,1.1299999952316284,0.0144000006839632,KRX_IDX_1001,KRW,INDEX
2017-08-11,14.029999732971191,1.1100000143051147,0.0146000003442168,KRX_IDX_1001,KRW,INDEX
2017-08-14,14.109999656677246,1.1100000143051147,0.014500000514090061,KRX_IDX_1001,KRW,INDEX
2017-08-16,14.199999809265137,1.1200000047683716,0.0144000006839632,KRX_IDX_1001,KRW,INDEX
2017-08-17,14.289999961853027,1.1299999952316284,0.0142999999225139,KRX_IDX_1001,KRW,INDEX
2017-08-18,14.270000457763672,1.1299999952316284,0.0144000006839632,KRX_IDX_1001,KRW,INDEX
2017-08-21,14.25,1.1200000047683716,0.0144000006839632,KRX_IDX_1001,KRW,INDEX
2017-08-22,14.3100004196167,1.1299999952316284,0.0142999999225139,KRX_IDX_1001,KRW,INDEX
2017-08-23,14.31999969482422,1.1299999952316284,0.0142999999225139,KRX_IDX_1001,KRW,INDEX
2017-08-24,14.380000114440918,1.1299999952316284,0.014299999922513962,KRX_IDX_1001,KRW,INDEX
2017-08-25,14.40999984741211,1.1399999856948853,0.0141999991610646,KRX_IDX_1001,KRW,INDEX
2017-08-28,14.359999656677246,1.1299999952316284,0.0142999999225139,KRX_IDX_1001,KRW,INDEX
2017-08-29,14.329999923706056,1.1299999952316284,0.0142999999225139,KRX_IDX_1001,KRW,INDEX
2017-08-30,14.369999885559082,1.1299999952316284,0.0142999999225139,KRX_IDX_1001,KRW,INDEX
2017-08-31,14.31999969482422,1.1299999952316284,0.0142999999225139,KRX_IDX_1001,KRW,INDEX
2017-09-01,13.270000457763672,1.0800000429153442,0.0142999999225139,KRX_IDX_1001,KRW,INDEX
2017-09-04,13.109999656677246,1.0700000524520874,0.01450000051409,KRX_IDX_1001,KRW,INDEX
2017-09-05,13.100000381469727,1.0700000524520874,0.014500000514090061,KRX_IDX_1001,KRW,INDEX
2017-09-06,13.0600004196167,1.059999942779541,0.014500000514090061,KRX_IDX_1001,KRW,INDEX
2017-09-07,13.210000038146973,1.0800000429153442,0.0144000006839632,KRX_IDX_1001,KRW,INDEX
2017-09-08,13.199999809265137,1.0700000524520874,0.014400000683963299,KRX_IDX_1001,KRW,INDEX
2017-09-11,13.289999961853027,1.0800000429153442,0.014299999922513962,KRX_IDX_1001,KRW,INDEX
2017-09-12,13.31999969482422,1.0800000429153442,0.0142999999225139,KRX_IDX_1001,KRW,INDEX
2017-09-13,13.289999961853027,1.0800000429153442,0.0142999999225139,KRX_IDX_1001,KRW,INDEX
2017-09-14,13.390000343322754,1.090000033378601,0.0141999991610646,KRX_IDX_1001,KRW,INDEX
2017-09-15,13.520000457763672,1.100000023841858,0.014099999330937862,KRX_IDX_1001,KRW,INDEX
2017-09-18,13.699999809265137,1.1100000143051147,0.0138999996706843,KRX_IDX_1001,KRW,INDEX
2017-09-19,13.6899995803833,1.1100000143051147,0.0138999996706843,KRX_IDX_1001,KRW,INDEX
2017-09-20,13.670000076293944,1.1100000143051147,0.0138999996706843,KRX_IDX_1001,KRW,INDEX
2017-09-21,13.630000114440918,1.100000023841858,0.0138999996706843,KRX_IDX_1001,KRW,INDEX
2017-09-22,13.529999732971191,1.100000023841858,0.0139999995008111,KRX_IDX_1001,KRW,INDEX
2017-09-25,13.489999771118164,1.090000033378601,0.014099999330937862,KRX_IDX_1001,KRW,INDEX
2017-09-26,13.460000038146973,1.090000033378601,0.014099999330937862,KRX_IDX_1001,KRW,INDEX
2017-09-27,13.449999809265137,1.090000033378601,0.014099999330937862,KRX_IDX_1001,KRW,INDEX
2017-09-28,13.449999809265137,1.090000033378601,0.0140999993309378,KRX_IDX_1001,KRW,INDEX
2017-09-29,13.579999923706055,1.100000023841858,0.0139999995008111,KRX_IDX_1001,KRW,INDEX
2017-10-10,13.800000190734863,1.1200000047683716,0.0137999998405575,KRX_IDX_1001,KRW,INDEX
2017-10-11,13.9399995803833,1.1299999952316284,0.013600000180304,KRX_IDX_1001,KRW,INDEX
2017-10-12,14.029999732971191,1.1399999856948853,0.0135000003501772,KRX_IDX_1001,KRW,INDEX
2017-10-13,14.050000190734863,1.1399999856948853,0.013500000350177288,KRX_IDX_1001,KRW,INDEX
2017-10-16,14.09000015258789,1.1399999856948853,0.0135000003501772,KRX_IDX_1001,KRW,INDEX
2017-10-17,14.109999656677246,1.1399999856948853,0.013500000350177288,KRX_IDX_1001,KRW,INDEX
2017-10-18,14.109999656677246,1.1399999856948853,0.013500000350177288,KRX_IDX_1001,KRW,INDEX
2017-10-19,14.050000190734863,1.1399999856948853,0.0135000003501772,KRX_IDX_1001,KRW,INDEX
2017-10-20,14.140000343322754,1.1399999856948853,0.013500000350177288,KRX_IDX_1001,KRW,INDEX
2017-10-23,14.149999618530272,1.1399999856948853,0.0135000003501772,KRX_IDX_1001,KRW,INDEX
2017-10-24,14.149999618530273,1.1399999856948853,0.013500000350177288,KRX_IDX_1001,KRW,INDEX
2017-10-25,14.15999984741211,1.149999976158142,0.0134000005200505,KRX_IDX_1001,KRW,INDEX
2017-10-26,14.09000015258789,1.1399999856948853,0.013500000350177288,KRX_IDX_1001,KRW,INDEX
2017-10-27,14.1899995803833,1.149999976158142,0.0134000005200505,KRX_IDX_1001,KRW,INDEX
2017-10-30,14.220000267028809,1.149999976158142,0.0134000005200505,KRX_IDX_1001,KRW,INDEX
2017-10-31,14.34000015258789,1.159999966621399,0.013300000689923763,KRX_IDX_1001,KRW,INDEX
2017-11-01,14.529999732971191,1.1799999475479126,0.013099999167025,KRX_IDX_1001,KRW,INDEX
2017-11-02,14.479999542236328,1.1699999570846558,0.013099999167025,KRX_IDX_1001,KRW,INDEX
2017-11-03,14.529999732971191,1.1799999475479126,0.01309999916702509,KRX_IDX_1001,KRW,INDEX
2017-11-06,14.479999542236328,1.1699999570846558,0.013099999167025,KRX_IDX_1001,KRW,INDEX
2017-11-07,14.460000038146973,1.1699999570846558,0.013200000859797001,KRX_IDX_1001,KRW,INDEX
2017-11-08,14.5,1.1699999570846558,0.01309999916702509,KRX_IDX_1001,KRW,INDEX
2017-11-09,14.489999771118164,1.1699999570846558,0.013099999167025,KRX_IDX_1001,KRW,INDEX
2017-11-10,14.4399995803833,1.1699999570846558,0.013200000859797,KRX_IDX_1001,KRW,INDEX
2017-11-13,14.369999885559082,1.159999966621399,0.013200000859797,KRX_IDX_1001,KRW,INDEX
2017-11-14,14.350000381469728,1.159999966621399,0.0133000006899237,KRX_IDX_1001,KRW,INDEX
2017-11-15,14.300000190734863,1.159999966621399,0.013300000689923763,KRX_IDX_1001,KRW,INDEX
2017-11-16,14.399999618530273,1.159999966621399,0.013200000859797001,KRX_IDX_1001,KRW,INDEX
2017-11-17,14.390000343322754,1.159999966621399,0.013200000859797,KRX_IDX_1001,KRW,INDEX
2017-11-20,14.359999656677246,1.159999966621399,0.013300000689923763,KRX_IDX_1001,KRW,INDEX
2017-11-21,14.380000114440918,1.159999966621399,0.013200000859797,KRX_IDX_1001,KRW,INDEX
2017-11-22,14.43000030517578,1.1699999570846558,0.013200000859797,KRX_IDX_1001,KRW,INDEX
2017-11-23,14.40999984741211,1.1699999570846558,0.013200000859797001,KRX_IDX_1001,KRW,INDEX
2017-11-24,14.449999809265137,1.1699999570846558,0.013200000859797,KRX_IDX_1001,KRW,INDEX
2017-11-27,14.25,1.149999976158142,0.0134000005200505,KRX_IDX_1001,KRW,INDEX
2017-11-28,14.279999732971191,1.159999966621399,0.0133000006899237,KRX_IDX_1001,KRW,INDEX
2017-11-29,14.279999732971191,1.149999976158142,0.0133000006899237,KRX_IDX_1001,KRW,INDEX
2017-11-30,14.0600004196167,1.1399999856948853,0.013500000350177288,KRX_IDX_1001,KRW,INDEX
2017-12-01,13.050000190734863,1.1200000047683716,0.013500000350177288,KRX_IDX_1001,KRW,INDEX
2017-12-04,13.18000030517578,1.1299999952316284,0.0134000005200505,KRX_IDX_1001,KRW,INDEX
2017-12-05,13.229999542236328,1.1299999952316284,0.0133000006899237,KRX_IDX_1001,KRW,INDEX
2017-12-06,13.039999961853027,1.1100000143051147,0.013500000350177288,KRX_IDX_1001,KRW,INDEX
2017-12-07,12.979999542236328,1.1100000143051147,0.01360000018030405,KRX_IDX_1001,KRW,INDEX
2017-12-08,13.0,1.1100000143051147,0.01360000018030405,KRX_IDX_1001,KRW,INDEX
2017-12-11,13.010000228881836,1.1100000143051147,0.01360000018030405,KRX_IDX_1001,KRW,INDEX
2017-12-12,12.949999809265137,1.1100000143051147,0.01360000018030405,KRX_IDX_1001,KRW,INDEX
2017-12-13,13.0600004196167,1.1200000047683716,0.013500000350177288,KRX_IDX_1001,KRW,INDEX
2017-12-14,13.0,1.1100000143051147,0.01360000018030405,KRX_IDX_1001,KRW,INDEX
2017-12-15,13.0600004196167,1.1200000047683716,0.013500000350177288,KRX_IDX_1001,KRW,INDEX
2017-12-18,13.0600004196167,1.1200000047683716,0.013500000350177288,KRX_IDX_1001,KRW,INDEX
2017-12-19,13.050000190734863,1.1100000143051147,0.013500000350177288,KRX_IDX_1001,KRW,INDEX
2017-12-20,13.010000228881836,1.1100000143051147,0.01360000018030405,KRX_IDX_1001,KRW,INDEX
2017-12-21,12.789999961853027,1.090000033378601,0.013799999840557575,KRX_IDX_1001,KRW,INDEX
2017-12-22,12.850000381469727,1.100000023841858,0.013700000010430813,KRX_IDX_1001,KRW,INDEX
2017-12-26,12.779999732971191,1.090000033378601,0.0137999998405575,KRX_IDX_1001,KRW,INDEX
2017-12-27,12.829999923706055,1.100000023841858,0.013799999840557575,KRX_IDX_1001,KRW,INDEX
2017-12-28,12.989999771118164,1.1100000143051147,0.01360000018030405,KRX_IDX_1001,KRW,INDEX
2018-01-02,13.0600004196167,1.1200000047683716,0.013500000350177288,KRX_IDX_1001,KRW,INDEX
2018-01-03,13.09000015258789,1.1200000047683716,0.013500000350177288,KRX_IDX_1001,KRW,INDEX
2018-01-04,12.989999771118164,1.1100000143051147,0.01360000018030405,KRX_IDX_1001,KRW,INDEX
2018-01-05,13.149999618530273,1.1200000047683716,0.013400000520050526,KRX_IDX_1001,KRW,INDEX
2018-01-08,13.229999542236328,1.1299999952316284,0.0134000005200505,KRX_IDX_1001,KRW,INDEX
2018-01-09,13.210000038146973,1.1299999952316284,0.013400000520050526,KRX_IDX_1001,KRW,INDEX
2018-01-10,13.149999618530273,1.1200000047683716,0.013400000520050526,KRX_IDX_1001,KRW,INDEX
2018-01-11,13.09000015258789,1.1200000047683716,0.013500000350177288,KRX_IDX_1001,KRW,INDEX
2018-01-12,13.130000114440918,1.1200000047683716,0.013500000350177288,KRX_IDX_1001,KRW,INDEX
2018-01-15,13.15999984741211,1.1200000047683716,0.013400000520050526,KRX_IDX_1001,KRW,INDEX
2018-01-16,13.260000228881836,1.1299999952316284,0.013300000689923763,KRX_IDX_1001,KRW,INDEX
2018-01-17,13.229999542236328,1.1299999952316284,0.013400000520050526,KRX_IDX_1001,KRW,INDEX
2018-01-18,13.229999542236328,1.1299999952316284,0.013400000520050526,KRX_IDX_1001,KRW,INDEX
2018-01-19,13.25,1.1299999952316284,0.013300000689923763,KRX_IDX_1001,KRW,INDEX
2018-01-22,13.15999984741211,1.1200000047683716,0.013400000520050526,KRX_IDX_1001,KRW,INDEX
2018-01-23,13.34000015258789,1.1399999856948853,0.013200000859797,KRX_IDX_1001,KRW,INDEX
2018-01-24,13.34000015258789,1.1399999856948853,0.013200000859797,KRX_IDX_1001,KRW,INDEX
2018-01-25,13.470000267028809,1.149999976158142,0.01309999916702509,KRX_IDX_1001,KRW,INDEX
2018-01-26,13.529999732971191,1.159999966621399,0.0129999993368983,KRX_IDX_1001,KRW,INDEX
2018-01-29,13.65999984741211,1.1699999570846558,0.012899999506771564,KRX_IDX_1001,KRW,INDEX
2018-01-30,13.489999771118164,1.149999976158142,0.01309999916702509,KRX_IDX_1001,KRW,INDEX
2018-01-31,13.5,1.149999976158142,0.01309999916702509,KRX_IDX_1001,KRW,INDEX
2018-02-01,13.520000457763672,1.149999976158142,0.01309999916702509,KRX_IDX_1001,KRW,INDEX
2018-02-02,13.289999961853027,1.1399999856948853,0.0133000006899237,KRX_IDX_1001,KRW,INDEX
2018-02-05,13.119999885559082,1.1200000047683716,0.013500000350177288,KRX_IDX_1001,KRW,INDEX
2018-02-06,12.90999984741211,1.100000023841858,0.013700000010430813,KRX_IDX_1001,KRW,INDEX
2018-02-07,12.609999656677246,1.0800000429153442,0.0139999995008111,KRX_IDX_1001,KRW,INDEX
2018-02-08,12.65999984741211,1.0800000429153442,0.0139999995008111,KRX_IDX_1001,KRW,INDEX
2018-02-09,12.670000076293945,1.0800000429153442,0.013899999670684338,KRX_IDX_1001,KRW,INDEX
2018-02-12,12.789999961853027,1.090000033378601,0.013799999840557575,KRX_IDX_1001,KRW,INDEX
2018-02-13,12.84000015258789,1.100000023841858,0.013700000010430813,KRX_IDX_1001,KRW,INDEX
2018-02-14,12.989999771118164,1.1100000143051147,0.013600000180304,KRX_IDX_1001,KRW,INDEX
2018-02-19,13.100000381469728,1.1200000047683716,0.0134000005200505,KRX_IDX_1001,KRW,INDEX
2018-02-20,12.949999809265137,1.1100000143051147,0.013600000180304,KRX_IDX_1001,KRW,INDEX
2018-02-21,13.029999732971191,1.1100000143051147,0.0135000003501772,KRX_IDX_1001,KRW,INDEX
2018-02-22,12.949999809265137,1.1100000143051147,0.01360000018030405,KRX_IDX_1001,KRW,INDEX
2018-02-23,13.149999618530273,1.1200000047683716,0.013400000520050526,KRX_IDX_1001,KRW,INDEX
2018-02-26,13.18000030517578,1.1299999952316284,0.0134000005200505,KRX_IDX_1001,KRW,INDEX
2018-02-27,13.170000076293945,1.1299999952316284,0.013400000520050526,KRX_IDX_1001,KRW,INDEX
2018-02-28,13.020000457763672,1.1100000143051147,0.013500000350177288,KRX_IDX_1001,KRW,INDEX
2018-03-02,12.890000343322754,1.100000023841858,0.0137000000104308,KRX_IDX_1001,KRW,INDEX
2018-03-05,12.739999771118164,1.090000033378601,0.0137999998405575,KRX_IDX_1001,KRW,INDEX
2018-03-06,12.9399995803833,1.1100000143051147,0.013600000180304,KRX_IDX_1001,KRW,INDEX
2018-03-07,12.899999618530272,1.100000023841858,0.0137000000104308,KRX_IDX_1001,KRW,INDEX
2018-03-08,13.0600004196167,1.1200000047683716,0.0135000003501772,KRX_IDX_1001,KRW,INDEX
2018-03-09,13.210000038146973,1.1299999952316284,0.013300000689923763,KRX_IDX_1001,KRW,INDEX
2018-03-12,13.34000015258789,1.1399999856948853,0.013200000859797001,KRX_IDX_1001,KRW,INDEX
2018-03-13,13.390000343322754,1.149999976158142,0.01309999916702509,KRX_IDX_1001,KRW,INDEX
2018-03-14,13.350000381469727,1.1399999856948853,0.013200000859797001,KRX_IDX_1001,KRW,INDEX
2018-03-15,13.380000114440918,1.1399999856948853,0.013200000859797001,KRX_IDX_1001,KRW,INDEX
2018-03-16,13.369999885559082,1.149999976158142,0.01309999916702509,KRX_IDX_1001,KRW,INDEX
2018-03-19,13.270000457763672,1.1399999856948853,0.013200000859797001,KRX_IDX_1001,KRW,INDEX
2018-03-20,13.3100004196167,1.1399999856948853,0.013200000859797001,KRX_IDX_1001,KRW,INDEX
2018-03-21,13.3100004196167,1.1399999856948853,0.013200000859797001,KRX_IDX_1001,KRW,INDEX
2018-03-22,13.369999885559082,1.149999976158142,0.01309999916702509,KRX_IDX_1001,KRW,INDEX
2018-03-23,12.960000038146973,1.1100000143051147,0.0135000003501772,KRX_IDX_1001,KRW,INDEX
2018-03-26,13.079999923706055,1.1200000047683716,0.013400000520050526,KRX_IDX_1001,KRW,INDEX
2018-03-27,13.15999984741211,1.1299999952316284,0.013300000689923763,KRX_IDX_1001,KRW,INDEX
2018-03-28,12.979999542236328,1.1100000143051147,0.013500000350177288,KRX_IDX_1001,KRW,INDEX
2018-03-29,13.069999694824219,1.1200000047683716,0.013400000520050526,KRX_IDX_1001,KRW,INDEX
2018-03-30,13.100000381469727,1.1200000047683716,0.013400000520050526,KRX_IDX_1001,KRW,INDEX
2018-04-02,13.09000015258789,1.1200000047683716,0.013400000520050526,KRX_IDX_1001,KRW,INDEX
2018-04-03,13.079999923706056,1.1200000047683716,0.0134000005200505,KRX_IDX_1001,KRW,INDEX
2018-04-04,12.899999618530273,1.1100000143051147,0.01360000018030405,KRX_IDX_1001,KRW,INDEX
2018-04-05,13.0600004196167,1.1200000047683716,0.013400000520050526,KRX_IDX_1001,KRW,INDEX
2018-04-06,13.010000228881836,1.1200000047683716,0.013500000350177288,KRX_IDX_1001,KRW,INDEX
2018-04-09,13.09000015258789,1.1200000047683716,0.013400000520050526,KRX_IDX_1001,KRW,INDEX
2018-04-10,13.130000114440918,1.1200000047683716,0.013300000689923763,KRX_IDX_1001,KRW,INDEX
2018-04-11,13.09000015258789,1.1200000047683716,0.013400000520050526,KRX_IDX_1001,KRW,INDEX
2018-04-12,13.079999923706055,1.1200000047683716,0.013400000520050526,KRX_IDX_1001,KRW,INDEX
2018-04-13,13.170000076293945,1.1299999952316284,0.013300000689923763,KRX_IDX_1001,KRW,INDEX
2018-04-16,13.180000305175781,1.1299999952316284,0.013300000689923763,KRX_IDX_1001,KRW,INDEX
2018-04-17,13.15999984741211,1.1299999952316284,0.013300000689923763,KRX_IDX_1001,KRW,INDEX
2018-04-18,13.3100004196167,1.1399999856948853,0.013200000859797,KRX_IDX_1001,KRW,INDEX
2018-04-19,13.34000015258789,1.1399999856948853,0.013099999167025,KRX_IDX_1001,KRW,INDEX
2018-04-20,13.289999961853027,1.1399999856948853,0.013200000859797001,KRX_IDX_1001,KRW,INDEX
2018-04-23,13.270000457763672,1.1399999856948853,0.013200000859797,KRX_IDX_1001,KRW,INDEX
2018-04-24,13.220000267028809,1.1299999952316284,0.013300000689923763,KRX_IDX_1001,KRW,INDEX
2018-04-25,13.140000343322754,1.1299999952316284,0.013300000689923763,KRX_IDX_1001,KRW,INDEX
2018-04-26,13.279999732971191,1.1399999856948853,0.013200000859797,KRX_IDX_1001,KRW,INDEX
2018-04-27,13.369999885559082,1.149999976158142,0.013099999167025,KRX_IDX_1001,KRW,INDEX
2018-04-30,13.5,1.159999966621399,0.0129999993368983,KRX_IDX_1001,KRW,INDEX
2018-05-02,12.0,1.1399999856948853,0.01549999974668026,KRX_IDX_1001,KRW,INDEX
2018-05-03,11.90999984741211,1.1399999856948853,0.015599999576807,KRX_IDX_1001,KRW,INDEX
2018-05-04,11.789999961853027,1.1200000047683716,0.0158000010997056,KRX_IDX_1001,KRW,INDEX
2018-05-08,11.729999542236328,1.1200000047683716,0.0159000009298324,KRX_IDX_1001,KRW,INDEX
2018-05-09,11.710000038146973,1.1200000047683716,0.01590000092983246,KRX_IDX_1001,KRW,INDEX
2018-05-10,11.800000190734863,1.1299999952316284,0.0158000010997056,KRX_IDX_1001,KRW,INDEX
2018-05-11,11.869999885559082,1.1299999952316284,0.0157000012695789,KRX_IDX_1001,KRW,INDEX
2018-05-14,11.859999656677246,1.1299999952316284,0.0157000012695789,KRX_IDX_1001,KRW,INDEX
2018-05-15,11.779999732971191,1.1200000047683716,0.0158000010997056,KRX_IDX_1001,KRW,INDEX
2018-05-16,11.779999732971191,1.1200000047683716,0.015800001099705696,KRX_IDX_1001,KRW,INDEX
2018-05-17,11.729999542236328,1.1200000047683716,0.01590000092983246,KRX_IDX_1001,KRW,INDEX
2018-05-18,11.789999961853027,1.1200000047683716,0.0158000010997056,KRX_IDX_1001,KRW,INDEX
2018-05-21,11.8100004196167,1.1299999952316284,0.0158000010997056,KRX_IDX_1001,KRW,INDEX
2018-05-23,11.84000015258789,1.1299999952316284,0.0157000012695789,KRX_IDX_1001,KRW,INDEX
2018-05-24,11.8100004196167,1.1299999952316284,0.015800001099705696,KRX_IDX_1001,KRW,INDEX
2018-05-25,11.789999961853027,1.1200000047683716,0.0158000010997056,KRX_IDX_1001,KRW,INDEX
2018-05-28,11.880000114440918,1.1299999952316284,0.015700001269578934,KRX_IDX_1001,KRW,INDEX
2018-05-29,11.770000457763672,1.1200000047683716,0.015800001099705696,KRX_IDX_1001,KRW,INDEX
2018-05-30,11.539999961853027,1.100000023841858,0.0162000004202127,KRX_IDX_1001,KRW,INDEX
2018-05-31,11.609999656677246,1.1100000143051147,0.0161000005900859,KRX_IDX_1001,KRW,INDEX
2018-06-01,11.6899995803833,1.1100000143051147,0.01600000075995922,KRX_IDX_1001,KRW,INDEX
2018-06-04,11.729999542236328,1.1200000047683716,0.0159000009298324,KRX_IDX_1001,KRW,INDEX
2018-06-05,11.6899995803833,1.1100000143051147,0.01590000092983246,KRX_IDX_1001,KRW,INDEX
2018-06-07,11.770000457763672,1.1100000143051147,0.0157000012695789,KRX_IDX_1001,KRW,INDEX
2018-06-08,11.680000305175781,1.1100000143051147,0.01590000092983246,KRX_IDX_1001,KRW,INDEX
2018-06-11,11.770000457763672,1.1100000143051147,0.015700001269578934,KRX_IDX_1001,KRW,INDEX
2018-06-12,11.739999771118164,1.1100000143051147,0.015800001099705696,KRX_IDX_1001,KRW,INDEX
2018-06-14,11.510000228881836,1.090000033378601,0.0161000005900859,KRX_IDX_1001,KRW,INDEX
2018-06-15,11.420000076293944,1.0800000429153442,0.0162000004202127,KRX_IDX_1001,KRW,INDEX
2018-06-18,11.289999961853027,1.0700000524520874,0.0164000000804662,KRX_IDX_1001,KRW,INDEX
2018-06-19,11.119999885559082,1.0499999523162842,0.016599999740719795,KRX_IDX_1001,KRW,INDEX
2018-06-20,11.229999542236328,1.059999942779541,0.016499999910593033,KRX_IDX_1001,KRW,INDEX
2018-06-21,11.109999656677246,1.0499999523162842,0.0166999995708465,KRX_IDX_1001,KRW,INDEX
2018-06-22,11.199999809265137,1.059999942779541,0.016499999910593033,KRX_IDX_1001,KRW,INDEX
2018-06-25,11.199999809265137,1.059999942779541,0.016499999910593,KRX_IDX_1001,KRW,INDEX
2018-06-26,11.170000076293944,1.059999942779541,0.0165999997407197,KRX_IDX_1001,KRW,INDEX
2018-06-27,11.130000114440918,1.059999942779541,0.016599999740719795,KRX_IDX_1001,KRW,INDEX
2018-06-28,11.0,1.0399999618530271,0.0167999994009733,KRX_IDX_1001,KRW,INDEX
2018-06-29,11.050000190734863,1.0499999523162842,0.016699999570846558,KRX_IDX_1001,KRW,INDEX
2018-07-02,10.789999961853027,1.0199999809265137,0.0171000007539987,KRX_IDX_1001,KRW,INDEX
2018-07-03,10.800000190734863,1.0199999809265137,0.017100000753998756,KRX_IDX_1001,KRW,INDEX
2018-07-04,10.760000228881836,1.0199999809265137,0.0172000005841255,KRX_IDX_1001,KRW,INDEX
2018-07-05,10.729999542236328,1.0199999809265137,0.0173000004142522,KRX_IDX_1001,KRW,INDEX
2018-07-06,10.800000190734863,1.0199999809265137,0.0171000007539987,KRX_IDX_1001,KRW,INDEX
2018-07-09,10.859999656677246,1.0299999713897705,0.0170000009238719,KRX_IDX_1001,KRW,INDEX
2018-07-10,10.899999618530273,1.0299999713897705,0.017000000923871994,KRX_IDX_1001,KRW,INDEX
2018-07-11,10.84000015258789,1.0299999713897705,0.017100000753998756,KRX_IDX_1001,KRW,INDEX
2018-07-12,10.859999656677246,1.0299999713897705,0.017000000923871994,KRX_IDX_1001,KRW,INDEX
2018-07-13,10.979999542236328,1.0399999618530271,0.0167999994009733,KRX_IDX_1001,KRW,INDEX
2018-07-16,10.90999984741211,1.0299999713897705,0.0170000009238719,KRX_IDX_1001,KRW,INDEX
2018-07-17,10.890000343322754,1.0299999713897705,0.0170000009238719,KRX_IDX_1001,KRW,INDEX
2018-07-18,10.859999656677246,1.0299999713897705,0.0170000009238719,KRX_IDX_1001,KRW,INDEX
2018-07-19,10.81999969482422,1.0299999713897705,0.0171000007539987,KRX_IDX_1001,KRW,INDEX
2018-07-20,10.859999656677246,1.0299999713897705,0.0170000009238719,KRX_IDX_1001,KRW,INDEX
2018-07-23,10.770000457763672,1.0199999809265137,0.0172000005841255,KRX_IDX_1001,KRW,INDEX
2018-07-24,10.81999969482422,1.0299999713897705,0.0171000007539987,KRX_IDX_1001,KRW,INDEX
2018-07-25,10.779999732971191,1.0199999809265137,0.01720000058412552,KRX_IDX_1001,KRW,INDEX
2018-07-26,10.859999656677246,1.0299999713897705,0.017000000923871994,KRX_IDX_1001,KRW,INDEX
2018-07-27,10.890000343322754,1.0299999713897705,0.017000000923871994,KRX_IDX_1001,KRW,INDEX
2018-07-30,10.880000114440918,1.0299999713897705,0.0170000009238719,KRX_IDX_1001,KRW,INDEX
2018-07-31,10.890000343322754,1.0299999713897705,0.017000000923871994,KRX_IDX_1001,KRW,INDEX
2018-08-01,10.9399995803833,1.0399999618530271,0.0169000010937452,KRX_IDX_1001,KRW,INDEX
2018-08-02,10.770000457763672,1.0199999809265137,0.01720000058412552,KRX_IDX_1001,KRW,INDEX
2018-08-03,10.850000381469727,1.0299999713897705,0.017000000923871994,KRX_IDX_1001,KRW,INDEX
2018-08-06,10.84000015258789,1.0299999713897705,0.0171000007539987,KRX_IDX_1001,KRW,INDEX
2018-08-07,10.899999618530273,1.0299999713897705,0.017000000923871994,KRX_IDX_1001,KRW,INDEX
2018-08-08,10.90999984741211,1.0299999713897705,0.017000000923871994,KRX_IDX_1001,KRW,INDEX
2018-08-09,10.920000076293945,1.0399999618530273,0.01690000109374523,KRX_IDX_1001,KRW,INDEX
2018-08-10,10.81999969482422,1.0299999713897705,0.0171000007539987,KRX_IDX_1001,KRW,INDEX
2018-08-13,10.65999984741211,1.0099999904632568,0.017400000244379044,KRX_IDX_1001,KRW,INDEX
2018-08-14,10.710000038146973,1.0199999809265137,0.01730000041425228,KRX_IDX_1001,KRW,INDEX
2018-08-16,10.619999885559082,1.0099999904632568,0.017400000244379044,KRX_IDX_1001,KRW,INDEX
2018-08-17,10.649999618530273,1.0099999904632568,0.017400000244379044,KRX_IDX_1001,KRW,INDEX
2018-08-20,10.65999984741211,1.0099999904632568,0.017400000244379044,KRX_IDX_1001,KRW,INDEX
2018-08-21,10.760000228881836,1.0199999809265137,0.01720000058412552,KRX_IDX_1001,KRW,INDEX
2018-08-22,10.779999732971191,1.0199999809265137,0.0172000005841255,KRX_IDX_1001,KRW,INDEX
2018-08-23,10.819999694824219,1.0299999713897705,0.017100000753998756,KRX_IDX_1001,KRW,INDEX
2018-08-24,10.869999885559082,1.0299999713897705,0.017000000923871994,KRX_IDX_1001,KRW,INDEX
2018-08-27,10.899999618530273,1.0299999713897705,0.017000000923871994,KRX_IDX_1001,KRW,INDEX
2018-08-28,10.920000076293945,1.0399999618530273,0.01690000109374523,KRX_IDX_1001,KRW,INDEX
2018-08-29,10.949999809265137,1.0399999618530273,0.01690000109374523,KRX_IDX_1001,KRW,INDEX
2018-08-30,10.9399995803833,1.0399999618530273,0.01690000109374523,KRX_IDX_1001,KRW,INDEX
2018-08-31,11.010000228881836,1.0399999618530273,0.01679999940097332,KRX_IDX_1001,KRW,INDEX
2018-09-03,10.9399995803833,1.0399999618530273,0.01690000109374523,KRX_IDX_1001,KRW,INDEX
2018-09-04,10.979999542236328,1.0399999618530273,0.01690000109374523,KRX_IDX_1001,KRW,INDEX
2018-09-05,10.859999656677246,1.0299999713897705,0.017000000923871994,KRX_IDX_1001,KRW,INDEX
2018-09-06,10.84000015258789,1.0299999713897705,0.017100000753998756,KRX_IDX_1001,KRW,INDEX
2018-09-07,10.819999694824219,1.0299999713897705,0.017100000753998756,KRX_IDX_1001,KRW,INDEX
2018-09-10,10.970000267028809,1.0099999904632568,0.0170000009238719,KRX_IDX_1001,KRW,INDEX
2018-09-11,10.9399995803833,1.0,0.0170000009238719,KRX_IDX_1001,KRW,INDEX
2018-09-12,10.9399995803833,1.0,0.0170000009238719,KRX_IDX_1001,KRW,INDEX
2018-09-13,10.949999809265137,1.0,0.0170000009238719,KRX_IDX_1001,KRW,INDEX
2018-09-14,11.109999656677246,1.0199999809265137,0.0167999994009733,KRX_IDX_1001,KRW,INDEX
2018-09-17,11.029999732971191,1.0099999904632568,0.0169000010937452,KRX_IDX_1001,KRW,INDEX
2018-09-18,11.06999969482422,1.0199999809265137,0.0167999994009733,KRX_IDX_1001,KRW,INDEX
2018-09-19,11.06999969482422,1.0199999809265137,0.0167999994009733,KRX_IDX_1001,KRW,INDEX
2018-09-20,11.140000343322754,1.0199999809265137,0.0166999995708465,KRX_IDX_1001,KRW,INDEX
2018-09-21,11.220000267028809,1.0299999713897705,0.0165999997407197,KRX_IDX_1001,KRW,INDEX
2018-09-27,11.289999961853027,1.0399999618530271,0.016499999910593,KRX_IDX_1001,KRW,INDEX
2018-09-28,11.239999771118164,1.0299999713897705,0.0165999997407197,KRX_IDX_1001,KRW,INDEX
2018-10-01,11.220000267028809,1.0299999713897705,0.0165999997407197,KRX_IDX_1001,KRW,INDEX
2018-10-02,11.06999969482422,1.0199999809265137,0.0167999994009733,KRX_IDX_1001,KRW,INDEX
2018-10-04,10.90999984741211,1.0,0.017100000753998756,KRX_IDX_1001,KRW,INDEX
2018-10-05,10.869999885559082,1.0,0.017100000753998756,KRX_IDX_1001,KRW,INDEX
2018-10-08,10.8100004196167,0.9900000095367432,0.01720000058412552,KRX_IDX_1001,KRW,INDEX
2018-10-10,10.6899995803833,0.9800000190734863,0.017400000244379044,KRX_IDX_1001,KRW,INDEX
2018-10-11,10.210000038146973,0.9399999976158142,0.018200000748038292,KRX_IDX_1001,KRW,INDEX
2018-10-12,10.369999885559082,0.949999988079071,0.017999999225139618,KRX_IDX_1001,KRW,INDEX
2018-10-15,10.289999961853027,0.9399999976158142,0.0180999990552663,KRX_IDX_1001,KRW,INDEX
2018-10-16,10.289999961853027,0.9399999976158142,0.0180999990552663,KRX_IDX_1001,KRW,INDEX
2018-10-17,10.399999618530272,0.949999988079071,0.0178999993950128,KRX_IDX_1001,KRW,INDEX
2018-10-18,10.300000190734863,0.949999988079071,0.01809999905526638,KRX_IDX_1001,KRW,INDEX
2018-10-19,10.34000015258789,0.949999988079071,0.017999999225139618,KRX_IDX_1001,KRW,INDEX
2018-10-22,10.369999885559082,0.949999988079071,0.017999999225139618,KRX_IDX_1001,KRW,INDEX
2018-10-23,10.100000381469728,0.9300000071525574,0.0184000004082918,KRX_IDX_1001,KRW,INDEX
2018-10-24,10.0600004196167,0.9200000166893005,0.01850000023841858,KRX_IDX_1001,KRW,INDEX
2018-10-25,9.899999618530273,0.9100000262260437,0.018799999728798866,KRX_IDX_1001,KRW,INDEX
2018-10-26,9.729999542236328,0.8899999856948853,0.019199999049305916,KRX_IDX_1001,KRW,INDEX
2018-10-29,9.579999923706055,0.8799999952316284,0.019500000402331352,KRX_IDX_1001,KRW,INDEX
2018-10-30,9.670000076293945,0.8899999856948853,0.019299998879432678,KRX_IDX_1001,KRW,INDEX
2018-10-31,9.739999771118164,0.8899999856948853,0.0190999992191791,KRX_IDX_1001,KRW,INDEX
2018-11-01,9.720000267028809,0.8899999856948853,0.0191999990493059,KRX_IDX_1001,KRW,INDEX
2018-11-02,10.0600004196167,0.9200000166893004,0.0185000002384185,KRX_IDX_1001,KRW,INDEX
2018-11-05,9.970000267028809,0.9100000262260436,0.0186999998986721,KRX_IDX_1001,KRW,INDEX
2018-11-06,10.029999732971191,0.9200000166893005,0.01860000006854534,KRX_IDX_1001,KRW,INDEX
2018-11-07,9.979999542236328,0.9200000166893004,0.0186999998986721,KRX_IDX_1001,KRW,INDEX
2018-11-08,10.050000190734863,0.9200000166893005,0.01860000006854534,KRX_IDX_1001,KRW,INDEX
2018-11-09,10.010000228881836,0.9200000166893004,0.0186000000685453,KRX_IDX_1001,KRW,INDEX
2018-11-12,9.989999771118164,0.9200000166893005,0.018699999898672104,KRX_IDX_1001,KRW,INDEX
2018-11-13,9.9399995803833,0.9100000262260437,0.018799999728798866,KRX_IDX_1001,KRW,INDEX
2018-11-14,9.93000030517578,0.9100000262260436,0.0187999997287988,KRX_IDX_1001,KRW,INDEX
2018-11-15,10.029999732971191,0.9200000166893005,0.01860000006854534,KRX_IDX_1001,KRW,INDEX
2018-11-16,10.050000190734863,0.9200000166893004,0.0186000000685453,KRX_IDX_1001,KRW,INDEX
2018-11-19,10.09000015258789,0.9300000071525574,0.0185000002384185,KRX_IDX_1001,KRW,INDEX
2018-11-20,10.0,0.9200000166893004,0.0186000000685453,KRX_IDX_1001,KRW,INDEX
2018-11-21,9.970000267028809,0.9100000262260436,0.0186999998986721,KRX_IDX_1001,KRW,INDEX
2018-11-22,9.9399995803833,0.9100000262260436,0.0187999997287988,KRX_IDX_1001,KRW,INDEX
2018-11-23,9.880000114440918,0.9100000262260437,0.01889999955892563,KRX_IDX_1001,KRW,INDEX
2018-11-26,10.0,0.9200000166893005,0.01860000006854534,KRX_IDX_1001,KRW,INDEX
2018-11-27,10.079999923706056,0.9200000166893004,0.0185000002384185,KRX_IDX_1001,KRW,INDEX
2018-11-28,10.119999885559082,0.9300000071525574,0.018400000408291817,KRX_IDX_1001,KRW,INDEX
2018-11-29,10.149999618530273,0.9300000071525574,0.018400000408291817,KRX_IDX_1001,KRW,INDEX
2018-11-30,10.069999694824219,0.9200000166893005,0.01850000023841858,KRX_IDX_1001,KRW,INDEX
2018-12-03,10.239999771118164,0.9399999976158142,0.018200000748038292,KRX_IDX_1001,KRW,INDEX
2018-12-04,10.15999984741211,0.9300000071525574,0.0184000004082918,KRX_IDX_1001,KRW,INDEX
2018-12-05,10.100000381469727,0.9300000071525574,0.01850000023841858,KRX_IDX_1001,KRW,INDEX
2018-12-06,9.9399995803833,0.9100000262260437,0.018799999728798866,KRX_IDX_1001,KRW,INDEX
2018-12-07,9.890000343322754,0.8899999856948853,0.018699999898672104,KRX_IDX_1001,KRW,INDEX
2018-12-10,9.789999961853027,0.8799999952316284,0.0188999995589256,KRX_IDX_1001,KRW,INDEX
2018-12-11,9.779999732971191,0.8799999952316284,0.01889999955892563,KRX_IDX_1001,KRW,INDEX
2018-12-12,9.779999732971191,0.8799999952316284,0.0188999995589256,KRX_IDX_1001,KRW,INDEX
2018-12-13,9.84000015258789,0.8899999856948853,0.0187999997287988,KRX_IDX_1001,KRW,INDEX
2018-12-14,9.720000267028809,0.8799999952316284,0.0189999993890523,KRX_IDX_1001,KRW,INDEX
2018-12-17,9.729999542236328,0.8799999952316284,0.0189999993890523,KRX_IDX_1001,KRW,INDEX
2018-12-18,9.6899995803833,0.8799999952316284,0.0190999992191791,KRX_IDX_1001,KRW,INDEX
2018-12-19,9.770000457763672,0.8799999952316284,0.01889999955892563,KRX_IDX_1001,KRW,INDEX
2018-12-20,9.680000305175781,0.8799999952316284,0.019099999219179153,KRX_IDX_1001,KRW,INDEX
2018-12-21,9.680000305175781,0.8799999952316284,0.019099999219179153,KRX_IDX_1001,KRW,INDEX
2018-12-24,9.649999618530273,0.8700000047683716,0.019099999219179153,KRX_IDX_1001,KRW,INDEX
2018-12-26,9.529999732971191,0.8600000143051147,0.01940000057220459,KRX_IDX_1001,KRW,INDEX
2018-12-27,9.529999732971191,0.8600000143051147,0.01940000057220459,KRX_IDX_1001,KRW,INDEX
2018-12-28,9.579999923706056,0.8700000047683716,0.0192999988794326,KRX_IDX_1001,KRW,INDEX
2019-01-02,9.4399995803833,0.8500000238418579,0.0196000002324581,KRX_IDX_1001,KRW,INDEX
2019-01-03,9.359999656677246,0.8500000238418579,0.019700000062584877,KRX_IDX_1001,KRW,INDEX
2019-01-04,9.4399995803833,0.8500000238418579,0.0196000002324581,KRX_IDX_1001,KRW,INDEX
2019-01-07,9.56999969482422,0.8700000047683716,0.0192999988794326,KRX_IDX_1001,KRW,INDEX
2019-01-08,9.520000457763672,0.8600000143051147,0.01940000057220459,KRX_IDX_1001,KRW,INDEX
2019-01-09,9.699999809265137,0.8799999952316284,0.0189999993890523,KRX_IDX_1001,KRW,INDEX
2019-01-10,9.699999809265137,0.8799999952316284,0.0189999993890523,KRX_IDX_1001,KRW,INDEX
2019-01-11,9.75,0.8799999952316284,0.01889999955892563,KRX_IDX_1001,KRW,INDEX
2019-01-14,9.699999809265137,0.8799999952316284,0.0189999993890523,KRX_IDX_1001,KRW,INDEX
2019-01-15,9.850000381469727,0.8899999856948853,0.018699999898672104,KRX_IDX_1001,KRW,INDEX
2019-01-16,9.890000343322754,0.8999999761581421,0.0186999998986721,KRX_IDX_1001,KRW,INDEX
2019-01-17,9.899999618530272,0.8999999761581421,0.0186999998986721,KRX_IDX_1001,KRW,INDEX
2019-01-18,9.979999542236328,0.8999999761581421,0.01850000023841858,KRX_IDX_1001,KRW,INDEX
2019-01-21,9.979999542236328,0.8999999761581421,0.01850000023841858,KRX_IDX_1001,KRW,INDEX
2019-01-22,9.949999809265137,0.8999999761581421,0.01860000006854534,KRX_IDX_1001,KRW,INDEX
2019-01-23,10.0,0.8999999761581421,0.01850000023841858,KRX_IDX_1001,KRW,INDEX
2019-01-24,10.079999923706055,0.9100000262260437,0.018300000578165054,KRX_IDX_1001,KRW,INDEX
2019-01-25,10.229999542236328,0.9300000071525574,0.0180999990552663,KRX_IDX_1001,KRW,INDEX
2019-01-28,10.229999542236328,0.9300000071525574,0.0180999990552663,KRX_IDX_1001,KRW,INDEX
2019-01-29,10.260000228881836,0.9300000071525574,0.0179999992251396,KRX_IDX_1001,KRW,INDEX
2019-01-30,10.359999656677246,0.9399999976158142,0.017799999564886,KRX_IDX_1001,KRW,INDEX
2019-01-31,10.359999656677246,0.9399999976158142,0.017799999564886,KRX_IDX_1001,KRW,INDEX
2019-02-01,10.350000381469727,0.9399999976158142,0.017799999564886093,KRX_IDX_1001,KRW,INDEX
2019-02-07,10.350000381469727,0.9399999976158142,0.017799999564886093,KRX_IDX_1001,KRW,INDEX
2019-02-08,10.229999542236328,0.9300000071525574,0.01809999905526638,KRX_IDX_1001,KRW,INDEX
2019-02-11,10.239999771118164,0.9300000071525574,0.017999999225139618,KRX_IDX_1001,KRW,INDEX
2019-02-12,10.289999961853027,0.9300000071525574,0.017899999395012856,KRX_IDX_1001,KRW,INDEX
2019-02-13,10.40999984741211,0.9399999976158142,0.01769999973475933,KRX_IDX_1001,KRW,INDEX
2019-02-14,10.520000457763672,0.949999988079071,0.017500000074505806,KRX_IDX_1001,KRW,INDEX
2019-02-15,10.380000114440918,0.9399999976158142,0.01769999973475933,KRX_IDX_1001,KRW,INDEX
2019-02-18,10.449999809265137,0.949999988079071,0.01759999990463257,KRX_IDX_1001,KRW,INDEX
2019-02-19,10.430000305175781,0.9399999976158142,0.01769999973475933,KRX_IDX_1001,KRW,INDEX
2019-02-20,10.550000190734863,0.9599999785423279,0.017500000074505806,KRX_IDX_1001,KRW,INDEX
2019-02-21,10.539999961853027,0.949999988079071,0.017500000074505806,KRX_IDX_1001,KRW,INDEX
2019-02-22,10.550000190734863,0.9599999785423279,0.017500000074505806,KRX_IDX_1001,KRW,INDEX
2019-02-25,10.5600004196167,0.9599999785423279,0.017400000244379044,KRX_IDX_1001,KRW,INDEX
2019-02-26,10.529999732971191,0.949999988079071,0.017500000074505806,KRX_IDX_1001,KRW,INDEX
2019-02-27,10.56999969482422,0.959999978542328,0.017400000244379,KRX_IDX_1001,KRW,INDEX
2019-02-28,10.380000114440918,0.9399999976158142,0.0176999997347593,KRX_IDX_1001,KRW,INDEX
2019-03-04,10.359999656677246,0.9399999976158142,0.017799999564886,KRX_IDX_1001,KRW,INDEX
2019-03-05,10.3100004196167,0.9300000071525574,0.0178999993950128,KRX_IDX_1001,KRW,INDEX
2019-03-06,10.289999961853027,0.9300000071525574,0.0178999993950128,KRX_IDX_1001,KRW,INDEX
2019-03-07,10.25,0.9300000071525574,0.0179999992251396,KRX_IDX_1001,KRW,INDEX
2019-03-08,10.109999656677246,0.9200000166893004,0.0182000007480382,KRX_IDX_1001,KRW,INDEX
2019-03-11,10.109999656677246,0.9200000166893004,0.0182000007480382,KRX_IDX_1001,KRW,INDEX
2019-03-12,10.210000038146973,0.9200000166893004,0.0179999992251396,KRX_IDX_1001,KRW,INDEX
2019-03-13,10.15999984741211,0.9200000166893004,0.0180999990552663,KRX_IDX_1001,KRW,INDEX
2019-03-14,10.199999809265137,0.9200000166893004,0.0180999990552663,KRX_IDX_1001,KRW,INDEX
2019-03-15,10.300000190734863,0.9300000071525574,0.0178999993950128,KRX_IDX_1001,KRW,INDEX
2019-03-18,10.3100004196167,0.9300000071525574,0.0178999993950128,KRX_IDX_1001,KRW,INDEX
2019-03-19,10.300000190734863,0.9300000071525574,0.0178999993950128,KRX_IDX_1001,KRW,INDEX
2019-03-20,10.300000190734863,0.9300000071525574,0.017899999395012856,KRX_IDX_1001,KRW,INDEX
2019-03-21,10.34000015258789,0.9399999976158142,0.017799999564886093,KRX_IDX_1001,KRW,INDEX
2019-03-22,10.34000015258789,0.9399999976158142,0.017799999564886093,KRX_IDX_1001,KRW,INDEX
2019-03-25,10.149999618530273,0.9200000166893005,0.01809999905526638,KRX_IDX_1001,KRW,INDEX
2019-03-26,10.170000076293945,0.9200000166893005,0.01809999905526638,KRX_IDX_1001,KRW,INDEX
2019-03-27,10.140000343322754,0.9200000166893004,0.0180999990552663,KRX_IDX_1001,KRW,INDEX
2019-03-28,10.0600004196167,0.9100000262260437,0.018300000578165054,KRX_IDX_1001,KRW,INDEX
2019-03-29,10.130000114440918,0.9200000166893004,0.0180999990552663,KRX_IDX_1001,KRW,INDEX
2019-04-01,10.260000228881836,0.9300000071525574,0.017899999395012856,KRX_IDX_1001,KRW,INDEX
2019-04-02,10.300000190734863,0.9399999976158142,0.017799999564886093,KRX_IDX_1001,KRW,INDEX
2019-04-03,10.430000305175781,0.949999988079071,0.01759999990463257,KRX_IDX_1001,KRW,INDEX
2019-04-04,10.4399995803833,0.949999988079071,0.01759999990463257,KRX_IDX_1001,KRW,INDEX
2019-04-05,10.460000038146973,0.949999988079071,0.01759999990463257,KRX_IDX_1001,KRW,INDEX
2019-04-08,10.460000038146973,0.949999988079071,0.01759999990463257,KRX_IDX_1001,KRW,INDEX
2019-04-09,10.479999542236328,0.949999988079071,0.0175000000745058,KRX_IDX_1001,KRW,INDEX
2019-04-10,10.529999732971191,0.9599999785423279,0.017500000074505806,KRX_IDX_1001,KRW,INDEX
2019-04-11,10.529999732971191,0.959999978542328,0.0175000000745058,KRX_IDX_1001,KRW,INDEX
2019-04-12,10.569999694824219,0.9599999785423279,0.017400000244379044,KRX_IDX_1001,KRW,INDEX
2019-04-15,10.609999656677246,0.959999978542328,0.0173000004142522,KRX_IDX_1001,KRW,INDEX
2019-04-16,10.640000343322754,0.9700000286102296,0.0173000004142522,KRX_IDX_1001,KRW,INDEX
2019-04-17,10.630000114440918,0.9700000286102296,0.0173000004142522,KRX_IDX_1001,KRW,INDEX
2019-04-18,10.479999542236328,0.949999988079071,0.017500000074505806,KRX_IDX_1001,KRW,INDEX
2019-04-19,10.489999771118164,0.949999988079071,0.017500000074505806,KRX_IDX_1001,KRW,INDEX
2019-04-22,10.489999771118164,0.949999988079071,0.017500000074505806,KRX_IDX_1001,KRW,INDEX
2019-04-23,10.510000228881836,0.949999988079071,0.0175000000745058,KRX_IDX_1001,KRW,INDEX
2019-04-24,10.420000076293944,0.949999988079071,0.0175999999046325,KRX_IDX_1001,KRW,INDEX
2019-04-25,10.369999885559082,0.9399999976158142,0.0176999997347593,KRX_IDX_1001,KRW,INDEX
2019-04-26,10.3100004196167,0.9399999976158142,0.017799999564886,KRX_IDX_1001,KRW,INDEX
2019-04-29,10.489999771118164,0.949999988079071,0.0175000000745058,KRX_IDX_1001,KRW,INDEX
2019-04-30,10.430000305175781,0.949999988079071,0.01759999990463257,KRX_IDX_1001,KRW,INDEX
2019-05-02,11.470000267028809,0.949999988079071,0.02029999904334545,KRX_IDX_1001,KRW,INDEX
2019-05-03,11.380000114440918,0.9399999976158142,0.0204999987035989,KRX_IDX_1001,KRW,INDEX
2019-05-07,11.279999732971191,0.9300000071525574,0.02070000022649765,KRX_IDX_1001,KRW,INDEX
2019-05-08,11.239999771118164,0.9300000071525574,0.02070000022649765,KRX_IDX_1001,KRW,INDEX
2019-05-09,10.890000343322754,0.8999999761581421,0.021400000900030136,KRX_IDX_1001,KRW,INDEX
2019-05-10,10.920000076293944,0.8999999761581421,0.0213000010699033,KRX_IDX_1001,KRW,INDEX
2019-05-13,10.770000457763672,0.8899999856948853,0.0216000005602836,KRX_IDX_1001,KRW,INDEX
2019-05-14,10.789999961853027,0.8899999856948853,0.0216000005602836,KRX_IDX_1001,KRW,INDEX
2019-05-15,10.84000015258789,0.8899999856948853,0.0215000007301569,KRX_IDX_1001,KRW,INDEX
2019-05-16,10.710000038146973,0.8799999952316284,0.0218000002205371,KRX_IDX_1001,KRW,INDEX
2019-05-17,10.649999618530272,0.8799999952316284,0.0219000000506639,KRX_IDX_1001,KRW,INDEX
2019-05-20,10.649999618530272,0.8799999952316284,0.0219000000506639,KRX_IDX_1001,KRW,INDEX
2019-05-21,10.680000305175781,0.8799999952316284,0.021800000220537186,KRX_IDX_1001,KRW,INDEX
2019-05-22,10.6899995803833,0.8799999952316284,0.021800000220537186,KRX_IDX_1001,KRW,INDEX
2019-05-23,10.670000076293944,0.8799999952316284,0.0219000000506639,KRX_IDX_1001,KRW,INDEX
2019-05-24,10.59000015258789,0.8700000047683716,0.02199999988079071,KRX_IDX_1001,KRW,INDEX
2019-05-27,10.59000015258789,0.8700000047683716,0.02199999988079071,KRX_IDX_1001,KRW,INDEX
2019-05-28,10.609999656677246,0.8700000047683716,0.02199999988079071,KRX_IDX_1001,KRW,INDEX
2019-05-29,10.489999771118164,0.8700000047683716,0.0221999995410442,KRX_IDX_1001,KRW,INDEX
2019-05-30,10.56999969482422,0.8700000047683716,0.0219999998807907,KRX_IDX_1001,KRW,INDEX
2019-05-31,10.59000015258789,0.8700000047683716,0.0219999998807907,KRX_IDX_1001,KRW,INDEX
2019-06-03,11.949999809265137,0.8700000047683716,0.0216000005602836,KRX_IDX_1001,KRW,INDEX
2019-06-04,11.949999809265137,0.8700000047683716,0.02160000056028366,KRX_IDX_1001,KRW,INDEX
2019-06-05,11.960000038146973,0.8700000047683716,0.02160000056028366,KRX_IDX_1001,KRW,INDEX
2019-06-07,11.979999542236328,0.8700000047683716,0.0215000007301569,KRX_IDX_1001,KRW,INDEX
2019-06-10,12.140000343322754,0.8799999952316284,0.021199999377131462,KRX_IDX_1001,KRW,INDEX
2019-06-11,12.210000038146973,0.8899999856948853,0.0210999995470047,KRX_IDX_1001,KRW,INDEX
2019-06-12,12.1899995803833,0.8899999856948853,0.0210999995470047,KRX_IDX_1001,KRW,INDEX
2019-06-13,12.15999984741211,0.8799999952316284,0.0211999993771314,KRX_IDX_1001,KRW,INDEX
2019-06-14,12.109999656677246,0.8799999952316284,0.021300001069903374,KRX_IDX_1001,KRW,INDEX
2019-06-17,12.09000015258789,0.8799999952316284,0.021300001069903374,KRX_IDX_1001,KRW,INDEX
2019-06-18,12.130000114440918,0.8799999952316284,0.0211999993771314,KRX_IDX_1001,KRW,INDEX
2019-06-19,12.289999961853027,0.8899999856948853,0.020999999716877937,KRX_IDX_1001,KRW,INDEX
2019-06-20,12.31999969482422,0.8999999761581421,0.0208999998867511,KRX_IDX_1001,KRW,INDEX
2019-06-21,12.289999961853027,0.8899999856948853,0.0209999997168779,KRX_IDX_1001,KRW,INDEX
2019-06-24,12.289999961853027,0.8899999856948853,0.0209999997168779,KRX_IDX_1001,KRW,INDEX
2019-06-25,12.270000457763672,0.8899999856948853,0.020999999716877937,KRX_IDX_1001,KRW,INDEX
2019-06-26,12.270000457763672,0.8899999856948853,0.020999999716877937,KRX_IDX_1001,KRW,INDEX
2019-06-27,12.34000015258789,0.8999999761581421,0.0208999998867511,KRX_IDX_1001,KRW,INDEX
2019-06-28,12.31999969482422,0.8999999761581421,0.0208999998867511,KRX_IDX_1001,KRW,INDEX
2019-07-01,12.31999969482422,0.8899999856948853,0.0208999998867511,KRX_IDX_1001,KRW,INDEX
2019-07-02,12.270000457763672,0.8899999856948853,0.020999999716877937,KRX_IDX_1001,KRW,INDEX
2019-07-03,12.119999885559082,0.8799999952316284,0.021300001069903374,KRX_IDX_1001,KRW,INDEX
2019-07-04,12.199999809265137,0.8899999856948853,0.0210999995470047,KRX_IDX_1001,KRW,INDEX
2019-07-05,12.210000038146973,0.8899999856948853,0.0210999995470047,KRX_IDX_1001,KRW,INDEX
2019-07-08,11.9399995803833,0.8700000047683716,0.02160000056028366,KRX_IDX_1001,KRW,INDEX
2019-07-09,11.869999885559082,0.8600000143051147,0.0217000003904104,KRX_IDX_1001,KRW,INDEX
2019-07-10,11.90999984741211,0.8600000143051147,0.021700000390410423,KRX_IDX_1001,KRW,INDEX
2019-07-11,12.029999732971191,0.8700000047683716,0.0214000009000301,KRX_IDX_1001,KRW,INDEX
2019-07-12,12.06999969482422,0.8799999952316284,0.0214000009000301,KRX_IDX_1001,KRW,INDEX
2019-07-15,12.050000190734863,0.8799999952316284,0.0214000009000301,KRX_IDX_1001,KRW,INDEX
2019-07-16,12.100000381469727,0.8799999952316284,0.021300001069903374,KRX_IDX_1001,KRW,INDEX
2019-07-17,11.989999771118164,0.8700000047683716,0.0215000007301569,KRX_IDX_1001,KRW,INDEX
2019-07-18,11.949999809265137,0.8700000047683716,0.0216000005602836,KRX_IDX_1001,KRW,INDEX
2019-07-19,12.109999656677246,0.8799999952316284,0.0213000010699033,KRX_IDX_1001,KRW,INDEX
2019-07-22,12.109999656677246,0.8799999952316284,0.0213000010699033,KRX_IDX_1001,KRW,INDEX
2019-07-23,12.15999984741211,0.8799999952316284,0.021199999377131462,KRX_IDX_1001,KRW,INDEX
2019-07-24,12.039999961853027,0.8700000047683716,0.0214000009000301,KRX_IDX_1001,KRW,INDEX
2019-07-25,12.0,0.8700000047683716,0.0215000007301569,KRX_IDX_1001,KRW,INDEX
2019-07-26,11.949999809265137,0.8700000047683716,0.0216000005602836,KRX_IDX_1001,KRW,INDEX
2019-07-29,11.739999771118164,0.8500000238418579,0.02199999988079071,KRX_IDX_1001,KRW,INDEX
2019-07-30,11.789999961853027,0.8600000143051147,0.0219000000506639,KRX_IDX_1001,KRW,INDEX
2019-07-31,11.710000038146973,0.8500000238418579,0.02199999988079071,KRX_IDX_1001,KRW,INDEX
2019-08-01,11.670000076293945,0.8500000238418579,0.022099999710917473,KRX_IDX_1001,KRW,INDEX
2019-08-02,11.5600004196167,0.8399999737739563,0.022299999371170998,KRX_IDX_1001,KRW,INDEX
2019-08-05,11.260000228881836,0.8199999928474426,0.0229000002145767,KRX_IDX_1001,KRW,INDEX
2019-08-06,11.09000015258789,0.8100000023841858,0.02319999970495701,KRX_IDX_1001,KRW,INDEX
2019-08-07,11.050000190734863,0.800000011920929,0.0232999995350837,KRX_IDX_1001,KRW,INDEX
2019-08-08,11.109999656677246,0.8100000023841858,0.02319999970495701,KRX_IDX_1001,KRW,INDEX
2019-08-09,11.210000038146973,0.8100000023841858,0.023000000044703484,KRX_IDX_1001,KRW,INDEX
2019-08-12,11.229999542236328,0.8199999928474426,0.0229000002145767,KRX_IDX_1001,KRW,INDEX
2019-08-13,11.140000343322754,0.8100000023841858,0.023099999874830246,KRX_IDX_1001,KRW,INDEX
2019-08-14,11.210000038146973,0.8100000023841858,0.0230000000447034,KRX_IDX_1001,KRW,INDEX
2019-08-16,11.149999618530273,0.8100000023841858,0.023099999874830246,KRX_IDX_1001,KRW,INDEX
2019-08-19,11.220000267028809,0.8199999928474426,0.0230000000447034,KRX_IDX_1001,KRW,INDEX
2019-08-20,11.34000015258789,0.8199999928474426,0.022700000554323196,KRX_IDX_1001,KRW,INDEX
2019-08-21,11.359999656677246,0.8299999833106995,0.022700000554323196,KRX_IDX_1001,KRW,INDEX
2019-08-22,11.289999961853027,0.8199999928474426,0.0228000003844499,KRX_IDX_1001,KRW,INDEX
2019-08-23,11.270000457763672,0.8199999928474426,0.0229000002145767,KRX_IDX_1001,KRW,INDEX
2019-08-26,11.079999923706056,0.8100000023841858,0.0232999995350837,KRX_IDX_1001,KRW,INDEX
2019-08-27,11.130000114440918,0.8100000023841858,0.023199999704957,KRX_IDX_1001,KRW,INDEX
2019-08-28,11.229999542236328,0.8199999928474426,0.0230000000447034,KRX_IDX_1001,KRW,INDEX
2019-08-29,11.18000030517578,0.8100000023841858,0.0230999998748302,KRX_IDX_1001,KRW,INDEX
2019-08-30,11.380000114440918,0.8299999833106995,0.0226000007241964,KRX_IDX_1001,KRW,INDEX
2019-09-02,11.390000343322754,0.8299999833106995,0.0226000007241964,KRX_IDX_1001,KRW,INDEX
2019-09-03,11.369999885559082,0.8299999833106995,0.022700000554323196,KRX_IDX_1001,KRW,INDEX
2019-09-04,13.569999694824219,0.8199999928474426,0.02239999920129776,KRX_IDX_1001,KRW,INDEX
2019-09-05,13.680000305175781,0.8199999928474426,0.022199999541044235,KRX_IDX_1001,KRW,INDEX
2019-09-06,13.710000038146973,0.8299999833106995,0.022199999541044235,KRX_IDX_1001,KRW,INDEX
2019-09-09,13.779999732971191,0.8299999833106995,0.022099999710917473,KRX_IDX_1001,KRW,INDEX
2019-09-10,13.859999656677246,0.8399999737739563,0.021900000050663948,KRX_IDX_1001,KRW,INDEX
2019-09-11,13.979999542236328,0.8399999737739563,0.021700000390410423,KRX_IDX_1001,KRW,INDEX
2019-09-16,14.069999694824219,0.8500000238418579,0.02160000056028366,KRX_IDX_1001,KRW,INDEX
2019-09-17,14.079999923706055,0.8500000238418579,0.02160000056028366,KRX_IDX_1001,KRW,INDEX
2019-09-18,14.130000114440918,0.8500000238418579,0.0215000007301569,KRX_IDX_1001,KRW,INDEX
2019-09-19,14.199999809265137,0.8600000143051147,0.021400000900030136,KRX_IDX_1001,KRW,INDEX
2019-09-20,14.279999732971191,0.8600000143051147,0.021300001069903374,KRX_IDX_1001,KRW,INDEX
2019-09-23,14.279999732971191,0.8600000143051147,0.021300001069903374,KRX_IDX_1001,KRW,INDEX
2019-09-24,14.34000015258789,0.8600000143051147,0.0211999993771314,KRX_IDX_1001,KRW,INDEX
2019-09-25,14.15999984741211,0.8500000238418579,0.0215000007301569,KRX_IDX_1001,KRW,INDEX
2019-09-26,14.170000076293944,0.8500000238418579,0.0215000007301569,KRX_IDX_1001,KRW,INDEX
2019-09-27,14.0,0.8399999737739563,0.021700000390410423,KRX_IDX_1001,KRW,INDEX
2019-09-30,14.09000015258789,0.8500000238418579,0.0216000005602836,KRX_IDX_1001,KRW,INDEX
2019-10-01,14.15999984741211,0.8500000238418579,0.0215000007301569,KRX_IDX_1001,KRW,INDEX
2019-10-02,13.869999885559082,0.8399999737739563,0.0219000000506639,KRX_IDX_1001,KRW,INDEX
2019-10-04,13.800000190734863,0.8299999833106995,0.0219999998807907,KRX_IDX_1001,KRW,INDEX
2019-10-07,13.800000190734863,0.8299999833106995,0.0219999998807907,KRX_IDX_1001,KRW,INDEX
2019-10-08,13.970000267028809,0.8399999737739563,0.0218000002205371,KRX_IDX_1001,KRW,INDEX
2019-10-10,13.850000381469728,0.8299999833106995,0.0219999998807907,KRX_IDX_1001,KRW,INDEX
2019-10-11,13.960000038146973,0.8399999737739563,0.0218000002205371,KRX_IDX_1001,KRW,INDEX
2019-10-14,14.119999885559082,0.8500000238418579,0.0215000007301569,KRX_IDX_1001,KRW,INDEX
2019-10-15,14.119999885559082,0.8500000238418579,0.0215000007301569,KRX_IDX_1001,KRW,INDEX
2019-10-16,14.220000267028809,0.8600000143051147,0.0214000009000301,KRX_IDX_1001,KRW,INDEX
2019-10-17,14.1899995803833,0.8600000143051147,0.0214000009000301,KRX_IDX_1001,KRW,INDEX
2019-10-18,14.06999969482422,0.8500000238418579,0.0216000005602836,KRX_IDX_1001,KRW,INDEX
2019-10-21,14.09000015258789,0.8500000238418579,0.0216000005602836,KRX_IDX_1001,KRW,INDEX
2019-10-22,14.260000228881836,0.8600000143051147,0.021300001069903374,KRX_IDX_1001,KRW,INDEX
2019-10-23,14.199999809265137,0.8600000143051147,0.021400000900030136,KRX_IDX_1001,KRW,INDEX
2019-10-24,14.229999542236328,0.8600000143051147,0.0213000010699033,KRX_IDX_1001,KRW,INDEX
2019-10-25,14.25,0.8600000143051147,0.0213000010699033,KRX_IDX_1001,KRW,INDEX
2019-10-28,14.289999961853027,0.8600000143051147,0.0213000010699033,KRX_IDX_1001,KRW,INDEX
2019-10-29,14.289999961853027,0.8600000143051147,0.0213000010699033,KRX_IDX_1001,KRW,INDEX
2019-10-30,14.199999809265137,0.8600000143051147,0.0214000009000301,KRX_IDX_1001,KRW,INDEX
2019-10-31,14.229999542236328,0.8600000143051147,0.0213000010699033,KRX_IDX_1001,KRW,INDEX
2019-11-01,14.34000015258789,0.8700000047683716,0.0211999993771314,KRX_IDX_1001,KRW,INDEX
2019-11-04,14.550000190734863,0.8799999952316284,0.0208999998867511,KRX_IDX_1001,KRW,INDEX
2019-11-05,14.640000343322754,0.8799999952316284,0.0208000000566244,KRX_IDX_1001,KRW,INDEX
2019-11-06,14.649999618530272,0.8799999952316284,0.0207000002264976,KRX_IDX_1001,KRW,INDEX
2019-11-07,14.649999618530272,0.8799999952316284,0.0207000002264976,KRX_IDX_1001,KRW,INDEX
2019-11-08,14.600000381469728,0.8799999952316284,0.0208000000566244,KRX_IDX_1001,KRW,INDEX
2019-11-11,14.510000228881836,0.8799999952316284,0.0208999998867511,KRX_IDX_1001,KRW,INDEX
2019-11-12,14.619999885559082,0.8799999952316284,0.0208000000566244,KRX_IDX_1001,KRW,INDEX
2019-11-13,14.5,0.8700000047683716,0.020899999886751175,KRX_IDX_1001,KRW,INDEX
2019-11-14,14.619999885559082,0.8799999952316284,0.020800000056624413,KRX_IDX_1001,KRW,INDEX
2019-11-15,14.779999732971191,0.8899999856948853,0.02059999853372574,KRX_IDX_1001,KRW,INDEX
2019-11-18,14.770000457763672,0.8899999856948853,0.02059999853372574,KRX_IDX_1001,KRW,INDEX
2019-11-19,14.720000267028809,0.8899999856948853,0.0205999985337257,KRX_IDX_1001,KRW,INDEX
2019-11-20,14.529999732971191,0.8799999952316284,0.0208999998867511,KRX_IDX_1001,KRW,INDEX
2019-11-21,14.329999923706055,0.8600000143051147,0.021199999377131462,KRX_IDX_1001,KRW,INDEX
2019-11-22,14.369999885559082,0.8700000047683716,0.0210999995470047,KRX_IDX_1001,KRW,INDEX
2019-11-25,14.510000228881836,0.8799999952316284,0.0208999998867511,KRX_IDX_1001,KRW,INDEX
2019-11-26,14.5,0.8700000047683716,0.0208999998867511,KRX_IDX_1001,KRW,INDEX
2019-11-27,14.550000190734863,0.8799999952316284,0.0208999998867511,KRX_IDX_1001,KRW,INDEX
2019-11-28,14.479999542236328,0.8700000047683716,0.0209999997168779,KRX_IDX_1001,KRW,INDEX
2019-11-29,14.270000457763672,0.8600000143051147,0.0213000010699033,KRX_IDX_1001,KRW,INDEX
2019-12-02,14.300000190734863,0.8600000143051147,0.0211999993771314,KRX_IDX_1001,KRW,INDEX
2019-12-03,17.25,0.8399999737739563,0.021300001069903374,KRX_IDX_1001,KRW,INDEX
2019-12-04,17.1200008392334,0.8399999737739563,0.0215000007301569,KRX_IDX_1001,KRW,INDEX
2019-12-05,17.049999237060547,0.8399999737739563,0.02160000056028366,KRX_IDX_1001,KRW,INDEX
2019-12-06,17.229999542236328,0.8399999737739563,0.021300001069903374,KRX_IDX_1001,KRW,INDEX
2019-12-09,17.280000686645508,0.8500000238418579,0.021300001069903374,KRX_IDX_1001,KRW,INDEX
2019-12-10,17.360000610351562,0.8500000238418579,0.021199999377131462,KRX_IDX_1001,KRW,INDEX
2019-12-11,17.43000030517578,0.8500000238418579,0.0210999995470047,KRX_IDX_1001,KRW,INDEX
2019-12-12,17.690000534057617,0.8700000047683716,0.020800000056624413,KRX_IDX_1001,KRW,INDEX
2019-12-13,17.969999313354492,0.8799999952316284,0.0204999987035989,KRX_IDX_1001,KRW,INDEX
2019-12-16,17.950000762939453,0.8799999952316284,0.0204999987035989,KRX_IDX_1001,KRW,INDEX
2019-12-17,18.18000030517578,0.8899999856948853,0.0201999992132186,KRX_IDX_1001,KRW,INDEX
2019-12-18,18.18000030517578,0.8899999856948853,0.02019999921321869,KRX_IDX_1001,KRW,INDEX
2019-12-19,18.190000534057617,0.8899999856948853,0.02019999921321869,KRX_IDX_1001,KRW,INDEX
2019-12-20,18.25,0.8899999856948853,0.0200999993830919,KRX_IDX_1001,KRW,INDEX
2019-12-23,18.25,0.8899999856948853,0.0200999993830919,KRX_IDX_1001,KRW,INDEX
2019-12-24,18.139999389648438,0.8899999856948853,0.02029999904334545,KRX_IDX_1001,KRW,INDEX
2019-12-26,18.200000762939453,0.8899999856948853,0.0201999992132186,KRX_IDX_1001,KRW,INDEX
2019-12-27,18.25,0.8899999856948853,0.0200999993830919,KRX_IDX_1001,KRW,INDEX
2019-12-30,18.200000762939453,0.8899999856948853,0.02019999921321869,KRX_IDX_1001,KRW,INDEX
2020-01-02,18.010000228881836,0.8799999952316284,0.0203999988734722,KRX_IDX_1001,KRW,INDEX
2020-01-03,18.020000457763672,0.8799999952316284,0.0203999988734722,KRX_IDX_1001,KRW,INDEX
2020-01-06,17.84000015258789,0.8700000047683716,0.02059999853372574,KRX_IDX_1001,KRW,INDEX
2020-01-07,18.010000228881836,0.8799999952316284,0.020399998873472214,KRX_IDX_1001,KRW,INDEX
2020-01-08,17.809999465942383,0.8700000047683716,0.0205999985337257,KRX_IDX_1001,KRW,INDEX
2020-01-09,18.11000061035156,0.8899999856948853,0.0202999990433454,KRX_IDX_1001,KRW,INDEX
2020-01-10,18.270000457763672,0.8899999856948853,0.0200999993830919,KRX_IDX_1001,KRW,INDEX
2020-01-13,18.459999084472656,0.8999999761581421,0.0198999997228384,KRX_IDX_1001,KRW,INDEX
2020-01-14,18.540000915527344,0.9100000262260437,0.01979999989271164,KRX_IDX_1001,KRW,INDEX
2020-01-15,18.479999542236328,0.9100000262260437,0.019899999722838402,KRX_IDX_1001,KRW,INDEX
2020-01-16,18.6200008392334,0.9100000262260436,0.0197000000625848,KRX_IDX_1001,KRW,INDEX
2020-01-17,18.63999938964844,0.9100000262260436,0.0197000000625848,KRX_IDX_1001,KRW,INDEX
2020-01-20,18.75,0.9200000166893005,0.019600000232458115,KRX_IDX_1001,KRW,INDEX
2020-01-21,18.549999237060547,0.9100000262260436,0.0197999998927116,KRX_IDX_1001,KRW,INDEX
2020-01-22,18.780000686645508,0.9200000166893004,0.0196000002324581,KRX_IDX_1001,KRW,INDEX
2020-01-23,18.610000610351562,0.9100000262260437,0.01979999989271164,KRX_IDX_1001,KRW,INDEX
2020-01-28,18.030000686645508,0.8799999952316284,0.020399998873472214,KRX_IDX_1001,KRW,INDEX
2020-01-29,18.100000381469727,0.8899999856948853,0.02029999904334545,KRX_IDX_1001,KRW,INDEX
2020-01-30,17.790000915527344,0.8700000047683716,0.0207000002264976,KRX_IDX_1001,KRW,INDEX
2020-01-31,17.559999465942383,0.8600000143051147,0.020899999886751175,KRX_IDX_1001,KRW,INDEX
2020-02-03,17.559999465942383,0.8600000143051147,0.020899999886751175,KRX_IDX_1001,KRW,INDEX
2020-02-04,17.8799991607666,0.8799999952316284,0.02059999853372574,KRX_IDX_1001,KRW,INDEX
2020-02-05,17.940000534057617,0.8799999952316284,0.0204999987035989,KRX_IDX_1001,KRW,INDEX
2020-02-06,18.459999084472656,0.8999999761581421,0.0198999997228384,KRX_IDX_1001,KRW,INDEX
2020-02-07,18.329999923706055,0.8999999761581421,0.020099999383091927,KRX_IDX_1001,KRW,INDEX
2020-02-10,18.239999771118164,0.8899999856948853,0.0201999992132186,KRX_IDX_1001,KRW,INDEX
2020-02-11,18.420000076293945,0.8999999761581421,0.0199999995529651,KRX_IDX_1001,KRW,INDEX
2020-02-12,18.549999237060547,0.9100000262260436,0.0197999998927116,KRX_IDX_1001,KRW,INDEX
2020-02-13,18.510000228881836,0.9100000262260437,0.019899999722838402,KRX_IDX_1001,KRW,INDEX
2020-02-14,18.6299991607666,0.9100000262260436,0.0197000000625848,KRX_IDX_1001,KRW,INDEX
2020-02-17,18.6200008392334,0.9100000262260436,0.0197000000625848,KRX_IDX_1001,KRW,INDEX
2020-02-18,18.34000015258789,0.8999999761581421,0.019999999552965164,KRX_IDX_1001,KRW,INDEX
2020-02-19,18.350000381469727,0.8999999761581421,0.0199999995529651,KRX_IDX_1001,KRW,INDEX
2020-02-20,18.229999542236328,0.8899999856948853,0.0200999993830919,KRX_IDX_1001,KRW,INDEX
2020-02-21,17.959999084472656,0.8799999952316284,0.0203999988734722,KRX_IDX_1001,KRW,INDEX
2020-02-24,17.260000228881836,0.8399999737739563,0.0211999993771314,KRX_IDX_1001,KRW,INDEX
2020-02-25,17.459999084472656,0.8500000238418579,0.020999999716877937,KRX_IDX_1001,KRW,INDEX
2020-02-26,17.239999771118164,0.8399999737739563,0.021199999377131462,KRX_IDX_1001,KRW,INDEX
2020-02-27,17.059999465942383,0.8299999833106995,0.0215000007301569,KRX_IDX_1001,KRW,INDEX
2020-02-28,16.5,0.8100000023841858,0.0221999995410442,KRX_IDX_1001,KRW,INDEX
2020-03-02,16.6200008392334,0.8100000023841858,0.0219999998807907,KRX_IDX_1001,KRW,INDEX
2020-03-03,16.719999313354492,0.8199999928474426,0.0219000000506639,KRX_IDX_1001,KRW,INDEX
2020-03-04,17.09000015258789,0.8399999737739563,0.0214000009000301,KRX_IDX_1001,KRW,INDEX
2020-03-05,17.309999465942383,0.8500000238418579,0.021199999377131462,KRX_IDX_1001,KRW,INDEX
2020-03-06,16.93000030517578,0.8299999833106995,0.02160000056028366,KRX_IDX_1001,KRW,INDEX
2020-03-09,16.219999313354492,0.7900000214576721,0.022600000724196434,KRX_IDX_1001,KRW,INDEX
2020-03-10,16.290000915527344,0.800000011920929,0.02250000089406967,KRX_IDX_1001,KRW,INDEX
2020-03-11,15.84000015258789,0.7699999809265137,0.0230999998748302,KRX_IDX_1001,KRW,INDEX
2020-03-12,15.220000267028809,0.7400000095367432,0.024100000038743,KRX_IDX_1001,KRW,INDEX
2020-03-13,14.699999809265137,0.7200000286102295,0.024900000542402267,KRX_IDX_1001,KRW,INDEX
2020-03-16,14.229999542236328,0.699999988079071,0.025699999183416367,KRX_IDX_1001,KRW,INDEX
2020-03-17,13.880000114440918,0.6800000071525574,0.026400001719594002,KRX_IDX_1001,KRW,INDEX
2020-03-18,13.199999809265137,0.6499999761581421,0.027699999511241913,KRX_IDX_1001,KRW,INDEX
2020-03-19,12.09000015258789,0.5899999737739563,0.030299998819828033,KRX_IDX_1001,KRW,INDEX
2020-03-20,13.1899995803833,0.6399999856948853,0.028199998661875725,KRX_IDX_1001,KRW,INDEX
2020-03-23,12.479999542236328,0.6000000238418579,0.02969999983906746,KRX_IDX_1001,KRW,INDEX
2020-03-24,13.470000267028809,0.6499999761581421,0.027400000020861626,KRX_IDX_1001,KRW,INDEX
2020-03-25,14.260000228881836,0.6899999976158142,0.02589999884366989,KRX_IDX_1001,KRW,INDEX
2020-03-26,14.100000381469728,0.6800000071525574,0.0261999983340501,KRX_IDX_1001,KRW,INDEX
2020-03-27,14.369999885559082,0.699999988079071,0.025699999183416367,KRX_IDX_1001,KRW,INDEX
2020-03-30,14.359999656677246,0.699999988079071,0.025699999183416367,KRX_IDX_1001,KRW,INDEX
2020-03-31,14.65999984741211,0.7099999785423279,0.0251000002026557,KRX_IDX_1001,KRW,INDEX
2020-04-01,14.079999923706055,0.6800000071525574,0.02619999833405018,KRX_IDX_1001,KRW,INDEX
2020-04-02,14.40999984741211,0.699999988079071,0.025599999353289604,KRX_IDX_1001,KRW,INDEX
2020-04-03,14.40999984741211,0.699999988079071,0.025599999353289604,KRX_IDX_1001,KRW,INDEX
2020-04-06,14.970000267028809,0.7300000190734863,0.02460000105202198,KRX_IDX_1001,KRW,INDEX
2020-04-07,15.229999542236328,0.7400000095367432,0.0241999998688697,KRX_IDX_1001,KRW,INDEX
2020-04-08,15.09000015258789,0.7300000190734863,0.0244000013917684,KRX_IDX_1001,KRW,INDEX
2020-04-09,15.329999923706056,0.75,0.0240000002086162,KRX_IDX_1001,KRW,INDEX
2020-04-10,15.539999961853027,0.7599999904632568,0.0236999988555908,KRX_IDX_1001,KRW,INDEX
2020-04-13,15.25,0.7400000095367432,0.0241999998688697,KRX_IDX_1001,KRW,INDEX
2020-04-14,15.510000228881836,0.75,0.023800000548362732,KRX_IDX_1001,KRW,INDEX
2020-04-16,15.5,0.75,0.023800000548362732,KRX_IDX_1001,KRW,INDEX
2020-04-17,15.979999542236328,0.7799999713897705,0.023000000044703484,KRX_IDX_1001,KRW,INDEX
2020-04-20,15.850000381469728,0.7699999809265137,0.023199999704957,KRX_IDX_1001,KRW,INDEX
2020-04-21,15.6899995803833,0.7599999904632568,0.0234999991953372,KRX_IDX_1001,KRW,INDEX
2020-04-22,15.829999923706055,0.7699999809265137,0.02329999953508377,KRX_IDX_1001,KRW,INDEX
2020-04-23,15.979999542236328,0.7799999713897705,0.023000000044703484,KRX_IDX_1001,KRW,INDEX
2020-04-24,15.770000457763672,0.7699999809265137,0.0233999993652105,KRX_IDX_1001,KRW,INDEX
2020-04-27,16.049999237060547,0.7799999713897705,0.0229000002145767,KRX_IDX_1001,KRW,INDEX
2020-04-28,16.149999618530273,0.7900000214576721,0.02280000038444996,KRX_IDX_1001,KRW,INDEX
2020-04-29,16.260000228881836,0.7900000214576721,0.0227000005543231,KRX_IDX_1001,KRW,INDEX
2020-05-04,18.299999237060547,0.7799999713897705,0.0230000000447034,KRX_IDX_1001,KRW,INDEX
2020-05-06,18.6200008392334,0.7900000214576721,0.0226000007241964,KRX_IDX_1001,KRW,INDEX
2020-05-07,18.6200008392334,0.7900000214576721,0.0226000007241964,KRX_IDX_1001,KRW,INDEX
2020-05-08,18.790000915527344,0.800000011920929,0.0223999992012977,KRX_IDX_1001,KRW,INDEX
2020-05-11,18.690000534057617,0.7900000214576721,0.0225000008940696,KRX_IDX_1001,KRW,INDEX
2020-05-12,18.559999465942383,0.7900000214576721,0.0227000005543231,KRX_IDX_1001,KRW,INDEX
2020-05-13,18.729999542236328,0.7900000214576721,0.0225000008940696,KRX_IDX_1001,KRW,INDEX
2020-05-14,18.57999992370605,0.7900000214576721,0.0226000007241964,KRX_IDX_1001,KRW,INDEX
2020-05-15,18.61000061035156,0.7900000214576721,0.0226000007241964,KRX_IDX_1001,KRW,INDEX
2020-05-18,18.71999931335449,0.7900000214576721,0.0225000008940696,KRX_IDX_1001,KRW,INDEX
2020-05-19,19.139999389648438,0.8100000023841858,0.02199999988079071,KRX_IDX_1001,KRW,INDEX
2020-05-20,19.229999542236328,0.8100000023841858,0.021900000050663948,KRX_IDX_1001,KRW,INDEX
2020-05-21,19.31999969482422,0.8199999928474426,0.021800000220537186,KRX_IDX_1001,KRW,INDEX
2020-05-22,19.040000915527344,0.8100000023841858,0.022099999710917473,KRX_IDX_1001,KRW,INDEX
2020-05-25,19.270000457763672,0.8199999928474426,0.021900000050663948,KRX_IDX_1001,KRW,INDEX
2020-05-26,19.6200008392334,0.8299999833106995,0.0215000007301569,KRX_IDX_1001,KRW,INDEX
2020-05-27,19.6299991607666,0.8299999833106995,0.0215000007301569,KRX_IDX_1001,KRW,INDEX
2020-05-28,19.610000610351562,0.8299999833106995,0.0215000007301569,KRX_IDX_1001,KRW,INDEX
2020-05-29,19.6200008392334,0.8299999833106995,0.0215000007301569,KRX_IDX_1001,KRW,INDEX
2020-06-01,19.969999313354492,0.8500000238418579,0.0210999995470047,KRX_IDX_1001,KRW,INDEX
2020-06-02,20.18000030517578,0.8500000238418579,0.020899999886751175,KRX_IDX_1001,KRW,INDEX
2020-06-03,24.56999969482422,0.8799999952316284,0.02029999904334545,KRX_IDX_1001,KRW,INDEX
2020-06-04,24.6200008392334,0.8799999952316284,0.02019999921321869,KRX_IDX_1001,KRW,INDEX
2020-06-05,25.0,0.8999999761581421,0.019899999722838402,KRX_IDX_1001,KRW,INDEX
2020-06-08,25.020000457763672,0.8999999761581421,0.0198999997228384,KRX_IDX_1001,KRW,INDEX
2020-06-09,25.07999992370605,0.8999999761581421,0.0198999997228384,KRX_IDX_1001,KRW,INDEX
2020-06-10,25.15999984741211,0.8999999761581421,0.01979999989271164,KRX_IDX_1001,KRW,INDEX
2020-06-11,24.940000534057617,0.8999999761581421,0.0199999995529651,KRX_IDX_1001,KRW,INDEX
2020-06-12,24.43000030517578,0.8799999952316284,0.0203999988734722,KRX_IDX_1001,KRW,INDEX
2020-06-15,23.26000022888184,0.8299999833106995,0.0214000009000301,KRX_IDX_1001,KRW,INDEX
2020-06-16,24.5,0.8799999952316284,0.0202999990433454,KRX_IDX_1001,KRW,INDEX
2020-06-17,24.540000915527344,0.8799999952316284,0.02029999904334545,KRX_IDX_1001,KRW,INDEX
2020-06-18,24.450000762939453,0.8799999952316284,0.0203999988734722,KRX_IDX_1001,KRW,INDEX
2020-06-19,24.540000915527344,0.8799999952316284,0.0202999990433454,KRX_IDX_1001,KRW,INDEX
2020-06-22,24.3700008392334,0.8700000047683716,0.0204999987035989,KRX_IDX_1001,KRW,INDEX
2020-06-23,24.43000030517578,0.8799999952316284,0.0203999988734722,KRX_IDX_1001,KRW,INDEX
2020-06-24,24.780000686645508,0.8899999856948853,0.0200999993830919,KRX_IDX_1001,KRW,INDEX
2020-06-25,24.21999931335449,0.8700000047683716,0.0205999985337257,KRX_IDX_1001,KRW,INDEX
2020-06-26,24.479999542236328,0.8799999952316284,0.020399998873472214,KRX_IDX_1001,KRW,INDEX
2020-06-29,24.0,0.8600000143051147,0.0208000000566244,KRX_IDX_1001,KRW,INDEX
2020-06-30,24.18000030517578,0.8700000047683716,0.02059999853372574,KRX_IDX_1001,KRW,INDEX
2020-07-01,24.15999984741211,0.8700000047683716,0.0205999985337257,KRX_IDX_1001,KRW,INDEX
2020-07-02,24.489999771118164,0.8799999952316284,0.0203999988734722,KRX_IDX_1001,KRW,INDEX
2020-07-03,24.88999938964844,0.8899999856948853,0.0200999993830919,KRX_IDX_1001,KRW,INDEX
2020-07-06,25.309999465942383,0.9100000262260436,0.0197000000625848,KRX_IDX_1001,KRW,INDEX
2020-07-07,25.030000686645508,0.8999999761581421,0.0198999997228384,KRX_IDX_1001,KRW,INDEX
2020-07-08,24.969999313354492,0.8899999856948853,0.019999999552965164,KRX_IDX_1001,KRW,INDEX
2020-07-09,25.06999969482422,0.8999999761581421,0.0198999997228384,KRX_IDX_1001,KRW,INDEX
2020-07-10,24.8700008392334,0.8899999856948853,0.020099999383091927,KRX_IDX_1001,KRW,INDEX
2020-07-13,25.280000686645508,0.9100000262260436,0.0197000000625848,KRX_IDX_1001,KRW,INDEX
2020-07-14,25.25,0.9100000262260437,0.01979999989271164,KRX_IDX_1001,KRW,INDEX
2020-07-15,25.459999084472656,0.9100000262260436,0.0196000002324581,KRX_IDX_1001,KRW,INDEX
2020-07-16,25.25,0.9100000262260436,0.0197999998927116,KRX_IDX_1001,KRW,INDEX
2020-07-17,25.450000762939453,0.9100000262260436,0.0196000002324581,KRX_IDX_1001,KRW,INDEX
2020-07-20,25.420000076293945,0.9100000262260437,0.019600000232458115,KRX_IDX_1001,KRW,INDEX
2020-07-21,25.799999237060547,0.9200000166893004,0.0194000005722045,KRX_IDX_1001,KRW,INDEX
2020-07-22,25.799999237060547,0.9200000166893004,0.0194000005722045,KRX_IDX_1001,KRW,INDEX
2020-07-23,25.649999618530273,0.9200000166893005,0.019500000402331352,KRX_IDX_1001,KRW,INDEX
2020-07-24,25.46999931335449,0.9100000262260436,0.0196000002324581,KRX_IDX_1001,KRW,INDEX
2020-07-27,25.670000076293945,0.9200000166893004,0.0195000004023313,KRX_IDX_1001,KRW,INDEX
2020-07-28,26.1299991607666,0.9399999976158142,0.0190999992191791,KRX_IDX_1001,KRW,INDEX
2020-07-29,26.200000762939453,0.9399999976158142,0.0190999992191791,KRX_IDX_1001,KRW,INDEX
2020-07-30,26.239999771118164,0.9399999976158142,0.01899999938905239,KRX_IDX_1001,KRW,INDEX
2020-07-31,26.040000915527344,0.9300000071525574,0.019199999049305916,KRX_IDX_1001,KRW,INDEX
2020-08-03,26.059999465942383,0.9300000071525574,0.019199999049305916,KRX_IDX_1001,KRW,INDEX
2020-08-04,26.389999389648438,0.949999988079071,0.01889999955892563,KRX_IDX_1001,KRW,INDEX
2020-08-05,26.770000457763672,0.9599999785423279,0.018699999898672104,KRX_IDX_1001,KRW,INDEX
2020-08-06,27.1200008392334,0.9700000286102295,0.018400000408291817,KRX_IDX_1001,KRW,INDEX
2020-08-07,27.229999542236328,0.9800000190734863,0.018300000578165054,KRX_IDX_1001,KRW,INDEX
2020-08-10,27.6299991607666,0.9900000095367432,0.0180999990552663,KRX_IDX_1001,KRW,INDEX
2020-08-11,28.010000228881836,1.0,0.017799999564886093,KRX_IDX_1001,KRW,INDEX
2020-08-12,28.15999984741211,1.0099999904632568,0.01769999973475933,KRX_IDX_1001,KRW,INDEX
2020-08-13,28.229999542236328,1.0099999904632568,0.01769999973475933,KRX_IDX_1001,KRW,INDEX
2020-08-14,27.889999389648438,1.0,0.017899999395012856,KRX_IDX_1001,KRW,INDEX
2020-08-18,26.950000762939453,0.9700000286102295,0.018400000408291817,KRX_IDX_1001,KRW,INDEX
2020-08-19,27.09000015258789,0.9800000190734863,0.018300000578165054,KRX_IDX_1001,KRW,INDEX
2020-08-20,26.100000381469727,0.9399999976158142,0.01899999938905239,KRX_IDX_1001,KRW,INDEX
2020-08-21,26.450000762939453,0.959999978542328,0.0186999998986721,KRX_IDX_1001,KRW,INDEX
2020-08-24,26.739999771118164,0.9700000286102296,0.0185000002384185,KRX_IDX_1001,KRW,INDEX
2020-08-25,27.170000076293945,0.9800000190734864,0.0182000007480382,KRX_IDX_1001,KRW,INDEX
2020-08-26,27.200000762939453,0.9800000190734864,0.0182000007480382,KRX_IDX_1001,KRW,INDEX
2020-08-27,26.90999984741211,0.9700000286102296,0.0184000004082918,KRX_IDX_1001,KRW,INDEX
2020-08-28,27.020000457763672,0.9800000190734863,0.018300000578165054,KRX_IDX_1001,KRW,INDEX
2020-08-31,26.700000762939453,0.9700000286102296,0.0185000002384185,KRX_IDX_1001,KRW,INDEX
2020-09-01,26.969999313354492,0.9800000190734863,0.018300000578165054,KRX_IDX_1001,KRW,INDEX
2020-09-02,27.13999938964844,0.9800000190734864,0.0182000007480382,KRX_IDX_1001,KRW,INDEX
2020-09-03,27.510000228881836,0.9900000095367432,0.017999999225139618,KRX_IDX_1001,KRW,INDEX
2020-09-04,27.190000534057617,0.9800000190734864,0.0182000007480382,KRX_IDX_1001,KRW,INDEX
2020-09-07,27.3700008392334,0.9900000095367432,0.0180999990552663,KRX_IDX_1001,KRW,INDEX
2020-09-08,27.57999992370605,1.0,0.0178999993950128,KRX_IDX_1001,KRW,INDEX
2020-09-09,27.280000686645508,0.9900000095367432,0.01809999905526638,KRX_IDX_1001,KRW,INDEX
2020-09-10,28.6299991607666,0.9800000190734863,0.017999999225139618,KRX_IDX_1001,KRW,INDEX
2020-09-11,28.6299991607666,0.9800000190734864,0.0179999992251396,KRX_IDX_1001,KRW,INDEX
2020-09-14,29.0,0.9900000095367432,0.017799999564886093,KRX_IDX_1001,KRW,INDEX
2020-09-15,29.190000534057617,0.9900000095367432,0.01759999990463257,KRX_IDX_1001,KRW,INDEX
2020-09-16,29.100000381469727,0.9900000095367432,0.0176999997347593,KRX_IDX_1001,KRW,INDEX
2020-09-17,28.75,0.9800000190734863,0.017899999395012856,KRX_IDX_1001,KRW,INDEX
2020-09-18,28.81999969482422,0.9800000190734864,0.0178999993950128,KRX_IDX_1001,KRW,INDEX
2020-09-21,28.549999237060547,0.9700000286102295,0.017999999225139618,KRX_IDX_1001,KRW,INDEX
2020-09-22,27.8700008392334,0.949999988079071,0.0185000002384185,KRX_IDX_1001,KRW,INDEX
2020-09-23,27.850000381469727,0.949999988079071,0.01850000023841858,KRX_IDX_1001,KRW,INDEX
2020-09-24,27.1299991607666,0.9200000166893004,0.0189999993890523,KRX_IDX_1001,KRW,INDEX
2020-09-25,27.200000762939453,0.9300000071525574,0.0188999995589256,KRX_IDX_1001,KRW,INDEX
2020-09-28,27.559999465942383,0.9399999976158142,0.0186999998986721,KRX_IDX_1001,KRW,INDEX
2020-09-29,27.790000915527344,0.949999988079071,0.01850000023841858,KRX_IDX_1001,KRW,INDEX
2020-10-05,28.14999961853028,0.959999978542328,0.018300000578165,KRX_IDX_1001,KRW,INDEX
2020-10-06,28.25,0.959999978542328,0.0182000007480382,KRX_IDX_1001,KRW,INDEX
2020-10-07,28.5,0.9700000286102296,0.0180999990552663,KRX_IDX_1001,KRW,INDEX
2020-10-08,28.56999969482422,0.9700000286102296,0.0179999992251396,KRX_IDX_1001,KRW,INDEX
2020-10-12,28.709999084472656,0.9800000190734864,0.0178999993950128,KRX_IDX_1001,KRW,INDEX
2020-10-13,28.700000762939453,0.9800000190734863,0.017899999395012856,KRX_IDX_1001,KRW,INDEX
2020-10-14,28.43000030517578,0.9700000286102295,0.01809999905526638,KRX_IDX_1001,KRW,INDEX
2020-10-15,28.21999931335449,0.959999978542328,0.0182000007480382,KRX_IDX_1001,KRW,INDEX
2020-10-16,28.100000381469727,0.959999978542328,0.018300000578165,KRX_IDX_1001,KRW,INDEX
2020-10-19,28.170000076293945,0.9599999785423279,0.018300000578165054,KRX_IDX_1001,KRW,INDEX
2020-10-20,28.329999923706055,0.9700000286102295,0.01809999905526638,KRX_IDX_1001,KRW,INDEX
2020-10-21,28.479999542236328,0.9700000286102295,0.01809999905526638,KRX_IDX_1001,KRW,INDEX
2020-10-22,28.290000915527344,0.9599999785423279,0.018200000748038292,KRX_IDX_1001,KRW,INDEX
2020-10-23,28.360000610351562,0.9700000286102295,0.01809999905526638,KRX_IDX_1001,KRW,INDEX
2020-10-26,28.149999618530277,0.959999978542328,0.018300000578165,KRX_IDX_1001,KRW,INDEX
2020-10-27,28.0,0.9599999785423279,0.018400000408291817,KRX_IDX_1001,KRW,INDEX
2020-10-28,28.170000076293945,0.959999978542328,0.0182000007480382,KRX_IDX_1001,KRW,INDEX
2020-10-29,27.950000762939453,0.949999988079071,0.018400000408291817,KRX_IDX_1001,KRW,INDEX
2020-10-30,27.229999542236328,0.9300000071525574,0.01889999955892563,KRX_IDX_1001,KRW,INDEX
2020-11-02,27.6299991607666,0.9399999976158142,0.0186000000685453,KRX_IDX_1001,KRW,INDEX
2020-11-03,28.15999984741211,0.959999978542328,0.018300000578165,KRX_IDX_1001,KRW,INDEX
2020-11-04,28.32999992370605,0.9700000286102296,0.0180999990552663,KRX_IDX_1001,KRW,INDEX
2020-11-05,29.010000228881836,0.9900000095367432,0.01769999973475933,KRX_IDX_1001,KRW,INDEX
2020-11-06,29.040000915527344,0.9900000095367432,0.0176999997347593,KRX_IDX_1001,KRW,INDEX
2020-11-09,29.40999984741211,1.0,0.017500000074505806,KRX_IDX_1001,KRW,INDEX
2020-11-10,29.479999542236328,1.0099999904632568,0.017400000244379044,KRX_IDX_1001,KRW,INDEX
2020-11-11,29.8799991607666,1.0199999809265137,0.01720000058412552,KRX_IDX_1001,KRW,INDEX
2020-11-12,29.76000022888184,1.0199999809265137,0.0173000004142522,KRX_IDX_1001,KRW,INDEX
2020-11-13,29.979999542236328,1.0199999809265137,0.017100000753998756,KRX_IDX_1001,KRW,INDEX
2020-11-16,30.56999969482422,1.0399999618530273,0.01679999940097332,KRX_IDX_1001,KRW,INDEX
2020-11-17,30.530000686645508,1.0399999618530273,0.01679999940097332,KRX_IDX_1001,KRW,INDEX
2020-11-18,30.610000610351562,1.0399999618530273,0.01679999940097332,KRX_IDX_1001,KRW,INDEX
2020-11-19,30.6299991607666,1.0499999523162842,0.01679999940097332,KRX_IDX_1001,KRW,INDEX
2020-11-20,30.709999084472656,1.0499999523162842,0.016699999570846558,KRX_IDX_1001,KRW,INDEX
2020-11-23,31.299999237060547,1.0700000524520874,0.01640000008046627,KRX_IDX_1001,KRW,INDEX
2020-11-24,31.479999542236328,1.0700000524520874,0.016300000250339508,KRX_IDX_1001,KRW,INDEX
2020-11-25,31.290000915527344,1.0700000524520874,0.01640000008046627,KRX_IDX_1001,KRW,INDEX
2020-11-26,31.579999923706055,1.0800000429153442,0.016300000250339508,KRX_IDX_1001,KRW,INDEX
2020-11-27,31.670000076293945,1.0800000429153442,0.016200000420212746,KRX_IDX_1001,KRW,INDEX
2020-11-30,31.170000076293945,1.059999942779541,0.016499999910593033,KRX_IDX_1001,KRW,INDEX
2020-12-01,31.68000030517578,1.0800000429153442,0.0162000004202127,KRX_IDX_1001,KRW,INDEX
2020-12-02,32.189998626708984,1.100000023841858,0.01600000075995922,KRX_IDX_1001,KRW,INDEX
2020-12-03,32.43000030517578,1.1100000143051147,0.0158000010997056,KRX_IDX_1001,KRW,INDEX
2020-12-04,32.86000061035156,1.1200000047683716,0.015599999576807,KRX_IDX_1001,KRW,INDEX
2020-12-07,33.040000915527344,1.1299999952316284,0.01549999974668026,KRX_IDX_1001,KRW,INDEX
2020-12-08,32.52000045776367,1.1100000143051147,0.0158000010997056,KRX_IDX_1001,KRW,INDEX
2020-12-09,33.18000030517578,1.1299999952316284,0.0154999997466802,KRX_IDX_1001,KRW,INDEX
2020-12-10,33.06999969482422,1.1299999952316284,0.0154999997466802,KRX_IDX_1001,KRW,INDEX
2020-12-11,28.3700008392334,1.1100000143051147,0.0153999999165534,KRX_IDX_1001,KRW,INDEX
2020-12-14,28.290000915527344,1.1100000143051147,0.0153999999165534,KRX_IDX_1001,KRW,INDEX
2020-12-15,28.229999542236328,1.1100000143051147,0.0154999997466802,KRX_IDX_1001,KRW,INDEX
2020-12-16,28.389999389648438,1.1100000143051147,0.015399999916553497,KRX_IDX_1001,KRW,INDEX
2020-12-17,28.3700008392334,1.1100000143051147,0.015399999916553497,KRX_IDX_1001,KRW,INDEX
2020-12-18,28.399999618530277,1.1100000143051147,0.0153999999165534,KRX_IDX_1001,KRW,INDEX
2020-12-21,28.469999313354492,1.1200000047683716,0.015300000086426735,KRX_IDX_1001,KRW,INDEX
2020-12-22,28.030000686645508,1.100000023841858,0.015599999576807,KRX_IDX_1001,KRW,INDEX
2020-12-23,28.299999237060547,1.1100000143051147,0.015399999916553497,KRX_IDX_1001,KRW,INDEX
2020-12-24,28.780000686645508,1.1299999952316284,0.015200000256299973,KRX_IDX_1001,KRW,INDEX
2020-12-28,28.799999237060547,1.1299999952316284,0.015200000256299973,KRX_IDX_1001,KRW,INDEX
2020-12-29,28.93000030517578,1.1399999856948853,0.015099999494850636,KRX_IDX_1001,KRW,INDEX
2020-12-30,29.469999313354492,1.159999966621399,0.014800000004470348,KRX_IDX_1001,KRW,INDEX
2021-01-04,30.200000762939453,1.190000057220459,0.0144000006839632,KRX_IDX_1001,KRW,INDEX
2021-01-05,30.68000030517578,1.2000000476837158,0.0141999991610646,KRX_IDX_1001,KRW,INDEX
2021-01-06,30.450000762939453,1.2000000476837158,0.0142999999225139,KRX_IDX_1001,KRW,INDEX
2021-01-07,31.11000061035156,1.2200000286102295,0.0139999995008111,KRX_IDX_1001,KRW,INDEX
2021-01-08,32.349998474121094,1.2699999809265137,0.0135000003501772,KRX_IDX_1001,KRW,INDEX
2021-01-11,32.310001373291016,1.2699999809265137,0.013500000350177288,KRX_IDX_1001,KRW,INDEX
2021-01-12,32.08000183105469,1.2599999904632568,0.01360000018030405,KRX_IDX_1001,KRW,INDEX
2021-01-13,32.310001373291016,1.2699999809265137,0.0135000003501772,KRX_IDX_1001,KRW,INDEX
2021-01-14,32.33000183105469,1.2699999809265137,0.0135000003501772,KRX_IDX_1001,KRW,INDEX
2021-01-15,31.670000076293945,1.2400000095367432,0.0137999998405575,KRX_IDX_1001,KRW,INDEX
2021-01-18,30.950000762939453,1.2100000381469727,0.014099999330937862,KRX_IDX_1001,KRW,INDEX
2021-01-19,31.760000228881836,1.25,0.013700000010430813,KRX_IDX_1001,KRW,INDEX
2021-01-20,31.989999771118164,1.2599999904632568,0.013600000180304,KRX_IDX_1001,KRW,INDEX
2021-01-21,32.470001220703125,1.2699999809265137,0.013400000520050526,KRX_IDX_1001,KRW,INDEX
2021-01-22,32.2599983215332,1.2699999809265137,0.013500000350177288,KRX_IDX_1001,KRW,INDEX
2021-01-25,33.02000045776367,1.2999999523162842,0.013200000859797,KRX_IDX_1001,KRW,INDEX
2021-01-26,32.279998779296875,1.2699999809265137,0.0135000003501772,KRX_IDX_1001,KRW,INDEX
2021-01-27,32.099998474121094,1.2599999904632568,0.013600000180304,KRX_IDX_1001,KRW,INDEX
2021-01-28,31.549999237060547,1.2400000095367432,0.013799999840557575,KRX_IDX_1001,KRW,INDEX
2021-01-29,30.59000015258789,1.2000000476837158,0.0142999999225139,KRX_IDX_1001,KRW,INDEX
2021-02-01,31.420000076293945,1.2300000190734863,0.013899999670684338,KRX_IDX_1001,KRW,INDEX
2021-02-02,31.84000015258789,1.25,0.013700000010430813,KRX_IDX_1001,KRW,INDEX
2021-02-03,32.18000030517578,1.2599999904632568,0.01360000018030405,KRX_IDX_1001,KRW,INDEX
2021-02-04,31.739999771118164,1.25,0.0137000000104308,KRX_IDX_1001,KRW,INDEX
2021-02-05,32.08000183105469,1.2599999904632568,0.01360000018030405,KRX_IDX_1001,KRW,INDEX
2021-02-08,31.780000686645508,1.25,0.013700000010430813,KRX_IDX_1001,KRW,INDEX
2021-02-09,31.709999084472656,1.25,0.013799999840557575,KRX_IDX_1001,KRW,INDEX
2021-02-10,31.8799991607666,1.25,0.013700000010430813,KRX_IDX_1001,KRW,INDEX
2021-02-15,32.36000061035156,1.2699999809265137,0.013500000350177288,KRX_IDX_1001,KRW,INDEX
2021-02-16,32.529998779296875,1.2799999713897705,0.0134000005200505,KRX_IDX_1001,KRW,INDEX
2021-02-17,32.220001220703125,1.2699999809265137,0.0135000003501772,KRX_IDX_1001,KRW,INDEX
2021-02-18,31.739999771118164,1.25,0.013700000010430813,KRX_IDX_1001,KRW,INDEX
2021-02-19,31.959999084472656,1.25,0.013600000180304,KRX_IDX_1001,KRW,INDEX
2021-02-22,31.670000076293945,1.2400000095367432,0.013799999840557575,KRX_IDX_1001,KRW,INDEX
2021-02-23,31.56999969482422,1.2400000095367432,0.013799999840557575,KRX_IDX_1001,KRW,INDEX
2021-02-24,30.799999237060547,1.2100000381469727,0.014199999161064625,KRX_IDX_1001,KRW,INDEX
2021-02-25,31.8799991607666,1.25,0.013700000010430813,KRX_IDX_1001,KRW,INDEX
2021-02-26,30.979999542236328,1.2200000286102295,0.014099999330937862,KRX_IDX_1001,KRW,INDEX
2021-03-02,31.299999237060547,1.2300000190734863,0.0138999996706843,KRX_IDX_1001,KRW,INDEX
2021-03-03,31.709999084472656,1.25,0.013799999840557575,KRX_IDX_1001,KRW,INDEX
2021-03-04,31.299999237060547,1.2300000190734863,0.0138999996706843,KRX_IDX_1001,KRW,INDEX
2021-03-05,31.1200008392334,1.2200000286102295,0.0139999995008111,KRX_IDX_1001,KRW,INDEX
2021-03-08,30.809999465942383,1.2100000381469727,0.014199999161064625,KRX_IDX_1001,KRW,INDEX
2021-03-09,30.600000381469727,1.2000000476837158,0.0142999999225139,KRX_IDX_1001,KRW,INDEX
2021-03-10,30.420000076293945,1.190000057220459,0.0142999999225139,KRX_IDX_1001,KRW,INDEX
2021-03-11,30.989999771118164,1.2200000286102295,0.014099999330937862,KRX_IDX_1001,KRW,INDEX
2021-03-12,31.40999984741211,1.2300000190734863,0.013899999670684338,KRX_IDX_1001,KRW,INDEX
2021-03-15,31.31999969482422,1.2300000190734863,0.013899999670684338,KRX_IDX_1001,KRW,INDEX
2021-03-16,31.540000915527344,1.2400000095367432,0.0137999998405575,KRX_IDX_1001,KRW,INDEX
2021-03-17,31.34000015258789,1.2300000190734863,0.013899999670684338,KRX_IDX_1001,KRW,INDEX
2021-03-18,31.530000686645508,1.2400000095367432,0.0137999998405575,KRX_IDX_1001,KRW,INDEX
2021-03-19,31.450000762939453,1.2400000095367432,0.013899999670684338,KRX_IDX_1001,KRW,INDEX
2021-03-22,31.40999984741211,1.2300000190734863,0.013899999670684338,KRX_IDX_1001,KRW,INDEX
2021-03-23,31.09000015258789,1.2200000286102295,0.0139999995008111,KRX_IDX_1001,KRW,INDEX
2021-03-24,31.0,1.2200000286102295,0.014099999330937862,KRX_IDX_1001,KRW,INDEX
2021-03-25,31.1200008392334,1.2200000286102295,0.0139999995008111,KRX_IDX_1001,KRW,INDEX
2021-03-26,31.450000762939453,1.2400000095367432,0.0138999996706843,KRX_IDX_1001,KRW,INDEX
2021-03-29,31.39999961853028,1.2300000190734863,0.0138999996706843,KRX_IDX_1001,KRW,INDEX
2021-03-30,31.75,1.25,0.0137000000104308,KRX_IDX_1001,KRW,INDEX
2021-03-31,31.670000076293945,1.2400000095367432,0.013799999840557575,KRX_IDX_1001,KRW,INDEX
2021-04-01,31.940000534057617,1.25,0.013600000180304,KRX_IDX_1001,KRW,INDEX
2021-04-02,32.20000076293945,1.2599999904632568,0.013500000350177288,KRX_IDX_1001,KRW,INDEX
2021-04-05,32.290000915527344,1.2699999809265137,0.0135000003501772,KRX_IDX_1001,KRW,INDEX
2021-04-06,32.349998474121094,1.2699999809265137,0.013500000350177288,KRX_IDX_1001,KRW,INDEX
2021-04-07,32.459999084472656,1.2699999809265137,0.0134000005200505,KRX_IDX_1001,KRW,INDEX
2021-04-08,32.52000045776367,1.2799999713897705,0.0134000005200505,KRX_IDX_1001,KRW,INDEX
2021-04-09,32.400001525878906,1.2699999809265137,0.0135000003501772,KRX_IDX_1001,KRW,INDEX
2021-04-12,32.439998626708984,1.2699999809265137,0.013400000520050526,KRX_IDX_1001,KRW,INDEX
2021-04-13,32.790000915527344,1.2899999618530273,0.013300000689923763,KRX_IDX_1001,KRW,INDEX
2021-04-14,32.95000076293945,1.2899999618530273,0.013200000859797001,KRX_IDX_1001,KRW,INDEX
2021-04-15,33.06999969482422,1.2999999523162842,0.013200000859797,KRX_IDX_1001,KRW,INDEX
2021-04-16,33.119998931884766,1.2999999523162842,0.013200000859797,KRX_IDX_1001,KRW,INDEX
2021-04-19,33.119998931884766,1.2999999523162842,0.013200000859797,KRX_IDX_1001,KRW,INDEX
2021-04-20,33.349998474121094,1.309999942779541,0.013099999167025,KRX_IDX_1001,KRW,INDEX
2021-04-21,32.849998474121094,1.2899999618530273,0.013300000689923763,KRX_IDX_1001,KRW,INDEX
2021-04-22,32.91999816894531,1.2899999618530271,0.013200000859797,KRX_IDX_1001,KRW,INDEX
2021-04-23,32.9900016784668,1.2999999523162842,0.013200000859797,KRX_IDX_1001,KRW,INDEX
2021-04-26,33.31999969482422,1.309999942779541,0.01309999916702509,KRX_IDX_1001,KRW,INDEX
2021-04-27,33.29999923706055,1.309999942779541,0.013099999167025,KRX_IDX_1001,KRW,INDEX
2021-04-28,32.939998626708984,1.2899999618530271,0.013200000859797,KRX_IDX_1001,KRW,INDEX
2021-04-29,32.869998931884766,1.2899999618530273,0.013300000689923763,KRX_IDX_1001,KRW,INDEX
2021-04-30,32.599998474121094,1.2799999713897705,0.0134000005200505,KRX_IDX_1001,KRW,INDEX
2021-05-03,26.049999237060547,1.2599999904632568,0.018300000578165054,KRX_IDX_1001,KRW,INDEX
2021-05-04,26.21999931335449,1.2699999809265137,0.0182000007480382,KRX_IDX_1001,KRW,INDEX
2021-05-06,26.479999542236328,1.2799999713897705,0.017999999225139618,KRX_IDX_1001,KRW,INDEX
2021-05-07,26.6299991607666,1.2899999618530273,0.017899999395012856,KRX_IDX_1001,KRW,INDEX
2021-05-10,27.06999969482422,1.309999942779541,0.01759999990463257,KRX_IDX_1001,KRW,INDEX
2021-05-11,26.75,1.2999999523162842,0.0178999993950128,KRX_IDX_1001,KRW,INDEX
2021-05-12,26.459999084472656,1.2799999713897705,0.017999999225139618,KRX_IDX_1001,KRW,INDEX
2021-05-13,26.09000015258789,1.2599999904632568,0.018300000578165054,KRX_IDX_1001,KRW,INDEX
2021-05-14,26.360000610351562,1.2799999713897705,0.01809999905526638,KRX_IDX_1001,KRW,INDEX
2021-05-17,26.200000762939453,1.2699999809265137,0.0182000007480382,KRX_IDX_1001,KRW,INDEX
2021-05-18,26.530000686645508,1.2799999713897705,0.0179999992251396,KRX_IDX_1001,KRW,INDEX
2021-05-20,26.440000534057617,1.2799999713897705,0.0180999990552663,KRX_IDX_1001,KRW,INDEX
2021-05-21,26.38999938964844,1.2799999713897705,0.0180999990552663,KRX_IDX_1001,KRW,INDEX
2021-05-24,26.25,1.2699999809265137,0.0182000007480382,KRX_IDX_1001,KRW,INDEX
2021-05-25,26.479999542236328,1.2799999713897705,0.017999999225139618,KRX_IDX_1001,KRW,INDEX
2021-05-26,26.459999084472656,1.2799999713897705,0.017999999225139618,KRX_IDX_1001,KRW,INDEX
2021-05-27,26.43000030517578,1.2799999713897705,0.01809999905526638,KRX_IDX_1001,KRW,INDEX
2021-05-28,26.559999465942383,1.2899999618530271,0.0179999992251396,KRX_IDX_1001,KRW,INDEX
2021-05-31,26.690000534057617,1.2899999618530273,0.017899999395012856,KRX_IDX_1001,KRW,INDEX
2021-06-01,26.84000015258789,1.2999999523162842,0.017799999564886,KRX_IDX_1001,KRW,INDEX
2021-06-02,26.860000610351562,1.2999999523162842,0.017799999564886093,KRX_IDX_1001,KRW,INDEX
2021-06-03,18.1299991607666,1.2799999713897705,0.0175999999046325,KRX_IDX_1001,KRW,INDEX
2021-06-04,18.09000015258789,1.2799999713897705,0.0176999997347593,KRX_IDX_1001,KRW,INDEX
2021-06-07,18.15999984741211,1.2799999713897705,0.0175999999046325,KRX_IDX_1001,KRW,INDEX
2021-06-08,18.1299991607666,1.2799999713897705,0.01759999990463257,KRX_IDX_1001,KRW,INDEX
2021-06-09,17.950000762939453,1.2699999809265137,0.017799999564886093,KRX_IDX_1001,KRW,INDEX
2021-06-10,17.969999313354492,1.2699999809265137,0.01769999973475933,KRX_IDX_1001,KRW,INDEX
2021-06-11,18.11000061035156,1.2799999713897705,0.0175999999046325,KRX_IDX_1001,KRW,INDEX
2021-06-14,18.1200008392334,1.2799999713897705,0.0175999999046325,KRX_IDX_1001,KRW,INDEX
2021-06-15,18.15999984741211,1.2899999618530273,0.01759999990463257,KRX_IDX_1001,KRW,INDEX
2021-06-16,18.270000457763672,1.2899999618530271,0.017400000244379,KRX_IDX_1001,KRW,INDEX
2021-06-17,18.200000762939453,1.2899999618530273,0.017500000074505806,KRX_IDX_1001,KRW,INDEX
2021-06-18,18.21999931335449,1.2899999618530271,0.0175000000745058,KRX_IDX_1001,KRW,INDEX
2021-06-21,18.059999465942383,1.2799999713897705,0.01759999990463257,KRX_IDX_1001,KRW,INDEX
2021-06-22,18.190000534057617,1.2899999618530271,0.0175000000745058,KRX_IDX_1001,KRW,INDEX
2021-06-23,18.260000228881836,1.2899999618530273,0.017500000074505806,KRX_IDX_1001,KRW,INDEX
2021-06-24,18.31999969482422,1.2999999523162842,0.017400000244379,KRX_IDX_1001,KRW,INDEX
2021-06-25,18.40999984741211,1.2999999523162842,0.0173000004142522,KRX_IDX_1001,KRW,INDEX
2021-06-28,18.399999618530277,1.2999999523162842,0.0173000004142522,KRX_IDX_1001,KRW,INDEX
2021-06-29,18.329999923706055,1.2999999523162842,0.017400000244379044,KRX_IDX_1001,KRW,INDEX
2021-06-30,18.3799991607666,1.2999999523162842,0.01730000041425228,KRX_IDX_1001,KRW,INDEX
2021-07-01,18.299999237060547,1.2999999523162842,0.017400000244379044,KRX_IDX_1001,KRW,INDEX
2021-07-02,18.299999237060547,1.2999999523162842,0.017400000244379044,KRX_IDX_1001,KRW,INDEX
2021-07-05,18.3700008392334,1.2999999523162842,0.017400000244379044,KRX_IDX_1001,KRW,INDEX
2021-07-06,18.440000534057617,1.309999942779541,0.0173000004142522,KRX_IDX_1001,KRW,INDEX
2021-07-07,18.32999992370605,1.2999999523162842,0.017400000244379,KRX_IDX_1001,KRW,INDEX
2021-07-08,18.14999961853028,1.2899999618530271,0.0175999999046325,KRX_IDX_1001,KRW,INDEX
2021-07-09,17.950000762939453,1.2699999809265137,0.017799999564886,KRX_IDX_1001,KRW,INDEX
2021-07-12,18.11000061035156,1.2799999713897705,0.0175999999046325,KRX_IDX_1001,KRW,INDEX
2021-07-13,18.25,1.2899999618530271,0.0175000000745058,KRX_IDX_1001,KRW,INDEX
2021-07-14,18.21999931335449,1.2899999618530271,0.0175000000745058,KRX_IDX_1001,KRW,INDEX
2021-07-15,18.34000015258789,1.2999999523162842,0.017400000244379,KRX_IDX_1001,KRW,INDEX
2021-07-16,18.309999465942383,1.2999999523162842,0.017400000244379044,KRX_IDX_1001,KRW,INDEX
2021-07-19,18.079999923706055,1.2899999618530273,0.01759999990463257,KRX_IDX_1001,KRW,INDEX
2021-07-20,18.020000457763672,1.2799999713897705,0.01759999990463257,KRX_IDX_1001,KRW,INDEX
2021-07-21,17.940000534057617,1.2799999713897705,0.0176999997347593,KRX_IDX_1001,KRW,INDEX
2021-07-22,18.110000610351562,1.2899999618530273,0.017500000074505806,KRX_IDX_1001,KRW,INDEX
2021-07-23,18.13999938964844,1.2899999618530271,0.0175000000745058,KRX_IDX_1001,KRW,INDEX
2021-07-26,17.969999313354492,1.2799999713897705,0.01769999973475933,KRX_IDX_1001,KRW,INDEX
2021-07-27,18.010000228881836,1.2799999713897705,0.01759999990463257,KRX_IDX_1001,KRW,INDEX
2021-07-28,18.040000915527344,1.2799999713897705,0.01759999990463257,KRX_IDX_1001,KRW,INDEX
2021-07-29,18.06999969482422,1.2899999618530271,0.0175999999046325,KRX_IDX_1001,KRW,INDEX
2021-07-30,17.850000381469727,1.2699999809265137,0.017799999564886093,KRX_IDX_1001,KRW,INDEX
2021-08-02,17.959999084472656,1.2799999713897705,0.0176999997347593,KRX_IDX_1001,KRW,INDEX
2021-08-03,18.040000915527344,1.2799999713897705,0.01759999990463257,KRX_IDX_1001,KRW,INDEX
2021-08-04,18.280000686645508,1.2999999523162842,0.017400000244379,KRX_IDX_1001,KRW,INDEX
2021-08-05,18.26000022888184,1.2999999523162842,0.017400000244379,KRX_IDX_1001,KRW,INDEX
2021-08-06,18.229999542236328,1.2999999523162842,0.017400000244379,KRX_IDX_1001,KRW,INDEX
2021-08-09,18.43000030517578,1.309999942779541,0.0172000005841255,KRX_IDX_1001,KRW,INDEX
2021-08-10,18.34000015258789,1.2999999523162842,0.01730000041425228,KRX_IDX_1001,KRW,INDEX
2021-08-11,18.309999465942383,1.309999942779541,0.01730000041425228,KRX_IDX_1001,KRW,INDEX
2021-08-12,18.239999771118164,1.2999999523162842,0.0173000004142522,KRX_IDX_1001,KRW,INDEX
2021-08-13,18.020000457763672,1.2899999618530273,0.017500000074505806,KRX_IDX_1001,KRW,INDEX
2021-08-17,17.860000610351562,1.2799999713897705,0.01769999973475933,KRX_IDX_1001,KRW,INDEX
2021-08-18,17.940000534057617,1.2799999713897705,0.01759999990463257,KRX_IDX_1001,KRW,INDEX
2021-08-19,17.600000381469727,1.2599999904632568,0.0178999993950128,KRX_IDX_1001,KRW,INDEX
2021-08-20,17.389999389648438,1.2400000095367432,0.0180999990552663,KRX_IDX_1001,KRW,INDEX
2021-08-23,17.56999969482422,1.2599999904632568,0.0179999992251396,KRX_IDX_1001,KRW,INDEX
2021-08-24,17.84000015258789,1.2799999713897705,0.0176999997347593,KRX_IDX_1001,KRW,INDEX
2021-08-25,17.889999389648438,1.2799999713897705,0.0175999999046325,KRX_IDX_1001,KRW,INDEX
2021-08-26,17.780000686645508,1.2699999809265137,0.01769999973475933,KRX_IDX_1001,KRW,INDEX
2021-08-27,17.81999969482422,1.2699999809265137,0.01769999973475933,KRX_IDX_1001,KRW,INDEX
2021-08-30,17.8799991607666,1.2799999713897705,0.01769999973475933,KRX_IDX_1001,KRW,INDEX
2021-08-31,18.200000762939453,1.2999999523162842,0.01730000041425228,KRX_IDX_1001,KRW,INDEX
2021-09-01,18.239999771118164,1.2999999523162842,0.01730000041425228,KRX_IDX_1001,KRW,INDEX
2021-09-02,18.100000381469727,1.2899999618530271,0.017400000244379,KRX_IDX_1001,KRW,INDEX
2021-09-03,18.239999771118164,1.2999999523162842,0.01730000041425228,KRX_IDX_1001,KRW,INDEX
2021-09-06,18.25,1.2999999523162842,0.0173000004142522,KRX_IDX_1001,KRW,INDEX
2021-09-07,18.15999984741211,1.2999999523162842,0.017400000244379044,KRX_IDX_1001,KRW,INDEX
2021-09-08,18.020000457763672,1.2899999618530273,0.017500000074505806,KRX_IDX_1001,KRW,INDEX
2021-09-09,14.81999969482422,1.2300000190734863,0.0176999997347593,KRX_IDX_1001,KRW,INDEX
2021-09-10,14.869999885559082,1.2300000190734863,0.0176999997347593,KRX_IDX_1001,KRW,INDEX
2021-09-13,14.890000343322754,1.2300000190734863,0.0176999997347593,KRX_IDX_1001,KRW,INDEX
2021-09-14,14.989999771118164,1.2400000095367432,0.0175000000745058,KRX_IDX_1001,KRW,INDEX
2021-09-15,15.010000228881836,1.2400000095367432,0.017500000074505806,KRX_IDX_1001,KRW,INDEX
2021-09-16,14.90999984741211,1.2300000190734863,0.01759999990463257,KRX_IDX_1001,KRW,INDEX
2021-09-17,14.949999809265137,1.2400000095367432,0.0175999999046325,KRX_IDX_1001,KRW,INDEX
2021-09-23,15.0,1.2300000190734863,0.0175999999046325,KRX_IDX_1001,KRW,INDEX
2021-09-24,14.989999771118164,1.2300000190734863,0.0175999999046325,KRX_IDX_1001,KRW,INDEX
2021-09-27,15.029999732971191,1.2400000095367432,0.017500000074505806,KRX_IDX_1001,KRW,INDEX
2021-09-28,14.859999656677246,1.2200000286102295,0.01769999973475933,KRX_IDX_1001,KRW,INDEX
2021-09-29,14.68000030517578,1.2100000381469729,0.0179999992251396,KRX_IDX_1001,KRW,INDEX
2021-09-30,14.720000267028809,1.2100000381469727,0.017899999395012856,KRX_IDX_1001,KRW,INDEX
2021-10-01,14.479999542236328,1.190000057220459,0.018200000748038292,KRX_IDX_1001,KRW,INDEX
2021-10-05,14.210000038146973,1.1699999570846558,0.0186000000685453,KRX_IDX_1001,KRW,INDEX
2021-10-06,13.949999809265137,1.149999976158142,0.0188999995589256,KRX_IDX_1001,KRW,INDEX
2021-10-07,14.199999809265137,1.1699999570846558,0.0186000000685453,KRX_IDX_1001,KRW,INDEX
2021-10-08,14.180000305175781,1.1699999570846558,0.01860000006854534,KRX_IDX_1001,KRW,INDEX
2021-10-12,13.989999771118164,1.149999976158142,0.0187999997287988,KRX_IDX_1001,KRW,INDEX
2021-10-13,14.119999885559082,1.159999966621399,0.0186999998986721,KRX_IDX_1001,KRW,INDEX
2021-10-14,14.34000015258789,1.1799999475479126,0.018400000408291817,KRX_IDX_1001,KRW,INDEX
2021-10-15,14.470000267028809,1.190000057220459,0.018200000748038292,KRX_IDX_1001,KRW,INDEX
2021-10-18,14.43000030517578,1.190000057220459,0.018300000578165,KRX_IDX_1001,KRW,INDEX
2021-10-19,14.539999961853027,1.2000000476837158,0.01809999905526638,KRX_IDX_1001,KRW,INDEX
2021-10-20,14.460000038146973,1.190000057220459,0.018200000748038292,KRX_IDX_1001,KRW,INDEX
2021-10-21,14.430000305175781,1.190000057220459,0.018300000578165054,KRX_IDX_1001,KRW,INDEX
2021-10-22,14.43000030517578,1.190000057220459,0.018300000578165,KRX_IDX_1001,KRW,INDEX
2021-10-25,14.5,1.190000057220459,0.018200000748038292,KRX_IDX_1001,KRW,INDEX
2021-10-26,14.630000114440918,1.2000000476837158,0.017999999225139618,KRX_IDX_1001,KRW,INDEX
2021-10-27,14.520000457763672,1.190000057220459,0.0182000007480382,KRX_IDX_1001,KRW,INDEX
2021-10-28,14.4399995803833,1.190000057220459,0.018300000578165,KRX_IDX_1001,KRW,INDEX
2021-10-29,14.25,1.1699999570846558,0.0185000002384185,KRX_IDX_1001,KRW,INDEX
2021-11-01,14.300000190734863,1.1799999475479126,0.018400000408291817,KRX_IDX_1001,KRW,INDEX
2021-11-02,14.460000038146973,1.190000057220459,0.018200000748038292,KRX_IDX_1001,KRW,INDEX
2021-11-03,14.289999961853027,1.1699999570846558,0.0185000002384185,KRX_IDX_1001,KRW,INDEX
2021-11-04,14.5,1.190000057220459,0.018200000748038292,KRX_IDX_1001,KRW,INDEX
2021-11-05,14.43000030517578,1.190000057220459,0.018300000578165,KRX_IDX_1001,KRW,INDEX
2021-11-08,14.390000343322754,1.1799999475479126,0.018300000578165054,KRX_IDX_1001,KRW,INDEX
2021-11-09,14.399999618530273,1.1799999475479126,0.018300000578165054,KRX_IDX_1001,KRW,INDEX
2021-11-10,14.239999771118164,1.1699999570846558,0.01850000023841858,KRX_IDX_1001,KRW,INDEX
2021-11-11,14.210000038146973,1.1699999570846558,0.01850000023841858,KRX_IDX_1001,KRW,INDEX
2021-11-12,14.430000305175781,1.190000057220459,0.018300000578165054,KRX_IDX_1001,KRW,INDEX
2021-11-15,14.579999923706055,1.2000000476837158,0.01809999905526638,KRX_IDX_1001,KRW,INDEX
2021-11-16,14.59000015258789,1.2000000476837158,0.01809999905526638,KRX_IDX_1001,KRW,INDEX
2021-11-17,14.420000076293944,1.190000057220459,0.018300000578165,KRX_IDX_1001,KRW,INDEX
2021-11-18,14.34000015258789,1.1799999475479126,0.018400000408291817,KRX_IDX_1001,KRW,INDEX
2021-11-19,14.460000038146973,1.190000057220459,0.0182000007480382,KRX_IDX_1001,KRW,INDEX
2021-11-22,14.670000076293944,1.2100000381469729,0.0179999992251396,KRX_IDX_1001,KRW,INDEX
2021-11-23,14.59000015258789,1.2000000476837158,0.0180999990552663,KRX_IDX_1001,KRW,INDEX
2021-11-24,14.56999969482422,1.2000000476837158,0.0180999990552663,KRX_IDX_1001,KRW,INDEX
2021-11-25,14.510000228881836,1.190000057220459,0.0182000007480382,KRX_IDX_1001,KRW,INDEX
2021-11-26,14.289999961853027,1.1699999570846558,0.0184000004082918,KRX_IDX_1001,KRW,INDEX
2021-11-29,14.170000076293944,1.159999966621399,0.0186000000685453,KRX_IDX_1001,KRW,INDEX
2021-11-30,13.770000457763672,1.1299999952316284,0.019199999049305916,KRX_IDX_1001,KRW,INDEX
2021-12-01,14.069999694824219,1.159999966621399,0.018699999898672104,KRX_IDX_1001,KRW,INDEX
2021-12-02,14.289999961853027,1.1699999570846558,0.01850000023841858,KRX_IDX_1001,KRW,INDEX
2021-12-03,14.399999618530273,1.1799999475479126,0.018300000578165054,KRX_IDX_1001,KRW,INDEX
2021-12-06,14.430000305175781,1.190000057220459,0.018300000578165054,KRX_IDX_1001,KRW,INDEX
2021-12-07,14.520000457763672,1.190000057220459,0.018200000748038292,KRX_IDX_1001,KRW,INDEX
2021-12-08,14.569999694824219,1.2000000476837158,0.01809999905526638,KRX_IDX_1001,KRW,INDEX
2021-12-09,14.710000038146973,1.2100000381469727,0.017899999395012856,KRX_IDX_1001,KRW,INDEX
2021-12-10,14.619999885559082,1.2000000476837158,0.017999999225139618,KRX_IDX_1001,KRW,INDEX
2021-12-13,12.819999694824219,1.149999976158142,0.01809999905526638,KRX_IDX_1001,KRW,INDEX
2021-12-14,12.760000228881836,1.149999976158142,0.018200000748038292,KRX_IDX_1001,KRW,INDEX
2021-12-15,12.770000457763672,1.149999976158142,0.018200000748038292,KRX_IDX_1001,KRW,INDEX
2021-12-16,12.84000015258789,1.149999976158142,0.01809999905526638,KRX_IDX_1001,KRW,INDEX
2021-12-17,12.890000343322754,1.159999966621399,0.017999999225139618,KRX_IDX_1001,KRW,INDEX
2021-12-20,12.649999618530273,1.1399999856948853,0.018300000578165054,KRX_IDX_1001,KRW,INDEX
2021-12-21,12.699999809265137,1.1399999856948853,0.018200000748038292,KRX_IDX_1001,KRW,INDEX
2021-12-22,12.739999771118164,1.1399999856948853,0.018200000748038292,KRX_IDX_1001,KRW,INDEX
2021-12-23,12.800000190734863,1.149999976158142,0.01809999905526638,KRX_IDX_1001,KRW,INDEX
2021-12-24,12.859999656677246,1.149999976158142,0.0179999992251396,KRX_IDX_1001,KRW,INDEX
2021-12-27,12.800000190734863,1.149999976158142,0.0180999990552663,KRX_IDX_1001,KRW,INDEX
2021-12-28,12.890000343322754,1.159999966621399,0.0179999992251396,KRX_IDX_1001,KRW,INDEX
2021-12-29,12.779999732971191,1.149999976158142,0.0180999990552663,KRX_IDX_1001,KRW,INDEX
2021-12-30,12.720000267028809,1.1399999856948853,0.0182000007480382,KRX_IDX_1001,KRW,INDEX
2022-01-03,12.760000228881836,1.149999976158142,0.0182000007480382,KRX_IDX_1001,KRW,INDEX
2022-01-04,12.760000228881836,1.149999976158142,0.0182000007480382,KRX_IDX_1001,KRW,INDEX
2022-01-05,12.609999656677246,1.1299999952316284,0.0184000004082918,KRX_IDX_1001,KRW,INDEX
2022-01-06,12.470000267028809,1.1200000047683716,0.0186000000685453,KRX_IDX_1001,KRW,INDEX
2022-01-07,12.619999885559082,1.1299999952316284,0.0184000004082918,KRX_IDX_1001,KRW,INDEX
2022-01-10,12.510000228881836,1.1200000047683716,0.0185000002384185,KRX_IDX_1001,KRW,INDEX
2022-01-11,12.510000228881836,1.1200000047683716,0.0185000002384185,KRX_IDX_1001,KRW,INDEX
2022-01-12,12.699999809265137,1.1399999856948853,0.018300000578165,KRX_IDX_1001,KRW,INDEX
2022-01-13,12.65999984741211,1.1399999856948853,0.018300000578165054,KRX_IDX_1001,KRW,INDEX
2022-01-14,12.479999542236328,1.1200000047683716,0.01860000006854534,KRX_IDX_1001,KRW,INDEX
2022-01-17,12.350000381469727,1.1100000143051147,0.018799999728798866,KRX_IDX_1001,KRW,INDEX
2022-01-18,12.229999542236328,1.100000023841858,0.01899999938905239,KRX_IDX_1001,KRW,INDEX
2022-01-19,12.140000343322754,1.090000033378601,0.019099999219179153,KRX_IDX_1001,KRW,INDEX
2022-01-20,12.229999542236328,1.100000023841858,0.01899999938905239,KRX_IDX_1001,KRW,INDEX
2022-01-21,12.109999656677246,1.090000033378601,0.019199999049305916,KRX_IDX_1001,KRW,INDEX
2022-01-24,11.930000305175781,1.0700000524520874,0.01940000057220459,KRX_IDX_1001,KRW,INDEX
2022-01-25,11.619999885559082,1.0399999618530271,0.0199999995529651,KRX_IDX_1001,KRW,INDEX
2022-01-26,11.569999694824219,1.0399999618530273,0.019999999552965164,KRX_IDX_1001,KRW,INDEX
2022-01-27,11.15999984741211,1.0,0.020800000056624413,KRX_IDX_1001,KRW,INDEX
2022-01-28,12.140000343322754,1.0800000429153442,0.019199999049305916,KRX_IDX_1001,KRW,INDEX
2022-02-03,12.34000015258789,1.100000023841858,0.018799999728798866,KRX_IDX_1001,KRW,INDEX
2022-02-04,12.529999732971191,1.1200000047683716,0.0186000000685453,KRX_IDX_1001,KRW,INDEX
2022-02-07,12.510000228881836,1.1200000047683716,0.01860000006854534,KRX_IDX_1001,KRW,INDEX
2022-02-08,12.520000457763672,1.1200000047683716,0.01860000006854534,KRX_IDX_1001,KRW,INDEX
2022-02-09,12.619999885559082,1.1299999952316284,0.0184000004082918,KRX_IDX_1001,KRW,INDEX
2022-02-10,12.640000343322754,1.1299999952316284,0.0184000004082918,KRX_IDX_1001,KRW,INDEX
2022-02-11,12.529999732971191,1.1200000047683716,0.01860000006854534,KRX_IDX_1001,KRW,INDEX
2022-02-14,12.329999923706056,1.100000023841858,0.0188999995589256,KRX_IDX_1001,KRW,INDEX
2022-02-15,12.199999809265137,1.090000033378601,0.0190999992191791,KRX_IDX_1001,KRW,INDEX
2022-02-16,12.4399995803833,1.1100000143051147,0.018699999898672104,KRX_IDX_1001,KRW,INDEX
2022-02-17,12.510000228881836,1.1200000047683716,0.01860000006854534,KRX_IDX_1001,KRW,INDEX
2022-02-18,12.510000228881836,1.1200000047683716,0.01860000006854534,KRX_IDX_1001,KRW,INDEX
2022-02-21,12.510000228881836,1.1200000047683716,0.0186000000685453,KRX_IDX_1001,KRW,INDEX
2022-02-22,12.34000015258789,1.100000023841858,0.018799999728798866,KRX_IDX_1001,KRW,INDEX
2022-02-23,12.390000343322754,1.1100000143051147,0.0187999997287988,KRX_IDX_1001,KRW,INDEX
2022-02-24,12.06999969482422,1.0800000429153442,0.0192999988794326,KRX_IDX_1001,KRW,INDEX
2022-02-25,12.199999809265137,1.090000033378601,0.0190999992191791,KRX_IDX_1001,KRW,INDEX
2022-02-28,12.31999969482422,1.100000023841858,0.0188999995589256,KRX_IDX_1001,KRW,INDEX
2022-03-02,12.34000015258789,1.100000023841858,0.0187999997287988,KRX_IDX_1001,KRW,INDEX
2022-03-03,12.539999961853027,1.1200000047683716,0.0185000002384185,KRX_IDX_1001,KRW,INDEX
2022-03-04,12.390000343322754,1.1100000143051147,0.0187999997287988,KRX_IDX_1001,KRW,INDEX
2022-03-07,12.100000381469728,1.0800000429153442,0.0191999990493059,KRX_IDX_1001,KRW,INDEX
2022-03-08,11.970000267028809,1.0700000524520874,0.0194000005722045,KRX_IDX_1001,KRW,INDEX
2022-03-10,12.229999542236328,1.090000033378601,0.01899999938905239,KRX_IDX_1001,KRW,INDEX
2022-03-11,12.149999618530273,1.0800000429153442,0.019099999219179153,KRX_IDX_1001,KRW,INDEX
2022-03-14,12.069999694824219,1.0800000429153442,0.019299998879432678,KRX_IDX_1001,KRW,INDEX
2022-03-15,11.970000267028809,1.0700000524520874,0.0194000005722045,KRX_IDX_1001,KRW,INDEX
2022-03-16,12.140000343322754,1.0800000429153442,0.0191999990493059,KRX_IDX_1001,KRW,INDEX
2022-03-17,12.300000190734863,1.100000023841858,0.0188999995589256,KRX_IDX_1001,KRW,INDEX
2022-03-18,12.359999656677246,1.100000023841858,0.0187999997287988,KRX_IDX_1001,KRW,INDEX
2022-03-21,12.260000228881836,1.090000033378601,0.0189999993890523,KRX_IDX_1001,KRW,INDEX
2022-03-22,12.369999885559082,1.100000023841858,0.0187999997287988,KRX_IDX_1001,KRW,INDEX
2022-03-23,12.479999542236328,1.1100000143051147,0.0186000000685453,KRX_IDX_1001,KRW,INDEX
2022-03-24,12.449999809265137,1.1100000143051147,0.018699999898672104,KRX_IDX_1001,KRW,INDEX
2022-03-25,12.460000038146973,1.1100000143051147,0.018699999898672104,KRX_IDX_1001,KRW,INDEX
2022-03-28,12.460000038146973,1.1100000143051147,0.018699999898672104,KRX_IDX_1001,KRW,INDEX
2022-03-29,12.510000228881836,1.1200000047683716,0.01860000006854534,KRX_IDX_1001,KRW,INDEX
2022-03-30,12.539999961853027,1.1200000047683716,0.01850000023841858,KRX_IDX_1001,KRW,INDEX
2022-03-31,12.579999923706055,1.1200000047683716,0.01850000023841858,KRX_IDX_1001,KRW,INDEX
2022-04-01,12.5,1.1200000047683716,0.01860000006854534,KRX_IDX_1001,KRW,INDEX
2022-04-04,12.59000015258789,1.1200000047683716,0.01850000023841858,KRX_IDX_1001,KRW,INDEX
2022-04-05,12.59000015258789,1.1200000047683716,0.0185000002384185,KRX_IDX_1001,KRW,INDEX
2022-04-06,12.479999542236328,1.1100000143051147,0.0186000000685453,KRX_IDX_1001,KRW,INDEX
2022-04-07,12.300000190734863,1.100000023841858,0.01889999955892563,KRX_IDX_1001,KRW,INDEX
2022-04-08,12.319999694824219,1.100000023841858,0.01889999955892563,KRX_IDX_1001,KRW,INDEX
2022-04-11,12.289999961853027,1.100000023841858,0.01889999955892563,KRX_IDX_1001,KRW,INDEX
2022-04-12,12.170000076293944,1.090000033378601,0.0190999992191791,KRX_IDX_1001,KRW,INDEX
2022-04-13,12.399999618530273,1.1100000143051147,0.018799999728798866,KRX_IDX_1001,KRW,INDEX
2022-04-14,12.399999618530273,1.1100000143051147,0.018799999728798866,KRX_IDX_1001,KRW,INDEX
2022-04-15,12.300000190734863,1.100000023841858,0.01889999955892563,KRX_IDX_1001,KRW,INDEX
2022-04-18,12.289999961853027,1.100000023841858,0.01889999955892563,KRX_IDX_1001,KRW,INDEX
2022-04-19,12.40999984741211,1.1100000143051147,0.018699999898672104,KRX_IDX_1001,KRW,INDEX
2022-04-20,12.40999984741211,1.1100000143051147,0.018699999898672104,KRX_IDX_1001,KRW,INDEX
2022-04-21,12.449999809265137,1.1100000143051147,0.018699999898672104,KRX_IDX_1001,KRW,INDEX
2022-04-22,12.34000015258789,1.100000023841858,0.0187999997287988,KRX_IDX_1001,KRW,INDEX
2022-04-25,12.119999885559082,1.0800000429153442,0.0191999990493059,KRX_IDX_1001,KRW,INDEX
2022-04-26,12.18000030517578,1.090000033378601,0.0190999992191791,KRX_IDX_1001,KRW,INDEX
2022-04-27,12.039999961853027,1.0700000524520874,0.019299998879432678,KRX_IDX_1001,KRW,INDEX
2022-04-28,12.170000076293944,1.090000033378601,0.0190999992191791,KRX_IDX_1001,KRW,INDEX
2022-04-29,12.300000190734863,1.100000023841858,0.0188999995589256,KRX_IDX_1001,KRW,INDEX
2022-05-02,11.130000114440918,1.0800000429153442,0.0185000002384185,KRX_IDX_1001,KRW,INDEX
2022-05-03,11.100000381469727,1.0700000524520874,0.01850000023841858,KRX_IDX_1001,KRW,INDEX
2022-05-04,11.09000015258789,1.0700000524520874,0.01850000023841858,KRX_IDX_1001,KRW,INDEX
2022-05-06,10.949999809265137,1.059999942779541,0.0187999997287988,KRX_IDX_1001,KRW,INDEX
2022-05-09,10.8100004196167,1.0499999523162842,0.0189999993890523,KRX_IDX_1001,KRW,INDEX
2022-05-10,10.75,1.0399999618530271,0.0190999992191791,KRX_IDX_1001,KRW,INDEX
2022-05-11,10.739999771118164,1.0399999618530271,0.0191999990493059,KRX_IDX_1001,KRW,INDEX
2022-05-12,10.5600004196167,1.0199999809265137,0.0195000004023313,KRX_IDX_1001,KRW,INDEX
2022-05-13,10.789999961853027,1.0399999618530271,0.0190999992191791,KRX_IDX_1001,KRW,INDEX
2022-05-16,10.75,1.0399999618530273,0.019099999219179153,KRX_IDX_1001,KRW,INDEX
2022-05-17,10.850000381469727,1.0499999523162842,0.01899999938905239,KRX_IDX_1001,KRW,INDEX
2022-05-18,10.869999885559082,1.0499999523162842,0.01889999955892563,KRX_IDX_1001,KRW,INDEX
2022-05-19,10.729999542236328,1.0399999618530271,0.0191999990493059,KRX_IDX_1001,KRW,INDEX
2022-05-20,10.930000305175781,1.059999942779541,0.018799999728798866,KRX_IDX_1001,KRW,INDEX
2022-05-23,10.960000038146973,1.059999942779541,0.018799999728798866,KRX_IDX_1001,KRW,INDEX
2022-05-24,10.789999961853027,1.0399999618530273,0.019099999219179153,KRX_IDX_1001,KRW,INDEX
2022-05-25,10.829999923706056,1.0499999523162842,0.0189999993890523,KRX_IDX_1001,KRW,INDEX
2022-05-26,10.8100004196167,1.0499999523162842,0.01899999938905239,KRX_IDX_1001,KRW,INDEX
2022-05-27,10.920000076293945,1.059999942779541,0.018799999728798866,KRX_IDX_1001,KRW,INDEX
2022-05-30,11.050000190734863,1.0700000524520874,0.01860000006854534,KRX_IDX_1001,KRW,INDEX
2022-05-31,11.119999885559082,1.0800000429153442,0.01850000023841858,KRX_IDX_1001,KRW,INDEX
2022-06-02,11.010000228881836,1.059999942779541,0.0186999998986721,KRX_IDX_1001,KRW,INDEX
2022-06-03,11.0600004196167,1.0700000524520874,0.01860000006854534,KRX_IDX_1001,KRW,INDEX
2022-06-07,10.869999885559082,1.0499999523162842,0.01889999955892563,KRX_IDX_1001,KRW,INDEX
2022-06-08,10.869999885559082,1.0499999523162842,0.0188999995589256,KRX_IDX_1001,KRW,INDEX
2022-06-09,11.4399995803833,1.0399999618530273,0.01889999955892563,KRX_IDX_1001,KRW,INDEX
2022-06-10,11.3100004196167,1.0199999809265137,0.019099999219179153,KRX_IDX_1001,KRW,INDEX
2022-06-13,10.90999984741211,0.9900000095367432,0.0197999998927116,KRX_IDX_1001,KRW,INDEX
2022-06-14,10.859999656677246,0.9800000190734864,0.0198999997228384,KRX_IDX_1001,KRW,INDEX
2022-06-15,10.65999984741211,0.959999978542328,0.0202999990433454,KRX_IDX_1001,KRW,INDEX
2022-06-16,10.68000030517578,0.9700000286102296,0.0202999990433454,KRX_IDX_1001,KRW,INDEX
2022-06-17,10.630000114440918,0.9599999785423279,0.02029999904334545,KRX_IDX_1001,KRW,INDEX
2022-06-20,10.420000076293944,0.9399999976158142,0.0208000000566244,KRX_IDX_1001,KRW,INDEX
2022-06-21,10.5,0.949999988079071,0.0205999985337257,KRX_IDX_1001,KRW,INDEX
2022-06-22,10.210000038146973,0.9200000166893004,0.0211999993771314,KRX_IDX_1001,KRW,INDEX
2022-06-23,10.079999923706055,0.9100000262260437,0.0215000007301569,KRX_IDX_1001,KRW,INDEX
2022-06-24,10.3100004196167,0.9300000071525574,0.0209999997168779,KRX_IDX_1001,KRW,INDEX
2022-06-27,10.470000267028809,0.949999988079071,0.02070000022649765,KRX_IDX_1001,KRW,INDEX
2022-06-28,10.5600004196167,0.959999978542328,0.0204999987035989,KRX_IDX_1001,KRW,INDEX
2022-06-29,10.369999885559082,0.9399999976158142,0.0208999998867511,KRX_IDX_1001,KRW,INDEX
2022-06-30,10.170000076293944,0.9200000166893004,0.0213000010699033,KRX_IDX_1001,KRW,INDEX
2022-07-01,10.050000190734863,0.9100000262260436,0.0215000007301569,KRX_IDX_1001,KRW,INDEX
2022-07-04,10.029999732971191,0.9100000262260436,0.0216000005602836,KRX_IDX_1001,KRW,INDEX
2022-07-05,10.210000038146973,0.9200000166893004,0.0211999993771314,KRX_IDX_1001,KRW,INDEX
2022-07-06,9.989999771118164,0.8999999761581421,0.0217000003904104,KRX_IDX_1001,KRW,INDEX
2022-07-07,10.180000305175781,0.9200000166893005,0.021300001069903374,KRX_IDX_1001,KRW,INDEX
2022-07-08,10.25,0.9300000071525574,0.0210999995470047,KRX_IDX_1001,KRW,INDEX
2022-07-11,10.199999809265137,0.9200000166893004,0.0211999993771314,KRX_IDX_1001,KRW,INDEX
2022-07-12,10.109999656677246,0.9100000262260436,0.0214000009000301,KRX_IDX_1001,KRW,INDEX
2022-07-13,10.149999618530272,0.9200000166893004,0.0213000010699033,KRX_IDX_1001,KRW,INDEX
2022-07-14,10.130000114440918,0.9200000166893004,0.0214000009000301,KRX_IDX_1001,KRW,INDEX
2022-07-15,10.170000076293944,0.9200000166893004,0.0213000010699033,KRX_IDX_1001,KRW,INDEX
2022-07-18,10.359999656677246,0.9399999976158142,0.0208999998867511,KRX_IDX_1001,KRW,INDEX
2022-07-19,10.34000015258789,0.9399999976158142,0.0208999998867511,KRX_IDX_1001,KRW,INDEX
2022-07-20,10.40999984741211,0.9399999976158142,0.0208000000566244,KRX_IDX_1001,KRW,INDEX
2022-07-21,10.510000228881836,0.949999988079071,0.02059999853372574,KRX_IDX_1001,KRW,INDEX
2022-07-22,10.4399995803833,0.949999988079071,0.0207000002264976,KRX_IDX_1001,KRW,INDEX
2022-07-25,10.479999542236328,0.949999988079071,0.02059999853372574,KRX_IDX_1001,KRW,INDEX
2022-07-26,10.520000457763672,0.949999988079071,0.0205999985337257,KRX_IDX_1001,KRW,INDEX
2022-07-27,10.539999961853027,0.949999988079071,0.0204999987035989,KRX_IDX_1001,KRW,INDEX
2022-07-28,10.619999885559082,0.959999978542328,0.0203999988734722,KRX_IDX_1001,KRW,INDEX
2022-07-29,10.6899995803833,0.9700000286102296,0.0201999992132186,KRX_IDX_1001,KRW,INDEX
2022-08-01,10.6899995803833,0.9700000286102295,0.02019999921321869,KRX_IDX_1001,KRW,INDEX
2022-08-02,10.640000343322754,0.959999978542328,0.0202999990433454,KRX_IDX_1001,KRW,INDEX
2022-08-03,10.739999771118164,0.9700000286102296,0.0200999993830919,KRX_IDX_1001,KRW,INDEX
2022-08-04,10.789999961853027,0.9800000190734864,0.0200999993830919,KRX_IDX_1001,KRW,INDEX
2022-08-05,10.869999885559082,0.9800000190734863,0.019899999722838402,KRX_IDX_1001,KRW,INDEX
2022-08-08,10.880000114440918,0.9900000095367432,0.019899999722838402,KRX_IDX_1001,KRW,INDEX
2022-08-09,10.930000305175781,0.9900000095367432,0.01979999989271164,KRX_IDX_1001,KRW,INDEX
2022-08-10,10.829999923706055,0.9800000190734863,0.019999999552965164,KRX_IDX_1001,KRW,INDEX
2022-08-11,11.020000457763672,1.0,0.019600000232458115,KRX_IDX_1001,KRW,INDEX
2022-08-12,11.039999961853027,1.0,0.0196000002324581,KRX_IDX_1001,KRW,INDEX
2022-08-16,11.0600004196167,1.0,0.0196000002324581,KRX_IDX_1001,KRW,INDEX
2022-08-17,10.989999771118164,0.9900000095367432,0.0197000000625848,KRX_IDX_1001,KRW,INDEX
2022-08-18,10.949999809265137,0.9900000095367432,0.01979999989271164,KRX_IDX_1001,KRW,INDEX
2022-08-19,10.880000114440918,0.9900000095367432,0.0198999997228384,KRX_IDX_1001,KRW,INDEX
2022-08-22,10.75,0.9700000286102295,0.020099999383091927,KRX_IDX_1001,KRW,INDEX
2022-08-23,10.630000114440918,0.9599999785423279,0.02029999904334545,KRX_IDX_1001,KRW,INDEX
2022-08-24,10.6899995803833,0.9700000286102295,0.02019999921321869,KRX_IDX_1001,KRW,INDEX
2022-08-25,10.81999969482422,0.9800000190734864,0.0199999995529651,KRX_IDX_1001,KRW,INDEX
2022-08-26,10.829999923706055,0.9800000190734863,0.019999999552965164,KRX_IDX_1001,KRW,INDEX
2022-08-29,10.600000381469727,0.9599999785423279,0.020399998873472214,KRX_IDX_1001,KRW,INDEX
2022-08-30,10.699999809265137,0.9700000286102296,0.0201999992132186,KRX_IDX_1001,KRW,INDEX
2022-08-31,10.800000190734863,0.9800000190734863,0.019999999552965164,KRX_IDX_1001,KRW,INDEX
2022-09-01,10.550000190734863,0.949999988079071,0.020499998703598976,KRX_IDX_1001,KRW,INDEX
2022-09-02,10.520000457763672,0.949999988079071,0.02059999853372574,KRX_IDX_1001,KRW,INDEX
2022-09-05,10.489999771118164,0.949999988079071,0.02059999853372574,KRX_IDX_1001,KRW,INDEX
2022-09-06,10.520000457763672,0.949999988079071,0.02059999853372574,KRX_IDX_1001,KRW,INDEX
2022-09-07,10.369999885559082,0.9399999976158142,0.020899999886751175,KRX_IDX_1001,KRW,INDEX
2022-09-08,10.40999984741211,0.9399999976158142,0.020800000056624413,KRX_IDX_1001,KRW,INDEX
2022-09-13,10.699999809265137,0.9700000286102295,0.02019999921321869,KRX_IDX_1001,KRW,INDEX
2022-09-14,10.529999732971191,0.949999988079071,0.020499998703598976,KRX_IDX_1001,KRW,INDEX
2022-09-15,10.489999771118164,0.949999988079071,0.02059999853372574,KRX_IDX_1001,KRW,INDEX
2022-09-16,10.239999771118164,0.9200000166893005,0.020800000056624413,KRX_IDX_1001,KRW,INDEX
2022-09-19,10.130000114440918,0.9100000262260437,0.020999999716877937,KRX_IDX_1001,KRW,INDEX
2022-09-20,10.180000305175781,0.9200000166893005,0.020899999886751175,KRX_IDX_1001,KRW,INDEX
2022-09-21,10.09000015258789,0.9100000262260437,0.0210999995470047,KRX_IDX_1001,KRW,INDEX
2022-09-22,10.029999732971191,0.8999999761581421,0.0211999993771314,KRX_IDX_1001,KRW,INDEX
2022-09-23,9.84000015258789,0.8899999856948853,0.0216000005602836,KRX_IDX_1001,KRW,INDEX
2022-09-26,9.550000190734863,0.8600000143051147,0.0222999993711709,KRX_IDX_1001,KRW,INDEX
2022-09-27,9.5600004196167,0.8600000143051147,0.0222999993711709,KRX_IDX_1001,KRW,INDEX
2022-09-28,9.319999694824219,0.8399999737739563,0.02280000038444996,KRX_IDX_1001,KRW,INDEX
2022-09-29,9.329999923706055,0.8399999737739563,0.02280000038444996,KRX_IDX_1001,KRW,INDEX
2022-09-30,9.260000228881836,0.8299999833106995,0.0230000000447034,KRX_IDX_1001,KRW,INDEX
2022-10-04,9.5,0.8500000238418579,0.0223999992012977,KRX_IDX_1001,KRW,INDEX
2022-10-05,9.520000457763672,0.8600000143051147,0.0223999992012977,KRX_IDX_1001,KRW,INDEX
2022-10-06,9.619999885559082,0.8700000047683716,0.0220999997109174,KRX_IDX_1001,KRW,INDEX
2022-10-07,9.600000381469727,0.8600000143051147,0.022199999541044235,KRX_IDX_1001,KRW,INDEX
2022-10-11,9.420000076293944,0.8500000238418579,0.0226000007241964,KRX_IDX_1001,KRW,INDEX
2022-10-12,9.470000267028809,0.8500000238418579,0.0225000008940696,KRX_IDX_1001,KRW,INDEX
2022-10-13,9.300000190734863,0.8399999737739563,0.02290000021457672,KRX_IDX_1001,KRW,INDEX
2022-10-14,9.520000457763672,0.8600000143051147,0.0223999992012977,KRX_IDX_1001,KRW,INDEX
2022-10-17,9.550000190734863,0.8600000143051147,0.0222999993711709,KRX_IDX_1001,KRW,INDEX
2022-10-18,9.68000030517578,0.8700000047683716,0.0219999998807907,KRX_IDX_1001,KRW,INDEX
2022-10-19,9.619999885559082,0.8700000047683716,0.022099999710917473,KRX_IDX_1001,KRW,INDEX
2022-10-20,9.539999961853027,0.8600000143051147,0.022299999371170998,KRX_IDX_1001,KRW,INDEX
2022-10-21,9.520000457763672,0.8600000143051147,0.0223999992012977,KRX_IDX_1001,KRW,INDEX
2022-10-24,9.619999885559082,0.8700000047683716,0.0220999997109174,KRX_IDX_1001,KRW,INDEX
2022-10-25,9.619999885559082,0.8700000047683716,0.022099999710917473,KRX_IDX_1001,KRW,INDEX
2022-10-26,9.680000305175781,0.8700000047683716,0.02199999988079071,KRX_IDX_1001,KRW,INDEX
2022-10-27,9.850000381469727,0.8899999856948853,0.02160000056028366,KRX_IDX_1001,KRW,INDEX
2022-10-28,9.760000228881836,0.8799999952316284,0.0218000002205371,KRX_IDX_1001,KRW,INDEX
2022-10-31,9.869999885559082,0.8899999856948853,0.02160000056028366,KRX_IDX_1001,KRW,INDEX
2022-11-01,10.050000190734863,0.8999999761581421,0.021199999377131462,KRX_IDX_1001,KRW,INDEX
2022-11-02,10.0600004196167,0.9100000262260437,0.021199999377131462,KRX_IDX_1001,KRW,INDEX
2022-11-03,10.010000228881836,0.8999999761581421,0.021300001069903374,KRX_IDX_1001,KRW,INDEX
2022-11-04,10.100000381469727,0.9100000262260437,0.0210999995470047,KRX_IDX_1001,KRW,INDEX
2022-11-07,10.199999809265137,0.9200000166893004,0.0208999998867511,KRX_IDX_1001,KRW,INDEX
2022-11-08,10.31999969482422,0.9300000071525574,0.0207000002264976,KRX_IDX_1001,KRW,INDEX
2022-11-09,10.420000076293944,0.9399999976158142,0.0203999988734722,KRX_IDX_1001,KRW,INDEX
2022-11-10,10.329999923706056,0.9300000071525574,0.0205999985337257,KRX_IDX_1001,KRW,INDEX
2022-11-11,10.68000030517578,0.959999978542328,0.0199999995529651,KRX_IDX_1001,KRW,INDEX
2022-11-14,10.640000343322754,0.959999978542328,0.0199999995529651,KRX_IDX_1001,KRW,INDEX
2022-11-15,10.65999984741211,0.959999978542328,0.0199999995529651,KRX_IDX_1001,KRW,INDEX
2022-11-16,10.65999984741211,0.959999978542328,0.0199999995529651,KRX_IDX_1001,KRW,INDEX
2022-11-17,10.510000228881836,0.949999988079071,0.0202999990433454,KRX_IDX_1001,KRW,INDEX
2022-11-18,10.520000457763672,0.949999988079071,0.0202999990433454,KRX_IDX_1001,KRW,INDEX
2022-11-21,10.40999984741211,0.9399999976158142,0.0204999987035989,KRX_IDX_1001,KRW,INDEX
2022-11-22,10.350000381469728,0.9300000071525574,0.0205999985337257,KRX_IDX_1001,KRW,INDEX
2022-11-23,10.399999618530273,0.9399999976158142,0.020499998703598976,KRX_IDX_1001,KRW,INDEX
2022-11-24,10.5,0.949999988079071,0.02029999904334545,KRX_IDX_1001,KRW,INDEX
2022-11-25,10.489999771118164,0.949999988079071,0.0202999990433454,KRX_IDX_1001,KRW,INDEX
2022-11-28,10.359999656677246,0.9300000071525574,0.0205999985337257,KRX_IDX_1001,KRW,INDEX
2022-11-29,10.470000267028809,0.9399999976158142,0.0202999990433454,KRX_IDX_1001,KRW,INDEX
2022-11-30,10.640000343322754,0.959999978542328,0.0199999995529651,KRX_IDX_1001,KRW,INDEX
2022-12-01,10.670000076293944,0.959999978542328,0.0199999995529651,KRX_IDX_1001,KRW,INDEX
2022-12-02,10.470000267028809,0.9399999976158142,0.02029999904334545,KRX_IDX_1001,KRW,INDEX
2022-12-05,10.40999984741211,0.9399999976158142,0.0204999987035989,KRX_IDX_1001,KRW,INDEX
2022-12-06,10.289999961853027,0.9300000071525574,0.0207000002264976,KRX_IDX_1001,KRW,INDEX
2022-12-07,10.25,0.9200000166893004,0.0208000000566244,KRX_IDX_1001,KRW,INDEX
2022-12-08,10.199999809265137,0.9200000166893004,0.0208999998867511,KRX_IDX_1001,KRW,INDEX
2022-12-09,10.279999732971191,0.9300000071525574,0.0207000002264976,KRX_IDX_1001,KRW,INDEX
2022-12-12,10.210000038146973,0.9200000166893004,0.0208999998867511,KRX_IDX_1001,KRW,INDEX
2022-12-13,10.199999809265137,0.9200000166893004,0.0208999998867511,KRX_IDX_1001,KRW,INDEX
2022-12-14,10.329999923706056,0.9300000071525574,0.0205999985337257,KRX_IDX_1001,KRW,INDEX
2022-12-15,10.15999984741211,0.9200000166893004,0.0209999997168779,KRX_IDX_1001,KRW,INDEX
2022-12-16,11.390000343322754,0.8899999856948853,0.0209999997168779,KRX_IDX_1001,KRW,INDEX
2022-12-19,11.359999656677246,0.8799999952316284,0.0209999997168779,KRX_IDX_1001,KRW,INDEX
2022-12-20,11.260000228881836,0.8799999952316284,0.0211999993771314,KRX_IDX_1001,KRW,INDEX
2022-12-21,11.239999771118164,0.8799999952316284,0.021300001069903374,KRX_IDX_1001,KRW,INDEX
2022-12-22,11.380000114440918,0.8899999856948853,0.020999999716877937,KRX_IDX_1001,KRW,INDEX
2022-12-23,11.130000114440918,0.8700000047683716,0.021400000900030136,KRX_IDX_1001,KRW,INDEX
2022-12-26,11.140000343322754,0.8700000047683716,0.021400000900030136,KRX_IDX_1001,KRW,INDEX
2022-12-27,11.220000267028809,0.8799999952316284,0.021199999377131462,KRX_IDX_1001,KRW,INDEX
2022-12-28,10.970000267028809,0.8600000143051147,0.021700000390410423,KRX_IDX_1001,KRW,INDEX
2022-12-29,10.760000228881836,0.8399999737739563,0.022199999541044235,KRX_IDX_1001,KRW,INDEX
2023-01-02,10.699999809265137,0.8399999737739563,0.022299999371170998,KRX_IDX_1001,KRW,INDEX
2023-01-03,10.670000076293945,0.8299999833106995,0.022299999371170998,KRX_IDX_1001,KRW,INDEX
2023-01-04,10.850000381469727,0.8500000238418579,0.02199999988079071,KRX_IDX_1001,KRW,INDEX
2023-01-05,10.890000343322754,0.8500000238418579,0.021900000050663948,KRX_IDX_1001,KRW,INDEX
2023-01-06,11.020000457763672,0.8600000143051147,0.02160000056028366,KRX_IDX_1001,KRW,INDEX
2023-01-09,11.3100004196167,0.8799999952316284,0.0210999995470047,KRX_IDX_1001,KRW,INDEX
2023-01-10,11.3100004196167,0.8799999952316284,0.0210999995470047,KRX_IDX_1001,KRW,INDEX
2023-01-11,11.350000381469727,0.8899999856948853,0.020999999716877937,KRX_IDX_1001,KRW,INDEX
2023-01-12,11.380000114440918,0.8899999856948853,0.020899999886751175,KRX_IDX_1001,KRW,INDEX
2023-01-13,11.479999542236328,0.8999999761581421,0.020800000056624413,KRX_IDX_1001,KRW,INDEX
2023-01-16,11.550000190734863,0.8999999761581421,0.02059999853372574,KRX_IDX_1001,KRW,INDEX
2023-01-17,11.449999809265137,0.8999999761581421,0.0208000000566244,KRX_IDX_1001,KRW,INDEX
2023-01-18,11.390000343322754,0.8899999856948853,0.0208999998867511,KRX_IDX_1001,KRW,INDEX
2023-01-19,11.449999809265137,0.8999999761581421,0.0208000000566244,KRX_IDX_1001,KRW,INDEX
2023-01-20,11.529999732971191,0.8999999761581421,0.0207000002264976,KRX_IDX_1001,KRW,INDEX
2023-01-25,11.6899995803833,0.9100000262260436,0.0203999988734722,KRX_IDX_1001,KRW,INDEX
2023-01-26,11.890000343322754,0.9300000071525574,0.0199999995529651,KRX_IDX_1001,KRW,INDEX
2023-01-27,11.960000038146973,0.9399999976158142,0.0198999997228384,KRX_IDX_1001,KRW,INDEX
2023-01-30,11.8100004196167,0.9200000166893004,0.0201999992132186,KRX_IDX_1001,KRW,INDEX
2023-01-31,11.6899995803833,0.9100000262260436,0.0203999988734722,KRX_IDX_1001,KRW,INDEX
2023-02-01,11.8100004196167,0.9200000166893004,0.0201999992132186,KRX_IDX_1001,KRW,INDEX
2023-02-02,11.899999618530273,0.9300000071525574,0.019999999552965164,KRX_IDX_1001,KRW,INDEX
2023-02-03,11.960000038146973,0.9399999976158142,0.019899999722838402,KRX_IDX_1001,KRW,INDEX
2023-02-06,11.75,0.9200000166893004,0.0202999990433454,KRX_IDX_1001,KRW,INDEX
2023-02-07,11.8100004196167,0.9200000166893004,0.0201999992132186,KRX_IDX_1001,KRW,INDEX
2023-02-08,11.970000267028809,0.9399999976158142,0.0198999997228384,KRX_IDX_1001,KRW,INDEX
2023-02-09,11.960000038146973,0.9399999976158142,0.019899999722838402,KRX_IDX_1001,KRW,INDEX
2023-02-10,11.899999618530273,0.9300000071525574,0.019999999552965164,KRX_IDX_1001,KRW,INDEX
2023-02-13,11.819999694824219,0.9200000166893005,0.02019999921321869,KRX_IDX_1001,KRW,INDEX
2023-02-14,11.880000114440918,0.9300000071525574,0.020099999383091927,KRX_IDX_1001,KRW,INDEX
2023-02-15,11.699999809265137,0.9200000166893004,0.0203999988734722,KRX_IDX_1001,KRW,INDEX
2023-02-16,11.930000305175781,0.9300000071525574,0.019999999552965164,KRX_IDX_1001,KRW,INDEX
2023-02-17,11.8100004196167,0.9200000166893005,0.02019999921321869,KRX_IDX_1001,KRW,INDEX
2023-02-20,11.829999923706055,0.9300000071525574,0.020099999383091927,KRX_IDX_1001,KRW,INDEX
2023-02-21,11.880000114440918,0.9200000166893005,0.020099999383091927,KRX_IDX_1001,KRW,INDEX
2023-02-22,11.68000030517578,0.9100000262260436,0.0204999987035989,KRX_IDX_1001,KRW,INDEX
2023-02-23,11.789999961853027,0.9200000166893005,0.02029999904334545,KRX_IDX_1001,KRW,INDEX
2023-02-24,11.710000038146973,0.9100000262260436,0.0203999988734722,KRX_IDX_1001,KRW,INDEX
2023-02-27,11.609999656677246,0.8999999761581421,0.02059999853372574,KRX_IDX_1001,KRW,INDEX
2023-02-28,11.65999984741211,0.9100000262260436,0.0204999987035989,KRX_IDX_1001,KRW,INDEX
2023-03-02,11.729999542236328,0.9100000262260436,0.0203999988734722,KRX_IDX_1001,KRW,INDEX
2023-03-03,11.75,0.9100000262260436,0.0203999988734722,KRX_IDX_1001,KRW,INDEX
2023-03-06,11.899999618530272,0.9300000071525574,0.0200999993830919,KRX_IDX_1001,KRW,INDEX
2023-03-07,11.899999618530273,0.9300000071525574,0.020099999383091927,KRX_IDX_1001,KRW,INDEX
2023-03-08,11.75,0.9100000262260436,0.0203999988734722,KRX_IDX_1001,KRW,INDEX
2023-03-09,11.6899995803833,0.9100000262260436,0.0204999987035989,KRX_IDX_1001,KRW,INDEX
2023-03-10,11.56999969482422,0.8999999761581421,0.0207000002264976,KRX_IDX_1001,KRW,INDEX
2023-03-13,11.649999618530272,0.9100000262260436,0.0204999987035989,KRX_IDX_1001,KRW,INDEX
2023-03-14,11.350000381469727,0.8799999952316284,0.0210999995470047,KRX_IDX_1001,KRW,INDEX
2023-03-15,11.5,0.8899999856948853,0.0208000000566244,KRX_IDX_1001,KRW,INDEX
2023-03-16,11.489999771118164,0.8899999856948853,0.0208000000566244,KRX_IDX_1001,KRW,INDEX
2023-03-17,11.579999923706056,0.8999999761581421,0.0207000002264976,KRX_IDX_1001,KRW,INDEX
2023-03-20,11.5,0.8899999856948853,0.020800000056624413,KRX_IDX_1001,KRW,INDEX
2023-03-21,11.539999961853027,0.8999999761581421,0.02070000022649765,KRX_IDX_1001,KRW,INDEX
2023-03-22,11.670000076293944,0.9100000262260436,0.0204999987035989,KRX_IDX_1001,KRW,INDEX
2023-03-23,11.710000038146973,0.9100000262260436,0.0203999988734722,KRX_IDX_1001,KRW,INDEX
2023-03-24,11.65999984741211,0.9100000262260437,0.020499998703598976,KRX_IDX_1001,KRW,INDEX
2023-03-27,11.640000343322754,0.9100000262260436,0.0204999987035989,KRX_IDX_1001,KRW,INDEX
2023-03-28,11.760000228881836,0.9200000166893004,0.0202999990433454,KRX_IDX_1001,KRW,INDEX
2023-03-29,11.8100004196167,0.9200000166893004,0.0202999990433454,KRX_IDX_1001,KRW,INDEX
2023-03-30,11.850000381469727,0.9200000166893005,0.02019999921321869,KRX_IDX_1001,KRW,INDEX
2023-03-31,11.970000267028809,0.9300000071525574,0.019999999552965164,KRX_IDX_1001,KRW,INDEX
2023-04-03,11.960000038146973,0.9300000071525574,0.019999999552965164,KRX_IDX_1001,KRW,INDEX
2023-04-04,12.0,0.9300000071525574,0.0198999997228384,KRX_IDX_1001,KRW,INDEX
2023-04-05,12.069999694824219,0.9399999976158142,0.01979999989271164,KRX_IDX_1001,KRW,INDEX
2023-04-06,11.890000343322754,0.9300000071525574,0.0200999993830919,KRX_IDX_1001,KRW,INDEX
2023-04-07,12.039999961853027,0.9399999976158142,0.01979999989271164,KRX_IDX_1001,KRW,INDEX
2023-04-10,12.149999618530272,0.949999988079071,0.0197000000625848,KRX_IDX_1001,KRW,INDEX
2023-04-11,12.319999694824219,0.9599999785423279,0.01940000057220459,KRX_IDX_1001,KRW,INDEX
2023-04-12,12.329999923706056,0.959999978542328,0.0194000005722045,KRX_IDX_1001,KRW,INDEX
2023-04-13,12.390000343322754,0.959999978542328,0.0192999988794326,KRX_IDX_1001,KRW,INDEX
2023-04-14,12.43000030517578,0.9700000286102296,0.0191999990493059,KRX_IDX_1001,KRW,INDEX
2023-04-17,12.449999809265137,0.9700000286102295,0.019199999049305916,KRX_IDX_1001,KRW,INDEX
2023-04-18,12.430000305175781,0.9700000286102295,0.019199999049305916,KRX_IDX_1001,KRW,INDEX
2023-04-19,12.460000038146973,0.9700000286102295,0.019199999049305916,KRX_IDX_1001,KRW,INDEX
2023-04-20,12.399999618530273,0.9700000286102295,0.019299998879432678,KRX_IDX_1001,KRW,INDEX
2023-04-21,12.3100004196167,0.9599999785423279,0.01940000057220459,KRX_IDX_1001,KRW,INDEX
2023-04-24,12.210000038146973,0.949999988079071,0.0196000002324581,KRX_IDX_1001,KRW,INDEX
2023-04-25,12.079999923706055,0.9399999976158142,0.019899999722838402,KRX_IDX_1001,KRW,INDEX
2023-04-26,12.0600004196167,0.9399999976158142,0.019899999722838402,KRX_IDX_1001,KRW,INDEX
2023-04-27,12.109999656677246,0.9399999976158142,0.0197999998927116,KRX_IDX_1001,KRW,INDEX
2023-04-28,12.140000343322754,0.9399999976158142,0.0197999998927116,KRX_IDX_1001,KRW,INDEX
2023-05-02,13.300000190734863,0.9599999785423279,0.019700000062584877,KRX_IDX_1001,KRW,INDEX
2023-05-03,13.18000030517578,0.949999988079071,0.0198999997228384,KRX_IDX_1001,KRW,INDEX
2023-05-04,13.170000076293944,0.949999988079071,0.0198999997228384,KRX_IDX_1001,KRW,INDEX
2023-05-08,13.239999771118164,0.9599999785423279,0.01979999989271164,KRX_IDX_1001,KRW,INDEX
2023-05-09,13.220000267028809,0.959999978542328,0.0197999998927116,KRX_IDX_1001,KRW,INDEX
2023-05-10,13.149999618530273,0.949999988079071,0.019899999722838402,KRX_IDX_1001,KRW,INDEX
2023-05-11,13.119999885559082,0.949999988079071,0.019899999722838402,KRX_IDX_1001,KRW,INDEX
2023-05-12,13.039999961853027,0.9399999976158142,0.0200999993830919,KRX_IDX_1001,KRW,INDEX
2023-05-15,13.0600004196167,0.9399999976158142,0.019999999552965164,KRX_IDX_1001,KRW,INDEX
2023-05-16,13.0600004196167,0.949999988079071,0.019999999552965164,KRX_IDX_1001,KRW,INDEX
2023-05-17,13.140000343322754,0.949999988079071,0.019899999722838402,KRX_IDX_1001,KRW,INDEX
2023-05-18,13.25,0.9599999785423279,0.019700000062584877,KRX_IDX_1001,KRW,INDEX
2023-05-19,13.369999885559082,0.9700000286102296,0.0196000002324581,KRX_IDX_1001,KRW,INDEX
2023-05-22,13.470000267028809,0.9700000286102296,0.0194000005722045,KRX_IDX_1001,KRW,INDEX
2023-05-23,13.529999732971191,0.9800000190734864,0.0192999988794326,KRX_IDX_1001,KRW,INDEX
2023-05-24,13.529999732971191,0.9800000190734863,0.019299998879432678,KRX_IDX_1001,KRW,INDEX
2023-05-25,13.460000038146973,0.9700000286102295,0.01940000057220459,KRX_IDX_1001,KRW,INDEX
2023-05-26,13.479999542236328,0.9800000190734863,0.01940000057220459,KRX_IDX_1001,KRW,INDEX
2023-05-30,13.619999885559082,0.9900000095367432,0.019199999049305916,KRX_IDX_1001,KRW,INDEX
2023-05-31,13.569999694824219,0.9800000190734863,0.019299998879432678,KRX_IDX_1001,KRW,INDEX
2023-06-01,13.520000457763672,0.9800000190734863,0.019299998879432678,KRX_IDX_1001,KRW,INDEX
2023-06-02,13.6899995803833,0.9900000095367432,0.0190999992191791,KRX_IDX_1001,KRW,INDEX
2023-06-05,13.760000228881836,1.0,0.0189999993890523,KRX_IDX_1001,KRW,INDEX
2023-06-07,13.760000228881836,1.0,0.0189999993890523,KRX_IDX_1001,KRW,INDEX
2023-06-08,13.739999771118164,0.9900000095367432,0.01899999938905239,KRX_IDX_1001,KRW,INDEX
2023-06-09,16.149999618530273,0.9700000286102296,0.0187999997287988,KRX_IDX_1001,KRW,INDEX
2023-06-12,16.06999969482422,0.959999978542328,0.0188999995589256,KRX_IDX_1001,KRW,INDEX
2023-06-13,16.149999618530273,0.9700000286102296,0.0187999997287988,KRX_IDX_1001,KRW,INDEX
2023-06-14,16.030000686645508,0.9599999785423279,0.01899999938905239,KRX_IDX_1001,KRW,INDEX
2023-06-15,15.970000267028809,0.949999988079071,0.01899999938905239,KRX_IDX_1001,KRW,INDEX
2023-06-16,16.06999969482422,0.959999978542328,0.0188999995589256,KRX_IDX_1001,KRW,INDEX
2023-06-19,15.970000267028809,0.949999988079071,0.0189999993890523,KRX_IDX_1001,KRW,INDEX
2023-06-20,15.930000305175781,0.949999988079071,0.019099999219179153,KRX_IDX_1001,KRW,INDEX
2023-06-21,15.800000190734863,0.949999988079071,0.019199999049305916,KRX_IDX_1001,KRW,INDEX
2023-06-22,15.869999885559082,0.949999988079071,0.0190999992191791,KRX_IDX_1001,KRW,INDEX
2023-06-23,15.720000267028809,0.9399999976158142,0.0192999988794326,KRX_IDX_1001,KRW,INDEX
2023-06-26,15.800000190734863,0.949999988079071,0.019199999049305916,KRX_IDX_1001,KRW,INDEX
2023-06-27,15.789999961853027,0.9399999976158142,0.0191999990493059,KRX_IDX_1001,KRW,INDEX
2023-06-28,15.6899995803833,0.9399999976158142,0.0194000005722045,KRX_IDX_1001,KRW,INDEX
2023-06-29,15.600000381469727,0.9300000071525574,0.019500000402331352,KRX_IDX_1001,KRW,INDEX
2023-06-30,15.6899995803833,0.9399999976158142,0.0194000005722045,KRX_IDX_1001,KRW,INDEX
2023-07-03,15.920000076293945,0.949999988079071,0.019099999219179153,KRX_IDX_1001,KRW,INDEX
2023-07-04,15.869999885559082,0.949999988079071,0.019099999219179153,KRX_IDX_1001,KRW,INDEX
2023-07-05,15.779999732971191,0.9399999976158142,0.019199999049305916,KRX_IDX_1001,KRW,INDEX
2023-07-06,15.640000343322754,0.9399999976158142,0.01940000057220459,KRX_IDX_1001,KRW,INDEX
2023-07-07,15.460000038146973,0.9200000166893005,0.019600000232458115,KRX_IDX_1001,KRW,INDEX
2023-07-10,15.420000076293944,0.9200000166893004,0.0197000000625848,KRX_IDX_1001,KRW,INDEX
2023-07-11,15.680000305175781,0.9399999976158142,0.01940000057220459,KRX_IDX_1001,KRW,INDEX
2023-07-12,15.760000228881836,0.9399999976158142,0.0192999988794326,KRX_IDX_1001,KRW,INDEX
2023-07-13,15.850000381469728,0.949999988079071,0.0190999992191791,KRX_IDX_1001,KRW,INDEX
2023-07-14,16.079999923706055,0.9599999785423279,0.01889999955892563,KRX_IDX_1001,KRW,INDEX
2023-07-17,16.030000686645508,0.9599999785423279,0.01889999955892563,KRX_IDX_1001,KRW,INDEX
2023-07-18,15.960000038146973,0.949999988079071,0.0189999993890523,KRX_IDX_1001,KRW,INDEX
2023-07-19,15.960000038146973,0.949999988079071,0.01899999938905239,KRX_IDX_1001,KRW,INDEX
2023-07-20,15.90999984741211,0.949999988079071,0.0190999992191791,KRX_IDX_1001,KRW,INDEX
2023-07-21,15.970000267028809,0.959999978542328,0.0189999993890523,KRX_IDX_1001,KRW,INDEX
2023-07-24,16.09000015258789,0.959999978542328,0.0188999995589256,KRX_IDX_1001,KRW,INDEX
2023-07-25,16.139999389648438,0.9700000286102296,0.0187999997287988,KRX_IDX_1001,KRW,INDEX
2023-07-26,15.869999885559082,0.949999988079071,0.019099999219179153,KRX_IDX_1001,KRW,INDEX
2023-07-27,15.9399995803833,0.949999988079071,0.0189999993890523,KRX_IDX_1001,KRW,INDEX
2023-07-28,15.970000267028809,0.9599999785423279,0.01899999938905239,KRX_IDX_1001,KRW,INDEX
2023-07-31,16.1200008392334,0.959999978542328,0.0187999997287988,KRX_IDX_1001,KRW,INDEX
2023-08-01,16.329999923706055,0.9800000190734863,0.01860000006854534,KRX_IDX_1001,KRW,INDEX
2023-08-02,16.020000457763672,0.9599999785423279,0.01899999938905239,KRX_IDX_1001,KRW,INDEX
2023-08-03,15.960000038146973,0.949999988079071,0.01899999938905239,KRX_IDX_1001,KRW,INDEX
2023-08-04,15.949999809265137,0.949999988079071,0.01899999938905239,KRX_IDX_1001,KRW,INDEX
2023-08-07,15.8100004196167,0.949999988079071,0.0191999990493059,KRX_IDX_1001,KRW,INDEX
2023-08-08,15.770000457763672,0.9399999976158142,0.019299998879432678,KRX_IDX_1001,KRW,INDEX
2023-08-09,15.960000038146973,0.959999978542328,0.0189999993890523,KRX_IDX_1001,KRW,INDEX
2023-08-10,15.9399995803833,0.949999988079071,0.01899999938905239,KRX_IDX_1001,KRW,INDEX
2023-08-11,15.880000114440918,0.949999988079071,0.019099999219179153,KRX_IDX_1001,KRW,INDEX
2023-08-14,15.75,0.9399999976158142,0.019299998879432678,KRX_IDX_1001,KRW,INDEX
2023-08-16,15.460000038146973,0.9300000071525574,0.0196000002324581,KRX_IDX_1001,KRW,INDEX
2023-08-17,15.430000305175781,0.9200000166893005,0.019700000062584877,KRX_IDX_1001,KRW,INDEX
2023-08-18,15.329999923706056,0.9200000166893004,0.0197999998927116,KRX_IDX_1001,KRW,INDEX
2023-08-21,15.359999656677246,0.9200000166893005,0.01979999989271164,KRX_IDX_1001,KRW,INDEX
2023-08-22,15.390000343322754,0.9200000166893004,0.0197000000625848,KRX_IDX_1001,KRW,INDEX
2023-08-23,15.329999923706055,0.9200000166893005,0.01979999989271164,KRX_IDX_1001,KRW,INDEX
2023-08-24,15.520000457763672,0.9300000071525574,0.0195000004023313,KRX_IDX_1001,KRW,INDEX
2023-08-25,15.40999984741211,0.9200000166893005,0.019700000062584877,KRX_IDX_1001,KRW,INDEX
2023-08-28,15.5600004196167,0.9300000071525574,0.019500000402331352,KRX_IDX_1001,KRW,INDEX
2023-08-29,15.609999656677246,0.9399999976158142,0.01940000057220459,KRX_IDX_1001,KRW,INDEX
2023-08-30,15.670000076293945,0.9399999976158142,0.019299998879432678,KRX_IDX_1001,KRW,INDEX
2023-08-31,15.640000343322754,0.9399999976158142,0.0194000005722045,KRX_IDX_1001,KRW,INDEX
2023-09-01,15.680000305175781,0.9399999976158142,0.019299998879432678,KRX_IDX_1001,KRW,INDEX
2023-09-04,15.8100004196167,0.949999988079071,0.019199999049305916,KRX_IDX_1001,KRW,INDEX
2023-09-05,15.800000190734863,0.949999988079071,0.0191999990493059,KRX_IDX_1001,KRW,INDEX
2023-09-06,15.68000030517578,0.9399999976158142,0.0192999988794326,KRX_IDX_1001,KRW,INDEX
2023-09-07,15.59000015258789,0.9300000071525574,0.0194000005722045,KRX_IDX_1001,KRW,INDEX
2023-09-08,15.59000015258789,0.9300000071525574,0.0194000005722045,KRX_IDX_1001,KRW,INDEX
2023-09-11,15.640000343322754,0.9399999976158142,0.0194000005722045,KRX_IDX_1001,KRW,INDEX
2023-09-12,15.520000457763672,0.9300000071525574,0.0195000004023313,KRX_IDX_1001,KRW,INDEX
2023-09-13,15.510000228881836,0.9300000071525574,0.0195000004023313,KRX_IDX_1001,KRW,INDEX
2023-09-14,15.739999771118164,0.9399999976158142,0.0192999988794326,KRX_IDX_1001,KRW,INDEX
2023-09-15,15.920000076293945,0.949999988079071,0.01899999938905239,KRX_IDX_1001,KRW,INDEX
2023-09-18,15.760000228881836,0.9399999976158142,0.019199999049305916,KRX_IDX_1001,KRW,INDEX
2023-09-19,19.149999618530273,0.9300000071525574,0.019299998879432678,KRX_IDX_1001,KRW,INDEX
2023-09-20,19.149999618530273,0.9300000071525574,0.019299998879432678,KRX_IDX_1001,KRW,INDEX
2023-09-21,18.81999969482422,0.9100000262260436,0.0197000000625848,KRX_IDX_1001,KRW,INDEX
2023-09-22,18.780000686645508,0.9100000262260437,0.019700000062584877,KRX_IDX_1001,KRW,INDEX
2023-09-25,18.690000534057617,0.8999999761581421,0.01979999989271164,KRX_IDX_1001,KRW,INDEX
2023-09-26,18.43000030517578,0.8899999856948853,0.020099999383091927,KRX_IDX_1001,KRW,INDEX
2023-09-27,18.450000762939453,0.8899999856948853,0.019999999552965164,KRX_IDX_1001,KRW,INDEX
2023-10-04,18.0,0.8700000047683716,0.0204999987035989,KRX_IDX_1001,KRW,INDEX
2023-10-05,17.989999771118164,0.8700000047683716,0.02059999853372574,KRX_IDX_1001,KRW,INDEX
2023-10-06,18.06999969482422,0.8700000047683716,0.020499998703598976,KRX_IDX_1001,KRW,INDEX
2023-10-10,18.020000457763672,0.8700000047683716,0.0204999987035989,KRX_IDX_1001,KRW,INDEX
2023-10-11,18.3799991607666,0.8899999856948853,0.020099999383091927,KRX_IDX_1001,KRW,INDEX
2023-10-12,18.600000381469727,0.8999999761581421,0.019899999722838402,KRX_IDX_1001,KRW,INDEX
2023-10-13,18.43000030517578,0.8899999856948853,0.020099999383091927,KRX_IDX_1001,KRW,INDEX
2023-10-16,18.280000686645508,0.8799999952316284,0.0201999992132186,KRX_IDX_1001,KRW,INDEX
2023-10-17,18.459999084472656,0.8899999856948853,0.0199999995529651,KRX_IDX_1001,KRW,INDEX
2023-10-18,18.479999542236328,0.8899999856948853,0.0199999995529651,KRX_IDX_1001,KRW,INDEX
2023-10-19,18.1200008392334,0.8799999952316284,0.0203999988734722,KRX_IDX_1001,KRW,INDEX
2023-10-20,17.81999969482422,0.8600000143051147,0.0208000000566244,KRX_IDX_1001,KRW,INDEX
2023-10-23,17.68000030517578,0.8600000143051147,0.020899999886751175,KRX_IDX_1001,KRW,INDEX
2023-10-24,17.8799991607666,0.8700000047683716,0.02070000022649765,KRX_IDX_1001,KRW,INDEX
2023-10-25,17.719999313354492,0.8600000143051147,0.020899999886751175,KRX_IDX_1001,KRW,INDEX
2023-10-26,17.239999771118164,0.8299999833106995,0.0215000007301569,KRX_IDX_1001,KRW,INDEX
2023-10-27,17.270000457763672,0.8399999737739563,0.021400000900030136,KRX_IDX_1001,KRW,INDEX
2023-10-30,17.329999923706055,0.8399999737739563,0.0213000010699033,KRX_IDX_1001,KRW,INDEX
2023-10-31,17.079999923706055,0.8299999833106995,0.02160000056028366,KRX_IDX_1001,KRW,INDEX
2023-11-01,17.260000228881836,0.8399999737739563,0.021400000900030136,KRX_IDX_1001,KRW,INDEX
2023-11-02,17.56999969482422,0.8500000238418579,0.020999999716877937,KRX_IDX_1001,KRW,INDEX
2023-11-03,17.760000228881836,0.8600000143051147,0.0208000000566244,KRX_IDX_1001,KRW,INDEX
2023-11-06,18.780000686645508,0.9100000262260437,0.019700000062584877,KRX_IDX_1001,KRW,INDEX
2023-11-07,18.34000015258789,0.8899999856948853,0.0201999992132186,KRX_IDX_1001,KRW,INDEX
2023-11-08,18.170000076293945,0.8799999952316284,0.0203999988734722,KRX_IDX_1001,KRW,INDEX
2023-11-09,18.209999084472656,0.8799999952316284,0.02029999904334545,KRX_IDX_1001,KRW,INDEX
2023-11-10,18.110000610351562,0.8799999952316284,0.020399998873472214,KRX_IDX_1001,KRW,INDEX
2023-11-13,18.059999465942383,0.8700000047683716,0.020499998703598976,KRX_IDX_1001,KRW,INDEX
2023-11-14,18.290000915527344,0.8899999856948853,0.02019999921321869,KRX_IDX_1001,KRW,INDEX
2023-11-15,18.690000534057617,0.8999999761581421,0.0197999998927116,KRX_IDX_1001,KRW,INDEX
2023-11-16,18.700000762939453,0.9100000262260437,0.01979999989271164,KRX_IDX_1001,KRW,INDEX
2023-11-17,18.559999465942383,0.8999999761581421,0.0198999997228384,KRX_IDX_1001,KRW,INDEX
2023-11-20,18.75,0.9100000262260436,0.0197000000625848,KRX_IDX_1001,KRW,INDEX
2023-11-21,18.89999961853028,0.9100000262260436,0.0196000002324581,KRX_IDX_1001,KRW,INDEX
2023-11-22,18.90999984741211,0.9200000166893004,0.0196000002324581,KRX_IDX_1001,KRW,INDEX
2023-11-23,18.93000030517578,0.9200000166893005,0.019500000402331352,KRX_IDX_1001,KRW,INDEX
2023-11-24,18.790000915527344,0.9100000262260436,0.0197000000625848,KRX_IDX_1001,KRW,INDEX
2023-11-27,18.790000915527344,0.9100000262260437,0.019700000062584877,KRX_IDX_1001,KRW,INDEX
2023-11-28,18.979999542236328,0.9200000166893005,0.019500000402331352,KRX_IDX_1001,KRW,INDEX
2023-11-29,18.969999313354492,0.9200000166893005,0.019500000402331352,KRX_IDX_1001,KRW,INDEX
2023-11-30,19.09000015258789,0.9200000166893004,0.0194000005722045,KRX_IDX_1001,KRW,INDEX
2023-12-01,18.86000061035156,0.9100000262260436,0.0196000002324581,KRX_IDX_1001,KRW,INDEX
2023-12-04,18.93000030517578,0.9200000166893004,0.0195000004023313,KRX_IDX_1001,KRW,INDEX
2023-12-05,18.770000457763672,0.9100000262260436,0.0197000000625848,KRX_IDX_1001,KRW,INDEX
2023-12-06,18.780000686645508,0.9100000262260436,0.0197000000625848,KRX_IDX_1001,KRW,INDEX
2023-12-07,18.76000022888184,0.9100000262260436,0.0197000000625848,KRX_IDX_1001,KRW,INDEX
2023-12-08,18.950000762939453,0.9200000166893004,0.0195000004023313,KRX_IDX_1001,KRW,INDEX
2023-12-11,19.01000022888184,0.9200000166893004,0.0194000005722045,KRX_IDX_1001,KRW,INDEX
2023-12-12,19.07999992370605,0.9200000166893004,0.0194000005722045,KRX_IDX_1001,KRW,INDEX
2023-12-13,18.899999618530277,0.9100000262260436,0.0196000002324581,KRX_IDX_1001,KRW,INDEX
2023-12-14,19.149999618530277,0.9300000071525574,0.0192999988794326,KRX_IDX_1001,KRW,INDEX
2023-12-15,19.43000030517578,0.9399999976158142,0.01899999938905239,KRX_IDX_1001,KRW,INDEX
2023-12-18,19.459999084472656,0.9399999976158142,0.0189999993890523,KRX_IDX_1001,KRW,INDEX
2023-12-19,19.469999313354492,0.9399999976158142,0.01899999938905239,KRX_IDX_1001,KRW,INDEX
2023-12-20,19.040000915527344,0.9399999976158142,0.018699999898672104,KRX_IDX_1001,KRW,INDEX
2023-12-21,18.940000534057617,0.9300000071525574,0.018799999728798866,KRX_IDX_1001,KRW,INDEX
2023-12-22,18.93000030517578,0.9300000071525574,0.018799999728798866,KRX_IDX_1001,KRW,INDEX
2023-12-26,18.96999931335449,0.9399999976158142,0.0186999998986721,KRX_IDX_1001,KRW,INDEX
2023-12-27,19.059999465942383,0.9399999976158142,0.01860000006854534,KRX_IDX_1001,KRW,INDEX
2023-12-28,19.36000061035156,0.959999978542328,0.018300000578165,KRX_IDX_1001,KRW,INDEX
2024-01-02,19.559999465942383,0.9700000286102296,0.0180999990552663,KRX_IDX_1001,KRW,INDEX
2024-01-03,19.100000381469727,0.9399999976158142,0.0186000000685453,KRX_IDX_1001,KRW,INDEX
2024-01-04,18.950000762939453,0.9399999976158142,0.018699999898672104,KRX_IDX_1001,KRW,INDEX
2024-01-05,18.8799991607666,0.9300000071525574,0.0187999997287988,KRX_IDX_1001,KRW,INDEX
2024-01-08,18.809999465942383,0.9300000071525574,0.01889999955892563,KRX_IDX_1001,KRW,INDEX
2024-01-09,18.760000228881836,0.9300000071525574,0.01889999955892563,KRX_IDX_1001,KRW,INDEX
2024-01-10,18.6200008392334,0.9200000166893004,0.0190999992191791,KRX_IDX_1001,KRW,INDEX
2024-01-11,18.600000381469727,0.9200000166893004,0.0190999992191791,KRX_IDX_1001,KRW,INDEX
2024-01-12,18.489999771118164,0.9100000262260436,0.0191999990493059,KRX_IDX_1001,KRW,INDEX
2024-01-15,18.489999771118164,0.9100000262260436,0.0191999990493059,KRX_IDX_1001,KRW,INDEX
2024-01-16,18.280000686645508,0.8999999761581421,0.0194000005722045,KRX_IDX_1001,KRW,INDEX
2024-01-17,17.829999923706055,0.8799999952316284,0.019899999722838402,KRX_IDX_1001,KRW,INDEX
2024-01-18,17.860000610351562,0.8799999952316284,0.019899999722838402,KRX_IDX_1001,KRW,INDEX
2024-01-19,18.100000381469727,0.8899999856948853,0.0196000002324581,KRX_IDX_1001,KRW,INDEX
2024-01-22,18.040000915527344,0.8899999856948853,0.0197000000625848,KRX_IDX_1001,KRW,INDEX
2024-01-23,18.14999961853028,0.8999999761581421,0.0196000002324581,KRX_IDX_1001,KRW,INDEX
2024-01-24,18.07999992370605,0.8899999856948853,0.0196000002324581,KRX_IDX_1001,KRW,INDEX
2024-01-25,18.100000381469727,0.8899999856948853,0.019600000232458115,KRX_IDX_1001,KRW,INDEX
2024-01-26,18.15999984741211,0.8999999761581421,0.019500000402331352,KRX_IDX_1001,KRW,INDEX
2024-01-29,18.350000381469727,0.9100000262260436,0.0192999988794326,KRX_IDX_1001,KRW,INDEX
2024-01-30,18.34000015258789,0.9100000262260436,0.0192999988794326,KRX_IDX_1001,KRW,INDEX
2024-01-31,18.329999923706055,0.9100000262260437,0.019299998879432678,KRX_IDX_1001,KRW,INDEX
2024-02-01,18.670000076293945,0.9200000166893005,0.01899999938905239,KRX_IDX_1001,KRW,INDEX
2024-02-02,19.200000762939453,0.949999988079071,0.01850000023841858,KRX_IDX_1001,KRW,INDEX
2024-02-05,19.030000686645508,0.9399999976158142,0.01860000006854534,KRX_IDX_1001,KRW,INDEX
2024-02-06,18.920000076293945,0.9399999976158142,0.0186999998986721,KRX_IDX_1001,KRW,INDEX
2024-02-07,19.15999984741211,0.949999988079071,0.01850000023841858,KRX_IDX_1001,KRW,INDEX
2024-02-08,19.239999771118164,0.949999988079071,0.0184000004082918,KRX_IDX_1001,KRW,INDEX
2024-02-13,19.459999084472656,0.959999978542328,0.0182000007480382,KRX_IDX_1001,KRW,INDEX
2024-02-14,19.239999771118164,0.949999988079071,0.018400000408291817,KRX_IDX_1001,KRW,INDEX
2024-02-15,19.190000534057617,0.949999988079071,0.01850000023841858,KRX_IDX_1001,KRW,INDEX
2024-02-16,19.450000762939453,0.9599999785423279,0.018200000748038292,KRX_IDX_1001,KRW,INDEX
2024-02-19,19.690000534057617,0.9700000286102295,0.017999999225139618,KRX_IDX_1001,KRW,INDEX
2024-02-20,19.520000457763672,0.9700000286102295,0.018200000748038292,KRX_IDX_1001,KRW,INDEX
2024-02-21,19.479999542236328,0.9599999785423279,0.018200000748038292,KRX_IDX_1001,KRW,INDEX
2024-02-22,19.559999465942383,0.9700000286102295,0.01809999905526638,KRX_IDX_1001,KRW,INDEX
2024-02-23,19.59000015258789,0.9700000286102295,0.01809999905526638,KRX_IDX_1001,KRW,INDEX
2024-02-26,19.440000534057617,0.9599999785423279,0.018200000748038292,KRX_IDX_1001,KRW,INDEX
2024-02-27,19.270000457763672,0.949999988079071,0.018400000408291817,KRX_IDX_1001,KRW,INDEX
2024-02-28,19.489999771118164,0.9599999785423279,0.018200000748038292,KRX_IDX_1001,KRW,INDEX
2024-02-29,19.420000076293945,0.9599999785423279,0.018300000578165054,KRX_IDX_1001,KRW,INDEX
2024-03-04,19.65999984741211,0.9700000286102296,0.0179999992251396,KRX_IDX_1001,KRW,INDEX
2024-03-05,19.479999542236328,0.959999978542328,0.0182000007480382,KRX_IDX_1001,KRW,INDEX
2024-03-06,19.40999984741211,0.9599999785423279,0.018300000578165054,KRX_IDX_1001,KRW,INDEX
2024-03-07,19.459999084472656,0.959999978542328,0.0182000007480382,KRX_IDX_1001,KRW,INDEX
2024-03-08,19.700000762939453,0.9700000286102296,0.0179999992251396,KRX_IDX_1001,KRW,INDEX
2024-03-11,19.540000915527344,0.9700000286102295,0.01809999905526638,KRX_IDX_1001,KRW,INDEX
2024-03-12,19.709999084472656,0.9700000286102295,0.017999999225139618,KRX_IDX_1001,KRW,INDEX
2024-03-13,19.790000915527344,0.9800000190734863,0.017899999395012856,KRX_IDX_1001,KRW,INDEX
2024-03-14,19.979999542236328,0.9900000095367432,0.01769999973475933,KRX_IDX_1001,KRW,INDEX
2024-03-15,19.600000381469727,0.9700000286102295,0.01809999905526638,KRX_IDX_1001,KRW,INDEX
2024-03-18,19.739999771118164,0.9800000190734863,0.017999999225139618,KRX_IDX_1001,KRW,INDEX
2024-03-19,19.520000457763672,0.9700000286102295,0.018200000748038292,KRX_IDX_1001,KRW,INDEX
2024-03-20,19.770000457763672,0.9800000190734863,0.017899999395012856,KRX_IDX_1001,KRW,INDEX
2024-03-21,20.270000457763672,1.0,0.017500000074505806,KRX_IDX_1001,KRW,INDEX
2024-03-22,20.21999931335449,1.0,0.0175999999046325,KRX_IDX_1001,KRW,INDEX
2024-03-25,20.13999938964844,1.0,0.0175999999046325,KRX_IDX_1001,KRW,INDEX
2024-03-26,20.280000686645508,1.0,0.0175000000745058,KRX_IDX_1001,KRW,INDEX
2024-03-27,20.270000457763672,1.0,0.0175000000745058,KRX_IDX_1001,KRW,INDEX
2024-03-28,20.200000762939453,1.0,0.0175999999046325,KRX_IDX_1001,KRW,INDEX
2024-03-29,20.209999084472656,1.0,0.0175999999046325,KRX_IDX_1001,KRW,INDEX
2024-04-01,20.209999084472656,1.0,0.0175999999046325,KRX_IDX_1001,KRW,INDEX
2024-04-02,20.25,1.0,0.0175000000745058,KRX_IDX_1001,KRW,INDEX
2024-04-03,19.90999984741211,0.9800000190734864,0.017799999564886,KRX_IDX_1001,KRW,INDEX
2024-04-04,20.170000076293945,1.0,0.0175999999046325,KRX_IDX_1001,KRW,INDEX
2024-04-05,19.959999084472656,0.9900000095367432,0.017799999564886,KRX_IDX_1001,KRW,INDEX
2024-04-08,19.979999542236328,0.9900000095367432,0.017799999564886093,KRX_IDX_1001,KRW,INDEX
2024-04-09,19.88999938964844,0.9800000190734864,0.017799999564886,KRX_IDX_1001,KRW,INDEX
2024-04-11,19.90999984741211,0.9800000190734864,0.017799999564886,KRX_IDX_1001,KRW,INDEX
2024-04-12,19.709999084472656,0.9800000190734863,0.017999999225139618,KRX_IDX_1001,KRW,INDEX
2024-04-15,19.6299991607666,0.9700000286102295,0.01809999905526638,KRX_IDX_1001,KRW,INDEX
2024-04-16,19.18000030517578,0.949999988079071,0.0185000002384185,KRX_IDX_1001,KRW,INDEX
2024-04-17,18.989999771118164,0.9399999976158142,0.0186999998986721,KRX_IDX_1001,KRW,INDEX
2024-04-18,19.36000061035156,0.959999978542328,0.018300000578165,KRX_IDX_1001,KRW,INDEX
2024-04-19,19.040000915527344,0.9399999976158142,0.0186000000685453,KRX_IDX_1001,KRW,INDEX
2024-04-22,19.31999969482422,0.959999978542328,0.0184000004082918,KRX_IDX_1001,KRW,INDEX
2024-04-23,19.270000457763672,0.949999988079071,0.0184000004082918,KRX_IDX_1001,KRW,INDEX
2024-04-24,19.65999984741211,0.9700000286102295,0.01809999905526638,KRX_IDX_1001,KRW,INDEX
2024-04-25,19.309999465942383,0.949999988079071,0.018400000408291817,KRX_IDX_1001,KRW,INDEX
2024-04-26,19.520000457763672,0.9700000286102296,0.0182000007480382,KRX_IDX_1001,KRW,INDEX
2024-04-29,19.75,0.9800000190734863,0.017999999225139618,KRX_IDX_1001,KRW,INDEX
2024-04-30,19.780000686645508,0.9800000190734863,0.017899999395012856,KRX_IDX_1001,KRW,INDEX
2024-05-02,20.700000762939453,0.9700000286102295,0.01860000006854534,KRX_IDX_1001,KRW,INDEX
2024-05-03,20.63999938964844,0.9700000286102296,0.0186000000685453,KRX_IDX_1001,KRW,INDEX
2024-05-07,21.09000015258789,0.9900000095367432,0.0182000007480382,KRX_IDX_1001,KRW,INDEX
2024-05-08,21.170000076293945,1.0,0.018200000748038292,KRX_IDX_1001,KRW,INDEX
2024-05-09,20.959999084472656,0.9900000095367432,0.018400000408291817,KRX_IDX_1001,KRW,INDEX
2024-05-10,21.059999465942383,0.9900000095367432,0.018300000578165054,KRX_IDX_1001,KRW,INDEX
2024-05-13,21.049999237060547,0.9900000095367432,0.018300000578165054,KRX_IDX_1001,KRW,INDEX
2024-05-14,21.06999969482422,0.9900000095367432,0.018300000578165054,KRX_IDX_1001,KRW,INDEX
2024-05-16,21.25,1.0,0.01809999905526638,KRX_IDX_1001,KRW,INDEX
2024-05-17,21.030000686645508,0.9900000095367432,0.018300000578165054,KRX_IDX_1001,KRW,INDEX
2024-05-20,21.15999984741211,1.0,0.0182000007480382,KRX_IDX_1001,KRW,INDEX
2024-05-21,21.020000457763672,0.9900000095367432,0.018300000578165,KRX_IDX_1001,KRW,INDEX
2024-05-22,21.020000457763672,0.9900000095367432,0.018300000578165054,KRX_IDX_1001,KRW,INDEX
2024-05-23,21.0,0.9900000095367432,0.018300000578165,KRX_IDX_1001,KRW,INDEX
2024-05-24,20.739999771118164,0.9800000190734864,0.0186000000685453,KRX_IDX_1001,KRW,INDEX
2024-05-27,21.01000022888184,0.9900000095367432,0.018300000578165,KRX_IDX_1001,KRW,INDEX
2024-05-28,21.01000022888184,0.9900000095367432,0.018300000578165,KRX_IDX_1001,KRW,INDEX
2024-05-29,20.65999984741211,0.9700000286102296,0.0186000000685453,KRX_IDX_1001,KRW,INDEX
2024-05-30,20.32999992370605,0.959999978542328,0.0188999995589256,KRX_IDX_1001,KRW,INDEX
2024-05-31,20.34000015258789,0.959999978542328,0.0188999995589256,KRX_IDX_1001,KRW,INDEX
2024-06-03,20.700000762939453,0.9700000286102296,0.0186000000685453,KRX_IDX_1001,KRW,INDEX
2024-06-04,20.540000915527344,0.9700000286102295,0.018699999898672104,KRX_IDX_1001,KRW,INDEX
2024-06-05,20.75,0.9800000190734863,0.01860000006854534,KRX_IDX_1001,KRW,INDEX
2024-06-07,21.01000022888184,0.9900000095367432,0.018300000578165,KRX_IDX_1001,KRW,INDEX
2024-06-10,20.84000015258789,0.9800000190734863,0.01850000023841858,KRX_IDX_1001,KRW,INDEX
2024-06-11,20.8700008392334,0.9800000190734863,0.018400000408291817,KRX_IDX_1001,KRW,INDEX
2024-06-12,21.049999237060547,0.9900000095367432,0.018300000578165,KRX_IDX_1001,KRW,INDEX
2024-06-13,21.26000022888184,1.0,0.0180999990552663,KRX_IDX_1001,KRW,INDEX
2024-06-14,21.290000915527344,1.0,0.0180999990552663,KRX_IDX_1001,KRW,INDEX
2024-06-17,18.38999938964844,0.9800000190734864,0.0182000007480382,KRX_IDX_1001,KRW,INDEX
2024-06-18,18.520000457763672,0.9900000095367432,0.0180999990552663,KRX_IDX_1001,KRW,INDEX
2024-06-19,18.75,1.0,0.017799999564886093,KRX_IDX_1001,KRW,INDEX
2024-06-20,18.809999465942383,1.0,0.017799999564886093,KRX_IDX_1001,KRW,INDEX
2024-06-21,18.65999984741211,1.0,0.0178999993950128,KRX_IDX_1001,KRW,INDEX
2024-06-24,18.520000457763672,0.9900000095367432,0.0179999992251396,KRX_IDX_1001,KRW,INDEX
2024-06-25,18.59000015258789,0.9900000095367432,0.017999999225139618,KRX_IDX_1001,KRW,INDEX
2024-06-26,18.709999084472656,1.0,0.017899999395012856,KRX_IDX_1001,KRW,INDEX
2024-06-27,18.65999984741211,1.0,0.017899999395012856,KRX_IDX_1001,KRW,INDEX
2024-06-28,18.75,1.0,0.017799999564886093,KRX_IDX_1001,KRW,INDEX
2024-07-01,18.790000915527344,1.0,0.017799999564886,KRX_IDX_1001,KRW,INDEX
2024-07-02,18.63999938964844,1.0,0.0178999993950128,KRX_IDX_1001,KRW,INDEX
2024-07-03,18.729999542236328,1.0,0.017799999564886093,KRX_IDX_1001,KRW,INDEX
2024-07-04,18.93000030517578,1.0099999904632568,0.01759999990463257,KRX_IDX_1001,KRW,INDEX
2024-07-05,19.190000534057617,1.0199999809265137,0.017400000244379044,KRX_IDX_1001,KRW,INDEX
2024-07-08,19.15999984741211,1.0199999809265137,0.017400000244379044,KRX_IDX_1001,KRW,INDEX
2024-07-09,19.229999542236328,1.0299999713897705,0.01730000041425228,KRX_IDX_1001,KRW,INDEX
2024-07-10,19.239999771118164,1.0299999713897705,0.01730000041425228,KRX_IDX_1001,KRW,INDEX
2024-07-11,19.399999618530277,1.0299999713897705,0.0172000005841255,KRX_IDX_1001,KRW,INDEX
2024-07-12,19.18000030517578,1.0199999809265137,0.017400000244379,KRX_IDX_1001,KRW,INDEX
2024-07-15,19.209999084472656,1.0299999713897705,0.017400000244379044,KRX_IDX_1001,KRW,INDEX
2024-07-16,19.25,1.0299999713897705,0.01730000041425228,KRX_IDX_1001,KRW,INDEX
2024-07-17,19.09000015258789,1.0199999809265137,0.017500000074505806,KRX_IDX_1001,KRW,INDEX
2024-07-18,18.959999084472656,1.0099999904632568,0.01759999990463257,KRX_IDX_1001,KRW,INDEX
2024-07-19,18.770000457763672,1.0,0.017799999564886,KRX_IDX_1001,KRW,INDEX
2024-07-22,18.549999237060547,0.9900000095367432,0.0179999992251396,KRX_IDX_1001,KRW,INDEX
2024-07-23,18.6299991607666,0.9900000095367432,0.017899999395012856,KRX_IDX_1001,KRW,INDEX
2024-07-24,18.520000457763672,0.9900000095367432,0.0179999992251396,KRX_IDX_1001,KRW,INDEX
2024-07-25,18.200000762939453,0.9700000286102296,0.018300000578165,KRX_IDX_1001,KRW,INDEX
2024-07-26,18.34000015258789,0.9800000190734864,0.0182000007480382,KRX_IDX_1001,KRW,INDEX
2024-07-29,18.56999969482422,0.9900000095367432,0.017999999225139618,KRX_IDX_1001,KRW,INDEX
2024-07-30,18.3799991607666,0.9800000190734863,0.01809999905526638,KRX_IDX_1001,KRW,INDEX
2024-07-31,18.600000381469727,0.9900000095367432,0.017899999395012856,KRX_IDX_1001,KRW,INDEX
2024-08-01,18.649999618530273,1.0,0.017899999395012856,KRX_IDX_1001,KRW,INDEX
2024-08-02,17.969999313354492,0.9599999785423279,0.01860000006854534,KRX_IDX_1001,KRW,INDEX
2024-08-05,16.389999389648438,0.8700000047683716,0.02029999904334545,KRX_IDX_1001,KRW,INDEX
2024-08-06,16.93000030517578,0.8999999761581421,0.019700000062584877,KRX_IDX_1001,KRW,INDEX
2024-08-07,17.239999771118164,0.9200000166893005,0.019299998879432678,KRX_IDX_1001,KRW,INDEX
2024-08-08,17.15999984741211,0.9200000166893004,0.0194000005722045,KRX_IDX_1001,KRW,INDEX
2024-08-09,17.3700008392334,0.9300000071525574,0.0191999990493059,KRX_IDX_1001,KRW,INDEX
2024-08-12,17.56999969482422,0.9399999976158142,0.0189999993890523,KRX_IDX_1001,KRW,INDEX
2024-08-13,17.600000381469727,0.9399999976158142,0.01889999955892563,KRX_IDX_1001,KRW,INDEX
2024-08-14,17.75,0.949999988079071,0.0187999997287988,KRX_IDX_1001,KRW,INDEX
2024-08-16,18.09000015258789,0.9700000286102295,0.018400000408291817,KRX_IDX_1001,KRW,INDEX
2024-08-19,17.940000534057617,0.9599999785423279,0.01860000006854534,KRX_IDX_1001,KRW,INDEX
2024-08-20,18.09000015258789,0.9700000286102296,0.0184000004082918,KRX_IDX_1001,KRW,INDEX
2024-08-21,18.1200008392334,0.9700000286102295,0.018400000408291817,KRX_IDX_1001,KRW,INDEX
2024-08-22,18.15999984741211,0.9700000286102296,0.018300000578165,KRX_IDX_1001,KRW,INDEX
2024-08-23,18.1200008392334,0.9700000286102296,0.0184000004082918,KRX_IDX_1001,KRW,INDEX
2024-08-26,18.09000015258789,0.9700000286102296,0.0184000004082918,KRX_IDX_1001,KRW,INDEX
2024-08-27,18.030000686645508,0.9599999785423279,0.01850000023841858,KRX_IDX_1001,KRW,INDEX
2024-08-28,18.040000915527344,0.9599999785423279,0.01850000023841858,KRX_IDX_1001,KRW,INDEX
2024-08-29,17.850000381469727,0.949999988079071,0.018699999898672104,KRX_IDX_1001,KRW,INDEX
2024-08-30,17.93000030517578,0.9599999785423279,0.01860000006854534,KRX_IDX_1001,KRW,INDEX
2024-09-02,17.979999542236328,0.9599999785423279,0.01850000023841858,KRX_IDX_1001,KRW,INDEX
2024-09-03,17.860000610351562,0.949999988079071,0.01860000006854534,KRX_IDX_1001,KRW,INDEX
2024-09-04,17.299999237060547,0.9200000166893004,0.0192999988794326,KRX_IDX_1001,KRW,INDEX
2024-09-05,17.260000228881836,0.9200000166893004,0.0192999988794326,KRX_IDX_1001,KRW,INDEX
2024-09-06,17.040000915527344,0.9100000262260436,0.0195000004023313,KRX_IDX_1001,KRW,INDEX
2024-09-09,16.989999771118164,0.9100000262260437,0.019600000232458115,KRX_IDX_1001,KRW,INDEX
2024-09-10,16.899999618530273,0.8999999761581421,0.0197000000625848,KRX_IDX_1001,KRW,INDEX
2024-09-11,16.829999923706055,0.8999999761581421,0.01979999989271164,KRX_IDX_1001,KRW,INDEX
2024-09-12,17.229999542236328,0.9200000166893004,0.0192999988794326,KRX_IDX_1001,KRW,INDEX
2024-09-13,17.25,0.9200000166893005,0.019299998879432678,KRX_IDX_1001,KRW,INDEX
2024-09-19,14.5,0.8999999761581421,0.019299998879432678,KRX_IDX_1001,KRW,INDEX
2024-09-20,14.579999923706056,0.9100000262260436,0.0191999990493059,KRX_IDX_1001,KRW,INDEX
2024-09-23,14.630000114440918,0.9100000262260436,0.0190999992191791,KRX_IDX_1001,KRW,INDEX
2024-09-24,14.789999961853027,0.9200000166893004,0.0188999995589256,KRX_IDX_1001,KRW,INDEX
2024-09-25,14.59000015258789,0.9100000262260437,0.019099999219179153,KRX_IDX_1001,KRW,INDEX
2024-09-26,15.020000457763672,0.9399999976158142,0.0186000000685453,KRX_IDX_1001,KRW,INDEX
2024-09-27,14.899999618530272,0.9300000071525574,0.0187999997287988,KRX_IDX_1001,KRW,INDEX
2024-09-30,14.579999923706056,0.9100000262260436,0.0191999990493059,KRX_IDX_1001,KRW,INDEX
2024-10-02,14.399999618530272,0.8999999761581421,0.0194000005722045,KRX_IDX_1001,KRW,INDEX
2024-10-04,14.4399995803833,0.8999999761581421,0.0192999988794326,KRX_IDX_1001,KRW,INDEX
2024-10-07,14.670000076293944,0.9100000262260436,0.0189999993890523,KRX_IDX_1001,KRW,INDEX
2024-10-08,14.579999923706056,0.9100000262260436,0.0190999992191791,KRX_IDX_1001,KRW,INDEX
2024-10-10,14.609999656677246,0.9100000262260437,0.019099999219179153,KRX_IDX_1001,KRW,INDEX
2024-10-11,14.600000381469728,0.9100000262260436,0.0190999992191791,KRX_IDX_1001,KRW,INDEX
2024-10-14,14.75,0.9200000166893005,0.01889999955892563,KRX_IDX_1001,KRW,INDEX
2024-10-15,14.800000190734863,0.9200000166893005,0.01889999955892563,KRX_IDX_1001,KRW,INDEX
2024-10-16,14.670000076293945,0.9100000262260437,0.01899999938905239,KRX_IDX_1001,KRW,INDEX
2024-10-17,14.670000076293945,0.9100000262260437,0.01899999938905239,KRX_IDX_1001,KRW,INDEX
2024-10-18,14.579999923706055,0.9100000262260437,0.019199999049305916,KRX_IDX_1001,KRW,INDEX
2024-10-21,14.640000343322754,0.9100000262260437,0.019099999219179153,KRX_IDX_1001,KRW,INDEX
2024-10-22,14.449999809265137,0.8999999761581421,0.0192999988794326,KRX_IDX_1001,KRW,INDEX
2024-10-23,14.609999656677246,0.9100000262260436,0.0190999992191791,KRX_IDX_1001,KRW,INDEX
2024-10-24,14.510000228881836,0.8999999761581421,0.019299998879432678,KRX_IDX_1001,KRW,INDEX
2024-10-25,14.520000457763672,0.8999999761581421,0.0191999990493059,KRX_IDX_1001,KRW,INDEX
2024-10-28,14.6899995803833,0.9100000262260436,0.0189999993890523,KRX_IDX_1001,KRW,INDEX
2024-10-29,14.720000267028809,0.9200000166893005,0.01899999938905239,KRX_IDX_1001,KRW,INDEX
2024-10-30,14.579999923706055,0.9100000262260437,0.019199999049305916,KRX_IDX_1001,KRW,INDEX
2024-10-31,14.369999885559082,0.8999999761581421,0.01940000057220459,KRX_IDX_1001,KRW,INDEX
2024-11-01,14.289999961853027,0.8899999856948853,0.0195000004023313,KRX_IDX_1001,KRW,INDEX
2024-11-04,14.550000190734863,0.9100000262260436,0.0191999990493059,KRX_IDX_1001,KRW,INDEX
2024-11-05,14.489999771118164,0.8999999761581421,0.0192999988794326,KRX_IDX_1001,KRW,INDEX
2024-11-06,14.40999984741211,0.8999999761581421,0.0194000005722045,KRX_IDX_1001,KRW,INDEX
2024-11-07,14.420000076293945,0.8999999761581421,0.01940000057220459,KRX_IDX_1001,KRW,INDEX
2024-11-08,14.399999618530273,0.8999999761581421,0.01940000057220459,KRX_IDX_1001,KRW,INDEX
2024-11-11,14.239999771118164,0.8899999856948853,0.0196000002324581,KRX_IDX_1001,KRW,INDEX
2024-11-12,13.960000038146973,0.8700000047683716,0.019999999552965164,KRX_IDX_1001,KRW,INDEX
2024-11-13,13.600000381469727,0.8500000238418579,0.020499998703598976,KRX_IDX_1001,KRW,INDEX
2024-11-14,13.619999885559082,0.8500000238418579,0.0204999987035989,KRX_IDX_1001,KRW,INDEX
2024-11-15,13.600000381469727,0.8500000238418579,0.020499998703598976,KRX_IDX_1001,KRW,INDEX
2024-11-18,13.899999618530272,0.8700000047683716,0.0200999993830919,KRX_IDX_1001,KRW,INDEX
2024-11-19,13.90999984741211,0.8700000047683716,0.0200999993830919,KRX_IDX_1001,KRW,INDEX
2024-11-20,14.010000228881836,0.8700000047683716,0.0198999997228384,KRX_IDX_1001,KRW,INDEX
2024-11-21,14.0,0.8700000047683716,0.0198999997228384,KRX_IDX_1001,KRW,INDEX
2024-11-22,14.119999885559082,0.8799999952316284,0.01979999989271164,KRX_IDX_1001,KRW,INDEX
2024-11-25,14.3100004196167,0.8899999856948853,0.019500000402331352,KRX_IDX_1001,KRW,INDEX
2024-11-26,14.229999542236328,0.8899999856948853,0.0196000002324581,KRX_IDX_1001,KRW,INDEX
2024-11-27,14.130000114440918,0.8799999952316284,0.01979999989271164,KRX_IDX_1001,KRW,INDEX
2024-11-28,14.140000343322754,0.8799999952316284,0.019700000062584877,KRX_IDX_1001,KRW,INDEX
2024-11-29,13.869999885559082,0.8600000143051147,0.020099999383091927,KRX_IDX_1001,KRW,INDEX
2024-12-02,13.859999656677246,0.8600000143051147,0.0201999992132186,KRX_IDX_1001,KRW,INDEX
2024-12-03,14.119999885559082,0.8799999952316284,0.01979999989271164,KRX_IDX_1001,KRW,INDEX
2024-12-04,13.90999984741211,0.8700000047683716,0.020099999383091927,KRX_IDX_1001,KRW,INDEX
2024-12-05,13.789999961853027,0.8600000143051147,0.0202999990433454,KRX_IDX_1001,KRW,INDEX
2024-12-06,13.710000038146973,0.8500000238418579,0.020399998873472214,KRX_IDX_1001,KRW,INDEX
2024-12-09,13.319999694824219,0.8299999833106995,0.020999999716877937,KRX_IDX_1001,KRW,INDEX
2024-12-10,13.649999618530273,0.8500000238418579,0.020499998703598976,KRX_IDX_1001,KRW,INDEX
2024-12-11,13.779999732971191,0.8600000143051147,0.02029999904334545,KRX_IDX_1001,KRW,INDEX
2024-12-12,14.010000228881836,0.8700000047683716,0.019899999722838402,KRX_IDX_1001,KRW,INDEX
2024-12-13,14.079999923706055,0.8799999952316284,0.01979999989271164,KRX_IDX_1001,KRW,INDEX
2024-12-16,14.050000190734863,0.8799999952316284,0.019899999722838402,KRX_IDX_1001,KRW,INDEX
2024-12-17,13.859999656677246,0.8600000143051147,0.0200999993830919,KRX_IDX_1001,KRW,INDEX
2024-12-18,14.020000457763672,0.8700000047683716,0.0198999997228384,KRX_IDX_1001,KRW,INDEX
2024-12-19,12.850000381469728,0.8500000238418579,0.0202999990433454,KRX_IDX_1001,KRW,INDEX
2024-12-20,12.68000030517578,0.8399999737739563,0.0205999985337257,KRX_IDX_1001,KRW,INDEX
2024-12-23,12.880000114440918,0.8500000238418579,0.02029999904334545,KRX_IDX_1001,KRW,INDEX
2024-12-24,12.869999885559082,0.8500000238418579,0.0202999990433454,KRX_IDX_1001,KRW,INDEX
2024-12-26,12.8100004196167,0.8500000238418579,0.0203999988734722,KRX_IDX_1001,KRW,INDEX
2024-12-27,12.68000030517578,0.8399999737739563,0.0205999985337257,KRX_IDX_1001,KRW,INDEX
2024-12-30,12.65999984741211,0.8399999737739563,0.0205999985337257,KRX_IDX_1001,KRW,INDEX
2025-01-02,12.65999984741211,0.8399999737739563,0.02059999853372574,KRX_IDX_1001,KRW,INDEX
2025-01-03,12.880000114440918,0.8600000143051147,0.02029999904334545,KRX_IDX_1001,KRW,INDEX
2025-01-06,13.130000114440918,0.8700000047683716,0.0198999997228384,KRX_IDX_1001,KRW,INDEX
2025-01-07,13.149999618530272,0.8700000047683716,0.0197999998927116,KRX_IDX_1001,KRW,INDEX
2025-01-08,13.3100004196167,0.8799999952316284,0.019600000232458115,KRX_IDX_1001,KRW,INDEX
2025-01-09,13.3100004196167,0.8799999952316284,0.0196000002324581,KRX_IDX_1001,KRW,INDEX
2025-01-10,13.279999732971191,0.8799999952316284,0.019600000232458115,KRX_IDX_1001,KRW,INDEX
2025-01-13,13.140000343322754,0.8700000047683716,0.0198999997228384,KRX_IDX_1001,KRW,INDEX
2025-01-14,13.1899995803833,0.8799999952316284,0.0197999998927116,KRX_IDX_1001,KRW,INDEX
2025-01-15,13.18000030517578,0.8700000047683716,0.0197999998927116,KRX_IDX_1001,KRW,INDEX
2025-01-16,13.34000015258789,0.8899999856948853,0.019600000232458115,KRX_IDX_1001,KRW,INDEX
2025-01-17,13.31999969482422,0.8799999952316284,0.0196000002324581,KRX_IDX_1001,KRW,INDEX
2025-01-20,13.300000190734863,0.8799999952316284,0.019600000232458115,KRX_IDX_1001,KRW,INDEX
2025-01-21,13.289999961853027,0.8799999952316284,0.0196000002324581,KRX_IDX_1001,KRW,INDEX
2025-01-22,13.449999809265137,0.8899999856948853,0.01940000057220459,KRX_IDX_1001,KRW,INDEX
2025-01-23,13.279999732971191,0.8799999952316284,0.0197000000625848,KRX_IDX_1001,KRW,INDEX
2025-01-24,13.390000343322754,0.8899999856948853,0.0195000004023313,KRX_IDX_1001,KRW,INDEX
2025-01-31,13.289999961853027,0.8799999952316284,0.019600000232458115,KRX_IDX_1001,KRW,INDEX
2025-02-03,12.949999809265137,0.8600000143051147,0.020099999383091927,KRX_IDX_1001,KRW,INDEX
2025-02-04,13.100000381469727,0.8700000047683716,0.019899999722838402,KRX_IDX_1001,KRW,INDEX
2025-02-05,13.25,0.8799999952316284,0.019700000062584877,KRX_IDX_1001,KRW,INDEX
2025-02-06,13.399999618530273,0.8899999856948853,0.019500000402331352,KRX_IDX_1001,KRW,INDEX
2025-02-07,13.3100004196167,0.8799999952316284,0.019600000232458115,KRX_IDX_1001,KRW,INDEX
2025-02-10,13.3100004196167,0.8799999952316284,0.019600000232458115,KRX_IDX_1001,KRW,INDEX
2025-02-11,13.399999618530273,0.8899999856948853,0.019500000402331352,KRX_IDX_1001,KRW,INDEX
2025-02-12,13.449999809265137,0.8899999856948853,0.0194000005722045,KRX_IDX_1001,KRW,INDEX
2025-02-13,13.630000114440918,0.9100000262260436,0.0191999990493059,KRX_IDX_1001,KRW,INDEX
2025-02-14,13.68000030517578,0.9100000262260436,0.0190999992191791,KRX_IDX_1001,KRW,INDEX
2025-02-17,13.779999732971191,0.9200000166893004,0.0189999993890523,KRX_IDX_1001,KRW,INDEX
2025-02-18,13.859999656677246,0.9200000166893004,0.0187999997287988,KRX_IDX_1001,KRW,INDEX
2025-02-19,14.100000381469727,0.9399999976158142,0.01850000023841858,KRX_IDX_1001,KRW,INDEX
2025-02-20,14.010000228881836,0.9300000071525574,0.01860000006854534,KRX_IDX_1001,KRW,INDEX
2025-02-21,14.010000228881836,0.9300000071525574,0.01860000006854534,KRX_IDX_1001,KRW,INDEX
2025-02-24,13.9399995803833,0.9300000071525574,0.0186999998986721,KRX_IDX_1001,KRW,INDEX
2025-02-25,13.859999656677246,0.9200000166893005,0.018799999728798866,KRX_IDX_1001,KRW,INDEX
2025-02-26,13.920000076293944,0.9300000071525574,0.0186999998986721,KRX_IDX_1001,KRW,INDEX
2025-02-27,13.81999969482422,0.9200000166893004,0.0188999995589256,KRX_IDX_1001,KRW,INDEX
2025-02-28,13.350000381469728,0.8899999856948853,0.0196000002324581,KRX_IDX_1001,KRW,INDEX
2025-03-04,13.31999969482422,0.8899999856948853,0.0196000002324581,KRX_IDX_1001,KRW,INDEX
2025-03-05,13.460000038146973,0.8999999761581421,0.0194000005722045,KRX_IDX_1001,KRW,INDEX
2025-03-06,13.529999732971191,0.8999999761581421,0.019299998879432678,KRX_IDX_1001,KRW,INDEX
2025-03-07,13.470000267028809,0.8999999761581421,0.0194000005722045,KRX_IDX_1001,KRW,INDEX
2025-03-10,13.510000228881836,0.8999999761581421,0.019299998879432678,KRX_IDX_1001,KRW,INDEX
2025-03-11,13.329999923706055,0.8899999856948853,0.019600000232458115,KRX_IDX_1001,KRW,INDEX
2025-03-12,13.529999732971191,0.8999999761581421,0.019299998879432678,KRX_IDX_1001,KRW,INDEX
2025-03-13,13.520000457763672,0.8999999761581421,0.019299998879432678,KRX_IDX_1001,KRW,INDEX
2025-03-14,13.479999542236328,0.8999999761581421,0.0192999988794326,KRX_IDX_1001,KRW,INDEX
2025-03-17,13.6899995803833,0.9100000262260437,0.019099999219179153,KRX_IDX_1001,KRW,INDEX
2025-03-18,13.699999809265137,0.9100000262260437,0.019099999219179153,KRX_IDX_1001,KRW,INDEX
2025-03-19,13.789999961853027,0.9200000166893005,0.01899999938905239,KRX_IDX_1001,KRW,INDEX
2025-03-20,13.829999923706055,0.9200000166893005,0.01889999955892563,KRX_IDX_1001,KRW,INDEX
2025-03-21,13.859999656677246,0.9200000166893004,0.0187999997287988,KRX_IDX_1001,KRW,INDEX
2025-03-24,13.800000190734863,0.9200000166893004,0.0188999995589256,KRX_IDX_1001,KRW,INDEX
2025-03-25,13.720000267028809,0.9100000262260436,0.0189999993890523,KRX_IDX_1001,KRW,INDEX
2025-03-26,13.869999885559082,0.9200000166893005,0.018799999728798866,KRX_IDX_1001,KRW,INDEX
2025-03-27,13.670000076293945,0.9100000262260437,0.019099999219179153,KRX_IDX_1001,KRW,INDEX
2025-03-28,13.40999984741211,0.8899999856948853,0.019500000402331352,KRX_IDX_1001,KRW,INDEX
2025-03-31,13.010000228881836,0.8700000047683716,0.0200999993830919,KRX_IDX_1001,KRW,INDEX
2025-04-01,13.220000267028809,0.8799999952316284,0.01979999989271164,KRX_IDX_1001,KRW,INDEX
2025-04-02,13.140000343322754,0.8799999952316284,0.019899999722838402,KRX_IDX_1001,KRW,INDEX
2025-04-03,13.029999732971191,0.8700000047683716,0.019999999552965164,KRX_IDX_1001,KRW,INDEX
2025-04-04,12.920000076293945,0.8600000143051147,0.02019999921321869,KRX_IDX_1001,KRW,INDEX
2025-04-07,12.199999809265137,0.8100000023841858,0.021400000900030136,KRX_IDX_1001,KRW,INDEX
2025-04-08,12.229999542236328,0.8199999928474426,0.021400000900030136,KRX_IDX_1001,KRW,INDEX
2025-04-09,12.020000457763672,0.800000011920929,0.021700000390410423,KRX_IDX_1001,KRW,INDEX
2025-04-10,12.819999694824219,0.8600000143051147,0.020399998873472214,KRX_IDX_1001,KRW,INDEX
2025-04-11,12.760000228881836,0.8500000238418579,0.020499998703598976,KRX_IDX_1001,KRW,INDEX
2025-04-14,12.880000114440918,0.8600000143051147,0.0202999990433454,KRX_IDX_1001,KRW,INDEX
2025-04-15,12.989999771118164,0.8700000047683716,0.020099999383091927,KRX_IDX_1001,KRW,INDEX
2025-04-16,12.829999923706056,0.8600000143051147,0.0203999988734722,KRX_IDX_1001,KRW,INDEX
2025-04-17,12.949999809265137,0.8600000143051147,0.0201999992132186,KRX_IDX_1001,KRW,INDEX
2025-04-18,13.020000457763672,0.8700000047683716,0.0200999993830919,KRX_IDX_1001,KRW,INDEX
2025-04-21,13.050000190734863,0.8700000047683716,0.0199999995529651,KRX_IDX_1001,KRW,INDEX
2025-04-22,13.039999961853027,0.8700000047683716,0.019999999552965164,KRX_IDX_1001,KRW,INDEX
2025-04-23,13.239999771118164,0.8799999952316284,0.0197000000625848,KRX_IDX_1001,KRW,INDEX
2025-04-24,13.220000267028809,0.8799999952316284,0.01979999989271164,KRX_IDX_1001,KRW,INDEX
2025-04-25,13.350000381469727,0.8899999856948853,0.019600000232458115,KRX_IDX_1001,KRW,INDEX
2025-04-28,13.359999656677246,0.8899999856948853,0.019600000232458115,KRX_IDX_1001,KRW,INDEX
2025-04-29,13.4399995803833,0.8999999761581421,0.0194000005722045,KRX_IDX_1001,KRW,INDEX
2025-04-30,13.399999618530272,0.8899999856948853,0.0195000004023313,KRX_IDX_1001,KRW,INDEX
2025-05-02,12.65999984741211,0.8700000047683716,0.0216000005602836,KRX_IDX_1001,KRW,INDEX
2025-05-07,12.729999542236328,0.8700000047683716,0.0214000009000301,KRX_IDX_1001,KRW,INDEX
2025-05-08,12.760000228881836,0.8700000047683716,0.0214000009000301,KRX_IDX_1001,KRW,INDEX
2025-05-09,12.75,0.8700000047683716,0.0214000009000301,KRX_IDX_1001,KRW,INDEX
2025-05-12,12.899999618530272,0.8799999952316284,0.0211999993771314,KRX_IDX_1001,KRW,INDEX
2025-05-13,12.920000076293944,0.8799999952316284,0.0210999995470047,KRX_IDX_1001,KRW,INDEX
2025-05-14,13.079999923706056,0.8899999856948853,0.0208999998867511,KRX_IDX_1001,KRW,INDEX
2025-05-15,12.989999771118164,0.8899999856948853,0.0209999997168779,KRX_IDX_1001,KRW,INDEX
2025-05-16,13.010000228881836,0.8899999856948853,0.020999999716877937,KRX_IDX_1001,KRW,INDEX
2025-05-19,12.899999618530272,0.8799999952316284,0.0211999993771314,KRX_IDX_1001,KRW,INDEX
2025-05-20,12.890000343322754,0.8799999952316284,0.0211999993771314,KRX_IDX_1001,KRW,INDEX
2025-05-21,13.0,0.8899999856948853,0.0209999997168779,KRX_IDX_1001,KRW,INDEX
2025-05-22,12.859999656677246,0.8799999952316284,0.0211999993771314,KRX_IDX_1001,KRW,INDEX
2025-05-23,12.859999656677246,0.8799999952316284,0.021199999377131462,KRX_IDX_1001,KRW,INDEX
2025-05-26,13.119999885559082,0.8999999761581421,0.0208000000566244,KRX_IDX_1001,KRW,INDEX
2025-05-27,13.09000015258789,0.8899999856948853,0.0208999998867511,KRX_IDX_1001,KRW,INDEX
2025-05-28,13.25,0.9100000262260436,0.0205999985337257,KRX_IDX_1001,KRW,INDEX
2025-05-29,13.5,0.9200000166893004,0.0201999992132186,KRX_IDX_1001,KRW,INDEX
2025-05-30,13.390000343322754,0.9200000166893004,0.0203999988734722,KRX_IDX_1001,KRW,INDEX
2025-06-02,13.390000343322754,0.9200000166893004,0.0203999988734722,KRX_IDX_1001,KRW,INDEX
2025-06-04,13.75,0.9399999976158142,0.01979999989271164,KRX_IDX_1001,KRW,INDEX
2025-06-05,13.949999809265137,0.949999988079071,0.0196000002324581,KRX_IDX_1001,KRW,INDEX
2025-06-09,14.170000076293944,0.9700000286102296,0.0192999988794326,KRX_IDX_1001,KRW,INDEX
2025-06-10,14.25,0.9700000286102295,0.019199999049305916,KRX_IDX_1001,KRW,INDEX
2025-06-11,14.420000076293944,0.9900000095367432,0.0188999995589256,KRX_IDX_1001,KRW,INDEX
2025-06-12,13.34000015258789,0.9800000190734863,0.018799999728798866,KRX_IDX_1001,KRW,INDEX
2025-06-13,13.220000267028809,0.9700000286102296,0.0189999993890523,KRX_IDX_1001,KRW,INDEX
2025-06-16,13.470000267028809,0.9900000095367432,0.018699999898672104,KRX_IDX_1001,KRW,INDEX
2025-06-17,13.479999542236328,0.9900000095367432,0.01860000006854534,KRX_IDX_1001,KRW,INDEX
2025-06-18,13.579999923706055,1.0,0.01850000023841858,KRX_IDX_1001,KRW,INDEX
2025-06-19,13.609999656677246,1.0,0.01850000023841858,KRX_IDX_1001,KRW,INDEX
2025-06-20,13.8100004196167,1.0199999809265137,0.018200000748038292,KRX_IDX_1001,KRW,INDEX
2025-06-23,13.779999732971191,1.0099999904632568,0.018200000748038292,KRX_IDX_1001,KRW,INDEX
2025-06-24,14.1899995803833,1.0399999618530271,0.0176999997347593,KRX_IDX_1001,KRW,INDEX
2025-06-25,14.210000038146973,1.0499999523162842,0.0176999997347593,KRX_IDX_1001,KRW,INDEX
2025-06-26,14.079999923706055,1.0399999618530273,0.017799999564886093,KRX_IDX_1001,KRW,INDEX
2025-06-27,13.970000267028809,1.0299999713897705,0.017999999225139618,KRX_IDX_1001,KRW,INDEX
2025-06-30,14.039999961853027,1.0299999713897705,0.017899999395012856,KRX_IDX_1001,KRW,INDEX
2025-07-01,14.119999885559082,1.0399999618530273,0.017799999564886093,KRX_IDX_1001,KRW,INDEX
2025-07-02,14.0600004196167,1.0299999713897705,0.0178999993950128,KRX_IDX_1001,KRW,INDEX
2025-07-03,14.25,1.0499999523162842,0.0175999999046325,KRX_IDX_1001,KRW,INDEX
2025-07-04,13.960000038146973,1.0299999713897705,0.017999999225139618,KRX_IDX_1001,KRW,INDEX
2025-07-07,13.979999542236328,1.0299999713897705,0.0179999992251396,KRX_IDX_1001,KRW,INDEX
2025-07-08,14.239999771118164,1.0499999523162842,0.0175999999046325,KRX_IDX_1001,KRW,INDEX
2025-07-09,14.329999923706056,1.0499999523162842,0.0175000000745058,KRX_IDX_1001,KRW,INDEX
2025-07-10,14.5600004196167,1.0700000524520874,0.01730000041425228,KRX_IDX_1001,KRW,INDEX
2025-07-11,14.529999732971191,1.0700000524520874,0.01730000041425228,KRX_IDX_1001,KRW,INDEX
2025-07-14,14.640000343322754,1.0800000429153442,0.01720000058412552,KRX_IDX_1001,KRW,INDEX
2025-07-15,14.710000038146973,1.0800000429153442,0.017100000753998756,KRX_IDX_1001,KRW,INDEX
2025-07-16,14.569999694824219,1.0700000524520874,0.01720000058412552,KRX_IDX_1001,KRW,INDEX
2025-07-17,14.600000381469727,1.0700000524520874,0.01720000058412552,KRX_IDX_1001,KRW,INDEX
2025-07-18,14.579999923706055,1.0700000524520874,0.01720000058412552,KRX_IDX_1001,KRW,INDEX
2025-07-21,14.6899995803833,1.0800000429153442,0.017100000753998756,KRX_IDX_1001,KRW,INDEX
2025-07-22,14.5,1.0700000524520874,0.0173000004142522,KRX_IDX_1001,KRW,INDEX
2025-07-23,14.5600004196167,1.0700000524520874,0.0173000004142522,KRX_IDX_1001,KRW,INDEX
2025-07-24,14.59000015258789,1.0700000524520874,0.0172000005841255,KRX_IDX_1001,KRW,INDEX
2025-07-25,14.619999885559082,1.0700000524520874,0.01720000058412552,KRX_IDX_1001,KRW,INDEX
2025-07-28,14.68000030517578,1.0800000429153442,0.0171000007539987,KRX_IDX_1001,KRW,INDEX
2025-07-29,14.779999732971191,1.090000033378601,0.017000000923871994,KRX_IDX_1001,KRW,INDEX
2025-07-30,14.890000343322754,1.090000033378601,0.01690000109374523,KRX_IDX_1001,KRW,INDEX
2025-07-31,14.84000015258789,1.090000033378601,0.01690000109374523,KRX_IDX_1001,KRW,INDEX
2025-08-01,14.270000457763672,1.0499999523162842,0.01759999990463257,KRX_IDX_1001,KRW,INDEX
2025-08-04,14.399999618530273,1.059999942779541,0.017400000244379044,KRX_IDX_1001,KRW,INDEX
2025-08-05,14.630000114440918,1.0800000429153442,0.01720000058412552,KRX_IDX_1001,KRW,INDEX
2025-08-06,14.630000114440918,1.0800000429153442,0.01720000058412552,KRX_IDX_1001,KRW,INDEX
2025-08-07,14.770000457763672,1.090000033378601,0.017000000923871994,KRX_IDX_1001,KRW,INDEX
2025-08-08,14.6899995803833,1.0800000429153442,0.017100000753998756,KRX_IDX_1001,KRW,INDEX
2025-08-11,14.670000076293945,1.0800000429153442,0.017100000753998756,KRX_IDX_1001,KRW,INDEX
2025-08-12,14.59000015258789,1.0700000524520874,0.01720000058412552,KRX_IDX_1001,KRW,INDEX
2025-08-13,14.75,1.090000033378601,0.017000000923871994,KRX_IDX_1001,KRW,INDEX
2025-08-14,14.760000228881836,1.090000033378601,0.0170000009238719,KRX_IDX_1001,KRW,INDEX
2025-08-18,14.539999961853027,1.0700000524520874,0.0173000004142522,KRX_IDX_1001,KRW,INDEX
2025-08-19,14.420000076293944,1.059999942779541,0.017400000244379,KRX_IDX_1001,KRW,INDEX
2025-08-20,14.319999694824219,1.0499999523162842,0.017500000074505806,KRX_IDX_1001,KRW,INDEX
2025-08-21,14.369999885559082,1.059999942779541,0.0175000000745058,KRX_IDX_1001,KRW,INDEX
2025-08-22,14.489999771118164,1.0700000524520874,0.0173000004142522,KRX_IDX_1001,KRW,INDEX
2025-08-25,14.680000305175781,1.0800000429153442,0.017100000753998756,KRX_IDX_1001,KRW,INDEX
2025-08-26,14.539999961853027,1.0700000524520874,0.0173000004142522,KRX_IDX_1001,KRW,INDEX
2025-08-27,14.579999923706055,1.0700000524520874,0.01720000058412552,KRX_IDX_1001,KRW,INDEX
2025-08-28,14.619999885559082,1.0800000429153442,0.01720000058412552,KRX_IDX_1001,KRW,INDEX
2025-08-29,14.56999969482422,1.0700000524520874,0.0172000005841255,KRX_IDX_1001,KRW,INDEX
2025-09-01,14.380000114440918,1.059999942779541,0.017500000074505806,KRX_IDX_1001,KRW,INDEX
2025-09-02,14.510000228881836,1.0700000524520874,0.01730000041425228,KRX_IDX_1001,KRW,INDEX
2025-09-03,14.569999694824219,1.0700000524520874,0.01720000058412552,KRX_IDX_1001,KRW,INDEX
2025-09-04,14.640000343322754,1.0800000429153442,0.0171000007539987,KRX_IDX_1001,KRW,INDEX
2025-09-05,14.670000076293944,1.0800000429153442,0.0171000007539987,KRX_IDX_1001,KRW,INDEX
2025-09-08,14.739999771118164,1.0800000429153442,0.0170000009238719,KRX_IDX_1001,KRW,INDEX
2025-09-09,14.93000030517578,1.100000023841858,0.0167999994009733,KRX_IDX_1001,KRW,INDEX
2025-09-10,15.180000305175781,1.1200000047683716,0.016499999910593033,KRX_IDX_1001,KRW,INDEX
2025-09-11,15.3100004196167,1.1299999952316284,0.01640000008046627,KRX_IDX_1001,KRW,INDEX
2025-09-12,15.550000190734863,1.1399999856948853,0.016100000590085983,KRX_IDX_1001,KRW,INDEX
2025-09-15,15.600000381469727,1.149999976158142,0.016100000590085983,KRX_IDX_1001,KRW,INDEX
2025-09-16,15.93000030517578,1.159999966621399,0.0159000009298324,KRX_IDX_1001,KRW,INDEX
2025-09-17,15.760000228881836,1.1399999856948853,0.0161000005900859,KRX_IDX_1001,KRW,INDEX
2025-09-18,15.979999542236328,1.159999966621399,0.015800001099705696,KRX_IDX_1001,KRW,INDEX
2025-09-19,15.90999984741211,1.149999976158142,0.0159000009298324,KRX_IDX_1001,KRW,INDEX
2025-09-22,16.020000457763672,1.159999966621399,0.0158000010997056,KRX_IDX_1001,KRW,INDEX
2025-09-23,16.100000381469727,1.1699999570846558,0.015700001269578934,KRX_IDX_1001,KRW,INDEX
2025-09-24,16.030000686645508,1.159999966621399,0.015800001099705696,KRX_IDX_1001,KRW,INDEX
2025-09-25,16.030000686645508,1.159999966621399,0.015800001099705696,KRX_IDX_1001,KRW,INDEX
2025-09-26,15.630000114440918,1.1299999952316284,0.0162000004202127,KRX_IDX_1001,KRW,INDEX
2025-09-29,15.84000015258789,1.149999976158142,0.01600000075995922,KRX_IDX_1001,KRW,INDEX
2025-09-30,15.8100004196167,1.149999976158142,0.01600000075995922,KRX_IDX_1001,KRW,INDEX
2025-10-01,15.949999809265137,1.159999966621399,0.0159000009298324,KRX_IDX_1001,KRW,INDEX
2025-10-02,16.389999389648438,1.190000057220459,0.01549999974668026,KRX_IDX_1001,KRW,INDEX
2025-10-10,16.670000076293945,1.2100000381469729,0.0152000002562999,KRX_IDX_1001,KRW,INDEX
2025-10-13,16.549999237060547,1.2000000476837158,0.0153000000864267,KRX_IDX_1001,KRW,INDEX
2025-10-14,16.440000534057617,1.190000057220459,0.0153999999165534,KRX_IDX_1001,KRW,INDEX
2025-10-15,16.889999389648438,1.2300000190734863,0.0149999996647238,KRX_IDX_1001,KRW,INDEX
2025-10-16,17.309999465942383,1.2599999904632568,0.014600000344216824,KRX_IDX_1001,KRW,INDEX
2025-10-17,17.309999465942383,1.2599999904632568,0.014600000344216824,KRX_IDX_1001,KRW,INDEX
2025-10-20,17.6200008392334,1.2799999713897705,0.0144000006839632,KRX_IDX_1001,KRW,INDEX
2025-10-21,17.65999984741211,1.2799999713897705,0.014299999922513962,KRX_IDX_1001,KRW,INDEX
2025-10-22,17.93000030517578,1.2999999523162842,0.014099999330937862,KRX_IDX_1001,KRW,INDEX
2025-10-23,17.75,1.2899999618530273,0.014299999922513962,KRX_IDX_1001,KRW,INDEX
2025-10-24,18.200000762939453,1.3200000524520874,0.0138999996706843,KRX_IDX_1001,KRW,INDEX
2025-10-27,18.670000076293945,1.350000023841858,0.013600000180304,KRX_IDX_1001,KRW,INDEX
2025-10-28,18.520000457763672,1.340000033378601,0.013700000010430813,KRX_IDX_1001,KRW,INDEX
2025-10-29,18.850000381469727,1.3700000047683716,0.0134000005200505,KRX_IDX_1001,KRW,INDEX
2025-10-30,18.8700008392334,1.3700000047683716,0.0134000005200505,KRX_IDX_1001,KRW,INDEX
2025-10-31,18.96999931335449,1.3799999952316284,0.0134000005200505,KRX_IDX_1001,KRW,INDEX
2025-11-03,19.5,1.409999966621399,0.012999999336898327,KRX_IDX_1001,KRW,INDEX
2025-11-04,19.040000915527344,1.3799999952316284,0.013300000689923763,KRX_IDX_1001,KRW,INDEX
2025-11-05,18.489999771118164,1.340000033378601,0.013700000010430813,KRX_IDX_1001,KRW,INDEX
2025-11-06,18.59000015258789,1.350000023841858,0.01360000018030405,KRX_IDX_1001,KRW,INDEX
2025-11-07,18.260000228881836,1.3200000524520874,0.013899999670684338,KRX_IDX_1001,KRW,INDEX
2025-11-10,18.809999465942383,1.3600000143051147,0.0135000003501772,KRX_IDX_1001,KRW,INDEX
2025-11-11,18.969999313354492,1.3799999952316284,0.013400000520050526,KRX_IDX_1001,KRW,INDEX
2025-11-12,19.170000076293945,1.3899999856948853,0.013200000859797,KRX_IDX_1001,KRW,INDEX
2025-11-13,19.270000457763672,1.399999976158142,0.013099999167025,KRX_IDX_1001,KRW,INDEX
2025-11-14,18.530000686645508,1.340000033378601,0.0137000000104308,KRX_IDX_1001,KRW,INDEX
2025-11-17,18.88999938964844,1.3700000047683716,0.0134000005200505,KRX_IDX_1001,KRW,INDEX
2025-11-18,18.260000228881836,1.3300000429153442,0.013899999670684338,KRX_IDX_1001,KRW,INDEX
2025-11-19,18.149999618530273,1.3200000524520874,0.0139999995008111,KRX_IDX_1001,KRW,INDEX
2025-11-20,18.5,1.340000033378601,0.013700000010430813,KRX_IDX_1001,KRW,INDEX
2025-11-21,17.799999237060547,1.2899999618530273,0.014199999161064625,KRX_IDX_1001,KRW,INDEX
2025-11-24,17.760000228881836,1.2899999618530271,0.0142999999225139,KRX_IDX_1001,KRW,INDEX
2025-11-25,17.809999465942383,1.2899999618530273,0.014199999161064625,KRX_IDX_1001,KRW,INDEX
2025-11-26,18.280000686645508,1.3300000429153442,0.0138999996706843,KRX_IDX_1001,KRW,INDEX
2025-11-27,18.40999984741211,1.340000033378601,0.0137999998405575,KRX_IDX_1001,KRW,INDEX
2025-11-28,18.1200008392334,1.3200000524520874,0.0139999995008111,KRX_IDX_1001,KRW,INDEX
2025-12-01,18.100000381469727,1.309999942779541,0.0139999995008111,KRX_IDX_1001,KRW,INDEX
2025-12-02,18.440000534057617,1.340000033378601,0.013700000010430813,KRX_IDX_1001,KRW,INDEX
2025-12-03,18.6200008392334,1.350000023841858,0.013600000180304,KRX_IDX_1001,KRW,INDEX
2025-12-04,18.579999923706055,1.350000023841858,0.01360000018030405,KRX_IDX_1001,KRW,INDEX
2025-12-05,18.920000076293945,1.3700000047683716,0.0134000005200505,KRX_IDX_1001,KRW,INDEX
2025-12-08,19.170000076293945,1.3899999856948853,0.013200000859797,KRX_IDX_1001,KRW,INDEX
2025-12-09,19.110000610351562,1.3899999856948853,0.013300000689923763,KRX_IDX_1001,KRW,INDEX
2025-12-10,19.06999969482422,1.3799999952316284,0.013300000689923763,KRX_IDX_1001,KRW,INDEX
2025-12-11,18.959999084472656,1.3799999952316284,0.0134000005200505,KRX_IDX_1001,KRW,INDEX
2025-12-12,19.209999084472656,1.3899999856948853,0.013200000859797,KRX_IDX_1001,KRW,INDEX
2025-12-15,18.850000381469727,1.3700000047683716,0.013400000520050526,KRX_IDX_1001,KRW,INDEX
