effectiveDate,type,rate,percentPercentile1,percentPercentile25,percentPercentile75,percentPercentile99,targetRateFrom,targetRateTo,volume_billions,revisionIndicator,footnoteId
2018-01-02,EFFR,1.42,1.35,1.41,1.42,1.56,1.25,1.5,84,,
2018-01-03,EFFR,1.42,1.4,1.41,1.42,1.53,1.25,1.5,93,,
2018-01-04,EFFR,1.42,1.35,1.41,1.43,1.5,1.25,1.5,92,,
2018-01-05,EFFR,1.42,1.3,1.41,1.43,1.5,1.25,1.5,98,,
2018-01-08,EFFR,1.42,1.4,1.41,1.43,1.5,1.25,1.5,93,,
2018-01-09,EFFR,1.42,1.4,1.41,1.43,1.5,1.25,1.5,94,,
2018-01-10,EFFR,1.42,1.4,1.41,1.43,1.5,1.25,1.5,97,,
2018-01-11,EFFR,1.42,1.4,1.41,1.43,1.5,1.25,1.5,95,,
2018-01-12,EFFR,1.42,1.4,1.41,1.43,1.5,1.25,1.5,95,,
2018-01-16,EFFR,1.42,1.4,1.41,1.43,1.5,1.25,1.5,88,,
2018-01-17,EFFR,1.42,1.4,1.42,1.43,1.65,1.25,1.5,93,,
2018-01-18,EFFR,1.42,1.4,1.42,1.43,1.5,1.25,1.5,86,,
2018-01-19,EFFR,1.42,1.4,1.42,1.43,1.5,1.25,1.5,86,,
2018-01-22,EFFR,1.42,1.4,1.42,1.43,1.55,1.25,1.5,87,,
2018-01-23,EFFR,1.42,1.4,1.42,1.43,1.55,1.25,1.5,91,,
2018-01-24,EFFR,1.42,1.4,1.42,1.44,1.55,1.25,1.5,90,,
2018-01-25,EFFR,1.42,1.4,1.42,1.44,1.5,1.25,1.5,88,,
2018-01-26,EFFR,1.42,1.4,1.42,1.44,1.5,1.25,1.5,90,,
2018-01-29,EFFR,1.42,1.4,1.42,1.44,1.5,1.25,1.5,91,,
2018-01-30,EFFR,1.42,1.4,1.42,1.43,1.48,1.25,1.5,102,,
2018-01-31,EFFR,1.34,1.3,1.33,1.34,1.5,1.25,1.5,104,,
2018-02-01,EFFR,1.42,1.4,1.42,1.43,1.5,1.25,1.5,109,,
2018-02-02,EFFR,1.42,1.4,1.42,1.43,1.5,1.25,1.5,108,,
2018-02-05,EFFR,1.42,1.4,1.42,1.43,1.5,1.25,1.5,103,,
2018-02-06,EFFR,1.42,1.4,1.42,1.43,1.5,1.25,1.5,103,,
2018-02-07,EFFR,1.42,1.4,1.42,1.43,1.5,1.25,1.5,104,,
2018-02-08,EFFR,1.42,1.4,1.42,1.43,1.5,1.25,1.5,106,,
2018-02-09,EFFR,1.42,1.4,1.42,1.43,1.5,1.25,1.5,107,,
2018-02-12,EFFR,1.42,1.4,1.42,1.44,1.5,1.25,1.5,97,,
2018-02-13,EFFR,1.42,1.4,1.42,1.43,1.5,1.25,1.5,99,,
2018-02-14,EFFR,1.42,1.4,1.42,1.42,1.5,1.25,1.5,105,,
2018-02-15,EFFR,1.42,1.4,1.42,1.42,1.5,1.25,1.5,101,,
2018-02-16,EFFR,1.42,1.4,1.42,1.43,1.55,1.25,1.5,95,,
2018-02-20,EFFR,1.42,1.4,1.42,1.43,1.55,1.25,1.5,84,,
2018-02-21,EFFR,1.42,1.4,1.42,1.43,1.55,1.25,1.5,88,,
2018-02-22,EFFR,1.42,1.4,1.42,1.43,1.5,1.25,1.5,98,,
2018-02-23,EFFR,1.42,1.4,1.42,1.43,1.56,1.25,1.5,101,,
2018-02-26,EFFR,1.42,1.4,1.42,1.43,1.55,1.25,1.5,97,,
2018-02-27,EFFR,1.42,1.4,1.42,1.43,1.55,1.25,1.5,104,,
2018-02-28,EFFR,1.35,1.3,1.34,1.35,1.53,1.25,1.5,104,,
2018-03-01,EFFR,1.42,1.36,1.42,1.43,1.53,1.25,1.5,115,,
2018-03-02,EFFR,1.42,1.4,1.42,1.43,1.5,1.25,1.5,114,,
2018-03-05,EFFR,1.42,1.4,1.42,1.43,1.53,1.25,1.5,110,,
2018-03-06,EFFR,1.42,1.39,1.42,1.43,1.55,1.25,1.5,112,,
2018-03-07,EFFR,1.42,1.39,1.42,1.43,1.53,1.25,1.5,105,,
2018-03-08,EFFR,1.42,1.4,1.42,1.43,1.55,1.25,1.5,106,,
2018-03-09,EFFR,1.42,1.4,1.42,1.43,1.53,1.25,1.5,104,,
2018-03-12,EFFR,1.42,1.4,1.42,1.44,1.55,1.25,1.5,100,,
2018-03-13,EFFR,1.42,1.4,1.42,1.44,1.53,1.25,1.5,98,,
2018-03-14,EFFR,1.42,1.4,1.42,1.44,1.5,1.25,1.5,103,,
2018-03-15,EFFR,1.43,1.4,1.42,1.44,1.56,1.25,1.5,95,,
2018-03-16,EFFR,1.43,1.4,1.42,1.44,1.62,1.25,1.5,104,,
2018-03-19,EFFR,1.43,1.4,1.42,1.44,1.62,1.25,1.5,92,,
2018-03-20,EFFR,1.44,1.4,1.43,1.47,1.62,1.25,1.5,91,,
2018-03-21,EFFR,1.44,1.4,1.43,1.46,1.55,1.25,1.5,93,,
2018-03-22,EFFR,1.68,1.65,1.68,1.69,1.81,1.5,1.75,78,,
2018-03-23,EFFR,1.68,1.65,1.68,1.7,1.81,1.5,1.75,78,,
2018-03-26,EFFR,1.68,1.65,1.68,1.69,1.81,1.5,1.75,83,,
2018-03-27,EFFR,1.68,1.65,1.68,1.69,1.81,1.5,1.75,81,,
2018-03-28,EFFR,1.68,1.65,1.68,1.69,1.81,1.5,1.75,87,,
2018-03-29,EFFR,1.68,1.64,1.68,1.69,1.81,1.5,1.75,74,,
2018-03-30,EFFR,1.67,1.64,1.67,1.68,1.81,1.5,1.75,88,,
2018-04-02,EFFR,1.68,1.65,1.68,1.69,1.81,1.5,1.75,89,,
2018-04-03,EFFR,1.69,1.65,1.68,1.69,1.8,1.5,1.75,90,,
2018-04-04,EFFR,1.69,1.65,1.68,1.7,1.8,1.5,1.75,83,,
2018-04-05,EFFR,1.69,1.65,1.68,1.7,1.81,1.5,1.75,88,,
2018-04-06,EFFR,1.69,1.65,1.68,1.7,1.81,1.5,1.75,78,,
2018-04-09,EFFR,1.69,1.66,1.68,1.7,1.81,1.5,1.75,78,,
2018-04-10,EFFR,1.69,1.66,1.68,1.7,1.8,1.5,1.75,80,,
2018-04-11,EFFR,1.69,1.66,1.68,1.7,1.8,1.5,1.75,74,,
2018-04-12,EFFR,1.69,1.65,1.68,1.7,1.8,1.5,1.75,83,,
2018-04-13,EFFR,1.69,1.66,1.68,1.7,1.81,1.5,1.75,74,,
2018-04-16,EFFR,1.69,1.66,1.68,1.7,1.85,1.5,1.75,82,,
2018-04-17,EFFR,1.69,1.66,1.69,1.71,1.82,1.5,1.75,66,,
2018-04-18,EFFR,1.69,1.66,1.68,1.71,1.82,1.5,1.75,63,,
2018-04-19,EFFR,1.69,1.66,1.69,1.71,1.81,1.5,1.75,75,,
2018-04-20,EFFR,1.7,1.66,1.69,1.71,1.82,1.5,1.75,72,,
2018-04-23,EFFR,1.7,1.66,1.69,1.71,1.85,1.5,1.75,67,,
2018-04-24,EFFR,1.7,1.66,1.69,1.72,1.85,1.5,1.75,63,,
2018-04-25,EFFR,1.7,1.66,1.69,1.72,1.85,1.5,1.75,71,,
2018-04-26,EFFR,1.7,1.66,1.69,1.72,1.81,1.5,1.75,77,,
2018-04-27,EFFR,1.7,1.66,1.69,1.71,1.81,1.5,1.75,77,,
2018-04-30,EFFR,1.69,1.66,1.68,1.7,1.84,1.5,1.75,76,,
2018-05-01,EFFR,1.7,1.66,1.69,1.7,1.81,1.5,1.75,81,,
2018-05-02,EFFR,1.7,1.66,1.69,1.71,1.81,1.5,1.75,76,,
2018-05-03,EFFR,1.7,1.66,1.69,1.71,1.81,1.5,1.75,82,,
2018-05-04,EFFR,1.7,1.66,1.69,1.71,1.81,1.5,1.75,83,,
2018-05-07,EFFR,1.7,1.66,1.69,1.72,1.81,1.5,1.75,85,,
2018-05-08,EFFR,1.7,1.66,1.69,1.72,1.81,1.5,1.75,83,,
2018-05-09,EFFR,1.7,1.66,1.69,1.72,1.81,1.5,1.75,89,,
2018-05-10,EFFR,1.7,1.66,1.69,1.72,1.81,1.5,1.75,89,,
2018-05-11,EFFR,1.7,1.66,1.69,1.72,1.81,1.5,1.75,88,,
2018-05-14,EFFR,1.7,1.66,1.69,1.72,1.81,1.5,1.75,79,,
2018-05-15,EFFR,1.7,1.66,1.69,1.72,1.81,1.5,1.75,83,,
2018-05-16,EFFR,1.7,1.65,1.69,1.72,1.8,1.5,1.75,85,,
2018-05-17,EFFR,1.7,1.66,1.69,1.72,1.81,1.5,1.75,80,,
2018-05-18,EFFR,1.7,1.66,1.69,1.72,1.81,1.5,1.75,78,,
2018-05-21,EFFR,1.7,1.66,1.7,1.72,1.87,1.5,1.75,80,,
2018-05-22,EFFR,1.7,1.66,1.7,1.72,1.81,1.5,1.75,89,,
2018-05-23,EFFR,1.7,1.66,1.69,1.71,1.83,1.5,1.75,92,,
2018-05-24,EFFR,1.7,1.65,1.69,1.7,1.81,1.5,1.75,90,,
2018-05-25,EFFR,1.7,1.65,1.69,1.71,1.81,1.5,1.75,92,,
2018-05-29,EFFR,1.7,1.66,1.69,1.7,1.84,1.5,1.75,89,,
2018-05-30,EFFR,1.7,1.65,1.69,1.71,1.83,1.5,1.75,83,,
2018-05-31,EFFR,1.7,1.66,1.69,1.7,1.84,1.5,1.75,84,,
2018-06-01,EFFR,1.7,1.66,1.69,1.7,1.81,1.5,1.75,94,,
2018-06-04,EFFR,1.7,1.65,1.69,1.7,1.8,1.5,1.75,92,,
2018-06-05,EFFR,1.7,1.66,1.69,1.7,1.8,1.5,1.75,90,,
2018-06-06,EFFR,1.7,1.66,1.69,1.7,1.8,1.5,1.75,94,,
2018-06-07,EFFR,1.7,1.65,1.69,1.7,1.8,1.5,1.75,87,,
2018-06-08,EFFR,1.7,1.66,1.69,1.7,1.8,1.5,1.75,90,,
2018-06-11,EFFR,1.7,1.66,1.69,1.71,1.81,1.5,1.75,75,,
2018-06-12,EFFR,1.7,1.66,1.7,1.71,1.8,1.5,1.75,81,,
2018-06-13,EFFR,1.7,1.66,1.69,1.71,1.8,1.5,1.75,80,,
2018-06-14,EFFR,1.9,1.88,1.89,1.91,2.0,1.75,2.0,80,,
2018-06-15,EFFR,1.9,1.88,1.9,1.91,2.01,1.75,2.0,69,,
2018-06-18,EFFR,1.9,1.88,1.9,1.91,2.06,1.75,2.0,61,,
2018-06-19,EFFR,1.91,1.88,1.9,1.93,2.06,1.75,2.0,59,,
2018-06-20,EFFR,1.92,1.89,1.9,1.94,2.06,1.75,2.0,63,,
2018-06-21,EFFR,1.92,1.88,1.91,1.94,2.06,1.75,2.0,81,,
2018-06-22,EFFR,1.92,1.89,1.91,1.93,2.06,1.75,2.0,78,,
2018-06-25,EFFR,1.92,1.9,1.91,1.92,2.06,1.75,2.0,76,,
2018-06-26,EFFR,1.92,1.9,1.91,1.92,2.06,1.75,2.0,82,,
2018-06-27,EFFR,1.91,1.9,1.91,1.92,2.06,1.75,2.0,83,,
2018-06-28,EFFR,1.91,1.9,1.9,1.92,2.06,1.75,2.0,79,,
2018-06-29,EFFR,1.91,1.88,1.9,1.91,2.06,1.75,2.0,79,,
2018-07-02,EFFR,1.91,1.89,1.9,1.92,2.06,1.75,2.0,83,,
2018-07-03,EFFR,1.91,1.88,1.9,1.91,2.06,1.75,2.0,88,,
2018-07-05,EFFR,1.91,1.88,1.9,1.91,2.06,1.75,2.0,78,,
2018-07-06,EFFR,1.91,1.88,1.9,1.91,2.05,1.75,2.0,80,,
2018-07-09,EFFR,1.91,1.89,1.91,1.91,2.06,1.75,2.0,77,,
2018-07-10,EFFR,1.91,1.89,1.91,1.91,2.06,1.75,2.0,80,,
2018-07-11,EFFR,1.91,1.9,1.9,1.91,2.06,1.75,2.0,82,,
2018-07-12,EFFR,1.91,1.88,1.9,1.91,2.06,1.75,2.0,84,,
2018-07-13,EFFR,1.91,1.9,1.91,1.91,2.06,1.75,2.0,79,,
2018-07-16,EFFR,1.91,1.9,1.91,1.92,2.05,1.75,2.0,80,,
2018-07-17,EFFR,1.91,1.89,1.91,1.91,2.06,1.75,2.0,78,,
2018-07-18,EFFR,1.91,1.9,1.91,1.92,2.0,1.75,2.0,78,,
2018-07-19,EFFR,1.91,1.9,1.91,1.92,2.06,1.75,2.0,72,,
2018-07-20,EFFR,1.91,1.9,1.9,1.92,2.06,1.75,2.0,77,,
2018-07-23,EFFR,1.91,1.9,1.91,1.92,2.06,1.75,2.0,71,,
2018-07-24,EFFR,1.91,1.9,1.91,1.92,2.06,1.75,2.0,74,,
2018-07-25,EFFR,1.91,1.9,1.91,1.92,2.06,1.75,2.0,77,,
2018-07-26,EFFR,1.91,1.9,1.91,1.92,2.06,1.75,2.0,74,,
2018-07-27,EFFR,1.91,1.9,1.9,1.92,2.06,1.75,2.0,79,,
2018-07-30,EFFR,1.91,1.9,1.91,1.91,2.06,1.75,2.0,74,,
2018-07-31,EFFR,1.91,1.89,1.9,1.91,2.06,1.75,2.0,67,,
2018-08-01,EFFR,1.91,1.9,1.9,1.91,2.06,1.75,2.0,77,,
2018-08-02,EFFR,1.91,1.9,1.9,1.92,2.06,1.75,2.0,80,,
2018-08-03,EFFR,1.91,1.9,1.9,1.91,2.06,1.75,2.0,83,,
2018-08-06,EFFR,1.91,1.9,1.91,1.92,2.01,1.75,2.0,76,,
2018-08-07,EFFR,1.91,1.9,1.91,1.92,2.06,1.75,2.0,68,,
2018-08-08,EFFR,1.91,1.9,1.91,1.92,2.0,1.75,2.0,70,,
2018-08-09,EFFR,1.91,1.9,1.91,1.92,2.06,1.75,2.0,73,,
2018-08-10,EFFR,1.91,1.9,1.91,1.91,2.06,1.75,2.0,82,,
2018-08-13,EFFR,1.91,1.9,1.91,1.92,2.06,1.75,2.0,73,,
2018-08-14,EFFR,1.91,1.89,1.91,1.92,2.06,1.75,2.0,68,,
2018-08-15,EFFR,1.91,1.9,1.91,1.92,2.0,1.75,2.0,66,,
2018-08-16,EFFR,1.92,1.9,1.91,1.93,2.07,1.75,2.0,64,,
2018-08-17,EFFR,1.92,1.9,1.91,1.93,2.07,1.75,2.0,55,,
2018-08-20,EFFR,1.92,1.9,1.91,1.93,2.1,1.75,2.0,56,,
2018-08-21,EFFR,1.92,1.9,1.91,1.93,2.06,1.75,2.0,59,,
2018-08-22,EFFR,1.92,1.9,1.91,1.93,2.06,1.75,2.0,64,,
2018-08-23,EFFR,1.92,1.89,1.91,1.93,2.06,1.75,2.0,68,,
2018-08-24,EFFR,1.92,1.9,1.91,1.93,2.06,1.75,2.0,71,,
2018-08-27,EFFR,1.92,1.9,1.91,1.93,2.06,1.75,2.0,69,,
2018-08-28,EFFR,1.92,1.9,1.91,1.93,2.06,1.75,2.0,64,,
2018-08-29,EFFR,1.92,1.9,1.91,1.93,2.0,1.75,2.0,65,,
2018-08-30,EFFR,1.92,1.9,1.91,1.93,2.06,1.75,2.0,69,,
2018-08-31,EFFR,1.91,1.88,1.91,1.93,2.06,1.75,2.0,78,,
2018-09-04,EFFR,1.92,1.9,1.91,1.93,2.06,1.75,2.0,73,,
2018-09-05,EFFR,1.92,1.9,1.91,1.93,2.06,1.75,2.0,78,,
2018-09-06,EFFR,1.92,1.9,1.91,1.93,2.06,1.75,2.0,76,,
2018-09-07,EFFR,1.92,1.9,1.91,1.92,2.06,1.75,2.0,78,,
2018-09-10,EFFR,1.92,1.9,1.91,1.93,2.06,1.75,2.0,74,,
2018-09-11,EFFR,1.92,1.89,1.91,1.93,2.06,1.75,2.0,75,,
2018-09-12,EFFR,1.92,1.9,1.91,1.93,2.06,1.75,2.0,75,,
2018-09-13,EFFR,1.92,1.9,1.91,1.92,2.06,1.75,2.0,76,,
2018-09-14,EFFR,1.92,1.9,1.91,1.92,2.06,1.75,2.0,68,,
2018-09-17,EFFR,1.92,1.9,1.91,1.93,2.09,1.75,2.0,62,,
2018-09-18,EFFR,1.92,1.9,1.91,1.93,2.1,1.75,2.0,54,,
2018-09-19,EFFR,1.92,1.9,1.91,1.93,2.1,1.75,2.0,60,,
2018-09-20,EFFR,1.92,1.9,1.91,1.93,2.1,1.75,2.0,69,,
2018-09-21,EFFR,1.92,1.89,1.92,1.93,2.1,1.75,2.0,69,,
2018-09-24,EFFR,1.93,1.9,1.92,1.93,2.07,1.75,2.0,68,,
2018-09-25,EFFR,1.93,1.9,1.92,1.93,2.1,1.75,2.0,67,,
2018-09-26,EFFR,1.93,1.9,1.92,1.93,2.06,1.75,2.0,71,,
2018-09-27,EFFR,2.18,1.93,2.17,2.18,2.35,2.0,2.25,76,,
2018-09-28,EFFR,2.18,2.13,2.17,2.18,2.35,2.0,2.25,70,,
2018-10-01,EFFR,2.18,2.15,2.17,2.18,2.35,2.0,2.25,55,,
2018-10-02,EFFR,2.18,2.16,2.17,2.18,2.35,2.0,2.25,62,,
2018-10-03,EFFR,2.18,2.16,2.17,2.19,2.35,2.0,2.25,67,,
2018-10-04,EFFR,2.18,2.15,2.17,2.19,2.35,2.0,2.25,73,,
2018-10-05,EFFR,2.18,2.16,2.17,2.19,2.35,2.0,2.25,64,,
2018-10-09,EFFR,2.18,2.16,2.17,2.19,2.35,2.0,2.25,57,,
2018-10-10,EFFR,2.18,2.16,2.17,2.19,2.35,2.0,2.25,64,,
2018-10-11,EFFR,2.18,2.16,2.17,2.19,2.35,2.0,2.25,66,,
2018-10-12,EFFR,2.18,2.16,2.17,2.19,2.35,2.0,2.25,69,,
2018-10-15,EFFR,2.18,2.16,2.17,2.19,2.35,2.0,2.25,58,,
2018-10-16,EFFR,2.18,2.16,2.17,2.19,2.35,2.0,2.25,59,,
2018-10-17,EFFR,2.19,2.17,2.18,2.19,2.35,2.0,2.25,54,,
2018-10-18,EFFR,2.19,2.15,2.18,2.19,2.35,2.0,2.25,54,,
2018-10-19,EFFR,2.19,2.15,2.18,2.19,2.35,2.0,2.25,58,,
2018-10-22,EFFR,2.19,2.17,2.18,2.19,2.35,2.0,2.25,54,,
2018-10-23,EFFR,2.2,2.17,2.18,2.2,2.35,2.0,2.25,58,,
2018-10-24,EFFR,2.2,2.17,2.18,2.2,2.35,2.0,2.25,60,,
2018-10-25,EFFR,2.2,2.17,2.18,2.2,2.35,2.0,2.25,67,,
2018-10-26,EFFR,2.2,2.17,2.19,2.2,2.35,2.0,2.25,64,,
2018-10-29,EFFR,2.2,2.17,2.19,2.2,2.35,2.0,2.25,59,,
2018-10-30,EFFR,2.2,2.15,2.19,2.2,2.35,2.0,2.25,60,,
2018-10-31,EFFR,2.2,2.15,2.19,2.2,2.35,2.0,2.25,58,,
2018-11-01,EFFR,2.2,2.16,2.19,2.2,2.35,2.0,2.25,68,,
2018-11-02,EFFR,2.19,2.17,2.19,2.2,2.35,2.0,2.25,74,,
2018-11-05,EFFR,2.2,2.16,2.19,2.2,2.35,2.0,2.25,70,,
2018-11-06,EFFR,2.2,2.16,2.19,2.2,2.35,2.0,2.25,71,,
2018-11-07,EFFR,2.2,2.16,2.19,2.2,2.35,2.0,2.25,67,,
2018-11-08,EFFR,2.2,2.15,2.19,2.2,2.35,2.0,2.25,64,,
2018-11-09,EFFR,2.19,2.17,2.19,2.2,2.35,2.0,2.25,66,,
2018-11-13,EFFR,2.2,2.17,2.19,2.2,2.35,2.0,2.25,60,,
2018-11-14,EFFR,2.2,2.17,2.19,2.2,2.35,2.0,2.25,62,,
2018-11-15,EFFR,2.2,2.18,2.19,2.2,2.35,2.0,2.25,60,,
2018-11-16,EFFR,2.2,2.17,2.19,2.2,2.35,2.0,2.25,69,,
2018-11-19,EFFR,2.2,2.17,2.19,2.2,2.35,2.0,2.25,67,,
2018-11-20,EFFR,2.2,2.17,2.19,2.2,2.35,2.0,2.25,61,,
2018-11-21,EFFR,2.2,2.17,2.19,2.2,2.35,2.0,2.25,59,,
2018-11-23,EFFR,2.2,2.16,2.19,2.2,2.35,2.0,2.25,65,,
2018-11-26,EFFR,2.2,2.16,2.19,2.2,2.35,2.0,2.25,62,,
2018-11-27,EFFR,2.2,2.16,2.19,2.2,2.35,2.0,2.25,57,,
2018-11-28,EFFR,2.2,2.16,2.19,2.2,2.35,2.0,2.25,65,,
2018-11-29,EFFR,2.2,2.17,2.19,2.2,2.35,2.0,2.25,69,,
2018-11-30,EFFR,2.2,2.17,2.19,2.2,2.35,2.0,2.25,75,,
2018-12-03,EFFR,2.19,2.17,2.19,2.2,2.35,2.0,2.25,83,,
2018-12-04,EFFR,2.2,2.17,2.19,2.2,2.35,2.0,2.25,78,,
2018-12-05,EFFR,2.2,2.17,2.19,2.2,2.35,2.0,2.25,66,,
2018-12-06,EFFR,2.2,2.17,2.19,2.2,2.35,2.0,2.25,71,,
2018-12-07,EFFR,2.19,2.17,2.19,2.2,2.35,2.0,2.25,73,,
2018-12-10,EFFR,2.2,2.17,2.19,2.2,2.35,2.0,2.25,70,,
2018-12-11,EFFR,2.19,2.17,2.19,2.2,2.35,2.0,2.25,72,,
2018-12-12,EFFR,2.19,2.17,2.19,2.2,2.35,2.0,2.25,74,,
2018-12-13,EFFR,2.19,2.17,2.19,2.2,2.35,2.0,2.25,70,,
2018-12-14,EFFR,2.19,2.17,2.19,2.2,2.35,2.0,2.25,64,,
2018-12-17,EFFR,2.2,2.17,2.19,2.2,2.35,2.0,2.25,66,,
2018-12-18,EFFR,2.2,2.17,2.19,2.2,2.35,2.0,2.25,61,,
2018-12-19,EFFR,2.2,2.16,2.19,2.21,2.35,2.0,2.25,72,,
2018-12-20,EFFR,2.4,2.37,2.39,2.41,2.6,2.25,2.5,50,,
2018-12-21,EFFR,2.4,2.37,2.39,2.41,2.6,2.25,2.5,69,,
2018-12-24,EFFR,2.4,2.37,2.39,2.41,2.6,2.25,2.5,69,,
2018-12-26,EFFR,2.4,2.37,2.4,2.41,2.6,2.25,2.5,67,,
2018-12-27,EFFR,2.4,2.34,2.39,2.41,2.6,2.25,2.5,71,,
2018-12-28,EFFR,2.4,2.35,2.39,2.41,2.6,2.25,2.5,67,,
2018-12-31,EFFR,2.4,2.25,2.4,2.41,2.6,2.25,2.5,55,,
2019-01-02,EFFR,2.4,2.36,2.4,2.41,2.6,2.25,2.5,56,,
2019-01-03,EFFR,2.4,2.34,2.4,2.41,2.6,2.25,2.5,62,,
2019-01-04,EFFR,2.4,2.37,2.4,2.41,2.6,2.25,2.5,68,,
2019-01-07,EFFR,2.4,2.34,2.4,2.41,2.6,2.25,2.5,68,,
2019-01-08,EFFR,2.4,2.35,2.4,2.41,2.6,2.25,2.5,70,,
2019-01-09,EFFR,2.4,2.37,2.4,2.41,2.6,2.25,2.5,64,,
2019-01-10,EFFR,2.4,2.37,2.4,2.41,2.6,2.25,2.5,65,,
2019-01-11,EFFR,2.4,2.35,2.39,2.41,2.6,2.25,2.5,63,,
2019-01-14,EFFR,2.4,2.37,2.4,2.41,2.6,2.25,2.5,59,,
2019-01-15,EFFR,2.4,2.37,2.4,2.41,2.6,2.25,2.5,58,,
2019-01-16,EFFR,2.4,2.36,2.4,2.41,2.6,2.25,2.5,63,,
2019-01-17,EFFR,2.4,2.37,2.4,2.41,2.6,2.25,2.5,63,,
2019-01-18,EFFR,2.4,2.35,2.4,2.41,2.6,2.25,2.5,58,,
2019-01-22,EFFR,2.4,2.36,2.4,2.41,2.6,2.25,2.5,48,,
2019-01-23,EFFR,2.4,2.36,2.4,2.41,2.6,2.25,2.5,55,,
2019-01-24,EFFR,2.4,2.34,2.4,2.41,2.6,2.25,2.5,64,,
2019-01-25,EFFR,2.4,2.37,2.39,2.41,2.6,2.25,2.5,69,,
2019-01-28,EFFR,2.4,2.36,2.4,2.41,2.6,2.25,2.5,68,,
2019-01-29,EFFR,2.4,2.36,2.4,2.41,2.6,2.25,2.5,60,,
2019-01-30,EFFR,2.4,2.37,2.4,2.41,2.6,2.25,2.5,63,,
2019-01-31,EFFR,2.4,2.36,2.4,2.41,2.6,2.25,2.5,66,,
2019-02-01,EFFR,2.4,2.34,2.4,2.4,2.6,2.25,2.5,76,,
2019-02-04,EFFR,2.4,2.34,2.39,2.4,2.6,2.25,2.5,82,,
2019-02-05,EFFR,2.4,2.35,2.39,2.4,2.6,2.25,2.5,83,,
2019-02-06,EFFR,2.4,2.37,2.39,2.4,2.6,2.25,2.5,83,,
2019-02-07,EFFR,2.4,2.37,2.39,2.4,2.6,2.25,2.5,78,,
2019-02-08,EFFR,2.4,2.37,2.39,2.4,2.6,2.25,2.5,77,,
2019-02-11,EFFR,2.4,2.37,2.4,2.41,2.6,2.25,2.5,65,,
2019-02-12,EFFR,2.4,2.36,2.4,2.41,2.6,2.25,2.5,65,,
2019-02-13,EFFR,2.4,2.34,2.4,2.41,2.6,2.25,2.5,65,,
2019-02-14,EFFR,2.4,2.37,2.4,2.4,2.6,2.25,2.5,68,,
2019-02-15,EFFR,2.4,2.37,2.4,2.41,2.6,2.25,2.5,56,,
2019-02-19,EFFR,2.4,2.37,2.4,2.41,2.6,2.25,2.5,61,,
2019-02-20,EFFR,2.4,2.37,2.4,2.41,2.6,2.25,2.5,62,,
2019-02-21,EFFR,2.4,2.37,2.4,2.41,2.6,2.25,2.5,74,,
2019-02-22,EFFR,2.4,2.37,2.4,2.41,2.6,2.25,2.5,77,,
2019-02-25,EFFR,2.4,2.37,2.4,2.41,2.6,2.25,2.5,72,,
2019-02-26,EFFR,2.4,2.37,2.4,2.41,2.6,2.25,2.5,71,,
2019-02-27,EFFR,2.4,2.37,2.4,2.41,2.6,2.25,2.5,80,,
2019-02-28,EFFR,2.4,2.37,2.4,2.41,2.6,2.25,2.5,75,,
2019-03-01,EFFR,2.4,2.34,2.39,2.41,2.6,2.25,2.5,93,,
2019-03-04,EFFR,2.4,2.37,2.39,2.41,2.6,2.25,2.5,87,,
2019-03-05,EFFR,2.4,2.37,2.39,2.41,2.6,2.25,2.5,88,,
2019-03-06,EFFR,2.4,2.37,2.39,2.4,2.55,2.25,2.5,83,,
2019-03-07,EFFR,2.4,2.37,2.4,2.41,2.6,2.25,2.5,79,,
2019-03-08,EFFR,2.4,2.35,2.4,2.41,2.54,2.25,2.5,81,,
2019-03-11,EFFR,2.4,2.37,2.4,2.4,2.55,2.25,2.5,79,,
2019-03-12,EFFR,2.4,2.37,2.4,2.4,2.54,2.25,2.5,75,,
2019-03-13,EFFR,2.4,2.37,2.4,2.4,2.55,2.25,2.5,74,,
2019-03-14,EFFR,2.4,2.37,2.4,2.4,2.6,2.25,2.5,78,,
2019-03-15,EFFR,2.4,2.37,2.4,2.41,2.6,2.25,2.5,69,,
2019-03-18,EFFR,2.4,2.34,2.4,2.41,2.6,2.25,2.5,63,,
2019-03-19,EFFR,2.4,2.37,2.4,2.41,2.6,2.25,2.5,61,,
2019-03-20,EFFR,2.41,2.35,2.4,2.41,2.6,2.25,2.5,73,,
2019-03-21,EFFR,2.41,2.37,2.4,2.41,2.6,2.25,2.5,69,,
2019-03-22,EFFR,2.41,2.37,2.4,2.41,2.6,2.25,2.5,70,,
2019-03-25,EFFR,2.4,2.37,2.4,2.41,2.6,2.25,2.5,78,,
2019-03-26,EFFR,2.4,2.37,2.4,2.41,2.55,2.25,2.5,76,,
2019-03-27,EFFR,2.41,2.37,2.4,2.41,2.6,2.25,2.5,72,,
2019-03-28,EFFR,2.41,2.37,2.4,2.41,2.6,2.25,2.5,74,,
2019-03-29,EFFR,2.43,2.35,2.41,2.43,2.6,2.25,2.5,71,,
2019-04-01,EFFR,2.41,2.37,2.4,2.41,2.6,2.25,2.5,66,,
2019-04-02,EFFR,2.41,2.35,2.4,2.41,2.6,2.25,2.5,78,,
2019-04-03,EFFR,2.41,2.37,2.4,2.41,2.6,2.25,2.5,79,,
2019-04-04,EFFR,2.41,2.37,2.4,2.41,2.6,2.25,2.5,79,,
2019-04-05,EFFR,2.41,2.37,2.4,2.41,2.6,2.25,2.5,73,,
2019-04-08,EFFR,2.41,2.37,2.4,2.42,2.55,2.25,2.5,72,,
2019-04-09,EFFR,2.41,2.37,2.4,2.42,2.55,2.25,2.5,72,,
2019-04-10,EFFR,2.41,2.37,2.4,2.42,2.55,2.25,2.5,72,,
2019-04-11,EFFR,2.41,2.37,2.4,2.41,2.6,2.25,2.5,73,,
2019-04-12,EFFR,2.41,2.37,2.4,2.41,2.55,2.25,2.5,67,,
2019-04-15,EFFR,2.41,2.37,2.4,2.41,2.6,2.25,2.5,57,,
2019-04-16,EFFR,2.41,2.37,2.4,2.42,2.6,2.25,2.5,55,,
2019-04-17,EFFR,2.42,2.35,2.41,2.43,2.6,2.25,2.5,55,,
2019-04-18,EFFR,2.43,2.37,2.42,2.43,2.6,2.25,2.5,58,,
2019-04-19,EFFR,2.44,2.37,2.42,2.44,2.6,2.25,2.5,59,,
2019-04-22,EFFR,2.44,2.37,2.42,2.45,2.6,2.25,2.5,54,,
2019-04-23,EFFR,2.44,2.37,2.43,2.45,2.6,2.25,2.5,53,,
2019-04-24,EFFR,2.44,2.37,2.43,2.45,2.6,2.25,2.5,59,,
2019-04-25,EFFR,2.44,2.37,2.43,2.45,2.6,2.25,2.5,65,,
2019-04-26,EFFR,2.44,2.37,2.43,2.45,2.6,2.25,2.5,73,,
2019-04-29,EFFR,2.45,2.4,2.43,2.45,2.6,2.25,2.5,60,,
2019-04-30,EFFR,2.45,2.35,2.43,2.45,2.6,2.25,2.5,68,,
2019-05-01,EFFR,2.45,2.37,2.43,2.45,2.56,2.25,2.5,77,,
2019-05-02,EFFR,2.41,2.33,2.4,2.41,2.55,2.25,2.5,69,,
2019-05-03,EFFR,2.4,2.32,2.39,2.41,2.55,2.25,2.5,74,,
2019-05-06,EFFR,2.4,2.3,2.38,2.41,2.55,2.25,2.5,69,,
2019-05-07,EFFR,2.4,2.33,2.38,2.4,2.55,2.25,2.5,64,,
2019-05-08,EFFR,2.39,2.33,2.37,2.4,2.55,2.25,2.5,70,,
2019-05-09,EFFR,2.38,2.33,2.36,2.4,2.55,2.25,2.5,73,,
2019-05-10,EFFR,2.38,2.33,2.36,2.4,2.53,2.25,2.5,71,,
2019-05-13,EFFR,2.38,2.3,2.36,2.39,2.55,2.25,2.5,67,,
2019-05-14,EFFR,2.38,2.33,2.36,2.39,2.53,2.25,2.5,64,,
2019-05-15,EFFR,2.4,2.33,2.39,2.4,2.53,2.25,2.5,62,,
2019-05-16,EFFR,2.39,2.33,2.38,2.4,2.55,2.25,2.5,61,,
2019-05-17,EFFR,2.39,2.33,2.38,2.4,2.55,2.25,2.5,67,,
2019-05-20,EFFR,2.39,2.33,2.38,2.39,2.55,2.25,2.5,56,,
2019-05-21,EFFR,2.39,2.33,2.37,2.39,2.55,2.25,2.5,64,,
2019-05-22,EFFR,2.38,2.33,2.37,2.39,2.55,2.25,2.5,67,,
2019-05-23,EFFR,2.38,2.33,2.37,2.39,2.55,2.25,2.5,71,,
2019-05-24,EFFR,2.38,2.33,2.37,2.39,2.55,2.25,2.5,66,,
2019-05-28,EFFR,2.39,2.3,2.38,2.39,2.55,2.25,2.5,64,,
2019-05-29,EFFR,2.39,2.27,2.38,2.39,2.55,2.25,2.5,58,,
2019-05-30,EFFR,2.39,2.33,2.37,2.39,2.55,2.25,2.5,60,,
2019-05-31,EFFR,2.4,2.3,2.38,2.4,2.58,2.25,2.5,65,,
2019-06-03,EFFR,2.38,2.33,2.36,2.39,2.5,2.25,2.5,76,,
2019-06-04,EFFR,2.38,2.3,2.35,2.39,2.5,2.25,2.5,71,,
2019-06-05,EFFR,2.38,2.33,2.35,2.39,2.5,2.25,2.5,66,,
2019-06-06,EFFR,2.37,2.33,2.35,2.38,2.48,2.25,2.5,71,,
2019-06-07,EFFR,2.37,2.3,2.35,2.38,2.45,2.25,2.5,68,,
2019-06-10,EFFR,2.37,2.33,2.36,2.38,2.46,2.25,2.5,62,,
2019-06-11,EFFR,2.37,2.33,2.35,2.38,2.45,2.25,2.5,66,,
2019-06-12,EFFR,2.37,2.3,2.35,2.38,2.45,2.25,2.5,69,,
2019-06-13,EFFR,2.37,2.27,2.35,2.38,2.45,2.25,2.5,64,,
2019-06-14,EFFR,2.36,2.3,2.35,2.37,2.45,2.25,2.5,63,,
2019-06-17,EFFR,2.38,2.27,2.37,2.38,2.45,2.25,2.5,55,,
2019-06-18,EFFR,2.37,2.33,2.37,2.38,2.45,2.25,2.5,59,,
2019-06-19,EFFR,2.37,2.3,2.36,2.38,2.45,2.25,2.5,60,,
2019-06-20,EFFR,2.37,2.33,2.36,2.38,2.45,2.25,2.5,61,,
2019-06-21,EFFR,2.38,2.33,2.36,2.38,2.45,2.25,2.5,65,,
2019-06-24,EFFR,2.38,2.33,2.37,2.38,2.45,2.25,2.5,63,,
2019-06-25,EFFR,2.38,2.33,2.37,2.39,2.45,2.25,2.5,70,,
2019-06-26,EFFR,2.38,2.33,2.35,2.39,2.45,2.25,2.5,70,,
2019-06-27,EFFR,2.38,2.33,2.35,2.39,2.44,2.25,2.5,76,,
2019-06-28,EFFR,2.4,2.27,2.38,2.4,2.43,2.25,2.5,73,,
2019-07-01,EFFR,2.39,2.3,2.37,2.4,2.45,2.25,2.5,73,,
2019-07-02,EFFR,2.4,2.32,2.4,2.4,2.44,2.25,2.5,71,,
2019-07-03,EFFR,2.41,2.33,2.4,2.42,2.45,2.25,2.5,75,,
2019-07-05,EFFR,2.42,2.31,2.4,2.43,2.45,2.25,2.5,72,,
2019-07-08,EFFR,2.41,2.33,2.4,2.42,2.43,2.25,2.5,76,,
2019-07-09,EFFR,2.41,2.33,2.39,2.42,2.43,2.25,2.5,75,,
2019-07-10,EFFR,2.41,2.33,2.38,2.42,2.43,2.25,2.5,78,,
2019-07-11,EFFR,2.4,2.3,2.37,2.41,2.44,2.25,2.5,77,,
2019-07-12,EFFR,2.38,2.27,2.36,2.39,2.43,2.25,2.5,69,,
2019-07-15,EFFR,2.4,2.33,2.39,2.4,2.43,2.25,2.5,63,,
2019-07-16,EFFR,2.41,2.3,2.4,2.42,2.43,2.25,2.5,64,,
2019-07-17,EFFR,2.41,2.3,2.4,2.42,2.43,2.25,2.5,62,,
2019-07-18,EFFR,2.41,2.3,2.4,2.42,2.45,2.25,2.5,55,,
2019-07-19,EFFR,2.41,2.3,2.39,2.41,2.43,2.25,2.5,58,,
2019-07-22,EFFR,2.4,2.33,2.4,2.41,2.43,2.25,2.5,60,,
2019-07-23,EFFR,2.4,2.3,2.39,2.41,2.43,2.25,2.5,60,,
2019-07-24,EFFR,2.4,2.33,2.38,2.41,2.43,2.25,2.5,65,,
2019-07-25,EFFR,2.4,2.32,2.38,2.41,2.43,2.25,2.5,69,,
2019-07-26,EFFR,2.4,2.33,2.36,2.41,2.43,2.25,2.5,78,,
2019-07-29,EFFR,2.4,2.33,2.37,2.41,2.43,2.25,2.5,77,,
2019-07-30,EFFR,2.39,2.33,2.37,2.41,2.45,2.25,2.5,72,,
2019-07-31,EFFR,2.4,2.3,2.37,2.41,2.43,2.25,2.5,70,,
2019-08-01,EFFR,2.14,2.05,2.1,2.15,2.2,2.0,2.25,81,,
2019-08-02,EFFR,2.14,2.08,2.1,2.15,2.18,2.0,2.25,74,,
2019-08-05,EFFR,2.13,2.08,2.1,2.14,2.18,2.0,2.25,68,,
2019-08-06,EFFR,2.13,2.08,2.1,2.14,2.18,2.0,2.25,65,,
2019-08-07,EFFR,2.12,2.08,2.1,2.13,2.18,2.0,2.25,66,,
2019-08-08,EFFR,2.12,2.08,2.1,2.13,2.18,2.0,2.25,62,,
2019-08-09,EFFR,2.12,2.05,2.1,2.13,2.18,2.0,2.25,69,,
2019-08-12,EFFR,2.12,2.07,2.1,2.13,2.18,2.0,2.25,68,,
2019-08-13,EFFR,2.12,2.07,2.1,2.13,2.18,2.0,2.25,66,,
2019-08-14,EFFR,2.12,2.07,2.1,2.13,2.18,2.0,2.25,60,,
2019-08-15,EFFR,2.13,2.07,2.11,2.13,2.18,2.0,2.25,61,,
2019-08-16,EFFR,2.13,2.05,2.11,2.14,2.18,2.0,2.25,62,,
2019-08-19,EFFR,2.13,2.08,2.11,2.13,2.18,2.0,2.25,56,,
2019-08-20,EFFR,2.13,2.08,2.11,2.14,2.18,2.0,2.25,55,,
2019-08-21,EFFR,2.12,2.08,2.11,2.13,2.18,2.0,2.25,65,,
2019-08-22,EFFR,2.12,2.07,2.11,2.13,2.18,2.0,2.25,65,,
2019-08-23,EFFR,2.12,2.05,2.11,2.13,2.18,2.0,2.25,68,,
2019-08-26,EFFR,2.12,2.05,2.11,2.13,2.18,2.0,2.25,64,,
2019-08-27,EFFR,2.12,2.07,2.11,2.13,2.18,2.0,2.25,62,,
2019-08-28,EFFR,2.12,2.05,2.1,2.13,2.18,2.0,2.25,62,,
2019-08-29,EFFR,2.12,2.07,2.1,2.13,2.18,2.0,2.25,62,,
2019-08-30,EFFR,2.13,2.01,2.11,2.13,2.18,2.0,2.25,66,,
2019-09-03,EFFR,2.13,2.08,2.11,2.14,2.2,2.0,2.25,71,,
2019-09-04,EFFR,2.13,2.08,2.11,2.14,2.18,2.0,2.25,72,,
2019-09-05,EFFR,2.13,2.08,2.11,2.14,2.18,2.0,2.25,65,,
2019-09-06,EFFR,2.12,2.07,2.11,2.14,2.16,2.0,2.25,69,,
2019-09-09,EFFR,2.13,2.07,2.11,2.14,2.18,2.0,2.25,64,,
2019-09-10,EFFR,2.13,2.08,2.11,2.14,2.17,2.0,2.25,63,,
2019-09-11,EFFR,2.13,2.05,2.11,2.14,2.17,2.0,2.25,61,,
2019-09-12,EFFR,2.13,2.08,2.12,2.14,2.16,2.0,2.25,60,,
2019-09-13,EFFR,2.14,2.08,2.13,2.15,2.18,2.0,2.25,53,,
2019-09-16,EFFR,2.25,2.1,2.16,2.45,3.0,2.0,2.25,46,,
2019-09-17,EFFR,2.3,2.05,2.15,2.5,4.0,2.0,2.25,61,,
2019-09-18,EFFR,2.25,2.08,2.18,2.25,2.5,2.0,2.25,58,,
2019-09-19,EFFR,1.9,1.75,1.85,1.9,1.95,1.75,2.0,59,,
2019-09-20,EFFR,1.9,1.78,1.85,1.9,1.95,1.75,2.0,65,,
2019-09-23,EFFR,1.9,1.78,1.85,1.9,1.95,1.75,2.0,74,,
2019-09-24,EFFR,1.9,1.78,1.85,1.92,1.95,1.75,2.0,71,,
2019-09-25,EFFR,1.9,1.75,1.85,1.93,1.95,1.75,2.0,77,,
2019-09-26,EFFR,1.85,1.75,1.8,1.89,1.94,1.75,2.0,89,,
2019-09-27,EFFR,1.83,1.77,1.8,1.87,1.91,1.75,2.0,85,,
2019-09-30,EFFR,1.9,1.78,1.9,1.95,2.0,1.75,2.0,59,,
2019-10-01,EFFR,1.88,1.75,1.82,1.89,1.91,1.75,2.0,75,,
2019-10-02,EFFR,1.85,1.75,1.8,1.88,1.92,1.75,2.0,76,,
2019-10-03,EFFR,1.83,1.75,1.8,1.87,1.9,1.75,2.0,80,,
2019-10-04,EFFR,1.82,1.76,1.8,1.85,1.9,1.75,2.0,80,,
2019-10-07,EFFR,1.82,1.75,1.8,1.83,1.88,1.75,2.0,76,,
2019-10-08,EFFR,1.82,1.75,1.8,1.83,1.89,1.75,2.0,69,,
2019-10-09,EFFR,1.82,1.75,1.8,1.83,1.88,1.75,2.0,66,,
2019-10-10,EFFR,1.82,1.75,1.8,1.83,1.9,1.75,2.0,61,,
2019-10-11,EFFR,1.82,1.75,1.8,1.83,1.88,1.75,2.0,60,,
2019-10-15,EFFR,1.9,1.78,1.85,1.9,1.95,1.75,2.0,69,,
2019-10-16,EFFR,1.9,1.78,1.85,1.95,2.0,1.75,2.0,76,,
2019-10-17,EFFR,1.85,1.78,1.85,1.88,1.9,1.75,2.0,66,,
2019-10-18,EFFR,1.85,1.77,1.84,1.85,1.9,1.75,2.0,61,,
2019-10-21,EFFR,1.85,1.78,1.83,1.85,1.89,1.75,2.0,60,,
2019-10-22,EFFR,1.85,1.76,1.82,1.85,1.88,1.75,2.0,67,,
2019-10-23,EFFR,1.85,1.75,1.81,1.85,1.9,1.75,2.0,65,,
2019-10-24,EFFR,1.85,1.75,1.82,1.85,1.89,1.75,2.0,65,,
2019-10-25,EFFR,1.83,1.75,1.81,1.84,1.89,1.75,2.0,73,,
2019-10-28,EFFR,1.83,1.76,1.81,1.83,1.88,1.75,2.0,72,,
2019-10-29,EFFR,1.82,1.75,1.8,1.83,1.88,1.75,2.0,72,,
2019-10-30,EFFR,1.82,1.78,1.8,1.83,1.88,1.75,2.0,69,,
2019-10-31,EFFR,1.58,1.5,1.57,1.6,1.68,1.5,1.75,71,,
2019-11-01,EFFR,1.57,1.5,1.55,1.58,1.63,1.5,1.75,83,,
2019-11-04,EFFR,1.56,1.51,1.55,1.57,1.61,1.5,1.75,83,,
2019-11-05,EFFR,1.56,1.52,1.55,1.56,1.63,1.5,1.75,81,,
2019-11-06,EFFR,1.55,1.5,1.54,1.56,1.63,1.5,1.75,80,,
2019-11-07,EFFR,1.55,1.5,1.54,1.56,1.63,1.5,1.75,76,,
2019-11-08,EFFR,1.55,1.52,1.55,1.56,1.62,1.5,1.75,71,,
2019-11-12,EFFR,1.55,1.52,1.55,1.57,1.62,1.5,1.75,71,,
2019-11-13,EFFR,1.55,1.5,1.54,1.56,1.62,1.5,1.75,71,,
2019-11-14,EFFR,1.55,1.5,1.54,1.57,1.63,1.5,1.75,68,,
2019-11-15,EFFR,1.55,1.5,1.54,1.56,1.62,1.5,1.75,73,,
2019-11-18,EFFR,1.55,1.53,1.55,1.57,1.63,1.5,1.75,62,,
2019-11-19,EFFR,1.55,1.53,1.55,1.57,1.64,1.5,1.75,64,,
2019-11-20,EFFR,1.55,1.52,1.55,1.57,1.64,1.5,1.75,70,,
2019-11-21,EFFR,1.55,1.53,1.55,1.57,1.64,1.5,1.75,67,,
2019-11-22,EFFR,1.55,1.51,1.55,1.57,1.63,1.5,1.75,65,,
2019-11-25,EFFR,1.55,1.52,1.54,1.56,1.65,1.5,1.75,69,,
2019-11-26,EFFR,1.55,1.52,1.54,1.56,1.63,1.5,1.75,71,,
2019-11-27,EFFR,1.55,1.52,1.54,1.56,1.63,1.5,1.75,68,,
2019-11-29,EFFR,1.56,1.52,1.55,1.58,1.63,1.5,1.75,70,,
2019-12-02,EFFR,1.56,1.53,1.55,1.57,1.63,1.5,1.75,72,,
2019-12-03,EFFR,1.55,1.52,1.54,1.56,1.63,1.5,1.75,76,,
2019-12-04,EFFR,1.55,1.5,1.54,1.56,1.63,1.5,1.75,75,,
2019-12-05,EFFR,1.55,1.5,1.54,1.56,1.62,1.5,1.75,70,,
2019-12-06,EFFR,1.55,1.51,1.54,1.56,1.61,1.5,1.75,82,,
2019-12-09,EFFR,1.55,1.5,1.54,1.56,1.61,1.5,1.75,73,,
2019-12-10,EFFR,1.55,1.5,1.54,1.56,1.6,1.5,1.75,75,,
2019-12-11,EFFR,1.55,1.52,1.54,1.56,1.61,1.5,1.75,73,,
2019-12-12,EFFR,1.55,1.5,1.54,1.56,1.6,1.5,1.75,75,,
2019-12-13,EFFR,1.55,1.52,1.54,1.56,1.61,1.5,1.75,70,,
2019-12-16,EFFR,1.56,1.52,1.55,1.6,1.61,1.5,1.75,69,,
2019-12-17,EFFR,1.55,1.51,1.54,1.56,1.6,1.5,1.75,68,,
2019-12-18,EFFR,1.55,1.5,1.54,1.56,1.61,1.5,1.75,74,,
2019-12-19,EFFR,1.55,1.5,1.54,1.56,1.61,1.5,1.75,73,,
2019-12-20,EFFR,1.55,1.5,1.54,1.56,1.61,1.5,1.75,69,,
2019-12-23,EFFR,1.55,1.5,1.54,1.56,1.62,1.5,1.75,69,,
2019-12-24,EFFR,1.55,1.5,1.54,1.56,1.61,1.5,1.75,71,,
2019-12-26,EFFR,1.55,1.5,1.54,1.56,1.61,1.5,1.75,75,,
2019-12-27,EFFR,1.55,1.5,1.54,1.56,1.6,1.5,1.75,73,,
2019-12-30,EFFR,1.55,1.5,1.54,1.56,1.61,1.5,1.75,72,,
2019-12-31,EFFR,1.55,1.0,1.53,1.58,1.65,1.5,1.75,51,,
2020-01-02,EFFR,1.55,1.52,1.54,1.55,1.61,1.5,1.75,74,,
2020-01-03,EFFR,1.55,1.5,1.54,1.55,1.61,1.5,1.75,79,,
2020-01-06,EFFR,1.55,1.52,1.54,1.55,1.6,1.5,1.75,77,,
2020-01-07,EFFR,1.55,1.51,1.54,1.55,1.6,1.5,1.75,80,,
2020-01-08,EFFR,1.55,1.5,1.54,1.55,1.6,1.5,1.75,83,,
2020-01-09,EFFR,1.55,1.52,1.54,1.55,1.6,1.5,1.75,81,,
2020-01-10,EFFR,1.54,1.51,1.54,1.55,1.6,1.5,1.75,83,,
2020-01-13,EFFR,1.54,1.51,1.54,1.55,1.6,1.5,1.75,85,,
2020-01-14,EFFR,1.54,1.5,1.54,1.55,1.6,1.5,1.75,76,,
2020-01-15,EFFR,1.54,1.52,1.54,1.55,1.6,1.5,1.75,76,,
2020-01-16,EFFR,1.54,1.51,1.54,1.55,1.6,1.5,1.75,78,,
2020-01-17,EFFR,1.55,1.52,1.54,1.56,1.61,1.5,1.75,67,,
2020-01-21,EFFR,1.55,1.53,1.54,1.56,1.62,1.5,1.75,64,,
2020-01-22,EFFR,1.55,1.52,1.54,1.56,1.63,1.5,1.75,69,,
2020-01-23,EFFR,1.55,1.5,1.54,1.56,1.65,1.5,1.75,67,,
2020-01-24,EFFR,1.55,1.52,1.54,1.56,1.61,1.5,1.75,70,,
2020-01-27,EFFR,1.55,1.52,1.54,1.56,1.65,1.5,1.75,71,,
2020-01-28,EFFR,1.55,1.52,1.54,1.56,1.63,1.5,1.75,69,,
2020-01-29,EFFR,1.55,1.52,1.54,1.56,1.65,1.5,1.75,71,,
2020-01-30,EFFR,1.6,1.57,1.59,1.61,1.68,1.5,1.75,64,,
2020-01-31,EFFR,1.59,1.5,1.58,1.61,1.66,1.5,1.75,78,,
2020-02-03,EFFR,1.59,1.55,1.58,1.6,1.66,1.5,1.75,79,,
2020-02-04,EFFR,1.59,1.57,1.58,1.6,1.65,1.5,1.75,80,,
2020-02-05,EFFR,1.59,1.57,1.58,1.59,1.65,1.5,1.75,83,,
2020-02-06,EFFR,1.59,1.55,1.58,1.59,1.65,1.5,1.75,79,,
2020-02-07,EFFR,1.58,1.55,1.58,1.59,1.65,1.5,1.75,77,,
2020-02-10,EFFR,1.58,1.55,1.58,1.59,1.65,1.5,1.75,69,,
2020-02-11,EFFR,1.58,1.57,1.58,1.6,1.65,1.5,1.75,66,,
2020-02-12,EFFR,1.58,1.55,1.58,1.59,1.64,1.5,1.75,74,,
2020-02-13,EFFR,1.58,1.57,1.58,1.6,1.64,1.5,1.75,69,,
2020-02-14,EFFR,1.58,1.57,1.58,1.6,1.64,1.5,1.75,61,,
2020-02-18,EFFR,1.59,1.57,1.58,1.6,1.65,1.5,1.75,61,,
2020-02-19,EFFR,1.59,1.55,1.58,1.6,1.65,1.5,1.75,64,,
2020-02-20,EFFR,1.59,1.57,1.58,1.6,1.65,1.5,1.75,60,,
2020-02-21,EFFR,1.58,1.55,1.58,1.6,1.65,1.5,1.75,65,,
2020-02-24,EFFR,1.58,1.55,1.58,1.6,1.65,1.5,1.75,63,,
2020-02-25,EFFR,1.58,1.56,1.58,1.6,1.65,1.5,1.75,64,,
2020-02-26,EFFR,1.58,1.55,1.58,1.6,1.65,1.5,1.75,62,,
2020-02-27,EFFR,1.58,1.5,1.58,1.59,1.65,1.5,1.75,65,,
2020-02-28,EFFR,1.58,1.5,1.58,1.6,1.65,1.5,1.75,61,,
2020-03-02,EFFR,1.59,1.55,1.58,1.6,1.65,1.5,1.75,58,,
2020-03-03,EFFR,1.59,1.55,1.58,1.6,1.65,1.5,1.75,58,,
2020-03-04,EFFR,1.09,1.05,1.08,1.1,1.15,1.0,1.25,80,,
2020-03-05,EFFR,1.09,1.0,1.08,1.1,1.15,1.0,1.25,78,,
2020-03-06,EFFR,1.09,1.05,1.08,1.09,1.15,1.0,1.25,79,,
2020-03-09,EFFR,1.09,1.07,1.08,1.1,1.15,1.0,1.25,77,,
2020-03-10,EFFR,1.09,1.05,1.08,1.1,1.15,1.0,1.25,77,,
2020-03-11,EFFR,1.09,1.07,1.08,1.1,1.15,1.0,1.25,80,,
2020-03-12,EFFR,1.1,1.05,1.08,1.12,1.15,1.0,1.25,61,,
2020-03-13,EFFR,1.1,0.95,1.08,1.12,1.3,1.0,1.25,65,,
2020-03-16,EFFR,0.25,0.05,0.1,0.5,0.5,0.0,0.25,80,,
2020-03-17,EFFR,0.25,0.05,0.1,0.35,0.55,0.0,0.25,85,,
2020-03-18,EFFR,0.25,0.05,0.15,0.5,0.5,0.0,0.25,82,,
2020-03-19,EFFR,0.2,0.05,0.09,0.3,0.5,0.0,0.25,103,,
2020-03-20,EFFR,0.15,0.05,0.1,0.25,0.5,0.0,0.25,87,,
2020-03-23,EFFR,0.15,0.05,0.1,0.25,0.5,0.0,0.25,82,,
2020-03-24,EFFR,0.12,0.05,0.09,0.25,0.5,0.0,0.25,95,,
2020-03-25,EFFR,0.1,0.05,0.08,0.2,0.5,0.0,0.25,102,,
2020-03-26,EFFR,0.1,0.05,0.08,0.15,0.4,0.0,0.25,101,,
2020-03-27,EFFR,0.1,0.05,0.07,0.1,0.35,0.0,0.25,94,,
2020-03-30,EFFR,0.09,0.03,0.07,0.13,0.25,0.0,0.25,84,,
2020-03-31,EFFR,0.08,0.01,0.05,0.15,0.25,0.0,0.25,78,,
2020-04-01,EFFR,0.06,0.03,0.05,0.08,0.2,0.0,0.25,92,,
2020-04-02,EFFR,0.05,0.03,0.05,0.08,0.19,0.0,0.25,90,,
2020-04-03,EFFR,0.05,0.04,0.05,0.08,0.17,0.0,0.25,87,,
2020-04-06,EFFR,0.05,0.03,0.05,0.06,0.16,0.0,0.25,84,,
2020-04-07,EFFR,0.05,0.03,0.05,0.06,0.16,0.0,0.25,85,,
2020-04-08,EFFR,0.05,0.04,0.05,0.05,0.16,0.0,0.25,85,,
2020-04-09,EFFR,0.05,0.03,0.05,0.06,0.17,0.0,0.25,83,,
2020-04-10,EFFR,0.05,0.03,0.05,0.05,0.17,0.0,0.25,88,,
2020-04-13,EFFR,0.05,0.03,0.05,0.05,0.17,0.0,0.25,95,,
2020-04-14,EFFR,0.05,0.03,0.05,0.05,0.17,0.0,0.25,92,,
2020-04-15,EFFR,0.05,0.04,0.05,0.05,0.17,0.0,0.25,101,,
2020-04-16,EFFR,0.05,0.04,0.05,0.05,0.15,0.0,0.25,99,,
2020-04-17,EFFR,0.05,0.03,0.05,0.05,0.17,0.0,0.25,101,,
2020-04-20,EFFR,0.05,0.03,0.05,0.05,0.17,0.0,0.25,106,,
2020-04-21,EFFR,0.05,0.03,0.04,0.05,0.17,0.0,0.25,104,,
2020-04-22,EFFR,0.05,0.03,0.04,0.05,0.17,0.0,0.25,107,,
2020-04-23,EFFR,0.04,0.03,0.04,0.05,0.17,0.0,0.25,107,,
2020-04-24,EFFR,0.05,0.03,0.04,0.05,0.17,0.0,0.25,99,,
2020-04-27,EFFR,0.04,0.03,0.04,0.05,0.17,0.0,0.25,100,,
2020-04-28,EFFR,0.04,0.03,0.04,0.05,0.17,0.0,0.25,97,,
2020-04-29,EFFR,0.04,0.03,0.04,0.05,0.17,0.0,0.25,99,,
2020-04-30,EFFR,0.05,0.03,0.04,0.05,0.16,0.0,0.25,92,,
2020-05-01,EFFR,0.05,0.03,0.04,0.05,0.15,0.0,0.25,92,,
2020-05-04,EFFR,0.05,0.03,0.05,0.05,0.15,0.0,0.25,90,,
2020-05-05,EFFR,0.05,0.03,0.05,0.05,0.15,0.0,0.25,92,,
2020-05-06,EFFR,0.05,0.04,0.05,0.05,0.15,0.0,0.25,90,,
2020-05-07,EFFR,0.05,0.04,0.05,0.05,0.15,0.0,0.25,92,,
2020-05-08,EFFR,0.05,0.04,0.05,0.05,0.15,0.0,0.25,85,,
2020-05-11,EFFR,0.05,0.05,0.05,0.05,0.15,0.0,0.25,84,,
2020-05-12,EFFR,0.05,0.05,0.05,0.05,0.15,0.0,0.25,88,,
2020-05-13,EFFR,0.05,0.04,0.05,0.05,0.15,0.0,0.25,90,,
2020-05-14,EFFR,0.05,0.04,0.05,0.05,0.15,0.0,0.25,92,,
2020-05-15,EFFR,0.05,0.04,0.05,0.05,0.15,0.0,0.25,93,,
2020-05-18,EFFR,0.05,0.04,0.05,0.05,0.15,0.0,0.25,87,,
2020-05-19,EFFR,0.05,0.04,0.05,0.05,0.15,0.0,0.25,86,,
2020-05-20,EFFR,0.05,0.04,0.05,0.05,0.15,0.0,0.25,86,,
2020-05-21,EFFR,0.05,0.04,0.05,0.05,0.15,0.0,0.25,85,,
2020-05-22,EFFR,0.05,0.04,0.05,0.06,0.15,0.0,0.25,78,,
2020-05-26,EFFR,0.05,0.04,0.05,0.06,0.15,0.0,0.25,76,,
2020-05-27,EFFR,0.05,0.04,0.05,0.05,0.14,0.0,0.25,79,,
2020-05-28,EFFR,0.05,0.05,0.05,0.06,0.14,0.0,0.25,70,,
2020-05-29,EFFR,0.05,0.05,0.05,0.06,0.14,0.0,0.25,65,,
2020-06-01,EFFR,0.05,0.05,0.05,0.06,0.14,0.0,0.25,66,,
2020-06-02,EFFR,0.06,0.05,0.06,0.06,0.14,0.0,0.25,68,,
2020-06-03,EFFR,0.06,0.05,0.06,0.07,0.14,0.0,0.25,62,,
2020-06-04,EFFR,0.06,0.05,0.06,0.07,0.14,0.0,0.25,61,,
2020-06-05,EFFR,0.07,0.05,0.06,0.08,0.13,0.0,0.25,57,,
2020-06-08,EFFR,0.07,0.05,0.07,0.08,0.13,0.0,0.25,60,,
2020-06-09,EFFR,0.07,0.05,0.07,0.08,0.1,0.0,0.25,59,,
2020-06-10,EFFR,0.08,0.03,0.07,0.09,0.1,0.0,0.25,53,,
2020-06-11,EFFR,0.08,0.03,0.07,0.09,0.11,0.0,0.25,55,,
2020-06-12,EFFR,0.08,0.02,0.07,0.09,0.11,0.0,0.25,52,,
2020-06-15,EFFR,0.09,0.03,0.08,0.09,0.11,0.0,0.25,55,,
2020-06-16,EFFR,0.09,0.04,0.08,0.09,0.12,0.0,0.25,57,,
2020-06-17,EFFR,0.09,0.05,0.08,0.1,0.12,0.0,0.25,59,,
2020-06-18,EFFR,0.09,0.04,0.08,0.09,0.11,0.0,0.25,65,,
2020-06-19,EFFR,0.09,0.03,0.08,0.09,0.11,0.0,0.25,73,,
2020-06-22,EFFR,0.08,0.03,0.08,0.09,0.11,0.0,0.25,76,,
2020-06-23,EFFR,0.08,0.03,0.08,0.09,0.11,0.0,0.25,71,,
2020-06-24,EFFR,0.08,0.03,0.08,0.09,0.11,0.0,0.25,74,,
2020-06-25,EFFR,0.08,0.03,0.08,0.09,0.11,0.0,0.25,79,,
2020-06-26,EFFR,0.08,0.03,0.08,0.09,0.11,0.0,0.25,78,,
2020-06-29,EFFR,0.08,0.03,0.08,0.09,0.1,0.0,0.25,71,,
2020-06-30,EFFR,0.08,0.02,0.08,0.09,0.11,0.0,0.25,58,,
2020-07-01,EFFR,0.08,0.03,0.08,0.09,0.11,0.0,0.25,66,,
2020-07-02,EFFR,0.09,0.03,0.08,0.09,0.1,0.0,0.25,65,,
2020-07-03,EFFR,0.09,0.05,0.08,0.09,0.1,0.0,0.25,65,,
2020-07-06,EFFR,0.09,0.05,0.08,0.1,0.11,0.0,0.25,62,,
2020-07-07,EFFR,0.09,0.04,0.08,0.1,0.11,0.0,0.25,59,,
2020-07-08,EFFR,0.09,0.03,0.08,0.09,0.11,0.0,0.25,59,,
2020-07-09,EFFR,0.09,0.05,0.08,0.09,0.11,0.0,0.25,60,,
2020-07-10,EFFR,0.09,0.04,0.08,0.09,0.11,0.0,0.25,56,,
2020-07-13,EFFR,0.09,0.04,0.08,0.1,0.12,0.0,0.25,54,,
2020-07-14,EFFR,0.09,0.05,0.08,0.1,0.11,0.0,0.25,54,,
2020-07-15,EFFR,0.1,0.05,0.09,0.11,0.12,0.0,0.25,55,,
2020-07-16,EFFR,0.1,0.05,0.09,0.1,0.11,0.0,0.25,55,,
2020-07-17,EFFR,0.09,0.05,0.09,0.1,0.11,0.0,0.25,49,,
2020-07-20,EFFR,0.1,0.05,0.09,0.1,0.11,0.0,0.25,43,,
2020-07-21,EFFR,0.1,0.05,0.09,0.1,0.11,0.0,0.25,44,,
2020-07-22,EFFR,0.09,0.05,0.09,0.1,0.11,0.0,0.25,47,,
2020-07-23,EFFR,0.09,0.05,0.09,0.1,0.12,0.0,0.25,50,,
2020-07-24,EFFR,0.09,0.05,0.09,0.1,0.11,0.0,0.25,45,,
2020-07-27,EFFR,0.1,0.05,0.09,0.1,0.15,0.0,0.25,46,,
2020-07-28,EFFR,0.1,0.05,0.09,0.1,0.11,0.0,0.25,47,,
2020-07-29,EFFR,0.1,0.05,0.09,0.1,0.11,0.0,0.25,46,,
2020-07-30,EFFR,0.1,0.06,0.09,0.1,0.12,0.0,0.25,56,,
2020-07-31,EFFR,0.1,0.07,0.08,0.1,0.11,0.0,0.25,50,,
2020-08-03,EFFR,0.1,0.05,0.09,0.1,0.11,0.0,0.25,51,,
2020-08-04,EFFR,0.1,0.05,0.09,0.1,0.11,0.0,0.25,53,,
2020-08-05,EFFR,0.1,0.05,0.09,0.1,0.12,0.0,0.25,53,,
2020-08-06,EFFR,0.1,0.05,0.09,0.1,0.11,0.0,0.25,56,,
2020-08-07,EFFR,0.1,0.05,0.09,0.1,0.11,0.0,0.25,54,,
2020-08-10,EFFR,0.1,0.05,0.09,0.1,0.15,0.0,0.25,51,,
2020-08-11,EFFR,0.1,0.05,0.09,0.1,0.12,0.0,0.25,54,,
2020-08-12,EFFR,0.1,0.05,0.09,0.1,0.12,0.0,0.25,55,,
2020-08-13,EFFR,0.1,0.05,0.09,0.1,0.11,0.0,0.25,56,,
2020-08-14,EFFR,0.1,0.05,0.09,0.1,0.11,0.0,0.25,56,,
2020-08-17,EFFR,0.1,0.05,0.09,0.1,0.11,0.0,0.25,57,,
2020-08-18,EFFR,0.09,0.05,0.09,0.1,0.11,0.0,0.25,57,,
2020-08-19,EFFR,0.09,0.05,0.09,0.1,0.11,0.0,0.25,58,,
2020-08-20,EFFR,0.09,0.06,0.08,0.09,0.2,0.0,0.25,59,,
2020-08-21,EFFR,0.09,0.06,0.08,0.09,0.11,0.0,0.25,59,,
2020-08-24,EFFR,0.09,0.05,0.08,0.09,0.11,0.0,0.25,58,,
2020-08-25,EFFR,0.09,0.06,0.08,0.09,0.11,0.0,0.25,66,,
2020-08-26,EFFR,0.09,0.05,0.08,0.09,0.11,0.0,0.25,65,,
2020-08-27,EFFR,0.08,0.07,0.08,0.09,0.11,0.0,0.25,69,,
2020-08-28,EFFR,0.09,0.07,0.08,0.09,0.11,0.0,0.25,66,,
2020-08-31,EFFR,0.09,0.03,0.08,0.09,0.12,0.0,0.25,63,,
2020-09-01,EFFR,0.09,0.07,0.08,0.09,0.11,0.0,0.25,62,,
2020-09-02,EFFR,0.09,0.07,0.08,0.09,0.11,0.0,0.25,63,,
2020-09-03,EFFR,0.09,0.06,0.08,0.09,0.11,0.0,0.25,63,,
2020-09-04,EFFR,0.09,0.07,0.08,0.09,0.11,0.0,0.25,59,,
2020-09-08,EFFR,0.09,0.08,0.08,0.09,0.11,0.0,0.25,63,,
2020-09-09,EFFR,0.09,0.07,0.08,0.09,0.11,0.0,0.25,59,,
2020-09-10,EFFR,0.09,0.07,0.08,0.09,0.11,0.0,0.25,64,,
2020-09-11,EFFR,0.09,0.06,0.08,0.1,0.11,0.0,0.25,52,,
2020-09-14,EFFR,0.09,0.07,0.08,0.09,0.11,0.0,0.25,57,,
2020-09-15,EFFR,0.09,0.07,0.09,0.09,0.11,0.0,0.25,55,,
2020-09-16,EFFR,0.09,0.06,0.08,0.09,0.11,0.0,0.25,61,,
2020-09-17,EFFR,0.09,0.06,0.08,0.09,0.11,0.0,0.25,73,,
2020-09-18,EFFR,0.09,0.07,0.08,0.09,0.11,0.0,0.25,68,,
2020-09-21,EFFR,0.09,0.07,0.08,0.09,0.11,0.0,0.25,64,,
2020-09-22,EFFR,0.09,0.06,0.08,0.09,0.11,0.0,0.25,66,,
2020-09-23,EFFR,0.09,0.05,0.08,0.09,0.11,0.0,0.25,70,,
2020-09-24,EFFR,0.09,0.06,0.08,0.09,0.11,0.0,0.25,72,,
2020-09-25,EFFR,0.09,0.07,0.08,0.09,0.11,0.0,0.25,68,,
2020-09-28,EFFR,0.09,0.05,0.08,0.09,0.11,0.0,0.25,70,,
2020-09-29,EFFR,0.09,0.06,0.08,0.09,0.12,0.0,0.25,64,,
2020-09-30,EFFR,0.09,0.03,0.07,0.09,0.12,0.0,0.25,47,,
2020-10-01,EFFR,0.09,0.07,0.08,0.09,0.11,0.0,0.25,61,,
2020-10-02,EFFR,0.09,0.07,0.08,0.09,0.11,0.0,0.25,55,,
2020-10-05,EFFR,0.09,0.07,0.08,0.09,0.11,0.0,0.25,57,,
2020-10-06,EFFR,0.09,0.07,0.08,0.09,0.11,0.0,0.25,61,,
2020-10-07,EFFR,0.09,0.07,0.08,0.09,0.1,0.0,0.25,58,,
2020-10-08,EFFR,0.09,0.07,0.08,0.09,0.1,0.0,0.25,56,,
2020-10-09,EFFR,0.09,0.05,0.08,0.09,0.1,0.0,0.25,52,,
2020-10-13,EFFR,0.09,0.05,0.08,0.09,0.1,0.0,0.25,54,,
2020-10-14,EFFR,0.09,0.06,0.08,0.09,0.1,0.0,0.25,54,,
2020-10-15,EFFR,0.09,0.05,0.08,0.09,0.1,0.0,0.25,58,,
2020-10-16,EFFR,0.09,0.05,0.08,0.09,0.11,0.0,0.25,59,,
2020-10-19,EFFR,0.09,0.06,0.08,0.09,0.11,0.0,0.25,54,,
2020-10-20,EFFR,0.09,0.05,0.08,0.09,0.1,0.0,0.25,54,,
2020-10-21,EFFR,0.09,0.05,0.08,0.09,0.1,0.0,0.25,59,,
2020-10-22,EFFR,0.09,0.05,0.08,0.09,0.1,0.0,0.25,61,,
2020-10-23,EFFR,0.09,0.05,0.08,0.09,0.1,0.0,0.25,57,,
2020-10-26,EFFR,0.09,0.05,0.08,0.09,0.1,0.0,0.25,58,,
2020-10-27,EFFR,0.09,0.05,0.08,0.09,0.1,0.0,0.25,60,,
2020-10-28,EFFR,0.09,0.05,0.08,0.09,0.1,0.0,0.25,59,,
2020-10-29,EFFR,0.09,0.05,0.08,0.09,0.1,0.0,0.25,59,,
2020-10-30,EFFR,0.09,0.04,0.08,0.09,0.11,0.0,0.25,56,,
2020-11-02,EFFR,0.09,0.05,0.08,0.09,0.11,0.0,0.25,58,,
2020-11-03,EFFR,0.09,0.05,0.08,0.09,0.1,0.0,0.25,64,,
2020-11-04,EFFR,0.09,0.05,0.08,0.09,0.1,0.0,0.25,67,,
2020-11-05,EFFR,0.09,0.05,0.08,0.09,0.1,0.0,0.25,65,,
2020-11-06,EFFR,0.09,0.05,0.08,0.09,0.1,0.0,0.25,61,,
2020-11-09,EFFR,0.09,0.05,0.08,0.09,0.11,0.0,0.25,57,,
2020-11-10,EFFR,0.09,0.05,0.08,0.09,0.1,0.0,0.25,57,,
2020-11-12,EFFR,0.09,0.06,0.08,0.09,0.1,0.0,0.25,57,,
2020-11-13,EFFR,0.09,0.05,0.08,0.09,0.1,0.0,0.25,55,,
2020-11-16,EFFR,0.09,0.05,0.08,0.09,0.1,0.0,0.25,58,,
2020-11-17,EFFR,0.09,0.05,0.08,0.09,0.1,0.0,0.25,60,,
2020-11-18,EFFR,0.09,0.05,0.08,0.09,0.1,0.0,0.25,60,,
2020-11-19,EFFR,0.08,0.05,0.08,0.09,0.1,0.0,0.25,62,,
2020-11-20,EFFR,0.08,0.05,0.08,0.09,0.11,0.0,0.25,64,,
2020-11-23,EFFR,0.08,0.05,0.08,0.09,0.1,0.0,0.25,62,,
2020-11-24,EFFR,0.08,0.05,0.08,0.09,0.1,0.0,0.25,62,,
2020-11-25,EFFR,0.08,0.05,0.08,0.09,0.1,0.0,0.25,66,,
2020-11-27,EFFR,0.08,0.05,0.08,0.09,0.1,0.0,0.25,61,,
2020-11-30,EFFR,0.09,0.01,0.08,0.09,0.11,0.0,0.25,57,,
2020-12-01,EFFR,0.09,0.05,0.08,0.09,0.1,0.0,0.25,56,,
2020-12-02,EFFR,0.09,0.05,0.08,0.09,0.1,0.0,0.25,55,,
2020-12-03,EFFR,0.09,0.05,0.08,0.09,0.11,0.0,0.25,60,,
2020-12-04,EFFR,0.09,0.05,0.08,0.09,0.1,0.0,0.25,56,,
2020-12-07,EFFR,0.09,0.05,0.08,0.09,0.1,0.0,0.25,57,,
2020-12-08,EFFR,0.09,0.05,0.08,0.09,0.1,0.0,0.25,57,,
2020-12-09,EFFR,0.09,0.05,0.08,0.09,0.1,0.0,0.25,57,,
2020-12-10,EFFR,0.09,0.05,0.08,0.09,0.1,0.0,0.25,57,,
2020-12-11,EFFR,0.09,0.05,0.08,0.09,0.1,0.0,0.25,51,,
2020-12-14,EFFR,0.09,0.06,0.08,0.09,0.11,0.0,0.25,51,,
2020-12-15,EFFR,0.09,0.06,0.08,0.09,0.1,0.0,0.25,50,,
2020-12-16,EFFR,0.09,0.06,0.08,0.09,0.1,0.0,0.25,57,,
2020-12-17,EFFR,0.09,0.05,0.08,0.09,0.1,0.0,0.25,58,,
2020-12-18,EFFR,0.09,0.06,0.08,0.09,0.12,0.0,0.25,57,,
2020-12-21,EFFR,0.09,0.06,0.08,0.09,0.11,0.0,0.25,66,,
2020-12-22,EFFR,0.09,0.06,0.08,0.09,0.11,0.0,0.25,66,,
2020-12-23,EFFR,0.09,0.05,0.08,0.09,0.1,0.0,0.25,70,,
2020-12-24,EFFR,0.09,0.05,0.08,0.09,0.1,0.0,0.25,70,,
2020-12-28,EFFR,0.09,0.05,0.08,0.09,0.1,0.0,0.25,73,,
2020-12-29,EFFR,0.09,0.05,0.08,0.09,0.12,0.0,0.25,69,,
2020-12-30,EFFR,0.09,0.06,0.08,0.09,0.1,0.0,0.25,62,,
2020-12-31,EFFR,0.09,0.04,0.08,0.1,0.12,0.0,0.25,34,,
2021-01-04,EFFR,0.09,0.03,0.08,0.09,0.1,0.0,0.25,57,,
2021-01-05,EFFR,0.09,0.05,0.08,0.09,0.1,0.0,0.25,55,,
2021-01-06,EFFR,0.09,0.05,0.08,0.09,0.1,0.0,0.25,56,,
2021-01-07,EFFR,0.09,0.05,0.08,0.09,0.11,0.0,0.25,59,,
2021-01-08,EFFR,0.09,0.04,0.08,0.09,0.11,0.0,0.25,55,,
2021-01-11,EFFR,0.09,0.05,0.08,0.09,0.11,0.0,0.25,55,,
2021-01-12,EFFR,0.09,0.04,0.08,0.09,0.11,0.0,0.25,61,,
2021-01-13,EFFR,0.09,0.05,0.08,0.09,0.12,0.0,0.25,64,,
2021-01-14,EFFR,0.09,0.05,0.08,0.09,0.11,0.0,0.25,64,,
2021-01-15,EFFR,0.09,0.05,0.08,0.09,0.11,0.0,0.25,64,,
2021-01-19,EFFR,0.09,0.05,0.08,0.09,0.12,0.0,0.25,61,,
2021-01-20,EFFR,0.09,0.05,0.08,0.09,0.12,0.0,0.25,72,,
2021-01-21,EFFR,0.08,0.05,0.08,0.09,0.12,0.0,0.25,74,,
2021-01-22,EFFR,0.08,0.05,0.08,0.09,0.11,0.0,0.25,70,,
2021-01-25,EFFR,0.08,0.05,0.08,0.09,0.11,0.0,0.25,74,,
2021-01-26,EFFR,0.08,0.05,0.08,0.08,0.1,0.0,0.25,74,,
2021-01-27,EFFR,0.08,0.04,0.07,0.08,0.11,0.0,0.25,71,,
2021-01-28,EFFR,0.07,0.05,0.07,0.08,0.11,0.0,0.25,67,,
2021-01-29,EFFR,0.07,0.03,0.07,0.08,0.11,0.0,0.25,62,,
2021-02-01,EFFR,0.08,0.05,0.07,0.08,0.11,0.0,0.25,64,,
2021-02-02,EFFR,0.08,0.05,0.08,0.08,0.11,0.0,0.25,67,,
2021-02-03,EFFR,0.08,0.05,0.08,0.08,0.11,0.0,0.25,67,,
2021-02-04,EFFR,0.08,0.05,0.08,0.08,0.11,0.0,0.25,69,,
2021-02-05,EFFR,0.08,0.05,0.07,0.08,0.1,0.0,0.25,72,,
2021-02-08,EFFR,0.07,0.05,0.07,0.08,0.1,0.0,0.25,72,,
2021-02-09,EFFR,0.08,0.05,0.07,0.08,0.1,0.0,0.25,73,,
2021-02-10,EFFR,0.08,0.05,0.07,0.08,0.1,0.0,0.25,68,,
2021-02-11,EFFR,0.08,0.05,0.07,0.08,0.1,0.0,0.25,67,,
2021-02-12,EFFR,0.08,0.05,0.07,0.08,0.11,0.0,0.25,63,,
2021-02-16,EFFR,0.08,0.05,0.07,0.08,0.11,0.0,0.25,65,,
2021-02-17,EFFR,0.08,0.05,0.07,0.08,0.1,0.0,0.25,66,,
2021-02-18,EFFR,0.07,0.05,0.07,0.08,0.1,0.0,0.25,73,,
2021-02-19,EFFR,0.07,0.05,0.07,0.08,0.1,0.0,0.25,71,,
2021-02-22,EFFR,0.07,0.05,0.07,0.08,0.1,0.0,0.25,70,,
2021-02-23,EFFR,0.07,0.05,0.07,0.08,0.1,0.0,0.25,70,,
2021-02-24,EFFR,0.07,0.05,0.07,0.08,0.11,0.0,0.25,70,,
2021-02-25,EFFR,0.07,0.05,0.07,0.08,0.1,0.0,0.25,77,,
2021-02-26,EFFR,0.07,0.03,0.07,0.08,0.1,0.0,0.25,71,,
2021-03-01,EFFR,0.07,0.05,0.07,0.08,0.1,0.0,0.25,68,,
2021-03-02,EFFR,0.07,0.05,0.07,0.08,0.1,0.0,0.25,68,,
2021-03-03,EFFR,0.07,0.05,0.07,0.08,0.1,0.0,0.25,68,,
2021-03-04,EFFR,0.07,0.05,0.07,0.08,0.1,0.0,0.25,69,,
2021-03-05,EFFR,0.07,0.05,0.07,0.08,0.1,0.0,0.25,69,,
2021-03-08,EFFR,0.07,0.05,0.07,0.08,0.1,0.0,0.25,66,,
2021-03-09,EFFR,0.07,0.05,0.07,0.08,0.1,0.0,0.25,69,,
2021-03-10,EFFR,0.07,0.05,0.07,0.08,0.1,0.0,0.25,66,,
2021-03-11,EFFR,0.07,0.04,0.07,0.08,0.1,0.0,0.25,67,,
2021-03-12,EFFR,0.07,0.05,0.07,0.08,0.1,0.0,0.25,63,,
2021-03-15,EFFR,0.07,0.05,0.07,0.08,0.1,0.0,0.25,70,,
2021-03-16,EFFR,0.07,0.05,0.07,0.08,0.1,0.0,0.25,69,,
2021-03-17,EFFR,0.07,0.05,0.07,0.08,0.1,0.0,0.25,72,,
2021-03-18,EFFR,0.07,0.05,0.07,0.08,0.1,0.0,0.25,75,,
2021-03-19,EFFR,0.07,0.05,0.07,0.08,0.1,0.0,0.25,72,,
2021-03-22,EFFR,0.07,0.05,0.07,0.08,0.13,0.0,0.25,68,,
2021-03-23,EFFR,0.07,0.05,0.07,0.08,0.1,0.0,0.25,71,,
2021-03-24,EFFR,0.07,0.05,0.07,0.08,0.1,0.0,0.25,70,,
2021-03-25,EFFR,0.07,0.05,0.07,0.08,0.1,0.0,0.25,79,,
2021-03-26,EFFR,0.07,0.05,0.07,0.08,0.1,0.0,0.25,75,,
2021-03-29,EFFR,0.07,0.05,0.07,0.08,0.1,0.0,0.25,74,,
2021-03-30,EFFR,0.07,0.05,0.06,0.08,0.1,0.0,0.25,76,,
2021-03-31,EFFR,0.06,0.02,0.05,0.07,0.1,0.0,0.25,56,,
2021-04-01,EFFR,0.07,0.05,0.06,0.08,0.1,0.0,0.25,72,,
2021-04-02,EFFR,0.07,0.05,0.06,0.08,0.1,0.0,0.25,72,,
2021-04-05,EFFR,0.07,0.05,0.06,0.08,0.1,0.0,0.25,73,,
2021-04-06,EFFR,0.07,0.05,0.06,0.08,0.1,0.0,0.25,74,,
2021-04-07,EFFR,0.07,0.05,0.06,0.08,0.1,0.0,0.25,73,,
2021-04-08,EFFR,0.07,0.04,0.06,0.08,0.1,0.0,0.25,75,,
2021-04-09,EFFR,0.07,0.05,0.06,0.08,0.1,0.0,0.25,69,,
2021-04-12,EFFR,0.07,0.05,0.06,0.08,0.1,0.0,0.25,68,,
2021-04-13,EFFR,0.07,0.05,0.06,0.08,0.1,0.0,0.25,67,,
2021-04-14,EFFR,0.07,0.05,0.06,0.08,0.1,0.0,0.25,68,,
2021-04-15,EFFR,0.07,0.05,0.06,0.08,0.1,0.0,0.25,66,,
2021-04-16,EFFR,0.07,0.05,0.06,0.08,0.1,0.0,0.25,66,,
2021-04-19,EFFR,0.07,0.05,0.06,0.08,0.1,0.0,0.25,65,,
2021-04-20,EFFR,0.07,0.05,0.06,0.08,0.1,0.0,0.25,70,,
2021-04-21,EFFR,0.07,0.05,0.06,0.08,0.1,0.0,0.25,72,,
2021-04-22,EFFR,0.07,0.05,0.06,0.08,0.1,0.0,0.25,70,,
2021-04-23,EFFR,0.07,0.05,0.06,0.08,0.1,0.0,0.25,66,,
2021-04-26,EFFR,0.07,0.05,0.06,0.07,0.1,0.0,0.25,72,,
2021-04-27,EFFR,0.07,0.05,0.06,0.08,0.1,0.0,0.25,65,,
2021-04-28,EFFR,0.07,0.05,0.05,0.08,0.1,0.0,0.25,67,,
2021-04-29,EFFR,0.06,0.04,0.05,0.08,0.1,0.0,0.25,72,,
2021-04-30,EFFR,0.05,0.02,0.03,0.07,0.1,0.0,0.25,70,,
2021-05-03,EFFR,0.06,0.04,0.05,0.07,0.13,0.0,0.25,74,,
2021-05-04,EFFR,0.06,0.04,0.05,0.07,0.1,0.0,0.25,73,,
2021-05-05,EFFR,0.06,0.04,0.05,0.07,0.13,0.0,0.25,73,,
2021-05-06,EFFR,0.06,0.04,0.05,0.07,0.1,0.0,0.25,72,,
2021-05-07,EFFR,0.06,0.04,0.05,0.07,0.1,0.0,0.25,69,,
2021-05-10,EFFR,0.06,0.04,0.05,0.07,0.1,0.0,0.25,66,,
2021-05-11,EFFR,0.06,0.04,0.05,0.07,0.1,0.0,0.25,64,,
2021-05-12,EFFR,0.06,0.04,0.05,0.07,0.1,0.0,0.25,67,,
2021-05-13,EFFR,0.06,0.04,0.05,0.07,0.1,0.0,0.25,63,,
2021-05-14,EFFR,0.06,0.04,0.05,0.07,0.1,0.0,0.25,62,,
2021-05-17,EFFR,0.06,0.03,0.05,0.07,0.1,0.0,0.25,63,,
2021-05-18,EFFR,0.06,0.04,0.05,0.07,0.1,0.0,0.25,63,,
2021-05-19,EFFR,0.06,0.04,0.05,0.07,0.1,0.0,0.25,60,,
2021-05-20,EFFR,0.06,0.05,0.05,0.07,0.1,0.0,0.25,66,,
2021-05-21,EFFR,0.06,0.04,0.05,0.07,0.1,0.0,0.25,65,,
2021-05-24,EFFR,0.06,0.04,0.05,0.07,0.1,0.0,0.25,64,,
2021-05-25,EFFR,0.06,0.03,0.05,0.07,0.11,0.0,0.25,65,,
2021-05-26,EFFR,0.06,0.04,0.05,0.07,0.12,0.0,0.25,64,,
2021-05-27,EFFR,0.06,0.04,0.05,0.07,0.1,0.0,0.25,67,,
2021-05-28,EFFR,0.05,0.01,0.03,0.07,0.12,0.0,0.25,61,,
2021-06-01,EFFR,0.06,0.04,0.05,0.07,0.14,0.0,0.25,60,,
2021-06-02,EFFR,0.06,0.04,0.05,0.07,0.1,0.0,0.25,70,,
2021-06-03,EFFR,0.06,0.04,0.05,0.07,0.1,0.0,0.25,69,,
2021-06-04,EFFR,0.06,0.04,0.05,0.07,0.1,0.0,0.25,68,,
2021-06-07,EFFR,0.06,0.04,0.05,0.06,0.1,0.0,0.25,67,,
2021-06-08,EFFR,0.06,0.04,0.05,0.07,0.1,0.0,0.25,64,,
2021-06-09,EFFR,0.06,0.04,0.05,0.07,0.1,0.0,0.25,64,,
2021-06-10,EFFR,0.06,0.04,0.05,0.07,0.1,0.0,0.25,63,,
2021-06-11,EFFR,0.06,0.04,0.05,0.07,0.1,0.0,0.25,60,,
2021-06-14,EFFR,0.06,0.04,0.05,0.07,0.1,0.0,0.25,58,,
2021-06-15,EFFR,0.06,0.04,0.05,0.07,0.1,0.0,0.25,60,,
2021-06-16,EFFR,0.06,0.04,0.05,0.07,0.1,0.0,0.25,62,,
2021-06-17,EFFR,0.1,0.05,0.09,0.1,0.11,0.0,0.25,64,,
2021-06-18,EFFR,0.1,0.07,0.09,0.1,0.11,0.0,0.25,68,,
2021-06-21,EFFR,0.1,0.08,0.09,0.1,0.11,0.0,0.25,66,,
2021-06-22,EFFR,0.1,0.08,0.09,0.1,0.11,0.0,0.25,70,,
2021-06-23,EFFR,0.1,0.05,0.09,0.1,0.11,0.0,0.25,71,,
2021-06-24,EFFR,0.1,0.07,0.09,0.1,0.11,0.0,0.25,74,,
2021-06-25,EFFR,0.1,0.07,0.09,0.1,0.11,0.0,0.25,77,,
2021-06-28,EFFR,0.1,0.05,0.09,0.1,0.11,0.0,0.25,77,,
2021-06-29,EFFR,0.1,0.07,0.09,0.1,0.11,0.0,0.25,75,,
2021-06-30,EFFR,0.08,0.04,0.06,0.1,0.11,0.0,0.25,49,,
2021-07-01,EFFR,0.1,0.05,0.09,0.1,0.11,0.0,0.25,70,,
2021-07-02,EFFR,0.1,0.05,0.09,0.1,0.11,0.0,0.25,81,,
2021-07-06,EFFR,0.1,0.05,0.09,0.1,0.11,0.0,0.25,76,,
2021-07-07,EFFR,0.1,0.05,0.09,0.1,0.11,0.0,0.25,77,,
2021-07-08,EFFR,0.1,0.05,0.09,0.1,0.11,0.0,0.25,76,,
2021-07-09,EFFR,0.1,0.07,0.08,0.1,0.11,0.0,0.25,75,,
2021-07-12,EFFR,0.1,0.05,0.08,0.1,0.11,0.0,0.25,75,,
2021-07-13,EFFR,0.1,0.07,0.08,0.1,0.11,0.0,0.25,74,,
2021-07-14,EFFR,0.1,0.06,0.08,0.1,0.11,0.0,0.25,72,,
2021-07-15,EFFR,0.1,0.07,0.08,0.1,0.11,0.0,0.25,73,,
2021-07-16,EFFR,0.1,0.05,0.08,0.1,0.11,0.0,0.25,72,,
2021-07-19,EFFR,0.1,0.07,0.08,0.1,0.11,0.0,0.25,67,,
2021-07-20,EFFR,0.1,0.06,0.08,0.1,0.11,0.0,0.25,70,,
2021-07-21,EFFR,0.1,0.06,0.08,0.1,0.11,0.0,0.25,71,,
2021-07-22,EFFR,0.1,0.06,0.08,0.1,0.11,0.0,0.25,71,,
2021-07-23,EFFR,0.1,0.07,0.08,0.1,0.11,0.0,0.25,68,,
2021-07-26,EFFR,0.1,0.05,0.08,0.1,0.11,0.0,0.25,73,,
2021-07-27,EFFR,0.1,0.05,0.08,0.1,0.11,0.0,0.25,69,,
2021-07-28,EFFR,0.1,0.07,0.08,0.1,0.11,0.0,0.25,65,,
2021-07-29,EFFR,0.1,0.06,0.08,0.1,0.11,0.0,0.25,70,,
2021-07-30,EFFR,0.07,0.04,0.06,0.08,0.11,0.0,0.25,61,,
2021-08-02,EFFR,0.1,0.05,0.08,0.1,0.11,0.0,0.25,74,,
2021-08-03,EFFR,0.1,0.07,0.08,0.1,0.11,0.0,0.25,69,,
2021-08-04,EFFR,0.1,0.07,0.08,0.1,0.11,0.0,0.25,71,,
2021-08-05,EFFR,0.1,0.07,0.08,0.1,0.11,0.0,0.25,70,,
2021-08-06,EFFR,0.1,0.07,0.08,0.1,0.11,0.0,0.25,70,,
2021-08-09,EFFR,0.1,0.07,0.08,0.1,0.11,0.0,0.25,68,,
2021-08-10,EFFR,0.1,0.07,0.08,0.1,0.11,0.0,0.25,69,,
2021-08-11,EFFR,0.1,0.07,0.08,0.1,0.11,0.0,0.25,68,,
2021-08-12,EFFR,0.1,0.05,0.08,0.1,0.11,0.0,0.25,68,,
2021-08-13,EFFR,0.1,0.07,0.08,0.1,0.11,0.0,0.25,65,,
2021-08-16,EFFR,0.1,0.05,0.08,0.1,0.11,0.0,0.25,66,,
2021-08-17,EFFR,0.1,0.05,0.08,0.1,0.11,0.0,0.25,64,,
2021-08-18,EFFR,0.09,0.07,0.08,0.1,0.11,0.0,0.25,65,,
2021-08-19,EFFR,0.09,0.07,0.08,0.1,0.11,0.0,0.25,67,,
2021-08-20,EFFR,0.09,0.05,0.08,0.1,0.11,0.0,0.25,68,,
2021-08-23,EFFR,0.09,0.07,0.08,0.1,0.11,0.0,0.25,67,,
2021-08-24,EFFR,0.09,0.05,0.08,0.09,0.1,0.0,0.25,66,,
2021-08-25,EFFR,0.09,0.05,0.07,0.09,0.1,0.0,0.25,70,,
2021-08-26,EFFR,0.09,0.05,0.07,0.09,0.1,0.0,0.25,69,,
2021-08-27,EFFR,0.08,0.05,0.07,0.09,0.11,0.0,0.25,71,,
2021-08-30,EFFR,0.08,0.05,0.07,0.09,0.1,0.0,0.25,71,,
2021-08-31,EFFR,0.06,0.05,0.06,0.08,0.1,0.0,0.25,59,,
2021-09-01,EFFR,0.08,0.05,0.07,0.08,0.1,0.0,0.25,72,,
2021-09-02,EFFR,0.08,0.05,0.07,0.08,0.11,0.0,0.25,69,,
2021-09-03,EFFR,0.08,0.06,0.07,0.08,0.1,0.0,0.25,68,,
2021-09-07,EFFR,0.08,0.05,0.07,0.08,0.1,0.0,0.25,71,,
2021-09-08,EFFR,0.08,0.05,0.07,0.08,0.1,0.0,0.25,70,,
2021-09-09,EFFR,0.08,0.05,0.07,0.08,0.09,0.0,0.25,70,,
2021-09-10,EFFR,0.08,0.06,0.07,0.08,0.09,0.0,0.25,67,,
2021-09-13,EFFR,0.08,0.05,0.07,0.08,0.09,0.0,0.25,67,,
2021-09-14,EFFR,0.08,0.05,0.07,0.08,0.09,0.0,0.25,69,,
2021-09-15,EFFR,0.08,0.05,0.07,0.08,0.09,0.0,0.25,69,,
2021-09-16,EFFR,0.08,0.05,0.07,0.08,0.09,0.0,0.25,66,,
2021-09-17,EFFR,0.08,0.05,0.07,0.08,0.1,0.0,0.25,64,,
2021-09-20,EFFR,0.08,0.06,0.07,0.08,0.1,0.0,0.25,69,,
2021-09-21,EFFR,0.08,0.06,0.07,0.08,0.09,0.0,0.25,70,,
2021-09-22,EFFR,0.08,0.06,0.07,0.08,0.1,0.0,0.25,71,,
2021-09-23,EFFR,0.08,0.05,0.07,0.08,0.1,0.0,0.25,70,,
2021-09-24,EFFR,0.08,0.06,0.07,0.08,0.09,0.0,0.25,69,,
2021-09-27,EFFR,0.08,0.05,0.07,0.08,0.09,0.0,0.25,72,,
2021-09-28,EFFR,0.08,0.06,0.07,0.08,0.09,0.0,0.25,71,,
2021-09-29,EFFR,0.08,0.05,0.07,0.08,0.09,0.0,0.25,73,,
2021-09-30,EFFR,0.06,0.05,0.06,0.07,0.09,0.0,0.25,52,,
2021-10-01,EFFR,0.08,0.06,0.07,0.08,0.1,0.0,0.25,68,,
2021-10-04,EFFR,0.08,0.05,0.07,0.08,0.1,0.0,0.25,73,,
2021-10-05,EFFR,0.08,0.05,0.07,0.08,0.09,0.0,0.25,74,,
2021-10-06,EFFR,0.08,0.05,0.07,0.08,0.09,0.0,0.25,75,,
2021-10-07,EFFR,0.08,0.05,0.07,0.08,0.09,0.0,0.25,77,,
2021-10-08,EFFR,0.08,0.05,0.07,0.08,0.09,0.0,0.25,77,,
2021-10-12,EFFR,0.08,0.05,0.07,0.08,0.09,0.0,0.25,76,,
2021-10-13,EFFR,0.08,0.05,0.07,0.08,0.09,0.0,0.25,73,,
2021-10-14,EFFR,0.08,0.05,0.07,0.08,0.09,0.0,0.25,72,,
2021-10-15,EFFR,0.08,0.05,0.07,0.08,0.09,0.0,0.25,73,,
2021-10-18,EFFR,0.08,0.05,0.07,0.08,0.09,0.0,0.25,71,,
2021-10-19,EFFR,0.08,0.05,0.07,0.08,0.1,0.0,0.25,70,,
2021-10-20,EFFR,0.08,0.06,0.07,0.09,0.15,0.0,0.25,72,,
2021-10-21,EFFR,0.08,0.05,0.07,0.08,0.12,0.0,0.25,75,,
2021-10-22,EFFR,0.08,0.05,0.07,0.08,0.1,0.0,0.25,74,,
2021-10-25,EFFR,0.08,0.06,0.07,0.08,0.1,0.0,0.25,78,,
2021-10-26,EFFR,0.08,0.05,0.07,0.08,0.1,0.0,0.25,77,,
2021-10-27,EFFR,0.08,0.06,0.07,0.09,0.1,0.0,0.25,78,,
2021-10-28,EFFR,0.08,0.06,0.07,0.08,0.11,0.0,0.25,84,,
2021-10-29,EFFR,0.07,0.05,0.06,0.08,0.15,0.0,0.25,70,,
2021-11-01,EFFR,0.08,0.05,0.07,0.08,0.12,0.0,0.25,78,,
2021-11-02,EFFR,0.08,0.05,0.07,0.08,0.1,0.0,0.25,78,,
2021-11-03,EFFR,0.08,0.05,0.07,0.08,0.09,0.0,0.25,75,,
2021-11-04,EFFR,0.08,0.05,0.07,0.08,0.1,0.0,0.25,76,,
2021-11-05,EFFR,0.08,0.04,0.07,0.08,0.1,0.0,0.25,79,,
2021-11-08,EFFR,0.08,0.06,0.07,0.08,0.1,0.0,0.25,76,,
2021-11-09,EFFR,0.08,0.06,0.07,0.08,0.1,0.0,0.25,75,,
2021-11-10,EFFR,0.08,0.05,0.07,0.09,0.09,0.0,0.25,72,,
2021-11-12,EFFR,0.08,0.05,0.07,0.08,0.09,0.0,0.25,74,,
2021-11-15,EFFR,0.08,0.05,0.07,0.08,0.09,0.0,0.25,77,,
2021-11-16,EFFR,0.08,0.05,0.07,0.08,0.09,0.0,0.25,76,,
2021-11-17,EFFR,0.08,0.05,0.07,0.09,0.09,0.0,0.25,74,,
2021-11-18,EFFR,0.08,0.06,0.07,0.08,0.1,0.0,0.25,77,,
2021-11-19,EFFR,0.08,0.06,0.07,0.08,0.1,0.0,0.25,74,,
2021-11-22,EFFR,0.08,0.06,0.07,0.08,0.12,0.0,0.25,74,,
2021-11-23,EFFR,0.08,0.06,0.07,0.09,0.12,0.0,0.25,74,,
2021-11-24,EFFR,0.08,0.06,0.07,0.08,0.12,0.0,0.25,79,,
2021-11-26,EFFR,0.08,0.06,0.07,0.08,0.11,0.0,0.25,85,,
2021-11-29,EFFR,0.08,0.06,0.07,0.09,0.12,0.0,0.25,85,,
2021-11-30,EFFR,0.07,0.05,0.06,0.08,0.12,0.0,0.25,77,,
2021-12-01,EFFR,0.08,0.06,0.07,0.09,0.12,0.0,0.25,76,,
2021-12-02,EFFR,0.08,0.06,0.07,0.09,0.17,0.0,0.25,78,,
2021-12-03,EFFR,0.08,0.06,0.07,0.09,0.17,0.0,0.25,77,,
2021-12-06,EFFR,0.08,0.06,0.07,0.09,0.2,0.0,0.25,74,,
2021-12-07,EFFR,0.08,0.06,0.08,0.09,0.2,0.0,0.25,74,,
2021-12-08,EFFR,0.08,0.06,0.07,0.09,0.17,0.0,0.25,76,,
2021-12-09,EFFR,0.08,0.06,0.07,0.09,0.2,0.0,0.25,76,,
2021-12-10,EFFR,0.08,0.06,0.07,0.09,0.17,0.0,0.25,74,,
2021-12-13,EFFR,0.08,0.06,0.07,0.09,0.2,0.0,0.25,69,,
2021-12-14,EFFR,0.08,0.06,0.07,0.08,0.11,0.0,0.25,73,,
2021-12-15,EFFR,0.08,0.06,0.07,0.08,0.1,0.0,0.25,74,,
2021-12-16,EFFR,0.08,0.06,0.07,0.08,0.1,0.0,0.25,73,,
2021-12-17,EFFR,0.08,0.06,0.07,0.08,0.2,0.0,0.25,71,,
2021-12-20,EFFR,0.08,0.06,0.07,0.08,0.2,0.0,0.25,72,,
2021-12-21,EFFR,0.08,0.06,0.07,0.08,0.2,0.0,0.25,69,,
2021-12-22,EFFR,0.08,0.06,0.07,0.08,0.2,0.0,0.25,69,,
2021-12-23,EFFR,0.08,0.06,0.07,0.09,0.2,0.0,0.25,71,,
2021-12-24,EFFR,0.08,0.06,0.07,0.08,0.2,0.0,0.25,69,,
2021-12-27,EFFR,0.08,0.06,0.07,0.08,0.2,0.0,0.25,75,,
2021-12-28,EFFR,0.08,0.06,0.07,0.08,0.2,0.0,0.25,72,,
2021-12-29,EFFR,0.08,0.06,0.07,0.08,0.16,0.0,0.25,71,,
2021-12-30,EFFR,0.08,0.05,0.07,0.08,0.1,0.0,0.25,77,,
2021-12-31,EFFR,0.07,0.05,0.07,0.09,0.2,0.0,0.25,49,,
2022-01-03,EFFR,0.08,0.06,0.08,0.08,0.15,0.0,0.25,74,,
2022-01-04,EFFR,0.08,0.06,0.07,0.08,0.1,0.0,0.25,74,,
2022-01-05,EFFR,0.08,0.05,0.07,0.08,0.1,0.0,0.25,74,,
2022-01-06,EFFR,0.08,0.06,0.07,0.08,0.1,0.0,0.25,73,,
2022-01-07,EFFR,0.08,0.06,0.07,0.08,0.1,0.0,0.25,71,,
2022-01-10,EFFR,0.08,0.06,0.07,0.08,0.1,0.0,0.25,71,,
2022-01-11,EFFR,0.08,0.05,0.07,0.08,0.1,0.0,0.25,71,,
2022-01-12,EFFR,0.08,0.05,0.07,0.08,0.1,0.0,0.25,70,,
2022-01-13,EFFR,0.08,0.06,0.07,0.08,0.1,0.0,0.25,71,,
2022-01-14,EFFR,0.08,0.06,0.07,0.08,0.1,0.0,0.25,72,,
2022-01-18,EFFR,0.08,0.06,0.07,0.08,0.16,0.0,0.25,71,,
2022-01-19,EFFR,0.08,0.06,0.07,0.08,0.2,0.0,0.25,73,,
2022-01-20,EFFR,0.08,0.06,0.07,0.08,0.2,0.0,0.25,75,,
2022-01-21,EFFR,0.08,0.06,0.07,0.08,0.2,0.0,0.25,76,,
2022-01-24,EFFR,0.08,0.06,0.07,0.08,0.2,0.0,0.25,75,,
2022-01-25,EFFR,0.08,0.06,0.07,0.08,0.2,0.0,0.25,78,,
2022-01-26,EFFR,0.08,0.06,0.07,0.08,0.2,0.0,0.25,78,,
2022-01-27,EFFR,0.08,0.06,0.07,0.08,0.2,0.0,0.25,80,,
2022-01-28,EFFR,0.08,0.06,0.07,0.08,0.16,0.0,0.25,82,,
2022-01-31,EFFR,0.08,0.05,0.07,0.08,0.1,0.0,0.25,78,,
2022-02-01,EFFR,0.08,0.06,0.07,0.08,0.1,0.0,0.25,75,,
2022-02-02,EFFR,0.08,0.06,0.07,0.08,0.1,0.0,0.25,72,,
2022-02-03,EFFR,0.08,0.06,0.07,0.08,0.2,0.0,0.25,72,,
2022-02-04,EFFR,0.08,0.06,0.07,0.08,0.1,0.0,0.25,69,,
2022-02-07,EFFR,0.08,0.06,0.07,0.08,0.11,0.0,0.25,72,,
2022-02-08,EFFR,0.08,0.06,0.07,0.08,0.11,0.0,0.25,70,,
2022-02-09,EFFR,0.08,0.06,0.07,0.08,0.1,0.0,0.25,70,,
2022-02-10,EFFR,0.08,0.06,0.07,0.08,0.11,0.0,0.25,71,,
2022-02-11,EFFR,0.08,0.06,0.07,0.08,0.11,0.0,0.25,67,,
2022-02-14,EFFR,0.08,0.06,0.07,0.08,0.1,0.0,0.25,63,,
2022-02-15,EFFR,0.08,0.06,0.07,0.08,0.1,0.0,0.25,65,,
2022-02-16,EFFR,0.08,0.06,0.07,0.08,0.11,0.0,0.25,70,,
2022-02-17,EFFR,0.08,0.06,0.07,0.08,0.18,0.0,0.25,73,,
2022-02-18,EFFR,0.08,0.06,0.07,0.09,0.2,0.0,0.25,71,,
2022-02-22,EFFR,0.08,0.06,0.07,0.08,0.2,0.0,0.25,72,,
2022-02-23,EFFR,0.08,0.06,0.07,0.08,0.16,0.0,0.25,72,,
2022-02-24,EFFR,0.08,0.06,0.07,0.09,0.11,0.0,0.25,64,,
2022-02-25,EFFR,0.08,0.06,0.07,0.09,0.17,0.0,0.25,69,,
2022-02-28,EFFR,0.08,0.06,0.07,0.09,0.18,0.0,0.25,65,,
2022-03-01,EFFR,0.08,0.06,0.08,0.09,0.18,0.0,0.25,64,,
2022-03-02,EFFR,0.08,0.06,0.07,0.09,0.11,0.0,0.25,70,,
2022-03-03,EFFR,0.08,0.06,0.07,0.09,0.11,0.0,0.25,68,,
2022-03-04,EFFR,0.08,0.06,0.07,0.09,0.16,0.0,0.25,72,,
2022-03-07,EFFR,0.08,0.06,0.07,0.09,0.17,0.0,0.25,71,,
2022-03-08,EFFR,0.08,0.06,0.07,0.08,0.1,0.0,0.25,69,,
2022-03-09,EFFR,0.08,0.06,0.07,0.09,0.16,0.0,0.25,71,,
2022-03-10,EFFR,0.08,0.06,0.07,0.09,0.1,0.0,0.25,72,,
2022-03-11,EFFR,0.08,0.06,0.07,0.08,0.1,0.0,0.25,73,,
2022-03-14,EFFR,0.08,0.06,0.07,0.08,0.1,0.0,0.25,72,,
2022-03-15,EFFR,0.08,0.06,0.07,0.08,0.1,0.0,0.25,76,,
2022-03-16,EFFR,0.08,0.06,0.07,0.09,0.15,0.0,0.25,74,,
2022-03-17,EFFR,0.33,0.3,0.32,0.34,0.36,0.25,0.5,73,,
2022-03-18,EFFR,0.33,0.31,0.32,0.34,0.4,0.25,0.5,72,,
2022-03-21,EFFR,0.33,0.31,0.32,0.34,0.4,0.25,0.5,76,,
2022-03-22,EFFR,0.33,0.3,0.32,0.33,0.35,0.25,0.5,76,,
2022-03-23,EFFR,0.33,0.31,0.32,0.34,0.34,0.25,0.5,74,,
2022-03-24,EFFR,0.33,0.31,0.32,0.34,0.34,0.25,0.5,74,,
2022-03-25,EFFR,0.33,0.31,0.32,0.33,0.34,0.25,0.5,78,,
2022-03-28,EFFR,0.33,0.31,0.32,0.34,0.36,0.25,0.5,77,,
2022-03-29,EFFR,0.33,0.31,0.32,0.34,0.36,0.25,0.5,83,,
2022-03-30,EFFR,0.33,0.31,0.32,0.34,0.36,0.25,0.5,80,,
2022-03-31,EFFR,0.33,0.3,0.32,0.33,0.4,0.25,0.5,57,,
2022-04-01,EFFR,0.33,0.31,0.32,0.33,0.35,0.25,0.5,78,,
2022-04-04,EFFR,0.33,0.31,0.32,0.33,0.35,0.25,0.5,78,,
2022-04-05,EFFR,0.33,0.31,0.32,0.33,0.35,0.25,0.5,79,,
2022-04-06,EFFR,0.33,0.31,0.32,0.33,0.35,0.25,0.5,77,,
2022-04-07,EFFR,0.33,0.31,0.32,0.33,0.35,0.25,0.5,78,,
2022-04-08,EFFR,0.33,0.31,0.32,0.33,0.35,0.25,0.5,77,,
2022-04-11,EFFR,0.33,0.31,0.32,0.33,0.35,0.25,0.5,80,,
2022-04-12,EFFR,0.33,0.31,0.32,0.33,0.36,0.25,0.5,80,,
2022-04-13,EFFR,0.33,0.31,0.32,0.34,0.35,0.25,0.5,77,,
2022-04-14,EFFR,0.33,0.31,0.32,0.34,0.34,0.25,0.5,71,,
2022-04-15,EFFR,0.33,0.31,0.32,0.34,0.34,0.25,0.5,75,,
2022-04-18,EFFR,0.33,0.31,0.32,0.34,0.36,0.25,0.5,76,,
2022-04-19,EFFR,0.33,0.31,0.32,0.34,0.43,0.25,0.5,70,,
2022-04-20,EFFR,0.33,0.31,0.33,0.34,0.45,0.25,0.5,71,,
2022-04-21,EFFR,0.33,0.31,0.33,0.34,0.45,0.25,0.5,70,,
2022-04-22,EFFR,0.33,0.31,0.33,0.34,0.41,0.25,0.5,74,,
2022-04-25,EFFR,0.33,0.31,0.33,0.34,0.45,0.25,0.5,78,,
2022-04-26,EFFR,0.33,0.31,0.32,0.34,0.4,0.25,0.5,73,,
2022-04-27,EFFR,0.33,0.31,0.33,0.34,0.45,0.25,0.5,78,,
2022-04-28,EFFR,0.33,0.31,0.33,0.34,0.45,0.25,0.5,81,,
2022-04-29,EFFR,0.33,0.31,0.32,0.34,0.45,0.25,0.5,76,,
2022-05-02,EFFR,0.33,0.31,0.33,0.34,0.45,0.25,0.5,77,,
2022-05-03,EFFR,0.33,0.31,0.33,0.34,0.45,0.25,0.5,79,,
2022-05-04,EFFR,0.33,0.31,0.32,0.34,0.45,0.25,0.5,77,,
2022-05-05,EFFR,0.83,0.81,0.83,0.84,0.95,0.75,1.0,74,,
2022-05-06,EFFR,0.83,0.8,0.82,0.84,0.95,0.75,1.0,81,,
2022-05-09,EFFR,0.83,0.81,0.83,0.84,0.95,0.75,1.0,75,,
2022-05-10,EFFR,0.83,0.81,0.82,0.84,0.95,0.75,1.0,72,,
2022-05-11,EFFR,0.83,0.81,0.82,0.84,0.95,0.75,1.0,78,,
2022-05-12,EFFR,0.83,0.81,0.82,0.84,0.91,0.75,1.0,81,,
2022-05-13,EFFR,0.83,0.81,0.82,0.84,0.91,0.75,1.0,84,,
2022-05-16,EFFR,0.83,0.81,0.82,0.84,0.91,0.75,1.0,84,,
2022-05-17,EFFR,0.83,0.81,0.82,0.84,0.93,0.75,1.0,80,,
2022-05-18,EFFR,0.83,0.81,0.82,0.84,0.95,0.75,1.0,75,,
2022-05-19,EFFR,0.83,0.81,0.82,0.84,0.95,0.75,1.0,76,,
2022-05-20,EFFR,0.83,0.81,0.82,0.84,0.9,0.75,1.0,82,,
2022-05-23,EFFR,0.83,0.8,0.82,0.84,0.95,0.75,1.0,82,,
2022-05-24,EFFR,0.83,0.81,0.82,0.84,0.95,0.75,1.0,82,,
2022-05-25,EFFR,0.83,0.8,0.82,0.84,0.95,0.75,1.0,85,,
2022-05-26,EFFR,0.83,0.8,0.82,0.84,0.95,0.75,1.0,81,,
2022-05-27,EFFR,0.83,0.8,0.82,0.84,0.95,0.75,1.0,79,,
2022-05-31,EFFR,0.83,0.79,0.82,0.84,0.91,0.75,1.0,76,,
2022-06-01,EFFR,0.83,0.8,0.82,0.84,0.9,0.75,1.0,85,,
2022-06-02,EFFR,0.83,0.8,0.82,0.84,0.88,0.75,1.0,83,,
2022-06-03,EFFR,0.83,0.8,0.82,0.83,0.88,0.75,1.0,85,,
2022-06-06,EFFR,0.83,0.8,0.82,0.83,0.9,0.75,1.0,85,,
2022-06-07,EFFR,0.83,0.8,0.82,0.84,0.88,0.75,1.0,82,,
2022-06-08,EFFR,0.83,0.8,0.82,0.84,0.88,0.75,1.0,79,,
2022-06-09,EFFR,0.83,0.81,0.82,0.84,0.88,0.75,1.0,79,,
2022-06-10,EFFR,0.83,0.81,0.82,0.84,0.88,0.75,1.0,76,,
2022-06-13,EFFR,0.83,0.8,0.82,0.84,0.91,0.75,1.0,75,,
2022-06-14,EFFR,0.83,0.8,0.82,0.84,0.95,0.75,1.0,81,,
2022-06-15,EFFR,0.83,0.81,0.82,0.84,0.95,0.75,1.0,83,,
2022-06-16,EFFR,1.58,1.55,1.57,1.59,1.7,1.5,1.75,80,,
2022-06-17,EFFR,1.58,1.56,1.57,1.59,1.7,1.5,1.75,84,,
2022-06-21,EFFR,1.58,1.56,1.57,1.59,1.72,1.5,1.75,67,,
2022-06-22,EFFR,1.58,1.56,1.57,1.59,1.72,1.5,1.75,85,,
2022-06-23,EFFR,1.58,1.56,1.57,1.59,1.7,1.5,1.75,84,,
2022-06-24,EFFR,1.58,1.55,1.57,1.58,1.7,1.5,1.75,91,,
2022-06-27,EFFR,1.58,1.55,1.57,1.58,1.7,1.5,1.75,90,,
2022-06-28,EFFR,1.58,1.56,1.57,1.58,1.7,1.5,1.75,95,,
2022-06-29,EFFR,1.58,1.56,1.57,1.58,1.7,1.5,1.75,85,,
2022-06-30,EFFR,1.58,1.55,1.58,1.59,1.72,1.5,1.75,67,,
2022-07-01,EFFR,1.58,1.56,1.57,1.58,1.7,1.5,1.75,90,,
2022-07-05,EFFR,1.58,1.55,1.57,1.58,1.7,1.5,1.75,94,,
2022-07-06,EFFR,1.58,1.55,1.57,1.58,1.7,1.5,1.75,95,,
2022-07-07,EFFR,1.58,1.55,1.57,1.58,1.7,1.5,1.75,92,,
2022-07-08,EFFR,1.58,1.55,1.57,1.58,1.7,1.5,1.75,99,,
2022-07-11,EFFR,1.58,1.55,1.57,1.58,1.7,1.5,1.75,93,,
2022-07-12,EFFR,1.58,1.55,1.57,1.58,1.7,1.5,1.75,98,,
2022-07-13,EFFR,1.58,1.55,1.57,1.58,1.7,1.5,1.75,96,,
2022-07-14,EFFR,1.58,1.55,1.57,1.58,1.7,1.5,1.75,91,,
2022-07-15,EFFR,1.58,1.55,1.57,1.58,1.7,1.5,1.75,97,,
2022-07-18,EFFR,1.58,1.55,1.57,1.58,1.71,1.5,1.75,97,,
2022-07-19,EFFR,1.58,1.56,1.57,1.59,1.73,1.5,1.75,90,,
2022-07-20,EFFR,1.58,1.56,1.57,1.58,1.73,1.5,1.75,95,,
2022-07-21,EFFR,1.58,1.56,1.57,1.58,1.73,1.5,1.75,96,,
2022-07-22,EFFR,1.58,1.56,1.57,1.58,1.75,1.5,1.75,96,,
2022-07-25,EFFR,1.58,1.55,1.57,1.59,1.73,1.5,1.75,94,,
2022-07-26,EFFR,1.58,1.56,1.57,1.58,1.73,1.5,1.75,97,,
2022-07-27,EFFR,1.58,1.56,1.57,1.58,1.75,1.5,1.75,98,,
2022-07-28,EFFR,2.33,2.3,2.32,2.33,2.48,2.25,2.5,90,,
2022-07-29,EFFR,2.32,2.3,2.31,2.34,2.48,2.25,2.5,86,,
2022-08-01,EFFR,2.33,2.3,2.32,2.33,2.45,2.25,2.5,93,,
2022-08-02,EFFR,2.33,2.3,2.32,2.33,2.45,2.25,2.5,95,,
2022-08-03,EFFR,2.33,2.3,2.32,2.33,2.45,2.25,2.5,92,,
2022-08-04,EFFR,2.33,2.31,2.32,2.33,2.45,2.25,2.5,91,,
2022-08-05,EFFR,2.33,2.31,2.32,2.33,2.45,2.25,2.5,91,,
2022-08-08,EFFR,2.33,2.31,2.32,2.33,2.45,2.25,2.5,89,,
2022-08-09,EFFR,2.33,2.31,2.32,2.33,2.45,2.25,2.5,90,,
2022-08-10,EFFR,2.33,2.31,2.32,2.33,2.45,2.25,2.5,93,,
2022-08-11,EFFR,2.33,2.31,2.32,2.33,2.45,2.25,2.5,94,,
2022-08-12,EFFR,2.33,2.3,2.32,2.33,2.45,2.25,2.5,97,,
2022-08-15,EFFR,2.33,2.3,2.32,2.33,2.45,2.25,2.5,97,,
2022-08-16,EFFR,2.33,2.31,2.32,2.33,2.45,2.25,2.5,94,,
2022-08-17,EFFR,2.33,2.31,2.32,2.33,2.45,2.25,2.5,92,,
2022-08-18,EFFR,2.33,2.31,2.32,2.33,2.45,2.25,2.5,91,,
2022-08-19,EFFR,2.33,2.31,2.32,2.34,2.45,2.25,2.5,94,,
2022-08-22,EFFR,2.33,2.3,2.32,2.34,2.45,2.25,2.5,91,,
2022-08-23,EFFR,2.33,2.31,2.32,2.34,2.45,2.25,2.5,91,,
2022-08-24,EFFR,2.33,2.31,2.32,2.33,2.45,2.25,2.5,94,,
2022-08-25,EFFR,2.33,2.3,2.32,2.33,2.45,2.25,2.5,96,,
2022-08-26,EFFR,2.33,2.31,2.32,2.33,2.45,2.25,2.5,98,,
2022-08-29,EFFR,2.33,2.3,2.32,2.34,2.45,2.25,2.5,89,,
2022-08-30,EFFR,2.33,2.3,2.32,2.34,2.45,2.25,2.5,90,,
2022-08-31,EFFR,2.33,2.29,2.32,2.34,2.45,2.25,2.5,86,,
2022-09-01,EFFR,2.33,2.3,2.32,2.33,2.45,2.25,2.5,100,,
2022-09-02,EFFR,2.33,2.3,2.32,2.33,2.45,2.25,2.5,100,,
2022-09-06,EFFR,2.33,2.3,2.32,2.33,2.45,2.25,2.5,94,,
2022-09-07,EFFR,2.33,2.3,2.32,2.33,2.45,2.25,2.5,97,,
2022-09-08,EFFR,2.33,2.3,2.32,2.33,2.45,2.25,2.5,94,,
2022-09-09,EFFR,2.33,2.3,2.32,2.33,2.45,2.25,2.5,101,,
2022-09-12,EFFR,2.33,2.3,2.32,2.33,2.45,2.25,2.5,93,,
2022-09-13,EFFR,2.33,2.3,2.32,2.33,2.45,2.25,2.5,94,,
2022-09-14,EFFR,2.33,2.3,2.32,2.33,2.45,2.25,2.5,95,,
2022-09-15,EFFR,2.33,2.3,2.32,2.33,2.45,2.25,2.5,96,,
2022-09-16,EFFR,2.33,2.3,2.32,2.34,2.45,2.25,2.5,96,,
2022-09-19,EFFR,2.33,2.3,2.32,2.34,2.45,2.25,2.5,93,,
2022-09-20,EFFR,2.33,2.3,2.32,2.34,2.48,2.25,2.5,91,,
2022-09-21,EFFR,2.33,2.3,2.32,2.33,2.5,2.25,2.5,99,,
2022-09-22,EFFR,3.08,3.05,3.07,3.08,3.25,3.0,3.25,99,,
2022-09-23,EFFR,3.08,3.05,3.07,3.08,3.25,3.0,3.25,109,,
2022-09-26,EFFR,3.08,3.05,3.07,3.08,3.25,3.0,3.25,111,,
2022-09-27,EFFR,3.08,3.05,3.07,3.08,3.25,3.0,3.25,111,,
2022-09-28,EFFR,3.08,3.05,3.07,3.08,3.25,3.0,3.25,110,,
2022-09-29,EFFR,3.08,3.05,3.07,3.08,3.25,3.0,3.25,103,,
2022-09-30,EFFR,3.08,3.05,3.07,3.08,3.23,3.0,3.25,90,,
2022-10-03,EFFR,3.08,3.05,3.07,3.08,3.23,3.0,3.25,115,,
2022-10-04,EFFR,3.08,3.05,3.07,3.08,3.25,3.0,3.25,107,,
2022-10-05,EFFR,3.08,3.05,3.07,3.08,3.23,3.0,3.25,104,,
2022-10-06,EFFR,3.08,3.05,3.07,3.08,3.25,3.0,3.25,109,,
2022-10-07,EFFR,3.08,3.05,3.07,3.08,3.23,3.0,3.25,113,,
2022-10-11,EFFR,3.08,3.05,3.07,3.08,3.23,3.0,3.25,104,,
2022-10-12,EFFR,3.08,3.05,3.07,3.08,3.23,3.0,3.25,110,,
2022-10-13,EFFR,3.08,3.05,3.07,3.08,3.24,3.0,3.25,106,,
2022-10-14,EFFR,3.08,3.05,3.07,3.08,3.23,3.0,3.25,110,,
2022-10-17,EFFR,3.08,3.05,3.07,3.08,3.23,3.0,3.25,103,,
2022-10-18,EFFR,3.08,3.05,3.07,3.08,3.23,3.0,3.25,103,,
2022-10-19,EFFR,3.08,3.05,3.07,3.08,3.25,3.0,3.25,104,,
2022-10-20,EFFR,3.08,3.05,3.07,3.09,3.25,3.0,3.25,92,,
2022-10-21,EFFR,3.08,3.05,3.07,3.09,3.25,3.0,3.25,99,,
2022-10-24,EFFR,3.08,3.05,3.07,3.09,3.25,3.0,3.25,99,,
2022-10-25,EFFR,3.08,3.05,3.07,3.09,3.29,3.0,3.25,103,,
2022-10-26,EFFR,3.08,3.05,3.07,3.09,3.3,3.0,3.25,99,,
2022-10-27,EFFR,3.08,3.05,3.07,3.09,3.3,3.0,3.25,103,,
2022-10-28,EFFR,3.08,3.05,3.07,3.09,3.3,3.0,3.25,107,,
2022-10-31,EFFR,3.08,3.05,3.07,3.09,3.3,3.0,3.25,82,,
2022-11-01,EFFR,3.08,3.05,3.07,3.08,3.35,3.0,3.25,108,,
2022-11-02,EFFR,3.08,3.05,3.07,3.09,3.35,3.0,3.25,103,,
2022-11-03,EFFR,3.83,3.8,3.82,3.84,4.05,3.75,4.0,97,,
2022-11-04,EFFR,3.83,3.8,3.82,3.83,4.0,3.75,4.0,105,,
2022-11-07,EFFR,3.83,3.8,3.82,3.84,4.0,3.75,4.0,99,,
2022-11-08,EFFR,3.83,3.8,3.82,3.84,4.05,3.75,4.0,101,,
2022-11-09,EFFR,3.83,2.34,3.82,3.84,4.0,3.75,4.0,100,,
2022-11-10,EFFR,3.83,3.8,3.82,3.84,4.0,3.75,4.0,97,,
2022-11-14,EFFR,3.83,3.8,3.82,3.84,4.0,3.75,4.0,99,,
2022-11-15,EFFR,3.83,3.8,3.82,3.84,4.0,3.75,4.0,97,,
2022-11-16,EFFR,3.83,3.8,3.82,3.84,4.0,3.75,4.0,98,,
2022-11-17,EFFR,3.83,3.8,3.82,3.84,4.0,3.75,4.0,99,,
2022-11-18,EFFR,3.83,3.8,3.82,3.84,4.05,3.75,4.0,102,,
2022-11-21,EFFR,3.83,3.8,3.82,3.84,4.05,3.75,4.0,94,,
2022-11-22,EFFR,3.83,3.8,3.82,3.84,4.05,3.75,4.0,99,,
2022-11-23,EFFR,3.83,3.8,3.82,3.84,4.05,3.75,4.0,108,,
2022-11-25,EFFR,3.83,3.7,3.82,3.83,4.05,3.75,4.0,105,,
2022-11-28,EFFR,3.83,3.8,3.82,3.84,4.05,3.75,4.0,97,,
2022-11-29,EFFR,3.83,3.8,3.82,3.84,4.05,3.75,4.0,95,,
2022-11-30,EFFR,3.83,3.79,3.82,3.84,4.05,3.75,4.0,92,,
2022-12-01,EFFR,3.83,3.8,3.82,3.84,4.05,3.75,4.0,99,,
2022-12-02,EFFR,3.83,3.8,3.82,3.83,4.0,3.75,4.0,108,,
2022-12-05,EFFR,3.83,3.8,3.82,3.84,4.05,3.75,4.0,107,,
2022-12-06,EFFR,3.83,3.8,3.82,3.84,4.05,3.75,4.0,110,,
2022-12-07,EFFR,3.83,3.8,3.82,3.84,4.05,3.75,4.0,103,,
2022-12-08,EFFR,3.83,3.8,3.82,3.84,4.05,3.75,4.0,99,,
2022-12-09,EFFR,3.83,3.8,3.82,3.84,4.05,3.75,4.0,102,,
2022-12-12,EFFR,3.83,3.8,3.82,3.84,4.05,3.75,4.0,97,,
2022-12-13,EFFR,3.83,3.8,3.82,3.84,4.05,3.75,4.0,100,,
2022-12-14,EFFR,3.83,3.8,3.82,3.84,4.05,3.75,4.0,101,,
2022-12-15,EFFR,4.33,4.3,4.32,4.34,4.5,4.25,4.5,104,,
2022-12-16,EFFR,4.33,4.3,4.32,4.34,4.55,4.25,4.5,99,,
2022-12-19,EFFR,4.33,4.3,4.32,4.34,4.55,4.25,4.5,91,,
2022-12-20,EFFR,4.33,4.3,4.32,4.34,4.55,4.25,4.5,99,,
2022-12-21,EFFR,4.33,4.3,4.32,4.34,4.55,4.25,4.5,98,,
2022-12-22,EFFR,4.33,4.3,4.32,4.34,4.6,4.25,4.5,99,,
2022-12-23,EFFR,4.33,4.3,4.32,4.34,4.6,4.25,4.5,107,,
2022-12-27,EFFR,4.33,4.3,4.32,4.34,4.6,4.25,4.5,109,,
2022-12-28,EFFR,4.33,4.3,4.32,4.34,4.6,4.25,4.5,99,,
2022-12-29,EFFR,4.33,4.3,4.31,4.34,4.6,4.25,4.5,94,,
2022-12-30,EFFR,4.33,4.3,4.32,4.34,4.6,4.25,4.5,67,,
2023-01-03,EFFR,4.33,4.3,4.32,4.33,4.6,4.25,4.5,105,,
2023-01-04,EFFR,4.33,4.3,4.32,4.33,4.65,4.25,4.5,108,,
2023-01-05,EFFR,4.33,4.3,4.32,4.33,4.6,4.25,4.5,107,,
2023-01-06,EFFR,4.33,4.3,4.32,4.33,4.6,4.25,4.5,114,,
2023-01-09,EFFR,4.33,4.3,4.32,4.34,4.6,4.25,4.5,106,,
2023-01-10,EFFR,4.33,4.3,4.32,4.33,4.6,4.25,4.5,109,,
2023-01-11,EFFR,4.33,4.3,4.32,4.33,4.6,4.25,4.5,110,,
2023-01-12,EFFR,4.33,4.3,4.32,4.34,4.61,4.25,4.5,107,,
2023-01-13,EFFR,4.33,4.3,4.32,4.34,4.6,4.25,4.5,110,,
2023-01-17,EFFR,4.33,4.3,4.31,4.34,4.61,4.25,4.5,94,,
2023-01-18,EFFR,4.33,4.3,4.32,4.34,4.62,4.25,4.5,106,,
2023-01-19,EFFR,4.33,4.3,4.32,4.34,4.63,4.25,4.5,100,,
2023-01-20,EFFR,4.33,4.3,4.32,4.34,4.65,4.25,4.5,99,,
2023-01-23,EFFR,4.33,4.3,4.32,4.34,4.65,4.25,4.5,96,,
2023-01-24,EFFR,4.33,4.3,4.32,4.34,4.65,4.25,4.5,104,,
2023-01-25,EFFR,4.33,4.3,4.32,4.34,4.65,4.25,4.5,111,,
2023-01-26,EFFR,4.33,4.3,4.32,4.34,4.65,4.25,4.5,113,,
2023-01-27,EFFR,4.33,4.3,4.32,4.33,4.65,4.25,4.5,120,,
2023-01-30,EFFR,4.33,4.3,4.32,4.33,4.65,4.25,4.5,109,,
2023-01-31,EFFR,4.33,4.29,4.32,4.34,4.65,4.25,4.5,98,,
2023-02-01,EFFR,4.33,4.3,4.32,4.34,4.65,4.25,4.5,106,,
2023-02-02,EFFR,4.58,4.55,4.57,4.59,4.9,4.5,4.75,99,,
2023-02-03,EFFR,4.58,4.55,4.57,4.59,4.9,4.5,4.75,104,,
2023-02-06,EFFR,4.58,4.55,4.57,4.59,4.85,4.5,4.75,99,,
2023-02-07,EFFR,4.58,4.55,4.57,4.59,4.85,4.5,4.75,103,,
2023-02-08,EFFR,4.58,4.55,4.57,4.59,4.85,4.5,4.75,106,,
2023-02-09,EFFR,4.57,4.55,4.57,4.59,4.85,4.5,4.75,111,,
2023-02-10,EFFR,4.58,4.55,4.57,4.59,4.85,4.5,4.75,112,,
2023-02-13,EFFR,4.58,4.55,4.57,4.59,4.85,4.5,4.75,107,,
2023-02-14,EFFR,4.58,4.55,4.57,4.59,4.85,4.5,4.75,105,,
2023-02-15,EFFR,4.58,4.55,4.57,4.59,4.85,4.5,4.75,111,,
2023-02-16,EFFR,4.58,4.55,4.57,4.59,4.85,4.5,4.75,105,,
2023-02-17,EFFR,4.58,4.55,4.57,4.59,4.9,4.5,4.75,107,,
2023-02-21,EFFR,4.58,4.55,4.57,4.59,4.9,4.5,4.75,100,,
2023-02-22,EFFR,4.58,4.55,4.57,4.59,4.9,4.5,4.75,109,,
2023-02-23,EFFR,4.58,4.55,4.57,4.59,4.9,4.5,4.75,106,,
2023-02-24,EFFR,4.58,4.55,4.57,4.59,4.9,4.5,4.75,109,,
2023-02-27,EFFR,4.57,4.55,4.57,4.59,4.9,4.5,4.75,108,,
2023-02-28,EFFR,4.57,4.54,4.57,4.59,4.9,4.5,4.75,103,,
2023-03-01,EFFR,4.58,4.55,4.57,4.58,4.9,4.5,4.75,117,,
2023-03-02,EFFR,4.57,4.55,4.57,4.59,4.9,4.5,4.75,108,,
2023-03-03,EFFR,4.57,4.55,4.57,4.59,4.9,4.5,4.75,114,,
2023-03-06,EFFR,4.57,4.55,4.56,4.59,4.9,4.5,4.75,114,,
2023-03-07,EFFR,4.57,4.55,4.56,4.58,4.9,4.5,4.75,118,,
2023-03-08,EFFR,4.57,4.55,4.56,4.58,4.9,4.5,4.75,107,,
2023-03-09,EFFR,4.57,4.55,4.56,4.59,4.9,4.5,4.75,115,,
2023-03-10,EFFR,4.57,4.55,4.56,4.59,4.9,4.5,4.75,81,,
2023-03-13,EFFR,4.58,4.55,4.58,4.59,4.9,4.5,4.75,41,,
2023-03-14,EFFR,4.58,4.55,4.58,4.59,4.9,4.5,4.75,79,,
2023-03-15,EFFR,4.58,4.55,4.58,4.59,4.9,4.5,4.75,89,,
2023-03-16,EFFR,4.58,4.55,4.58,4.59,4.9,4.5,4.75,83,,
2023-03-17,EFFR,4.58,4.55,4.58,4.59,4.9,4.5,4.75,85,,
2023-03-20,EFFR,4.58,4.55,4.58,4.59,4.9,4.5,4.75,92,,
2023-03-21,EFFR,4.58,4.55,4.58,4.59,4.9,4.5,4.75,92,,
2023-03-22,EFFR,4.58,4.55,4.58,4.59,4.9,4.5,4.75,100,,
2023-03-23,EFFR,4.83,4.8,4.83,4.84,5.15,4.75,5.0,92,,
2023-03-24,EFFR,4.83,4.8,4.83,4.84,5.15,4.75,5.0,92,,
2023-03-27,EFFR,4.83,4.8,4.83,4.84,5.15,4.75,5.0,92,,
2023-03-28,EFFR,4.83,4.8,4.83,4.84,5.15,4.75,5.0,98,,
2023-03-29,EFFR,4.83,4.8,4.83,4.84,5.15,4.75,5.0,97,,
2023-03-30,EFFR,4.83,4.8,4.82,4.84,5.15,4.75,5.0,95,,
2023-03-31,EFFR,4.83,4.8,4.82,4.84,5.15,4.75,5.0,86,,
2023-04-03,EFFR,4.83,4.8,4.82,4.84,5.15,4.75,5.0,105,,
2023-04-04,EFFR,4.83,4.8,4.82,4.84,5.15,4.75,5.0,103,,
2023-04-05,EFFR,4.83,4.8,4.82,4.84,5.15,4.75,5.0,102,,
2023-04-06,EFFR,4.83,4.8,4.82,4.84,5.15,4.75,5.0,98,,
2023-04-07,EFFR,4.83,4.8,4.82,4.84,5.15,4.75,5.0,100,,
2023-04-10,EFFR,4.83,4.8,4.82,4.84,5.15,4.75,5.0,106,,
2023-04-11,EFFR,4.83,4.8,4.82,4.84,5.15,4.75,5.0,108,,
2023-04-12,EFFR,4.83,4.8,4.82,4.84,5.15,4.75,5.0,114,,
2023-04-13,EFFR,4.83,4.8,4.82,4.84,5.15,4.75,5.0,109,,
2023-04-14,EFFR,4.83,4.8,4.82,4.84,5.15,4.75,5.0,113,,
2023-04-17,EFFR,4.83,4.8,4.82,4.84,5.15,4.75,5.0,106,,
2023-04-18,EFFR,4.83,4.8,4.82,4.84,5.15,4.75,5.0,112,,
2023-04-19,EFFR,4.83,4.8,4.82,4.84,5.15,4.75,5.0,109,,
2023-04-20,EFFR,4.83,4.8,4.82,4.84,5.15,4.75,5.0,115,,
2023-04-21,EFFR,4.83,4.8,4.82,4.84,5.15,4.75,5.0,114,,
2023-04-24,EFFR,4.83,4.8,4.81,4.84,5.15,4.75,5.0,110,,
2023-04-25,EFFR,4.83,4.8,4.82,4.84,5.15,4.75,5.0,112,,
2023-04-26,EFFR,4.83,4.8,4.82,4.84,5.15,4.75,5.0,115,,
2023-04-27,EFFR,4.83,4.8,4.81,4.84,5.15,4.75,5.0,119,,
2023-04-28,EFFR,4.83,4.8,4.82,4.84,5.15,4.75,5.0,113,,
2023-05-01,EFFR,4.83,4.8,4.81,4.84,5.15,4.75,5.0,117,,
2023-05-02,EFFR,4.83,4.8,4.81,4.84,5.15,4.75,5.0,118,,
2023-05-03,EFFR,4.83,4.8,4.82,4.84,5.15,4.75,5.0,115,,
2023-05-04,EFFR,5.08,5.05,5.06,5.09,5.4,5.0,5.25,114,,
2023-05-05,EFFR,5.08,5.05,5.07,5.09,5.4,5.0,5.25,112,,
2023-05-08,EFFR,5.08,5.05,5.07,5.09,5.4,5.0,5.25,111,,
2023-05-09,EFFR,5.08,5.05,5.07,5.09,5.4,5.0,5.25,112,,
2023-05-10,EFFR,5.08,5.05,5.07,5.08,5.4,5.0,5.25,120,,
2023-05-11,EFFR,5.08,5.05,5.07,5.09,5.4,5.0,5.25,117,,
2023-05-12,EFFR,5.08,5.05,5.07,5.09,5.35,5.0,5.25,124,,
2023-05-15,EFFR,5.08,5.05,5.07,5.08,5.35,5.0,5.25,126,,
2023-05-16,EFFR,5.08,5.05,5.07,5.08,5.35,5.0,5.25,124,,
2023-05-17,EFFR,5.08,5.05,5.07,5.08,5.35,5.0,5.25,130,,
2023-05-18,EFFR,5.08,5.05,5.06,5.08,5.35,5.0,5.25,127,,
2023-05-19,EFFR,5.08,5.05,5.06,5.08,5.35,5.0,5.25,132,,
2023-05-22,EFFR,5.08,5.05,5.06,5.09,5.35,5.0,5.25,124,,
2023-05-23,EFFR,5.08,5.05,5.06,5.09,5.35,5.0,5.25,126,,
2023-05-24,EFFR,5.08,5.05,5.06,5.08,5.35,5.0,5.25,126,,
2023-05-25,EFFR,5.08,5.05,5.06,5.08,5.35,5.0,5.25,131,,
2023-05-26,EFFR,5.08,5.05,5.06,5.08,5.35,5.0,5.25,136,,
2023-05-30,EFFR,5.08,5.05,5.06,5.08,5.35,5.0,5.25,127,,
2023-05-31,EFFR,5.08,5.05,5.06,5.08,5.4,5.0,5.25,118,,
2023-06-01,EFFR,5.08,5.05,5.06,5.08,5.35,5.0,5.25,131,,
2023-06-02,EFFR,5.08,5.05,5.06,5.08,5.3,5.0,5.25,141,,
2023-06-05,EFFR,5.08,5.05,5.06,5.08,5.3,5.0,5.25,136,,
2023-06-06,EFFR,5.08,5.05,5.06,5.08,5.3,5.0,5.25,144,,
2023-06-07,EFFR,5.08,5.05,5.06,5.08,5.3,5.0,5.25,137,,
2023-06-08,EFFR,5.08,5.05,5.06,5.08,5.3,5.0,5.25,136,,
2023-06-09,EFFR,5.08,5.05,5.06,5.08,5.3,5.0,5.25,133,,
2023-06-12,EFFR,5.08,5.05,5.06,5.08,5.3,5.0,5.25,134,,
2023-06-13,EFFR,5.08,5.05,5.06,5.08,5.3,5.0,5.25,131,,
2023-06-14,EFFR,5.08,5.05,5.06,5.08,5.35,5.0,5.25,128,,
2023-06-15,EFFR,5.07,5.05,5.06,5.08,5.35,5.0,5.25,128,,
2023-06-16,EFFR,5.08,5.05,5.06,5.08,5.3,5.0,5.25,129,,
2023-06-20,EFFR,5.07,5.05,5.06,5.08,5.3,5.0,5.25,134,,
2023-06-21,EFFR,5.07,5.05,5.06,5.08,5.3,5.0,5.25,130,,
2023-06-22,EFFR,5.07,5.05,5.06,5.08,5.35,5.0,5.25,132,,
2023-06-23,EFFR,5.07,5.05,5.06,5.08,5.35,5.0,5.25,135,,
2023-06-26,EFFR,5.07,5.05,5.06,5.08,5.3,5.0,5.25,138,,
2023-06-27,EFFR,5.07,5.05,5.06,5.08,5.4,5.0,5.25,132,,
2023-06-28,EFFR,5.07,5.05,5.06,5.08,5.3,5.0,5.25,140,,
2023-06-29,EFFR,5.07,5.05,5.06,5.08,5.3,5.0,5.25,135,,
2023-06-30,EFFR,5.08,5.05,5.07,5.09,5.4,5.0,5.25,97,,
2023-07-03,EFFR,5.08,5.05,5.06,5.08,5.3,5.0,5.25,124,,
2023-07-05,EFFR,5.08,5.05,5.06,5.08,5.3,5.0,5.25,123,,
2023-07-06,EFFR,5.08,5.05,5.06,5.08,5.35,5.0,5.25,119,,
2023-07-07,EFFR,5.08,5.05,5.06,5.08,5.3,5.0,5.25,127,,
2023-07-10,EFFR,5.07,5.05,5.06,5.08,5.3,5.0,5.25,125,,
2023-07-11,EFFR,5.08,5.05,5.06,5.08,5.35,5.0,5.25,121,,
2023-07-12,EFFR,5.08,5.05,5.06,5.08,5.4,5.0,5.25,116,,
2023-07-13,EFFR,5.08,5.05,5.06,5.08,5.4,5.0,5.25,122,,
2023-07-14,EFFR,5.08,5.05,5.06,5.08,5.4,5.0,5.25,115,,
2023-07-17,EFFR,5.08,5.05,5.06,5.08,5.4,5.0,5.25,112,,
2023-07-18,EFFR,5.08,5.05,5.07,5.08,5.4,5.0,5.25,106,,
2023-07-19,EFFR,5.08,5.05,5.07,5.08,5.4,5.0,5.25,106,,
2023-07-20,EFFR,5.08,5.05,5.06,5.08,5.4,5.0,5.25,111,,
2023-07-21,EFFR,5.08,5.05,5.06,5.08,5.4,5.0,5.25,110,,
2023-07-24,EFFR,5.08,5.05,5.06,5.08,5.4,5.0,5.25,101,,
2023-07-25,EFFR,5.08,5.05,5.07,5.08,5.4,5.0,5.25,89,,1.0
2023-07-26,EFFR,5.08,5.05,5.07,5.09,5.4,5.0,5.25,98,,
2023-07-27,EFFR,5.33,5.3,5.32,5.33,5.65,5.25,5.5,105,,
2023-07-28,EFFR,5.33,5.3,5.32,5.33,5.65,5.25,5.5,106,,
2023-07-31,EFFR,5.33,5.3,5.32,5.34,5.65,5.25,5.5,103,,
2023-08-01,EFFR,5.33,5.3,5.32,5.33,5.65,5.25,5.5,108,,
2023-08-02,EFFR,5.33,5.3,5.32,5.33,5.65,5.25,5.5,105,,
2023-08-03,EFFR,5.33,5.3,5.32,5.33,5.65,5.25,5.5,105,,
2023-08-04,EFFR,5.33,5.3,5.32,5.33,5.65,5.25,5.5,112,,
2023-08-07,EFFR,5.33,5.3,5.32,5.33,5.65,5.25,5.5,106,,
2023-08-08,EFFR,5.33,5.3,5.32,5.33,5.65,5.25,5.5,110,,
2023-08-09,EFFR,5.33,5.3,5.31,5.33,5.65,5.25,5.5,111,,
2023-08-10,EFFR,5.33,5.3,5.32,5.33,5.65,5.25,5.5,108,,
2023-08-11,EFFR,5.33,5.3,5.31,5.33,5.65,5.25,5.5,105,,
2023-08-14,EFFR,5.33,5.3,5.32,5.33,5.65,5.25,5.5,103,,
2023-08-15,EFFR,5.33,5.3,5.32,5.33,5.65,5.25,5.5,102,,
2023-08-16,EFFR,5.33,5.3,5.32,5.34,5.65,5.25,5.5,96,,
2023-08-17,EFFR,5.33,5.3,5.32,5.33,5.6,5.25,5.5,98,,
2023-08-18,EFFR,5.33,5.3,5.32,5.33,5.55,5.25,5.5,100,,
2023-08-21,EFFR,5.33,5.3,5.32,5.33,5.55,5.25,5.5,100,,
2023-08-22,EFFR,5.33,5.3,5.32,5.33,5.55,5.25,5.5,101,,
2023-08-23,EFFR,5.33,5.3,5.32,5.33,5.55,5.25,5.5,105,,
2023-08-24,EFFR,5.33,5.3,5.32,5.33,5.5,5.25,5.5,105,,
2023-08-25,EFFR,5.33,5.3,5.32,5.33,5.5,5.25,5.5,103,,
2023-08-28,EFFR,5.33,5.3,5.31,5.33,5.5,5.25,5.5,107,,
2023-08-29,EFFR,5.33,5.3,5.32,5.33,5.55,5.25,5.5,102,,
2023-08-30,EFFR,5.33,5.3,5.32,5.33,5.5,5.25,5.5,100,,
2023-08-31,EFFR,5.33,5.3,5.32,5.33,5.5,5.25,5.5,97,,
2023-09-01,EFFR,5.33,5.3,5.32,5.34,5.5,5.25,5.5,104,,
2023-09-05,EFFR,5.33,5.3,5.32,5.33,5.5,5.25,5.5,102,,
2023-09-06,EFFR,5.33,5.3,5.32,5.33,5.5,5.25,5.5,100,,
2023-09-07,EFFR,5.33,5.3,5.32,5.33,5.5,5.25,5.5,105,,
2023-09-08,EFFR,5.33,5.3,5.32,5.33,5.5,5.25,5.5,104,,
2023-09-11,EFFR,5.33,5.3,5.32,5.33,5.5,5.25,5.5,105,,
2023-09-12,EFFR,5.33,5.3,5.32,5.33,5.5,5.25,5.5,108,,
2023-09-13,EFFR,5.33,5.3,5.32,5.33,5.55,5.25,5.5,104,,
2023-09-14,EFFR,5.33,5.3,5.32,5.34,5.55,5.25,5.5,92,,
2023-09-15,EFFR,5.33,5.3,5.32,5.33,5.5,5.25,5.5,96,,
2023-09-18,EFFR,5.33,5.3,5.32,5.34,5.53,5.25,5.5,94,,
2023-09-19,EFFR,5.33,5.3,5.32,5.34,5.55,5.25,5.5,90,,
2023-09-20,EFFR,5.33,5.3,5.32,5.34,5.55,5.25,5.5,89,,
2023-09-21,EFFR,5.33,5.3,5.32,5.34,5.55,5.25,5.5,87,,
2023-09-22,EFFR,5.33,5.3,5.32,5.34,5.55,5.25,5.5,94,,
2023-09-25,EFFR,5.33,5.3,5.32,5.34,5.55,5.25,5.5,93,,
2023-09-26,EFFR,5.33,5.3,5.32,5.34,5.55,5.25,5.5,96,,
2023-09-27,EFFR,5.33,5.3,5.32,5.34,5.55,5.25,5.5,99,,
2023-09-28,EFFR,5.33,5.3,5.32,5.34,5.44,5.25,5.5,104,,
2023-09-29,EFFR,5.33,5.3,5.32,5.34,5.55,5.25,5.5,86,,
2023-10-02,EFFR,5.33,5.3,5.32,5.34,5.55,5.25,5.5,89,,
2023-10-03,EFFR,5.33,5.3,5.32,5.34,5.55,5.25,5.5,94,,
2023-10-04,EFFR,5.33,5.3,5.32,5.34,5.53,5.25,5.5,103,,
2023-10-05,EFFR,5.33,5.3,5.32,5.34,5.55,5.25,5.5,102,,
2023-10-06,EFFR,5.33,5.3,5.32,5.33,5.53,5.25,5.5,100,,
2023-10-10,EFFR,5.33,5.3,5.32,5.34,5.55,5.25,5.5,95,,
2023-10-11,EFFR,5.33,5.3,5.32,5.34,5.55,5.25,5.5,94,,
2023-10-12,EFFR,5.33,5.3,5.32,5.33,5.53,5.25,5.5,103,,
2023-10-13,EFFR,5.33,5.3,5.32,5.33,5.5,5.25,5.5,99,,
2023-10-16,EFFR,5.33,5.3,5.32,5.34,5.55,5.25,5.5,96,,
2023-10-17,EFFR,5.33,5.3,5.32,5.34,5.55,5.25,5.5,93,,
2023-10-18,EFFR,5.33,5.3,5.32,5.34,5.55,5.25,5.5,89,,
2023-10-19,EFFR,5.33,5.3,5.32,5.34,5.55,5.25,5.5,90,,
2023-10-20,EFFR,5.33,5.3,5.32,5.34,5.55,5.25,5.5,87,,
2023-10-23,EFFR,5.33,5.3,5.32,5.34,5.55,5.25,5.5,88,,
2023-10-24,EFFR,5.33,5.3,5.32,5.34,5.55,5.25,5.5,83,,
2023-10-25,EFFR,5.33,5.3,5.32,5.34,5.55,5.25,5.5,93,,
2023-10-26,EFFR,5.33,5.3,5.32,5.34,5.5,5.25,5.5,100,,
2023-10-27,EFFR,5.33,5.3,5.32,5.34,5.55,5.25,5.5,94,,
2023-10-30,EFFR,5.33,5.3,5.32,5.33,5.5,5.25,5.5,97,,
2023-10-31,EFFR,5.33,5.3,5.32,5.34,5.55,5.25,5.5,86,,
2023-11-01,EFFR,5.33,5.3,5.32,5.34,5.53,5.25,5.5,92,,
2023-11-02,EFFR,5.33,5.3,5.32,5.33,5.55,5.25,5.5,99,,
2023-11-03,EFFR,5.33,5.3,5.32,5.33,5.5,5.25,5.5,102,,
2023-11-06,EFFR,5.33,5.3,5.32,5.33,5.5,5.25,5.5,101,,
2023-11-07,EFFR,5.33,5.3,5.32,5.33,5.53,5.25,5.5,104,,
2023-11-08,EFFR,5.33,5.3,5.32,5.33,5.5,5.25,5.5,101,,
2023-11-09,EFFR,5.33,5.3,5.32,5.33,5.5,5.25,5.5,105,,
2023-11-10,EFFR,5.33,5.3,5.32,5.33,5.5,5.25,5.5,106,,
2023-11-13,EFFR,5.33,5.3,5.32,5.33,5.5,5.25,5.5,102,,
2023-11-14,EFFR,5.33,5.3,5.32,5.33,5.5,5.25,5.5,102,,
2023-11-15,EFFR,5.33,5.3,5.32,5.33,5.5,5.25,5.5,96,,
2023-11-16,EFFR,5.33,5.3,5.32,5.33,5.5,5.25,5.5,99,,
2023-11-17,EFFR,5.33,5.3,5.32,5.33,5.5,5.25,5.5,98,,
2023-11-20,EFFR,5.33,5.3,5.32,5.33,5.5,5.25,5.5,101,,
2023-11-21,EFFR,5.33,5.3,5.32,5.33,5.5,5.25,5.5,102,,
2023-11-22,EFFR,5.33,5.3,5.32,5.33,5.5,5.25,5.5,102,,
2023-11-24,EFFR,5.33,5.3,5.32,5.33,5.5,5.25,5.5,101,,
2023-11-27,EFFR,5.33,5.3,5.32,5.33,5.5,5.25,5.5,97,,
2023-11-28,EFFR,5.33,5.3,5.32,5.33,5.5,5.25,5.5,97,,
2023-11-29,EFFR,5.33,5.3,5.32,5.33,5.5,5.25,5.5,96,,
2023-11-30,EFFR,5.33,5.3,5.32,5.34,5.5,5.25,5.5,91,,
2023-12-01,EFFR,5.33,5.3,5.32,5.33,5.44,5.25,5.5,107,,
2023-12-04,EFFR,5.33,5.3,5.32,5.33,5.45,5.25,5.5,103,,
2023-12-05,EFFR,5.33,5.3,5.32,5.33,5.45,5.25,5.5,103,,
2023-12-06,EFFR,5.33,5.3,5.32,5.33,5.45,5.25,5.5,103,,
2023-12-07,EFFR,5.33,5.3,5.31,5.34,5.45,5.25,5.5,102,,
2023-12-08,EFFR,5.33,5.3,5.32,5.33,5.45,5.25,5.5,101,,
2023-12-11,EFFR,5.33,5.3,5.32,5.33,5.45,5.25,5.5,102,,
2023-12-12,EFFR,5.33,5.3,5.31,5.33,5.44,5.25,5.5,106,,
2023-12-13,EFFR,5.33,5.3,5.31,5.33,5.45,5.25,5.5,106,,
2023-12-14,EFFR,5.33,5.3,5.31,5.33,5.35,5.25,5.5,108,,
2023-12-15,EFFR,5.33,5.3,5.32,5.33,5.4,5.25,5.5,101,,
2023-12-18,EFFR,5.33,5.3,5.32,5.33,5.45,5.25,5.5,95,,
2023-12-19,EFFR,5.33,5.3,5.32,5.33,5.4,5.25,5.5,96,,
2023-12-20,EFFR,5.33,5.3,5.32,5.33,5.4,5.25,5.5,97,,
2023-12-21,EFFR,5.33,5.3,5.32,5.33,5.45,5.25,5.5,101,,
2023-12-22,EFFR,5.33,5.3,5.32,5.33,5.4,5.25,5.5,90,,
2023-12-26,EFFR,5.33,5.3,5.32,5.33,5.5,5.25,5.5,96,,
2023-12-27,EFFR,5.33,5.3,5.32,5.33,5.5,5.25,5.5,88,,
2023-12-28,EFFR,5.33,5.3,5.32,5.34,5.5,5.25,5.5,81,,
2023-12-29,EFFR,5.33,5.31,5.32,5.35,5.55,5.25,5.5,59,,
2024-01-02,EFFR,5.33,5.3,5.32,5.34,5.5,5.25,5.5,83,,
2024-01-03,EFFR,5.33,5.3,5.32,5.34,5.48,5.25,5.5,87,,
2024-01-04,EFFR,5.33,5.3,5.32,5.34,5.48,5.25,5.5,86,,
2024-01-05,EFFR,5.33,5.3,5.32,5.34,5.45,5.25,5.5,84,,
2024-01-08,EFFR,5.33,5.3,5.32,5.34,5.45,5.25,5.5,86,,
2024-01-09,EFFR,5.33,5.3,5.32,5.33,5.45,5.25,5.5,91,,
2024-01-10,EFFR,5.33,5.3,5.32,5.33,5.45,5.25,5.5,91,,
2024-01-11,EFFR,5.33,5.3,5.32,5.33,5.4,5.25,5.5,96,,
2024-01-12,EFFR,5.33,5.3,5.32,5.33,5.4,5.25,5.5,93,,
2024-01-16,EFFR,5.33,5.3,5.32,5.34,5.45,5.25,5.5,85,,
2024-01-17,EFFR,5.33,5.3,5.32,5.33,5.4,5.25,5.5,88,,
2024-01-18,EFFR,5.33,5.31,5.32,5.34,5.45,5.25,5.5,87,,
2024-01-19,EFFR,5.33,5.31,5.32,5.33,5.45,5.25,5.5,94,,
2024-01-22,EFFR,5.33,5.31,5.32,5.33,5.45,5.25,5.5,92,,
2024-01-23,EFFR,5.33,5.31,5.31,5.33,5.45,5.25,5.5,97,,
2024-01-24,EFFR,5.33,5.3,5.32,5.33,5.45,5.25,5.5,96,,
2024-01-25,EFFR,5.33,5.3,5.31,5.33,5.45,5.25,5.5,101,,
2024-01-26,EFFR,5.33,5.3,5.31,5.33,5.45,5.25,5.5,100,,
2024-01-29,EFFR,5.33,5.31,5.32,5.33,5.45,5.25,5.5,92,,
2024-01-30,EFFR,5.33,5.31,5.32,5.33,5.5,5.25,5.5,92,,
2024-01-31,EFFR,5.33,5.3,5.32,5.34,5.5,5.25,5.5,75,,
2024-02-01,EFFR,5.33,5.31,5.32,5.34,5.5,5.25,5.5,81,,
2024-02-02,EFFR,5.33,5.31,5.32,5.33,5.5,5.25,5.5,91,,
2024-02-05,EFFR,5.33,5.31,5.32,5.33,5.5,5.25,5.5,96,,
2024-02-06,EFFR,5.33,5.31,5.32,5.33,5.45,5.25,5.5,97,,
2024-02-07,EFFR,5.33,5.31,5.32,5.33,5.45,5.25,5.5,96,,
2024-02-08,EFFR,5.33,5.31,5.31,5.33,5.4,5.25,5.5,96,,
2024-02-09,EFFR,5.33,5.31,5.32,5.33,5.35,5.25,5.5,96,,
2024-02-12,EFFR,5.33,5.31,5.32,5.33,5.35,5.25,5.5,93,,
2024-02-13,EFFR,5.33,5.31,5.32,5.33,5.4,5.25,5.5,98,,
2024-02-14,EFFR,5.33,5.31,5.31,5.33,5.4,5.25,5.5,107,,
2024-02-15,EFFR,5.33,5.31,5.31,5.33,5.42,5.25,5.5,112,,
2024-02-16,EFFR,5.33,5.31,5.31,5.33,5.4,5.25,5.5,110,,
2024-02-20,EFFR,5.33,5.31,5.31,5.33,5.45,5.25,5.5,104,,
2024-02-21,EFFR,5.33,5.31,5.31,5.33,5.45,5.25,5.5,101,,
2024-02-22,EFFR,5.33,5.31,5.32,5.33,5.4,5.25,5.5,103,,
2024-02-23,EFFR,5.33,5.31,5.31,5.33,5.4,5.25,5.5,103,,
2024-02-26,EFFR,5.33,5.31,5.32,5.33,5.47,5.25,5.5,98,,
2024-02-27,EFFR,5.33,5.31,5.32,5.33,5.47,5.25,5.5,96,,
2024-02-28,EFFR,5.33,5.31,5.32,5.33,5.45,5.25,5.5,96,,
2024-02-29,EFFR,5.33,5.3,5.32,5.33,5.47,5.25,5.5,96,,
2024-03-01,EFFR,5.33,5.31,5.32,5.34,5.47,5.25,5.5,84,,
2024-03-04,EFFR,5.33,5.31,5.32,5.34,5.4,5.25,5.5,91,,
2024-03-05,EFFR,5.33,5.31,5.32,5.33,5.4,5.25,5.5,101,,
2024-03-06,EFFR,5.33,5.31,5.32,5.34,5.47,5.25,5.5,99,,
2024-03-07,EFFR,5.33,5.31,5.32,5.34,5.35,5.25,5.5,98,,
2024-03-08,EFFR,5.33,5.31,5.32,5.34,5.45,5.25,5.5,85,,
2024-03-11,EFFR,5.33,5.31,5.32,5.34,5.47,5.25,5.5,85,,
2024-03-12,EFFR,5.33,5.31,5.32,5.34,5.47,5.25,5.5,86,,
2024-03-13,EFFR,5.33,5.31,5.32,5.34,5.45,5.25,5.5,89,,
2024-03-14,EFFR,5.33,5.31,5.32,5.34,5.45,5.25,5.5,95,,
2024-03-15,EFFR,5.33,5.31,5.32,5.34,5.45,5.25,5.5,90,,
2024-03-18,EFFR,5.33,5.31,5.32,5.34,5.45,5.25,5.5,91,,
2024-03-19,EFFR,5.33,5.31,5.32,5.34,5.45,5.25,5.5,89,,
2024-03-20,EFFR,5.33,5.31,5.32,5.34,5.45,5.25,5.5,91,,
2024-03-21,EFFR,5.33,5.31,5.32,5.34,5.45,5.25,5.5,93,,
2024-03-22,EFFR,5.33,5.31,5.32,5.34,5.45,5.25,5.5,91,,
2024-03-25,EFFR,5.33,5.31,5.32,5.34,5.46,5.25,5.5,85,,
2024-03-26,EFFR,5.33,5.31,5.32,5.34,5.45,5.25,5.5,85,,
2024-03-27,EFFR,5.33,5.3,5.32,5.34,5.45,5.25,5.5,82,,
2024-03-28,EFFR,5.33,5.3,5.33,5.35,5.5,5.25,5.5,53,,
2024-03-29,EFFR,5.33,5.31,5.33,5.34,5.45,5.25,5.5,62,,
2024-04-01,EFFR,5.33,5.31,5.32,5.34,5.45,5.25,5.5,93,,
2024-04-02,EFFR,5.33,5.31,5.32,5.34,5.35,5.25,5.5,94,,
2024-04-03,EFFR,5.33,5.31,5.32,5.34,5.35,5.25,5.5,93,,
2024-04-04,EFFR,5.33,5.31,5.32,5.34,5.35,5.25,5.5,93,,
2024-04-05,EFFR,5.33,5.31,5.32,5.34,5.35,5.25,5.5,88,,
2024-04-08,EFFR,5.33,5.31,5.33,5.34,5.45,5.25,5.5,82,,
2024-04-09,EFFR,5.33,5.31,5.33,5.34,5.35,5.25,5.5,85,,
2024-04-10,EFFR,5.33,5.31,5.33,5.34,5.35,5.25,5.5,86,,
2024-04-11,EFFR,5.33,5.31,5.32,5.34,5.35,5.25,5.5,92,,
2024-04-12,EFFR,5.33,5.31,5.32,5.34,5.35,5.25,5.5,88,,
2024-04-15,EFFR,5.33,5.31,5.33,5.34,5.46,5.25,5.5,83,,
2024-04-16,EFFR,5.33,5.31,5.32,5.34,5.46,5.25,5.5,83,,
2024-04-17,EFFR,5.33,5.31,5.32,5.34,5.45,5.25,5.5,80,,
2024-04-18,EFFR,5.33,5.31,5.32,5.34,5.46,5.25,5.5,82,,
2024-04-19,EFFR,5.33,5.31,5.32,5.34,5.45,5.25,5.5,85,,
2024-04-22,EFFR,5.33,5.31,5.32,5.34,5.46,5.25,5.5,79,,
2024-04-23,EFFR,5.33,5.31,5.32,5.34,5.5,5.25,5.5,74,,
2024-04-24,EFFR,5.33,5.31,5.33,5.34,5.55,5.25,5.5,71,,
2024-04-25,EFFR,5.33,5.31,5.32,5.34,5.5,5.25,5.5,89,,
2024-04-26,EFFR,5.33,5.31,5.32,5.34,5.5,5.25,5.5,94,,
2024-04-29,EFFR,5.33,5.31,5.32,5.34,5.5,5.25,5.5,78,,
2024-04-30,EFFR,5.33,5.3,5.32,5.34,5.5,5.25,5.5,82,,
2024-05-01,EFFR,5.33,5.31,5.32,5.34,5.5,5.25,5.5,83,,
2024-05-02,EFFR,5.33,5.31,5.32,5.34,5.5,5.25,5.5,83,,
2024-05-03,EFFR,5.33,5.31,5.32,5.34,5.5,5.25,5.5,82,,
2024-05-06,EFFR,5.33,5.31,5.32,5.34,5.5,5.25,5.5,75,,
2024-05-07,EFFR,5.33,5.31,5.32,5.34,5.5,5.25,5.5,78,,
2024-05-08,EFFR,5.33,5.31,5.32,5.34,5.5,5.25,5.5,77,,
2024-05-09,EFFR,5.33,5.31,5.32,5.34,5.5,5.25,5.5,79,,
2024-05-10,EFFR,5.33,5.31,5.32,5.34,5.5,5.25,5.5,79,,
2024-05-13,EFFR,5.33,5.31,5.33,5.34,5.5,5.25,5.5,76,,
2024-05-14,EFFR,5.33,5.31,5.33,5.34,5.5,5.25,5.5,76,,
2024-05-15,EFFR,5.33,5.31,5.33,5.34,5.5,5.25,5.5,78,,
2024-05-16,EFFR,5.33,5.31,5.32,5.34,5.5,5.25,5.5,78,,
2024-05-17,EFFR,5.33,5.31,5.32,5.34,5.5,5.25,5.5,77,,
2024-05-20,EFFR,5.33,5.31,5.32,5.34,5.5,5.25,5.5,75,,
2024-05-21,EFFR,5.33,5.31,5.33,5.34,5.5,5.25,5.5,76,,
2024-05-22,EFFR,5.33,5.31,5.33,5.34,5.5,5.25,5.5,80,,
2024-05-23,EFFR,5.33,5.31,5.32,5.34,5.5,5.25,5.5,82,,
2024-05-24,EFFR,5.33,5.31,5.32,5.34,5.5,5.25,5.5,90,,
2024-05-28,EFFR,5.33,5.31,5.32,5.34,5.5,5.25,5.5,88,,
2024-05-29,EFFR,5.33,5.31,5.32,5.34,5.5,5.25,5.5,88,,
2024-05-30,EFFR,5.33,5.31,5.32,5.34,5.46,5.25,5.5,96,,
2024-05-31,EFFR,5.33,5.3,5.32,5.34,5.47,5.25,5.5,99,,
2024-06-03,EFFR,5.33,5.31,5.32,5.34,5.46,5.25,5.5,93,,
2024-06-04,EFFR,5.33,5.31,5.32,5.34,5.46,5.25,5.5,100,,
2024-06-05,EFFR,5.33,5.31,5.32,5.34,5.46,5.25,5.5,105,,
2024-06-06,EFFR,5.33,5.31,5.32,5.34,5.45,5.25,5.5,105,,
2024-06-07,EFFR,5.33,5.31,5.32,5.34,5.45,5.25,5.5,100,,
2024-06-10,EFFR,5.33,5.31,5.32,5.34,5.45,5.25,5.5,93,,
2024-06-11,EFFR,5.33,5.31,5.32,5.34,5.45,5.25,5.5,95,,
2024-06-12,EFFR,5.33,5.31,5.32,5.34,5.45,5.25,5.5,93,,
2024-06-13,EFFR,5.33,5.31,5.32,5.34,5.35,5.25,5.5,99,,
2024-06-14,EFFR,5.33,5.31,5.32,5.34,5.45,5.25,5.5,87,,
2024-06-17,EFFR,5.33,5.31,5.32,5.34,5.45,5.25,5.5,83,,
2024-06-18,EFFR,5.33,5.31,5.32,5.34,5.45,5.25,5.5,85,,
2024-06-20,EFFR,5.33,5.31,5.32,5.34,5.46,5.25,5.5,83,,
2024-06-21,EFFR,5.33,5.31,5.32,5.34,5.5,5.25,5.5,78,,
2024-06-24,EFFR,5.33,5.31,5.32,5.34,5.46,5.25,5.5,76,,
2024-06-25,EFFR,5.33,5.31,5.32,5.34,5.45,5.25,5.5,85,,
2024-06-26,EFFR,5.33,5.31,5.32,5.34,5.45,5.25,5.5,82,,
2024-06-27,EFFR,5.33,5.31,5.32,5.34,5.45,5.25,5.5,83,,
2024-06-28,EFFR,5.33,5.31,5.32,5.34,5.55,5.25,5.5,67,,
2024-07-01,EFFR,5.33,5.31,5.32,5.34,5.45,5.25,5.5,85,,
2024-07-02,EFFR,5.33,5.31,5.32,5.34,5.45,5.25,5.5,85,,
2024-07-03,EFFR,5.33,5.31,5.32,5.34,5.45,5.25,5.5,88,,
2024-07-05,EFFR,5.33,5.31,5.32,5.34,5.45,5.25,5.5,89,,
2024-07-08,EFFR,5.33,5.31,5.32,5.34,5.45,5.25,5.5,80,,
2024-07-09,EFFR,5.33,5.31,5.32,5.34,5.45,5.25,5.5,84,,
2024-07-10,EFFR,5.33,5.31,5.32,5.34,5.45,5.25,5.5,88,,
2024-07-11,EFFR,5.33,5.31,5.32,5.34,5.45,5.25,5.5,90,,
2024-07-12,EFFR,5.33,5.31,5.32,5.34,5.45,5.25,5.5,88,,
2024-07-15,EFFR,5.33,5.31,5.32,5.34,5.45,5.25,5.5,88,,
2024-07-16,EFFR,5.33,5.31,5.32,5.34,5.45,5.25,5.5,85,,
2024-07-17,EFFR,5.33,5.31,5.33,5.34,5.45,5.25,5.5,80,,
2024-07-18,EFFR,5.33,5.31,5.32,5.34,5.35,5.25,5.5,83,,
2024-07-19,EFFR,5.33,5.31,5.32,5.34,5.45,5.25,5.5,79,,
2024-07-22,EFFR,5.33,5.31,5.32,5.34,5.45,5.25,5.5,84,,
2024-07-23,EFFR,5.33,5.31,5.32,5.34,5.45,5.25,5.5,85,,
2024-07-24,EFFR,5.33,5.31,5.32,5.34,5.45,5.25,5.5,86,,
2024-07-25,EFFR,5.33,5.31,5.32,5.34,5.45,5.25,5.5,88,,
2024-07-26,EFFR,5.33,5.31,5.32,5.34,5.44,5.25,5.5,85,,
2024-07-29,EFFR,5.33,5.31,5.32,5.33,5.46,5.25,5.5,90,,
2024-07-30,EFFR,5.33,5.31,5.32,5.34,5.35,5.25,5.5,87,,
2024-07-31,EFFR,5.33,5.31,5.32,5.33,5.45,5.25,5.5,78,,
2024-08-01,EFFR,5.33,5.31,5.32,5.34,5.35,5.25,5.5,83,,
2024-08-02,EFFR,5.33,5.31,5.32,5.34,5.45,5.25,5.5,89,,
2024-08-05,EFFR,5.33,5.31,5.32,5.34,5.45,5.25,5.5,86,,
2024-08-06,EFFR,5.33,5.31,5.32,5.34,5.45,5.25,5.5,89,,
2024-08-07,EFFR,5.33,5.31,5.32,5.34,5.35,5.25,5.5,96,,
2024-08-08,EFFR,5.33,5.31,5.32,5.33,5.35,5.25,5.5,106,,
2024-08-09,EFFR,5.33,5.31,5.32,5.33,5.35,5.25,5.5,104,,
2024-08-12,EFFR,5.33,5.31,5.32,5.33,5.35,5.25,5.5,102,,
2024-08-13,EFFR,5.33,5.31,5.32,5.33,5.35,5.25,5.5,100,,
2024-08-14,EFFR,5.33,5.31,5.32,5.33,5.35,5.25,5.5,99,,
2024-08-15,EFFR,5.33,5.31,5.32,5.33,5.35,5.25,5.5,96,,
2024-08-16,EFFR,5.33,5.31,5.32,5.33,5.35,5.25,5.5,93,,
2024-08-19,EFFR,5.33,5.31,5.32,5.33,5.35,5.25,5.5,95,,
2024-08-20,EFFR,5.33,5.31,5.32,5.33,5.5,5.25,5.5,90,,
2024-08-21,EFFR,5.33,5.31,5.32,5.34,5.45,5.25,5.5,93,,
2024-08-22,EFFR,5.33,5.31,5.32,5.33,5.35,5.25,5.5,91,,
2024-08-23,EFFR,5.33,5.31,5.32,5.33,5.38,5.25,5.5,93,,
2024-08-26,EFFR,5.33,5.31,5.32,5.33,5.45,5.25,5.5,94,,
2024-08-27,EFFR,5.33,5.31,5.32,5.34,5.35,5.25,5.5,86,,
2024-08-28,EFFR,5.33,5.31,5.32,5.33,5.35,5.25,5.5,95,,
2024-08-29,EFFR,5.33,5.31,5.32,5.33,5.35,5.25,5.5,97,,
2024-08-30,EFFR,5.33,5.31,5.32,5.33,5.35,5.25,5.5,89,,
2024-09-03,EFFR,5.33,5.31,5.32,5.33,5.35,5.25,5.5,100,,
2024-09-04,EFFR,5.33,5.31,5.32,5.33,5.35,5.25,5.5,103,,
2024-09-05,EFFR,5.33,5.31,5.32,5.33,5.35,5.25,5.5,102,,
2024-09-06,EFFR,5.33,5.31,5.32,5.33,5.35,5.25,5.5,100,,
2024-09-09,EFFR,5.33,5.31,5.32,5.34,5.35,5.25,5.5,95,,
2024-09-10,EFFR,5.33,5.31,5.32,5.33,5.35,5.25,5.5,101,,
2024-09-11,EFFR,5.33,5.31,5.32,5.33,5.35,5.25,5.5,105,,
2024-09-12,EFFR,5.33,5.31,5.32,5.33,5.35,5.25,5.5,111,,
2024-09-13,EFFR,5.33,5.31,5.32,5.33,5.35,5.25,5.5,105,,
2024-09-16,EFFR,5.33,5.31,5.32,5.33,5.35,5.25,5.5,96,,
2024-09-17,EFFR,5.33,5.31,5.32,5.33,5.35,5.25,5.5,103,,
2024-09-18,EFFR,5.33,5.31,5.32,5.33,5.4,5.25,5.5,102,,
2024-09-19,EFFR,4.83,4.81,4.82,4.84,4.95,4.75,5.0,90,,
2024-09-20,EFFR,4.83,4.81,4.82,4.84,4.95,4.75,5.0,93,,
2024-09-23,EFFR,4.83,4.81,4.82,4.84,4.92,4.75,5.0,95,,
2024-09-24,EFFR,4.83,4.81,4.82,4.84,4.85,4.75,5.0,94,,
2024-09-25,EFFR,4.83,4.81,4.82,4.83,4.85,4.75,5.0,103,,
2024-09-26,EFFR,4.83,4.81,4.82,4.84,4.85,4.75,5.0,100,,
2024-09-27,EFFR,4.83,4.81,4.82,4.84,4.86,4.75,5.0,94,,
2024-09-30,EFFR,4.83,4.8,4.82,4.84,4.95,4.75,5.0,73,,
2024-10-01,EFFR,4.83,4.81,4.83,4.84,4.85,4.75,5.0,85,,
2024-10-02,EFFR,4.83,4.81,4.83,4.84,4.85,4.75,5.0,81,,
2024-10-03,EFFR,4.83,4.81,4.83,4.84,4.85,4.75,5.0,81,,
2024-10-04,EFFR,4.83,4.81,4.83,4.84,4.85,4.75,5.0,84,,
2024-10-07,EFFR,4.83,4.81,4.83,4.84,4.85,4.75,5.0,86,,
2024-10-08,EFFR,4.83,4.81,4.83,4.84,4.85,4.75,5.0,90,,
2024-10-09,EFFR,4.83,4.81,4.83,4.84,4.85,4.75,5.0,94,,
2024-10-10,EFFR,4.83,4.81,4.82,4.84,4.85,4.75,5.0,98,,
2024-10-11,EFFR,4.83,4.81,4.82,4.84,4.85,4.75,5.0,94,,
2024-10-15,EFFR,4.83,4.81,4.83,4.84,4.85,4.75,5.0,91,,
2024-10-16,EFFR,4.83,4.81,4.83,4.84,4.85,4.75,5.0,97,,
2024-10-17,EFFR,4.83,4.81,4.83,4.84,4.85,4.75,5.0,96,,
2024-10-18,EFFR,4.83,4.81,4.83,4.84,4.85,4.75,5.0,98,,
2024-10-21,EFFR,4.83,4.81,4.83,4.84,4.85,4.75,5.0,96,,
2024-10-22,EFFR,4.83,4.81,4.83,4.84,4.85,4.75,5.0,98,,
2024-10-23,EFFR,4.83,4.81,4.83,4.84,4.85,4.75,5.0,99,,
2024-10-24,EFFR,4.83,4.81,4.82,4.84,4.85,4.75,5.0,98,,
2024-10-25,EFFR,4.83,4.81,4.82,4.84,4.9,4.75,5.0,104,,
2024-10-28,EFFR,4.83,4.81,4.83,4.84,4.92,4.75,5.0,99,,
2024-10-29,EFFR,4.83,4.81,4.83,4.84,4.9,4.75,5.0,100,,
2024-10-30,EFFR,4.83,4.81,4.83,4.84,4.85,4.75,5.0,104,,
2024-10-31,EFFR,4.83,4.81,4.83,4.84,4.92,4.75,5.0,96,,
2024-11-01,EFFR,4.83,4.81,4.83,4.84,4.89,4.75,5.0,99,,
2024-11-04,EFFR,4.83,4.81,4.83,4.84,4.9,4.75,5.0,98,,
2024-11-05,EFFR,4.83,4.81,4.82,4.84,4.9,4.75,5.0,104,,
2024-11-06,EFFR,4.83,4.81,4.82,4.84,4.9,4.75,5.0,102,,
2024-11-07,EFFR,4.83,4.81,4.82,4.84,4.9,4.75,5.0,100,,
2024-11-08,EFFR,4.58,4.56,4.57,4.59,4.6,4.5,4.75,103,,
2024-11-12,EFFR,4.58,4.56,4.57,4.59,4.6,4.5,4.75,101,,
2024-11-13,EFFR,4.58,4.56,4.57,4.59,4.65,4.5,4.75,105,,
2024-11-14,EFFR,4.58,4.56,4.57,4.59,4.64,4.5,4.75,107,,
2024-11-15,EFFR,4.58,4.56,4.57,4.59,4.65,4.5,4.75,104,,
2024-11-18,EFFR,4.58,4.56,4.57,4.59,4.6,4.5,4.75,103,,
2024-11-19,EFFR,4.58,4.56,4.57,4.59,4.6,4.5,4.75,99,,
2024-11-20,EFFR,4.58,4.56,4.57,4.59,4.6,4.5,4.75,102,,
2024-11-21,EFFR,4.58,4.56,4.57,4.59,4.6,4.5,4.75,101,,
2024-11-22,EFFR,4.58,4.56,4.57,4.59,4.7,4.5,4.75,100,,
2024-11-25,EFFR,4.58,4.56,4.58,4.59,4.6,4.5,4.75,103,,
2024-11-26,EFFR,4.58,4.56,4.57,4.59,4.6,4.5,4.75,101,,
2024-11-27,EFFR,4.58,4.56,4.57,4.59,4.6,4.5,4.75,103,,
2024-11-29,EFFR,4.58,4.55,4.58,4.59,4.6,4.5,4.75,95,,
2024-12-02,EFFR,4.58,4.56,4.58,4.59,4.64,4.5,4.75,92,,
2024-12-03,EFFR,4.58,4.56,4.57,4.59,4.6,4.5,4.75,94,,
2024-12-04,EFFR,4.58,4.56,4.58,4.59,4.6,4.5,4.75,99,,
2024-12-05,EFFR,4.58,4.56,4.57,4.59,4.6,4.5,4.75,109,,
2024-12-06,EFFR,4.58,4.56,4.57,4.59,4.6,4.5,4.75,107,,
2024-12-09,EFFR,4.58,4.56,4.58,4.59,4.6,4.5,4.75,100,,
2024-12-10,EFFR,4.58,4.56,4.58,4.59,4.7,4.5,4.75,102,,
2024-12-11,EFFR,4.58,4.56,4.58,4.59,4.6,4.5,4.75,106,,
2024-12-12,EFFR,4.58,4.56,4.58,4.59,4.6,4.5,4.75,111,,
2024-12-13,EFFR,4.58,4.56,4.58,4.59,4.6,4.5,4.75,102,,
2024-12-16,EFFR,4.58,4.56,4.58,4.59,4.6,4.5,4.75,99,,
2024-12-17,EFFR,4.58,4.56,4.58,4.59,4.6,4.5,4.75,103,,
2024-12-18,EFFR,4.58,4.56,4.58,4.59,4.6,4.5,4.75,112,,
2024-12-19,EFFR,4.33,4.31,4.33,4.34,4.35,4.25,4.5,104,,
2024-12-20,EFFR,4.33,4.31,4.33,4.34,4.35,4.25,4.5,113,,
2024-12-23,EFFR,4.33,4.31,4.33,4.33,4.35,4.25,4.5,119,,
2024-12-24,EFFR,4.33,4.31,4.33,4.33,4.35,4.25,4.5,118,,
2024-12-26,EFFR,4.33,4.31,4.32,4.33,4.35,4.25,4.5,128,,
2024-12-27,EFFR,4.33,4.31,4.33,4.34,4.35,4.25,4.5,119,,
2024-12-30,EFFR,4.33,4.31,4.33,4.33,4.35,4.25,4.5,108,,
2024-12-31,EFFR,4.33,4.31,4.33,4.35,4.45,4.25,4.5,53,,
2025-01-02,EFFR,4.33,4.31,4.33,4.34,4.35,4.25,4.5,106,,
2025-01-03,EFFR,4.33,4.31,4.33,4.34,4.4,4.25,4.5,102,,
2025-01-06,EFFR,4.33,4.31,4.33,4.34,4.4,4.25,4.5,98,,
2025-01-07,EFFR,4.33,4.31,4.33,4.34,4.4,4.25,4.5,99,,
2025-01-08,EFFR,4.33,4.31,4.33,4.34,4.35,4.25,4.5,105,,
2025-01-09,EFFR,4.33,4.31,4.33,4.34,4.35,4.25,4.5,104,,
2025-01-10,EFFR,4.33,4.31,4.33,4.34,4.35,4.25,4.5,102,,
2025-01-13,EFFR,4.33,4.31,4.33,4.33,4.35,4.25,4.5,104,,
2025-01-14,EFFR,4.33,4.31,4.32,4.33,4.35,4.25,4.5,112,,
2025-01-15,EFFR,4.33,4.31,4.32,4.34,4.35,4.25,4.5,108,,
2025-01-16,EFFR,4.33,4.31,4.32,4.34,4.35,4.25,4.5,105,,
2025-01-17,EFFR,4.33,4.31,4.32,4.34,4.38,4.25,4.5,102,,
2025-01-21,EFFR,4.33,4.31,4.32,4.34,4.4,4.25,4.5,100,,
2025-01-22,EFFR,4.33,4.31,4.33,4.34,4.43,4.25,4.5,101,,
2025-01-23,EFFR,4.33,4.31,4.33,4.34,4.4,4.25,4.5,93,,
2025-01-24,EFFR,4.33,4.31,4.33,4.34,4.4,4.25,4.5,97,,
2025-01-27,EFFR,4.33,4.31,4.33,4.34,4.4,4.25,4.5,97,,
2025-01-28,EFFR,4.33,4.31,4.33,4.34,4.4,4.25,4.5,95,,
2025-01-29,EFFR,4.33,4.31,4.33,4.34,4.4,4.25,4.5,92,,
2025-01-30,EFFR,4.33,4.31,4.33,4.34,4.4,4.25,4.5,103,,
2025-01-31,EFFR,4.33,4.32,4.32,4.34,4.42,4.25,4.5,83,,
2025-02-03,EFFR,4.33,4.31,4.33,4.34,4.4,4.25,4.5,94,,
2025-02-04,EFFR,4.33,4.31,4.33,4.34,4.4,4.25,4.5,104,,
2025-02-05,EFFR,4.33,4.31,4.33,4.34,4.4,4.25,4.5,105,,
2025-02-06,EFFR,4.33,4.31,4.33,4.34,4.4,4.25,4.5,105,,
2025-02-07,EFFR,4.33,4.31,4.33,4.34,4.4,4.25,4.5,107,,
2025-02-10,EFFR,4.33,4.31,4.33,4.34,4.4,4.25,4.5,96,,
2025-02-11,EFFR,4.33,4.31,4.33,4.34,4.4,4.25,4.5,92,,
2025-02-12,EFFR,4.33,4.31,4.33,4.34,4.4,4.25,4.5,94,,
2025-02-13,EFFR,4.33,4.31,4.33,4.34,4.4,4.25,4.5,94,,
2025-02-14,EFFR,4.33,4.31,4.33,4.34,4.4,4.25,4.5,91,,
2025-02-18,EFFR,4.33,4.31,4.33,4.34,4.45,4.25,4.5,89,,
2025-02-19,EFFR,4.33,4.31,4.33,4.34,4.45,4.25,4.5,95,,
2025-02-20,EFFR,4.33,4.31,4.33,4.34,4.4,4.25,4.5,98,,
2025-02-21,EFFR,4.33,4.31,4.33,4.34,4.4,4.25,4.5,103,,
2025-02-24,EFFR,4.33,4.31,4.33,4.34,4.4,4.25,4.5,99,,
2025-02-25,EFFR,4.33,4.31,4.33,4.34,4.45,4.25,4.5,108,,
2025-02-26,EFFR,4.33,4.31,4.33,4.34,4.4,4.25,4.5,108,,
2025-02-27,EFFR,4.33,4.31,4.33,4.34,4.4,4.25,4.5,110,,
2025-02-28,EFFR,4.33,4.31,4.32,4.34,4.4,4.25,4.5,95,,
2025-03-03,EFFR,4.33,4.31,4.33,4.34,4.4,4.25,4.5,110,,
2025-03-04,EFFR,4.33,4.31,4.33,4.34,4.4,4.25,4.5,104,,
2025-03-05,EFFR,4.33,4.31,4.33,4.34,4.4,4.25,4.5,112,,
2025-03-06,EFFR,4.33,4.31,4.33,4.33,4.4,4.25,4.5,115,,
2025-03-07,EFFR,4.33,4.31,4.33,4.34,4.4,4.25,4.5,110,,
2025-03-10,EFFR,4.33,4.31,4.33,4.34,4.4,4.25,4.5,105,,
2025-03-11,EFFR,4.33,4.31,4.33,4.34,4.4,4.25,4.5,97,,
2025-03-12,EFFR,4.33,4.31,4.33,4.34,4.4,4.25,4.5,98,,
2025-03-13,EFFR,4.33,4.31,4.33,4.33,4.4,4.25,4.5,105,,
2025-03-14,EFFR,4.33,4.31,4.33,4.34,4.4,4.25,4.5,104,,
2025-03-17,EFFR,4.33,4.31,4.33,4.34,4.4,4.25,4.5,106,,
2025-03-18,EFFR,4.33,4.31,4.33,4.33,4.35,4.25,4.5,113,,
2025-03-19,EFFR,4.33,4.31,4.33,4.33,4.4,4.25,4.5,106,,
2025-03-20,EFFR,4.33,4.31,4.32,4.33,4.4,4.25,4.5,109,,
2025-03-21,EFFR,4.33,4.31,4.33,4.34,4.4,4.25,4.5,106,,
2025-03-24,EFFR,4.33,4.31,4.32,4.33,4.4,4.25,4.5,107,,
2025-03-25,EFFR,4.33,4.31,4.33,4.33,4.4,4.25,4.5,105,,
2025-03-26,EFFR,4.33,4.31,4.33,4.34,4.4,4.25,4.5,104,,
2025-03-27,EFFR,4.33,4.31,4.33,4.33,4.35,4.25,4.5,109,,
2025-03-28,EFFR,4.33,4.31,4.33,4.33,4.35,4.25,4.5,112,,
2025-03-31,EFFR,4.33,4.3,4.32,4.34,4.45,4.25,4.5,78,,
2025-04-01,EFFR,4.33,4.31,4.33,4.33,4.4,4.25,4.5,112,,
2025-04-02,EFFR,4.33,4.31,4.33,4.33,4.4,4.25,4.5,104,,
2025-04-03,EFFR,4.33,4.31,4.33,4.34,4.4,4.25,4.5,103,,
2025-04-04,EFFR,4.33,4.31,4.33,4.34,4.4,4.25,4.5,95,,
2025-04-07,EFFR,4.33,4.31,4.33,4.34,4.4,4.25,4.5,93,,
2025-04-08,EFFR,4.33,4.31,4.33,4.34,4.4,4.25,4.5,93,,
2025-04-09,EFFR,4.33,4.31,4.33,4.34,4.4,4.25,4.5,92,,
2025-04-10,EFFR,4.33,4.31,4.33,4.34,4.35,4.25,4.5,98,,
2025-04-11,EFFR,4.33,4.31,4.33,4.34,4.4,4.25,4.5,105,,
2025-04-14,EFFR,4.33,4.31,4.33,4.34,4.4,4.25,4.5,99,,
2025-04-15,EFFR,4.33,4.31,4.33,4.34,4.4,4.25,4.5,96,,
2025-04-16,EFFR,4.33,4.31,4.33,4.34,4.4,4.25,4.5,88,,
2025-04-17,EFFR,4.33,4.31,4.33,4.34,4.4,4.25,4.5,99,,
2025-04-18,EFFR,4.33,4.31,4.33,4.34,4.4,4.25,4.5,94,,
2025-04-21,EFFR,4.33,4.31,4.33,4.34,4.44,4.25,4.5,96,,
2025-04-22,EFFR,4.33,4.31,4.33,4.34,4.45,4.25,4.5,99,,
2025-04-23,EFFR,4.33,4.31,4.33,4.34,4.45,4.25,4.5,107,,
2025-04-24,EFFR,4.33,4.31,4.33,4.34,4.45,4.25,4.5,103,,
2025-04-25,EFFR,4.33,4.31,4.33,4.34,4.46,4.25,4.5,112,,
2025-04-28,EFFR,4.33,4.31,4.33,4.34,4.45,4.25,4.5,105,,
2025-04-29,EFFR,4.33,4.31,4.33,4.34,4.46,4.25,4.5,104,,
2025-04-30,EFFR,4.33,4.31,4.33,4.34,4.46,4.25,4.5,92,,
2025-05-01,EFFR,4.33,4.31,4.33,4.34,4.46,4.25,4.5,107,,
2025-05-02,EFFR,4.33,4.31,4.33,4.34,4.45,4.25,4.5,111,,
2025-05-05,EFFR,4.33,4.31,4.33,4.33,4.45,4.25,4.5,117,,
2025-05-06,EFFR,4.33,4.31,4.33,4.33,4.45,4.25,4.5,120,,
2025-05-07,EFFR,4.33,4.31,4.33,4.34,4.45,4.25,4.5,111,,
2025-05-08,EFFR,4.33,4.31,4.33,4.34,4.45,4.25,4.5,113,,
2025-05-09,EFFR,4.33,4.31,4.33,4.34,4.45,4.25,4.5,107,,
2025-05-12,EFFR,4.33,4.31,4.33,4.34,4.45,4.25,4.5,105,,
2025-05-13,EFFR,4.33,4.31,4.33,4.34,4.45,4.25,4.5,113,,
2025-05-14,EFFR,4.33,4.31,4.33,4.34,4.45,4.25,4.5,112,,
2025-05-15,EFFR,4.33,4.31,4.33,4.33,4.45,4.25,4.5,120,,
2025-05-16,EFFR,4.33,4.31,4.33,4.33,4.45,4.25,4.5,117,,
2025-05-19,EFFR,4.33,4.31,4.33,4.33,4.45,4.25,4.5,116,,
2025-05-20,EFFR,4.33,4.31,4.33,4.34,4.45,4.25,4.5,111,,
2025-05-21,EFFR,4.33,4.31,4.33,4.33,4.4,4.25,4.5,118,,
2025-05-22,EFFR,4.33,4.25,4.33,4.33,4.4,4.25,4.5,118,,
2025-05-23,EFFR,4.33,4.31,4.33,4.34,4.45,4.25,4.5,123,,
2025-05-27,EFFR,4.33,4.31,4.33,4.34,4.45,4.25,4.5,115,,
2025-05-28,EFFR,4.33,4.31,4.33,4.34,4.45,4.25,4.5,108,,
2025-05-29,EFFR,4.33,4.31,4.33,4.34,4.45,4.25,4.5,114,,
2025-05-30,EFFR,4.33,4.31,4.32,4.33,4.45,4.25,4.5,105,,
2025-06-02,EFFR,4.33,4.31,4.33,4.34,4.45,4.25,4.5,113,,
2025-06-03,EFFR,4.33,4.31,4.33,4.33,4.4,4.25,4.5,120,,
2025-06-04,EFFR,4.33,4.31,4.33,4.33,4.45,4.25,4.5,114,,
2025-06-05,EFFR,4.33,4.31,4.33,4.33,4.4,4.25,4.5,118,,
2025-06-06,EFFR,4.33,4.31,4.33,4.33,4.4,4.25,4.5,118,,
2025-06-09,EFFR,4.33,4.31,4.33,4.33,4.45,4.25,4.5,114,,
2025-06-10,EFFR,4.33,4.31,4.33,4.33,4.45,4.25,4.5,112,,
2025-06-11,EFFR,4.33,4.31,4.33,4.33,4.45,4.25,4.5,111,,
2025-06-12,EFFR,4.33,4.31,4.32,4.33,4.45,4.25,4.5,114,,
2025-06-13,EFFR,4.33,4.31,4.32,4.33,4.45,4.25,4.5,110,,
2025-06-16,EFFR,4.33,4.31,4.33,4.34,4.45,4.25,4.5,101,,
2025-06-17,EFFR,4.33,4.31,4.33,4.34,4.45,4.25,4.5,104,,
2025-06-18,EFFR,4.33,4.31,4.33,4.34,4.45,4.25,4.5,109,,
2025-06-20,EFFR,4.33,4.31,4.33,4.33,4.45,4.25,4.5,118,,
2025-06-23,EFFR,4.33,4.31,4.33,4.33,4.45,4.25,4.5,115,,
2025-06-24,EFFR,4.33,4.31,4.33,4.34,4.45,4.25,4.5,115,,
2025-06-25,EFFR,4.33,4.31,4.33,4.33,4.45,4.25,4.5,128,,
2025-06-26,EFFR,4.33,4.31,4.32,4.33,4.45,4.25,4.5,124,,
2025-06-27,EFFR,4.33,4.31,4.33,4.33,4.45,4.25,4.5,122,,
2025-06-30,EFFR,4.33,4.3,4.33,4.34,4.45,4.25,4.5,79,,
2025-07-01,EFFR,4.33,4.31,4.33,4.33,4.45,4.25,4.5,133,,
2025-07-02,EFFR,4.33,4.31,4.33,4.33,4.43,4.25,4.5,129,,
2025-07-03,EFFR,4.33,4.31,4.33,4.33,4.43,4.25,4.5,129,,
2025-07-07,EFFR,4.33,4.31,4.33,4.33,4.43,4.25,4.5,118,,
2025-07-08,EFFR,4.33,4.31,4.33,4.33,4.45,4.25,4.5,117,,
2025-07-09,EFFR,4.33,4.31,4.33,4.34,4.45,4.25,4.5,105,,
2025-07-10,EFFR,4.33,4.31,4.33,4.33,4.4,4.25,4.5,106,,
2025-07-11,EFFR,4.33,4.31,4.33,4.33,4.4,4.25,4.5,103,,
2025-07-14,EFFR,4.33,4.31,4.33,4.34,4.43,4.25,4.5,104,,
2025-07-15,EFFR,4.33,4.31,4.33,4.34,4.43,4.25,4.5,101,,
2025-07-16,EFFR,4.33,4.31,4.33,4.33,4.4,4.25,4.5,115,,
2025-07-17,EFFR,4.33,4.31,4.33,4.33,4.4,4.25,4.5,113,,
2025-07-18,EFFR,4.33,4.31,4.33,4.33,4.4,4.25,4.5,110,,
2025-07-21,EFFR,4.33,4.31,4.33,4.34,4.44,4.25,4.5,108,,
2025-07-22,EFFR,4.33,4.31,4.33,4.33,4.35,4.25,4.5,107,,
2025-07-23,EFFR,4.33,4.31,4.33,4.33,4.35,4.25,4.5,115,,
2025-07-24,EFFR,4.33,4.31,4.33,4.34,4.4,4.25,4.5,109,,
2025-07-25,EFFR,4.33,4.31,4.33,4.33,4.4,4.25,4.5,114,,
2025-07-28,EFFR,4.33,4.31,4.33,4.33,4.4,4.25,4.5,112,,
2025-07-29,EFFR,4.33,4.31,4.33,4.34,4.4,4.25,4.5,112,,
2025-07-30,EFFR,4.33,4.31,4.33,4.33,4.35,4.25,4.5,105,,
2025-07-31,EFFR,4.33,4.32,4.33,4.34,4.4,4.25,4.5,92,,
2025-08-01,EFFR,4.33,4.31,4.33,4.33,4.35,4.25,4.5,129,,
2025-08-04,EFFR,4.33,4.31,4.33,4.33,4.4,4.25,4.5,117,,
2025-08-05,EFFR,4.33,4.31,4.33,4.33,4.35,4.25,4.5,115,,
2025-08-06,EFFR,4.33,4.31,4.33,4.33,4.35,4.25,4.5,112,,
2025-08-07,EFFR,4.33,4.31,4.33,4.33,4.35,4.25,4.5,108,,
2025-08-08,EFFR,4.33,4.31,4.33,4.33,4.35,4.25,4.5,115,,
2025-08-11,EFFR,4.33,4.31,4.33,4.33,4.35,4.25,4.5,115,,
2025-08-12,EFFR,4.33,4.31,4.33,4.33,4.4,4.25,4.5,114,,
2025-08-13,EFFR,4.33,4.31,4.33,4.33,4.4,4.25,4.5,116,,
2025-08-14,EFFR,4.33,4.31,4.33,4.33,4.4,4.25,4.5,114,,
2025-08-15,EFFR,4.33,4.31,4.33,4.33,4.4,4.25,4.5,112,,
2025-08-18,EFFR,4.33,4.31,4.33,4.34,4.43,4.25,4.5,112,,
2025-08-19,EFFR,4.33,4.31,4.33,4.33,4.43,4.25,4.5,109,,
2025-08-20,EFFR,4.33,4.31,4.33,4.33,4.4,4.25,4.5,115,,
2025-08-21,EFFR,4.33,4.31,4.33,4.33,4.4,4.25,4.5,117,,
2025-08-22,EFFR,4.33,4.31,4.33,4.33,4.4,4.25,4.5,114,,
2025-08-25,EFFR,4.33,4.31,4.33,4.33,4.4,4.25,4.5,113,,
2025-08-26,EFFR,4.33,4.31,4.33,4.33,4.35,4.25,4.5,113,,
2025-08-27,EFFR,4.33,4.31,4.33,4.33,4.35,4.25,4.5,114,,
2025-08-28,EFFR,4.33,4.31,4.33,4.33,4.35,4.25,4.5,115,,
2025-08-29,EFFR,4.33,4.31,4.32,4.33,4.4,4.25,4.5,115,,
2025-09-02,EFFR,4.33,4.31,4.33,4.33,4.4,4.25,4.5,120,,
2025-09-03,EFFR,4.33,4.31,4.33,4.33,4.4,4.25,4.5,119,,
2025-09-04,EFFR,4.33,4.31,4.33,4.33,4.35,4.25,4.5,118,,
2025-09-05,EFFR,4.33,4.31,4.33,4.33,4.35,4.25,4.5,116,,
2025-09-08,EFFR,4.33,4.31,4.33,4.34,4.4,4.25,4.5,110,,
2025-09-09,EFFR,4.33,4.31,4.33,4.34,4.4,4.25,4.5,112,,
2025-09-10,EFFR,4.33,4.31,4.33,4.34,4.4,4.25,4.5,111,,
2025-09-11,EFFR,4.33,4.31,4.33,4.34,4.4,4.25,4.5,117,,
2025-09-12,EFFR,4.33,4.31,4.33,4.34,4.4,4.25,4.5,106,,
2025-09-15,EFFR,4.33,4.32,4.33,4.34,4.4,4.25,4.5,91,,
2025-09-16,EFFR,4.33,4.32,4.33,4.34,4.4,4.25,4.5,98,,
2025-09-17,EFFR,4.33,4.32,4.33,4.34,4.45,4.25,4.5,96,,
2025-09-18,EFFR,4.08,4.07,4.08,4.09,4.18,4.0,4.25,92,,
2025-09-19,EFFR,4.08,4.07,4.08,4.09,4.18,4.0,4.25,95,,
2025-09-22,EFFR,4.09,4.07,4.08,4.09,4.15,4.0,4.25,93,,
2025-09-23,EFFR,4.09,4.07,4.08,4.09,4.15,4.0,4.25,95,,
2025-09-24,EFFR,4.09,4.08,4.08,4.1,4.12,4.0,4.25,88,,
2025-09-25,EFFR,4.09,4.08,4.08,4.1,4.15,4.0,4.25,92,,
2025-09-26,EFFR,4.09,4.08,4.09,4.1,4.15,4.0,4.25,95,,
2025-09-29,EFFR,4.09,4.08,4.09,4.1,4.15,4.0,4.25,89,,
2025-09-30,EFFR,4.09,4.07,4.08,4.1,4.18,4.0,4.25,92,,
2025-10-01,EFFR,4.09,4.08,4.09,4.1,4.15,4.0,4.25,103,,
2025-10-02,EFFR,4.09,4.08,4.09,4.1,4.15,4.0,4.25,102,,
2025-10-03,EFFR,4.09,4.08,4.09,4.1,4.15,4.0,4.25,95,,
2025-10-06,EFFR,4.09,4.08,4.09,4.1,4.18,4.0,4.25,84,,
2025-10-07,EFFR,4.09,4.08,4.09,4.1,4.15,4.0,4.25,81,,
2025-10-08,EFFR,4.1,4.08,4.09,4.1,4.15,4.0,4.25,76,,
2025-10-09,EFFR,4.1,4.08,4.09,4.1,4.15,4.0,4.25,84,,
2025-10-10,EFFR,4.1,4.08,4.09,4.1,4.15,4.0,4.25,87,,
2025-10-14,EFFR,4.1,4.08,4.1,4.11,4.18,4.0,4.25,80,,
2025-10-15,EFFR,4.1,4.09,4.1,4.12,4.15,4.0,4.25,81,,
2025-10-16,EFFR,4.11,4.09,4.1,4.12,4.15,4.0,4.25,85,,
2025-10-17,EFFR,4.11,4.09,4.1,4.12,4.18,4.0,4.25,79,,
2025-10-20,EFFR,4.11,4.09,4.1,4.12,4.15,4.0,4.25,82,,
2025-10-21,EFFR,4.11,4.09,4.1,4.12,4.18,4.0,4.25,85,,
2025-10-22,EFFR,4.11,4.09,4.1,4.12,4.15,4.0,4.25,91,,
2025-10-23,EFFR,4.11,4.09,4.11,4.12,4.15,4.0,4.25,93,,
2025-10-24,EFFR,4.11,4.09,4.11,4.12,4.15,4.0,4.25,90,,
2025-10-27,EFFR,4.12,4.09,4.11,4.12,4.15,4.0,4.25,88,,
2025-10-28,EFFR,4.12,4.09,4.11,4.12,4.15,4.0,4.25,92,,
2025-10-29,EFFR,4.12,4.09,4.11,4.12,4.15,4.0,4.25,98,,
2025-10-30,EFFR,3.87,3.84,3.86,3.87,3.9,3.75,4.0,104,,
2025-10-31,EFFR,3.86,3.84,3.85,3.87,3.93,3.75,4.0,107,,
2025-11-03,EFFR,3.87,3.84,3.86,3.87,3.9,3.75,4.0,98,,
2025-11-04,EFFR,3.87,3.84,3.86,3.87,3.9,3.75,4.0,94,,
2025-11-05,EFFR,3.87,3.84,3.86,3.87,3.9,3.75,4.0,94,,
2025-11-06,EFFR,3.87,3.84,3.86,3.87,3.93,3.75,4.0,87,,
2025-11-07,EFFR,3.87,3.84,3.86,3.88,3.93,3.75,4.0,83,,
2025-11-10,EFFR,3.87,3.84,3.86,3.88,3.9,3.75,4.0,77,,
2025-11-12,EFFR,3.87,3.84,3.87,3.88,3.93,3.75,4.0,77,,
2025-11-13,EFFR,3.88,3.84,3.87,3.89,3.93,3.75,4.0,78,,
2025-11-14,EFFR,3.88,3.84,3.87,3.89,3.93,3.75,4.0,72,,
2025-11-17,EFFR,3.88,3.84,3.87,3.89,3.93,3.75,4.0,75,,
2025-11-18,EFFR,3.88,3.84,3.88,3.89,3.91,3.75,4.0,78,,
2025-11-19,EFFR,3.88,3.84,3.88,3.89,3.91,3.75,4.0,76,,
2025-11-20,EFFR,3.88,3.84,3.88,3.89,3.93,3.75,4.0,75,,
2025-11-21,EFFR,3.88,3.84,3.88,3.89,3.91,3.75,4.0,81,,
2025-11-24,EFFR,3.88,3.84,3.88,3.89,3.93,3.75,4.0,73,,
2025-11-25,EFFR,3.88,3.84,3.88,3.89,3.93,3.75,4.0,78,,
2025-11-26,EFFR,3.88,3.84,3.88,3.89,3.93,3.75,4.0,89,,
2025-11-28,EFFR,3.89,3.84,3.88,3.89,3.92,3.75,4.0,90,,
2025-12-01,EFFR,3.89,3.84,3.88,3.9,3.93,3.75,4.0,85,,
2025-12-02,EFFR,3.89,3.84,3.88,3.9,3.93,3.75,4.0,91,,
2025-12-03,EFFR,3.89,3.84,3.88,3.9,3.93,3.75,4.0,85,,
2025-12-04,EFFR,3.89,3.84,3.88,3.9,3.93,3.75,4.0,87,,
2025-12-05,EFFR,3.89,3.84,3.88,3.9,3.91,3.75,4.0,88,,
2025-12-08,EFFR,3.89,3.84,3.88,3.9,3.91,3.75,4.0,84,,
2025-12-09,EFFR,3.89,3.84,3.88,3.9,3.91,3.75,4.0,85,,
2025-12-10,EFFR,3.89,3.84,3.88,3.9,3.91,3.75,4.0,98,,
2025-12-11,EFFR,3.64,3.6,3.63,3.65,3.66,3.5,3.75,99,,
2025-12-12,EFFR,3.64,3.6,3.63,3.65,3.68,3.5,3.75,102,,
2025-12-15,EFFR,3.64,3.6,3.63,3.65,3.66,3.5,3.75,97,,
2025-12-16,EFFR,3.64,3.6,3.64,3.65,3.66,3.5,3.75,95,,
2025-12-17,EFFR,3.64,3.6,3.63,3.65,3.66,3.5,3.75,94,,
2025-12-18,EFFR,3.64,3.6,3.64,3.65,3.66,3.5,3.75,88,,
2025-12-19,EFFR,3.64,3.6,3.64,3.65,3.65,3.5,3.75,93,,
2025-12-22,EFFR,3.64,3.6,3.64,3.65,3.65,3.5,3.75,87,,
2025-12-23,EFFR,3.64,3.6,3.63,3.65,3.65,3.5,3.75,85,,
2025-12-24,EFFR,3.64,3.6,3.64,3.65,3.65,3.5,3.75,88,,
