asOfDate,mbs,cmbs,tips,frn,tipsInflationCompensation,notesbonds,bills,agencies,total,ust_total,mbs_total
2003-07-09,0.0,0.0,12814483000,,928695000.0,398852847000,239304992000,10000000.0,650982322000.0,,0.0
2003-07-16,0.0,0.0,12814483000,,928695000.0,398852847000,239549686000,10000000.0,651227016000.0,,0.0
2003-07-23,0.0,0.0,12814483000,,1468195000.0,398852847000,239691886000,10000000.0,651369216000.0,,0.0
2003-07-30,0.0,0.0,12814483000,,928695000.0,398852847000,239725686000,10000000.0,651403016000.0,,0.0
2003-08-06,0.0,0.0,12814483000,,1465167000.0,398852847000,239891686000,10000000.0,651569016000.0,,0.0
2003-08-13,0.0,0.0,12814483000,,1468695000.0,398852847000,240141686000,10000000.0,651819016000.0,,0.0
2003-08-20,0.0,0.0,12814483000,,1472188000.0,398852847000,240376486000,10000000.0,652053816000.0,,0.0
2003-08-27,0.0,0.0,12814483000,,928695000.0,398852847000,240528186000,10000000.0,652205516000.0,,0.0
2003-09-03,0.0,0.0,12814483000,,1479261000.0,398852847000,240784686000,10000000.0,652462016000.0,,0.0
2003-09-10,0.0,0.0,13454483000,,1522527000.0,399594847000,241019786000,10000000.0,654079116000.0,,0.0
2003-09-17,0.0,0.0,13454483000,,1526291000.0,399594847000,241366886000,10000000.0,654426216000.0,,0.0
2003-09-24,0.0,0.0,13454483000,,1530122000.0,399594847000,241413986000,10000000.0,654473316000.0,,0.0
2003-10-01,0.0,0.0,13454483000,,1535220000.0,399594847000,241601286000,10000000.0,654660616000.0,,0.0
2003-10-08,0.0,0.0,13454483000,,1548107000.0,399594847000,241672386000,10000000.0,654731716000.0,,0.0
2003-10-15,0.0,0.0,13454483000,,1560973000.0,399594847000,241879086000,10000000.0,654938416000.0,,0.0
2003-10-22,0.0,0.0,13454483000,,1573862000.0,399594847000,242130986000,10000000.0,655190316000.0,,0.0
2003-10-29,0.0,0.0,13454483000,,1586746000.0,401322447000,242308486000,10000000.0,657095416000.0,,0.0
2003-11-05,0.0,0.0,13454483000,,1598563000.0,401322447000,242499986000,10000000.0,657286916000.0,,0.0
2003-11-12,0.0,0.0,13454483000,,1609969000.0,402422447000,242792486000,10000000.0,658679416000.0,,0.0
2003-11-19,0.0,0.0,13454483000,,1621412000.0,404669247000,242958086000,10000000.0,661091816000.0,,0.0
2003-11-26,0.0,0.0,13454483000,,1632794000.0,406173047000,243252886000,10000000.0,662890416000.0,,0.0
2003-12-03,0.0,0.0,13994483000,,1680002000.0,406173047000,243384886000,10000000.0,663562416000.0,,0.0
2003-12-10,0.0,0.0,13994483000,,1676133000.0,406173047000,243766786000,0.0,663934316000.0,,0.0
2003-12-17,0.0,0.0,13994483000,,1672335000.0,406173047000,244113386000,0.0,664280916000.0,,0.0
2003-12-24,0.0,0.0,13994483000,,1668482000.0,406173047000,244380586000,,664548116000.0,,0.0
2003-12-31,0.0,0.0,13994483000,,1664696000.0,406173047000,244832586000,,665000116000.0,,0.0
2004-01-07,0.0,0.0,13994483000,,1655115000.0,406173047000,244897186000,,665064716000.0,,0.0
2004-01-14,0.0,0.0,13994483000,,1645566000.0,406173047000,244984786000,,665152316000.0,,0.0
2004-01-21,0.0,0.0,13994483000,,1636040000.0,406173047000,245028186000,,665195716000.0,,0.0
2004-01-28,0.0,0.0,13994483000,,1626484000.0,406173047000,245265886000,,665433416000.0,,0.0
2004-02-04,0.0,0.0,13994483000,,1620050000.0,406173047000,245504586000,,665672116000.0,,0.0
2004-02-11,0.0,0.0,13994483000,,1615961000.0,408394047000,245846786000,,668235316000.0,,0.0
2004-02-18,0.0,0.0,13994483000,,1611856000.0,409124047000,246055486000,,669174016000.0,,0.0
2004-02-25,0.0,0.0,13994483000,,1607768000.0,409784047000,246141086000,,669919616000.0,,0.0
2004-03-03,0.0,0.0,13994483000,,1612801000.0,409784047000,246240186000,,670018716000.0,,0.0
2004-03-10,0.0,0.0,14464483000,,1639254000.0,410563247000,246372286000,,671400016000.0,,0.0
2004-03-17,0.0,0.0,14464483000,,1656676000.0,410563247000,246468586000,,671496316000.0,,0.0
2004-03-24,0.0,0.0,14464483000,,1674441000.0,411387597000,246468586000,,672320666000.0,,0.0
2004-03-31,0.0,0.0,14464483000,,1692180000.0,411387597000,246539286000,,672391366000.0,,0.0
2004-04-07,0.0,0.0,14464483000,,1712521000.0,411387597000,246729086000,,672581166000.0,,0.0
2004-04-14,0.0,0.0,14464483000,,1732896000.0,411387597000,247132086000,,672984166000.0,,0.0
2004-04-21,0.0,0.0,14464483000,,1753254000.0,411387597000,247332086000,,673184166000.0,,0.0
2004-04-28,0.0,0.0,14464483000,,1773587000.0,411387597000,248757486000,,674609566000.0,,0.0
2004-05-05,0.0,0.0,14464483000,,1796317000.0,411387597000,250162686000,,676014766000.0,,0.0
2004-05-12,0.0,0.0,14464483000,,1819952000.0,411387597000,250162686000,,676014766000.0,,0.0
2004-05-19,0.0,0.0,14464483000,,1843570000.0,413080197000,250229886000,,677774566000.0,,0.0
2004-05-26,0.0,0.0,14464483000,,1867183000.0,413862897000,250438586000,,678765966000.0,,0.0
2004-06-02,0.0,0.0,14464483000,,1887609000.0,414659497000,250471586000,,679595566000.0,,0.0
2004-06-09,0.0,0.0,14464483000,,1899781000.0,415659497000,251908186000,,682032166000.0,,0.0
2004-06-16,0.0,0.0,14464483000,,1912032000.0,416694497000,251921986000,,683080966000.0,,0.0
2004-06-23,0.0,0.0,14464483000,,1924224000.0,416694497000,252093586000,,683252566000.0,,0.0
2004-06-30,0.0,0.0,14464483000,,1936448000.0,416694497000,254295386000,,685454366000.0,,0.0
2004-07-07,0.0,0.0,14464483000,,1958134000.0,416694497000,254775586000,,685934566000.0,,0.0
2004-07-14,0.0,0.0,14862483000,,2016795000.0,418251497000,255178286000,,688292266000.0,,0.0
2004-07-21,0.0,0.0,14862483000,,2039047000.0,420149597000,255247686000,,690259766000.0,,0.0
2004-07-28,0.0,0.0,14862483000,,2061249000.0,421545797000,255247686000,,691655966000.0,,0.0
2004-08-04,0.0,0.0,14862483000,,2077727000.0,421545797000,255247686000,,691655966000.0,,0.0
2004-08-11,0.0,0.0,14862483000,,2089901000.0,421545797000,255247686000,,691655966000.0,,0.0
2004-08-18,0.0,0.0,14862483000,,2101986000.0,422541497000,255254486000,,692658466000.0,,0.0
2004-08-25,0.0,0.0,14862483000,,2114140000.0,422541497000,255322186000,,692726166000.0,,0.0
2004-09-01,0.0,0.0,14862483000,,2123656000.0,422541497000,255330386000,,692734366000.0,,0.0
2004-09-08,0.0,0.0,14862483000,,2117395000.0,422541497000,255347886000,,692751866000.0,,0.0
2004-09-15,0.0,0.0,14862483000,,2111118000.0,423340797000,255388786000,,693592066000.0,,0.0
2004-09-22,0.0,0.0,14862483000,,2104826000.0,424140797000,257053186000,,696056466000.0,,0.0
2004-09-29,0.0,0.0,15262483000,,2134748000.0,424140797000,257079086000,,696482366000.0,,0.0
2004-10-06,0.0,0.0,15262483000,,2135569000.0,425339097000,258848906000,,699450486000.0,,0.0
2004-10-13,0.0,0.0,15262483000,,2137648000.0,425339097000,258877506000,,699479086000.0,,0.0
2004-10-20,0.0,0.0,15262483000,,2139731000.0,426333497000,259077706000,,700673686000.0,,0.0
2004-10-27,0.0,0.0,15262483000,,2141805000.0,430124797000,259200506000,,704587786000.0,,0.0
2004-11-03,0.0,0.0,15262483000,,2146652000.0,431328297000,259392506000,,705983286000.0,,0.0
2004-11-10,0.0,0.0,15683483000,,2176843000.0,431328297000,259719506000,,706731286000.0,,0.0
2004-11-17,0.0,0.0,15683483000,,2185623000.0,432525797000,259739106000,,707948386000.0,,0.0
2004-11-24,0.0,0.0,15683483000,,2194432000.0,432525797000,261190406000,,709399686000.0,,0.0
2004-12-01,0.0,0.0,15683483000,,2204993000.0,432525797000,262476606000,,710685886000.0,,0.0
2004-12-08,0.0,0.0,15683483000,,2226268000.0,436428797000,262733106000,,714845386000.0,,0.0
2004-12-15,0.0,0.0,16108483000,,2262121000.0,436428797000,262861106000,,715398386000.0,,0.0
2004-12-22,0.0,0.0,16108483000,,2283866000.0,436428797000,262861106000,,715398386000.0,,0.0
2004-12-29,0.0,0.0,16108483000,,2305687000.0,436428797000,262970206000,,715507486000.0,,0.0
2005-01-05,0.0,0.0,16108483000,,2313451000.0,436428797000,262970206000,,715507486000.0,,0.0
2005-01-12,0.0,0.0,16108483000,,2315618000.0,436428797000,262970206000,,715507486000.0,,0.0
2005-01-19,0.0,0.0,16108483000,,2317821000.0,436428797000,262970206000,,715507486000.0,,0.0
2005-01-26,0.0,0.0,16108483000,,2320014000.0,436428797000,262970206000,,715507486000.0,,0.0
2005-02-02,0.0,0.0,19108382000,,2355738000.0,433428898000,263005106000,,715542386000.0,,0.0
2005-02-09,0.0,0.0,19108382000,,2336127000.0,433428898000,263005106000,,715542386000.0,,0.0
2005-02-16,0.0,0.0,19108382000,,2316436000.0,433428898000,263005106000,,715542386000.0,,0.0
2005-02-23,0.0,0.0,19108382000,,2296750000.0,433428898000,263005106000,,715542386000.0,,0.0
2005-03-02,0.0,0.0,19108382000,,2285603000.0,433096031000,263005106000,,715209519000.0,,0.0
2005-03-09,0.0,0.0,19108382000,,2295760000.0,433096031000,263005106000,,715209519000.0,,0.0
2005-03-16,0.0,0.0,19108382000,,2305926000.0,433096031000,263005106000,,715209519000.0,,0.0
2005-03-23,0.0,0.0,19108382000,,2316054000.0,433096031000,263005106000,,715209519000.0,,0.0
2005-03-30,0.0,0.0,19108382000,,2326201000.0,433096031000,263005106000,,715209519000.0,,0.0
2005-04-06,0.0,0.0,19108382000,,2352422000.0,432885264000,263005106000,,714998752000.0,,0.0
2005-04-13,0.0,0.0,19108382000,,2381232000.0,432885264000,263005106000,,714998752000.0,,0.0
2005-04-20,0.0,0.0,19108382000,,2410096000.0,432885264000,263005106000,,714998752000.0,,0.0
2005-04-27,0.0,0.0,19108382000,,2438924000.0,434085264000,263005106000,,716198752000.0,,0.0
2005-05-04,0.0,0.0,19108382000,,2473062000.0,434785264000,263005106000,,716898752000.0,,0.0
2005-05-11,0.0,0.0,19108382000,,2511154000.0,435683264000,264262506000,,719054152000.0,,0.0
2005-05-18,0.0,0.0,19108382000,,2549180000.0,435683264000,264288106000,,719079752000.0,,0.0
2005-05-25,0.0,0.0,19108382000,,2587275000.0,436781264000,264514806000,,720404452000.0,,0.0
2005-06-01,0.0,0.0,19108382000,,2624807000.0,438678364000,265014806000,,722801552000.0,,0.0
2005-06-08,0.0,0.0,19108382000,,2658883000.0,438678364000,265014806000,,722801552000.0,,0.0
2005-06-15,0.0,0.0,19108382000,,2692999000.0,438678364000,265014806000,,722801552000.0,,0.0
2005-06-22,0.0,0.0,19533382000,,2760193000.0,438678364000,265014806000,,723226552000.0,,0.0
2005-06-29,0.0,0.0,19533382000,,2795010000.0,438678364000,265014806000,,723226552000.0,,0.0
2005-07-06,0.0,0.0,19533382000,,2795545000.0,437373764000,265014806000,,721921952000.0,,0.0
2005-07-13,0.0,0.0,19533382000,,2790368000.0,437373764000,265014806000,,721921952000.0,,0.0
2005-07-20,0.0,0.0,19533382000,,2785189000.0,437373764000,265014806000,,721921952000.0,,0.0
2005-07-27,0.0,0.0,19533382000,,2779970000.0,437373764000,265014806000,,721921952000.0,,0.0
2005-08-03,0.0,0.0,19533382000,,2778154000.0,437373764000,265014806000,,721921952000.0,,0.0
2005-08-10,0.0,0.0,19533382000,,2780744000.0,437373764000,265014806000,,721921952000.0,,0.0
2005-08-17,0.0,0.0,19533382000,,2783323000.0,438763764000,266258806000,,724555952000.0,,0.0
2005-08-24,0.0,0.0,19533382000,,2785935000.0,439751764000,267507806000,,726792952000.0,,0.0
2005-08-31,0.0,0.0,19533382000,,2788547000.0,440292364000,267765806000,,727591552000.0,,0.0
2005-09-07,0.0,0.0,19533382000,,2812637000.0,440292364000,267779606000,,727605352000.0,,0.0
2005-09-14,0.0,0.0,19983382000,,2864576000.0,442593364000,267826406000,,730403152000.0,,0.0
2005-09-21,0.0,0.0,19983382000,,2889209000.0,442593364000,267922006000,,730498752000.0,,0.0
2005-09-28,0.0,0.0,19983382000,,2913803000.0,443697364000,269487406000,,733168152000.0,,0.0
2005-10-05,0.0,0.0,19983382000,,2939734000.0,444890364000,269778506000,,734652252000.0,,0.0
2005-10-12,0.0,0.0,19983382000,,2966232000.0,444890364000,269832306000,,734706052000.0,,0.0
2005-10-19,0.0,0.0,19983382000,,2992651000.0,444890364000,270148806000,,735022552000.0,,0.0
2005-10-26,0.0,0.0,19983382000,,3019151000.0,445890364000,270648806000,,736522552000.0,,0.0
2005-11-02,0.0,0.0,19983382000,,3056815000.0,446792364000,270781106000,,737556852000.0,,0.0
2005-11-09,0.0,0.0,19983382000,,3122476000.0,447592364000,271018406000,,738594152000.0,,0.0
2005-11-16,0.0,0.0,19983382000,,3188096000.0,448688364000,271018406000,,739690152000.0,,0.0
2005-11-23,0.0,0.0,19983382000,,3253737000.0,449783864000,271270406000,,741037652000.0,,0.0
2005-11-30,0.0,0.0,19983382000,,3319354000.0,449594811000,271270406000,,740848599000.0,,0.0
2005-12-07,0.0,0.0,19983382000,,3329975000.0,449594811000,271270406000,,740848599000.0,,0.0
2005-12-14,0.0,0.0,19983382000,,3340552000.0,449594811000,271270406000,,740848599000.0,,0.0
2005-12-21,0.0,0.0,19983382000,,3351144000.0,449594811000,271270406000,,740848599000.0,,0.0
2005-12-28,0.0,0.0,19983382000,,3361743000.0,449594811000,271270406000,,740848599000.0,,0.0
2006-01-04,0.0,0.0,19983382000,,3342074000.0,448274033000,271270406000,,739527821000.0,,0.0
2006-01-11,0.0,0.0,20431382000,,3344824000.0,449118033000,271584606000,,741134021000.0,,0.0
2006-01-18,0.0,0.0,20431382000,,3301591000.0,449118033000,272833606000,,742383021000.0,,0.0
2006-01-25,0.0,0.0,20431382000,,3258380000.0,450065033000,272833606000,,743330021000.0,,0.0
2006-02-01,0.0,0.0,22196087000,,3209829000.0,450580328000,272854006000,,745630421000.0,,0.0
2006-02-08,0.0,0.0,22196087000,,3184075000.0,450580328000,272867506000,,745643921000.0,,0.0
2006-02-15,0.0,0.0,22196087000,,3158363000.0,451830328000,274141806000,,748168221000.0,,0.0
2006-02-22,0.0,0.0,22196087000,,3132659000.0,453078328000,274141806000,,749416221000.0,,0.0
2006-03-01,0.0,0.0,22196087000,,3116855000.0,455227328000,274141806000,,751565221000.0,,0.0
2006-03-08,0.0,0.0,22196087000,,3160369000.0,456077328000,274141806000,,752415221000.0,,0.0
2006-03-15,0.0,0.0,22646087000,,3247355000.0,457177328000,274141806000,,753965221000.0,,0.0
2006-03-22,0.0,0.0,22646087000,,3291717000.0,457177328000,274141806000,,753965221000.0,,0.0
2006-03-29,0.0,0.0,22646087000,,3336096000.0,457177328000,275369806000,,755193221000.0,,0.0
2006-04-05,0.0,0.0,22646087000,,3357515000.0,457177328000,275369806000,,755193221000.0,,0.0
2006-04-12,0.0,0.0,22646087000,,3369806000.0,457177328000,275369806000,,755193221000.0,,0.0
2006-04-19,0.0,0.0,22646087000,,3382011000.0,457177328000,275369806000,,755193221000.0,,0.0
2006-04-26,0.0,0.0,22646087000,,3394270000.0,458273328000,275369806000,,756289221000.0,,0.0
2006-05-03,0.0,0.0,22646087000,,3415168000.0,458273328000,275369806000,,756289221000.0,,0.0
2006-05-10,0.0,0.0,22646087000,,3447767000.0,458273328000,275369806000,,756289221000.0,,0.0
2006-05-17,0.0,0.0,22646087000,,3480334000.0,458154553000,275369806000,,756170446000.0,,0.0
2006-05-24,0.0,0.0,22646087000,,3512894000.0,460849553000,275369806000,,758865446000.0,,0.0
2006-05-31,0.0,0.0,22646087000,,3545453000.0,460849553000,275369806000,,758865446000.0,,0.0
2006-06-07,0.0,0.0,22646087000,,3597444000.0,463263553000,275369806000,,761279446000.0,,0.0
2006-06-14,0.0,0.0,22646087000,,3649433000.0,464579553000,275369806000,,762595446000.0,,0.0
2006-06-21,0.0,0.0,22646087000,,3701460000.0,464579553000,275369806000,,762595446000.0,,0.0
2006-06-28,0.0,0.0,22646087000,,3753454000.0,464579553000,275369806000,,762595446000.0,,0.0
2006-07-05,0.0,0.0,22646087000,,3789436000.0,464579553000,275369806000,,762595446000.0,,0.0
2006-07-12,0.0,0.0,22646087000,,3819045000.0,464579553000,275369806000,,762595446000.0,,0.0
2006-07-19,0.0,0.0,24783322000,,3868515000.0,459060801000,277018806000,,760862929000.0,,0.0
2006-07-26,0.0,0.0,24783322000,,3900423000.0,459060801000,277018806000,,760862929000.0,,0.0
2006-08-02,0.0,0.0,26018610000,,3952180000.0,457825513000,277018806000,,760862929000.0,,0.0
2006-08-09,0.0,0.0,26018610000,,3965561000.0,457825513000,277018806000,,760862929000.0,,0.0
2006-08-16,0.0,0.0,26018610000,,3978927000.0,457825513000,277018806000,,760862929000.0,,0.0
2006-08-23,0.0,0.0,26018610000,,3992261000.0,457825513000,277018806000,,760862929000.0,,0.0
2006-08-30,0.0,0.0,26018610000,,4005648000.0,459694513000,277018806000,,762731929000.0,,0.0
2006-09-06,0.0,0.0,26018610000,,4025292000.0,459694513000,277018806000,,762731929000.0,,0.0
2006-09-13,0.0,0.0,26018610000,,4046009000.0,461790513000,277018806000,,764827929000.0,,0.0
2006-09-20,0.0,0.0,26018610000,,4066762000.0,461790513000,277018806000,,764827929000.0,,0.0
2006-09-27,0.0,0.0,26018610000,,4087477000.0,461790513000,277018806000,,764827929000.0,,0.0
2006-10-04,0.0,0.0,26018610000,,4103991000.0,461790513000,277018806000,,764827929000.0,,0.0
2006-10-11,0.0,0.0,26018610000,,4117355000.0,461790513000,277018806000,,764827929000.0,,0.0
2006-10-18,0.0,0.0,27430375000,,4143192000.0,458058313000,277018806000,,762507494000.0,,0.0
2006-10-25,0.0,0.0,27430375000,,4157176000.0,459815313000,277018806000,,764264494000.0,,0.0
2006-11-01,0.0,0.0,29610877000,,4223090000.0,459064811000,277018806000,,765694494000.0,,0.0
2006-11-08,0.0,0.0,30104877000,,4236135000.0,459064811000,277018806000,,766188494000.0,,0.0
2006-11-15,0.0,0.0,30104877000,,4196709000.0,458729935000,277018806000,,765853618000.0,,0.0
2006-11-22,0.0,0.0,30104877000,,4157433000.0,460597935000,277018806000,,767721618000.0,,0.0
2006-11-29,0.0,0.0,30104877000,,4118069000.0,461367935000,277018806000,,768491618000.0,,0.0
2006-12-06,0.0,0.0,30104877000,,4076502000.0,463014935000,277018806000,,770138618000.0,,0.0
2006-12-13,0.0,0.0,30104877000,,4034617000.0,464444935000,277018806000,,771568618000.0,,0.0
2006-12-20,0.0,0.0,30104877000,,3992777000.0,466521935000,277018806000,,773645618000.0,,0.0
2006-12-27,0.0,0.0,30104877000,,3950880000.0,467863935000,277018806000,,774987618000.0,,0.0
2007-01-03,0.0,0.0,30104877000,,3922032000.0,467863935000,277018806000,,774987618000.0,,0.0
2007-01-10,0.0,0.0,30104877000,,3910595000.0,467863935000,277018806000,,774987618000.0,,0.0
2007-01-17,0.0,0.0,30587084000,,3416890000.0,467863935000,277018806000,,775469825000.0,,0.0
2007-01-24,0.0,0.0,30587084000,,3405536000.0,467863935000,277018806000,,775469825000.0,,0.0
2007-01-31,0.0,0.0,31775539000,,3393125000.0,466675480000,277018806000,,775469825000.0,,0.0
2007-02-07,0.0,0.0,31775539000,,3406311000.0,466675480000,277018806000,,775469825000.0,,0.0
2007-02-14,0.0,0.0,31775539000,,3419306000.0,466675480000,277018806000,,775469825000.0,,0.0
2007-02-21,0.0,0.0,31775539000,,3432450000.0,466675480000,277018806000,,775469825000.0,,0.0
2007-02-28,0.0,0.0,31775539000,,3445506000.0,468553480000,277018806000,,777347825000.0,,0.0
2007-03-07,0.0,0.0,31775539000,,3469772000.0,468553480000,277018806000,,777347825000.0,,0.0
2007-03-14,0.0,0.0,31775539000,,3494045899.8,468553480000,277018806000,,777347825000.0,,0.0
2007-03-21,0.0,0.0,31775539000,,3518337788.61,468553480000,277018806000,,777347825000.0,,0.0
2007-03-28,0.0,0.0,31775539000,,3542620512.4,468553480000,277018806000,,777347825000.0,,0.0
2007-04-04,0.0,0.0,31775539000,,3578189043.62,468553480000,277018806000,,777347825000.0,,0.0
2007-04-11,0.0,0.0,31775539000,,3622372069.17,470399480000,277018806000,,779193825000.0,,0.0
2007-04-18,0.0,0.0,31775539000,,3666463433.95,470399480000,277018806000,,779193825000.0,,0.0
2007-04-25,0.0,0.0,32335539000,,3735641742.75,474059480000,277018806000,,783413825000.0,,0.0
2007-05-02,0.0,0.0,34458704000,,3796224408.01,471936315000,277018806000,,783413825000.0,,0.0
2007-05-09,0.0,0.0,34458704000,,3874780127.09,474672315000,277018806000,,786149825000.0,,0.0
2007-05-16,0.0,0.0,34458704000,,3953429572.92,474672315000,277018806000,,786149825000.0,,0.0
2007-05-23,0.0,0.0,34458704000,,4032006923.08,474672315000,277018806000,,786149825000.0,,0.0
2007-05-30,0.0,0.0,34458704000,,4110639006.8,474672315000,277018806000,,786149825000.0,,0.0
2007-06-06,0.0,0.0,34458704000,,4171947005.7,474672315000,277018806000,,786149825000.0,,0.0
2007-06-13,0.0,0.0,34458704000,,4230516622.04,474672315000,277018806000,,786149825000.0,,0.0
2007-06-20,0.0,0.0,34458704000,,4288972197.36,474672315000,277018806000,,786149825000.0,,0.0
2007-06-27,0.0,0.0,34458704000,,4347449603.06,474672315000,277018806000,,786149825000.0,,0.0
2007-07-03,0.0,0.0,34458704000,,4403127207.47,474672315000,277018806000,,786149825000.0,,0.0
2007-07-11,0.0,0.0,34458704000,,4456667735.05,474672315000,277018806000,,786149825000.0,,0.0
2007-07-18,0.0,0.0,34458704000,,4510254101.89,474672315000,277018806000,,786149825000.0,,0.0
2007-07-25,0.0,0.0,34458704000,,4563858627.36,474672315000,277018806000,,786149825000.0,,0.0
2007-08-01,0.0,0.0,35752628000,,4652660950.51,473378391000,277018806000,,786149825000.0,,0.0
2007-08-08,0.0,0.0,35752628000,,4670362779.68,473378391000,277018806000,,786149825000.0,,0.0
2007-08-15,0.0,0.0,35752628000,,4687923429.96,472142049000,277018806000,,784913483000.0,,0.0
2007-08-22,0.0,0.0,35752628000,,4705646379.13,472142049000,277018806000,,784913483000.0,,0.0
2007-08-29,0.0,0.0,35752628000,,4723304231.7,472142049000,272018806000,,779913483000.0,,0.0
2007-09-05,0.0,0.0,35752628000,,4726742330.05,472142049000,267018806000,,774913483000.0,,0.0
2007-09-12,0.0,0.0,35752628000,,4724304871.62,472142049000,267018806000,,774913483000.0,,0.0
2007-09-19,0.0,0.0,35752628000,,4721837810.34,472142049000,267018806000,,774913483000.0,,0.0
2007-09-26,0.0,0.0,35752628000,,4719468521.84,472142049000,267018806000,,774913483000.0,,0.0
2007-10-03,0.0,0.0,35752628000,,4710961024.11,472142049000,267018806000,,774913483000.0,,0.0
2007-10-10,0.0,0.0,35752628000,,4694143279.33,472142049000,267018806000,,774913483000.0,,0.0
2007-10-17,0.0,0.0,35752628000,,4677391543.26,472142049000,267018806000,,774913483000.0,,0.0
2007-10-24,0.0,0.0,35752628000,,4660611503.5,472142049000,267018806000,,774913483000.0,,0.0
2007-10-31,0.0,0.0,36910568000,,4672369202.09,470984109000,267018806000,,774913483000.0,,0.0
2007-11-07,0.0,0.0,36910568000,,4699126289.82,470984109000,267018806000,,774913483000.0,,0.0
2007-11-14,0.0,0.0,36910568000,,4725907595.47,470984109000,267018806000,,774913483000.0,,0.0
2007-11-21,0.0,0.0,36910568000,,4752548295.35,470984109000,267018806000,,774913483000.0,,0.0
2007-11-28,0.0,0.0,36910568000,,4779373504.94,470984109000,267018806000,,774913483000.0,,0.0
2007-12-05,0.0,0.0,36910568000,,4801400140.85,470984109000,267018806000,,774913483000.0,,0.0
2007-12-12,0.0,0.0,36910568000,,4821496428.26,470984109000,262018806000,,769913483000.0,,0.0
2007-12-19,0.0,0.0,36910568000,,4841656845.78,470984109000,257018806000,,764913483000.0,,0.0
2007-12-26,0.0,0.0,36910568000,,4861800849.22,470984109000,241855557000,,749750234000.0,,0.0
2008-01-02,0.0,0.0,36910568000,,4892201161.82,470984109000,227840500000,,735735177000.0,,0.0
2008-01-09,0.0,0.0,36910568000,,4948232120.05,470984109000,215359963000,,723254640000.0,,0.0
2008-01-16,0.0,0.0,37462523000,,4452320831.23,470984109000,215359963000,,723806595000.0,,0.0
2008-01-23,0.0,0.0,37462523000,,4508319937.1,470984109000,210359963000,,718806595000.0,,0.0
2008-01-30,0.0,0.0,37462523000,,4564402171.11,470984109000,205359963000,,713806595000.0,,0.0
2008-02-06,0.0,0.0,38436795000,,4569630280.68,470009837000,200359963000,,708806595000.0,,0.0
2008-02-13,0.0,0.0,38436795000,,4562676889.37,470009837000,200359963000,,708806595000.0,,0.0
2008-02-20,0.0,0.0,38436795000,,4555693544.73,470009837000,200359963000,,708806595000.0,,0.0
2008-02-27,0.0,0.0,38436795000,,4548747741.31,470009837000,200359963000,,708806595000.0,,0.0
2008-03-05,0.0,0.0,38436795000,,4581200985.28,470009837000,200359963000,,708806595000.0,,0.0
2008-03-12,0.0,0.0,38436795000,,4629374056.46,470009837000,190359963000,,698806595000.0,,0.0
2008-03-19,0.0,0.0,38436795000,,4677655903.96,465009837000,152359963000,,655806595000.0,,0.0
2008-03-26,0.0,0.0,38436795000,,4725955213.48,455051837000,114090529000,,607579161000.0,,0.0
2008-04-02,0.0,0.0,38436795000,,4768694434.78,445049837000,92984653000,,576471285000.0,,0.0
2008-04-09,0.0,0.0,38436795000,,4797951845.52,435050837000,81828417000,,555316049000.0,,0.0
2008-04-16,0.0,0.0,38436795000,,4827289208.98,435050837000,70317353000,,543804985000.0,,0.0
2008-04-23,0.0,0.0,38436795000,,4856507327.45,435050837000,70317353000,,543804985000.0,,0.0
2008-04-30,0.0,0.0,39170612500,,4886983353.06,434317019500,70317353000,,543804985000.0,,0.0
2008-05-07,0.0,0.0,39170612500,,4973164159.78,426818019500,65751859000,,531740491000.0,,0.0
2008-05-14,0.0,0.0,39170612500,,5059444592.23,421816019500,49609742000,,510596374000.0,,0.0
2008-05-21,0.0,0.0,39170612500,,5145630604.98,417391253700,41155005700,,497716871900.0,,0.0
2008-05-28,0.0,0.0,39170612500,,5231917369.54,412392253700,34296079800,,485858946000.0,,0.0
2008-06-04,0.0,0.0,39170612500,,5304808792.87,412392253700,30068862800,,481631729000.0,,0.0
2008-06-11,0.0,0.0,39170612500,,5367656288.97,412392253700,25142617800,,476705484000.0,,0.0
2008-06-18,0.0,0.0,39170612500,,5430565282.23,412392253700,21740093800,,473302960000.0,,0.0
2008-06-25,0.0,0.0,39170612500,,5493536865.84,412392253700,21740093800,,473302960000.0,,0.0
2008-07-02,0.0,0.0,39170612500,,5562655210.25,412392253700,21740093800,,473302960000.0,,0.0
2008-07-09,0.0,0.0,39170612500,,5647699323.63,412392253700,21740093800,,473302960000.0,,0.0
2008-07-16,0.0,0.0,39170612500,,5732696227.98,412392253700,21740093800,,473302960000.0,,0.0
2008-07-23,0.0,0.0,39170612500,,5817711081.58,412392253700,21740093800,,473302960000.0,,0.0
2008-07-30,0.0,0.0,39170612500,,5902710162.74,412392253700,21740093800,,473302960000.0,,0.0
2008-08-06,0.0,0.0,39831578000,,6026658257.22,411731288200,21740093800,,473302960000.0,,0.0
2008-08-13,0.0,0.0,39831578000,,6130828354.53,411731288200,21740093800,,473302960000.0,,0.0
2008-08-20,0.0,0.0,39831578000,,6234905642.1,411731288200,21740093800,,473302960000.0,,0.0
2008-08-27,0.0,0.0,39831578000,,6339133436.36,411731288200,21740093800,,473302960000.0,,0.0
2008-09-03,0.0,0.0,39831578000,,6422873979.07,411731288200,21740093800,,473302960000.0,,0.0
2008-09-10,0.0,0.0,39831578000,,6479512988.91,411731288200,21740093800,,473302960000.0,,0.0
2008-09-17,0.0,0.0,39831578000,,6536196535.9,411731288200,21740093800,,473302960000.0,,0.0
2008-09-24,0.0,0.0,39831578000,,6592770931.8,411731288200,18422636700,10000000000.0,479985502900.0,,0.0
2008-10-01,0.0,0.0,39831578000,,6635333142.0,411731288200,18422636700,14500000000.0,484485502900.0,,0.0
2008-10-08,0.0,0.0,39831578000,,6593485758.51,411731288200,18422636700,14105000000.0,484090502900.0,,0.0
2008-10-15,0.0,0.0,40805578000,,6569252208.49,410757288200,18422636700,14105000000.0,484090502900.0,,0.0
2008-10-22,0.0,0.0,40805578000,,6526435204.81,410757288200,18422636700,14105000000.0,484090502900.0,,0.0
2008-10-29,0.0,0.0,40805578000,,6483639954.99,410757288200,18422636700,13620000000.0,483605502900.0,,0.0
2008-11-05,0.0,0.0,41071418200,,6470152706.54,410491448000,18422636700,13235000000.0,483220502900.0,,0.0
2008-11-12,0.0,0.0,41071418200,,6454831722.74,410491448000,18422636700,12969000000.0,482954502900.0,,0.0
2008-11-19,0.0,0.0,41071418200,,6439510383.48,410491448000,18422636700,12501000000.0,482486502900.0,,0.0
2008-11-26,0.0,0.0,41071418200,,6421958861.02,410491448000,18422636700,12221000000.0,482206502900.0,,0.0
2008-12-03,0.0,0.0,41071418200,,6368963203.8,410491448000,18422636700,11572000000.0,481557502900.0,,0.0
2008-12-10,0.0,0.0,41071418200,,6260612063.43,410491448000,18422636700,15812000000.0,485797502900.0,,0.0
2008-12-17,0.0,0.0,41071418200,,6152285018.91,410491448000,18422636700,17621000000.0,487606502900.0,,0.0
2008-12-24,0.0,0.0,41071418200,,6028558817.77,410491448000,18422636700,20878000000.0,490863502900.0,,0.0
2008-12-31,0.0,0.0,41071418200,,5935739189.41,410491448000,18422636700,19708000000.0,489693502900.0,,0.0
2009-01-07,0.0,0.0,41071418200,,5732371318.42,410491448000,18422636700,19258000000.0,489243502900.0,,0.0
2009-01-14,5633635226.0,0.0,41071418200,,5529051056.3,410491448000,18422636700,24158000000.0,499777138125.9,,5633635226.0
2009-01-21,5990622678.0,0.0,39377689800,,4607992790.08,412913510200,18422636700,24158000000.0,500862459378.3,,5990622678.0
2009-01-28,7376769253.0,0.0,39377689800,,4415333956.01,412913510200,18422636700,28365000000.0,506455605952.9,,7376769253.0
2009-02-04,7376769253.0,0.0,39377689800,,4268121953.71,412913510200,18422636700,29915000000.0,508005605952.9,,7376769253.0
2009-02-11,7377198785.0,0.0,39377689800,,4155085110.39,412913510200,18422636700,32150000000.0,510241035485.3,,7377198785.0
2009-02-18,65292274092.0,0.0,39377689800,,4042066201.27,412913510200,18422636700,33577000000.0,569583110791.8,,65292274092.0
2009-02-25,68744981188.0,0.0,39377689800,,3929088045.27,412913510200,18422636700,38338000000.0,577796817888.5,,68744981188.0
2009-03-04,68902242872.0,0.0,39377689800,,3904945276.07,412913510200,18422636700,38238000000.0,577854079572.0,,68902242872.0
2009-03-11,68957700158.0,0.0,39377689800,,3947421160.2,412913510200,18422636700,44432000000.0,584103536857.9,,68957700158.0
2009-03-18,236488853002.0,0.0,39377689800,,3989956495.73,412913510200,18422636700,48272000000.0,755474689701.8,,236488853002.0
2009-03-25,236155992468.0,0.0,39377689800,,4032403497.71,412913510200,18422636700,50393000000.0,757262829168.0,,236155992468.0
2009-04-01,236637022952.0,0.0,39377689800,,4076110105.78,430453510200,18422636700,53616000000.0,778506859651.8,,236637022952.0
2009-04-08,236651024069.0,0.0,39377689800,,4126522716.85,446487510200,18422636700,56288000000.0,797226860769.1,,236651024069.0
2009-04-15,355636613331.0,0.0,39473181300,,4175543455.11,464032018700,18422636700,61441000000.0,939005450030.7,,355636613331.0
2009-04-22,367590329682.0,0.0,40976181300,,4537759016.49,471032018700,18422636700,64511000000.0,962532166382.1,,367590329682.0
2009-04-29,366153412813.0,0.0,40976181300,,4590350415.99,485057018700,18422636700,68158000000.0,978767249513.3,,366153412813.0
2009-05-06,365820019221.0,0.0,41253401400,,4620201987.44,496304798600,18422636700,71474000000.0,993274855920.8,,365820019221.0
2009-05-13,431545313739.0,0.0,41253401400,,4645318180.59,512769798600,18422636700,72955000000.0,1076946150438.7,,431545313739.0
2009-05-20,431480478702.0,0.0,41253401400,,4670543414.55,518924798600,18422636700,76674000000.0,1086755315401.6,,431480478702.0
2009-05-27,427551998991.0,0.0,42803401400,,4893764881.94,534021798600,18422636700,79753000000.0,1102552835690.7,,427551998991.0
2009-06-03,427633005242.0,0.0,42803401400,,4920551392.89,540021798600,18422636700,81971000000.0,1110851841941.7,,427633005242.0
2009-06-10,427416191000.0,0.0,42803401400,,4948315504.66,562515798600,18422636700,86369000000.0,1137527027700.0,,427416191000.0
2009-06-17,455963729563.0,0.0,42803401400,,4976129654.12,572465798600,18422636700,89765000000.0,1179420566263.3,,455963729563.0
2009-06-24,467225594454.0,0.0,42803401400,,5003837073.01,586962798600,18422636700,96626000000.0,1212040431153.8,,467225594454.0
2009-07-01,462444151658.0,0.0,42803401400,,5032128477.75,597211798600,18422636700,97828000000.0,1218709988357.7,,462444151658.0
2009-07-08,462453127053.0,0.0,42803401400,,5063376246.56,607210798600,18422636700,97828000000.0,1228717963752.8,,462453127053.0
2009-07-15,526418383404.0,0.0,42938634200,,5094613793.75,617574565800,18422636700,101701000000.0,1307055220103.7,,526418383404.0
2009-07-22,545465793332.0,0.0,44437634200,,5290793031.62,624574565800,18422636700,102680000000.0,1335580630031.6,,545465793332.0
2009-07-29,542887603898.0,0.0,44437634200,,5323135522.49,627574565800,18422636700,105915000000.0,1339237440598.3,,542887603898.0
2009-08-05,542885487930.0,0.0,44587935400,,5400963762.42,636919264600,18422636700,108066000000.0,1350881324630.3,,542885487930.0
2009-08-12,542885441745.0,0.0,44587935400,,5497837772.59,660465264600,18422636700,110003000000.0,1376364278444.9,,542885441745.0
2009-08-19,609531103604.0,0.0,44587935400,,5594606380.57,667481264600,18422636700,111787000000.0,1451809940304.0,,609531103604.0
2009-08-26,622863797435.0,0.0,44587935400,,5691454811.45,676176264600,18422636700,117392000000.0,1479442634134.5,,622863797435.0
2009-09-02,625253161300.0,0.0,44587935400,,5755291918.32,684075264600,18422636700,119337000000.0,1491675998000.3,,625253161300.0
2009-09-09,625277820101.0,0.0,44587935400,,5736630642.1,689025264600,18422636700,123116000000.0,1500429656801.4,,625277820101.0
2009-09-16,685055754435.0,0.0,44587935400,,5718033616.05,691074264600,18422636700,125159000000.0,1564299591135.4,,685055754435.0
2009-09-23,693594791742.0,0.0,44587935400,,5699449406.48,696923264600,18422636700,129206000000.0,1582734628442.1,,693594791742.0
2009-09-30,692365197600.0,0.0,44587935400,,5680807706.64,700468264600,18422636700,131176000000.0,1587020034300.0,,692365197600.0
2009-10-07,692290716252.0,0.0,44587935400,,5706207871.67,700468264600,18422636700,133811000000.0,1589580552951.7,,692290716252.0
2009-10-14,762989577866.0,0.0,44587935400,,5731683574.08,704717264600,18422636700,136384000000.0,1667101414566.2,,762989577866.0
2009-10-21,776868299757.0,0.0,44642678900,,5757682675.65,704662521100,18422636700,139841000000.0,1684437136457.0,,776868299757.0
2009-10-28,774066265468.0,0.0,44642678900,,5783171253.86,705712521100,18422636700,141601000000.0,1684445102168.4,,774066265468.0
2009-11-04,774393569292.0,0.0,44642678900,,5798287959.04,707648521100,18422636700,146959000000.0,1692066405992.1,,774393569292.0
2009-11-10,775573210761.0,0.0,44642678900,,5805748414.25,707648521100,18422636700,149673000000.0,1695960047461.5,,775573210761.0
2009-11-18,847042163509.0,0.0,44642678900,,5813017688.46,707648521100,18422636700,153049000000.0,1770805000209.0,,847042163509.0
2009-11-25,852124415047.0,0.0,44642678900,,5821423230.34,707648521100,18422636700,155066000000.0,1777904251747.5,,852124415047.0
2009-12-02,852171820413.0,0.0,44642678900,,5828809067.71,707648521100,18422636700,155066000000.0,1777951657112.8,,852171820413.0
2009-12-09,854313393549.0,0.0,44642678900,,5839756103.05,707648521100,18422636700,156145000000.0,1781172230249.2,,854313393549.0
2009-12-16,901230714223.0,0.0,44642678900,,5850718238.51,707648521100,18422636700,157685000000.0,1829629550923.5,,901230714223.0
2009-12-23,910432787025.0,0.0,44642678900,,5861717583.2,707648521100,18422636700,159879000000.0,1841025623725.0,,910432787025.0
2009-12-30,908256909276.0,0.0,44642678900,,5872703339.41,707648521100,18422636700,159879000000.0,1838849745975.5,,908256909276.0
2010-01-06,908736584236.0,0.0,44642678900,,5881179273.88,707648521100,18422636700,159879000000.0,1839329420935.6,,908736584236.0
2010-01-13,968589721023.0,0.0,44642678900,,5889241141.66,707648521100,18422636700,160829000000.0,1900132557723.4,,968589721023.0
2010-01-20,970901303375.0,0.0,43777163100,,5539436989.61,708871742900,18422636700,162203000000.0,1904175846074.6,,970901303375.0
2010-01-27,969727876971.0,0.0,43777163100,,5547279235.08,708871742900,18422636700,163673000000.0,1904472419671.0,,969727876971.0
2010-02-03,970327467810.0,0.0,43777163100,,5542496316.95,708871742900,18422636700,164662000000.0,1906061010509.7,,970327467810.0
2010-02-10,976864637318.0,0.0,43777163100,,5520828045.8,708871742900,18422636700,164948000000.0,1912884180018.2,,976864637318.0
2010-02-17,1025541090573.0,0.0,43777163100,,5499060563.47,708871742900,18422636700,165587000000.0,1962199633273.0,,1025541090573.0
2010-02-24,1032559542928.0,0.0,43777163100,,5477352822.83,708871742900,18422636700,166533000000.0,1970164085627.5,,1032559542928.0
2010-03-03,1026828259038.0,0.0,43777163100,,5481257216.55,708871742900,18422636700,167511000000.0,1965410801737.9,,1026828259038.0
2010-03-10,1029171612699.0,0.0,43777163100,,5519260962.01,708871742900,18422636700,169011000000.0,1969254155398.5,,1029171612699.0
2010-03-17,1066439612058.0,0.0,43777163100,,5557184869.8,708871742900,18422636700,167488000000.0,2004999154758.4,,1066439612058.0
2010-03-24,1073800026611.0,0.0,43777163100,,5595320231.97,708871742900,18422636700,167488000000.0,2012359569311.3,,1073800026611.0
2010-03-31,1068697160746.0,0.0,43777163100,,5633224468.92,708871742900,18422636700,168988000000.0,2008756703446.3,,1068697160746.0
2010-04-07,1068736350132.0,0.0,43777163100,,5636079670.98,708871742900,18422636700,168988000000.0,2008795892831.9,,1068736350132.0
2010-04-14,1101873785633.0,0.0,43777163100,,5638964662.56,708871742900,18422636700,168903000000.0,2041848328333.3,,1101873785633.0
2010-04-21,1101929320232.0,0.0,40890794800,,5143175544.58,712257836100,18422636700,168903000000.0,2042403587831.8,,1101929320232.0
2010-04-28,1096416383052.0,0.0,40890794800,,5145874816.23,712257836100,18422636700,168903000000.0,2036890650651.7,,1096416383052.0
2010-05-05,1097415367095.0,0.0,41125445700,,5177291928.27,712023185200,18422636700,168112000000.0,2037098634694.7,,1097415367095.0
2010-05-12,1098354872711.0,0.0,41125445700,,5220238857.99,712023185200,18422636700,168112000000.0,2038038140310.6,,1098354872711.0
2010-05-19,1119484977338.0,0.0,41125445700,,5263135908.91,712023185200,18422636700,167577000000.0,2058633244938.0,,1119484977338.0
2010-05-26,1112909566587.0,0.0,41125445700,,5305998626.3,712023185200,18422636700,167377000000.0,2051857834187.2,,1112909566587.0
2010-06-02,1113614109452.0,0.0,41125445700,,5342056722.66,712023185200,18422636700,166715000000.0,2051900377051.9,,1113614109452.0
2010-06-09,1113675070310.0,0.0,41125445700,,5360877019.64,712023185200,18422636700,166715000000.0,2051961337909.6,,1113675070310.0
2010-06-16,1127597035686.0,0.0,41125445700,,5379724809.14,712023185200,18422636700,166206000000.0,2065374303285.6,,1127597035686.0
2010-06-23,1128660631454.0,0.0,41125445700,,5398524133.58,712023185200,18422636700,165614000000.0,2065845899054.1,,1128660631454.0
2010-06-30,1118126898666.0,0.0,41125445700,,5417400874.43,712023185200,18422636700,164762000000.0,2054460166266.2,,1118126898666.0
2010-07-07,1118290404931.0,0.0,41125445700,,5425532591.25,712023185200,18422636700,164762000000.0,2054623672531.2,,1118290404931.0
2010-07-14,1128560156668.0,0.0,41125445700,,5433706786.14,712023185200,18422636700,162111000000.0,2062242424267.6,,1128560156668.0
2010-07-21,1124590066972.0,0.0,41128853100,,5441856668.66,712019777800,18422636700,159381000000.0,2055542334572.1,,1124590066972.0
2010-07-28,1117474004455.0,0.0,41128853100,,5449937645.24,712019777800,18422636700,159381000000.0,2048426272054.8,,1117474004455.0
2010-08-04,1117734073797.0,0.0,41128853100,,5447595879.73,712019777800,18422636700,159381000000.0,2048686341396.5,,1117734073797.0
2010-08-11,1119458683554.0,0.0,41128853100,,5437322497.15,712019777800,18422636700,159381000000.0,2050410951154.4,,1119458683554.0
2010-08-18,1113017258306.0,0.0,41128853100,,5427084051.48,714570777800,18422636700,157211000000.0,2044350525906.1,,1113017258306.0
2010-08-25,1103167118833.0,0.0,41128853100,,5416750004.38,719529777800,18422636700,156502000000.0,2038750386433.3,,1103167118833.0
2010-09-01,1103167998061.0,0.0,41660241300,,5427143149.23,720773389600,18422636700,156502000000.0,2040526265660.8,,1103167998061.0
2010-09-08,1103167993284.0,0.0,41660241300,,5429500866.18,724381389600,18422636700,156502000000.0,2044134260883.9,,1103167993284.0
2010-09-15,1092233573468.0,0.0,41768423100,,5431699010.35,729023207800,18422636700,154519000000.0,2035966841067.9,,1092233573468.0
2010-09-22,1091872884598.0,0.0,41768423100,,5434035454.2,739482207800,18422636700,154105000000.0,2045651152197.8,,1091872884598.0
2010-09-29,1078539139889.0,0.0,42318423100,,5485748055.22,745442207800,18422636700,154105000000.0,2038827407489.0,,1078539139889.0
2010-10-06,1078539139889.0,0.0,42318423100,,5498863641.93,752832207800,18422636700,154105000000.0,2046217407489.0,,1078539139889.0
2010-10-13,1078539139889.0,0.0,42318423100,,5513741995.46,754901207800,18422636700,152182000000.0,2046363407489.0,,1078539139889.0
2010-10-20,1065751074920.0,0.0,42318423100,,5528685038.64,765851207800,18422636700,150743000000.0,2043086342519.7,,1065751074920.0
2010-10-27,1051037419028.0,0.0,42978423100,,5605700073.54,770841207800,18422636700,149681000000.0,2032960686628.4,,1051037419028.0
2010-11-03,1051037419028.0,0.0,42978423100,,5617119930.61,774990207800,18422636700,149681000000.0,2037109686628.4,,1051037419028.0
2010-11-10,1051037419028.0,0.0,42978423100,,5624678866.02,786015207800,18422636700,149681000000.0,2048134686628.4,,1051037419028.0
2010-11-17,1038278169674.0,0.0,43246567200,,5630757314.55,806318063700,18422636700,148994000000.0,2055259437274.3,,1038278169674.0
2010-11-24,1037803155768.0,0.0,44875567200,,5812409696.68,832126063700,18422636700,148178000000.0,2081405423368.2,,1037803155768.0
2010-12-01,1022653082138.0,0.0,44875567200,,5820354680.67,848332063700,18422636700,148178000000.0,2082461349738.3,,1022653082138.0
2010-12-08,1022653082138.0,0.0,44875567200,,5834710928.73,880479063700,18422636700,148178000000.0,2114608349738.3,,1022653082138.0
2010-12-15,1008845068087.0,0.0,46505567200,,6046493669.89,896578063700,18422636700,147884000000.0,2118235335686.6,,1008845068087.0
2010-12-22,1008400397703.0,0.0,48124567200,,6162292509.84,934527063700,18422636700,147460000000.0,2156934665300.6,,1008400397703.0
2010-12-29,992141090836.0,0.0,48124567200,,6177536709.27,943377063700,18422636700,147460000000.0,2149525358436.2,,992141090836.0
2011-01-05,992141090836.0,0.0,49742567200,,6265497105.94,956554063700,18422636700,147460000000.0,2164320358436.2,,992141090836.0
2011-01-12,992141090836.0,0.0,49742567200,,6270788713.31,987625063700,18422636700,146331000000.0,2194262358436.2,,992141090836.0
2011-01-19,980156767766.0,0.0,50371567200,,6043928665.57,1004739446200,18422636700,145885000000.0,2199575417865.6,,980156767766.0
2011-01-26,965077202094.0,0.0,50371567200,,6049158346.79,1039604446200,18422636700,144624000000.0,2218099852194.4,,965077202094.0
2011-02-02,965077202098.0,0.0,52365614600,,6161948988.59,1061215398800,18422636700,144624000000.0,2241704852197.9,,965077202098.0
2011-02-09,965077202098.0,0.0,52365614600,,6187108802.5,1090111398800,18422636700,144624000000.0,2270600852197.9,,965077202098.0
2011-02-16,958443790953.0,0.0,53862614600,,6370728249.52,1111685398800,18422636700,144365000000.0,2286779441053.3,,958443790953.0
2011-02-23,958201341773.0,0.0,53862614600,,6396564193.44,1134743398800,18422636700,144119000000.0,2309348991873.0,,958201341773.0
2011-03-02,948932119538.0,0.0,54357006600,,6434059820.31,1157044006800,18422636700,143249000000.0,2322004769638.1,,948932119538.0
2011-03-09,948932119538.0,0.0,55857006600,,6549364367.78,1185240006800,18422636700,143249000000.0,2351700769638.1,,948932119538.0
2011-03-16,944103291347.0,0.0,55857006600,,6616387471.84,1199490006800,18422636700,139994000000.0,2357866941447.0,,944103291347.0
2011-03-23,943847594781.0,0.0,57425006600,,6701904155.06,1222689006800,18422636700,132495000000.0,2374879244880.9,,943847594781.0
2011-03-30,937155054816.0,0.0,58993006600,,6804870093.15,1249224006800,18422636700,132495000000.0,2396289704916.1,,937155054816.0
2011-04-06,937155054816.0,0.0,59486305000,,6883597167.56,1273414708400,18422636700,132495000000.0,2420973704916.1,,937155054816.0
2011-04-13,937155054816.0,0.0,59486305000,,6959909206.81,1289825708400,18422636700,130888000000.0,2435777704916.1,,937155054816.0
2011-04-20,933222373496.0,0.0,56564803000,,6705607187.07,1320800593900,18422636700,128460000000.0,2457470407096.1,,933222373496.0
2011-04-27,927021468229.0,0.0,58064803000,,6939544770.95,1330039593900,18422636700,126186000000.0,2459734501829.1,,927021468229.0
2011-05-04,927021468231.0,0.0,58064803000,,7053271297.26,1358314593900,18422636700,125118000000.0,2486941501829.1,,927021468231.0
2011-05-11,927021468231.0,0.0,59563803000,,7381098955.9,1380841593900,18422636700,125118000000.0,2510967501830.6,,927021468231.0
2011-05-18,923579471531.0,0.0,61003803000,,7741651125.16,1407997593900,18422636700,120758000000.0,2531761505130.9,,923579471531.0
2011-05-25,917855523604.0,0.0,61003803000,,7892061243.39,1432008593900,18422636700,119093000000.0,2548383557204.4,,917855523604.0
2011-06-01,917855523604.0,0.0,61929658500,,8056156245.59,1443827738400,18422636700,119093000000.0,2561128557204.2,,917855523604.0
2011-06-08,917855523604.0,0.0,63369658500,,8333530175.6,1464533738400,18422636700,119093000000.0,2583274557204.2,,917855523604.0
2011-06-15,914506359734.0,0.0,63369658500,,8440945032.46,1485705738400,18422636700,118365000000.0,2600369393334.3,,914506359734.0
2011-06-22,914325643241.0,0.0,65295658500,,8872894731.57,1509371738400,18422636700,118365000000.0,2625780676840.6,,914325643241.0
2011-06-29,908853407575.0,0.0,65295658500,,8983804093.57,1524357738400,18422636700,116704000000.0,2633633441174.7,,908853407575.0
2011-07-06,908853407575.0,0.0,65521019700,,9073584558.68,1531497377200,18422636700,115070000000.0,2639364441174.7,,908853407575.0
2011-07-13,908853407575.0,0.0,65521019700,,9152780121.44,1537317377200,18422636700,115070000000.0,2645184441174.7,,908853407575.0
2011-07-20,904182476904.0,0.0,65521019700,,9231925979.26,1540917377200,18422636700,114036000000.0,2643079510504.3,,904182476904.0
2011-07-27,897284651490.0,0.0,65521019700,,9311026739.21,1544906377200,18422636700,112435000000.0,2638569685089.8,,897284651490.0
2011-08-03,897284651489.0,0.0,65521019700,,9348536735.61,1547626377200,18422636700,112435000000.0,2641289685088.9,,897284651489.0
2011-08-10,897284651489.0,0.0,65948019700,,9428614054.53,1550943377200,18422636700,112435000000.0,2645033685088.9,,897284651489.0
2011-08-17,892569039877.0,0.0,65948019700,,9410379499.62,1553852377200,18422636700,110660000000.0,2641452073476.9,,892569039877.0
2011-08-24,892349749410.0,0.0,65948019700,,9392119429.26,1554672377200,18422636700,109776000000.0,2641168783010.4,,892349749410.0
2011-08-31,884945035708.0,0.0,66754044300,,9481327495.5,1557455352600,18422636700,109776000000.0,2637353069307.9,,884945035708.0
2011-09-07,884945035708.0,0.0,66754044300,,9497028089.79,1560925352600,18422636700,109776000000.0,2640823069307.9,,884945035708.0
2011-09-14,884945035708.0,0.0,66754044300,,9512942739.13,1564270352600,18422636700,109776000000.0,2644168069307.9,,884945035708.0
2011-09-21,879240079867.0,0.0,66754044300,,9528629574.88,1568399352600,18422636700,108268000000.0,2641084113467.4,,879240079867.0
2011-09-28,870883439854.0,0.0,67254044300,,9648646140.95,1569329352600,18422636700,108268000000.0,2634157473454.2,,870883439854.0
2011-10-05,870883439854.0,0.0,67596509800,,9688271034.59,1576076887100,18422636700,108268000000.0,2641247473454.2,,870883439854.0
2011-10-12,870883439854.0,0.0,68965509800,,9949305252.21,1571428887100,18422636700,108268000000.0,2637968473454.2,,870883439854.0
2011-10-19,862075204823.0,0.0,67595509800,,9698438145.48,1574539887100,18422636700,107668000000.0,2630301238423.0,,862075204823.0
2011-10-26,849260966739.0,0.0,67595509800,,9746541625.65,1582246887100,18422636700,107668000000.0,2625194000339.0,,849260966739.0
2011-11-02,849260966786.0,0.0,67861658700,,9797960027.98,1558112738200,18422636700,107668000000.0,2601326000385.8,,849260966786.0
2011-11-09,849260966786.0,0.0,69251658700,,9991925773.13,1570444738200,18422636700,107668000000.0,2615048000385.8,,849260966786.0
2011-11-16,841982716222.0,0.0,67921658700,,9774018245.21,1579717738200,18422636700,107497000000.0,2615541749821.6,,841982716222.0
2011-11-23,841600238090.0,0.0,67921658700,,9801526516.91,1568645738200,18422636700,105909000000.0,2602499271689.9,,841600238090.0
2011-11-30,827051592860.0,0.0,68420060400,,9832430591.66,1575363336500,18422636700,105909000000.0,2595166626459.6,,827051592860.0
2011-12-07,827051592858.0,0.0,68420060400,,9796061103.3,1578395336500,18422636700,105909000000.0,2598198626458.2,,827051592858.0
2011-12-14,858078178107.0,0.0,68468060400,,9689820577.72,1576894336500,18422636700,105909000000.0,2627772211706.8,,858078178107.0
2011-12-21,851725636948.0,0.0,68468060400,,9653456030.76,1587705336461,18422636700,104696000000.0,2631017670509.1,,851725636948.0
2011-12-28,837295492705.0,0.0,68468060400,,9617074184.23,1575584336461,18422636700,103994000000.0,2603764526266.3,,837295492705.0
2012-01-04,837739492150.0,0.0,68468060400,,9592858637.19,1566954336500,18422636700,103994000000.0,2595578525749.8,,837739492150.0
2012-01-11,840274364071.0,0.0,68508060400,,9505237296.64,1554407336461,18422636700,102401000000.0,2584013397632.4,,840274364071.0
2012-01-18,847434055523.0,0.0,68418060400,,9465639751.95,1555200055861,18422636700,101498000000.0,2590972808484.4,,847434055523.0
2012-01-25,835623756114.0,0.0,68418060400,,9450827450.69,1565237055900,18422636700,101498000000.0,2589199509114.0,,835623756114.0
2012-02-01,836012361913.0,0.0,68700326500,,9431296485.92,1565904789800,18422636700,101498000000.0,2590538114913.0,,836012361913.0
2012-02-08,836030381551.0,0.0,67370326500,,9092882722.96,1565805789800,18422636700,101498000000.0,2589127134550.8,,836030381551.0
2012-02-15,847806365295.0,0.0,68760326500,,9158937746.93,1570728789800,18422636700,101498000000.0,2607216118295.4,,847806365295.0
2012-02-22,853044561475.0,0.0,68760326500,,9112454055.16,1560285789800,18422636700,100817000000.0,2601330314475.1,,853044561475.0
2012-02-29,840794977251.0,0.0,68888078400,,9065975481.46,1565224037900,18422636700,100817000000.0,2594146730250.9,,840794977251.0
2012-03-07,840795977000.0,0.0,67558078400,,8869313506.74,1564429037900,18422636700,99803000000.0,2591008730000.0,,840795977000.0
2012-03-14,853884956977.0,0.0,67558078400,,8945162454.16,1564842037900,18422636700,99803000000.0,2604510709977.0,,853884956977.0
2012-03-21,851260349207.0,0.0,68667078400,,9080737549.13,1567314037900,18422636700,98992000000.0,2604656102207.0,,851260349207.0
2012-03-28,836786125976.0,0.0,68667078400,,9157576991.87,1568664037900,18422636700,96478000000.0,2589017878975.6,,836786125976.0
2012-04-04,836793126157.77,0.0,70014078400,,9447260523.73,1571487037900,18422636700,96478000000.0,2593194879157.77,,836793126157.77
2012-04-11,836793125911.0,0.0,68754078400,,9206420788.58,1584710037900,18422636700,96478000000.0,2605157878911.1,,836793125911.0
2012-04-18,855361047588.0,0.0,67235973400,,9104372511.41,1577378252800,18422636700,95200000000.0,2613597910488.0,,855361047588.0
2012-04-25,847796305945.0,0.0,67235973400,,9182522516.26,1572925252800,18422636700,94571000000.0,2600951168845.1,,847796305945.0
2012-05-02,847820303003.0,0.0,67665851300,,9277127013.87,1572264374900,18422636700,94571000000.0,2600744165903.1,,847820303003.0
2012-05-09,847826302745.0,0.0,66325851300,,9167777815.95,1572022374900,18422636700,94571000000.0,2599168165644.8,,847826302745.0
2012-05-16,858228906377.0,0.0,67653851300,,9391615886.47,1561325374900,18422636700,94166000000.0,2599796769276.6,,858228906377.0
2012-05-23,864985369219.0,0.0,67653851300,,9523349201.35,1561224374900,18422636700,93252000000.0,2605538232118.8,,864985369219.0
2012-05-30,851749604926.0,0.0,67653851300,,9654946746.42,1560943374900,18422636700,93252000000.0,2592021467825.8,,851749604926.0
2012-06-06,851758604859.0,0.0,67654025500,,9720472557.06,1568495200700,18422636700,93252000000.0,2599582467759.2,,851758604859.0
2012-06-13,867934494354.0,0.0,66570025500,,9547280498.87,1565618200700,18422636700,93252000000.0,2611797357253.7,,867934494354.0
2012-06-20,868038197560.0,0.0,67915025500,,9780415501.27,1567459200700,18422636700,91484000000.0,2613319060460.3,,868038197560.0
2012-06-27,854979258402.0,0.0,67915025500,,9835143884.24,1570357200700,18422636700,91484000000.0,2603158121301.9,,854979258402.0
2012-07-03,855030206392.0,0.0,67915025500,,9846871931.16,1570190200700,18422636700,91484000000.0,2603042069292.3,,855030206392.0
2012-07-11,855054201475.0,0.0,69237025500,,9977623838.21,1568781200700,14641090700,91484000000.0,2599197518375.0,,855054201475.0
2012-07-18,863015156136.0,0.0,69085631500,,9914450848.9,1561337556700,8356019000,91029000000.0,2592823363336.2,,863015156136.0
2012-07-25,853362386959.0,0.0,69085631500,,9893555842.92,1566514556700,5937991000,91029000000.0,2585929566158.8,,853362386959.0
2012-08-01,853478386789.0,0.0,69085631500,,9871821355.53,1570336270200,0,91029000000.0,2583929288489.4,,853478386789.0
2012-08-08,853493387001.0,0.0,69085631500,,9845662396.34,1573484270200,0,91029000000.0,2587092288701.4,,853493387001.0
2012-08-15,854154758088.0,0.0,70434631500,,10018131786.84,1565907050200,0,89101000000.0,2579597439788.0,,854154758088.0
2012-08-22,859310286133.0,0.0,70434631500,,9991436652.26,1556726050200,0,87210000000.0,2573680967832.9,,859310286133.0
2012-08-29,843596548001.0,0.0,70434631500,,9964796810.24,1559014050200,0,87210000000.0,2560255229700.7,,843596548001.0
2012-09-05,843709540075.0,0.0,70434631500,,9935267396.38,1568491796600,0,87210000000.0,2569845968175.2,,843709540075.0
2012-09-12,843729538289.0,0.0,71783631500,,10027386391.53,1569039796600,0,87210000000.0,2571762966389.3,,843729538289.0
2012-09-19,850141807935.0,0.0,71783631500,,9996279430.09,1564318453700,0,87098000000.0,2573341893134.7,,850141807935.0
2012-09-26,834978644214.0,0.0,71783631500,,9965121011.57,1566654453700,0,83405000000.0,2556821729413.8,,834978644214.0
2012-10-03,834991580608.0,0.0,71783631500,,9991283800.08,1571169070000,0,83405000000.0,2561349282108.2,,834991580608.0
2012-10-10,835004533554.0,0.0,71783631500,,10094090274.72,1571859070000,0,82746000000.0,2561393235054.0,,835004533554.0
2012-10-17,862304433876.0,0.0,73033631500,,10354163302.35,1575696069800,0,82746000000.0,2593780135176.5,,862304433876.0
2012-10-24,868069036040.0,0.0,71943631500,,10268678493.89,1564312069800,0,82746000000.0,2587070737340.3,,868069036040.0
2012-10-31,852038538169.0,0.0,71943631500,,10371472113.71,1563018724200,0,81902000000.0,2568902893869.1,,852038538169.0
2012-11-07,852062537980.0,0.0,71943631500,,10457216170.41,1568887724200,0,81902000000.0,2574795893680.0,,852062537980.0
2012-11-14,889020319995.0,0.0,73343631500,,10675580613.86,1572813724200,0,81902000000.0,2617079675695.0,,889020319995.0
2012-11-21,900582878975.0,0.0,73343631500,,10775369688.66,1566369541800,0,79283000000.0,2619579052274.7,,900582878975.0
2012-11-28,883538793586.0,0.0,73343631500,,10850173311.21,1562451541800,0,79283000000.0,2598616966885.7,,883538793586.0
2012-12-05,883645790551.0,0.0,73343631500,,10869818856.34,1569379185000,0,79283000000.0,2605651607051.4,,883645790551.0
2012-12-12,928801445033.0,0.0,74739631500,,10953060113.82,1575114185000,0,79283000000.0,2657938261533.1,,928801445033.0
2012-12-19,933391148401.0,0.0,74739631500,,10945377847.92,1573166049800,0,79283000000.0,2660579829700.6,,933391148401.0
2012-12-26,926558157820.0,0.0,74739631500,,10937939564.49,1571252049800,0,76783000000.0,2649332839120.3,,926558157820.0
2013-01-02,926691158750.0,0.0,74739631500,,10906296160.42,1580472249400,0,76783000000.0,2658686039650.0,,926691158750.0
2013-01-09,926712155467.0,0.0,74739631500,,10814688048.65,1590752249400,0,76361000000.0,2668565036366.8,,926712155467.0
2013-01-16,947607862329.0,0.0,74739631500,,10723013886.71,1603423156400,0,75111000000.0,2700881650229.2,,947607862329.0
2013-01-23,983174281291.0,0.0,76129631500,,10742098910.04,1609819156400,0,75111000000.0,2744234069191.3,,983174281291.0
2013-01-30,965783875515.0,0.0,76129631500,,10648767837.83,1623279156400,0,75111000000.0,2740303663415.5,,965783875515.0
2013-02-06,965882875416.0,0.0,76129631500,,10585456524.42,1630466744600,0,75111000000.0,2747590251516.4,,965882875416.0
2013-02-13,1009665924802.0,0.0,77498631500,,10580852512.45,1640397744600,0,74613000000.0,2802175300901.6,,1009665924802.0
2013-02-20,1032711712815.0,0.0,77498631500,,10521266915.9,1648436322000,0,74613000000.0,2833259666314.8,,1032711712815.0
2013-02-27,1015914005565.0,0.0,77498631500,,10461937600.22,1661584322000,0,73588000000.0,2828584959065.0,,1015914005565.0
2013-03-06,1015942840267.0,0.0,77498631500,,10503807670.19,1673761035200,0,73588000000.0,2840790506967.2,,1015942840267.0
2013-03-13,1060868784412.0,0.0,78878631500,,10742043889.35,1680366035200,0,73588000000.0,2893701451112.3,,1060868784412.0
2013-03-20,1085507308409.0,0.0,78878631500,,10801842378.0,1694971791900,0,72423000000.0,2931780731809.4,,1085507308409.0
2013-03-27,1070931911418.0,0.0,78878631500,,10861570811.69,1704718791900,0,72423000000.0,2926952334818.2,,1070931911418.0
2013-04-03,1070973863157.0,0.0,78878631500,,10969279928.08,1715791176800,0,72423000000.0,2938066671457.2,,1070973863157.0
2013-04-10,1071083665977.0,0.0,80277631500,,11540578565.36,1722664176800,0,72053000000.0,2946078474277.0,,1071083665977.0
2013-04-17,1126118681680.0,0.0,80276973800,,11715641329.66,1733049018300,0,72053000000.0,3011497673780.1,,1126118681680.0
2013-04-24,1136006964117.0,0.0,80276973800,,11890504290.22,1744060018300,0,72053000000.0,3032396956217.2,,1136006964117.0
2013-05-01,1121534640690.0,0.0,80276973800,,12048255367.8,1755657984200,0,72053000000.0,3029522598690.0,,1121534640690.0
2013-05-08,1121551636768.0,0.0,80276973800,,12102814885.86,1761953984200,0,72053000000.0,3035835594767.5,,1121551636768.0
2013-05-15,1150494228270.0,0.0,81645973800,,12513014103.82,1770349418700,0,72053000000.0,3074542620769.7,,1150494228270.0
2013-05-22,1178785252726.0,0.0,81645973800,,12568613133.79,1782939418700,0,72053000000.0,3115423645226.4,,1178785252726.0
2013-05-29,1164933852827.0,0.0,81645973800,,12624124177.03,1789288418700,0,70890000000.0,3106758245326.5,,1164933852827.0
2013-06-05,1164990791886.0,0.0,81645973800,,12623616729.19,1803740033200,0,70890000000.0,3121266798885.9,,1164990791886.0
2013-06-12,1165007791383.0,0.0,83025973800,,12635656271.9,1810417033200,0,70890000000.0,3129340798382.8,,1165007791383.0
2013-06-19,1208980627329.0,0.0,83025973800,,12612432951.83,1823067261700,0,70658000000.0,3185731862829.3,,1208980627329.0
2013-06-26,1208115649215.0,0.0,83025973800,,12589343228.75,1832800261700,0,70658000000.0,3194599884715.0,,1208115649215.0
2013-07-03,1208135647839.0,0.0,83025973800,,12592328475.98,1847054135300,0,69180000000.0,3207395756938.6,,1208135647839.0
2013-07-10,1208151647478.0,0.0,83025973800,,12630936756.59,1856872135300,0,69180000000.0,3217229756577.7,,1208151647478.0
2013-07-17,1234537182455.0,0.0,84405973800,,12860146897.5,1864405196900,0,66521000000.0,3249869353155.4,,1234537182455.0
2013-07-24,1260928065891.0,0.0,84405973800,,12899252718.64,1872698196900,0,66521000000.0,3284553236591.1,,1260928065891.0
2013-07-31,1246964091085.0,0.0,84405973800,,12938259677.73,1885062623400,0,66521000000.0,3282953688284.9,,1246964091085.0
2013-08-07,1246964086318.0,0.0,84405973800,,12991150863.03,1895977623400,0,66521000000.0,3293868683518.0,,1246964086318.0
2013-08-14,1299830964028.0,0.0,85818973800,,13073872705.13,1902200623400,0,65713000000.0,3353563561228.3,,1299830964028.0
2013-08-21,1303188526489.0,0.0,85818973800,,13127586507.59,1913222379900,0,65713000000.0,3367942880189.2,,1303188526489.0
2013-08-28,1291341091221.0,0.0,85818973800,,13181218279.69,1924609379900,0,65713000000.0,3367482444921.1,,1291341091221.0
2013-09-04,1291395090332.0,0.0,85818973800,,13209309116.54,1934262118500,0,65713000000.0,3377189182632.4,,1291395090332.0
2013-09-11,1291478090530.0,0.0,87208973800,,13311694901.44,1940567118500,0,64216000000.0,3383470182830.3,,1291478090530.0
2013-09-18,1339771052363.0,0.0,87208973800,,13320776636.06,1951525118400,0,63652000000.0,3442157144562.6,,1339771052363.0
2013-09-25,1342004140735.0,0.0,87208973800,,13329957459.6,1961465118400,0,63652000000.0,3454330232934.7,,1342004140735.0
2013-10-02,1342133138386.0,0.0,87208973800,,13344634006.09,1976373607100,0,60652000000.0,3466367719286.4,,1342133138386.0
2013-10-09,1342159138397.0,0.0,87208973800,,13371725044.91,1986160607100,0,60652000000.0,3476180719297.2,,1342159138397.0
2013-10-16,1387748244562.0,0.0,88588973800,,13521795947.91,1992923394900,0,60165000000.0,3529425613262.4,,1387748244562.0
2013-10-23,1400670873317.0,0.0,88588973800,,13549396047.07,2004336394900,0,59080000000.0,3552676242017.3,,1400670873317.0
2013-10-30,1393687285425.0,0.0,88588973800,,13577082205.94,2015584394900,0,59080000000.0,3556940654124.8,,1393687285425.0
2013-11-06,1393694285164.0,0.0,88588973800,,13604921975.4,2023358289300,0,59080000000.0,3564721548263.7,,1393694285164.0
2013-11-13,1434553167040.0,0.0,88588973800,,13632530873.01,2034815289300,0,59080000000.0,3617037430140.1,,1434553167040.0
2013-11-20,1433885697501.0,0.0,89978973800,,13712821572.8,2047265353900,0,58372000000.0,3629502025200.5,,1433885697501.0
2013-11-27,1439854136445.0,0.0,89978973800,,13744890657.95,2059942353900,0,58372000000.0,3648147464144.6,,1439854136445.0
2013-12-04,1439864136333.0,0.0,89978973800,,13718537012.87,2066090286400,0,58372000000.0,3654305396533.1,,1439864136333.0
2013-12-11,1482966222693.0,0.0,91378973800,,13700189513.03,2080640286400,0,57221000000.0,3712206482892.8,,1482966222693.0
2013-12-18,1485406510551.0,0.0,91378973800,,13639072438.19,2092273831800,0,57221000000.0,3726280316150.6,,1485406510551.0
2013-12-24,1496943056723.0,0.0,91378973800,,13577973395.52,2103871831800,0,57221000000.0,3749414862323.4,,1496943056723.0
2013-12-31,1490161804128.0,0.0,91378973800,,13525446149.79,2103870912500,0,57221000000.0,3742632690427.8,,1490161804128.0
2014-01-08,1490166691359.0,0.0,91378973800,,13470211639.35,2108074912500,0,55657000000.0,3745277577659.5,,1490166691359.0
2014-01-15,1525204428524.0,0.0,92614973800,,13444195498.65,2114893636100,0,54911000000.0,3787624038424.3,,1525204428524.0
2014-01-22,1539466973054.0,0.0,92614973800,,13395198195.21,2125419636100,0,54911000000.0,3812412582953.6,,1539466973054.0
2014-01-29,1532223677563.0,0.0,92614973800,,13346261702.12,2137214636100,0,54911000000.0,3816964287463.1,,1532223677563.0
2014-02-05,1532230677563.0,0.0,92614973800,,13330594337.24,2147027669700,0,51411000000.0,3823284321062.9,,1532230677563.0
2014-02-12,1532241677264.0,0.0,93582973800,,13346731358.97,2154169669700,0,51411000000.0,3831405320763.9,,1532241677264.0
2014-02-19,1568685535863.0,0.0,93582973800,,13344280716.65,2160945023000,0,51411000000.0,3874624532663.2,,1568685535863.0
2014-02-26,1570066504656.0,0.0,93582973800,,13341922087.47,2171331023000,0,51411000000.0,3886391501455.6,,1570066504656.0
2014-03-05,1570118503266.0,0.0,93608257500,,13405512670.18,2181438739300,0,51411000000.0,3896576500065.9,,1570118503266.0
2014-03-12,1570128503010.0,0.0,93608257500,,13495467526.36,2188834739300,0,51411000000.0,3903982499809.5,,1570128503010.0
2014-03-19,1602984154243.0,0.0,94565257500,,13804646893.9,2197424739300,0,47343000000.0,3942317151042.5,,1602984154243.0
2014-03-26,1603103964065.0,0.0,94565257500,,13895535357.12,2203077739300,0,47343000000.0,3948089960865.1,,1603103964065.0
2014-04-02,1603107963862.0,0.0,94565257500,,13987204502.16,2212100262400,0,47343000000.0,3957116483762.1,,1603107963862.0
2014-04-09,1603107963831.0,0.0,95389257500,,14210657575.45,2216485262400,0,47343000000.0,3962325483730.9,,1603107963831.0
2014-04-16,1632629400320.0,0.0,95389037400,,14305125249.74,2226297045000,0,46594000000.0,4000909482719.8,,1632629400320.0
2014-04-23,1639134300796.0,0.0,95389037400,,14399448818.47,2231979045000,0,44965000000.0,4011467383195.8,,1639134300796.0
2014-04-30,1631874947133.0,0.0,95389037400,,14494057071.15,2240388848800,0,44965000000.0,4012617833333.3,,1631874947133.0
2014-05-07,1631874946714.0,0.0,95389037400,,14653873957.07,2244872848800,0,44965000000.0,4017101832913.6,,1631874946714.0
2014-05-14,1656029649934.0,0.0,96068037400,,14888323389.04,2250371848800,0,44965000000.0,4047434536133.6,,1656029649934.0
2014-05-21,1655815144382.0,0.0,96068037400,0.0,15049228797.46,2256118556800,0,44082000000.0,4052083738582.4,2367235822997.46,1655815144382.0
2014-05-28,1647981821803.0,0.0,96068037400,0.0,15210115824.73,2259445556800,0,44082000000.0,4047577416003.4,2370723710024.73,1647981821803.0
2014-06-04,1647982821594.0,0.0,96068037400,0.0,15328091097.25,2266789556800,0,44082000000.0,4054922415793.5,2378185685297.25,1647982821594.0
2014-06-11,1648002821338.0,0.0,96068037400,0.0,15413543448.05,2274319556800,0,44082000000.0,4062472415537.6,2385801137648.05,1648002821338.0
2014-06-18,1668385963522.0,0.0,96771037400,0.0,15628373514.69,2279077556800,0,43659000000.0,4087893557721.6,2391476967714.69,1668385963522.0
2014-06-25,1663896913771.0,0.0,96771037400,0.0,15714777427.64,2284486556800,0,43659000000.0,4088813507970.9,2396972371627.64,1663896913771.0
2014-07-02,1663900912596.0,0.0,96771037400,0.0,15801788707.18,2292003724600,0,43659000000.0,4096334674595.9,2404576550707.18,1663900912596.0
2014-07-09,1663900912598.0,0.0,96771037400,0.0,15890450600.31,2295844724600,0,43659000000.0,4100175674598.3,2408506212600.31,1663900912598.0
2014-07-16,1676976096912.0,0.0,97327037400,0.0,16034253391.49,2296977724600,0,42650000000.0,4113930858911.9,2410339015391.49,1676976096912.0
2014-07-23,1684264854755.0,0.0,97327037400,0.0,16123374266.22,2300165724600,0,42650000000.0,4124407616755.5,2413616136266.22,1684264854755.0
2014-07-30,1674363288516.0,0.0,97327037400,0.0,16212464250.24,2306745724600,0,42127000000.0,4120563050516.0,2420285226250.24,1674363288516.0
2014-08-06,1674363288528.0,0.0,97331910300,4873000.0,16266362225.04,2308962978700,0,42127000000.0,4122790050527.7,2422566124225.04,1674363288528.0
2014-08-13,1688571150165.0,0.0,97331910300,4873000.0,16314066064.24,2313995978700,0,41562000000.0,4141465912165.3,2427646828064.24,1688571150165.0
2014-08-20,1681901263495.0,0.0,97754910300,4873000.0,16470032238.69,2317165272700,0,41562000000.0,4138388319494.8,2431395088238.69,1681901263495.0
2014-08-27,1678312026677.0,0.0,97754910300,4873000.0,16518080543.12,2321654272700,0,41562000000.0,4139288082676.5,2435932136543.12,1678312026677.0
2014-09-03,1678316026806.0,0.0,97754910300,4873000.0,16540872606.92,2322685272700,0,41562000000.0,4140323082805.9,2436985928606.92,1678316026806.0
2014-09-10,1678322017252.0,0.0,97754910300,4873000.0,16530594512.87,2326346272700,0,41562000000.0,4143990073252.1,2440636650512.87,1678322017252.0
2014-09-17,1700497297405.0,0.0,98187910300,4873000.0,16580510901.33,2331798272700,0,40006000000.0,4170494353405.1,2446571566901.33,1700497297405.0
2014-09-24,1706282030869.0,0.0,98187910300,4873000.0,16570094186.39,2333862272700,0,40006000000.0,4178343086869.3,2448625150186.39,1706282030869.0
2014-10-01,1696423697609.0,0.0,98187910300,4873000.0,16554848155.23,2336988756300,0,40006000000.0,4171611237208.7,2451736387755.23,1696423697609.0
2014-10-08,1696425697603.0,0.0,98468910300,4873000.0,16527935779.37,2339455756300,0,40006000000.0,4174361237203.1,2454457475379.37,1696425697603.0
2014-10-15,1713478428546.0,0.0,98468910300,4873000.0,16484490646.3,2340386756300,0,39700000000.0,4192038968146.1,2455345030246.3,1713478428546.0
2014-10-22,1715444800723.0,0.0,98468910300,4873000.0,16441183302.34,2344281756300,0,39700000000.0,4197900340322.7,2459196722902.34,1715444800723.0
2014-10-29,1717887511792.0,0.0,98468910300,4873000.0,16397646107.66,2346708756300,0,39700000000.0,4202770051391.7,2461580185707.66,1717887511792.0
2014-11-05,1717895511761.0,0.0,98468910300,4873000.0,16399675956.28,2346707963600,0,39700000000.0,4202777258660.7,2461581422856.28,1717895511761.0
2014-11-12,1717895507537.0,0.0,98468910300,4873000.0,16419947944.34,2346707963600,0,39700000000.0,4202777254437.5,2461601694844.34,1717895507537.0
2014-11-19,1734888503570.0,0.0,98468910300,4873000.0,16440085913.32,2346707963600,0,39700000000.0,4219770250470.3,2461621832813.32,1734888503570.0
2014-11-26,1729789998214.0,0.0,98468910300,4873000.0,16463206442.17,2346707963600,0,38677000000.0,4213648745113.6,2461644953342.17,1729789998214.0
2014-12-03,1729803997814.0,0.0,98468910300,4873000.0,16443853902.05,2346707741000,0,38677000000.0,4213662522113.8,2461625378202.05,1729803997814.0
2014-12-10,1729816001073.0,0.0,98468910300,4873000.0,16378584102.19,2346707741000,0,38677000000.0,4213674525373.1,2461560108402.19,1729816001073.0
2014-12-17,1741957124064.0,0.0,98468910300,4873000.0,16313545843.39,2346707607000,0,38677000000.0,4225815514364.5,2461494936143.39,1741957124064.0
2014-12-24,1747376592518.0,0.0,98468910300,4873000.0,16238898418.62,2346707607000,0,38677000000.0,4231234982817.6,2461420288718.62,1747376592518.0
2014-12-31,1736832491377.0,0.0,98468910300,4873000.0,16183056701.05,2346706833800,0,38677000000.0,4220690108476.8,2461363673801.05,1736832491377.0
2015-01-07,1736838932766.0,0.0,98468910300,4873000.0,16043324663.63,2346706833800,0,38677000000.0,4220696549866.0,2461223941763.63,1736838932766.0
2015-01-14,1751733533508.0,0.0,98468910300,4873000.0,15903601243.96,2346706833800,0,38677000000.0,4235591150607.6,2461084218343.96,1751733533508.0
2015-01-21,1750532479320.0,0.0,98468910300,4873000.0,15763831613.46,2346706687800,0,37588000000.0,4233300950420.5,2460944302713.46,1750532479320.0
2015-01-28,1738671947083.0,0.0,98468910300,4873000.0,15623898921.21,2346706687800,0,37588000000.0,4221440418182.7,2460804370021.21,1738671947083.0
2015-02-04,1738679945781.0,0.0,98468910300,4873000.0,15471737188.59,2346706295400,0,37588000000.0,4221448024481.2,2460651815888.59,1738679945781.0
2015-02-11,1738695924762.0,0.0,98468910300,4873000.0,15309964349.63,2346706295400,0,36877000000.0,4220753003461.9,2460490043049.63,1738695924762.0
2015-02-18,1749026676689.0,0.0,98468910300,4873000.0,15148335130.58,2346706295400,0,36877000000.0,4231083755389.2,2460328413830.58,1749026676689.0
2015-02-25,1740207570123.0,0.0,98468910300,4873000.0,14986658894.93,2346706295400,0,36877000000.0,4222264648823.2,2460166737594.93,1740207570123.0
2015-03-04,1740224804769.0,0.0,98468910300,4873000.0,14848553205.36,2346706071100,0,36877000000.0,4222281659168.9,2460028407605.36,1740224804769.0
2015-03-11,1740251779577.0,0.0,98468910300,4873000.0,14728054965.72,2346706071100,0,36877000000.0,4222308633976.7,2459907909365.72,1740251779577.0
2015-03-18,1745914073909.0,0.0,98468910300,4873000.0,14607671654.84,2346705148900,0,36877000000.0,4227970006108.6,2459786603854.84,1745914073909.0
2015-03-25,1731908776413.0,0.0,98468910300,4873000.0,14487203347.66,2346705148900,0,36877000000.0,4213964708612.8,2459666135547.66,1731908776413.0
2015-04-01,1731928410024.0,0.0,98468910300,4873000.0,14400260180.26,2346704409600,0,36877000000.0,4213983602923.6,2459578453080.26,1731928410024.0
2015-04-08,1731930405766.0,0.0,98468910300,4873000.0,14514610656.09,2346704409600,0,36877000000.0,4213985598665.5,2459692803556.09,1731930405766.0
2015-04-15,1734434265594.0,0.0,98468259400,4873000.0,14628987304.56,2346703743400,0,35895000000.0,4215506141394.0,2459805863104.56,1734434265594.0
2015-04-22,1737069709211.0,0.0,98468259400,4873000.0,14743258994.51,2346703743400,0,35895000000.0,4218141585011.5,2459920134794.51,1737069709211.0
2015-04-29,1718849861348.0,0.0,98468259400,4873000.0,14857597347.39,2346703743400,0,35895000000.0,4199921737148.2,2460034473147.39,1718849861348.0
2015-05-06,1718859772363.0,0.0,98534104200,59743800.0,15004771448.92,2346583027800,0,35895000000.0,4199931648163.3,2460181647248.92,1718859772363.0
2015-05-13,1743839777055.0,0.0,98534104200,59743800.0,15157162327.48,2346583027800,0,35895000000.0,4224911652855.0,2460334038127.48,1743839777055.0
2015-05-20,1737462574257.0,0.0,98534104200,59743800.0,15309462036.66,2346583027800,0,35895000000.0,4218534450056.7,2460486337836.66,1737462574257.0
2015-05-27,1722434155205.0,0.0,98534104200,59743800.0,15461916970.58,2346583027800,0,35895000000.0,4203506031004.9,2460638792770.58,1722434155205.0
2015-06-03,1722436005975.0,0.0,98534104200,59743800.0,15572211775.09,2346582825400,0,35895000000.0,4203507679374.8,2460748885175.09,1722436005975.0
2015-06-10,1722437009115.0,0.0,98534104200,59743800.0,15626313054.95,2346582825400,0,35895000000.0,4203508682515.1,2460802986454.95,1722437009115.0
2015-06-17,1740877141501.0,0.0,98534104200,59743800.0,15680548157.09,2346582468600,0,35895000000.0,4221948458101.2,2460856864757.09,1740877141501.0
2015-06-24,1746393088225.0,0.0,98534104200,59743800.0,15734541014.68,2346582468600,0,35895000000.0,4227464404825.0,2460910857614.68,1746393088225.0
2015-07-01,1732060388572.0,0.0,98534104200,59743800.0,15799723766.95,2346581744200,0,35895000000.0,4213130980772.2,2460975315966.95,1732060388572.0
2015-07-08,1732060399997.0,0.0,98534104200,59743800.0,15931394527.58,2346581744200,0,35895000000.0,4213130992197.0,2461106986727.58,1732060399997.0
2015-07-15,1743807393863.0,0.0,98534104200,59743800.0,16062827308.67,2346581744200,0,35895000000.0,4224877986063.4,2461238419508.67,1743807393863.0
2015-07-22,1749460353172.0,0.0,98534104200,59743800.0,16194476094.63,2346581744200,0,35093000000.0,4229728945371.5,2461370068294.63,1749460353172.0
2015-07-29,1734833937704.0,0.0,98534104200,59743800.0,16326157479.85,2346581744200,0,35093000000.0,4215102529904.2,2461501749679.85,1734833937704.0
2015-08-05,1734860936103.0,0.0,98534104200,59743800.0,16428632788.95,2346580796200,0,35093000000.0,4215128580302.7,2461603276988.95,1734860936103.0
2015-08-12,1734883917340.0,0.0,98534104200,59743800.0,16519416433.92,2346580796200,0,35093000000.0,4215151561539.7,2461694060633.92,1734883917340.0
2015-08-19,1748074695820.0,0.0,98534104200,59743800.0,16610319608.33,2346580796200,0,35093000000.0,4228342340020.2,2461784963808.33,1748074695820.0
2015-08-26,1736611827701.0,0.0,98534104200,59743800.0,16701147843.9,2346580796200,0,35093000000.0,4216879471901.4,2461875792043.9,1736611827701.0
2015-09-02,1736683816618.0,0.0,98534104200,59743800.0,16766607740.42,2346580370800,0,35093000000.0,4216951035418.0,2461940826540.42,1736683816618.0
2015-09-09,1736705803586.0,0.0,98534104200,59743800.0,16768518383.8,2346580370800,0,35093000000.0,4216973022386.4,2461942737183.8,1736705803586.0
2015-09-16,1745119434096.0,0.0,98534104200,59743800.0,16770121683.72,2346580370800,0,35093000000.0,4225386652896.0,2461944340483.72,1745119434096.0
2015-09-23,1752619040279.0,0.0,98534104200,59743800.0,16771989874.53,2346580370800,0,35093000000.0,4232886259078.8,2461946208674.53,1752619040279.0
2015-09-30,1741233359690.0,0.0,98534104200,59743800.0,16773940681.89,2346579712700,0,35093000000.0,4221499920390.4,2461947501381.89,1741233359690.0
2015-10-07,1741249359415.0,0.0,98534104200,59743800.0,16736975452.21,2346579712700,0,35093000000.0,4221515920114.7,2461910536152.21,1741249359415.0
2015-10-14,1756488265834.0,0.0,98534104200,59743800.0,16700000522.34,2346579712700,0,35093000000.0,4236754826534.2,2461873561222.34,1756488265834.0
2015-10-21,1755196961971.0,0.0,98534104200,59743800.0,16663194503.58,2346579712700,0,34146000000.0,4234516522671.2,2461836755203.58,1755196961971.0
2015-10-28,1744091371418.0,0.0,98534104200,59743800.0,16626359227.73,2346579712700,0,34146000000.0,4223410932118.4,2461799919927.73,1744091371418.0
2015-11-04,1744102371055.0,0.0,98534104200,59743800.0,16586705599.23,2346579238200,0,34146000000.0,4223421457255.1,2461759791799.23,1744102371055.0
2015-11-10,1744102895810.0,0.0,98534104200,59743800.0,16544807905.27,2346579238200,0,34146000000.0,4223421982010.1,2461717894105.27,1744102895810.0
2015-11-18,1753503188165.0,0.0,98534104200,59743800.0,16502910914.13,2346579238200,0,32944000000.0,4231620274365.1,2461675997114.13,1753503188165.0
2015-11-25,1744789362596.0,0.0,98534104200,59743800.0,16455215908.75,2346579238200,0,32944000000.0,4222906448796.2,2461628302108.75,1744789362596.0
2015-12-02,1744789362156.0,0.0,98534104200,59743800.0,16427823681.7,2346579113600,0,32944000000.0,4222906323755.8,2461600785281.7,1744789362156.0
2015-12-09,1744796362811.0,0.0,98534104200,59743800.0,16416227990.34,2346579113600,0,32944000000.0,4222913324410.5,2461589189590.34,1744796362811.0
2015-12-16,1753156715943.0,0.0,98534104200,59743800.0,16404575538.15,2346579113600,0,32944000000.0,4231273677543.3,2461577537138.15,1753156715943.0
2015-12-23,1757757418125.0,0.0,98534104200,59743800.0,16393013679.02,2346579113600,0,32944000000.0,4235874379725.5,2461565975279.02,1757757418125.0
2015-12-30,1747466705998.0,0.0,98534104200,59743800.0,16381269820.15,2346579113600,0,32944000000.0,4225583667597.6,2461554231420.15,1747466705998.0
2016-01-06,1747466705145.0,0.0,98534104200,59743800.0,16332709024.42,2346578760300,0,32944000000.0,4225583313444.8,2461505317324.42,1747466705145.0
2016-01-13,1760601589349.0,0.0,98534104200,59743800.0,16277738627.49,2346578760300,0,32944000000.0,4238718197649.0,2461450346927.49,1760601589349.0
2016-01-20,1750275340882.0,0.0,98534104200,59743800.0,16222994059.24,2346578760300,0,31318000000.0,4226765949181.8,2461395602359.24,1750275340882.0
2016-01-27,1744179049966.0,0.0,98534104200,59743800.0,16168418609.04,2346578760300,0,31318000000.0,4220669658265.8,2461341026909.04,1744179049966.0
2016-02-03,1744179049939.0,0.0,98534104200,332806100.0,16096557747.88,2346305698000,0,31318000000.0,4220669658239.2,2461269166047.88,1744179049939.0
2016-02-10,1744180049839.0,0.0,98534104200,332806100.0,16001771200.98,2346305698000,0,31318000000.0,4220670658138.7,2461174379500.98,1744180049839.0
2016-02-17,1756771272549.0,0.0,98534104200,332806100.0,15907473851.84,2346305698000,0,31318000000.0,4233261880848.7,2461080082151.84,1756771272549.0
2016-02-24,1760917743105.0,0.0,98534104200,332806100.0,15812815561.91,2346531698000,0,31318000000.0,4237634351405.3,2461211423861.91,1760917743105.0
2016-03-02,1751828939671.0,0.0,100880137200,332806100.0,15753409579.71,2344185665000,0,31318000000.0,4228545547971.3,2461152017879.71,1751828939671.0
2016-03-09,1751829939995.0,0.0,100880137200,332806100.0,15797127535.88,2344185665000,0,31318000000.0,4228546548295.3,2461195735835.88,1751829939995.0
2016-03-16,1758082299865.0,0.0,100880137200,332806100.0,15840649308.73,2344185665000,0,29257000000.0,4232737908165.1,2461239257608.73,1758082299865.0
2016-03-23,1762933331310.0,0.0,100880137200,332806100.0,15884080800.32,2344185665000,0,29257000000.0,4237588939610.4,2461282689100.32,1762933331310.0
2016-03-30,1753082261118.0,0.0,100880137200,332806100.0,15927706417.79,2344185665000,0,29257000000.0,4227737869418.3,2461326314717.79,1753082261118.0
2016-04-06,1753087260942.0,0.0,103500934600,332806100.0,15945938091.12,2341564867600,0,29257000000.0,4227742869241.5,2461344546391.12,1753087260942.0
2016-04-13,1766123100464.0,0.0,103500934600,332806100.0,15968896988.83,2341564867600,0,29257000000.0,4240778708763.9,2461367505288.83,1766123100464.0
2016-04-20,1759617069747.0,0.0,103133910000,332806100.0,15964592925.24,2341958956500,0,27096000000.0,4232138742347.3,2461390265525.24,1759617069747.0
2016-04-27,1744826099883.0,0.0,103133910000,332806100.0,15987298449.97,2341958956500,0,27096000000.0,4217347772482.9,2461412971049.97,1744826099883.0
2016-05-04,1744827241571.0,0.0,103133910000,4318900700.0,16063346718.77,2337972861900,0,27096000000.0,4217348914171.4,2461489019318.77,1744827241571.0
2016-05-11,1744827241574.0,0.0,103133910000,4318900700.0,16179225131.53,2337972861900,0,27096000000.0,4217348914173.8,2461604897731.53,1744827241574.0
2016-05-18,1754732796071.0,0.0,103133910000,4318900700.0,16295172793.55,2337972861900,0,25096000000.0,4225254468671.1,2461720845393.55,1754732796071.0
2016-05-25,1743074044842.0,0.0,103133910000,4318900700.0,16410937414.1,2337772861900,0,25096000000.0,4213395717442.2,2461636610014.1,1743074044842.0
2016-06-01,1743075505995.0,0.0,105939218000,4318900700.0,16535774109.61,2334967553900,0,25096000000.0,4213397178595.4,2461761446709.61,1743075505995.0
2016-06-08,1743080507481.0,0.0,105939218000,4318900700.0,16671209557.51,2334967553900,0,25096000000.0,4213402180081.0,2461896882157.51,1743080507481.0
2016-06-15,1751324499795.0,0.0,105939218000,4318900700.0,16806501709.68,2334967553900,0,25096000000.0,4221646172394.5,2462032174309.68,1751324499795.0
2016-06-22,1758508040721.0,0.0,105939218000,4318900700.0,16942243714.67,2334967553900,0,25096000000.0,4228829713320.6,2462167916314.67,1758508040721.0
2016-06-29,1743541094193.0,0.0,105939218000,4318900700.0,17077473631.89,2334967553900,0,25096000000.0,4213862766793.1,2462303146231.89,1743541094193.0
2016-07-06,1743541094044.0,0.0,106668620900,4318900700.0,17201706998.34,2334238151000,0,25096000000.0,4213862766644.2,2462427379598.34,1743541094044.0
2016-07-13,1743541094048.0,0.0,106668620900,4318900700.0,17315666401.08,2334238151000,0,25096000000.0,4213862766647.9,2462541339001.08,1743541094048.0
2016-07-20,1757254124708.0,0.0,103595620900,4318900700.0,16852109483.81,2337885556100,0,22492000000.0,4225546202408.2,2462652187183.81,1757254124708.0
2016-07-27,1741090786630.0,0.0,103595620900,4318900700.0,16962615988.91,2337885556100,0,22492000000.0,4209382864330.3,2462762693688.91,1741090786630.0
2016-08-03,1741103742860.0,0.0,103595620900,5361536600.0,17064848951.0,2336842920200,0,22492000000.0,4209395820560.3,2462864926651.0,1741103742860.0
2016-08-10,1741108742819.0,0.0,103595620900,5361536600.0,17155676729.65,2336842920200,0,22492000000.0,4209400820518.9,2462955754429.65,1741108742819.0
2016-08-17,1753354220053.0,0.0,103595620900,5361536600.0,17246686623.66,2337242920200,0,22492000000.0,4222046297753.0,2463446764323.66,1753354220053.0
2016-08-24,1759019797910.0,0.0,103595620900,5361536600.0,17337660615.31,2337242920200,0,22492000000.0,4227711875610.2,2463537738315.31,1759019797910.0
2016-08-31,1743981905693.0,0.0,104553056700,5361536600.0,17445089701.89,2336285484400,0,22492000000.0,4212673983393.0,2463645167401.89,1743981905693.0
2016-09-07,1743983905465.0,0.0,104553056700,5361536600.0,17398631471.79,2336285484400,0,22492000000.0,4212675983165.2,2463598709171.79,1743983905465.0
2016-09-14,1763472848402.0,0.0,104553056700,5361536600.0,17352455881.57,2336285484400,0,22492000000.0,4232164926101.8,2463552533581.57,1763472848402.0
2016-09-21,1757342519617.0,0.0,104553056700,5361536600.0,17306392959.35,2336285484400,0,20492000000.0,4224034597317.0,2463506470659.35,1757342519617.0
2016-09-28,1736875094978.0,0.0,104553056700,5361536600.0,17260198026.86,2336285484400,0,20492000000.0,4203567172677.7,2463460275726.86,1736875094978.0
2016-10-05,1736877019255.0,0.0,105223598700,6153995500.0,17272890364.53,2334822483500,0,20492000000.0,4203569096955.3,2463472968064.53,1736877019255.0
2016-10-12,1736877019256.0,0.0,105223598700,6153995500.0,17296533646.59,2334822483500,0,20492000000.0,4203569096956.4,2463496611346.59,1736877019256.0
2016-10-19,1750733273893.0,0.0,105223598700,6153995500.0,17320265559.44,2334822483500,0,18493000000.0,4215426351592.7,2463520343259.44,1750733273893.0
2016-10-26,1735840941775.0,0.0,105223598700,6153995500.0,17344044006.98,2334822483500,0,18493000000.0,4200534019475.4,2463544121706.98,1735840941775.0
2016-11-02,1735846939909.0,0.0,105525867300,7060801500.0,17385476737.76,2333613408900,0,18493000000.0,4200540017608.8,2463585554437.76,1735846939909.0
2016-11-09,1735847940006.0,0.0,105525867300,7060801500.0,17453808233.96,2333613408900,0,18493000000.0,4200541017705.8,2463653885933.96,1735847940006.0
2016-11-16,1747790783048.0,0.0,105525867300,7060801500.0,17522264556.1,2333613408900,0,18493000000.0,4212483860747.5,2463722342256.1,1747790783048.0
2016-11-23,1759036112556.0,0.0,105525867300,7060801500.0,17600558714.92,2333613408900,0,18493000000.0,4223729190256.0,2463800636414.92,1759036112556.0
2016-11-30,1740673982154.0,0.0,106696617800,7060801500.0,17661228557.88,2332442658400,0,18493000000.0,4205367059853.7,2463861306257.88,1740673982154.0
2016-12-07,1740676976760.0,0.0,106696617800,7060801500.0,17696272705.23,2332042658400,0,18493000000.0,4204970054459.7,2463496350405.23,1740676976760.0
2016-12-14,1760415249730.0,0.0,106696617800,7060801500.0,17731260277.79,2332042658400,0,18493000000.0,4224708327430.3,2463531337977.79,1760415249730.0
2016-12-21,1758481058295.0,0.0,106696617800,7060801500.0,17766193308.49,2332042658400,0,16180000000.0,4220461135995.2,2463566271008.49,1758481058295.0
2016-12-28,1741386613674.0,0.0,106696617800,7060801500.0,17801291163.53,2332042658400,0,16180000000.0,4203366691374.2,2463601368863.53,1741386613674.0
2017-01-04,1741390613643.0,0.0,106696617800,7060801500.0,17791356817.78,2332042658400,0,16180000000.0,4203370691343.4,2463591434517.78,1741390613643.0
2017-01-11,1741397613043.0,0.0,106696617800,7060801500.0,17747542741.39,2332042658400,0,16180000000.0,4203377690743.4,2463547620441.39,1741397613043.0
2017-01-18,1750940147872.0,0.0,104106110800,7060801500.0,17191868842.57,2335145645300,0,16180000000.0,4213432705472.0,2463504426442.57,1750940147872.0
2017-01-25,1744593631743.0,0.0,104106110800,7060801500.0,17149391326.53,2335145645300,0,16180000000.0,4207086189343.2,2463461948926.53,1744593631743.0
2017-02-01,1744635630444.0,0.0,104930497100,8012016600.0,17113620993.78,2333370043900,0,16180000000.0,4207128188043.8,2463426178593.78,1744635630444.0
2017-02-08,1744641630490.0,0.0,104930497100,8012016600.0,17123573057.93,2333370043900,0,16180000000.0,4207134188089.8,2463436130657.93,1744641630490.0
2017-02-15,1759700431138.0,0.0,104930497100,8012016600.0,17133469803.15,2333370043900,0,14829000000.0,4220841988737.5,2463446027403.15,1759700431138.0
2017-02-22,1773621269896.0,0.0,104930497100,8012016600.0,17143514327.85,2333370043900,0,13329000000.0,4233262827495.9,2463456071927.85,1773621269896.0
2017-03-01,1763185753791.0,0.0,105901306400,8012016600.0,17175297242.93,2332399234600,0,13329000000.0,4222827311390.8,2463487854842.93,1763185753791.0
2017-03-08,1763190753943.0,0.0,105901306400,8012016600.0,17337174427.17,2332399234600,0,13329000000.0,4222832311543.1,2463649732027.17,1763190753943.0
2017-03-15,1771184259177.0,0.0,105901306400,8012016600.0,17499091621.29,2332399234600,0,13329000000.0,4230825816776.7,2463811649221.29,1771184259177.0
2017-03-22,1777644658906.0,0.0,105901306400,8012016600.0,17661040841.36,2332399234600,0,13329000000.0,4237286216505.8,2463973598441.36,1777644658906.0
2017-03-29,1769118117294.0,0.0,105901306400,8012016600.0,17822887186.88,2332599234600,0,13329000000.0,4228959674894.2,2464335444786.88,1769118117294.0
2017-04-05,1769122116963.0,0.0,107233029000,9585870700.0,17941894602.92,2329693657900,0,13329000000.0,4228963674562.5,2464454452202.92,1769122116963.0
2017-04-12,1781090838933.0,0.0,107233029000,9585870700.0,18033745976.08,2329693657900,0,13329000000.0,4240932396532.6,2464546303576.08,1781090838933.0
2017-04-19,1776917214329.0,0.0,106803151100,9585870700.0,18095176271.83,2330153941000,0,11829000000.0,4235289177129.3,2464638139071.83,1776917214329.0
2017-04-26,1769013456981.0,0.0,106803151100,9585870700.0,18186548770.14,2330153941000,0,11829000000.0,4227385419781.2,2464729511570.14,1769013456981.0
2017-05-03,1769015440533.0,0.0,106803151100,11578275500.0,18248774087.23,2328161536200,0,11829000000.0,4227387403332.5,2464791736887.23,1769015440533.0
2017-05-10,1769016440433.0,0.0,106803151100,11578275500.0,18271544227.24,2328161536200,0,11829000000.0,4227388403233.2,2464814507027.24,1769016440433.0
2017-05-17,1778108957809.0,0.0,106803151100,11578275500.0,18294544154.26,2327961536200,0,8834000000.0,4233285920608.8,2464637506954.26,1778108957809.0
2017-05-24,1780382952955.0,0.0,106803151100,11578275500.0,18317482745.61,2327961536200,0,8834000000.0,4235559915755.4,2464660445545.61,1780382952955.0
2017-05-31,1770957619567.0,0.0,108126495600,11578275500.0,18352600609.46,2326638191700,0,8834000000.0,4226134582367.1,2464695563409.46,1770957619567.0
2017-06-07,1770957619666.0,0.0,108126495600,11578275500.0,18440259466.61,2326638191700,0,8834000000.0,4226134582466.1,2464783222266.61,1770957619666.0
2017-06-14,1782601318273.0,0.0,108126495600,11578275500.0,18527772003.24,2326638191700,0,8097000000.0,4237041281072.5,2464870734803.24,1782601318273.0
2017-06-21,1781099147797.0,0.0,108126495600,11578275500.0,18615158691.9,2326638191700,0,8097000000.0,4235539110597.4,2464958121491.9,1781099147797.0
2017-06-28,1770279546614.0,0.0,108126495600,11578275500.0,18702790898.12,2326638191700,0,8097000000.0,4224719509413.8,2465045753698.12,1770279546614.0
2017-07-05,1770280544191.0,0.0,108734269500,13158487700.0,18753298162.65,2324450205600,0,8097000000.0,4224720506990.8,2465096260962.65,1770280544191.0
2017-07-12,1770280544190.0,0.0,108734269500,13158487700.0,18777663272.09,2324450205600,0,8097000000.0,4224720506990.2,2465120626072.09,1770280544190.0
2017-07-19,1779394429815.0,0.0,107651269500,13158487700.0,18607064647.03,2325728438000,0,8097000000.0,4234029625014.9,2465145259847.03,1779394429815.0
2017-07-26,1768998523752.0,0.0,107651269500,13158487700.0,18631373395.01,2325728438000,0,8097000000.0,4223633718951.6,2465169568595.01,1768998523752.0
2017-08-02,1769025522432.0,0.0,108973039600,14683607100.0,18656721063.51,2322881548500,0,8097000000.0,4223660717632.1,2465194916263.51,1769025522432.0
2017-08-09,1769028522430.0,0.0,108973039600,14683607100.0,18682902000.43,2322881548500,0,8097000000.0,4223663717630.4,2465221097200.43,1769028522430.0
2017-08-16,1777974928528.0,0.0,108973039600,14683607100.0,18709033934.25,2322881548500,0,8097000000.0,4232610123727.9,2465247229134.25,1777974928528.0
2017-08-23,1778699225845.0,0.0,108973039600,14683607100.0,18735206148.89,2322881548500,0,6757000000.0,4231994421045.3,2465273401348.89,1778699225845.0
2017-08-30,1767553334549.0,0.0,108973039600,14683607100.0,18761425298.54,2322881548500,0,6757000000.0,4220848529749.2,2465299620498.54,1767553334549.0
2017-09-06,1767553305585.0,0.0,109411848600,14683607100.0,18750677457.63,2322442739500,0,6757000000.0,4220848500785.4,2465288872657.63,1767553305585.0
2017-09-13,1782346087807.0,0.0,109411848600,14683607100.0,18730177479.98,2322642739500,0,6757000000.0,4235841283006.7,2465468372679.98,1782346087807.0
2017-09-20,1770523730147.0,0.0,109411848600,14683607100.0,18709370403.58,2322642739500,0,6757000000.0,4224018925346.9,2465447565603.58,1770523730147.0
2017-09-27,1768159956412.0,0.0,109411848600,14683607100.0,18688863134.51,2322642739500,0,6757000000.0,4221655151614.2,2465427058334.51,1768159956412.0
2017-10-04,1768159949504.0,0.0,109411848600,14683607100.0,18729291072.95,2322642739500,0,6757000000.0,4221655144704.4,2465467486272.95,1768159949504.0
2017-10-11,1768159949462.0,0.0,109411848600,14683607100.0,18816003874.52,2322642739500,0,6757000000.0,4221655144662.4,2465554199074.52,1768159949462.0
2017-10-18,1777945276558.0,0.0,109411848600,14683607100.0,18902638551.66,2322642739500,0,6757000000.0,4231440471757.7,2465640833751.66,1777945276558.0
2017-10-25,1770563435669.0,0.0,109411848600,14683607100.0,18989229259.74,2322642739500,0,6757000000.0,4224058630869.2,2465727424459.74,1770563435669.0
2017-11-01,1770630387727.0,0.0,109536917000,15058812600.0,19088416392.21,2316142465600,0,6757000000.0,4218125582926.8,2459826611592.21,1770630387727.0
2017-11-08,1770630387380.0,0.0,109536917000,15058812600.0,19247065740.97,2316142465600,0,6757000000.0,4218125582580.3,2459985260940.97,1770630387380.0
2017-11-15,1775854354391.0,0.0,109536917000,15058812600.0,19406081475.81,2312638970800,0,6757000000.0,4219846054790.6,2456640781875.81,1775854354391.0
2017-11-22,1778682990643.0,0.0,109536917000,15058812600.0,19587685153.89,2312638970800,0,4391000000.0,4220308691043.4,2456822385553.89,1778682990643.0
2017-11-29,1767094527366.0,0.0,109536917000,15058812600.0,19723917618.45,2312638970800,0,4391000000.0,4208720227766.4,2456958618018.45,1767094527366.0
2017-12-06,1767095527424.0,0.0,110133827800,15058812600.0,19736110520.82,2309545554700,0,4391000000.0,4206224722524.1,2454474305620.82,1767095527424.0
2017-12-13,1780236530210.0,0.0,110133827800,15058812600.0,19717468214.47,2309345554700,0,4391000000.0,4219165725310.3,2454255663314.47,1780236530210.0
2017-12-20,1775451162636.0,0.0,110133827800,15058812600.0,19698789983.93,2309345554700,0,4391000000.0,4214380357735.7,2454236985083.93,1775451162636.0
2017-12-27,1764925787232.0,0.0,110133827800,15058812600.0,19680405545.42,2309345554700,0,4391000000.0,4203854982331.5,2454218600645.42,1764925787232.0
2018-01-03,1764928787076.0,0.0,110133827800,15058812600.0,19670074026.31,2303345554700,0,4391000000.0,4197857982176.4,2448208269126.31,1764928787076.0
2018-01-10,1764929787074.0,0.0,110133827800,15058812600.0,19670858449.56,2303345554700,0,4391000000.0,4197858982173.6,2448209053549.56,1764929787074.0
2018-01-17,1770349192895.0,0.0,107502872800,15058812600.0,19204796715.81,2305242037000,0,4391000000.0,4202543915294.5,2447008519115.81,1770349192895.0
2018-01-24,1771054315394.0,0.0,107502872800,15058812600.0,19205352748.06,2305242037000,0,4391000000.0,4203249037794.2,2447009075148.06,1771054315394.0
2018-01-31,1760743451391.0,0.0,109413480700,16990298000.0,19206292432.62,2290601200300,0,4391000000.0,4182139430391.2,2436211271432.62,1760743451391.0
2018-02-07,1760743451388.0,0.0,109413480700,16990298000.0,19187200452.78,2290601200300,0,4391000000.0,4182139430388.1,2436192179452.78,1760743451388.0
2018-02-14,1771926571251.0,0.0,109413480700,16990298000.0,19168420171.6,2290601200300,0,4391000000.0,4193322550250.6,2436173399171.6,1771926571251.0
2018-02-21,1769298123875.0,0.0,109413480700,16990298000.0,19149438417.05,2286512380600,0,4391000000.0,4186605283175.2,2432065597717.05,1769298123875.0
2018-02-28,1759971610040.0,0.0,111220045100,16990298000.0,19136819915.2,2276894635800,0,4391000000.0,4169467588939.5,2424241798815.2,1759971610040.0
2018-03-07,1759990610144.0,0.0,111220045100,16990298000.0,19297032061.92,2276894635800,0,4391000000.0,4169486589043.5,2424402010961.92,1759990610144.0
2018-03-14,1768587573620.0,0.0,111220045100,16990298000.0,19457474731.69,2276894635800,0,4391000000.0,4178083552520.4,2424562453631.69,1768587573620.0
2018-03-21,1763170908840.0,0.0,111220045100,16990298000.0,19617787520.81,2276894635800,0,4391000000.0,4172666887739.8,2424722766420.81,1763170908840.0
2018-03-28,1754368060601.0,0.0,111220045100,16990298000.0,19778157025.71,2276894635800,0,4391000000.0,4163864039501.3,2424883135925.71,1754368060601.0
2018-04-04,1754368060610.0,0.0,111220045100,19632654900.0,19926078713.56,2262252278900,0,4391000000.0,4151864039509.7,2413031057613.56,1754368060610.0
2018-04-11,1754369060609.0,0.0,111120045100,19632654900.0,20054977598.01,2262252278900,0,4391000000.0,4151765039509.2,2413059956498.01,1754369060609.0
2018-04-18,1756290288987.0,0.0,110907045100,19632654900.0,20177456207.3,2262362000400,0,4391000000.0,4153582989387.4,2413079156607.3,1756290288987.0
2018-04-25,1744967199257.0,0.0,110907045100,19632654900.0,20315858107.02,2262362000400,0,4391000000.0,4142259899657.2,2413217558507.02,1744967199257.0
2018-05-02,1744972197739.0,0.0,112949233800,17816385900.0,20439145658.2,2244255236200,0,4391000000.0,4124384053638.6,2395460001558.2,1744972197739.0
2018-05-09,1744972197839.0,0.0,112949233800,17816385900.0,20507185773.71,2244255236200,0,4391000000.0,4124384053738.8,2395528041673.71,1744972197839.0
2018-05-16,1745514466259.0,0.0,112949233800,17816385900.0,20575309227.29,2235625555900,0,4391000000.0,4116296641858.8,2386966484827.29,1745514466259.0
2018-05-23,1744179455728.0,0.0,112949233800,17816385900.0,20643413274.92,2235625555900,0,4391000000.0,4114961631328.2,2387034588874.92,1744179455728.0
2018-05-30,1734587848956.0,0.0,112949233800,17816385900.0,20711440062.99,2235625555900,0,4391000000.0,4105370024555.7,2387102615662.99,1734587848956.0
2018-06-06,1734592848873.0,0.0,114860063800,17816385900.0,20851352612.63,2224344406100,0,4391000000.0,4096004704672.5,2377872208412.63,1734592848873.0
2018-06-13,1739733452912.0,0.0,114860063800,17816385900.0,20977265046.81,2224344406100,0,2409000000.0,4099163308712.2,2377998120846.81,1739733452912.0
2018-06-20,1731488147026.0,0.0,114860063800,17816385900.0,21102810632.14,2224344406100,0,2409000000.0,4090918002826.2,2378123666432.14,1731488147026.0
2018-06-27,1721271187457.0,0.0,114860063800,17816385900.0,21228672109.08,2224344406100,0,2409000000.0,4080701043257.3,2378249527909.08,1721271187457.0
2018-07-04,1721272186154.0,0.0,114860063800,17816385900.0,21355739878.89,2206344406100,0,2409000000.0,4062702041953.7,2360376595678.89,1721272186154.0
2018-07-11,1721275186145.0,0.0,114860063800,17816385900.0,21483352251.11,2206344406100,0,2409000000.0,4062705041944.5,2360504208051.11,1721275186145.0
2018-07-18,1722291124001.0,0.0,113886063800,17816385900.0,21451039861.91,2206612595200,0,2409000000.0,4063015168900.7,2359766084761.91,1722291124001.0
2018-07-25,1709528022165.0,0.0,113886063800,17816385900.0,21577750144.65,2206612595200,0,2409000000.0,4050252067065.0,2359892795044.65,1709528022165.0
2018-08-01,1709544022364.0,0.0,114591981200,16953842300.0,21695069173.97,2183634816900,0,2409000000.0,4027133662764.1,2336875709573.97,1709544022364.0
2018-08-08,1709545022278.0,0.0,114591981200,16953842300.0,21744060281.07,2183634816900,0,2409000000.0,4027134662678.4,2336924700681.07,1709545022278.0
2018-08-15,1708187464940.0,0.0,114591981200,16953842300.0,21793227805.29,2171052008600,0,2409000000.0,4013194297040.0,2324391059905.29,1708187464940.0
2018-08-22,1706730642371.0,0.0,114591981200,16953842300.0,21842116659.64,2171052008600,100000000,2409000000.0,4011837474470.5,2324539948759.64,1706730642371.0
2018-08-29,1697006288220.0,0.0,114591981200,16953842300.0,21891195287.5,2171052008600,100000000,2409000000.0,4002113120319.8,2324589027387.5,1697006288220.0
2018-09-05,1697006288219.0,0.0,115578709400,18152012400.0,21921033904.07,2157449918500,100000000,2409000000.0,3990695928518.8,2313201674204.07,1697006288219.0
2018-09-12,1697016288295.0,0.0,115578709400,18152012400.0,21923167611.43,2157449918500,100000000,2409000000.0,3990705928595.4,2313203807911.43,1697016288295.0
2018-09-19,1695223409017.0,0.0,115578709400,18152012400.0,21925375032.28,2157449918500,100000000,2409000000.0,3988913049317.3,2313206015332.28,1695223409017.0
2018-09-26,1681763242730.0,0.0,115578709400,18152012400.0,21927536786.61,2157449918500,100000000,2409000000.0,3975452883030.4,2313208177086.61,1681763242730.0
2018-10-03,1681775242638.0,0.0,115578709400,18152012400.0,21936226041.54,2138443137200,100000000,2409000000.0,3956458101638.4,2294210085041.54,1681775242638.0
2018-10-10,1681778242541.0,0.0,115578709400,18152012400.0,21953412340.4,2138443137200,100000000,2409000000.0,3956461101541.4,2294227271340.4,1681778242541.0
2018-10-17,1680109056072.0,0.0,115578709400,18152012400.0,21970673216.83,2138443137200,100000000,2409000000.0,3954791915071.8,2294244532216.83,1680109056072.0
2018-10-24,1676956054073.0,0.0,115578709400,18152012400.0,21987801875.56,2138443137200,53000000,2409000000.0,3951591913072.6,2294214660875.56,1676956054073.0
2018-10-31,1668988694117.0,0.0,115578709400,17245206400.0,22005234627.86,2115516723200,53000000,2409000000.0,3919791333117.4,2270398873627.86,1668988694117.0
2018-11-07,1668988694117.0,0.0,115578709400,17245206400.0,22042499847.11,2115516723200,53000000,2409000000.0,3919791333117.4,2270436138847.11,1668988694117.0
2018-11-14,1670824668681.0,0.0,115578709400,17245206400.0,22079735129.79,2115516723200,0,2409000000.0,3921574307681.3,2270420374129.79,1670824668681.0
2018-11-22,1661829808507.0,0.0,115578709400,17245206400.0,22122497702.8,2098138838500,0,2409000000.0,3895201562807.1,2253085252002.8,1661829808507.0
2018-11-28,1653467689696.0,0.0,115578709400,17245206400.0,22154388534.68,2098138838500,0,2409000000.0,3886839443996.0,2253117142834.68,1653467689696.0
2018-12-05,1653469689359.0,0.0,116544672900,18825874100.0,22210175263.54,2082970091900,0,2409000000.0,3874219328259.0,2240550814163.54,1653469689359.0
2018-12-12,1653469689359.0,0.0,116544672900,18825874100.0,22265570336.12,2082970091900,0,2409000000.0,3874219328259.0,2240606209236.12,1653469689359.0
2018-12-19,1648686717982.0,0.0,116544672900,18825874100.0,22320696022.81,2082970091900,0,2409000000.0,3869436356881.7,2240661334922.81,1648686717982.0
2018-12-26,1637123400275.0,0.0,116544672900,18825874100.0,22376016270.59,2082970091900,0,2409000000.0,3857873039174.8,2240716655170.59,1637123400275.0
2019-01-02,1637123400275.0,0.0,116544672900,18825874100.0,22385560804.31,2064760611500,0,2409000000.0,3839663558774.7,2222516719304.31,1637123400275.0
2019-01-09,1637123400275.0,0.0,116544672900,18825874100.0,22280612955.79,2064760611500,0,2409000000.0,3839663558774.7,2222411771455.79,1637123400275.0
2019-01-16,1632728750923.0,0.0,114768909800,18825874100.0,21863194731.27,2064760611500,0,2409000000.0,3833493146323.3,2220218590131.27,1632728750923.0
2019-01-23,1628894706661.0,0.0,114768909800,18825874100.0,21759552387.75,2064760611500,0,2409000000.0,3829659102061.0,2220114947787.75,1628894706661.0
2019-01-30,1621808659683.0,0.0,114768909800,18825874100.0,21656210951.79,2064760611500,0,2409000000.0,3822573055082.5,2220011606351.79,1621808659683.0
2019-02-06,1621808659683.0,0.0,114768909800,16300804900.0,21547967683.53,2053095124300,0,2409000000.0,3808382498682.5,2205712806683.53,1621808659683.0
2019-02-13,1621955651908.0,0.0,114768909800,16300804900.0,21439074499.88,2053095124300,0,2409000000.0,3808529490907.9,2205603913499.88,1621955651908.0
2019-02-20,1614149817670.0,0.0,114768909800,16300804900.0,21330181022.22,2029800740800,0,2409000000.0,3777429273169.9,2182200636522.22,1614149817670.0
2019-02-27,1607608628257.0,0.0,114768909800,16300804900.0,21221340495.02,2029800740800,0,2409000000.0,3770888083756.9,2182091795995.02,1607608628257.0
2019-03-06,1607608628257.0,0.0,115153915800,16300804900.0,21255341038.98,2022710118200,0,2409000000.0,3764182467156.9,2175420179938.98,1607608628257.0
2019-03-13,1607766623967.0,0.0,115153915800,16300804900.0,21314119091.1,2022710118200,0,2409000000.0,3764340462867.4,2175478957991.1,1607766623967.0
2019-03-20,1599471502996.0,0.0,115153915800,16300804900.0,21372649207.6,2022710118200,0,2409000000.0,3756045341895.6,2175537488107.6,1599471502996.0
2019-03-27,1592722598331.0,0.0,115153915800,16300804900.0,21431380990.7,2022710118200,0,2347000000.0,3749234437230.7,2175596219890.7,1592722598331.0
2019-04-03,1592722598331.0,0.0,115153915800,16300804900.0,21522692401.85,2000330958400,0,2347000000.0,3726855277430.7,2153308371501.85,1592722598331.0
2019-04-10,1592911593252.0,0.0,115153915800,16300804900.0,21657656667.76,2000330958400,0,2347000000.0,3727044272352.0,2153443335767.76,1592911593252.0
2019-04-17,1587937901013.0,0.0,115143915800,16300804900.0,21791504599.49,2000172900900,0,2347000000.0,3721902522613.1,2153409126199.49,1587937901013.0
2019-04-24,1583393324002.0,0.0,115143915800,16300804900.0,21926205349.09,2000172900900,0,2347000000.0,3717357945602.1,2153543826949.09,1583393324002.0
2019-05-01,1575433493661.0,0.0,115360957400,12928660300.0,22067438966.71,1973496824700,100000000,2347000000.0,3679666936060.6,2123953881366.71,1575433493661.0
2019-05-08,1575433493661.0,0.0,115360957400,12928660300.0,22242374267.51,1973496824700,100000000,2347000000.0,3679666936060.6,2124128816667.51,1575433493661.0
2019-05-15,1569584114272.0,0.0,115360957400,12928660300.0,22417441915.08,1963636766700,100000000,2347000000.0,3663957498672.3,2114443826315.08,1569584114272.0
2019-05-22,1564427779556.0,0.0,115360957400,12928660300.0,22592403893.04,1963636766700,50000000,2347000000.0,3658751163955.6,2114568788293.04,1564427779556.0
2019-05-29,1555405270570.0,0.0,115360957400,12928660300.0,22767445714.02,1963636766700,50000000,2347000000.0,3649728654969.5,2114743830114.02,1555405270570.0
2019-06-05,1555405270558.0,0.0,116516485400,14819524400.0,22948179751.05,1955450432500,50000000,2347000000.0,3644588712857.9,2109784622051.05,1555405270558.0
2019-06-12,1555405270555.0,0.0,116516485400,14819524400.0,23120442651.84,1955450432500,50000000,2347000000.0,3644588712855.2,2109956884951.84,1555405270555.0
2019-06-19,1548795928519.0,0.0,116516485400,14819524400.0,23292553874.46,1955450432500,5000000,2347000000.0,3637934370818.6,2110083996174.46,1548795928519.0
2019-06-26,1532726162010.0,0.0,116516485400,14819524400.0,23464592576.95,1955450432500,5000000,2347000000.0,3621864604309.8,2110256034876.95,1532726162010.0
2019-07-03,1532726161003.0,0.0,116516485400,14819524400.0,23601359107.4,1940450432500,5000000,2347000000.0,3606864603302.5,2095392801407.4,1532726161003.0
2019-07-10,1532726161003.0,0.0,116516485400,14819524400.0,23659329137.55,1940450432500,2333300,2347000000.0,3606861936602.5,2095448104737.55,1532726161003.0
2019-07-17,1527093335084.0,0.0,115988509100,14819524400.0,23621962888.03,1939551334800,2333300,2347000000.0,3599802036684.2,2093983664488.03,1527093335084.0
2019-07-24,1521541838010.0,0.0,115988509100,14819524400.0,23688882150.36,1939551334800,2333300,2347000000.0,3594250539609.8,2094050583750.36,1521541838010.0
2019-07-31,1511774921668.0,0.0,116544665000,14138913600.0,23756539138.4,1926257397600,2333300,2347000000.0,3571065231167.9,2080699848638.4,1511774921668.0
2019-08-07,1511776921625.0,0.0,116544665000,14138913600.0,23762909732.94,1926257397600,0,2347000000.0,3571064897824.8,2080703885932.94,1511776921625.0
2019-08-14,1514173777523.0,0.0,116544665000,14138913600.0,23769098726.89,1926257397600,0,2347000000.0,3573461753722.7,2080710074926.89,1514173777523.0
2019-08-21,1500669579430.0,0.0,116544665000,14138913600.0,23775496847.43,1931460397600,3001000000,2347000000.0,3568161555630.3,2088920473047.43,1500669579430.0
2019-08-28,1489605199586.0,0.0,116544665000,14138913600.0,23781749292.26,1937663397600,3001000000,2347000000.0,3563300175786.3,2095129725492.26,1489605199586.0
2019-09-04,1489605276473.0,0.0,116544665000,14138913600.0,23815712273.85,1937663397600,3001000000,2347000000.0,3563300252672.7,2095163688473.85,1489605276473.0
2019-09-11,1489605276573.0,0.0,118145665000,14539913600.0,24218626045.69,1941263397600,3001000000,2347000000.0,3568902252773.0,2101168602245.69,1489605276573.0
2019-09-18,1484433798443.0,0.0,118145665000,14539913600.0,24273907458.77,1942864397600,6002000000,2347000000.0,3568332774642.5,2105825883658.77,1484433798443.0
2019-09-25,1467257199949.0,0.0,118145665000,14539913600.0,24329526065.31,1944665397600,6002000000,2347000000.0,3552957176149.2,2107682502265.31,1467257199949.0
2019-10-02,1467260200048.0,0.0,119392247200,14539913600.0,24372424065.6,1952823815400,6002000000,2347000000.0,3562365176248.2,2117130400265.6,1467260200048.0
2019-10-09,1467273200038.0,0.0,120993247200,14940913600.0,24524314741.73,1955024815400,6002000000,2347000000.0,3566581176237.9,2121485290941.73,1467273200038.0
2019-10-16,1463137480461.0,0.0,120993247200,14940913600.0,24522605207.11,1956625815400,6002000000,2347000000.0,3564046456661.4,2123084581407.11,1463137480461.0
2019-10-23,1457914258378.0,0.0,120993247200,14940913600.0,24521196709.74,1960227815400,28505000000,2347000000.0,3584928234577.6,2149188172909.74,1457914258378.0
2019-10-30,1445761926895.0,0.0,120993247200,14940913600.0,24519362438.45,1964029815400,51008000000,2347000000.0,3599080903094.8,2175491338638.45,1445761926895.0
2019-11-06,1445775926883.0,0.0,122770604100,16656716400.0,24542350120.9,1964338655700,66010000000,2347000000.0,3617898903083.2,2194318326320.9,1445775926883.0
2019-11-13,1450088869667.0,0.0,124371604100,16656716400.0,24949569516.65,1966539655700,69011000000,2347000000.0,3629014845866.8,2201528545716.65,1450088869667.0
2019-11-20,1437196544412.0,0.0,124371604100,17057716400.0,24976967698.81,1969941655700,84013000000,2347000000.0,3634927520611.9,2220360943898.81,1437196544412.0
2019-11-28,1423723827042.0,0.0,124371604100,17057716400.0,25008150473.26,1975544655700,106516000000,2347000000.0,3649560803241.6,2248498126673.26,1423723827042.0
2019-12-04,1423724827149.0,0.0,124371604100,17057716400.0,25059980687.05,1979346655700,114017000000,2347000000.0,3660864803348.5,2259852956887.05,1423724827149.0
2019-12-11,1423724827146.0,0.0,125972604100,17408716400.0,25247131158.79,1981547655700,132020000000,2347000000.0,3683020803346.3,2282196107358.79,1423724827146.0
2019-12-18,1422435726593.0,0.0,125972604100,17408716400.0,25325256764.9,1984949655700,147022000000,2347000000.0,3700135702792.6,2300678232964.9,1422435726593.0
2019-12-24,1419980165310.0,0.0,125972604100,17408716400.0,25403256393.47,1990552655700,169525000000,2347000000.0,3725786141509.6,2328862232593.47,1419980165310.0
2019-12-31,1408676620581.0,0.0,127384337600,17408716400.0,25474316399.8,1989140922200,169525000000,2347000000.0,3714482596780.6,2328933292599.8,1408676620581.0
2020-01-08,1408676620581.0,0.0,127384337600,17408716400.0,25453094808.85,1992940922200,184527000000,2347000000.0,3733284596780.5,2347714071008.85,1408676620581.0
2020-01-15,1404317501217.0,0.0,128005432700,17809716400.0,25485284430.65,1996305783600,195029000000,2347000000.0,3743814433917.4,2362635217130.65,1404317501217.0
2020-01-22,1398642265493.0,0.0,128005432700,17809716400.0,25466566764.1,1999707783600,210031000000,2347000000.0,3756543198193.1,2381020499464.1,1398642265493.0
2020-01-29,1387288002308.0,0.0,128005432700,17809716400.0,25448006574.57,2005310783600,232534000000,2347000000.0,3773294935008.2,2409107939274.57,1387288002308.0
2020-02-05,1387289002302.0,0.0,129451063200,15015998300.0,25418062470.09,2010458871200,247536000000,2347000000.0,3792097935002.0,2427879995170.09,1387289002302.0
2020-02-12,1391525788316.0,0.0,131052063200,15416998300.0,25453877283.12,2012659871200,258038000000,2347000000.0,3811039721016.4,2442620809983.12,1391525788316.0
2020-02-19,1385784076406.0,0.0,131052063200,15416998300.0,25419436260.76,2014260871200,265539000000,2347000000.0,3814400009106.0,2451688368960.76,1385784076406.0
2020-02-26,1371842553106.0,0.0,131052063200,15416998300.0,25385168520.12,2021664871200,280541000000,2347000000.0,3822864485806.4,2474060101220.12,1371842553106.0
2020-03-04,1371845552821.0,0.0,131052063200,15416998300.0,25448572684.12,2027663871200,303042000000,2347000000.0,3851367485520.9,2502623505384.12,1371845552821.0
2020-03-11,1371845553001.0,0.0,132653063200,15817998300.0,25853120945.27,2027663871200,321043000000,2347000000.0,3871370485701.2,2523031053645.27,1371845553001.0
2020-03-18,1366675576210.0,0.0,138653063200,15817998300.0,26579035504.05,2138677871200,321043000000,2347000000.0,3983214508910.0,2640770968204.05,1366675576210.0
2020-03-25,1384563450265.0,0.0,166932063200,15817998300.0,29270818470.62,2440306871200,326044000000,2347000000.0,4336011382965.0,2978371751170.62,1384563450265.0
2020-04-01,1456262773363.0,1458457994.0,191725411700,15817998300.0,31203560350.49,2776041522700,326044000000,2347000000.0,4769697164056.9,3340832493050.49,1457721231357.0
2020-04-08,1456242297313.0,3459031708.0,210625411700,15817998300.0,32856640997.76,3049041522700,326044000000,2347000000.0,5063577261721.1,3634385573697.76,1459701329021.0
2020-04-15,1562460573801.0,5710272999.0,222691566900,15817998300.0,33977993182.02,3190326149500,326044000000,2347000000.0,5325397561500.1,3788857707882.02,1568170846800.0
2020-04-22,1615615078201.0,6872270545.0,233691566900,15817998300.0,34972358251.91,3298826149500,326044000000,2347000000.0,5499214063445.9,3909352072951.91,1622487348746.0
2020-04-29,1597206155849.0,7514118713.0,242289566900,15817998300.0,36038450453.97,3351229149500,326044000000,2347000000.0,5542447989262.3,3971419165153.97,1604720274562.0
2020-05-06,1597206155982.0,8174021698.0,248265919000,15545746100.0,36365239288.32,3393970049600,326044000000,2347000000.0,5591552892380.1,4020190953988.32,1605380177680.0
2020-05-13,1775150564858.0,8610232436.0,252015919000,15545746100.0,36592359311.69,3427070049600,326044000000,2347000000.0,5806783511994.0,4057268074011.69,1783760797294.0
2020-05-20,1853984547245.0,8856011963.0,255265919000,15545746100.0,36797187060.12,3455678049600,326044000000,2347000000.0,5917721273908.2,4089330901760.12,1862840559208.0
2020-05-27,1826211559212.0,8898441257.0,257450919000,15545746100.0,36843449209.2,3473628049600,326044000000,2347000000.0,5910125715169.2,4109512163909.2,1835110000469.0
2020-06-03,1826488559126.0,9105679428.0,259150919000,15545746100.0,36736946735.4,3496878049600,326044000000,2347000000.0,5935559953253.6,4134355661435.4,1835594238554.0
2020-06-10,1826489558450.0,9105615694.0,261150919000,15545746100.0,36440304725.48,3511228049600,326044000000,2347000000.0,5951910888843.9,4150409019425.48,1835595174144.0
2020-06-17,1909627876463.0,9113330546.0,264551919000,15545746100.0,36355567928.65,3526843049600,326044000000,2347000000.0,6054072921709.4,4169340282628.65,1918741207009.0
2020-06-24,1934299384964.0,9142110546.0,264551919000,15545746100.0,35884411322.03,3555378049600,326044000000,2347000000.0,6107308210209.9,4197404126022.03,1943441495510.0
2020-07-01,1902206880052.0,9173808140.0,270205503500,15545746100.0,35831311688.14,3565593465100,326044000000,2347000000.0,6091116402891.6,4213220026388.14,1911380688192.0
2020-07-08,1902226879258.0,9173808140.0,270205503500,15545746100.0,35832563537.31,3583727465100,326044000000,2347000000.0,6109270402097.6,4231355278237.31,1911400687398.0
2020-07-15,1939214457344.0,9173808140.0,266913770200,15545746100.0,35182435905.37,3609543347000,326044000000,2347000000.0,6168782128783.2,4253229299205.37,1948388265484.0
2020-07-22,1961420522579.0,9179124294.0,268112770200,15545746100.0,35296473847.12,3620879347000,326044000000,2347000000.0,6203528510172.8,4265878337147.12,1970599646873.0
2020-07-29,1924203060863.0,9177314174.0,270513770200,15545746100.0,35513382472.61,3645946347000,326044000000,2347000000.0,6193777238337.3,4293563245772.61,1933380375037.0
2020-08-05,1924219061265.0,9246612183.0,273305708800,16096475300.0,35866292922.03,3654338679200,326044000000,2347000000.0,6205597536747.3,4305651156222.03,1933465673448.0
2020-08-12,1924219061366.0,9328717183.0,275706708800,16096475300.0,36573029450.2,3665672679200,326044000000,2347000000.0,6219414641848.6,4320092892750.2,1933547778549.0
2020-08-19,1968594178586.0,9302769751.0,275706708800,16096475300.0,36958000940.0,3690738679200,326044000000,2347000000.0,6288829811637.2,4345543864240.0,1977896948337.0
2020-08-26,1939919413543.0,9309060697.0,276905708800,16096475300.0,37439847878.42,3702072679200,326044000000,2347000000.0,6272694337540.2,4358558711178.42,1949228474240.0
2020-09-02,1939922412074.0,9313092067.0,279914826000,16096475300.0,38049132398.62,3726532562000,326044000000,2347000000.0,6300170367440.3,4386636995698.62,1949235504141.0
2020-09-09,1940285412060.0,9313092067.0,281115826000,16096475300.0,38499211692.8,3731865562000,326044000000,2347000000.0,6307067367426.9,4393621074992.8,1949598504127.0
2020-09-16,1995638667868.0,9396550346.0,285917826000,16096475300.0,39347867261.72,3739598562000,326044000000,2347000000.0,6375039081514.2,4407004730561.72,2005035218214.0
2020-09-23,2015471411165.0,9396550346.0,285917826000,16096475300.0,39730582046.57,3763734562000,326044000000,2347000000.0,6419007824811.4,4431523445346.57,2024867961511.0
2020-09-30,1973275638598.0,9499580902.0,288759683100,16096475300.0,40220153516.55,3774356704900,326044000000,2347000000.0,6390379082800.2,4445477016816.55,1982775219500.0
2020-10-07,1973275638598.0,9513580902.0,288759683100,16096475300.0,40454414399.99,3798493704900,326044000000,2347000000.0,6414530082799.9,4469848277699.99,1982789219500.0
2020-10-14,2037299239469.0,9539687711.0,291158683100,16096475300.0,40918946921.11,3810759704900,326044000000,2347000000.0,6493244790480.1,4484977810221.11,2046838927180.0
2020-10-21,2037696336303.0,9538857320.0,294760683100,16096475300.0,41580883040.57,3831295704900,326044000000,2347000000.0,6517779056922.9,4509777746340.57,2047235193623.0
2020-10-28,1990576265903.0,9729068426.0,295961683100,16096475300.0,41917571127.9,3847166704900,326044000000,2347000000.0,6487921197628.1,4527186434427.9,2000305334329.0
2020-11-04,1990593266399.7,9731073425.6,297162683100,17269242700.0,42148130410.13,3855462937500,326044000000,2347000000.0,6498610203125.3,4538086993710.13,2000324339825.3
2020-11-10,1990593266500.0,9774248061.57,297162683100,17269242700.0,42258392957.81,3869996937500,326044000000,2347000000.0,6513187377861.57,4552731256257.81,2000367514561.57
2020-11-18,2041399115456.2,9776536341.54,299561683100,17269242700.0,42613270525.83,3898934937500,326044000000,2347000000.0,6595332515097.74,4584423133825.83,2051175651797.74
2020-11-25,1993806249435.4,9785356546.05,303161683100,17269242700.0,43058946170.54,3917045937500,326044000000,2347000000.0,6569459469281.45,4606579809470.54,2003591605981.45
2020-12-02,1993835250360.8,9785356546.05,304826439600,17269242700.0,43157624021.85,3923113181000,326044000000,2347000000.0,6577220470206.85,4614410487321.85,2003620606906.85
2020-12-09,1993835250440.9,9820676546.05,308426439600,17269242700.0,43415283077.7,3935383181000,326044000000,2347000000.0,6593125790286.95,4630538146377.7,2003655926986.95
2020-12-16,2069326412710.3,9766474223.44,308426439600,17269242700.0,43448065488.43,3967653181000,326044000000,2347000000.0,6700832750233.74,4662840928788.43,2079092886933.74
2020-12-23,2076731772411.1,9842363101.51,312024439600,17269242700.0,43620554641.79,3983923181000,326044000000,2347000000.0,6728181998812.61,4682881417941.79,2086574135512.61
2020-12-30,2029628198041.1,9840156221.99,312024439600,17269242700.0,43654186919.63,3989924181000,326044000000,2347000000.0,6687077217563.09,4688916050219.63,2039468354263.09
2021-01-06,2029629198241.8,9840055222.04,314306602300,17269242700.0,43624654825.45,3998176018300,326044000000,2347000000.0,6697612116763.84,4699420518125.45,2039469253463.84
2021-01-13,2029629198142.3,9912700857.06,317908602300,17269242700.0,43799600837.08,4018712018300,326044000000,2347000000.0,6721822762299.36,4723733464137.08,2039541898999.36
2021-01-20,2090005609571.7,9843460886.09,313218401000,17269242700.0,42859180526.75,4044161357800,326044000000,2347000000.0,6802889071957.79,4743552182026.75,2099849070457.79
2021-01-27,2059890462941.1,9878399420.47,315619401000,17269242700.0,42876401730.58,4064298357800,326044000000,2347000000.0,6795346863861.57,4766107403230.58,2069768862361.57
2021-02-03,2059899463004.6,9889406588.88,318021401000,21038668500.0,42971850206.46,4063997932000,326044000000,2347000000.0,6801237871093.48,4772073851706.46,2069788869593.48
2021-02-10,2059900462908.5,9889406588.88,320422401000,21038668500.0,43263081107.04,4088132932000,326044000000,2347000000.0,6827774870997.38,4798901082607.04,2069789869497.38
2021-02-17,2160665581150.1,9896369917.75,320422401000,21038668500.0,43348465841.7,4113203932000,326044000000,2347000000.0,6953617952567.85,4824057467341.7,2170561951067.85
2021-02-24,2170781817205.1,9896369917.75,324023401000,21038668500.0,43727759213.36,4129739932000,326044000000,2347000000.0,6983871188622.85,4844573760713.36,2180678187122.85
2021-03-03,2123505704388.1,9894189436.31,326422401000,21038668500.0,44163204647.55,4149610932000,326044000000,2347000000.0,6958862895324.41,4867279206147.55,2133399893824.4102
2021-03-10,2123541703770.4,9894189436.31,327623401000,21038668500.0,44552988232.5,4169747932000,326044000000,2347000000.0,6980236894706.71,4889006989732.5,2133435893206.71
2021-03-17,2211508823003.3,9919686888.34,327623401000,21038668500.0,44910209882.02,4192016932000,326044000000,2347000000.0,7090498511391.64,4911633211382.02,2221428509891.6396
2021-03-24,2224887026429.8,9919686888.67,331223401000,21038668500.0,45644199165.55,4197351932000,326044000000,2347000000.0,7112811714818.47,4921302200665.55,2234806713318.4697
2021-03-31,2174740173910.9,9943086380.99,334756825500,21038668500.0,46083492314.3,4214354507500,326044000000,2347000000.0,7083224261791.89,4942277493814.3,2184683260291.89
2021-04-07,2174741173910.2,9943086380.99,334756825500,21038668500.0,46570123209.48,4230623507500,326044000000,2347000000.0,7099494261791.19,4959033124709.48,2184684260291.19
2021-04-14,2239076353931.1,9943086380.99,337157825500,21038668500.0,47297620015.65,4241960507500,326044000000,2347000000.0,7177567441812.09,4973498621515.65,2249019440312.0903
2021-04-21,2237110598513.3,9878465166.87,330215389700,21038668500.0,46973013630.78,4276035087600,326044000000,2347000000.0,7202669209480.17,5000306159430.78,2246989063680.17
2021-04-28,2181428790405.6,9876133709.98,332616389700,21038668500.0,47690704231.57,4287372087600,326044000000,2347000000.0,7160723069915.58,5014761850031.57,2191304924115.58
2021-05-05,2181448790319.2,9876133709.98,336053894600,23871691100.0,48277245732.16,4306171560100,326044000000,2347000000.0,7185813069829.18,5040418391532.16,2191324924029.18
2021-05-12,2181448790319.2,9876133709.98,339655894600,23871691100.0,49049529662.92,4315773560100,326044000000,2347000000.0,7199017069829.18,5054394675462.92,2191324924029.18
2021-05-19,2267735648366.1,9825698730.66,340854894600,23871691100.0,49739657786.08,4331310560100,326044000000,2347000000.0,7301989492896.76,5071820803586.08,2277561347096.7603
2021-05-26,2234442006553.2,9823153415.28,342855894600,23871691100.0,50470682777.97,4343914560100,326044000000,2347000000.0,7283298305768.48,5087156828577.97,2244265159968.48
2021-06-02,2234447008474.6,9823153415.28,342855894600,23871691100.0,51133313214.95,4375118560100,326044000000,2347000000.0,7314507307689.88,5119023459014.95,2244270161889.88
2021-06-09,2234447008614.1,9823153415.28,346057894600,23846691100.0,52220655596.66,4381721560100,326044000000,2347000000.0,7324287307829.38,5129890801396.66,2244270162029.38
2021-06-16,2318351802275.2,9772272730.64,347258894600,23846691100.0,53096189206.57,4403525560100,326044000000,2347000000.0,7431146220805.84,5153771335006.57,2328124075005.8403
2021-06-23,2344382599824.1,9772272730.64,349257894600,23846691100.0,54169508942.19,4410126560100,326044000000,2347000000.0,7465777018354.74,5163444654742.19,2354154872554.74
2021-06-30,2309867527179.1,9769885674.32,352885562000,23846691100.0,55106619303.59,4425501892700,326044000000,2347000000.0,7450262558653.42,5183384765103.59,2319637412853.42
2021-07-07,2309867527179.1,9769885674.32,352885562000,23846691100.0,55845362172.96,4443102892700,326044000000,2347000000.0,7467863558653.42,5201724507972.96,2319637412853.42
2021-07-14,2392591797850.5,9769885674.32,354886562000,23846691100.0,56887469310.86,4460904892700,326044000000,2347000000.0,7570390829324.82,5222569615110.86,2402361683524.82
2021-07-21,2412441113316.5,9735529706.16,346943694800,23846691100.0,55972154767.22,4490180218300,326044000000,2347000000.0,7611538247222.66,5242986758967.22,2422176643022.66
2021-07-28,2375066782023.4,9712643488.87,348942694800,23846691100.0,56922431935.0,4507984218300,326044000000,2347000000.0,7593944029712.27,5263740036135.0,2384779425512.27
2021-08-04,2375072782258.5,9712643488.87,350141694800,24879545900.0,57814921105.61,4518754363500,326044000000,2347000000.0,7606952029947.37,5277634525305.61,2384785425747.37
2021-08-11,2375072782258.5,9712643488.87,350141694800,24879545900.0,58670022662.18,4543759363500,326044000000,2347000000.0,7631957029947.37,5303494626862.18,2384785425747.37
2021-08-18,2455979762780.3,9658426487.1,353343694800,24879545900.0,59820957856.52,4559562363500,326044000000,2347000000.0,7731814793467.4,5323650562056.52,2465638189267.4
2021-08-25,2428441526624.0,9625250583.1,355344694800,24879545900.0,60939050337.85,4579164363500,326044000000,2347000000.0,7725846381407.1,5346371654537.85,2438066777207.1
2021-09-01,2428442526621.0,9625250583.1,357550828500,24879545900.0,61832443291.83,4595363229800,326044000000,2347000000.0,7744252381404.1,5365670047491.83,2438067777204.1
2021-09-08,2428442526621.0,9625250583.1,357550828500,24879545900.0,62302884661.77,4601964229800,326044000000,2347000000.0,7750853381404.1,5372741488861.77,2438067777204.1
2021-09-15,2504530550737.6,9625250583.1,359551828500,24879545900.0,63029584904.88,4618367229800,326044000000,2347000000.0,7845345405520.7,5391872189104.88,2514155801320.7
2021-09-22,2526984063851.9,9572804160.0,362753828500,24879545900.0,63728638095.89,4635968229800,326044000000,2347000000.0,7888549472211.9,5413374242295.89,2536556868011.9
2021-09-29,2485136565659.2,9547334441.6,362753828500,24879545900.0,64206010418.58,4653172229800,326044000000,2347000000.0,7863880504300.8,5431055614618.58,2494683900100.8003
2021-10-06,2485201565927.3,9547334441.6,366440901000,24879545900.0,64824477868.37,4667088157300,326044000000,2347000000.0,7881548504568.9,5449277082068.37,2494748900368.9
2021-10-13,2485211565629.4,9547334441.6,367641901000,24879545900.0,65067492403.41,4682291157300,326044000000,2347000000.0,7897962504271.0,5465924096603.41,2494758900071.0
2021-10-20,2537425198326.3,9506770373.9,369642901000,24879545900.0,65608626555.84,4713092157300,326044000000,2347000000.0,7982937572900.2,5499267230755.84,2546931968700.1997
2021-10-27,2518385276066.4,9391658120.8,370841901000,24879545900.0,65869768380.7,4725694157300,326044000000,2347000000.0,7977583538387.2,5513329372580.7,2527776934187.1997
2021-11-03,2518432273010.1,9391658120.8,372842901000,24346178700.0,66556520326.33,4743429524500,326044000000,2347000000.0,7996833535330.9,5533219124526.33,2527823931130.9
2021-11-10,2583974779051.0,9391658120.8,374041901000,24346178700.0,66945317269.14,4761229524500,326044000000,2347000000.0,8081375041371.8,5552606921469.14,2593366437171.8
2021-11-17,2594064771144.5,9365812372.0,374041901000,24321178700.0,67184457257.4,4781933524500,326044000000,2347000000.0,8112118187716.5,5573525061457.4,2603430583516.5
2021-11-24,2600360064612.8,9365812373.5,375792901000,24321178700.0,67831567119.43,4784910524500,326044000000,2347000000.0,8123141481186.3,5578900171319.43,2609725876986.3
2021-12-01,2561596953614.0,9287350529.4,377997830700,24321178700.0,68273786490.43,4795482594800,326044000000,2347000000.0,8097076908343.4,5592119390690.43,2570884304143.4
2021-12-08,2561631108734.4,9287350529.4,380799830700,24321178700.0,69295789648.47,4803708594800,326044000000,2347000000.0,8108139063463.8,5604169393848.47,2570918459263.8
2021-12-15,2618842675558.3,9287350529.4,380799830700,24321178700.0,70138232186.33,4836985594800,326044000000,2347000000.0,8198627630287.7,5638288836386.33,2628130026087.6997
2021-12-22,2640421345674.2,9240073350.7,383199830700,24321178700.0,71371219836.45,4844886594800,326044000000,2347000000.0,8230460023224.9,5649822824036.45,2649661419024.9004
2021-12-29,2606254819888.9,9237435922.1,383199830700,24321178700.0,72219015072.58,4846487594800,326044000000,2347000000.0,8197891860011.0,5652271619272.58,2615492255811.0
2022-01-05,2606322436323.3,9237435922.1,387010449300,27581816900.0,73422636682.35,4847218338000,326044000000,2347000000.0,8205761476445.4,5661277240882.35,2615559872245.4
2022-01-12,2606329437403.3,9237435922.1,387911449300,27581816900.0,73975673834.54,4869224338000,326044000000,2347000000.0,8228675477525.4,5684737278034.54,2615566873325.4
2022-01-19,2677063905934.3,9198442127.5,379498009000,27581816900.0,72588556787.92,4887628699000,326044000000,2347000000.0,8309361872961.8,5693341081687.92,2686262348061.8
2022-01-26,2651722412785.2,9097648265.0,381497009000,27581816900.0,73462817873.16,4907631699000,326044000000,2347000000.0,8305921585950.2,5716217342773.16,2660820061050.2
2022-02-02,2651746915428.1,9097648265.0,385089412300,29152660900.0,73953826146.63,4913869451700,326044000000,2347000000.0,8317347088593.1,5728109351046.63,2660844563693.1
2022-02-09,2651752914730.9,9097648265.0,385089412300,29152660900.0,74306196071.32,4917271451700,326044000000,2347000000.0,8320755087895.9,5731863720971.32,2660850562995.9
2022-02-16,2695536723789.6,9076679626.1,385089412300,29152660900.0,74659077477.72,4923673451700,326044000000,2347000000.0,8370919928315.7,5738618602377.72,2704613403415.7
2022-02-23,2708790807421.0,9076679626.1,386090412300,29152660900.0,75215995416.67,4925274451700,326044000000,2347000000.0,8386776011947.1,5741777520316.67,2717867487047.1
2022-03-02,2682305936031.6,9051701117.3,388233252900,29152660900.0,75742399678.66,4929933611100,326044000000,2347000000.0,8367068162048.9,5749105924578.66,2691357637148.9
2022-03-09,2682308935932.2,9051701117.3,388233252900,29152660900.0,76623780531.61,4933331611100,326044000000,2347000000.0,8370469161949.5,5753385305431.61,2691360637049.5
2022-03-16,2720898855733.4,9032154073.8,388233252900,29152660900.0,77504801097.53,4937332611100,326044000000,2347000000.0,8413040534707.2,5758267325997.53,2729931009807.1997
2022-03-23,2729727440837.9,9032154073.8,388233252900,29152660900.0,78386238826.46,4937332611100,326044000000,2347000000.0,8421869119811.7,5759148763726.46,2738759594911.6997
2022-03-30,2706233220545.5,9016938675.8,388233252900,29152660900.0,79267440764.03,4937332611100,326044000000,2347000000.0,8398359684121.3,5760029965664.03,2715250159221.3
2022-04-06,2706338216391.7,9016938675.8,390839538600,29152660900.0,80289247046.29,4934726325400,326044000000,2347000000.0,8398464679967.5,5761051771946.29,2715355155067.5
2022-04-13,2731168362205.1,9016938675.8,390839538600,29152660900.0,81291555905.75,4934726325400,326044000000,2347000000.0,8423294825780.9,5762054080805.75,2740185300880.9
2022-04-20,2721694229359.1,8993127736.5,380861729600,29152660900.0,80666595842.92,4946310461800,326044000000,2347000000.0,8415403209395.6,5763035448142.92,2730687357095.6
2022-04-27,2706069208532.4,8943066325.0,380861729600,29152660900.0,81644186714.22,4946310461800,326044000000,2347000000.0,8399728127157.4,5764013039014.22,2715012274857.4
2022-05-04,2706077239040.8,8943066325.0,380861729600,30569681800.0,82860540568.51,4944893440900,326044000000,2347000000.0,8399736157665.8,5765229392868.51,2715020305365.8
2022-05-11,2706078238839.5,8943066325.0,380861729600,30569681800.0,84256251325.09,4944893440900,326044000000,2347000000.0,8399737157464.5,5766625103625.09,2715021305164.5
2022-05-18,2724920281740.8,8902565337.7,380861729600,30569681800.0,85651909977.44,4944893440900,326044000000,2347000000.0,8418538699378.5,5768020762277.44,2733822847078.5
2022-05-25,2698576406429.4,8869818635.4,380861729600,30569681800.0,87047882137.63,4944893440900,326044000000,2347000000.0,8392162077364.8,5769416734437.63,2707446225064.8
2022-06-01,2698576406529.4,8869818635.4,382966445100,30569681800.0,88409863610.65,4942788725400,326044000000,2347000000.0,8392162077464.8,5770778715910.65,2707446225164.8
2022-06-08,2698576406330.3,8869818635.4,382966445100,30569681800.0,89023815097.69,4942788725400,326044000000,2347000000.0,8392162077265.7,5771392667397.69,2707446224965.6997
2022-06-15,2718696704653.2,8869818635.4,382966445100,30569681800.0,89637550812.38,4933512455600,326044000000,2347000000.0,8403006105788.6,5762730133312.38,2727566523288.6
2022-06-22,2719970130053.1,8845207157.4,382966445100,30569681800.0,90251422066.79,4933512455600,326044000000,2347000000.0,8404254919710.5,5763344004566.79,2728815337210.5
2022-06-29,2700563694147.8,8764315163.5,382966445100,30569681800.0,90865232690.97,4933487455600,326044000000,2347000000.0,8384742591811.3,5763932815190.97,2709328009311.3
2022-07-06,2700571594147.4,8764315163.5,384342153200,30569681800.0,92000422705.64,4911388017200,326044000000,2347000000.0,8364026761510.9,5744344274905.64,2709335909310.9
2022-07-13,2700572594147.4,8764315163.5,384342153200,30569681800.0,93183774444.3,4911388017200,326044000000,2347000000.0,8364027761510.9,5745527626644.3,2709336909310.9
2022-07-20,2717516852971.2,8744609565.7,374719153200,30569681800.0,91805521507.37,4909888955200,326044000000,2347000000.0,8369830252736.9,5733027311707.37,2726261462536.9004
2022-07-27,2708655013001.6,8724209897.4,374719153200,30569681800.0,92958552685.1,4909888955200,326044000000,2347000000.0,8360948013099.0,5734180342885.1,2717379222899.0
2022-08-03,2708827999919.6,8724209897.4,374719153200,29924645100.0,94240037667.81,4894191329400,326044000000,2347000000.0,8344778337517.0,5719119165367.81,2717552209817.0
2022-08-10,2708843998520.4,8724209897.4,374719153200,29924645100.0,95692410338.37,4894191329400,326044000000,2347000000.0,8344794336117.8,5720571538038.37,2717568208417.8
2022-08-17,2718754180632.5,8719137606.2,374719153200,29924645100.0,97145056661.98,4871342234900,326044000000,2347000000.0,8331850351438.7,5699175089861.98,2727473318238.7
2022-08-24,2717186844490.7,8719137606.2,374719153200,29924645100.0,98597947147.03,4871342234900,326044000000,2347000000.0,8330283015296.9,5700627980347.03,2725905982096.9004
2022-08-31,2700609596470.4,8678673360.9,375760681600,29924645100.0,100117692382.11,4863149800900,326044000000,2347000000.0,8306514397431.3,5694996819982.11,2709288269831.3
2022-09-07,2700612596227.6,8678673360.9,375760681600,29924645100.0,100104733827.68,4863149800900,321820405100,2347000000.0,8302293802288.5,5690760266527.68,2709291269588.5
2022-09-14,2709847164821.4,8678673360.9,375760681600,29924645100.0,100091332450.47,4863149800900,318105035800,2347000000.0,8307813001582.3,5687031495850.47,2718525838182.3
2022-09-21,2706225455534.4,8661193072.9,375760681600,29924645100.0,100078274498.05,4853363800900,314791855000,2347000000.0,8291074631207.3,5673919257098.05,2714886648607.3
2022-09-28,2689556643500.1,8601439876.9,375760681600,29924645100.0,100064898122.55,4853363800900,312733959000,2347000000.0,8272288169977.0,5671847984722.55,2698158083377.0
2022-10-05,2689556643799.3,8601439876.9,375760681600,29924645100.0,100034232940.32,4819507373000,308699048500,2347000000.0,8234396831876.2,5633925981140.32,2698158083676.1997
2022-10-12,2689556643799.3,8601439876.9,375760681600,29924645100.0,99996095687.8,4819507373000,304652388100,2347000000.0,8230350171476.2,5629841183487.8,2698158083676.1997
2022-10-19,2690064401872.5,8586283493.3,375760681600,29924645100.0,99958019554.4,4804742373000,301567050600,2347000000.0,8212992435665.8,5611952769854.4,2698650685365.8
2022-10-26,2669965331590.3,8553872000.9,375760681600,29924645100.0,99919950417.53,4804817373000,298315410300,2347000000.0,8189684313591.2,5608738060417.53,2678519203591.1997
2022-11-02,2669969331509.5,8553872000.9,375760681600,27166210000.0,99961303639.31,4776017850000,296059385200,2347000000.0,8155874330310.4,5574965430439.31,2678523203510.4
2022-11-09,2669970331508.5,8553872000.9,375785681600,27166210000.0,100203170145.36,4776017850000,296059385200,2347000000.0,8155900330309.4,5575232296945.36,2678524203509.4
2022-11-16,2668338128653.3,8542778726.6,375785681600,27166210000.0,100442132862.43,4735597452700,296059385200,2347000000.0,8113836636879.9,5535050862362.43,2676880907379.9
2022-11-23,2663539969470.0,8542778726.6,375785681600,27166210000.0,100714644433.63,4735597452700,296059385200,2347000000.0,8109038477696.6,5535323373933.63,2672082748196.6
2022-11-30,2650236675042.9,8519300173.7,377416407400,27166210000.0,100954399821.6,4714387124100,296059385200,2347000000.0,8076132101916.6,5515983526521.6,2658755975216.6
2022-12-07,2650236675042.9,8519300173.7,377416407400,27166210000.0,101392319682.55,4714387124100,294133442300,2347000000.0,8074206159016.6,5514495503482.55,2658755975216.6
2022-12-14,2650114172506.2,8519300173.7,377416407400,27166210000.0,101830531672.73,4714387124100,292953530700,2347000000.0,8072903744879.9,5513753803872.73,2658633472679.9004
2022-12-21,2644715997051.4,8506405359.8,377416407400,27166210000.0,102269122301.4,4702352124100,291826524600,2347000000.0,8054330668511.2,5501030388401.4,2653222402411.1997
2022-12-28,2632908241678.2,8493603323.6,377416407400,27166210000.0,102707189228.96,4702352124100,291191667100,2347000000.0,8041875253601.8,5500833597828.96,2641401845001.8003
2023-01-04,2632908241678.2,8493603323.6,377416407400,27166210000.0,102832541683.21,4660997185800,289338373300,2347000000.0,7998667021501.8,5457750718183.21,2641401845001.8003
2023-01-11,2632908241678.2,8493603323.6,377416407400,27166210000.0,102722903599.24,4660922185800,288198655500,2347000000.0,7997452303701.8,5456426362299.24,2641401845001.8003
2023-01-18,2631455077988.2,8485351089.4,374979407400,27166210000.0,101905689439.76,4645440325600,287230768200,2347000000.0,7977104140277.6,5436722400639.76,2639940429077.6
2023-01-25,2616273473082.4,8461744179.7,374979407400,27166210000.0,101796827513.8,4645440325600,286199577100,2347000000.0,7960867737362.1,5435582347613.8,2624735217262.1
2023-02-01,2616273473082.4,8461744179.7,374979407400,23428784200.0,101651128962.9,4612307946800,285020936000,2347000000.0,7922819291662.1,5397388203362.9,2624735217262.1
2023-02-08,2616273473082.4,8461744179.7,374979407400,23428784200.0,101285157859.74,4612307946800,285020936000,2347000000.0,7922819291662.1,5397022232259.74,2624735217262.1
2023-02-15,2615050643444.1,8461744179.7,374979407400,23428784200.0,100919636356.05,4580258369800,285020936000,2347000000.0,7889546885023.8,5364607133756.05,2623512387623.8003
2023-02-22,2611788709375.7,8459603607.0,374979407400,23428784200.0,100553774881.44,4580308369800,285020936000,2347000000.0,7886332810382.7,5364291272281.44,2620248312982.7
2023-03-01,2601598207106.5,8441837530.1,377024244500,23428784200.0,100359834521.63,4550313109600,285020936000,2347000000.0,7848174118936.6,5336146908821.63,2610040044636.6
2023-03-08,2601598207106.5,8441837530.1,377024244500,23428784200.0,101221787583.31,4550313109600,283959900800,2347000000.0,7847113083736.6,5335947826683.31,2610040044636.6
2023-03-15,2600298927915.1,8441837530.1,377024244500,23428784200.0,102083398217.11,4543203571100,283186587500,2347000000.0,7837930952745.2,5328926585517.11,2608740765445.2
2023-03-22,2596796903068.7,8438519284.9,377024244500,23428784200.0,102944676010.27,4543203571100,282374230400,2347000000.0,7833613252553.6,5328975506210.27,2605235422353.6
2023-03-29,2586045583389.8,8434456600.7,377024244500,23428784200.0,103806475710.7,4543203571100,281840393500,2347000000.0,7822324033290.5,5329303469010.7,2594480039990.5
2023-04-05,2586045583389.8,8434456600.7,377024244500,23428784200.0,104500076325.41,4494367684000,280966361000,2347000000.0,7772614113690.5,5280287150025.41,2594480039990.5
2023-04-12,2586045583389.6,8434456600.7,377024244500,23428784200.0,105127158101.84,4494367684000,280966361000,2347000000.0,7772614113690.3,5280914231801.84,2594480039990.3003
2023-04-19,2584613192020.7,8429128800.0,365411327600,23428784200.0,103329913538.55,4491933373400,280966361000,2347000000.0,7757129167020.7,5265069759738.55,2593042320820.7
2023-04-26,2567367272820.5,8408888353.9,365411327600,23428784200.0,103938609289.21,4491983373400,280966361000,2347000000.0,7739913007374.4,5265728455489.21,2575776161174.4
2023-05-03,2567371272422.6,8408888353.9,365411327600,20426754000.0,104436827127.83,4451443124100,280966361000,2347000000.0,7696374727476.5,5222684393827.83,2575780160776.5
2023-05-10,2567371272422.6,8408888353.9,365436327600,20426754000.0,104798595245.26,4451443124100,281041361000,2347000000.0,7696474727476.5,5223146161945.26,2575780160776.5
2023-05-17,2566021392062.6,8406394098.3,365436327600,20426754000.0,105149579800.59,4422555952500,281041361000,2347000000.0,7666235181260.9,5194609974900.59,2574427786160.9
2023-05-24,2562018128526.5,8406394098.3,365436327600,20426754000.0,105500867562.44,4422555952500,281041361000,2347000000.0,7662231917724.8,5194961262662.44,2570424522624.8
2023-05-31,2549844564049.6,8391408987.3,368253286500,20426754000.0,105889425869.21,4388626165100,281041361000,2347000000.0,7618930539636.9,5164236992469.21,2558235973036.9
2023-06-07,2549844573680.4,8391408987.3,368253286500,20426754000.0,106449126837.73,4388626165100,278066307600,2347000000.0,7615955495867.7,5161821640037.73,2558235982667.6997
2023-06-14,2549780864372.7,8391408987.3,368253286500,20426754000.0,107008625611.93,4388626165100,275936013700,2347000000.0,7613761492660.0,5160250844911.93,2558172273360.0
2023-06-21,2544961266484.3,8388969632.9,368253286500,20426754000.0,107568408603.76,4376496599800,272966726500,2347000000.0,7593840602917.2,5145711775403.76,2553350236117.1997
2023-06-28,2529753022342.3,8385441212.9,368228286500,20426754000.0,108125500804.07,4376496599800,271802808500,2347000000.0,7577439912355.2,5145079949604.07,2538138463555.1997
2023-07-05,2529753022342.0,8385441212.9,368228286500,20426754000.0,108478984577.34,4340398167700,268928292300,2347000000.0,7538466964054.9,5106460485077.34,2538138463554.9
2023-07-12,2529753022342.0,8385441212.9,368228286500,20426754000.0,108750350147.81,4340398167700,266544412300,2347000000.0,7536083084054.9,5104347970647.81,2538138463554.9
2023-07-19,2529676951663.2,8381642867.5,364549286500,20426754000.0,107896885654.29,4326545550600,263617244900,2347000000.0,7515544430530.7,5083035721654.29,2538058594530.7
2023-07-26,2509187003822.2,8372458136.6,364549286500,20426754000.0,108165431314.1,4326545550600,261294240800,2347000000.0,7492722293858.8,5080981263214.1,2517559461958.8003
2023-08-02,2509187003822.2,8372458136.6,364549286500,17745390600.0,108455193527.62,4297853573900,259421593500,2347000000.0,7459476306458.8,5048025038027.62,2517559461958.8003
2023-08-09,2509187003822.2,8372458136.6,364549286500,17745390600.0,108800490037.16,4297853573900,259421593500,2347000000.0,7459476306458.8,5048370334537.16,2517559461958.8003
2023-08-16,2509113593056.8,8369123770.1,364549286500,17745390600.0,109145013148.99,4255213565800,259421593500,2347000000.0,7416759553226.9,5006074849548.99,2517482716826.9
2023-08-23,2504770803383.1,8369123770.1,364549286500,17745390600.0,109489439281.48,4255288565800,259421593500,2347000000.0,7412491763553.2,5006494275681.48,2513139927153.2
2023-08-30,2490504958518.9,8365107686.6,364549286500,17745390600.0,109834660601.23,4255288565800,259421593500,2347000000.0,7398221902605.5,5006839497001.23,2498870066205.5
2023-09-06,2490504958518.9,8365107686.6,365380447500,17745390600.0,110087175311.39,4237097412800,258161046400,2347000000.0,7379601363505.5,4988471472611.39,2498870066205.5
2023-09-13,2490504958518.8,8365107686.6,365380447500,17770390600.0,110298842357.05,4237047412800,251981704800,2347000000.0,7373397021905.4,4982478798057.05,2498870066205.4
2023-09-20,2486099481184.5,8360111496.6,365380447500,17770390600.0,110510348038.07,4220127857200,246945596800,2347000000.0,7347030884781.1,4960734640138.07,2494459592681.1
2023-09-27,2471406562662.5,8319556466.1,365380447500,17770390600.0,110721675167.08,4220127857200,244137345600,2347000000.0,7329489160028.6,4958137716067.08,2479726119128.6
2023-10-04,2471406562662.5,8319556466.1,365380447500,17770390600.0,111080686372.96,4197645997800,238532553700,2347000000.0,7301402508728.6,4930410075972.96,2479726119128.6
2023-10-11,2471406562662.5,8319556466.1,365380447500,17770390600.0,111550206414.55,4197645997800,236159998900,2347000000.0,7299029953928.6,4928507041214.55,2479726119128.6
2023-10-18,2471339432252.1,8312359267.8,365380447500,17770390600.0,112020003548.62,4183755415900,234531044900,2347000000.0,7283436090419.9,4913457302448.62,2479651791519.9
2023-10-25,2454617609359.0,8289151342.5,365380447500,17770390600.0,112489537757.61,4183755415900,232804073900,2347000000.0,7264964088601.5,4912199865657.61,2462906760701.5
2023-11-01,2454617609359.0,8289151342.5,365380447500,11663111300.0,112931531390.16,4151360766500,231265518200,2347000000.0,7224923604201.5,4872601374890.16,2462906760701.5
2023-11-08,2454617609359.0,8289151342.5,365405447500,11663111300.0,113219417990.24,4151360766500,231265518200,2347000000.0,7224948604201.5,4872914261490.24,2462906760701.5
2023-11-15,2454641775802.2,8289151342.5,365405447500,11663111300.0,113496615401.98,4120788223300,231265518200,2347000000.0,7194400227444.7,4842618915701.98,2462930927144.7
2023-11-22,2451309459034.1,8285623147.1,365405447500,11663111300.0,113814051997.47,4120788223300,231265518200,2347000000.0,7191064382481.2,4842936352297.47,2459595082181.2
2023-11-29,2438765477649.9,8269455895.4,365405447500,11663111300.0,114051345937.94,4120788223300,231265518200,2347000000.0,7178504233845.3,4843173646237.94,2447034933545.3
2023-12-06,2438765477649.9,8269455895.4,365578223700,11663111300.0,114057741346.17,4091112990200,230407907200,2347000000.0,7148144165945.3,4812819973746.17,2447034933545.3
2023-12-13,2438631570765.7,8269455895.4,365578223700,11663111300.0,114016621313.8,4091112990200,227363278500,2347000000.0,7144965630361.1,4809734225013.8,2446901026661.1
2023-12-20,2435227097014.9,8265400682.5,365578223700,11663111300.0,113975015233.51,4077017769800,224094682100,2347000000.0,7124193284597.4,4792328802133.51,2443492497697.4
2023-12-27,2423545109044.4,8227833385.6,365578223700,11663111300.0,113933169888.76,4077017769800,222354473100,2347000000.0,7110733520330.0,4790546747788.76,2431772942430.0
2024-01-03,2423545109143.6,8227833385.6,365578223700,11663111300.0,113816272171.64,4045484306800,216788435700,2347000000.0,7073634020029.2,4753330349671.64,2431772942529.2
2024-01-10,2423545109143.6,8227833385.6,365578223700,11663111300.0,113597873436.81,4045484306800,215191628000,2347000000.0,7072037212329.2,4751515143236.81,2431772942529.2
2024-01-17,2423485080641.1,8224762298.1,360222223700,11663111300.0,111681203482.54,4026708799800,213749267800,2347000000.0,7046400245539.2,4724024606082.54,2431709842939.2
2024-01-24,2420419288902.4,8224762297.5,360222223700,11663111300.0,111466228477.95,4026708799800,212241686200,2347000000.0,7041826872199.9,4722302049477.95,2428644051199.9
2024-01-31,2408935936018.2,8220530275.7,360222223700,7777080800.0,111251032899.57,4003117212100,210353374100,2347000000.0,7000973356993.9,4692720923599.57,2417156466293.9004
2024-02-07,2408935936018.2,8220530275.7,360222223700,7777080800.0,111138295635.92,4003117212100,210353374100,2347000000.0,7000973356993.9,4692608186335.92,2417156466293.9004
2024-02-14,2409006931945.4,8220530275.7,360222223700,7777080800.0,111024961218.47,4003117212100,210353374100,2347000000.0,7001044352921.1,4692494851918.47,2417227462221.1
2024-02-21,2406005100441.9,8215019428.5,360222223700,7777080800.0,110912050664.79,3972155885300,210353374100,2347000000.0,6967075683770.4,4661420614564.79,2414220119870.4
2024-02-28,2395024334420.7,8210688198.4,360222223700,7777080800.0,110798668527.41,3972105885300,210353374100,2347000000.0,6956040586519.1,4661257232427.41,2403235022619.1
2024-03-06,2395024334420.7,8210688198.4,360611595800,7777080800.0,111279544501.11,3942725839900,209311788800,2347000000.0,6926008327919.1,4631705849801.11,2403235022619.1
2024-03-13,2395024334420.7,8210688198.4,360611595800,7777080800.0,111859521636.95,3942775839900,205827198700,2347000000.0,6922573737819.1,4628851236836.95,2403235022619.1
2024-03-20,2391783655670.2,8208422287.3,360611595800,7777080800.0,112439410652.72,3937459289900,202148016600,2347000000.0,6910335061057.5,4620435393752.72,2399992077957.5
2024-03-27,2380239925961.4,8195378578.4,360611595800,7777080800.0,113019071699.58,3937459289900,199214979700,2347000000.0,6895845250739.8,4618082017899.58,2388435304539.8
2024-04-03,2380239925961.4,8195378578.4,360611595800,7777080800.0,113643949644.78,3897986286900,195142926700,2347000000.0,6852300194739.8,4575161839844.78,2388435304539.8
2024-04-10,2380239925961.4,8195378578.4,360611595800,7777080800.0,114328480515.12,3897986286900,195142926700,2347000000.0,6852300194739.8,4575846370715.12,2388435304539.8
2024-04-17,2380057259419.6,8183256479.7,350026554200,7777080800.0,112608533698.62,3873577840600,195142926700,2347000000.0,6817111918199.3,4539132935998.62,2388240515899.3003
2024-04-24,2376536747676.9,8183256479.7,350026554200,7777080800.0,113274443095.67,3873577840600,195142926700,2347000000.0,6813591406456.6,4539798845395.67,2384720004156.6
2024-05-01,2363882894629.4,8165720114.5,350136174400,4591469500.0,113942126401.87,3854093773000,195142926700,2347000000.0,6778359958343.9,4517906470001.87,2372048614743.9
2024-05-08,2363882894629.4,8165720114.5,350161174400,4591469500.0,114626977496.01,3854093773000,195217926700,2347000000.0,6778459958343.9,4518691321096.01,2372048614743.9
2024-05-15,2363817628474.0,8165720114.5,350161174400,4591469500.0,115304466932.42,3822814739300,195217926700,2347000000.0,6747115658488.5,4488089776832.42,2371983348588.5
2024-05-22,2360076208180.9,8163897724.0,350161174400,4591469500.0,115981532958.4,3822814739300,195217926700,2347000000.0,6743372415804.9,4488766842858.4,2368240105904.9
2024-05-29,2346483329626.2,8158983158.9,350161174400,4591469500.0,116659136999.89,3822814739300,195217926700,2347000000.0,6729774622685.1,4489444446899.89,2354642312785.1
2024-06-05,2346483329626.2,8158983158.9,351111057200,6253764600.0,117171567787.79,3791481595000,195217926700,2347000000.0,6701053656285.1,4461235911287.79,2354642312785.1
2024-06-12,2346483329626.2,8158983158.9,351111057200,6253764600.0,117596299778.63,3791481595000,195217926700,2347000000.0,6701053656285.1,4461660643278.63,2354642312785.1
2024-06-18,2346485004267.0,8154822411.9,351111057200,6253764600.0,118022124705.34,3782466575300,195217926700,2347000000.0,6692036150478.9,4453071448505.34,2354639826678.9
2024-06-26,2327852248850.3,8144317828.4,351111057200,6253764600.0,118446773796.41,3782466575300,195292926700,2347000000.0,6673467890478.7,4453571097596.41,2335996566678.6997
2024-07-03,2327852248850.3,8144317828.4,351086057200,6253764600.0,118779966110.39,3766481594900,195292926700,2347000000.0,6657457910078.7,4437894309510.39,2335996566678.6997
2024-07-10,2327852248850.3,8144317828.4,351086057200,6253764600.0,118930582704.14,3766531594900,195292926700,2347000000.0,6657507910078.7,4438094926104.14,2335996566678.6997
2024-07-17,2327789866550.7,8142015231.6,342996184300,6253764600.0,116504585913.59,3762504955300,195292926700,2347000000.0,6645326712682.3,4423552416813.59,2335931881782.3003
2024-07-24,2324073689430.5,8142015231.6,342996184300,6253764600.0,116676701108.31,3762504955300,195292926700,2347000000.0,6641610535562.1,4423724532008.31,2332215704662.1
2024-07-31,2310058453431.1,8132001392.2,344043784700,5825583800.0,116849669231.11,3751602861300,195292926700,2347000000.0,6617302611323.3,4413614825731.11,2318190454823.3003
2024-08-07,2310058453424.6,8132001392.2,344043784700,5825583800.0,116884818401.4,3751602861300,195292926700,2347000000.0,6617302611316.8,4413649974901.4,2318190454816.8003
2024-08-14,2309991925585.6,8132001392.2,344043784700,5825583800.0,116920053573.15,3751602861300,195292926700,2347000000.0,6617236083477.8,4413685210073.15,2318123926977.8003
2024-08-21,2305952318051.1,8126499537.4,344043784700,5850583800.0,116955523175.45,3736593565500,195292926700,2347000000.0,6598206678288.5,4398736383875.45,2314078817588.5
2024-08-28,2291676263872.4,8121400247.7,344043784700,5850583800.0,116990626635.17,3736543565500,195292926700,2347000000.0,6583875524820.1,4398721487335.17,2299797664120.1
2024-09-04,2291676263872.4,8121400247.5,344043784700,5850583800.0,117076832213.32,3726552861200,195292926700,2347000000.0,6573884820519.9,4388816988613.32,2299797664119.9
2024-09-11,2291676263872.4,8121400247.5,344043784700,5850583800.0,117201900979.47,3726627861200,195292926700,2347000000.0,6573959820519.9,4389017057379.47,2299797664119.9
2024-09-18,2291611564385.7,8118246465.6,344043784700,5850583800.0,117326717071.6,3721490972300,195292926700,2347000000.0,6568755078351.3,4384004984571.6,2299729810851.3003
2024-09-25,2273970992789.8,8107049104.3,344043784700,5850583800.0,117451852233.74,3721490972300,195292926700,2347000000.0,6551103309394.1,4384130119733.74,2282078041894.0996
2024-10-02,2273970992789.8,8107049104.3,344394724000,5850583800.0,117566350257.21,3701276921800,195292926700,2347000000.0,6531240198194.1,4364381506557.21,2282078041894.0996
2024-10-09,2273970992789.8,8107049104.3,344394724000,5850583800.0,117651071168.99,3701276921800,195292926700,2347000000.0,6531240198194.1,4364466227468.99,2282078041894.0996
2024-10-16,2273984962066.1,8103435784.6,340930633600,5850583800.0,116951460441.26,3698546149100,195292926700,2347000000.0,6525055691050.7,4357571753641.26,2282088397850.7
2024-10-23,2270512734753.4,8103435784.6,340930633600,5850583800.0,117035582320.2,3698546149100,195292926700,2347000000.0,6521583463738.0,4357655875520.2,2278616170538.0
2024-10-30,2257864914441.3,8097810607.4,340955633600,5850583800.0,117129593003.64,3698596149100,195292926700,2347000000.0,6509005018248.7,4357824886203.64,2265962725048.6997
2024-11-06,2257864914441.3,8097810607.4,341360480200,6345642200.0,117288927838.79,3679675446400,195292926700,2347000000.0,6490984220548.7,4339963423338.79,2265962725048.6997
2024-11-13,2257864914441.3,8097810607.4,341360480200,6345642200.0,117460790921.1,3679600446400,195292926700,2347000000.0,6490909220548.7,4340060286421.1,2265962725048.6997
2024-11-20,2254183764524.0,8095296275.8,341360480200,6345642200.0,117632489248.98,3662306194700,195292926700,2347000000.0,6469931304599.8,4322937733048.98,2262279060799.8
2024-11-27,2240923397994.7,8058331304.6,341360480200,6345642200.0,117828274700.54,3662306194700,195292926700,2347000000.0,6456633973099.3,4323133518500.54,2248981729299.3003
2024-12-04,2240923397994.7,8058331304.6,341360480200,6345642200.0,117945478518.56,3654600446300,195292926700,2347000000.0,6448928224699.3,4315544973918.56,2248981729299.3003
2024-12-11,2240923397994.7,8058331304.6,341360480200,6345642200.0,118065020087.16,3654600446300,195292926700,2347000000.0,6448928224699.3,4315664515487.16,2248981729299.3003
2024-12-18,2240734125965.7,8052803494.4,341360480200,6345642200.0,118184455330.37,3647490119500,195342926700,2347000000.0,6441673098060.1,4308723623930.37,2248786929460.1
2024-12-24,2237426282383.3,8052803494.4,341360480200,6345642200.0,118304018771.44,3647540119500,195342926700,2347000000.0,6438415254477.7,4308893187371.44,2245479085877.6997
2024-12-31,2225215539659.7,8046833112.9,341576877800,6345642200.0,118406920580.05,3629434048600,195342926700,2347000000.0,6408308868072.6,4291106415880.05,2233262372772.6
2025-01-08,2225215539659.7,8046833112.9,341576877800,6345642200.0,118342368947.65,3629459048600,195342926700,2347000000.0,6408333868072.6,4291066864247.65,2233262372772.6
2025-01-15,2225157681774.6,8046833112.9,318893978800,6345642200.0,106742677424.92,3647289591000,195342926700,2347000000.0,6403423653587.5,4274614816124.92,2233204514887.5
2025-01-22,2221793033515.7,8044645532.0,318893978800,6345642200.0,106690950555.85,3647289591000,195342926700,2347000000.0,6400056817747.7,4274563089255.85,2229837679047.7
2025-01-29,2209533357333.2,8025687701.3,318893978800,6345642200.0,106638659278.14,3647289591000,195342926700,2347000000.0,6387778183734.5,4274510797978.14,2217559045034.5
2025-02-05,2209533357333.2,8025687701.3,320004565100,7998521700.0,106650447312.98,3635947549100,195342926700,2347000000.0,6379199607634.5,4265944009912.98,2217559045034.5
2025-02-12,2209533357333.2,8025687701.3,320004565100,7998521700.0,106688633523.75,3635947549100,195342926700,2347000000.0,6379199607634.5,4265982196123.75,2217559045034.5
2025-02-19,2209548459112.0,8023428774.0,320004565100,7998521700.0,106726296488.39,3621178192000,195342926700,2347000000.0,6364443093386.0,4251250501988.39,2217571887886.0
2025-02-26,2195291210344.8,8017477647.6,320004565100,7998521700.0,106764255551.92,3621228192000,195342926700,2347000000.0,6350229893492.4,4251338461051.92,2203308687992.4
2025-03-05,2195291210344.8,8017477647.6,320911678100,10820651200.0,107226820874.94,3607268306500,195342926700,2347000000.0,6339999250492.4,4241570383374.94,2203308687992.4
2025-03-12,2195291210344.8,8017477647.6,320911678100,10820651200.0,107858910848.92,3607268306500,195342926700,2347000000.0,6339999250492.4,4242202473348.92,2203308687992.4
2025-03-19,2195243072909.6,8014397879.6,320911678100,10820651200.0,108490911948.06,3601220405900,195342926700,2347000000.0,6333900132689.2,4236786573848.06,2203257470789.2
2025-03-26,2180991299353.2,8007383227.7,320911678100,10820651200.0,109123158883.47,3601220405900,195342926700,2347000000.0,6319641344480.9,4237418820783.47,2188998682580.9
2025-04-02,2180991299453.1,8007383227.7,321443328300,10820651200.0,109705857871.45,3581736656200,195342926700,2347000000.0,6300689245080.8,4219049420271.45,2188998682680.8
2025-04-09,2180991299453.1,8007383227.7,321443328300,10820651200.0,110152800887.57,3581736656200,195342926700,2347000000.0,6300689245080.8,4219496363287.57,2188998682680.8
2025-04-16,2180871920488.53,8000844913.2,312055391700,10820651200.0,108414353371.43,3590625917200,195342926700,2347000000.0,6300064652201.73,4217259240171.43,2188872765401.73
2025-04-23,2177405602182.7,8000844914.2,312055391700,10820651200.0,108848669863.3,3590625917200,195342926700,2347000000.0,6296598333896.9,4217693556663.3,2185406447096.9
2025-04-30,2164963696634.8,7981211616.2,313767368800,10532824100.0,109287811946.72,3586882199200,195342926700,2347000000.0,6281817227051.0,4215813130746.72,2172944908251.0
2025-05-07,2164963696634.8,7981211616.2,313767368800,10532824100.0,109502305964.63,3586882199200,195417926700,2347000000.0,6281892227051.0,4216102624764.63,2172944908251.0
2025-05-14,2164963696634.8,7981211616.2,313767368800,10532824100.0,109717193129.43,3586957199200,195417926700,2347000000.0,6281967227051.0,4216392511929.43,2172944908251.0
2025-05-21,2161319815139.8,7976485896.8,313767368800,10532824100.0,109931494298.47,3583865868600,195417926700,2347000000.0,6275227289236.6,4213515482498.47,2169296301036.6
2025-05-28,2148191502905.1,7969944231.6,313767368800,10532824100.0,110146357854.12,3583865868600,195417926700,2347000000.0,6262092435336.7,4213730346054.12,2156161447136.7002
2025-06-04,2148191502905.1,7969944231.6,313767368800,10532824100.0,110414469269.3,3581957199100,195417926700,2347000000.0,6260183765836.7,4212089787969.3,2156161447136.7002
2025-06-11,2148191502905.1,7969944231.6,313767368800,10532824100.0,110722613016.31,3581957199100,195417926700,2347000000.0,6260183765836.7,4212397931716.31,2156161447136.7002
2025-06-18,2148201036259.5,7966643182.5,313767368800,10532824100.0,111075019931.74,3581510110800,195417926700,2347000000.0,6259742909842.0,4212303250331.74,2156167679442.0
2025-06-25,2130562970558.5,7932545620.2,313767368800,10532824100.0,111338894550.61,3581560110800,195417926700,2347000000.0,6242120746578.7,4212617124950.61,2138495516178.7
2025-07-02,2130562970558.5,7932545620.2,316031178200,10532824100.0,111624468637.77,3574718389600,195417926700,2347000000.0,6237542834778.7,4208324787237.77,2138495516178.7
2025-07-09,2130562970558.5,7932545620.2,316031178200,10532824100.0,111826106189.86,3574718389600,195417926700,2347000000.0,6237542834778.7,4208526424789.86,2138495516178.7
2025-07-16,2130498581290.2,7927794429.5,307997178200,10532824100.0,109181976458.78,3583318204600,195492926700,2347000000.0,6238114509319.7,4206523110058.78,2138426375719.7
2025-07-23,2126855880617.8,7927794429.5,307997178200,10532824100.0,109378701926.85,3583318204600,195492926700,2347000000.0,6234471808647.3,4206719835526.85,2134783675047.3
2025-07-30,2112755238384.7,7916844665.4,307997178200,10532824100.0,109575068530.7,3583318204600,195492926700,2347000000.0,6220360216650.1,4206916202130.7,2120672083050.0999
2025-08-06,2112755238384.7,7916844665.4,309427193800,12575703600.0,109881434226.1,3577123691100,195492926700,2347000000.0,6217638598250.1,4204500949426.1,2120672083050.0999
2025-08-13,2112688966390.7,7916844665.4,309427193800,12575703600.0,110203822662.23,3577123691100,195492926700,2347000000.0,6217572326256.1,4204823337862.23,2120605811056.0999
2025-08-20,2108857238065.2,7907243398.3,309427193800,12575703600.0,110526469144.78,3573931158900,195492926700,2347000000.0,6210538464463.5,4201953452144.78,2116764481463.5
2025-08-27,2094945324575.0,7900952567.3,309427193800,12575703600.0,110849165848.68,3574006158900,195492926700,2347000000.0,6196695260142.3,4202351148848.68,2102846277142.3
2025-09-03,2094945324575.0,7900952567.3,309452193800,12575703600.0,111098305947.72,3572198691000,195492926700,2347000000.0,6194912792242.3,4200817821047.72,2102846277142.3
2025-09-10,2094945324575.0,7900952567.3,309452193800,12575703600.0,111246569362.2,3572148691000,195492926700,2347000000.0,6194862792242.3,4200916084462.2,2102846277142.3
2025-09-17,2094885411093.6,7897668782.5,309452193800,12575703600.0,111394691870.25,3572148691000,195492926700,2347000000.0,6194799594976.1,4201064206970.25,2102783079876.1
2025-09-24,2091317008393.0,7897668782.5,309452193800,12575703600.0,111542913512.62,3572148691000,195492926700,2347000000.0,6191231192275.5,4201212428612.62,2099214677175.5
2025-10-01,2078092682731.9,7890514236.3,310501343000,12575703600.0,111715428255.08,3566099541800,195492926700,2347000000.0,6172999712068.2,4196384943355.08,2085983196968.2
2025-10-08,2078092682731.9,7890514236.3,310501343000,12575703600.0,111989058546.9,3566099541800,195492926700,2347000000.0,6172999712068.2,4196658573646.9,2085983196968.2
2025-10-15,2078105457242.3,7890514236.3,308198180300,12575703600.0,111694543079.78,3568308575000,195492926700,2347000000.0,6172918357078.6,4196269928679.78,2085995971478.6
2025-10-22,2074717007000.2,7888689494.8,308198180300,12575703600.0,111966546576.05,3568233575000,195492926700,2347000000.0,6169453082095.0,4196466932176.05,2082605696495.0
2025-10-29,2062093057414.7,7869787845.3,308198180300,12575703600.0,112238701908.16,3568233575000,195492926700,2347000000.0,6156810230860.0,4196739087508.16,2069962845260.0
2025-11-05,2062093057414.7,7869787845.3,309716153400,14298365000.0,112505175322.92,3560730145000,195492926700,2347000000.0,6152547435360.0,4192742765422.92,2069962845260.0
2025-11-12,2062093057414.7,7869787845.3,309716153400,14298365000.0,112755737592.04,3560730145000,195492926700,2347000000.0,6152547435360.0,4192993327692.04,2069962845260.0
2025-11-19,2062040358224.7,7866384420.8,309716153400,14298365000.0,113006371280.14,3558424762700,195492926700,2347000000.0,6150185950445.5,4190938579080.14,2069906742645.5
2025-11-26,2045824659652.1,7840642989.2,309716153400,14298365000.0,113292460106.48,3558424762700,195492926700,2347000000.0,6133944510441.3,4191224667906.48,2053665302641.3
2025-12-03,2045824659652.1,7840642989.2,309716153400,14298365000.0,113500974592.45,3555730144900,195492926700,2347000000.0,6131249892641.3,4188738564592.45,2053665302641.3
2025-12-10,2045824659652.1,7840642989.2,309716153400,14298365000.0,113737279848.0,3555730144900,195492926700,2347000000.0,6131249892641.3,4188974869848.0,2053665302641.3
2025-12-17,2045638704812.8,7837683456.7,309716153400,14298365000.0,113973762966.08,3555730144900,210460926700,2347000000.0,6146028978269.5,4204179352966.08,2053476388269.5
2025-12-24,2042736862233.9,7837683456.7,309716153400,14298365000.0,114243935241.01,3555730144900,233591926700,2347000000.0,6166258135690.6,4227580525241.01,2050574545690.5999
