DATE,walcl,soma,rrp,tga,reserves,iorb,sofr,ff_upper,ff_lower,effr,onrrp_rate,discount_rate,t_bill_1m,srf_rate,currency,primary_credit,secondary_credit,seasonal_credit,ppplf,btfp,other_credit,net_liquidity
2018-01-01,,,,,2214.601,,,1.5,1.25,,,2.0,,,1611.341,,,,,,,
2018-01-02,,,136.967,,2214.601,,,1.5,1.25,1.42,1.25,2.0,1.29,,1611.341,,,,,,,
2018-01-03,4443718.0,4217528.0,131.622,211566.0,2214.601,,,1.5,1.25,1.42,1.25,2.0,1.29,,1611.341,38.0,0.0,6.0,0.0,0.0,0.0,4100530.0
2018-01-04,4443718.0,4217528.0,76.624,211566.0,2214.601,,,1.5,1.25,1.42,1.25,2.0,1.28,,1611.341,38.0,0.0,6.0,0.0,0.0,0.0,4155528.0
2018-01-05,4443718.0,4217528.0,63.804,211566.0,2214.601,,,1.5,1.25,1.42,1.25,2.0,1.27,,1611.341,38.0,0.0,6.0,0.0,0.0,0.0,4168348.0
2018-01-06,4443718.0,4217528.0,63.804,211566.0,2214.601,,,1.5,1.25,1.42,1.25,2.0,1.27,,1611.341,38.0,0.0,6.0,0.0,0.0,0.0,4168348.0
2018-01-07,4443718.0,4217528.0,63.804,211566.0,2214.601,,,1.5,1.25,1.42,1.25,2.0,1.27,,1611.341,38.0,0.0,6.0,0.0,0.0,0.0,4168348.0
2018-01-08,4443718.0,4217528.0,63.531,211566.0,2214.601,,,1.5,1.25,1.42,1.25,2.0,1.3,,1611.341,38.0,0.0,6.0,0.0,0.0,0.0,4168621.0
2018-01-09,4443718.0,4217528.0,56.468,211566.0,2214.601,,,1.5,1.25,1.42,1.25,2.0,1.27,,1611.341,38.0,0.0,6.0,0.0,0.0,0.0,4175684.0
2018-01-10,4446062.0,4217530.0,57.954,206215.0,2214.601,,,1.5,1.25,1.42,1.25,2.0,1.31,,1611.341,107.0,0.0,2.0,0.0,0.0,0.0,4181893.0
2018-01-11,4446062.0,4217530.0,33.597,206215.0,2214.601,,,1.5,1.25,1.42,1.25,2.0,1.32,,1611.341,107.0,0.0,2.0,0.0,0.0,0.0,4206250.0
2018-01-12,4446062.0,4217530.0,21.59,206215.0,2214.601,,,1.5,1.25,1.42,1.25,2.0,1.31,,1611.341,107.0,0.0,2.0,0.0,0.0,0.0,4218257.0
2018-01-13,4446062.0,4217530.0,21.59,206215.0,2214.601,,,1.5,1.25,1.42,1.25,2.0,1.31,,1611.341,107.0,0.0,2.0,0.0,0.0,0.0,4218257.0
2018-01-14,4446062.0,4217530.0,21.59,206215.0,2214.601,,,1.5,1.25,1.42,1.25,2.0,1.31,,1611.341,107.0,0.0,2.0,0.0,0.0,0.0,4218257.0
2018-01-15,4446062.0,4217530.0,21.59,206215.0,2214.601,,,1.5,1.25,1.42,1.25,2.0,1.31,,1611.341,107.0,0.0,2.0,0.0,0.0,0.0,4218257.0
2018-01-16,4446062.0,4217530.0,22.003,206215.0,2214.601,,,1.5,1.25,1.42,1.25,2.0,1.33,,1611.341,107.0,0.0,2.0,0.0,0.0,0.0,4217844.0
2018-01-17,4439145.0,4221749.0,20.548,227665.0,2214.601,,,1.5,1.25,1.42,1.25,2.0,1.31,,1611.341,96.0,0.0,2.0,0.0,0.0,0.0,4190932.0
2018-01-18,4439145.0,4221749.0,22.804,227665.0,2214.601,,,1.5,1.25,1.42,1.25,2.0,1.29,,1611.341,96.0,0.0,2.0,0.0,0.0,0.0,4188676.0
2018-01-19,4439145.0,4221749.0,22.196,227665.0,2214.601,,,1.5,1.25,1.42,1.25,2.0,1.28,,1611.341,96.0,0.0,2.0,0.0,0.0,0.0,4189284.0
2018-01-20,4439145.0,4221749.0,22.196,227665.0,2214.601,,,1.5,1.25,1.42,1.25,2.0,1.28,,1611.341,96.0,0.0,2.0,0.0,0.0,0.0,4189284.0
2018-01-21,4439145.0,4221749.0,22.196,227665.0,2214.601,,,1.5,1.25,1.42,1.25,2.0,1.28,,1611.341,96.0,0.0,2.0,0.0,0.0,0.0,4189284.0
2018-01-22,4439145.0,4221749.0,28.706,227665.0,2214.601,,,1.5,1.25,1.42,1.25,2.0,1.27,,1611.341,96.0,0.0,2.0,0.0,0.0,0.0,4182774.0
2018-01-23,4439145.0,4221749.0,31.791,227665.0,2214.601,,,1.5,1.25,1.42,1.25,2.0,1.26,,1611.341,96.0,0.0,2.0,0.0,0.0,0.0,4179689.0
2018-01-24,4441317.0,4222454.0,36.371,269118.0,2214.601,,,1.5,1.25,1.42,1.25,2.0,1.25,,1611.341,48.0,0.0,6.0,0.0,0.0,0.0,4135828.0
2018-01-25,4441317.0,4222454.0,19.891,269118.0,2214.601,,,1.5,1.25,1.42,1.25,2.0,1.23,,1611.341,48.0,0.0,6.0,0.0,0.0,0.0,4152308.0
2018-01-26,4441317.0,4222454.0,21.427,269118.0,2214.601,,,1.5,1.25,1.42,1.25,2.0,1.24,,1611.341,48.0,0.0,6.0,0.0,0.0,0.0,4150772.0
2018-01-27,4441317.0,4222454.0,21.427,269118.0,2214.601,,,1.5,1.25,1.42,1.25,2.0,1.24,,1611.341,48.0,0.0,6.0,0.0,0.0,0.0,4150772.0
2018-01-28,4441317.0,4222454.0,21.427,269118.0,2214.601,,,1.5,1.25,1.42,1.25,2.0,1.24,,1611.341,48.0,0.0,6.0,0.0,0.0,0.0,4150772.0
2018-01-29,4441317.0,4222454.0,23.98,269118.0,2214.601,,,1.5,1.25,1.42,1.25,2.0,1.28,,1611.341,48.0,0.0,6.0,0.0,0.0,0.0,4148219.0
2018-01-30,4441317.0,4222454.0,31.766,269118.0,2214.601,,,1.5,1.25,1.42,1.25,2.0,1.49,,1611.341,48.0,0.0,6.0,0.0,0.0,0.0,4140433.0
2018-01-31,4419225.0,4201346.0,65.797,270244.0,2214.601,,,1.5,1.25,1.34,1.25,2.0,1.43,,1611.341,46.0,0.0,8.0,0.0,0.0,0.0,4083184.0
2018-02-01,4419225.0,4201346.0,31.825,270244.0,2238.775,,,1.5,1.25,1.42,1.25,2.0,1.41,,1616.281,46.0,0.0,8.0,0.0,0.0,0.0,4117156.0
2018-02-02,4419225.0,4201346.0,43.931,270244.0,2238.775,,,1.5,1.25,1.42,1.25,2.0,1.4,,1616.281,46.0,0.0,8.0,0.0,0.0,0.0,4105050.0
2018-02-03,4419225.0,4201346.0,43.931,270244.0,2238.775,,,1.5,1.25,1.42,1.25,2.0,1.4,,1616.281,46.0,0.0,8.0,0.0,0.0,0.0,4105050.0
2018-02-04,4419225.0,4201346.0,43.931,270244.0,2238.775,,,1.5,1.25,1.42,1.25,2.0,1.4,,1616.281,46.0,0.0,8.0,0.0,0.0,0.0,4105050.0
2018-02-05,4419225.0,4201346.0,59.008,270244.0,2238.775,,,1.5,1.25,1.42,1.25,2.0,1.4,,1616.281,46.0,0.0,8.0,0.0,0.0,0.0,4089973.0
2018-02-06,4419225.0,4201346.0,49.214,270244.0,2238.775,,,1.5,1.25,1.42,1.25,2.0,1.48,,1616.281,46.0,0.0,8.0,0.0,0.0,0.0,4099767.0
2018-02-07,4420745.0,4201327.0,48.12,203936.0,2238.775,,,1.5,1.25,1.42,1.25,2.0,1.36,,1616.281,19.0,0.0,13.0,0.0,0.0,0.0,4168689.0
2018-02-08,4420745.0,4201327.0,33.272,203936.0,2238.775,,,1.5,1.25,1.42,1.25,2.0,1.32,,1616.281,19.0,0.0,13.0,0.0,0.0,0.0,4183537.0
2018-02-09,4420745.0,4201327.0,36.567,203936.0,2238.775,,,1.5,1.25,1.42,1.25,2.0,1.31,,1616.281,19.0,0.0,13.0,0.0,0.0,0.0,4180242.0
2018-02-10,4420745.0,4201327.0,36.567,203936.0,2238.775,,,1.5,1.25,1.42,1.25,2.0,1.31,,1616.281,19.0,0.0,13.0,0.0,0.0,0.0,4180242.0
2018-02-11,4420745.0,4201327.0,36.567,203936.0,2238.775,,,1.5,1.25,1.42,1.25,2.0,1.31,,1616.281,19.0,0.0,13.0,0.0,0.0,0.0,4180242.0
2018-02-12,4420745.0,4201327.0,30.631,203936.0,2238.775,,,1.5,1.25,1.42,1.25,2.0,1.35,,1616.281,19.0,0.0,13.0,0.0,0.0,0.0,4186178.0
2018-02-13,4420745.0,4201327.0,43.137,203936.0,2238.775,,,1.5,1.25,1.42,1.25,2.0,1.34,,1616.281,19.0,0.0,13.0,0.0,0.0,0.0,4173672.0
2018-02-14,4434863.0,4212491.0,38.518,197681.0,2238.775,,,1.5,1.25,1.42,1.25,2.0,1.32,,1616.281,2.0,0.0,16.0,0.0,0.0,0.0,4198664.0
2018-02-15,4434863.0,4212491.0,29.08,197681.0,2238.775,,,1.5,1.25,1.42,1.25,2.0,1.3,,1616.281,2.0,0.0,16.0,0.0,0.0,0.0,4208102.0
2018-02-16,4434863.0,4212491.0,29.615,197681.0,2238.775,,,1.5,1.25,1.42,1.25,2.0,1.35,,1616.281,2.0,0.0,16.0,0.0,0.0,0.0,4207567.0
2018-02-17,4434863.0,4212491.0,29.615,197681.0,2238.775,,,1.5,1.25,1.42,1.25,2.0,1.35,,1616.281,2.0,0.0,16.0,0.0,0.0,0.0,4207567.0
2018-02-18,4434863.0,4212491.0,29.615,197681.0,2238.775,,,1.5,1.25,1.42,1.25,2.0,1.35,,1616.281,2.0,0.0,16.0,0.0,0.0,0.0,4207567.0
2018-02-19,4434863.0,4212491.0,29.615,197681.0,2238.775,,,1.5,1.25,1.42,1.25,2.0,1.35,,1616.281,2.0,0.0,16.0,0.0,0.0,0.0,4207567.0
2018-02-20,4434863.0,4212491.0,32.495,197681.0,2238.775,,,1.5,1.25,1.42,1.25,2.0,1.39,,1616.281,2.0,0.0,16.0,0.0,0.0,0.0,4204687.0
2018-02-21,4411660.0,4205755.0,45.171,214677.0,2238.775,,,1.5,1.25,1.42,1.25,2.0,1.4,,1616.281,18.0,0.0,15.0,0.0,0.0,0.0,4151812.0
2018-02-22,4411660.0,4205755.0,36.32,214677.0,2238.775,,,1.5,1.25,1.42,1.25,2.0,1.34,,1616.281,18.0,0.0,15.0,0.0,0.0,0.0,4160663.0
2018-02-23,4411660.0,4205755.0,15.875,214677.0,2238.775,,,1.5,1.25,1.42,1.25,2.0,1.38,,1616.281,18.0,0.0,15.0,0.0,0.0,0.0,4181108.0
2018-02-24,4411660.0,4205755.0,15.875,214677.0,2238.775,,,1.5,1.25,1.42,1.25,2.0,1.38,,1616.281,18.0,0.0,15.0,0.0,0.0,0.0,4181108.0
2018-02-25,4411660.0,4205755.0,15.875,214677.0,2238.775,,,1.5,1.25,1.42,1.25,2.0,1.38,,1616.281,18.0,0.0,15.0,0.0,0.0,0.0,4181108.0
2018-02-26,4411660.0,4205755.0,9.36,214677.0,2238.775,,,1.5,1.25,1.42,1.25,2.0,1.39,,1616.281,18.0,0.0,15.0,0.0,0.0,0.0,4187623.0
2018-02-27,4411660.0,4205755.0,19.729,214677.0,2238.775,,,1.5,1.25,1.42,1.25,2.0,1.49,,1616.281,18.0,0.0,15.0,0.0,0.0,0.0,4177254.0
2018-02-28,4393401.0,4188604.0,44.51,202620.0,2238.775,,,1.5,1.25,1.35,1.25,2.0,1.5,,1616.281,13.0,0.0,14.0,0.0,0.0,0.0,4146271.0
2018-03-01,4393401.0,4188604.0,14.334,202620.0,2167.009,,,1.5,1.25,1.42,1.25,2.0,1.5,,1633.038,13.0,0.0,14.0,0.0,0.0,0.0,4176447.0
2018-03-02,4393401.0,4188604.0,15.642,202620.0,2167.009,,,1.5,1.25,1.42,1.25,2.0,1.5,,1633.038,13.0,0.0,14.0,0.0,0.0,0.0,4175139.0
2018-03-03,4393401.0,4188604.0,15.642,202620.0,2167.009,,,1.5,1.25,1.42,1.25,2.0,1.5,,1633.038,13.0,0.0,14.0,0.0,0.0,0.0,4175139.0
2018-03-04,4393401.0,4188604.0,15.642,202620.0,2167.009,,,1.5,1.25,1.42,1.25,2.0,1.5,,1633.038,13.0,0.0,14.0,0.0,0.0,0.0,4175139.0
2018-03-05,4393401.0,4188604.0,15.23,202620.0,2167.009,,,1.5,1.25,1.42,1.25,2.0,1.53,,1633.038,13.0,0.0,14.0,0.0,0.0,0.0,4175551.0
2018-03-06,4393401.0,4188604.0,11.205,202620.0,2167.009,,,1.5,1.25,1.42,1.25,2.0,1.56,,1633.038,13.0,0.0,14.0,0.0,0.0,0.0,4179576.0
2018-03-07,4396097.0,4188784.0,14.295,195071.0,2167.009,,,1.5,1.25,1.42,1.25,2.0,1.57,,1633.038,3.0,0.0,8.0,0.0,0.0,0.0,4186731.0
2018-03-08,4396097.0,4188784.0,6.963,195071.0,2167.009,,,1.5,1.25,1.42,1.25,2.0,1.57,,1633.038,3.0,0.0,8.0,0.0,0.0,0.0,4194063.0
2018-03-09,4396097.0,4188784.0,3.247,195071.0,2167.009,,,1.5,1.25,1.42,1.25,2.0,1.57,,1633.038,3.0,0.0,8.0,0.0,0.0,0.0,4197779.0
2018-03-10,4396097.0,4188784.0,3.247,195071.0,2167.009,,,1.5,1.25,1.42,1.25,2.0,1.57,,1633.038,3.0,0.0,8.0,0.0,0.0,0.0,4197779.0
2018-03-11,4396097.0,4188784.0,3.247,195071.0,2167.009,,,1.5,1.25,1.42,1.25,2.0,1.57,,1633.038,3.0,0.0,8.0,0.0,0.0,0.0,4197779.0
2018-03-12,4396097.0,4188784.0,1.77,195071.0,2167.009,,,1.5,1.25,1.42,1.25,2.0,1.6,,1633.038,3.0,0.0,8.0,0.0,0.0,0.0,4199256.0
2018-03-13,4396097.0,4188784.0,2.145,195071.0,2167.009,,,1.5,1.25,1.42,1.25,2.0,1.64,,1633.038,3.0,0.0,8.0,0.0,0.0,0.0,4198881.0
2018-03-14,4407258.0,4197541.0,4.97,249929.0,2167.009,,,1.5,1.25,1.42,1.25,2.0,1.71,,1633.038,4.0,0.0,11.0,0.0,0.0,0.0,4152359.0
2018-03-15,4407258.0,4197541.0,3.746,249929.0,2167.009,,,1.5,1.25,1.43,1.25,2.0,1.7,,1633.038,4.0,0.0,11.0,0.0,0.0,0.0,4153583.0
2018-03-16,4407258.0,4197541.0,10.28,249929.0,2167.009,,,1.5,1.25,1.43,1.25,2.0,1.71,,1633.038,4.0,0.0,11.0,0.0,0.0,0.0,4147049.0
2018-03-17,4407258.0,4197541.0,10.28,249929.0,2167.009,,,1.5,1.25,1.43,1.25,2.0,1.71,,1633.038,4.0,0.0,11.0,0.0,0.0,0.0,4147049.0
2018-03-18,4407258.0,4197541.0,10.28,249929.0,2167.009,,,1.5,1.25,1.43,1.25,2.0,1.71,,1633.038,4.0,0.0,11.0,0.0,0.0,0.0,4147049.0
2018-03-19,4407258.0,4197541.0,7.82,249929.0,2167.009,,,1.5,1.25,1.43,1.25,2.0,1.7,,1633.038,4.0,0.0,11.0,0.0,0.0,0.0,4149509.0
2018-03-20,4407258.0,4197541.0,11.95,249929.0,2167.009,,,1.5,1.25,1.44,1.25,2.0,1.76,,1633.038,4.0,0.0,11.0,0.0,0.0,0.0,4145379.0
2018-03-21,4401222.0,4192285.0,20.586,316454.0,2167.009,,,1.5,1.25,1.44,1.25,2.0,1.71,,1633.038,0.0,0.0,14.0,0.0,0.0,0.0,4064182.0
2018-03-22,4401222.0,4192285.0,11.592,316454.0,2167.009,,,1.75,1.5,1.68,1.5,2.25,1.67,,1633.038,0.0,0.0,14.0,0.0,0.0,0.0,4073176.0
2018-03-23,4401222.0,4192285.0,10.45,316454.0,2167.009,,,1.75,1.5,1.68,1.5,2.25,1.69,,1633.038,0.0,0.0,14.0,0.0,0.0,0.0,4074318.0
2018-03-24,4401222.0,4192285.0,10.45,316454.0,2167.009,,,1.75,1.5,1.68,1.5,2.25,1.69,,1633.038,0.0,0.0,14.0,0.0,0.0,0.0,4074318.0
2018-03-25,4401222.0,4192285.0,10.45,316454.0,2167.009,,,1.75,1.5,1.68,1.5,2.25,1.69,,1633.038,0.0,0.0,14.0,0.0,0.0,0.0,4074318.0
2018-03-26,4401222.0,4192285.0,5.921,316454.0,2167.009,,,1.75,1.5,1.68,1.5,2.25,1.71,,1633.038,0.0,0.0,14.0,0.0,0.0,0.0,4078847.0
2018-03-27,4401222.0,4192285.0,9.62,316454.0,2167.009,,,1.75,1.5,1.68,1.5,2.25,1.69,,1633.038,0.0,0.0,14.0,0.0,0.0,0.0,4075148.0
2018-03-28,4392198.0,4183642.0,17.898,318858.0,2167.009,,,1.75,1.5,1.68,1.5,2.25,1.65,,1633.038,2.0,0.0,14.0,0.0,0.0,0.0,4055442.0
2018-03-29,4392198.0,4183642.0,17.898,318858.0,2167.009,,,1.75,1.5,1.68,1.5,2.25,1.63,,1633.038,2.0,0.0,14.0,0.0,0.0,0.0,4055442.0
2018-03-30,4392198.0,4183642.0,17.898,318858.0,2167.009,,,1.75,1.5,1.67,1.5,2.25,1.63,,1633.038,2.0,0.0,14.0,0.0,0.0,0.0,4055442.0
2018-03-31,4392198.0,4183642.0,17.898,318858.0,2167.009,,,1.75,1.5,1.67,1.5,2.25,1.63,,1633.038,2.0,0.0,14.0,0.0,0.0,0.0,4055442.0
2018-04-01,4392198.0,4183642.0,17.898,318858.0,2086.192,,,1.75,1.5,1.67,1.5,2.25,1.63,,1639.951,2.0,0.0,14.0,0.0,0.0,0.0,4055442.0
2018-04-02,4392198.0,4183642.0,3.823,318858.0,2086.192,,,1.75,1.5,1.68,1.5,2.25,1.68,,1639.951,2.0,0.0,14.0,0.0,0.0,0.0,4069517.0
2018-04-03,4392198.0,4183642.0,8.695,318858.0,2086.192,,1.83,1.75,1.5,1.69,1.5,2.25,1.7,,1639.951,2.0,0.0,14.0,0.0,0.0,0.0,4064645.0
2018-04-04,4386104.0,4171790.0,4.57,303916.0,2086.192,,1.74,1.75,1.5,1.69,1.5,2.25,1.67,,1639.951,2.0,0.0,23.0,0.0,0.0,0.0,4077618.0
2018-04-05,4386104.0,4171790.0,4.645,303916.0,2086.192,,1.75,1.75,1.5,1.69,1.5,2.25,1.67,,1639.951,2.0,0.0,23.0,0.0,0.0,0.0,4077543.0
2018-04-06,4386104.0,4171790.0,4.895,303916.0,2086.192,,1.75,1.75,1.5,1.69,1.5,2.25,1.68,,1639.951,2.0,0.0,23.0,0.0,0.0,0.0,4077293.0
2018-04-07,4386104.0,4171790.0,4.895,303916.0,2086.192,,1.75,1.75,1.5,1.69,1.5,2.25,1.68,,1639.951,2.0,0.0,23.0,0.0,0.0,0.0,4077293.0
2018-04-08,4386104.0,4171790.0,4.895,303916.0,2086.192,,1.75,1.75,1.5,1.69,1.5,2.25,1.68,,1639.951,2.0,0.0,23.0,0.0,0.0,0.0,4077293.0
2018-04-09,4386104.0,4171790.0,4.07,303916.0,2086.192,,1.75,1.75,1.5,1.69,1.5,2.25,1.67,,1639.951,2.0,0.0,23.0,0.0,0.0,0.0,4078118.0
2018-04-10,4386104.0,4171790.0,3.99,303916.0,2086.192,,1.75,1.75,1.5,1.69,1.5,2.25,1.63,,1639.951,2.0,0.0,23.0,0.0,0.0,0.0,4078198.0
2018-04-11,4383684.0,4171820.0,2.361,294083.0,2086.192,,1.76,1.75,1.5,1.69,1.5,2.25,1.64,,1639.951,0.0,0.0,30.0,0.0,0.0,0.0,4087240.0
2018-04-12,4383684.0,4171820.0,4.12,294083.0,2086.192,,1.73,1.75,1.5,1.69,1.5,2.25,1.65,,1639.951,0.0,0.0,30.0,0.0,0.0,0.0,4085481.0
2018-04-13,4383684.0,4171820.0,3.471,294083.0,2086.192,,1.72,1.75,1.5,1.69,1.5,2.25,1.64,,1639.951,0.0,0.0,30.0,0.0,0.0,0.0,4086130.0
2018-04-14,4383684.0,4171820.0,3.471,294083.0,2086.192,,1.72,1.75,1.5,1.69,1.5,2.25,1.64,,1639.951,0.0,0.0,30.0,0.0,0.0,0.0,4086130.0
2018-04-15,4383684.0,4171820.0,3.471,294083.0,2086.192,,1.72,1.75,1.5,1.69,1.5,2.25,1.64,,1639.951,0.0,0.0,30.0,0.0,0.0,0.0,4086130.0
2018-04-16,4383684.0,4171820.0,3.372,294083.0,2086.192,,1.77,1.75,1.5,1.69,1.5,2.25,1.64,,1639.951,0.0,0.0,30.0,0.0,0.0,0.0,4086229.0
2018-04-17,4383684.0,4171820.0,3.971,294083.0,2086.192,,1.76,1.75,1.5,1.69,1.5,2.25,1.68,,1639.951,0.0,0.0,30.0,0.0,0.0,0.0,4085630.0
2018-04-18,4385903.0,4173760.0,14.021,275246.0,2086.192,,1.75,1.75,1.5,1.69,1.5,2.25,1.67,,1639.951,10.0,0.0,33.0,0.0,0.0,0.0,4096636.0
2018-04-19,4385903.0,4173760.0,13.92,275246.0,2086.192,,1.73,1.75,1.5,1.69,1.5,2.25,1.67,,1639.951,10.0,0.0,33.0,0.0,0.0,0.0,4096737.0
2018-04-20,4385903.0,4173760.0,12.02,275246.0,2086.192,,1.72,1.75,1.5,1.7,1.5,2.25,1.65,,1639.951,10.0,0.0,33.0,0.0,0.0,0.0,4098637.0
2018-04-21,4385903.0,4173760.0,12.02,275246.0,2086.192,,1.72,1.75,1.5,1.7,1.5,2.25,1.65,,1639.951,10.0,0.0,33.0,0.0,0.0,0.0,4098637.0
2018-04-22,4385903.0,4173760.0,12.02,275246.0,2086.192,,1.72,1.75,1.5,1.7,1.5,2.25,1.65,,1639.951,10.0,0.0,33.0,0.0,0.0,0.0,4098637.0
2018-04-23,4385903.0,4173760.0,10.821,275246.0,2086.192,,1.7,1.75,1.5,1.7,1.5,2.25,1.69,,1639.951,10.0,0.0,33.0,0.0,0.0,0.0,4099836.0
2018-04-24,4385903.0,4173760.0,9.532,275246.0,2086.192,,1.71,1.75,1.5,1.7,1.5,2.25,1.7,,1639.951,10.0,0.0,33.0,0.0,0.0,0.0,4101125.0
2018-04-25,4372886.0,4162576.0,3.57,359599.0,2086.192,,1.71,1.75,1.5,1.7,1.5,2.25,1.65,,1639.951,34.0,0.0,53.0,0.0,0.0,0.0,4009717.0
2018-04-26,4372886.0,4162576.0,3.795,359599.0,2086.192,,1.72,1.75,1.5,1.7,1.5,2.25,1.62,,1639.951,34.0,0.0,53.0,0.0,0.0,0.0,4009492.0
2018-04-27,4372886.0,4162576.0,2.92,359599.0,2086.192,,1.72,1.75,1.5,1.7,1.5,2.25,1.62,,1639.951,34.0,0.0,53.0,0.0,0.0,0.0,4010367.0
2018-04-28,4372886.0,4162576.0,2.92,359599.0,2086.192,,1.72,1.75,1.5,1.7,1.5,2.25,1.62,,1639.951,34.0,0.0,53.0,0.0,0.0,0.0,4010367.0
2018-04-29,4372886.0,4162576.0,2.92,359599.0,2086.192,,1.72,1.75,1.5,1.7,1.5,2.25,1.62,,1639.951,34.0,0.0,53.0,0.0,0.0,0.0,4010367.0
2018-04-30,4372886.0,4162576.0,13.83,359599.0,2086.192,,1.77,1.75,1.5,1.69,1.5,2.25,1.65,,1639.951,34.0,0.0,53.0,0.0,0.0,0.0,3999457.0
2018-05-01,4372886.0,4162576.0,3.82,359599.0,2022.453,,1.76,1.75,1.5,1.7,1.5,2.25,1.68,,1650.879,34.0,0.0,53.0,0.0,0.0,0.0,4009467.0
2018-05-02,4356129.0,4144823.0,6.52,399984.0,2022.453,,1.75,1.75,1.5,1.7,1.5,2.25,1.69,,1650.879,160.0,0.0,61.0,0.0,0.0,0.0,3949625.0
2018-05-03,4356129.0,4144823.0,5.775,399984.0,2022.453,,1.74,1.75,1.5,1.7,1.5,2.25,1.68,,1650.879,160.0,0.0,61.0,0.0,0.0,0.0,3950370.0
2018-05-04,4356129.0,4144823.0,5.415,399984.0,2022.453,,1.72,1.75,1.5,1.7,1.5,2.25,1.67,,1650.879,160.0,0.0,61.0,0.0,0.0,0.0,3950730.0
2018-05-05,4356129.0,4144823.0,5.415,399984.0,2022.453,,1.72,1.75,1.5,1.7,1.5,2.25,1.67,,1650.879,160.0,0.0,61.0,0.0,0.0,0.0,3950730.0
2018-05-06,4356129.0,4144823.0,5.415,399984.0,2022.453,,1.72,1.75,1.5,1.7,1.5,2.25,1.67,,1650.879,160.0,0.0,61.0,0.0,0.0,0.0,3950730.0
2018-05-07,4356129.0,4144823.0,3.22,399984.0,2022.453,,1.71,1.75,1.5,1.7,1.5,2.25,1.69,,1650.879,160.0,0.0,61.0,0.0,0.0,0.0,3952925.0
2018-05-08,4356129.0,4144823.0,3.921,399984.0,2022.453,,1.72,1.75,1.5,1.7,1.5,2.25,1.69,,1650.879,160.0,0.0,61.0,0.0,0.0,0.0,3952224.0
2018-05-09,4358207.0,4144891.0,2.72,353741.0,2022.453,,1.72,1.75,1.5,1.7,1.5,2.25,1.68,,1650.879,0.0,0.0,60.0,0.0,0.0,0.0,4001746.0
2018-05-10,4358207.0,4144891.0,4.645,353741.0,2022.453,,1.73,1.75,1.5,1.7,1.5,2.25,1.69,,1650.879,0.0,0.0,60.0,0.0,0.0,0.0,3999821.0
2018-05-11,4358207.0,4144891.0,3.222,353741.0,2022.453,,1.73,1.75,1.5,1.7,1.5,2.25,1.68,,1650.879,0.0,0.0,60.0,0.0,0.0,0.0,4001244.0
2018-05-12,4358207.0,4144891.0,3.222,353741.0,2022.453,,1.73,1.75,1.5,1.7,1.5,2.25,1.68,,1650.879,0.0,0.0,60.0,0.0,0.0,0.0,4001244.0
2018-05-13,4358207.0,4144891.0,3.222,353741.0,2022.453,,1.73,1.75,1.5,1.7,1.5,2.25,1.68,,1650.879,0.0,0.0,60.0,0.0,0.0,0.0,4001244.0
2018-05-14,4358207.0,4144891.0,3.859,353741.0,2022.453,,1.75,1.75,1.5,1.7,1.5,2.25,1.7,,1650.879,0.0,0.0,60.0,0.0,0.0,0.0,4000607.0
2018-05-15,4358207.0,4144891.0,2.095,353741.0,2022.453,,1.79,1.75,1.5,1.7,1.5,2.25,1.69,,1650.879,0.0,0.0,60.0,0.0,0.0,0.0,4002371.0
2018-05-16,4337609.0,4136872.0,2.545,337258.0,2022.453,,1.75,1.75,1.5,1.7,1.5,2.25,1.69,,1650.879,9.0,0.0,64.0,0.0,0.0,0.0,3997806.0
2018-05-17,4337609.0,4136872.0,1.896,337258.0,2022.453,,1.74,1.75,1.5,1.7,1.5,2.25,1.7,,1650.879,9.0,0.0,64.0,0.0,0.0,0.0,3998455.0
2018-05-18,4337609.0,4136872.0,9.12,337258.0,2022.453,,1.73,1.75,1.5,1.7,1.5,2.25,1.68,,1650.879,9.0,0.0,64.0,0.0,0.0,0.0,3991231.0
2018-05-19,4337609.0,4136872.0,9.12,337258.0,2022.453,,1.73,1.75,1.5,1.7,1.5,2.25,1.68,,1650.879,9.0,0.0,64.0,0.0,0.0,0.0,3991231.0
2018-05-20,4337609.0,4136872.0,9.12,337258.0,2022.453,,1.73,1.75,1.5,1.7,1.5,2.25,1.68,,1650.879,9.0,0.0,64.0,0.0,0.0,0.0,3991231.0
2018-05-21,4337609.0,4136872.0,5.404,337258.0,2022.453,,1.69,1.75,1.5,1.7,1.5,2.25,1.71,,1650.879,9.0,0.0,64.0,0.0,0.0,0.0,3994947.0
2018-05-22,4337609.0,4136872.0,3.951,337258.0,2022.453,,1.65,1.75,1.5,1.7,1.5,2.25,1.73,,1650.879,9.0,0.0,64.0,0.0,0.0,0.0,3996400.0
2018-05-23,4337301.0,4135605.0,2.929,326445.0,2022.453,,1.67,1.75,1.5,1.7,1.5,2.25,1.76,,1650.879,28.0,0.0,77.0,0.0,0.0,0.0,4007927.0
2018-05-24,4337301.0,4135605.0,6.62,326445.0,2022.453,,1.74,1.75,1.5,1.7,1.5,2.25,1.74,,1650.879,28.0,0.0,77.0,0.0,0.0,0.0,4004236.0
2018-05-25,4337301.0,4135605.0,0.02,326445.0,2022.453,,1.73,1.75,1.5,1.7,1.5,2.25,1.7,,1650.879,28.0,0.0,77.0,0.0,0.0,0.0,4010836.0
2018-05-26,4337301.0,4135605.0,0.02,326445.0,2022.453,,1.73,1.75,1.5,1.7,1.5,2.25,1.7,,1650.879,28.0,0.0,77.0,0.0,0.0,0.0,4010836.0
2018-05-27,4337301.0,4135605.0,0.02,326445.0,2022.453,,1.73,1.75,1.5,1.7,1.5,2.25,1.7,,1650.879,28.0,0.0,77.0,0.0,0.0,0.0,4010836.0
2018-05-28,4337301.0,4135605.0,0.02,326445.0,2022.453,,1.73,1.75,1.5,1.7,1.5,2.25,1.7,,1650.879,28.0,0.0,77.0,0.0,0.0,0.0,4010836.0
2018-05-29,4337301.0,4135605.0,0.88,326445.0,2022.453,,1.72,1.75,1.5,1.7,1.5,2.25,1.77,,1650.879,28.0,0.0,77.0,0.0,0.0,0.0,4009976.0
2018-05-30,4327519.0,4126081.0,3.92,325351.0,2022.453,,1.72,1.75,1.5,1.7,1.5,2.25,1.77,,1650.879,38.0,0.0,85.0,0.0,0.0,0.0,3998248.0
2018-05-31,4327519.0,4126081.0,21.475,325351.0,2022.453,,1.81,1.75,1.5,1.7,1.5,2.25,1.76,,1650.879,38.0,0.0,85.0,0.0,0.0,0.0,3980693.0
2018-06-01,4327519.0,4126081.0,12.546,325351.0,1988.224,,1.81,1.75,1.5,1.7,1.5,2.25,1.74,,1661.272,38.0,0.0,85.0,0.0,0.0,0.0,3989622.0
2018-06-02,4327519.0,4126081.0,12.546,325351.0,1988.224,,1.81,1.75,1.5,1.7,1.5,2.25,1.74,,1661.272,38.0,0.0,85.0,0.0,0.0,0.0,3989622.0
2018-06-03,4327519.0,4126081.0,12.546,325351.0,1988.224,,1.81,1.75,1.5,1.7,1.5,2.25,1.74,,1661.272,38.0,0.0,85.0,0.0,0.0,0.0,3989622.0
2018-06-04,4327519.0,4126081.0,11.166,325351.0,1988.224,,1.8,1.75,1.5,1.7,1.5,2.25,1.77,,1661.272,38.0,0.0,85.0,0.0,0.0,0.0,3991002.0
2018-06-05,4327519.0,4126081.0,6.635,325351.0,1988.224,,1.75,1.75,1.5,1.7,1.5,2.25,1.82,,1661.272,38.0,0.0,85.0,0.0,0.0,0.0,3995533.0
2018-06-06,4319191.0,4116856.0,16.772,294069.0,1988.224,,1.73,1.75,1.5,1.7,1.5,2.25,1.81,,1661.272,16.0,0.0,103.0,0.0,0.0,0.0,4008350.0
2018-06-07,4319191.0,4116856.0,5.771,294069.0,1988.224,,1.71,1.75,1.5,1.7,1.5,2.25,1.78,,1661.272,16.0,0.0,103.0,0.0,0.0,0.0,4019351.0
2018-06-08,4319191.0,4116856.0,2.771,294069.0,1988.224,,1.69,1.75,1.5,1.7,1.5,2.25,1.78,,1661.272,16.0,0.0,103.0,0.0,0.0,0.0,4022351.0
2018-06-09,4319191.0,4116856.0,2.771,294069.0,1988.224,,1.69,1.75,1.5,1.7,1.5,2.25,1.78,,1661.272,16.0,0.0,103.0,0.0,0.0,0.0,4022351.0
2018-06-10,4319191.0,4116856.0,2.771,294069.0,1988.224,,1.69,1.75,1.5,1.7,1.5,2.25,1.78,,1661.272,16.0,0.0,103.0,0.0,0.0,0.0,4022351.0
2018-06-11,4319191.0,4116856.0,4.836,294069.0,1988.224,,1.69,1.75,1.5,1.7,1.5,2.25,1.82,,1661.272,16.0,0.0,103.0,0.0,0.0,0.0,4020286.0
2018-06-12,4319191.0,4116856.0,1.308,294069.0,1988.224,,1.67,1.75,1.5,1.7,1.5,2.25,1.81,,1661.272,16.0,0.0,103.0,0.0,0.0,0.0,4023814.0
2018-06-13,4324906.0,4120141.0,3.025,281188.0,1988.224,,1.71,1.75,1.5,1.7,1.5,2.25,1.82,,1661.272,54.0,0.0,115.0,0.0,0.0,0.0,4040693.0
2018-06-14,4324906.0,4120141.0,2.935,281188.0,1988.224,,1.9,2.0,1.75,1.9,1.75,2.5,1.81,,1661.272,54.0,0.0,115.0,0.0,0.0,0.0,4040783.0
2018-06-15,4324906.0,4120141.0,0.27,281188.0,1988.224,,1.91,2.0,1.75,1.9,1.75,2.5,1.82,,1661.272,54.0,0.0,115.0,0.0,0.0,0.0,4043448.0
2018-06-16,4324906.0,4120141.0,0.27,281188.0,1988.224,,1.91,2.0,1.75,1.9,1.75,2.5,1.82,,1661.272,54.0,0.0,115.0,0.0,0.0,0.0,4043448.0
2018-06-17,4324906.0,4120141.0,0.27,281188.0,1988.224,,1.91,2.0,1.75,1.9,1.75,2.5,1.82,,1661.272,54.0,0.0,115.0,0.0,0.0,0.0,4043448.0
2018-06-18,4324906.0,4120141.0,0.37,281188.0,1988.224,,1.9,2.0,1.75,1.9,1.75,2.5,1.84,,1661.272,54.0,0.0,115.0,0.0,0.0,0.0,4043348.0
2018-06-19,4324906.0,4120141.0,0.195,281188.0,1988.224,,1.88,2.0,1.75,1.91,1.75,2.5,1.85,,1661.272,54.0,0.0,115.0,0.0,0.0,0.0,4043523.0
2018-06-20,4315896.0,4112021.0,0.32,352777.0,1988.224,,1.87,2.0,1.75,1.92,1.75,2.5,1.85,,1661.272,21.0,0.0,141.0,0.0,0.0,0.0,3962799.0
2018-06-21,4315896.0,4112021.0,1.37,352777.0,1988.224,,1.87,2.0,1.75,1.92,1.75,2.5,1.85,,1661.272,21.0,0.0,141.0,0.0,0.0,0.0,3961749.0
2018-06-22,4315896.0,4112021.0,1.43,352777.0,1988.224,,1.92,2.0,1.75,1.92,1.75,2.5,1.83,,1661.272,21.0,0.0,141.0,0.0,0.0,0.0,3961689.0
2018-06-23,4315896.0,4112021.0,1.43,352777.0,1988.224,,1.92,2.0,1.75,1.92,1.75,2.5,1.83,,1661.272,21.0,0.0,141.0,0.0,0.0,0.0,3961689.0
2018-06-24,4315896.0,4112021.0,1.43,352777.0,1988.224,,1.92,2.0,1.75,1.92,1.75,2.5,1.83,,1661.272,21.0,0.0,141.0,0.0,0.0,0.0,3961689.0
2018-06-25,4315896.0,4112021.0,12.73,352777.0,1988.224,,1.91,2.0,1.75,1.92,1.75,2.5,1.8,,1661.272,21.0,0.0,141.0,0.0,0.0,0.0,3950389.0
2018-06-26,4315896.0,4112021.0,10.385,352777.0,1988.224,,1.9,2.0,1.75,1.92,1.75,2.5,1.79,,1661.272,21.0,0.0,141.0,0.0,0.0,0.0,3952734.0
2018-06-27,4305491.0,4101930.0,20.68,373940.0,1988.224,,1.9,2.0,1.75,1.91,1.75,2.5,1.79,,1661.272,7.0,0.0,174.0,0.0,0.0,0.0,3910871.0
2018-06-28,4305491.0,4101930.0,20.419,373940.0,1988.224,,1.93,2.0,1.75,1.91,1.75,2.5,1.76,,1661.272,7.0,0.0,174.0,0.0,0.0,0.0,3911132.0
2018-06-29,4305491.0,4101930.0,96.97,373940.0,1988.224,,2.12,2.0,1.75,1.91,1.75,2.5,1.77,,1661.272,7.0,0.0,174.0,0.0,0.0,0.0,3834581.0
2018-06-30,4305491.0,4101930.0,96.97,373940.0,1988.224,,2.12,2.0,1.75,1.91,1.75,2.5,1.77,,1661.272,7.0,0.0,174.0,0.0,0.0,0.0,3834581.0
2018-07-01,4305491.0,4101930.0,96.97,373940.0,1949.82,,2.12,2.0,1.75,1.91,1.75,2.5,1.77,,1669.057,7.0,0.0,174.0,0.0,0.0,0.0,3834581.0
2018-07-02,4305491.0,4101930.0,32.139,373940.0,1949.82,,2.04,2.0,1.75,1.91,1.75,2.5,1.9,,1669.057,7.0,0.0,174.0,0.0,0.0,0.0,3899412.0
2018-07-03,4305491.0,4101930.0,4.852,373940.0,1949.82,,2.0,2.0,1.75,1.91,1.75,2.5,1.91,,1669.057,7.0,0.0,174.0,0.0,0.0,0.0,3926699.0
2018-07-04,4289764.0,4084058.0,4.852,336026.0,1949.82,,2.0,2.0,1.75,1.91,1.75,2.5,1.91,,1669.057,5.0,0.0,164.0,0.0,0.0,0.0,3948886.0
2018-07-05,4289764.0,4084058.0,8.205,336026.0,1949.82,,1.97,2.0,1.75,1.91,1.75,2.5,1.87,,1669.057,5.0,0.0,164.0,0.0,0.0,0.0,3945533.0
2018-07-06,4289764.0,4084058.0,4.195,336026.0,1949.82,,1.93,2.0,1.75,1.91,1.75,2.5,1.86,,1669.057,5.0,0.0,164.0,0.0,0.0,0.0,3949543.0
2018-07-07,4289764.0,4084058.0,4.195,336026.0,1949.82,,1.93,2.0,1.75,1.91,1.75,2.5,1.86,,1669.057,5.0,0.0,164.0,0.0,0.0,0.0,3949543.0
2018-07-08,4289764.0,4084058.0,4.195,336026.0,1949.82,,1.93,2.0,1.75,1.91,1.75,2.5,1.86,,1669.057,5.0,0.0,164.0,0.0,0.0,0.0,3949543.0
2018-07-09,4289764.0,4084058.0,3.596,336026.0,1949.82,,1.89,2.0,1.75,1.91,1.75,2.5,1.87,,1669.057,5.0,0.0,164.0,0.0,0.0,0.0,3950142.0
2018-07-10,4289764.0,4084058.0,1.955,336026.0,1949.82,,1.89,2.0,1.75,1.91,1.75,2.5,1.88,,1669.057,5.0,0.0,164.0,0.0,0.0,0.0,3951783.0
2018-07-11,4291201.0,4084188.0,1.23,326476.0,1949.82,,1.89,2.0,1.75,1.91,1.75,2.5,1.89,,1669.057,6.0,0.0,195.0,0.0,0.0,0.0,3963495.0
2018-07-12,4291201.0,4084188.0,2.455,326476.0,1949.82,,1.9,2.0,1.75,1.91,1.75,2.5,1.89,,1669.057,6.0,0.0,195.0,0.0,0.0,0.0,3962270.0
2018-07-13,4291201.0,4084188.0,0.871,326476.0,1949.82,,1.9,2.0,1.75,1.91,1.75,2.5,1.87,,1669.057,6.0,0.0,195.0,0.0,0.0,0.0,3963854.0
2018-07-14,4291201.0,4084188.0,0.871,326476.0,1949.82,,1.9,2.0,1.75,1.91,1.75,2.5,1.87,,1669.057,6.0,0.0,195.0,0.0,0.0,0.0,3963854.0
2018-07-15,4291201.0,4084188.0,0.871,326476.0,1949.82,,1.9,2.0,1.75,1.91,1.75,2.5,1.87,,1669.057,6.0,0.0,195.0,0.0,0.0,0.0,3963854.0
2018-07-16,4291201.0,4084188.0,0.87,326476.0,1949.82,,1.95,2.0,1.75,1.91,1.75,2.5,1.9,,1669.057,6.0,0.0,195.0,0.0,0.0,0.0,3963855.0
2018-07-17,4291201.0,4084188.0,1.22,326476.0,1949.82,,1.92,2.0,1.75,1.91,1.75,2.5,1.93,,1669.057,6.0,0.0,195.0,0.0,0.0,0.0,3963505.0
2018-07-18,4291615.0,4084466.0,6.021,324457.0,1949.82,,1.9,2.0,1.75,1.91,1.75,2.5,1.9,,1669.057,13.0,0.0,211.0,0.0,0.0,0.0,3961137.0
2018-07-19,4291615.0,4084466.0,3.62,324457.0,1949.82,,1.9,2.0,1.75,1.91,1.75,2.5,1.89,,1669.057,13.0,0.0,211.0,0.0,0.0,0.0,3963538.0
2018-07-20,4291615.0,4084466.0,1.17,324457.0,1949.82,,1.88,2.0,1.75,1.91,1.75,2.5,1.86,,1669.057,13.0,0.0,211.0,0.0,0.0,0.0,3965988.0
2018-07-21,4291615.0,4084466.0,1.17,324457.0,1949.82,,1.88,2.0,1.75,1.91,1.75,2.5,1.86,,1669.057,13.0,0.0,211.0,0.0,0.0,0.0,3965988.0
2018-07-22,4291615.0,4084466.0,1.17,324457.0,1949.82,,1.88,2.0,1.75,1.91,1.75,2.5,1.86,,1669.057,13.0,0.0,211.0,0.0,0.0,0.0,3965988.0
2018-07-23,4291615.0,4084466.0,2.27,324457.0,1949.82,,1.87,2.0,1.75,1.91,1.75,2.5,1.88,,1669.057,13.0,0.0,211.0,0.0,0.0,0.0,3964888.0
2018-07-24,4291615.0,4084466.0,4.895,324457.0,1949.82,,1.9,2.0,1.75,1.91,1.75,2.5,1.92,,1669.057,13.0,0.0,211.0,0.0,0.0,0.0,3962263.0
2018-07-25,4277681.0,4071830.0,0.72,348886.0,1949.82,,1.87,2.0,1.75,1.91,1.75,2.5,1.9,,1669.057,2.0,0.0,234.0,0.0,0.0,0.0,3928075.0
2018-07-26,4277681.0,4071830.0,1.571,348886.0,1949.82,,1.9,2.0,1.75,1.91,1.75,2.5,1.89,,1669.057,2.0,0.0,234.0,0.0,0.0,0.0,3927224.0
2018-07-27,4277681.0,4071830.0,1.47,348886.0,1949.82,,1.88,2.0,1.75,1.91,1.75,2.5,1.9,,1669.057,2.0,0.0,234.0,0.0,0.0,0.0,3927325.0
2018-07-28,4277681.0,4071830.0,1.47,348886.0,1949.82,,1.88,2.0,1.75,1.91,1.75,2.5,1.9,,1669.057,2.0,0.0,234.0,0.0,0.0,0.0,3927325.0
2018-07-29,4277681.0,4071830.0,1.47,348886.0,1949.82,,1.88,2.0,1.75,1.91,1.75,2.5,1.9,,1669.057,2.0,0.0,234.0,0.0,0.0,0.0,3927325.0
2018-07-30,4277681.0,4071830.0,1.995,348886.0,1949.82,,1.88,2.0,1.75,1.91,1.75,2.5,1.91,,1669.057,2.0,0.0,234.0,0.0,0.0,0.0,3926800.0
2018-07-31,4277681.0,4071830.0,9.045,348886.0,1949.82,,1.93,2.0,1.75,1.91,1.75,2.5,1.94,,1669.057,2.0,0.0,234.0,0.0,0.0,0.0,3919750.0
2018-08-01,4255653.0,4048829.0,0.795,351523.0,1911.165,,1.88,2.0,1.75,1.91,1.75,2.5,1.93,,1671.608,3.0,0.0,225.0,0.0,0.0,0.0,3903335.0
2018-08-02,4255653.0,4048829.0,1.817,351523.0,1911.165,,1.91,2.0,1.75,1.91,1.75,2.5,1.89,,1671.608,3.0,0.0,225.0,0.0,0.0,0.0,3902313.0
2018-08-03,4255653.0,4048829.0,1.673,351523.0,1911.165,,1.86,2.0,1.75,1.91,1.75,2.5,1.9,,1671.608,3.0,0.0,225.0,0.0,0.0,0.0,3902457.0
2018-08-04,4255653.0,4048829.0,1.673,351523.0,1911.165,,1.86,2.0,1.75,1.91,1.75,2.5,1.9,,1671.608,3.0,0.0,225.0,0.0,0.0,0.0,3902457.0
2018-08-05,4255653.0,4048829.0,1.673,351523.0,1911.165,,1.86,2.0,1.75,1.91,1.75,2.5,1.9,,1671.608,3.0,0.0,225.0,0.0,0.0,0.0,3902457.0
2018-08-06,4255653.0,4048829.0,2.095,351523.0,1911.165,,1.86,2.0,1.75,1.91,1.75,2.5,1.92,,1671.608,3.0,0.0,225.0,0.0,0.0,0.0,3902035.0
2018-08-07,4255653.0,4048829.0,2.337,351523.0,1911.165,,1.87,2.0,1.75,1.91,1.75,2.5,1.96,,1671.608,3.0,0.0,225.0,0.0,0.0,0.0,3901793.0
2018-08-08,4258030.0,4048879.0,1.659,326471.0,1911.165,,1.88,2.0,1.75,1.91,1.75,2.5,1.93,,1671.608,3.0,0.0,251.0,0.0,0.0,0.0,3929900.0
2018-08-09,4258030.0,4048879.0,1.745,326471.0,1911.165,,1.91,2.0,1.75,1.91,1.75,2.5,1.91,,1671.608,3.0,0.0,251.0,0.0,0.0,0.0,3929814.0
2018-08-10,4258030.0,4048879.0,2.47,326471.0,1911.165,,1.9,2.0,1.75,1.91,1.75,2.5,1.92,,1671.608,3.0,0.0,251.0,0.0,0.0,0.0,3929089.0
2018-08-11,4258030.0,4048879.0,2.47,326471.0,1911.165,,1.9,2.0,1.75,1.91,1.75,2.5,1.92,,1671.608,3.0,0.0,251.0,0.0,0.0,0.0,3929089.0
2018-08-12,4258030.0,4048879.0,2.47,326471.0,1911.165,,1.9,2.0,1.75,1.91,1.75,2.5,1.92,,1671.608,3.0,0.0,251.0,0.0,0.0,0.0,3929089.0
2018-08-13,4258030.0,4048879.0,1.383,326471.0,1911.165,,1.91,2.0,1.75,1.91,1.75,2.5,1.93,,1671.608,3.0,0.0,251.0,0.0,0.0,0.0,3930176.0
2018-08-14,4258030.0,4048879.0,0.685,326471.0,1911.165,,1.93,2.0,1.75,1.91,1.75,2.5,1.96,,1671.608,3.0,0.0,251.0,0.0,0.0,0.0,3930874.0
2018-08-15,4228924.0,4034988.0,0.315,342799.0,1911.165,,1.98,2.0,1.75,1.91,1.75,2.5,1.96,,1671.608,7.0,0.0,240.0,0.0,0.0,0.0,3885810.0
2018-08-16,4228924.0,4034988.0,0.532,342799.0,1911.165,,1.99,2.0,1.75,1.92,1.75,2.5,1.96,,1671.608,7.0,0.0,240.0,0.0,0.0,0.0,3885593.0
2018-08-17,4228924.0,4034988.0,4.016,342799.0,1911.165,,1.9,2.0,1.75,1.92,1.75,2.5,1.95,,1671.608,7.0,0.0,240.0,0.0,0.0,0.0,3882109.0
2018-08-18,4228924.0,4034988.0,4.016,342799.0,1911.165,,1.9,2.0,1.75,1.92,1.75,2.5,1.95,,1671.608,7.0,0.0,240.0,0.0,0.0,0.0,3882109.0
2018-08-19,4228924.0,4034988.0,4.016,342799.0,1911.165,,1.9,2.0,1.75,1.92,1.75,2.5,1.95,,1671.608,7.0,0.0,240.0,0.0,0.0,0.0,3882109.0
2018-08-20,4228924.0,4034988.0,1.646,342799.0,1911.165,,1.9,2.0,1.75,1.92,1.75,2.5,1.93,,1671.608,7.0,0.0,240.0,0.0,0.0,0.0,3884479.0
2018-08-21,4228924.0,4034988.0,1.466,342799.0,1911.165,,1.9,2.0,1.75,1.92,1.75,2.5,1.94,,1671.608,7.0,0.0,240.0,0.0,0.0,0.0,3884659.0
2018-08-22,4228818.0,4033680.0,1.126,348393.0,1911.165,,1.9,2.0,1.75,1.92,1.75,2.5,1.95,,1671.608,10.0,0.0,274.0,0.0,0.0,0.0,3879299.0
2018-08-23,4228818.0,4033680.0,2.416,348393.0,1911.165,,1.94,2.0,1.75,1.92,1.75,2.5,1.94,,1671.608,10.0,0.0,274.0,0.0,0.0,0.0,3878009.0
2018-08-24,4228818.0,4033680.0,4.665,348393.0,1911.165,,1.95,2.0,1.75,1.92,1.75,2.5,1.95,,1671.608,10.0,0.0,274.0,0.0,0.0,0.0,3875760.0
2018-08-25,4228818.0,4033680.0,4.665,348393.0,1911.165,,1.95,2.0,1.75,1.92,1.75,2.5,1.95,,1671.608,10.0,0.0,274.0,0.0,0.0,0.0,3875760.0
2018-08-26,4228818.0,4033680.0,4.665,348393.0,1911.165,,1.95,2.0,1.75,1.92,1.75,2.5,1.95,,1671.608,10.0,0.0,274.0,0.0,0.0,0.0,3875760.0
2018-08-27,4228818.0,4033680.0,0.996,348393.0,1911.165,,1.95,2.0,1.75,1.92,1.75,2.5,1.96,,1671.608,10.0,0.0,274.0,0.0,0.0,0.0,3879429.0
2018-08-28,4228818.0,4033680.0,1.415,348393.0,1911.165,,1.95,2.0,1.75,1.92,1.75,2.5,1.96,,1671.608,10.0,0.0,274.0,0.0,0.0,0.0,3879010.0
2018-08-29,4218914.0,4024004.0,0.84,342543.0,1911.165,,1.93,2.0,1.75,1.92,1.75,2.5,1.97,,1671.608,39.0,0.0,272.0,0.0,0.0,0.0,3875531.0
2018-08-30,4218914.0,4024004.0,0.985,342543.0,1911.165,,1.93,2.0,1.75,1.92,1.75,2.5,1.97,,1671.608,39.0,0.0,272.0,0.0,0.0,0.0,3875386.0
2018-08-31,4218914.0,4024004.0,0.39,342543.0,1911.165,,1.97,2.0,1.75,1.91,1.75,2.5,1.95,,1671.608,39.0,0.0,272.0,0.0,0.0,0.0,3875981.0
2018-09-01,4218914.0,4024004.0,0.39,342543.0,1873.866,,1.97,2.0,1.75,1.91,1.75,2.5,1.95,,1685.515,39.0,0.0,272.0,0.0,0.0,0.0,3875981.0
2018-09-02,4218914.0,4024004.0,0.39,342543.0,1873.866,,1.97,2.0,1.75,1.91,1.75,2.5,1.95,,1685.515,39.0,0.0,272.0,0.0,0.0,0.0,3875981.0
2018-09-03,4218914.0,4024004.0,0.39,342543.0,1873.866,,1.97,2.0,1.75,1.91,1.75,2.5,1.95,,1685.515,39.0,0.0,272.0,0.0,0.0,0.0,3875981.0
2018-09-04,4218914.0,4024004.0,0.595,342543.0,1873.866,,1.95,2.0,1.75,1.92,1.75,2.5,2.0,,1685.515,39.0,0.0,272.0,0.0,0.0,0.0,3875776.0
2018-09-05,4208496.0,4012617.0,0.01,323764.0,1873.866,,1.95,2.0,1.75,1.92,1.75,2.5,2.0,,1685.515,1.0,0.0,260.0,0.0,0.0,0.0,3884722.0
2018-09-06,4208496.0,4012617.0,0.815,323764.0,1873.866,,1.94,2.0,1.75,1.92,1.75,2.5,1.98,,1685.515,1.0,0.0,260.0,0.0,0.0,0.0,3883917.0
2018-09-07,4208496.0,4012617.0,0.015,323764.0,1873.866,,1.94,2.0,1.75,1.92,1.75,2.5,1.98,,1685.515,1.0,0.0,260.0,0.0,0.0,0.0,3884717.0
2018-09-08,4208496.0,4012617.0,0.015,323764.0,1873.866,,1.94,2.0,1.75,1.92,1.75,2.5,1.98,,1685.515,1.0,0.0,260.0,0.0,0.0,0.0,3884717.0
2018-09-09,4208496.0,4012617.0,0.015,323764.0,1873.866,,1.94,2.0,1.75,1.92,1.75,2.5,1.98,,1685.515,1.0,0.0,260.0,0.0,0.0,0.0,3884717.0
2018-09-10,4208496.0,4012617.0,0.015,323764.0,1873.866,,1.94,2.0,1.75,1.92,1.75,2.5,1.98,,1685.515,1.0,0.0,260.0,0.0,0.0,0.0,3884717.0
2018-09-11,4208496.0,4012617.0,1.241,323764.0,1873.866,,1.94,2.0,1.75,1.92,1.75,2.5,2.02,,1685.515,1.0,0.0,260.0,0.0,0.0,0.0,3883491.0
2018-09-12,4210812.0,4012629.0,1.315,303654.0,1873.866,,1.94,2.0,1.75,1.92,1.75,2.5,2.01,,1685.515,65.0,0.0,252.0,0.0,0.0,0.0,3905843.0
2018-09-13,4210812.0,4012629.0,1.791,303654.0,1873.866,,1.94,2.0,1.75,1.92,1.75,2.5,2.01,,1685.515,65.0,0.0,252.0,0.0,0.0,0.0,3905367.0
2018-09-14,4210812.0,4012629.0,1.315,303654.0,1873.866,,1.95,2.0,1.75,1.92,1.75,2.5,2.02,,1685.515,65.0,0.0,252.0,0.0,0.0,0.0,3905843.0
2018-09-15,4210812.0,4012629.0,1.315,303654.0,1873.866,,1.95,2.0,1.75,1.92,1.75,2.5,2.02,,1685.515,65.0,0.0,252.0,0.0,0.0,0.0,3905843.0
2018-09-16,4210812.0,4012629.0,1.315,303654.0,1873.866,,1.95,2.0,1.75,1.92,1.75,2.5,2.02,,1685.515,65.0,0.0,252.0,0.0,0.0,0.0,3905843.0
2018-09-17,4210812.0,4012629.0,0.715,303654.0,1873.866,,2.0,2.0,1.75,1.92,1.75,2.5,2.02,,1685.515,65.0,0.0,252.0,0.0,0.0,0.0,3906443.0
2018-09-18,4210812.0,4012629.0,10.115,303654.0,1873.866,,1.94,2.0,1.75,1.92,1.75,2.5,2.05,,1685.515,65.0,0.0,252.0,0.0,0.0,0.0,3897043.0
2018-09-19,4208059.0,4010838.0,8.915,335878.0,1873.866,,1.92,2.0,1.75,1.92,1.75,2.5,2.03,,1685.515,152.0,0.0,290.0,0.0,0.0,0.0,3863266.0
2018-09-20,4208059.0,4010838.0,17.868,335878.0,1873.866,,1.92,2.0,1.75,1.92,1.75,2.5,2.03,,1685.515,152.0,0.0,290.0,0.0,0.0,0.0,3854313.0
2018-09-21,4208059.0,4010838.0,17.465,335878.0,1873.866,,1.92,2.0,1.75,1.92,1.75,2.5,2.05,,1685.515,152.0,0.0,290.0,0.0,0.0,0.0,3854716.0
2018-09-22,4208059.0,4010838.0,17.465,335878.0,1873.866,,1.92,2.0,1.75,1.92,1.75,2.5,2.05,,1685.515,152.0,0.0,290.0,0.0,0.0,0.0,3854716.0
2018-09-23,4208059.0,4010838.0,17.465,335878.0,1873.866,,1.92,2.0,1.75,1.92,1.75,2.5,2.05,,1685.515,152.0,0.0,290.0,0.0,0.0,0.0,3854716.0
2018-09-24,4208059.0,4010838.0,9.34,335878.0,1873.866,,1.95,2.0,1.75,1.93,1.75,2.5,2.07,,1685.515,152.0,0.0,290.0,0.0,0.0,0.0,3862841.0
2018-09-25,4208059.0,4010838.0,3.44,335878.0,1873.866,,1.93,2.0,1.75,1.93,1.75,2.5,2.12,,1685.515,152.0,0.0,290.0,0.0,0.0,0.0,3868741.0
2018-09-26,4192909.0,3997380.0,5.625,370031.0,1873.866,,1.92,2.0,1.75,1.93,1.75,2.5,2.11,,1685.515,64.0,0.0,295.0,0.0,0.0,0.0,3817253.0
2018-09-27,4192909.0,3997380.0,30.056,370031.0,1873.866,,2.16,2.25,2.0,2.18,2.0,2.75,2.1,,1685.515,64.0,0.0,295.0,0.0,0.0,0.0,3792822.0
2018-09-28,4192909.0,3997380.0,48.43,370031.0,1873.866,,2.25,2.25,2.0,2.18,2.0,2.75,2.12,,1685.515,64.0,0.0,295.0,0.0,0.0,0.0,3774448.0
2018-09-29,4192909.0,3997380.0,48.43,370031.0,1873.866,,2.25,2.25,2.0,2.18,2.0,2.75,2.12,,1685.515,64.0,0.0,295.0,0.0,0.0,0.0,3774448.0
2018-09-30,4192909.0,3997380.0,48.43,370031.0,1873.866,,2.25,2.25,2.0,2.18,2.0,2.75,2.12,,1685.515,64.0,0.0,295.0,0.0,0.0,0.0,3774448.0
2018-10-01,4192909.0,3997380.0,4.185,370031.0,1830.017,,2.22,2.25,2.0,2.18,2.0,2.75,2.13,,1690.132,64.0,0.0,295.0,0.0,0.0,0.0,3818693.0
2018-10-02,4192909.0,3997380.0,3.295,370031.0,1830.017,,2.2,2.25,2.0,2.18,2.0,2.75,2.14,,1690.132,64.0,0.0,295.0,0.0,0.0,0.0,3819583.0
2018-10-03,4174704.0,3978394.0,2.954,368007.0,1830.017,,2.2,2.25,2.0,2.18,2.0,2.75,2.15,,1690.132,151.0,0.0,246.0,0.0,0.0,0.0,3803743.0
2018-10-04,4174704.0,3978394.0,3.265,368007.0,1830.017,,2.18,2.25,2.0,2.18,2.0,2.75,2.16,,1690.132,151.0,0.0,246.0,0.0,0.0,0.0,3803432.0
2018-10-05,4174704.0,3978394.0,1.565,368007.0,1830.017,,2.16,2.25,2.0,2.18,2.0,2.75,2.15,,1690.132,151.0,0.0,246.0,0.0,0.0,0.0,3805132.0
2018-10-06,4174704.0,3978394.0,1.565,368007.0,1830.017,,2.16,2.25,2.0,2.18,2.0,2.75,2.15,,1690.132,151.0,0.0,246.0,0.0,0.0,0.0,3805132.0
2018-10-07,4174704.0,3978394.0,1.565,368007.0,1830.017,,2.16,2.25,2.0,2.18,2.0,2.75,2.15,,1690.132,151.0,0.0,246.0,0.0,0.0,0.0,3805132.0
2018-10-08,4174704.0,3978394.0,1.565,368007.0,1830.017,,2.16,2.25,2.0,2.18,2.0,2.75,2.15,,1690.132,151.0,0.0,246.0,0.0,0.0,0.0,3805132.0
2018-10-09,4174704.0,3978394.0,2.39,368007.0,1830.017,,2.15,2.25,2.0,2.18,2.0,2.75,2.17,,1690.132,151.0,0.0,246.0,0.0,0.0,0.0,3804307.0
2018-10-10,4176906.0,3978415.0,2.39,324721.0,1830.017,,2.15,2.25,2.0,2.18,2.0,2.75,2.18,,1690.132,13.0,0.0,176.0,0.0,0.0,0.0,3849795.0
2018-10-11,4176906.0,3978415.0,2.016,324721.0,1830.017,,2.17,2.25,2.0,2.18,2.0,2.75,2.14,,1690.132,13.0,0.0,176.0,0.0,0.0,0.0,3850169.0
2018-10-12,4176906.0,3978415.0,0.96,324721.0,1830.017,,2.18,2.25,2.0,2.18,2.0,2.75,2.14,,1690.132,13.0,0.0,176.0,0.0,0.0,0.0,3851225.0
2018-10-13,4176906.0,3978415.0,0.96,324721.0,1830.017,,2.18,2.25,2.0,2.18,2.0,2.75,2.14,,1690.132,13.0,0.0,176.0,0.0,0.0,0.0,3851225.0
2018-10-14,4176906.0,3978415.0,0.96,324721.0,1830.017,,2.18,2.25,2.0,2.18,2.0,2.75,2.14,,1690.132,13.0,0.0,176.0,0.0,0.0,0.0,3851225.0
2018-10-15,4176906.0,3978415.0,0.366,324721.0,1830.017,,2.21,2.25,2.0,2.18,2.0,2.75,2.17,,1690.132,13.0,0.0,176.0,0.0,0.0,0.0,3851819.0
2018-10-16,4176906.0,3978415.0,0.466,324721.0,1830.017,,2.18,2.25,2.0,2.18,2.0,2.75,2.19,,1690.132,13.0,0.0,176.0,0.0,0.0,0.0,3851719.0
2018-10-17,4175446.0,3976763.0,0.174,332923.0,1830.017,,2.18,2.25,2.0,2.19,2.0,2.75,2.2,,1690.132,10.0,0.0,199.0,0.0,0.0,0.0,3842349.0
2018-10-18,4175446.0,3976763.0,10.29,332923.0,1830.017,,2.19,2.25,2.0,2.19,2.0,2.75,2.19,,1690.132,10.0,0.0,199.0,0.0,0.0,0.0,3832233.0
2018-10-19,4175446.0,3976763.0,3.916,332923.0,1830.017,,2.19,2.25,2.0,2.19,2.0,2.75,2.19,,1690.132,10.0,0.0,199.0,0.0,0.0,0.0,3838607.0
2018-10-20,4175446.0,3976763.0,3.916,332923.0,1830.017,,2.19,2.25,2.0,2.19,2.0,2.75,2.19,,1690.132,10.0,0.0,199.0,0.0,0.0,0.0,3838607.0
2018-10-21,4175446.0,3976763.0,3.916,332923.0,1830.017,,2.19,2.25,2.0,2.19,2.0,2.75,2.19,,1690.132,10.0,0.0,199.0,0.0,0.0,0.0,3838607.0
2018-10-22,4175446.0,3976763.0,3.189,332923.0,1830.017,,2.18,2.25,2.0,2.19,2.0,2.75,2.18,,1690.132,10.0,0.0,199.0,0.0,0.0,0.0,3839334.0
2018-10-23,4175446.0,3976763.0,4.466,332923.0,1830.017,,2.17,2.25,2.0,2.2,2.0,2.75,2.21,,1690.132,10.0,0.0,199.0,0.0,0.0,0.0,3838057.0
2018-10-24,4173070.0,3973580.0,6.444,369576.0,1830.017,,2.18,2.25,2.0,2.2,2.0,2.75,2.2,,1690.132,48.0,0.0,186.0,0.0,0.0,0.0,3797050.0
2018-10-25,4173070.0,3973580.0,1.944,369576.0,1830.017,,2.19,2.25,2.0,2.2,2.0,2.75,2.19,,1690.132,48.0,0.0,186.0,0.0,0.0,0.0,3801550.0
2018-10-26,4173070.0,3973580.0,2.004,369576.0,1830.017,,2.19,2.25,2.0,2.2,2.0,2.75,2.16,,1690.132,48.0,0.0,186.0,0.0,0.0,0.0,3801490.0
2018-10-27,4173070.0,3973580.0,2.004,369576.0,1830.017,,2.19,2.25,2.0,2.2,2.0,2.75,2.16,,1690.132,48.0,0.0,186.0,0.0,0.0,0.0,3801490.0
2018-10-28,4173070.0,3973580.0,2.004,369576.0,1830.017,,2.19,2.25,2.0,2.2,2.0,2.75,2.16,,1690.132,48.0,0.0,186.0,0.0,0.0,0.0,3801490.0
2018-10-29,4173070.0,3973580.0,1.748,369576.0,1830.017,,2.18,2.25,2.0,2.2,2.0,2.75,2.17,,1690.132,48.0,0.0,186.0,0.0,0.0,0.0,3801746.0
2018-10-30,4173070.0,3973580.0,0.715,369576.0,1830.017,,2.18,2.25,2.0,2.2,2.0,2.75,2.21,,1690.132,48.0,0.0,186.0,0.0,0.0,0.0,3802779.0
2018-10-31,4139731.0,3941797.0,4.815,373368.0,1830.017,,2.22,2.25,2.0,2.2,2.0,2.75,2.2,,1690.132,61.0,0.0,169.0,0.0,0.0,0.0,3761548.0
2018-11-01,4139731.0,3941797.0,4.64,373368.0,1775.291,,2.22,2.25,2.0,2.2,2.0,2.75,2.21,,1701.602,61.0,0.0,169.0,0.0,0.0,0.0,3761723.0
2018-11-02,4139731.0,3941797.0,1.51,373368.0,1775.291,,2.25,2.25,2.0,2.19,2.0,2.75,2.19,,1701.602,61.0,0.0,169.0,0.0,0.0,0.0,3764853.0
2018-11-03,4139731.0,3941797.0,1.51,373368.0,1775.291,,2.25,2.25,2.0,2.19,2.0,2.75,2.19,,1701.602,61.0,0.0,169.0,0.0,0.0,0.0,3764853.0
2018-11-04,4139731.0,3941797.0,1.51,373368.0,1775.291,,2.25,2.25,2.0,2.19,2.0,2.75,2.19,,1701.602,61.0,0.0,169.0,0.0,0.0,0.0,3764853.0
2018-11-05,4139731.0,3941797.0,1.465,373368.0,1775.291,,2.24,2.25,2.0,2.2,2.0,2.75,2.2,,1701.602,61.0,0.0,169.0,0.0,0.0,0.0,3764898.0
2018-11-06,4139731.0,3941797.0,2.54,373368.0,1775.291,,2.22,2.25,2.0,2.2,2.0,2.75,2.23,,1701.602,61.0,0.0,169.0,0.0,0.0,0.0,3763823.0
2018-11-07,4141936.0,3941834.0,1.875,319984.0,1775.291,,2.18,2.25,2.0,2.2,2.0,2.75,2.23,,1701.602,16.0,0.0,87.0,0.0,0.0,0.0,3820077.0
2018-11-08,4141936.0,3941834.0,1.166,319984.0,1775.291,,2.21,2.25,2.0,2.2,2.0,2.75,2.21,,1701.602,16.0,0.0,87.0,0.0,0.0,0.0,3820786.0
2018-11-09,4141936.0,3941834.0,0.401,319984.0,1775.291,,2.2,2.25,2.0,2.19,2.0,2.75,2.21,,1701.602,16.0,0.0,87.0,0.0,0.0,0.0,3821551.0
2018-11-10,4141936.0,3941834.0,0.401,319984.0,1775.291,,2.2,2.25,2.0,2.19,2.0,2.75,2.21,,1701.602,16.0,0.0,87.0,0.0,0.0,0.0,3821551.0
2018-11-11,4141936.0,3941834.0,0.401,319984.0,1775.291,,2.2,2.25,2.0,2.19,2.0,2.75,2.21,,1701.602,16.0,0.0,87.0,0.0,0.0,0.0,3821551.0
2018-11-12,4141936.0,3941834.0,0.401,319984.0,1775.291,,2.2,2.25,2.0,2.19,2.0,2.75,2.21,,1701.602,16.0,0.0,87.0,0.0,0.0,0.0,3821551.0
2018-11-13,4141936.0,3941834.0,1.065,319984.0,1775.291,,2.2,2.25,2.0,2.2,2.0,2.75,2.24,,1701.602,16.0,0.0,87.0,0.0,0.0,0.0,3820887.0
2018-11-14,4145892.0,3943654.0,0.66,341094.0,1775.291,,2.2,2.25,2.0,2.2,2.0,2.75,2.24,,1701.602,110.0,0.0,66.0,0.0,0.0,0.0,3804138.0
2018-11-15,4145892.0,3943654.0,0.494,341094.0,1775.291,,2.28,2.25,2.0,2.2,2.0,2.75,2.2,,1701.602,110.0,0.0,66.0,0.0,0.0,0.0,3804304.0
2018-11-16,4145892.0,3943654.0,18.565,341094.0,1775.291,,2.26,2.25,2.0,2.2,2.0,2.75,2.21,,1701.602,110.0,0.0,66.0,0.0,0.0,0.0,3786233.0
2018-11-17,4145892.0,3943654.0,18.565,341094.0,1775.291,,2.26,2.25,2.0,2.2,2.0,2.75,2.21,,1701.602,110.0,0.0,66.0,0.0,0.0,0.0,3786233.0
2018-11-18,4145892.0,3943654.0,18.565,341094.0,1775.291,,2.26,2.25,2.0,2.2,2.0,2.75,2.21,,1701.602,110.0,0.0,66.0,0.0,0.0,0.0,3786233.0
2018-11-19,4145892.0,3943654.0,16.295,341094.0,1775.291,,2.24,2.25,2.0,2.2,2.0,2.75,2.23,,1701.602,110.0,0.0,66.0,0.0,0.0,0.0,3788503.0
2018-11-20,4145892.0,3943654.0,15.235,341094.0,1775.291,,2.2,2.25,2.0,2.2,2.0,2.75,2.23,,1701.602,110.0,0.0,66.0,0.0,0.0,0.0,3789563.0
2018-11-21,4106198.0,3917324.0,16.205,330202.0,1775.291,,2.18,2.25,2.0,2.2,2.0,2.75,2.25,,1701.602,15.0,0.0,55.0,0.0,0.0,0.0,3759791.0
2018-11-22,4106198.0,3917324.0,16.205,330202.0,1775.291,,2.18,2.25,2.0,2.2,2.0,2.75,2.25,,1701.602,15.0,0.0,55.0,0.0,0.0,0.0,3759791.0
2018-11-23,4106198.0,3917324.0,13.105,330202.0,1775.291,,2.23,2.25,2.0,2.2,2.0,2.75,2.25,,1701.602,15.0,0.0,55.0,0.0,0.0,0.0,3762891.0
2018-11-24,4106198.0,3917324.0,13.105,330202.0,1775.291,,2.23,2.25,2.0,2.2,2.0,2.75,2.25,,1701.602,15.0,0.0,55.0,0.0,0.0,0.0,3762891.0
2018-11-25,4106198.0,3917324.0,13.105,330202.0,1775.291,,2.23,2.25,2.0,2.2,2.0,2.75,2.25,,1701.602,15.0,0.0,55.0,0.0,0.0,0.0,3762891.0
2018-11-26,4106198.0,3917324.0,0.615,330202.0,1775.291,,2.2,2.25,2.0,2.2,2.0,2.75,2.24,,1701.602,15.0,0.0,55.0,0.0,0.0,0.0,3775381.0
2018-11-27,4106198.0,3917324.0,0.44,330202.0,1775.291,,2.19,2.25,2.0,2.2,2.0,2.75,2.31,,1701.602,15.0,0.0,55.0,0.0,0.0,0.0,3775556.0
2018-11-28,4097170.0,3908994.0,1.464,340596.0,1775.291,,2.19,2.25,2.0,2.2,2.0,2.75,2.31,,1701.602,4.0,0.0,81.0,0.0,0.0,0.0,3755110.0
2018-11-29,4097170.0,3908994.0,1.814,340596.0,1775.291,,2.24,2.25,2.0,2.2,2.0,2.75,2.31,,1701.602,4.0,0.0,81.0,0.0,0.0,0.0,3754760.0
2018-11-30,4097170.0,3908994.0,2.49,340596.0,1775.291,,2.28,2.25,2.0,2.2,2.0,2.75,2.31,,1701.602,4.0,0.0,81.0,0.0,0.0,0.0,3754084.0
2018-12-01,4097170.0,3908994.0,2.49,340596.0,1691.394,,2.28,2.25,2.0,2.2,2.0,2.75,2.31,,1706.892,4.0,0.0,81.0,0.0,0.0,0.0,3754084.0
2018-12-02,4097170.0,3908994.0,2.49,340596.0,1691.394,,2.28,2.25,2.0,2.2,2.0,2.75,2.31,,1706.892,4.0,0.0,81.0,0.0,0.0,0.0,3754084.0
2018-12-03,4097170.0,3908994.0,2.21,340596.0,1691.394,,2.23,2.25,2.0,2.19,2.0,2.75,2.3,,1706.892,4.0,0.0,81.0,0.0,0.0,0.0,3754364.0
2018-12-04,4097170.0,3908994.0,2.21,340596.0,1691.394,,2.27,2.25,2.0,2.2,2.0,2.75,2.37,,1706.892,4.0,0.0,81.0,0.0,0.0,0.0,3754364.0
2018-12-05,4086044.0,3896430.0,2.21,337564.0,1691.394,,2.27,2.25,2.0,2.2,2.0,2.75,2.37,,1706.892,10.0,0.0,46.0,0.0,0.0,0.0,3746270.0
2018-12-06,4086044.0,3896430.0,3.36,337564.0,1691.394,,2.34,2.25,2.0,2.2,2.0,2.75,2.36,,1706.892,10.0,0.0,46.0,0.0,0.0,0.0,3745120.0
2018-12-07,4086044.0,3896430.0,5.635,337564.0,1691.394,,2.3,2.25,2.0,2.19,2.0,2.75,2.32,,1706.892,10.0,0.0,46.0,0.0,0.0,0.0,3742845.0
2018-12-08,4086044.0,3896430.0,5.635,337564.0,1691.394,,2.3,2.25,2.0,2.19,2.0,2.75,2.32,,1706.892,10.0,0.0,46.0,0.0,0.0,0.0,3742845.0
2018-12-09,4086044.0,3896430.0,5.635,337564.0,1691.394,,2.3,2.25,2.0,2.19,2.0,2.75,2.32,,1706.892,10.0,0.0,46.0,0.0,0.0,0.0,3742845.0
2018-12-10,4086044.0,3896430.0,1.424,337564.0,1691.394,,2.22,2.25,2.0,2.2,2.0,2.75,2.32,,1706.892,10.0,0.0,46.0,0.0,0.0,0.0,3747056.0
2018-12-11,4086044.0,3896430.0,0.352,337564.0,1691.394,,2.19,2.25,2.0,2.19,2.0,2.75,2.28,,1706.892,10.0,0.0,46.0,0.0,0.0,0.0,3748128.0
2018-12-12,4088314.0,3896485.0,0.461,334967.0,1691.394,,2.2,2.25,2.0,2.19,2.0,2.75,2.3,,1706.892,9.0,0.0,60.0,0.0,0.0,0.0,3752886.0
2018-12-13,4088314.0,3896485.0,0.415,334967.0,1691.394,,2.21,2.25,2.0,2.19,2.0,2.75,2.36,,1706.892,9.0,0.0,60.0,0.0,0.0,0.0,3752932.0
2018-12-14,4088314.0,3896485.0,0.315,334967.0,1691.394,,2.21,2.25,2.0,2.19,2.0,2.75,2.36,,1706.892,9.0,0.0,60.0,0.0,0.0,0.0,3753032.0
2018-12-15,4088314.0,3896485.0,0.315,334967.0,1691.394,,2.21,2.25,2.0,2.19,2.0,2.75,2.36,,1706.892,9.0,0.0,60.0,0.0,0.0,0.0,3753032.0
2018-12-16,4088314.0,3896485.0,0.315,334967.0,1691.394,,2.21,2.25,2.0,2.19,2.0,2.75,2.36,,1706.892,9.0,0.0,60.0,0.0,0.0,0.0,3753032.0
2018-12-17,4088314.0,3896485.0,0.415,334967.0,1691.394,,2.31,2.25,2.0,2.2,2.0,2.75,2.36,,1706.892,9.0,0.0,60.0,0.0,0.0,0.0,3752932.0
2018-12-18,4088314.0,3896485.0,6.216,334967.0,1691.394,,2.32,2.25,2.0,2.2,2.0,2.75,2.35,,1706.892,9.0,0.0,60.0,0.0,0.0,0.0,3747131.0
2018-12-19,4084274.0,3891757.0,5.982,350714.0,1691.394,,2.3,2.25,2.0,2.2,2.0,2.75,2.35,,1706.892,18.0,0.0,77.0,0.0,0.0,0.0,3727578.0
2018-12-20,4084274.0,3891757.0,9.521,350714.0,1691.394,,2.41,2.5,2.25,2.4,2.25,3.0,2.42,,1706.892,18.0,0.0,77.0,0.0,0.0,0.0,3724039.0
2018-12-21,4084274.0,3891757.0,8.805,350714.0,1691.394,,2.4,2.5,2.25,2.4,2.25,3.0,2.41,,1706.892,18.0,0.0,77.0,0.0,0.0,0.0,3724755.0
2018-12-22,4084274.0,3891757.0,8.805,350714.0,1691.394,,2.4,2.5,2.25,2.4,2.25,3.0,2.41,,1706.892,18.0,0.0,77.0,0.0,0.0,0.0,3724755.0
2018-12-23,4084274.0,3891757.0,8.805,350714.0,1691.394,,2.4,2.5,2.25,2.4,2.25,3.0,2.41,,1706.892,18.0,0.0,77.0,0.0,0.0,0.0,3724755.0
2018-12-24,4084274.0,3891757.0,7.96,350714.0,1691.394,,2.41,2.5,2.25,2.4,2.25,3.0,2.42,,1706.892,18.0,0.0,77.0,0.0,0.0,0.0,3725600.0
2018-12-25,4084274.0,3891757.0,7.96,350714.0,1691.394,,2.41,2.5,2.25,2.4,2.25,3.0,2.42,,1706.892,18.0,0.0,77.0,0.0,0.0,0.0,3725600.0
2018-12-26,4075636.0,3880249.0,1.005,374085.0,1691.394,,2.44,2.5,2.25,2.4,2.25,3.0,2.41,,1706.892,12.0,0.0,65.0,0.0,0.0,0.0,3700546.0
2018-12-27,4075636.0,3880249.0,3.1,374085.0,1691.394,,2.44,2.5,2.25,2.4,2.25,3.0,2.43,,1706.892,12.0,0.0,65.0,0.0,0.0,0.0,3698451.0
2018-12-28,4075636.0,3880249.0,3.21,374085.0,1691.394,,2.46,2.5,2.25,2.4,2.25,3.0,2.39,,1706.892,12.0,0.0,65.0,0.0,0.0,0.0,3698341.0
2018-12-29,4075636.0,3880249.0,3.21,374085.0,1691.394,,2.46,2.5,2.25,2.4,2.25,3.0,2.39,,1706.892,12.0,0.0,65.0,0.0,0.0,0.0,3698341.0
2018-12-30,4075636.0,3880249.0,3.21,374085.0,1691.394,,2.46,2.5,2.25,2.4,2.25,3.0,2.39,,1706.892,12.0,0.0,65.0,0.0,0.0,0.0,3698341.0
2018-12-31,4075636.0,3880249.0,41.848,374085.0,1691.394,,3.0,2.5,2.25,2.4,2.25,3.0,2.44,,1706.892,12.0,0.0,65.0,0.0,0.0,0.0,3659703.0
2019-01-01,4075636.0,3880249.0,41.848,374085.0,1639.03,,3.0,2.5,2.25,2.4,2.25,3.0,2.44,,1709.726,12.0,0.0,65.0,0.0,0.0,0.0,3659703.0
2019-01-02,4058378.0,3862049.0,19.481,379902.0,1639.03,,3.15,2.5,2.25,2.4,2.25,3.0,2.4,,1709.726,5.0,0.0,1.0,0.0,0.0,0.0,3658995.0
2019-01-03,4058378.0,3862049.0,7.198,379902.0,1639.03,,2.7,2.5,2.25,2.4,2.25,3.0,2.42,,1709.726,5.0,0.0,1.0,0.0,0.0,0.0,3671278.0
2019-01-04,4058378.0,3862049.0,2.86,379902.0,1639.03,,2.45,2.5,2.25,2.4,2.25,3.0,2.4,,1709.726,5.0,0.0,1.0,0.0,0.0,0.0,3675616.0
2019-01-05,4058378.0,3862049.0,2.86,379902.0,1639.03,,2.45,2.5,2.25,2.4,2.25,3.0,2.4,,1709.726,5.0,0.0,1.0,0.0,0.0,0.0,3675616.0
2019-01-06,4058378.0,3862049.0,2.86,379902.0,1639.03,,2.45,2.5,2.25,2.4,2.25,3.0,2.4,,1709.726,5.0,0.0,1.0,0.0,0.0,0.0,3675616.0
2019-01-07,4058378.0,3862049.0,2.786,379902.0,1639.03,,2.41,2.5,2.25,2.4,2.25,3.0,2.42,,1709.726,5.0,0.0,1.0,0.0,0.0,0.0,3675690.0
2019-01-08,4058378.0,3862049.0,2.811,379902.0,1639.03,,2.42,2.5,2.25,2.4,2.25,3.0,2.4,,1709.726,5.0,0.0,1.0,0.0,0.0,0.0,3675665.0
2019-01-09,4056563.0,3861944.0,2.537,356698.0,1639.03,,2.45,2.5,2.25,2.4,2.25,3.0,2.4,,1709.726,7.0,0.0,0.0,0.0,0.0,0.0,3697328.0
2019-01-10,4056563.0,3861944.0,2.216,356698.0,1639.03,,2.43,2.5,2.25,2.4,2.25,3.0,2.42,,1709.726,7.0,0.0,0.0,0.0,0.0,0.0,3697649.0
2019-01-11,4056563.0,3861944.0,2.016,356698.0,1639.03,,2.41,2.5,2.25,2.4,2.25,3.0,2.41,,1709.726,7.0,0.0,0.0,0.0,0.0,0.0,3697849.0
2019-01-12,4056563.0,3861944.0,2.016,356698.0,1639.03,,2.41,2.5,2.25,2.4,2.25,3.0,2.41,,1709.726,7.0,0.0,0.0,0.0,0.0,0.0,3697849.0
2019-01-13,4056563.0,3861944.0,2.016,356698.0,1639.03,,2.41,2.5,2.25,2.4,2.25,3.0,2.41,,1709.726,7.0,0.0,0.0,0.0,0.0,0.0,3697849.0
2019-01-14,4056563.0,3861944.0,1.205,356698.0,1639.03,,2.4,2.5,2.25,2.4,2.25,3.0,2.42,,1709.726,7.0,0.0,0.0,0.0,0.0,0.0,3698660.0
2019-01-15,4056563.0,3861944.0,2.016,356698.0,1639.03,,2.46,2.5,2.25,2.4,2.25,3.0,2.41,,1709.726,7.0,0.0,0.0,0.0,0.0,0.0,3697849.0
2019-01-16,4050044.0,3855356.0,1.316,351180.0,1639.03,,2.43,2.5,2.25,2.4,2.25,3.0,2.41,,1709.726,12.0,0.0,3.0,0.0,0.0,0.0,3697548.0
2019-01-17,4050044.0,3855356.0,2.065,351180.0,1639.03,,2.41,2.5,2.25,2.4,2.25,3.0,2.41,,1709.726,12.0,0.0,3.0,0.0,0.0,0.0,3696799.0
2019-01-18,4050044.0,3855356.0,13.165,351180.0,1639.03,,2.42,2.5,2.25,2.4,2.25,3.0,2.4,,1709.726,12.0,0.0,3.0,0.0,0.0,0.0,3685699.0
2019-01-19,4050044.0,3855356.0,13.165,351180.0,1639.03,,2.42,2.5,2.25,2.4,2.25,3.0,2.4,,1709.726,12.0,0.0,3.0,0.0,0.0,0.0,3685699.0
2019-01-20,4050044.0,3855356.0,13.165,351180.0,1639.03,,2.42,2.5,2.25,2.4,2.25,3.0,2.4,,1709.726,12.0,0.0,3.0,0.0,0.0,0.0,3685699.0
2019-01-21,4050044.0,3855356.0,13.165,351180.0,1639.03,,2.42,2.5,2.25,2.4,2.25,3.0,2.4,,1709.726,12.0,0.0,3.0,0.0,0.0,0.0,3685699.0
2019-01-22,4050044.0,3855356.0,10.465,351180.0,1639.03,,2.41,2.5,2.25,2.4,2.25,3.0,2.38,,1709.726,12.0,0.0,3.0,0.0,0.0,0.0,3688399.0
2019-01-23,4047052.0,3851419.0,11.415,389626.0,1639.03,,2.4,2.5,2.25,2.4,2.25,3.0,2.37,,1709.726,13.0,0.0,6.0,0.0,0.0,0.0,3646011.0
2019-01-24,4047052.0,3851419.0,15.06,389626.0,1639.03,,2.41,2.5,2.25,2.4,2.25,3.0,2.38,,1709.726,13.0,0.0,6.0,0.0,0.0,0.0,3642366.0
2019-01-25,4047052.0,3851419.0,1.515,389626.0,1639.03,,2.4,2.5,2.25,2.4,2.25,3.0,2.36,,1709.726,13.0,0.0,6.0,0.0,0.0,0.0,3655911.0
2019-01-26,4047052.0,3851419.0,1.515,389626.0,1639.03,,2.4,2.5,2.25,2.4,2.25,3.0,2.36,,1709.726,13.0,0.0,6.0,0.0,0.0,0.0,3655911.0
2019-01-27,4047052.0,3851419.0,1.515,389626.0,1639.03,,2.4,2.5,2.25,2.4,2.25,3.0,2.36,,1709.726,13.0,0.0,6.0,0.0,0.0,0.0,3655911.0
2019-01-28,4047052.0,3851419.0,1.265,389626.0,1639.03,,2.39,2.5,2.25,2.4,2.25,3.0,2.39,,1709.726,13.0,0.0,6.0,0.0,0.0,0.0,3656161.0
2019-01-29,4047052.0,3851419.0,1.84,389626.0,1639.03,,2.4,2.5,2.25,2.4,2.25,3.0,2.39,,1709.726,13.0,0.0,6.0,0.0,0.0,0.0,3655586.0
2019-01-30,4039678.0,3844229.0,0.99,403276.0,1639.03,,2.39,2.5,2.25,2.4,2.25,3.0,2.4,,1709.726,27.0,0.0,7.0,0.0,0.0,0.0,3635412.0
2019-01-31,4039678.0,3844229.0,1.051,403276.0,1639.03,,2.58,2.5,2.25,2.4,2.25,3.0,2.42,,1709.726,27.0,0.0,7.0,0.0,0.0,0.0,3635351.0
2019-02-01,4039678.0,3844229.0,0.665,403276.0,1645.233,,2.47,2.5,2.25,2.4,2.25,3.0,2.41,,1707.784,27.0,0.0,7.0,0.0,0.0,0.0,3635737.0
2019-02-02,4039678.0,3844229.0,0.665,403276.0,1645.233,,2.47,2.5,2.25,2.4,2.25,3.0,2.41,,1707.784,27.0,0.0,7.0,0.0,0.0,0.0,3635737.0
2019-02-03,4039678.0,3844229.0,0.665,403276.0,1645.233,,2.47,2.5,2.25,2.4,2.25,3.0,2.41,,1707.784,27.0,0.0,7.0,0.0,0.0,0.0,3635737.0
2019-02-04,4039678.0,3844229.0,4.515,403276.0,1645.233,,2.4,2.5,2.25,2.4,2.25,3.0,2.41,,1707.784,27.0,0.0,7.0,0.0,0.0,0.0,3631887.0
2019-02-05,4039678.0,3844229.0,1.686,403276.0,1645.233,,2.4,2.5,2.25,2.4,2.25,3.0,2.39,,1707.784,27.0,0.0,7.0,0.0,0.0,0.0,3634716.0
2019-02-06,4026350.0,3829930.0,1.926,352375.0,1645.233,,2.38,2.5,2.25,2.4,2.25,3.0,2.4,,1707.784,2.0,0.0,14.0,0.0,0.0,0.0,3672049.0
2019-02-07,4026350.0,3829930.0,2.32,352375.0,1645.233,,2.38,2.5,2.25,2.4,2.25,3.0,2.43,,1707.784,2.0,0.0,14.0,0.0,0.0,0.0,3671655.0
2019-02-08,4026350.0,3829930.0,2.016,352375.0,1645.233,,2.37,2.5,2.25,2.4,2.25,3.0,2.43,,1707.784,2.0,0.0,14.0,0.0,0.0,0.0,3671959.0
2019-02-09,4026350.0,3829930.0,2.016,352375.0,1645.233,,2.37,2.5,2.25,2.4,2.25,3.0,2.43,,1707.784,2.0,0.0,14.0,0.0,0.0,0.0,3671959.0
2019-02-10,4026350.0,3829930.0,2.016,352375.0,1645.233,,2.37,2.5,2.25,2.4,2.25,3.0,2.43,,1707.784,2.0,0.0,14.0,0.0,0.0,0.0,3671959.0
2019-02-11,4026350.0,3829930.0,2.006,352375.0,1645.233,,2.4,2.5,2.25,2.4,2.25,3.0,2.44,,1707.784,2.0,0.0,14.0,0.0,0.0,0.0,3671969.0
2019-02-12,4026350.0,3829930.0,1.658,352375.0,1645.233,,2.39,2.5,2.25,2.4,2.25,3.0,2.42,,1707.784,2.0,0.0,14.0,0.0,0.0,0.0,3672317.0
2019-02-13,4028431.0,3829969.0,1.697,359109.0,1645.233,,2.38,2.5,2.25,2.4,2.25,3.0,2.42,,1707.784,3.0,0.0,15.0,0.0,0.0,0.0,3667625.0
2019-02-14,4028431.0,3829969.0,1.341,359109.0,1645.233,,2.39,2.5,2.25,2.4,2.25,3.0,2.45,,1707.784,3.0,0.0,15.0,0.0,0.0,0.0,3667981.0
2019-02-15,4028431.0,3829969.0,5.271,359109.0,1645.233,,2.43,2.5,2.25,2.4,2.25,3.0,2.43,,1707.784,3.0,0.0,15.0,0.0,0.0,0.0,3664051.0
2019-02-16,4028431.0,3829969.0,5.271,359109.0,1645.233,,2.43,2.5,2.25,2.4,2.25,3.0,2.43,,1707.784,3.0,0.0,15.0,0.0,0.0,0.0,3664051.0
2019-02-17,4028431.0,3829969.0,5.271,359109.0,1645.233,,2.43,2.5,2.25,2.4,2.25,3.0,2.43,,1707.784,3.0,0.0,15.0,0.0,0.0,0.0,3664051.0
2019-02-18,4028431.0,3829969.0,5.271,359109.0,1645.233,,2.43,2.5,2.25,2.4,2.25,3.0,2.43,,1707.784,3.0,0.0,15.0,0.0,0.0,0.0,3664051.0
2019-02-19,4028431.0,3829969.0,1.967,359109.0,1645.233,,2.4,2.5,2.25,2.4,2.25,3.0,2.44,,1707.784,3.0,0.0,15.0,0.0,0.0,0.0,3667355.0
2019-02-20,3981420.0,3798759.0,2.275,333896.0,1645.233,,2.39,2.5,2.25,2.4,2.25,3.0,2.41,,1707.784,9.0,0.0,14.0,0.0,0.0,0.0,3645249.0
2019-02-21,3981420.0,3798759.0,1.725,333896.0,1645.233,,2.39,2.5,2.25,2.4,2.25,3.0,2.43,,1707.784,9.0,0.0,14.0,0.0,0.0,0.0,3645799.0
2019-02-22,3981420.0,3798759.0,6.665,333896.0,1645.233,,2.4,2.5,2.25,2.4,2.25,3.0,2.43,,1707.784,9.0,0.0,14.0,0.0,0.0,0.0,3640859.0
2019-02-23,3981420.0,3798759.0,6.665,333896.0,1645.233,,2.4,2.5,2.25,2.4,2.25,3.0,2.43,,1707.784,9.0,0.0,14.0,0.0,0.0,0.0,3640859.0
2019-02-24,3981420.0,3798759.0,6.665,333896.0,1645.233,,2.4,2.5,2.25,2.4,2.25,3.0,2.43,,1707.784,9.0,0.0,14.0,0.0,0.0,0.0,3640859.0
2019-02-25,3981420.0,3798759.0,1.375,333896.0,1645.233,,2.38,2.5,2.25,2.4,2.25,3.0,2.44,,1707.784,9.0,0.0,14.0,0.0,0.0,0.0,3646149.0
2019-02-26,3981420.0,3798759.0,1.815,333896.0,1645.233,,2.38,2.5,2.25,2.4,2.25,3.0,2.43,,1707.784,9.0,0.0,14.0,0.0,0.0,0.0,3645709.0
2019-02-27,3974590.0,3792109.0,1.915,310574.0,1645.233,,2.37,2.5,2.25,2.4,2.25,3.0,2.43,,1707.784,3.0,0.0,9.0,0.0,0.0,0.0,3662101.0
2019-02-28,3974590.0,3792109.0,3.415,310574.0,1645.233,,2.58,2.5,2.25,2.4,2.25,3.0,2.44,,1707.784,3.0,0.0,9.0,0.0,0.0,0.0,3660601.0
2019-03-01,3974590.0,3792109.0,2.015,310574.0,1661.297,,2.38,2.5,2.25,2.4,2.25,3.0,2.44,,1719.262,3.0,0.0,9.0,0.0,0.0,0.0,3662001.0
2019-03-02,3974590.0,3792109.0,2.015,310574.0,1661.297,,2.38,2.5,2.25,2.4,2.25,3.0,2.44,,1719.262,3.0,0.0,9.0,0.0,0.0,0.0,3662001.0
2019-03-03,3974590.0,3792109.0,2.015,310574.0,1661.297,,2.38,2.5,2.25,2.4,2.25,3.0,2.44,,1719.262,3.0,0.0,9.0,0.0,0.0,0.0,3662001.0
2019-03-04,3974590.0,3792109.0,2.917,310574.0,1661.297,,2.38,2.5,2.25,2.4,2.25,3.0,2.45,,1719.262,3.0,0.0,9.0,0.0,0.0,0.0,3661099.0
2019-03-05,3974590.0,3792109.0,3.119,310574.0,1661.297,,2.38,2.5,2.25,2.4,2.25,3.0,2.44,,1719.262,3.0,0.0,9.0,0.0,0.0,0.0,3660897.0
2019-03-06,3969134.0,3785438.0,2.115,220045.0,1661.297,,2.38,2.5,2.25,2.4,2.25,3.0,2.43,,1719.262,0.0,0.0,6.0,0.0,0.0,0.0,3746974.0
2019-03-07,3969134.0,3785438.0,0.717,220045.0,1661.297,,2.38,2.5,2.25,2.4,2.25,3.0,2.45,,1719.262,0.0,0.0,6.0,0.0,0.0,0.0,3748372.0
2019-03-08,3969134.0,3785438.0,0.015,220045.0,1661.297,,2.39,2.5,2.25,2.4,2.25,3.0,2.45,,1719.262,0.0,0.0,6.0,0.0,0.0,0.0,3749074.0
2019-03-09,3969134.0,3785438.0,0.015,220045.0,1661.297,,2.39,2.5,2.25,2.4,2.25,3.0,2.45,,1719.262,0.0,0.0,6.0,0.0,0.0,0.0,3749074.0
2019-03-10,3969134.0,3785438.0,0.015,220045.0,1661.297,,2.39,2.5,2.25,2.4,2.25,3.0,2.45,,1719.262,0.0,0.0,6.0,0.0,0.0,0.0,3749074.0
2019-03-11,3969134.0,3785438.0,0.019,220045.0,1661.297,,2.38,2.5,2.25,2.4,2.25,3.0,2.44,,1719.262,0.0,0.0,6.0,0.0,0.0,0.0,3749070.0
2019-03-12,3969134.0,3785438.0,0.027,220045.0,1661.297,,2.39,2.5,2.25,2.4,2.25,3.0,2.44,,1719.262,0.0,0.0,6.0,0.0,0.0,0.0,3749062.0
2019-03-13,3971559.0,3785655.0,0.016,245972.0,1661.297,,2.4,2.5,2.25,2.4,2.25,3.0,2.43,,1719.262,0.0,0.0,10.0,0.0,0.0,0.0,3725571.0
2019-03-14,3971559.0,3785655.0,0.019,245972.0,1661.297,,2.42,2.5,2.25,2.4,2.25,3.0,2.48,,1719.262,0.0,0.0,10.0,0.0,0.0,0.0,3725568.0
2019-03-15,3971559.0,3785655.0,0.015,245972.0,1661.297,,2.46,2.5,2.25,2.4,2.25,3.0,2.46,,1719.262,0.0,0.0,10.0,0.0,0.0,0.0,3725572.0
2019-03-16,3971559.0,3785655.0,0.015,245972.0,1661.297,,2.46,2.5,2.25,2.4,2.25,3.0,2.46,,1719.262,0.0,0.0,10.0,0.0,0.0,0.0,3725572.0
2019-03-17,3971559.0,3785655.0,0.015,245972.0,1661.297,,2.46,2.5,2.25,2.4,2.25,3.0,2.46,,1719.262,0.0,0.0,10.0,0.0,0.0,0.0,3725572.0
2019-03-18,3971559.0,3785655.0,3.169,245972.0,1661.297,,2.41,2.5,2.25,2.4,2.25,3.0,2.47,,1719.262,0.0,0.0,10.0,0.0,0.0,0.0,3722418.0
2019-03-19,3971559.0,3785655.0,2.515,245972.0,1661.297,,2.42,2.5,2.25,2.4,2.25,3.0,2.46,,1719.262,0.0,0.0,10.0,0.0,0.0,0.0,3723072.0
2019-03-20,3962748.0,3777418.0,0.617,303623.0,1661.297,,2.47,2.5,2.25,2.41,2.25,3.0,2.45,,1719.262,5.0,0.0,6.0,0.0,0.0,0.0,3658508.0
2019-03-21,3962748.0,3777418.0,0.411,303623.0,1661.297,,2.44,2.5,2.25,2.41,2.25,3.0,2.51,,1719.262,5.0,0.0,6.0,0.0,0.0,0.0,3658714.0
2019-03-22,3962748.0,3777418.0,5.016,303623.0,1661.297,,2.4,2.5,2.25,2.41,2.25,3.0,2.49,,1719.262,5.0,0.0,6.0,0.0,0.0,0.0,3654109.0
2019-03-23,3962748.0,3777418.0,5.016,303623.0,1661.297,,2.4,2.5,2.25,2.41,2.25,3.0,2.49,,1719.262,5.0,0.0,6.0,0.0,0.0,0.0,3654109.0
2019-03-24,3962748.0,3777418.0,5.016,303623.0,1661.297,,2.4,2.5,2.25,2.41,2.25,3.0,2.49,,1719.262,5.0,0.0,6.0,0.0,0.0,0.0,3654109.0
2019-03-25,3962748.0,3777418.0,0.129,303623.0,1661.297,,2.4,2.5,2.25,2.4,2.25,3.0,2.47,,1719.262,5.0,0.0,6.0,0.0,0.0,0.0,3658996.0
2019-03-26,3962748.0,3777418.0,0.566,303623.0,1661.297,,2.4,2.5,2.25,2.4,2.25,3.0,2.46,,1719.262,5.0,0.0,6.0,0.0,0.0,0.0,3658559.0
2019-03-27,3955617.0,3770666.0,0.166,310868.0,1661.297,,2.4,2.5,2.25,2.41,2.25,3.0,2.45,,1719.262,21.0,0.0,6.0,0.0,0.0,0.0,3644583.0
2019-03-28,3955617.0,3770666.0,0.515,310868.0,1661.297,,2.43,2.5,2.25,2.41,2.25,3.0,2.44,,1719.262,21.0,0.0,6.0,0.0,0.0,0.0,3644234.0
2019-03-29,3955617.0,3770666.0,0.731,310868.0,1661.297,,2.65,2.5,2.25,2.43,2.25,3.0,2.43,,1719.262,21.0,0.0,6.0,0.0,0.0,0.0,3644018.0
2019-03-30,3955617.0,3770666.0,0.731,310868.0,1661.297,,2.65,2.5,2.25,2.43,2.25,3.0,2.43,,1719.262,21.0,0.0,6.0,0.0,0.0,0.0,3644018.0
2019-03-31,3955617.0,3770666.0,0.731,310868.0,1661.297,,2.65,2.5,2.25,2.43,2.25,3.0,2.43,,1719.262,21.0,0.0,6.0,0.0,0.0,0.0,3644018.0
2019-04-01,3955617.0,3770666.0,0.011,310868.0,1559.45,,2.46,2.5,2.25,2.41,2.25,3.0,2.42,,1726.409,21.0,0.0,6.0,0.0,0.0,0.0,3644738.0
2019-04-02,3955617.0,3770666.0,0.019,310868.0,1559.45,,2.46,2.5,2.25,2.41,2.25,3.0,2.43,,1726.409,21.0,0.0,6.0,0.0,0.0,0.0,3644730.0
2019-04-03,3935509.0,3748378.0,0.016,310188.0,1559.45,,2.47,2.5,2.25,2.41,2.25,3.0,2.42,,1726.409,3.0,0.0,8.0,0.0,0.0,0.0,3625305.0
2019-04-04,3935509.0,3748378.0,0.615,310188.0,1559.45,,2.46,2.5,2.25,2.41,2.25,3.0,2.43,,1726.409,3.0,0.0,8.0,0.0,0.0,0.0,3624706.0
2019-04-05,3935509.0,3748378.0,0.015,310188.0,1559.45,,2.46,2.5,2.25,2.41,2.25,3.0,2.42,,1726.409,3.0,0.0,8.0,0.0,0.0,0.0,3625306.0
2019-04-06,3935509.0,3748378.0,0.015,310188.0,1559.45,,2.46,2.5,2.25,2.41,2.25,3.0,2.42,,1726.409,3.0,0.0,8.0,0.0,0.0,0.0,3625306.0
2019-04-07,3935509.0,3748378.0,0.015,310188.0,1559.45,,2.46,2.5,2.25,2.41,2.25,3.0,2.42,,1726.409,3.0,0.0,8.0,0.0,0.0,0.0,3625306.0
2019-04-08,3935509.0,3748378.0,0.284,310188.0,1559.45,,2.46,2.5,2.25,2.41,2.25,3.0,2.43,,1726.409,3.0,0.0,8.0,0.0,0.0,0.0,3625037.0
2019-04-09,3935509.0,3748378.0,0.41,310188.0,1559.45,,2.45,2.5,2.25,2.41,2.25,3.0,2.42,,1726.409,3.0,0.0,8.0,0.0,0.0,0.0,3624911.0
2019-04-10,3936784.0,3748702.0,2.731,262617.0,1559.45,,2.45,2.5,2.25,2.41,2.25,3.0,2.4,,1726.409,10.0,0.0,11.0,0.0,0.0,0.0,3671436.0
2019-04-11,3936784.0,3748702.0,0.122,262617.0,1559.45,,2.44,2.5,2.25,2.41,2.25,3.0,2.42,,1726.409,10.0,0.0,11.0,0.0,0.0,0.0,3674045.0
2019-04-12,3936784.0,3748702.0,0.016,262617.0,1559.45,,2.44,2.5,2.25,2.41,2.25,3.0,2.41,,1726.409,10.0,0.0,11.0,0.0,0.0,0.0,3674151.0
2019-04-13,3936784.0,3748702.0,0.016,262617.0,1559.45,,2.44,2.5,2.25,2.41,2.25,3.0,2.41,,1726.409,10.0,0.0,11.0,0.0,0.0,0.0,3674151.0
2019-04-14,3936784.0,3748702.0,0.016,262617.0,1559.45,,2.44,2.5,2.25,2.41,2.25,3.0,2.41,,1726.409,10.0,0.0,11.0,0.0,0.0,0.0,3674151.0
2019-04-15,3936784.0,3748702.0,0.018,262617.0,1559.45,,2.47,2.5,2.25,2.41,2.25,3.0,2.42,,1726.409,10.0,0.0,11.0,0.0,0.0,0.0,3674149.0
2019-04-16,3936784.0,3748702.0,0.7,262617.0,1559.45,,2.47,2.5,2.25,2.41,2.25,3.0,2.43,,1726.409,10.0,0.0,11.0,0.0,0.0,0.0,3673467.0
2019-04-17,3931827.0,3743694.0,0.015,285264.0,1559.45,,2.5,2.5,2.25,2.42,2.25,3.0,2.43,,1726.409,5.0,0.0,15.0,0.0,0.0,0.0,3646548.0
2019-04-18,3931827.0,3743694.0,0.015,285264.0,1559.45,,2.5,2.5,2.25,2.43,2.25,3.0,2.44,,1726.409,5.0,0.0,15.0,0.0,0.0,0.0,3646548.0
2019-04-19,3931827.0,3743694.0,0.015,285264.0,1559.45,,2.5,2.5,2.25,2.44,2.25,3.0,2.44,,1726.409,5.0,0.0,15.0,0.0,0.0,0.0,3646548.0
2019-04-20,3931827.0,3743694.0,0.015,285264.0,1559.45,,2.5,2.5,2.25,2.44,2.25,3.0,2.44,,1726.409,5.0,0.0,15.0,0.0,0.0,0.0,3646548.0
2019-04-21,3931827.0,3743694.0,0.015,285264.0,1559.45,,2.5,2.5,2.25,2.44,2.25,3.0,2.44,,1726.409,5.0,0.0,15.0,0.0,0.0,0.0,3646548.0
2019-04-22,3931827.0,3743694.0,1.117,285264.0,1559.45,,2.46,2.5,2.25,2.44,2.25,3.0,2.44,,1726.409,5.0,0.0,15.0,0.0,0.0,0.0,3645446.0
2019-04-23,3931827.0,3743694.0,5.69,285264.0,1559.45,,2.46,2.5,2.25,2.44,2.25,3.0,2.43,,1726.409,5.0,0.0,15.0,0.0,0.0,0.0,3640873.0
2019-04-24,3928273.0,3739284.0,9.515,378602.0,1559.45,,2.44,2.5,2.25,2.44,2.25,3.0,2.42,,1726.409,14.0,0.0,18.0,0.0,0.0,0.0,3540156.0
2019-04-25,3928273.0,3739284.0,0.61,378602.0,1559.45,,2.45,2.5,2.25,2.44,2.25,3.0,2.43,,1726.409,14.0,0.0,18.0,0.0,0.0,0.0,3549061.0
2019-04-26,3928273.0,3739284.0,0.915,378602.0,1559.45,,2.46,2.5,2.25,2.44,2.25,3.0,2.42,,1726.409,14.0,0.0,18.0,0.0,0.0,0.0,3548756.0
2019-04-27,3928273.0,3739284.0,0.915,378602.0,1559.45,,2.46,2.5,2.25,2.44,2.25,3.0,2.42,,1726.409,14.0,0.0,18.0,0.0,0.0,0.0,3548756.0
2019-04-28,3928273.0,3739284.0,0.915,378602.0,1559.45,,2.46,2.5,2.25,2.44,2.25,3.0,2.42,,1726.409,14.0,0.0,18.0,0.0,0.0,0.0,3548756.0
2019-04-29,3928273.0,3739284.0,0.615,378602.0,1559.45,,2.48,2.5,2.25,2.45,2.25,3.0,2.45,,1726.409,14.0,0.0,18.0,0.0,0.0,0.0,3549056.0
2019-04-30,3928273.0,3739284.0,0.015,378602.0,1559.45,,2.76,2.5,2.25,2.45,2.25,3.0,2.43,,1726.409,14.0,0.0,18.0,0.0,0.0,0.0,3549656.0
2019-05-01,3889691.0,3701734.0,0.027,400498.0,1511.285,,2.54,2.5,2.25,2.45,2.25,3.0,2.42,,1732.227,0.0,0.0,34.0,0.0,0.0,0.0,3489166.0
2019-05-02,3889691.0,3701734.0,0.023,400498.0,1511.285,,2.5,2.5,2.25,2.41,2.25,3.0,2.44,,1732.227,0.0,0.0,34.0,0.0,0.0,0.0,3489170.0
2019-05-03,3889691.0,3701734.0,0.01,400498.0,1511.285,,2.43,2.5,2.25,2.4,2.25,3.0,2.42,,1732.227,0.0,0.0,34.0,0.0,0.0,0.0,3489183.0
2019-05-04,3889691.0,3701734.0,0.01,400498.0,1511.285,,2.43,2.5,2.25,2.4,2.25,3.0,2.42,,1732.227,0.0,0.0,34.0,0.0,0.0,0.0,3489183.0
2019-05-05,3889691.0,3701734.0,0.01,400498.0,1511.285,,2.43,2.5,2.25,2.4,2.25,3.0,2.42,,1732.227,0.0,0.0,34.0,0.0,0.0,0.0,3489183.0
2019-05-06,3889691.0,3701734.0,0.067,400498.0,1511.285,,2.42,2.5,2.25,2.4,2.25,3.0,2.43,,1732.227,0.0,0.0,34.0,0.0,0.0,0.0,3489126.0
2019-05-07,3889691.0,3701734.0,0.961,400498.0,1511.285,,2.44,2.5,2.25,2.4,2.25,3.0,2.44,,1732.227,0.0,0.0,34.0,0.0,0.0,0.0,3488232.0
2019-05-08,3892216.0,3701909.0,0.021,348357.0,1511.285,,2.43,2.5,2.25,2.39,2.25,3.0,2.42,,1732.227,30.0,0.0,36.0,0.0,0.0,0.0,3543838.0
2019-05-09,3892216.0,3701909.0,0.516,348357.0,1511.285,,2.41,2.5,2.25,2.38,2.25,3.0,2.43,,1732.227,30.0,0.0,36.0,0.0,0.0,0.0,3543343.0
2019-05-10,3892216.0,3701909.0,0.271,348357.0,1511.285,,2.4,2.5,2.25,2.38,2.25,3.0,2.42,,1732.227,30.0,0.0,36.0,0.0,0.0,0.0,3543588.0
2019-05-11,3892216.0,3701909.0,0.271,348357.0,1511.285,,2.4,2.5,2.25,2.38,2.25,3.0,2.42,,1732.227,30.0,0.0,36.0,0.0,0.0,0.0,3543588.0
2019-05-12,3892216.0,3701909.0,0.271,348357.0,1511.285,,2.4,2.5,2.25,2.38,2.25,3.0,2.42,,1732.227,30.0,0.0,36.0,0.0,0.0,0.0,3543588.0
2019-05-13,3892216.0,3701909.0,0.111,348357.0,1511.285,,2.38,2.5,2.25,2.38,2.25,3.0,2.41,,1732.227,30.0,0.0,36.0,0.0,0.0,0.0,3543748.0
2019-05-14,3892216.0,3701909.0,1.37,348357.0,1511.285,,2.39,2.5,2.25,2.38,2.25,3.0,2.41,,1732.227,30.0,0.0,36.0,0.0,0.0,0.0,3542489.0
2019-05-15,3864749.0,3686375.0,0.46,323786.0,1511.285,,2.48,2.5,2.25,2.4,2.25,3.0,2.4,,1732.227,22.0,0.0,42.0,0.0,0.0,0.0,3540503.0
2019-05-16,3864749.0,3686375.0,1.75,323786.0,1511.285,,2.43,2.5,2.25,2.39,2.25,3.0,2.4,,1732.227,22.0,0.0,42.0,0.0,0.0,0.0,3539213.0
2019-05-17,3864749.0,3686375.0,9.7,323786.0,1511.285,,2.42,2.5,2.25,2.39,2.25,3.0,2.39,,1732.227,22.0,0.0,42.0,0.0,0.0,0.0,3531263.0
2019-05-18,3864749.0,3686375.0,9.7,323786.0,1511.285,,2.42,2.5,2.25,2.39,2.25,3.0,2.39,,1732.227,22.0,0.0,42.0,0.0,0.0,0.0,3531263.0
2019-05-19,3864749.0,3686375.0,9.7,323786.0,1511.285,,2.42,2.5,2.25,2.39,2.25,3.0,2.39,,1732.227,22.0,0.0,42.0,0.0,0.0,0.0,3531263.0
2019-05-20,3864749.0,3686375.0,8.105,323786.0,1511.285,,2.39,2.5,2.25,2.39,2.25,3.0,2.39,,1732.227,22.0,0.0,42.0,0.0,0.0,0.0,3532858.0
2019-05-21,3864749.0,3686375.0,3.705,323786.0,1511.285,,2.38,2.5,2.25,2.39,2.25,3.0,2.37,,1732.227,22.0,0.0,42.0,0.0,0.0,0.0,3537258.0
2019-05-22,3860435.0,3681344.0,3.751,282864.0,1511.285,,2.37,2.5,2.25,2.38,2.25,3.0,2.36,,1732.227,1.0,0.0,48.0,0.0,0.0,0.0,3573820.0
2019-05-23,3860435.0,3681344.0,4.93,282864.0,1511.285,,2.37,2.5,2.25,2.38,2.25,3.0,2.38,,1732.227,1.0,0.0,48.0,0.0,0.0,0.0,3572641.0
2019-05-24,3860435.0,3681344.0,5.956,282864.0,1511.285,,2.37,2.5,2.25,2.38,2.25,3.0,2.37,,1732.227,1.0,0.0,48.0,0.0,0.0,0.0,3571615.0
2019-05-25,3860435.0,3681344.0,5.956,282864.0,1511.285,,2.37,2.5,2.25,2.38,2.25,3.0,2.37,,1732.227,1.0,0.0,48.0,0.0,0.0,0.0,3571615.0
2019-05-26,3860435.0,3681344.0,5.956,282864.0,1511.285,,2.37,2.5,2.25,2.38,2.25,3.0,2.37,,1732.227,1.0,0.0,48.0,0.0,0.0,0.0,3571615.0
2019-05-27,3860435.0,3681344.0,5.956,282864.0,1511.285,,2.37,2.5,2.25,2.38,2.25,3.0,2.37,,1732.227,1.0,0.0,48.0,0.0,0.0,0.0,3571615.0
2019-05-28,3860435.0,3681344.0,1.52,282864.0,1511.285,,2.41,2.5,2.25,2.39,2.25,3.0,2.35,,1732.227,1.0,0.0,48.0,0.0,0.0,0.0,3576051.0
2019-05-29,3851444.0,3672496.0,2.226,247777.0,1511.285,,2.4,2.5,2.25,2.39,2.25,3.0,2.35,,1732.227,11.0,0.0,43.0,0.0,0.0,0.0,3601441.0
2019-05-30,3851444.0,3672496.0,1.026,247777.0,1511.285,,2.4,2.5,2.25,2.39,2.25,3.0,2.37,,1732.227,11.0,0.0,43.0,0.0,0.0,0.0,3602641.0
2019-05-31,3851444.0,3672496.0,0.855,247777.0,1511.285,,2.49,2.5,2.25,2.4,2.25,3.0,2.35,,1732.227,11.0,0.0,43.0,0.0,0.0,0.0,3602812.0
2019-06-01,3851444.0,3672496.0,0.855,247777.0,1535.857,,2.49,2.5,2.25,2.4,2.25,3.0,2.35,,1737.761,11.0,0.0,43.0,0.0,0.0,0.0,3602812.0
2019-06-02,3851444.0,3672496.0,0.855,247777.0,1535.857,,2.49,2.5,2.25,2.4,2.25,3.0,2.35,,1737.761,11.0,0.0,43.0,0.0,0.0,0.0,3602812.0
2019-06-03,3851444.0,3672496.0,1.255,247777.0,1535.857,,2.4,2.5,2.25,2.38,2.25,3.0,2.36,,1737.761,11.0,0.0,43.0,0.0,0.0,0.0,3602412.0
2019-06-04,3851444.0,3672496.0,1.891,247777.0,1535.857,,2.39,2.5,2.25,2.38,2.25,3.0,2.34,,1737.761,11.0,0.0,43.0,0.0,0.0,0.0,3601776.0
2019-06-05,3847645.0,3667537.0,2.255,223638.0,1535.857,,2.4,2.5,2.25,2.38,2.25,3.0,2.31,,1737.761,1.0,0.0,44.0,0.0,0.0,0.0,3621752.0
2019-06-06,3847645.0,3667537.0,2.21,223638.0,1535.857,,2.4,2.5,2.25,2.37,2.25,3.0,2.32,,1737.761,1.0,0.0,44.0,0.0,0.0,0.0,3621797.0
2019-06-07,3847645.0,3667537.0,1.91,223638.0,1535.857,,2.39,2.5,2.25,2.37,2.25,3.0,2.3,,1737.761,1.0,0.0,44.0,0.0,0.0,0.0,3622097.0
2019-06-08,3847645.0,3667537.0,1.91,223638.0,1535.857,,2.39,2.5,2.25,2.37,2.25,3.0,2.3,,1737.761,1.0,0.0,44.0,0.0,0.0,0.0,3622097.0
2019-06-09,3847645.0,3667537.0,1.91,223638.0,1535.857,,2.39,2.5,2.25,2.37,2.25,3.0,2.3,,1737.761,1.0,0.0,44.0,0.0,0.0,0.0,3622097.0
2019-06-10,3847645.0,3667537.0,2.105,223638.0,1535.857,,2.39,2.5,2.25,2.37,2.25,3.0,2.3,,1737.761,1.0,0.0,44.0,0.0,0.0,0.0,3621902.0
2019-06-11,3847645.0,3667537.0,1.007,223638.0,1535.857,,2.38,2.5,2.25,2.37,2.25,3.0,2.27,,1737.761,1.0,0.0,44.0,0.0,0.0,0.0,3623000.0
2019-06-12,3849955.0,3667709.0,1.705,187560.0,1535.857,,2.37,2.5,2.25,2.37,2.25,3.0,2.19,,1737.761,5.0,0.0,48.0,0.0,0.0,0.0,3660690.0
2019-06-13,3849955.0,3667709.0,1.655,187560.0,1535.857,,2.35,2.5,2.25,2.37,2.25,3.0,2.24,,1737.761,5.0,0.0,48.0,0.0,0.0,0.0,3660740.0
2019-06-14,3849955.0,3667709.0,1.657,187560.0,1535.857,,2.35,2.5,2.25,2.36,2.25,3.0,2.23,,1737.761,5.0,0.0,48.0,0.0,0.0,0.0,3660738.0
2019-06-15,3849955.0,3667709.0,1.657,187560.0,1535.857,,2.35,2.5,2.25,2.36,2.25,3.0,2.23,,1737.761,5.0,0.0,48.0,0.0,0.0,0.0,3660738.0
2019-06-16,3849955.0,3667709.0,1.657,187560.0,1535.857,,2.35,2.5,2.25,2.36,2.25,3.0,2.23,,1737.761,5.0,0.0,48.0,0.0,0.0,0.0,3660738.0
2019-06-17,3849955.0,3667709.0,2.269,187560.0,1535.857,,2.41,2.5,2.25,2.38,2.25,3.0,2.22,,1737.761,5.0,0.0,48.0,0.0,0.0,0.0,3660126.0
2019-06-18,3849955.0,3667709.0,18.006,187560.0,1535.857,,2.39,2.5,2.25,2.37,2.25,3.0,2.18,,1737.761,5.0,0.0,48.0,0.0,0.0,0.0,3644389.0
2019-06-19,3844016.0,3661227.0,22.357,198398.0,1535.857,,2.36,2.5,2.25,2.37,2.25,3.0,2.14,,1737.761,95.0,0.0,58.0,0.0,0.0,0.0,3623261.0
2019-06-20,3844016.0,3661227.0,27.43,198398.0,1535.857,,2.36,2.5,2.25,2.37,2.25,3.0,2.17,,1737.761,95.0,0.0,58.0,0.0,0.0,0.0,3618188.0
2019-06-21,3844016.0,3661227.0,21.355,198398.0,1535.857,,2.37,2.5,2.25,2.38,2.25,3.0,2.16,,1737.761,95.0,0.0,58.0,0.0,0.0,0.0,3624263.0
2019-06-22,3844016.0,3661227.0,21.355,198398.0,1535.857,,2.37,2.5,2.25,2.38,2.25,3.0,2.16,,1737.761,95.0,0.0,58.0,0.0,0.0,0.0,3624263.0
2019-06-23,3844016.0,3661227.0,21.355,198398.0,1535.857,,2.37,2.5,2.25,2.38,2.25,3.0,2.16,,1737.761,95.0,0.0,58.0,0.0,0.0,0.0,3624263.0
2019-06-24,3844016.0,3661227.0,11.156,198398.0,1535.857,,2.39,2.5,2.25,2.38,2.25,3.0,2.12,,1737.761,95.0,0.0,58.0,0.0,0.0,0.0,3634462.0
2019-06-25,3844016.0,3661227.0,6.4,198398.0,1535.857,,2.41,2.5,2.25,2.38,2.25,3.0,2.11,,1737.761,95.0,0.0,58.0,0.0,0.0,0.0,3639218.0
2019-06-26,3826817.0,3645329.0,7.784,248302.0,1535.857,,2.43,2.5,2.25,2.38,2.25,3.0,2.11,,1737.761,102.0,0.0,82.0,0.0,0.0,0.0,3570731.0
2019-06-27,3826817.0,3645329.0,16.794,248302.0,1535.857,,2.42,2.5,2.25,2.38,2.25,3.0,2.19,,1737.761,102.0,0.0,82.0,0.0,0.0,0.0,3561721.0
2019-06-28,3826817.0,3645329.0,44.307,248302.0,1535.857,,2.5,2.5,2.25,2.4,2.25,3.0,2.18,,1737.761,102.0,0.0,82.0,0.0,0.0,0.0,3534208.0
2019-06-29,3826817.0,3645329.0,44.307,248302.0,1535.857,,2.5,2.5,2.25,2.4,2.25,3.0,2.18,,1737.761,102.0,0.0,82.0,0.0,0.0,0.0,3534208.0
2019-06-30,3826817.0,3645329.0,44.307,248302.0,1535.857,,2.5,2.5,2.25,2.4,2.25,3.0,2.18,,1737.761,102.0,0.0,82.0,0.0,0.0,0.0,3534208.0
2019-07-01,3826817.0,3645329.0,15.837,248302.0,1513.55,,2.42,2.5,2.25,2.39,2.25,3.0,2.17,,1746.898,102.0,0.0,82.0,0.0,0.0,0.0,3562678.0
2019-07-02,3826817.0,3645329.0,8.16,248302.0,1513.55,,2.51,2.5,2.25,2.4,2.25,3.0,2.21,,1746.898,102.0,0.0,82.0,0.0,0.0,0.0,3570355.0
2019-07-03,3813198.0,3630466.0,6.849,245306.0,1513.55,,2.56,2.5,2.25,2.41,2.25,3.0,2.25,,1746.898,8.0,0.0,97.0,0.0,0.0,0.0,3561043.0
2019-07-04,3813198.0,3630466.0,6.849,245306.0,1513.55,,2.56,2.5,2.25,2.41,2.25,3.0,2.25,,1746.898,8.0,0.0,97.0,0.0,0.0,0.0,3561043.0
2019-07-05,3813198.0,3630466.0,6.155,245306.0,1513.55,,2.59,2.5,2.25,2.42,2.25,3.0,2.26,,1746.898,8.0,0.0,97.0,0.0,0.0,0.0,3561737.0
2019-07-06,3813198.0,3630466.0,6.155,245306.0,1513.55,,2.59,2.5,2.25,2.42,2.25,3.0,2.26,,1746.898,8.0,0.0,97.0,0.0,0.0,0.0,3561737.0
2019-07-07,3813198.0,3630466.0,6.155,245306.0,1513.55,,2.59,2.5,2.25,2.42,2.25,3.0,2.26,,1746.898,8.0,0.0,97.0,0.0,0.0,0.0,3561737.0
2019-07-08,3813198.0,3630466.0,6.5,245306.0,1513.55,,2.48,2.5,2.25,2.41,2.25,3.0,2.23,,1746.898,8.0,0.0,97.0,0.0,0.0,0.0,3561392.0
2019-07-09,3813198.0,3630466.0,6.576,245306.0,1513.55,,2.45,2.5,2.25,2.41,2.25,3.0,2.22,,1746.898,8.0,0.0,97.0,0.0,0.0,0.0,3561316.0
2019-07-10,3815038.0,3630521.0,6.252,211115.0,1513.55,,2.46,2.5,2.25,2.41,2.25,3.0,2.18,,1746.898,10.0,0.0,106.0,0.0,0.0,0.0,3597671.0
2019-07-11,3815038.0,3630521.0,4.95,211115.0,1513.55,,2.41,2.5,2.25,2.4,2.25,3.0,2.17,,1746.898,10.0,0.0,106.0,0.0,0.0,0.0,3598973.0
2019-07-12,3815038.0,3630521.0,5.15,211115.0,1513.55,,2.36,2.5,2.25,2.38,2.25,3.0,2.16,,1746.898,10.0,0.0,106.0,0.0,0.0,0.0,3598773.0
2019-07-13,3815038.0,3630521.0,5.15,211115.0,1513.55,,2.36,2.5,2.25,2.38,2.25,3.0,2.16,,1746.898,10.0,0.0,106.0,0.0,0.0,0.0,3598773.0
2019-07-14,3815038.0,3630521.0,5.15,211115.0,1513.55,,2.36,2.5,2.25,2.38,2.25,3.0,2.16,,1746.898,10.0,0.0,106.0,0.0,0.0,0.0,3598773.0
2019-07-15,3815038.0,3630521.0,5.557,211115.0,1513.55,,2.46,2.5,2.25,2.4,2.25,3.0,2.17,,1746.898,10.0,0.0,106.0,0.0,0.0,0.0,3598366.0
2019-07-16,3815038.0,3630521.0,3.007,211115.0,1513.55,,2.47,2.5,2.25,2.41,2.25,3.0,2.16,,1746.898,10.0,0.0,106.0,0.0,0.0,0.0,3600916.0
2019-07-17,3808110.0,3623424.0,1.96,197005.0,1513.55,,2.47,2.5,2.25,2.41,2.25,3.0,2.13,,1746.898,6.0,0.0,115.0,0.0,0.0,0.0,3609145.0
2019-07-18,3808110.0,3623424.0,16.662,197005.0,1513.55,,2.46,2.5,2.25,2.41,2.25,3.0,2.11,,1746.898,6.0,0.0,115.0,0.0,0.0,0.0,3594443.0
2019-07-19,3808110.0,3623424.0,14.255,197005.0,1513.55,,2.41,2.5,2.25,2.41,2.25,3.0,2.11,,1746.898,6.0,0.0,115.0,0.0,0.0,0.0,3596850.0
2019-07-20,3808110.0,3623424.0,14.255,197005.0,1513.55,,2.41,2.5,2.25,2.41,2.25,3.0,2.11,,1746.898,6.0,0.0,115.0,0.0,0.0,0.0,3596850.0
2019-07-21,3808110.0,3623424.0,14.255,197005.0,1513.55,,2.41,2.5,2.25,2.41,2.25,3.0,2.11,,1746.898,6.0,0.0,115.0,0.0,0.0,0.0,3596850.0
2019-07-22,3808110.0,3623424.0,14.16,197005.0,1513.55,,2.4,2.5,2.25,2.4,2.25,3.0,2.13,,1746.898,6.0,0.0,115.0,0.0,0.0,0.0,3596945.0
2019-07-23,3808110.0,3623424.0,14.755,197005.0,1513.55,,2.4,2.5,2.25,2.4,2.25,3.0,2.12,,1746.898,6.0,0.0,115.0,0.0,0.0,0.0,3596350.0
2019-07-24,3803436.0,3617939.0,8.255,193362.0,1513.55,,2.41,2.5,2.25,2.4,2.25,3.0,2.1,,1746.898,2.0,0.0,127.0,0.0,0.0,0.0,3601819.0
2019-07-25,3803436.0,3617939.0,3.355,193362.0,1513.55,,2.42,2.5,2.25,2.4,2.25,3.0,2.16,,1746.898,2.0,0.0,127.0,0.0,0.0,0.0,3606719.0
2019-07-26,3803436.0,3617939.0,3.25,193362.0,1513.55,,2.41,2.5,2.25,2.4,2.25,3.0,2.13,,1746.898,2.0,0.0,127.0,0.0,0.0,0.0,3606824.0
2019-07-27,3803436.0,3617939.0,3.25,193362.0,1513.55,,2.41,2.5,2.25,2.4,2.25,3.0,2.13,,1746.898,2.0,0.0,127.0,0.0,0.0,0.0,3606824.0
2019-07-28,3803436.0,3617939.0,3.25,193362.0,1513.55,,2.41,2.5,2.25,2.4,2.25,3.0,2.13,,1746.898,2.0,0.0,127.0,0.0,0.0,0.0,3606824.0
2019-07-29,3803436.0,3617939.0,3.928,193362.0,1513.55,,2.4,2.5,2.25,2.4,2.25,3.0,2.12,,1746.898,2.0,0.0,127.0,0.0,0.0,0.0,3606146.0
2019-07-30,3803436.0,3617939.0,2.306,193362.0,1513.55,,2.39,2.5,2.25,2.39,2.25,3.0,2.07,,1746.898,2.0,0.0,127.0,0.0,0.0,0.0,3607768.0
2019-07-31,3779102.0,3594822.0,7.367,163763.0,1513.55,,2.55,2.5,2.25,2.4,2.25,3.0,2.01,,1746.898,6.0,0.0,126.0,0.0,0.0,0.0,3607972.0
2019-08-01,3779102.0,3594822.0,6.044,163763.0,1520.876,,2.19,2.25,2.0,2.14,2.0,2.75,2.11,,1749.115,6.0,0.0,126.0,0.0,0.0,0.0,3609295.0
2019-08-02,3779102.0,3594822.0,3.335,163763.0,1520.876,,2.19,2.25,2.0,2.14,2.0,2.75,2.11,,1749.115,6.0,0.0,126.0,0.0,0.0,0.0,3612004.0
2019-08-03,3779102.0,3594822.0,3.335,163763.0,1520.876,,2.19,2.25,2.0,2.14,2.0,2.75,2.11,,1749.115,6.0,0.0,126.0,0.0,0.0,0.0,3612004.0
2019-08-04,3779102.0,3594822.0,3.335,163763.0,1520.876,,2.19,2.25,2.0,2.14,2.0,2.75,2.11,,1749.115,6.0,0.0,126.0,0.0,0.0,0.0,3612004.0
2019-08-05,3779102.0,3594822.0,3.474,163763.0,1520.876,,2.13,2.25,2.0,2.13,2.0,2.75,2.07,,1749.115,6.0,0.0,126.0,0.0,0.0,0.0,3611865.0
2019-08-06,3779102.0,3594822.0,3.41,163763.0,1520.876,,2.11,2.25,2.0,2.13,2.0,2.75,2.05,,1749.115,6.0,0.0,126.0,0.0,0.0,0.0,3611929.0
2019-08-07,3781543.0,3594828.0,3.622,131704.0,1520.876,,2.1,2.25,2.0,2.12,2.0,2.75,2.02,,1749.115,3.0,0.0,99.0,0.0,0.0,0.0,3646217.0
2019-08-08,3781543.0,3594828.0,3.056,131704.0,1520.876,,2.09,2.25,2.0,2.12,2.0,2.75,2.09,,1749.115,3.0,0.0,99.0,0.0,0.0,0.0,3646783.0
2019-08-09,3781543.0,3594828.0,2.72,131704.0,1520.876,,2.11,2.25,2.0,2.12,2.0,2.75,2.05,,1749.115,3.0,0.0,99.0,0.0,0.0,0.0,3647119.0
2019-08-10,3781543.0,3594828.0,2.72,131704.0,1520.876,,2.11,2.25,2.0,2.12,2.0,2.75,2.05,,1749.115,3.0,0.0,99.0,0.0,0.0,0.0,3647119.0
2019-08-11,3781543.0,3594828.0,2.72,131704.0,1520.876,,2.11,2.25,2.0,2.12,2.0,2.75,2.05,,1749.115,3.0,0.0,99.0,0.0,0.0,0.0,3647119.0
2019-08-12,3781543.0,3594828.0,5.43,131704.0,1520.876,,2.12,2.25,2.0,2.12,2.0,2.75,2.09,,1749.115,3.0,0.0,99.0,0.0,0.0,0.0,3644409.0
2019-08-13,3781543.0,3594828.0,5.001,131704.0,1520.876,,2.16,2.25,2.0,2.12,2.0,2.75,2.05,,1749.115,3.0,0.0,99.0,0.0,0.0,0.0,3644838.0
2019-08-14,3786018.0,3597231.0,2.744,129957.0,1520.876,,2.13,2.25,2.0,2.12,2.0,2.75,1.98,,1749.115,0.0,0.0,100.0,0.0,0.0,0.0,3653317.0
2019-08-15,3786018.0,3597231.0,3.51,129957.0,1520.876,,2.18,2.25,2.0,2.13,2.0,2.75,2.08,,1749.115,0.0,0.0,100.0,0.0,0.0,0.0,3652551.0
2019-08-16,3786018.0,3597231.0,11.843,129957.0,1520.876,,2.13,2.25,2.0,2.13,2.0,2.75,2.05,,1749.115,0.0,0.0,100.0,0.0,0.0,0.0,3644218.0
2019-08-17,3786018.0,3597231.0,11.843,129957.0,1520.876,,2.13,2.25,2.0,2.13,2.0,2.75,2.05,,1749.115,0.0,0.0,100.0,0.0,0.0,0.0,3644218.0
2019-08-18,3786018.0,3597231.0,11.843,129957.0,1520.876,,2.13,2.25,2.0,2.13,2.0,2.75,2.05,,1749.115,0.0,0.0,100.0,0.0,0.0,0.0,3644218.0
2019-08-19,3786018.0,3597231.0,13.403,129957.0,1520.876,,2.11,2.25,2.0,2.13,2.0,2.75,2.06,,1749.115,0.0,0.0,100.0,0.0,0.0,0.0,3642658.0
2019-08-20,3786018.0,3597231.0,15.98,129957.0,1520.876,,2.13,2.25,2.0,2.13,2.0,2.75,2.05,,1749.115,0.0,0.0,100.0,0.0,0.0,0.0,3640081.0
2019-08-21,3764866.0,3591937.0,15.153,125725.0,1520.876,,2.1,2.25,2.0,2.12,2.0,2.75,2.03,,1749.115,75.0,0.0,104.0,0.0,0.0,0.0,3623988.0
2019-08-22,3764866.0,3591937.0,14.611,125725.0,1520.876,,2.09,2.25,2.0,2.12,2.0,2.75,2.1,,1749.115,75.0,0.0,104.0,0.0,0.0,0.0,3624530.0
2019-08-23,3764866.0,3591937.0,9.046,125725.0,1520.876,,2.1,2.25,2.0,2.12,2.0,2.75,2.07,,1749.115,75.0,0.0,104.0,0.0,0.0,0.0,3630095.0
2019-08-24,3764866.0,3591937.0,9.046,125725.0,1520.876,,2.1,2.25,2.0,2.12,2.0,2.75,2.07,,1749.115,75.0,0.0,104.0,0.0,0.0,0.0,3630095.0
2019-08-25,3764866.0,3591937.0,9.046,125725.0,1520.876,,2.1,2.25,2.0,2.12,2.0,2.75,2.07,,1749.115,75.0,0.0,104.0,0.0,0.0,0.0,3630095.0
2019-08-26,3764866.0,3591937.0,3.676,125725.0,1520.876,,2.1,2.25,2.0,2.12,2.0,2.75,2.09,,1749.115,75.0,0.0,104.0,0.0,0.0,0.0,3635465.0
2019-08-27,3764866.0,3591937.0,1.555,125725.0,1520.876,,2.15,2.25,2.0,2.12,2.0,2.75,2.07,,1749.115,75.0,0.0,104.0,0.0,0.0,0.0,3637586.0
2019-08-28,3759946.0,3587082.0,4.255,145957.0,1520.876,,2.12,2.25,2.0,2.12,2.0,2.75,2.07,,1749.115,5.0,0.0,106.0,0.0,0.0,0.0,3609734.0
2019-08-29,3759946.0,3587082.0,0.102,145957.0,1520.876,,2.12,2.25,2.0,2.12,2.0,2.75,2.1,,1749.115,5.0,0.0,106.0,0.0,0.0,0.0,3613887.0
2019-08-30,3759946.0,3587082.0,12.089,145957.0,1520.876,,2.16,2.25,2.0,2.13,2.0,2.75,2.1,,1749.115,5.0,0.0,106.0,0.0,0.0,0.0,3601900.0
2019-08-31,3759946.0,3587082.0,12.089,145957.0,1520.876,,2.16,2.25,2.0,2.13,2.0,2.75,2.1,,1749.115,5.0,0.0,106.0,0.0,0.0,0.0,3601900.0
2019-09-01,3759946.0,3587082.0,12.089,145957.0,1439.771,,2.16,2.25,2.0,2.13,2.0,2.75,2.1,,1762.662,5.0,0.0,106.0,0.0,0.0,0.0,3601900.0
2019-09-02,3759946.0,3587082.0,12.089,145957.0,1439.771,,2.16,2.25,2.0,2.13,2.0,2.75,2.1,,1762.662,5.0,0.0,106.0,0.0,0.0,0.0,3601900.0
2019-09-03,3759946.0,3587082.0,1.754,145957.0,1439.771,,2.17,2.25,2.0,2.13,2.0,2.75,2.06,,1762.662,5.0,0.0,106.0,0.0,0.0,0.0,3612235.0
2019-09-04,3761508.0,3587116.0,1.425,148740.0,1439.771,,2.21,2.25,2.0,2.13,2.0,2.75,2.05,,1762.662,1.0,0.0,92.0,0.0,0.0,0.0,3611343.0
2019-09-05,3761508.0,3587116.0,1.075,148740.0,1439.771,,2.21,2.25,2.0,2.13,2.0,2.75,2.05,,1762.662,1.0,0.0,92.0,0.0,0.0,0.0,3611693.0
2019-09-06,3761508.0,3587116.0,0.88,148740.0,1439.771,,2.15,2.25,2.0,2.12,2.0,2.75,2.05,,1762.662,1.0,0.0,92.0,0.0,0.0,0.0,3611888.0
2019-09-07,3761508.0,3587116.0,0.88,148740.0,1439.771,,2.15,2.25,2.0,2.12,2.0,2.75,2.05,,1762.662,1.0,0.0,92.0,0.0,0.0,0.0,3611888.0
2019-09-08,3761508.0,3587116.0,0.88,148740.0,1439.771,,2.15,2.25,2.0,2.12,2.0,2.75,2.05,,1762.662,1.0,0.0,92.0,0.0,0.0,0.0,3611888.0
2019-09-09,3761508.0,3587116.0,2.787,148740.0,1439.771,,2.12,2.25,2.0,2.13,2.0,2.75,2.04,,1762.662,1.0,0.0,92.0,0.0,0.0,0.0,3609981.0
2019-09-10,3761508.0,3587116.0,3.608,148740.0,1439.771,,2.14,2.25,2.0,2.13,2.0,2.75,2.04,,1762.662,1.0,0.0,92.0,0.0,0.0,0.0,3609160.0
2019-09-11,3769673.0,3593121.0,3.612,185342.0,1439.771,,2.15,2.25,2.0,2.13,2.0,2.75,2.01,,1762.662,2.0,0.0,81.0,0.0,0.0,0.0,3580719.0
2019-09-12,3769673.0,3593121.0,3.469,185342.0,1439.771,,2.2,2.25,2.0,2.13,2.0,2.75,1.99,,1762.662,2.0,0.0,81.0,0.0,0.0,0.0,3580862.0
2019-09-13,3769673.0,3593121.0,2.675,185342.0,1439.771,,2.2,2.25,2.0,2.14,2.0,2.75,1.99,,1762.662,2.0,0.0,81.0,0.0,0.0,0.0,3581656.0
2019-09-14,3769673.0,3593121.0,2.675,185342.0,1439.771,,2.2,2.25,2.0,2.14,2.0,2.75,1.99,,1762.662,2.0,0.0,81.0,0.0,0.0,0.0,3581656.0
2019-09-15,3769673.0,3593121.0,2.675,185342.0,1439.771,,2.2,2.25,2.0,2.14,2.0,2.75,1.99,,1762.662,2.0,0.0,81.0,0.0,0.0,0.0,3581656.0
2019-09-16,3769673.0,3593121.0,2.202,185342.0,1439.771,,2.43,2.25,2.0,2.25,2.0,2.75,2.08,,1762.662,2.0,0.0,81.0,0.0,0.0,0.0,3582129.0
2019-09-17,3769673.0,3593121.0,1.825,185342.0,1439.771,,5.25,2.25,2.0,2.3,2.0,2.75,2.1,,1762.662,2.0,0.0,81.0,0.0,0.0,0.0,3582506.0
2019-09-18,3844695.0,3592607.0,18.91,250226.0,1439.771,,2.55,2.25,2.0,2.25,2.0,2.75,1.94,,1762.662,4.0,0.0,83.0,0.0,0.0,0.0,3575559.0
2019-09-19,3844695.0,3592607.0,5.004,250226.0,1439.771,,1.95,2.0,1.75,1.9,1.7,2.5,2.01,,1762.662,4.0,0.0,83.0,0.0,0.0,0.0,3589465.0
2019-09-20,3844695.0,3592607.0,7.552,250226.0,1439.771,,1.86,2.0,1.75,1.9,1.7,2.5,1.95,,1762.662,4.0,0.0,83.0,0.0,0.0,0.0,3586917.0
2019-09-21,3844695.0,3592607.0,7.552,250226.0,1439.771,,1.86,2.0,1.75,1.9,1.7,2.5,1.95,,1762.662,4.0,0.0,83.0,0.0,0.0,0.0,3586917.0
2019-09-22,3844695.0,3592607.0,7.552,250226.0,1439.771,,1.86,2.0,1.75,1.9,1.7,2.5,1.95,,1762.662,4.0,0.0,83.0,0.0,0.0,0.0,3586917.0
2019-09-23,3844695.0,3592607.0,7.485,250226.0,1439.771,,1.85,2.0,1.75,1.9,1.7,2.5,1.94,,1762.662,4.0,0.0,83.0,0.0,0.0,0.0,3586984.0
2019-09-24,3844695.0,3592607.0,0.101,250226.0,1439.771,,1.96,2.0,1.75,1.9,1.7,2.5,1.9,,1762.662,4.0,0.0,83.0,0.0,0.0,0.0,3594368.0
2019-09-25,3857715.0,3577287.0,0.133,314189.0,1439.771,,2.01,2.0,1.75,1.9,1.7,2.5,1.8,,1762.662,4.0,0.0,92.0,0.0,0.0,0.0,3543393.0
2019-09-26,3857715.0,3577287.0,5.18,314189.0,1439.771,,1.85,2.0,1.75,1.85,1.7,2.5,1.91,,1762.662,4.0,0.0,92.0,0.0,0.0,0.0,3538346.0
2019-09-27,3857715.0,3577287.0,5.33,314189.0,1439.771,,1.82,2.0,1.75,1.83,1.7,2.5,1.9,,1762.662,4.0,0.0,92.0,0.0,0.0,0.0,3538196.0
2019-09-28,3857715.0,3577287.0,5.33,314189.0,1439.771,,1.82,2.0,1.75,1.83,1.7,2.5,1.9,,1762.662,4.0,0.0,92.0,0.0,0.0,0.0,3538196.0
2019-09-29,3857715.0,3577287.0,5.33,314189.0,1439.771,,1.82,2.0,1.75,1.83,1.7,2.5,1.9,,1762.662,4.0,0.0,92.0,0.0,0.0,0.0,3538196.0
2019-09-30,3857715.0,3577287.0,7.057,314189.0,1439.771,,2.35,2.0,1.75,1.9,1.7,2.5,1.91,,1762.662,4.0,0.0,92.0,0.0,0.0,0.0,3536469.0
2019-10-01,3857715.0,3577287.0,2.706,314189.0,1481.513,,1.88,2.0,1.75,1.88,1.7,2.5,1.79,,1769.485,4.0,0.0,92.0,0.0,0.0,0.0,3540820.0
2019-10-02,3945831.0,3586738.0,3.054,335171.0,1481.513,,1.85,2.0,1.75,1.85,1.7,2.5,1.75,,1769.485,31.0,0.0,82.0,0.0,0.0,0.0,3607606.0
2019-10-03,3945831.0,3586738.0,3.297,335171.0,1481.513,,1.84,2.0,1.75,1.83,1.7,2.5,1.78,,1769.485,31.0,0.0,82.0,0.0,0.0,0.0,3607363.0
2019-10-04,3945831.0,3586738.0,5.325,335171.0,1481.513,,1.82,2.0,1.75,1.82,1.7,2.5,1.73,,1769.485,31.0,0.0,82.0,0.0,0.0,0.0,3605335.0
2019-10-05,3945831.0,3586738.0,5.325,335171.0,1481.513,,1.82,2.0,1.75,1.82,1.7,2.5,1.73,,1769.485,31.0,0.0,82.0,0.0,0.0,0.0,3605335.0
2019-10-06,3945831.0,3586738.0,5.325,335171.0,1481.513,,1.82,2.0,1.75,1.82,1.7,2.5,1.73,,1769.485,31.0,0.0,82.0,0.0,0.0,0.0,3605335.0
2019-10-07,3945831.0,3586738.0,5.65,335171.0,1481.513,,1.83,2.0,1.75,1.82,1.7,2.5,1.76,,1769.485,31.0,0.0,82.0,0.0,0.0,0.0,3605010.0
2019-10-08,3945831.0,3586738.0,3.976,335171.0,1481.513,,1.85,2.0,1.75,1.82,1.7,2.5,1.69,,1769.485,31.0,0.0,82.0,0.0,0.0,0.0,3606684.0
2019-10-09,3949955.0,3591105.0,1.469,318191.0,1481.513,,1.85,2.0,1.75,1.82,1.7,2.5,1.69,,1769.485,1.0,0.0,71.0,0.0,0.0,0.0,3630295.0
2019-10-10,3949955.0,3591105.0,1.1,318191.0,1481.513,,1.85,2.0,1.75,1.82,1.7,2.5,1.74,,1769.485,1.0,0.0,71.0,0.0,0.0,0.0,3630664.0
2019-10-11,3949955.0,3591105.0,2.95,318191.0,1481.513,,1.85,2.0,1.75,1.82,1.7,2.5,1.76,,1769.485,1.0,0.0,71.0,0.0,0.0,0.0,3628814.0
2019-10-12,3949955.0,3591105.0,2.95,318191.0,1481.513,,1.85,2.0,1.75,1.82,1.7,2.5,1.76,,1769.485,1.0,0.0,71.0,0.0,0.0,0.0,3628814.0
2019-10-13,3949955.0,3591105.0,2.95,318191.0,1481.513,,1.85,2.0,1.75,1.82,1.7,2.5,1.76,,1769.485,1.0,0.0,71.0,0.0,0.0,0.0,3628814.0
2019-10-14,3949955.0,3591105.0,2.95,318191.0,1481.513,,1.85,2.0,1.75,1.82,1.7,2.5,1.76,,1769.485,1.0,0.0,71.0,0.0,0.0,0.0,3628814.0
2019-10-15,3949955.0,3591105.0,1.726,318191.0,1481.513,,2.0,2.0,1.75,1.9,1.7,2.5,1.74,,1769.485,1.0,0.0,71.0,0.0,0.0,0.0,3630038.0
2019-10-16,3966471.0,3588569.0,1.803,324604.0,1481.513,,2.05,2.0,1.75,1.9,1.7,2.5,1.71,,1769.485,0.0,0.0,60.0,0.0,0.0,0.0,3640064.0
2019-10-17,3966471.0,3588569.0,1.001,324604.0,1481.513,,1.95,2.0,1.75,1.85,1.7,2.5,1.74,,1769.485,0.0,0.0,60.0,0.0,0.0,0.0,3640866.0
2019-10-18,3966471.0,3588569.0,20.1,324604.0,1481.513,,1.88,2.0,1.75,1.85,1.7,2.5,1.75,,1769.485,0.0,0.0,60.0,0.0,0.0,0.0,3621767.0
2019-10-19,3966471.0,3588569.0,20.1,324604.0,1481.513,,1.88,2.0,1.75,1.85,1.7,2.5,1.75,,1769.485,0.0,0.0,60.0,0.0,0.0,0.0,3621767.0
2019-10-20,3966471.0,3588569.0,20.1,324604.0,1481.513,,1.88,2.0,1.75,1.85,1.7,2.5,1.75,,1769.485,0.0,0.0,60.0,0.0,0.0,0.0,3621767.0
2019-10-21,3966471.0,3588569.0,18.758,324604.0,1481.513,,1.86,2.0,1.75,1.85,1.7,2.5,1.76,,1769.485,0.0,0.0,60.0,0.0,0.0,0.0,3623109.0
2019-10-22,3966471.0,3588569.0,20.7,324604.0,1481.513,,1.87,2.0,1.75,1.85,1.7,2.5,1.75,,1769.485,0.0,0.0,60.0,0.0,0.0,0.0,3621167.0
2019-10-23,3968700.0,3609449.0,18.29,377985.0,1481.513,,1.87,2.0,1.75,1.85,1.7,2.5,1.74,,1769.485,5.0,0.0,50.0,0.0,0.0,0.0,3572425.0
2019-10-24,3968700.0,3609449.0,0.425,377985.0,1481.513,,1.86,2.0,1.75,1.85,1.7,2.5,1.75,,1769.485,5.0,0.0,50.0,0.0,0.0,0.0,3590290.0
2019-10-25,3968700.0,3609449.0,0.005,377985.0,1481.513,,1.84,2.0,1.75,1.83,1.7,2.5,1.73,,1769.485,5.0,0.0,50.0,0.0,0.0,0.0,3590710.0
2019-10-26,3968700.0,3609449.0,0.005,377985.0,1481.513,,1.84,2.0,1.75,1.83,1.7,2.5,1.73,,1769.485,5.0,0.0,50.0,0.0,0.0,0.0,3590710.0
2019-10-27,3968700.0,3609449.0,0.005,377985.0,1481.513,,1.84,2.0,1.75,1.83,1.7,2.5,1.73,,1769.485,5.0,0.0,50.0,0.0,0.0,0.0,3590710.0
2019-10-28,3968700.0,3609449.0,0.036,377985.0,1481.513,,1.82,2.0,1.75,1.83,1.7,2.5,1.74,,1769.485,5.0,0.0,50.0,0.0,0.0,0.0,3590679.0
2019-10-29,3968700.0,3609449.0,0.081,377985.0,1481.513,,1.81,2.0,1.75,1.82,1.7,2.5,1.66,,1769.485,5.0,0.0,50.0,0.0,0.0,0.0,3590634.0
2019-10-30,4019823.0,3623600.0,0.196,389872.0,1481.513,,1.82,2.0,1.75,1.82,1.7,2.5,1.61,,1769.485,28.0,0.0,39.0,0.0,0.0,0.0,3629755.0
2019-10-31,4019823.0,3623600.0,2.851,389872.0,1481.513,,1.76,1.75,1.5,1.58,1.45,2.25,1.59,,1769.485,28.0,0.0,39.0,0.0,0.0,0.0,3627100.0
2019-11-01,4019823.0,3623600.0,2.1,389872.0,1529.341,,1.58,1.75,1.5,1.57,1.45,2.25,1.58,,1785.601,28.0,0.0,39.0,0.0,0.0,0.0,3627851.0
2019-11-02,4019823.0,3623600.0,2.1,389872.0,1529.341,,1.58,1.75,1.5,1.57,1.45,2.25,1.58,,1785.601,28.0,0.0,39.0,0.0,0.0,0.0,3627851.0
2019-11-03,4019823.0,3623600.0,2.1,389872.0,1529.341,,1.58,1.75,1.5,1.57,1.45,2.25,1.58,,1785.601,28.0,0.0,39.0,0.0,0.0,0.0,3627851.0
2019-11-04,4019823.0,3623600.0,3.085,389872.0,1529.341,,1.56,1.75,1.5,1.56,1.45,2.25,1.58,,1785.601,28.0,0.0,39.0,0.0,0.0,0.0,3626866.0
2019-11-05,4019823.0,3623600.0,1.836,389872.0,1529.341,,1.58,1.75,1.5,1.56,1.45,2.25,1.56,,1785.601,28.0,0.0,39.0,0.0,0.0,0.0,3628115.0
2019-11-06,4039443.0,3642441.0,1.65,377029.0,1529.341,,1.57,1.75,1.5,1.55,1.45,2.25,1.55,,1785.601,2.0,0.0,20.0,0.0,0.0,0.0,3660764.0
2019-11-07,4039443.0,3642441.0,1.055,377029.0,1529.341,,1.56,1.75,1.5,1.55,1.45,2.25,1.57,,1785.601,2.0,0.0,20.0,0.0,0.0,0.0,3661359.0
2019-11-08,4039443.0,3642441.0,0.805,377029.0,1529.341,,1.56,1.75,1.5,1.55,1.45,2.25,1.56,,1785.601,2.0,0.0,20.0,0.0,0.0,0.0,3661609.0
2019-11-09,4039443.0,3642441.0,0.805,377029.0,1529.341,,1.56,1.75,1.5,1.55,1.45,2.25,1.56,,1785.601,2.0,0.0,20.0,0.0,0.0,0.0,3661609.0
2019-11-10,4039443.0,3642441.0,0.805,377029.0,1529.341,,1.56,1.75,1.5,1.55,1.45,2.25,1.56,,1785.601,2.0,0.0,20.0,0.0,0.0,0.0,3661609.0
2019-11-11,4039443.0,3642441.0,0.805,377029.0,1529.341,,1.56,1.75,1.5,1.55,1.45,2.25,1.56,,1785.601,2.0,0.0,20.0,0.0,0.0,0.0,3661609.0
2019-11-12,4039443.0,3642441.0,1.301,377029.0,1529.341,,1.57,1.75,1.5,1.55,1.45,2.25,1.56,,1785.601,2.0,0.0,20.0,0.0,0.0,0.0,3661113.0
2019-11-13,4047882.0,3653964.0,1.762,381955.0,1529.341,,1.57,1.75,1.5,1.55,1.45,2.25,1.56,,1785.601,16.0,0.0,21.0,0.0,0.0,0.0,3664165.0
2019-11-14,4047882.0,3653964.0,1.867,381955.0,1529.341,,1.58,1.75,1.5,1.55,1.45,2.25,1.59,,1785.601,16.0,0.0,21.0,0.0,0.0,0.0,3664060.0
2019-11-15,4047882.0,3653964.0,0.002,381955.0,1529.341,,1.59,1.75,1.5,1.55,1.45,2.25,1.59,,1785.601,16.0,0.0,21.0,0.0,0.0,0.0,3665925.0
2019-11-16,4047882.0,3653964.0,0.002,381955.0,1529.341,,1.59,1.75,1.5,1.55,1.45,2.25,1.59,,1785.601,16.0,0.0,21.0,0.0,0.0,0.0,3665925.0
2019-11-17,4047882.0,3653964.0,0.002,381955.0,1529.341,,1.59,1.75,1.5,1.55,1.45,2.25,1.59,,1785.601,16.0,0.0,21.0,0.0,0.0,0.0,3665925.0
2019-11-18,4047882.0,3653964.0,27.055,381955.0,1529.341,,1.56,1.75,1.5,1.55,1.45,2.25,1.59,,1785.601,16.0,0.0,21.0,0.0,0.0,0.0,3638872.0
2019-11-19,4047882.0,3653964.0,26.726,381955.0,1529.341,,1.57,1.75,1.5,1.55,1.45,2.25,1.58,,1785.601,16.0,0.0,21.0,0.0,0.0,0.0,3639201.0
2019-11-20,4030249.0,3659904.0,26.026,368813.0,1529.341,,1.57,1.75,1.5,1.55,1.45,2.25,1.57,,1785.601,7.0,0.0,19.0,0.0,0.0,0.0,3635410.0
2019-11-21,4030249.0,3659904.0,25.719,368813.0,1529.341,,1.58,1.75,1.5,1.55,1.45,2.25,1.57,,1785.601,7.0,0.0,19.0,0.0,0.0,0.0,3635717.0
2019-11-22,4030249.0,3659904.0,0.375,368813.0,1529.341,,1.58,1.75,1.5,1.55,1.45,2.25,1.58,,1785.601,7.0,0.0,19.0,0.0,0.0,0.0,3661061.0
2019-11-23,4030249.0,3659904.0,0.375,368813.0,1529.341,,1.58,1.75,1.5,1.55,1.45,2.25,1.58,,1785.601,7.0,0.0,19.0,0.0,0.0,0.0,3661061.0
2019-11-24,4030249.0,3659904.0,0.375,368813.0,1529.341,,1.58,1.75,1.5,1.55,1.45,2.25,1.58,,1785.601,7.0,0.0,19.0,0.0,0.0,0.0,3661061.0
2019-11-25,4030249.0,3659904.0,0.0,368813.0,1529.341,,1.56,1.75,1.5,1.55,1.45,2.25,1.6,,1785.601,7.0,0.0,19.0,0.0,0.0,0.0,3661436.0
2019-11-26,4030249.0,3659904.0,2.205,368813.0,1529.341,,1.54,1.75,1.5,1.55,1.45,2.25,1.63,,1785.601,7.0,0.0,19.0,0.0,0.0,0.0,3659231.0
2019-11-27,4052875.0,3674569.0,0.506,360941.0,1529.341,,1.55,1.75,1.5,1.55,1.45,2.25,1.65,,1785.601,20.0,0.0,20.0,0.0,0.0,0.0,3691428.0
2019-11-28,4052875.0,3674569.0,0.506,360941.0,1529.341,,1.55,1.75,1.5,1.55,1.45,2.25,1.65,,1785.601,20.0,0.0,20.0,0.0,0.0,0.0,3691428.0
2019-11-29,4052875.0,3674569.0,0.75,360941.0,1529.341,,1.65,1.75,1.5,1.56,1.45,2.25,1.62,,1785.601,20.0,0.0,20.0,0.0,0.0,0.0,3691184.0
2019-11-30,4052875.0,3674569.0,0.75,360941.0,1529.341,,1.65,1.75,1.5,1.56,1.45,2.25,1.62,,1785.601,20.0,0.0,20.0,0.0,0.0,0.0,3691184.0
2019-12-01,4052875.0,3674569.0,0.75,360941.0,1630.09,,1.65,1.75,1.5,1.56,1.45,2.25,1.62,,1794.26,20.0,0.0,20.0,0.0,0.0,0.0,3691184.0
2019-12-02,4052875.0,3674569.0,0.015,360941.0,1630.09,,1.63,1.75,1.5,1.56,1.45,2.25,1.6,,1794.26,20.0,0.0,20.0,0.0,0.0,0.0,3691919.0
2019-12-03,4052875.0,3674569.0,0.151,360941.0,1630.09,,1.55,1.75,1.5,1.55,1.45,2.25,1.56,,1794.26,20.0,0.0,20.0,0.0,0.0,0.0,3691783.0
2019-12-04,4065696.0,3685925.0,0.0,346971.0,1630.09,,1.54,1.75,1.5,1.55,1.45,2.25,1.59,,1794.26,1.0,0.0,8.0,0.0,0.0,0.0,3718725.0
2019-12-05,4065696.0,3685925.0,0.001,346971.0,1630.09,,1.55,1.75,1.5,1.55,1.45,2.25,1.52,,1794.26,1.0,0.0,8.0,0.0,0.0,0.0,3718724.0
2019-12-06,4065696.0,3685925.0,1.0,346971.0,1630.09,,1.55,1.75,1.5,1.55,1.45,2.25,1.52,,1794.26,1.0,0.0,8.0,0.0,0.0,0.0,3717725.0
2019-12-07,4065696.0,3685925.0,1.0,346971.0,1630.09,,1.55,1.75,1.5,1.55,1.45,2.25,1.52,,1794.26,1.0,0.0,8.0,0.0,0.0,0.0,3717725.0
2019-12-08,4065696.0,3685925.0,1.0,346971.0,1630.09,,1.55,1.75,1.5,1.55,1.45,2.25,1.52,,1794.26,1.0,0.0,8.0,0.0,0.0,0.0,3717725.0
2019-12-09,4065696.0,3685925.0,0.115,346971.0,1630.09,,1.56,1.75,1.5,1.55,1.45,2.25,1.54,,1794.26,1.0,0.0,8.0,0.0,0.0,0.0,3718610.0
2019-12-10,4065696.0,3685925.0,0.001,346971.0,1630.09,,1.55,1.75,1.5,1.55,1.45,2.25,1.53,,1794.26,1.0,0.0,8.0,0.0,0.0,0.0,3718724.0
2019-12-11,4095491.0,3708268.0,0.605,326865.0,1630.09,,1.54,1.75,1.5,1.55,1.45,2.25,1.54,,1794.26,10.0,0.0,8.0,0.0,0.0,0.0,3768021.0
2019-12-12,4095491.0,3708268.0,0.6,326865.0,1630.09,,1.53,1.75,1.5,1.55,1.45,2.25,1.57,,1794.26,10.0,0.0,8.0,0.0,0.0,0.0,3768026.0
2019-12-13,4095491.0,3708268.0,0.0,326865.0,1630.09,,1.54,1.75,1.5,1.55,1.45,2.25,1.55,,1794.26,10.0,0.0,8.0,0.0,0.0,0.0,3768626.0
2019-12-14,4095491.0,3708268.0,0.0,326865.0,1630.09,,1.54,1.75,1.5,1.55,1.45,2.25,1.55,,1794.26,10.0,0.0,8.0,0.0,0.0,0.0,3768626.0
2019-12-15,4095491.0,3708268.0,0.0,326865.0,1630.09,,1.54,1.75,1.5,1.55,1.45,2.25,1.55,,1794.26,10.0,0.0,8.0,0.0,0.0,0.0,3768626.0
2019-12-16,4095491.0,3708268.0,1.328,326865.0,1630.09,,1.62,1.75,1.5,1.56,1.45,2.25,1.57,,1794.26,10.0,0.0,8.0,0.0,0.0,0.0,3767298.0
2019-12-17,4095491.0,3708268.0,0.826,326865.0,1630.09,,1.54,1.75,1.5,1.55,1.45,2.25,1.56,,1794.26,10.0,0.0,8.0,0.0,0.0,0.0,3767800.0
2019-12-18,4137052.0,3725461.0,13.362,332592.0,1630.09,,1.53,1.75,1.5,1.55,1.45,2.25,1.56,,1794.26,39.0,0.0,10.0,0.0,0.0,0.0,3791098.0
2019-12-19,4137052.0,3725461.0,8.936,332592.0,1630.09,,1.53,1.75,1.5,1.55,1.45,2.25,1.54,,1794.26,39.0,0.0,10.0,0.0,0.0,0.0,3795524.0
2019-12-20,4137052.0,3725461.0,13.051,332592.0,1630.09,,1.53,1.75,1.5,1.55,1.45,2.25,1.57,,1794.26,39.0,0.0,10.0,0.0,0.0,0.0,3791409.0
2019-12-21,4137052.0,3725461.0,13.051,332592.0,1630.09,,1.53,1.75,1.5,1.55,1.45,2.25,1.57,,1794.26,39.0,0.0,10.0,0.0,0.0,0.0,3791409.0
2019-12-22,4137052.0,3725461.0,13.051,332592.0,1630.09,,1.53,1.75,1.5,1.55,1.45,2.25,1.57,,1794.26,39.0,0.0,10.0,0.0,0.0,0.0,3791409.0
2019-12-23,4137052.0,3725461.0,7.652,332592.0,1630.09,,1.52,1.75,1.5,1.55,1.45,2.25,1.57,,1794.26,39.0,0.0,10.0,0.0,0.0,0.0,3796808.0
2019-12-24,4137052.0,3725461.0,4.423,332592.0,1630.09,,1.52,1.75,1.5,1.55,1.45,2.25,1.55,,1794.26,39.0,0.0,10.0,0.0,0.0,0.0,3800037.0
2019-12-25,4165591.0,3751189.0,4.423,367820.0,1630.09,,1.52,1.75,1.5,1.55,1.45,2.25,1.55,,1794.26,1.0,0.0,12.0,0.0,0.0,0.0,3793348.0
2019-12-26,4165591.0,3751189.0,3.192,367820.0,1630.09,,1.52,1.75,1.5,1.55,1.45,2.25,1.59,,1794.26,1.0,0.0,12.0,0.0,0.0,0.0,3794579.0
2019-12-27,4165591.0,3751189.0,0.825,367820.0,1630.09,,1.53,1.75,1.5,1.55,1.45,2.25,1.56,,1794.26,1.0,0.0,12.0,0.0,0.0,0.0,3796946.0
2019-12-28,4165591.0,3751189.0,0.825,367820.0,1630.09,,1.53,1.75,1.5,1.55,1.45,2.25,1.56,,1794.26,1.0,0.0,12.0,0.0,0.0,0.0,3796946.0
2019-12-29,4165591.0,3751189.0,0.825,367820.0,1630.09,,1.53,1.75,1.5,1.55,1.45,2.25,1.56,,1794.26,1.0,0.0,12.0,0.0,0.0,0.0,3796946.0
2019-12-30,4165591.0,3751189.0,6.525,367820.0,1630.09,,1.54,1.75,1.5,1.55,1.45,2.25,1.51,,1794.26,1.0,0.0,12.0,0.0,0.0,0.0,3791246.0
2019-12-31,4165591.0,3751189.0,64.087,367820.0,1630.09,,1.55,1.75,1.5,1.55,1.45,2.25,1.48,,1794.26,1.0,0.0,12.0,0.0,0.0,0.0,3733684.0
2020-01-01,4173626.0,3739957.0,64.087,382553.0,1645.384,,1.55,1.75,1.5,1.55,1.45,2.25,1.48,,1798.984,32.0,0.0,10.0,0.0,0.0,0.0,3726986.0
2020-01-02,4173626.0,3739957.0,3.1,382553.0,1645.384,,1.54,1.75,1.5,1.55,1.45,2.25,1.53,,1798.984,32.0,0.0,10.0,0.0,0.0,0.0,3787973.0
2020-01-03,4173626.0,3739957.0,4.251,382553.0,1645.384,,1.55,1.75,1.5,1.55,1.45,2.25,1.52,,1798.984,32.0,0.0,10.0,0.0,0.0,0.0,3786822.0
2020-01-04,4173626.0,3739957.0,4.251,382553.0,1645.384,,1.55,1.75,1.5,1.55,1.45,2.25,1.52,,1798.984,32.0,0.0,10.0,0.0,0.0,0.0,3786822.0
2020-01-05,4173626.0,3739957.0,4.251,382553.0,1645.384,,1.55,1.75,1.5,1.55,1.45,2.25,1.52,,1798.984,32.0,0.0,10.0,0.0,0.0,0.0,3786822.0
2020-01-06,4173626.0,3739957.0,3.825,382553.0,1645.384,,1.55,1.75,1.5,1.55,1.45,2.25,1.54,,1798.984,32.0,0.0,10.0,0.0,0.0,0.0,3787248.0
2020-01-07,4173626.0,3739957.0,1.602,382553.0,1645.384,,1.56,1.75,1.5,1.55,1.45,2.25,1.52,,1798.984,32.0,0.0,10.0,0.0,0.0,0.0,3789471.0
2020-01-08,4149544.0,3758738.0,0.876,367002.0,1645.384,,1.55,1.75,1.5,1.55,1.45,2.25,1.5,,1798.984,0.0,0.0,2.0,0.0,0.0,0.0,3781666.0
2020-01-09,4149544.0,3758738.0,0.401,367002.0,1645.384,,1.55,1.75,1.5,1.55,1.45,2.25,1.53,,1798.984,0.0,0.0,2.0,0.0,0.0,0.0,3782141.0
2020-01-10,4149544.0,3758738.0,0.627,367002.0,1645.384,,1.55,1.75,1.5,1.54,1.45,2.25,1.52,,1798.984,0.0,0.0,2.0,0.0,0.0,0.0,3781915.0
2020-01-11,4149544.0,3758738.0,0.627,367002.0,1645.384,,1.55,1.75,1.5,1.54,1.45,2.25,1.52,,1798.984,0.0,0.0,2.0,0.0,0.0,0.0,3781915.0
2020-01-12,4149544.0,3758738.0,0.627,367002.0,1645.384,,1.55,1.75,1.5,1.54,1.45,2.25,1.52,,1798.984,0.0,0.0,2.0,0.0,0.0,0.0,3781915.0
2020-01-13,4149544.0,3758738.0,1.0,367002.0,1645.384,,1.54,1.75,1.5,1.54,1.45,2.25,1.54,,1798.984,0.0,0.0,2.0,0.0,0.0,0.0,3781542.0
2020-01-14,4149544.0,3758738.0,0.656,367002.0,1645.384,,1.55,1.75,1.5,1.54,1.45,2.25,1.53,,1798.984,0.0,0.0,2.0,0.0,0.0,0.0,3781886.0
2020-01-15,4175850.0,3769300.0,0.675,350987.0,1645.384,,1.56,1.75,1.5,1.54,1.45,2.25,1.53,,1798.984,9.0,0.0,0.0,0.0,0.0,0.0,3824188.0
2020-01-16,4175850.0,3769300.0,0.3,350987.0,1645.384,,1.55,1.75,1.5,1.54,1.45,2.25,1.54,,1798.984,9.0,0.0,0.0,0.0,0.0,0.0,3824563.0
2020-01-17,4175850.0,3769300.0,16.15,350987.0,1645.384,,1.54,1.75,1.5,1.55,1.45,2.25,1.54,,1798.984,9.0,0.0,0.0,0.0,0.0,0.0,3808713.0
2020-01-18,4175850.0,3769300.0,16.15,350987.0,1645.384,,1.54,1.75,1.5,1.55,1.45,2.25,1.54,,1798.984,9.0,0.0,0.0,0.0,0.0,0.0,3808713.0
2020-01-19,4175850.0,3769300.0,16.15,350987.0,1645.384,,1.54,1.75,1.5,1.55,1.45,2.25,1.54,,1798.984,9.0,0.0,0.0,0.0,0.0,0.0,3808713.0
2020-01-20,4175850.0,3769300.0,16.15,350987.0,1645.384,,1.54,1.75,1.5,1.55,1.45,2.25,1.54,,1798.984,9.0,0.0,0.0,0.0,0.0,0.0,3808713.0
2020-01-21,4175850.0,3769300.0,13.381,350987.0,1645.384,,1.54,1.75,1.5,1.55,1.45,2.25,1.52,,1798.984,9.0,0.0,0.0,0.0,0.0,0.0,3811482.0
2020-01-22,4145912.0,3782010.0,15.604,403941.0,1645.384,,1.54,1.75,1.5,1.55,1.45,2.25,1.52,,1798.984,0.0,0.0,0.0,0.0,0.0,0.0,3726367.0
2020-01-23,4145912.0,3782010.0,12.904,403941.0,1645.384,,1.54,1.75,1.5,1.55,1.45,2.25,1.55,,1798.984,0.0,0.0,0.0,0.0,0.0,0.0,3729067.0
2020-01-24,4145912.0,3782010.0,0.0,403941.0,1645.384,,1.53,1.75,1.5,1.55,1.45,2.25,1.54,,1798.984,0.0,0.0,0.0,0.0,0.0,0.0,3741971.0
2020-01-25,4145912.0,3782010.0,0.0,403941.0,1645.384,,1.53,1.75,1.5,1.55,1.45,2.25,1.54,,1798.984,0.0,0.0,0.0,0.0,0.0,0.0,3741971.0
2020-01-26,4145912.0,3782010.0,0.0,403941.0,1645.384,,1.53,1.75,1.5,1.55,1.45,2.25,1.54,,1798.984,0.0,0.0,0.0,0.0,0.0,0.0,3741971.0
2020-01-27,4145912.0,3782010.0,0.002,403941.0,1645.384,,1.53,1.75,1.5,1.55,1.45,2.25,1.53,,1798.984,0.0,0.0,0.0,0.0,0.0,0.0,3741969.0
2020-01-28,4145912.0,3782010.0,0.002,403941.0,1645.384,,1.53,1.75,1.5,1.55,1.45,2.25,1.53,,1798.984,0.0,0.0,0.0,0.0,0.0,0.0,3741969.0
2020-01-29,4151630.0,3798743.0,0.3,432061.0,1645.384,,1.53,1.75,1.5,1.55,1.45,2.25,1.52,,1798.984,34.0,0.0,0.0,0.0,0.0,0.0,3719269.0
2020-01-30,4151630.0,3798743.0,4.14,432061.0,1645.384,,1.58,1.75,1.5,1.6,1.5,2.25,1.59,,1798.984,34.0,0.0,0.0,0.0,0.0,0.0,3715429.0
2020-01-31,4151630.0,3798743.0,4.5,432061.0,1645.384,,1.6,1.75,1.5,1.59,1.5,2.25,1.56,,1798.984,34.0,0.0,0.0,0.0,0.0,0.0,3715069.0
2020-02-01,4151630.0,3798743.0,4.5,432061.0,1656.989,,1.6,1.75,1.5,1.59,1.5,2.25,1.56,,1795.984,34.0,0.0,0.0,0.0,0.0,0.0,3715069.0
2020-02-02,4151630.0,3798743.0,4.5,432061.0,1656.989,,1.6,1.75,1.5,1.59,1.5,2.25,1.56,,1795.984,34.0,0.0,0.0,0.0,0.0,0.0,3715069.0
2020-02-03,4151630.0,3798743.0,6.16,432061.0,1656.989,,1.59,1.75,1.5,1.59,1.5,2.25,1.56,,1795.984,34.0,0.0,0.0,0.0,0.0,0.0,3713409.0
2020-02-04,4151630.0,3798743.0,2.112,432061.0,1656.989,,1.6,1.75,1.5,1.59,1.5,2.25,1.55,,1795.984,34.0,0.0,0.0,0.0,0.0,0.0,3717457.0
2020-02-05,4166707.0,3817516.0,4.112,413322.0,1656.989,,1.59,1.75,1.5,1.59,1.5,2.25,1.55,,1795.984,0.0,0.0,1.0,0.0,0.0,0.0,3749273.0
2020-02-06,4166707.0,3817516.0,0.403,413322.0,1656.989,,1.59,1.75,1.5,1.59,1.5,2.25,1.59,,1795.984,0.0,0.0,1.0,0.0,0.0,0.0,3752982.0
2020-02-07,4166707.0,3817516.0,1.1,413322.0,1656.989,,1.58,1.75,1.5,1.58,1.5,2.25,1.57,,1795.984,0.0,0.0,1.0,0.0,0.0,0.0,3752285.0
2020-02-08,4166707.0,3817516.0,1.1,413322.0,1656.989,,1.58,1.75,1.5,1.58,1.5,2.25,1.57,,1795.984,0.0,0.0,1.0,0.0,0.0,0.0,3752285.0
2020-02-09,4166707.0,3817516.0,1.1,413322.0,1656.989,,1.58,1.75,1.5,1.58,1.5,2.25,1.57,,1795.984,0.0,0.0,1.0,0.0,0.0,0.0,3752285.0
2020-02-10,4166707.0,3817516.0,0.83,413322.0,1656.989,,1.58,1.75,1.5,1.58,1.5,2.25,1.58,,1795.984,0.0,0.0,1.0,0.0,0.0,0.0,3752555.0
2020-02-11,4166707.0,3817516.0,0.228,413322.0,1656.989,,1.58,1.75,1.5,1.58,1.5,2.25,1.57,,1795.984,0.0,0.0,1.0,0.0,0.0,0.0,3753157.0
2020-02-12,4182689.0,3836494.0,0.309,411237.0,1656.989,,1.57,1.75,1.5,1.58,1.5,2.25,1.57,,1795.984,0.0,0.0,0.0,0.0,0.0,0.0,3771143.0
2020-02-13,4182689.0,3836494.0,0.45,411237.0,1656.989,,1.57,1.75,1.5,1.58,1.5,2.25,1.59,,1795.984,0.0,0.0,0.0,0.0,0.0,0.0,3771002.0
2020-02-14,4182689.0,3836494.0,0.0,411237.0,1656.989,,1.58,1.75,1.5,1.58,1.5,2.25,1.6,,1795.984,0.0,0.0,0.0,0.0,0.0,0.0,3771452.0
2020-02-15,4182689.0,3836494.0,0.0,411237.0,1656.989,,1.58,1.75,1.5,1.58,1.5,2.25,1.6,,1795.984,0.0,0.0,0.0,0.0,0.0,0.0,3771452.0
2020-02-16,4182689.0,3836494.0,0.0,411237.0,1656.989,,1.58,1.75,1.5,1.58,1.5,2.25,1.6,,1795.984,0.0,0.0,0.0,0.0,0.0,0.0,3771452.0
2020-02-17,4182689.0,3836494.0,0.0,411237.0,1656.989,,1.58,1.75,1.5,1.58,1.5,2.25,1.6,,1795.984,0.0,0.0,0.0,0.0,0.0,0.0,3771452.0
2020-02-18,4182689.0,3836494.0,9.454,411237.0,1656.989,,1.6,1.75,1.5,1.59,1.5,2.25,1.61,,1795.984,0.0,0.0,0.0,0.0,0.0,0.0,3761998.0
2020-02-19,4171570.0,3839819.0,0.095,428805.0,1656.989,,1.59,1.75,1.5,1.59,1.5,2.25,1.61,,1795.984,5.0,0.0,0.0,0.0,0.0,0.0,3742670.0
2020-02-20,4171570.0,3839819.0,3.6,428805.0,1656.989,,1.6,1.75,1.5,1.59,1.5,2.25,1.61,,1795.984,5.0,0.0,0.0,0.0,0.0,0.0,3739165.0
2020-02-21,4171570.0,3839819.0,4.532,428805.0,1656.989,,1.58,1.75,1.5,1.58,1.5,2.25,1.6,,1795.984,5.0,0.0,0.0,0.0,0.0,0.0,3738233.0
2020-02-22,4171570.0,3839819.0,4.532,428805.0,1656.989,,1.58,1.75,1.5,1.58,1.5,2.25,1.6,,1795.984,5.0,0.0,0.0,0.0,0.0,0.0,3738233.0
2020-02-23,4171570.0,3839819.0,4.532,428805.0,1656.989,,1.58,1.75,1.5,1.58,1.5,2.25,1.6,,1795.984,5.0,0.0,0.0,0.0,0.0,0.0,3738233.0
2020-02-24,4171570.0,3839819.0,0.592,428805.0,1656.989,,1.58,1.75,1.5,1.58,1.5,2.25,1.6,,1795.984,5.0,0.0,0.0,0.0,0.0,0.0,3742173.0
2020-02-25,4171570.0,3839819.0,0.111,428805.0,1656.989,,1.59,1.75,1.5,1.58,1.5,2.25,1.59,,1795.984,5.0,0.0,0.0,0.0,0.0,0.0,3742654.0
2020-02-26,4158637.0,3848250.0,2.3,439365.0,1656.989,,1.58,1.75,1.5,1.58,1.5,2.25,1.59,,1795.984,13.0,0.0,0.0,0.0,0.0,0.0,3716972.0
2020-02-27,4158637.0,3848250.0,0.275,439365.0,1656.989,,1.58,1.75,1.5,1.58,1.5,2.25,1.56,,1795.984,13.0,0.0,0.0,0.0,0.0,0.0,3718997.0
2020-02-28,4158637.0,3848250.0,2.187,439365.0,1656.989,,1.6,1.75,1.5,1.58,1.5,2.25,1.45,,1795.984,13.0,0.0,0.0,0.0,0.0,0.0,3717085.0
2020-02-29,4158637.0,3848250.0,2.187,439365.0,1656.989,,1.6,1.75,1.5,1.58,1.5,2.25,1.45,,1795.984,13.0,0.0,0.0,0.0,0.0,0.0,3717085.0
2020-03-01,4158637.0,3848250.0,2.187,439365.0,2045.148,,1.6,1.75,1.5,1.58,1.5,2.25,1.45,,1826.076,13.0,0.0,0.0,0.0,0.0,0.0,3717085.0
2020-03-02,4158637.0,3848250.0,2.525,439365.0,2045.148,,1.59,1.75,1.5,1.59,1.5,2.25,1.41,,1826.076,13.0,0.0,0.0,0.0,0.0,0.0,3716747.0
2020-03-03,4158637.0,3848250.0,0.627,439365.0,2045.148,,1.64,1.75,1.5,1.59,1.5,2.25,1.11,,1826.076,13.0,0.0,0.0,0.0,0.0,0.0,3718645.0
2020-03-04,4241507.0,3876816.0,5.025,374515.0,2045.148,,1.23,1.25,1.0,1.09,1.0,1.75,1.0,,1826.076,1.0,0.0,0.0,0.0,0.0,0.0,3861967.0
2020-03-05,4241507.0,3876816.0,0.85,374515.0,2045.148,,1.12,1.25,1.0,1.09,1.0,1.75,0.92,,1826.076,1.0,0.0,0.0,0.0,0.0,0.0,3866142.0
2020-03-06,4241507.0,3876816.0,2.93,374515.0,2045.148,,1.1,1.25,1.0,1.09,1.0,1.75,0.79,,1826.076,1.0,0.0,0.0,0.0,0.0,0.0,3864062.0
2020-03-07,4241507.0,3876816.0,2.93,374515.0,2045.148,,1.1,1.25,1.0,1.09,1.0,1.75,0.79,,1826.076,1.0,0.0,0.0,0.0,0.0,0.0,3864062.0
2020-03-08,4241507.0,3876816.0,2.93,374515.0,2045.148,,1.1,1.25,1.0,1.09,1.0,1.75,0.79,,1826.076,1.0,0.0,0.0,0.0,0.0,0.0,3864062.0
2020-03-09,4241507.0,3876816.0,2.504,374515.0,2045.148,,1.09,1.25,1.0,1.09,1.0,1.75,0.57,,1826.076,1.0,0.0,0.0,0.0,0.0,0.0,3864488.0
2020-03-10,4241507.0,3876816.0,0.151,374515.0,2045.148,,1.11,1.25,1.0,1.09,1.0,1.75,0.57,,1826.076,1.0,0.0,0.0,0.0,0.0,0.0,3866841.0
2020-03-11,4311911.0,3897224.0,1.325,380556.0,2045.148,,1.15,1.25,1.0,1.09,1.0,1.75,0.42,,1826.076,11.0,0.0,0.0,0.0,0.0,0.0,3930030.0
2020-03-12,4311911.0,3897224.0,21.05,380556.0,2045.148,,1.2,1.25,1.0,1.1,1.0,1.75,0.41,,1826.076,11.0,0.0,0.0,0.0,0.0,0.0,3910305.0
2020-03-13,4311911.0,3897224.0,15.1,380556.0,2045.148,,1.1,1.25,1.0,1.1,1.0,1.75,0.33,,1826.076,11.0,0.0,0.0,0.0,0.0,0.0,3916255.0
2020-03-14,4311911.0,3897224.0,15.1,380556.0,2045.148,,1.1,1.25,1.0,1.1,1.0,1.75,0.33,,1826.076,11.0,0.0,0.0,0.0,0.0,0.0,3916255.0
2020-03-15,4311911.0,3897224.0,15.1,380556.0,2045.148,,1.1,1.25,1.0,1.1,1.0,1.75,0.33,,1826.076,11.0,0.0,0.0,0.0,0.0,0.0,3916255.0
2020-03-16,4311911.0,3897224.0,1.425,380556.0,2045.148,,0.26,0.25,0.0,0.25,0.0,0.25,0.25,,1826.076,11.0,0.0,0.0,0.0,0.0,0.0,3929930.0
2020-03-17,4311911.0,3897224.0,5.7,380556.0,2045.148,,0.54,0.25,0.0,0.25,0.0,0.25,0.12,,1826.076,11.0,0.0,0.0,0.0,0.0,0.0,3925655.0
2020-03-18,4668212.0,4009794.0,0.477,362576.0,2045.148,,0.1,0.25,0.0,0.25,0.0,0.25,0.04,,1826.076,28224.0,0.0,0.0,0.0,0.0,0.0,4305159.0
2020-03-19,4668212.0,4009794.0,1.195,362576.0,2045.148,,0.06,0.25,0.0,0.2,0.0,0.25,0.04,,1826.076,28224.0,0.0,0.0,0.0,0.0,0.0,4304441.0
2020-03-20,4668212.0,4009794.0,12.203,362576.0,2045.148,,0.04,0.25,0.0,0.15,0.0,0.25,0.04,,1826.076,28224.0,0.0,0.0,0.0,0.0,0.0,4293433.0
2020-03-21,4668212.0,4009794.0,12.203,362576.0,2045.148,,0.04,0.25,0.0,0.15,0.0,0.25,0.04,,1826.076,28224.0,0.0,0.0,0.0,0.0,0.0,4293433.0
2020-03-22,4668212.0,4009794.0,12.203,362576.0,2045.148,,0.04,0.25,0.0,0.15,0.0,0.25,0.04,,1826.076,28224.0,0.0,0.0,0.0,0.0,0.0,4293433.0
2020-03-23,4668212.0,4009794.0,26.944,362576.0,2045.148,,0.02,0.25,0.0,0.15,0.0,0.25,0.01,,1826.076,28224.0,0.0,0.0,0.0,0.0,0.0,4278692.0
2020-03-24,4668212.0,4009794.0,41.516,362576.0,2045.148,,0.01,0.25,0.0,0.12,0.0,0.25,0.01,,1826.076,28224.0,0.0,0.0,0.0,0.0,0.0,4264120.0
2020-03-25,5254278.0,4365282.0,97.411,390252.0,2045.148,,0.01,0.25,0.0,0.1,0.0,0.25,0.0,,1826.076,50768.0,0.0,0.0,0.0,0.0,0.0,4766615.0
2020-03-26,5254278.0,4365282.0,138.48,390252.0,2045.148,,0.01,0.25,0.0,0.1,0.0,0.25,0.01,,1826.076,50768.0,0.0,0.0,0.0,0.0,0.0,4725546.0
2020-03-27,5254278.0,4365282.0,210.794,390252.0,2045.148,,0.01,0.25,0.0,0.1,0.0,0.25,0.01,,1826.076,50768.0,0.0,0.0,0.0,0.0,0.0,4653232.0
2020-03-28,5254278.0,4365282.0,210.794,390252.0,2045.148,,0.01,0.25,0.0,0.1,0.0,0.25,0.01,,1826.076,50768.0,0.0,0.0,0.0,0.0,0.0,4653232.0
2020-03-29,5254278.0,4365282.0,210.794,390252.0,2045.148,,0.01,0.25,0.0,0.1,0.0,0.25,0.01,,1826.076,50768.0,0.0,0.0,0.0,0.0,0.0,4653232.0
2020-03-30,5254278.0,4365282.0,237.497,390252.0,2045.148,,0.01,0.25,0.0,0.09,0.0,0.25,0.04,,1826.076,50768.0,0.0,0.0,0.0,0.0,0.0,4626529.0
2020-03-31,5254278.0,4365282.0,284.908,390252.0,2045.148,,0.01,0.25,0.0,0.08,0.0,0.25,0.05,,1826.076,50768.0,0.0,0.0,0.0,0.0,0.0,4579118.0
2020-04-01,5811607.0,4800901.0,207.828,429267.0,2953.586,,0.01,0.25,0.0,0.06,0.0,0.25,0.03,,1887.38,43744.0,0.0,0.0,0.0,0.0,0.0,5174512.0
2020-04-02,5811607.0,4800901.0,182.627,429267.0,2953.586,,0.01,0.25,0.0,0.05,0.0,0.25,0.09,,1887.38,43744.0,0.0,0.0,0.0,0.0,0.0,5199713.0
2020-04-03,5811607.0,4800901.0,148.117,429267.0,2953.586,,0.01,0.25,0.0,0.05,0.0,0.25,0.09,,1887.38,43744.0,0.0,0.0,0.0,0.0,0.0,5234223.0
2020-04-04,5811607.0,4800901.0,148.117,429267.0,2953.586,,0.01,0.25,0.0,0.05,0.0,0.25,0.09,,1887.38,43744.0,0.0,0.0,0.0,0.0,0.0,5234223.0
2020-04-05,5811607.0,4800901.0,148.117,429267.0,2953.586,,0.01,0.25,0.0,0.05,0.0,0.25,0.09,,1887.38,43744.0,0.0,0.0,0.0,0.0,0.0,5234223.0
2020-04-06,5811607.0,4800901.0,144.294,429267.0,2953.586,,0.01,0.25,0.0,0.05,0.0,0.25,0.09,,1887.38,43744.0,0.0,0.0,0.0,0.0,0.0,5238046.0
2020-04-07,5811607.0,4800901.0,88.36,429267.0,2953.586,,0.01,0.25,0.0,0.05,0.0,0.25,0.1,,1887.38,43744.0,0.0,0.0,0.0,0.0,0.0,5293980.0
2020-04-08,6083141.0,5096434.0,53.483,698578.0,2953.586,,0.01,0.25,0.0,0.05,0.0,0.25,0.14,,1887.38,43449.0,0.0,0.0,0.0,0.0,0.0,5331080.0
2020-04-09,6083141.0,5096434.0,5.525,698578.0,2953.586,,0.01,0.25,0.0,0.05,0.0,0.25,0.2,,1887.38,43449.0,0.0,0.0,0.0,0.0,0.0,5379038.0
2020-04-10,6083141.0,5096434.0,5.525,698578.0,2953.586,,0.01,0.25,0.0,0.05,0.0,0.25,0.2,,1887.38,43449.0,0.0,0.0,0.0,0.0,0.0,5379038.0
2020-04-11,6083141.0,5096434.0,5.525,698578.0,2953.586,,0.01,0.25,0.0,0.05,0.0,0.25,0.2,,1887.38,43449.0,0.0,0.0,0.0,0.0,0.0,5379038.0
2020-04-12,6083141.0,5096434.0,5.525,698578.0,2953.586,,0.01,0.25,0.0,0.05,0.0,0.25,0.2,,1887.38,43449.0,0.0,0.0,0.0,0.0,0.0,5379038.0
2020-04-13,6083141.0,5096434.0,6.1,698578.0,2953.586,,0.02,0.25,0.0,0.05,0.0,0.25,0.17,,1887.38,43449.0,0.0,0.0,0.0,0.0,0.0,5378463.0
2020-04-14,6083141.0,5096434.0,9.9,698578.0,2953.586,,0.06,0.25,0.0,0.05,0.0,0.25,0.17,,1887.38,43449.0,0.0,0.0,0.0,0.0,0.0,5374663.0
2020-04-15,6367887.0,5359376.0,3.15,889815.0,2953.586,,0.03,0.25,0.0,0.05,0.0,0.25,0.14,,1887.38,36284.0,0.0,0.0,0.0,0.0,0.0,5474922.0
2020-04-16,6367887.0,5359376.0,1.525,889815.0,2953.586,,0.03,0.25,0.0,0.05,0.0,0.25,0.14,,1887.38,36284.0,0.0,0.0,0.0,0.0,0.0,5476547.0
2020-04-17,6367887.0,5359376.0,1.726,889815.0,2953.586,,0.03,0.25,0.0,0.05,0.0,0.25,0.12,,1887.38,36284.0,0.0,0.0,0.0,0.0,0.0,5476346.0
2020-04-18,6367887.0,5359376.0,1.726,889815.0,2953.586,,0.03,0.25,0.0,0.05,0.0,0.25,0.12,,1887.38,36284.0,0.0,0.0,0.0,0.0,0.0,5476346.0
2020-04-19,6367887.0,5359376.0,1.726,889815.0,2953.586,,0.03,0.25,0.0,0.05,0.0,0.25,0.12,,1887.38,36284.0,0.0,0.0,0.0,0.0,0.0,5476346.0
2020-04-20,6367887.0,5359376.0,31.0,889815.0,2953.586,,0.02,0.25,0.0,0.05,0.0,0.25,0.1,,1887.38,36284.0,0.0,0.0,0.0,0.0,0.0,5447072.0
2020-04-21,6367887.0,5359376.0,12.528,889815.0,2953.586,,0.01,0.25,0.0,0.05,0.0,0.25,0.08,,1887.38,36284.0,0.0,0.0,0.0,0.0,0.0,5465544.0
2020-04-22,6573136.0,5534186.0,10.825,901331.0,2953.586,,0.01,0.25,0.0,0.05,0.0,0.25,0.09,,1887.38,33742.0,0.0,0.0,8009.0,0.0,0.0,5660980.0
2020-04-23,6573136.0,5534186.0,1.45,901331.0,2953.586,,0.01,0.25,0.0,0.04,0.0,0.25,0.09,,1887.38,33742.0,0.0,0.0,8009.0,0.0,0.0,5670355.0
2020-04-24,6573136.0,5534186.0,1.5,901331.0,2953.586,,0.03,0.25,0.0,0.05,0.0,0.25,0.1,,1887.38,33742.0,0.0,0.0,8009.0,0.0,0.0,5670305.0
2020-04-25,6573136.0,5534186.0,1.5,901331.0,2953.586,,0.03,0.25,0.0,0.05,0.0,0.25,0.1,,1887.38,33742.0,0.0,0.0,8009.0,0.0,0.0,5670305.0
2020-04-26,6573136.0,5534186.0,1.5,901331.0,2953.586,,0.03,0.25,0.0,0.05,0.0,0.25,0.1,,1887.38,33742.0,0.0,0.0,8009.0,0.0,0.0,5670305.0
2020-04-27,6573136.0,5534186.0,16.476,901331.0,2953.586,,0.03,0.25,0.0,0.04,0.0,0.25,0.09,,1887.38,33742.0,0.0,0.0,8009.0,0.0,0.0,5655329.0
2020-04-28,6573136.0,5534186.0,7.131,901331.0,2953.586,,0.01,0.25,0.0,0.04,0.0,0.25,0.08,,1887.38,33742.0,0.0,0.0,8009.0,0.0,0.0,5664674.0
2020-04-29,6655929.0,5578486.0,1.45,997507.0,2953.586,,0.01,0.25,0.0,0.04,0.0,0.25,0.1,,1887.38,31759.0,0.0,0.0,19488.0,0.0,0.0,5656972.0
2020-04-30,6655929.0,5578486.0,1.775,997507.0,2953.586,,0.04,0.25,0.0,0.05,0.0,0.25,0.1,,1887.38,31759.0,0.0,0.0,19488.0,0.0,0.0,5656647.0
2020-05-01,6655929.0,5578486.0,0.251,997507.0,3217.635,,0.03,0.25,0.0,0.05,0.0,0.25,0.1,,1929.728,31759.0,0.0,0.0,19488.0,0.0,0.0,5658171.0
2020-05-02,6655929.0,5578486.0,0.251,997507.0,3217.635,,0.03,0.25,0.0,0.05,0.0,0.25,0.1,,1929.728,31759.0,0.0,0.0,19488.0,0.0,0.0,5658171.0
2020-05-03,6655929.0,5578486.0,0.251,997507.0,3217.635,,0.03,0.25,0.0,0.05,0.0,0.25,0.1,,1929.728,31759.0,0.0,0.0,19488.0,0.0,0.0,5658171.0
2020-05-04,6655929.0,5578486.0,4.85,997507.0,3217.635,,0.05,0.25,0.0,0.05,0.0,0.25,0.1,,1929.728,31759.0,0.0,0.0,19488.0,0.0,0.0,5653572.0
2020-05-05,6655929.0,5578486.0,1.925,997507.0,3217.635,,0.05,0.25,0.0,0.05,0.0,0.25,0.09,,1929.728,31759.0,0.0,0.0,19488.0,0.0,0.0,5656497.0
2020-05-06,6721420.0,5627918.0,1.175,1127490.0,3217.635,,0.05,0.25,0.0,0.05,0.0,0.25,0.08,,1929.728,26494.0,0.0,0.0,29181.0,0.0,0.0,5592755.0
2020-05-07,6721420.0,5627918.0,0.982,1127490.0,3217.635,,0.05,0.25,0.0,0.05,0.0,0.25,0.1,,1929.728,26494.0,0.0,0.0,29181.0,0.0,0.0,5592948.0
2020-05-08,6721420.0,5627918.0,0.68,1127490.0,3217.635,,0.06,0.25,0.0,0.05,0.0,0.25,0.1,,1929.728,26494.0,0.0,0.0,29181.0,0.0,0.0,5593250.0
2020-05-09,6721420.0,5627918.0,0.68,1127490.0,3217.635,,0.06,0.25,0.0,0.05,0.0,0.25,0.1,,1929.728,26494.0,0.0,0.0,29181.0,0.0,0.0,5593250.0
2020-05-10,6721420.0,5627918.0,0.68,1127490.0,3217.635,,0.06,0.25,0.0,0.05,0.0,0.25,0.1,,1929.728,26494.0,0.0,0.0,29181.0,0.0,0.0,5593250.0
2020-05-11,6721420.0,5627918.0,0.123,1127490.0,3217.635,,0.06,0.25,0.0,0.05,0.0,0.25,0.09,,1929.728,26494.0,0.0,0.0,29181.0,0.0,0.0,5593807.0
2020-05-12,6721420.0,5627918.0,0.825,1127490.0,3217.635,,0.06,0.25,0.0,0.05,0.0,0.25,0.1,,1929.728,26494.0,0.0,0.0,29181.0,0.0,0.0,5593105.0
2020-05-13,6934227.0,5843376.0,13.825,1177494.0,3217.635,,0.04,0.25,0.0,0.05,0.0,0.25,0.1,,1929.728,24239.0,0.0,0.0,40580.0,0.0,0.0,5742908.0
2020-05-14,6934227.0,5843376.0,0.133,1177494.0,3217.635,,0.02,0.25,0.0,0.05,0.0,0.25,0.09,,1929.728,24239.0,0.0,0.0,40580.0,0.0,0.0,5756600.0
2020-05-15,6934227.0,5843376.0,1.15,1177494.0,3217.635,,0.05,0.25,0.0,0.05,0.0,0.25,0.09,,1929.728,24239.0,0.0,0.0,40580.0,0.0,0.0,5755583.0
2020-05-16,6934227.0,5843376.0,1.15,1177494.0,3217.635,,0.05,0.25,0.0,0.05,0.0,0.25,0.09,,1929.728,24239.0,0.0,0.0,40580.0,0.0,0.0,5755583.0
2020-05-17,6934227.0,5843376.0,1.15,1177494.0,3217.635,,0.05,0.25,0.0,0.05,0.0,0.25,0.09,,1929.728,24239.0,0.0,0.0,40580.0,0.0,0.0,5755583.0
2020-05-18,6934227.0,5843376.0,0.578,1177494.0,3217.635,,0.04,0.25,0.0,0.05,0.0,0.25,0.1,,1929.728,24239.0,0.0,0.0,40580.0,0.0,0.0,5756155.0
2020-05-19,6934227.0,5843376.0,0.09,1177494.0,3217.635,,0.04,0.25,0.0,0.05,0.0,0.25,0.09,,1929.728,24239.0,0.0,0.0,40580.0,0.0,0.0,5756643.0
2020-05-20,7037258.0,5954518.0,9.726,1194410.0,3217.635,,0.01,0.25,0.0,0.05,0.0,0.25,0.08,,1929.728,19535.0,0.0,3.0,45090.0,0.0,0.0,5833122.0
2020-05-21,7037258.0,5954518.0,0.003,1194410.0,3217.635,,0.02,0.25,0.0,0.05,0.0,0.25,0.09,,1929.728,19535.0,0.0,3.0,45090.0,0.0,0.0,5842845.0
2020-05-22,7037258.0,5954518.0,0.001,1194410.0,3217.635,,0.04,0.25,0.0,0.05,0.0,0.25,0.09,,1929.728,19535.0,0.0,3.0,45090.0,0.0,0.0,5842847.0
2020-05-23,7037258.0,5954518.0,0.001,1194410.0,3217.635,,0.04,0.25,0.0,0.05,0.0,0.25,0.09,,1929.728,19535.0,0.0,3.0,45090.0,0.0,0.0,5842847.0
2020-05-24,7037258.0,5954518.0,0.001,1194410.0,3217.635,,0.04,0.25,0.0,0.05,0.0,0.25,0.09,,1929.728,19535.0,0.0,3.0,45090.0,0.0,0.0,5842847.0
2020-05-25,7037258.0,5954518.0,0.001,1194410.0,3217.635,,0.04,0.25,0.0,0.05,0.0,0.25,0.09,,1929.728,19535.0,0.0,3.0,45090.0,0.0,0.0,5842847.0
2020-05-26,7037258.0,5954518.0,0.001,1194410.0,3217.635,,0.06,0.25,0.0,0.05,0.0,0.25,0.1,,1929.728,19535.0,0.0,3.0,45090.0,0.0,0.0,5842847.0
2020-05-27,7097316.0,5946969.0,4.326,1310491.0,3217.635,,0.06,0.25,0.0,0.05,0.0,0.25,0.11,,1929.728,18198.0,0.0,2.0,49211.0,0.0,0.0,5782499.0
2020-05-28,7097316.0,5946969.0,0.0,1310491.0,3217.635,,0.06,0.25,0.0,0.05,0.0,0.25,0.14,,1929.728,18198.0,0.0,2.0,49211.0,0.0,0.0,5786825.0
2020-05-29,7097316.0,5946969.0,1.325,1310491.0,3217.635,,0.06,0.25,0.0,0.05,0.0,0.25,0.13,,1929.728,18198.0,0.0,2.0,49211.0,0.0,0.0,5785500.0
2020-05-30,7097316.0,5946969.0,1.325,1310491.0,3217.635,,0.06,0.25,0.0,0.05,0.0,0.25,0.13,,1929.728,18198.0,0.0,2.0,49211.0,0.0,0.0,5785500.0
2020-05-31,7097316.0,5946969.0,1.325,1310491.0,3217.635,,0.06,0.25,0.0,0.05,0.0,0.25,0.13,,1929.728,18198.0,0.0,2.0,49211.0,0.0,0.0,5785500.0
2020-06-01,7097316.0,5946969.0,0.0,1310491.0,3043.556,,0.06,0.25,0.0,0.05,0.0,0.25,0.12,,1955.37,18198.0,0.0,2.0,49211.0,0.0,0.0,5786825.0
2020-06-02,7097316.0,5946969.0,2.013,1310491.0,3043.556,,0.07,0.25,0.0,0.06,0.0,0.25,0.12,,1955.37,18198.0,0.0,2.0,49211.0,0.0,0.0,5784812.0
2020-06-03,7165217.0,5972297.0,0.013,1434823.0,3043.556,,0.06,0.25,0.0,0.06,0.0,0.25,0.12,,1955.37,11011.0,0.0,9.0,55230.0,0.0,0.0,5730381.0
2020-06-04,7165217.0,5972297.0,0.0,1434823.0,3043.556,,0.07,0.25,0.0,0.06,0.0,0.25,0.13,,1955.37,11011.0,0.0,9.0,55230.0,0.0,0.0,5730394.0
2020-06-05,7165217.0,5972297.0,0.0,1434823.0,3043.556,,0.07,0.25,0.0,0.07,0.0,0.25,0.13,,1955.37,11011.0,0.0,9.0,55230.0,0.0,0.0,5730394.0
2020-06-06,7165217.0,5972297.0,0.0,1434823.0,3043.556,,0.07,0.25,0.0,0.07,0.0,0.25,0.13,,1955.37,11011.0,0.0,9.0,55230.0,0.0,0.0,5730394.0
2020-06-07,7165217.0,5972297.0,0.0,1434823.0,3043.556,,0.07,0.25,0.0,0.07,0.0,0.25,0.13,,1955.37,11011.0,0.0,9.0,55230.0,0.0,0.0,5730394.0
2020-06-08,7165217.0,5972297.0,0.0,1434823.0,3043.556,,0.07,0.25,0.0,0.07,0.0,0.25,0.15,,1955.37,11011.0,0.0,9.0,55230.0,0.0,0.0,5730394.0
2020-06-09,7165217.0,5972297.0,1.252,1434823.0,3043.556,,0.08,0.25,0.0,0.07,0.0,0.25,0.14,,1955.37,11011.0,0.0,9.0,55230.0,0.0,0.0,5729142.0
2020-06-10,7168936.0,5988351.0,0.012,1506558.0,3043.556,,0.07,0.25,0.0,0.08,0.0,0.25,0.13,,1955.37,8427.0,0.0,11.0,56983.0,0.0,0.0,5662366.0
2020-06-11,7168936.0,5988351.0,0.375,1506558.0,3043.556,,0.08,0.25,0.0,0.08,0.0,0.25,0.14,,1955.37,8427.0,0.0,11.0,56983.0,0.0,0.0,5662003.0
2020-06-12,7168936.0,5988351.0,0.0,1506558.0,3043.556,,0.08,0.25,0.0,0.08,0.0,0.25,0.14,,1955.37,8427.0,0.0,11.0,56983.0,0.0,0.0,5662378.0
2020-06-13,7168936.0,5988351.0,0.0,1506558.0,3043.556,,0.08,0.25,0.0,0.08,0.0,0.25,0.14,,1955.37,8427.0,0.0,11.0,56983.0,0.0,0.0,5662378.0
2020-06-14,7168936.0,5988351.0,0.0,1506558.0,3043.556,,0.08,0.25,0.0,0.08,0.0,0.25,0.14,,1955.37,8427.0,0.0,11.0,56983.0,0.0,0.0,5662378.0
2020-06-15,7168936.0,5988351.0,0.003,1506558.0,3043.556,,0.09,0.25,0.0,0.09,0.0,0.25,0.15,,1955.37,8427.0,0.0,11.0,56983.0,0.0,0.0,5662375.0
2020-06-16,7168936.0,5988351.0,4.0,1506558.0,3043.556,,0.09,0.25,0.0,0.09,0.0,0.25,0.14,,1955.37,8427.0,0.0,11.0,56983.0,0.0,0.0,5658378.0
2020-06-17,7094690.0,6090428.0,0.001,1560850.0,3043.556,,0.09,0.25,0.0,0.09,0.0,0.25,0.13,,1955.37,7479.0,0.0,13.0,57552.0,0.0,0.0,5533839.0
2020-06-18,7094690.0,6090428.0,0.001,1560850.0,3043.556,,0.09,0.25,0.0,0.09,0.0,0.25,0.13,,1955.37,7479.0,0.0,13.0,57552.0,0.0,0.0,5533839.0
2020-06-19,7094690.0,6090428.0,0.001,1560850.0,3043.556,,0.09,0.25,0.0,0.09,0.0,0.25,0.13,,1955.37,7479.0,0.0,13.0,57552.0,0.0,0.0,5533839.0
2020-06-20,7094690.0,6090428.0,0.001,1560850.0,3043.556,,0.09,0.25,0.0,0.09,0.0,0.25,0.13,,1955.37,7479.0,0.0,13.0,57552.0,0.0,0.0,5533839.0
2020-06-21,7094690.0,6090428.0,0.001,1560850.0,3043.556,,0.09,0.25,0.0,0.09,0.0,0.25,0.13,,1955.37,7479.0,0.0,13.0,57552.0,0.0,0.0,5533839.0
2020-06-22,7094690.0,6090428.0,0.01,1560850.0,3043.556,,0.08,0.25,0.0,0.08,0.0,0.25,0.14,,1955.37,7479.0,0.0,13.0,57552.0,0.0,0.0,5533830.0
2020-06-23,7094690.0,6090428.0,0.011,1560850.0,3043.556,,0.07,0.25,0.0,0.08,0.0,0.25,0.12,,1955.37,7479.0,0.0,13.0,57552.0,0.0,0.0,5533829.0
2020-06-24,7082302.0,6143193.0,0.001,1623942.0,3043.556,,0.08,0.25,0.0,0.08,0.0,0.25,0.11,,1955.37,6237.0,1.0,13.0,62597.0,0.0,0.0,5458359.0
2020-06-25,7082302.0,6143193.0,0.001,1623942.0,3043.556,,0.09,0.25,0.0,0.08,0.0,0.25,0.13,,1955.37,6237.0,1.0,13.0,62597.0,0.0,0.0,5458359.0
2020-06-26,7082302.0,6143193.0,0.2,1623942.0,3043.556,,0.08,0.25,0.0,0.08,0.0,0.25,0.12,,1955.37,6237.0,1.0,13.0,62597.0,0.0,0.0,5458160.0
2020-06-27,7082302.0,6143193.0,0.2,1623942.0,3043.556,,0.08,0.25,0.0,0.08,0.0,0.25,0.12,,1955.37,6237.0,1.0,13.0,62597.0,0.0,0.0,5458160.0
2020-06-28,7082302.0,6143193.0,0.2,1623942.0,3043.556,,0.08,0.25,0.0,0.08,0.0,0.25,0.12,,1955.37,6237.0,1.0,13.0,62597.0,0.0,0.0,5458160.0
2020-06-29,7082302.0,6143193.0,0.25,1623942.0,3043.556,,0.08,0.25,0.0,0.08,0.0,0.25,0.11,,1955.37,6237.0,1.0,13.0,62597.0,0.0,0.0,5458110.0
2020-06-30,7082302.0,6143193.0,0.95,1623942.0,3043.556,,0.1,0.25,0.0,0.08,0.0,0.25,0.13,,1955.37,6237.0,1.0,13.0,62597.0,0.0,0.0,5457410.0
2020-07-01,7009040.0,6126948.0,0.002,1657620.0,2718.529,,0.11,0.25,0.0,0.08,0.0,0.25,0.12,,1978.268,5860.0,0.0,16.0,68133.0,0.0,0.0,5351418.0
2020-07-02,7009040.0,6126948.0,0.0,1657620.0,2718.529,,0.11,0.25,0.0,0.09,0.0,0.25,0.13,,1978.268,5860.0,0.0,16.0,68133.0,0.0,0.0,5351420.0
2020-07-03,7009040.0,6126948.0,0.0,1657620.0,2718.529,,0.11,0.25,0.0,0.09,0.0,0.25,0.13,,1978.268,5860.0,0.0,16.0,68133.0,0.0,0.0,5351420.0
2020-07-04,7009040.0,6126948.0,0.0,1657620.0,2718.529,,0.11,0.25,0.0,0.09,0.0,0.25,0.13,,1978.268,5860.0,0.0,16.0,68133.0,0.0,0.0,5351420.0
2020-07-05,7009040.0,6126948.0,0.0,1657620.0,2718.529,,0.11,0.25,0.0,0.09,0.0,0.25,0.13,,1978.268,5860.0,0.0,16.0,68133.0,0.0,0.0,5351420.0
2020-07-06,7009040.0,6126948.0,0.0,1657620.0,2718.529,,0.1,0.25,0.0,0.09,0.0,0.25,0.12,,1978.268,5860.0,0.0,16.0,68133.0,0.0,0.0,5351420.0
2020-07-07,7009040.0,6126948.0,0.003,1657620.0,2718.529,,0.1,0.25,0.0,0.09,0.0,0.25,0.12,,1978.268,5860.0,0.0,16.0,68133.0,0.0,0.0,5351417.0
2020-07-08,6920716.0,6145103.0,0.001,1653098.0,2718.529,,0.1,0.25,0.0,0.09,0.0,0.25,0.11,,1978.268,4846.0,0.0,22.0,67685.0,0.0,0.0,5267617.0
2020-07-09,6920716.0,6145103.0,0.0,1653098.0,2718.529,,0.1,0.25,0.0,0.09,0.0,0.25,0.11,,1978.268,4846.0,0.0,22.0,67685.0,0.0,0.0,5267618.0
2020-07-10,6920716.0,6145103.0,0.0,1653098.0,2718.529,,0.1,0.25,0.0,0.09,0.0,0.25,0.1,,1978.268,4846.0,0.0,22.0,67685.0,0.0,0.0,5267618.0
2020-07-11,6920716.0,6145103.0,0.0,1653098.0,2718.529,,0.1,0.25,0.0,0.09,0.0,0.25,0.1,,1978.268,4846.0,0.0,22.0,67685.0,0.0,0.0,5267618.0
2020-07-12,6920716.0,6145103.0,0.0,1653098.0,2718.529,,0.1,0.25,0.0,0.09,0.0,0.25,0.1,,1978.268,4846.0,0.0,22.0,67685.0,0.0,0.0,5267618.0
2020-07-13,6920716.0,6145103.0,0.001,1653098.0,2718.529,,0.1,0.25,0.0,0.09,0.0,0.25,0.11,,1978.268,4846.0,0.0,22.0,67685.0,0.0,0.0,5267617.0
2020-07-14,6920716.0,6145103.0,0.001,1653098.0,2718.529,,0.11,0.25,0.0,0.09,0.0,0.25,0.11,,1978.268,4846.0,0.0,22.0,67685.0,0.0,0.0,5267617.0
2020-07-15,6958604.0,6203965.0,0.001,1655320.0,2718.529,,0.13,0.25,0.0,0.1,0.0,0.25,0.12,,1978.268,5058.0,0.0,24.0,67989.0,0.0,0.0,5303283.0
2020-07-16,6958604.0,6203965.0,0.001,1655320.0,2718.529,,0.12,0.25,0.0,0.1,0.0,0.25,0.12,,1978.268,5058.0,0.0,24.0,67989.0,0.0,0.0,5303283.0
2020-07-17,6958604.0,6203965.0,0.0,1655320.0,2718.529,,0.12,0.25,0.0,0.09,0.0,0.25,0.11,,1978.268,5058.0,0.0,24.0,67989.0,0.0,0.0,5303284.0
2020-07-18,6958604.0,6203965.0,0.0,1655320.0,2718.529,,0.12,0.25,0.0,0.09,0.0,0.25,0.11,,1978.268,5058.0,0.0,24.0,67989.0,0.0,0.0,5303284.0
2020-07-19,6958604.0,6203965.0,0.0,1655320.0,2718.529,,0.12,0.25,0.0,0.09,0.0,0.25,0.11,,1978.268,5058.0,0.0,24.0,67989.0,0.0,0.0,5303284.0
2020-07-20,6958604.0,6203965.0,0.003,1655320.0,2718.529,,0.12,0.25,0.0,0.1,0.0,0.25,0.11,,1978.268,5058.0,0.0,24.0,67989.0,0.0,0.0,5303281.0
2020-07-21,6958604.0,6203965.0,0.0,1655320.0,2718.529,,0.11,0.25,0.0,0.1,0.0,0.25,0.09,,1978.268,5058.0,0.0,24.0,67989.0,0.0,0.0,5303284.0
2020-07-22,6964755.0,6238825.0,0.0,1804944.0,2718.529,,0.1,0.25,0.0,0.09,0.0,0.25,0.09,,1978.268,4578.0,0.0,31.0,68503.0,0.0,0.0,5159811.0
2020-07-23,6964755.0,6238825.0,0.0,1804944.0,2718.529,,0.1,0.25,0.0,0.09,0.0,0.25,0.09,,1978.268,4578.0,0.0,31.0,68503.0,0.0,0.0,5159811.0
2020-07-24,6964755.0,6238825.0,0.0,1804944.0,2718.529,,0.1,0.25,0.0,0.09,0.0,0.25,0.1,,1978.268,4578.0,0.0,31.0,68503.0,0.0,0.0,5159811.0
2020-07-25,6964755.0,6238825.0,0.0,1804944.0,2718.529,,0.1,0.25,0.0,0.09,0.0,0.25,0.1,,1978.268,4578.0,0.0,31.0,68503.0,0.0,0.0,5159811.0
2020-07-26,6964755.0,6238825.0,0.0,1804944.0,2718.529,,0.1,0.25,0.0,0.09,0.0,0.25,0.1,,1978.268,4578.0,0.0,31.0,68503.0,0.0,0.0,5159811.0
2020-07-27,6964755.0,6238825.0,0.0,1804944.0,2718.529,,0.1,0.25,0.0,0.1,0.0,0.25,0.1,,1978.268,4578.0,0.0,31.0,68503.0,0.0,0.0,5159811.0
2020-07-28,6964755.0,6238825.0,0.0,1804944.0,2718.529,,0.1,0.25,0.0,0.1,0.0,0.25,0.09,,1978.268,4578.0,0.0,31.0,68503.0,0.0,0.0,5159811.0
2020-07-29,6949032.0,6229291.0,0.001,1816687.0,2718.529,,0.09,0.25,0.0,0.1,0.0,0.25,0.09,,1978.268,3611.0,0.0,35.0,70816.0,0.0,0.0,5132344.0
2020-07-30,6949032.0,6229291.0,0.307,1816687.0,2718.529,,0.1,0.25,0.0,0.1,0.0,0.25,0.1,,1978.268,3611.0,0.0,35.0,70816.0,0.0,0.0,5132038.0
2020-07-31,6949032.0,6229291.0,0.15,1816687.0,2718.529,,0.1,0.25,0.0,0.1,0.0,0.25,0.09,,1978.268,3611.0,0.0,35.0,70816.0,0.0,0.0,5132195.0
2020-08-01,6949032.0,6229291.0,0.15,1816687.0,2799.719,,0.1,0.25,0.0,0.1,0.0,0.25,0.09,,2004.524,3611.0,0.0,35.0,70816.0,0.0,0.0,5132195.0
2020-08-02,6949032.0,6229291.0,0.15,1816687.0,2799.719,,0.1,0.25,0.0,0.1,0.0,0.25,0.09,,2004.524,3611.0,0.0,35.0,70816.0,0.0,0.0,5132195.0
2020-08-03,6949032.0,6229291.0,0.0,1816687.0,2799.719,,0.1,0.25,0.0,0.1,0.0,0.25,0.09,,2004.524,3611.0,0.0,35.0,70816.0,0.0,0.0,5132345.0
2020-08-04,6949032.0,6229291.0,0.005,1816687.0,2799.719,,0.09,0.25,0.0,0.1,0.0,0.25,0.09,,2004.524,3611.0,0.0,35.0,70816.0,0.0,0.0,5132340.0
2020-08-05,6945237.0,6241464.0,0.0,1745228.0,2799.719,,0.09,0.25,0.0,0.1,0.0,0.25,0.08,,2004.524,2809.0,0.0,32.0,67820.0,0.0,0.0,5200009.0
2020-08-06,6945237.0,6241464.0,0.0,1745228.0,2799.719,,0.09,0.25,0.0,0.1,0.0,0.25,0.07,,2004.524,2809.0,0.0,32.0,67820.0,0.0,0.0,5200009.0
2020-08-07,6945237.0,6241464.0,0.0,1745228.0,2799.719,,0.09,0.25,0.0,0.1,0.0,0.25,0.08,,2004.524,2809.0,0.0,32.0,67820.0,0.0,0.0,5200009.0
2020-08-08,6945237.0,6241464.0,0.0,1745228.0,2799.719,,0.09,0.25,0.0,0.1,0.0,0.25,0.08,,2004.524,2809.0,0.0,32.0,67820.0,0.0,0.0,5200009.0
2020-08-09,6945237.0,6241464.0,0.0,1745228.0,2799.719,,0.09,0.25,0.0,0.1,0.0,0.25,0.08,,2004.524,2809.0,0.0,32.0,67820.0,0.0,0.0,5200009.0
2020-08-10,6945237.0,6241464.0,0.008,1745228.0,2799.719,,0.09,0.25,0.0,0.1,0.0,0.25,0.09,,2004.524,2809.0,0.0,32.0,67820.0,0.0,0.0,5200001.0
2020-08-11,6945237.0,6241464.0,0.0,1745228.0,2799.719,,0.1,0.25,0.0,0.1,0.0,0.25,0.08,,2004.524,2809.0,0.0,32.0,67820.0,0.0,0.0,5200009.0
2020-08-12,6957277.0,6255988.0,0.103,1669733.0,2799.719,,0.09,0.25,0.0,0.1,0.0,0.25,0.08,,2004.524,2690.0,0.0,40.0,68177.0,0.0,0.0,5287441.0
2020-08-13,6957277.0,6255988.0,0.126,1669733.0,2799.719,,0.09,0.25,0.0,0.1,0.0,0.25,0.08,,2004.524,2690.0,0.0,40.0,68177.0,0.0,0.0,5287418.0
2020-08-14,6957277.0,6255988.0,0.001,1669733.0,2799.719,,0.09,0.25,0.0,0.1,0.0,0.25,0.09,,2004.524,2690.0,0.0,40.0,68177.0,0.0,0.0,5287543.0
2020-08-15,6957277.0,6255988.0,0.001,1669733.0,2799.719,,0.09,0.25,0.0,0.1,0.0,0.25,0.09,,2004.524,2690.0,0.0,40.0,68177.0,0.0,0.0,5287543.0
2020-08-16,6957277.0,6255988.0,0.001,1669733.0,2799.719,,0.09,0.25,0.0,0.1,0.0,0.25,0.09,,2004.524,2690.0,0.0,40.0,68177.0,0.0,0.0,5287543.0
2020-08-17,6957277.0,6255988.0,0.054,1669733.0,2799.719,,0.1,0.25,0.0,0.1,0.0,0.25,0.09,,2004.524,2690.0,0.0,40.0,68177.0,0.0,0.0,5287490.0
2020-08-18,6957277.0,6255988.0,0.002,1669733.0,2799.719,,0.09,0.25,0.0,0.09,0.0,0.25,0.08,,2004.524,2690.0,0.0,40.0,68177.0,0.0,0.0,5287542.0
2020-08-19,7010637.0,6325788.0,0.112,1643505.0,2799.719,,0.09,0.25,0.0,0.09,0.0,0.25,0.07,,2004.524,2818.0,0.0,39.0,67800.0,0.0,0.0,5367020.0
2020-08-20,7010637.0,6325788.0,0.15,1643505.0,2799.719,,0.07,0.25,0.0,0.09,0.0,0.25,0.08,,2004.524,2818.0,0.0,39.0,67800.0,0.0,0.0,5366982.0
2020-08-21,7010637.0,6325788.0,0.0,1643505.0,2799.719,,0.07,0.25,0.0,0.09,0.0,0.25,0.07,,2004.524,2818.0,0.0,39.0,67800.0,0.0,0.0,5367132.0
2020-08-22,7010637.0,6325788.0,0.0,1643505.0,2799.719,,0.07,0.25,0.0,0.09,0.0,0.25,0.07,,2004.524,2818.0,0.0,39.0,67800.0,0.0,0.0,5367132.0
2020-08-23,7010637.0,6325788.0,0.0,1643505.0,2799.719,,0.07,0.25,0.0,0.09,0.0,0.25,0.07,,2004.524,2818.0,0.0,39.0,67800.0,0.0,0.0,5367132.0
2020-08-24,7010637.0,6325788.0,0.0,1643505.0,2799.719,,0.08,0.25,0.0,0.09,0.0,0.25,0.09,,2004.524,2818.0,0.0,39.0,67800.0,0.0,0.0,5367132.0
2020-08-25,7010637.0,6325788.0,0.012,1643505.0,2799.719,,0.08,0.25,0.0,0.09,0.0,0.25,0.08,,2004.524,2818.0,0.0,39.0,67800.0,0.0,0.0,5367120.0
2020-08-26,6990418.0,6310134.0,0.009,1622690.0,2799.719,,0.07,0.25,0.0,0.09,0.0,0.25,0.08,,2004.524,2704.0,0.0,38.0,68158.0,0.0,0.0,5367719.0
2020-08-27,6990418.0,6310134.0,0.002,1622690.0,2799.719,,0.07,0.25,0.0,0.08,0.0,0.25,0.09,,2004.524,2704.0,0.0,38.0,68158.0,0.0,0.0,5367726.0
2020-08-28,6990418.0,6310134.0,0.0,1622690.0,2799.719,,0.07,0.25,0.0,0.09,0.0,0.25,0.09,,2004.524,2704.0,0.0,38.0,68158.0,0.0,0.0,5367728.0
2020-08-29,6990418.0,6310134.0,0.0,1622690.0,2799.719,,0.07,0.25,0.0,0.09,0.0,0.25,0.09,,2004.524,2704.0,0.0,38.0,68158.0,0.0,0.0,5367728.0
2020-08-30,6990418.0,6310134.0,0.0,1622690.0,2799.719,,0.07,0.25,0.0,0.09,0.0,0.25,0.09,,2004.524,2704.0,0.0,38.0,68158.0,0.0,0.0,5367728.0
2020-08-31,6990418.0,6310134.0,0.011,1622690.0,2799.719,,0.09,0.25,0.0,0.09,0.0,0.25,0.08,,2004.524,2704.0,0.0,38.0,68158.0,0.0,0.0,5367717.0
2020-09-01,6990418.0,6310134.0,0.008,1622690.0,2799.719,,0.09,0.25,0.0,0.09,0.0,0.25,0.09,,2026.246,2704.0,0.0,38.0,68158.0,0.0,0.0,5367720.0
2020-09-02,7017492.0,6338219.0,0.014,1639159.0,2799.719,,0.09,0.25,0.0,0.09,0.0,0.25,0.1,,2026.246,2956.0,0.0,32.0,68090.0,0.0,0.0,5378319.0
2020-09-03,7017492.0,6338219.0,0.0,1639159.0,2799.719,,0.1,0.25,0.0,0.09,0.0,0.25,0.1,,2026.246,2956.0,0.0,32.0,68090.0,0.0,0.0,5378333.0
2020-09-04,7017492.0,6338219.0,0.0,1639159.0,2799.719,,0.09,0.25,0.0,0.09,0.0,0.25,0.09,,2026.246,2956.0,0.0,32.0,68090.0,0.0,0.0,5378333.0
2020-09-05,7017492.0,6338219.0,0.0,1639159.0,2799.719,,0.09,0.25,0.0,0.09,0.0,0.25,0.09,,2026.246,2956.0,0.0,32.0,68090.0,0.0,0.0,5378333.0
2020-09-06,7017492.0,6338219.0,0.0,1639159.0,2799.719,,0.09,0.25,0.0,0.09,0.0,0.25,0.09,,2026.246,2956.0,0.0,32.0,68090.0,0.0,0.0,5378333.0
2020-09-07,7017492.0,6338219.0,0.0,1639159.0,2799.719,,0.09,0.25,0.0,0.09,0.0,0.25,0.09,,2026.246,2956.0,0.0,32.0,68090.0,0.0,0.0,5378333.0
2020-09-08,7017492.0,6338219.0,0.0,1639159.0,2799.719,,0.09,0.25,0.0,0.09,0.0,0.25,0.1,,2026.246,2956.0,0.0,32.0,68090.0,0.0,0.0,5378333.0
2020-09-09,7010614.0,6345567.0,0.001,1611083.0,2799.719,,0.09,0.25,0.0,0.09,0.0,0.25,0.1,,2026.246,2710.0,0.0,31.0,67489.0,0.0,0.0,5399530.0
2020-09-10,7010614.0,6345567.0,0.01,1611083.0,2799.719,,0.09,0.25,0.0,0.09,0.0,0.25,0.1,,2026.246,2710.0,0.0,31.0,67489.0,0.0,0.0,5399521.0
2020-09-11,7010614.0,6345567.0,0.0,1611083.0,2799.719,,0.09,0.25,0.0,0.09,0.0,0.25,0.1,,2026.246,2710.0,0.0,31.0,67489.0,0.0,0.0,5399531.0
2020-09-12,7010614.0,6345567.0,0.0,1611083.0,2799.719,,0.09,0.25,0.0,0.09,0.0,0.25,0.1,,2026.246,2710.0,0.0,31.0,67489.0,0.0,0.0,5399531.0
2020-09-13,7010614.0,6345567.0,0.0,1611083.0,2799.719,,0.09,0.25,0.0,0.09,0.0,0.25,0.1,,2026.246,2710.0,0.0,31.0,67489.0,0.0,0.0,5399531.0
2020-09-14,7010614.0,6345567.0,0.001,1611083.0,2799.719,,0.09,0.25,0.0,0.09,0.0,0.25,0.1,,2026.246,2710.0,0.0,31.0,67489.0,0.0,0.0,5399530.0
2020-09-15,7010614.0,6345567.0,0.002,1611083.0,2799.719,,0.1,0.25,0.0,0.09,0.0,0.25,0.09,,2026.246,2710.0,0.0,31.0,67489.0,0.0,0.0,5399529.0
2020-09-16,7064475.0,6414387.0,0.055,1614855.0,2799.719,,0.1,0.25,0.0,0.09,0.0,0.25,0.08,,2026.246,3036.0,0.0,33.0,67181.0,0.0,0.0,5449565.0
2020-09-17,7064475.0,6414387.0,0.001,1614855.0,2799.719,,0.1,0.25,0.0,0.09,0.0,0.25,0.09,,2026.246,3036.0,0.0,33.0,67181.0,0.0,0.0,5449619.0
2020-09-18,7064475.0,6414387.0,0.0,1614855.0,2799.719,,0.09,0.25,0.0,0.09,0.0,0.25,0.09,,2026.246,3036.0,0.0,33.0,67181.0,0.0,0.0,5449620.0
2020-09-19,7064475.0,6414387.0,0.0,1614855.0,2799.719,,0.09,0.25,0.0,0.09,0.0,0.25,0.09,,2026.246,3036.0,0.0,33.0,67181.0,0.0,0.0,5449620.0
2020-09-20,7064475.0,6414387.0,0.0,1614855.0,2799.719,,0.09,0.25,0.0,0.09,0.0,0.25,0.09,,2026.246,3036.0,0.0,33.0,67181.0,0.0,0.0,5449620.0
2020-09-21,7064475.0,6414387.0,0.054,1614855.0,2799.719,,0.08,0.25,0.0,0.09,0.0,0.25,0.09,,2026.246,3036.0,0.0,33.0,67181.0,0.0,0.0,5449566.0
2020-09-22,7064475.0,6414387.0,0.0,1614855.0,2799.719,,0.07,0.25,0.0,0.09,0.0,0.25,0.08,,2026.246,3036.0,0.0,33.0,67181.0,0.0,0.0,5449620.0
2020-09-23,7093161.0,6458738.0,0.001,1680688.0,2799.719,,0.06,0.25,0.0,0.09,0.0,0.25,0.08,,2026.246,3359.0,0.0,41.0,67254.0,0.0,0.0,5412472.0
2020-09-24,7093161.0,6458738.0,0.004,1680688.0,2799.719,,0.07,0.25,0.0,0.09,0.0,0.25,0.08,,2026.246,3359.0,0.0,41.0,67254.0,0.0,0.0,5412469.0
2020-09-25,7093161.0,6458738.0,0.0,1680688.0,2799.719,,0.08,0.25,0.0,0.09,0.0,0.25,0.08,,2026.246,3359.0,0.0,41.0,67254.0,0.0,0.0,5412473.0
2020-09-26,7093161.0,6458738.0,0.0,1680688.0,2799.719,,0.08,0.25,0.0,0.09,0.0,0.25,0.08,,2026.246,3359.0,0.0,41.0,67254.0,0.0,0.0,5412473.0
2020-09-27,7093161.0,6458738.0,0.0,1680688.0,2799.719,,0.08,0.25,0.0,0.09,0.0,0.25,0.08,,2026.246,3359.0,0.0,41.0,67254.0,0.0,0.0,5412473.0
2020-09-28,7093161.0,6458738.0,0.0,1680688.0,2799.719,,0.08,0.25,0.0,0.09,0.0,0.25,0.09,,2026.246,3359.0,0.0,41.0,67254.0,0.0,0.0,5412473.0
2020-09-29,7093161.0,6458738.0,1.301,1680688.0,2799.719,,0.07,0.25,0.0,0.09,0.0,0.25,0.07,,2026.246,3359.0,0.0,41.0,67254.0,0.0,0.0,5411172.0
2020-09-30,7056129.0,6430599.0,0.85,1679152.0,2799.719,,0.08,0.25,0.0,0.09,0.0,0.25,0.08,,2026.246,3437.0,0.0,42.0,67573.0,0.0,0.0,5376127.0
2020-10-01,7056129.0,6430599.0,0.001,1679152.0,2799.719,,0.08,0.25,0.0,0.09,0.0,0.25,0.09,,2040.201,3437.0,0.0,42.0,67573.0,0.0,0.0,5376976.0
2020-10-02,7056129.0,6430599.0,0.0,1679152.0,2799.719,,0.1,0.25,0.0,0.09,0.0,0.25,0.1,,2040.201,3437.0,0.0,42.0,67573.0,0.0,0.0,5376977.0
2020-10-03,7056129.0,6430599.0,0.0,1679152.0,2799.719,,0.1,0.25,0.0,0.09,0.0,0.25,0.1,,2040.201,3437.0,0.0,42.0,67573.0,0.0,0.0,5376977.0
2020-10-04,7056129.0,6430599.0,0.0,1679152.0,2799.719,,0.1,0.25,0.0,0.09,0.0,0.25,0.1,,2040.201,3437.0,0.0,42.0,67573.0,0.0,0.0,5376977.0
2020-10-05,7056129.0,6430599.0,0.0,1679152.0,2799.719,,0.09,0.25,0.0,0.09,0.0,0.25,0.09,,2040.201,3437.0,0.0,42.0,67573.0,0.0,0.0,5376977.0
2020-10-06,7056129.0,6430599.0,0.0,1679152.0,2799.719,,0.1,0.25,0.0,0.09,0.0,0.25,0.08,,2040.201,3437.0,0.0,42.0,67573.0,0.0,0.0,5376977.0
2020-10-07,7074649.0,6454984.0,0.011,1697074.0,2799.719,,0.09,0.25,0.0,0.09,0.0,0.25,0.08,,2040.201,2939.0,0.0,33.0,66426.0,0.0,0.0,5377564.0
2020-10-08,7074649.0,6454984.0,0.212,1697074.0,2799.719,,0.08,0.25,0.0,0.09,0.0,0.25,0.09,,2040.201,2939.0,0.0,33.0,66426.0,0.0,0.0,5377363.0
2020-10-09,7074649.0,6454984.0,0.0,1697074.0,2799.719,,0.09,0.25,0.0,0.09,0.0,0.25,0.1,,2040.201,2939.0,0.0,33.0,66426.0,0.0,0.0,5377575.0
2020-10-10,7074649.0,6454984.0,0.0,1697074.0,2799.719,,0.09,0.25,0.0,0.09,0.0,0.25,0.1,,2040.201,2939.0,0.0,33.0,66426.0,0.0,0.0,5377575.0
2020-10-11,7074649.0,6454984.0,0.0,1697074.0,2799.719,,0.09,0.25,0.0,0.09,0.0,0.25,0.1,,2040.201,2939.0,0.0,33.0,66426.0,0.0,0.0,5377575.0
2020-10-12,7074649.0,6454984.0,0.0,1697074.0,2799.719,,0.09,0.25,0.0,0.09,0.0,0.25,0.1,,2040.201,2939.0,0.0,33.0,66426.0,0.0,0.0,5377575.0
2020-10-13,7074649.0,6454984.0,0.0,1697074.0,2799.719,,0.09,0.25,0.0,0.09,0.0,0.25,0.09,,2040.201,2939.0,0.0,33.0,66426.0,0.0,0.0,5377575.0
2020-10-14,7151426.0,6534164.0,0.0,1680998.0,2799.719,,0.09,0.25,0.0,0.09,0.0,0.25,0.1,,2040.201,2769.0,0.0,12.0,65577.0,0.0,0.0,5470428.0
2020-10-15,7151426.0,6534164.0,0.001,1680998.0,2799.719,,0.1,0.25,0.0,0.09,0.0,0.25,0.1,,2040.201,2769.0,0.0,12.0,65577.0,0.0,0.0,5470427.0
2020-10-16,7151426.0,6534164.0,0.002,1680998.0,2799.719,,0.09,0.25,0.0,0.09,0.0,0.25,0.09,,2040.201,2769.0,0.0,12.0,65577.0,0.0,0.0,5470426.0
2020-10-17,7151426.0,6534164.0,0.002,1680998.0,2799.719,,0.09,0.25,0.0,0.09,0.0,0.25,0.09,,2040.201,2769.0,0.0,12.0,65577.0,0.0,0.0,5470426.0
2020-10-18,7151426.0,6534164.0,0.002,1680998.0,2799.719,,0.09,0.25,0.0,0.09,0.0,0.25,0.09,,2040.201,2769.0,0.0,12.0,65577.0,0.0,0.0,5470426.0
2020-10-19,7151426.0,6534164.0,0.004,1680998.0,2799.719,,0.09,0.25,0.0,0.09,0.0,0.25,0.09,,2040.201,2769.0,0.0,12.0,65577.0,0.0,0.0,5470424.0
2020-10-20,7151426.0,6534164.0,0.007,1680998.0,2799.719,,0.08,0.25,0.0,0.09,0.0,0.25,0.08,,2040.201,2769.0,0.0,12.0,65577.0,0.0,0.0,5470421.0
2020-10-21,7177265.0,6559360.0,0.0,1724792.0,2799.719,,0.07,0.25,0.0,0.09,0.0,0.25,0.08,,2040.201,3146.0,0.0,7.0,64126.0,0.0,0.0,5452473.0
2020-10-22,7177265.0,6559360.0,0.001,1724792.0,2799.719,,0.07,0.25,0.0,0.09,0.0,0.25,0.09,,2040.201,3146.0,0.0,7.0,64126.0,0.0,0.0,5452472.0
2020-10-23,7177265.0,6559360.0,0.0,1724792.0,2799.719,,0.08,0.25,0.0,0.09,0.0,0.25,0.08,,2040.201,3146.0,0.0,7.0,64126.0,0.0,0.0,5452473.0
2020-10-24,7177265.0,6559360.0,0.0,1724792.0,2799.719,,0.08,0.25,0.0,0.09,0.0,0.25,0.08,,2040.201,3146.0,0.0,7.0,64126.0,0.0,0.0,5452473.0
2020-10-25,7177265.0,6559360.0,0.0,1724792.0,2799.719,,0.08,0.25,0.0,0.09,0.0,0.25,0.08,,2040.201,3146.0,0.0,7.0,64126.0,0.0,0.0,5452473.0
2020-10-26,7177265.0,6559360.0,0.001,1724792.0,2799.719,,0.09,0.25,0.0,0.09,0.0,0.25,0.08,,2040.201,3146.0,0.0,7.0,64126.0,0.0,0.0,5452472.0
2020-10-27,7177265.0,6559360.0,0.0,1724792.0,2799.719,,0.09,0.25,0.0,0.09,0.0,0.25,0.08,,2040.201,3146.0,0.0,7.0,64126.0,0.0,0.0,5452473.0
2020-10-28,7146306.0,6529839.0,0.005,1680933.0,2799.719,,0.08,0.25,0.0,0.09,0.0,0.25,0.07,,2040.201,2790.0,0.0,1.0,63899.0,0.0,0.0,5465368.0
2020-10-29,7146306.0,6529839.0,0.014,1680933.0,2799.719,,0.09,0.25,0.0,0.09,0.0,0.25,0.08,,2040.201,2790.0,0.0,1.0,63899.0,0.0,0.0,5465359.0
2020-10-30,7146306.0,6529839.0,0.001,1680933.0,2799.719,,0.09,0.25,0.0,0.09,0.0,0.25,0.08,,2040.201,2790.0,0.0,1.0,63899.0,0.0,0.0,5465372.0
2020-10-31,7146306.0,6529839.0,0.001,1680933.0,2799.719,,0.09,0.25,0.0,0.09,0.0,0.25,0.08,,2040.201,2790.0,0.0,1.0,63899.0,0.0,0.0,5465372.0
2020-11-01,7146306.0,6529839.0,0.001,1680933.0,2799.719,,0.09,0.25,0.0,0.09,0.0,0.25,0.08,,2055.633,2790.0,0.0,1.0,63899.0,0.0,0.0,5465372.0
2020-11-02,7146306.0,6529839.0,0.0,1680933.0,2799.719,,0.11,0.25,0.0,0.09,0.0,0.25,0.09,,2055.633,2790.0,0.0,1.0,63899.0,0.0,0.0,5465373.0
2020-11-03,7146306.0,6529839.0,0.0,1680933.0,2799.719,,0.1,0.25,0.0,0.09,0.0,0.25,0.09,,2055.633,2790.0,0.0,1.0,63899.0,0.0,0.0,5465373.0
2020-11-04,7157479.0,6540758.0,0.0,1621346.0,2799.719,,0.1,0.25,0.0,0.09,0.0,0.25,0.08,,2055.633,2372.0,0.0,0.0,61522.0,0.0,0.0,5536133.0
2020-11-05,7157479.0,6540758.0,0.0,1621346.0,2799.719,,0.11,0.25,0.0,0.09,0.0,0.25,0.09,,2055.633,2372.0,0.0,0.0,61522.0,0.0,0.0,5536133.0
2020-11-06,7157479.0,6540758.0,0.0,1621346.0,2799.719,,0.1,0.25,0.0,0.09,0.0,0.25,0.1,,2055.633,2372.0,0.0,0.0,61522.0,0.0,0.0,5536133.0
2020-11-07,7157479.0,6540758.0,0.0,1621346.0,2799.719,,0.1,0.25,0.0,0.09,0.0,0.25,0.1,,2055.633,2372.0,0.0,0.0,61522.0,0.0,0.0,5536133.0
2020-11-08,7157479.0,6540758.0,0.0,1621346.0,2799.719,,0.1,0.25,0.0,0.09,0.0,0.25,0.1,,2055.633,2372.0,0.0,0.0,61522.0,0.0,0.0,5536133.0
2020-11-09,7157479.0,6540758.0,0.0,1621346.0,2799.719,,0.1,0.25,0.0,0.09,0.0,0.25,0.1,,2055.633,2372.0,0.0,0.0,61522.0,0.0,0.0,5536133.0
2020-11-10,7157479.0,6540758.0,0.0,1621346.0,2799.719,,0.1,0.25,0.0,0.09,0.0,0.25,0.09,,2055.633,2372.0,0.0,0.0,61522.0,0.0,0.0,5536133.0
2020-11-11,7175417.0,6555446.0,0.0,1600837.0,2799.719,,0.1,0.25,0.0,0.09,0.0,0.25,0.09,,2055.633,2317.0,0.0,0.0,60102.0,0.0,0.0,5574580.0
2020-11-12,7175417.0,6555446.0,0.0,1600837.0,2799.719,,0.09,0.25,0.0,0.09,0.0,0.25,0.1,,2055.633,2317.0,0.0,0.0,60102.0,0.0,0.0,5574580.0
2020-11-13,7175417.0,6555446.0,0.003,1600837.0,2799.719,,0.09,0.25,0.0,0.09,0.0,0.25,0.1,,2055.633,2317.0,0.0,0.0,60102.0,0.0,0.0,5574577.0
2020-11-14,7175417.0,6555446.0,0.003,1600837.0,2799.719,,0.09,0.25,0.0,0.09,0.0,0.25,0.1,,2055.633,2317.0,0.0,0.0,60102.0,0.0,0.0,5574577.0
2020-11-15,7175417.0,6555446.0,0.003,1600837.0,2799.719,,0.09,0.25,0.0,0.09,0.0,0.25,0.1,,2055.633,2317.0,0.0,0.0,60102.0,0.0,0.0,5574577.0
2020-11-16,7175417.0,6555446.0,0.013,1600837.0,2799.719,,0.1,0.25,0.0,0.09,0.0,0.25,0.09,,2055.633,2317.0,0.0,0.0,60102.0,0.0,0.0,5574567.0
2020-11-17,7175417.0,6555446.0,0.0,1600837.0,2799.719,,0.09,0.25,0.0,0.09,0.0,0.25,0.08,,2055.633,2317.0,0.0,0.0,60102.0,0.0,0.0,5574580.0
2020-11-18,7243080.0,6637946.0,0.103,1556892.0,2799.719,,0.07,0.25,0.0,0.09,0.0,0.25,0.07,,2055.633,2167.0,0.0,0.0,57523.0,0.0,0.0,5686085.0
2020-11-19,7243080.0,6637946.0,2.0,1556892.0,2799.719,,0.06,0.25,0.0,0.08,0.0,0.25,0.08,,2055.633,2167.0,0.0,0.0,57523.0,0.0,0.0,5684188.0
2020-11-20,7243080.0,6637946.0,0.0,1556892.0,2799.719,,0.05,0.25,0.0,0.08,0.0,0.25,0.09,,2055.633,2167.0,0.0,0.0,57523.0,0.0,0.0,5686188.0
2020-11-21,7243080.0,6637946.0,0.0,1556892.0,2799.719,,0.05,0.25,0.0,0.08,0.0,0.25,0.09,,2055.633,2167.0,0.0,0.0,57523.0,0.0,0.0,5686188.0
2020-11-22,7243080.0,6637946.0,0.0,1556892.0,2799.719,,0.05,0.25,0.0,0.08,0.0,0.25,0.09,,2055.633,2167.0,0.0,0.0,57523.0,0.0,0.0,5686188.0
2020-11-23,7243080.0,6637946.0,0.485,1556892.0,2799.719,,0.05,0.25,0.0,0.08,0.0,0.25,0.08,,2055.633,2167.0,0.0,0.0,57523.0,0.0,0.0,5685703.0
2020-11-24,7243080.0,6637946.0,0.001,1556892.0,2799.719,,0.07,0.25,0.0,0.08,0.0,0.25,0.08,,2055.633,2167.0,0.0,0.0,57523.0,0.0,0.0,5686187.0
2020-11-25,7216480.0,6612518.0,0.0,1517215.0,2799.719,,0.08,0.25,0.0,0.08,0.0,0.25,0.07,,2055.633,2428.0,0.0,0.0,56003.0,0.0,0.0,5699265.0
2020-11-26,7216480.0,6612518.0,0.0,1517215.0,2799.719,,0.08,0.25,0.0,0.08,0.0,0.25,0.07,,2055.633,2428.0,0.0,0.0,56003.0,0.0,0.0,5699265.0
2020-11-27,7216480.0,6612518.0,0.0,1517215.0,2799.719,,0.08,0.25,0.0,0.08,0.0,0.25,0.09,,2055.633,2428.0,0.0,0.0,56003.0,0.0,0.0,5699265.0
2020-11-28,7216480.0,6612518.0,0.0,1517215.0,2799.719,,0.08,0.25,0.0,0.08,0.0,0.25,0.09,,2055.633,2428.0,0.0,0.0,56003.0,0.0,0.0,5699265.0
2020-11-29,7216480.0,6612518.0,0.0,1517215.0,2799.719,,0.08,0.25,0.0,0.08,0.0,0.25,0.09,,2055.633,2428.0,0.0,0.0,56003.0,0.0,0.0,5699265.0
2020-11-30,7216480.0,6612518.0,0.006,1517215.0,2799.719,,0.09,0.25,0.0,0.09,0.0,0.25,0.08,,2055.633,2428.0,0.0,0.0,56003.0,0.0,0.0,5699259.0
2020-12-01,7216480.0,6612518.0,0.002,1517215.0,2799.719,,0.08,0.25,0.0,0.09,0.0,0.25,0.07,,2070.526,2428.0,0.0,0.0,56003.0,0.0,0.0,5699263.0
2020-12-02,7222414.0,6620378.0,0.001,1531053.0,2799.719,,0.08,0.25,0.0,0.09,0.0,0.25,0.07,,2070.526,1992.0,0.0,0.0,54879.0,0.0,0.0,5691360.0
2020-12-03,7222414.0,6620378.0,0.0,1531053.0,2799.719,,0.08,0.25,0.0,0.09,0.0,0.25,0.08,,2070.526,1992.0,0.0,0.0,54879.0,0.0,0.0,5691361.0
2020-12-04,7222414.0,6620378.0,0.0,1531053.0,2799.719,,0.09,0.25,0.0,0.09,0.0,0.25,0.07,,2070.526,1992.0,0.0,0.0,54879.0,0.0,0.0,5691361.0
2020-12-05,7222414.0,6620378.0,0.0,1531053.0,2799.719,,0.09,0.25,0.0,0.09,0.0,0.25,0.07,,2070.526,1992.0,0.0,0.0,54879.0,0.0,0.0,5691361.0
2020-12-06,7222414.0,6620378.0,0.0,1531053.0,2799.719,,0.09,0.25,0.0,0.09,0.0,0.25,0.07,,2070.526,1992.0,0.0,0.0,54879.0,0.0,0.0,5691361.0
2020-12-07,7222414.0,6620378.0,0.001,1531053.0,2799.719,,0.08,0.25,0.0,0.09,0.0,0.25,0.09,,2070.526,1992.0,0.0,0.0,54879.0,0.0,0.0,5691360.0
2020-12-08,7222414.0,6620378.0,0.001,1531053.0,2799.719,,0.07,0.25,0.0,0.09,0.0,0.25,0.08,,2070.526,1992.0,0.0,0.0,54879.0,0.0,0.0,5691360.0
2020-12-09,7242658.0,6636541.0,0.003,1534243.0,2799.719,,0.08,0.25,0.0,0.09,0.0,0.25,0.07,,2070.526,1952.0,0.0,0.0,52776.0,0.0,0.0,5708412.0
2020-12-10,7242658.0,6636541.0,0.001,1534243.0,2799.719,,0.08,0.25,0.0,0.09,0.0,0.25,0.07,,2070.526,1952.0,0.0,0.0,52776.0,0.0,0.0,5708414.0
2020-12-11,7242658.0,6636541.0,0.0,1534243.0,2799.719,,0.08,0.25,0.0,0.09,0.0,0.25,0.08,,2070.526,1952.0,0.0,0.0,52776.0,0.0,0.0,5708415.0
2020-12-12,7242658.0,6636541.0,0.0,1534243.0,2799.719,,0.08,0.25,0.0,0.09,0.0,0.25,0.08,,2070.526,1952.0,0.0,0.0,52776.0,0.0,0.0,5708415.0
2020-12-13,7242658.0,6636541.0,0.0,1534243.0,2799.719,,0.08,0.25,0.0,0.09,0.0,0.25,0.08,,2070.526,1952.0,0.0,0.0,52776.0,0.0,0.0,5708415.0
2020-12-14,7242658.0,6636541.0,0.1,1534243.0,2799.719,,0.08,0.25,0.0,0.09,0.0,0.25,0.07,,2070.526,1952.0,0.0,0.0,52776.0,0.0,0.0,5708315.0
2020-12-15,7242658.0,6636541.0,0.001,1534243.0,2799.719,,0.09,0.25,0.0,0.09,0.0,0.25,0.07,,2070.526,1952.0,0.0,0.0,52776.0,0.0,0.0,5708414.0
2020-12-16,7362592.0,6744281.0,0.026,1529698.0,2799.719,,0.09,0.25,0.0,0.09,0.0,0.25,0.08,,2070.526,1871.0,0.0,0.0,52139.0,0.0,0.0,5832868.0
2020-12-17,7362592.0,6744281.0,0.014,1529698.0,2799.719,,0.09,0.25,0.0,0.09,0.0,0.25,0.08,,2070.526,1871.0,0.0,0.0,52139.0,0.0,0.0,5832880.0
2020-12-18,7362592.0,6744281.0,0.032,1529698.0,2799.719,,0.09,0.25,0.0,0.09,0.0,0.25,0.08,,2070.526,1871.0,0.0,0.0,52139.0,0.0,0.0,5832862.0
2020-12-19,7362592.0,6744281.0,0.032,1529698.0,2799.719,,0.09,0.25,0.0,0.09,0.0,0.25,0.08,,2070.526,1871.0,0.0,0.0,52139.0,0.0,0.0,5832862.0
2020-12-20,7362592.0,6744281.0,0.032,1529698.0,2799.719,,0.09,0.25,0.0,0.09,0.0,0.25,0.08,,2070.526,1871.0,0.0,0.0,52139.0,0.0,0.0,5832862.0
2020-12-21,7362592.0,6744281.0,0.435,1529698.0,2799.719,,0.09,0.25,0.0,0.09,0.0,0.25,0.08,,2070.526,1871.0,0.0,0.0,52139.0,0.0,0.0,5832459.0
2020-12-22,7362592.0,6744281.0,0.406,1529698.0,2799.719,,0.07,0.25,0.0,0.09,0.0,0.25,0.07,,2070.526,1871.0,0.0,0.0,52139.0,0.0,0.0,5832488.0
2020-12-23,7404039.0,6771803.0,0.857,1602407.0,2799.719,,0.06,0.25,0.0,0.09,0.0,0.25,0.07,,2070.526,2134.0,0.0,0.0,50930.0,0.0,0.0,5800775.0
2020-12-24,7404039.0,6771803.0,0.01,1602407.0,2799.719,,0.08,0.25,0.0,0.09,0.0,0.25,0.09,,2070.526,2134.0,0.0,0.0,50930.0,0.0,0.0,5801622.0
2020-12-25,7404039.0,6771803.0,0.01,1602407.0,2799.719,,0.08,0.25,0.0,0.09,0.0,0.25,0.09,,2070.526,2134.0,0.0,0.0,50930.0,0.0,0.0,5801622.0
2020-12-26,7404039.0,6771803.0,0.01,1602407.0,2799.719,,0.08,0.25,0.0,0.09,0.0,0.25,0.09,,2070.526,2134.0,0.0,0.0,50930.0,0.0,0.0,5801622.0
2020-12-27,7404039.0,6771803.0,0.01,1602407.0,2799.719,,0.08,0.25,0.0,0.09,0.0,0.25,0.09,,2070.526,2134.0,0.0,0.0,50930.0,0.0,0.0,5801622.0
2020-12-28,7404039.0,6771803.0,0.901,1602407.0,2799.719,,0.09,0.25,0.0,0.09,0.0,0.25,0.09,,2070.526,2134.0,0.0,0.0,50930.0,0.0,0.0,5800731.0
2020-12-29,7404039.0,6771803.0,0.257,1602407.0,2799.719,,0.1,0.25,0.0,0.09,0.0,0.25,0.08,,2070.526,2134.0,0.0,0.0,50930.0,0.0,0.0,5801375.0
2020-12-30,7363351.0,6730731.0,0.652,1591055.0,2799.719,,0.09,0.25,0.0,0.09,0.0,0.25,0.06,,2070.526,1735.0,0.0,0.0,50860.0,0.0,0.0,5771644.0
2020-12-31,7363351.0,6730731.0,9.651,1591055.0,2799.719,,0.07,0.25,0.0,0.09,0.0,0.25,0.08,,2070.526,1735.0,0.0,0.0,50860.0,0.0,0.0,5762645.0
2021-01-01,7363351.0,6730731.0,9.651,1591055.0,2799.719,,0.07,0.25,0.0,0.09,0.0,0.25,0.08,,2093.534,1735.0,0.0,0.0,50860.0,0.0,0.0,5762645.0
2021-01-02,7363351.0,6730731.0,9.651,1591055.0,2799.719,,0.07,0.25,0.0,0.09,0.0,0.25,0.08,,2093.534,1735.0,0.0,0.0,50860.0,0.0,0.0,5762645.0
2021-01-03,7363351.0,6730731.0,9.651,1591055.0,2799.719,,0.07,0.25,0.0,0.09,0.0,0.25,0.08,,2093.534,1735.0,0.0,0.0,50860.0,0.0,0.0,5762645.0
2021-01-04,7363351.0,6730731.0,0.001,1591055.0,2799.719,,0.1,0.25,0.0,0.09,0.0,0.25,0.09,,2093.534,1735.0,0.0,0.0,50860.0,0.0,0.0,5772295.0
2021-01-05,7363351.0,6730731.0,0.005,1591055.0,2799.719,,0.11,0.25,0.0,0.09,0.0,0.25,0.08,,2093.534,1735.0,0.0,0.0,50860.0,0.0,0.0,5772291.0
2021-01-06,7334809.0,6741237.0,0.004,1669327.0,2799.719,,0.1,0.25,0.0,0.09,0.0,0.25,0.09,,2093.534,1485.0,0.0,0.0,49750.0,0.0,0.0,5665478.0
2021-01-07,7334809.0,6741237.0,0.001,1669327.0,2799.719,,0.1,0.25,0.0,0.09,0.0,0.25,0.09,,2093.534,1485.0,0.0,0.0,49750.0,0.0,0.0,5665481.0
2021-01-08,7334809.0,6741237.0,0.0,1669327.0,2799.719,,0.09,0.25,0.0,0.09,0.0,0.25,0.08,,2093.534,1485.0,0.0,0.0,49750.0,0.0,0.0,5665482.0
2021-01-09,7334809.0,6741237.0,0.0,1669327.0,2799.719,,0.09,0.25,0.0,0.09,0.0,0.25,0.08,,2093.534,1485.0,0.0,0.0,49750.0,0.0,0.0,5665482.0
2021-01-10,7334809.0,6741237.0,0.0,1669327.0,2799.719,,0.09,0.25,0.0,0.09,0.0,0.25,0.08,,2093.534,1485.0,0.0,0.0,49750.0,0.0,0.0,5665482.0
2021-01-11,7334809.0,6741237.0,0.0,1669327.0,2799.719,,0.09,0.25,0.0,0.09,0.0,0.25,0.09,,2093.534,1485.0,0.0,0.0,49750.0,0.0,0.0,5665482.0
2021-01-12,7334809.0,6741237.0,0.0,1669327.0,2799.719,,0.08,0.25,0.0,0.09,0.0,0.25,0.09,,2093.534,1485.0,0.0,0.0,49750.0,0.0,0.0,5665482.0
2021-01-13,7333968.0,6765622.0,0.0,1589421.0,2799.719,,0.08,0.25,0.0,0.09,0.0,0.25,0.09,,2093.534,1514.0,0.0,0.0,48235.0,0.0,0.0,5744547.0
2021-01-14,7333968.0,6765622.0,0.6,1589421.0,2799.719,,0.08,0.25,0.0,0.09,0.0,0.25,0.09,,2093.534,1514.0,0.0,0.0,48235.0,0.0,0.0,5743947.0
2021-01-15,7333968.0,6765622.0,0.0,1589421.0,2799.719,,0.08,0.25,0.0,0.09,0.0,0.25,0.08,,2093.534,1514.0,0.0,0.0,48235.0,0.0,0.0,5744547.0
2021-01-16,7333968.0,6765622.0,0.0,1589421.0,2799.719,,0.08,0.25,0.0,0.09,0.0,0.25,0.08,,2093.534,1514.0,0.0,0.0,48235.0,0.0,0.0,5744547.0
2021-01-17,7333968.0,6765622.0,0.0,1589421.0,2799.719,,0.08,0.25,0.0,0.09,0.0,0.25,0.08,,2093.534,1514.0,0.0,0.0,48235.0,0.0,0.0,5744547.0
2021-01-18,7333968.0,6765622.0,0.0,1589421.0,2799.719,,0.08,0.25,0.0,0.09,0.0,0.25,0.08,,2093.534,1514.0,0.0,0.0,48235.0,0.0,0.0,5744547.0
2021-01-19,7333968.0,6765622.0,0.004,1589421.0,2799.719,,0.07,0.25,0.0,0.09,0.0,0.25,0.07,,2093.534,1514.0,0.0,0.0,48235.0,0.0,0.0,5744543.0
2021-01-20,7414942.0,6845748.0,1.806,1626906.0,2799.719,,0.06,0.25,0.0,0.09,0.0,0.25,0.08,,2093.534,2049.0,0.0,0.0,47408.0,0.0,0.0,5786230.0
2021-01-21,7414942.0,6845748.0,1.201,1626906.0,2799.719,,0.04,0.25,0.0,0.08,0.0,0.25,0.07,,2093.534,2049.0,0.0,0.0,47408.0,0.0,0.0,5786835.0
2021-01-22,7414942.0,6845748.0,0.0,1626906.0,2799.719,,0.05,0.25,0.0,0.08,0.0,0.25,0.07,,2093.534,2049.0,0.0,0.0,47408.0,0.0,0.0,5788036.0
2021-01-23,7414942.0,6845748.0,0.0,1626906.0,2799.719,,0.05,0.25,0.0,0.08,0.0,0.25,0.07,,2093.534,2049.0,0.0,0.0,47408.0,0.0,0.0,5788036.0
2021-01-24,7414942.0,6845748.0,0.0,1626906.0,2799.719,,0.05,0.25,0.0,0.08,0.0,0.25,0.07,,2093.534,2049.0,0.0,0.0,47408.0,0.0,0.0,5788036.0
2021-01-25,7414942.0,6845748.0,2.2,1626906.0,2799.719,,0.06,0.25,0.0,0.08,0.0,0.25,0.07,,2093.534,2049.0,0.0,0.0,47408.0,0.0,0.0,5785836.0
2021-01-26,7414942.0,6845748.0,1.631,1626906.0,2799.719,,0.03,0.25,0.0,0.08,0.0,0.25,0.05,,2093.534,2049.0,0.0,0.0,47408.0,0.0,0.0,5786405.0
2021-01-27,7404926.0,6838223.0,1.152,1633540.0,2799.719,,0.03,0.25,0.0,0.08,0.0,0.25,0.05,,2093.534,1989.0,0.0,0.0,46718.0,0.0,0.0,5770234.0
2021-01-28,7404926.0,6838223.0,2.655,1633540.0,2799.719,,0.04,0.25,0.0,0.07,0.0,0.25,0.05,,2093.534,1989.0,0.0,0.0,46718.0,0.0,0.0,5768731.0
2021-01-29,7404926.0,6838223.0,7.1,1633540.0,2799.719,,0.06,0.25,0.0,0.07,0.0,0.25,0.07,,2093.534,1989.0,0.0,0.0,46718.0,0.0,0.0,5764286.0
2021-01-30,7404926.0,6838223.0,7.1,1633540.0,2799.719,,0.06,0.25,0.0,0.07,0.0,0.25,0.07,,2093.534,1989.0,0.0,0.0,46718.0,0.0,0.0,5764286.0
2021-01-31,7404926.0,6838223.0,7.1,1633540.0,2799.719,,0.06,0.25,0.0,0.07,0.0,0.25,0.07,,2093.534,1989.0,0.0,0.0,46718.0,0.0,0.0,5764286.0
2021-02-01,7404926.0,6838223.0,0.012,1633540.0,2799.719,,0.07,0.25,0.0,0.08,0.0,0.25,0.06,,2100.216,1989.0,0.0,0.0,46718.0,0.0,0.0,5771374.0
2021-02-02,7404926.0,6838223.0,0.011,1633540.0,2799.719,,0.07,0.25,0.0,0.08,0.0,0.25,0.04,,2100.216,1989.0,0.0,0.0,46718.0,0.0,0.0,5771375.0
2021-02-03,7410598.0,6844210.0,0.178,1625325.0,2799.719,,0.07,0.25,0.0,0.08,0.0,0.25,0.03,,2100.216,1675.0,0.0,0.0,46867.0,0.0,0.0,5785095.0
2021-02-04,7410598.0,6844210.0,0.5,1625325.0,2799.719,,0.05,0.25,0.0,0.08,0.0,0.25,0.03,,2100.216,1675.0,0.0,0.0,46867.0,0.0,0.0,5784773.0
2021-02-05,7410598.0,6844210.0,0.01,1625325.0,2799.719,,0.02,0.25,0.0,0.08,0.0,0.25,0.02,,2100.216,1675.0,0.0,0.0,46867.0,0.0,0.0,5785263.0
2021-02-06,7410598.0,6844210.0,0.01,1625325.0,2799.719,,0.02,0.25,0.0,0.08,0.0,0.25,0.02,,2100.216,1675.0,0.0,0.0,46867.0,0.0,0.0,5785263.0
2021-02-07,7410598.0,6844210.0,0.01,1625325.0,2799.719,,0.02,0.25,0.0,0.08,0.0,0.25,0.02,,2100.216,1675.0,0.0,0.0,46867.0,0.0,0.0,5785263.0
2021-02-08,7410598.0,6844210.0,0.002,1625325.0,2799.719,,0.02,0.25,0.0,0.07,0.0,0.25,0.04,,2100.216,1675.0,0.0,0.0,46867.0,0.0,0.0,5785271.0
2021-02-09,7410598.0,6844210.0,0.001,1625325.0,2799.719,,0.05,0.25,0.0,0.08,0.0,0.25,0.04,,2100.216,1675.0,0.0,0.0,46867.0,0.0,0.0,5785272.0
2021-02-10,7442225.0,6871038.0,0.0,1608906.0,2799.719,,0.06,0.25,0.0,0.08,0.0,0.25,0.05,,2100.216,1630.0,0.0,0.0,48509.0,0.0,0.0,5833319.0
2021-02-11,7442225.0,6871038.0,0.108,1608906.0,2799.719,,0.06,0.25,0.0,0.08,0.0,0.25,0.05,,2100.216,1630.0,0.0,0.0,48509.0,0.0,0.0,5833211.0
2021-02-12,7442225.0,6871038.0,0.001,1608906.0,2799.719,,0.05,0.25,0.0,0.08,0.0,0.25,0.03,,2100.216,1630.0,0.0,0.0,48509.0,0.0,0.0,5833318.0
2021-02-13,7442225.0,6871038.0,0.001,1608906.0,2799.719,,0.05,0.25,0.0,0.08,0.0,0.25,0.03,,2100.216,1630.0,0.0,0.0,48509.0,0.0,0.0,5833318.0
2021-02-14,7442225.0,6871038.0,0.001,1608906.0,2799.719,,0.05,0.25,0.0,0.08,0.0,0.25,0.03,,2100.216,1630.0,0.0,0.0,48509.0,0.0,0.0,5833318.0
2021-02-15,7442225.0,6871038.0,0.001,1608906.0,2799.719,,0.05,0.25,0.0,0.08,0.0,0.25,0.03,,2100.216,1630.0,0.0,0.0,48509.0,0.0,0.0,5833318.0
2021-02-16,7442225.0,6871038.0,0.004,1608906.0,2799.719,,0.06,0.25,0.0,0.08,0.0,0.25,0.03,,2100.216,1630.0,0.0,0.0,48509.0,0.0,0.0,5833315.0
2021-02-17,7557402.0,6996966.0,0.05,1567041.0,2799.719,,0.06,0.25,0.0,0.08,0.0,0.25,0.03,,2100.216,1755.0,0.0,0.0,50271.0,0.0,0.0,5990311.0
2021-02-18,7557402.0,6996966.0,0.0,1567041.0,2799.719,,0.03,0.25,0.0,0.07,0.0,0.25,0.03,,2100.216,1755.0,0.0,0.0,50271.0,0.0,0.0,5990361.0
2021-02-19,7557402.0,6996966.0,0.002,1567041.0,2799.719,,0.02,0.25,0.0,0.07,0.0,0.25,0.03,,2100.216,1755.0,0.0,0.0,50271.0,0.0,0.0,5990359.0
2021-02-20,7557402.0,6996966.0,0.002,1567041.0,2799.719,,0.02,0.25,0.0,0.07,0.0,0.25,0.03,,2100.216,1755.0,0.0,0.0,50271.0,0.0,0.0,5990359.0
2021-02-21,7557402.0,6996966.0,0.002,1567041.0,2799.719,,0.02,0.25,0.0,0.07,0.0,0.25,0.03,,2100.216,1755.0,0.0,0.0,50271.0,0.0,0.0,5990359.0
2021-02-22,7557402.0,6996966.0,1.1,1567041.0,2799.719,,0.03,0.25,0.0,0.07,0.0,0.25,0.03,,2100.216,1755.0,0.0,0.0,50271.0,0.0,0.0,5989261.0
2021-02-23,7557402.0,6996966.0,0.435,1567041.0,2799.719,,0.01,0.25,0.0,0.07,0.0,0.25,0.03,,2100.216,1755.0,0.0,0.0,50271.0,0.0,0.0,5989926.0
2021-02-24,7590111.0,7027599.0,0.001,1529977.0,2799.719,,0.02,0.25,0.0,0.07,0.0,0.25,0.03,,2100.216,2092.0,0.0,0.0,52334.0,0.0,0.0,6060133.0
2021-02-25,7590111.0,7027599.0,9.976,1529977.0,2799.719,,0.03,0.25,0.0,0.07,0.0,0.25,0.04,,2100.216,2092.0,0.0,0.0,52334.0,0.0,0.0,6050158.0
2021-02-26,7590111.0,7027599.0,11.2,1529977.0,2799.719,,0.01,0.25,0.0,0.07,0.0,0.25,0.04,,2100.216,2092.0,0.0,0.0,52334.0,0.0,0.0,6048934.0
2021-02-27,7590111.0,7027599.0,11.2,1529977.0,2799.719,,0.01,0.25,0.0,0.07,0.0,0.25,0.04,,2100.216,2092.0,0.0,0.0,52334.0,0.0,0.0,6048934.0
2021-02-28,7590111.0,7027599.0,11.2,1529977.0,2799.719,,0.01,0.25,0.0,0.07,0.0,0.25,0.04,,2100.216,2092.0,0.0,0.0,52334.0,0.0,0.0,6048934.0
2021-03-01,7590111.0,7027599.0,0.0,1529977.0,2799.719,,0.02,0.25,0.0,0.07,0.0,0.25,0.03,,2115.282,2092.0,0.0,0.0,52334.0,0.0,0.0,6060134.0
2021-03-02,7590111.0,7027599.0,0.005,1529977.0,2799.719,,0.04,0.25,0.0,0.07,0.0,0.25,0.04,,2115.282,2092.0,0.0,0.0,52334.0,0.0,0.0,6060129.0
2021-03-03,7557524.0,7003026.0,0.507,1429549.0,2799.719,,0.04,0.25,0.0,0.07,0.0,0.25,0.04,,2115.282,1738.0,0.0,0.0,53388.0,0.0,0.0,6127468.0
2021-03-04,7557524.0,7003026.0,2.1,1429549.0,2799.719,,0.02,0.25,0.0,0.07,0.0,0.25,0.03,,2115.282,1738.0,0.0,0.0,53388.0,0.0,0.0,6125875.0
2021-03-05,7557524.0,7003026.0,1.0,1429549.0,2799.719,,0.02,0.25,0.0,0.07,0.0,0.25,0.04,,2115.282,1738.0,0.0,0.0,53388.0,0.0,0.0,6126975.0
2021-03-06,7557524.0,7003026.0,1.0,1429549.0,2799.719,,0.02,0.25,0.0,0.07,0.0,0.25,0.04,,2115.282,1738.0,0.0,0.0,53388.0,0.0,0.0,6126975.0
2021-03-07,7557524.0,7003026.0,1.0,1429549.0,2799.719,,0.02,0.25,0.0,0.07,0.0,0.25,0.04,,2115.282,1738.0,0.0,0.0,53388.0,0.0,0.0,6126975.0
2021-03-08,7557524.0,7003026.0,0.025,1429549.0,2799.719,,0.02,0.25,0.0,0.07,0.0,0.25,0.04,,2115.282,1738.0,0.0,0.0,53388.0,0.0,0.0,6127950.0
2021-03-09,7557524.0,7003026.0,0.0,1429549.0,2799.719,,0.02,0.25,0.0,0.07,0.0,0.25,0.04,,2115.282,1738.0,0.0,0.0,53388.0,0.0,0.0,6127975.0
2021-03-10,7579901.0,7024790.0,0.1,1360064.0,2799.719,,0.02,0.25,0.0,0.07,0.0,0.25,0.03,,2115.282,1355.0,0.0,0.0,54122.0,0.0,0.0,6219737.0
2021-03-11,7579901.0,7024790.0,11.051,1360064.0,2799.719,,0.01,0.25,0.0,0.07,0.0,0.25,0.04,,2115.282,1355.0,0.0,0.0,54122.0,0.0,0.0,6208786.0
2021-03-12,7579901.0,7024790.0,6.8,1360064.0,2799.719,,0.01,0.25,0.0,0.07,0.0,0.25,0.03,,2115.282,1355.0,0.0,0.0,54122.0,0.0,0.0,6213037.0
2021-03-13,7579901.0,7024790.0,6.8,1360064.0,2799.719,,0.01,0.25,0.0,0.07,0.0,0.25,0.03,,2115.282,1355.0,0.0,0.0,54122.0,0.0,0.0,6213037.0
2021-03-14,7579901.0,7024790.0,6.8,1360064.0,2799.719,,0.01,0.25,0.0,0.07,0.0,0.25,0.03,,2115.282,1355.0,0.0,0.0,54122.0,0.0,0.0,6213037.0
2021-03-15,7579901.0,7024790.0,0.003,1360064.0,2799.719,,0.01,0.25,0.0,0.07,0.0,0.25,0.02,,2115.282,1355.0,0.0,0.0,54122.0,0.0,0.0,6219834.0
2021-03-16,7579901.0,7024790.0,0.702,1360064.0,2799.719,,0.01,0.25,0.0,0.07,0.0,0.25,0.01,,2115.282,1355.0,0.0,0.0,54122.0,0.0,0.0,6219135.0
2021-03-17,7693506.0,7135409.0,0.0,1272583.0,2799.719,,0.01,0.25,0.0,0.07,0.0,0.25,0.01,,2115.282,851.0,0.0,0.0,55580.0,0.0,0.0,6420923.0
2021-03-18,7693506.0,7135409.0,26.57,1272583.0,2799.719,,0.01,0.25,0.0,0.07,0.0,0.25,0.01,,2115.282,851.0,0.0,0.0,55580.0,0.0,0.0,6394353.0
2021-03-19,7693506.0,7135409.0,18.908,1272583.0,2799.719,,0.01,0.25,0.0,0.07,0.0,0.25,0.01,,2115.282,851.0,0.0,0.0,55580.0,0.0,0.0,6402015.0
2021-03-20,7693506.0,7135409.0,18.908,1272583.0,2799.719,,0.01,0.25,0.0,0.07,0.0,0.25,0.01,,2115.282,851.0,0.0,0.0,55580.0,0.0,0.0,6402015.0
2021-03-21,7693506.0,7135409.0,18.908,1272583.0,2799.719,,0.01,0.25,0.0,0.07,0.0,0.25,0.01,,2115.282,851.0,0.0,0.0,55580.0,0.0,0.0,6402015.0
2021-03-22,7693506.0,7135409.0,22.242,1272583.0,2799.719,,0.01,0.25,0.0,0.07,0.0,0.25,0.02,,2115.282,851.0,0.0,0.0,55580.0,0.0,0.0,6398681.0
2021-03-23,7693506.0,7135409.0,19.526,1272583.0,2799.719,,0.01,0.25,0.0,0.07,0.0,0.25,0.02,,2115.282,851.0,0.0,0.0,55580.0,0.0,0.0,6401397.0
2021-03-24,7719622.0,7158456.0,21.902,1061138.0,2799.719,,0.01,0.25,0.0,0.07,0.0,0.25,0.02,,2115.282,1054.0,0.0,0.0,57387.0,0.0,0.0,6636582.0
2021-03-25,7719622.0,7158456.0,10.1,1061138.0,2799.719,,0.01,0.25,0.0,0.07,0.0,0.25,0.02,,2115.282,1054.0,0.0,0.0,57387.0,0.0,0.0,6648384.0
2021-03-26,7719622.0,7158456.0,11.45,1061138.0,2799.719,,0.01,0.25,0.0,0.07,0.0,0.25,0.02,,2115.282,1054.0,0.0,0.0,57387.0,0.0,0.0,6647034.0
2021-03-27,7719622.0,7158456.0,11.45,1061138.0,2799.719,,0.01,0.25,0.0,0.07,0.0,0.25,0.02,,2115.282,1054.0,0.0,0.0,57387.0,0.0,0.0,6647034.0
2021-03-28,7719622.0,7158456.0,11.45,1061138.0,2799.719,,0.01,0.25,0.0,0.07,0.0,0.25,0.02,,2115.282,1054.0,0.0,0.0,57387.0,0.0,0.0,6647034.0
2021-03-29,7719622.0,7158456.0,40.354,1061138.0,2799.719,,0.01,0.25,0.0,0.07,0.0,0.25,0.02,,2115.282,1054.0,0.0,0.0,57387.0,0.0,0.0,6618130.0
2021-03-30,7719622.0,7158456.0,104.725,1061138.0,2799.719,,0.01,0.25,0.0,0.07,0.0,0.25,0.01,,2115.282,1054.0,0.0,0.0,57387.0,0.0,0.0,6553759.0
2021-03-31,7688988.0,7129308.0,134.307,1025727.0,2799.719,,0.01,0.25,0.0,0.06,0.0,0.25,0.01,,2115.282,828.0,0.0,0.0,60135.0,0.0,0.0,6528954.0
2021-04-01,7688988.0,7129308.0,9.575,1025727.0,2799.719,,0.01,0.25,0.0,0.07,0.0,0.25,0.02,,2154.819,828.0,0.0,0.0,60135.0,0.0,0.0,6653686.0
2021-04-02,7688988.0,7129308.0,9.575,1025727.0,2799.719,,0.01,0.25,0.0,0.07,0.0,0.25,0.02,,2154.819,828.0,0.0,0.0,60135.0,0.0,0.0,6653686.0
2021-04-03,7688988.0,7129308.0,9.575,1025727.0,2799.719,,0.01,0.25,0.0,0.07,0.0,0.25,0.02,,2154.819,828.0,0.0,0.0,60135.0,0.0,0.0,6653686.0
2021-04-04,7688988.0,7129308.0,9.575,1025727.0,2799.719,,0.01,0.25,0.0,0.07,0.0,0.25,0.02,,2154.819,828.0,0.0,0.0,60135.0,0.0,0.0,6653686.0
2021-04-05,7688988.0,7129308.0,3.45,1025727.0,2799.719,,0.01,0.25,0.0,0.07,0.0,0.25,0.03,,2154.819,828.0,0.0,0.0,60135.0,0.0,0.0,6659811.0
2021-04-06,7688988.0,7129308.0,18.951,1025727.0,2799.719,,0.01,0.25,0.0,0.07,0.0,0.25,0.02,,2154.819,828.0,0.0,0.0,60135.0,0.0,0.0,6644310.0
2021-04-07,7708882.0,7146064.0,35.035,1010103.0,2799.719,,0.01,0.25,0.0,0.07,0.0,0.25,0.01,,2154.819,709.0,0.0,0.0,62080.0,0.0,0.0,6663744.0
2021-04-08,7708882.0,7146064.0,27.64,1010103.0,2799.719,,0.01,0.25,0.0,0.07,0.0,0.25,0.02,,2154.819,709.0,0.0,0.0,62080.0,0.0,0.0,6671139.0
2021-04-09,7708882.0,7146064.0,31.265,1010103.0,2799.719,,0.01,0.25,0.0,0.07,0.0,0.25,0.02,,2154.819,709.0,0.0,0.0,62080.0,0.0,0.0,6667514.0
2021-04-10,7708882.0,7146064.0,31.265,1010103.0,2799.719,,0.01,0.25,0.0,0.07,0.0,0.25,0.02,,2154.819,709.0,0.0,0.0,62080.0,0.0,0.0,6667514.0
2021-04-11,7708882.0,7146064.0,31.265,1010103.0,2799.719,,0.01,0.25,0.0,0.07,0.0,0.25,0.02,,2154.819,709.0,0.0,0.0,62080.0,0.0,0.0,6667514.0
2021-04-12,7708882.0,7146064.0,30.221,1010103.0,2799.719,,0.01,0.25,0.0,0.07,0.0,0.25,0.02,,2154.819,709.0,0.0,0.0,62080.0,0.0,0.0,6668558.0
2021-04-13,7708882.0,7146064.0,37.543,1010103.0,2799.719,,0.01,0.25,0.0,0.07,0.0,0.25,0.03,,2154.819,709.0,0.0,0.0,62080.0,0.0,0.0,6661236.0
2021-04-14,7793104.0,7224865.0,50.856,925094.0,2799.719,,0.01,0.25,0.0,0.07,0.0,0.25,0.02,,2154.819,743.0,0.0,0.0,64334.0,0.0,0.0,6817154.0
2021-04-15,7793104.0,7224865.0,28.626,925094.0,2799.719,,0.01,0.25,0.0,0.07,0.0,0.25,0.02,,2154.819,743.0,0.0,0.0,64334.0,0.0,0.0,6839384.0
2021-04-16,7793104.0,7224865.0,39.94,925094.0,2799.719,,0.01,0.25,0.0,0.07,0.0,0.25,0.02,,2154.819,743.0,0.0,0.0,64334.0,0.0,0.0,6828070.0
2021-04-17,7793104.0,7224865.0,39.94,925094.0,2799.719,,0.01,0.25,0.0,0.07,0.0,0.25,0.02,,2154.819,743.0,0.0,0.0,64334.0,0.0,0.0,6828070.0
2021-04-18,7793104.0,7224865.0,39.94,925094.0,2799.719,,0.01,0.25,0.0,0.07,0.0,0.25,0.02,,2154.819,743.0,0.0,0.0,64334.0,0.0,0.0,6828070.0
2021-04-19,7793104.0,7224865.0,53.798,925094.0,2799.719,,0.01,0.25,0.0,0.07,0.0,0.25,0.01,,2154.819,743.0,0.0,0.0,64334.0,0.0,0.0,6814212.0
2021-04-20,7793104.0,7224865.0,67.747,925094.0,2799.719,,0.01,0.25,0.0,0.07,0.0,0.25,0.01,,2154.819,743.0,0.0,0.0,64334.0,0.0,0.0,6800263.0
2021-04-21,7820948.0,7249642.0,81.329,1015902.0,2799.719,,0.01,0.25,0.0,0.07,0.0,0.25,0.0,,2154.819,1084.0,0.0,0.0,68212.0,0.0,0.0,6723717.0
2021-04-22,7820948.0,7249642.0,102.644,1015902.0,2799.719,,0.01,0.25,0.0,0.07,0.0,0.25,0.02,,2154.819,1084.0,0.0,0.0,68212.0,0.0,0.0,6702402.0
2021-04-23,7820948.0,7249642.0,73.794,1015902.0,2799.719,,0.01,0.25,0.0,0.07,0.0,0.25,0.01,,2154.819,1084.0,0.0,0.0,68212.0,0.0,0.0,6731252.0
2021-04-24,7820948.0,7249642.0,73.794,1015902.0,2799.719,,0.01,0.25,0.0,0.07,0.0,0.25,0.01,,2154.819,1084.0,0.0,0.0,68212.0,0.0,0.0,6731252.0
2021-04-25,7820948.0,7249642.0,73.794,1015902.0,2799.719,,0.01,0.25,0.0,0.07,0.0,0.25,0.01,,2154.819,1084.0,0.0,0.0,68212.0,0.0,0.0,6731252.0
2021-04-26,7820948.0,7249642.0,100.916,1015902.0,2799.719,,0.01,0.25,0.0,0.07,0.0,0.25,0.02,,2154.819,1084.0,0.0,0.0,68212.0,0.0,0.0,6704130.0
2021-04-27,7820948.0,7249642.0,142.172,1015902.0,2799.719,,0.01,0.25,0.0,0.07,0.0,0.25,0.01,,2154.819,1084.0,0.0,0.0,68212.0,0.0,0.0,6662874.0
2021-04-28,7780962.0,7208414.0,166.732,967689.0,2799.719,,0.01,0.25,0.0,0.07,0.0,0.25,0.01,,2154.819,731.0,0.0,0.0,72394.0,0.0,0.0,6646541.0
2021-04-29,7780962.0,7208414.0,173.469,967689.0,2799.719,,0.01,0.25,0.0,0.06,0.0,0.25,0.01,,2154.819,731.0,0.0,0.0,72394.0,0.0,0.0,6639804.0
2021-04-30,7780962.0,7208414.0,183.234,967689.0,2799.719,,0.01,0.25,0.0,0.05,0.0,0.25,0.01,,2154.819,731.0,0.0,0.0,72394.0,0.0,0.0,6630039.0
2021-05-01,7780962.0,7208414.0,183.234,967689.0,2799.719,,0.01,0.25,0.0,0.05,0.0,0.25,0.01,,2167.934,731.0,0.0,0.0,72394.0,0.0,0.0,6630039.0
2021-05-02,7780962.0,7208414.0,183.234,967689.0,2799.719,,0.01,0.25,0.0,0.05,0.0,0.25,0.01,,2167.934,731.0,0.0,0.0,72394.0,0.0,0.0,6630039.0
2021-05-03,7780962.0,7208414.0,129.724,967689.0,2799.719,,0.01,0.25,0.0,0.06,0.0,0.25,0.02,,2167.934,731.0,0.0,0.0,72394.0,0.0,0.0,6683549.0
2021-05-04,7780962.0,7208414.0,147.806,967689.0,2799.719,,0.01,0.25,0.0,0.06,0.0,0.25,0.01,,2167.934,731.0,0.0,0.0,72394.0,0.0,0.0,6665467.0
2021-05-05,7810486.0,7234090.0,162.8,953689.0,2799.719,,0.01,0.25,0.0,0.06,0.0,0.25,0.01,,2167.934,545.0,0.0,0.0,76453.0,0.0,0.0,6693997.0
2021-05-06,7810486.0,7234090.0,154.921,953689.0,2799.719,,0.01,0.25,0.0,0.06,0.0,0.25,0.01,,2167.934,545.0,0.0,0.0,76453.0,0.0,0.0,6701876.0
2021-05-07,7810486.0,7234090.0,161.856,953689.0,2799.719,,0.01,0.25,0.0,0.06,0.0,0.25,0.01,,2167.934,545.0,0.0,0.0,76453.0,0.0,0.0,6694941.0
2021-05-08,7810486.0,7234090.0,161.856,953689.0,2799.719,,0.01,0.25,0.0,0.06,0.0,0.25,0.01,,2167.934,545.0,0.0,0.0,76453.0,0.0,0.0,6694941.0
2021-05-09,7810486.0,7234090.0,161.856,953689.0,2799.719,,0.01,0.25,0.0,0.06,0.0,0.25,0.01,,2167.934,545.0,0.0,0.0,76453.0,0.0,0.0,6694941.0
2021-05-10,7810486.0,7234090.0,175.548,953689.0,2799.719,,0.01,0.25,0.0,0.06,0.0,0.25,0.02,,2167.934,545.0,0.0,0.0,76453.0,0.0,0.0,6681249.0
2021-05-11,7810486.0,7234090.0,181.753,953689.0,2799.719,,0.01,0.25,0.0,0.06,0.0,0.25,0.01,,2167.934,545.0,0.0,0.0,76453.0,0.0,0.0,6675044.0
2021-05-12,7830663.0,7248067.0,209.257,898779.0,2799.719,,0.01,0.25,0.0,0.06,0.0,0.25,0.01,,2167.934,581.0,0.0,0.0,79922.0,0.0,0.0,6722627.0
2021-05-13,7830663.0,7248067.0,235.217,898779.0,2799.719,,0.01,0.25,0.0,0.06,0.0,0.25,0.0,,2167.934,581.0,0.0,0.0,79922.0,0.0,0.0,6696667.0
2021-05-14,7830663.0,7248067.0,241.185,898779.0,2799.719,,0.01,0.25,0.0,0.06,0.0,0.25,0.01,,2167.934,581.0,0.0,0.0,79922.0,0.0,0.0,6690699.0
2021-05-15,7830663.0,7248067.0,241.185,898779.0,2799.719,,0.01,0.25,0.0,0.06,0.0,0.25,0.01,,2167.934,581.0,0.0,0.0,79922.0,0.0,0.0,6690699.0
2021-05-16,7830663.0,7248067.0,241.185,898779.0,2799.719,,0.01,0.25,0.0,0.06,0.0,0.25,0.01,,2167.934,581.0,0.0,0.0,79922.0,0.0,0.0,6690699.0
2021-05-17,7830663.0,7248067.0,208.96,898779.0,2799.719,,0.01,0.25,0.0,0.06,0.0,0.25,0.0,,2167.934,581.0,0.0,0.0,79922.0,0.0,0.0,6722924.0
2021-05-18,7830663.0,7248067.0,243.47,898779.0,2799.719,,0.01,0.25,0.0,0.06,0.0,0.25,0.0,,2167.934,581.0,0.0,0.0,79922.0,0.0,0.0,6688414.0
2021-05-19,7922883.0,7351729.0,293.998,866119.0,2799.719,,0.01,0.25,0.0,0.06,0.0,0.25,0.0,,2167.934,661.0,0.0,2.0,82635.0,0.0,0.0,6762766.0
2021-05-20,7922883.0,7351729.0,351.121,866119.0,2799.719,,0.01,0.25,0.0,0.06,0.0,0.25,0.01,,2167.934,661.0,0.0,2.0,82635.0,0.0,0.0,6705643.0
2021-05-21,7922883.0,7351729.0,369.046,866119.0,2799.719,,0.01,0.25,0.0,0.06,0.0,0.25,0.0,,2167.934,661.0,0.0,2.0,82635.0,0.0,0.0,6687718.0
2021-05-22,7922883.0,7351729.0,369.046,866119.0,2799.719,,0.01,0.25,0.0,0.06,0.0,0.25,0.0,,2167.934,661.0,0.0,2.0,82635.0,0.0,0.0,6687718.0
2021-05-23,7922883.0,7351729.0,369.046,866119.0,2799.719,,0.01,0.25,0.0,0.06,0.0,0.25,0.0,,2167.934,661.0,0.0,2.0,82635.0,0.0,0.0,6687718.0
2021-05-24,7922883.0,7351729.0,394.941,866119.0,2799.719,,0.01,0.25,0.0,0.06,0.0,0.25,0.01,,2167.934,661.0,0.0,2.0,82635.0,0.0,0.0,6661823.0
2021-05-25,7922883.0,7351729.0,432.955,866119.0,2799.719,,0.01,0.25,0.0,0.06,0.0,0.25,0.01,,2167.934,661.0,0.0,2.0,82635.0,0.0,0.0,6623809.0
2021-05-26,7903541.0,7333769.0,450.283,812473.0,2799.719,,0.01,0.25,0.0,0.06,0.0,0.25,0.0,,2167.934,633.0,0.0,3.0,84258.0,0.0,0.0,6640785.0
2021-05-27,7903541.0,7333769.0,485.329,812473.0,2799.719,,0.01,0.25,0.0,0.06,0.0,0.25,0.0,,2167.934,633.0,0.0,3.0,84258.0,0.0,0.0,6605739.0
2021-05-28,7903541.0,7333769.0,479.498,812473.0,2799.719,,0.01,0.25,0.0,0.05,0.0,0.25,0.01,,2167.934,633.0,0.0,3.0,84258.0,0.0,0.0,6611570.0
2021-05-29,7903541.0,7333769.0,479.498,812473.0,2799.719,,0.01,0.25,0.0,0.05,0.0,0.25,0.01,,2167.934,633.0,0.0,3.0,84258.0,0.0,0.0,6611570.0
2021-05-30,7903541.0,7333769.0,479.498,812473.0,2799.719,,0.01,0.25,0.0,0.05,0.0,0.25,0.01,,2167.934,633.0,0.0,3.0,84258.0,0.0,0.0,6611570.0
2021-05-31,7903541.0,7333769.0,479.498,812473.0,2799.719,,0.01,0.25,0.0,0.05,0.0,0.25,0.01,,2167.934,633.0,0.0,3.0,84258.0,0.0,0.0,6611570.0
2021-06-01,7903541.0,7333769.0,447.985,812473.0,2799.719,,0.01,0.25,0.0,0.06,0.0,0.25,0.01,,2178.843,633.0,0.0,3.0,84258.0,0.0,0.0,6643083.0
2021-06-02,7935703.0,7365641.0,438.778,783235.0,2799.719,,0.01,0.25,0.0,0.06,0.0,0.25,0.01,,2178.843,578.0,0.0,9.0,84389.0,0.0,0.0,6713690.0
2021-06-03,7935703.0,7365641.0,479.102,783235.0,2799.719,,0.01,0.25,0.0,0.06,0.0,0.25,0.0,,2178.843,578.0,0.0,9.0,84389.0,0.0,0.0,6673366.0
2021-06-04,7935703.0,7365641.0,483.349,783235.0,2799.719,,0.01,0.25,0.0,0.06,0.0,0.25,0.01,,2178.843,578.0,0.0,9.0,84389.0,0.0,0.0,6669119.0
2021-06-05,7935703.0,7365641.0,483.349,783235.0,2799.719,,0.01,0.25,0.0,0.06,0.0,0.25,0.01,,2178.843,578.0,0.0,9.0,84389.0,0.0,0.0,6669119.0
2021-06-06,7935703.0,7365641.0,483.349,783235.0,2799.719,,0.01,0.25,0.0,0.06,0.0,0.25,0.01,,2178.843,578.0,0.0,9.0,84389.0,0.0,0.0,6669119.0
2021-06-07,7935703.0,7365641.0,486.097,783235.0,2799.719,,0.01,0.25,0.0,0.06,0.0,0.25,0.01,,2178.843,578.0,0.0,9.0,84389.0,0.0,0.0,6666371.0
2021-06-08,7935703.0,7365641.0,497.428,783235.0,2799.719,,0.01,0.25,0.0,0.06,0.0,0.25,0.01,,2178.843,578.0,0.0,9.0,84389.0,0.0,0.0,6655040.0
2021-06-09,7952327.0,7376508.0,502.904,730235.0,2799.719,,0.01,0.25,0.0,0.06,0.0,0.25,0.01,,2178.843,502.0,0.0,9.0,87069.0,0.0,0.0,6719188.0
2021-06-10,7952327.0,7376508.0,534.943,730235.0,2799.719,,0.01,0.25,0.0,0.06,0.0,0.25,0.01,,2178.843,502.0,0.0,9.0,87069.0,0.0,0.0,6687149.0
2021-06-11,7952327.0,7376508.0,547.808,730235.0,2799.719,,0.01,0.25,0.0,0.06,0.0,0.25,0.01,,2178.843,502.0,0.0,9.0,87069.0,0.0,0.0,6674284.0
2021-06-12,7952327.0,7376508.0,547.808,730235.0,2799.719,,0.01,0.25,0.0,0.06,0.0,0.25,0.01,,2178.843,502.0,0.0,9.0,87069.0,0.0,0.0,6674284.0
2021-06-13,7952327.0,7376508.0,547.808,730235.0,2799.719,,0.01,0.25,0.0,0.06,0.0,0.25,0.01,,2178.843,502.0,0.0,9.0,87069.0,0.0,0.0,6674284.0
2021-06-14,7952327.0,7376508.0,583.892,730235.0,2799.719,,0.01,0.25,0.0,0.06,0.0,0.25,0.01,,2178.843,502.0,0.0,9.0,87069.0,0.0,0.0,6638200.0
2021-06-15,7952327.0,7376508.0,509.559,730235.0,2799.719,,0.01,0.25,0.0,0.06,0.0,0.25,0.02,,2178.843,502.0,0.0,9.0,87069.0,0.0,0.0,6712533.0
2021-06-16,8064257.0,7484242.0,520.942,653889.0,2799.719,,0.01,0.25,0.0,0.06,0.0,0.25,0.04,,2178.843,584.0,0.0,9.0,86591.0,0.0,0.0,6889426.0
2021-06-17,8064257.0,7484242.0,755.8,653889.0,2799.719,,0.05,0.25,0.0,0.1,0.05,0.25,0.05,,2178.843,584.0,0.0,9.0,86591.0,0.0,0.0,6654568.0
2021-06-18,8064257.0,7484242.0,747.121,653889.0,2799.719,,0.05,0.25,0.0,0.1,0.05,0.25,0.05,,2178.843,584.0,0.0,9.0,86591.0,0.0,0.0,6663247.0
2021-06-19,8064257.0,7484242.0,747.121,653889.0,2799.719,,0.05,0.25,0.0,0.1,0.05,0.25,0.05,,2178.843,584.0,0.0,9.0,86591.0,0.0,0.0,6663247.0
2021-06-20,8064257.0,7484242.0,747.121,653889.0,2799.719,,0.05,0.25,0.0,0.1,0.05,0.25,0.05,,2178.843,584.0,0.0,9.0,86591.0,0.0,0.0,6663247.0
2021-06-21,8064257.0,7484242.0,765.141,653889.0,2799.719,,0.05,0.25,0.0,0.1,0.05,0.25,0.04,,2178.843,584.0,0.0,9.0,86591.0,0.0,0.0,6645227.0
2021-06-22,8064257.0,7484242.0,791.605,653889.0,2799.719,,0.05,0.25,0.0,0.1,0.05,0.25,0.04,,2178.843,584.0,0.0,9.0,86591.0,0.0,0.0,6618763.0
2021-06-23,8101945.0,7519947.0,813.65,734689.0,2799.719,,0.05,0.25,0.0,0.1,0.05,0.25,0.04,,2178.843,461.0,0.0,14.0,87129.0,0.0,0.0,6553606.0
2021-06-24,8101945.0,7519947.0,813.048,734689.0,2799.719,,0.05,0.25,0.0,0.1,0.05,0.25,0.05,,2178.843,461.0,0.0,14.0,87129.0,0.0,0.0,6554208.0
2021-06-25,8101945.0,7519947.0,770.83,734689.0,2799.719,,0.05,0.25,0.0,0.1,0.05,0.25,0.05,,2178.843,461.0,0.0,14.0,87129.0,0.0,0.0,6596426.0
2021-06-26,8101945.0,7519947.0,770.83,734689.0,2799.719,,0.05,0.25,0.0,0.1,0.05,0.25,0.05,,2178.843,461.0,0.0,14.0,87129.0,0.0,0.0,6596426.0
2021-06-27,8101945.0,7519947.0,770.83,734689.0,2799.719,,0.05,0.25,0.0,0.1,0.05,0.25,0.05,,2178.843,461.0,0.0,14.0,87129.0,0.0,0.0,6596426.0
2021-06-28,8101945.0,7519947.0,803.019,734689.0,2799.719,,0.05,0.25,0.0,0.1,0.05,0.25,0.04,,2178.843,461.0,0.0,14.0,87129.0,0.0,0.0,6564237.0
2021-06-29,8101945.0,7519947.0,841.246,734689.0,2799.719,,0.05,0.25,0.0,0.1,0.05,0.25,0.04,,2178.843,461.0,0.0,14.0,87129.0,0.0,0.0,6526010.0
2021-06-30,8078544.0,7505369.0,991.939,745962.0,2799.719,,0.05,0.25,0.0,0.08,0.05,0.25,0.05,,2178.843,477.0,0.0,23.0,90626.0,0.0,0.0,6340643.0
2021-07-01,8078544.0,7505369.0,742.647,745962.0,2799.719,,0.05,0.25,0.0,0.1,0.05,0.25,0.05,,2186.118,477.0,0.0,23.0,90626.0,0.0,0.0,6589935.0
2021-07-02,8078544.0,7505369.0,731.504,745962.0,2799.719,,0.05,0.25,0.0,0.1,0.05,0.25,0.05,,2186.118,477.0,0.0,23.0,90626.0,0.0,0.0,6601078.0
2021-07-03,8078544.0,7505369.0,731.504,745962.0,2799.719,,0.05,0.25,0.0,0.1,0.05,0.25,0.05,,2186.118,477.0,0.0,23.0,90626.0,0.0,0.0,6601078.0
2021-07-04,8078544.0,7505369.0,731.504,745962.0,2799.719,,0.05,0.25,0.0,0.1,0.05,0.25,0.05,,2186.118,477.0,0.0,23.0,90626.0,0.0,0.0,6601078.0
2021-07-05,8078544.0,7505369.0,731.504,745962.0,2799.719,,0.05,0.25,0.0,0.1,0.05,0.25,0.05,,2186.118,477.0,0.0,23.0,90626.0,0.0,0.0,6601078.0
2021-07-06,8078544.0,7505369.0,772.581,745962.0,2799.719,,0.05,0.25,0.0,0.1,0.05,0.25,0.05,,2186.118,477.0,0.0,23.0,90626.0,0.0,0.0,6560001.0
2021-07-07,8097773.0,7523709.0,785.72,753364.0,2799.719,,0.05,0.25,0.0,0.1,0.05,0.25,0.05,,2186.118,406.0,0.0,20.0,88376.0,0.0,0.0,6558689.0
2021-07-08,8097773.0,7523709.0,793.399,753364.0,2799.719,,0.05,0.25,0.0,0.1,0.05,0.25,0.06,,2186.118,406.0,0.0,20.0,88376.0,0.0,0.0,6551010.0
2021-07-09,8097773.0,7523709.0,780.596,753364.0,2799.719,,0.05,0.25,0.0,0.1,0.05,0.25,0.06,,2186.118,406.0,0.0,20.0,88376.0,0.0,0.0,6563813.0
2021-07-10,8097773.0,7523709.0,780.596,753364.0,2799.719,,0.05,0.25,0.0,0.1,0.05,0.25,0.06,,2186.118,406.0,0.0,20.0,88376.0,0.0,0.0,6563813.0
2021-07-11,8097773.0,7523709.0,780.596,753364.0,2799.719,,0.05,0.25,0.0,0.1,0.05,0.25,0.06,,2186.118,406.0,0.0,20.0,88376.0,0.0,0.0,6563813.0
2021-07-12,8097773.0,7523709.0,776.472,753364.0,2799.719,,0.05,0.25,0.0,0.1,0.05,0.25,0.05,,2186.118,406.0,0.0,20.0,88376.0,0.0,0.0,6567937.0
2021-07-13,8097773.0,7523709.0,798.267,753364.0,2799.719,,0.05,0.25,0.0,0.1,0.05,0.25,0.05,,2186.118,406.0,0.0,20.0,88376.0,0.0,0.0,6546142.0
2021-07-14,8201651.0,7627278.0,859.975,704918.0,2799.719,,0.05,0.25,0.0,0.1,0.05,0.25,0.06,,2186.118,386.0,0.0,16.0,87859.0,0.0,0.0,6636758.0
2021-07-15,8201651.0,7627278.0,776.261,704918.0,2799.719,,0.05,0.25,0.0,0.1,0.05,0.25,0.05,,2186.118,386.0,0.0,16.0,87859.0,0.0,0.0,6720472.0
2021-07-16,8201651.0,7627278.0,817.566,704918.0,2799.719,,0.05,0.25,0.0,0.1,0.05,0.25,0.05,,2186.118,386.0,0.0,16.0,87859.0,0.0,0.0,6679167.0
2021-07-17,8201651.0,7627278.0,817.566,704918.0,2799.719,,0.05,0.25,0.0,0.1,0.05,0.25,0.05,,2186.118,386.0,0.0,16.0,87859.0,0.0,0.0,6679167.0
2021-07-18,8201651.0,7627278.0,817.566,704918.0,2799.719,,0.05,0.25,0.0,0.1,0.05,0.25,0.05,,2186.118,386.0,0.0,16.0,87859.0,0.0,0.0,6679167.0
2021-07-19,8201651.0,7627278.0,860.468,704918.0,2799.719,,0.05,0.25,0.0,0.1,0.05,0.25,0.05,,2186.118,386.0,0.0,16.0,87859.0,0.0,0.0,6636265.0
2021-07-20,8201651.0,7627278.0,848.102,704918.0,2799.719,,0.05,0.25,0.0,0.1,0.05,0.25,0.05,,2186.118,386.0,0.0,16.0,87859.0,0.0,0.0,6648631.0
2021-07-21,8240530.0,7667510.0,886.206,678103.0,2799.719,,0.05,0.25,0.0,0.1,0.05,0.25,0.04,,2186.118,554.0,0.0,16.0,86278.0,0.0,0.0,6676221.0
2021-07-22,8240530.0,7667510.0,898.197,678103.0,2799.719,,0.05,0.25,0.0,0.1,0.05,0.25,0.04,,2186.118,554.0,0.0,16.0,86278.0,0.0,0.0,6664230.0
2021-07-23,8240530.0,7667510.0,877.251,678103.0,2799.719,,0.05,0.25,0.0,0.1,0.05,0.25,0.05,,2186.118,554.0,0.0,16.0,86278.0,0.0,0.0,6685176.0
2021-07-24,8240530.0,7667510.0,877.251,678103.0,2799.719,,0.05,0.25,0.0,0.1,0.05,0.25,0.05,,2186.118,554.0,0.0,16.0,86278.0,0.0,0.0,6685176.0
2021-07-25,8240530.0,7667510.0,877.251,678103.0,2799.719,,0.05,0.25,0.0,0.1,0.05,0.25,0.05,,2186.118,554.0,0.0,16.0,86278.0,0.0,0.0,6685176.0
2021-07-26,8240530.0,7667510.0,891.203,678103.0,2799.719,,0.05,0.25,0.0,0.1,0.05,0.25,0.05,,2186.118,554.0,0.0,16.0,86278.0,0.0,0.0,6671224.0
2021-07-27,8240530.0,7667510.0,927.419,678103.0,2799.719,,0.05,0.25,0.0,0.1,0.05,0.25,0.04,,2186.118,554.0,0.0,16.0,86278.0,0.0,0.0,6635008.0
2021-07-28,8221473.0,7650866.0,965.189,578204.0,2799.719,,0.05,0.25,0.0,0.1,0.05,0.25,0.04,,2186.118,472.0,0.0,16.0,85000.0,0.0,0.0,6678080.0
2021-07-29,8221473.0,7650866.0,987.283,578204.0,2799.719,0.15,0.05,0.25,0.0,0.1,0.05,0.25,0.05,0.25,2186.118,472.0,0.0,16.0,85000.0,0.0,0.0,6655986.0
2021-07-30,8221473.0,7650866.0,1039.394,578204.0,2799.719,0.15,0.05,0.25,0.0,0.07,0.05,0.25,0.05,0.25,2186.118,472.0,0.0,16.0,85000.0,0.0,0.0,6603875.0
2021-07-31,8221473.0,7650866.0,1039.394,578204.0,2799.719,0.15,0.05,0.25,0.0,0.07,0.05,0.25,0.05,0.25,2186.118,472.0,0.0,16.0,85000.0,0.0,0.0,6603875.0
2021-08-01,8221473.0,7650866.0,1039.394,578204.0,2799.719,0.15,0.05,0.25,0.0,0.07,0.05,0.25,0.05,0.25,2187.596,472.0,0.0,16.0,85000.0,0.0,0.0,6603875.0
2021-08-02,8221473.0,7650866.0,921.317,578204.0,2799.719,0.15,0.05,0.25,0.0,0.1,0.05,0.25,0.05,0.25,2187.596,472.0,0.0,16.0,85000.0,0.0,0.0,6721952.0
2021-08-03,8221473.0,7650866.0,909.442,578204.0,2799.719,0.15,0.05,0.25,0.0,0.1,0.05,0.25,0.05,0.25,2187.596,472.0,0.0,16.0,85000.0,0.0,0.0,6733827.0
2021-08-04,8235073.0,7664767.0,931.755,492668.0,2799.719,0.15,0.05,0.25,0.0,0.1,0.05,0.25,0.05,0.25,2187.596,268.0,0.0,17.0,83640.0,0.0,0.0,6810650.0
2021-08-05,8235073.0,7664767.0,944.335,492668.0,2799.719,0.15,0.05,0.25,0.0,0.1,0.05,0.25,0.05,0.25,2187.596,268.0,0.0,17.0,83640.0,0.0,0.0,6798070.0
2021-08-06,8235073.0,7664767.0,952.134,492668.0,2799.719,0.15,0.05,0.25,0.0,0.1,0.05,0.25,0.04,0.25,2187.596,268.0,0.0,17.0,83640.0,0.0,0.0,6790271.0
2021-08-07,8235073.0,7664767.0,952.134,492668.0,2799.719,0.15,0.05,0.25,0.0,0.1,0.05,0.25,0.04,0.25,2187.596,268.0,0.0,17.0,83640.0,0.0,0.0,6790271.0
2021-08-08,8235073.0,7664767.0,952.134,492668.0,2799.719,0.15,0.05,0.25,0.0,0.1,0.05,0.25,0.04,0.25,2187.596,268.0,0.0,17.0,83640.0,0.0,0.0,6790271.0
2021-08-09,8235073.0,7664767.0,981.765,492668.0,2799.719,0.15,0.05,0.25,0.0,0.1,0.05,0.25,0.04,0.25,2187.596,268.0,0.0,17.0,83640.0,0.0,0.0,6760640.0
2021-08-10,8235073.0,7664767.0,998.654,492668.0,2799.719,0.15,0.05,0.25,0.0,0.1,0.05,0.25,0.05,0.25,2187.596,268.0,0.0,17.0,83640.0,0.0,0.0,6743751.0
2021-08-11,8257159.0,7690627.0,1000.46,434919.0,2799.719,0.15,0.05,0.25,0.0,0.1,0.05,0.25,0.05,0.25,2187.596,289.0,0.0,17.0,82194.0,0.0,0.0,6821780.0
2021-08-12,8257159.0,7690627.0,1087.342,434919.0,2799.719,0.15,0.05,0.25,0.0,0.1,0.05,0.25,0.05,0.25,2187.596,289.0,0.0,17.0,82194.0,0.0,0.0,6734898.0
2021-08-13,8257159.0,7690627.0,1050.941,434919.0,2799.719,0.15,0.05,0.25,0.0,0.1,0.05,0.25,0.04,0.25,2187.596,289.0,0.0,17.0,82194.0,0.0,0.0,6771299.0
2021-08-14,8257159.0,7690627.0,1050.941,434919.0,2799.719,0.15,0.05,0.25,0.0,0.1,0.05,0.25,0.04,0.25,2187.596,289.0,0.0,17.0,82194.0,0.0,0.0,6771299.0
2021-08-15,8257159.0,7690627.0,1050.941,434919.0,2799.719,0.15,0.05,0.25,0.0,0.1,0.05,0.25,0.04,0.25,2187.596,289.0,0.0,17.0,82194.0,0.0,0.0,6771299.0
2021-08-16,8257159.0,7690627.0,1036.418,434919.0,2799.719,0.15,0.05,0.25,0.0,0.1,0.05,0.25,0.04,0.25,2187.596,289.0,0.0,17.0,82194.0,0.0,0.0,6785822.0
2021-08-17,8257159.0,7690627.0,1053.454,434919.0,2799.719,0.15,0.05,0.25,0.0,0.1,0.05,0.25,0.03,0.25,2187.596,289.0,0.0,17.0,82194.0,0.0,0.0,6768786.0
2021-08-18,8342598.0,7791636.0,1115.656,338808.0,2799.719,0.15,0.05,0.25,0.0,0.09,0.05,0.25,0.03,0.25,2187.596,291.0,0.0,28.0,80489.0,0.0,0.0,6888134.0
2021-08-19,8342598.0,7791636.0,1109.938,338808.0,2799.719,0.15,0.05,0.25,0.0,0.09,0.05,0.25,0.04,0.25,2187.596,291.0,0.0,28.0,80489.0,0.0,0.0,6893852.0
2021-08-20,8342598.0,7791636.0,1111.905,338808.0,2799.719,0.15,0.05,0.25,0.0,0.09,0.05,0.25,0.04,0.25,2187.596,291.0,0.0,28.0,80489.0,0.0,0.0,6891885.0
2021-08-21,8342598.0,7791636.0,1111.905,338808.0,2799.719,0.15,0.05,0.25,0.0,0.09,0.05,0.25,0.04,0.25,2187.596,291.0,0.0,28.0,80489.0,0.0,0.0,6891885.0
2021-08-22,8342598.0,7791636.0,1111.905,338808.0,2799.719,0.15,0.05,0.25,0.0,0.09,0.05,0.25,0.04,0.25,2187.596,291.0,0.0,28.0,80489.0,0.0,0.0,6891885.0
2021-08-23,8342598.0,7791636.0,1135.697,338808.0,2799.719,0.15,0.05,0.25,0.0,0.09,0.05,0.25,0.04,0.25,2187.596,291.0,0.0,28.0,80489.0,0.0,0.0,6868093.0
2021-08-24,8342598.0,7791636.0,1129.737,338808.0,2799.719,0.15,0.05,0.25,0.0,0.09,0.05,0.25,0.03,0.25,2187.596,291.0,0.0,28.0,80489.0,0.0,0.0,6874053.0
2021-08-25,8332743.0,7786785.0,1147.089,301430.0,2799.719,0.15,0.05,0.25,0.0,0.09,0.05,0.25,0.04,0.25,2187.596,278.0,0.0,28.0,77788.0,0.0,0.0,6884224.0
2021-08-26,8332743.0,7786785.0,1091.792,301430.0,2799.719,0.15,0.05,0.25,0.0,0.09,0.05,0.25,0.04,0.25,2187.596,278.0,0.0,28.0,77788.0,0.0,0.0,6939521.0
2021-08-27,8332743.0,7786785.0,1120.015,301430.0,2799.719,0.15,0.05,0.25,0.0,0.08,0.05,0.25,0.04,0.25,2187.596,278.0,0.0,28.0,77788.0,0.0,0.0,6911298.0
2021-08-28,8332743.0,7786785.0,1120.015,301430.0,2799.719,0.15,0.05,0.25,0.0,0.08,0.05,0.25,0.04,0.25,2187.596,278.0,0.0,28.0,77788.0,0.0,0.0,6911298.0
2021-08-29,8332743.0,7786785.0,1120.015,301430.0,2799.719,0.15,0.05,0.25,0.0,0.08,0.05,0.25,0.04,0.25,2187.596,278.0,0.0,28.0,77788.0,0.0,0.0,6911298.0
2021-08-30,8332743.0,7786785.0,1140.711,301430.0,2799.719,0.15,0.05,0.25,0.0,0.08,0.05,0.25,0.04,0.25,2187.596,278.0,0.0,28.0,77788.0,0.0,0.0,6890602.0
2021-08-31,8332743.0,7786785.0,1189.616,301430.0,2799.719,0.15,0.05,0.25,0.0,0.06,0.05,0.25,0.03,0.25,2187.596,278.0,0.0,28.0,77788.0,0.0,0.0,6841697.0
2021-09-01,8349173.0,7806085.0,1084.115,277650.0,2799.719,0.15,0.05,0.25,0.0,0.08,0.05,0.25,0.04,0.25,2194.822,338.0,0.0,29.0,74441.0,0.0,0.0,6987408.0
2021-09-02,8349173.0,7806085.0,1066.987,277650.0,2799.719,0.15,0.05,0.25,0.0,0.08,0.05,0.25,0.05,0.25,2194.822,338.0,0.0,29.0,74441.0,0.0,0.0,7004536.0
2021-09-03,8349173.0,7806085.0,1074.707,277650.0,2799.719,0.15,0.05,0.25,0.0,0.08,0.05,0.25,0.04,0.25,2194.822,338.0,0.0,29.0,74441.0,0.0,0.0,6996816.0
2021-09-04,8349173.0,7806085.0,1074.707,277650.0,2799.719,0.15,0.05,0.25,0.0,0.08,0.05,0.25,0.04,0.25,2194.822,338.0,0.0,29.0,74441.0,0.0,0.0,6996816.0
2021-09-05,8349173.0,7806085.0,1074.707,277650.0,2799.719,0.15,0.05,0.25,0.0,0.08,0.05,0.25,0.04,0.25,2194.822,338.0,0.0,29.0,74441.0,0.0,0.0,6996816.0
2021-09-06,8349173.0,7806085.0,1074.707,277650.0,2799.719,0.15,0.05,0.25,0.0,0.08,0.05,0.25,0.04,0.25,2194.822,338.0,0.0,29.0,74441.0,0.0,0.0,6996816.0
2021-09-07,8349173.0,7806085.0,1079.945,277650.0,2799.719,0.15,0.05,0.25,0.0,0.08,0.05,0.25,0.04,0.25,2194.822,338.0,0.0,29.0,74441.0,0.0,0.0,6991578.0
2021-09-08,8357314.0,7813156.0,1115.229,253496.0,2799.719,0.15,0.05,0.25,0.0,0.08,0.05,0.25,0.05,0.25,2194.822,245.0,0.0,25.0,72697.0,0.0,0.0,6988589.0
2021-09-09,8357314.0,7813156.0,1107.659,253496.0,2799.719,0.15,0.05,0.25,0.0,0.08,0.05,0.25,0.07,0.25,2194.822,245.0,0.0,25.0,72697.0,0.0,0.0,6996159.0
2021-09-10,8357314.0,7813156.0,1099.323,253496.0,2799.719,0.15,0.05,0.25,0.0,0.08,0.05,0.25,0.06,0.25,2194.822,245.0,0.0,25.0,72697.0,0.0,0.0,7004495.0
2021-09-11,8357314.0,7813156.0,1099.323,253496.0,2799.719,0.15,0.05,0.25,0.0,0.08,0.05,0.25,0.06,0.25,2194.822,245.0,0.0,25.0,72697.0,0.0,0.0,7004495.0
2021-09-12,8357314.0,7813156.0,1099.323,253496.0,2799.719,0.15,0.05,0.25,0.0,0.08,0.05,0.25,0.06,0.25,2194.822,245.0,0.0,25.0,72697.0,0.0,0.0,7004495.0
2021-09-13,8357314.0,7813156.0,1087.108,253496.0,2799.719,0.15,0.05,0.25,0.0,0.08,0.05,0.25,0.06,0.25,2194.822,245.0,0.0,25.0,72697.0,0.0,0.0,7016710.0
2021-09-14,8357314.0,7813156.0,1169.28,253496.0,2799.719,0.15,0.05,0.25,0.0,0.08,0.05,0.25,0.05,0.25,2194.822,245.0,0.0,25.0,72697.0,0.0,0.0,6934538.0
2021-09-15,8448770.0,7908375.0,1081.342,230328.0,2799.719,0.15,0.05,0.25,0.0,0.08,0.05,0.25,0.04,0.25,2194.822,243.0,0.0,25.0,69906.0,0.0,0.0,7137100.0
2021-09-16,8448770.0,7908375.0,1147.494,230328.0,2799.719,0.15,0.05,0.25,0.0,0.08,0.05,0.25,0.06,0.25,2194.822,243.0,0.0,25.0,69906.0,0.0,0.0,7070948.0
2021-09-17,8448770.0,7908375.0,1218.303,230328.0,2799.719,0.15,0.05,0.25,0.0,0.08,0.05,0.25,0.06,0.25,2194.822,243.0,0.0,25.0,69906.0,0.0,0.0,7000139.0
2021-09-18,8448770.0,7908375.0,1218.303,230328.0,2799.719,0.15,0.05,0.25,0.0,0.08,0.05,0.25,0.06,0.25,2194.822,243.0,0.0,25.0,69906.0,0.0,0.0,7000139.0
2021-09-19,8448770.0,7908375.0,1218.303,230328.0,2799.719,0.15,0.05,0.25,0.0,0.08,0.05,0.25,0.06,0.25,2194.822,243.0,0.0,25.0,69906.0,0.0,0.0,7000139.0
2021-09-20,8448770.0,7908375.0,1224.289,230328.0,2799.719,0.15,0.05,0.25,0.0,0.08,0.05,0.25,0.06,0.25,2194.822,243.0,0.0,25.0,69906.0,0.0,0.0,6994153.0
2021-09-21,8448770.0,7908375.0,1240.494,230328.0,2799.719,0.15,0.05,0.25,0.0,0.08,0.05,0.25,0.05,0.25,2194.822,243.0,0.0,25.0,69906.0,0.0,0.0,6977948.0
2021-09-22,8489824.0,7952278.0,1283.281,308022.0,2799.719,0.15,0.05,0.25,0.0,0.08,0.05,0.25,0.04,0.25,2194.822,382.0,0.0,30.0,64462.0,0.0,0.0,6898521.0
2021-09-23,8489824.0,7952278.0,1352.483,308022.0,2799.719,0.15,0.05,0.25,0.0,0.08,0.05,0.25,0.05,0.25,2194.822,382.0,0.0,30.0,64462.0,0.0,0.0,6829319.0
2021-09-24,8489824.0,7952278.0,1313.657,308022.0,2799.719,0.15,0.05,0.25,0.0,0.08,0.05,0.25,0.06,0.25,2194.822,382.0,0.0,30.0,64462.0,0.0,0.0,6868145.0
2021-09-25,8489824.0,7952278.0,1313.657,308022.0,2799.719,0.15,0.05,0.25,0.0,0.08,0.05,0.25,0.06,0.25,2194.822,382.0,0.0,30.0,64462.0,0.0,0.0,6868145.0
2021-09-26,8489824.0,7952278.0,1313.657,308022.0,2799.719,0.15,0.05,0.25,0.0,0.08,0.05,0.25,0.06,0.25,2194.822,382.0,0.0,30.0,64462.0,0.0,0.0,6868145.0
2021-09-27,8489824.0,7952278.0,1297.05,308022.0,2799.719,0.15,0.05,0.25,0.0,0.08,0.05,0.25,0.06,0.25,2194.822,382.0,0.0,30.0,64462.0,0.0,0.0,6884752.0
2021-09-28,8489824.0,7952278.0,1365.185,308022.0,2799.719,0.15,0.05,0.25,0.0,0.08,0.05,0.25,0.07,0.25,2194.822,382.0,0.0,30.0,64462.0,0.0,0.0,6816617.0
2021-09-29,8447981.0,7928087.0,1415.84,197744.0,2799.719,0.15,0.05,0.25,0.0,0.08,0.05,0.25,0.05,0.25,2194.822,606.0,0.0,31.0,60789.0,0.0,0.0,6834397.0
2021-09-30,8447981.0,7928087.0,1604.881,197744.0,2799.719,0.15,0.05,0.25,0.0,0.06,0.05,0.25,0.07,0.25,2194.822,606.0,0.0,31.0,60789.0,0.0,0.0,6645356.0
2021-10-01,8447981.0,7928087.0,1385.991,197744.0,2799.719,0.15,0.05,0.25,0.0,0.08,0.05,0.25,0.08,0.25,2202.387,606.0,0.0,31.0,60789.0,0.0,0.0,6864246.0
2021-10-02,8447981.0,7928087.0,1385.991,197744.0,2799.719,0.15,0.05,0.25,0.0,0.08,0.05,0.25,0.08,0.25,2202.387,606.0,0.0,31.0,60789.0,0.0,0.0,6864246.0
2021-10-03,8447981.0,7928087.0,1385.991,197744.0,2799.719,0.15,0.05,0.25,0.0,0.08,0.05,0.25,0.08,0.25,2202.387,606.0,0.0,31.0,60789.0,0.0,0.0,6864246.0
2021-10-04,8447981.0,7928087.0,1399.173,197744.0,2799.719,0.15,0.05,0.25,0.0,0.08,0.05,0.25,0.09,0.25,2202.387,606.0,0.0,31.0,60789.0,0.0,0.0,6851064.0
2021-10-05,8447981.0,7928087.0,1431.18,197744.0,2799.719,0.15,0.05,0.25,0.0,0.08,0.05,0.25,0.1,0.25,2202.387,606.0,0.0,31.0,60789.0,0.0,0.0,6819057.0
2021-10-06,8464032.0,7946373.0,1451.175,135582.0,2799.719,0.15,0.05,0.25,0.0,0.08,0.05,0.25,0.06,0.25,2202.387,389.0,0.0,25.0,57714.0,0.0,0.0,6877275.0
2021-10-07,8464032.0,7946373.0,1375.863,135582.0,2799.719,0.15,0.05,0.25,0.0,0.08,0.05,0.25,0.03,0.25,2202.387,389.0,0.0,25.0,57714.0,0.0,0.0,6952587.0
2021-10-08,8464032.0,7946373.0,1371.958,135582.0,2799.719,0.15,0.05,0.25,0.0,0.08,0.05,0.25,0.02,0.25,2202.387,389.0,0.0,25.0,57714.0,0.0,0.0,6956492.0
2021-10-09,8464032.0,7946373.0,1371.958,135582.0,2799.719,0.15,0.05,0.25,0.0,0.08,0.05,0.25,0.02,0.25,2202.387,389.0,0.0,25.0,57714.0,0.0,0.0,6956492.0
2021-10-10,8464032.0,7946373.0,1371.958,135582.0,2799.719,0.15,0.05,0.25,0.0,0.08,0.05,0.25,0.02,0.25,2202.387,389.0,0.0,25.0,57714.0,0.0,0.0,6956492.0
2021-10-11,8464032.0,7946373.0,1371.958,135582.0,2799.719,0.15,0.05,0.25,0.0,0.08,0.05,0.25,0.02,0.25,2202.387,389.0,0.0,25.0,57714.0,0.0,0.0,6956492.0
2021-10-12,8464032.0,7946373.0,1367.051,135582.0,2799.719,0.15,0.05,0.25,0.0,0.08,0.05,0.25,0.03,0.25,2202.387,389.0,0.0,25.0,57714.0,0.0,0.0,6961399.0
2021-10-13,8480942.0,7963030.0,1364.701,77858.0,2799.719,0.15,0.05,0.25,0.0,0.08,0.05,0.25,0.03,0.25,2202.387,418.0,0.0,18.0,55000.0,0.0,0.0,7038383.0
2021-10-14,8480942.0,7963030.0,1445.66,77858.0,2799.719,0.15,0.05,0.25,0.0,0.08,0.05,0.25,0.05,0.25,2202.387,418.0,0.0,18.0,55000.0,0.0,0.0,6957424.0
2021-10-15,8480942.0,7963030.0,1462.297,77858.0,2799.719,0.15,0.05,0.25,0.0,0.08,0.05,0.25,0.04,0.25,2202.387,418.0,0.0,18.0,55000.0,0.0,0.0,6940787.0
2021-10-16,8480942.0,7963030.0,1462.297,77858.0,2799.719,0.15,0.05,0.25,0.0,0.08,0.05,0.25,0.04,0.25,2202.387,418.0,0.0,18.0,55000.0,0.0,0.0,6940787.0
2021-10-17,8480942.0,7963030.0,1462.297,77858.0,2799.719,0.15,0.05,0.25,0.0,0.08,0.05,0.25,0.04,0.25,2202.387,418.0,0.0,18.0,55000.0,0.0,0.0,6940787.0
2021-10-18,8480942.0,7963030.0,1477.114,77858.0,2799.719,0.15,0.05,0.25,0.0,0.08,0.05,0.25,0.05,0.25,2202.387,418.0,0.0,18.0,55000.0,0.0,0.0,6925970.0
2021-10-19,8480942.0,7963030.0,1470.739,77858.0,2799.719,0.15,0.03,0.25,0.0,0.08,0.05,0.25,0.06,0.25,2202.387,418.0,0.0,18.0,55000.0,0.0,0.0,6932345.0
2021-10-20,8564943.0,8048546.0,1493.961,83386.0,2799.719,0.15,0.03,0.25,0.0,0.08,0.05,0.25,0.06,0.25,2202.387,606.0,0.0,11.0,52144.0,0.0,0.0,6987596.0
2021-10-21,8564943.0,8048546.0,1458.605,83386.0,2799.719,0.15,0.03,0.25,0.0,0.08,0.05,0.25,0.06,0.25,2202.387,606.0,0.0,11.0,52144.0,0.0,0.0,7022952.0
2021-10-22,8564943.0,8048546.0,1403.02,83386.0,2799.719,0.15,0.05,0.25,0.0,0.08,0.05,0.25,0.05,0.25,2202.387,606.0,0.0,11.0,52144.0,0.0,0.0,7078537.0
2021-10-23,8564943.0,8048546.0,1403.02,83386.0,2799.719,0.15,0.05,0.25,0.0,0.08,0.05,0.25,0.05,0.25,2202.387,606.0,0.0,11.0,52144.0,0.0,0.0,7078537.0
2021-10-24,8564943.0,8048546.0,1403.02,83386.0,2799.719,0.15,0.05,0.25,0.0,0.08,0.05,0.25,0.05,0.25,2202.387,606.0,0.0,11.0,52144.0,0.0,0.0,7078537.0
2021-10-25,8564943.0,8048546.0,1413.188,83386.0,2799.719,0.15,0.04,0.25,0.0,0.08,0.05,0.25,0.07,0.25,2202.387,606.0,0.0,11.0,52144.0,0.0,0.0,7068369.0
2021-10-26,8564943.0,8048546.0,1423.198,83386.0,2799.719,0.15,0.05,0.25,0.0,0.08,0.05,0.25,0.06,0.25,2202.387,606.0,0.0,11.0,52144.0,0.0,0.0,7058359.0
2021-10-27,8556181.0,8043453.0,1433.37,213291.0,2799.719,0.15,0.05,0.25,0.0,0.08,0.05,0.25,0.06,0.25,2202.387,605.0,0.0,12.0,49930.0,0.0,0.0,6909520.0
2021-10-28,8556181.0,8043453.0,1384.684,213291.0,2799.719,0.15,0.05,0.25,0.0,0.08,0.05,0.25,0.06,0.25,2202.387,605.0,0.0,12.0,49930.0,0.0,0.0,6958206.0
2021-10-29,8556181.0,8043453.0,1502.296,213291.0,2799.719,0.15,0.05,0.25,0.0,0.07,0.05,0.25,0.06,0.25,2202.387,605.0,0.0,12.0,49930.0,0.0,0.0,6840594.0
2021-10-30,8556181.0,8043453.0,1502.296,213291.0,2799.719,0.15,0.05,0.25,0.0,0.07,0.05,0.25,0.06,0.25,2202.387,605.0,0.0,12.0,49930.0,0.0,0.0,6840594.0
2021-10-31,8556181.0,8043453.0,1502.296,213291.0,2799.719,0.15,0.05,0.25,0.0,0.07,0.05,0.25,0.06,0.25,2202.387,605.0,0.0,12.0,49930.0,0.0,0.0,6840594.0
2021-11-01,8556181.0,8043453.0,1358.606,213291.0,2799.719,0.15,0.05,0.25,0.0,0.08,0.05,0.25,0.05,0.25,2211.54,605.0,0.0,12.0,49930.0,0.0,0.0,6984284.0
2021-11-02,8556181.0,8043453.0,1329.913,213291.0,2799.719,0.15,0.05,0.25,0.0,0.08,0.05,0.25,0.05,0.25,2211.54,605.0,0.0,12.0,49930.0,0.0,0.0,7012977.0
2021-11-03,8574871.0,8063390.0,1343.985,280205.0,2799.719,0.15,0.05,0.25,0.0,0.08,0.05,0.25,0.05,0.25,2211.54,259.0,0.0,10.0,48047.0,0.0,0.0,6950681.0
2021-11-04,8574871.0,8063390.0,1348.539,280205.0,2799.719,0.15,0.05,0.25,0.0,0.08,0.05,0.25,0.05,0.25,2211.54,259.0,0.0,10.0,48047.0,0.0,0.0,6946127.0
2021-11-05,8574871.0,8063390.0,1354.059,280205.0,2799.719,0.15,0.05,0.25,0.0,0.08,0.05,0.25,0.05,0.25,2211.54,259.0,0.0,10.0,48047.0,0.0,0.0,6940607.0
2021-11-06,8574871.0,8063390.0,1354.059,280205.0,2799.719,0.15,0.05,0.25,0.0,0.08,0.05,0.25,0.05,0.25,2211.54,259.0,0.0,10.0,48047.0,0.0,0.0,6940607.0
2021-11-07,8574871.0,8063390.0,1354.059,280205.0,2799.719,0.15,0.05,0.25,0.0,0.08,0.05,0.25,0.05,0.25,2211.54,259.0,0.0,10.0,48047.0,0.0,0.0,6940607.0
2021-11-08,8574871.0,8063390.0,1354.382,280205.0,2799.719,0.15,0.05,0.25,0.0,0.08,0.05,0.25,0.04,0.25,2211.54,259.0,0.0,10.0,48047.0,0.0,0.0,6940284.0
2021-11-09,8574871.0,8063390.0,1377.197,280205.0,2799.719,0.15,0.05,0.25,0.0,0.08,0.05,0.25,0.04,0.25,2211.54,259.0,0.0,10.0,48047.0,0.0,0.0,6917469.0
2021-11-10,8663117.0,8148320.0,1448.623,259293.0,2799.719,0.15,0.05,0.25,0.0,0.08,0.05,0.25,0.06,0.25,2211.54,449.0,0.0,10.0,46471.0,0.0,0.0,6955201.0
2021-11-11,8663117.0,8148320.0,1448.623,259293.0,2799.719,0.15,0.05,0.25,0.0,0.08,0.05,0.25,0.06,0.25,2211.54,449.0,0.0,10.0,46471.0,0.0,0.0,6955201.0
2021-11-12,8663117.0,8148320.0,1417.643,259293.0,2799.719,0.15,0.05,0.25,0.0,0.08,0.05,0.25,0.05,0.25,2211.54,449.0,0.0,10.0,46471.0,0.0,0.0,6986181.0
2021-11-13,8663117.0,8148320.0,1417.643,259293.0,2799.719,0.15,0.05,0.25,0.0,0.08,0.05,0.25,0.05,0.25,2211.54,449.0,0.0,10.0,46471.0,0.0,0.0,6986181.0
2021-11-14,8663117.0,8148320.0,1417.643,259293.0,2799.719,0.15,0.05,0.25,0.0,0.08,0.05,0.25,0.05,0.25,2211.54,449.0,0.0,10.0,46471.0,0.0,0.0,6986181.0
2021-11-15,8663117.0,8148320.0,1391.657,259293.0,2799.719,0.15,0.05,0.25,0.0,0.08,0.05,0.25,0.06,0.25,2211.54,449.0,0.0,10.0,46471.0,0.0,0.0,7012167.0
2021-11-16,8663117.0,8148320.0,1466.857,259293.0,2799.719,0.15,0.05,0.25,0.0,0.08,0.05,0.25,0.06,0.25,2211.54,449.0,0.0,10.0,46471.0,0.0,0.0,6936967.0
2021-11-17,8674970.0,8179303.0,1520.0,211453.0,2799.719,0.15,0.05,0.25,0.0,0.08,0.05,0.25,0.06,0.25,2211.54,355.0,0.0,5.0,43681.0,0.0,0.0,6943517.0
2021-11-18,8674970.0,8179303.0,1584.097,211453.0,2799.719,0.15,0.05,0.25,0.0,0.08,0.05,0.25,0.12,0.25,2211.54,355.0,0.0,5.0,43681.0,0.0,0.0,6879420.0
2021-11-19,8674970.0,8179303.0,1575.384,211453.0,2799.719,0.15,0.05,0.25,0.0,0.08,0.05,0.25,0.11,0.25,2211.54,355.0,0.0,5.0,43681.0,0.0,0.0,6888133.0
2021-11-20,8674970.0,8179303.0,1575.384,211453.0,2799.719,0.15,0.05,0.25,0.0,0.08,0.05,0.25,0.11,0.25,2211.54,355.0,0.0,5.0,43681.0,0.0,0.0,6888133.0
2021-11-21,8674970.0,8179303.0,1575.384,211453.0,2799.719,0.15,0.05,0.25,0.0,0.08,0.05,0.25,0.11,0.25,2211.54,355.0,0.0,5.0,43681.0,0.0,0.0,6888133.0
2021-11-22,8674970.0,8179303.0,1573.769,211453.0,2799.719,0.15,0.05,0.25,0.0,0.08,0.05,0.25,0.07,0.25,2211.54,355.0,0.0,5.0,43681.0,0.0,0.0,6889748.0
2021-11-23,8674970.0,8179303.0,1571.98,211453.0,2799.719,0.15,0.05,0.25,0.0,0.08,0.05,0.25,0.06,0.25,2211.54,355.0,0.0,5.0,43681.0,0.0,0.0,6891537.0
2021-11-24,8681771.0,8190973.0,1452.897,164087.0,2799.719,0.15,0.05,0.25,0.0,0.08,0.05,0.25,0.14,0.25,2211.54,315.0,0.0,5.0,41934.0,0.0,0.0,7064787.0
2021-11-25,8681771.0,8190973.0,1452.897,164087.0,2799.719,0.15,0.05,0.25,0.0,0.08,0.05,0.25,0.14,0.25,2211.54,315.0,0.0,5.0,41934.0,0.0,0.0,7064787.0
2021-11-26,8681771.0,8190973.0,1451.108,164087.0,2799.719,0.15,0.05,0.25,0.0,0.08,0.05,0.25,0.11,0.25,2211.54,315.0,0.0,5.0,41934.0,0.0,0.0,7066576.0
2021-11-27,8681771.0,8190973.0,1451.108,164087.0,2799.719,0.15,0.05,0.25,0.0,0.08,0.05,0.25,0.11,0.25,2211.54,315.0,0.0,5.0,41934.0,0.0,0.0,7066576.0
2021-11-28,8681771.0,8190973.0,1451.108,164087.0,2799.719,0.15,0.05,0.25,0.0,0.08,0.05,0.25,0.11,0.25,2211.54,315.0,0.0,5.0,41934.0,0.0,0.0,7066576.0
2021-11-29,8681771.0,8190973.0,1459.339,164087.0,2799.719,0.15,0.05,0.25,0.0,0.08,0.05,0.25,0.07,0.25,2211.54,315.0,0.0,5.0,41934.0,0.0,0.0,7058345.0
2021-11-30,8681771.0,8190973.0,1517.956,164087.0,2799.719,0.15,0.05,0.25,0.0,0.07,0.05,0.25,0.11,0.25,2211.54,315.0,0.0,5.0,41934.0,0.0,0.0,6999728.0
2021-12-01,8650402.0,8165351.0,1427.347,152651.0,2799.719,0.15,0.05,0.25,0.0,0.08,0.05,0.25,0.09,0.25,2223.817,429.0,0.0,0.0,40561.0,0.0,0.0,7070404.0
2021-12-02,8650402.0,8165351.0,1448.585,152651.0,2799.719,0.15,0.05,0.25,0.0,0.08,0.05,0.25,0.05,0.25,2223.817,429.0,0.0,0.0,40561.0,0.0,0.0,7049166.0
2021-12-03,8650402.0,8165351.0,1475.464,152651.0,2799.719,0.15,0.05,0.25,0.0,0.08,0.05,0.25,0.04,0.25,2223.817,429.0,0.0,0.0,40561.0,0.0,0.0,7022287.0
2021-12-04,8650402.0,8165351.0,1475.464,152651.0,2799.719,0.15,0.05,0.25,0.0,0.08,0.05,0.25,0.04,0.25,2223.817,429.0,0.0,0.0,40561.0,0.0,0.0,7022287.0
2021-12-05,8650402.0,8165351.0,1475.464,152651.0,2799.719,0.15,0.05,0.25,0.0,0.08,0.05,0.25,0.04,0.25,2223.817,429.0,0.0,0.0,40561.0,0.0,0.0,7022287.0
2021-12-06,8650402.0,8165351.0,1487.996,152651.0,2799.719,0.15,0.05,0.25,0.0,0.08,0.05,0.25,0.05,0.25,2223.817,429.0,0.0,0.0,40561.0,0.0,0.0,7009755.0
2021-12-07,8650402.0,8165351.0,1455.038,152651.0,2799.719,0.15,0.05,0.25,0.0,0.08,0.05,0.25,0.05,0.25,2223.817,429.0,0.0,0.0,40561.0,0.0,0.0,7042713.0
2021-12-08,8664524.0,8177435.0,1484.192,115117.0,2799.719,0.15,0.05,0.25,0.0,0.08,0.05,0.25,0.04,0.25,2223.817,378.0,0.0,0.0,39307.0,0.0,0.0,7065215.0
2021-12-09,8664524.0,8177435.0,1500.027,115117.0,2799.719,0.15,0.05,0.25,0.0,0.08,0.05,0.25,0.03,0.25,2223.817,378.0,0.0,0.0,39307.0,0.0,0.0,7049380.0
2021-12-10,8664524.0,8177435.0,1507.147,115117.0,2799.719,0.15,0.05,0.25,0.0,0.08,0.05,0.25,0.03,0.25,2223.817,378.0,0.0,0.0,39307.0,0.0,0.0,7042260.0
2021-12-11,8664524.0,8177435.0,1507.147,115117.0,2799.719,0.15,0.05,0.25,0.0,0.08,0.05,0.25,0.03,0.25,2223.817,378.0,0.0,0.0,39307.0,0.0,0.0,7042260.0
2021-12-12,8664524.0,8177435.0,1507.147,115117.0,2799.719,0.15,0.05,0.25,0.0,0.08,0.05,0.25,0.03,0.25,2223.817,378.0,0.0,0.0,39307.0,0.0,0.0,7042260.0
2021-12-13,8664524.0,8177435.0,1599.768,115117.0,2799.719,0.15,0.05,0.25,0.0,0.08,0.05,0.25,0.01,0.25,2223.817,378.0,0.0,0.0,39307.0,0.0,0.0,6949639.0
2021-12-14,8664524.0,8177435.0,1584.488,115117.0,2799.719,0.15,0.05,0.25,0.0,0.08,0.05,0.25,0.02,0.25,2223.817,378.0,0.0,0.0,39307.0,0.0,0.0,6964919.0
2021-12-15,8756666.0,8268766.0,1621.097,104798.0,2799.719,0.15,0.05,0.25,0.0,0.08,0.05,0.25,0.03,0.25,2223.817,469.0,0.0,0.0,37821.0,0.0,0.0,7030771.0
2021-12-16,8756666.0,8268766.0,1657.626,104798.0,2799.719,0.15,0.05,0.25,0.0,0.08,0.05,0.25,0.04,0.25,2223.817,469.0,0.0,0.0,37821.0,0.0,0.0,6994242.0
2021-12-17,8756666.0,8268766.0,1704.586,104798.0,2799.719,0.15,0.05,0.25,0.0,0.08,0.05,0.25,0.03,0.25,2223.817,469.0,0.0,0.0,37821.0,0.0,0.0,6947282.0
2021-12-18,8756666.0,8268766.0,1704.586,104798.0,2799.719,0.15,0.05,0.25,0.0,0.08,0.05,0.25,0.03,0.25,2223.817,469.0,0.0,0.0,37821.0,0.0,0.0,6947282.0
2021-12-19,8756666.0,8268766.0,1704.586,104798.0,2799.719,0.15,0.05,0.25,0.0,0.08,0.05,0.25,0.03,0.25,2223.817,469.0,0.0,0.0,37821.0,0.0,0.0,6947282.0
2021-12-20,8756666.0,8268766.0,1758.041,104798.0,2799.719,0.15,0.04,0.25,0.0,0.08,0.05,0.25,0.03,0.25,2223.817,469.0,0.0,0.0,37821.0,0.0,0.0,6893827.0
2021-12-21,8756666.0,8268766.0,1748.285,104798.0,2799.719,0.15,0.05,0.25,0.0,0.08,0.05,0.25,0.03,0.25,2223.817,469.0,0.0,0.0,37821.0,0.0,0.0,6903583.0
2021-12-22,8790495.0,8301831.0,1699.277,84954.0,2799.719,0.15,0.05,0.25,0.0,0.08,0.05,0.25,0.03,0.25,2223.817,733.0,0.0,0.0,36350.0,0.0,0.0,7006264.0
2021-12-23,8790495.0,8301831.0,1577.78,84954.0,2799.719,0.15,0.05,0.25,0.0,0.08,0.05,0.25,0.04,0.25,2223.817,733.0,0.0,0.0,36350.0,0.0,0.0,7127761.0
2021-12-24,8790495.0,8301831.0,1577.78,84954.0,2799.719,0.15,0.05,0.25,0.0,0.08,0.05,0.25,0.04,0.25,2223.817,733.0,0.0,0.0,36350.0,0.0,0.0,7127761.0
2021-12-25,8790495.0,8301831.0,1577.78,84954.0,2799.719,0.15,0.05,0.25,0.0,0.08,0.05,0.25,0.04,0.25,2223.817,733.0,0.0,0.0,36350.0,0.0,0.0,7127761.0
2021-12-26,8790495.0,8301831.0,1577.78,84954.0,2799.719,0.15,0.05,0.25,0.0,0.08,0.05,0.25,0.04,0.25,2223.817,733.0,0.0,0.0,36350.0,0.0,0.0,7127761.0
2021-12-27,8790495.0,8301831.0,1580.347,84954.0,2799.719,0.15,0.05,0.25,0.0,0.08,0.05,0.25,0.04,0.25,2223.817,733.0,0.0,0.0,36350.0,0.0,0.0,7125194.0
2021-12-28,8790495.0,8301831.0,1637.064,84954.0,2799.719,0.15,0.05,0.25,0.0,0.08,0.05,0.25,0.03,0.25,2223.817,733.0,0.0,0.0,36350.0,0.0,0.0,7068477.0
2021-12-29,8757460.0,8270111.0,1642.506,211849.0,2799.719,0.15,0.05,0.25,0.0,0.08,0.05,0.25,0.01,0.25,2223.817,640.0,0.0,0.0,34312.0,0.0,0.0,6903105.0
2021-12-30,8757460.0,8270111.0,1696.476,211849.0,2799.719,0.15,0.05,0.25,0.0,0.08,0.05,0.25,0.06,0.25,2223.817,640.0,0.0,0.0,34312.0,0.0,0.0,6849135.0
2021-12-31,8757460.0,8270111.0,1904.582,211849.0,2799.719,0.15,0.05,0.25,0.0,0.07,0.05,0.25,0.06,0.25,2223.817,640.0,0.0,0.0,34312.0,0.0,0.0,6641029.0
2022-01-01,8757460.0,8270111.0,1904.582,211849.0,2799.719,0.15,0.05,0.25,0.0,0.07,0.05,0.25,0.06,0.25,2233.526,640.0,0.0,0.0,34312.0,0.0,0.0,6641029.0
2022-01-02,8757460.0,8270111.0,1904.582,211849.0,2799.719,0.15,0.05,0.25,0.0,0.07,0.05,0.25,0.06,0.25,2233.526,640.0,0.0,0.0,34312.0,0.0,0.0,6641029.0
2022-01-03,8757460.0,8270111.0,1579.526,211849.0,2799.719,0.15,0.05,0.25,0.0,0.08,0.05,0.25,0.05,0.25,2233.526,640.0,0.0,0.0,34312.0,0.0,0.0,6966085.0
2022-01-04,8757460.0,8270111.0,1495.692,211849.0,2799.719,0.15,0.05,0.25,0.0,0.08,0.05,0.25,0.06,0.25,2233.526,640.0,0.0,0.0,34312.0,0.0,0.0,7049919.0
2022-01-05,8765721.0,8279184.0,1492.787,389751.0,2799.719,0.15,0.05,0.25,0.0,0.08,0.05,0.25,0.05,0.25,2233.526,370.0,0.0,0.0,33487.0,0.0,0.0,6883183.0
2022-01-06,8765721.0,8279184.0,1510.553,389751.0,2799.719,0.15,0.05,0.25,0.0,0.08,0.05,0.25,0.04,0.25,2233.526,370.0,0.0,0.0,33487.0,0.0,0.0,6865417.0
2022-01-07,8765721.0,8279184.0,1530.096,389751.0,2799.719,0.15,0.05,0.25,0.0,0.08,0.05,0.25,0.05,0.25,2233.526,370.0,0.0,0.0,33487.0,0.0,0.0,6845874.0
2022-01-08,8765721.0,8279184.0,1530.096,389751.0,2799.719,0.15,0.05,0.25,0.0,0.08,0.05,0.25,0.05,0.25,2233.526,370.0,0.0,0.0,33487.0,0.0,0.0,6845874.0
2022-01-09,8765721.0,8279184.0,1530.096,389751.0,2799.719,0.15,0.05,0.25,0.0,0.08,0.05,0.25,0.05,0.25,2233.526,370.0,0.0,0.0,33487.0,0.0,0.0,6845874.0
2022-01-10,8765721.0,8279184.0,1560.421,389751.0,2799.719,0.15,0.05,0.25,0.0,0.08,0.05,0.25,0.05,0.25,2233.526,370.0,0.0,0.0,33487.0,0.0,0.0,6815549.0
2022-01-11,8765721.0,8279184.0,1527.02,389751.0,2799.719,0.15,0.05,0.25,0.0,0.08,0.05,0.25,0.04,0.25,2233.526,370.0,0.0,0.0,33487.0,0.0,0.0,6848950.0
2022-01-12,8788278.0,8302651.0,1536.981,456401.0,2799.719,0.15,0.05,0.25,0.0,0.08,0.05,0.25,0.04,0.25,2233.526,411.0,0.0,0.0,32277.0,0.0,0.0,6794896.0
2022-01-13,8788278.0,8302651.0,1636.742,456401.0,2799.719,0.15,0.05,0.25,0.0,0.08,0.05,0.25,0.05,0.25,2233.526,411.0,0.0,0.0,32277.0,0.0,0.0,6695135.0
2022-01-14,8788278.0,8302651.0,1598.887,456401.0,2799.719,0.15,0.05,0.25,0.0,0.08,0.05,0.25,0.05,0.25,2233.526,411.0,0.0,0.0,32277.0,0.0,0.0,6732990.0
2022-01-15,8788278.0,8302651.0,1598.887,456401.0,2799.719,0.15,0.05,0.25,0.0,0.08,0.05,0.25,0.05,0.25,2233.526,411.0,0.0,0.0,32277.0,0.0,0.0,6732990.0
2022-01-16,8788278.0,8302651.0,1598.887,456401.0,2799.719,0.15,0.05,0.25,0.0,0.08,0.05,0.25,0.05,0.25,2233.526,411.0,0.0,0.0,32277.0,0.0,0.0,6732990.0
2022-01-17,8788278.0,8302651.0,1598.887,456401.0,2799.719,0.15,0.05,0.25,0.0,0.08,0.05,0.25,0.05,0.25,2233.526,411.0,0.0,0.0,32277.0,0.0,0.0,6732990.0
2022-01-18,8788278.0,8302651.0,1597.137,456401.0,2799.719,0.15,0.05,0.25,0.0,0.08,0.05,0.25,0.05,0.25,2233.526,411.0,0.0,0.0,32277.0,0.0,0.0,6734740.0
2022-01-19,8867834.0,8381950.0,1656.576,488697.0,2799.719,0.15,0.05,0.25,0.0,0.08,0.05,0.25,0.05,0.25,2233.526,469.0,0.0,0.0,31138.0,0.0,0.0,6722561.0
2022-01-20,8867834.0,8381950.0,1678.931,488697.0,2799.719,0.15,0.04,0.25,0.0,0.08,0.05,0.25,0.05,0.25,2233.526,469.0,0.0,0.0,31138.0,0.0,0.0,6700206.0
2022-01-21,8867834.0,8381950.0,1706.127,488697.0,2799.719,0.15,0.05,0.25,0.0,0.08,0.05,0.25,0.05,0.25,2233.526,469.0,0.0,0.0,31138.0,0.0,0.0,6673010.0
2022-01-22,8867834.0,8381950.0,1706.127,488697.0,2799.719,0.15,0.05,0.25,0.0,0.08,0.05,0.25,0.05,0.25,2233.526,469.0,0.0,0.0,31138.0,0.0,0.0,6673010.0
2022-01-23,8867834.0,8381950.0,1706.127,488697.0,2799.719,0.15,0.05,0.25,0.0,0.08,0.05,0.25,0.05,0.25,2233.526,469.0,0.0,0.0,31138.0,0.0,0.0,6673010.0
2022-01-24,8867834.0,8381950.0,1614.002,488697.0,2799.719,0.15,0.04,0.25,0.0,0.08,0.05,0.25,0.05,0.25,2233.526,469.0,0.0,0.0,31138.0,0.0,0.0,6765135.0
2022-01-25,8867834.0,8381950.0,1599.502,488697.0,2799.719,0.15,0.05,0.25,0.0,0.08,0.05,0.25,0.05,0.25,2233.526,469.0,0.0,0.0,31138.0,0.0,0.0,6779635.0
2022-01-26,8860485.0,8379384.0,1613.046,614877.0,2799.719,0.15,0.04,0.25,0.0,0.08,0.05,0.25,0.06,0.25,2233.526,345.0,0.0,0.0,30226.0,0.0,0.0,6632562.0
2022-01-27,8860485.0,8379384.0,1583.895,614877.0,2799.719,0.15,0.04,0.25,0.0,0.08,0.05,0.25,0.04,0.25,2233.526,345.0,0.0,0.0,30226.0,0.0,0.0,6661713.0
2022-01-28,8860485.0,8379384.0,1615.021,614877.0,2799.719,0.15,0.05,0.25,0.0,0.08,0.05,0.25,0.04,0.25,2233.526,345.0,0.0,0.0,30226.0,0.0,0.0,6630587.0
2022-01-29,8860485.0,8379384.0,1615.021,614877.0,2799.719,0.15,0.05,0.25,0.0,0.08,0.05,0.25,0.04,0.25,2233.526,345.0,0.0,0.0,30226.0,0.0,0.0,6630587.0
2022-01-30,8860485.0,8379384.0,1615.021,614877.0,2799.719,0.15,0.05,0.25,0.0,0.08,0.05,0.25,0.04,0.25,2233.526,345.0,0.0,0.0,30226.0,0.0,0.0,6630587.0
2022-01-31,8860485.0,8379384.0,1654.85,614877.0,2799.719,0.15,0.05,0.25,0.0,0.08,0.05,0.25,0.03,0.25,2233.526,345.0,0.0,0.0,30226.0,0.0,0.0,6590758.0
2022-02-01,8860485.0,8379384.0,1584.109,614877.0,2799.719,0.15,0.05,0.25,0.0,0.08,0.05,0.25,0.04,0.25,2231.98,345.0,0.0,0.0,30226.0,0.0,0.0,6661499.0
2022-02-02,8873211.0,8391301.0,1626.895,675773.0,2799.719,0.15,0.05,0.25,0.0,0.08,0.05,0.25,0.04,0.25,2231.98,268.0,0.0,0.0,29361.0,0.0,0.0,6570543.0
2022-02-03,8873211.0,8391301.0,1640.397,675773.0,2799.719,0.15,0.05,0.25,0.0,0.08,0.05,0.25,0.03,0.25,2231.98,268.0,0.0,0.0,29361.0,0.0,0.0,6557041.0
2022-02-04,8873211.0,8391301.0,1642.892,675773.0,2799.719,0.15,0.05,0.25,0.0,0.08,0.05,0.25,0.05,0.25,2231.98,268.0,0.0,0.0,29361.0,0.0,0.0,6554546.0
2022-02-05,8873211.0,8391301.0,1642.892,675773.0,2799.719,0.15,0.05,0.25,0.0,0.08,0.05,0.25,0.05,0.25,2231.98,268.0,0.0,0.0,29361.0,0.0,0.0,6554546.0
2022-02-06,8873211.0,8391301.0,1642.892,675773.0,2799.719,0.15,0.05,0.25,0.0,0.08,0.05,0.25,0.05,0.25,2231.98,268.0,0.0,0.0,29361.0,0.0,0.0,6554546.0
2022-02-07,8873211.0,8391301.0,1679.932,675773.0,2799.719,0.15,0.05,0.25,0.0,0.08,0.05,0.25,0.03,0.25,2231.98,268.0,0.0,0.0,29361.0,0.0,0.0,6517506.0
2022-02-08,8873211.0,8391301.0,1674.61,675773.0,2799.719,0.15,0.05,0.25,0.0,0.08,0.05,0.25,0.03,0.25,2231.98,268.0,0.0,0.0,29361.0,0.0,0.0,6522828.0
2022-02-09,8878009.0,8395061.0,1653.153,686384.0,2799.719,0.15,0.04,0.25,0.0,0.08,0.05,0.25,0.04,0.25,2231.98,394.0,0.0,0.0,28138.0,0.0,0.0,6538472.0
2022-02-10,8878009.0,8395061.0,1634.146,686384.0,2799.719,0.15,0.05,0.25,0.0,0.08,0.05,0.25,0.05,0.25,2231.98,394.0,0.0,0.0,28138.0,0.0,0.0,6557479.0
2022-02-11,8878009.0,8395061.0,1635.826,686384.0,2799.719,0.15,0.05,0.25,0.0,0.08,0.05,0.25,0.03,0.25,2231.98,394.0,0.0,0.0,28138.0,0.0,0.0,6555799.0
2022-02-12,8878009.0,8395061.0,1635.826,686384.0,2799.719,0.15,0.05,0.25,0.0,0.08,0.05,0.25,0.03,0.25,2231.98,394.0,0.0,0.0,28138.0,0.0,0.0,6555799.0
2022-02-13,8878009.0,8395061.0,1635.826,686384.0,2799.719,0.15,0.05,0.25,0.0,0.08,0.05,0.25,0.03,0.25,2231.98,394.0,0.0,0.0,28138.0,0.0,0.0,6555799.0
2022-02-14,8878009.0,8395061.0,1666.232,686384.0,2799.719,0.15,0.05,0.25,0.0,0.08,0.05,0.25,0.03,0.25,2231.98,394.0,0.0,0.0,28138.0,0.0,0.0,6525393.0
2022-02-15,8878009.0,8395061.0,1608.494,686384.0,2799.719,0.15,0.05,0.25,0.0,0.08,0.05,0.25,0.02,0.25,2231.98,394.0,0.0,0.0,28138.0,0.0,0.0,6583131.0
2022-02-16,8911033.0,8445579.0,1644.134,692541.0,2799.719,0.15,0.05,0.25,0.0,0.08,0.05,0.25,0.03,0.25,2231.98,1112.0,0.0,0.0,27594.0,0.0,0.0,6574358.0
2022-02-17,8911033.0,8445579.0,1647.202,692541.0,2799.719,0.15,0.05,0.25,0.0,0.08,0.05,0.25,0.06,0.25,2231.98,1112.0,0.0,0.0,27594.0,0.0,0.0,6571290.0
2022-02-18,8911033.0,8445579.0,1674.929,692541.0,2799.719,0.15,0.05,0.25,0.0,0.08,0.05,0.25,0.03,0.25,2231.98,1112.0,0.0,0.0,27594.0,0.0,0.0,6543563.0
2022-02-19,8911033.0,8445579.0,1674.929,692541.0,2799.719,0.15,0.05,0.25,0.0,0.08,0.05,0.25,0.03,0.25,2231.98,1112.0,0.0,0.0,27594.0,0.0,0.0,6543563.0
2022-02-20,8911033.0,8445579.0,1674.929,692541.0,2799.719,0.15,0.05,0.25,0.0,0.08,0.05,0.25,0.03,0.25,2231.98,1112.0,0.0,0.0,27594.0,0.0,0.0,6543563.0
2022-02-21,8911033.0,8445579.0,1674.929,692541.0,2799.719,0.15,0.05,0.25,0.0,0.08,0.05,0.25,0.03,0.25,2231.98,1112.0,0.0,0.0,27594.0,0.0,0.0,6543563.0
2022-02-22,8911033.0,8445579.0,1699.432,692541.0,2799.719,0.15,0.05,0.25,0.0,0.08,0.05,0.25,0.03,0.25,2231.98,1112.0,0.0,0.0,27594.0,0.0,0.0,6519060.0
2022-02-23,8928129.0,8461992.0,1738.322,697838.0,2799.719,0.15,0.05,0.25,0.0,0.08,0.05,0.25,0.02,0.25,2231.98,1584.0,0.0,0.0,26623.0,0.0,0.0,6491969.0
2022-02-24,8928129.0,8461992.0,1650.399,697838.0,2799.719,0.15,0.05,0.25,0.0,0.08,0.05,0.25,0.05,0.25,2231.98,1584.0,0.0,0.0,26623.0,0.0,0.0,6579892.0
2022-02-25,8928129.0,8461992.0,1603.349,697838.0,2799.719,0.15,0.05,0.25,0.0,0.08,0.05,0.25,0.03,0.25,2231.98,1584.0,0.0,0.0,26623.0,0.0,0.0,6626942.0
2022-02-26,8928129.0,8461992.0,1603.349,697838.0,2799.719,0.15,0.05,0.25,0.0,0.08,0.05,0.25,0.03,0.25,2231.98,1584.0,0.0,0.0,26623.0,0.0,0.0,6626942.0
2022-02-27,8928129.0,8461992.0,1603.349,697838.0,2799.719,0.15,0.05,0.25,0.0,0.08,0.05,0.25,0.03,0.25,2231.98,1584.0,0.0,0.0,26623.0,0.0,0.0,6626942.0
2022-02-28,8928129.0,8461992.0,1596.052,697838.0,2799.719,0.15,0.05,0.25,0.0,0.08,0.05,0.25,0.06,0.25,2231.98,1584.0,0.0,0.0,26623.0,0.0,0.0,6634239.0
2022-03-01,8928129.0,8461992.0,1552.95,697838.0,2799.719,0.15,0.05,0.25,0.0,0.08,0.05,0.25,0.11,0.25,2257.485,1584.0,0.0,0.0,26623.0,0.0,0.0,6677341.0
2022-03-02,8904455.0,8442811.0,1526.211,682903.0,2799.719,0.15,0.05,0.25,0.0,0.08,0.05,0.25,0.13,0.25,2257.485,1827.0,0.0,0.0,26093.0,0.0,0.0,6695341.0
2022-03-03,8904455.0,8442811.0,1533.992,682903.0,2799.719,0.15,0.05,0.25,0.0,0.08,0.05,0.25,0.19,0.25,2257.485,1827.0,0.0,0.0,26093.0,0.0,0.0,6687560.0
2022-03-04,8904455.0,8442811.0,1483.061,682903.0,2799.719,0.15,0.05,0.25,0.0,0.08,0.05,0.25,0.15,0.25,2257.485,1827.0,0.0,0.0,26093.0,0.0,0.0,6738491.0
2022-03-05,8904455.0,8442811.0,1483.061,682903.0,2799.719,0.15,0.05,0.25,0.0,0.08,0.05,0.25,0.15,0.25,2257.485,1827.0,0.0,0.0,26093.0,0.0,0.0,6738491.0
2022-03-06,8904455.0,8442811.0,1483.061,682903.0,2799.719,0.15,0.05,0.25,0.0,0.08,0.05,0.25,0.15,0.25,2257.485,1827.0,0.0,0.0,26093.0,0.0,0.0,6738491.0
2022-03-07,8904455.0,8442811.0,1461.227,682903.0,2799.719,0.15,0.05,0.25,0.0,0.08,0.05,0.25,0.17,0.25,2257.485,1827.0,0.0,0.0,26093.0,0.0,0.0,6760325.0
2022-03-08,8904455.0,8442811.0,1525.099,682903.0,2799.719,0.15,0.05,0.25,0.0,0.08,0.05,0.25,0.16,0.25,2257.485,1827.0,0.0,0.0,26093.0,0.0,0.0,6696453.0
2022-03-09,8910748.0,8447093.0,1542.504,652039.0,2799.719,0.15,0.05,0.25,0.0,0.08,0.05,0.25,0.18,0.25,2257.485,2306.0,0.0,0.0,25342.0,0.0,0.0,6716205.0
2022-03-10,8910748.0,8447093.0,1568.735,652039.0,2799.719,0.15,0.05,0.25,0.0,0.08,0.05,0.25,0.19,0.25,2257.485,2306.0,0.0,0.0,25342.0,0.0,0.0,6689974.0
2022-03-11,8910748.0,8447093.0,1557.823,652039.0,2799.719,0.15,0.05,0.25,0.0,0.08,0.05,0.25,0.17,0.25,2257.485,2306.0,0.0,0.0,25342.0,0.0,0.0,6700886.0
2022-03-12,8910748.0,8447093.0,1557.823,652039.0,2799.719,0.15,0.05,0.25,0.0,0.08,0.05,0.25,0.17,0.25,2257.485,2306.0,0.0,0.0,25342.0,0.0,0.0,6700886.0
2022-03-13,8910748.0,8447093.0,1557.823,652039.0,2799.719,0.15,0.05,0.25,0.0,0.08,0.05,0.25,0.17,0.25,2257.485,2306.0,0.0,0.0,25342.0,0.0,0.0,6700886.0
2022-03-14,8910748.0,8447093.0,1608.021,652039.0,2799.719,0.15,0.05,0.25,0.0,0.08,0.05,0.25,0.23,0.25,2257.485,2306.0,0.0,0.0,25342.0,0.0,0.0,6650688.0
2022-03-15,8910748.0,8447093.0,1583.471,652039.0,2799.719,0.15,0.05,0.25,0.0,0.08,0.05,0.25,0.22,0.25,2257.485,2306.0,0.0,0.0,25342.0,0.0,0.0,6675238.0
2022-03-16,8954306.0,8490545.0,1613.637,570606.0,2799.719,0.15,0.05,0.25,0.0,0.08,0.05,0.25,0.24,0.25,2257.485,2215.0,0.0,0.0,24763.0,0.0,0.0,6770063.0
2022-03-17,8954306.0,8490545.0,1659.977,570606.0,2799.719,0.4,0.3,0.5,0.25,0.33,0.3,0.5,0.2,0.5,2257.485,2215.0,0.0,0.0,24763.0,0.0,0.0,6723723.0
2022-03-18,8954306.0,8490545.0,1715.148,570606.0,2799.719,0.4,0.3,0.5,0.25,0.33,0.3,0.5,0.19,0.5,2257.485,2215.0,0.0,0.0,24763.0,0.0,0.0,6668552.0
2022-03-19,8954306.0,8490545.0,1715.148,570606.0,2799.719,0.4,0.3,0.5,0.25,0.33,0.3,0.5,0.19,0.5,2257.485,2215.0,0.0,0.0,24763.0,0.0,0.0,6668552.0
2022-03-20,8954306.0,8490545.0,1715.148,570606.0,2799.719,0.4,0.3,0.5,0.25,0.33,0.3,0.5,0.19,0.5,2257.485,2215.0,0.0,0.0,24763.0,0.0,0.0,6668552.0
2022-03-21,8954306.0,8490545.0,1728.893,570606.0,2799.719,0.4,0.29,0.5,0.25,0.33,0.3,0.5,0.22,0.5,2257.485,2215.0,0.0,0.0,24763.0,0.0,0.0,6654807.0
2022-03-22,8954306.0,8490545.0,1763.183,570606.0,2799.719,0.4,0.28,0.5,0.25,0.33,0.3,0.5,0.2,0.5,2257.485,2215.0,0.0,0.0,24763.0,0.0,0.0,6620517.0
2022-03-23,8962474.0,8500255.0,1803.186,614616.0,2799.719,0.4,0.27,0.5,0.25,0.33,0.3,0.5,0.15,0.5,2257.485,599.0,0.0,0.0,24140.0,0.0,0.0,6544672.0
2022-03-24,8962474.0,8500255.0,1707.655,614616.0,2799.719,0.4,0.27,0.5,0.25,0.33,0.3,0.5,0.16,0.5,2257.485,599.0,0.0,0.0,24140.0,0.0,0.0,6640203.0
2022-03-25,8962474.0,8500255.0,1676.974,614616.0,2799.719,0.4,0.28,0.5,0.25,0.33,0.3,0.5,0.17,0.5,2257.485,599.0,0.0,0.0,24140.0,0.0,0.0,6670884.0
2022-03-26,8962474.0,8500255.0,1676.974,614616.0,2799.719,0.4,0.28,0.5,0.25,0.33,0.3,0.5,0.17,0.5,2257.485,599.0,0.0,0.0,24140.0,0.0,0.0,6670884.0
2022-03-27,8962474.0,8500255.0,1676.974,614616.0,2799.719,0.4,0.28,0.5,0.25,0.33,0.3,0.5,0.17,0.5,2257.485,599.0,0.0,0.0,24140.0,0.0,0.0,6670884.0
2022-03-28,8962474.0,8500255.0,1688.632,614616.0,2799.719,0.4,0.28,0.5,0.25,0.33,0.3,0.5,0.19,0.5,2257.485,599.0,0.0,0.0,24140.0,0.0,0.0,6659226.0
2022-03-29,8962474.0,8500255.0,1718.87,614616.0,2799.719,0.4,0.28,0.5,0.25,0.33,0.3,0.5,0.18,0.5,2257.485,599.0,0.0,0.0,24140.0,0.0,0.0,6628988.0
2022-03-30,8937142.0,8477627.0,1785.939,575065.0,2799.719,0.4,0.27,0.5,0.25,0.33,0.3,0.5,0.16,0.5,2257.485,354.0,0.0,0.0,23678.0,0.0,0.0,6576138.0
2022-03-31,8937142.0,8477627.0,1871.97,575065.0,2799.719,0.4,0.29,0.5,0.25,0.33,0.3,0.5,0.17,0.5,2257.485,354.0,0.0,0.0,23678.0,0.0,0.0,6490107.0
2022-04-01,8937142.0,8477627.0,1666.063,575065.0,2799.719,0.4,0.3,0.5,0.25,0.33,0.3,0.5,0.15,0.5,2269.633,354.0,0.0,0.0,23678.0,0.0,0.0,6696014.0
2022-04-02,8937142.0,8477627.0,1666.063,575065.0,2799.719,0.4,0.3,0.5,0.25,0.33,0.3,0.5,0.15,0.5,2269.633,354.0,0.0,0.0,23678.0,0.0,0.0,6696014.0
2022-04-03,8937142.0,8477627.0,1666.063,575065.0,2799.719,0.4,0.3,0.5,0.25,0.33,0.3,0.5,0.15,0.5,2269.633,354.0,0.0,0.0,23678.0,0.0,0.0,6696014.0
2022-04-04,8937142.0,8477627.0,1692.936,575065.0,2799.719,0.4,0.3,0.5,0.25,0.33,0.3,0.5,0.18,0.5,2269.633,354.0,0.0,0.0,23678.0,0.0,0.0,6669141.0
2022-04-05,8937142.0,8477627.0,1710.834,575065.0,2799.719,0.4,0.3,0.5,0.25,0.33,0.3,0.5,0.18,0.5,2269.633,354.0,0.0,0.0,23678.0,0.0,0.0,6651243.0
2022-04-06,8937592.0,8478754.0,1731.472,574451.0,2799.719,0.4,0.3,0.5,0.25,0.33,0.3,0.5,0.21,0.5,2269.633,379.0,0.0,0.0,23115.0,0.0,0.0,6631669.0
2022-04-07,8937592.0,8478754.0,1734.424,574451.0,2799.719,0.4,0.3,0.5,0.25,0.33,0.3,0.5,0.21,0.5,2269.633,379.0,0.0,0.0,23115.0,0.0,0.0,6628717.0
2022-04-08,8937592.0,8478754.0,1750.498,574451.0,2799.719,0.4,0.3,0.5,0.25,0.33,0.3,0.5,0.2,0.5,2269.633,379.0,0.0,0.0,23115.0,0.0,0.0,6612643.0
2022-04-09,8937592.0,8478754.0,1750.498,574451.0,2799.719,0.4,0.3,0.5,0.25,0.33,0.3,0.5,0.2,0.5,2269.633,379.0,0.0,0.0,23115.0,0.0,0.0,6612643.0
2022-04-10,8937592.0,8478754.0,1750.498,574451.0,2799.719,0.4,0.3,0.5,0.25,0.33,0.3,0.5,0.2,0.5,2269.633,379.0,0.0,0.0,23115.0,0.0,0.0,6612643.0
2022-04-11,8937592.0,8478754.0,1758.958,574451.0,2799.719,0.4,0.3,0.5,0.25,0.33,0.3,0.5,0.22,0.5,2269.633,379.0,0.0,0.0,23115.0,0.0,0.0,6604183.0
2022-04-12,8937592.0,8478754.0,1710.414,574451.0,2799.719,0.4,0.29,0.5,0.25,0.33,0.3,0.5,0.21,0.5,2269.633,379.0,0.0,0.0,23115.0,0.0,0.0,6652727.0
2022-04-13,8965487.0,8504586.0,1815.555,547308.0,2799.719,0.4,0.29,0.5,0.25,0.33,0.3,0.5,0.26,0.5,2269.633,579.0,0.0,0.0,22679.0,0.0,0.0,6602624.0
2022-04-14,8965487.0,8504586.0,1706.935,547308.0,2799.719,0.4,0.29,0.5,0.25,0.33,0.3,0.5,0.37,0.5,2269.633,579.0,0.0,0.0,22679.0,0.0,0.0,6711244.0
2022-04-15,8965487.0,8504586.0,1706.935,547308.0,2799.719,0.4,0.29,0.5,0.25,0.33,0.3,0.5,0.37,0.5,2269.633,579.0,0.0,0.0,22679.0,0.0,0.0,6711244.0
2022-04-16,8965487.0,8504586.0,1706.935,547308.0,2799.719,0.4,0.29,0.5,0.25,0.33,0.3,0.5,0.37,0.5,2269.633,579.0,0.0,0.0,22679.0,0.0,0.0,6711244.0
2022-04-17,8965487.0,8504586.0,1706.935,547308.0,2799.719,0.4,0.29,0.5,0.25,0.33,0.3,0.5,0.37,0.5,2269.633,579.0,0.0,0.0,22679.0,0.0,0.0,6711244.0
2022-04-18,8965487.0,8504586.0,1738.379,547308.0,2799.719,0.4,0.29,0.5,0.25,0.33,0.3,0.5,0.38,0.5,2269.633,579.0,0.0,0.0,22679.0,0.0,0.0,6679800.0
2022-04-19,8965487.0,8504586.0,1817.292,547308.0,2799.719,0.4,0.28,0.5,0.25,0.33,0.3,0.5,0.37,0.5,2269.633,579.0,0.0,0.0,22679.0,0.0,0.0,6600887.0
2022-04-20,8955851.0,8496070.0,1866.56,711406.0,2799.719,0.4,0.27,0.5,0.25,0.33,0.3,0.5,0.35,0.5,2269.633,2181.0,0.0,0.0,22173.0,0.0,0.0,6377885.0
2022-04-21,8955851.0,8496070.0,1854.7,711406.0,2799.719,0.4,0.26,0.5,0.25,0.33,0.3,0.5,0.5,0.5,2269.633,2181.0,0.0,0.0,22173.0,0.0,0.0,6389745.0
2022-04-22,8955851.0,8496070.0,1765.031,711406.0,2799.719,0.4,0.27,0.5,0.25,0.33,0.3,0.5,0.46,0.5,2269.633,2181.0,0.0,0.0,22173.0,0.0,0.0,6479414.0
2022-04-23,8955851.0,8496070.0,1765.031,711406.0,2799.719,0.4,0.27,0.5,0.25,0.33,0.3,0.5,0.46,0.5,2269.633,2181.0,0.0,0.0,22173.0,0.0,0.0,6479414.0
2022-04-24,8955851.0,8496070.0,1765.031,711406.0,2799.719,0.4,0.27,0.5,0.25,0.33,0.3,0.5,0.46,0.5,2269.633,2181.0,0.0,0.0,22173.0,0.0,0.0,6479414.0
2022-04-25,8955851.0,8496070.0,1783.609,711406.0,2799.719,0.4,0.27,0.5,0.25,0.33,0.3,0.5,0.4,0.5,2269.633,2181.0,0.0,0.0,22173.0,0.0,0.0,6460836.0
2022-04-26,8955851.0,8496070.0,1819.343,711406.0,2799.719,0.4,0.27,0.5,0.25,0.33,0.3,0.5,0.38,0.5,2269.633,2181.0,0.0,0.0,22173.0,0.0,0.0,6425102.0
2022-04-27,8939199.0,8481372.0,1803.162,944328.0,2799.719,0.4,0.28,0.5,0.25,0.33,0.3,0.5,0.37,0.5,2269.633,2917.0,0.0,3.0,21791.0,0.0,0.0,6191709.0
2022-04-28,8939199.0,8481372.0,1818.416,944328.0,2799.719,0.4,0.28,0.5,0.25,0.33,0.3,0.5,0.37,0.5,2269.633,2917.0,0.0,3.0,21791.0,0.0,0.0,6176455.0
2022-04-29,8939199.0,8481372.0,1906.802,944328.0,2799.719,0.4,0.28,0.5,0.25,0.33,0.3,0.5,0.37,0.5,2269.633,2917.0,0.0,3.0,21791.0,0.0,0.0,6088069.0
2022-04-30,8939199.0,8481372.0,1906.802,944328.0,2799.719,0.4,0.28,0.5,0.25,0.33,0.3,0.5,0.37,0.5,2269.633,2917.0,0.0,3.0,21791.0,0.0,0.0,6088069.0
2022-05-01,8939199.0,8481372.0,1906.802,944328.0,2799.719,0.4,0.28,0.5,0.25,0.33,0.3,0.5,0.37,0.5,2272.078,2917.0,0.0,3.0,21791.0,0.0,0.0,6088069.0
2022-05-02,8939199.0,8481372.0,1796.302,944328.0,2799.719,0.4,0.3,0.5,0.25,0.33,0.3,0.5,0.41,0.5,2272.078,2917.0,0.0,3.0,21791.0,0.0,0.0,6198569.0
2022-05-03,8939199.0,8481372.0,1796.252,944328.0,2799.719,0.4,0.3,0.5,0.25,0.33,0.3,0.5,0.48,0.5,2272.078,2917.0,0.0,3.0,21791.0,0.0,0.0,6198619.0
2022-05-04,8939972.0,8482597.0,1815.656,945478.0,2799.719,0.4,0.3,0.5,0.25,0.33,0.3,0.5,0.49,0.5,2272.078,2606.0,0.0,0.0,21299.0,0.0,0.0,6178838.0
2022-05-05,8939972.0,8482597.0,1844.762,945478.0,2799.719,0.9,0.79,1.0,0.75,0.83,0.8,1.0,0.49,1.0,2272.078,2606.0,0.0,0.0,21299.0,0.0,0.0,6149732.0
2022-05-06,8939972.0,8482597.0,1861.866,945478.0,2799.719,0.9,0.78,1.0,0.75,0.83,0.8,1.0,0.48,1.0,2272.078,2606.0,0.0,0.0,21299.0,0.0,0.0,6132628.0
2022-05-07,8939972.0,8482597.0,1861.866,945478.0,2799.719,0.9,0.78,1.0,0.75,0.83,0.8,1.0,0.48,1.0,2272.078,2606.0,0.0,0.0,21299.0,0.0,0.0,6132628.0
2022-05-08,8939972.0,8482597.0,1861.866,945478.0,2799.719,0.9,0.78,1.0,0.75,0.83,0.8,1.0,0.48,1.0,2272.078,2606.0,0.0,0.0,21299.0,0.0,0.0,6132628.0
2022-05-09,8939972.0,8482597.0,1858.995,945478.0,2799.719,0.9,0.78,1.0,0.75,0.83,0.8,1.0,0.51,1.0,2272.078,2606.0,0.0,0.0,21299.0,0.0,0.0,6135499.0
2022-05-10,8939972.0,8482597.0,1864.225,945478.0,2799.719,0.9,0.78,1.0,0.75,0.83,0.8,1.0,0.57,1.0,2272.078,2606.0,0.0,0.0,21299.0,0.0,0.0,6130269.0
2022-05-11,8942008.0,8483993.0,1876.119,945658.0,2799.719,0.9,0.78,1.0,0.75,0.83,0.8,1.0,0.59,1.0,2272.078,834.0,0.0,2.0,20929.0,0.0,0.0,6120231.0
2022-05-12,8942008.0,8483993.0,1900.069,945658.0,2799.719,0.9,0.79,1.0,0.75,0.83,0.8,1.0,0.61,1.0,2272.078,834.0,0.0,2.0,20929.0,0.0,0.0,6096281.0
2022-05-13,8942008.0,8483993.0,1865.287,945658.0,2799.719,0.9,0.79,1.0,0.75,0.83,0.8,1.0,0.67,1.0,2272.078,834.0,0.0,2.0,20929.0,0.0,0.0,6131063.0
2022-05-14,8942008.0,8483993.0,1865.287,945658.0,2799.719,0.9,0.79,1.0,0.75,0.83,0.8,1.0,0.67,1.0,2272.078,834.0,0.0,2.0,20929.0,0.0,0.0,6131063.0
2022-05-15,8942008.0,8483993.0,1865.287,945658.0,2799.719,0.9,0.79,1.0,0.75,0.83,0.8,1.0,0.67,1.0,2272.078,834.0,0.0,2.0,20929.0,0.0,0.0,6131063.0
2022-05-16,8942008.0,8483993.0,1833.152,945658.0,2799.719,0.9,0.8,1.0,0.75,0.83,0.8,1.0,0.64,1.0,2272.078,834.0,0.0,2.0,20929.0,0.0,0.0,6163198.0
2022-05-17,8942008.0,8483993.0,1877.483,945658.0,2799.719,0.9,0.8,1.0,0.75,0.83,0.8,1.0,0.61,1.0,2272.078,834.0,0.0,2.0,20929.0,0.0,0.0,6118867.0
2022-05-18,8945898.0,8504191.0,1973.373,886964.0,2799.719,0.9,0.79,1.0,0.75,0.83,0.8,1.0,0.56,1.0,2272.078,856.0,0.0,4.0,20537.0,0.0,0.0,6085561.0
2022-05-19,8945898.0,8504191.0,1981.005,886964.0,2799.719,0.9,0.79,1.0,0.75,0.83,0.8,1.0,0.65,1.0,2272.078,856.0,0.0,4.0,20537.0,0.0,0.0,6077929.0
2022-05-20,8945898.0,8504191.0,1987.987,886964.0,2799.719,0.9,0.78,1.0,0.75,0.83,0.8,1.0,0.63,1.0,2272.078,856.0,0.0,4.0,20537.0,0.0,0.0,6070947.0
2022-05-21,8945898.0,8504191.0,1987.987,886964.0,2799.719,0.9,0.78,1.0,0.75,0.83,0.8,1.0,0.63,1.0,2272.078,856.0,0.0,4.0,20537.0,0.0,0.0,6070947.0
2022-05-22,8945898.0,8504191.0,1987.987,886964.0,2799.719,0.9,0.78,1.0,0.75,0.83,0.8,1.0,0.63,1.0,2272.078,856.0,0.0,4.0,20537.0,0.0,0.0,6070947.0
2022-05-23,8945898.0,8504191.0,2044.658,886964.0,2799.719,0.9,0.78,1.0,0.75,0.83,0.8,1.0,0.55,1.0,2272.078,856.0,0.0,4.0,20537.0,0.0,0.0,6014276.0
2022-05-24,8945898.0,8504191.0,1987.865,886964.0,2799.719,0.9,0.78,1.0,0.75,0.83,0.8,1.0,0.55,1.0,2272.078,856.0,0.0,4.0,20537.0,0.0,0.0,6071069.0
2022-05-25,8914281.0,8479210.0,1995.75,821535.0,2799.719,0.9,0.78,1.0,0.75,0.83,0.8,1.0,0.58,1.0,2272.078,913.0,0.0,2.0,20204.0,0.0,0.0,6096996.0
2022-05-26,8914281.0,8479210.0,2007.702,821535.0,2799.719,0.9,0.78,1.0,0.75,0.83,0.8,1.0,0.71,1.0,2272.078,913.0,0.0,2.0,20204.0,0.0,0.0,6085044.0
2022-05-27,8914281.0,8479210.0,2006.688,821535.0,2799.719,0.9,0.78,1.0,0.75,0.83,0.8,1.0,0.69,1.0,2272.078,913.0,0.0,2.0,20204.0,0.0,0.0,6086058.0
2022-05-28,8914281.0,8479210.0,2006.688,821535.0,2799.719,0.9,0.78,1.0,0.75,0.83,0.8,1.0,0.69,1.0,2272.078,913.0,0.0,2.0,20204.0,0.0,0.0,6086058.0
2022-05-29,8914281.0,8479210.0,2006.688,821535.0,2799.719,0.9,0.78,1.0,0.75,0.83,0.8,1.0,0.69,1.0,2272.078,913.0,0.0,2.0,20204.0,0.0,0.0,6086058.0
2022-05-30,8914281.0,8479210.0,2006.688,821535.0,2799.719,0.9,0.78,1.0,0.75,0.83,0.8,1.0,0.69,1.0,2272.078,913.0,0.0,2.0,20204.0,0.0,0.0,6086058.0
2022-05-31,8914281.0,8479210.0,1978.538,821535.0,2799.719,0.9,0.79,1.0,0.75,0.83,0.8,1.0,0.73,1.0,2272.078,913.0,0.0,2.0,20204.0,0.0,0.0,6114208.0
2022-06-01,8915050.0,8480572.0,1965.015,789532.0,2799.719,0.9,0.8,1.0,0.75,0.83,0.8,1.0,0.77,1.0,2277.936,870.0,0.0,2.0,19792.0,0.0,0.0,6160503.0
2022-06-02,8915050.0,8480572.0,1985.239,789532.0,2799.719,0.9,0.79,1.0,0.75,0.83,0.8,1.0,0.85,1.0,2277.936,870.0,0.0,2.0,19792.0,0.0,0.0,6140279.0
2022-06-03,8915050.0,8480572.0,2031.228,789532.0,2799.719,0.9,0.78,1.0,0.75,0.83,0.8,1.0,0.87,1.0,2277.936,870.0,0.0,2.0,19792.0,0.0,0.0,6094290.0
2022-06-04,8915050.0,8480572.0,2031.228,789532.0,2799.719,0.9,0.78,1.0,0.75,0.83,0.8,1.0,0.87,1.0,2277.936,870.0,0.0,2.0,19792.0,0.0,0.0,6094290.0
2022-06-05,8915050.0,8480572.0,2031.228,789532.0,2799.719,0.9,0.78,1.0,0.75,0.83,0.8,1.0,0.87,1.0,2277.936,870.0,0.0,2.0,19792.0,0.0,0.0,6094290.0
2022-06-06,8915050.0,8480572.0,2040.093,789532.0,2799.719,0.9,0.78,1.0,0.75,0.83,0.8,1.0,0.88,1.0,2277.936,870.0,0.0,2.0,19792.0,0.0,0.0,6085425.0
2022-06-07,8915050.0,8480572.0,2091.395,789532.0,2799.719,0.9,0.77,1.0,0.75,0.83,0.8,1.0,0.87,1.0,2277.936,870.0,0.0,2.0,19792.0,0.0,0.0,6034123.0
2022-06-08,8918254.0,8481186.0,2140.277,723384.0,2799.719,0.9,0.76,1.0,0.75,0.83,0.8,1.0,0.89,1.0,2277.936,1191.0,0.0,4.0,19536.0,0.0,0.0,6054593.0
2022-06-09,8918254.0,8481186.0,2142.318,723384.0,2799.719,0.9,0.75,1.0,0.75,0.83,0.8,1.0,1.05,1.0,2277.936,1191.0,0.0,4.0,19536.0,0.0,0.0,6052552.0
2022-06-10,8918254.0,8481186.0,2162.885,723384.0,2799.719,0.9,0.75,1.0,0.75,0.83,0.8,1.0,1.1,1.0,2277.936,1191.0,0.0,4.0,19536.0,0.0,0.0,6031985.0
2022-06-11,8918254.0,8481186.0,2162.885,723384.0,2799.719,0.9,0.75,1.0,0.75,0.83,0.8,1.0,1.1,1.0,2277.936,1191.0,0.0,4.0,19536.0,0.0,0.0,6031985.0
2022-06-12,8918254.0,8481186.0,2162.885,723384.0,2799.719,0.9,0.75,1.0,0.75,0.83,0.8,1.0,1.1,1.0,2277.936,1191.0,0.0,4.0,19536.0,0.0,0.0,6031985.0
2022-06-13,8918254.0,8481186.0,2212.62,723384.0,2799.719,0.9,0.73,1.0,0.75,0.83,0.8,1.0,1.13,1.0,2277.936,1191.0,0.0,4.0,19536.0,0.0,0.0,5982250.0
2022-06-14,8918254.0,8481186.0,2223.857,723384.0,2799.719,0.9,0.69,1.0,0.75,0.83,0.8,1.0,1.19,1.0,2277.936,1191.0,0.0,4.0,19536.0,0.0,0.0,5971013.0
2022-06-15,8932420.0,8492644.0,2162.924,656870.0,2799.719,0.9,0.7,1.0,0.75,0.83,0.8,1.0,1.21,1.0,2277.936,3706.0,0.0,3.0,18949.0,0.0,0.0,6112626.0
2022-06-16,8932420.0,8492644.0,2178.382,656870.0,2799.719,1.65,1.45,1.75,1.5,1.58,1.55,1.75,1.19,1.75,2277.936,3706.0,0.0,3.0,18949.0,0.0,0.0,6097168.0
2022-06-17,8932420.0,8492644.0,2229.279,656870.0,2799.719,1.65,1.45,1.75,1.5,1.58,1.55,1.75,1.15,1.75,2277.936,3706.0,0.0,3.0,18949.0,0.0,0.0,6046271.0
2022-06-18,8932420.0,8492644.0,2229.279,656870.0,2799.719,1.65,1.45,1.75,1.5,1.58,1.55,1.75,1.15,1.75,2277.936,3706.0,0.0,3.0,18949.0,0.0,0.0,6046271.0
2022-06-19,8932420.0,8492644.0,2229.279,656870.0,2799.719,1.65,1.45,1.75,1.5,1.58,1.55,1.75,1.15,1.75,2277.936,3706.0,0.0,3.0,18949.0,0.0,0.0,6046271.0
2022-06-20,8932420.0,8492644.0,2229.279,656870.0,2799.719,1.65,1.45,1.75,1.5,1.58,1.55,1.75,1.15,1.75,2277.936,3706.0,0.0,3.0,18949.0,0.0,0.0,6046271.0
2022-06-21,8932420.0,8492644.0,2188.627,656870.0,2799.719,1.65,1.45,1.75,1.5,1.58,1.55,1.75,1.08,1.75,2277.936,3706.0,0.0,3.0,18949.0,0.0,0.0,6086923.0
2022-06-22,8934346.0,8494506.0,2259.458,758283.0,2799.719,1.65,1.45,1.75,1.5,1.58,1.55,1.75,0.98,1.75,2277.936,3147.0,0.0,9.0,18621.0,0.0,0.0,5916605.0
2022-06-23,8934346.0,8494506.0,2285.442,758283.0,2799.719,1.65,1.44,1.75,1.5,1.58,1.55,1.75,1.12,1.75,2277.936,3147.0,0.0,9.0,18621.0,0.0,0.0,5890621.0
2022-06-24,8934346.0,8494506.0,2180.984,758283.0,2799.719,1.65,1.46,1.75,1.5,1.58,1.55,1.75,1.19,1.75,2277.936,3147.0,0.0,9.0,18621.0,0.0,0.0,5995079.0
2022-06-25,8934346.0,8494506.0,2180.984,758283.0,2799.719,1.65,1.46,1.75,1.5,1.58,1.55,1.75,1.19,1.75,2277.936,3147.0,0.0,9.0,18621.0,0.0,0.0,5995079.0
2022-06-26,8934346.0,8494506.0,2180.984,758283.0,2799.719,1.65,1.46,1.75,1.5,1.58,1.55,1.75,1.19,1.75,2277.936,3147.0,0.0,9.0,18621.0,0.0,0.0,5995079.0
2022-06-27,8934346.0,8494506.0,2155.942,758283.0,2799.719,1.65,1.5,1.75,1.5,1.58,1.55,1.75,1.16,1.75,2277.936,3147.0,0.0,9.0,18621.0,0.0,0.0,6020121.0
2022-06-28,8934346.0,8494506.0,2213.784,758283.0,2799.719,1.65,1.52,1.75,1.5,1.58,1.55,1.75,1.12,1.75,2277.936,3147.0,0.0,9.0,18621.0,0.0,0.0,5962279.0
2022-06-29,8913553.0,8475608.0,2226.976,756627.0,2799.719,1.65,1.51,1.75,1.5,1.58,1.55,1.75,1.12,1.75,2277.936,3604.0,0.0,16.0,18082.0,0.0,0.0,5929950.0
2022-06-30,8913553.0,8475608.0,2329.743,756627.0,2799.719,1.65,1.5,1.75,1.5,1.58,1.55,1.75,1.28,1.75,2277.936,3604.0,0.0,16.0,18082.0,0.0,0.0,5827183.0
2022-07-01,8913553.0,8475608.0,2167.085,756627.0,2799.719,1.65,1.52,1.75,1.5,1.58,1.55,1.75,1.27,1.75,2278.912,3604.0,0.0,16.0,18082.0,0.0,0.0,5989841.0
2022-07-02,8913553.0,8475608.0,2167.085,756627.0,2799.719,1.65,1.52,1.75,1.5,1.58,1.55,1.75,1.27,1.75,2278.912,3604.0,0.0,16.0,18082.0,0.0,0.0,5989841.0
2022-07-03,8913553.0,8475608.0,2167.085,756627.0,2799.719,1.65,1.52,1.75,1.5,1.58,1.55,1.75,1.27,1.75,2278.912,3604.0,0.0,16.0,18082.0,0.0,0.0,5989841.0
2022-07-04,8913553.0,8475608.0,2167.085,756627.0,2799.719,1.65,1.52,1.75,1.5,1.58,1.55,1.75,1.27,1.75,2278.912,3604.0,0.0,16.0,18082.0,0.0,0.0,5989841.0
2022-07-05,8913553.0,8475608.0,2138.28,756627.0,2799.719,1.65,1.54,1.75,1.5,1.58,1.55,1.75,1.33,1.75,2278.912,3604.0,0.0,16.0,18082.0,0.0,0.0,6018646.0
2022-07-06,8891851.0,8456027.0,2168.026,700457.0,2799.719,1.65,1.54,1.75,1.5,1.58,1.55,1.75,1.36,1.75,2278.912,1765.0,0.0,10.0,17628.0,0.0,0.0,6023368.0
2022-07-07,8891851.0,8456027.0,2172.457,700457.0,2799.719,1.65,1.54,1.75,1.5,1.58,1.55,1.75,1.55,1.75,2278.912,1765.0,0.0,10.0,17628.0,0.0,0.0,6018937.0
2022-07-08,8891851.0,8456027.0,2144.921,700457.0,2799.719,1.65,1.53,1.75,1.5,1.58,1.55,1.75,1.57,1.75,2278.912,1765.0,0.0,10.0,17628.0,0.0,0.0,6046473.0
2022-07-09,8891851.0,8456027.0,2144.921,700457.0,2799.719,1.65,1.53,1.75,1.5,1.58,1.55,1.75,1.57,1.75,2278.912,1765.0,0.0,10.0,17628.0,0.0,0.0,6046473.0
2022-07-10,8891851.0,8456027.0,2144.921,700457.0,2799.719,1.65,1.53,1.75,1.5,1.58,1.55,1.75,1.57,1.75,2278.912,1765.0,0.0,10.0,17628.0,0.0,0.0,6046473.0
2022-07-11,8891851.0,8456027.0,2164.266,700457.0,2799.719,1.65,1.53,1.75,1.5,1.58,1.55,1.75,1.58,1.75,2278.912,1765.0,0.0,10.0,17628.0,0.0,0.0,6027128.0
2022-07-12,8891851.0,8456027.0,2146.132,700457.0,2799.719,1.65,1.54,1.75,1.5,1.58,1.55,1.75,1.63,1.75,2278.912,1765.0,0.0,10.0,17628.0,0.0,0.0,6045262.0
2022-07-13,8895867.0,8457212.0,2155.29,652572.0,2799.719,1.65,1.53,1.75,1.5,1.58,1.55,1.75,1.78,1.75,2278.912,2570.0,0.0,11.0,17201.0,0.0,0.0,6088005.0
2022-07-14,8895867.0,8457212.0,2207.121,652572.0,2799.719,1.65,1.53,1.75,1.5,1.58,1.55,1.75,1.99,1.75,2278.912,2570.0,0.0,11.0,17201.0,0.0,0.0,6036174.0
2022-07-15,8895867.0,8457212.0,2153.75,652572.0,2799.719,1.65,1.54,1.75,1.5,1.58,1.55,1.75,1.98,1.75,2278.912,2570.0,0.0,11.0,17201.0,0.0,0.0,6089545.0
2022-07-16,8895867.0,8457212.0,2153.75,652572.0,2799.719,1.65,1.54,1.75,1.5,1.58,1.55,1.75,1.98,1.75,2278.912,2570.0,0.0,11.0,17201.0,0.0,0.0,6089545.0
2022-07-17,8895867.0,8457212.0,2153.75,652572.0,2799.719,1.65,1.54,1.75,1.5,1.58,1.55,1.75,1.98,1.75,2278.912,2570.0,0.0,11.0,17201.0,0.0,0.0,6089545.0
2022-07-18,8895867.0,8457212.0,2190.375,652572.0,2799.719,1.65,1.54,1.75,1.5,1.58,1.55,1.75,1.96,1.75,2278.912,2570.0,0.0,11.0,17201.0,0.0,0.0,6052920.0
2022-07-19,8895867.0,8457212.0,2211.821,652572.0,2799.719,1.65,1.54,1.75,1.5,1.58,1.55,1.75,1.93,1.75,2278.912,2570.0,0.0,11.0,17201.0,0.0,0.0,6031474.0
2022-07-20,8899213.0,8461636.0,2240.204,613878.0,2799.719,1.65,1.53,1.75,1.5,1.58,1.55,1.75,1.92,1.75,2278.912,3064.0,0.0,10.0,16855.0,0.0,0.0,6045131.0
2022-07-21,8899213.0,8461636.0,2271.756,613878.0,2799.719,1.65,1.53,1.75,1.5,1.58,1.55,1.75,2.15,1.75,2278.912,3064.0,0.0,10.0,16855.0,0.0,0.0,6013579.0
2022-07-22,8899213.0,8461636.0,2228.959,613878.0,2799.719,1.65,1.52,1.75,1.5,1.58,1.55,1.75,2.15,1.75,2278.912,3064.0,0.0,10.0,16855.0,0.0,0.0,6056376.0
2022-07-23,8899213.0,8461636.0,2228.959,613878.0,2799.719,1.65,1.52,1.75,1.5,1.58,1.55,1.75,2.15,1.75,2278.912,3064.0,0.0,10.0,16855.0,0.0,0.0,6056376.0
2022-07-24,8899213.0,8461636.0,2228.959,613878.0,2799.719,1.65,1.52,1.75,1.5,1.58,1.55,1.75,2.15,1.75,2278.912,3064.0,0.0,10.0,16855.0,0.0,0.0,6056376.0
2022-07-25,8899213.0,8461636.0,2192.367,613878.0,2799.719,1.65,1.53,1.75,1.5,1.58,1.55,1.75,2.14,1.75,2278.912,3064.0,0.0,10.0,16855.0,0.0,0.0,6092968.0
2022-07-26,8899213.0,8461636.0,2189.474,613878.0,2799.719,1.65,1.53,1.75,1.5,1.58,1.55,1.75,2.17,1.75,2278.912,3064.0,0.0,10.0,16855.0,0.0,0.0,6095861.0
2022-07-27,8890004.0,8453907.0,2188.994,602945.0,2799.719,1.65,1.53,1.75,1.5,1.58,1.55,1.75,2.14,1.75,2278.912,3710.0,0.0,12.0,16456.0,0.0,0.0,6098065.0
2022-07-28,8890004.0,8453907.0,2239.883,602945.0,2799.719,2.4,2.28,2.5,2.25,2.33,2.3,2.5,2.2,2.5,2278.912,3710.0,0.0,12.0,16456.0,0.0,0.0,6047176.0
2022-07-29,8890004.0,8453907.0,2300.2,602945.0,2799.719,2.4,2.27,2.5,2.25,2.32,2.3,2.5,2.22,2.5,2278.912,3710.0,0.0,12.0,16456.0,0.0,0.0,5986859.0
2022-07-30,8890004.0,8453907.0,2300.2,602945.0,2799.719,2.4,2.27,2.5,2.25,2.32,2.3,2.5,2.22,2.5,2278.912,3710.0,0.0,12.0,16456.0,0.0,0.0,5986859.0
2022-07-31,8890004.0,8453907.0,2300.2,602945.0,2799.719,2.4,2.27,2.5,2.25,2.32,2.3,2.5,2.22,2.5,2278.912,3710.0,0.0,12.0,16456.0,0.0,0.0,5986859.0
2022-08-01,8890004.0,8453907.0,2161.885,602945.0,2799.719,2.4,2.28,2.5,2.25,2.33,2.3,2.5,2.22,2.5,2275.173,3710.0,0.0,12.0,16456.0,0.0,0.0,6125174.0
2022-08-02,8890004.0,8453907.0,2156.013,602945.0,2799.719,2.4,2.3,2.5,2.25,2.33,2.3,2.5,2.22,2.5,2275.173,3710.0,0.0,12.0,16456.0,0.0,0.0,6131046.0
2022-08-03,8874620.0,8439018.0,2182.238,594115.0,2799.719,2.4,2.29,2.5,2.25,2.33,2.3,2.5,2.2,2.5,2275.173,2731.0,0.0,24.0,16107.0,0.0,0.0,6098267.0
2022-08-04,8874620.0,8439018.0,2191.546,594115.0,2799.719,2.4,2.29,2.5,2.25,2.33,2.3,2.5,2.19,2.5,2275.173,2731.0,0.0,24.0,16107.0,0.0,0.0,6088959.0
2022-08-05,8874620.0,8439018.0,2194.927,594115.0,2799.719,2.4,2.28,2.5,2.25,2.33,2.3,2.5,2.21,2.5,2275.173,2731.0,0.0,24.0,16107.0,0.0,0.0,6085578.0
2022-08-06,8874620.0,8439018.0,2194.927,594115.0,2799.719,2.4,2.28,2.5,2.25,2.33,2.3,2.5,2.21,2.5,2275.173,2731.0,0.0,24.0,16107.0,0.0,0.0,6085578.0
2022-08-07,8874620.0,8439018.0,2194.927,594115.0,2799.719,2.4,2.28,2.5,2.25,2.33,2.3,2.5,2.21,2.5,2275.173,2731.0,0.0,24.0,16107.0,0.0,0.0,6085578.0
2022-08-08,8874620.0,8439018.0,2195.692,594115.0,2799.719,2.4,2.28,2.5,2.25,2.33,2.3,2.5,2.23,2.5,2275.173,2731.0,0.0,24.0,16107.0,0.0,0.0,6084813.0
2022-08-09,8874620.0,8439018.0,2186.568,594115.0,2799.719,2.4,2.29,2.5,2.25,2.33,2.3,2.5,2.23,2.5,2275.173,2731.0,0.0,24.0,16107.0,0.0,0.0,6093937.0
2022-08-10,8879138.0,8440487.0,2177.646,557265.0,2799.719,2.4,2.28,2.5,2.25,2.33,2.3,2.5,2.24,2.5,2275.173,2934.0,0.0,36.0,15785.0,0.0,0.0,6144227.0
2022-08-11,8879138.0,8440487.0,2199.247,557265.0,2799.719,2.4,2.28,2.5,2.25,2.33,2.3,2.5,2.24,2.5,2275.173,2934.0,0.0,36.0,15785.0,0.0,0.0,6122626.0
2022-08-12,8879138.0,8440487.0,2213.193,557265.0,2799.719,2.4,2.28,2.5,2.25,2.33,2.3,2.5,2.23,2.5,2275.173,2934.0,0.0,36.0,15785.0,0.0,0.0,6108680.0
2022-08-13,8879138.0,8440487.0,2213.193,557265.0,2799.719,2.4,2.28,2.5,2.25,2.33,2.3,2.5,2.23,2.5,2275.173,2934.0,0.0,36.0,15785.0,0.0,0.0,6108680.0
2022-08-14,8879138.0,8440487.0,2213.193,557265.0,2799.719,2.4,2.28,2.5,2.25,2.33,2.3,2.5,2.23,2.5,2275.173,2934.0,0.0,36.0,15785.0,0.0,0.0,6108680.0
2022-08-15,8879138.0,8440487.0,2175.857,557265.0,2799.719,2.4,2.29,2.5,2.25,2.33,2.3,2.5,2.27,2.5,2275.173,2934.0,0.0,36.0,15785.0,0.0,0.0,6146016.0
2022-08-16,8879138.0,8440487.0,2165.332,557265.0,2799.719,2.4,2.29,2.5,2.25,2.33,2.3,2.5,2.26,2.5,2275.173,2934.0,0.0,36.0,15785.0,0.0,0.0,6156541.0
2022-08-17,8849762.0,8428995.0,2199.631,545321.0,2799.719,2.4,2.29,2.5,2.25,2.33,2.3,2.5,2.22,2.5,2275.173,2657.0,0.0,48.0,15469.0,0.0,0.0,6104810.0
2022-08-18,8849762.0,8428995.0,2218.161,545321.0,2799.719,2.4,2.28,2.5,2.25,2.33,2.3,2.5,2.23,2.5,2275.173,2657.0,0.0,48.0,15469.0,0.0,0.0,6086280.0
2022-08-19,8849762.0,8428995.0,2221.68,545321.0,2799.719,2.4,2.28,2.5,2.25,2.33,2.3,2.5,2.23,2.5,2275.173,2657.0,0.0,48.0,15469.0,0.0,0.0,6082761.0
2022-08-20,8849762.0,8428995.0,2221.68,545321.0,2799.719,2.4,2.28,2.5,2.25,2.33,2.3,2.5,2.23,2.5,2275.173,2657.0,0.0,48.0,15469.0,0.0,0.0,6082761.0
2022-08-21,8849762.0,8428995.0,2221.68,545321.0,2799.719,2.4,2.28,2.5,2.25,2.33,2.3,2.5,2.23,2.5,2275.173,2657.0,0.0,48.0,15469.0,0.0,0.0,6082761.0
2022-08-22,8849762.0,8428995.0,2235.665,545321.0,2799.719,2.4,2.28,2.5,2.25,2.33,2.3,2.5,2.27,2.5,2275.173,2657.0,0.0,48.0,15469.0,0.0,0.0,6068776.0
2022-08-23,8849762.0,8428995.0,2250.718,545321.0,2799.719,2.4,2.27,2.5,2.25,2.33,2.3,2.5,2.28,2.5,2275.173,2657.0,0.0,48.0,15469.0,0.0,0.0,6053723.0
2022-08-24,8851436.0,8428881.0,2237.072,535267.0,2799.719,2.4,2.27,2.5,2.25,2.33,2.3,2.5,2.29,2.5,2275.173,3570.0,0.0,46.0,15188.0,0.0,0.0,6079097.0
2022-08-25,8851436.0,8428881.0,2187.907,535267.0,2799.719,2.4,2.28,2.5,2.25,2.33,2.3,2.5,2.42,2.5,2275.173,3570.0,0.0,46.0,15188.0,0.0,0.0,6128262.0
2022-08-26,8851436.0,8428881.0,2182.452,535267.0,2799.719,2.4,2.28,2.5,2.25,2.33,2.3,2.5,2.39,2.5,2275.173,3570.0,0.0,46.0,15188.0,0.0,0.0,6133717.0
2022-08-27,8851436.0,8428881.0,2182.452,535267.0,2799.719,2.4,2.28,2.5,2.25,2.33,2.3,2.5,2.39,2.5,2275.173,3570.0,0.0,46.0,15188.0,0.0,0.0,6133717.0
2022-08-28,8851436.0,8428881.0,2182.452,535267.0,2799.719,2.4,2.28,2.5,2.25,2.33,2.3,2.5,2.39,2.5,2275.173,3570.0,0.0,46.0,15188.0,0.0,0.0,6133717.0
2022-08-29,8851436.0,8428881.0,2205.188,535267.0,2799.719,2.4,2.28,2.5,2.25,2.33,2.3,2.5,2.45,2.5,2275.173,3570.0,0.0,46.0,15188.0,0.0,0.0,6110981.0
2022-08-30,8851436.0,8428881.0,2188.975,535267.0,2799.719,2.4,2.29,2.5,2.25,2.33,2.3,2.5,2.43,2.5,2275.173,3570.0,0.0,46.0,15188.0,0.0,0.0,6127194.0
2022-08-31,8826093.0,8406632.0,2251.025,612536.0,2799.719,2.4,2.29,2.5,2.25,2.33,2.3,2.5,2.4,2.5,2275.173,5251.0,0.0,47.0,14969.0,0.0,0.0,5962532.0
2022-09-01,8826093.0,8406632.0,2173.156,612536.0,2799.719,2.4,2.29,2.5,2.25,2.33,2.3,2.5,2.53,2.5,2280.151,5251.0,0.0,47.0,14969.0,0.0,0.0,6040401.0
2022-09-02,8826093.0,8406632.0,2173.413,612536.0,2799.719,2.4,2.29,2.5,2.25,2.33,2.3,2.5,2.49,2.5,2280.151,5251.0,0.0,47.0,14969.0,0.0,0.0,6040144.0
2022-09-03,8826093.0,8406632.0,2173.413,612536.0,2799.719,2.4,2.29,2.5,2.25,2.33,2.3,2.5,2.49,2.5,2280.151,5251.0,0.0,47.0,14969.0,0.0,0.0,6040144.0
2022-09-04,8826093.0,8406632.0,2173.413,612536.0,2799.719,2.4,2.29,2.5,2.25,2.33,2.3,2.5,2.49,2.5,2280.151,5251.0,0.0,47.0,14969.0,0.0,0.0,6040144.0
2022-09-05,8826093.0,8406632.0,2173.413,612536.0,2799.719,2.4,2.29,2.5,2.25,2.33,2.3,2.5,2.49,2.5,2280.151,5251.0,0.0,47.0,14969.0,0.0,0.0,6040144.0
2022-09-06,8826093.0,8406632.0,2188.796,612536.0,2799.719,2.4,2.29,2.5,2.25,2.33,2.3,2.5,2.44,2.5,2280.151,5251.0,0.0,47.0,14969.0,0.0,0.0,6024761.0
2022-09-07,8822401.0,8402399.0,2206.987,581295.0,2799.719,2.4,2.28,2.5,2.25,2.33,2.3,2.5,2.3,2.5,2280.151,3677.0,0.0,45.0,14744.0,0.0,0.0,6034119.0
2022-09-08,8822401.0,8402399.0,2210.466,581295.0,2799.719,2.4,2.28,2.5,2.25,2.33,2.3,2.5,2.57,2.5,2280.151,3677.0,0.0,45.0,14744.0,0.0,0.0,6030640.0
2022-09-09,8822401.0,8402399.0,2209.714,581295.0,2799.719,2.4,2.28,2.5,2.25,2.33,2.3,2.5,2.57,2.5,2280.151,3677.0,0.0,45.0,14744.0,0.0,0.0,6031392.0
2022-09-10,8822401.0,8402399.0,2209.714,581295.0,2799.719,2.4,2.28,2.5,2.25,2.33,2.3,2.5,2.57,2.5,2280.151,3677.0,0.0,45.0,14744.0,0.0,0.0,6031392.0
2022-09-11,8822401.0,8402399.0,2209.714,581295.0,2799.719,2.4,2.28,2.5,2.25,2.33,2.3,2.5,2.57,2.5,2280.151,3677.0,0.0,45.0,14744.0,0.0,0.0,6031392.0
2022-09-12,8822401.0,8402399.0,2218.546,581295.0,2799.719,2.4,2.28,2.5,2.25,2.33,2.3,2.5,2.62,2.5,2280.151,3677.0,0.0,45.0,14744.0,0.0,0.0,6022560.0
2022-09-13,8822401.0,8402399.0,2202.719,581295.0,2799.719,2.4,2.28,2.5,2.25,2.33,2.3,2.5,2.55,2.5,2280.151,3677.0,0.0,45.0,14744.0,0.0,0.0,6038387.0
2022-09-14,8832759.0,8407904.0,2225.579,593808.0,2799.719,2.4,2.27,2.5,2.25,2.33,2.3,2.5,2.54,2.5,2280.151,6158.0,0.0,49.0,14399.0,0.0,0.0,6013372.0
2022-09-15,8832759.0,8407904.0,2176.188,593808.0,2799.719,2.4,2.28,2.5,2.25,2.33,2.3,2.5,2.76,2.5,2280.151,6158.0,0.0,49.0,14399.0,0.0,0.0,6062763.0
2022-09-16,8832759.0,8407904.0,2186.833,593808.0,2799.719,2.4,2.27,2.5,2.25,2.33,2.3,2.5,2.68,2.5,2280.151,6158.0,0.0,49.0,14399.0,0.0,0.0,6052118.0
2022-09-17,8832759.0,8407904.0,2186.833,593808.0,2799.719,2.4,2.27,2.5,2.25,2.33,2.3,2.5,2.68,2.5,2280.151,6158.0,0.0,49.0,14399.0,0.0,0.0,6052118.0
2022-09-18,8832759.0,8407904.0,2186.833,593808.0,2799.719,2.4,2.27,2.5,2.25,2.33,2.3,2.5,2.68,2.5,2280.151,6158.0,0.0,49.0,14399.0,0.0,0.0,6052118.0
2022-09-19,8832759.0,8407904.0,2217.542,593808.0,2799.719,2.4,2.27,2.5,2.25,2.33,2.3,2.5,2.62,2.5,2280.151,6158.0,0.0,49.0,14399.0,0.0,0.0,6021409.0
2022-09-20,8832759.0,8407904.0,2238.87,593808.0,2799.719,2.4,2.26,2.5,2.25,2.33,2.3,2.5,2.57,2.5,2280.151,6158.0,0.0,49.0,14399.0,0.0,0.0,6000081.0
2022-09-21,8816802.0,8391153.0,2315.9,692496.0,2799.719,2.4,2.25,2.5,2.25,2.33,2.3,2.5,2.59,2.5,2280.151,6913.0,0.0,36.0,14175.0,0.0,0.0,5808406.0
2022-09-22,8816802.0,8391153.0,2359.227,692496.0,2799.719,3.15,2.99,3.25,3.0,3.08,3.05,3.25,2.73,3.25,2280.151,6913.0,0.0,36.0,14175.0,0.0,0.0,5765079.0
2022-09-23,8816802.0,8391153.0,2319.361,692496.0,2799.719,3.15,2.99,3.25,3.0,3.08,3.05,3.25,2.67,3.25,2280.151,6913.0,0.0,36.0,14175.0,0.0,0.0,5804945.0
2022-09-24,8816802.0,8391153.0,2319.361,692496.0,2799.719,3.15,2.99,3.25,3.0,3.08,3.05,3.25,2.67,3.25,2280.151,6913.0,0.0,36.0,14175.0,0.0,0.0,5804945.0
2022-09-25,8816802.0,8391153.0,2319.361,692496.0,2799.719,3.15,2.99,3.25,3.0,3.08,3.05,3.25,2.67,3.25,2280.151,6913.0,0.0,36.0,14175.0,0.0,0.0,5804945.0
2022-09-26,8816802.0,8391153.0,2299.011,692496.0,2799.719,3.15,2.99,3.25,3.0,3.08,3.05,3.25,2.73,3.25,2280.151,6913.0,0.0,36.0,14175.0,0.0,0.0,5825295.0
2022-09-27,8816802.0,8391153.0,2327.111,692496.0,2799.719,3.15,2.98,3.25,3.0,3.08,3.05,3.25,2.71,3.25,2280.151,6913.0,0.0,36.0,14175.0,0.0,0.0,5797195.0
2022-09-28,8795567.0,8372353.0,2366.798,689569.0,2799.719,3.15,2.98,3.25,3.0,3.08,3.05,3.25,2.63,3.25,2280.151,6470.0,0.0,58.0,14030.0,0.0,0.0,5739200.0
2022-09-29,8795567.0,8372353.0,2371.763,689569.0,2799.719,3.15,2.96,3.25,3.0,3.08,3.05,3.25,2.78,3.25,2280.151,6470.0,0.0,58.0,14030.0,0.0,0.0,5734235.0
2022-09-30,8795567.0,8372353.0,2425.91,689569.0,2799.719,3.15,2.98,3.25,3.0,3.08,3.05,3.25,2.79,3.25,2280.151,6470.0,0.0,58.0,14030.0,0.0,0.0,5680088.0
2022-10-01,8795567.0,8372353.0,2425.91,689569.0,2799.719,3.15,2.98,3.25,3.0,3.08,3.05,3.25,2.79,3.25,2284.461,6470.0,0.0,58.0,14030.0,0.0,0.0,5680088.0
2022-10-02,8795567.0,8372353.0,2425.91,689569.0,2799.719,3.15,2.98,3.25,3.0,3.08,3.05,3.25,2.79,3.25,2284.461,6470.0,0.0,58.0,14030.0,0.0,0.0,5680088.0
2022-10-03,8795567.0,8372353.0,2252.523,689569.0,2799.719,3.15,3.0,3.25,3.0,3.08,3.05,3.25,2.87,3.25,2284.461,6470.0,0.0,58.0,14030.0,0.0,0.0,5853475.0
2022-10-04,8795567.0,8372353.0,2233.616,689569.0,2799.719,3.15,3.04,3.25,3.0,3.08,3.05,3.25,2.91,3.25,2284.461,6470.0,0.0,58.0,14030.0,0.0,0.0,5872382.0
2022-10-05,8759053.0,8334431.0,2230.799,633939.0,2799.719,3.15,3.04,3.25,3.0,3.08,3.05,3.25,2.89,3.25,2284.461,7511.0,0.0,58.0,13847.0,0.0,0.0,5894315.0
2022-10-06,8759053.0,8334431.0,2232.801,633939.0,2799.719,3.15,3.05,3.25,3.0,3.08,3.05,3.25,3.05,3.25,2284.461,7511.0,0.0,58.0,13847.0,0.0,0.0,5892313.0
2022-10-07,8759053.0,8334431.0,2226.95,633939.0,2799.719,3.15,3.05,3.25,3.0,3.08,3.05,3.25,3.03,3.25,2284.461,7511.0,0.0,58.0,13847.0,0.0,0.0,5898164.0
2022-10-08,8759053.0,8334431.0,2226.95,633939.0,2799.719,3.15,3.05,3.25,3.0,3.08,3.05,3.25,3.03,3.25,2284.461,7511.0,0.0,58.0,13847.0,0.0,0.0,5898164.0
2022-10-09,8759053.0,8334431.0,2226.95,633939.0,2799.719,3.15,3.05,3.25,3.0,3.08,3.05,3.25,3.03,3.25,2284.461,7511.0,0.0,58.0,13847.0,0.0,0.0,5898164.0
2022-10-10,8759053.0,8334431.0,2226.95,633939.0,2799.719,3.15,3.05,3.25,3.0,3.08,3.05,3.25,3.03,3.25,2284.461,7511.0,0.0,58.0,13847.0,0.0,0.0,5898164.0
2022-10-11,8759053.0,8334431.0,2222.479,633939.0,2799.719,3.15,3.05,3.25,3.0,3.08,3.05,3.25,3.07,3.25,2284.461,7511.0,0.0,58.0,13847.0,0.0,0.0,5902635.0
2022-10-12,8758969.0,8330346.0,2247.206,608302.0,2799.719,3.15,3.04,3.25,3.0,3.08,3.05,3.25,3.07,3.25,2284.461,7669.0,0.0,42.0,12356.0,0.0,0.0,5903461.0
2022-10-13,8758969.0,8330346.0,2244.1,608302.0,2799.719,3.15,3.04,3.25,3.0,3.08,3.05,3.25,3.35,3.25,2284.461,7669.0,0.0,42.0,12356.0,0.0,0.0,5906567.0
2022-10-14,8758969.0,8330346.0,2222.052,608302.0,2799.719,3.15,3.04,3.25,3.0,3.08,3.05,3.25,3.3,3.25,2284.461,7669.0,0.0,42.0,12356.0,0.0,0.0,5928615.0
2022-10-15,8758969.0,8330346.0,2222.052,608302.0,2799.719,3.15,3.04,3.25,3.0,3.08,3.05,3.25,3.3,3.25,2284.461,7669.0,0.0,42.0,12356.0,0.0,0.0,5928615.0
2022-10-16,8758969.0,8330346.0,2222.052,608302.0,2799.719,3.15,3.04,3.25,3.0,3.08,3.05,3.25,3.3,3.25,2284.461,7669.0,0.0,42.0,12356.0,0.0,0.0,5928615.0
2022-10-17,8758969.0,8330346.0,2172.301,608302.0,2799.719,3.15,3.05,3.25,3.0,3.08,3.05,3.25,3.3,3.25,2284.461,7669.0,0.0,42.0,12356.0,0.0,0.0,5978366.0
2022-10-18,8758969.0,8330346.0,2226.725,608302.0,2799.719,3.15,3.04,3.25,3.0,3.08,3.05,3.25,3.25,3.25,2284.461,7669.0,0.0,42.0,12356.0,0.0,0.0,5923942.0
2022-10-19,8743922.0,8312950.0,2241.835,607199.0,2799.719,3.15,3.04,3.25,3.0,3.08,3.05,3.25,3.31,3.25,2284.461,5139.0,0.0,28.0,13546.0,0.0,0.0,5894888.0
2022-10-20,8743922.0,8312950.0,2234.071,607199.0,2799.719,3.15,3.03,3.25,3.0,3.08,3.05,3.25,3.58,3.25,2284.461,5139.0,0.0,28.0,13546.0,0.0,0.0,5902652.0
2022-10-21,8743922.0,8312950.0,2265.809,607199.0,2799.719,3.15,3.02,3.25,3.0,3.08,3.05,3.25,3.55,3.25,2284.461,5139.0,0.0,28.0,13546.0,0.0,0.0,5870914.0
2022-10-22,8743922.0,8312950.0,2265.809,607199.0,2799.719,3.15,3.02,3.25,3.0,3.08,3.05,3.25,3.55,3.25,2284.461,5139.0,0.0,28.0,13546.0,0.0,0.0,5870914.0
2022-10-23,8743922.0,8312950.0,2265.809,607199.0,2799.719,3.15,3.02,3.25,3.0,3.08,3.05,3.25,3.55,3.25,2284.461,5139.0,0.0,28.0,13546.0,0.0,0.0,5870914.0
2022-10-24,8743922.0,8312950.0,2242.044,607199.0,2799.719,3.15,3.01,3.25,3.0,3.08,3.05,3.25,3.57,3.25,2284.461,5139.0,0.0,28.0,13546.0,0.0,0.0,5894679.0
2022-10-25,8743922.0,8312950.0,2195.616,607199.0,2799.719,3.15,3.02,3.25,3.0,3.08,3.05,3.25,3.56,3.25,2284.461,5139.0,0.0,28.0,13546.0,0.0,0.0,5941107.0
2022-10-26,8723090.0,8289604.0,2186.856,634548.0,2799.719,3.15,3.03,3.25,3.0,3.08,3.05,3.25,3.54,3.25,2284.461,5585.0,0.0,28.0,13408.0,0.0,0.0,5901686.0
2022-10-27,8723090.0,8289604.0,2152.485,634548.0,2799.719,3.15,3.04,3.25,3.0,3.08,3.05,3.25,3.76,3.25,2284.461,5585.0,0.0,28.0,13408.0,0.0,0.0,5936057.0
2022-10-28,8723090.0,8289604.0,2183.29,634548.0,2799.719,3.15,3.05,3.25,3.0,3.08,3.05,3.25,3.75,3.25,2284.461,5585.0,0.0,28.0,13408.0,0.0,0.0,5905252.0
2022-10-29,8723090.0,8289604.0,2183.29,634548.0,2799.719,3.15,3.05,3.25,3.0,3.08,3.05,3.25,3.75,3.25,2284.461,5585.0,0.0,28.0,13408.0,0.0,0.0,5905252.0
2022-10-30,8723090.0,8289604.0,2183.29,634548.0,2799.719,3.15,3.05,3.25,3.0,3.08,3.05,3.25,3.75,3.25,2284.461,5585.0,0.0,28.0,13408.0,0.0,0.0,5905252.0
2022-10-31,8723090.0,8289604.0,2275.459,634548.0,2799.719,3.15,3.05,3.25,3.0,3.08,3.05,3.25,3.73,3.25,2284.461,5585.0,0.0,28.0,13408.0,0.0,0.0,5813083.0
2022-11-01,8723090.0,8289604.0,2200.51,634548.0,2799.719,3.15,3.05,3.25,3.0,3.08,3.05,3.25,3.72,3.25,2292.048,5585.0,0.0,28.0,13408.0,0.0,0.0,5888032.0
2022-11-02,8676870.0,8255836.0,2229.861,598544.0,2799.719,3.15,3.05,3.25,3.0,3.08,3.05,3.25,3.7,3.25,2292.048,4407.0,0.0,8.0,13028.0,0.0,0.0,5848465.0
2022-11-03,8676870.0,8255836.0,2219.791,598544.0,2799.719,3.9,3.8,4.0,3.75,3.83,3.8,4.0,3.75,4.0,2292.048,4407.0,0.0,8.0,13028.0,0.0,0.0,5858535.0
2022-11-04,8676870.0,8255836.0,2230.84,598544.0,2799.719,3.9,3.8,4.0,3.75,3.83,3.8,4.0,3.73,4.0,2292.048,4407.0,0.0,8.0,13028.0,0.0,0.0,5847486.0
2022-11-05,8676870.0,8255836.0,2230.84,598544.0,2799.719,3.9,3.8,4.0,3.75,3.83,3.8,4.0,3.73,4.0,2292.048,4407.0,0.0,8.0,13028.0,0.0,0.0,5847486.0
2022-11-06,8676870.0,8255836.0,2230.84,598544.0,2799.719,3.9,3.8,4.0,3.75,3.83,3.8,4.0,3.73,4.0,2292.048,4407.0,0.0,8.0,13028.0,0.0,0.0,5847486.0
2022-11-07,8676870.0,8255836.0,2241.317,598544.0,2799.719,3.9,3.78,4.0,3.75,3.83,3.8,4.0,3.78,4.0,2292.048,4407.0,0.0,8.0,13028.0,0.0,0.0,5837009.0
2022-11-08,8676870.0,8255836.0,2232.555,598544.0,2799.719,3.9,3.78,4.0,3.75,3.83,3.8,4.0,3.66,4.0,2292.048,4407.0,0.0,8.0,13028.0,0.0,0.0,5845771.0
2022-11-09,8678886.0,8256104.0,2237.812,527479.0,2799.719,3.9,3.78,4.0,3.75,3.83,3.8,4.0,3.65,4.0,2292.048,3734.0,0.0,19.0,12859.0,0.0,0.0,5913595.0
2022-11-10,8678886.0,8256104.0,2200.586,527479.0,2799.719,3.9,3.78,4.0,3.75,3.83,3.8,4.0,3.71,4.0,2292.048,3734.0,0.0,19.0,12859.0,0.0,0.0,5950821.0
2022-11-11,8678886.0,8256104.0,2200.586,527479.0,2799.719,3.9,3.78,4.0,3.75,3.83,3.8,4.0,3.71,4.0,2292.048,3734.0,0.0,19.0,12859.0,0.0,0.0,5950821.0
2022-11-12,8678886.0,8256104.0,2200.586,527479.0,2799.719,3.9,3.78,4.0,3.75,3.83,3.8,4.0,3.71,4.0,2292.048,3734.0,0.0,19.0,12859.0,0.0,0.0,5950821.0
2022-11-13,8678886.0,8256104.0,2200.586,527479.0,2799.719,3.9,3.78,4.0,3.75,3.83,3.8,4.0,3.71,4.0,2292.048,3734.0,0.0,19.0,12859.0,0.0,0.0,5950821.0
2022-11-14,8678886.0,8256104.0,2165.018,527479.0,2799.719,3.9,3.79,4.0,3.75,3.83,3.8,4.0,3.72,4.0,2292.048,3734.0,0.0,19.0,12859.0,0.0,0.0,5986389.0
2022-11-15,8678886.0,8256104.0,2086.574,527479.0,2799.719,3.9,3.8,4.0,3.75,3.83,3.8,4.0,3.77,4.0,2292.048,3734.0,0.0,19.0,12859.0,0.0,0.0,6064833.0
2022-11-16,8625620.0,8214279.0,2099.07,502982.0,2799.719,3.9,3.81,4.0,3.75,3.83,3.8,4.0,3.81,4.0,2292.048,7851.0,0.0,19.0,12647.0,0.0,0.0,6023568.0
2022-11-17,8625620.0,8214279.0,2114.439,502982.0,2799.719,3.9,3.8,4.0,3.75,3.83,3.8,4.0,3.93,4.0,2292.048,7851.0,0.0,19.0,12647.0,0.0,0.0,6008199.0
2022-11-18,8625620.0,8214279.0,2113.413,502982.0,2799.719,3.9,3.8,4.0,3.75,3.83,3.8,4.0,3.93,4.0,2292.048,7851.0,0.0,19.0,12647.0,0.0,0.0,6009225.0
2022-11-19,8625620.0,8214279.0,2113.413,502982.0,2799.719,3.9,3.8,4.0,3.75,3.83,3.8,4.0,3.93,4.0,2292.048,7851.0,0.0,19.0,12647.0,0.0,0.0,6009225.0
2022-11-20,8625620.0,8214279.0,2113.413,502982.0,2799.719,3.9,3.8,4.0,3.75,3.83,3.8,4.0,3.93,4.0,2292.048,7851.0,0.0,19.0,12647.0,0.0,0.0,6009225.0
2022-11-21,8625620.0,8214279.0,2125.426,502982.0,2799.719,3.9,3.8,4.0,3.75,3.83,3.8,4.0,3.97,4.0,2292.048,7851.0,0.0,19.0,12647.0,0.0,0.0,5997212.0
2022-11-22,8625620.0,8214279.0,2103.932,502982.0,2799.719,3.9,3.8,4.0,3.75,3.83,3.8,4.0,3.97,4.0,2292.048,7851.0,0.0,19.0,12647.0,0.0,0.0,6018706.0
2022-11-23,8621390.0,8209753.0,2069.174,479474.0,2799.719,3.9,3.79,4.0,3.75,3.83,3.8,4.0,4.12,4.0,2292.048,9140.0,0.0,19.0,12538.0,0.0,0.0,6072742.0
2022-11-24,8621390.0,8209753.0,2069.174,479474.0,2799.719,3.9,3.79,4.0,3.75,3.83,3.8,4.0,4.12,4.0,2292.048,9140.0,0.0,19.0,12538.0,0.0,0.0,6072742.0
2022-11-25,8621390.0,8209753.0,2031.066,479474.0,2799.719,3.9,3.8,4.0,3.75,3.83,3.8,4.0,4.16,4.0,2292.048,9140.0,0.0,19.0,12538.0,0.0,0.0,6110850.0
2022-11-26,8621390.0,8209753.0,2031.066,479474.0,2799.719,3.9,3.8,4.0,3.75,3.83,3.8,4.0,4.16,4.0,2292.048,9140.0,0.0,19.0,12538.0,0.0,0.0,6110850.0
2022-11-27,8621390.0,8209753.0,2031.066,479474.0,2799.719,3.9,3.8,4.0,3.75,3.83,3.8,4.0,4.16,4.0,2292.048,9140.0,0.0,19.0,12538.0,0.0,0.0,6110850.0
2022-11-28,8621390.0,8209753.0,2054.914,479474.0,2799.719,3.9,3.8,4.0,3.75,3.83,3.8,4.0,4.11,4.0,2292.048,9140.0,0.0,19.0,12538.0,0.0,0.0,6087002.0
2022-11-29,8621390.0,8209753.0,2064.377,479474.0,2799.719,3.9,3.81,4.0,3.75,3.83,3.8,4.0,4.08,4.0,2292.048,9140.0,0.0,19.0,12538.0,0.0,0.0,6077539.0
2022-11-30,8584576.0,8177087.0,2115.913,511474.0,2799.719,3.9,3.82,4.0,3.75,3.83,3.8,4.0,4.07,4.0,2292.048,10085.0,0.0,11.0,12236.0,0.0,0.0,5957189.0
2022-12-01,8584576.0,8177087.0,2050.286,511474.0,2799.719,3.9,3.82,4.0,3.75,3.83,3.8,4.0,4.04,4.0,2297.938,10085.0,0.0,11.0,12236.0,0.0,0.0,6022816.0
2022-12-02,8584576.0,8177087.0,2049.763,511474.0,2799.719,3.9,3.81,4.0,3.75,3.83,3.8,4.0,3.91,4.0,2297.938,10085.0,0.0,11.0,12236.0,0.0,0.0,6023339.0
2022-12-03,8584576.0,8177087.0,2049.763,511474.0,2799.719,3.9,3.81,4.0,3.75,3.83,3.8,4.0,3.91,4.0,2297.938,10085.0,0.0,11.0,12236.0,0.0,0.0,6023339.0
2022-12-04,8584576.0,8177087.0,2049.763,511474.0,2799.719,3.9,3.81,4.0,3.75,3.83,3.8,4.0,3.91,4.0,2297.938,10085.0,0.0,11.0,12236.0,0.0,0.0,6023339.0
2022-12-05,8584576.0,8177087.0,2093.647,511474.0,2799.719,3.9,3.81,4.0,3.75,3.83,3.8,4.0,3.93,4.0,2297.938,10085.0,0.0,11.0,12236.0,0.0,0.0,5979455.0
2022-12-06,8584576.0,8177087.0,2111.465,511474.0,2799.719,3.9,3.8,4.0,3.75,3.83,3.8,4.0,3.87,4.0,2297.938,10085.0,0.0,11.0,12236.0,0.0,0.0,5961637.0
2022-12-07,8582735.0,8175598.0,2151.549,432335.0,2799.719,3.9,3.8,4.0,3.75,3.83,3.8,4.0,3.79,4.0,2297.938,7158.0,0.0,0.0,12125.0,0.0,0.0,5998851.0
2022-12-08,8582735.0,8175598.0,2175.973,432335.0,2799.719,3.9,3.8,4.0,3.75,3.83,3.8,4.0,3.75,4.0,2297.938,7158.0,0.0,0.0,12125.0,0.0,0.0,5974427.0
2022-12-09,8582735.0,8175598.0,2146.748,432335.0,2799.719,3.9,3.8,4.0,3.75,3.83,3.8,4.0,3.81,4.0,2297.938,7158.0,0.0,0.0,12125.0,0.0,0.0,6003652.0
2022-12-10,8582735.0,8175598.0,2146.748,432335.0,2799.719,3.9,3.8,4.0,3.75,3.83,3.8,4.0,3.81,4.0,2297.938,7158.0,0.0,0.0,12125.0,0.0,0.0,6003652.0
2022-12-11,8582735.0,8175598.0,2146.748,432335.0,2799.719,3.9,3.8,4.0,3.75,3.83,3.8,4.0,3.81,4.0,2297.938,7158.0,0.0,0.0,12125.0,0.0,0.0,6003652.0
2022-12-12,8582735.0,8175598.0,2158.517,432335.0,2799.719,3.9,3.8,4.0,3.75,3.83,3.8,4.0,3.86,4.0,2297.938,7158.0,0.0,0.0,12125.0,0.0,0.0,5991883.0
2022-12-13,8582735.0,8175598.0,2180.676,432335.0,2799.719,3.9,3.8,4.0,3.75,3.83,3.8,4.0,3.89,4.0,2297.938,7158.0,0.0,0.0,12125.0,0.0,0.0,5969724.0
2022-12-14,8583413.0,8174734.0,2192.864,355517.0,2799.719,3.9,3.8,4.0,3.75,3.83,3.8,4.0,3.91,4.0,2297.938,5897.0,0.0,0.0,11726.0,0.0,0.0,6035032.0
2022-12-15,8583413.0,8174734.0,2123.995,355517.0,2799.719,4.4,4.32,4.5,4.25,4.33,4.3,4.5,3.95,4.5,2297.938,5897.0,0.0,0.0,11726.0,0.0,0.0,6103901.0
2022-12-16,8583413.0,8174734.0,2126.54,355517.0,2799.719,4.4,4.32,4.5,4.25,4.33,4.3,4.5,3.94,4.5,2297.938,5897.0,0.0,0.0,11726.0,0.0,0.0,6101356.0
2022-12-17,8583413.0,8174734.0,2126.54,355517.0,2799.719,4.4,4.32,4.5,4.25,4.33,4.3,4.5,3.94,4.5,2297.938,5897.0,0.0,0.0,11726.0,0.0,0.0,6101356.0
2022-12-18,8583413.0,8174734.0,2126.54,355517.0,2799.719,4.4,4.32,4.5,4.25,4.33,4.3,4.5,3.94,4.5,2297.938,5897.0,0.0,0.0,11726.0,0.0,0.0,6101356.0
2022-12-19,8583413.0,8174734.0,2134.765,355517.0,2799.719,4.4,4.3,4.5,4.25,4.33,4.3,4.5,3.95,4.5,2297.938,5897.0,0.0,0.0,11726.0,0.0,0.0,6093131.0
2022-12-20,8583413.0,8174734.0,2159.408,355517.0,2799.719,4.4,4.3,4.5,4.25,4.33,4.3,4.5,3.89,4.5,2297.938,5897.0,0.0,0.0,11726.0,0.0,0.0,6068488.0
2022-12-21,8564411.0,8156600.0,2206.965,459780.0,2799.719,4.4,4.3,4.5,4.25,4.33,4.3,4.5,3.9,4.5,2297.938,4571.0,0.0,4.0,11634.0,0.0,0.0,5897666.0
2022-12-22,8564411.0,8156600.0,2222.898,459780.0,2799.719,4.4,4.3,4.5,4.25,4.33,4.3,4.5,3.8,4.5,2297.938,4571.0,0.0,4.0,11634.0,0.0,0.0,5881733.0
2022-12-23,8564411.0,8156600.0,2216.348,459780.0,2799.719,4.4,4.3,4.5,4.25,4.33,4.3,4.5,3.8,4.5,2297.938,4571.0,0.0,4.0,11634.0,0.0,0.0,5888283.0
2022-12-24,8564411.0,8156600.0,2216.348,459780.0,2799.719,4.4,4.3,4.5,4.25,4.33,4.3,4.5,3.8,4.5,2297.938,4571.0,0.0,4.0,11634.0,0.0,0.0,5888283.0
2022-12-25,8564411.0,8156600.0,2216.348,459780.0,2799.719,4.4,4.3,4.5,4.25,4.33,4.3,4.5,3.8,4.5,2297.938,4571.0,0.0,4.0,11634.0,0.0,0.0,5888283.0
2022-12-26,8564411.0,8156600.0,2216.348,459780.0,2799.719,4.4,4.3,4.5,4.25,4.33,4.3,4.5,3.8,4.5,2297.938,4571.0,0.0,4.0,11634.0,0.0,0.0,5888283.0
2022-12-27,8564411.0,8156600.0,2221.259,459780.0,2799.719,4.4,4.3,4.5,4.25,4.33,4.3,4.5,3.87,4.5,2297.938,4571.0,0.0,4.0,11634.0,0.0,0.0,5883372.0
2022-12-28,8551169.0,8144582.0,2293.003,427926.0,2799.719,4.4,4.3,4.5,4.25,4.33,4.3,4.5,3.86,4.5,2297.938,4638.0,0.0,19.0,11472.0,0.0,0.0,5830240.0
2022-12-29,8551169.0,8144582.0,2308.319,427926.0,2799.719,4.4,4.3,4.5,4.25,4.33,4.3,4.5,4.04,4.5,2297.938,4638.0,0.0,19.0,11472.0,0.0,0.0,5814924.0
2022-12-30,8551169.0,8144582.0,2553.716,427926.0,2799.719,4.4,4.3,4.5,4.25,4.33,4.3,4.5,4.12,4.5,2297.938,4638.0,0.0,19.0,11472.0,0.0,0.0,5569527.0
2022-12-31,8551169.0,8144582.0,2553.716,427926.0,2799.719,4.4,4.3,4.5,4.25,4.33,4.3,4.5,4.12,4.5,2297.938,4638.0,0.0,19.0,11472.0,0.0,0.0,5569527.0
2023-01-01,8551169.0,8144582.0,2553.716,427926.0,2799.719,4.4,4.3,4.5,4.25,4.33,4.3,4.5,4.12,4.5,2300.46,4638.0,0.0,19.0,11472.0,0.0,0.0,5569527.0
2023-01-02,8551169.0,8144582.0,2553.716,427926.0,2799.719,4.4,4.3,4.5,4.25,4.33,4.3,4.5,4.12,4.5,2300.46,4638.0,0.0,19.0,11472.0,0.0,0.0,5569527.0
2023-01-03,8551169.0,8144582.0,2188.272,427926.0,2799.719,4.4,4.31,4.5,4.25,4.33,4.3,4.5,4.17,4.5,2300.46,4638.0,0.0,19.0,11472.0,0.0,0.0,5934971.0
2023-01-04,8507429.0,8101500.0,2229.542,423625.0,2799.719,4.4,4.3,4.5,4.25,4.33,4.3,4.5,4.2,4.5,2300.46,3932.0,0.0,0.0,11424.0,0.0,0.0,5854262.0
2023-01-05,8507429.0,8101500.0,2242.486,423625.0,2799.719,4.4,4.31,4.5,4.25,4.33,4.3,4.5,4.3,4.5,2300.46,3932.0,0.0,0.0,11424.0,0.0,0.0,5841318.0
2023-01-06,8507429.0,8101500.0,2208.265,423625.0,2799.719,4.4,4.31,4.5,4.25,4.33,4.3,4.5,4.32,4.5,2300.46,3932.0,0.0,0.0,11424.0,0.0,0.0,5875539.0
2023-01-07,8507429.0,8101500.0,2208.265,423625.0,2799.719,4.4,4.31,4.5,4.25,4.33,4.3,4.5,4.32,4.5,2300.46,3932.0,0.0,0.0,11424.0,0.0,0.0,5875539.0
2023-01-08,8507429.0,8101500.0,2208.265,423625.0,2799.719,4.4,4.31,4.5,4.25,4.33,4.3,4.5,4.32,4.5,2300.46,3932.0,0.0,0.0,11424.0,0.0,0.0,5875539.0
2023-01-09,8507429.0,8101500.0,2199.121,423625.0,2799.719,4.4,4.31,4.5,4.25,4.33,4.3,4.5,4.37,4.5,2300.46,3932.0,0.0,0.0,11424.0,0.0,0.0,5884683.0
2023-01-10,8507429.0,8101500.0,2192.942,423625.0,2799.719,4.4,4.31,4.5,4.25,4.33,4.3,4.5,4.41,4.5,2300.46,3932.0,0.0,0.0,11424.0,0.0,0.0,5890862.0
2023-01-11,8508587.0,8100175.0,2199.17,372340.0,2799.719,4.4,4.3,4.5,4.25,4.33,4.3,4.5,4.42,4.5,2300.46,3860.0,0.0,0.0,11347.0,0.0,0.0,5937077.0
2023-01-12,8508587.0,8100175.0,2202.989,372340.0,2799.719,4.4,4.3,4.5,4.25,4.33,4.3,4.5,4.57,4.5,2300.46,3860.0,0.0,0.0,11347.0,0.0,0.0,5933258.0
2023-01-13,8508587.0,8100175.0,2179.781,372340.0,2799.719,4.4,4.3,4.5,4.25,4.33,4.3,4.5,4.58,4.5,2300.46,3860.0,0.0,0.0,11347.0,0.0,0.0,5956466.0
2023-01-14,8508587.0,8100175.0,2179.781,372340.0,2799.719,4.4,4.3,4.5,4.25,4.33,4.3,4.5,4.58,4.5,2300.46,3860.0,0.0,0.0,11347.0,0.0,0.0,5956466.0
2023-01-15,8508587.0,8100175.0,2179.781,372340.0,2799.719,4.4,4.3,4.5,4.25,4.33,4.3,4.5,4.58,4.5,2300.46,3860.0,0.0,0.0,11347.0,0.0,0.0,5956466.0
2023-01-16,8508587.0,8100175.0,2179.781,372340.0,2799.719,4.4,4.3,4.5,4.25,4.33,4.3,4.5,4.58,4.5,2300.46,3860.0,0.0,0.0,11347.0,0.0,0.0,5956466.0
2023-01-17,8508587.0,8100175.0,2093.328,372340.0,2799.719,4.4,4.31,4.5,4.25,4.33,4.3,4.5,4.6,4.5,2300.46,3860.0,0.0,0.0,11347.0,0.0,0.0,6042919.0
2023-01-18,8489039.0,8079010.0,2131.678,339018.0,2799.719,4.4,4.3,4.5,4.25,4.33,4.3,4.5,4.59,4.5,2300.46,4603.0,5.0,0.0,11270.0,0.0,0.0,6018343.0
2023-01-19,8489039.0,8079010.0,2110.145,339018.0,2799.719,4.4,4.31,4.5,4.25,4.33,4.3,4.5,4.69,4.5,2300.46,4603.0,5.0,0.0,11270.0,0.0,0.0,6039876.0
2023-01-20,8489039.0,8079010.0,2090.523,339018.0,2799.719,4.4,4.3,4.5,4.25,4.33,4.3,4.5,4.69,4.5,2300.46,4603.0,5.0,0.0,11270.0,0.0,0.0,6059498.0
2023-01-21,8489039.0,8079010.0,2090.523,339018.0,2799.719,4.4,4.3,4.5,4.25,4.33,4.3,4.5,4.69,4.5,2300.46,4603.0,5.0,0.0,11270.0,0.0,0.0,6059498.0
2023-01-22,8489039.0,8079010.0,2090.523,339018.0,2799.719,4.4,4.3,4.5,4.25,4.33,4.3,4.5,4.69,4.5,2300.46,4603.0,5.0,0.0,11270.0,0.0,0.0,6059498.0
2023-01-23,8489039.0,8079010.0,2135.499,339018.0,2799.719,4.4,4.3,4.5,4.25,4.33,4.3,4.5,4.69,4.5,2300.46,4603.0,5.0,0.0,11270.0,0.0,0.0,6014522.0
2023-01-24,8489039.0,8079010.0,2048.386,339018.0,2799.719,4.4,4.3,4.5,4.25,4.33,4.3,4.5,4.7,4.5,2300.46,4603.0,5.0,0.0,11270.0,0.0,0.0,6101635.0
2023-01-25,8470557.0,8062665.0,2031.561,491848.0,2799.719,4.4,4.31,4.5,4.25,4.33,4.3,4.5,4.67,4.5,2300.46,5106.0,0.0,0.0,11183.0,0.0,0.0,5947148.0
2023-01-26,8470557.0,8062665.0,2024.069,491848.0,2799.719,4.4,4.3,4.5,4.25,4.33,4.3,4.5,4.61,4.5,2300.46,5106.0,0.0,0.0,11183.0,0.0,0.0,5954640.0
2023-01-27,8470557.0,8062665.0,2003.634,491848.0,2799.719,4.4,4.3,4.5,4.25,4.33,4.3,4.5,4.61,4.5,2300.46,5106.0,0.0,0.0,11183.0,0.0,0.0,5975075.0
2023-01-28,8470557.0,8062665.0,2003.634,491848.0,2799.719,4.4,4.3,4.5,4.25,4.33,4.3,4.5,4.61,4.5,2300.46,5106.0,0.0,0.0,11183.0,0.0,0.0,5975075.0
2023-01-29,8470557.0,8062665.0,2003.634,491848.0,2799.719,4.4,4.3,4.5,4.25,4.33,4.3,4.5,4.61,4.5,2300.46,5106.0,0.0,0.0,11183.0,0.0,0.0,5975075.0
2023-01-30,8470557.0,8062665.0,2048.714,491848.0,2799.719,4.4,4.3,4.5,4.25,4.33,4.3,4.5,4.6,4.5,2300.46,5106.0,0.0,0.0,11183.0,0.0,0.0,5929995.0
2023-01-31,8470557.0,8062665.0,2061.572,491848.0,2799.719,4.4,4.31,4.5,4.25,4.33,4.3,4.5,4.58,4.5,2300.46,5106.0,0.0,0.0,11183.0,0.0,0.0,5917137.0
2023-02-01,8433610.0,8024470.0,2038.262,560089.0,2799.719,4.4,4.31,4.5,4.25,4.33,4.3,4.5,4.59,4.5,2297.997,4700.0,0.0,0.0,11070.0,0.0,0.0,5835259.0
2023-02-02,8433610.0,8024470.0,2050.063,560089.0,2799.719,4.65,4.56,4.75,4.5,4.58,4.55,4.75,4.62,4.75,2297.997,4700.0,0.0,0.0,11070.0,0.0,0.0,5823458.0
2023-02-03,8433610.0,8024470.0,2041.217,560089.0,2799.719,4.65,4.55,4.75,4.5,4.58,4.55,4.75,4.61,4.75,2297.997,4700.0,0.0,0.0,11070.0,0.0,0.0,5832304.0
2023-02-04,8433610.0,8024470.0,2041.217,560089.0,2799.719,4.65,4.55,4.75,4.5,4.58,4.55,4.75,4.61,4.75,2297.997,4700.0,0.0,0.0,11070.0,0.0,0.0,5832304.0
2023-02-05,8433610.0,8024470.0,2041.217,560089.0,2799.719,4.65,4.55,4.75,4.5,4.58,4.55,4.75,4.61,4.75,2297.997,4700.0,0.0,0.0,11070.0,0.0,0.0,5832304.0
2023-02-06,8433610.0,8024470.0,2072.261,560089.0,2799.719,4.65,4.55,4.75,4.5,4.58,4.55,4.75,4.61,4.75,2297.997,4700.0,0.0,0.0,11070.0,0.0,0.0,5801260.0
2023-02-07,8433610.0,8024470.0,2057.958,560089.0,2799.719,4.65,4.55,4.75,4.5,4.58,4.55,4.75,4.62,4.75,2297.997,4700.0,0.0,0.0,11070.0,0.0,0.0,5815563.0
2023-02-08,8435369.0,8024104.0,2059.604,493277.0,2799.719,4.65,4.55,4.75,4.5,4.58,4.55,4.75,4.64,4.75,2297.997,4486.0,0.0,0.0,10990.0,0.0,0.0,5882488.0
2023-02-09,8435369.0,8024104.0,2058.942,493277.0,2799.719,4.65,4.55,4.75,4.5,4.57,4.55,4.75,4.66,4.75,2297.997,4486.0,0.0,0.0,10990.0,0.0,0.0,5883150.0
2023-02-10,8435369.0,8024104.0,2042.893,493277.0,2799.719,4.65,4.55,4.75,4.5,4.58,4.55,4.75,4.66,4.75,2297.997,4486.0,0.0,0.0,10990.0,0.0,0.0,5899199.0
2023-02-11,8435369.0,8024104.0,2042.893,493277.0,2799.719,4.65,4.55,4.75,4.5,4.58,4.55,4.75,4.66,4.75,2297.997,4486.0,0.0,0.0,10990.0,0.0,0.0,5899199.0
2023-02-12,8435369.0,8024104.0,2042.893,493277.0,2799.719,4.65,4.55,4.75,4.5,4.58,4.55,4.75,4.66,4.75,2297.997,4486.0,0.0,0.0,10990.0,0.0,0.0,5899199.0
2023-02-13,8435369.0,8024104.0,2107.775,493277.0,2799.719,4.65,4.55,4.75,4.5,4.58,4.55,4.75,4.66,4.75,2297.997,4486.0,0.0,0.0,10990.0,0.0,0.0,5834317.0
2023-02-14,8435369.0,8024104.0,2076.548,493277.0,2799.719,4.65,4.55,4.75,4.5,4.58,4.55,4.75,4.63,4.75,2297.997,4486.0,0.0,0.0,10990.0,0.0,0.0,5865544.0
2023-02-15,8384767.0,7990467.0,2011.998,490379.0,2799.719,4.65,4.55,4.75,4.5,4.58,4.55,4.75,4.64,4.75,2297.997,4778.0,0.0,0.0,10895.0,0.0,0.0,5882390.0
2023-02-16,8384767.0,7990467.0,2032.457,490379.0,2799.719,4.65,4.55,4.75,4.5,4.58,4.55,4.75,4.66,4.75,2297.997,4778.0,0.0,0.0,10895.0,0.0,0.0,5861931.0
2023-02-17,8384767.0,7990467.0,2059.662,490379.0,2799.719,4.65,4.55,4.75,4.5,4.58,4.55,4.75,4.64,4.75,2297.997,4778.0,0.0,0.0,10895.0,0.0,0.0,5834726.0
2023-02-18,8384767.0,7990467.0,2059.662,490379.0,2799.719,4.65,4.55,4.75,4.5,4.58,4.55,4.75,4.64,4.75,2297.997,4778.0,0.0,0.0,10895.0,0.0,0.0,5834726.0
2023-02-19,8384767.0,7990467.0,2059.662,490379.0,2799.719,4.65,4.55,4.75,4.5,4.58,4.55,4.75,4.64,4.75,2297.997,4778.0,0.0,0.0,10895.0,0.0,0.0,5834726.0
2023-02-20,8384767.0,7990467.0,2059.662,490379.0,2799.719,4.65,4.55,4.75,4.5,4.58,4.55,4.75,4.64,4.75,2297.997,4778.0,0.0,0.0,10895.0,0.0,0.0,5834726.0
2023-02-21,8384767.0,7990467.0,2046.064,490379.0,2799.719,4.65,4.55,4.75,4.5,4.58,4.55,4.75,4.63,4.75,2297.997,4778.0,0.0,0.0,10895.0,0.0,0.0,5848324.0
2023-02-22,8382190.0,7986887.0,2113.849,477333.0,2799.719,4.65,4.55,4.75,4.5,4.58,4.55,4.75,4.62,4.75,2297.997,4558.0,0.0,0.0,10805.0,0.0,0.0,5791008.0
2023-02-23,8382190.0,7986887.0,2147.417,477333.0,2799.719,4.65,4.55,4.75,4.5,4.58,4.55,4.75,4.66,4.75,2297.997,4558.0,0.0,0.0,10805.0,0.0,0.0,5757440.0
2023-02-24,8382190.0,7986887.0,2142.141,477333.0,2799.719,4.65,4.55,4.75,4.5,4.58,4.55,4.75,4.68,4.75,2297.997,4558.0,0.0,0.0,10805.0,0.0,0.0,5762716.0
2023-02-25,8382190.0,7986887.0,2142.141,477333.0,2799.719,4.65,4.55,4.75,4.5,4.58,4.55,4.75,4.68,4.75,2297.997,4558.0,0.0,0.0,10805.0,0.0,0.0,5762716.0
2023-02-26,8382190.0,7986887.0,2142.141,477333.0,2799.719,4.65,4.55,4.75,4.5,4.58,4.55,4.75,4.68,4.75,2297.997,4558.0,0.0,0.0,10805.0,0.0,0.0,5762716.0
2023-02-27,8382190.0,7986887.0,2162.435,477333.0,2799.719,4.65,4.55,4.75,4.5,4.57,4.55,4.75,4.67,4.75,2297.997,4558.0,0.0,0.0,10805.0,0.0,0.0,5742422.0
2023-02-28,8382190.0,7986887.0,2188.035,477333.0,2799.719,4.65,4.55,4.75,4.5,4.57,4.55,4.75,4.65,4.75,2297.997,4558.0,0.0,0.0,10805.0,0.0,0.0,5716822.0
2023-03-01,8339684.0,7948534.0,2133.95,381245.0,2799.719,4.65,4.55,4.75,4.5,4.58,4.55,4.75,4.67,4.75,2310.844,4362.0,0.0,0.0,10705.0,0.0,0.0,5824489.0
2023-03-02,8339684.0,7948534.0,2192.355,381245.0,2799.719,4.65,4.55,4.75,4.5,4.57,4.55,4.75,4.75,4.75,2310.844,4362.0,0.0,0.0,10705.0,0.0,0.0,5766084.0
2023-03-03,8339684.0,7948534.0,2186.15,381245.0,2799.719,4.65,4.55,4.75,4.5,4.57,4.55,4.75,4.75,4.75,2310.844,4362.0,0.0,0.0,10705.0,0.0,0.0,5772289.0
2023-03-04,8339684.0,7948534.0,2186.15,381245.0,2799.719,4.65,4.55,4.75,4.5,4.57,4.55,4.75,4.75,4.75,2310.844,4362.0,0.0,0.0,10705.0,0.0,0.0,5772289.0
2023-03-05,8339684.0,7948534.0,2186.15,381245.0,2799.719,4.65,4.55,4.75,4.5,4.57,4.55,4.75,4.75,4.75,2310.844,4362.0,0.0,0.0,10705.0,0.0,0.0,5772289.0
2023-03-06,8339684.0,7948534.0,2190.793,381245.0,2799.719,4.65,4.55,4.75,4.5,4.57,4.55,4.75,4.75,4.75,2310.844,4362.0,0.0,0.0,10705.0,0.0,0.0,5767646.0
2023-03-07,8339684.0,7948534.0,2170.195,381245.0,2799.719,4.65,4.55,4.75,4.5,4.57,4.55,4.75,4.8,4.75,2310.844,4362.0,0.0,0.0,10705.0,0.0,0.0,5788244.0
2023-03-08,8342283.0,7948335.0,2193.237,333350.0,2799.719,4.65,4.55,4.75,4.5,4.57,4.55,4.75,4.77,4.75,2310.844,4581.0,0.0,0.0,10628.0,0.0,0.0,5815696.0
2023-03-09,8342283.0,7948335.0,2229.623,333350.0,2799.719,4.65,4.55,4.75,4.5,4.57,4.55,4.75,4.83,4.75,2310.844,4581.0,0.0,0.0,10628.0,0.0,0.0,5779310.0
2023-03-10,8342283.0,7948335.0,2188.375,333350.0,2799.719,4.65,4.55,4.75,4.5,4.57,4.55,4.75,4.81,4.75,2310.844,4581.0,0.0,0.0,10628.0,0.0,0.0,5820558.0
2023-03-11,8342283.0,7948335.0,2188.375,333350.0,2799.719,4.65,4.55,4.75,4.5,4.57,4.55,4.75,4.81,4.75,2310.844,4581.0,0.0,0.0,10628.0,0.0,0.0,5820558.0
2023-03-12,8342283.0,7948335.0,2188.375,333350.0,2799.719,4.65,4.55,4.75,4.5,4.57,4.55,4.75,4.81,4.75,2310.844,4581.0,0.0,0.0,10628.0,0.0,0.0,5820558.0
2023-03-13,8342283.0,7948335.0,2126.677,333350.0,2799.719,4.65,4.55,4.75,4.5,4.58,4.55,4.75,4.62,4.75,2310.844,4581.0,0.0,0.0,10628.0,0.0,0.0,5882256.0
2023-03-14,8342283.0,7948335.0,2042.579,333350.0,2799.719,4.65,4.55,4.75,4.5,4.58,4.55,4.75,4.47,4.75,2310.844,4581.0,0.0,0.0,10628.0,0.0,0.0,5966354.0
2023-03-15,8639300.0,7940014.0,2055.823,232866.0,2799.719,4.65,4.58,4.75,4.5,4.58,4.55,4.75,4.23,4.75,2310.844,152853.0,0.0,4.0,10549.0,11943.0,142800.0,6350611.0
2023-03-16,8639300.0,7940014.0,2066.319,232866.0,2799.719,4.65,4.57,4.75,4.5,4.58,4.55,4.75,4.22,4.75,2310.844,152853.0,0.0,4.0,10549.0,11943.0,142800.0,6340115.0
2023-03-17,8639300.0,7940014.0,2106.166,232866.0,2799.719,4.65,4.55,4.75,4.5,4.58,4.55,4.75,4.31,4.75,2310.844,152853.0,0.0,4.0,10549.0,11943.0,142800.0,6300268.0
2023-03-18,8639300.0,7940014.0,2106.166,232866.0,2799.719,4.65,4.55,4.75,4.5,4.58,4.55,4.75,4.31,4.75,2310.844,152853.0,0.0,4.0,10549.0,11943.0,142800.0,6300268.0
2023-03-19,8639300.0,7940014.0,2106.166,232866.0,2799.719,4.65,4.55,4.75,4.5,4.58,4.55,4.75,4.31,4.75,2310.844,152853.0,0.0,4.0,10549.0,11943.0,142800.0,6300268.0
2023-03-20,8639300.0,7940014.0,2098.393,232866.0,2799.719,4.65,4.55,4.75,4.5,4.58,4.55,4.75,4.34,4.75,2310.844,152853.0,0.0,4.0,10549.0,11943.0,142800.0,6308041.0
2023-03-21,8639300.0,7940014.0,2194.631,232866.0,2799.719,4.65,4.55,4.75,4.5,4.58,4.55,4.75,4.07,4.75,2310.844,152853.0,0.0,4.0,10549.0,11943.0,142800.0,6211803.0
2023-03-22,8733787.0,7936558.0,2279.608,259587.0,2799.719,4.65,4.55,4.75,4.5,4.58,4.55,4.75,4.16,4.75,2310.844,110248.0,0.0,4.0,10469.0,53669.0,179800.0,6194592.0
2023-03-23,8733787.0,7936558.0,2233.956,259587.0,2799.719,4.9,4.8,5.0,4.75,4.83,4.8,5.0,4.26,5.0,2310.844,110248.0,0.0,4.0,10469.0,53669.0,179800.0,6240244.0
2023-03-24,8733787.0,7936558.0,2218.458,259587.0,2799.719,4.9,4.8,5.0,4.75,4.83,4.8,5.0,4.28,5.0,2310.844,110248.0,0.0,4.0,10469.0,53669.0,179800.0,6255742.0
2023-03-25,8733787.0,7936558.0,2218.458,259587.0,2799.719,4.9,4.8,5.0,4.75,4.83,4.8,5.0,4.28,5.0,2310.844,110248.0,0.0,4.0,10469.0,53669.0,179800.0,6255742.0
2023-03-26,8733787.0,7936558.0,2218.458,259587.0,2799.719,4.9,4.8,5.0,4.75,4.83,4.8,5.0,4.28,5.0,2310.844,110248.0,0.0,4.0,10469.0,53669.0,179800.0,6255742.0
2023-03-27,8733787.0,7936558.0,2220.131,259587.0,2799.719,4.9,4.81,5.0,4.75,4.83,4.8,5.0,4.22,5.0,2310.844,110248.0,0.0,4.0,10469.0,53669.0,179800.0,6254069.0
2023-03-28,8733787.0,7936558.0,2231.749,259587.0,2799.719,4.9,4.84,5.0,4.75,4.83,4.8,5.0,4.24,5.0,2310.844,110248.0,0.0,4.0,10469.0,53669.0,179800.0,6242451.0
2023-03-29,8705942.0,7926131.0,2264.862,183577.0,2799.719,4.9,4.83,5.0,4.75,4.83,4.8,5.0,4.34,5.0,2310.844,88157.0,0.0,3.0,10005.0,64403.0,180100.0,6257503.0
2023-03-30,8705942.0,7926131.0,2271.531,183577.0,2799.719,4.9,4.82,5.0,4.75,4.83,4.8,5.0,4.74,5.0,2310.844,88157.0,0.0,3.0,10005.0,64403.0,180100.0,6250834.0
2023-03-31,8705942.0,7926131.0,2375.171,183577.0,2799.719,4.9,4.87,5.0,4.75,4.83,4.8,5.0,4.74,5.0,2310.844,88157.0,0.0,3.0,10005.0,64403.0,180100.0,6147194.0
2023-04-01,8705942.0,7926131.0,2375.171,183577.0,2799.719,4.9,4.87,5.0,4.75,4.83,4.8,5.0,4.74,5.0,2323.44,88157.0,0.0,3.0,10005.0,64403.0,180100.0,6147194.0
2023-04-02,8705942.0,7926131.0,2375.171,183577.0,2799.719,4.9,4.87,5.0,4.75,4.83,4.8,5.0,4.74,5.0,2323.44,88157.0,0.0,3.0,10005.0,64403.0,180100.0,6147194.0
2023-04-03,8705942.0,7926131.0,2221.01,183577.0,2799.719,4.9,4.84,5.0,4.75,4.83,4.8,5.0,4.7,5.0,2323.44,88157.0,0.0,3.0,10005.0,64403.0,180100.0,6301355.0
2023-04-04,8705942.0,7926131.0,2219.375,183577.0,2799.719,4.9,4.83,5.0,4.75,4.83,4.8,5.0,4.66,5.0,2323.44,88157.0,0.0,3.0,10005.0,64403.0,180100.0,6302990.0
2023-04-05,8632384.0,7877114.0,2243.011,168793.0,2799.719,4.9,4.81,5.0,4.75,4.83,4.8,5.0,4.62,5.0,2323.44,69705.0,0.0,0.0,9115.0,79021.0,174609.0,6220580.0
2023-04-06,8632384.0,7877114.0,2173.663,168793.0,2799.719,4.9,4.81,5.0,4.75,4.83,4.8,5.0,4.57,5.0,2323.44,69705.0,0.0,0.0,9115.0,79021.0,174609.0,6289928.0
2023-04-07,8632384.0,7877114.0,2173.663,168793.0,2799.719,4.9,4.81,5.0,4.75,4.83,4.8,5.0,4.56,5.0,2323.44,69705.0,0.0,0.0,9115.0,79021.0,174609.0,6289928.0
2023-04-08,8632384.0,7877114.0,2173.663,168793.0,2799.719,4.9,4.81,5.0,4.75,4.83,4.8,5.0,4.56,5.0,2323.44,69705.0,0.0,0.0,9115.0,79021.0,174609.0,6289928.0
2023-04-09,8632384.0,7877114.0,2173.663,168793.0,2799.719,4.9,4.81,5.0,4.75,4.83,4.8,5.0,4.56,5.0,2323.44,69705.0,0.0,0.0,9115.0,79021.0,174609.0,6289928.0
2023-04-10,8632384.0,7877114.0,2239.655,168793.0,2799.719,4.9,4.81,5.0,4.75,4.83,4.8,5.0,4.53,5.0,2323.44,69705.0,0.0,0.0,9115.0,79021.0,174609.0,6223936.0
2023-04-11,8632384.0,7877114.0,2297.208,168793.0,2799.719,4.9,4.8,5.0,4.75,4.83,4.8,5.0,4.27,5.0,2323.44,69705.0,0.0,0.0,9115.0,79021.0,174609.0,6166383.0
2023-04-12,8614797.0,7877741.0,2303.862,109208.0,2799.719,4.9,4.8,5.0,4.75,4.83,4.8,5.0,4.27,5.0,2323.44,67633.0,0.0,1.0,9000.0,71837.0,172615.0,6201727.0
2023-04-13,8614797.0,7877741.0,2321.699,109208.0,2799.719,4.9,4.8,5.0,4.75,4.83,4.8,5.0,4.08,5.0,2323.44,67633.0,0.0,1.0,9000.0,71837.0,172615.0,6183890.0
2023-04-14,8614797.0,7877741.0,2253.786,109208.0,2799.719,4.9,4.8,5.0,4.75,4.83,4.8,5.0,4.29,5.0,2323.44,67633.0,0.0,1.0,9000.0,71837.0,172615.0,6251803.0
2023-04-15,8614797.0,7877741.0,2253.786,109208.0,2799.719,4.9,4.8,5.0,4.75,4.83,4.8,5.0,4.29,5.0,2323.44,67633.0,0.0,1.0,9000.0,71837.0,172615.0,6251803.0
2023-04-16,8614797.0,7877741.0,2253.786,109208.0,2799.719,4.9,4.8,5.0,4.75,4.83,4.8,5.0,4.29,5.0,2323.44,67633.0,0.0,1.0,9000.0,71837.0,172615.0,6251803.0
2023-04-17,8614797.0,7877741.0,2256.845,109208.0,2799.719,4.9,4.8,5.0,4.75,4.83,4.8,5.0,4.09,5.0,2323.44,67633.0,0.0,1.0,9000.0,71837.0,172615.0,6248744.0
2023-04-18,8614797.0,7877741.0,2238.994,109208.0,2799.719,4.9,4.8,5.0,4.75,4.83,4.8,5.0,3.89,5.0,2323.44,67633.0,0.0,1.0,9000.0,71837.0,172615.0,6266595.0
2023-04-19,8593263.0,7860459.0,2294.677,166555.0,2799.719,4.9,4.8,5.0,4.75,4.83,4.8,5.0,3.95,5.0,2323.44,69925.0,0.0,3.0,8933.0,73982.0,172615.0,6132031.0
2023-04-20,8593263.0,7860459.0,2277.259,166555.0,2799.719,4.9,4.8,5.0,4.75,4.83,4.8,5.0,3.4,5.0,2323.44,69925.0,0.0,3.0,8933.0,73982.0,172615.0,6149449.0
2023-04-21,8593263.0,7860459.0,2290.023,166555.0,2799.719,4.9,4.8,5.0,4.75,4.83,4.8,5.0,3.36,5.0,2323.44,69925.0,0.0,3.0,8933.0,73982.0,172615.0,6136685.0
2023-04-22,8593263.0,7860459.0,2290.023,166555.0,2799.719,4.9,4.8,5.0,4.75,4.83,4.8,5.0,3.36,5.0,2323.44,69925.0,0.0,3.0,8933.0,73982.0,172615.0,6136685.0
2023-04-23,8593263.0,7860459.0,2290.023,166555.0,2799.719,4.9,4.8,5.0,4.75,4.83,4.8,5.0,3.36,5.0,2323.44,69925.0,0.0,3.0,8933.0,73982.0,172615.0,6136685.0
2023-04-24,8593263.0,7860459.0,2308.538,166555.0,2799.719,4.9,4.8,5.0,4.75,4.83,4.8,5.0,3.54,5.0,2323.44,69925.0,0.0,3.0,8933.0,73982.0,172615.0,6118170.0
2023-04-25,8593263.0,7860459.0,2275.402,166555.0,2799.719,4.9,4.8,5.0,4.75,4.83,4.8,5.0,4.11,5.0,2323.44,69925.0,0.0,3.0,8933.0,73982.0,172615.0,6151306.0
2023-04-26,8562768.0,7843852.0,2279.561,291702.0,2799.719,4.9,4.8,5.0,4.75,4.83,4.8,5.0,3.91,5.0,2323.44,73855.0,0.0,5.0,8573.0,81327.0,170370.0,5991505.0
2023-04-27,8562768.0,7843852.0,2273.926,291702.0,2799.719,4.9,4.81,5.0,4.75,4.83,4.8,5.0,4.27,5.0,2323.44,73855.0,0.0,5.0,8573.0,81327.0,170370.0,5997140.0
2023-04-28,8562768.0,7843852.0,2325.479,291702.0,2799.719,4.9,4.81,5.0,4.75,4.83,4.8,5.0,4.35,5.0,2323.44,73855.0,0.0,5.0,8573.0,81327.0,170370.0,5945587.0
2023-04-29,8562768.0,7843852.0,2325.479,291702.0,2799.719,4.9,4.81,5.0,4.75,4.83,4.8,5.0,4.35,5.0,2323.44,73855.0,0.0,5.0,8573.0,81327.0,170370.0,5945587.0
2023-04-30,8562768.0,7843852.0,2325.479,291702.0,2799.719,4.9,4.81,5.0,4.75,4.83,4.8,5.0,4.35,5.0,2323.44,73855.0,0.0,5.0,8573.0,81327.0,170370.0,5945587.0
2023-05-01,8562768.0,7843852.0,2239.866,291702.0,2799.719,4.9,4.81,5.0,4.75,4.83,4.8,5.0,4.49,5.0,2333.155,73855.0,0.0,5.0,8573.0,81327.0,170370.0,6031200.0
2023-05-02,8562768.0,7843852.0,2267.13,291702.0,2799.719,4.9,4.81,5.0,4.75,4.83,4.8,5.0,4.56,5.0,2333.155,73855.0,0.0,5.0,8573.0,81327.0,170370.0,6003936.0
2023-05-03,8503994.0,7800812.0,2258.222,269216.0,2799.719,4.9,4.81,5.0,4.75,4.83,4.8,5.0,4.7,5.0,2333.155,5345.0,0.0,4.0,8493.0,75778.0,228217.0,5976556.0
2023-05-04,8503994.0,7800812.0,2242.399,269216.0,2799.719,5.15,5.06,5.25,5.0,5.08,5.05,5.25,5.76,5.25,2333.155,5345.0,0.0,4.0,8493.0,75778.0,228217.0,5992379.0
2023-05-05,8503994.0,7800812.0,2207.415,269216.0,2799.719,5.15,5.06,5.25,5.0,5.08,5.05,5.25,5.59,5.25,2333.155,5345.0,0.0,4.0,8493.0,75778.0,228217.0,6027363.0
2023-05-06,8503994.0,7800812.0,2207.415,269216.0,2799.719,5.15,5.06,5.25,5.0,5.08,5.05,5.25,5.59,5.25,2333.155,5345.0,0.0,4.0,8493.0,75778.0,228217.0,6027363.0
2023-05-07,8503994.0,7800812.0,2207.415,269216.0,2799.719,5.15,5.06,5.25,5.0,5.08,5.05,5.25,5.59,5.25,2333.155,5345.0,0.0,4.0,8493.0,75778.0,228217.0,6027363.0
2023-05-08,8503994.0,7800812.0,2217.601,269216.0,2799.719,5.15,5.06,5.25,5.0,5.08,5.05,5.25,5.51,5.25,2333.155,5345.0,0.0,4.0,8493.0,75778.0,228217.0,6017177.0
2023-05-09,8503994.0,7800812.0,2222.864,269216.0,2799.719,5.15,5.06,5.25,5.0,5.08,5.05,5.25,5.56,5.25,2333.155,5345.0,0.0,4.0,8493.0,75778.0,228217.0,6011914.0
2023-05-10,8503017.0,7801273.0,2233.149,197666.0,2799.719,5.15,5.06,5.25,5.0,5.08,5.05,5.25,5.5,5.25,2333.155,9323.0,0.0,5.0,8400.0,83101.0,212531.0,6072202.0
2023-05-11,8503017.0,7801273.0,2242.243,197666.0,2799.719,5.15,5.05,5.25,5.0,5.08,5.05,5.25,5.81,5.25,2333.155,9323.0,0.0,5.0,8400.0,83101.0,212531.0,6063108.0
2023-05-12,8503017.0,7801273.0,2229.199,197666.0,2799.719,5.15,5.05,5.25,5.0,5.08,5.05,5.25,5.79,5.25,2333.155,9323.0,0.0,5.0,8400.0,83101.0,212531.0,6076152.0
2023-05-13,8503017.0,7801273.0,2229.199,197666.0,2799.719,5.15,5.05,5.25,5.0,5.08,5.05,5.25,5.79,5.25,2333.155,9323.0,0.0,5.0,8400.0,83101.0,212531.0,6076152.0
2023-05-14,8503017.0,7801273.0,2229.199,197666.0,2799.719,5.15,5.05,5.25,5.0,5.08,5.05,5.25,5.79,5.25,2333.155,9323.0,0.0,5.0,8400.0,83101.0,212531.0,6076152.0
2023-05-15,8503017.0,7801273.0,2220.927,197666.0,2799.719,5.15,5.06,5.25,5.0,5.08,5.05,5.25,5.64,5.25,2333.155,9323.0,0.0,5.0,8400.0,83101.0,212531.0,6084424.0
2023-05-16,8503017.0,7801273.0,2203.214,197666.0,2799.719,5.15,5.05,5.25,5.0,5.08,5.05,5.25,5.58,5.25,2333.155,9323.0,0.0,5.0,8400.0,83101.0,212531.0,6102137.0
2023-05-17,8456760.0,7771385.0,2213.676,116220.0,2799.719,5.15,5.05,5.25,5.0,5.08,5.05,5.25,5.5,5.25,2333.155,9048.0,0.0,6.0,8281.0,87006.0,208498.0,6126864.0
2023-05-18,8456760.0,7771385.0,2238.266,116220.0,2799.719,5.15,5.05,5.25,5.0,5.08,5.05,5.25,5.59,5.25,2333.155,9048.0,0.0,6.0,8281.0,87006.0,208498.0,6102274.0
2023-05-19,8456760.0,7771385.0,2276.72,116220.0,2799.719,5.15,5.05,5.25,5.0,5.08,5.05,5.25,5.62,5.25,2333.155,9048.0,0.0,6.0,8281.0,87006.0,208498.0,6063820.0
2023-05-20,8456760.0,7771385.0,2276.72,116220.0,2799.719,5.15,5.05,5.25,5.0,5.08,5.05,5.25,5.62,5.25,2333.155,9048.0,0.0,6.0,8281.0,87006.0,208498.0,6063820.0
2023-05-21,8456760.0,7771385.0,2276.72,116220.0,2799.719,5.15,5.05,5.25,5.0,5.08,5.05,5.25,5.62,5.25,2333.155,9048.0,0.0,6.0,8281.0,87006.0,208498.0,6063820.0
2023-05-22,8456760.0,7771385.0,2275.311,116220.0,2799.719,5.15,5.05,5.25,5.0,5.08,5.05,5.25,5.69,5.25,2333.155,9048.0,0.0,6.0,8281.0,87006.0,208498.0,6065229.0
2023-05-23,8456760.0,7771385.0,2256.689,116220.0,2799.719,5.15,5.05,5.25,5.0,5.08,5.05,5.25,5.67,5.25,2333.155,9048.0,0.0,6.0,8281.0,87006.0,208498.0,6083851.0
2023-05-24,8436255.0,7767733.0,2250.709,61952.0,2799.719,5.15,5.05,5.25,5.0,5.08,5.05,5.25,5.73,5.25,2333.155,4211.0,0.0,7.0,8116.0,91907.0,192620.0,6123594.0
2023-05-25,8436255.0,7767733.0,2197.638,61952.0,2799.719,5.15,5.06,5.25,5.0,5.08,5.05,5.25,5.95,5.25,2333.155,4211.0,0.0,7.0,8116.0,91907.0,192620.0,6176665.0
2023-05-26,8436255.0,7767733.0,2189.681,61952.0,2799.719,5.15,5.06,5.25,5.0,5.08,5.05,5.25,6.02,5.25,2333.155,4211.0,0.0,7.0,8116.0,91907.0,192620.0,6184622.0
2023-05-27,8436255.0,7767733.0,2189.681,61952.0,2799.719,5.15,5.06,5.25,5.0,5.08,5.05,5.25,6.02,5.25,2333.155,4211.0,0.0,7.0,8116.0,91907.0,192620.0,6184622.0
2023-05-28,8436255.0,7767733.0,2189.681,61952.0,2799.719,5.15,5.06,5.25,5.0,5.08,5.05,5.25,6.02,5.25,2333.155,4211.0,0.0,7.0,8116.0,91907.0,192620.0,6184622.0
2023-05-29,8436255.0,7767733.0,2189.681,61952.0,2799.719,5.15,5.06,5.25,5.0,5.08,5.05,5.25,6.02,5.25,2333.155,4211.0,0.0,7.0,8116.0,91907.0,192620.0,6184622.0
2023-05-30,8436255.0,7767733.0,2200.479,61952.0,2799.719,5.15,5.06,5.25,5.0,5.08,5.05,5.25,5.31,5.25,2333.155,4211.0,0.0,7.0,8116.0,91907.0,192620.0,6173824.0
2023-05-31,8385854.0,7724820.0,2254.859,48954.0,2799.719,5.15,5.08,5.25,5.0,5.08,5.05,5.25,5.28,5.25,2333.155,3971.0,0.0,5.0,7961.0,93615.0,188092.0,6082041.0
2023-06-01,8385854.0,7724820.0,2160.055,48954.0,2799.719,5.15,5.08,5.25,5.0,5.08,5.05,5.25,5.3,5.25,2342.699,3971.0,0.0,5.0,7961.0,93615.0,188092.0,6176845.0
2023-06-02,8385854.0,7724820.0,2142.102,48954.0,2799.719,5.15,5.07,5.25,5.0,5.08,5.05,5.25,5.28,5.25,2342.699,3971.0,0.0,5.0,7961.0,93615.0,188092.0,6194798.0
2023-06-03,8385854.0,7724820.0,2142.102,48954.0,2799.719,5.15,5.07,5.25,5.0,5.08,5.05,5.25,5.28,5.25,2342.699,3971.0,0.0,5.0,7961.0,93615.0,188092.0,6194798.0
2023-06-04,8385854.0,7724820.0,2142.102,48954.0,2799.719,5.15,5.07,5.25,5.0,5.08,5.05,5.25,5.28,5.25,2342.699,3971.0,0.0,5.0,7961.0,93615.0,188092.0,6194798.0
2023-06-05,8385854.0,7724820.0,2131.417,48954.0,2799.719,5.15,5.06,5.25,5.0,5.08,5.05,5.25,5.25,5.25,2342.699,3971.0,0.0,5.0,7961.0,93615.0,188092.0,6205483.0
2023-06-06,8385854.0,7724820.0,2134.638,48954.0,2799.719,5.15,5.05,5.25,5.0,5.08,5.05,5.25,5.15,5.25,2342.699,3971.0,0.0,5.0,7961.0,93615.0,188092.0,6202262.0
2023-06-07,8389325.0,7722405.0,2161.556,44756.0,2799.719,5.15,5.05,5.25,5.0,5.08,5.05,5.25,5.07,5.25,2342.699,3167.0,0.0,17.0,7889.0,100161.0,185162.0,6183013.0
2023-06-08,8389325.0,7722405.0,2141.798,44756.0,2799.719,5.15,5.05,5.25,5.0,5.08,5.05,5.25,5.25,5.25,2342.699,3167.0,0.0,17.0,7889.0,100161.0,185162.0,6202771.0
2023-06-09,8389325.0,7722405.0,2127.652,44756.0,2799.719,5.15,5.05,5.25,5.0,5.08,5.05,5.25,5.25,5.25,2342.699,3167.0,0.0,17.0,7889.0,100161.0,185162.0,6216917.0
2023-06-10,8389325.0,7722405.0,2127.652,44756.0,2799.719,5.15,5.05,5.25,5.0,5.08,5.05,5.25,5.25,5.25,2342.699,3167.0,0.0,17.0,7889.0,100161.0,185162.0,6216917.0
2023-06-11,8389325.0,7722405.0,2127.652,44756.0,2799.719,5.15,5.05,5.25,5.0,5.08,5.05,5.25,5.25,5.25,2342.699,3167.0,0.0,17.0,7889.0,100161.0,185162.0,6216917.0
2023-06-12,8389325.0,7722405.0,2126.87,44756.0,2799.719,5.15,5.05,5.25,5.0,5.08,5.05,5.25,5.24,5.25,2342.699,3167.0,0.0,17.0,7889.0,100161.0,185162.0,6217699.0
2023-06-13,8389325.0,7722405.0,2074.52,44756.0,2799.719,5.15,5.05,5.25,5.0,5.08,5.05,5.25,5.19,5.25,2342.699,3167.0,0.0,17.0,7889.0,100161.0,185162.0,6270049.0
2023-06-14,8388323.0,7720770.0,2109.105,102118.0,2799.719,5.15,5.05,5.25,5.0,5.08,5.05,5.25,5.18,5.25,2342.699,3618.0,0.0,24.0,7733.0,101969.0,180468.0,6177100.0
2023-06-15,8388323.0,7720770.0,1992.14,102118.0,2799.719,5.15,5.06,5.25,5.0,5.07,5.05,5.25,5.18,5.25,2342.699,3618.0,0.0,24.0,7733.0,101969.0,180468.0,6294065.0
2023-06-16,8388323.0,7720770.0,2011.556,102118.0,2799.719,5.15,5.05,5.25,5.0,5.08,5.05,5.25,5.18,5.25,2342.699,3618.0,0.0,24.0,7733.0,101969.0,180468.0,6274649.0
2023-06-17,8388323.0,7720770.0,2011.556,102118.0,2799.719,5.15,5.05,5.25,5.0,5.08,5.05,5.25,5.18,5.25,2342.699,3618.0,0.0,24.0,7733.0,101969.0,180468.0,6274649.0
2023-06-18,8388323.0,7720770.0,2011.556,102118.0,2799.719,5.15,5.05,5.25,5.0,5.08,5.05,5.25,5.18,5.25,2342.699,3618.0,0.0,24.0,7733.0,101969.0,180468.0,6274649.0
2023-06-19,8388323.0,7720770.0,2011.556,102118.0,2799.719,5.15,5.05,5.25,5.0,5.08,5.05,5.25,5.18,5.25,2342.699,3618.0,0.0,24.0,7733.0,101969.0,180468.0,6274649.0
2023-06-20,8388323.0,7720770.0,1989.489,102118.0,2799.719,5.15,5.05,5.25,5.0,5.07,5.05,5.25,5.17,5.25,2342.699,3618.0,0.0,24.0,7733.0,101969.0,180468.0,6296716.0
2023-06-21,8362060.0,7701409.0,2037.102,276850.0,2799.719,5.15,5.05,5.25,5.0,5.07,5.05,5.25,5.16,5.25,2342.699,3208.0,0.0,27.0,7622.0,102735.0,172342.0,6048108.0
2023-06-22,8362060.0,7701409.0,1994.711,276850.0,2799.719,5.15,5.05,5.25,5.0,5.07,5.05,5.25,5.18,5.25,2342.699,3208.0,0.0,27.0,7622.0,102735.0,172342.0,6090499.0
2023-06-23,8362060.0,7701409.0,1969.38,276850.0,2799.719,5.15,5.05,5.25,5.0,5.07,5.05,5.25,5.17,5.25,2342.699,3208.0,0.0,27.0,7622.0,102735.0,172342.0,6115830.0
2023-06-24,8362060.0,7701409.0,1969.38,276850.0,2799.719,5.15,5.05,5.25,5.0,5.07,5.05,5.25,5.17,5.25,2342.699,3208.0,0.0,27.0,7622.0,102735.0,172342.0,6115830.0
2023-06-25,8362060.0,7701409.0,1969.38,276850.0,2799.719,5.15,5.05,5.25,5.0,5.07,5.05,5.25,5.17,5.25,2342.699,3208.0,0.0,27.0,7622.0,102735.0,172342.0,6115830.0
2023-06-26,8362060.0,7701409.0,1961.027,276850.0,2799.719,5.15,5.05,5.25,5.0,5.07,5.05,5.25,5.17,5.25,2342.699,3208.0,0.0,27.0,7622.0,102735.0,172342.0,6124183.0
2023-06-27,8362060.0,7701409.0,1951.098,276850.0,2799.719,5.15,5.05,5.25,5.0,5.07,5.05,5.25,5.17,5.25,2342.699,3208.0,0.0,27.0,7622.0,102735.0,172342.0,6134112.0
2023-06-28,8340914.0,7685565.0,1945.211,390571.0,2799.719,5.15,5.06,5.25,5.0,5.07,5.05,5.25,5.17,5.25,2342.699,3209.0,0.0,24.0,7419.0,103081.0,168293.0,6005132.0
2023-06-29,8340914.0,7685565.0,1934.684,390571.0,2799.719,5.15,5.06,5.25,5.0,5.07,5.05,5.25,5.25,5.25,2342.699,3209.0,0.0,24.0,7419.0,103081.0,168293.0,6015659.0
2023-06-30,8340914.0,7685565.0,2034.319,390571.0,2799.719,5.15,5.09,5.25,5.0,5.08,5.05,5.25,5.24,5.25,2342.699,3209.0,0.0,24.0,7419.0,103081.0,168293.0,5916024.0
2023-07-01,8340914.0,7685565.0,2034.319,390571.0,2799.719,5.15,5.09,5.25,5.0,5.08,5.05,5.25,5.24,5.25,2340.632,3209.0,0.0,24.0,7419.0,103081.0,168293.0,5916024.0
2023-07-02,8340914.0,7685565.0,2034.319,390571.0,2799.719,5.15,5.09,5.25,5.0,5.08,5.05,5.25,5.24,5.25,2340.632,3209.0,0.0,24.0,7419.0,103081.0,168293.0,5916024.0
2023-07-03,8340914.0,7685565.0,1909.639,390571.0,2799.719,5.15,5.06,5.25,5.0,5.08,5.05,5.25,5.27,5.25,2340.632,3209.0,0.0,24.0,7419.0,103081.0,168293.0,6040704.0
2023-07-04,8340914.0,7685565.0,1909.639,390571.0,2799.719,5.15,5.06,5.25,5.0,5.08,5.05,5.25,5.27,5.25,2340.632,3209.0,0.0,24.0,7419.0,103081.0,168293.0,6040704.0
2023-07-05,8298312.0,7646946.0,1867.061,415441.0,2799.719,5.15,5.06,5.25,5.0,5.08,5.05,5.25,5.28,5.25,2340.632,3356.0,0.0,23.0,7218.0,101959.0,164775.0,6015810.0
2023-07-06,8298312.0,7646946.0,1854.256,415441.0,2799.719,5.15,5.06,5.25,5.0,5.08,5.05,5.25,5.32,5.25,2340.632,3356.0,0.0,23.0,7218.0,101959.0,164775.0,6028615.0
2023-07-07,8298312.0,7646946.0,1822.303,415441.0,2799.719,5.15,5.06,5.25,5.0,5.08,5.05,5.25,5.32,5.25,2340.632,3356.0,0.0,23.0,7218.0,101959.0,164775.0,6060568.0
2023-07-08,8298312.0,7646946.0,1822.303,415441.0,2799.719,5.15,5.06,5.25,5.0,5.08,5.05,5.25,5.32,5.25,2340.632,3356.0,0.0,23.0,7218.0,101959.0,164775.0,6060568.0
2023-07-09,8298312.0,7646946.0,1822.303,415441.0,2799.719,5.15,5.06,5.25,5.0,5.08,5.05,5.25,5.32,5.25,2340.632,3356.0,0.0,23.0,7218.0,101959.0,164775.0,6060568.0
2023-07-10,8298312.0,7646946.0,1811.981,415441.0,2799.719,5.15,5.06,5.25,5.0,5.07,5.05,5.25,5.34,5.25,2340.632,3356.0,0.0,23.0,7218.0,101959.0,164775.0,6070890.0
2023-07-11,8298312.0,7646946.0,1775.796,415441.0,2799.719,5.15,5.06,5.25,5.0,5.08,5.05,5.25,5.35,5.25,2340.632,3356.0,0.0,23.0,7218.0,101959.0,164775.0,6107075.0
2023-07-12,8296923.0,7644833.0,1820.146,514337.0,2799.719,5.15,5.05,5.25,5.0,5.08,5.05,5.25,5.36,5.25,2340.632,2692.0,0.0,31.0,6898.0,102305.0,162438.0,5962440.0
2023-07-13,8296923.0,7644833.0,1767.432,514337.0,2799.719,5.15,5.06,5.25,5.0,5.08,5.05,5.25,5.37,5.25,2340.632,2692.0,0.0,31.0,6898.0,102305.0,162438.0,6015154.0
2023-07-14,8296923.0,7644833.0,1740.777,514337.0,2799.719,5.15,5.05,5.25,5.0,5.08,5.05,5.25,5.37,5.25,2340.632,2692.0,0.0,31.0,6898.0,102305.0,162438.0,6041809.0
2023-07-15,8296923.0,7644833.0,1740.777,514337.0,2799.719,5.15,5.05,5.25,5.0,5.08,5.05,5.25,5.37,5.25,2340.632,2692.0,0.0,31.0,6898.0,102305.0,162438.0,6041809.0
2023-07-16,8296923.0,7644833.0,1740.777,514337.0,2799.719,5.15,5.05,5.25,5.0,5.08,5.05,5.25,5.37,5.25,2340.632,2692.0,0.0,31.0,6898.0,102305.0,162438.0,6041809.0
2023-07-17,8296923.0,7644833.0,1728.322,514337.0,2799.719,5.15,5.06,5.25,5.0,5.08,5.05,5.25,5.37,5.25,2340.632,2692.0,0.0,31.0,6898.0,102305.0,162438.0,6054264.0
2023-07-18,8296923.0,7644833.0,1716.862,514337.0,2799.719,5.15,5.06,5.25,5.0,5.08,5.05,5.25,5.37,5.25,2340.632,2692.0,0.0,31.0,6898.0,102305.0,162438.0,6065724.0
2023-07-19,8274552.0,7623441.0,1732.804,531135.0,2799.719,5.15,5.05,5.25,5.0,5.08,5.05,5.25,5.37,5.25,2340.632,2633.0,0.0,33.0,6828.0,102927.0,159640.0,6010613.0
2023-07-20,8274552.0,7623441.0,1721.001,531135.0,2799.719,5.15,5.06,5.25,5.0,5.08,5.05,5.25,5.44,5.25,2340.632,2633.0,0.0,33.0,6828.0,102927.0,159640.0,6022416.0
2023-07-21,8274552.0,7623441.0,1770.752,531135.0,2799.719,5.15,5.05,5.25,5.0,5.08,5.05,5.25,5.43,5.25,2340.632,2633.0,0.0,33.0,6828.0,102927.0,159640.0,5972665.0
2023-07-22,8274552.0,7623441.0,1770.752,531135.0,2799.719,5.15,5.05,5.25,5.0,5.08,5.05,5.25,5.43,5.25,2340.632,2633.0,0.0,33.0,6828.0,102927.0,159640.0,5972665.0
2023-07-23,8274552.0,7623441.0,1770.752,531135.0,2799.719,5.15,5.05,5.25,5.0,5.08,5.05,5.25,5.43,5.25,2340.632,2633.0,0.0,33.0,6828.0,102927.0,159640.0,5972665.0
2023-07-24,8274552.0,7623441.0,1770.867,531135.0,2799.719,5.15,5.05,5.25,5.0,5.08,5.05,5.25,5.44,5.25,2340.632,2633.0,0.0,33.0,6828.0,102927.0,159640.0,5972550.0
2023-07-25,8274552.0,7623441.0,1720.716,531135.0,2799.719,5.15,5.06,5.25,5.0,5.08,5.05,5.25,5.46,5.25,2340.632,2633.0,0.0,33.0,6828.0,102927.0,159640.0,6022701.0
2023-07-26,8243344.0,7600888.0,1749.733,543597.0,2799.719,5.15,5.06,5.25,5.0,5.08,5.05,5.25,5.46,5.25,2340.632,2249.0,0.0,37.0,6553.0,105078.0,152455.0,5950014.0
2023-07-27,8243344.0,7600888.0,1735.783,543597.0,2799.719,5.4,5.31,5.5,5.25,5.33,5.3,5.5,5.47,5.5,2340.632,2249.0,0.0,37.0,6553.0,105078.0,152455.0,5963964.0
2023-07-28,8243344.0,7600888.0,1730.227,543597.0,2799.719,5.4,5.3,5.5,5.25,5.33,5.3,5.5,5.47,5.5,2340.632,2249.0,0.0,37.0,6553.0,105078.0,152455.0,5969520.0
2023-07-29,8243344.0,7600888.0,1730.227,543597.0,2799.719,5.4,5.3,5.5,5.25,5.33,5.3,5.5,5.47,5.5,2340.632,2249.0,0.0,37.0,6553.0,105078.0,152455.0,5969520.0
2023-07-30,8243344.0,7600888.0,1730.227,543597.0,2799.719,5.4,5.3,5.5,5.25,5.33,5.3,5.5,5.47,5.5,2340.632,2249.0,0.0,37.0,6553.0,105078.0,152455.0,5969520.0
2023-07-31,8243344.0,7600888.0,1821.124,543597.0,2799.719,5.4,5.31,5.5,5.25,5.33,5.3,5.5,5.48,5.5,2340.632,2249.0,0.0,37.0,6553.0,105078.0,152455.0,5878623.0
2023-08-01,8243344.0,7600888.0,1739.554,543597.0,2799.719,5.4,5.31,5.5,5.25,5.33,5.3,5.5,5.49,5.5,2330.778,2249.0,0.0,37.0,6553.0,105078.0,152455.0,5960193.0
2023-08-02,8206764.0,7567931.0,1770.186,517459.0,2799.719,5.4,5.3,5.5,5.25,5.33,5.3,5.5,5.48,5.5,2330.778,1898.0,0.0,56.0,6401.0,105684.0,148072.0,5919119.0
2023-08-03,8206764.0,7567931.0,1776.774,517459.0,2799.719,5.4,5.3,5.5,5.25,5.33,5.3,5.5,5.54,5.5,2330.778,1898.0,0.0,56.0,6401.0,105684.0,148072.0,5912531.0
2023-08-04,8206764.0,7567931.0,1793.804,517459.0,2799.719,5.4,5.3,5.5,5.25,5.33,5.3,5.5,5.54,5.5,2330.778,1898.0,0.0,56.0,6401.0,105684.0,148072.0,5895501.0
2023-08-05,8206764.0,7567931.0,1793.804,517459.0,2799.719,5.4,5.3,5.5,5.25,5.33,5.3,5.5,5.54,5.5,2330.778,1898.0,0.0,56.0,6401.0,105684.0,148072.0,5895501.0
2023-08-06,8206764.0,7567931.0,1793.804,517459.0,2799.719,5.4,5.3,5.5,5.25,5.33,5.3,5.5,5.54,5.5,2330.778,1898.0,0.0,56.0,6401.0,105684.0,148072.0,5895501.0
2023-08-07,8206764.0,7567931.0,1810.583,517459.0,2799.719,5.4,5.3,5.5,5.25,5.33,5.3,5.5,5.54,5.5,2330.778,1898.0,0.0,56.0,6401.0,105684.0,148072.0,5878722.0
2023-08-08,8206764.0,7567931.0,1778.351,517459.0,2799.719,5.4,5.3,5.5,5.25,5.33,5.3,5.5,5.54,5.5,2330.778,1898.0,0.0,56.0,6401.0,105684.0,148072.0,5910954.0
2023-08-09,8208241.0,7568277.0,1796.519,444594.0,2799.719,5.4,5.3,5.5,5.25,5.33,5.3,5.5,5.51,5.5,2330.778,1911.0,0.0,63.0,6142.0,106864.0,145407.0,5967128.0
2023-08-10,8208241.0,7568277.0,1759.897,444594.0,2799.719,5.4,5.3,5.5,5.25,5.33,5.3,5.5,5.55,5.5,2330.778,1911.0,0.0,63.0,6142.0,106864.0,145407.0,6003750.0
2023-08-11,8208241.0,7568277.0,1773.236,444594.0,2799.719,5.4,5.3,5.5,5.25,5.33,5.3,5.5,5.54,5.5,2330.778,1911.0,0.0,63.0,6142.0,106864.0,145407.0,5990411.0
2023-08-12,8208241.0,7568277.0,1773.236,444594.0,2799.719,5.4,5.3,5.5,5.25,5.33,5.3,5.5,5.54,5.5,2330.778,1911.0,0.0,63.0,6142.0,106864.0,145407.0,5990411.0
2023-08-13,8208241.0,7568277.0,1773.236,444594.0,2799.719,5.4,5.3,5.5,5.25,5.33,5.3,5.5,5.54,5.5,2330.778,1911.0,0.0,63.0,6142.0,106864.0,145407.0,5990411.0
2023-08-14,8208241.0,7568277.0,1799.311,444594.0,2799.719,5.4,5.3,5.5,5.25,5.33,5.3,5.5,5.55,5.5,2330.778,1911.0,0.0,63.0,6142.0,106864.0,145407.0,5964336.0
2023-08-15,8208241.0,7568277.0,1743.784,444594.0,2799.719,5.4,5.3,5.5,5.25,5.33,5.3,5.5,5.53,5.5,2330.778,1911.0,0.0,63.0,6142.0,106864.0,145407.0,6019863.0
2023-08-16,8145727.0,7525905.0,1796.725,435795.0,2799.719,5.4,5.3,5.5,5.25,5.33,5.3,5.5,5.52,5.5,2330.778,1966.0,0.0,61.0,6055.0,107242.0,141636.0,5913207.0
2023-08-17,8145727.0,7525905.0,1794.12,435795.0,2799.719,5.4,5.3,5.5,5.25,5.33,5.3,5.5,5.55,5.5,2330.778,1966.0,0.0,61.0,6055.0,107242.0,141636.0,5915812.0
2023-08-18,8145727.0,7525905.0,1819.201,435795.0,2799.719,5.4,5.3,5.5,5.25,5.33,5.3,5.5,5.53,5.5,2330.778,1966.0,0.0,61.0,6055.0,107242.0,141636.0,5890731.0
2023-08-19,8145727.0,7525905.0,1819.201,435795.0,2799.719,5.4,5.3,5.5,5.25,5.33,5.3,5.5,5.53,5.5,2330.778,1966.0,0.0,61.0,6055.0,107242.0,141636.0,5890731.0
2023-08-20,8145727.0,7525905.0,1819.201,435795.0,2799.719,5.4,5.3,5.5,5.25,5.33,5.3,5.5,5.53,5.5,2330.778,1966.0,0.0,61.0,6055.0,107242.0,141636.0,5890731.0
2023-08-21,8145727.0,7525905.0,1824.788,435795.0,2799.719,5.4,5.3,5.5,5.25,5.33,5.3,5.5,5.55,5.5,2330.778,1966.0,0.0,61.0,6055.0,107242.0,141636.0,5885144.0
2023-08-22,8145727.0,7525905.0,1812.294,435795.0,2799.719,5.4,5.3,5.5,5.25,5.33,5.3,5.5,5.54,5.5,2330.778,1966.0,0.0,61.0,6055.0,107242.0,141636.0,5897638.0
2023-08-23,8139066.0,7521981.0,1816.533,413787.0,2799.719,5.4,5.3,5.5,5.25,5.33,5.3,5.5,5.54,5.5,2330.778,2190.0,0.0,65.0,5817.0,107386.0,137171.0,5908746.0
2023-08-24,8139066.0,7521981.0,1731.623,413787.0,2799.719,5.4,5.3,5.5,5.25,5.33,5.3,5.5,5.55,5.5,2330.778,2190.0,0.0,65.0,5817.0,107386.0,137171.0,5993656.0
2023-08-25,8139066.0,7521981.0,1687.379,413787.0,2799.719,5.4,5.3,5.5,5.25,5.33,5.3,5.5,5.56,5.5,2330.778,2190.0,0.0,65.0,5817.0,107386.0,137171.0,6037900.0
2023-08-26,8139066.0,7521981.0,1687.379,413787.0,2799.719,5.4,5.3,5.5,5.25,5.33,5.3,5.5,5.56,5.5,2330.778,2190.0,0.0,65.0,5817.0,107386.0,137171.0,6037900.0
2023-08-27,8139066.0,7521981.0,1687.379,413787.0,2799.719,5.4,5.3,5.5,5.25,5.33,5.3,5.5,5.56,5.5,2330.778,2190.0,0.0,65.0,5817.0,107386.0,137171.0,6037900.0
2023-08-28,8139066.0,7521981.0,1708.605,413787.0,2799.719,5.4,5.3,5.5,5.25,5.33,5.3,5.5,5.56,5.5,2330.778,2190.0,0.0,65.0,5817.0,107386.0,137171.0,6016674.0
2023-08-29,8139066.0,7521981.0,1693.278,413787.0,2799.719,5.4,5.3,5.5,5.25,5.33,5.3,5.5,5.54,5.5,2330.778,2190.0,0.0,65.0,5817.0,107386.0,137171.0,6032001.0
2023-08-30,8121316.0,7508057.0,1696.819,470800.0,2799.719,5.4,5.3,5.5,5.25,5.33,5.3,5.5,5.55,5.5,2330.778,2907.0,0.0,70.0,5693.0,107527.0,134369.0,5953697.0
2023-08-31,8121316.0,7508057.0,1651.602,470800.0,2799.719,5.4,5.31,5.5,5.25,5.33,5.3,5.5,5.52,5.5,2330.778,2907.0,0.0,70.0,5693.0,107527.0,134369.0,5998914.0
2023-09-01,8121316.0,7508057.0,1574.065,470800.0,2799.719,5.4,5.31,5.5,5.25,5.33,5.3,5.5,5.51,5.5,2328.82,2907.0,0.0,70.0,5693.0,107527.0,134369.0,6076451.0
2023-09-02,8121316.0,7508057.0,1574.065,470800.0,2799.719,5.4,5.31,5.5,5.25,5.33,5.3,5.5,5.51,5.5,2328.82,2907.0,0.0,70.0,5693.0,107527.0,134369.0,6076451.0
2023-09-03,8121316.0,7508057.0,1574.065,470800.0,2799.719,5.4,5.31,5.5,5.25,5.33,5.3,5.5,5.51,5.5,2328.82,2907.0,0.0,70.0,5693.0,107527.0,134369.0,6076451.0
2023-09-04,8121316.0,7508057.0,1574.065,470800.0,2799.719,5.4,5.31,5.5,5.25,5.33,5.3,5.5,5.51,5.5,2328.82,2907.0,0.0,70.0,5693.0,107527.0,134369.0,6076451.0
2023-09-05,8121316.0,7508057.0,1568.49,470800.0,2799.719,5.4,5.31,5.5,5.25,5.33,5.3,5.5,5.51,5.5,2328.82,2907.0,0.0,70.0,5693.0,107527.0,134369.0,6082026.0
2023-09-06,8101318.0,7489689.0,1606.244,470881.0,2799.719,5.4,5.3,5.5,5.25,5.33,5.3,5.5,5.52,5.5,2328.82,2051.0,0.0,79.0,5526.0,107855.0,133796.0,6024193.0
2023-09-07,8101318.0,7489689.0,1535.289,470881.0,2799.719,5.4,5.31,5.5,5.25,5.33,5.3,5.5,5.52,5.5,2328.82,2051.0,0.0,79.0,5526.0,107855.0,133796.0,6095148.0
2023-09-08,8101318.0,7489689.0,1525.403,470881.0,2799.719,5.4,5.3,5.5,5.25,5.33,5.3,5.5,5.52,5.5,2328.82,2051.0,0.0,79.0,5526.0,107855.0,133796.0,6105034.0
2023-09-09,8101318.0,7489689.0,1525.403,470881.0,2799.719,5.4,5.3,5.5,5.25,5.33,5.3,5.5,5.52,5.5,2328.82,2051.0,0.0,79.0,5526.0,107855.0,133796.0,6105034.0
2023-09-10,8101318.0,7489689.0,1525.403,470881.0,2799.719,5.4,5.3,5.5,5.25,5.33,5.3,5.5,5.52,5.5,2328.82,2051.0,0.0,79.0,5526.0,107855.0,133796.0,6105034.0
2023-09-11,8101318.0,7489689.0,1549.111,470881.0,2799.719,5.4,5.3,5.5,5.25,5.33,5.3,5.5,5.52,5.5,2328.82,2051.0,0.0,79.0,5526.0,107855.0,133796.0,6081326.0
2023-09-12,8101318.0,7489689.0,1493.781,470881.0,2799.719,5.4,5.3,5.5,5.25,5.33,5.3,5.5,5.52,5.5,2328.82,2051.0,0.0,79.0,5526.0,107855.0,133796.0,6136656.0
2023-09-13,8098779.0,7483696.0,1546.225,521507.0,2799.719,5.4,5.3,5.5,5.25,5.33,5.3,5.5,5.53,5.5,2328.82,2698.0,0.0,78.0,5477.0,107993.0,133369.0,6031047.0
2023-09-14,8098779.0,7483696.0,1492.427,521507.0,2799.719,5.4,5.3,5.5,5.25,5.33,5.3,5.5,5.52,5.5,2328.82,2698.0,0.0,78.0,5477.0,107993.0,133369.0,6084845.0
2023-09-15,8098779.0,7483696.0,1401.403,521507.0,2799.719,5.4,5.31,5.5,5.25,5.33,5.3,5.5,5.51,5.5,2328.82,2698.0,0.0,78.0,5477.0,107993.0,133369.0,6175869.0
2023-09-16,8098779.0,7483696.0,1401.403,521507.0,2799.719,5.4,5.31,5.5,5.25,5.33,5.3,5.5,5.51,5.5,2328.82,2698.0,0.0,78.0,5477.0,107993.0,133369.0,6175869.0
2023-09-17,8098779.0,7483696.0,1401.403,521507.0,2799.719,5.4,5.31,5.5,5.25,5.33,5.3,5.5,5.51,5.5,2328.82,2698.0,0.0,78.0,5477.0,107993.0,133369.0,6175869.0
2023-09-18,8098779.0,7483696.0,1452.942,521507.0,2799.719,5.4,5.31,5.5,5.25,5.33,5.3,5.5,5.53,5.5,2328.82,2698.0,0.0,78.0,5477.0,107993.0,133369.0,6124330.0
2023-09-19,8098779.0,7483696.0,1453.324,521507.0,2799.719,5.4,5.31,5.5,5.25,5.33,5.3,5.5,5.53,5.5,2328.82,2698.0,0.0,78.0,5477.0,107993.0,133369.0,6123948.0
2023-09-20,8024090.0,7457541.0,1486.984,640296.0,2799.719,5.4,5.3,5.5,5.25,5.33,5.3,5.5,5.53,5.5,2328.82,3078.0,0.0,81.0,5339.0,107599.0,85005.0,5896810.0
2023-09-21,8024090.0,7457541.0,1454.115,640296.0,2799.719,5.4,5.3,5.5,5.25,5.33,5.3,5.5,5.52,5.5,2328.82,3078.0,0.0,81.0,5339.0,107599.0,85005.0,5929679.0
2023-09-22,8024090.0,7457541.0,1427.575,640296.0,2799.719,5.4,5.3,5.5,5.25,5.33,5.3,5.5,5.52,5.5,2328.82,3078.0,0.0,81.0,5339.0,107599.0,85005.0,5956219.0
2023-09-23,8024090.0,7457541.0,1427.575,640296.0,2799.719,5.4,5.3,5.5,5.25,5.33,5.3,5.5,5.52,5.5,2328.82,3078.0,0.0,81.0,5339.0,107599.0,85005.0,5956219.0
2023-09-24,8024090.0,7457541.0,1427.575,640296.0,2799.719,5.4,5.3,5.5,5.25,5.33,5.3,5.5,5.52,5.5,2328.82,3078.0,0.0,81.0,5339.0,107599.0,85005.0,5956219.0
2023-09-25,8024090.0,7457541.0,1437.31,640296.0,2799.719,5.4,5.31,5.5,5.25,5.33,5.3,5.5,5.54,5.5,2328.82,3078.0,0.0,81.0,5339.0,107599.0,85005.0,5946484.0
2023-09-26,8024090.0,7457541.0,1438.301,640296.0,2799.719,5.4,5.31,5.5,5.25,5.33,5.3,5.5,5.54,5.5,2328.82,3078.0,0.0,81.0,5339.0,107599.0,85005.0,5945493.0
2023-09-27,8002064.0,7440211.0,1442.805,681143.0,2799.719,5.4,5.32,5.5,5.25,5.33,5.3,5.5,5.54,5.5,2328.82,3193.0,0.0,91.0,5178.0,107715.0,81883.0,5878116.0
2023-09-28,8002064.0,7440211.0,1453.366,681143.0,2799.719,5.4,5.31,5.5,5.25,5.33,5.3,5.5,5.56,5.5,2328.82,3193.0,0.0,91.0,5178.0,107715.0,81883.0,5867555.0
2023-09-29,8002064.0,7440211.0,1557.569,681143.0,2799.719,5.4,5.31,5.5,5.25,5.33,5.3,5.5,5.55,5.5,2328.82,3193.0,0.0,91.0,5178.0,107715.0,81883.0,5763352.0
2023-09-30,8002064.0,7440211.0,1557.569,681143.0,2799.719,5.4,5.31,5.5,5.25,5.33,5.3,5.5,5.55,5.5,2328.82,3193.0,0.0,91.0,5178.0,107715.0,81883.0,5763352.0
2023-10-01,8002064.0,7440211.0,1557.569,681143.0,2799.719,5.4,5.31,5.5,5.25,5.33,5.3,5.5,5.55,5.5,2325.001,3193.0,0.0,91.0,5178.0,107715.0,81883.0,5763352.0
2023-10-02,8002064.0,7440211.0,1365.739,681143.0,2799.719,5.4,5.32,5.5,5.25,5.33,5.3,5.5,5.56,5.5,2325.001,3193.0,0.0,91.0,5178.0,107715.0,81883.0,5955182.0
2023-10-03,8002064.0,7440211.0,1348.465,681143.0,2799.719,5.4,5.33,5.5,5.25,5.33,5.3,5.5,5.55,5.5,2325.001,3193.0,0.0,91.0,5178.0,107715.0,81883.0,5972456.0
2023-10-04,7955782.0,7412483.0,1342.031,668009.0,2799.719,5.4,5.32,5.5,5.25,5.33,5.3,5.5,5.56,5.5,2325.001,2773.0,0.0,76.0,4868.0,107665.0,63702.0,5945742.0
2023-10-05,7955782.0,7412483.0,1265.132,668009.0,2799.719,5.4,5.32,5.5,5.25,5.33,5.3,5.5,5.57,5.5,2325.001,2773.0,0.0,76.0,4868.0,107665.0,63702.0,6022641.0
2023-10-06,7955782.0,7412483.0,1283.461,668009.0,2799.719,5.4,5.31,5.5,5.25,5.33,5.3,5.5,5.59,5.5,2325.001,2773.0,0.0,76.0,4868.0,107665.0,63702.0,6004312.0
2023-10-07,7955782.0,7412483.0,1283.461,668009.0,2799.719,5.4,5.31,5.5,5.25,5.33,5.3,5.5,5.59,5.5,2325.001,2773.0,0.0,76.0,4868.0,107665.0,63702.0,6004312.0
2023-10-08,7955782.0,7412483.0,1283.461,668009.0,2799.719,5.4,5.31,5.5,5.25,5.33,5.3,5.5,5.59,5.5,2325.001,2773.0,0.0,76.0,4868.0,107665.0,63702.0,6004312.0
2023-10-09,7955782.0,7412483.0,1283.461,668009.0,2799.719,5.4,5.31,5.5,5.25,5.33,5.3,5.5,5.59,5.5,2325.001,2773.0,0.0,76.0,4868.0,107665.0,63702.0,6004312.0
2023-10-10,7955782.0,7412483.0,1222.44,668009.0,2799.719,5.4,5.31,5.5,5.25,5.33,5.3,5.5,5.6,5.5,2325.001,2773.0,0.0,76.0,4868.0,107665.0,63702.0,6065333.0
2023-10-11,7952054.0,7410580.0,1239.382,709160.0,2799.719,5.4,5.31,5.5,5.25,5.33,5.3,5.5,5.58,5.5,2325.001,2580.0,0.0,66.0,4777.0,108884.0,58257.0,6003512.0
2023-10-12,7952054.0,7410580.0,1157.319,709160.0,2799.719,5.4,5.31,5.5,5.25,5.33,5.3,5.5,5.61,5.5,2325.001,2580.0,0.0,66.0,4777.0,108884.0,58257.0,6085575.0
2023-10-13,7952054.0,7410580.0,1151.818,709160.0,2799.719,5.4,5.31,5.5,5.25,5.33,5.3,5.5,5.6,5.5,2325.001,2580.0,0.0,66.0,4777.0,108884.0,58257.0,6091076.0
2023-10-14,7952054.0,7410580.0,1151.818,709160.0,2799.719,5.4,5.31,5.5,5.25,5.33,5.3,5.5,5.6,5.5,2325.001,2580.0,0.0,66.0,4777.0,108884.0,58257.0,6091076.0
2023-10-15,7952054.0,7410580.0,1151.818,709160.0,2799.719,5.4,5.31,5.5,5.25,5.33,5.3,5.5,5.6,5.5,2325.001,2580.0,0.0,66.0,4777.0,108884.0,58257.0,6091076.0
2023-10-16,7952054.0,7410580.0,1108.819,709160.0,2799.719,5.4,5.31,5.5,5.25,5.33,5.3,5.5,5.57,5.5,2325.001,2580.0,0.0,66.0,4777.0,108884.0,58257.0,6134075.0
2023-10-17,7952054.0,7410580.0,1082.502,709160.0,2799.719,5.4,5.31,5.5,5.25,5.33,5.3,5.5,5.58,5.5,2325.001,2580.0,0.0,66.0,4777.0,108884.0,58257.0,6160392.0
2023-10-18,7933162.0,7395456.0,1150.781,759878.0,2799.719,5.4,5.3,5.5,5.25,5.33,5.3,5.5,5.57,5.5,2325.001,2962.0,0.0,48.0,4633.0,108818.0,53156.0,6022503.0
2023-10-19,7933162.0,7395456.0,1114.179,759878.0,2799.719,5.4,5.3,5.5,5.25,5.33,5.3,5.5,5.58,5.5,2325.001,2962.0,0.0,48.0,4633.0,108818.0,53156.0,6059105.0
2023-10-20,7933162.0,7395456.0,1138.756,759878.0,2799.719,5.4,5.3,5.5,5.25,5.33,5.3,5.5,5.56,5.5,2325.001,2962.0,0.0,48.0,4633.0,108818.0,53156.0,6034528.0
2023-10-21,7933162.0,7395456.0,1138.756,759878.0,2799.719,5.4,5.3,5.5,5.25,5.33,5.3,5.5,5.56,5.5,2325.001,2962.0,0.0,48.0,4633.0,108818.0,53156.0,6034528.0
2023-10-22,7933162.0,7395456.0,1138.756,759878.0,2799.719,5.4,5.3,5.5,5.25,5.33,5.3,5.5,5.56,5.5,2325.001,2962.0,0.0,48.0,4633.0,108818.0,53156.0,6034528.0
2023-10-23,7933162.0,7395456.0,1157.976,759878.0,2799.719,5.4,5.3,5.5,5.25,5.33,5.3,5.5,5.57,5.5,2325.001,2962.0,0.0,48.0,4633.0,108818.0,53156.0,6015308.0
2023-10-24,7933162.0,7395456.0,1097.875,759878.0,2799.719,5.4,5.3,5.5,5.25,5.33,5.3,5.5,5.57,5.5,2325.001,2962.0,0.0,48.0,4633.0,108818.0,53156.0,6075409.0
2023-10-25,7907830.0,7377454.0,1100.617,834418.0,2799.719,5.4,5.3,5.5,5.25,5.33,5.3,5.5,5.56,5.5,2325.001,3170.0,0.0,42.0,4495.0,109068.0,48256.0,5972795.0
2023-10-26,7907830.0,7377454.0,1089.85,834418.0,2799.719,5.4,5.31,5.5,5.25,5.33,5.3,5.5,5.57,5.5,2325.001,3170.0,0.0,42.0,4495.0,109068.0,48256.0,5983562.0
2023-10-27,7907830.0,7377454.0,1091.858,834418.0,2799.719,5.4,5.31,5.5,5.25,5.33,5.3,5.5,5.57,5.5,2325.001,3170.0,0.0,42.0,4495.0,109068.0,48256.0,5981554.0
2023-10-28,7907830.0,7377454.0,1091.858,834418.0,2799.719,5.4,5.31,5.5,5.25,5.33,5.3,5.5,5.57,5.5,2325.001,3170.0,0.0,42.0,4495.0,109068.0,48256.0,5981554.0
2023-10-29,7907830.0,7377454.0,1091.858,834418.0,2799.719,5.4,5.31,5.5,5.25,5.33,5.3,5.5,5.57,5.5,2325.001,3170.0,0.0,42.0,4495.0,109068.0,48256.0,5981554.0
2023-10-30,7907830.0,7377454.0,1138.035,834418.0,2799.719,5.4,5.31,5.5,5.25,5.33,5.3,5.5,5.56,5.5,2325.001,3170.0,0.0,42.0,4495.0,109068.0,48256.0,5935377.0
2023-10-31,7907830.0,7377454.0,1137.697,834418.0,2799.719,5.4,5.35,5.5,5.25,5.33,5.3,5.5,5.56,5.5,2325.001,3170.0,0.0,42.0,4495.0,109068.0,48256.0,5935715.0
2023-11-01,7866664.0,7337855.0,1079.462,820487.0,2799.719,5.4,5.32,5.5,5.25,5.33,5.3,5.5,5.56,5.5,2326.995,2951.0,0.0,35.0,4343.0,109070.0,46790.0,5966715.0
2023-11-02,7866664.0,7337855.0,1054.986,820487.0,2799.719,5.4,5.33,5.5,5.25,5.33,5.3,5.5,5.52,5.5,2326.995,2951.0,0.0,35.0,4343.0,109070.0,46790.0,5991191.0
2023-11-03,7866664.0,7337855.0,1071.139,820487.0,2799.719,5.4,5.32,5.5,5.25,5.33,5.3,5.5,5.53,5.5,2326.995,2951.0,0.0,35.0,4343.0,109070.0,46790.0,5975038.0
2023-11-04,7866664.0,7337855.0,1071.139,820487.0,2799.719,5.4,5.32,5.5,5.25,5.33,5.3,5.5,5.53,5.5,2326.995,2951.0,0.0,35.0,4343.0,109070.0,46790.0,5975038.0
2023-11-05,7866664.0,7337855.0,1071.139,820487.0,2799.719,5.4,5.32,5.5,5.25,5.33,5.3,5.5,5.53,5.5,2326.995,2951.0,0.0,35.0,4343.0,109070.0,46790.0,5975038.0
2023-11-06,7866664.0,7337855.0,1062.878,820487.0,2799.719,5.4,5.32,5.5,5.25,5.33,5.3,5.5,5.53,5.5,2326.995,2951.0,0.0,35.0,4343.0,109070.0,46790.0,5983299.0
2023-11-07,7866664.0,7337855.0,1008.685,820487.0,2799.719,5.4,5.32,5.5,5.25,5.33,5.3,5.5,5.53,5.5,2326.995,2951.0,0.0,35.0,4343.0,109070.0,46790.0,6037492.0
2023-11-08,7860691.0,7338168.0,1024.451,772686.0,2799.719,5.4,5.32,5.5,5.25,5.33,5.3,5.5,5.52,5.5,2326.995,2229.0,0.0,31.0,4244.0,112935.0,35229.0,6063554.0
2023-11-09,7860691.0,7338168.0,993.314,772686.0,2799.719,5.4,5.32,5.5,5.25,5.33,5.3,5.5,5.53,5.5,2326.995,2229.0,0.0,31.0,4244.0,112935.0,35229.0,6094691.0
2023-11-10,7860691.0,7338168.0,1032.72,772686.0,2799.719,5.4,5.32,5.5,5.25,5.33,5.3,5.5,5.53,5.5,2326.995,2229.0,0.0,31.0,4244.0,112935.0,35229.0,6055285.0
2023-11-11,7860691.0,7338168.0,1032.72,772686.0,2799.719,5.4,5.32,5.5,5.25,5.33,5.3,5.5,5.53,5.5,2326.995,2229.0,0.0,31.0,4244.0,112935.0,35229.0,6055285.0
2023-11-12,7860691.0,7338168.0,1032.72,772686.0,2799.719,5.4,5.32,5.5,5.25,5.33,5.3,5.5,5.53,5.5,2326.995,2229.0,0.0,31.0,4244.0,112935.0,35229.0,6055285.0
2023-11-13,7860691.0,7338168.0,1020.272,772686.0,2799.719,5.4,5.32,5.5,5.25,5.33,5.3,5.5,5.53,5.5,2326.995,2229.0,0.0,31.0,4244.0,112935.0,35229.0,6067733.0
2023-11-14,7860691.0,7338168.0,988.298,772686.0,2799.719,5.4,5.32,5.5,5.25,5.33,5.3,5.5,5.52,5.5,2326.995,2229.0,0.0,31.0,4244.0,112935.0,35229.0,6099707.0
2023-11-15,7814991.0,7307897.0,944.241,738562.0,2799.719,5.4,5.32,5.5,5.25,5.33,5.3,5.5,5.52,5.5,2326.995,2241.0,0.0,26.0,4146.0,112942.0,35229.0,6132188.0
2023-11-16,7814991.0,7307897.0,912.01,738562.0,2799.719,5.4,5.32,5.5,5.25,5.33,5.3,5.5,5.53,5.5,2326.995,2241.0,0.0,26.0,4146.0,112942.0,35229.0,6164419.0
2023-11-17,7814991.0,7307897.0,935.803,738562.0,2799.719,5.4,5.32,5.5,5.25,5.33,5.3,5.5,5.52,5.5,2326.995,2241.0,0.0,26.0,4146.0,112942.0,35229.0,6140626.0
2023-11-18,7814991.0,7307897.0,935.803,738562.0,2799.719,5.4,5.32,5.5,5.25,5.33,5.3,5.5,5.52,5.5,2326.995,2241.0,0.0,26.0,4146.0,112942.0,35229.0,6140626.0
2023-11-19,7814991.0,7307897.0,935.803,738562.0,2799.719,5.4,5.32,5.5,5.25,5.33,5.3,5.5,5.52,5.5,2326.995,2241.0,0.0,26.0,4146.0,112942.0,35229.0,6140626.0
2023-11-20,7814991.0,7307897.0,953.088,738562.0,2799.719,5.4,5.31,5.5,5.25,5.33,5.3,5.5,5.53,5.5,2326.995,2241.0,0.0,26.0,4146.0,112942.0,35229.0,6123341.0
2023-11-21,7814991.0,7307897.0,931.155,738562.0,2799.719,5.4,5.31,5.5,5.25,5.33,5.3,5.5,5.52,5.5,2326.995,2241.0,0.0,26.0,4146.0,112942.0,35229.0,6145274.0
2023-11-22,7810814.0,7304878.0,931.604,706017.0,2799.719,5.4,5.31,5.5,5.25,5.33,5.3,5.5,5.54,5.5,2326.995,2442.0,0.0,22.0,4029.0,114099.0,33875.0,6173193.0
2023-11-23,7810814.0,7304878.0,931.604,706017.0,2799.719,5.4,5.31,5.5,5.25,5.33,5.3,5.5,5.54,5.5,2326.995,2442.0,0.0,22.0,4029.0,114099.0,33875.0,6173193.0
2023-11-24,7810814.0,7304878.0,865.907,706017.0,2799.719,5.4,5.32,5.5,5.25,5.33,5.3,5.5,5.55,5.5,2326.995,2442.0,0.0,22.0,4029.0,114099.0,33875.0,6238890.0
2023-11-25,7810814.0,7304878.0,865.907,706017.0,2799.719,5.4,5.32,5.5,5.25,5.33,5.3,5.5,5.55,5.5,2326.995,2442.0,0.0,22.0,4029.0,114099.0,33875.0,6238890.0
2023-11-26,7810814.0,7304878.0,865.907,706017.0,2799.719,5.4,5.32,5.5,5.25,5.33,5.3,5.5,5.55,5.5,2326.995,2442.0,0.0,22.0,4029.0,114099.0,33875.0,6238890.0
2023-11-27,7810814.0,7304878.0,867.22,706017.0,2799.719,5.4,5.32,5.5,5.25,5.33,5.3,5.5,5.54,5.5,2326.995,2442.0,0.0,22.0,4029.0,114099.0,33875.0,6237577.0
2023-11-28,7810814.0,7304878.0,873.344,706017.0,2799.719,5.4,5.32,5.5,5.25,5.33,5.3,5.5,5.53,5.5,2326.995,2442.0,0.0,22.0,4029.0,114099.0,33875.0,6231453.0
2023-11-29,7796145.0,7292556.0,914.187,739209.0,2799.719,5.4,5.31,5.5,5.25,5.33,5.3,5.5,5.53,5.5,2326.995,2242.0,0.0,22.0,3896.0,113871.0,33875.0,6142749.0
2023-11-30,7796145.0,7292556.0,887.822,739209.0,2799.719,5.4,5.33,5.5,5.25,5.33,5.3,5.5,5.56,5.5,2326.995,2242.0,0.0,22.0,3896.0,113871.0,33875.0,6169114.0
2023-12-01,7796145.0,7292556.0,768.543,739209.0,2799.719,5.4,5.39,5.5,5.25,5.33,5.3,5.5,5.55,5.5,2333.511,2242.0,0.0,22.0,3896.0,113871.0,33875.0,6288393.0
2023-12-02,7796145.0,7292556.0,768.543,739209.0,2799.719,5.4,5.39,5.5,5.25,5.33,5.3,5.5,5.55,5.5,2333.511,2242.0,0.0,22.0,3896.0,113871.0,33875.0,6288393.0
2023-12-03,7796145.0,7292556.0,768.543,739209.0,2799.719,5.4,5.39,5.5,5.25,5.33,5.3,5.5,5.55,5.5,2333.511,2242.0,0.0,22.0,3896.0,113871.0,33875.0,6288393.0
2023-12-04,7796145.0,7292556.0,815.847,739209.0,2799.719,5.4,5.37,5.5,5.25,5.33,5.3,5.5,5.55,5.5,2333.511,2242.0,0.0,22.0,3896.0,113871.0,33875.0,6241089.0
2023-12-05,7796145.0,7292556.0,834.428,739209.0,2799.719,5.4,5.33,5.5,5.25,5.33,5.3,5.5,5.54,5.5,2333.511,2242.0,0.0,22.0,3896.0,113871.0,33875.0,6222508.0
2023-12-06,7737385.0,7262202.0,846.498,682509.0,2799.719,5.4,5.32,5.5,5.25,5.33,5.3,5.5,5.54,5.5,2333.511,1960.0,0.0,17.0,3735.0,121695.0,0.0,6208378.0
2023-12-07,7737385.0,7262202.0,825.734,682509.0,2799.719,5.4,5.32,5.5,5.25,5.33,5.3,5.5,5.53,5.5,2333.511,1960.0,0.0,17.0,3735.0,121695.0,0.0,6229142.0
2023-12-08,7737385.0,7262202.0,821.408,682509.0,2799.719,5.4,5.32,5.5,5.25,5.33,5.3,5.5,5.54,5.5,2333.511,1960.0,0.0,17.0,3735.0,121695.0,0.0,6233468.0
2023-12-09,7737385.0,7262202.0,821.408,682509.0,2799.719,5.4,5.32,5.5,5.25,5.33,5.3,5.5,5.54,5.5,2333.511,1960.0,0.0,17.0,3735.0,121695.0,0.0,6233468.0
2023-12-10,7737385.0,7262202.0,821.408,682509.0,2799.719,5.4,5.32,5.5,5.25,5.33,5.3,5.5,5.54,5.5,2333.511,1960.0,0.0,17.0,3735.0,121695.0,0.0,6233468.0
2023-12-11,7737385.0,7262202.0,838.507,682509.0,2799.719,5.4,5.32,5.5,5.25,5.33,5.3,5.5,5.55,5.5,2333.511,1960.0,0.0,17.0,3735.0,121695.0,0.0,6216369.0
2023-12-12,7737385.0,7262202.0,837.803,682509.0,2799.719,5.4,5.31,5.5,5.25,5.33,5.3,5.5,5.53,5.5,2333.511,1960.0,0.0,17.0,3735.0,121695.0,0.0,6217073.0
2023-12-13,7739566.0,7258982.0,823.329,658440.0,2799.719,5.4,5.31,5.5,5.25,5.33,5.3,5.5,5.52,5.5,2333.511,2173.0,5.0,29.0,3603.0,123764.0,0.0,6257797.0
2023-12-14,7739566.0,7258982.0,769.346,658440.0,2799.719,5.4,5.31,5.5,5.25,5.33,5.3,5.5,5.54,5.5,2333.511,2173.0,5.0,29.0,3603.0,123764.0,0.0,6311780.0
2023-12-15,7739566.0,7258982.0,683.254,658440.0,2799.719,5.4,5.32,5.5,5.25,5.33,5.3,5.5,5.54,5.5,2333.511,2173.0,5.0,29.0,3603.0,123764.0,0.0,6397872.0
2023-12-16,7739566.0,7258982.0,683.254,658440.0,2799.719,5.4,5.32,5.5,5.25,5.33,5.3,5.5,5.54,5.5,2333.511,2173.0,5.0,29.0,3603.0,123764.0,0.0,6397872.0
2023-12-17,7739566.0,7258982.0,683.254,658440.0,2799.719,5.4,5.32,5.5,5.25,5.33,5.3,5.5,5.54,5.5,2333.511,2173.0,5.0,29.0,3603.0,123764.0,0.0,6397872.0
2023-12-18,7739566.0,7258982.0,724.704,658440.0,2799.719,5.4,5.32,5.5,5.25,5.33,5.3,5.5,5.52,5.5,2333.511,2173.0,5.0,29.0,3603.0,123764.0,0.0,6356422.0
2023-12-19,7739566.0,7258982.0,773.082,658440.0,2799.719,5.4,5.31,5.5,5.25,5.33,5.3,5.5,5.51,5.5,2333.511,2173.0,5.0,29.0,3603.0,123764.0,0.0,6308044.0
2023-12-20,7724063.0,7238168.0,779.143,732196.0,2799.719,5.4,5.31,5.5,5.25,5.33,5.3,5.5,5.5,5.5,2333.511,2400.0,0.0,26.0,3501.0,131335.0,0.0,6212724.0
2023-12-21,7724063.0,7238168.0,778.402,732196.0,2799.719,5.4,5.31,5.5,5.25,5.33,5.3,5.5,5.54,5.5,2333.511,2400.0,0.0,26.0,3501.0,131335.0,0.0,6213465.0
2023-12-22,7724063.0,7238168.0,772.258,732196.0,2799.719,5.4,5.32,5.5,5.25,5.33,5.3,5.5,5.54,5.5,2333.511,2400.0,0.0,26.0,3501.0,131335.0,0.0,6219609.0
2023-12-23,7724063.0,7238168.0,772.258,732196.0,2799.719,5.4,5.32,5.5,5.25,5.33,5.3,5.5,5.54,5.5,2333.511,2400.0,0.0,26.0,3501.0,131335.0,0.0,6219609.0
2023-12-24,7724063.0,7238168.0,772.258,732196.0,2799.719,5.4,5.32,5.5,5.25,5.33,5.3,5.5,5.54,5.5,2333.511,2400.0,0.0,26.0,3501.0,131335.0,0.0,6219609.0
2023-12-25,7724063.0,7238168.0,772.258,732196.0,2799.719,5.4,5.32,5.5,5.25,5.33,5.3,5.5,5.54,5.5,2333.511,2400.0,0.0,26.0,3501.0,131335.0,0.0,6219609.0
2023-12-26,7724063.0,7238168.0,793.937,732196.0,2799.719,5.4,5.35,5.5,5.25,5.33,5.3,5.5,5.53,5.5,2333.511,2400.0,0.0,26.0,3501.0,131335.0,0.0,6197930.0
2023-12-27,7712781.0,7224667.0,818.869,731405.0,2799.719,5.4,5.39,5.5,5.25,5.33,5.3,5.5,5.55,5.5,2333.511,2492.0,0.0,22.0,3467.0,135805.0,0.0,6162507.0
2023-12-28,7712781.0,7224667.0,829.573,731405.0,2799.719,5.4,5.4,5.5,5.25,5.33,5.3,5.5,5.57,5.5,2333.511,2492.0,0.0,22.0,3467.0,135805.0,0.0,6151803.0
2023-12-29,7712781.0,7224667.0,1018.483,731405.0,2799.719,5.4,5.38,5.5,5.25,5.33,5.3,5.5,5.6,5.5,2333.511,2492.0,0.0,22.0,3467.0,135805.0,0.0,5962893.0
2023-12-30,7712781.0,7224667.0,1018.483,731405.0,2799.719,5.4,5.38,5.5,5.25,5.33,5.3,5.5,5.6,5.5,2333.511,2492.0,0.0,22.0,3467.0,135805.0,0.0,5962893.0
2023-12-31,7712781.0,7224667.0,1018.483,731405.0,2799.719,5.4,5.38,5.5,5.25,5.33,5.3,5.5,5.6,5.5,2333.511,2492.0,0.0,22.0,3467.0,135805.0,0.0,5962893.0
2024-01-01,7712781.0,7224667.0,1018.483,731405.0,2799.719,5.4,5.38,5.5,5.25,5.33,5.3,5.5,5.6,5.5,2337.443,2492.0,0.0,22.0,3467.0,135805.0,0.0,5962893.0
2024-01-02,7712781.0,7224667.0,704.864,731405.0,2799.719,5.4,5.4,5.5,5.25,5.33,5.3,5.5,5.55,5.5,2337.443,2492.0,0.0,22.0,3467.0,135805.0,0.0,6276512.0
2024-01-03,7681024.0,7187450.0,719.897,758448.0,2799.719,5.4,5.39,5.5,5.25,5.33,5.3,5.5,5.54,5.5,2337.443,2159.0,12.0,1.0,3447.0,141202.0,0.0,6202679.0
2024-01-04,7681024.0,7187450.0,664.899,758448.0,2799.719,5.4,5.32,5.5,5.25,5.33,5.3,5.5,5.56,5.5,2337.443,2159.0,12.0,1.0,3447.0,141202.0,0.0,6257677.0
2024-01-05,7681024.0,7187450.0,694.478,758448.0,2799.719,5.4,5.31,5.5,5.25,5.33,5.3,5.5,5.54,5.5,2337.443,2159.0,12.0,1.0,3447.0,141202.0,0.0,6228098.0
2024-01-06,7681024.0,7187450.0,694.478,758448.0,2799.719,5.4,5.31,5.5,5.25,5.33,5.3,5.5,5.54,5.5,2337.443,2159.0,12.0,1.0,3447.0,141202.0,0.0,6228098.0
2024-01-07,7681024.0,7187450.0,694.478,758448.0,2799.719,5.4,5.31,5.5,5.25,5.33,5.3,5.5,5.54,5.5,2337.443,2159.0,12.0,1.0,3447.0,141202.0,0.0,6228098.0
2024-01-08,7681024.0,7187450.0,691.485,758448.0,2799.719,5.4,5.31,5.5,5.25,5.33,5.3,5.5,5.54,5.5,2337.443,2159.0,12.0,1.0,3447.0,141202.0,0.0,6231091.0
2024-01-09,7681024.0,7187450.0,676.05,758448.0,2799.719,5.4,5.31,5.5,5.25,5.33,5.3,5.5,5.53,5.5,2337.443,2159.0,12.0,1.0,3447.0,141202.0,0.0,6246526.0
2024-01-10,7686710.0,7185635.0,679.961,747565.0,2799.719,5.4,5.31,5.5,5.25,5.33,5.3,5.5,5.53,5.5,2337.443,2106.0,0.0,0.0,3413.0,147175.0,0.0,6259184.0
2024-01-11,7686710.0,7185635.0,626.37,747565.0,2799.719,5.4,5.31,5.5,5.25,5.33,5.3,5.5,5.54,5.5,2337.443,2106.0,0.0,0.0,3413.0,147175.0,0.0,6312775.0
2024-01-12,7686710.0,7185635.0,603.116,747565.0,2799.719,5.4,5.31,5.5,5.25,5.33,5.3,5.5,5.55,5.5,2337.443,2106.0,0.0,0.0,3413.0,147175.0,0.0,6336029.0
2024-01-13,7686710.0,7185635.0,603.116,747565.0,2799.719,5.4,5.31,5.5,5.25,5.33,5.3,5.5,5.55,5.5,2337.443,2106.0,0.0,0.0,3413.0,147175.0,0.0,6336029.0
2024-01-14,7686710.0,7185635.0,603.116,747565.0,2799.719,5.4,5.31,5.5,5.25,5.33,5.3,5.5,5.55,5.5,2337.443,2106.0,0.0,0.0,3413.0,147175.0,0.0,6336029.0
2024-01-15,7686710.0,7185635.0,603.116,747565.0,2799.719,5.4,5.31,5.5,5.25,5.33,5.3,5.5,5.55,5.5,2337.443,2106.0,0.0,0.0,3413.0,147175.0,0.0,6336029.0
2024-01-16,7686710.0,7185635.0,583.103,747565.0,2799.719,5.4,5.32,5.5,5.25,5.33,5.3,5.5,5.54,5.5,2337.443,2106.0,0.0,0.0,3413.0,147175.0,0.0,6356042.0
2024-01-17,7673741.0,7158081.0,590.191,748883.0,2799.719,5.4,5.32,5.5,5.25,5.33,5.3,5.5,5.54,5.5,2337.443,2295.0,0.0,0.0,3364.0,161501.0,0.0,6334667.0
2024-01-18,7673741.0,7158081.0,618.234,748883.0,2799.719,5.4,5.31,5.5,5.25,5.33,5.3,5.5,5.53,5.5,2337.443,2295.0,0.0,0.0,3364.0,161501.0,0.0,6306624.0
2024-01-19,7673741.0,7158081.0,625.182,748883.0,2799.719,5.4,5.31,5.5,5.25,5.33,5.3,5.5,5.54,5.5,2337.443,2295.0,0.0,0.0,3364.0,161501.0,0.0,6299676.0
2024-01-20,7673741.0,7158081.0,625.182,748883.0,2799.719,5.4,5.31,5.5,5.25,5.33,5.3,5.5,5.54,5.5,2337.443,2295.0,0.0,0.0,3364.0,161501.0,0.0,6299676.0
2024-01-21,7673741.0,7158081.0,625.182,748883.0,2799.719,5.4,5.31,5.5,5.25,5.33,5.3,5.5,5.54,5.5,2337.443,2295.0,0.0,0.0,3364.0,161501.0,0.0,6299676.0
2024-01-22,7673741.0,7158081.0,647.103,748883.0,2799.719,5.4,5.31,5.5,5.25,5.33,5.3,5.5,5.53,5.5,2337.443,2295.0,0.0,0.0,3364.0,161501.0,0.0,6277755.0
2024-01-23,7673741.0,7158081.0,621.195,748883.0,2799.719,5.4,5.31,5.5,5.25,5.33,5.3,5.5,5.53,5.5,2337.443,2295.0,0.0,0.0,3364.0,161501.0,0.0,6303663.0
2024-01-24,7677230.0,7153293.0,639.56,799358.0,2799.719,5.4,5.31,5.5,5.25,5.33,5.3,5.5,5.52,5.5,2337.443,2785.0,0.0,0.0,3338.0,167768.0,0.0,6238312.0
2024-01-25,7677230.0,7153293.0,557.687,799358.0,2799.719,5.4,5.32,5.5,5.25,5.33,5.3,5.5,5.54,5.5,2337.443,2785.0,0.0,0.0,3338.0,167768.0,0.0,6320185.0
2024-01-26,7677230.0,7153293.0,570.828,799358.0,2799.719,5.4,5.32,5.5,5.25,5.33,5.3,5.5,5.54,5.5,2337.443,2785.0,0.0,0.0,3338.0,167768.0,0.0,6307044.0
2024-01-27,7677230.0,7153293.0,570.828,799358.0,2799.719,5.4,5.32,5.5,5.25,5.33,5.3,5.5,5.54,5.5,2337.443,2785.0,0.0,0.0,3338.0,167768.0,0.0,6307044.0
2024-01-28,7677230.0,7153293.0,570.828,799358.0,2799.719,5.4,5.32,5.5,5.25,5.33,5.3,5.5,5.54,5.5,2337.443,2785.0,0.0,0.0,3338.0,167768.0,0.0,6307044.0
2024-01-29,7677230.0,7153293.0,581.41,799358.0,2799.719,5.4,5.31,5.5,5.25,5.33,5.3,5.5,5.53,5.5,2337.443,2785.0,0.0,0.0,3338.0,167768.0,0.0,6296462.0
2024-01-30,7677230.0,7153293.0,577.755,799358.0,2799.719,5.4,5.31,5.5,5.25,5.33,5.3,5.5,5.53,5.5,2337.443,2785.0,0.0,0.0,3338.0,167768.0,0.0,6300117.0
2024-01-31,7630124.0,7112224.0,615.379,841550.0,2799.719,5.4,5.32,5.5,5.25,5.33,5.3,5.5,5.53,5.5,2337.443,3189.0,0.0,0.0,3320.0,165238.0,0.0,6173195.0
2024-02-01,7630124.0,7112224.0,503.548,841550.0,2799.719,5.4,5.32,5.5,5.25,5.33,5.3,5.5,5.49,5.5,2327.94,3189.0,0.0,0.0,3320.0,165238.0,0.0,6285026.0
2024-02-02,7630124.0,7112224.0,513.422,841550.0,2799.719,5.4,5.32,5.5,5.25,5.33,5.3,5.5,5.49,5.5,2327.94,3189.0,0.0,0.0,3320.0,165238.0,0.0,6275152.0
2024-02-03,7630124.0,7112224.0,513.422,841550.0,2799.719,5.4,5.32,5.5,5.25,5.33,5.3,5.5,5.49,5.5,2327.94,3189.0,0.0,0.0,3320.0,165238.0,0.0,6275152.0
2024-02-04,7630124.0,7112224.0,513.422,841550.0,2799.719,5.4,5.32,5.5,5.25,5.33,5.3,5.5,5.49,5.5,2327.94,3189.0,0.0,0.0,3320.0,165238.0,0.0,6275152.0
2024-02-05,7630124.0,7112224.0,552.289,841550.0,2799.719,5.4,5.31,5.5,5.25,5.33,5.3,5.5,5.49,5.5,2327.94,3189.0,0.0,0.0,3320.0,165238.0,0.0,6236285.0
2024-02-06,7630124.0,7112224.0,532.439,841550.0,2799.719,5.4,5.31,5.5,5.25,5.33,5.3,5.5,5.48,5.5,2327.94,3189.0,0.0,0.0,3320.0,165238.0,0.0,6256135.0
2024-02-07,7631300.0,7112112.0,553.055,802135.0,2799.719,5.4,5.31,5.5,5.25,5.33,5.3,5.5,5.47,5.5,2327.94,2334.0,0.0,0.0,3298.0,164869.0,0.0,6276110.0
2024-02-08,7631300.0,7112112.0,535.705,802135.0,2799.719,5.4,5.31,5.5,5.25,5.33,5.3,5.5,5.49,5.5,2327.94,2334.0,0.0,0.0,3298.0,164869.0,0.0,6293460.0
2024-02-09,7631300.0,7112112.0,569.175,802135.0,2799.719,5.4,5.31,5.5,5.25,5.33,5.3,5.5,5.49,5.5,2327.94,2334.0,0.0,0.0,3298.0,164869.0,0.0,6259990.0
2024-02-10,7631300.0,7112112.0,569.175,802135.0,2799.719,5.4,5.31,5.5,5.25,5.33,5.3,5.5,5.49,5.5,2327.94,2334.0,0.0,0.0,3298.0,164869.0,0.0,6259990.0
2024-02-11,7631300.0,7112112.0,569.175,802135.0,2799.719,5.4,5.31,5.5,5.25,5.33,5.3,5.5,5.49,5.5,2327.94,2334.0,0.0,0.0,3298.0,164869.0,0.0,6259990.0
2024-02-12,7631300.0,7112112.0,581.568,802135.0,2799.719,5.4,5.31,5.5,5.25,5.33,5.3,5.5,5.49,5.5,2327.94,2334.0,0.0,0.0,3298.0,164869.0,0.0,6247597.0
2024-02-13,7631300.0,7112112.0,553.684,802135.0,2799.719,5.4,5.31,5.5,5.25,5.33,5.3,5.5,5.48,5.5,2327.94,2334.0,0.0,0.0,3298.0,164869.0,0.0,6275481.0
2024-02-14,7633874.0,7112069.0,575.332,838005.0,2799.719,5.4,5.3,5.5,5.25,5.33,5.3,5.5,5.48,5.5,2327.94,2419.0,0.0,0.0,3258.0,164772.0,0.0,6220537.0
2024-02-15,7633874.0,7112069.0,493.065,838005.0,2799.719,5.4,5.31,5.5,5.25,5.33,5.3,5.5,5.49,5.5,2327.94,2419.0,0.0,0.0,3258.0,164772.0,0.0,6302804.0
2024-02-16,7633874.0,7112069.0,532.125,838005.0,2799.719,5.4,5.3,5.5,5.25,5.33,5.3,5.5,5.48,5.5,2327.94,2419.0,0.0,0.0,3258.0,164772.0,0.0,6263744.0
2024-02-17,7633874.0,7112069.0,532.125,838005.0,2799.719,5.4,5.3,5.5,5.25,5.33,5.3,5.5,5.48,5.5,2327.94,2419.0,0.0,0.0,3258.0,164772.0,0.0,6263744.0
2024-02-18,7633874.0,7112069.0,532.125,838005.0,2799.719,5.4,5.3,5.5,5.25,5.33,5.3,5.5,5.48,5.5,2327.94,2419.0,0.0,0.0,3258.0,164772.0,0.0,6263744.0
2024-02-19,7633874.0,7112069.0,532.125,838005.0,2799.719,5.4,5.3,5.5,5.25,5.33,5.3,5.5,5.48,5.5,2327.94,2419.0,0.0,0.0,3258.0,164772.0,0.0,6263744.0
2024-02-20,7633874.0,7112069.0,530.879,838005.0,2799.719,5.4,5.3,5.5,5.25,5.33,5.3,5.5,5.49,5.5,2327.94,2419.0,0.0,0.0,3258.0,164772.0,0.0,6264990.0
2024-02-21,7581683.0,7077988.0,574.882,785465.0,2799.719,5.4,5.3,5.5,5.25,5.33,5.3,5.5,5.5,5.5,2327.94,2405.0,0.0,0.0,3230.0,164231.0,0.0,6221336.0
2024-02-22,7581683.0,7077988.0,553.245,785465.0,2799.719,5.4,5.3,5.5,5.25,5.33,5.3,5.5,5.49,5.5,2327.94,2405.0,0.0,0.0,3230.0,164231.0,0.0,6242973.0
2024-02-23,7581683.0,7077988.0,520.107,785465.0,2799.719,5.4,5.31,5.5,5.25,5.33,5.3,5.5,5.49,5.5,2327.94,2405.0,0.0,0.0,3230.0,164231.0,0.0,6276111.0
2024-02-24,7581683.0,7077988.0,520.107,785465.0,2799.719,5.4,5.31,5.5,5.25,5.33,5.3,5.5,5.49,5.5,2327.94,2405.0,0.0,0.0,3230.0,164231.0,0.0,6276111.0
2024-02-25,7581683.0,7077988.0,520.107,785465.0,2799.719,5.4,5.31,5.5,5.25,5.33,5.3,5.5,5.49,5.5,2327.94,2405.0,0.0,0.0,3230.0,164231.0,0.0,6276111.0
2024-02-26,7581683.0,7077988.0,524.959,785465.0,2799.719,5.4,5.31,5.5,5.25,5.33,5.3,5.5,5.5,5.5,2327.94,2405.0,0.0,0.0,3230.0,164231.0,0.0,6271259.0
2024-02-27,7581683.0,7077988.0,519.725,785465.0,2799.719,5.4,5.31,5.5,5.25,5.33,5.3,5.5,5.5,5.5,2327.94,2405.0,0.0,0.0,3230.0,164231.0,0.0,6276493.0
2024-02-28,7567807.0,7066839.0,569.855,785821.0,2799.719,5.4,5.31,5.5,5.25,5.33,5.3,5.5,5.5,5.5,2327.94,2105.0,0.0,1.0,3193.0,163474.0,0.0,6212131.0
2024-02-29,7567807.0,7066839.0,502.074,785821.0,2799.719,5.4,5.32,5.5,5.25,5.33,5.3,5.5,5.53,5.5,2327.94,2105.0,0.0,1.0,3193.0,163474.0,0.0,6279912.0
2024-03-01,7567807.0,7066839.0,441.265,785821.0,2799.719,5.4,5.31,5.5,5.25,5.33,5.3,5.5,5.54,5.5,2338.922,2105.0,0.0,1.0,3193.0,163474.0,0.0,6340721.0
2024-03-02,7567807.0,7066839.0,441.265,785821.0,2799.719,5.4,5.31,5.5,5.25,5.33,5.3,5.5,5.54,5.5,2338.922,2105.0,0.0,1.0,3193.0,163474.0,0.0,6340721.0
2024-03-03,7567807.0,7066839.0,441.265,785821.0,2799.719,5.4,5.31,5.5,5.25,5.33,5.3,5.5,5.54,5.5,2338.922,2105.0,0.0,1.0,3193.0,163474.0,0.0,6340721.0
2024-03-04,7567807.0,7066839.0,439.793,785821.0,2799.719,5.4,5.31,5.5,5.25,5.33,5.3,5.5,5.51,5.5,2338.922,2105.0,0.0,1.0,3193.0,163474.0,0.0,6342193.0
2024-03-05,7567807.0,7066839.0,444.474,785821.0,2799.719,5.4,5.31,5.5,5.25,5.33,5.3,5.5,5.5,5.5,2338.922,2105.0,0.0,1.0,3193.0,163474.0,0.0,6337512.0
2024-03-06,7538857.0,7037288.0,456.847,767733.0,2799.719,5.4,5.31,5.5,5.25,5.33,5.3,5.5,5.5,5.5,2338.922,1882.0,128.0,1.0,3148.0,164022.0,0.0,6314277.0
2024-03-07,7538857.0,7037288.0,436.754,767733.0,2799.719,5.4,5.31,5.5,5.25,5.33,5.3,5.5,5.51,5.5,2338.922,1882.0,128.0,1.0,3148.0,164022.0,0.0,6334370.0
2024-03-08,7538857.0,7037288.0,444.803,767733.0,2799.719,5.4,5.31,5.5,5.25,5.33,5.3,5.5,5.51,5.5,2338.922,1882.0,128.0,1.0,3148.0,164022.0,0.0,6326321.0
2024-03-09,7538857.0,7037288.0,444.803,767733.0,2799.719,5.4,5.31,5.5,5.25,5.33,5.3,5.5,5.51,5.5,2338.922,1882.0,128.0,1.0,3148.0,164022.0,0.0,6326321.0
2024-03-10,7538857.0,7037288.0,444.803,767733.0,2799.719,5.4,5.31,5.5,5.25,5.33,5.3,5.5,5.51,5.5,2338.922,1882.0,128.0,1.0,3148.0,164022.0,0.0,6326321.0
2024-03-11,7538857.0,7037288.0,478.728,767733.0,2799.719,5.4,5.31,5.5,5.25,5.33,5.3,5.5,5.5,5.5,2338.922,1882.0,128.0,1.0,3148.0,164022.0,0.0,6292396.0
2024-03-12,7538857.0,7037288.0,476.862,767733.0,2799.719,5.4,5.31,5.5,5.25,5.33,5.3,5.5,5.52,5.5,2338.922,1882.0,128.0,1.0,3148.0,164022.0,0.0,6294262.0
2024-03-13,7541969.0,7034433.0,521.738,768369.0,2799.719,5.4,5.31,5.5,5.25,5.33,5.3,5.5,5.52,5.5,2338.922,1825.0,147.0,1.0,3104.0,167463.0,0.0,6251862.0
2024-03-14,7541969.0,7034433.0,483.573,768369.0,2799.719,5.4,5.31,5.5,5.25,5.33,5.3,5.5,5.52,5.5,2338.922,1825.0,147.0,1.0,3104.0,167463.0,0.0,6290027.0
2024-03-15,7541969.0,7034433.0,413.877,768369.0,2799.719,5.4,5.31,5.5,5.25,5.33,5.3,5.5,5.52,5.5,2338.922,1825.0,147.0,1.0,3104.0,167463.0,0.0,6359723.0
2024-03-16,7541969.0,7034433.0,413.877,768369.0,2799.719,5.4,5.31,5.5,5.25,5.33,5.3,5.5,5.52,5.5,2338.922,1825.0,147.0,1.0,3104.0,167463.0,0.0,6359723.0
2024-03-17,7541969.0,7034433.0,413.877,768369.0,2799.719,5.4,5.31,5.5,5.25,5.33,5.3,5.5,5.52,5.5,2338.922,1825.0,147.0,1.0,3104.0,167463.0,0.0,6359723.0
2024-03-18,7541969.0,7034433.0,440.596,768369.0,2799.719,5.4,5.31,5.5,5.25,5.33,5.3,5.5,5.52,5.5,2338.922,1825.0,147.0,1.0,3104.0,167463.0,0.0,6333004.0
2024-03-19,7541969.0,7034433.0,446.978,768369.0,2799.719,5.4,5.31,5.5,5.25,5.33,5.3,5.5,5.52,5.5,2338.922,1825.0,147.0,1.0,3104.0,167463.0,0.0,6326622.0
2024-03-20,7514348.0,7022774.0,496.245,809298.0,2799.719,5.4,5.31,5.5,5.25,5.33,5.3,5.5,5.5,5.5,2338.922,2672.0,40.0,1.0,3072.0,150183.0,0.0,6208805.0
2024-03-21,7514348.0,7022774.0,460.631,809298.0,2799.719,5.4,5.31,5.5,5.25,5.33,5.3,5.5,5.51,5.5,2338.922,2672.0,40.0,1.0,3072.0,150183.0,0.0,6244419.0
2024-03-22,7514348.0,7022774.0,478.531,809298.0,2799.719,5.4,5.31,5.5,5.25,5.33,5.3,5.5,5.51,5.5,2338.922,2672.0,40.0,1.0,3072.0,150183.0,0.0,6226519.0
2024-03-23,7514348.0,7022774.0,478.531,809298.0,2799.719,5.4,5.31,5.5,5.25,5.33,5.3,5.5,5.51,5.5,2338.922,2672.0,40.0,1.0,3072.0,150183.0,0.0,6226519.0
2024-03-24,7514348.0,7022774.0,478.531,809298.0,2799.719,5.4,5.31,5.5,5.25,5.33,5.3,5.5,5.51,5.5,2338.922,2672.0,40.0,1.0,3072.0,150183.0,0.0,6226519.0
2024-03-25,7514348.0,7022774.0,473.787,809298.0,2799.719,5.4,5.31,5.5,5.25,5.33,5.3,5.5,5.51,5.5,2338.922,2672.0,40.0,1.0,3072.0,150183.0,0.0,6231263.0
2024-03-26,7514348.0,7022774.0,496.062,809298.0,2799.719,5.4,5.32,5.5,5.25,5.33,5.3,5.5,5.5,5.5,2338.922,2672.0,40.0,1.0,3072.0,150183.0,0.0,6208988.0
2024-03-27,7484739.0,7008864.0,518.357,802233.0,2799.719,5.4,5.33,5.5,5.25,5.33,5.3,5.5,5.5,5.5,2338.922,6270.0,0.0,1.0,3059.0,132806.0,0.0,6164149.0
2024-03-28,7484739.0,7008864.0,594.428,802233.0,2799.719,5.4,5.34,5.5,5.25,5.33,5.3,5.5,5.49,5.5,2338.922,6270.0,0.0,1.0,3059.0,132806.0,0.0,6088078.0
2024-03-29,7484739.0,7008864.0,594.428,802233.0,2799.719,5.4,5.34,5.5,5.25,5.33,5.3,5.5,5.49,5.5,2338.922,6270.0,0.0,1.0,3059.0,132806.0,0.0,6088078.0
2024-03-30,7484739.0,7008864.0,594.428,802233.0,2799.719,5.4,5.34,5.5,5.25,5.33,5.3,5.5,5.49,5.5,2338.922,6270.0,0.0,1.0,3059.0,132806.0,0.0,6088078.0
2024-03-31,7484739.0,7008864.0,594.428,802233.0,2799.719,5.4,5.34,5.5,5.25,5.33,5.3,5.5,5.49,5.5,2338.922,6270.0,0.0,1.0,3059.0,132806.0,0.0,6088078.0
2024-04-01,7484739.0,7008864.0,441.903,802233.0,2799.719,5.4,5.35,5.5,5.25,5.33,5.3,5.5,5.49,5.5,2345.389,6270.0,0.0,1.0,3059.0,132806.0,0.0,6240603.0
2024-04-02,7484739.0,7008864.0,448.424,802233.0,2799.719,5.4,5.34,5.5,5.25,5.33,5.3,5.5,5.49,5.5,2345.389,6270.0,0.0,1.0,3059.0,132806.0,0.0,6234082.0
2024-04-03,7439558.0,6965944.0,436.631,768651.0,2799.719,5.4,5.32,5.5,5.25,5.33,5.3,5.5,5.47,5.5,2345.389,5451.0,0.0,2.0,3045.0,130462.0,0.0,6234276.0
2024-04-04,7439558.0,6965944.0,438.764,768651.0,2799.719,5.4,5.32,5.5,5.25,5.33,5.3,5.5,5.47,5.5,2345.389,5451.0,0.0,2.0,3045.0,130462.0,0.0,6232143.0
2024-04-05,7439558.0,6965944.0,438.319,768651.0,2799.719,5.4,5.32,5.5,5.25,5.33,5.3,5.5,5.47,5.5,2345.389,5451.0,0.0,2.0,3045.0,130462.0,0.0,6232588.0
2024-04-06,7439558.0,6965944.0,438.319,768651.0,2799.719,5.4,5.32,5.5,5.25,5.33,5.3,5.5,5.47,5.5,2345.389,5451.0,0.0,2.0,3045.0,130462.0,0.0,6232588.0
2024-04-07,7439558.0,6965944.0,438.319,768651.0,2799.719,5.4,5.32,5.5,5.25,5.33,5.3,5.5,5.47,5.5,2345.389,5451.0,0.0,2.0,3045.0,130462.0,0.0,6232588.0
2024-04-08,7439558.0,6965944.0,448.597,768651.0,2799.719,5.4,5.31,5.5,5.25,5.33,5.3,5.5,5.48,5.5,2345.389,5451.0,0.0,2.0,3045.0,130462.0,0.0,6222310.0
2024-04-09,7439558.0,6965944.0,441.792,768651.0,2799.719,5.4,5.31,5.5,5.25,5.33,5.3,5.5,5.48,5.5,2345.389,5451.0,0.0,2.0,3045.0,130462.0,0.0,6229115.0
2024-04-10,7438176.0,6966629.0,445.816,704971.0,2799.719,5.4,5.31,5.5,5.25,5.33,5.3,5.5,5.49,5.5,2345.389,5053.0,0.0,2.0,3028.0,126344.0,0.0,6287389.0
2024-04-11,7438176.0,6966629.0,455.361,704971.0,2799.719,5.4,5.31,5.5,5.25,5.33,5.3,5.5,5.48,5.5,2345.389,5053.0,0.0,2.0,3028.0,126344.0,0.0,6277844.0
2024-04-12,7438176.0,6966629.0,407.322,704971.0,2799.719,5.4,5.31,5.5,5.25,5.33,5.3,5.5,5.48,5.5,2345.389,5053.0,0.0,2.0,3028.0,126344.0,0.0,6325883.0
2024-04-13,7438176.0,6966629.0,407.322,704971.0,2799.719,5.4,5.31,5.5,5.25,5.33,5.3,5.5,5.48,5.5,2345.389,5053.0,0.0,2.0,3028.0,126344.0,0.0,6325883.0
2024-04-14,7438176.0,6966629.0,407.322,704971.0,2799.719,5.4,5.31,5.5,5.25,5.33,5.3,5.5,5.48,5.5,2345.389,5053.0,0.0,2.0,3028.0,126344.0,0.0,6325883.0
2024-04-15,7438176.0,6966629.0,327.066,704971.0,2799.719,5.4,5.32,5.5,5.25,5.33,5.3,5.5,5.49,5.5,2345.389,5053.0,0.0,2.0,3028.0,126344.0,0.0,6406139.0
2024-04-16,7438176.0,6966629.0,371.554,704971.0,2799.719,5.4,5.31,5.5,5.25,5.33,5.3,5.5,5.49,5.5,2345.389,5053.0,0.0,2.0,3028.0,126344.0,0.0,6361651.0
2024-04-17,7405506.0,6929720.0,440.508,796535.0,2799.719,5.4,5.31,5.5,5.25,5.33,5.3,5.5,5.49,5.5,2345.389,8559.0,34.0,10.0,3017.0,125706.0,0.0,6168463.0
2024-04-18,7405506.0,6929720.0,433.006,796535.0,2799.719,5.4,5.3,5.5,5.25,5.33,5.3,5.5,5.49,5.5,2345.389,8559.0,34.0,10.0,3017.0,125706.0,0.0,6175965.0
2024-04-19,7405506.0,6929720.0,397.234,796535.0,2799.719,5.4,5.31,5.5,5.25,5.33,5.3,5.5,5.49,5.5,2345.389,8559.0,34.0,10.0,3017.0,125706.0,0.0,6211737.0
2024-04-20,7405506.0,6929720.0,397.234,796535.0,2799.719,5.4,5.31,5.5,5.25,5.33,5.3,5.5,5.49,5.5,2345.389,8559.0,34.0,10.0,3017.0,125706.0,0.0,6211737.0
2024-04-21,7405506.0,6929720.0,397.234,796535.0,2799.719,5.4,5.31,5.5,5.25,5.33,5.3,5.5,5.49,5.5,2345.389,8559.0,34.0,10.0,3017.0,125706.0,0.0,6211737.0
2024-04-22,7405506.0,6929720.0,409.816,796535.0,2799.719,5.4,5.31,5.5,5.25,5.33,5.3,5.5,5.49,5.5,2345.389,8559.0,34.0,10.0,3017.0,125706.0,0.0,6199155.0
2024-04-23,7405506.0,6929720.0,435.88,796535.0,2799.719,5.4,5.31,5.5,5.25,5.33,5.3,5.5,5.49,5.5,2345.389,8559.0,34.0,10.0,3017.0,125706.0,0.0,6173091.0
2024-04-24,7402434.0,6926866.0,441.215,941430.0,2799.719,5.4,5.31,5.5,5.25,5.33,5.3,5.5,5.49,5.5,2345.389,7018.0,197.0,10.0,2975.0,125492.0,0.0,6019789.0
2024-04-25,7402434.0,6926866.0,443.928,941430.0,2799.719,5.4,5.31,5.5,5.25,5.33,5.3,5.5,5.48,5.5,2345.389,7018.0,197.0,10.0,2975.0,125492.0,0.0,6017076.0
2024-04-26,7402434.0,6926866.0,464.912,941430.0,2799.719,5.4,5.32,5.5,5.25,5.33,5.3,5.5,5.48,5.5,2345.389,7018.0,197.0,10.0,2975.0,125492.0,0.0,5996092.0
2024-04-27,7402434.0,6926866.0,464.912,941430.0,2799.719,5.4,5.32,5.5,5.25,5.33,5.3,5.5,5.48,5.5,2345.389,7018.0,197.0,10.0,2975.0,125492.0,0.0,5996092.0
2024-04-28,7402434.0,6926866.0,464.912,941430.0,2799.719,5.4,5.32,5.5,5.25,5.33,5.3,5.5,5.48,5.5,2345.389,7018.0,197.0,10.0,2975.0,125492.0,0.0,5996092.0
2024-04-29,7402434.0,6926866.0,505.53,941430.0,2799.719,5.4,5.32,5.5,5.25,5.33,5.3,5.5,5.48,5.5,2345.389,7018.0,197.0,10.0,2975.0,125492.0,0.0,5955474.0
2024-04-30,7402434.0,6926866.0,534.234,941430.0,2799.719,5.4,5.34,5.5,5.25,5.33,5.3,5.5,5.48,5.5,2345.389,7018.0,197.0,10.0,2975.0,125492.0,0.0,5926770.0
2024-05-01,7362474.0,6892302.0,438.148,917177.0,2799.719,5.4,5.32,5.5,5.25,5.33,5.3,5.5,5.47,5.5,2347.686,6791.0,0.0,13.0,2962.0,124117.0,0.0,6007149.0
2024-05-02,7362474.0,6892302.0,428.68,917177.0,2799.719,5.4,5.31,5.5,5.25,5.33,5.3,5.5,5.51,5.5,2347.686,6791.0,0.0,13.0,2962.0,124117.0,0.0,6016617.0
2024-05-03,7362474.0,6892302.0,450.165,917177.0,2799.719,5.4,5.31,5.5,5.25,5.33,5.3,5.5,5.51,5.5,2347.686,6791.0,0.0,13.0,2962.0,124117.0,0.0,5995132.0
2024-05-04,7362474.0,6892302.0,450.165,917177.0,2799.719,5.4,5.31,5.5,5.25,5.33,5.3,5.5,5.51,5.5,2347.686,6791.0,0.0,13.0,2962.0,124117.0,0.0,5995132.0
2024-05-05,7362474.0,6892302.0,450.165,917177.0,2799.719,5.4,5.31,5.5,5.25,5.33,5.3,5.5,5.51,5.5,2347.686,6791.0,0.0,13.0,2962.0,124117.0,0.0,5995132.0
2024-05-06,7362474.0,6892302.0,468.97,917177.0,2799.719,5.4,5.31,5.5,5.25,5.33,5.3,5.5,5.51,5.5,2347.686,6791.0,0.0,13.0,2962.0,124117.0,0.0,5976327.0
2024-05-07,7362474.0,6892302.0,475.325,917177.0,2799.719,5.4,5.31,5.5,5.25,5.33,5.3,5.5,5.51,5.5,2347.686,6791.0,0.0,13.0,2962.0,124117.0,0.0,5969972.0
2024-05-08,7353408.0,6893087.0,493.427,851591.0,2799.719,5.4,5.31,5.5,5.25,5.33,5.3,5.5,5.51,5.5,2347.686,6198.0,0.0,20.0,2949.0,112663.0,0.0,6008390.0
2024-05-09,7353408.0,6893087.0,458.55,851591.0,2799.719,5.4,5.31,5.5,5.25,5.33,5.3,5.5,5.51,5.5,2347.686,6198.0,0.0,20.0,2949.0,112663.0,0.0,6043267.0
2024-05-10,7353408.0,6893087.0,486.434,851591.0,2799.719,5.4,5.31,5.5,5.25,5.33,5.3,5.5,5.51,5.5,2347.686,6198.0,0.0,20.0,2949.0,112663.0,0.0,6015383.0
2024-05-11,7353408.0,6893087.0,486.434,851591.0,2799.719,5.4,5.31,5.5,5.25,5.33,5.3,5.5,5.51,5.5,2347.686,6198.0,0.0,20.0,2949.0,112663.0,0.0,6015383.0
2024-05-12,7353408.0,6893087.0,486.434,851591.0,2799.719,5.4,5.31,5.5,5.25,5.33,5.3,5.5,5.51,5.5,2347.686,6198.0,0.0,20.0,2949.0,112663.0,0.0,6015383.0
2024-05-13,7353408.0,6893087.0,492.068,851591.0,2799.719,5.4,5.31,5.5,5.25,5.33,5.3,5.5,5.5,5.5,2347.686,6198.0,0.0,20.0,2949.0,112663.0,0.0,6009749.0
2024-05-14,7353408.0,6893087.0,468.344,851591.0,2799.719,5.4,5.31,5.5,5.25,5.33,5.3,5.5,5.5,5.5,2347.686,6198.0,0.0,20.0,2949.0,112663.0,0.0,6033473.0
2024-05-15,7304272.0,6862420.0,443.779,787133.0,2799.719,5.4,5.31,5.5,5.25,5.33,5.3,5.5,5.49,5.5,2347.686,6364.0,0.0,25.0,2938.0,109595.0,0.0,6073360.0
2024-05-16,7304272.0,6862420.0,410.121,787133.0,2799.719,5.4,5.31,5.5,5.25,5.33,5.3,5.5,5.51,5.5,2347.686,6364.0,0.0,25.0,2938.0,109595.0,0.0,6107018.0
2024-05-17,7304272.0,6862420.0,449.373,787133.0,2799.719,5.4,5.31,5.5,5.25,5.33,5.3,5.5,5.5,5.5,2347.686,6364.0,0.0,25.0,2938.0,109595.0,0.0,6067766.0
2024-05-18,7304272.0,6862420.0,449.373,787133.0,2799.719,5.4,5.31,5.5,5.25,5.33,5.3,5.5,5.5,5.5,2347.686,6364.0,0.0,25.0,2938.0,109595.0,0.0,6067766.0
2024-05-19,7304272.0,6862420.0,449.373,787133.0,2799.719,5.4,5.31,5.5,5.25,5.33,5.3,5.5,5.5,5.5,2347.686,6364.0,0.0,25.0,2938.0,109595.0,0.0,6067766.0
2024-05-20,7304272.0,6862420.0,489.728,787133.0,2799.719,5.4,5.31,5.5,5.25,5.33,5.3,5.5,5.5,5.5,2347.686,6364.0,0.0,25.0,2938.0,109595.0,0.0,6027411.0
2024-05-21,7304272.0,6862420.0,491.72,787133.0,2799.719,5.4,5.31,5.5,5.25,5.33,5.3,5.5,5.5,5.5,2347.686,6364.0,0.0,25.0,2938.0,109595.0,0.0,6025419.0
2024-05-22,7299566.0,6859354.0,496.382,725376.0,2799.719,5.4,5.31,5.5,5.25,5.33,5.3,5.5,5.49,5.5,2347.686,6664.0,0.0,26.0,2925.0,109005.0,0.0,6077808.0
2024-05-23,7299566.0,6859354.0,467.398,725376.0,2799.719,5.4,5.31,5.5,5.25,5.33,5.3,5.5,5.51,5.5,2347.686,6664.0,0.0,26.0,2925.0,109005.0,0.0,6106792.0
2024-05-24,7299566.0,6859354.0,431.239,725376.0,2799.719,5.4,5.32,5.5,5.25,5.33,5.3,5.5,5.56,5.5,2347.686,6664.0,0.0,26.0,2925.0,109005.0,0.0,6142951.0
2024-05-25,7299566.0,6859354.0,431.239,725376.0,2799.719,5.4,5.32,5.5,5.25,5.33,5.3,5.5,5.56,5.5,2347.686,6664.0,0.0,26.0,2925.0,109005.0,0.0,6142951.0
2024-05-26,7299566.0,6859354.0,431.239,725376.0,2799.719,5.4,5.32,5.5,5.25,5.33,5.3,5.5,5.56,5.5,2347.686,6664.0,0.0,26.0,2925.0,109005.0,0.0,6142951.0
2024-05-27,7299566.0,6859354.0,431.239,725376.0,2799.719,5.4,5.32,5.5,5.25,5.33,5.3,5.5,5.56,5.5,2347.686,6664.0,0.0,26.0,2925.0,109005.0,0.0,6142951.0
2024-05-28,7299566.0,6859354.0,417.836,725376.0,2799.719,5.4,5.32,5.5,5.25,5.33,5.3,5.5,5.5,5.5,2347.686,6664.0,0.0,26.0,2925.0,109005.0,0.0,6156354.0
2024-05-29,7284319.0,6846434.0,459.314,704335.0,2799.719,5.4,5.33,5.5,5.25,5.33,5.3,5.5,5.5,5.5,2347.686,6574.0,0.0,33.0,2920.0,108249.0,0.0,6120670.0
2024-05-30,7284319.0,6846434.0,452.034,704335.0,2799.719,5.4,5.33,5.5,5.25,5.33,5.3,5.5,5.48,5.5,2347.686,6574.0,0.0,33.0,2920.0,108249.0,0.0,6127950.0
2024-05-31,7284319.0,6846434.0,439.806,704335.0,2799.719,5.4,5.34,5.5,5.25,5.33,5.3,5.5,5.48,5.5,2347.686,6574.0,0.0,33.0,2920.0,108249.0,0.0,6140178.0
2024-06-01,7284319.0,6846434.0,439.806,704335.0,2799.719,5.4,5.34,5.5,5.25,5.33,5.3,5.5,5.48,5.5,2351.09,6574.0,0.0,33.0,2920.0,108249.0,0.0,6140178.0
2024-06-02,7284319.0,6846434.0,439.806,704335.0,2799.719,5.4,5.34,5.5,5.25,5.33,5.3,5.5,5.48,5.5,2351.09,6574.0,0.0,33.0,2920.0,108249.0,0.0,6140178.0
2024-06-03,7284319.0,6846434.0,387.069,704335.0,2799.719,5.4,5.35,5.5,5.25,5.33,5.3,5.5,5.49,5.5,2351.09,6574.0,0.0,33.0,2920.0,108249.0,0.0,6192915.0
2024-06-04,7284319.0,6846434.0,377.825,704335.0,2799.719,5.4,5.33,5.5,5.25,5.33,5.3,5.5,5.48,5.5,2351.09,6574.0,0.0,33.0,2920.0,108249.0,0.0,6202159.0
2024-06-05,7255687.0,6818225.0,371.841,710309.0,2799.719,5.4,5.33,5.5,5.25,5.33,5.3,5.5,5.48,5.5,2351.09,6188.0,0.0,33.0,2913.0,107834.0,0.0,6173537.0
2024-06-06,7255687.0,6818225.0,378.125,710309.0,2799.719,5.4,5.33,5.5,5.25,5.33,5.3,5.5,5.48,5.5,2351.09,6188.0,0.0,33.0,2913.0,107834.0,0.0,6167253.0
2024-06-07,7255687.0,6818225.0,395.462,710309.0,2799.719,5.4,5.33,5.5,5.25,5.33,5.3,5.5,5.47,5.5,2351.09,6188.0,0.0,33.0,2913.0,107834.0,0.0,6149916.0
2024-06-08,7255687.0,6818225.0,395.462,710309.0,2799.719,5.4,5.33,5.5,5.25,5.33,5.3,5.5,5.47,5.5,2351.09,6188.0,0.0,33.0,2913.0,107834.0,0.0,6149916.0
2024-06-09,7255687.0,6818225.0,395.462,710309.0,2799.719,5.4,5.33,5.5,5.25,5.33,5.3,5.5,5.47,5.5,2351.09,6188.0,0.0,33.0,2913.0,107834.0,0.0,6149916.0
2024-06-10,7255687.0,6818225.0,416.481,710309.0,2799.719,5.4,5.32,5.5,5.25,5.33,5.3,5.5,5.47,5.5,2351.09,6188.0,0.0,33.0,2913.0,107834.0,0.0,6128897.0
2024-06-11,7255687.0,6818225.0,410.449,710309.0,2799.719,5.4,5.32,5.5,5.25,5.33,5.3,5.5,5.46,5.5,2351.09,6188.0,0.0,33.0,2913.0,107834.0,0.0,6134929.0
2024-06-12,7258974.0,6818650.0,447.574,673573.0,2799.719,5.4,5.31,5.5,5.25,5.33,5.3,5.5,5.47,5.5,2351.09,6461.0,0.0,36.0,2893.0,107690.0,0.0,6137827.0
2024-06-13,7258974.0,6818650.0,429.864,673573.0,2799.719,5.4,5.31,5.5,5.25,5.33,5.3,5.5,5.47,5.5,2351.09,6461.0,0.0,36.0,2893.0,107690.0,0.0,6155537.0
2024-06-14,7258974.0,6818650.0,386.885,673573.0,2799.719,5.4,5.31,5.5,5.25,5.33,5.3,5.5,5.47,5.5,2351.09,6461.0,0.0,36.0,2893.0,107690.0,0.0,6198516.0
2024-06-15,7258974.0,6818650.0,386.885,673573.0,2799.719,5.4,5.31,5.5,5.25,5.33,5.3,5.5,5.47,5.5,2351.09,6461.0,0.0,36.0,2893.0,107690.0,0.0,6198516.0
2024-06-16,7258974.0,6818650.0,386.885,673573.0,2799.719,5.4,5.31,5.5,5.25,5.33,5.3,5.5,5.47,5.5,2351.09,6461.0,0.0,36.0,2893.0,107690.0,0.0,6198516.0
2024-06-17,7258974.0,6818650.0,333.429,673573.0,2799.719,5.4,5.33,5.5,5.25,5.33,5.3,5.5,5.45,5.5,2351.09,6461.0,0.0,36.0,2893.0,107690.0,0.0,6251972.0
2024-06-18,7258974.0,6818650.0,375.542,673573.0,2799.719,5.4,5.33,5.5,5.25,5.33,5.3,5.5,5.4,5.5,2351.09,6461.0,0.0,36.0,2893.0,107690.0,0.0,6209859.0
2024-06-19,7252542.0,6810058.0,375.542,723410.0,2799.719,5.4,5.33,5.5,5.25,5.33,5.3,5.5,5.4,5.5,2351.09,6683.0,0.0,46.0,2855.0,107338.0,0.0,6153590.0
2024-06-20,7252542.0,6810058.0,388.841,723410.0,2799.719,5.4,5.32,5.5,5.25,5.33,5.3,5.5,5.42,5.5,2351.09,6683.0,0.0,46.0,2855.0,107338.0,0.0,6140291.0
2024-06-21,7252542.0,6810058.0,421.04,723410.0,2799.719,5.4,5.31,5.5,5.25,5.33,5.3,5.5,5.42,5.5,2351.09,6683.0,0.0,46.0,2855.0,107338.0,0.0,6108092.0
2024-06-22,7252542.0,6810058.0,421.04,723410.0,2799.719,5.4,5.31,5.5,5.25,5.33,5.3,5.5,5.42,5.5,2351.09,6683.0,0.0,46.0,2855.0,107338.0,0.0,6108092.0
2024-06-23,7252542.0,6810058.0,421.04,723410.0,2799.719,5.4,5.31,5.5,5.25,5.33,5.3,5.5,5.42,5.5,2351.09,6683.0,0.0,46.0,2855.0,107338.0,0.0,6108092.0
2024-06-24,7252542.0,6810058.0,435.916,723410.0,2799.719,5.4,5.31,5.5,5.25,5.33,5.3,5.5,5.42,5.5,2351.09,6683.0,0.0,46.0,2855.0,107338.0,0.0,6093216.0
2024-06-25,7252542.0,6810058.0,466.31,723410.0,2799.719,5.4,5.33,5.5,5.25,5.33,5.3,5.5,5.43,5.5,2351.09,6683.0,0.0,46.0,2855.0,107338.0,0.0,6062822.0
2024-06-26,7231163.0,6791915.0,490.156,765417.0,2799.719,5.4,5.34,5.5,5.25,5.33,5.3,5.5,5.44,5.5,2351.09,7026.0,0.0,52.0,2847.0,106556.0,0.0,5975590.0
2024-06-27,7231163.0,6791915.0,531.692,765417.0,2799.719,5.4,5.34,5.5,5.25,5.33,5.3,5.5,5.48,5.5,2351.09,7026.0,0.0,52.0,2847.0,106556.0,0.0,5934054.0
2024-06-28,7231163.0,6791915.0,664.57,765417.0,2799.719,5.4,5.33,5.5,5.25,5.33,5.3,5.5,5.47,5.5,2351.09,7026.0,0.0,52.0,2847.0,106556.0,0.0,5801176.0
2024-06-29,7231163.0,6791915.0,664.57,765417.0,2799.719,5.4,5.33,5.5,5.25,5.33,5.3,5.5,5.47,5.5,2351.09,7026.0,0.0,52.0,2847.0,106556.0,0.0,5801176.0
2024-06-30,7231163.0,6791915.0,664.57,765417.0,2799.719,5.4,5.33,5.5,5.25,5.33,5.3,5.5,5.47,5.5,2351.09,7026.0,0.0,52.0,2847.0,106556.0,0.0,5801176.0
2024-07-01,7231163.0,6791915.0,451.783,765417.0,2799.719,5.4,5.4,5.5,5.25,5.33,5.3,5.5,5.48,5.5,2351.365,7026.0,0.0,52.0,2847.0,106556.0,0.0,6013963.0
2024-07-02,7231163.0,6791915.0,443.369,765417.0,2799.719,5.4,5.35,5.5,5.25,5.33,5.3,5.5,5.48,5.5,2351.365,7026.0,0.0,52.0,2847.0,106556.0,0.0,6022377.0
2024-07-03,7221520.0,6776238.0,425.898,761373.0,2799.719,5.4,5.33,5.5,5.25,5.33,5.3,5.5,5.49,5.5,2351.365,6404.0,0.0,65.0,2801.0,106284.0,0.0,6034249.0
2024-07-04,7221520.0,6776238.0,425.898,761373.0,2799.719,5.4,5.33,5.5,5.25,5.33,5.3,5.5,5.49,5.5,2351.365,6404.0,0.0,65.0,2801.0,106284.0,0.0,6034249.0
2024-07-05,7221520.0,6776238.0,390.632,761373.0,2799.719,5.4,5.32,5.5,5.25,5.33,5.3,5.5,5.48,5.5,2351.365,6404.0,0.0,65.0,2801.0,106284.0,0.0,6069515.0
2024-07-06,7221520.0,6776238.0,390.632,761373.0,2799.719,5.4,5.32,5.5,5.25,5.33,5.3,5.5,5.48,5.5,2351.365,6404.0,0.0,65.0,2801.0,106284.0,0.0,6069515.0
2024-07-07,7221520.0,6776238.0,390.632,761373.0,2799.719,5.4,5.32,5.5,5.25,5.33,5.3,5.5,5.48,5.5,2351.365,6404.0,0.0,65.0,2801.0,106284.0,0.0,6069515.0
2024-07-08,7221520.0,6776238.0,415.257,761373.0,2799.719,5.4,5.32,5.5,5.25,5.33,5.3,5.5,5.48,5.5,2351.365,6404.0,0.0,65.0,2801.0,106284.0,0.0,6044890.0
2024-07-09,7221520.0,6776238.0,423.152,761373.0,2799.719,5.4,5.34,5.5,5.25,5.33,5.3,5.5,5.45,5.5,2351.365,6404.0,0.0,65.0,2801.0,106284.0,0.0,6036995.0
2024-07-10,7224079.0,6776438.0,422.147,736402.0,2799.719,5.4,5.34,5.5,5.25,5.33,5.3,5.5,5.46,5.5,2351.365,6803.0,0.0,69.0,2788.0,105998.0,0.0,6065530.0
2024-07-11,7224079.0,6776438.0,403.708,736402.0,2799.719,5.4,5.34,5.5,5.25,5.33,5.3,5.5,5.48,5.5,2351.365,6803.0,0.0,69.0,2788.0,105998.0,0.0,6083969.0
2024-07-12,7224079.0,6776438.0,406.59,736402.0,2799.719,5.4,5.34,5.5,5.25,5.33,5.3,5.5,5.47,5.5,2351.365,6803.0,0.0,69.0,2788.0,105998.0,0.0,6081087.0
2024-07-13,7224079.0,6776438.0,406.59,736402.0,2799.719,5.4,5.34,5.5,5.25,5.33,5.3,5.5,5.47,5.5,2351.365,6803.0,0.0,69.0,2788.0,105998.0,0.0,6081087.0
2024-07-14,7224079.0,6776438.0,406.59,736402.0,2799.719,5.4,5.34,5.5,5.25,5.33,5.3,5.5,5.47,5.5,2351.365,6803.0,0.0,69.0,2788.0,105998.0,0.0,6081087.0
2024-07-15,7224079.0,6776438.0,413.28,736402.0,2799.719,5.4,5.34,5.5,5.25,5.33,5.3,5.5,5.48,5.5,2351.365,6803.0,0.0,69.0,2788.0,105998.0,0.0,6074397.0
2024-07-16,7224079.0,6776438.0,409.594,736402.0,2799.719,5.4,5.35,5.5,5.25,5.33,5.3,5.5,5.48,5.5,2351.365,6803.0,0.0,69.0,2788.0,105998.0,0.0,6078083.0
2024-07-17,7208247.0,6761831.0,399.401,751593.0,2799.719,5.4,5.35,5.5,5.25,5.33,5.3,5.5,5.47,5.5,2351.365,6634.0,0.0,70.0,2735.0,103248.0,0.0,6057253.0
2024-07-18,7208247.0,6761831.0,391.652,751593.0,2799.719,5.4,5.34,5.5,5.25,5.33,5.3,5.5,5.48,5.5,2351.365,6634.0,0.0,70.0,2735.0,103248.0,0.0,6065002.0
2024-07-19,7208247.0,6761831.0,379.801,751593.0,2799.719,5.4,5.34,5.5,5.25,5.33,5.3,5.5,5.48,5.5,2351.365,6634.0,0.0,70.0,2735.0,103248.0,0.0,6076853.0
2024-07-20,7208247.0,6761831.0,379.801,751593.0,2799.719,5.4,5.34,5.5,5.25,5.33,5.3,5.5,5.48,5.5,2351.365,6634.0,0.0,70.0,2735.0,103248.0,0.0,6076853.0
2024-07-21,7208247.0,6761831.0,379.801,751593.0,2799.719,5.4,5.34,5.5,5.25,5.33,5.3,5.5,5.48,5.5,2351.365,6634.0,0.0,70.0,2735.0,103248.0,0.0,6076853.0
2024-07-22,7208247.0,6761831.0,395.901,751593.0,2799.719,5.4,5.33,5.5,5.25,5.33,5.3,5.5,5.49,5.5,2351.365,6634.0,0.0,70.0,2735.0,103248.0,0.0,6060753.0
2024-07-23,7208247.0,6761831.0,389.837,751593.0,2799.719,5.4,5.34,5.5,5.25,5.33,5.3,5.5,5.49,5.5,2351.365,6634.0,0.0,70.0,2735.0,103248.0,0.0,6066817.0
2024-07-24,7205455.0,6758287.0,399.121,774315.0,2799.719,5.4,5.34,5.5,5.25,5.33,5.3,5.5,5.5,5.5,2351.365,6751.0,0.0,68.0,2715.0,102410.0,0.0,6032019.0
2024-07-25,7205455.0,6758287.0,377.433,774315.0,2799.719,5.4,5.35,5.5,5.25,5.33,5.3,5.5,5.49,5.5,2351.365,6751.0,0.0,68.0,2715.0,102410.0,0.0,6053707.0
2024-07-26,7205455.0,6758287.0,381.257,774315.0,2799.719,5.4,5.35,5.5,5.25,5.33,5.3,5.5,5.49,5.5,2351.365,6751.0,0.0,68.0,2715.0,102410.0,0.0,6049883.0
2024-07-27,7205455.0,6758287.0,381.257,774315.0,2799.719,5.4,5.35,5.5,5.25,5.33,5.3,5.5,5.49,5.5,2351.365,6751.0,0.0,68.0,2715.0,102410.0,0.0,6049883.0
2024-07-28,7205455.0,6758287.0,381.257,774315.0,2799.719,5.4,5.35,5.5,5.25,5.33,5.3,5.5,5.49,5.5,2351.365,6751.0,0.0,68.0,2715.0,102410.0,0.0,6049883.0
2024-07-29,7205455.0,6758287.0,385.281,774315.0,2799.719,5.4,5.33,5.5,5.25,5.33,5.3,5.5,5.5,5.5,2351.365,6751.0,0.0,68.0,2715.0,102410.0,0.0,6045859.0
2024-07-30,7205455.0,6758287.0,367.054,774315.0,2799.719,5.4,5.33,5.5,5.25,5.33,5.3,5.5,5.5,5.5,2351.365,6751.0,0.0,68.0,2715.0,102410.0,0.0,6064086.0
2024-07-31,7178391.0,6734152.0,413.2,786486.0,2799.719,5.4,5.38,5.5,5.25,5.33,5.3,5.5,5.49,5.5,2351.365,6925.0,0.0,66.0,2698.0,102066.0,0.0,5978705.0
2024-08-01,7178391.0,6734152.0,348.885,786486.0,2799.719,5.4,5.35,5.5,5.25,5.33,5.3,5.5,5.55,5.5,2347.807,6925.0,0.0,66.0,2698.0,102066.0,0.0,6043020.0
2024-08-02,7178391.0,6734152.0,338.473,786486.0,2799.719,5.4,5.35,5.5,5.25,5.33,5.3,5.5,5.54,5.5,2347.807,6925.0,0.0,66.0,2698.0,102066.0,0.0,6053432.0
2024-08-03,7178391.0,6734152.0,338.473,786486.0,2799.719,5.4,5.35,5.5,5.25,5.33,5.3,5.5,5.54,5.5,2347.807,6925.0,0.0,66.0,2698.0,102066.0,0.0,6053432.0
2024-08-04,7178391.0,6734152.0,338.473,786486.0,2799.719,5.4,5.35,5.5,5.25,5.33,5.3,5.5,5.54,5.5,2347.807,6925.0,0.0,66.0,2698.0,102066.0,0.0,6053432.0
2024-08-05,7178391.0,6734152.0,316.246,786486.0,2799.719,5.4,5.32,5.5,5.25,5.33,5.3,5.5,5.52,5.5,2347.807,6925.0,0.0,66.0,2698.0,102066.0,0.0,6075659.0
2024-08-06,7178391.0,6734152.0,291.958,786486.0,2799.719,5.4,5.33,5.5,5.25,5.33,5.3,5.5,5.5,5.5,2347.807,6925.0,0.0,66.0,2698.0,102066.0,0.0,6099947.0
2024-08-07,7175256.0,6734187.0,286.66,770931.0,2799.719,5.4,5.33,5.5,5.25,5.33,5.3,5.5,5.5,5.5,2347.807,2232.0,0.0,68.0,2615.0,100858.0,0.0,6117665.0
2024-08-08,7175256.0,6734187.0,303.159,770931.0,2799.719,5.4,5.34,5.5,5.25,5.33,5.3,5.5,5.55,5.5,2347.807,2232.0,0.0,68.0,2615.0,100858.0,0.0,6101166.0
2024-08-09,7175256.0,6734187.0,312.198,770931.0,2799.719,5.4,5.34,5.5,5.25,5.33,5.3,5.5,5.54,5.5,2347.807,2232.0,0.0,68.0,2615.0,100858.0,0.0,6092127.0
2024-08-10,7175256.0,6734187.0,312.198,770931.0,2799.719,5.4,5.34,5.5,5.25,5.33,5.3,5.5,5.54,5.5,2347.807,2232.0,0.0,68.0,2615.0,100858.0,0.0,6092127.0
2024-08-11,7175256.0,6734187.0,312.198,770931.0,2799.719,5.4,5.34,5.5,5.25,5.33,5.3,5.5,5.54,5.5,2347.807,2232.0,0.0,68.0,2615.0,100858.0,0.0,6092127.0
2024-08-12,7175256.0,6734187.0,328.641,770931.0,2799.719,5.4,5.34,5.5,5.25,5.33,5.3,5.5,5.53,5.5,2347.807,2232.0,0.0,68.0,2615.0,100858.0,0.0,6075684.0
2024-08-13,7175256.0,6734187.0,324.494,770931.0,2799.719,5.4,5.34,5.5,5.25,5.33,5.3,5.5,5.48,5.5,2347.807,2232.0,0.0,68.0,2615.0,100858.0,0.0,6079831.0
2024-08-14,7177688.0,6734156.0,328.472,794120.0,2799.719,5.4,5.33,5.5,5.25,5.33,5.3,5.5,5.49,5.5,2347.807,2410.0,0.0,80.0,2589.0,100452.0,0.0,6055096.0
2024-08-15,7177688.0,6734156.0,307.141,794120.0,2799.719,5.4,5.35,5.5,5.25,5.33,5.3,5.5,5.53,5.5,2347.807,2410.0,0.0,80.0,2589.0,100452.0,0.0,6076427.0
2024-08-16,7177688.0,6734156.0,330.317,794120.0,2799.719,5.4,5.32,5.5,5.25,5.33,5.3,5.5,5.53,5.5,2347.807,2410.0,0.0,80.0,2589.0,100452.0,0.0,6053251.0
2024-08-17,7177688.0,6734156.0,330.317,794120.0,2799.719,5.4,5.32,5.5,5.25,5.33,5.3,5.5,5.53,5.5,2347.807,2410.0,0.0,80.0,2589.0,100452.0,0.0,6053251.0
2024-08-18,7177688.0,6734156.0,330.317,794120.0,2799.719,5.4,5.32,5.5,5.25,5.33,5.3,5.5,5.53,5.5,2347.807,2410.0,0.0,80.0,2589.0,100452.0,0.0,6053251.0
2024-08-19,7177688.0,6734156.0,333.583,794120.0,2799.719,5.4,5.32,5.5,5.25,5.33,5.3,5.5,5.51,5.5,2347.807,2410.0,0.0,80.0,2589.0,100452.0,0.0,6049985.0
2024-08-20,7177688.0,6734156.0,310.819,794120.0,2799.719,5.4,5.32,5.5,5.25,5.33,5.3,5.5,5.48,5.5,2347.807,2410.0,0.0,80.0,2589.0,100452.0,0.0,6072749.0
2024-08-21,7139952.0,6715162.0,321.329,736494.0,2799.719,5.4,5.31,5.5,5.25,5.33,5.3,5.5,5.45,5.5,2347.807,2061.0,0.0,97.0,2566.0,99488.0,0.0,6082129.0
2024-08-22,7139952.0,6715162.0,316.777,736494.0,2799.719,5.4,5.31,5.5,5.25,5.33,5.3,5.5,5.51,5.5,2347.807,2061.0,0.0,97.0,2566.0,99488.0,0.0,6086681.0
2024-08-23,7139952.0,6715162.0,312.896,736494.0,2799.719,5.4,5.33,5.5,5.25,5.33,5.3,5.5,5.51,5.5,2347.807,2061.0,0.0,97.0,2566.0,99488.0,0.0,6090562.0
2024-08-24,7139952.0,6715162.0,312.896,736494.0,2799.719,5.4,5.33,5.5,5.25,5.33,5.3,5.5,5.51,5.5,2347.807,2061.0,0.0,97.0,2566.0,99488.0,0.0,6090562.0
2024-08-25,7139952.0,6715162.0,312.896,736494.0,2799.719,5.4,5.33,5.5,5.25,5.33,5.3,5.5,5.51,5.5,2347.807,2061.0,0.0,97.0,2566.0,99488.0,0.0,6090562.0
2024-08-26,7139952.0,6715162.0,353.557,736494.0,2799.719,5.4,5.34,5.5,5.25,5.33,5.3,5.5,5.49,5.5,2347.807,2061.0,0.0,97.0,2566.0,99488.0,0.0,6049901.0
2024-08-27,7139952.0,6715162.0,344.045,736494.0,2799.719,5.4,5.35,5.5,5.25,5.33,5.3,5.5,5.49,5.5,2347.807,2061.0,0.0,97.0,2566.0,99488.0,0.0,6059413.0
2024-08-28,7123238.0,6700866.0,388.89,745851.0,2799.719,5.4,5.35,5.5,5.25,5.33,5.3,5.5,5.47,5.5,2347.807,1679.0,0.0,95.0,2524.0,98872.0,0.0,5988497.0
2024-08-29,7123238.0,6700866.0,383.434,745851.0,2799.719,5.4,5.33,5.5,5.25,5.33,5.3,5.5,5.4,5.5,2347.807,1679.0,0.0,95.0,2524.0,98872.0,0.0,5993953.0
2024-08-30,7123238.0,6700866.0,433.13,745851.0,2799.719,5.4,5.32,5.5,5.25,5.33,5.3,5.5,5.41,5.5,2347.807,1679.0,0.0,95.0,2524.0,98872.0,0.0,5944257.0
2024-08-31,7123238.0,6700866.0,433.13,745851.0,2799.719,5.4,5.32,5.5,5.25,5.33,5.3,5.5,5.41,5.5,2347.807,1679.0,0.0,95.0,2524.0,98872.0,0.0,5944257.0
2024-09-01,7123238.0,6700866.0,433.13,745851.0,2799.719,5.4,5.32,5.5,5.25,5.33,5.3,5.5,5.41,5.5,2351.756,1679.0,0.0,95.0,2524.0,98872.0,0.0,5944257.0
2024-09-02,7123238.0,6700866.0,433.13,745851.0,2799.719,5.4,5.32,5.5,5.25,5.33,5.3,5.5,5.41,5.5,2351.756,1679.0,0.0,95.0,2524.0,98872.0,0.0,5944257.0
2024-09-03,7123238.0,6700866.0,349.808,745851.0,2799.719,5.4,5.34,5.5,5.25,5.33,5.3,5.5,5.38,5.5,2351.756,1679.0,0.0,95.0,2524.0,98872.0,0.0,6027579.0
2024-09-04,7112567.0,6690962.0,337.312,733959.0,2799.719,5.4,5.35,5.5,5.25,5.33,5.3,5.5,5.33,5.5,2351.756,1517.0,0.0,98.0,2497.0,98335.0,0.0,6041296.0
2024-09-05,7112567.0,6690962.0,291.091,733959.0,2799.719,5.4,5.35,5.5,5.25,5.33,5.3,5.5,5.3,5.5,2351.756,1517.0,0.0,98.0,2497.0,98335.0,0.0,6087517.0
2024-09-06,7112567.0,6690962.0,299.271,733959.0,2799.719,5.4,5.34,5.5,5.25,5.33,5.3,5.5,5.28,5.5,2351.756,1517.0,0.0,98.0,2497.0,98335.0,0.0,6079337.0
2024-09-07,7112567.0,6690962.0,299.271,733959.0,2799.719,5.4,5.34,5.5,5.25,5.33,5.3,5.5,5.28,5.5,2351.756,1517.0,0.0,98.0,2497.0,98335.0,0.0,6079337.0
2024-09-08,7112567.0,6690962.0,299.271,733959.0,2799.719,5.4,5.34,5.5,5.25,5.33,5.3,5.5,5.28,5.5,2351.756,1517.0,0.0,98.0,2497.0,98335.0,0.0,6079337.0
2024-09-09,7112567.0,6690962.0,292.158,733959.0,2799.719,5.4,5.34,5.5,5.25,5.33,5.3,5.5,5.25,5.5,2351.756,1517.0,0.0,98.0,2497.0,98335.0,0.0,6086450.0
2024-09-10,7112567.0,6690962.0,281.392,733959.0,2799.719,5.4,5.33,5.5,5.25,5.33,5.3,5.5,5.18,5.5,2351.756,1517.0,0.0,98.0,2497.0,98335.0,0.0,6097216.0
2024-09-11,7115001.0,6691162.0,279.215,755958.0,2799.719,5.4,5.32,5.5,5.25,5.33,5.3,5.5,5.21,5.5,2351.756,1568.0,0.0,104.0,2459.0,97667.0,0.0,6079828.0
2024-09-12,7115001.0,6691162.0,294.464,755958.0,2799.719,5.4,5.33,5.5,5.25,5.33,5.3,5.5,5.18,5.5,2351.756,1568.0,0.0,104.0,2459.0,97667.0,0.0,6064579.0
2024-09-13,7115001.0,6691162.0,284.951,755958.0,2799.719,5.4,5.33,5.5,5.25,5.33,5.3,5.5,5.15,5.5,2351.756,1568.0,0.0,104.0,2459.0,97667.0,0.0,6074092.0
2024-09-14,7115001.0,6691162.0,284.951,755958.0,2799.719,5.4,5.33,5.5,5.25,5.33,5.3,5.5,5.15,5.5,2351.756,1568.0,0.0,104.0,2459.0,97667.0,0.0,6074092.0
2024-09-15,7115001.0,6691162.0,284.951,755958.0,2799.719,5.4,5.33,5.5,5.25,5.33,5.3,5.5,5.15,5.5,2351.756,1568.0,0.0,104.0,2459.0,97667.0,0.0,6074092.0
2024-09-16,7115001.0,6691162.0,239.386,755958.0,2799.719,5.4,5.38,5.5,5.25,5.33,5.3,5.5,5.11,5.5,2351.756,1568.0,0.0,104.0,2459.0,97667.0,0.0,6119657.0
2024-09-17,7115001.0,6691162.0,256.337,755958.0,2799.719,5.4,5.38,5.5,5.25,5.33,5.3,5.5,5.05,5.5,2351.756,1568.0,0.0,104.0,2459.0,97667.0,0.0,6102706.0
2024-09-18,7109137.0,6686082.0,305.831,771194.0,2799.719,5.4,5.33,5.5,5.25,5.33,5.3,5.5,4.91,5.5,2351.756,1376.0,0.0,109.0,2415.0,94785.0,0.0,6032112.0
2024-09-19,7109137.0,6686082.0,311.777,771194.0,2799.719,4.9,4.82,5.0,4.75,4.83,4.8,5.0,4.89,5.0,2351.756,1376.0,0.0,109.0,2415.0,94785.0,0.0,6026166.0
2024-09-20,7109137.0,6686082.0,339.316,771194.0,2799.719,4.9,4.83,5.0,4.75,4.83,4.8,5.0,4.87,5.0,2351.756,1376.0,0.0,109.0,2415.0,94785.0,0.0,5998627.0
2024-09-21,7109137.0,6686082.0,339.316,771194.0,2799.719,4.9,4.83,5.0,4.75,4.83,4.8,5.0,4.87,5.0,2351.756,1376.0,0.0,109.0,2415.0,94785.0,0.0,5998627.0
2024-09-22,7109137.0,6686082.0,339.316,771194.0,2799.719,4.9,4.83,5.0,4.75,4.83,4.8,5.0,4.87,5.0,2351.756,1376.0,0.0,109.0,2415.0,94785.0,0.0,5998627.0
2024-09-23,7109137.0,6686082.0,380.372,771194.0,2799.719,4.9,4.83,5.0,4.75,4.83,4.8,5.0,4.85,5.0,2351.756,1376.0,0.0,109.0,2415.0,94785.0,0.0,5957571.0
2024-09-24,7109137.0,6686082.0,388.977,771194.0,2799.719,4.9,4.84,5.0,4.75,4.83,4.8,5.0,4.78,5.0,2351.756,1376.0,0.0,109.0,2415.0,94785.0,0.0,5948966.0
2024-09-25,7080059.0,6668555.0,416.193,806771.0,2799.719,4.9,4.84,5.0,4.75,4.83,4.8,5.0,4.79,5.0,2351.756,1365.0,0.0,89.0,2333.0,85941.0,0.0,5857095.0
2024-09-26,7080059.0,6668555.0,424.916,806771.0,2799.719,4.9,4.83,5.0,4.75,4.83,4.8,5.0,4.9,5.0,2351.756,1365.0,0.0,89.0,2333.0,85941.0,0.0,5848372.0
2024-09-27,7080059.0,6668555.0,436.518,806771.0,2799.719,4.9,4.84,5.0,4.75,4.83,4.8,5.0,4.9,5.0,2351.756,1365.0,0.0,89.0,2333.0,85941.0,0.0,5836770.0
2024-09-28,7080059.0,6668555.0,436.518,806771.0,2799.719,4.9,4.84,5.0,4.75,4.83,4.8,5.0,4.9,5.0,2351.756,1365.0,0.0,89.0,2333.0,85941.0,0.0,5836770.0
2024-09-29,7080059.0,6668555.0,436.518,806771.0,2799.719,4.9,4.84,5.0,4.75,4.83,4.8,5.0,4.9,5.0,2351.756,1365.0,0.0,89.0,2333.0,85941.0,0.0,5836770.0
2024-09-30,7080059.0,6668555.0,465.638,806771.0,2799.719,4.9,4.96,5.0,4.75,4.83,4.8,5.0,4.93,5.0,2351.756,1365.0,0.0,89.0,2333.0,85941.0,0.0,5807650.0
2024-10-01,7080059.0,6668555.0,375.221,806771.0,2799.719,4.9,5.05,5.0,4.75,4.83,4.8,5.0,4.96,5.0,2354.342,1365.0,0.0,89.0,2333.0,85941.0,0.0,5898067.0
2024-10-02,7046925.0,6648807.0,383.398,798277.0,2799.719,4.9,4.92,5.0,4.75,4.83,4.8,5.0,4.92,5.0,2354.342,1660.0,0.0,50.0,2297.0,71468.0,0.0,5865250.0
2024-10-03,7046925.0,6648807.0,341.248,798277.0,2799.719,4.9,4.85,5.0,4.75,4.83,4.8,5.0,4.99,5.0,2354.342,1660.0,0.0,50.0,2297.0,71468.0,0.0,5907400.0
2024-10-04,7046925.0,6648807.0,330.012,798277.0,2799.719,4.9,4.83,5.0,4.75,4.83,4.8,5.0,5.01,5.0,2354.342,1660.0,0.0,50.0,2297.0,71468.0,0.0,5918636.0
2024-10-05,7046925.0,6648807.0,330.012,798277.0,2799.719,4.9,4.83,5.0,4.75,4.83,4.8,5.0,5.01,5.0,2354.342,1660.0,0.0,50.0,2297.0,71468.0,0.0,5918636.0
2024-10-06,7046925.0,6648807.0,330.012,798277.0,2799.719,4.9,4.83,5.0,4.75,4.83,4.8,5.0,5.01,5.0,2354.342,1660.0,0.0,50.0,2297.0,71468.0,0.0,5918636.0
2024-10-07,7046925.0,6648807.0,322.948,798277.0,2799.719,4.9,4.83,5.0,4.75,4.83,4.8,5.0,5.0,5.0,2354.342,1660.0,0.0,50.0,2297.0,71468.0,0.0,5925700.0
2024-10-08,7046925.0,6648807.0,325.355,798277.0,2799.719,4.9,4.84,5.0,4.75,4.83,4.8,5.0,4.96,5.0,2354.342,1660.0,0.0,50.0,2297.0,71468.0,0.0,5923293.0
2024-10-09,7046840.0,6648891.0,343.448,802115.0,2799.719,4.9,4.83,5.0,4.75,4.83,4.8,5.0,4.93,5.0,2354.342,1745.0,0.0,62.0,2241.0,68883.0,0.0,5901277.0
2024-10-10,7046840.0,6648891.0,322.587,802115.0,2799.719,4.9,4.82,5.0,4.75,4.83,4.8,5.0,4.98,5.0,2354.342,1745.0,0.0,62.0,2241.0,68883.0,0.0,5922138.0
2024-10-11,7046840.0,6648891.0,331.735,802115.0,2799.719,4.9,4.81,5.0,4.75,4.83,4.8,5.0,4.97,5.0,2354.342,1745.0,0.0,62.0,2241.0,68883.0,0.0,5912990.0
2024-10-12,7046840.0,6648891.0,331.735,802115.0,2799.719,4.9,4.81,5.0,4.75,4.83,4.8,5.0,4.97,5.0,2354.342,1745.0,0.0,62.0,2241.0,68883.0,0.0,5912990.0
2024-10-13,7046840.0,6648891.0,331.735,802115.0,2799.719,4.9,4.81,5.0,4.75,4.83,4.8,5.0,4.97,5.0,2354.342,1745.0,0.0,62.0,2241.0,68883.0,0.0,5912990.0
2024-10-14,7046840.0,6648891.0,331.735,802115.0,2799.719,4.9,4.81,5.0,4.75,4.83,4.8,5.0,4.97,5.0,2354.342,1745.0,0.0,62.0,2241.0,68883.0,0.0,5912990.0
2024-10-15,7046840.0,6648891.0,286.398,802115.0,2799.719,4.9,4.86,5.0,4.75,4.83,4.8,5.0,4.93,5.0,2354.342,1745.0,0.0,62.0,2241.0,68883.0,0.0,5958327.0
2024-10-16,7039284.0,6642007.0,272.028,791792.0,2799.719,4.9,4.86,5.0,4.75,4.83,4.8,5.0,4.91,5.0,2354.342,1879.0,0.0,63.0,2201.0,66833.0,0.0,5975464.0
2024-10-17,7039284.0,6642007.0,262.21,791792.0,2799.719,4.9,4.85,5.0,4.75,4.83,4.8,5.0,4.93,5.0,2354.342,1879.0,0.0,63.0,2201.0,66833.0,0.0,5985282.0
2024-10-18,7039284.0,6642007.0,259.892,791792.0,2799.719,4.9,4.84,5.0,4.75,4.83,4.8,5.0,4.92,5.0,2354.342,1879.0,0.0,63.0,2201.0,66833.0,0.0,5987600.0
2024-10-19,7039284.0,6642007.0,259.892,791792.0,2799.719,4.9,4.84,5.0,4.75,4.83,4.8,5.0,4.92,5.0,2354.342,1879.0,0.0,63.0,2201.0,66833.0,0.0,5987600.0
2024-10-20,7039284.0,6642007.0,259.892,791792.0,2799.719,4.9,4.84,5.0,4.75,4.83,4.8,5.0,4.92,5.0,2354.342,1879.0,0.0,63.0,2201.0,66833.0,0.0,5987600.0
2024-10-21,7039284.0,6642007.0,261.044,791792.0,2799.719,4.9,4.82,5.0,4.75,4.83,4.8,5.0,4.92,5.0,2354.342,1879.0,0.0,63.0,2201.0,66833.0,0.0,5986448.0
2024-10-22,7039284.0,6642007.0,237.76,791792.0,2799.719,4.9,4.83,5.0,4.75,4.83,4.8,5.0,4.89,5.0,2354.342,1879.0,0.0,63.0,2201.0,66833.0,0.0,6009732.0
2024-10-23,7029408.0,6638619.0,270.839,829991.0,2799.719,4.9,4.83,5.0,4.75,4.83,4.8,5.0,4.88,5.0,2354.342,1768.0,0.0,61.0,2124.0,59717.0,0.0,5928578.0
2024-10-24,7029408.0,6638619.0,202.798,829991.0,2799.719,4.9,4.83,5.0,4.75,4.83,4.8,5.0,4.87,5.0,2354.342,1768.0,0.0,61.0,2124.0,59717.0,0.0,5996619.0
2024-10-25,7029408.0,6638619.0,227.0,829991.0,2799.719,4.9,4.83,5.0,4.75,4.83,4.8,5.0,4.89,5.0,2354.342,1768.0,0.0,61.0,2124.0,59717.0,0.0,5972417.0
2024-10-26,7029408.0,6638619.0,227.0,829991.0,2799.719,4.9,4.83,5.0,4.75,4.83,4.8,5.0,4.89,5.0,2354.342,1768.0,0.0,61.0,2124.0,59717.0,0.0,5972417.0
2024-10-27,7029408.0,6638619.0,227.0,829991.0,2799.719,4.9,4.83,5.0,4.75,4.83,4.8,5.0,4.89,5.0,2354.342,1768.0,0.0,61.0,2124.0,59717.0,0.0,5972417.0
2024-10-28,7029408.0,6638619.0,251.032,829991.0,2799.719,4.9,4.82,5.0,4.75,4.83,4.8,5.0,4.88,5.0,2354.342,1768.0,0.0,61.0,2124.0,59717.0,0.0,5948385.0
2024-10-29,7029408.0,6638619.0,244.841,829991.0,2799.719,4.9,4.82,5.0,4.75,4.83,4.8,5.0,4.88,5.0,2354.342,1768.0,0.0,61.0,2124.0,59717.0,0.0,5954576.0
2024-10-30,7013490.0,6626135.0,228.946,835237.0,2799.719,4.9,4.81,5.0,4.75,4.83,4.8,5.0,4.87,5.0,2354.342,1505.0,0.0,60.0,2090.0,57831.0,0.0,5949307.0
2024-10-31,7013490.0,6626135.0,201.278,835237.0,2799.719,4.9,4.9,5.0,4.75,4.83,4.8,5.0,4.76,5.0,2354.342,1505.0,0.0,60.0,2090.0,57831.0,0.0,5976975.0
2024-11-01,7013490.0,6626135.0,155.476,835237.0,2799.719,4.9,4.86,5.0,4.75,4.83,4.8,5.0,4.75,5.0,2358.798,1505.0,0.0,60.0,2090.0,57831.0,0.0,6022777.0
2024-11-02,7013490.0,6626135.0,155.476,835237.0,2799.719,4.9,4.86,5.0,4.75,4.83,4.8,5.0,4.75,5.0,2358.798,1505.0,0.0,60.0,2090.0,57831.0,0.0,6022777.0
2024-11-03,7013490.0,6626135.0,155.476,835237.0,2799.719,4.9,4.86,5.0,4.75,4.83,4.8,5.0,4.75,5.0,2358.798,1505.0,0.0,60.0,2090.0,57831.0,0.0,6022777.0
2024-11-04,7013490.0,6626135.0,171.885,835237.0,2799.719,4.9,4.82,5.0,4.75,4.83,4.8,5.0,4.75,5.0,2358.798,1505.0,0.0,60.0,2090.0,57831.0,0.0,6006368.0
2024-11-05,7013490.0,6626135.0,144.243,835237.0,2799.719,4.9,4.82,5.0,4.75,4.83,4.8,5.0,4.72,5.0,2358.798,1505.0,0.0,60.0,2090.0,57831.0,0.0,6034010.0
2024-11-06,6994299.0,6608273.0,177.871,842051.0,2799.719,4.9,4.81,5.0,4.75,4.83,4.8,5.0,4.68,5.0,2358.798,1600.0,0.0,53.0,2049.0,56055.0,0.0,5974377.0
2024-11-07,6994299.0,6608273.0,159.002,842051.0,2799.719,4.9,4.82,5.0,4.75,4.83,4.8,5.0,4.69,5.0,2358.798,1600.0,0.0,53.0,2049.0,56055.0,0.0,5993246.0
2024-11-08,6994299.0,6608273.0,163.621,842051.0,2799.719,4.65,4.6,4.75,4.5,4.58,4.55,4.75,4.7,4.75,2358.798,1600.0,0.0,53.0,2049.0,56055.0,0.0,5988627.0
2024-11-09,6994299.0,6608273.0,163.621,842051.0,2799.719,4.65,4.6,4.75,4.5,4.58,4.55,4.75,4.7,4.75,2358.798,1600.0,0.0,53.0,2049.0,56055.0,0.0,5988627.0
2024-11-10,6994299.0,6608273.0,163.621,842051.0,2799.719,4.65,4.6,4.75,4.5,4.58,4.55,4.75,4.7,4.75,2358.798,1600.0,0.0,53.0,2049.0,56055.0,0.0,5988627.0
2024-11-11,6994299.0,6608273.0,163.621,842051.0,2799.719,4.65,4.6,4.75,4.5,4.58,4.55,4.75,4.7,4.75,2358.798,1600.0,0.0,53.0,2049.0,56055.0,0.0,5988627.0
2024-11-12,6994299.0,6608273.0,178.814,842051.0,2799.719,4.65,4.6,4.75,4.5,4.58,4.55,4.75,4.7,4.75,2358.798,1600.0,0.0,53.0,2049.0,56055.0,0.0,5973434.0
2024-11-13,6967108.0,6608370.0,238.106,832186.0,2799.719,4.65,4.59,4.75,4.5,4.58,4.55,4.75,4.69,4.75,2358.798,2830.0,0.0,55.0,2042.0,26395.0,0.0,5896816.0
2024-11-14,6967108.0,6608370.0,214.509,832186.0,2799.719,4.65,4.58,4.75,4.5,4.58,4.55,4.75,4.7,4.75,2358.798,2830.0,0.0,55.0,2042.0,26395.0,0.0,5920413.0
2024-11-15,6967108.0,6608370.0,172.4,832186.0,2799.719,4.65,4.57,4.75,4.5,4.58,4.55,4.75,4.7,4.75,2358.798,2830.0,0.0,55.0,2042.0,26395.0,0.0,5962522.0
2024-11-16,6967108.0,6608370.0,172.4,832186.0,2799.719,4.65,4.57,4.75,4.5,4.58,4.55,4.75,4.7,4.75,2358.798,2830.0,0.0,55.0,2042.0,26395.0,0.0,5962522.0
2024-11-17,6967108.0,6608370.0,172.4,832186.0,2799.719,4.65,4.57,4.75,4.5,4.58,4.55,4.75,4.7,4.75,2358.798,2830.0,0.0,55.0,2042.0,26395.0,0.0,5962522.0
2024-11-18,6967108.0,6608370.0,200.03,832186.0,2799.719,4.65,4.57,4.75,4.5,4.58,4.55,4.75,4.7,4.75,2358.798,2830.0,0.0,55.0,2042.0,26395.0,0.0,5934892.0
2024-11-19,6967108.0,6608370.0,200.664,832186.0,2799.719,4.65,4.57,4.75,4.5,4.58,4.55,4.75,4.67,4.75,2358.798,2830.0,0.0,55.0,2042.0,26395.0,0.0,5934258.0
2024-11-20,6923731.0,6587564.0,217.793,751873.0,2799.719,4.65,4.56,4.75,4.5,4.58,4.55,4.75,4.68,4.75,2358.798,2747.0,0.0,50.0,2014.0,21423.0,0.0,5954065.0
2024-11-21,6923731.0,6587564.0,188.567,751873.0,2799.719,4.65,4.57,4.75,4.5,4.58,4.55,4.75,4.72,4.75,2358.798,2747.0,0.0,50.0,2014.0,21423.0,0.0,5983291.0
2024-11-22,6923731.0,6587564.0,204.254,751873.0,2799.719,4.65,4.57,4.75,4.5,4.58,4.55,4.75,4.72,4.75,2358.798,2747.0,0.0,50.0,2014.0,21423.0,0.0,5967604.0
2024-11-23,6923731.0,6587564.0,204.254,751873.0,2799.719,4.65,4.57,4.75,4.5,4.58,4.55,4.75,4.72,4.75,2358.798,2747.0,0.0,50.0,2014.0,21423.0,0.0,5967604.0
2024-11-24,6923731.0,6587564.0,204.254,751873.0,2799.719,4.65,4.57,4.75,4.5,4.58,4.55,4.75,4.72,4.75,2358.798,2747.0,0.0,50.0,2014.0,21423.0,0.0,5967604.0
2024-11-25,6923731.0,6587564.0,186.749,751873.0,2799.719,4.65,4.58,4.75,4.5,4.58,4.55,4.75,4.74,4.75,2358.798,2747.0,0.0,50.0,2014.0,21423.0,0.0,5985109.0
2024-11-26,6923731.0,6587564.0,148.823,751873.0,2799.719,4.65,4.58,4.75,4.5,4.58,4.55,4.75,4.74,4.75,2358.798,2747.0,0.0,50.0,2014.0,21423.0,0.0,6023035.0
2024-11-27,6905140.0,6574462.0,169.815,775250.0,2799.719,4.65,4.57,4.75,4.5,4.58,4.55,4.75,4.76,4.75,2358.798,2498.0,0.0,43.0,2009.0,18509.0,0.0,5960075.0
2024-11-28,6905140.0,6574462.0,169.815,775250.0,2799.719,4.65,4.57,4.75,4.5,4.58,4.55,4.75,4.76,4.75,2358.798,2498.0,0.0,43.0,2009.0,18509.0,0.0,5960075.0
2024-11-29,6905140.0,6574462.0,197.627,775250.0,2799.719,4.65,4.59,4.75,4.5,4.58,4.55,4.75,4.76,4.75,2358.798,2498.0,0.0,43.0,2009.0,18509.0,0.0,5932263.0
2024-11-30,6905140.0,6574462.0,197.627,775250.0,2799.719,4.65,4.59,4.75,4.5,4.58,4.55,4.75,4.76,4.75,2358.798,2498.0,0.0,43.0,2009.0,18509.0,0.0,5932263.0
2024-12-01,6905140.0,6574462.0,197.627,775250.0,2799.719,4.65,4.59,4.75,4.5,4.58,4.55,4.75,4.76,4.75,2361.362,2498.0,0.0,43.0,2009.0,18509.0,0.0,5932263.0
2024-12-02,6905140.0,6574462.0,135.858,775250.0,2799.719,4.65,4.64,4.75,4.5,4.58,4.55,4.75,4.75,4.75,2361.362,2498.0,0.0,43.0,2009.0,18509.0,0.0,5994032.0
2024-12-03,6905140.0,6574462.0,161.572,775250.0,2799.719,4.65,4.64,4.75,4.5,4.58,4.55,4.75,4.66,4.75,2361.362,2498.0,0.0,43.0,2009.0,18509.0,0.0,5968318.0
2024-12-04,6895827.0,6566874.0,162.866,789516.0,2799.719,4.65,4.59,4.75,4.5,4.58,4.55,4.75,4.65,4.75,2361.362,2430.0,0.0,33.0,1992.0,17147.0,0.0,5943445.0
2024-12-05,6895827.0,6566874.0,131.964,789516.0,2799.719,4.65,4.59,4.75,4.5,4.58,4.55,4.75,4.59,4.75,2361.362,2430.0,0.0,33.0,1992.0,17147.0,0.0,5974347.0
2024-12-06,6895827.0,6566874.0,130.014,789516.0,2799.719,4.65,4.6,4.75,4.5,4.58,4.55,4.75,4.57,4.75,2361.362,2430.0,0.0,33.0,1992.0,17147.0,0.0,5976297.0
2024-12-07,6895827.0,6566874.0,130.014,789516.0,2799.719,4.65,4.6,4.75,4.5,4.58,4.55,4.75,4.57,4.75,2361.362,2430.0,0.0,33.0,1992.0,17147.0,0.0,5976297.0
2024-12-08,6895827.0,6566874.0,130.014,789516.0,2799.719,4.65,4.6,4.75,4.5,4.58,4.55,4.75,4.57,4.75,2361.362,2430.0,0.0,33.0,1992.0,17147.0,0.0,5976297.0
2024-12-09,6895827.0,6566874.0,153.029,789516.0,2799.719,4.65,4.63,4.75,4.5,4.58,4.55,4.75,4.56,4.75,2361.362,2430.0,0.0,33.0,1992.0,17147.0,0.0,5953282.0
2024-12-10,6895827.0,6566874.0,174.842,789516.0,2799.719,4.65,4.64,4.75,4.5,4.58,4.55,4.75,4.53,4.75,2361.362,2430.0,0.0,33.0,1992.0,17147.0,0.0,5931469.0
2024-12-11,6897485.0,6566993.0,180.12,775067.0,2799.719,4.65,4.62,4.75,4.5,4.58,4.55,4.75,4.49,4.75,2361.362,2607.0,0.0,48.0,1988.0,15603.0,0.0,5942298.0
2024-12-12,6897485.0,6566993.0,165.025,775067.0,2799.719,4.65,4.62,4.75,4.5,4.58,4.55,4.75,4.43,4.75,2361.362,2607.0,0.0,48.0,1988.0,15603.0,0.0,5957393.0
2024-12-13,6897485.0,6566993.0,135.777,775067.0,2799.719,4.65,4.6,4.75,4.5,4.58,4.55,4.75,4.43,4.75,2361.362,2607.0,0.0,48.0,1988.0,15603.0,0.0,5986641.0
2024-12-14,6897485.0,6566993.0,135.777,775067.0,2799.719,4.65,4.6,4.75,4.5,4.58,4.55,4.75,4.43,4.75,2361.362,2607.0,0.0,48.0,1988.0,15603.0,0.0,5986641.0
2024-12-15,6897485.0,6566993.0,135.777,775067.0,2799.719,4.65,4.6,4.75,4.5,4.58,4.55,4.75,4.43,4.75,2361.362,2607.0,0.0,48.0,1988.0,15603.0,0.0,5986641.0
2024-12-16,6897485.0,6566993.0,110.753,775067.0,2799.719,4.65,4.65,4.75,4.5,4.58,4.55,4.75,4.43,4.75,2361.362,2607.0,0.0,48.0,1988.0,15603.0,0.0,6011665.0
2024-12-17,6897485.0,6566993.0,118.093,775067.0,2799.719,4.65,4.62,4.75,4.5,4.58,4.55,4.75,4.46,4.75,2361.362,2607.0,0.0,48.0,1988.0,15603.0,0.0,6004325.0
2024-12-18,6889332.0,6559858.0,131.651,767932.0,2799.719,4.65,4.57,4.75,4.5,4.58,4.55,4.75,4.44,4.75,2361.362,2076.0,0.0,47.0,1983.0,13033.0,0.0,5989749.0
2024-12-19,6889332.0,6559858.0,112.417,767932.0,2799.719,4.4,4.3,4.5,4.25,4.33,4.25,4.5,4.42,4.5,2361.362,2076.0,0.0,47.0,1983.0,13033.0,0.0,6008983.0
2024-12-20,6889332.0,6559858.0,98.356,767932.0,2799.719,4.4,4.3,4.5,4.25,4.33,4.25,4.5,4.43,4.5,2361.362,2076.0,0.0,47.0,1983.0,13033.0,0.0,6023044.0
2024-12-21,6889332.0,6559858.0,98.356,767932.0,2799.719,4.4,4.3,4.5,4.25,4.33,4.25,4.5,4.43,4.5,2361.362,2076.0,0.0,47.0,1983.0,13033.0,0.0,6023044.0
2024-12-22,6889332.0,6559858.0,98.356,767932.0,2799.719,4.4,4.3,4.5,4.25,4.33,4.25,4.5,4.43,4.5,2361.362,2076.0,0.0,47.0,1983.0,13033.0,0.0,6023044.0
2024-12-23,6889332.0,6559858.0,116.004,767932.0,2799.719,4.4,4.31,4.5,4.25,4.33,4.25,4.5,4.44,4.5,2361.362,2076.0,0.0,47.0,1983.0,13033.0,0.0,6005396.0
2024-12-24,6889332.0,6559858.0,180.989,767932.0,2799.719,4.4,4.4,4.5,4.25,4.33,4.25,4.5,4.44,4.5,2361.362,2076.0,0.0,47.0,1983.0,13033.0,0.0,5940411.0
2024-12-25,6885963.0,6556719.0,180.989,764770.0,2799.719,4.4,4.4,4.5,4.25,4.33,4.25,4.5,4.44,4.5,2361.362,2056.0,0.0,54.0,1976.0,5780.0,0.0,5940204.0
2024-12-26,6885963.0,6556719.0,196.818,764770.0,2799.719,4.4,4.53,4.5,4.25,4.33,4.25,4.5,4.45,4.5,2361.362,2056.0,0.0,54.0,1976.0,5780.0,0.0,5924375.0
2024-12-27,6885963.0,6556719.0,268.739,764770.0,2799.719,4.4,4.46,4.5,4.25,4.33,4.25,4.5,4.44,4.5,2361.362,2056.0,0.0,54.0,1976.0,5780.0,0.0,5852454.0
2024-12-28,6885963.0,6556719.0,268.739,764770.0,2799.719,4.4,4.46,4.5,4.25,4.33,4.25,4.5,4.44,4.5,2361.362,2056.0,0.0,54.0,1976.0,5780.0,0.0,5852454.0
2024-12-29,6885963.0,6556719.0,268.739,764770.0,2799.719,4.4,4.46,4.5,4.25,4.33,4.25,4.5,4.44,4.5,2361.362,2056.0,0.0,54.0,1976.0,5780.0,0.0,5852454.0
2024-12-30,6885963.0,6556719.0,260.743,764770.0,2799.719,4.4,4.37,4.5,4.25,4.33,4.25,4.5,4.43,4.5,2361.362,2056.0,0.0,54.0,1976.0,5780.0,0.0,5860450.0
2024-12-31,6885963.0,6556719.0,473.46,764770.0,2799.719,4.4,4.49,4.5,4.25,4.33,4.25,4.5,4.4,4.5,2361.362,2056.0,0.0,54.0,1976.0,5780.0,0.0,5647733.0
2025-01-01,6852491.0,6526716.0,473.46,719873.0,2799.719,4.4,4.49,4.5,4.25,4.33,4.25,4.5,4.4,4.5,2360.746,3227.0,5.0,23.0,1962.0,4412.0,0.0,5659158.0
2025-01-02,6852491.0,6526716.0,239.858,719873.0,2799.719,4.4,4.4,4.5,4.25,4.33,4.25,4.5,4.45,4.5,2360.746,3227.0,5.0,23.0,1962.0,4412.0,0.0,5892760.0
2025-01-03,6852491.0,6526716.0,237.377,719873.0,2799.719,4.4,4.31,4.5,4.25,4.33,4.25,4.5,4.44,4.5,2360.746,3227.0,5.0,23.0,1962.0,4412.0,0.0,5895241.0
2025-01-04,6852491.0,6526716.0,237.377,719873.0,2799.719,4.4,4.31,4.5,4.25,4.33,4.25,4.5,4.44,4.5,2360.746,3227.0,5.0,23.0,1962.0,4412.0,0.0,5895241.0
2025-01-05,6852491.0,6526716.0,237.377,719873.0,2799.719,4.4,4.31,4.5,4.25,4.33,4.25,4.5,4.44,4.5,2360.746,3227.0,5.0,23.0,1962.0,4412.0,0.0,5895241.0
2025-01-06,6852491.0,6526716.0,231.926,719873.0,2799.719,4.4,4.27,4.5,4.25,4.33,4.25,4.5,4.43,4.5,2360.746,3227.0,5.0,23.0,1962.0,4412.0,0.0,5900692.0
2025-01-07,6852491.0,6526716.0,208.296,719873.0,2799.719,4.4,4.27,4.5,4.25,4.33,4.25,4.5,4.42,4.5,2360.746,3227.0,5.0,23.0,1962.0,4412.0,0.0,5924322.0
2025-01-08,6853554.0,6526676.0,185.144,652636.0,2799.719,4.4,4.29,4.5,4.25,4.33,4.25,4.5,4.41,4.5,2360.746,2405.0,0.0,2.0,1955.0,3351.0,0.0,6015774.0
2025-01-09,6853554.0,6526676.0,168.225,652636.0,2799.719,4.4,4.3,4.5,4.25,4.33,4.25,4.5,4.44,4.5,2360.746,2405.0,0.0,2.0,1955.0,3351.0,0.0,6032693.0
2025-01-10,6853554.0,6526676.0,178.8,652636.0,2799.719,4.4,4.3,4.5,4.25,4.33,4.25,4.5,4.42,4.5,2360.746,2405.0,0.0,2.0,1955.0,3351.0,0.0,6022118.0
2025-01-11,6853554.0,6526676.0,178.8,652636.0,2799.719,4.4,4.3,4.5,4.25,4.33,4.25,4.5,4.42,4.5,2360.746,2405.0,0.0,2.0,1955.0,3351.0,0.0,6022118.0
2025-01-12,6853554.0,6526676.0,178.8,652636.0,2799.719,4.4,4.3,4.5,4.25,4.33,4.25,4.5,4.42,4.5,2360.746,2405.0,0.0,2.0,1955.0,3351.0,0.0,6022118.0
2025-01-13,6853554.0,6526676.0,183.669,652636.0,2799.719,4.4,4.29,4.5,4.25,4.33,4.25,4.5,4.42,4.5,2360.746,2405.0,0.0,2.0,1955.0,3351.0,0.0,6017249.0
2025-01-14,6853554.0,6526676.0,160.219,652636.0,2799.719,4.4,4.28,4.5,4.25,4.33,4.25,4.5,4.42,4.5,2360.746,2405.0,0.0,2.0,1955.0,3351.0,0.0,6040699.0
2025-01-15,6834070.0,6510166.0,119.977,641225.0,2799.719,4.4,4.28,4.5,4.25,4.33,4.25,4.5,4.4,4.5,2360.746,2665.0,0.0,1.0,1949.0,1333.0,0.0,6072868.0
2025-01-16,6834070.0,6510166.0,94.489,641225.0,2799.719,4.4,4.29,4.5,4.25,4.33,4.25,4.5,4.43,4.5,2360.746,2665.0,0.0,1.0,1949.0,1333.0,0.0,6098356.0
2025-01-17,6834070.0,6510166.0,118.327,641225.0,2799.719,4.4,4.29,4.5,4.25,4.33,4.25,4.5,4.43,4.5,2360.746,2665.0,0.0,1.0,1949.0,1333.0,0.0,6074518.0
2025-01-18,6834070.0,6510166.0,118.327,641225.0,2799.719,4.4,4.29,4.5,4.25,4.33,4.25,4.5,4.43,4.5,2360.746,2665.0,0.0,1.0,1949.0,1333.0,0.0,6074518.0
2025-01-19,6834070.0,6510166.0,118.327,641225.0,2799.719,4.4,4.29,4.5,4.25,4.33,4.25,4.5,4.43,4.5,2360.746,2665.0,0.0,1.0,1949.0,1333.0,0.0,6074518.0
2025-01-20,6834070.0,6510166.0,118.327,641225.0,2799.719,4.4,4.29,4.5,4.25,4.33,4.25,4.5,4.43,4.5,2360.746,2665.0,0.0,1.0,1949.0,1333.0,0.0,6074518.0
2025-01-21,6834070.0,6510166.0,96.015,641225.0,2799.719,4.4,4.29,4.5,4.25,4.33,4.25,4.5,4.42,4.5,2360.746,2665.0,0.0,1.0,1949.0,1333.0,0.0,6096830.0
2025-01-22,6831760.0,6506748.0,123.981,677282.0,2799.719,4.4,4.3,4.5,4.25,4.33,4.25,4.5,4.42,4.5,2360.746,3092.0,0.0,1.0,1940.0,247.0,0.0,6030497.0
2025-01-23,6831760.0,6506748.0,132.031,677282.0,2799.719,4.4,4.35,4.5,4.25,4.33,4.25,4.5,4.45,4.5,2360.746,3092.0,0.0,1.0,1940.0,247.0,0.0,6022447.0
2025-01-24,6831760.0,6506748.0,104.972,677282.0,2799.719,4.4,4.34,4.5,4.25,4.33,4.25,4.5,4.45,4.5,2360.746,3092.0,0.0,1.0,1940.0,247.0,0.0,6049506.0
2025-01-25,6831760.0,6506748.0,104.972,677282.0,2799.719,4.4,4.34,4.5,4.25,4.33,4.25,4.5,4.45,4.5,2360.746,3092.0,0.0,1.0,1940.0,247.0,0.0,6049506.0
2025-01-26,6831760.0,6506748.0,104.972,677282.0,2799.719,4.4,4.34,4.5,4.25,4.33,4.25,4.5,4.45,4.5,2360.746,3092.0,0.0,1.0,1940.0,247.0,0.0,6049506.0
2025-01-27,6831760.0,6506748.0,92.863,677282.0,2799.719,4.4,4.34,4.5,4.25,4.33,4.25,4.5,4.44,4.5,2360.746,3092.0,0.0,1.0,1940.0,247.0,0.0,6061615.0
2025-01-28,6831760.0,6506748.0,112.76,677282.0,2799.719,4.4,4.35,4.5,4.25,4.33,4.25,4.5,4.44,4.5,2360.746,3092.0,0.0,1.0,1940.0,247.0,0.0,6041718.0
2025-01-29,6818186.0,6494417.0,121.842,784206.0,2799.719,4.4,4.35,4.5,4.25,4.33,4.25,4.5,4.43,4.5,2360.746,3200.0,0.0,1.0,1925.0,213.0,0.0,5912138.0
2025-01-30,6818186.0,6494417.0,125.965,784206.0,2799.719,4.4,4.36,4.5,4.25,4.33,4.25,4.5,4.37,4.5,2360.746,3200.0,0.0,1.0,1925.0,213.0,0.0,5908015.0
2025-01-31,6818186.0,6494417.0,187.913,784206.0,2799.719,4.4,4.38,4.5,4.25,4.33,4.25,4.5,4.37,4.5,2360.746,3200.0,0.0,1.0,1925.0,213.0,0.0,5846067.0
2025-02-01,6818186.0,6494417.0,187.913,784206.0,2799.719,4.4,4.38,4.5,4.25,4.33,4.25,4.5,4.37,4.5,2350.842,3200.0,0.0,1.0,1925.0,213.0,0.0,5846067.0
2025-02-02,6818186.0,6494417.0,187.913,784206.0,2799.719,4.4,4.38,4.5,4.25,4.33,4.25,4.5,4.37,4.5,2350.842,3200.0,0.0,1.0,1925.0,213.0,0.0,5846067.0
2025-02-03,6818186.0,6494417.0,97.781,784206.0,2799.719,4.4,4.35,4.5,4.25,4.33,4.25,4.5,4.37,4.5,2350.842,3200.0,0.0,1.0,1925.0,213.0,0.0,5936199.0
2025-02-04,6818186.0,6494417.0,85.654,784206.0,2799.719,4.4,4.33,4.5,4.25,4.33,4.25,4.5,4.36,4.5,2350.842,3200.0,0.0,1.0,1925.0,213.0,0.0,5948326.0
2025-02-05,6810935.0,6485850.0,78.788,805593.0,2799.719,4.4,4.33,4.5,4.25,4.33,4.25,4.5,4.35,4.5,2350.842,3095.0,0.0,0.0,1920.0,197.0,0.0,5926554.0
2025-02-06,6810935.0,6485850.0,79.983,805593.0,2799.719,4.4,4.36,4.5,4.25,4.33,4.25,4.5,4.37,4.5,2350.842,3095.0,0.0,0.0,1920.0,197.0,0.0,5925359.0
2025-02-07,6810935.0,6485850.0,95.248,805593.0,2799.719,4.4,4.35,4.5,4.25,4.33,4.25,4.5,4.37,4.5,2350.842,3095.0,0.0,0.0,1920.0,197.0,0.0,5910094.0
2025-02-08,6810935.0,6485850.0,95.248,805593.0,2799.719,4.4,4.35,4.5,4.25,4.33,4.25,4.5,4.37,4.5,2350.842,3095.0,0.0,0.0,1920.0,197.0,0.0,5910094.0
2025-02-09,6810935.0,6485850.0,95.248,805593.0,2799.719,4.4,4.35,4.5,4.25,4.33,4.25,4.5,4.37,4.5,2350.842,3095.0,0.0,0.0,1920.0,197.0,0.0,5910094.0
2025-02-10,6810935.0,6485850.0,99.653,805593.0,2799.719,4.4,4.35,4.5,4.25,4.33,4.25,4.5,4.38,4.5,2350.842,3095.0,0.0,0.0,1920.0,197.0,0.0,5905689.0
2025-02-11,6810935.0,6485850.0,76.446,805593.0,2799.719,4.4,4.34,4.5,4.25,4.33,4.25,4.5,4.38,4.5,2350.842,3095.0,0.0,0.0,1920.0,197.0,0.0,5928896.0
2025-02-12,6813513.0,6485888.0,67.67,828102.0,2799.719,4.4,4.32,4.5,4.25,4.33,4.25,4.5,4.38,4.5,2350.842,3033.0,0.0,4.0,1910.0,195.0,0.0,5917741.0
2025-02-13,6813513.0,6485888.0,67.82,828102.0,2799.719,4.4,4.33,4.5,4.25,4.33,4.25,4.5,4.37,4.5,2350.842,3033.0,0.0,4.0,1910.0,195.0,0.0,5917591.0
2025-02-14,6813513.0,6485888.0,58.77,828102.0,2799.719,4.4,4.33,4.5,4.25,4.33,4.25,4.5,4.37,4.5,2350.842,3033.0,0.0,4.0,1910.0,195.0,0.0,5926641.0
2025-02-15,6813513.0,6485888.0,58.77,828102.0,2799.719,4.4,4.33,4.5,4.25,4.33,4.25,4.5,4.37,4.5,2350.842,3033.0,0.0,4.0,1910.0,195.0,0.0,5926641.0
2025-02-16,6813513.0,6485888.0,58.77,828102.0,2799.719,4.4,4.33,4.5,4.25,4.33,4.25,4.5,4.37,4.5,2350.842,3033.0,0.0,4.0,1910.0,195.0,0.0,5926641.0
2025-02-17,6813513.0,6485888.0,58.77,828102.0,2799.719,4.4,4.33,4.5,4.25,4.33,4.25,4.5,4.37,4.5,2350.842,3033.0,0.0,4.0,1910.0,195.0,0.0,5926641.0
2025-02-18,6813513.0,6485888.0,77.817,828102.0,2799.719,4.4,4.37,4.5,4.25,4.33,4.25,4.5,4.38,4.5,2350.842,3033.0,0.0,4.0,1910.0,195.0,0.0,5907594.0
2025-02-19,6782332.0,6471169.0,73.196,790062.0,2799.719,4.4,4.35,4.5,4.25,4.33,4.25,4.5,4.38,4.5,2350.842,3234.0,0.0,3.0,1905.0,188.0,0.0,5919074.0
2025-02-20,6782332.0,6471169.0,63.207,790062.0,2799.719,4.4,4.33,4.5,4.25,4.33,4.25,4.5,4.37,4.5,2350.842,3234.0,0.0,3.0,1905.0,188.0,0.0,5929063.0
2025-02-21,6782332.0,6471169.0,68.983,790062.0,2799.719,4.4,4.34,4.5,4.25,4.33,4.25,4.5,4.36,4.5,2350.842,3234.0,0.0,3.0,1905.0,188.0,0.0,5923287.0
2025-02-22,6782332.0,6471169.0,68.983,790062.0,2799.719,4.4,4.34,4.5,4.25,4.33,4.25,4.5,4.36,4.5,2350.842,3234.0,0.0,3.0,1905.0,188.0,0.0,5923287.0
2025-02-23,6782332.0,6471169.0,68.983,790062.0,2799.719,4.4,4.34,4.5,4.25,4.33,4.25,4.5,4.36,4.5,2350.842,3234.0,0.0,3.0,1905.0,188.0,0.0,5923287.0
2025-02-24,6782332.0,6471169.0,76.818,790062.0,2799.719,4.4,4.34,4.5,4.25,4.33,4.25,4.5,4.36,4.5,2350.842,3234.0,0.0,3.0,1905.0,188.0,0.0,5915452.0
2025-02-25,6782332.0,6471169.0,96.0,790062.0,2799.719,4.4,4.33,4.5,4.25,4.33,4.25,4.5,4.34,4.5,2350.842,3234.0,0.0,3.0,1905.0,188.0,0.0,5896270.0
2025-02-26,6766101.0,6456994.0,126.058,681161.0,2799.719,4.4,4.33,4.5,4.25,4.33,4.25,4.5,4.35,4.5,2350.842,3342.0,0.0,1.0,1892.0,106.0,0.0,5958882.0
2025-02-27,6766101.0,6456994.0,182.148,681161.0,2799.719,4.4,4.36,4.5,4.25,4.33,4.25,4.5,4.38,4.5,2350.842,3342.0,0.0,1.0,1892.0,106.0,0.0,5902792.0
2025-02-28,6766101.0,6456994.0,234.422,681161.0,2799.719,4.4,4.39,4.5,4.25,4.33,4.25,4.5,4.38,4.5,2350.842,3342.0,0.0,1.0,1892.0,106.0,0.0,5850518.0
2025-03-01,6766101.0,6456994.0,234.422,681161.0,2799.719,4.4,4.39,4.5,4.25,4.33,4.25,4.5,4.38,4.5,2364.818,3342.0,0.0,1.0,1892.0,106.0,0.0,5850518.0
2025-03-02,6766101.0,6456994.0,234.422,681161.0,2799.719,4.4,4.39,4.5,4.25,4.33,4.25,4.5,4.38,4.5,2364.818,3342.0,0.0,1.0,1892.0,106.0,0.0,5850518.0
2025-03-03,6766101.0,6456994.0,119.987,681161.0,2799.719,4.4,4.33,4.5,4.25,4.33,4.25,4.5,4.38,4.5,2364.818,3342.0,0.0,1.0,1892.0,106.0,0.0,5964953.0
2025-03-04,6766101.0,6456994.0,135.257,681161.0,2799.719,4.4,4.33,4.5,4.25,4.33,4.25,4.5,4.39,4.5,2364.818,3342.0,0.0,1.0,1892.0,106.0,0.0,5949683.0
2025-03-05,6756764.0,6447226.0,139.493,548331.0,2799.719,4.4,4.34,4.5,4.25,4.33,4.25,4.5,4.38,4.5,2364.818,3092.0,0.0,7.0,1881.0,79.0,0.0,6068940.0
2025-03-06,6756764.0,6447226.0,129.269,548331.0,2799.719,4.4,4.35,4.5,4.25,4.33,4.25,4.5,4.38,4.5,2364.818,3092.0,0.0,7.0,1881.0,79.0,0.0,6079164.0
2025-03-07,6756764.0,6447226.0,136.305,548331.0,2799.719,4.4,4.34,4.5,4.25,4.33,4.25,4.5,4.38,4.5,2364.818,3092.0,0.0,7.0,1881.0,79.0,0.0,6072128.0
2025-03-08,6756764.0,6447226.0,136.305,548331.0,2799.719,4.4,4.34,4.5,4.25,4.33,4.25,4.5,4.38,4.5,2364.818,3092.0,0.0,7.0,1881.0,79.0,0.0,6072128.0
2025-03-09,6756764.0,6447226.0,136.305,548331.0,2799.719,4.4,4.34,4.5,4.25,4.33,4.25,4.5,4.38,4.5,2364.818,3092.0,0.0,7.0,1881.0,79.0,0.0,6072128.0
2025-03-10,6756764.0,6447226.0,129.054,548331.0,2799.719,4.4,4.33,4.5,4.25,4.33,4.25,4.5,4.37,4.5,2364.818,3092.0,0.0,7.0,1881.0,79.0,0.0,6079379.0
2025-03-11,6756764.0,6447226.0,137.31,548331.0,2799.719,4.4,4.32,4.5,4.25,4.33,4.25,4.5,4.37,4.5,2364.818,3092.0,0.0,7.0,1881.0,79.0,0.0,6071123.0
2025-03-12,6759571.0,6447858.0,131.055,512581.0,2799.719,4.4,4.31,4.5,4.25,4.33,4.25,4.5,4.36,4.5,2364.818,2417.0,1.0,10.0,1870.0,0.0,0.0,6115935.0
2025-03-13,6759571.0,6447858.0,113.435,512581.0,2799.719,4.4,4.3,4.5,4.25,4.33,4.25,4.5,4.37,4.5,2364.818,2417.0,1.0,10.0,1870.0,0.0,0.0,6133555.0
2025-03-14,6759571.0,6447858.0,126.234,512581.0,2799.719,4.4,4.3,4.5,4.25,4.33,4.25,4.5,4.37,4.5,2364.818,2417.0,1.0,10.0,1870.0,0.0,0.0,6120756.0
2025-03-15,6759571.0,6447858.0,126.234,512581.0,2799.719,4.4,4.3,4.5,4.25,4.33,4.25,4.5,4.37,4.5,2364.818,2417.0,1.0,10.0,1870.0,0.0,0.0,6120756.0
2025-03-16,6759571.0,6447858.0,126.234,512581.0,2799.719,4.4,4.3,4.5,4.25,4.33,4.25,4.5,4.37,4.5,2364.818,2417.0,1.0,10.0,1870.0,0.0,0.0,6120756.0
2025-03-17,6759571.0,6447858.0,89.496,512581.0,2799.719,4.4,4.32,4.5,4.25,4.33,4.25,4.5,4.37,4.5,2364.818,2417.0,1.0,10.0,1870.0,0.0,0.0,6157494.0
2025-03-18,6759571.0,6447858.0,149.503,512581.0,2799.719,4.4,4.31,4.5,4.25,4.33,4.25,4.5,4.37,4.5,2364.818,2417.0,1.0,10.0,1870.0,0.0,0.0,6097487.0
2025-03-19,6755982.0,6442391.0,193.378,435936.0,2799.719,4.4,4.29,4.5,4.25,4.33,4.25,4.5,4.37,4.5,2364.818,2136.0,0.0,4.0,1858.0,0.0,0.0,6126668.0
2025-03-20,6755982.0,6442391.0,192.64,435936.0,2799.719,4.4,4.29,4.5,4.25,4.33,4.25,4.5,4.36,4.5,2364.818,2136.0,0.0,4.0,1858.0,0.0,0.0,6127406.0
2025-03-21,6755982.0,6442391.0,200.85,435936.0,2799.719,4.4,4.3,4.5,4.25,4.33,4.25,4.5,4.36,4.5,2364.818,2136.0,0.0,4.0,1858.0,0.0,0.0,6119196.0
2025-03-22,6755982.0,6442391.0,200.85,435936.0,2799.719,4.4,4.3,4.5,4.25,4.33,4.25,4.5,4.36,4.5,2364.818,2136.0,0.0,4.0,1858.0,0.0,0.0,6119196.0
2025-03-23,6755982.0,6442391.0,200.85,435936.0,2799.719,4.4,4.3,4.5,4.25,4.33,4.25,4.5,4.36,4.5,2364.818,2136.0,0.0,4.0,1858.0,0.0,0.0,6119196.0
2025-03-24,6755982.0,6442391.0,196.565,435936.0,2799.719,4.4,4.31,4.5,4.25,4.33,4.25,4.5,4.35,4.5,2364.818,2136.0,0.0,4.0,1858.0,0.0,0.0,6123481.0
2025-03-25,6755982.0,6442391.0,214.786,435936.0,2799.719,4.4,4.33,4.5,4.25,4.33,4.25,4.5,4.36,4.5,2364.818,2136.0,0.0,4.0,1858.0,0.0,0.0,6105260.0
2025-03-26,6740253.0,6428765.0,241.371,360177.0,2799.719,4.4,4.35,4.5,4.25,4.33,4.25,4.5,4.36,4.5,2364.818,2234.0,0.0,2.0,1853.0,0.0,0.0,6138705.0
2025-03-27,6740253.0,6428765.0,291.785,360177.0,2799.719,4.4,4.36,4.5,4.25,4.33,4.25,4.5,4.37,4.5,2364.818,2234.0,0.0,2.0,1853.0,0.0,0.0,6088291.0
2025-03-28,6740253.0,6428765.0,286.575,360177.0,2799.719,4.4,4.34,4.5,4.25,4.33,4.25,4.5,4.38,4.5,2364.818,2234.0,0.0,2.0,1853.0,0.0,0.0,6093501.0
2025-03-29,6740253.0,6428765.0,286.575,360177.0,2799.719,4.4,4.34,4.5,4.25,4.33,4.25,4.5,4.38,4.5,2364.818,2234.0,0.0,2.0,1853.0,0.0,0.0,6093501.0
2025-03-30,6740253.0,6428765.0,286.575,360177.0,2799.719,4.4,4.34,4.5,4.25,4.33,4.25,4.5,4.38,4.5,2364.818,2234.0,0.0,2.0,1853.0,0.0,0.0,6093501.0
2025-03-31,6740253.0,6428765.0,399.167,360177.0,2799.719,4.4,4.41,4.5,4.25,4.33,4.25,4.5,4.38,4.5,2364.818,2234.0,0.0,2.0,1853.0,0.0,0.0,5980909.0
2025-04-01,6740253.0,6428765.0,230.063,360177.0,2799.719,4.4,4.39,4.5,4.25,4.33,4.25,4.5,4.38,4.5,2377.127,2234.0,0.0,2.0,1853.0,0.0,0.0,6150013.0
2025-04-02,6723452.0,6410395.0,233.488,313326.0,2799.719,4.4,4.37,4.5,4.25,4.33,4.25,4.5,4.38,4.5,2377.127,2154.0,0.0,5.0,1843.0,0.0,0.0,6176638.0
2025-04-03,6723452.0,6410395.0,196.265,313326.0,2799.719,4.4,4.39,4.5,4.25,4.33,4.25,4.5,4.36,4.5,2377.127,2154.0,0.0,5.0,1843.0,0.0,0.0,6213861.0
2025-04-04,6723452.0,6410395.0,184.499,313326.0,2799.719,4.4,4.35,4.5,4.25,4.33,4.25,4.5,4.36,4.5,2377.127,2154.0,0.0,5.0,1843.0,0.0,0.0,6225627.0
2025-04-05,6723452.0,6410395.0,184.499,313326.0,2799.719,4.4,4.35,4.5,4.25,4.33,4.25,4.5,4.36,4.5,2377.127,2154.0,0.0,5.0,1843.0,0.0,0.0,6225627.0
2025-04-06,6723452.0,6410395.0,184.499,313326.0,2799.719,4.4,4.35,4.5,4.25,4.33,4.25,4.5,4.36,4.5,2377.127,2154.0,0.0,5.0,1843.0,0.0,0.0,6225627.0
2025-04-07,6723452.0,6410395.0,148.146,313326.0,2799.719,4.4,4.33,4.5,4.25,4.33,4.25,4.5,4.36,4.5,2377.127,2154.0,0.0,5.0,1843.0,0.0,0.0,6261980.0
2025-04-08,6723452.0,6410395.0,156.911,313326.0,2799.719,4.4,4.4,4.5,4.25,4.33,4.25,4.5,4.36,4.5,2377.127,2154.0,0.0,5.0,1843.0,0.0,0.0,6253215.0
2025-04-09,6727416.0,6410842.0,168.115,306049.0,2799.719,4.4,4.42,4.5,4.25,4.33,4.25,4.5,4.36,4.5,2377.127,2726.0,0.0,9.0,1831.0,0.0,0.0,6253252.0
2025-04-10,6727416.0,6410842.0,129.95,306049.0,2799.719,4.4,4.37,4.5,4.25,4.33,4.25,4.5,4.36,4.5,2377.127,2726.0,0.0,9.0,1831.0,0.0,0.0,6291417.0
2025-04-11,6727416.0,6410842.0,98.531,306049.0,2799.719,4.4,4.33,4.5,4.25,4.33,4.25,4.5,4.37,4.5,2377.127,2726.0,0.0,9.0,1831.0,0.0,0.0,6322836.0
2025-04-12,6727416.0,6410842.0,98.531,306049.0,2799.719,4.4,4.33,4.5,4.25,4.33,4.25,4.5,4.37,4.5,2377.127,2726.0,0.0,9.0,1831.0,0.0,0.0,6322836.0
2025-04-13,6727416.0,6410842.0,98.531,306049.0,2799.719,4.4,4.33,4.5,4.25,4.33,4.25,4.5,4.37,4.5,2377.127,2726.0,0.0,9.0,1831.0,0.0,0.0,6322836.0
2025-04-14,6727416.0,6410842.0,102.838,306049.0,2799.719,4.4,4.33,4.5,4.25,4.33,4.25,4.5,4.34,4.5,2377.127,2726.0,0.0,9.0,1831.0,0.0,0.0,6318529.0
2025-04-15,6727416.0,6410842.0,88.878,306049.0,2799.719,4.4,4.36,4.5,4.25,4.33,4.25,4.5,4.35,4.5,2377.127,2726.0,0.0,9.0,1831.0,0.0,0.0,6332489.0
2025-04-16,6727113.0,6408479.0,54.772,422983.0,2799.719,4.4,4.31,4.5,4.25,4.33,4.25,4.5,4.35,4.5,2377.127,2713.0,0.0,11.0,1821.0,0.0,0.0,6249358.0
2025-04-17,6727113.0,6408479.0,58.6,422983.0,2799.719,4.4,4.32,4.5,4.25,4.33,4.25,4.5,4.36,4.5,2377.127,2713.0,0.0,11.0,1821.0,0.0,0.0,6245530.0
2025-04-18,6727113.0,6408479.0,58.6,422983.0,2799.719,4.4,4.32,4.5,4.25,4.33,4.25,4.5,4.36,4.5,2377.127,2713.0,0.0,11.0,1821.0,0.0,0.0,6245530.0
2025-04-19,6727113.0,6408479.0,58.6,422983.0,2799.719,4.4,4.32,4.5,4.25,4.33,4.25,4.5,4.36,4.5,2377.127,2713.0,0.0,11.0,1821.0,0.0,0.0,6245530.0
2025-04-20,6727113.0,6408479.0,58.6,422983.0,2799.719,4.4,4.32,4.5,4.25,4.33,4.25,4.5,4.36,4.5,2377.127,2713.0,0.0,11.0,1821.0,0.0,0.0,6245530.0
2025-04-21,6727113.0,6408479.0,114.114,422983.0,2799.719,4.4,4.32,4.5,4.25,4.33,4.25,4.5,4.35,4.5,2377.127,2713.0,0.0,11.0,1821.0,0.0,0.0,6190016.0
2025-04-22,6727113.0,6408479.0,137.951,422983.0,2799.719,4.4,4.3,4.5,4.25,4.33,4.25,4.5,4.33,4.5,2377.127,2713.0,0.0,11.0,1821.0,0.0,0.0,6166179.0
2025-04-23,6726930.0,6405447.0,171.78,606632.0,2799.719,4.4,4.28,4.5,4.25,4.33,4.25,4.5,4.33,4.5,2377.127,3112.0,0.0,12.0,1807.0,0.0,0.0,5948518.0
2025-04-24,6726930.0,6405447.0,130.004,606632.0,2799.719,4.4,4.29,4.5,4.25,4.33,4.25,4.5,4.34,4.5,2377.127,3112.0,0.0,12.0,1807.0,0.0,0.0,5990294.0
2025-04-25,6726930.0,6405447.0,94.021,606632.0,2799.719,4.4,4.33,4.5,4.25,4.33,4.25,4.5,4.34,4.5,2377.127,3112.0,0.0,12.0,1807.0,0.0,0.0,6026277.0
2025-04-26,6726930.0,6405447.0,94.021,606632.0,2799.719,4.4,4.33,4.5,4.25,4.33,4.25,4.5,4.34,4.5,2377.127,3112.0,0.0,12.0,1807.0,0.0,0.0,6026277.0
2025-04-27,6726930.0,6405447.0,94.021,606632.0,2799.719,4.4,4.33,4.5,4.25,4.33,4.25,4.5,4.34,4.5,2377.127,3112.0,0.0,12.0,1807.0,0.0,0.0,6026277.0
2025-04-28,6726930.0,6405447.0,148.649,606632.0,2799.719,4.4,4.36,4.5,4.25,4.33,4.25,4.5,4.35,4.5,2377.127,3112.0,0.0,12.0,1807.0,0.0,0.0,5971649.0
2025-04-29,6726930.0,6405447.0,157.537,606632.0,2799.719,4.4,4.36,4.5,4.25,4.33,4.25,4.5,4.35,4.5,2377.127,3112.0,0.0,12.0,1807.0,0.0,0.0,5962761.0
2025-04-30,6709277.0,6391105.0,250.601,595741.0,2799.719,4.4,4.41,4.5,4.25,4.33,4.25,4.5,4.35,4.5,2377.127,3485.0,0.0,12.0,1806.0,0.0,0.0,5862935.0
2025-05-01,6709277.0,6391105.0,157.353,595741.0,2799.719,4.4,4.39,4.5,4.25,4.33,4.25,4.5,4.38,4.5,2384.612,3485.0,0.0,12.0,1806.0,0.0,0.0,5956183.0
2025-05-02,6709277.0,6391105.0,147.882,595741.0,2799.719,4.4,4.36,4.5,4.25,4.33,4.25,4.5,4.38,4.5,2384.612,3485.0,0.0,12.0,1806.0,0.0,0.0,5965654.0
2025-05-03,6709277.0,6391105.0,147.882,595741.0,2799.719,4.4,4.36,4.5,4.25,4.33,4.25,4.5,4.38,4.5,2384.612,3485.0,0.0,12.0,1806.0,0.0,0.0,5965654.0
2025-05-04,6709277.0,6391105.0,147.882,595741.0,2799.719,4.4,4.36,4.5,4.25,4.33,4.25,4.5,4.38,4.5,2384.612,3485.0,0.0,12.0,1806.0,0.0,0.0,5965654.0
2025-05-05,6709277.0,6391105.0,124.69,595741.0,2799.719,4.4,4.33,4.5,4.25,4.33,4.25,4.5,4.38,4.5,2384.612,3485.0,0.0,12.0,1806.0,0.0,0.0,5988846.0
2025-05-06,6709277.0,6391105.0,129.858,595741.0,2799.719,4.4,4.32,4.5,4.25,4.33,4.25,4.5,4.37,4.5,2384.612,3485.0,0.0,12.0,1806.0,0.0,0.0,5983678.0
2025-05-07,6710889.0,6391395.0,154.859,583727.0,2799.719,4.4,4.3,4.5,4.25,4.33,4.25,4.5,4.37,4.5,2384.612,2462.0,0.0,15.0,1793.0,0.0,0.0,5972303.0
2025-05-08,6710889.0,6391395.0,139.768,583727.0,2799.719,4.4,4.29,4.5,4.25,4.33,4.25,4.5,4.37,4.5,2384.612,2462.0,0.0,15.0,1793.0,0.0,0.0,5987394.0
2025-05-09,6710889.0,6391395.0,142.272,583727.0,2799.719,4.4,4.28,4.5,4.25,4.33,4.25,4.5,4.37,4.5,2384.612,2462.0,0.0,15.0,1793.0,0.0,0.0,5984890.0
2025-05-10,6710889.0,6391395.0,142.272,583727.0,2799.719,4.4,4.28,4.5,4.25,4.33,4.25,4.5,4.37,4.5,2384.612,2462.0,0.0,15.0,1793.0,0.0,0.0,5984890.0
2025-05-11,6710889.0,6391395.0,142.272,583727.0,2799.719,4.4,4.28,4.5,4.25,4.33,4.25,4.5,4.37,4.5,2384.612,2462.0,0.0,15.0,1793.0,0.0,0.0,5984890.0
2025-05-12,6710889.0,6391395.0,147.505,583727.0,2799.719,4.4,4.28,4.5,4.25,4.33,4.25,4.5,4.38,4.5,2384.612,2462.0,0.0,15.0,1793.0,0.0,0.0,5979657.0
2025-05-13,6710889.0,6391395.0,144.214,583727.0,2799.719,4.4,4.3,4.5,4.25,4.33,4.25,4.5,4.39,4.5,2384.612,2462.0,0.0,15.0,1793.0,0.0,0.0,5982948.0
2025-05-14,6713270.0,6391684.0,165.024,575846.0,2799.719,4.4,4.29,4.5,4.25,4.33,4.25,4.5,4.39,4.5,2384.612,2194.0,0.0,19.0,1786.0,0.0,0.0,5972400.0
2025-05-15,6713270.0,6391684.0,109.436,575846.0,2799.719,4.4,4.31,4.5,4.25,4.33,4.25,4.5,4.37,4.5,2384.612,2194.0,0.0,19.0,1786.0,0.0,0.0,6027988.0
2025-05-16,6713270.0,6391684.0,136.799,575846.0,2799.719,4.4,4.3,4.5,4.25,4.33,4.25,4.5,4.37,4.5,2384.612,2194.0,0.0,19.0,1786.0,0.0,0.0,6000625.0
2025-05-17,6713270.0,6391684.0,136.799,575846.0,2799.719,4.4,4.3,4.5,4.25,4.33,4.25,4.5,4.37,4.5,2384.612,2194.0,0.0,19.0,1786.0,0.0,0.0,6000625.0
2025-05-18,6713270.0,6391684.0,136.799,575846.0,2799.719,4.4,4.3,4.5,4.25,4.33,4.25,4.5,4.37,4.5,2384.612,2194.0,0.0,19.0,1786.0,0.0,0.0,6000625.0
2025-05-19,6713270.0,6391684.0,180.417,575846.0,2799.719,4.4,4.29,4.5,4.25,4.33,4.25,4.5,4.37,4.5,2384.612,2194.0,0.0,19.0,1786.0,0.0,0.0,5957007.0
2025-05-20,6713270.0,6391684.0,136.033,575846.0,2799.719,4.4,4.27,4.5,4.25,4.33,4.25,4.5,4.36,4.5,2384.612,2194.0,0.0,19.0,1786.0,0.0,0.0,6001391.0
2025-05-21,6688726.0,6385159.0,162.802,503055.0,2799.719,4.4,4.26,4.5,4.25,4.33,4.25,4.5,4.35,4.5,2384.612,1853.0,0.0,22.0,1778.0,0.0,0.0,6022869.0
2025-05-22,6688726.0,6385159.0,173.018,503055.0,2799.719,4.4,4.26,4.5,4.25,4.33,4.25,4.5,4.37,4.5,2384.612,1853.0,0.0,22.0,1778.0,0.0,0.0,6012653.0
2025-05-23,6688726.0,6385159.0,154.841,503055.0,2799.719,4.4,4.26,4.5,4.25,4.33,4.25,4.5,4.36,4.5,2384.612,1853.0,0.0,22.0,1778.0,0.0,0.0,6030830.0
2025-05-24,6688726.0,6385159.0,154.841,503055.0,2799.719,4.4,4.26,4.5,4.25,4.33,4.25,4.5,4.36,4.5,2384.612,1853.0,0.0,22.0,1778.0,0.0,0.0,6030830.0
2025-05-25,6688726.0,6385159.0,154.841,503055.0,2799.719,4.4,4.26,4.5,4.25,4.33,4.25,4.5,4.36,4.5,2384.612,1853.0,0.0,22.0,1778.0,0.0,0.0,6030830.0
2025-05-26,6688726.0,6385159.0,154.841,503055.0,2799.719,4.4,4.26,4.5,4.25,4.33,4.25,4.5,4.36,4.5,2384.612,1853.0,0.0,22.0,1778.0,0.0,0.0,6030830.0
2025-05-27,6688726.0,6385159.0,138.066,503055.0,2799.719,4.4,4.31,4.5,4.25,4.33,4.25,4.5,4.35,4.5,2384.612,1853.0,0.0,22.0,1778.0,0.0,0.0,6047605.0
2025-05-28,6673244.0,6372239.0,173.641,467204.0,2799.719,4.4,4.33,4.5,4.25,4.33,4.25,4.5,4.35,4.5,2384.612,2014.0,0.0,23.0,1774.0,0.0,0.0,6032399.0
2025-05-29,6673244.0,6372239.0,165.66,467204.0,2799.719,4.4,4.33,4.5,4.25,4.33,4.25,4.5,4.34,4.5,2384.612,2014.0,0.0,23.0,1774.0,0.0,0.0,6040380.0
2025-05-30,6673244.0,6372239.0,315.657,467204.0,2799.719,4.4,4.35,4.5,4.25,4.33,4.25,4.5,4.33,4.5,2384.612,2014.0,0.0,23.0,1774.0,0.0,0.0,5890383.0
2025-05-31,6673244.0,6372239.0,315.657,467204.0,2799.719,4.4,4.35,4.5,4.25,4.33,4.25,4.5,4.33,4.5,2384.612,2014.0,0.0,23.0,1774.0,0.0,0.0,5890383.0
2025-06-01,6673244.0,6372239.0,315.657,467204.0,2799.719,4.4,4.35,4.5,4.25,4.33,4.25,4.5,4.33,4.5,2390.763,2014.0,0.0,23.0,1774.0,0.0,0.0,5890383.0
2025-06-02,6673244.0,6372239.0,135.841,467204.0,2799.719,4.4,4.35,4.5,4.25,4.33,4.25,4.5,4.33,4.5,2390.763,2014.0,0.0,23.0,1774.0,0.0,0.0,6070199.0
2025-06-03,6673244.0,6372239.0,153.177,467204.0,2799.719,4.4,4.32,4.5,4.25,4.33,4.25,4.5,4.33,4.5,2390.763,2014.0,0.0,23.0,1774.0,0.0,0.0,6052863.0
2025-06-04,6672885.0,6370598.0,168.882,378947.0,2799.719,4.4,4.28,4.5,4.25,4.33,4.25,4.5,4.32,4.5,2390.763,2885.0,0.0,30.0,1753.0,0.0,0.0,6125056.0
2025-06-05,6672885.0,6370598.0,152.727,378947.0,2799.719,4.4,4.29,4.5,4.25,4.33,4.25,4.5,4.26,4.5,2390.763,2885.0,0.0,30.0,1753.0,0.0,0.0,6141211.0
2025-06-06,6672885.0,6370598.0,149.284,378947.0,2799.719,4.4,4.29,4.5,4.25,4.33,4.25,4.5,4.28,4.5,2390.763,2885.0,0.0,30.0,1753.0,0.0,0.0,6144654.0
2025-06-07,6672885.0,6370598.0,149.284,378947.0,2799.719,4.4,4.29,4.5,4.25,4.33,4.25,4.5,4.28,4.5,2390.763,2885.0,0.0,30.0,1753.0,0.0,0.0,6144654.0
2025-06-08,6672885.0,6370598.0,149.284,378947.0,2799.719,4.4,4.29,4.5,4.25,4.33,4.25,4.5,4.28,4.5,2390.763,2885.0,0.0,30.0,1753.0,0.0,0.0,6144654.0
2025-06-09,6672885.0,6370598.0,179.315,378947.0,2799.719,4.4,4.29,4.5,4.25,4.33,4.25,4.5,4.29,4.5,2390.763,2885.0,0.0,30.0,1753.0,0.0,0.0,6114623.0
2025-06-10,6672885.0,6370598.0,182.725,378947.0,2799.719,4.4,4.28,4.5,4.25,4.33,4.25,4.5,4.29,4.5,2390.763,2885.0,0.0,30.0,1753.0,0.0,0.0,6111213.0
2025-06-11,6677155.0,6370906.0,204.625,332907.0,2799.719,4.4,4.28,4.5,4.25,4.33,4.25,4.5,4.3,4.5,2390.763,3989.0,0.0,28.0,1746.0,0.0,0.0,6139623.0
2025-06-12,6677155.0,6370906.0,181.417,332907.0,2799.719,4.4,4.28,4.5,4.25,4.33,4.25,4.5,4.18,4.5,2390.763,3989.0,0.0,28.0,1746.0,0.0,0.0,6162831.0
2025-06-13,6677155.0,6370906.0,168.645,332907.0,2799.719,4.4,4.28,4.5,4.25,4.33,4.25,4.5,4.23,4.5,2390.763,3989.0,0.0,28.0,1746.0,0.0,0.0,6175603.0
2025-06-14,6677155.0,6370906.0,168.645,332907.0,2799.719,4.4,4.28,4.5,4.25,4.33,4.25,4.5,4.23,4.5,2390.763,3989.0,0.0,28.0,1746.0,0.0,0.0,6175603.0
2025-06-15,6677155.0,6370906.0,168.645,332907.0,2799.719,4.4,4.28,4.5,4.25,4.33,4.25,4.5,4.23,4.5,2390.763,3989.0,0.0,28.0,1746.0,0.0,0.0,6175603.0
2025-06-16,6677155.0,6370906.0,140.759,332907.0,2799.719,4.4,4.32,4.5,4.25,4.33,4.25,4.5,4.24,4.5,2390.763,3989.0,0.0,28.0,1746.0,0.0,0.0,6203489.0
2025-06-17,6677155.0,6370906.0,168.939,332907.0,2799.719,4.4,4.31,4.5,4.25,4.33,4.25,4.5,4.23,4.5,2390.763,3989.0,0.0,28.0,1746.0,0.0,0.0,6175309.0
2025-06-18,6681056.0,6370818.0,205.05,337762.0,2799.719,4.4,4.28,4.5,4.25,4.33,4.25,4.5,4.2,4.5,2390.763,5383.0,0.0,38.0,1722.0,0.0,0.0,6138244.0
2025-06-19,6681056.0,6370818.0,205.05,337762.0,2799.719,4.4,4.28,4.5,4.25,4.33,4.25,4.5,4.2,4.5,2390.763,5383.0,0.0,38.0,1722.0,0.0,0.0,6138244.0
2025-06-20,6681056.0,6370818.0,138.283,337762.0,2799.719,4.4,4.29,4.5,4.25,4.33,4.25,4.5,4.2,4.5,2390.763,5383.0,0.0,38.0,1722.0,0.0,0.0,6205011.0
2025-06-21,6681056.0,6370818.0,138.283,337762.0,2799.719,4.4,4.29,4.5,4.25,4.33,4.25,4.5,4.2,4.5,2390.763,5383.0,0.0,38.0,1722.0,0.0,0.0,6205011.0
2025-06-22,6681056.0,6370818.0,138.283,337762.0,2799.719,4.4,4.29,4.5,4.25,4.33,4.25,4.5,4.2,4.5,2390.763,5383.0,0.0,38.0,1722.0,0.0,0.0,6205011.0
2025-06-23,6681056.0,6370818.0,165.319,337762.0,2799.719,4.4,4.29,4.5,4.25,4.33,4.25,4.5,4.2,4.5,2390.763,5383.0,0.0,38.0,1722.0,0.0,0.0,6177975.0
2025-06-24,6681056.0,6370818.0,187.367,337762.0,2799.719,4.4,4.3,4.5,4.25,4.33,4.25,4.5,4.21,4.5,2390.763,5383.0,0.0,38.0,1722.0,0.0,0.0,6155927.0
2025-06-25,6662200.0,6353460.0,210.879,364375.0,2799.719,4.4,4.36,4.5,4.25,4.33,4.25,4.5,4.21,4.5,2390.763,6308.0,0.0,28.0,1673.0,0.0,0.0,6086946.0
2025-06-26,6662200.0,6353460.0,252.432,364375.0,2799.719,4.4,4.4,4.5,4.25,4.33,4.25,4.5,4.11,4.5,2390.763,6308.0,0.0,28.0,1673.0,0.0,0.0,6045393.0
2025-06-27,6662200.0,6353460.0,285.742,364375.0,2799.719,4.4,4.39,4.5,4.25,4.33,4.25,4.5,4.19,4.5,2390.763,6308.0,0.0,28.0,1673.0,0.0,0.0,6012083.0
2025-06-28,6662200.0,6353460.0,285.742,364375.0,2799.719,4.4,4.39,4.5,4.25,4.33,4.25,4.5,4.19,4.5,2390.763,6308.0,0.0,28.0,1673.0,0.0,0.0,6012083.0
2025-06-29,6662200.0,6353460.0,285.742,364375.0,2799.719,4.4,4.39,4.5,4.25,4.33,4.25,4.5,4.19,4.5,2390.763,6308.0,0.0,28.0,1673.0,0.0,0.0,6012083.0
2025-06-30,6662200.0,6353460.0,460.731,364375.0,2799.719,4.4,4.45,4.5,4.25,4.33,4.25,4.5,4.28,4.5,2390.763,6308.0,0.0,28.0,1673.0,0.0,0.0,5837094.0
2025-07-01,6662200.0,6353460.0,245.53,364375.0,2799.719,4.4,4.44,4.5,4.25,4.33,4.25,4.5,4.32,4.5,2399.266,6308.0,0.0,28.0,1673.0,0.0,0.0,6052295.0
2025-07-02,6659598.0,6349167.0,237.307,359516.0,2799.719,4.4,4.4,4.5,4.25,4.33,4.25,4.5,4.33,4.5,2399.266,6354.0,0.0,33.0,1449.0,0.0,0.0,6062775.0
2025-07-03,6659598.0,6349167.0,214.665,359516.0,2799.719,4.4,4.35,4.5,4.25,4.33,4.25,4.5,4.35,4.5,2399.266,6354.0,0.0,33.0,1449.0,0.0,0.0,6085417.0
2025-07-04,6659598.0,6349167.0,214.665,359516.0,2799.719,4.4,4.35,4.5,4.25,4.33,4.25,4.5,4.35,4.5,2399.266,6354.0,0.0,33.0,1449.0,0.0,0.0,6085417.0
2025-07-05,6659598.0,6349167.0,214.665,359516.0,2799.719,4.4,4.35,4.5,4.25,4.33,4.25,4.5,4.35,4.5,2399.266,6354.0,0.0,33.0,1449.0,0.0,0.0,6085417.0
2025-07-06,6659598.0,6349167.0,214.665,359516.0,2799.719,4.4,4.35,4.5,4.25,4.33,4.25,4.5,4.35,4.5,2399.266,6354.0,0.0,33.0,1449.0,0.0,0.0,6085417.0
2025-07-07,6659598.0,6349167.0,218.03,359516.0,2799.719,4.4,4.33,4.5,4.25,4.33,4.25,4.5,4.37,4.5,2399.266,6354.0,0.0,33.0,1449.0,0.0,0.0,6082052.0
2025-07-08,6659598.0,6349167.0,219.415,359516.0,2799.719,4.4,4.34,4.5,4.25,4.33,4.25,4.5,4.36,4.5,2399.266,6354.0,0.0,33.0,1449.0,0.0,0.0,6080667.0
2025-07-09,6661912.0,6349369.0,227.273,319889.0,2799.719,4.4,4.32,4.5,4.25,4.33,4.25,4.5,4.36,4.5,2399.266,6131.0,0.0,31.0,1442.0,0.0,0.0,6114750.0
2025-07-10,6661912.0,6349369.0,183.339,319889.0,2799.719,4.4,4.31,4.5,4.25,4.33,4.25,4.5,4.36,4.5,2399.266,6131.0,0.0,31.0,1442.0,0.0,0.0,6158684.0
2025-07-11,6661912.0,6349369.0,181.637,319889.0,2799.719,4.4,4.31,4.5,4.25,4.33,4.25,4.5,4.37,4.5,2399.266,6131.0,0.0,31.0,1442.0,0.0,0.0,6160386.0
2025-07-12,6661912.0,6349369.0,181.637,319889.0,2799.719,4.4,4.31,4.5,4.25,4.33,4.25,4.5,4.37,4.5,2399.266,6131.0,0.0,31.0,1442.0,0.0,0.0,6160386.0
2025-07-13,6661912.0,6349369.0,181.637,319889.0,2799.719,4.4,4.31,4.5,4.25,4.33,4.25,4.5,4.37,4.5,2399.266,6131.0,0.0,31.0,1442.0,0.0,0.0,6160386.0
2025-07-14,6661912.0,6349369.0,217.841,319889.0,2799.719,4.4,4.33,4.5,4.25,4.33,4.25,4.5,4.37,4.5,2399.266,6131.0,0.0,31.0,1442.0,0.0,0.0,6124182.0
2025-07-15,6661912.0,6349369.0,198.277,319889.0,2799.719,4.4,4.37,4.5,4.25,4.33,4.25,4.5,4.36,4.5,2399.266,6131.0,0.0,31.0,1442.0,0.0,0.0,6143746.0
2025-07-16,6659273.0,6347296.0,197.086,296247.0,2799.719,4.4,4.34,4.5,4.25,4.33,4.25,4.5,4.36,4.5,2399.266,5230.0,0.0,40.0,1436.0,0.0,0.0,6165940.0
2025-07-17,6659273.0,6347296.0,193.66,296247.0,2799.719,4.4,4.34,4.5,4.25,4.33,4.25,4.5,4.36,4.5,2399.266,5230.0,0.0,40.0,1436.0,0.0,0.0,6169366.0
2025-07-18,6659273.0,6347296.0,199.298,296247.0,2799.719,4.4,4.3,4.5,4.25,4.33,4.25,4.5,4.35,4.5,2399.266,5230.0,0.0,40.0,1436.0,0.0,0.0,6163728.0
2025-07-19,6659273.0,6347296.0,199.298,296247.0,2799.719,4.4,4.3,4.5,4.25,4.33,4.25,4.5,4.35,4.5,2399.266,5230.0,0.0,40.0,1436.0,0.0,0.0,6163728.0
2025-07-20,6659273.0,6347296.0,199.298,296247.0,2799.719,4.4,4.3,4.5,4.25,4.33,4.25,4.5,4.35,4.5,2399.266,5230.0,0.0,40.0,1436.0,0.0,0.0,6163728.0
2025-07-21,6659273.0,6347296.0,213.666,296247.0,2799.719,4.4,4.28,4.5,4.25,4.33,4.25,4.5,4.35,4.5,2399.266,5230.0,0.0,40.0,1436.0,0.0,0.0,6149360.0
2025-07-22,6659273.0,6347296.0,196.374,296247.0,2799.719,4.4,4.28,4.5,4.25,4.33,4.25,4.5,4.37,4.5,2399.266,5230.0,0.0,40.0,1436.0,0.0,0.0,6166652.0
2025-07-23,6657715.0,6343851.0,189.632,323176.0,2799.719,4.4,4.28,4.5,4.25,4.33,4.25,4.5,4.37,4.5,2399.266,5242.0,0.0,35.0,1417.0,0.0,0.0,6144907.0
2025-07-24,6657715.0,6343851.0,132.186,323176.0,2799.719,4.4,4.3,4.5,4.25,4.33,4.25,4.5,4.37,4.5,2399.266,5242.0,0.0,35.0,1417.0,0.0,0.0,6202353.0
2025-07-25,6657715.0,6343851.0,150.509,323176.0,2799.719,4.4,4.36,4.5,4.25,4.33,4.25,4.5,4.37,4.5,2399.266,5242.0,0.0,35.0,1417.0,0.0,0.0,6184030.0
2025-07-26,6657715.0,6343851.0,150.509,323176.0,2799.719,4.4,4.36,4.5,4.25,4.33,4.25,4.5,4.37,4.5,2399.266,5242.0,0.0,35.0,1417.0,0.0,0.0,6184030.0
2025-07-27,6657715.0,6343851.0,150.509,323176.0,2799.719,4.4,4.36,4.5,4.25,4.33,4.25,4.5,4.37,4.5,2399.266,5242.0,0.0,35.0,1417.0,0.0,0.0,6184030.0
2025-07-28,6657715.0,6343851.0,170.463,323176.0,2799.719,4.4,4.36,4.5,4.25,4.33,4.25,4.5,4.4,4.5,2399.266,5242.0,0.0,35.0,1417.0,0.0,0.0,6164076.0
2025-07-29,6657715.0,6343851.0,171.018,323176.0,2799.719,4.4,4.36,4.5,4.25,4.33,4.25,4.5,4.4,4.5,2399.266,5242.0,0.0,35.0,1417.0,0.0,0.0,6163521.0
2025-07-30,6642578.0,6329935.0,155.481,370507.0,2799.719,4.4,4.32,4.5,4.25,4.33,4.25,4.5,4.41,4.5,2399.266,5595.0,0.0,43.0,1411.0,0.0,0.0,6116590.0
2025-07-31,6642578.0,6329935.0,214.445,370507.0,2799.719,4.4,4.39,4.5,4.25,4.33,4.25,4.5,4.49,4.5,2399.266,5595.0,0.0,43.0,1411.0,0.0,0.0,6057626.0
2025-08-01,6642578.0,6329935.0,97.426,370507.0,2799.719,4.4,4.34,4.5,4.25,4.33,4.25,4.5,4.49,4.5,2403.186,5595.0,0.0,43.0,1411.0,0.0,0.0,6174645.0
2025-08-02,6642578.0,6329935.0,97.426,370507.0,2799.719,4.4,4.34,4.5,4.25,4.33,4.25,4.5,4.49,4.5,2403.186,5595.0,0.0,43.0,1411.0,0.0,0.0,6174645.0
2025-08-03,6642578.0,6329935.0,97.426,370507.0,2799.719,4.4,4.34,4.5,4.25,4.33,4.25,4.5,4.49,4.5,2403.186,5595.0,0.0,43.0,1411.0,0.0,0.0,6174645.0
2025-08-04,6642578.0,6329935.0,125.73,370507.0,2799.719,4.4,4.33,4.5,4.25,4.33,4.25,4.5,4.48,4.5,2403.186,5595.0,0.0,43.0,1411.0,0.0,0.0,6146341.0
2025-08-05,6642578.0,6329935.0,84.356,370507.0,2799.719,4.4,4.34,4.5,4.25,4.33,4.25,4.5,4.49,4.5,2403.186,5595.0,0.0,43.0,1411.0,0.0,0.0,6187715.0
2025-08-06,6640843.0,6327520.0,91.966,421043.0,2799.719,4.4,4.34,4.5,4.25,4.33,4.25,4.5,4.48,4.5,2403.186,4856.0,0.0,50.0,1410.0,0.0,0.0,6127834.0
2025-08-07,6640843.0,6327520.0,77.961,421043.0,2799.719,4.4,4.35,4.5,4.25,4.33,4.25,4.5,4.49,4.5,2403.186,4856.0,0.0,50.0,1410.0,0.0,0.0,6141839.0
2025-08-08,6640843.0,6327520.0,80.303,421043.0,2799.719,4.4,4.35,4.5,4.25,4.33,4.25,4.5,4.48,4.5,2403.186,4856.0,0.0,50.0,1410.0,0.0,0.0,6139497.0
2025-08-09,6640843.0,6327520.0,80.303,421043.0,2799.719,4.4,4.35,4.5,4.25,4.33,4.25,4.5,4.48,4.5,2403.186,4856.0,0.0,50.0,1410.0,0.0,0.0,6139497.0
2025-08-10,6640843.0,6327520.0,80.303,421043.0,2799.719,4.4,4.35,4.5,4.25,4.33,4.25,4.5,4.48,4.5,2403.186,4856.0,0.0,50.0,1410.0,0.0,0.0,6139497.0
2025-08-11,6640843.0,6327520.0,82.214,421043.0,2799.719,4.4,4.34,4.5,4.25,4.33,4.25,4.5,4.46,4.5,2403.186,4856.0,0.0,50.0,1410.0,0.0,0.0,6137586.0
2025-08-12,6640843.0,6327520.0,57.492,421043.0,2799.719,4.4,4.36,4.5,4.25,4.33,4.25,4.5,4.44,4.5,2403.186,4856.0,0.0,50.0,1410.0,0.0,0.0,6162308.0
2025-08-13,6643615.0,6327776.0,57.202,504304.0,2799.719,4.4,4.33,4.5,4.25,4.33,4.25,4.5,4.44,4.5,2403.186,4623.0,0.0,59.0,1408.0,0.0,0.0,6082109.0
2025-08-14,6643615.0,6327776.0,28.818,504304.0,2799.719,4.4,4.34,4.5,4.25,4.33,4.25,4.5,4.48,4.5,2403.186,4623.0,0.0,59.0,1408.0,0.0,0.0,6110493.0
2025-08-15,6643615.0,6327776.0,33.757,504304.0,2799.719,4.4,4.36,4.5,4.25,4.33,4.25,4.5,4.48,4.5,2403.186,4623.0,0.0,59.0,1408.0,0.0,0.0,6105554.0
2025-08-16,6643615.0,6327776.0,33.757,504304.0,2799.719,4.4,4.36,4.5,4.25,4.33,4.25,4.5,4.48,4.5,2403.186,4623.0,0.0,59.0,1408.0,0.0,0.0,6105554.0
2025-08-17,6643615.0,6327776.0,33.757,504304.0,2799.719,4.4,4.36,4.5,4.25,4.33,4.25,4.5,4.48,4.5,2403.186,4623.0,0.0,59.0,1408.0,0.0,0.0,6105554.0
2025-08-18,6643615.0,6327776.0,38.24,504304.0,2799.719,4.4,4.34,4.5,4.25,4.33,4.25,4.5,4.47,4.5,2403.186,4623.0,0.0,59.0,1408.0,0.0,0.0,6101071.0
2025-08-19,6643615.0,6327776.0,22.344,504304.0,2799.719,4.4,4.33,4.5,4.25,4.33,4.25,4.5,4.46,4.5,2403.186,4623.0,0.0,59.0,1408.0,0.0,0.0,6116967.0
2025-08-20,6618415.0,6321065.0,34.999,519534.0,2799.719,4.4,4.31,4.5,4.25,4.33,4.25,4.5,4.45,4.5,2403.186,4414.0,0.0,61.0,1407.0,0.0,0.0,6063882.0
2025-08-21,6618415.0,6321065.0,25.358,519534.0,2799.719,4.4,4.32,4.5,4.25,4.33,4.25,4.5,4.49,4.5,2403.186,4414.0,0.0,61.0,1407.0,0.0,0.0,6073523.0
2025-08-22,6618415.0,6321065.0,36.275,519534.0,2799.719,4.4,4.36,4.5,4.25,4.33,4.25,4.5,4.47,4.5,2403.186,4414.0,0.0,61.0,1407.0,0.0,0.0,6062606.0
2025-08-23,6618415.0,6321065.0,36.275,519534.0,2799.719,4.4,4.36,4.5,4.25,4.33,4.25,4.5,4.47,4.5,2403.186,4414.0,0.0,61.0,1407.0,0.0,0.0,6062606.0
2025-08-24,6618415.0,6321065.0,36.275,519534.0,2799.719,4.4,4.36,4.5,4.25,4.33,4.25,4.5,4.47,4.5,2403.186,4414.0,0.0,61.0,1407.0,0.0,0.0,6062606.0
2025-08-25,6618415.0,6321065.0,47.567,519534.0,2799.719,4.4,4.37,4.5,4.25,4.33,4.25,4.5,4.45,4.5,2403.186,4414.0,0.0,61.0,1407.0,0.0,0.0,6051314.0
2025-08-26,6618415.0,6321065.0,28.574,519534.0,2799.719,4.4,4.38,4.5,4.25,4.33,4.25,4.5,4.42,4.5,2403.186,4414.0,0.0,61.0,1407.0,0.0,0.0,6070307.0
2025-08-27,6603384.0,6307544.0,34.744,589998.0,2799.719,4.4,4.36,4.5,4.25,4.33,4.25,4.5,4.42,4.5,2403.186,4191.0,0.0,63.0,1406.0,0.0,0.0,5978642.0
2025-08-28,6603384.0,6307544.0,31.966,589998.0,2799.719,4.4,4.34,4.5,4.25,4.33,4.25,4.5,4.42,4.5,2403.186,4191.0,0.0,63.0,1406.0,0.0,0.0,5981420.0
2025-08-29,6603384.0,6307544.0,77.898,589998.0,2799.719,4.4,4.34,4.5,4.25,4.33,4.25,4.5,4.41,4.5,2403.186,4191.0,0.0,63.0,1406.0,0.0,0.0,5935488.0
2025-08-30,6603384.0,6307544.0,77.898,589998.0,2799.719,4.4,4.34,4.5,4.25,4.33,4.25,4.5,4.41,4.5,2403.186,4191.0,0.0,63.0,1406.0,0.0,0.0,5935488.0
2025-08-31,6603384.0,6307544.0,77.898,589998.0,2799.719,4.4,4.34,4.5,4.25,4.33,4.25,4.5,4.41,4.5,2403.186,4191.0,0.0,63.0,1406.0,0.0,0.0,5935488.0
2025-09-01,6603384.0,6307544.0,77.898,589998.0,2799.719,4.4,4.34,4.5,4.25,4.33,4.25,4.5,4.41,4.5,2410.053,4191.0,0.0,63.0,1406.0,0.0,0.0,5935488.0
2025-09-02,6603384.0,6307544.0,21.066,589998.0,2799.719,4.4,4.39,4.5,4.25,4.33,4.25,4.5,4.4,4.5,2410.053,4191.0,0.0,63.0,1406.0,0.0,0.0,5992320.0
2025-09-03,6602071.0,6306011.0,17.923,597513.0,2799.719,4.4,4.39,4.5,4.25,4.33,4.25,4.5,4.35,4.5,2410.053,4374.0,0.0,57.0,1406.0,0.0,0.0,5986635.0
2025-09-04,6602071.0,6306011.0,20.128,597513.0,2799.719,4.4,4.41,4.5,4.25,4.33,4.25,4.5,4.33,4.5,2410.053,4374.0,0.0,57.0,1406.0,0.0,0.0,5984430.0
2025-09-05,6602071.0,6306011.0,20.997,597513.0,2799.719,4.4,4.42,4.5,4.25,4.33,4.25,4.5,4.29,4.5,2410.053,4374.0,0.0,57.0,1406.0,0.0,0.0,5983561.0
2025-09-06,6602071.0,6306011.0,20.997,597513.0,2799.719,4.4,4.42,4.5,4.25,4.33,4.25,4.5,4.29,4.5,2410.053,4374.0,0.0,57.0,1406.0,0.0,0.0,5983561.0
2025-09-07,6602071.0,6306011.0,20.997,597513.0,2799.719,4.4,4.42,4.5,4.25,4.33,4.25,4.5,4.29,4.5,2410.053,4374.0,0.0,57.0,1406.0,0.0,0.0,5983561.0
2025-09-08,6602071.0,6306011.0,19.416,597513.0,2799.719,4.4,4.4,4.5,4.25,4.33,4.25,4.5,4.26,4.5,2410.053,4374.0,0.0,57.0,1406.0,0.0,0.0,5985142.0
2025-09-09,6602071.0,6306011.0,22.915,597513.0,2799.719,4.4,4.4,4.5,4.25,4.33,4.25,4.5,4.25,4.5,2410.053,4374.0,0.0,57.0,1406.0,0.0,0.0,5981643.0
2025-09-10,6605962.0,6306109.0,29.4,672274.0,2799.719,4.4,4.39,4.5,4.25,4.33,4.25,4.5,4.23,4.5,2410.053,5374.0,0.0,51.0,1357.0,0.0,0.0,5904288.0
2025-09-11,6605962.0,6306109.0,26.897,672274.0,2799.719,4.4,4.41,4.5,4.25,4.33,4.25,4.5,4.22,4.5,2410.053,5374.0,0.0,51.0,1357.0,0.0,0.0,5906791.0
2025-09-12,6605962.0,6306109.0,17.331,672274.0,2799.719,4.4,4.42,4.5,4.25,4.33,4.25,4.5,4.24,4.5,2410.053,5374.0,0.0,51.0,1357.0,0.0,0.0,5916357.0
2025-09-13,6605962.0,6306109.0,17.331,672274.0,2799.719,4.4,4.42,4.5,4.25,4.33,4.25,4.5,4.24,4.5,2410.053,5374.0,0.0,51.0,1357.0,0.0,0.0,5916357.0
2025-09-14,6605962.0,6306109.0,17.331,672274.0,2799.719,4.4,4.42,4.5,4.25,4.33,4.25,4.5,4.24,4.5,2410.053,5374.0,0.0,51.0,1357.0,0.0,0.0,5916357.0
2025-09-15,6605962.0,6306109.0,16.954,672274.0,2799.719,4.4,4.51,4.5,4.25,4.33,4.25,4.5,4.22,4.5,2410.053,5374.0,0.0,51.0,1357.0,0.0,0.0,5916734.0
2025-09-16,6605962.0,6306109.0,18.817,672274.0,2799.719,4.4,4.39,4.5,4.25,4.33,4.25,4.5,4.2,4.5,2410.053,5374.0,0.0,51.0,1357.0,0.0,0.0,5914871.0
2025-09-17,6608597.0,6306194.0,13.963,756376.0,2799.719,4.4,4.38,4.5,4.25,4.33,4.25,4.5,4.17,4.5,2410.053,5533.0,0.0,69.0,948.0,0.0,0.0,5838258.0
2025-09-18,6608597.0,6306194.0,13.707,756376.0,2799.719,4.15,4.14,4.25,4.0,4.08,4.0,4.25,4.2,4.25,2410.053,5533.0,0.0,69.0,948.0,0.0,0.0,5838514.0
2025-09-19,6608597.0,6306194.0,11.363,756376.0,2799.719,4.15,4.14,4.25,4.0,4.08,4.0,4.25,4.19,4.25,2410.053,5533.0,0.0,69.0,948.0,0.0,0.0,5840858.0
2025-09-20,6608597.0,6306194.0,11.363,756376.0,2799.719,4.15,4.14,4.25,4.0,4.08,4.0,4.25,4.19,4.25,2410.053,5533.0,0.0,69.0,948.0,0.0,0.0,5840858.0
2025-09-21,6608597.0,6306194.0,11.363,756376.0,2799.719,4.15,4.14,4.25,4.0,4.08,4.0,4.25,4.19,4.25,2410.053,5533.0,0.0,69.0,948.0,0.0,0.0,5840858.0
2025-09-22,6608597.0,6306194.0,14.173,756376.0,2799.719,4.15,4.14,4.25,4.0,4.09,4.0,4.25,4.17,4.25,2410.053,5533.0,0.0,69.0,948.0,0.0,0.0,5838048.0
2025-09-23,6608597.0,6306194.0,14.402,756376.0,2799.719,4.15,4.12,4.25,4.0,4.09,4.0,4.25,4.16,4.25,2410.053,5533.0,0.0,69.0,948.0,0.0,0.0,5837819.0
2025-09-24,6608395.0,6302774.0,29.172,804856.0,2799.719,4.15,4.13,4.25,4.0,4.09,4.0,4.25,4.18,4.25,2410.053,7821.0,0.0,73.0,611.0,0.0,0.0,5774367.0
2025-09-25,6608395.0,6302774.0,25.369,804856.0,2799.719,4.15,4.18,4.25,4.0,4.09,4.0,4.25,4.24,4.25,2410.053,7821.0,0.0,73.0,611.0,0.0,0.0,5778170.0
2025-09-26,6608395.0,6302774.0,48.073,804856.0,2799.719,4.15,4.16,4.25,4.0,4.09,4.0,4.25,4.22,4.25,2410.053,7821.0,0.0,73.0,611.0,0.0,0.0,5755466.0
2025-09-27,6608395.0,6302774.0,48.073,804856.0,2799.719,4.15,4.16,4.25,4.0,4.09,4.0,4.25,4.22,4.25,2410.053,7821.0,0.0,73.0,611.0,0.0,0.0,5755466.0
2025-09-28,6608395.0,6302774.0,48.073,804856.0,2799.719,4.15,4.16,4.25,4.0,4.09,4.0,4.25,4.22,4.25,2410.053,7821.0,0.0,73.0,611.0,0.0,0.0,5755466.0
2025-09-29,6608395.0,6302774.0,56.22,804856.0,2799.719,4.15,4.13,4.25,4.0,4.09,4.0,4.25,4.22,4.25,2410.053,7821.0,0.0,73.0,611.0,0.0,0.0,5747319.0
2025-09-30,6608395.0,6302774.0,49.071,804856.0,2799.719,4.15,4.24,4.25,4.0,4.09,4.0,4.25,4.2,4.25,2410.053,7821.0,0.0,73.0,611.0,0.0,0.0,5754468.0
2025-10-01,6587119.0,6284715.0,10.179,805139.0,2799.719,4.15,4.2,4.25,4.0,4.09,4.0,4.25,4.17,4.25,2415.653,7170.0,0.0,37.0,75.0,0.0,0.0,5771801.0
2025-10-02,6587119.0,6284715.0,8.436,805139.0,2799.719,4.15,4.2,4.25,4.0,4.09,4.0,4.25,4.23,4.25,2415.653,7170.0,0.0,37.0,75.0,0.0,0.0,5773544.0
2025-10-03,6587119.0,6284715.0,25.392,805139.0,2799.719,4.15,4.18,4.25,4.0,4.09,4.0,4.25,4.24,4.25,2415.653,7170.0,0.0,37.0,75.0,0.0,0.0,5756588.0
2025-10-04,6587119.0,6284715.0,25.392,805139.0,2799.719,4.15,4.18,4.25,4.0,4.09,4.0,4.25,4.24,4.25,2415.653,7170.0,0.0,37.0,75.0,0.0,0.0,5756588.0
2025-10-05,6587119.0,6284715.0,25.392,805139.0,2799.719,4.15,4.18,4.25,4.0,4.09,4.0,4.25,4.24,4.25,2415.653,7170.0,0.0,37.0,75.0,0.0,0.0,5756588.0
2025-10-06,6587119.0,6284715.0,21.776,805139.0,2799.719,4.15,4.15,4.25,4.0,4.09,4.0,4.25,4.22,4.25,2415.653,7170.0,0.0,37.0,75.0,0.0,0.0,5760204.0
2025-10-07,6587119.0,6284715.0,4.622,805139.0,2799.719,4.15,4.14,4.25,4.0,4.09,4.0,4.25,4.2,4.25,2415.653,7170.0,0.0,37.0,75.0,0.0,0.0,5777358.0
2025-10-08,6590815.0,6284989.0,5.231,807428.0,2799.719,4.15,4.12,4.25,4.0,4.1,4.0,4.25,4.2,4.25,2415.653,6243.0,0.0,45.0,75.0,0.0,0.0,5778156.0
2025-10-09,6590815.0,6284989.0,4.496,807428.0,2799.719,4.15,4.13,4.25,4.0,4.1,4.0,4.25,4.2,4.25,2415.653,6243.0,0.0,45.0,75.0,0.0,0.0,5778891.0
2025-10-10,6590815.0,6284989.0,4.124,807428.0,2799.719,4.15,4.15,4.25,4.0,4.1,4.0,4.25,4.19,4.25,2415.653,6243.0,0.0,45.0,75.0,0.0,0.0,5779263.0
2025-10-11,6590815.0,6284989.0,4.124,807428.0,2799.719,4.15,4.15,4.25,4.0,4.1,4.0,4.25,4.19,4.25,2415.653,6243.0,0.0,45.0,75.0,0.0,0.0,5779263.0
2025-10-12,6590815.0,6284989.0,4.124,807428.0,2799.719,4.15,4.15,4.25,4.0,4.1,4.0,4.25,4.19,4.25,2415.653,6243.0,0.0,45.0,75.0,0.0,0.0,5779263.0
2025-10-13,6590815.0,6284989.0,4.124,807428.0,2799.719,4.15,4.15,4.25,4.0,4.1,4.0,4.25,4.19,4.25,2415.653,6243.0,0.0,45.0,75.0,0.0,0.0,5779263.0
2025-10-14,6590815.0,6284989.0,3.516,807428.0,2799.719,4.15,4.19,4.25,4.0,4.1,4.0,4.25,4.19,4.25,2415.653,6243.0,0.0,45.0,75.0,0.0,0.0,5779871.0
2025-10-15,6596454.0,6284613.0,5.484,809593.0,2799.719,4.15,4.29,4.25,4.0,4.1,4.0,4.25,4.2,4.25,2415.653,6018.0,0.0,49.0,74.0,0.0,0.0,5781377.0
2025-10-16,6596454.0,6284613.0,6.96,809593.0,2799.719,4.15,4.3,4.25,4.0,4.11,4.0,4.25,4.2,4.25,2415.653,6018.0,0.0,49.0,74.0,0.0,0.0,5779901.0
2025-10-17,6596454.0,6284613.0,4.102,809593.0,2799.719,4.15,4.18,4.25,4.0,4.11,4.0,4.25,4.18,4.25,2415.653,6018.0,0.0,49.0,74.0,0.0,0.0,5782759.0
2025-10-18,6596454.0,6284613.0,4.102,809593.0,2799.719,4.15,4.18,4.25,4.0,4.11,4.0,4.25,4.18,4.25,2415.653,6018.0,0.0,49.0,74.0,0.0,0.0,5782759.0
2025-10-19,6596454.0,6284613.0,4.102,809593.0,2799.719,4.15,4.18,4.25,4.0,4.11,4.0,4.25,4.18,4.25,2415.653,6018.0,0.0,49.0,74.0,0.0,0.0,5782759.0
2025-10-20,6596454.0,6284613.0,5.931,809593.0,2799.719,4.15,4.16,4.25,4.0,4.11,4.0,4.25,4.15,4.25,2415.653,6018.0,0.0,49.0,74.0,0.0,0.0,5780930.0
2025-10-21,6596454.0,6284613.0,4.699,809593.0,2799.719,4.15,4.23,4.25,4.0,4.11,4.0,4.25,4.12,4.25,2415.653,6018.0,0.0,49.0,74.0,0.0,0.0,5782162.0
2025-10-22,6589533.0,6281420.0,4.005,908001.0,2799.719,4.15,4.21,4.25,4.0,4.11,4.0,4.25,4.11,4.25,2415.653,7349.0,0.0,46.0,72.0,0.0,0.0,5677527.0
2025-10-23,6589533.0,6281420.0,6.941,908001.0,2799.719,4.15,4.24,4.25,4.0,4.11,4.0,4.25,4.12,4.25,2415.653,7349.0,0.0,46.0,72.0,0.0,0.0,5674591.0
2025-10-24,6589533.0,6281420.0,2.435,908001.0,2799.719,4.15,4.24,4.25,4.0,4.11,4.0,4.25,4.11,4.25,2415.653,7349.0,0.0,46.0,72.0,0.0,0.0,5679097.0
2025-10-25,6589533.0,6281420.0,2.435,908001.0,2799.719,4.15,4.24,4.25,4.0,4.11,4.0,4.25,4.11,4.25,2415.653,7349.0,0.0,46.0,72.0,0.0,0.0,5679097.0
2025-10-26,6589533.0,6281420.0,2.435,908001.0,2799.719,4.15,4.24,4.25,4.0,4.11,4.0,4.25,4.11,4.25,2415.653,7349.0,0.0,46.0,72.0,0.0,0.0,5679097.0
2025-10-27,6589533.0,6281420.0,10.642,908001.0,2799.719,4.15,4.27,4.25,4.0,4.12,4.0,4.25,4.09,4.25,2415.653,7349.0,0.0,46.0,72.0,0.0,0.0,5670890.0
2025-10-28,6589533.0,6281420.0,14.096,908001.0,2799.719,4.15,4.31,4.25,4.0,4.12,4.0,4.25,4.07,4.25,2415.653,7349.0,0.0,46.0,72.0,0.0,0.0,5667436.0
2025-10-29,6587034.0,6269049.0,19.504,957990.0,2799.719,4.15,4.27,4.25,4.0,4.12,4.0,4.25,4.03,4.25,2415.653,7894.0,0.0,43.0,70.0,0.0,0.0,5609540.0
2025-10-30,6587034.0,6269049.0,19.166,957990.0,2799.719,3.9,4.04,4.0,3.75,3.87,3.75,4.0,4.05,4.0,2415.653,7894.0,0.0,43.0,70.0,0.0,0.0,5609878.0
2025-10-31,6587034.0,6269049.0,51.802,957990.0,2799.719,3.9,4.22,4.0,3.75,3.86,3.75,4.0,4.06,4.0,2415.653,7894.0,0.0,43.0,70.0,0.0,0.0,5577242.0
2025-11-01,6587034.0,6269049.0,51.802,957990.0,2799.719,3.9,4.22,4.0,3.75,3.86,3.75,4.0,4.06,4.0,2415.653,7894.0,0.0,43.0,70.0,0.0,0.0,5577242.0
2025-11-02,6587034.0,6269049.0,51.802,957990.0,2799.719,3.9,4.22,4.0,3.75,3.86,3.75,4.0,4.06,4.0,2415.653,7894.0,0.0,43.0,70.0,0.0,0.0,5577242.0
2025-11-03,6587034.0,6269049.0,23.792,957990.0,2799.719,3.9,4.13,4.0,3.75,3.87,3.75,4.0,4.06,4.0,2415.653,7894.0,0.0,43.0,70.0,0.0,0.0,5605252.0
2025-11-04,6587034.0,6269049.0,16.983,957990.0,2799.719,3.9,4.0,4.0,3.75,3.87,3.75,4.0,4.02,4.0,2415.653,7894.0,0.0,43.0,70.0,0.0,0.0,5612061.0
2025-11-05,6572732.0,6265053.0,12.814,940979.0,2799.719,3.9,3.91,4.0,3.75,3.87,3.75,4.0,4.0,4.0,2415.653,7138.0,0.0,22.0,69.0,0.0,0.0,5618939.0
2025-11-06,6572732.0,6265053.0,10.754,940979.0,2799.719,3.9,3.92,4.0,3.75,3.87,3.75,4.0,4.02,4.0,2415.653,7138.0,0.0,22.0,69.0,0.0,0.0,5620999.0
2025-11-07,6572732.0,6265053.0,4.903,940979.0,2799.719,3.9,3.93,4.0,3.75,3.87,3.75,4.0,4.01,4.0,2415.653,7138.0,0.0,22.0,69.0,0.0,0.0,5626850.0
2025-11-08,6572732.0,6265053.0,4.903,940979.0,2799.719,3.9,3.93,4.0,3.75,3.87,3.75,4.0,4.01,4.0,2415.653,7138.0,0.0,22.0,69.0,0.0,0.0,5626850.0
2025-11-09,6572732.0,6265053.0,4.903,940979.0,2799.719,3.9,3.93,4.0,3.75,3.87,3.75,4.0,4.01,4.0,2415.653,7138.0,0.0,22.0,69.0,0.0,0.0,5626850.0
2025-11-10,6572732.0,6265053.0,7.152,940979.0,2799.719,3.9,3.95,4.0,3.75,3.87,3.75,4.0,4.04,4.0,2415.653,7138.0,0.0,22.0,69.0,0.0,0.0,5624601.0
2025-11-11,6572732.0,6265053.0,7.152,940979.0,2799.719,3.9,3.95,4.0,3.75,3.87,3.75,4.0,4.04,4.0,2415.653,7138.0,0.0,22.0,69.0,0.0,0.0,5624601.0
2025-11-12,6580462.0,6265303.0,5.886,953816.0,2799.719,3.9,3.98,4.0,3.75,3.87,3.75,4.0,4.03,4.0,2415.653,5818.0,0.0,19.0,67.0,0.0,0.0,5620760.0
2025-11-13,6580462.0,6265303.0,3.761,953816.0,2799.719,3.9,4.0,4.0,3.75,3.88,3.75,4.0,4.05,4.0,2415.653,5818.0,0.0,19.0,67.0,0.0,0.0,5622885.0
2025-11-14,6580462.0,6265303.0,1.559,953816.0,2799.719,3.9,3.95,4.0,3.75,3.88,3.75,4.0,4.04,4.0,2415.653,5818.0,0.0,19.0,67.0,0.0,0.0,5625087.0
2025-11-15,6580462.0,6265303.0,1.559,953816.0,2799.719,3.9,3.95,4.0,3.75,3.88,3.75,4.0,4.04,4.0,2415.653,5818.0,0.0,19.0,67.0,0.0,0.0,5625087.0
2025-11-16,6580462.0,6265303.0,1.559,953816.0,2799.719,3.9,3.95,4.0,3.75,3.88,3.75,4.0,4.04,4.0,2415.653,5818.0,0.0,19.0,67.0,0.0,0.0,5625087.0
2025-11-17,6580462.0,6265303.0,3.172,953816.0,2799.719,3.9,4.0,4.0,3.75,3.88,3.75,4.0,4.04,4.0,2415.653,5818.0,0.0,19.0,67.0,0.0,0.0,5623474.0
2025-11-18,6580462.0,6265303.0,0.905,953816.0,2799.719,3.9,3.94,4.0,3.75,3.88,3.75,4.0,4.02,4.0,2415.653,5818.0,0.0,19.0,67.0,0.0,0.0,5625741.0
2025-11-19,6555283.0,6263192.0,1.129,941926.0,2799.719,3.9,3.91,4.0,3.75,3.88,3.75,4.0,4.01,4.0,2415.653,6101.0,0.0,5.0,66.0,0.0,0.0,5612228.0
2025-11-20,6555283.0,6263192.0,6.52,941926.0,2799.719,3.9,3.91,4.0,3.75,3.88,3.75,4.0,4.04,4.0,2415.653,6101.0,0.0,5.0,66.0,0.0,0.0,5606837.0
2025-11-21,6555283.0,6263192.0,2.503,941926.0,2799.719,3.9,3.93,4.0,3.75,3.88,3.75,4.0,4.03,4.0,2415.653,6101.0,0.0,5.0,66.0,0.0,0.0,5610854.0
2025-11-22,6555283.0,6263192.0,2.503,941926.0,2799.719,3.9,3.93,4.0,3.75,3.88,3.75,4.0,4.03,4.0,2415.653,6101.0,0.0,5.0,66.0,0.0,0.0,5610854.0
2025-11-23,6555283.0,6263192.0,2.503,941926.0,2799.719,3.9,3.93,4.0,3.75,3.88,3.75,4.0,4.03,4.0,2415.653,6101.0,0.0,5.0,66.0,0.0,0.0,5610854.0
2025-11-24,6555283.0,6263192.0,1.077,941926.0,2799.719,3.9,3.96,4.0,3.75,3.88,3.75,4.0,4.03,4.0,2415.653,6101.0,0.0,5.0,66.0,0.0,0.0,5612280.0
2025-11-25,6555283.0,6263192.0,2.314,941926.0,2799.719,3.9,4.01,4.0,3.75,3.88,3.75,4.0,4.04,4.0,2415.653,6101.0,0.0,5.0,66.0,0.0,0.0,5611043.0
2025-11-26,6552419.0,6247237.0,2.217,903394.0,2799.719,3.9,4.05,4.0,3.75,3.88,3.75,4.0,4.06,4.0,2415.653,7792.0,0.0,17.0,66.0,0.0,0.0,5646808.0
2025-11-27,6552419.0,6247237.0,2.217,903394.0,2799.719,3.9,4.05,4.0,3.75,3.88,3.75,4.0,4.06,4.0,2415.653,7792.0,0.0,17.0,66.0,0.0,0.0,5646808.0
2025-11-28,6552419.0,6247237.0,7.561,903394.0,2799.719,3.9,4.05,4.0,3.75,3.88,3.75,4.0,4.06,4.0,2415.653,7792.0,0.0,17.0,66.0,0.0,0.0,5641464.0
2025-11-29,6552419.0,6247237.0,7.561,903394.0,2799.719,3.9,4.05,4.0,3.75,3.88,3.75,4.0,4.06,4.0,2415.653,7792.0,0.0,17.0,66.0,0.0,0.0,5641464.0
2025-11-30,6552419.0,6247237.0,7.561,903394.0,2799.719,3.9,4.05,4.0,3.75,3.88,3.75,4.0,4.06,4.0,2415.653,7792.0,0.0,17.0,66.0,0.0,0.0,5641464.0
2025-12-01,6552419.0,6247237.0,7.561,903394.0,2799.719,3.9,4.05,4.0,3.75,3.88,3.75,4.0,4.06,4.0,2415.653,7792.0,0.0,17.0,66.0,0.0,0.0,5641464.0
