,operationId,auctionStatus,operationDate,settlementDate,maturityDate,operationType,operationMethod,settlementType,termCalenderDays,term,releaseTime,closeTime,note,lastUpdated,participatingCpty,acceptedCpty,totalAmtSubmitted,totalAmtAccepted,details,propositions,operation_type,kind,operationLimit
0,RP 072325 2,Results,2025-07-23,2025-07-23,2025-07-24,Reverse Repo,Fixed Rate,Same Day,1,Overnight,12:45,13:15,,2025-07-23 13:16:06,30.0,30.0,189632000000,189632000000,"[{'securityType': 'Treasury', 'amtSubmitted': 189632000000, 'amtAccepted': 189632000000, 'percentOfferingRate': 4.25, 'percentAwardRate': 4.25}]","[{'counterpartyType': 'bank', 'amtAccepted': 0}, {'counterpartyType': 'gse', 'amtAccepted': 3350000000}, {'counterpartyType': 'mmf', 'amtAccepted': 186282000000}, {'counterpartyType': 'pd', 'amtAccepted': 0}]",reverserepo,reverserepo,
1,RP 072425 2,Results,2025-07-24,2025-07-24,2025-07-25,Reverse Repo,Fixed Rate,Same Day,1,Overnight,12:45,13:15,,2025-07-24 13:16:13,28.0,28.0,132186000000,132186000000,"[{'securityType': 'Treasury', 'amtSubmitted': 132186000000, 'amtAccepted': 132186000000, 'percentOfferingRate': 4.25, 'percentAwardRate': 4.25}]","[{'counterpartyType': 'bank', 'amtAccepted': 0}, {'counterpartyType': 'gse', 'amtAccepted': 3980000000}, {'counterpartyType': 'mmf', 'amtAccepted': 128206000000}, {'counterpartyType': 'pd', 'amtAccepted': 0}]",reverserepo,reverserepo,
2,RP 072525 2,Results,2025-07-25,2025-07-25,2025-07-28,Reverse Repo,Fixed Rate,Same Day,3,Overnight,12:45,13:15,,2025-07-25 13:16:06,24.0,24.0,150509000000,150509000000,"[{'securityType': 'Treasury', 'amtSubmitted': 150509000000, 'amtAccepted': 150509000000, 'percentOfferingRate': 4.25, 'percentAwardRate': 4.25}]","[{'counterpartyType': 'bank', 'amtAccepted': 0}, {'counterpartyType': 'gse', 'amtAccepted': 2550000000}, {'counterpartyType': 'mmf', 'amtAccepted': 147959000000}, {'counterpartyType': 'pd', 'amtAccepted': 0}]",reverserepo,reverserepo,
3,RP 072825 2,Results,2025-07-28,2025-07-28,2025-07-29,Reverse Repo,Fixed Rate,Same Day,1,Overnight,12:45,13:15,,2025-07-28 13:16:17,42.0,42.0,170463000000,170463000000,"[{'securityType': 'Treasury', 'amtSubmitted': 170463000000, 'amtAccepted': 170463000000, 'percentOfferingRate': 4.25, 'percentAwardRate': 4.25}]","[{'counterpartyType': 'bank', 'amtAccepted': 1000000}, {'counterpartyType': 'gse', 'amtAccepted': 4255000000}, {'counterpartyType': 'mmf', 'amtAccepted': 165007000000}, {'counterpartyType': 'pd', 'amtAccepted': 1200000000}]",reverserepo,reverserepo,
4,RP 072925 2,Results,2025-07-29,2025-07-29,2025-07-30,Reverse Repo,Fixed Rate,Same Day,1,Overnight,12:45,13:15,,2025-07-29 13:16:02,33.0,33.0,171018000000,171018000000,"[{'securityType': 'Treasury', 'amtSubmitted': 171018000000, 'amtAccepted': 171018000000, 'percentOfferingRate': 4.25, 'percentAwardRate': 4.25}]","[{'counterpartyType': 'bank', 'amtAccepted': 1000000}, {'counterpartyType': 'gse', 'amtAccepted': 2825000000}, {'counterpartyType': 'mmf', 'amtAccepted': 168192000000}, {'counterpartyType': 'pd', 'amtAccepted': 0}]",reverserepo,reverserepo,
5,RP 073025 2,Results,2025-07-30,2025-07-30,2025-07-31,Reverse Repo,Fixed Rate,Same Day,1,Overnight,12:45,13:15,,2025-07-30 13:15:53,27.0,27.0,155481000000,155481000000,"[{'securityType': 'Treasury', 'amtSubmitted': 155481000000, 'amtAccepted': 155481000000, 'percentOfferingRate': 4.25, 'percentAwardRate': 4.25}]","[{'counterpartyType': 'bank', 'amtAccepted': 0}, {'counterpartyType': 'gse', 'amtAccepted': 4425000000}, {'counterpartyType': 'mmf', 'amtAccepted': 151056000000}, {'counterpartyType': 'pd', 'amtAccepted': 0}]",reverserepo,reverserepo,
6,RP 073125 2,Results,2025-07-31,2025-07-31,2025-08-01,Reverse Repo,Fixed Rate,Same Day,1,Overnight,12:45,13:15,,2025-07-31 13:15:45,52.0,52.0,214445000000,214445000000,"[{'securityType': 'Treasury', 'amtSubmitted': 214445000000, 'amtAccepted': 214445000000, 'percentOfferingRate': 4.25, 'percentAwardRate': 4.25}]","[{'counterpartyType': 'bank', 'amtAccepted': 0}, {'counterpartyType': 'gse', 'amtAccepted': 34335000000}, {'counterpartyType': 'mmf', 'amtAccepted': 180110000000}, {'counterpartyType': 'pd', 'amtAccepted': 0}]",reverserepo,reverserepo,
7,RP 080125 2,Results,2025-08-01,2025-08-01,2025-08-04,Reverse Repo,Fixed Rate,Same Day,3,Overnight,12:45,13:15,,2025-08-01 13:15:56,21.0,21.0,97426000000,97426000000,"[{'securityType': 'Treasury', 'amtSubmitted': 97426000000, 'amtAccepted': 97426000000, 'percentOfferingRate': 4.25, 'percentAwardRate': 4.25}]","[{'counterpartyType': 'bank', 'amtAccepted': 0}, {'counterpartyType': 'gse', 'amtAccepted': 3190000000}, {'counterpartyType': 'mmf', 'amtAccepted': 94236000000}, {'counterpartyType': 'pd', 'amtAccepted': 0}]",reverserepo,reverserepo,
8,RP 080425 2,Results,2025-08-04,2025-08-04,2025-08-05,Reverse Repo,Fixed Rate,Same Day,1,Overnight,12:45,13:15,,2025-08-04 13:16:00,26.0,26.0,125730000000,125730000000,"[{'securityType': 'Treasury', 'amtSubmitted': 125730000000, 'amtAccepted': 125730000000, 'percentOfferingRate': 4.25, 'percentAwardRate': 4.25}]","[{'counterpartyType': 'bank', 'amtAccepted': 1000000}, {'counterpartyType': 'gse', 'amtAccepted': 3980000000}, {'counterpartyType': 'mmf', 'amtAccepted': 121749000000}, {'counterpartyType': 'pd', 'amtAccepted': 0}]",reverserepo,reverserepo,
9,RP 080525 2,Results,2025-08-05,2025-08-05,2025-08-06,Reverse Repo,Fixed Rate,Same Day,1,Overnight,12:45,13:15,,2025-08-05 13:16:48,23.0,23.0,84356000000,84356000000,"[{'securityType': 'Treasury', 'amtSubmitted': 84356000000, 'amtAccepted': 84356000000, 'percentOfferingRate': 4.25, 'percentAwardRate': 4.25}]","[{'counterpartyType': 'bank', 'amtAccepted': 0}, {'counterpartyType': 'gse', 'amtAccepted': 3715000000}, {'counterpartyType': 'mmf', 'amtAccepted': 80641000000}, {'counterpartyType': 'pd', 'amtAccepted': 0}]",reverserepo,reverserepo,
10,RP 080625 2,Results,2025-08-06,2025-08-06,2025-08-07,Reverse Repo,Fixed Rate,Same Day,1,Overnight,12:45,13:15,,2025-08-06 13:16:22,22.0,22.0,91966000000,91966000000,"[{'securityType': 'Treasury', 'amtSubmitted': 91966000000, 'amtAccepted': 91966000000, 'percentOfferingRate': 4.25, 'percentAwardRate': 4.25}]","[{'counterpartyType': 'bank', 'amtAccepted': 0}, {'counterpartyType': 'gse', 'amtAccepted': 4190000000}, {'counterpartyType': 'mmf', 'amtAccepted': 87776000000}, {'counterpartyType': 'pd', 'amtAccepted': 0}]",reverserepo,reverserepo,
11,RP 080725 2,Results,2025-08-07,2025-08-07,2025-08-08,Reverse Repo,Fixed Rate,Same Day,1,Overnight,12:45,13:15,,2025-08-07 13:16:39,26.0,26.0,77961000000,77961000000,"[{'securityType': 'Treasury', 'amtSubmitted': 77961000000, 'amtAccepted': 77961000000, 'percentOfferingRate': 4.25, 'percentAwardRate': 4.25}]","[{'counterpartyType': 'bank', 'amtAccepted': 0}, {'counterpartyType': 'gse', 'amtAccepted': 3640000000}, {'counterpartyType': 'mmf', 'amtAccepted': 74320000000}, {'counterpartyType': 'pd', 'amtAccepted': 1000000}]",reverserepo,reverserepo,
12,RP 080825 2,Results,2025-08-08,2025-08-08,2025-08-11,Reverse Repo,Fixed Rate,Same Day,3,Overnight,12:45,13:15,,2025-08-08 13:16:29,21.0,21.0,80303000000,80303000000,"[{'securityType': 'Treasury', 'amtSubmitted': 80303000000, 'amtAccepted': 80303000000, 'percentOfferingRate': 4.25, 'percentAwardRate': 4.25}]","[{'counterpartyType': 'bank', 'amtAccepted': 0}, {'counterpartyType': 'gse', 'amtAccepted': 3450000000}, {'counterpartyType': 'mmf', 'amtAccepted': 76853000000}, {'counterpartyType': 'pd', 'amtAccepted': 0}]",reverserepo,reverserepo,
13,RP 081125 2,Results,2025-08-11,2025-08-11,2025-08-12,Reverse Repo,Fixed Rate,Same Day,1,Overnight,12:45,13:15,,2025-08-11 13:15:41,26.0,26.0,82214000000,82214000000,"[{'securityType': 'Treasury', 'amtSubmitted': 82214000000, 'amtAccepted': 82214000000, 'percentOfferingRate': 4.25, 'percentAwardRate': 4.25}]","[{'counterpartyType': 'bank', 'amtAccepted': 1000000}, {'counterpartyType': 'gse', 'amtAccepted': 3950000000}, {'counterpartyType': 'mmf', 'amtAccepted': 78263000000}, {'counterpartyType': 'pd', 'amtAccepted': 0}]",reverserepo,reverserepo,
14,RP 081225 2,Results,2025-08-12,2025-08-12,2025-08-13,Reverse Repo,Fixed Rate,Same Day,1,Overnight,12:45,13:15,,2025-08-12 13:15:29,22.0,22.0,57492000000,57492000000,"[{'securityType': 'Treasury', 'amtSubmitted': 57492000000, 'amtAccepted': 57492000000, 'percentOfferingRate': 4.25, 'percentAwardRate': 4.25}]","[{'counterpartyType': 'bank', 'amtAccepted': 0}, {'counterpartyType': 'gse', 'amtAccepted': 3140000000}, {'counterpartyType': 'mmf', 'amtAccepted': 54352000000}, {'counterpartyType': 'pd', 'amtAccepted': 0}]",reverserepo,reverserepo,
15,RP 081325 2,Results,2025-08-13,2025-08-13,2025-08-14,Reverse Repo,Fixed Rate,Same Day,1,Overnight,12:45,13:15,,2025-08-13 13:15:50,21.0,21.0,57202000000,57202000000,"[{'securityType': 'Treasury', 'amtSubmitted': 57202000000, 'amtAccepted': 57202000000, 'percentOfferingRate': 4.25, 'percentAwardRate': 4.25}]","[{'counterpartyType': 'bank', 'amtAccepted': 5000000}, {'counterpartyType': 'gse', 'amtAccepted': 2800000000}, {'counterpartyType': 'mmf', 'amtAccepted': 54397000000}, {'counterpartyType': 'pd', 'amtAccepted': 0}]",reverserepo,reverserepo,
16,RP 081425 2,Results,2025-08-14,2025-08-14,2025-08-15,Reverse Repo,Fixed Rate,Same Day,1,Overnight,12:45,13:15,,2025-08-14 13:15:56,14.0,14.0,28818000000,28818000000,"[{'securityType': 'Treasury', 'amtSubmitted': 28818000000, 'amtAccepted': 28818000000, 'percentOfferingRate': 4.25, 'percentAwardRate': 4.25}]","[{'counterpartyType': 'bank', 'amtAccepted': 0}, {'counterpartyType': 'gse', 'amtAccepted': 2225000000}, {'counterpartyType': 'mmf', 'amtAccepted': 26593000000}, {'counterpartyType': 'pd', 'amtAccepted': 0}]",reverserepo,reverserepo,
17,RP 081525 2,Results,2025-08-15,2025-08-15,2025-08-18,Reverse Repo,Fixed Rate,Same Day,3,Overnight,12:45,13:15,,2025-08-15 13:15:43,16.0,16.0,33757000000,33757000000,"[{'securityType': 'Treasury', 'amtSubmitted': 33757000000, 'amtAccepted': 33757000000, 'percentOfferingRate': 4.25, 'percentAwardRate': 4.25}]","[{'counterpartyType': 'bank', 'amtAccepted': 0}, {'counterpartyType': 'gse', 'amtAccepted': 2330000000}, {'counterpartyType': 'mmf', 'amtAccepted': 31427000000}, {'counterpartyType': 'pd', 'amtAccepted': 0}]",reverserepo,reverserepo,
18,RP 081825 2,Results,2025-08-18,2025-08-18,2025-08-19,Reverse Repo,Fixed Rate,Same Day,1,Overnight,12:45,13:15,,2025-08-18 13:15:46,19.0,19.0,38240000000,38240000000,"[{'securityType': 'Treasury', 'amtSubmitted': 38240000000, 'amtAccepted': 38240000000, 'percentOfferingRate': 4.25, 'percentAwardRate': 4.25}]","[{'counterpartyType': 'bank', 'amtAccepted': 0}, {'counterpartyType': 'gse', 'amtAccepted': 3075000000}, {'counterpartyType': 'mmf', 'amtAccepted': 35165000000}, {'counterpartyType': 'pd', 'amtAccepted': 0}]",reverserepo,reverserepo,
19,RP 081925 2,Results,2025-08-19,2025-08-19,2025-08-20,Reverse Repo,Fixed Rate,Same Day,1,Overnight,12:45,13:15,,2025-08-19 13:15:39,29.0,29.0,22344000000,22344000000,"[{'securityType': 'Treasury', 'amtSubmitted': 22344000000, 'amtAccepted': 22344000000, 'percentOfferingRate': 4.25, 'percentAwardRate': 4.25}]","[{'counterpartyType': 'bank', 'amtAccepted': 0}, {'counterpartyType': 'gse', 'amtAccepted': 3625000000}, {'counterpartyType': 'mmf', 'amtAccepted': 18719000000}, {'counterpartyType': 'pd', 'amtAccepted': 0}]",reverserepo,reverserepo,
20,RP 082025 2,Results,2025-08-20,2025-08-20,2025-08-21,Reverse Repo,Fixed Rate,Same Day,1,Overnight,12:45,13:15,,2025-08-20 13:15:43,18.0,18.0,34999000000,34999000000,"[{'securityType': 'Treasury', 'amtSubmitted': 34999000000, 'amtAccepted': 34999000000, 'percentOfferingRate': 4.25, 'percentAwardRate': 4.25}]","[{'counterpartyType': 'bank', 'amtAccepted': 0}, {'counterpartyType': 'gse', 'amtAccepted': 3675000000}, {'counterpartyType': 'mmf', 'amtAccepted': 31323000000}, {'counterpartyType': 'pd', 'amtAccepted': 1000000}]",reverserepo,reverserepo,
21,RP 082125 3,Results,2025-08-21,2025-08-21,2025-08-22,Reverse Repo,Fixed Rate,Same Day,1,Overnight,12:45,13:15,,2025-08-21 13:16:03,17.0,17.0,25358000000,25358000000,"[{'securityType': 'Treasury', 'amtSubmitted': 25358000000, 'amtAccepted': 25358000000, 'percentOfferingRate': 4.25, 'percentAwardRate': 4.25}]","[{'counterpartyType': 'bank', 'amtAccepted': 0}, {'counterpartyType': 'gse', 'amtAccepted': 3250000000}, {'counterpartyType': 'mmf', 'amtAccepted': 22108000000}, {'counterpartyType': 'pd', 'amtAccepted': 0}]",reverserepo,reverserepo,
22,RP 082225 2,Results,2025-08-22,2025-08-22,2025-08-25,Reverse Repo,Fixed Rate,Same Day,3,Overnight,12:45,13:15,,2025-08-22 13:15:41,16.0,16.0,36275000000,36275000000,"[{'securityType': 'Treasury', 'amtSubmitted': 36275000000, 'amtAccepted': 36275000000, 'percentOfferingRate': 4.25, 'percentAwardRate': 4.25}]","[{'counterpartyType': 'bank', 'amtAccepted': 0}, {'counterpartyType': 'gse', 'amtAccepted': 3025000000}, {'counterpartyType': 'mmf', 'amtAccepted': 33250000000}, {'counterpartyType': 'pd', 'amtAccepted': 0}]",reverserepo,reverserepo,
23,RP 082525 2,Results,2025-08-25,2025-08-25,2025-08-26,Reverse Repo,Fixed Rate,Same Day,1,Overnight,12:45,13:15,,2025-08-25 13:15:50,23.0,23.0,47567000000,47567000000,"[{'securityType': 'Treasury', 'amtSubmitted': 47567000000, 'amtAccepted': 47567000000, 'percentOfferingRate': 4.25, 'percentAwardRate': 4.25}]","[{'counterpartyType': 'bank', 'amtAccepted': 0}, {'counterpartyType': 'gse', 'amtAccepted': 2900000000}, {'counterpartyType': 'mmf', 'amtAccepted': 44667000000}, {'counterpartyType': 'pd', 'amtAccepted': 0}]",reverserepo,reverserepo,
24,RP 082625 2,Results,2025-08-26,2025-08-26,2025-08-27,Reverse Repo,Fixed Rate,Same Day,1,Overnight,12:45,13:15,,2025-08-26 13:15:40,16.0,16.0,28574000000,28574000000,"[{'securityType': 'Treasury', 'amtSubmitted': 28574000000, 'amtAccepted': 28574000000, 'percentOfferingRate': 4.25, 'percentAwardRate': 4.25}]","[{'counterpartyType': 'bank', 'amtAccepted': 0}, {'counterpartyType': 'gse', 'amtAccepted': 3035000000}, {'counterpartyType': 'mmf', 'amtAccepted': 25539000000}, {'counterpartyType': 'pd', 'amtAccepted': 0}]",reverserepo,reverserepo,
25,RP 082725 2,Results,2025-08-27,2025-08-27,2025-08-28,Reverse Repo,Fixed Rate,Same Day,1,Overnight,12:45,13:15,,2025-08-27 13:15:38,21.0,21.0,34744000000,34744000000,"[{'securityType': 'Treasury', 'amtSubmitted': 34744000000, 'amtAccepted': 34744000000, 'percentOfferingRate': 4.25, 'percentAwardRate': 4.25}]","[{'counterpartyType': 'bank', 'amtAccepted': 0}, {'counterpartyType': 'gse', 'amtAccepted': 2550000000}, {'counterpartyType': 'mmf', 'amtAccepted': 32194000000}, {'counterpartyType': 'pd', 'amtAccepted': 0}]",reverserepo,reverserepo,
26,RP 082825 2,Results,2025-08-28,2025-08-28,2025-08-29,Reverse Repo,Fixed Rate,Same Day,1,Overnight,12:45,13:15,,2025-08-28 13:15:42,20.0,20.0,31966000000,31966000000,"[{'securityType': 'Treasury', 'amtSubmitted': 31966000000, 'amtAccepted': 31966000000, 'percentOfferingRate': 4.25, 'percentAwardRate': 4.25}]","[{'counterpartyType': 'bank', 'amtAccepted': 0}, {'counterpartyType': 'gse', 'amtAccepted': 2525000000}, {'counterpartyType': 'mmf', 'amtAccepted': 29440000000}, {'counterpartyType': 'pd', 'amtAccepted': 1000000}]",reverserepo,reverserepo,
27,RP 082925 2,Results,2025-08-29,2025-08-29,2025-09-02,Reverse Repo,Fixed Rate,Same Day,4,Overnight,12:45,13:15,,2025-08-29 13:24:28,26.0,26.0,77898000000,77898000000,"[{'securityType': 'Treasury', 'amtSubmitted': 77898000000, 'amtAccepted': 77898000000, 'percentOfferingRate': 4.25, 'percentAwardRate': 4.25}]","[{'counterpartyType': 'bank', 'amtAccepted': 0}, {'counterpartyType': 'gse', 'amtAccepted': 22925000000}, {'counterpartyType': 'mmf', 'amtAccepted': 54973000000}, {'counterpartyType': 'pd', 'amtAccepted': 0}]",reverserepo,reverserepo,
28,RP 090225 2,Results,2025-09-02,2025-09-02,2025-09-03,Reverse Repo,Fixed Rate,Same Day,1,Overnight,12:45,13:15,,2025-09-02 13:15:49,17.0,17.0,21066000000,21066000000,"[{'securityType': 'Treasury', 'amtSubmitted': 21066000000, 'amtAccepted': 21066000000, 'percentOfferingRate': 4.25, 'percentAwardRate': 4.25}]","[{'counterpartyType': 'bank', 'amtAccepted': 0}, {'counterpartyType': 'gse', 'amtAccepted': 3490000000}, {'counterpartyType': 'mmf', 'amtAccepted': 17576000000}, {'counterpartyType': 'pd', 'amtAccepted': 0}]",reverserepo,reverserepo,
29,RP 090325 2,Results,2025-09-03,2025-09-03,2025-09-04,Reverse Repo,Fixed Rate,Same Day,1,Overnight,12:45,13:15,,2025-09-03 13:15:55,17.0,17.0,17923000000,17923000000,"[{'securityType': 'Treasury', 'amtSubmitted': 17923000000, 'amtAccepted': 17923000000, 'percentOfferingRate': 4.25, 'percentAwardRate': 4.25}]","[{'counterpartyType': 'bank', 'amtAccepted': 0}, {'counterpartyType': 'gse', 'amtAccepted': 3525000000}, {'counterpartyType': 'mmf', 'amtAccepted': 14398000000}, {'counterpartyType': 'pd', 'amtAccepted': 0}]",reverserepo,reverserepo,
30,RP 090425 2,Results,2025-09-04,2025-09-04,2025-09-05,Reverse Repo,Fixed Rate,Same Day,1,Overnight,12:45,13:15,,2025-09-04 13:16:17,17.0,17.0,20128000000,20128000000,"[{'securityType': 'Treasury', 'amtSubmitted': 20128000000, 'amtAccepted': 20128000000, 'percentOfferingRate': 4.25, 'percentAwardRate': 4.25}]","[{'counterpartyType': 'bank', 'amtAccepted': 0}, {'counterpartyType': 'gse', 'amtAccepted': 3340000000}, {'counterpartyType': 'mmf', 'amtAccepted': 16788000000}, {'counterpartyType': 'pd', 'amtAccepted': 0}]",reverserepo,reverserepo,
31,RP 090525 2,Results,2025-09-05,2025-09-05,2025-09-08,Reverse Repo,Fixed Rate,Same Day,3,Overnight,12:45,13:15,,2025-09-05 13:16:02,15.0,15.0,20997000000,20997000000,"[{'securityType': 'Treasury', 'amtSubmitted': 20997000000, 'amtAccepted': 20997000000, 'percentOfferingRate': 4.25, 'percentAwardRate': 4.25}]","[{'counterpartyType': 'bank', 'amtAccepted': 0}, {'counterpartyType': 'gse', 'amtAccepted': 2675000000}, {'counterpartyType': 'mmf', 'amtAccepted': 18322000000}, {'counterpartyType': 'pd', 'amtAccepted': 0}]",reverserepo,reverserepo,
32,RP 090825 2,Results,2025-09-08,2025-09-08,2025-09-09,Reverse Repo,Fixed Rate,Same Day,1,Overnight,12:45,13:15,,2025-09-08 13:15:35,20.0,20.0,19416000000,19416000000,"[{'securityType': 'Treasury', 'amtSubmitted': 19416000000, 'amtAccepted': 19416000000, 'percentOfferingRate': 4.25, 'percentAwardRate': 4.25}]","[{'counterpartyType': 'bank', 'amtAccepted': 1000000}, {'counterpartyType': 'gse', 'amtAccepted': 2675000000}, {'counterpartyType': 'mmf', 'amtAccepted': 16740000000}, {'counterpartyType': 'pd', 'amtAccepted': 0}]",reverserepo,reverserepo,
33,RP 090925 2,Results,2025-09-09,2025-09-09,2025-09-10,Reverse Repo,Fixed Rate,Same Day,1,Overnight,12:45,13:15,,2025-09-09 13:15:33,15.0,15.0,22915000000,22915000000,"[{'securityType': 'Treasury', 'amtSubmitted': 22915000000, 'amtAccepted': 22915000000, 'percentOfferingRate': 4.25, 'percentAwardRate': 4.25}]","[{'counterpartyType': 'bank', 'amtAccepted': 0}, {'counterpartyType': 'gse', 'amtAccepted': 3055000000}, {'counterpartyType': 'mmf', 'amtAccepted': 19860000000}, {'counterpartyType': 'pd', 'amtAccepted': 0}]",reverserepo,reverserepo,
34,RP 091025 2,Results,2025-09-10,2025-09-10,2025-09-11,Reverse Repo,Fixed Rate,Same Day,1,Overnight,12:45,13:15,,2025-09-10 13:15:35,18.0,18.0,29400000000,29400000000,"[{'securityType': 'Treasury', 'amtSubmitted': 29400000000, 'amtAccepted': 29400000000, 'percentOfferingRate': 4.25, 'percentAwardRate': 4.25}]","[{'counterpartyType': 'bank', 'amtAccepted': 0}, {'counterpartyType': 'gse', 'amtAccepted': 3535000000}, {'counterpartyType': 'mmf', 'amtAccepted': 25864000000}, {'counterpartyType': 'pd', 'amtAccepted': 1000000}]",reverserepo,reverserepo,
35,RP 091125 2,Results,2025-09-11,2025-09-11,2025-09-12,Reverse Repo,Fixed Rate,Same Day,1,Overnight,12:45,13:15,,2025-09-11 13:15:37,15.0,15.0,26897000000,26897000000,"[{'securityType': 'Treasury', 'amtSubmitted': 26897000000, 'amtAccepted': 26897000000, 'percentOfferingRate': 4.25, 'percentAwardRate': 4.25}]","[{'counterpartyType': 'bank', 'amtAccepted': 0}, {'counterpartyType': 'gse', 'amtAccepted': 3875000000}, {'counterpartyType': 'mmf', 'amtAccepted': 23022000000}, {'counterpartyType': 'pd', 'amtAccepted': 0}]",reverserepo,reverserepo,
36,RP 091225 2,Results,2025-09-12,2025-09-12,2025-09-15,Reverse Repo,Fixed Rate,Same Day,3,Overnight,12:45,13:15,,2025-09-12 13:15:42,16.0,16.0,17331000000,17331000000,"[{'securityType': 'Treasury', 'amtSubmitted': 17331000000, 'amtAccepted': 17331000000, 'percentOfferingRate': 4.25, 'percentAwardRate': 4.25}]","[{'counterpartyType': 'bank', 'amtAccepted': 0}, {'counterpartyType': 'gse', 'amtAccepted': 3700000000}, {'counterpartyType': 'mmf', 'amtAccepted': 13630000000}, {'counterpartyType': 'pd', 'amtAccepted': 1000000}]",reverserepo,reverserepo,
37,RP 091525 2,Results,2025-09-15,2025-09-15,2025-09-16,Reverse Repo,Fixed Rate,Same Day,1,Overnight,12:45,13:15,,2025-09-15 13:15:53,16.0,16.0,16954000000,16954000000,"[{'securityType': 'Treasury', 'amtSubmitted': 16954000000, 'amtAccepted': 16954000000, 'percentOfferingRate': 4.25, 'percentAwardRate': 4.25}]","[{'counterpartyType': 'bank', 'amtAccepted': 0}, {'counterpartyType': 'gse', 'amtAccepted': 3775000000}, {'counterpartyType': 'mmf', 'amtAccepted': 13179000000}, {'counterpartyType': 'pd', 'amtAccepted': 0}]",reverserepo,reverserepo,
38,RP 091625 2,Results,2025-09-16,2025-09-16,2025-09-17,Reverse Repo,Fixed Rate,Same Day,1,Overnight,12:45,13:15,,2025-09-16 13:16:15,16.0,16.0,18817000000,18817000000,"[{'securityType': 'Treasury', 'amtSubmitted': 18817000000, 'amtAccepted': 18817000000, 'percentOfferingRate': 4.25, 'percentAwardRate': 4.25}]","[{'counterpartyType': 'bank', 'amtAccepted': 0}, {'counterpartyType': 'gse', 'amtAccepted': 3755000000}, {'counterpartyType': 'mmf', 'amtAccepted': 15062000000}, {'counterpartyType': 'pd', 'amtAccepted': 0}]",reverserepo,reverserepo,
39,RP 091725 2,Results,2025-09-17,2025-09-17,2025-09-18,Reverse Repo,Fixed Rate,Same Day,1,Overnight,12:45,13:15,,2025-09-17 13:15:45,14.0,14.0,13963000000,13963000000,"[{'securityType': 'Treasury', 'amtSubmitted': 13963000000, 'amtAccepted': 13963000000, 'percentOfferingRate': 4.25, 'percentAwardRate': 4.25}]","[{'counterpartyType': 'bank', 'amtAccepted': 1000000}, {'counterpartyType': 'gse', 'amtAccepted': 3595000000}, {'counterpartyType': 'mmf', 'amtAccepted': 10367000000}, {'counterpartyType': 'pd', 'amtAccepted': 0}]",reverserepo,reverserepo,
40,RP 091825 2,Results,2025-09-18,2025-09-18,2025-09-19,Reverse Repo,Fixed Rate,Same Day,1,Overnight,12:45,13:15,,2025-09-18 13:15:54,13.0,13.0,13707000000,13707000000,"[{'securityType': 'Treasury', 'amtSubmitted': 13707000000, 'amtAccepted': 13707000000, 'percentOfferingRate': 4.0, 'percentAwardRate': 4.0}]","[{'counterpartyType': 'bank', 'amtAccepted': 0}, {'counterpartyType': 'gse', 'amtAccepted': 2995000000}, {'counterpartyType': 'mmf', 'amtAccepted': 10712000000}, {'counterpartyType': 'pd', 'amtAccepted': 0}]",reverserepo,reverserepo,
41,RP 091925 2,Results,2025-09-19,2025-09-19,2025-09-22,Reverse Repo,Fixed Rate,Same Day,3,Overnight,12:45,13:15,,2025-09-19 13:16:16,13.0,13.0,11363000000,11363000000,"[{'securityType': 'Treasury', 'amtSubmitted': 11363000000, 'amtAccepted': 11363000000, 'percentOfferingRate': 4.0, 'percentAwardRate': 4.0}]","[{'counterpartyType': 'bank', 'amtAccepted': 0}, {'counterpartyType': 'gse', 'amtAccepted': 2720000000}, {'counterpartyType': 'mmf', 'amtAccepted': 8643000000}, {'counterpartyType': 'pd', 'amtAccepted': 0}]",reverserepo,reverserepo,
42,RP 092225 2,Results,2025-09-22,2025-09-22,2025-09-23,Reverse Repo,Fixed Rate,Same Day,1,Overnight,12:45,13:15,,2025-09-22 13:15:57,15.0,15.0,14173000000,14173000000,"[{'securityType': 'Treasury', 'amtSubmitted': 14173000000, 'amtAccepted': 14173000000, 'percentOfferingRate': 4.0, 'percentAwardRate': 4.0}]","[{'counterpartyType': 'bank', 'amtAccepted': 0}, {'counterpartyType': 'gse', 'amtAccepted': 2990000000}, {'counterpartyType': 'mmf', 'amtAccepted': 11183000000}, {'counterpartyType': 'pd', 'amtAccepted': 0}]",reverserepo,reverserepo,
43,RP 092325 2,Results,2025-09-23,2025-09-23,2025-09-24,Reverse Repo,Fixed Rate,Same Day,1,Overnight,12:45,13:15,,2025-09-23 13:15:44,16.0,16.0,14402000000,14402000000,"[{'securityType': 'Treasury', 'amtSubmitted': 14402000000, 'amtAccepted': 14402000000, 'percentOfferingRate': 4.0, 'percentAwardRate': 4.0}]","[{'counterpartyType': 'bank', 'amtAccepted': 0}, {'counterpartyType': 'gse', 'amtAccepted': 2905000000}, {'counterpartyType': 'mmf', 'amtAccepted': 11497000000}, {'counterpartyType': 'pd', 'amtAccepted': 0}]",reverserepo,reverserepo,
44,RP 092425 2,Results,2025-09-24,2025-09-24,2025-09-25,Reverse Repo,Fixed Rate,Same Day,1,Overnight,12:45,13:15,,2025-09-24 13:16:34,22.0,22.0,29172000000,29172000000,"[{'securityType': 'Treasury', 'amtSubmitted': 29172000000, 'amtAccepted': 29172000000, 'percentOfferingRate': 4.0, 'percentAwardRate': 4.0}]","[{'counterpartyType': 'bank', 'amtAccepted': 0}, {'counterpartyType': 'gse', 'amtAccepted': 3735000000}, {'counterpartyType': 'mmf', 'amtAccepted': 25437000000}, {'counterpartyType': 'pd', 'amtAccepted': 0}]",reverserepo,reverserepo,
45,RP 092525 2,Results,2025-09-25,2025-09-25,2025-09-26,Reverse Repo,Fixed Rate,Same Day,1,Overnight,12:45,13:15,,2025-09-25 13:15:58,21.0,21.0,25369000000,25369000000,"[{'securityType': 'Treasury', 'amtSubmitted': 25369000000, 'amtAccepted': 25369000000, 'percentOfferingRate': 4.0, 'percentAwardRate': 4.0}]","[{'counterpartyType': 'bank', 'amtAccepted': 0}, {'counterpartyType': 'gse', 'amtAccepted': 4610000000}, {'counterpartyType': 'mmf', 'amtAccepted': 20759000000}, {'counterpartyType': 'pd', 'amtAccepted': 0}]",reverserepo,reverserepo,
46,RP 092625 2,Results,2025-09-26,2025-09-26,2025-09-29,Reverse Repo,Fixed Rate,Same Day,3,Overnight,12:45,13:15,,2025-09-26 13:15:59,23.0,23.0,48073000000,48073000000,"[{'securityType': 'Treasury', 'amtSubmitted': 48073000000, 'amtAccepted': 48073000000, 'percentOfferingRate': 4.0, 'percentAwardRate': 4.0}]","[{'counterpartyType': 'bank', 'amtAccepted': 0}, {'counterpartyType': 'gse', 'amtAccepted': 3870000000}, {'counterpartyType': 'mmf', 'amtAccepted': 44203000000}, {'counterpartyType': 'pd', 'amtAccepted': 0}]",reverserepo,reverserepo,
47,RP 092925 2,Results,2025-09-29,2025-09-29,2025-09-30,Reverse Repo,Fixed Rate,Same Day,1,Overnight,12:45,13:15,,2025-09-29 13:15:49,26.0,26.0,56220000000,56220000000,"[{'securityType': 'Treasury', 'amtSubmitted': 56220000000, 'amtAccepted': 56220000000, 'percentOfferingRate': 4.0, 'percentAwardRate': 4.0}]","[{'counterpartyType': 'bank', 'amtAccepted': 0}, {'counterpartyType': 'gse', 'amtAccepted': 3135000000}, {'counterpartyType': 'mmf', 'amtAccepted': 53085000000}, {'counterpartyType': 'pd', 'amtAccepted': 0}]",reverserepo,reverserepo,
48,RP 093025 2,Results,2025-09-30,2025-09-30,2025-10-01,Reverse Repo,Fixed Rate,Same Day,1,Overnight,12:45,13:15,,2025-09-30 13:16:17,28.0,28.0,49071000000,49071000000,"[{'securityType': 'Treasury', 'amtSubmitted': 49071000000, 'amtAccepted': 49071000000, 'percentOfferingRate': 4.0, 'percentAwardRate': 4.0}]","[{'counterpartyType': 'bank', 'amtAccepted': 0}, {'counterpartyType': 'gse', 'amtAccepted': 27025000000}, {'counterpartyType': 'mmf', 'amtAccepted': 22046000000}, {'counterpartyType': 'pd', 'amtAccepted': 0}]",reverserepo,reverserepo,
49,RP 100125 2,Results,2025-10-01,2025-10-01,2025-10-02,Reverse Repo,Fixed Rate,Same Day,1,Overnight,12:45,13:15,,2025-10-01 13:16:40,15.0,15.0,10179000000,10179000000,"[{'securityType': 'Treasury', 'amtSubmitted': 10179000000, 'amtAccepted': 10179000000, 'percentOfferingRate': 4.0, 'percentAwardRate': 4.0}]",,reverserepo,reverserepo,
50,RP 100225 2,Results,2025-10-02,2025-10-02,2025-10-03,Reverse Repo,Fixed Rate,Same Day,1,Overnight,12:45,13:15,,2025-10-02 13:16:30,10.0,10.0,8436000000,8436000000,"[{'securityType': 'Treasury', 'amtSubmitted': 8436000000, 'amtAccepted': 8436000000, 'percentOfferingRate': 4.0, 'percentAwardRate': 4.0}]",,reverserepo,reverserepo,
51,RP 100325 2,Results,2025-10-03,2025-10-03,2025-10-06,Reverse Repo,Fixed Rate,Same Day,3,Overnight,12:45,13:15,,2025-10-03 13:17:14,14.0,14.0,25392000000,25392000000,"[{'securityType': 'Treasury', 'amtSubmitted': 25392000000, 'amtAccepted': 25392000000, 'percentOfferingRate': 4.0, 'percentAwardRate': 4.0}]",,reverserepo,reverserepo,
52,RP 100625 2,Results,2025-10-06,2025-10-06,2025-10-07,Reverse Repo,Fixed Rate,Same Day,1,Overnight,12:45,13:15,,2025-10-06 13:15:50,19.0,19.0,21776000000,21776000000,"[{'securityType': 'Treasury', 'amtSubmitted': 21776000000, 'amtAccepted': 21776000000, 'percentOfferingRate': 4.0, 'percentAwardRate': 4.0}]",,reverserepo,reverserepo,
53,RP 100725 2,Results,2025-10-07,2025-10-07,2025-10-08,Reverse Repo,Fixed Rate,Same Day,1,Overnight,12:45,13:15,,2025-10-07 13:15:42,16.0,16.0,4622000000,4622000000,"[{'securityType': 'Treasury', 'amtSubmitted': 4622000000, 'amtAccepted': 4622000000, 'percentOfferingRate': 4.0, 'percentAwardRate': 4.0}]",,reverserepo,reverserepo,
54,RP 100825 2,Results,2025-10-08,2025-10-08,2025-10-09,Reverse Repo,Fixed Rate,Same Day,1,Overnight,12:45,13:15,,2025-10-08 13:15:37,12.0,12.0,5231000000,5231000000,"[{'securityType': 'Treasury', 'amtSubmitted': 5231000000, 'amtAccepted': 5231000000, 'percentOfferingRate': 4.0, 'percentAwardRate': 4.0}]",,reverserepo,reverserepo,
55,RP 100925 2,Results,2025-10-09,2025-10-09,2025-10-10,Reverse Repo,Fixed Rate,Same Day,1,Overnight,12:45,13:15,,2025-10-09 13:16:07,10.0,10.0,4496000000,4496000000,"[{'securityType': 'Treasury', 'amtSubmitted': 4496000000, 'amtAccepted': 4496000000, 'percentOfferingRate': 4.0, 'percentAwardRate': 4.0}]",,reverserepo,reverserepo,
56,RP 101025 2,Results,2025-10-10,2025-10-10,2025-10-14,Reverse Repo,Fixed Rate,Same Day,4,Overnight,12:45,13:15,,2025-10-10 13:15:43,10.0,10.0,4124000000,4124000000,"[{'securityType': 'Treasury', 'amtSubmitted': 4124000000, 'amtAccepted': 4124000000, 'percentOfferingRate': 4.0, 'percentAwardRate': 4.0}]",,reverserepo,reverserepo,
57,RP 101425 2,Results,2025-10-14,2025-10-14,2025-10-15,Reverse Repo,Fixed Rate,Same Day,1,Overnight,12:45,13:15,,2025-10-14 13:15:56,7.0,7.0,3516000000,3516000000,"[{'securityType': 'Treasury', 'amtSubmitted': 3516000000, 'amtAccepted': 3516000000, 'percentOfferingRate': 4.0, 'percentAwardRate': 4.0}]",,reverserepo,reverserepo,
58,RP 101525 4,Results,2025-10-15,2025-10-15,2025-10-16,Reverse Repo,Fixed Rate,Same Day,1,Overnight,12:45,13:15,,2025-10-15 13:15:54,20.0,20.0,5484000000,5484000000,"[{'securityType': 'Treasury', 'amtSubmitted': 5484000000, 'amtAccepted': 5484000000, 'percentOfferingRate': 4.0, 'percentAwardRate': 4.0}]",,reverserepo,reverserepo,
59,RP 101625 2,Results,2025-10-16,2025-10-16,2025-10-17,Reverse Repo,Fixed Rate,Same Day,1,Overnight,12:45,13:15,,2025-10-16 13:15:48,11.0,11.0,6960000000,6960000000,"[{'securityType': 'Treasury', 'amtSubmitted': 6960000000, 'amtAccepted': 6960000000, 'percentOfferingRate': 4.0, 'percentAwardRate': 4.0}]",,reverserepo,reverserepo,
60,RP 101725 2,Results,2025-10-17,2025-10-17,2025-10-20,Reverse Repo,Fixed Rate,Same Day,3,Overnight,12:45,13:15,,2025-10-17 13:15:42,6.0,6.0,4102000000,4102000000,"[{'securityType': 'Treasury', 'amtSubmitted': 4102000000, 'amtAccepted': 4102000000, 'percentOfferingRate': 4.0, 'percentAwardRate': 4.0}]",,reverserepo,reverserepo,
61,RP 102025 2,Results,2025-10-20,2025-10-20,2025-10-21,Reverse Repo,Fixed Rate,Same Day,1,Overnight,12:45,13:15,,2025-10-20 13:15:35,9.0,9.0,5931000000,5931000000,"[{'securityType': 'Treasury', 'amtSubmitted': 5931000000, 'amtAccepted': 5931000000, 'percentOfferingRate': 4.0, 'percentAwardRate': 4.0}]",,reverserepo,reverserepo,
62,RP 102125 2,Results,2025-10-21,2025-10-21,2025-10-22,Reverse Repo,Fixed Rate,Same Day,1,Overnight,12:45,13:15,,2025-10-21 13:15:37,10.0,10.0,4699000000,4699000000,"[{'securityType': 'Treasury', 'amtSubmitted': 4699000000, 'amtAccepted': 4699000000, 'percentOfferingRate': 4.0, 'percentAwardRate': 4.0}]",,reverserepo,reverserepo,
63,RP 102225 3,Results,2025-10-22,2025-10-22,2025-10-23,Reverse Repo,Fixed Rate,Same Day,1,Overnight,12:45,13:15,,2025-10-22 13:15:27,8.0,8.0,4005000000,4005000000,"[{'securityType': 'Treasury', 'amtSubmitted': 4005000000, 'amtAccepted': 4005000000, 'percentOfferingRate': 4.0, 'percentAwardRate': 4.0}]",,reverserepo,reverserepo,
64,RP 102325 2,Results,2025-10-23,2025-10-23,2025-10-24,Reverse Repo,Fixed Rate,Same Day,1,Overnight,12:45,13:15,,2025-10-23 13:15:29,15.0,15.0,6941000000,6941000000,"[{'securityType': 'Treasury', 'amtSubmitted': 6941000000, 'amtAccepted': 6941000000, 'percentOfferingRate': 4.0, 'percentAwardRate': 4.0}]",,reverserepo,reverserepo,
65,RP 102425 2,Results,2025-10-24,2025-10-24,2025-10-27,Reverse Repo,Fixed Rate,Same Day,3,Overnight,12:45,13:15,,2025-10-24 13:15:27,4.0,4.0,2435000000,2435000000,"[{'securityType': 'Treasury', 'amtSubmitted': 2435000000, 'amtAccepted': 2435000000, 'percentOfferingRate': 4.0, 'percentAwardRate': 4.0}]",,reverserepo,reverserepo,
66,RP 102725 2,Results,2025-10-27,2025-10-27,2025-10-28,Reverse Repo,Fixed Rate,Same Day,1,Overnight,12:45,13:15,,2025-10-27 13:16:00,13.0,13.0,10642000000,10642000000,"[{'securityType': 'Treasury', 'amtSubmitted': 10642000000, 'amtAccepted': 10642000000, 'percentOfferingRate': 4.0, 'percentAwardRate': 4.0}]",,reverserepo,reverserepo,
67,RP 102825 2,Results,2025-10-28,2025-10-28,2025-10-29,Reverse Repo,Fixed Rate,Same Day,1,Overnight,12:45,13:15,,2025-10-28 13:15:55,13.0,13.0,14096000000,14096000000,"[{'securityType': 'Treasury', 'amtSubmitted': 14096000000, 'amtAccepted': 14096000000, 'percentOfferingRate': 4.0, 'percentAwardRate': 4.0}]",,reverserepo,reverserepo,
68,RP 102925 2,Results,2025-10-29,2025-10-29,2025-10-30,Reverse Repo,Fixed Rate,Same Day,1,Overnight,12:45,13:15,,2025-10-29 13:16:01,15.0,15.0,19504000000,19504000000,"[{'securityType': 'Treasury', 'amtSubmitted': 19504000000, 'amtAccepted': 19504000000, 'percentOfferingRate': 4.0, 'percentAwardRate': 4.0}]",,reverserepo,reverserepo,
69,RP 103025 2,Results,2025-10-30,2025-10-30,2025-10-31,Reverse Repo,Fixed Rate,Same Day,1,Overnight,12:45,13:15,,2025-10-30 13:15:48,18.0,18.0,19166000000,19166000000,"[{'securityType': 'Treasury', 'amtSubmitted': 19166000000, 'amtAccepted': 19166000000, 'percentOfferingRate': 3.75, 'percentAwardRate': 3.75}]",,reverserepo,reverserepo,
70,RP 103125 2,Results,2025-10-31,2025-10-31,2025-11-03,Reverse Repo,Fixed Rate,Same Day,3,Overnight,12:45,13:15,,2025-10-31 13:16:13,25.0,25.0,51802000000,51802000000,"[{'securityType': 'Treasury', 'amtSubmitted': 51802000000, 'amtAccepted': 51802000000, 'percentOfferingRate': 3.75, 'percentAwardRate': 3.75}]",,reverserepo,reverserepo,
71,RP 110325 2,Results,2025-11-03,2025-11-03,2025-11-04,Reverse Repo,Fixed Rate,Same Day,1,Overnight,12:45,13:15,,2025-11-03 13:15:47,18.0,18.0,23792000000,23792000000,"[{'securityType': 'Treasury', 'amtSubmitted': 23792000000, 'amtAccepted': 23792000000, 'percentOfferingRate': 3.75, 'percentAwardRate': 3.75}]",,reverserepo,reverserepo,
72,RP 110425 2,Results,2025-11-04,2025-11-04,2025-11-05,Reverse Repo,Fixed Rate,Same Day,1,Overnight,12:45,13:15,,2025-11-04 13:15:56,13.0,13.0,16983000000,16983000000,"[{'securityType': 'Treasury', 'amtSubmitted': 16983000000, 'amtAccepted': 16983000000, 'percentOfferingRate': 3.75, 'percentAwardRate': 3.75}]",,reverserepo,reverserepo,
73,RP 110525 2,Results,2025-11-05,2025-11-05,2025-11-06,Reverse Repo,Fixed Rate,Same Day,1,Overnight,12:45,13:15,,2025-11-05 13:15:52,12.0,12.0,12700000000,12700000000,"[{'securityType': 'Treasury', 'amtSubmitted': 12700000000, 'amtAccepted': 12700000000, 'percentOfferingRate': 3.75, 'percentAwardRate': 3.75}]",,reverserepo,reverserepo,
74,RP 110525 26,Results,2025-11-05,2025-11-05,2025-11-06,Reverse Repo,Fixed Rate,Same Day,1,Overnight,10:30,11:00,"<p>This operation is a Small Value Exercise (SVE); the daily ON RRP operation will still take place at its regularly scheduled time, 12:45pm ET.</p>",2025-11-05 11:00:56,114.0,114.0,114000000,114000000,"[{'securityType': 'Treasury', 'amtSubmitted': 114000000, 'amtAccepted': 114000000, 'percentOfferingRate': 3.75, 'percentAwardRate': 3.75}]",,reverserepo,reverserepo,
75,RP 110625 2,Results,2025-11-06,2025-11-06,2025-11-07,Reverse Repo,Fixed Rate,Same Day,1,Overnight,12:45,13:15,,2025-11-06 13:16:07,14.0,14.0,10754000000,10754000000,"[{'securityType': 'Treasury', 'amtSubmitted': 10754000000, 'amtAccepted': 10754000000, 'percentOfferingRate': 3.75, 'percentAwardRate': 3.75}]",,reverserepo,reverserepo,
76,RP 110725 2,Results,2025-11-07,2025-11-07,2025-11-10,Reverse Repo,Fixed Rate,Same Day,3,Overnight,12:45,13:15,,2025-11-07 13:16:22,9.0,9.0,4903000000,4903000000,"[{'securityType': 'Treasury', 'amtSubmitted': 4903000000, 'amtAccepted': 4903000000, 'percentOfferingRate': 3.75, 'percentAwardRate': 3.75}]",,reverserepo,reverserepo,
77,RP 111025 2,Results,2025-11-10,2025-11-10,2025-11-12,Reverse Repo,Fixed Rate,Same Day,2,Overnight,12:45,13:15,,2025-11-10 13:17:01,11.0,11.0,7152000000,7152000000,"[{'securityType': 'Treasury', 'amtSubmitted': 7152000000, 'amtAccepted': 7152000000, 'percentOfferingRate': 3.75, 'percentAwardRate': 3.75}]",,reverserepo,reverserepo,
78,RP 111225 2,Results,2025-11-12,2025-11-12,2025-11-13,Reverse Repo,Fixed Rate,Same Day,1,Overnight,12:45,13:15,,2025-11-12 13:15:49,18.0,18.0,5886000000,5886000000,"[{'securityType': 'Treasury', 'amtSubmitted': 5886000000, 'amtAccepted': 5886000000, 'percentOfferingRate': 3.75, 'percentAwardRate': 3.75}]",,reverserepo,reverserepo,
79,RP 111325 2,Results,2025-11-13,2025-11-13,2025-11-14,Reverse Repo,Fixed Rate,Same Day,1,Overnight,12:45,13:15,,2025-11-13 13:16:40,8.0,8.0,3761000000,3761000000,"[{'securityType': 'Treasury', 'amtSubmitted': 3761000000, 'amtAccepted': 3761000000, 'percentOfferingRate': 3.75, 'percentAwardRate': 3.75}]",,reverserepo,reverserepo,
80,RP 111425 26,Results,2025-11-14,2025-11-14,2025-11-17,Reverse Repo,Fixed Rate,Same Day,3,Overnight,12:45,13:15,,2025-11-14 13:15:41,10.0,10.0,1559000000,1559000000,"[{'securityType': 'Treasury', 'amtSubmitted': 1559000000, 'amtAccepted': 1559000000, 'percentOfferingRate': 3.75, 'percentAwardRate': 3.75}]",,reverserepo,reverserepo,
81,RP 111725 26,Results,2025-11-17,2025-11-17,2025-11-18,Reverse Repo,Fixed Rate,Same Day,1,Overnight,12:45,13:15,,2025-11-17 13:16:23,7.0,7.0,3172000000,3172000000,"[{'securityType': 'Treasury', 'amtSubmitted': 3172000000, 'amtAccepted': 3172000000, 'percentOfferingRate': 3.75, 'percentAwardRate': 3.75}]",,reverserepo,reverserepo,
82,RP 111825 26,Results,2025-11-18,2025-11-18,2025-11-19,Reverse Repo,Fixed Rate,Same Day,1,Overnight,12:45,13:15,,2025-11-18 13:16:07,8.0,8.0,905000000,905000000,"[{'securityType': 'Treasury', 'amtSubmitted': 905000000, 'amtAccepted': 905000000, 'percentOfferingRate': 3.75, 'percentAwardRate': 3.75}]",,reverserepo,reverserepo,
83,RP 111925 26,Results,2025-11-19,2025-11-19,2025-11-20,Reverse Repo,Fixed Rate,Same Day,1,Overnight,12:45,13:15,,2025-11-19 13:15:52,8.0,8.0,1129000000,1129000000,"[{'securityType': 'Treasury', 'amtSubmitted': 1129000000, 'amtAccepted': 1129000000, 'percentOfferingRate': 3.75, 'percentAwardRate': 3.75}]",,reverserepo,reverserepo,
84,RP 112025 26,Results,2025-11-20,2025-11-20,2025-11-21,Reverse Repo,Fixed Rate,Same Day,1,Overnight,12:45,13:15,,2025-11-20 13:15:23,7.0,7.0,6520000000,6520000000,"[{'securityType': 'Treasury', 'amtSubmitted': 6520000000, 'amtAccepted': 6520000000, 'percentOfferingRate': 3.75, 'percentAwardRate': 3.75}]",,reverserepo,reverserepo,
85,RP 112125 26,Results,2025-11-21,2025-11-21,2025-11-24,Reverse Repo,Fixed Rate,Same Day,3,Overnight,12:45,13:15,,2025-11-21 13:16:16,12.0,12.0,2503000000,2503000000,"[{'securityType': 'Treasury', 'amtSubmitted': 2503000000, 'amtAccepted': 2503000000, 'percentOfferingRate': 3.75, 'percentAwardRate': 3.75}]",,reverserepo,reverserepo,
86,RP 112425 26,Results,2025-11-24,2025-11-24,2025-11-25,Reverse Repo,Fixed Rate,Same Day,1,Overnight,12:45,13:15,,2025-11-24 13:16:02,7.0,7.0,1077000000,1077000000,"[{'securityType': 'Treasury', 'amtSubmitted': 1077000000, 'amtAccepted': 1077000000, 'percentOfferingRate': 3.75, 'percentAwardRate': 3.75}]",,reverserepo,reverserepo,
87,RP 112525 26,Results,2025-11-25,2025-11-25,2025-11-26,Reverse Repo,Fixed Rate,Same Day,1,Overnight,12:45,13:15,,2025-11-25 13:15:57,8.0,8.0,2314000000,2314000000,"[{'securityType': 'Treasury', 'amtSubmitted': 2314000000, 'amtAccepted': 2314000000, 'percentOfferingRate': 3.75, 'percentAwardRate': 3.75}]",,reverserepo,reverserepo,
88,RP 112625 26,Results,2025-11-26,2025-11-26,2025-11-28,Reverse Repo,Fixed Rate,Same Day,2,Overnight,12:45,13:15,,2025-11-26 13:15:55,6.0,6.0,2217000000,2217000000,"[{'securityType': 'Treasury', 'amtSubmitted': 2217000000, 'amtAccepted': 2217000000, 'percentOfferingRate': 3.75, 'percentAwardRate': 3.75}]",,reverserepo,reverserepo,
89,RP 112825 26,Results,2025-11-28,2025-11-28,2025-12-01,Reverse Repo,Fixed Rate,Same Day,3,Overnight,12:45,13:15,,2025-11-28 13:15:58,8.0,8.0,7561000000,7561000000,"[{'securityType': 'Treasury', 'amtSubmitted': 7561000000, 'amtAccepted': 7561000000, 'percentOfferingRate': 3.75, 'percentAwardRate': 3.75}]",,reverserepo,reverserepo,
90,RP 092525 3,Results,2025-09-25,2025-09-25,2025-09-26,Repo,Multiple Price,Same Day,1,Overnight,13:30,13:45,,2025-09-25 13:46:02,,,1000000,1000000,"[{'securityType': 'Treasury', 'amtSubmitted': 1000000, 'amtAccepted': 1000000, 'minimumBidRate': 4.25, 'percentHighRate': 4.25, 'percentLowRate': 4.25, 'percentStopOutRate': 4.25, 'percentWeightedAverageRate': 4.25}, {'securityType': 'Agency', 'amtSubmitted': 0, 'amtAccepted': 0, 'minimumBidRate': 4.25}, {'securityType': 'Mortgage-Backed', 'amtSubmitted': 0, 'amtAccepted': 0, 'minimumBidRate': 4.25}]",,repo,repo,500000000000.0
91,RP 092525 1,Results,2025-09-25,2025-09-25,2025-09-26,Repo,Multiple Price,Same Day,1,Overnight,08:15,08:30,"Today's afternoon SRF operation will have an aggregate operation limit of $500.000 billion, which is $500 billion less the amount of total accepted propositions in this morning's SRF operation.",2025-09-25 08:31:14,,,0,0,"[{'securityType': 'Treasury', 'amtSubmitted': 0, 'amtAccepted': 0, 'minimumBidRate': 4.25}, {'securityType': 'Agency', 'amtSubmitted': 0, 'amtAccepted': 0, 'minimumBidRate': 4.25}, {'securityType': 'Mortgage-Backed', 'amtSubmitted': 0, 'amtAccepted': 0, 'minimumBidRate': 4.25}]",,repo,repo,500000000000.0
92,RP 092625 1,Results,2025-09-26,2025-09-26,2025-09-29,Repo,Multiple Price,Same Day,3,Overnight,08:15,08:30,"Today's afternoon SRF operation will have an aggregate operation limit of $500.000 billion, which is $500 billion less the amount of total accepted propositions in this morning's SRF operation.",2025-09-26 08:31:28,,,0,0,"[{'securityType': 'Treasury', 'amtSubmitted': 0, 'amtAccepted': 0, 'minimumBidRate': 4.25}, {'securityType': 'Agency', 'amtSubmitted': 0, 'amtAccepted': 0, 'minimumBidRate': 4.25}, {'securityType': 'Mortgage-Backed', 'amtSubmitted': 0, 'amtAccepted': 0, 'minimumBidRate': 4.25}]",,repo,repo,500000000000.0
93,RP 092625 3,Results,2025-09-26,2025-09-26,2025-09-29,Repo,Multiple Price,Same Day,3,Overnight,13:30,13:45,,2025-09-26 13:45:55,,,0,0,"[{'securityType': 'Treasury', 'amtSubmitted': 0, 'amtAccepted': 0, 'minimumBidRate': 4.25}, {'securityType': 'Agency', 'amtSubmitted': 0, 'amtAccepted': 0, 'minimumBidRate': 4.25}, {'securityType': 'Mortgage-Backed', 'amtSubmitted': 0, 'amtAccepted': 0, 'minimumBidRate': 4.25}]",,repo,repo,500000000000.0
94,RP 092925 1,Results,2025-09-29,2025-09-29,2025-09-30,Repo,Multiple Price,Same Day,1,Overnight,08:15,08:30,"Today's afternoon SRF operation will have an aggregate operation limit of $500.000 billion, which is $500 billion less the amount of total accepted propositions in this morning's SRF operation.",2025-09-29 08:31:02,,,0,0,"[{'securityType': 'Treasury', 'amtSubmitted': 0, 'amtAccepted': 0, 'minimumBidRate': 4.25}, {'securityType': 'Agency', 'amtSubmitted': 0, 'amtAccepted': 0, 'minimumBidRate': 4.25}, {'securityType': 'Mortgage-Backed', 'amtSubmitted': 0, 'amtAccepted': 0, 'minimumBidRate': 4.25}]",,repo,repo,500000000000.0
95,RP 092925 3,Results,2025-09-29,2025-09-29,2025-09-30,Repo,Multiple Price,Same Day,1,Overnight,13:30,13:45,,2025-09-29 13:45:30,,,0,0,"[{'securityType': 'Treasury', 'amtSubmitted': 0, 'amtAccepted': 0, 'minimumBidRate': 4.25}, {'securityType': 'Agency', 'amtSubmitted': 0, 'amtAccepted': 0, 'minimumBidRate': 4.25}, {'securityType': 'Mortgage-Backed', 'amtSubmitted': 0, 'amtAccepted': 0, 'minimumBidRate': 4.25}]",,repo,repo,500000000000.0
96,RP 093025 3,Results,2025-09-30,2025-09-30,2025-10-01,Repo,Multiple Price,Same Day,1,Overnight,13:30,13:45,,2025-09-30 13:45:43,,,6000000000,6000000000,"[{'securityType': 'Treasury', 'amtSubmitted': 5000000000, 'amtAccepted': 5000000000, 'minimumBidRate': 4.25, 'percentHighRate': 4.25, 'percentLowRate': 4.25, 'percentStopOutRate': 4.25, 'percentWeightedAverageRate': 4.25}, {'securityType': 'Agency', 'amtSubmitted': 0, 'amtAccepted': 0, 'minimumBidRate': 4.25}, {'securityType': 'Mortgage-Backed', 'amtSubmitted': 1000000000, 'amtAccepted': 1000000000, 'minimumBidRate': 4.25, 'percentHighRate': 4.25, 'percentLowRate': 4.25, 'percentStopOutRate': 4.25, 'percentWeightedAverageRate': 4.25}]",,repo,repo,500000000000.0
97,RP 093025 1,Results,2025-09-30,2025-09-30,2025-10-01,Repo,Multiple Price,Same Day,1,Overnight,08:15,08:30,"Today's afternoon SRF operation will have an aggregate operation limit of $500.000 billion, which is $500 billion less the amount of total accepted propositions in this morning's SRF operation.",2025-09-30 08:31:19,,,0,0,"[{'securityType': 'Treasury', 'amtSubmitted': 0, 'amtAccepted': 0, 'minimumBidRate': 4.25}, {'securityType': 'Agency', 'amtSubmitted': 0, 'amtAccepted': 0, 'minimumBidRate': 4.25}, {'securityType': 'Mortgage-Backed', 'amtSubmitted': 0, 'amtAccepted': 0, 'minimumBidRate': 4.25}]",,repo,repo,500000000000.0
98,RP 100125 3,Results,2025-10-01,2025-10-01,2025-10-02,Repo,Multiple Price,Same Day,1,Overnight,13:30,13:45,,2025-10-01 13:46:18,,,0,0,"[{'securityType': 'Treasury', 'amtSubmitted': 0, 'amtAccepted': 0, 'minimumBidRate': 4.25}, {'securityType': 'Agency', 'amtSubmitted': 0, 'amtAccepted': 0, 'minimumBidRate': 4.25}, {'securityType': 'Mortgage-Backed', 'amtSubmitted': 0, 'amtAccepted': 0, 'minimumBidRate': 4.25}]",,repo,repo,500000000000.0
99,RP 100125 1,Results,2025-10-01,2025-10-01,2025-10-02,Repo,Multiple Price,Same Day,1,Overnight,08:15,08:30,"Today's afternoon SRF operation will have an aggregate operation limit of $500.000 billion, which is $500 billion less the amount of total accepted propositions in this morning's SRF operation.",2025-10-01 08:32:05,,,0,0,"[{'securityType': 'Treasury', 'amtSubmitted': 0, 'amtAccepted': 0, 'minimumBidRate': 4.25}, {'securityType': 'Agency', 'amtSubmitted': 0, 'amtAccepted': 0, 'minimumBidRate': 4.25}, {'securityType': 'Mortgage-Backed', 'amtSubmitted': 0, 'amtAccepted': 0, 'minimumBidRate': 4.25}]",,repo,repo,500000000000.0
100,RP 100225 3,Results,2025-10-02,2025-10-02,2025-10-03,Repo,Multiple Price,Same Day,1,Overnight,13:30,13:45,,2025-10-02 13:46:25,,,3000000,3000000,"[{'securityType': 'Treasury', 'amtSubmitted': 1000000, 'amtAccepted': 1000000, 'minimumBidRate': 4.25, 'percentHighRate': 4.25, 'percentLowRate': 4.25, 'percentStopOutRate': 4.25, 'percentWeightedAverageRate': 4.25}, {'securityType': 'Agency', 'amtSubmitted': 1000000, 'amtAccepted': 1000000, 'minimumBidRate': 4.25, 'percentHighRate': 4.25, 'percentLowRate': 4.25, 'percentStopOutRate': 4.25, 'percentWeightedAverageRate': 4.25}, {'securityType': 'Mortgage-Backed', 'amtSubmitted': 1000000, 'amtAccepted': 1000000, 'minimumBidRate': 4.25, 'percentHighRate': 4.25, 'percentLowRate': 4.25, 'percentStopOutRate': 4.25, 'percentWeightedAverageRate': 4.25}]",,repo,repo,500000000000.0
101,RP 100225 1,Results,2025-10-02,2025-10-02,2025-10-03,Repo,Multiple Price,Same Day,1,Overnight,08:15,08:30,"Today's afternoon SRF operation will have an aggregate operation limit of $500.000 billion, which is $500 billion less the amount of total accepted propositions in this morning's SRF operation.",2025-10-02 08:32:34,,,0,0,"[{'securityType': 'Treasury', 'amtSubmitted': 0, 'amtAccepted': 0, 'minimumBidRate': 4.25}, {'securityType': 'Agency', 'amtSubmitted': 0, 'amtAccepted': 0, 'minimumBidRate': 4.25}, {'securityType': 'Mortgage-Backed', 'amtSubmitted': 0, 'amtAccepted': 0, 'minimumBidRate': 4.25}]",,repo,repo,500000000000.0
102,RP 100325 1,Results,2025-10-03,2025-10-03,2025-10-06,Repo,Multiple Price,Same Day,3,Overnight,08:15,08:30,"Today's afternoon SRF operation will have an aggregate operation limit of $500.000 billion, which is $500 billion less the amount of total accepted propositions in this morning's SRF operation.",2025-10-03 08:32:25,,,0,0,"[{'securityType': 'Treasury', 'amtSubmitted': 0, 'amtAccepted': 0, 'minimumBidRate': 4.25}, {'securityType': 'Agency', 'amtSubmitted': 0, 'amtAccepted': 0, 'minimumBidRate': 4.25}, {'securityType': 'Mortgage-Backed', 'amtSubmitted': 0, 'amtAccepted': 0, 'minimumBidRate': 4.25}]",,repo,repo,500000000000.0
103,RP 100325 3,Results,2025-10-03,2025-10-03,2025-10-06,Repo,Multiple Price,Same Day,3,Overnight,13:30,13:45,,2025-10-03 13:46:29,,,105000000,105000000,"[{'securityType': 'Treasury', 'amtSubmitted': 105000000, 'amtAccepted': 105000000, 'minimumBidRate': 4.25, 'percentHighRate': 4.25, 'percentLowRate': 4.25, 'percentStopOutRate': 4.25, 'percentWeightedAverageRate': 4.25}, {'securityType': 'Agency', 'amtSubmitted': 0, 'amtAccepted': 0, 'minimumBidRate': 4.25}, {'securityType': 'Mortgage-Backed', 'amtSubmitted': 0, 'amtAccepted': 0, 'minimumBidRate': 4.25}]",,repo,repo,500000000000.0
104,RP 100625 1,Results,2025-10-06,2025-10-06,2025-10-07,Repo,Multiple Price,Same Day,1,Overnight,08:15,08:30,"Today's afternoon SRF operation will have an aggregate operation limit of $500.000 billion, which is $500 billion less the amount of total accepted propositions in this morning's SRF operation.",2025-10-06 08:31:25,,,0,0,"[{'securityType': 'Treasury', 'amtSubmitted': 0, 'amtAccepted': 0, 'minimumBidRate': 4.25}, {'securityType': 'Agency', 'amtSubmitted': 0, 'amtAccepted': 0, 'minimumBidRate': 4.25}, {'securityType': 'Mortgage-Backed', 'amtSubmitted': 0, 'amtAccepted': 0, 'minimumBidRate': 4.25}]",,repo,repo,500000000000.0
105,RP 100625 3,Results,2025-10-06,2025-10-06,2025-10-07,Repo,Multiple Price,Same Day,1,Overnight,13:30,13:45,,2025-10-06 13:46:04,,,20000000,20000000,"[{'securityType': 'Treasury', 'amtSubmitted': 10000000, 'amtAccepted': 10000000, 'minimumBidRate': 4.25, 'percentHighRate': 4.25, 'percentLowRate': 4.25, 'percentStopOutRate': 4.25, 'percentWeightedAverageRate': 4.25}, {'securityType': 'Agency', 'amtSubmitted': 0, 'amtAccepted': 0, 'minimumBidRate': 4.25}, {'securityType': 'Mortgage-Backed', 'amtSubmitted': 10000000, 'amtAccepted': 10000000, 'minimumBidRate': 4.25, 'percentHighRate': 4.25, 'percentLowRate': 4.25, 'percentStopOutRate': 4.25, 'percentWeightedAverageRate': 4.25}]",,repo,repo,500000000000.0
106,RP 100725 3,Results,2025-10-07,2025-10-07,2025-10-08,Repo,Multiple Price,Same Day,1,Overnight,13:30,13:45,,2025-10-07 13:45:40,,,2000000,2000000,"[{'securityType': 'Treasury', 'amtSubmitted': 1000000, 'amtAccepted': 1000000, 'minimumBidRate': 4.25, 'percentHighRate': 4.25, 'percentLowRate': 4.25, 'percentStopOutRate': 4.25, 'percentWeightedAverageRate': 4.25}, {'securityType': 'Agency', 'amtSubmitted': 0, 'amtAccepted': 0, 'minimumBidRate': 4.25}, {'securityType': 'Mortgage-Backed', 'amtSubmitted': 1000000, 'amtAccepted': 1000000, 'minimumBidRate': 4.25, 'percentHighRate': 4.25, 'percentLowRate': 4.25, 'percentStopOutRate': 4.25, 'percentWeightedAverageRate': 4.25}]",,repo,repo,500000000000.0
107,RP 100725 1,Results,2025-10-07,2025-10-07,2025-10-08,Repo,Multiple Price,Same Day,1,Overnight,08:15,08:30,"Today's afternoon SRF operation will have an aggregate operation limit of $500.000 billion, which is $500 billion less the amount of total accepted propositions in this morning's SRF operation.",2025-10-07 08:31:39,,,0,0,"[{'securityType': 'Treasury', 'amtSubmitted': 0, 'amtAccepted': 0, 'minimumBidRate': 4.25}, {'securityType': 'Agency', 'amtSubmitted': 0, 'amtAccepted': 0, 'minimumBidRate': 4.25}, {'securityType': 'Mortgage-Backed', 'amtSubmitted': 0, 'amtAccepted': 0, 'minimumBidRate': 4.25}]",,repo,repo,500000000000.0
108,RP 100825 3,Results,2025-10-08,2025-10-08,2025-10-09,Repo,Multiple Price,Same Day,1,Overnight,13:30,13:45,,2025-10-08 13:45:36,,,1000000,1000000,"[{'securityType': 'Treasury', 'amtSubmitted': 1000000, 'amtAccepted': 1000000, 'minimumBidRate': 4.25, 'percentHighRate': 4.25, 'percentLowRate': 4.25, 'percentStopOutRate': 4.25, 'percentWeightedAverageRate': 4.25}, {'securityType': 'Agency', 'amtSubmitted': 0, 'amtAccepted': 0, 'minimumBidRate': 4.25}, {'securityType': 'Mortgage-Backed', 'amtSubmitted': 0, 'amtAccepted': 0, 'minimumBidRate': 4.25}]",,repo,repo,500000000000.0
109,RP 100825 99,Results,2025-10-08,2025-10-08,2025-10-09,Repo,Multiple Price,Same Day,1,Overnight,10:15,10:30,"This operation is a Small Value Exercise (SVE), the daily SRF operation will still take place at its regularly scheduled time (1:30pm)",2025-10-08 10:40:30,,,97000000,97000000,"[{'securityType': 'Treasury', 'amtSubmitted': 45000000, 'amtAccepted': 45000000, 'percentHighRate': 4.25, 'percentLowRate': 4.25, 'percentStopOutRate': 4.25, 'percentWeightedAverageRate': 4.25}, {'securityType': 'Agency', 'amtSubmitted': 18000000, 'amtAccepted': 18000000, 'percentHighRate': 4.25, 'percentLowRate': 4.25, 'percentStopOutRate': 4.25, 'percentWeightedAverageRate': 4.25}, {'securityType': 'Mortgage-Backed', 'amtSubmitted': 34000000, 'amtAccepted': 34000000, 'percentHighRate': 4.25, 'percentLowRate': 4.25, 'percentStopOutRate': 4.25, 'percentWeightedAverageRate': 4.25}]",,repo,repo,250000000.0
110,RP 100825 1,Results,2025-10-08,2025-10-08,2025-10-09,Repo,Multiple Price,Same Day,1,Overnight,08:15,08:30,"Today's afternoon SRF operation will have an aggregate operation limit of $500.000 billion, which is $500 billion less the amount of total accepted propositions in this morning's SRF operation",2025-10-08 08:32:01,,,0,0,"[{'securityType': 'Treasury', 'amtSubmitted': 0, 'amtAccepted': 0, 'minimumBidRate': 4.25}, {'securityType': 'Agency', 'amtSubmitted': 0, 'amtAccepted': 0, 'minimumBidRate': 4.25}, {'securityType': 'Mortgage-Backed', 'amtSubmitted': 0, 'amtAccepted': 0, 'minimumBidRate': 4.25}]",,repo,repo,500000000000.0
111,RP 100925 3,Results,2025-10-09,2025-10-09,2025-10-10,Repo,Multiple Price,Same Day,1,Overnight,13:30,13:45,,2025-10-09 13:45:45,,,2000000,2000000,"[{'securityType': 'Treasury', 'amtSubmitted': 1000000, 'amtAccepted': 1000000, 'minimumBidRate': 4.25, 'percentHighRate': 4.25, 'percentLowRate': 4.25, 'percentStopOutRate': 4.25, 'percentWeightedAverageRate': 4.25}, {'securityType': 'Agency', 'amtSubmitted': 0, 'amtAccepted': 0, 'minimumBidRate': 4.25}, {'securityType': 'Mortgage-Backed', 'amtSubmitted': 1000000, 'amtAccepted': 1000000, 'minimumBidRate': 4.25, 'percentHighRate': 4.25, 'percentLowRate': 4.25, 'percentStopOutRate': 4.25, 'percentWeightedAverageRate': 4.25}]",,repo,repo,500000000000.0
112,RP 100925 1,Results,2025-10-09,2025-10-09,2025-10-10,Repo,Multiple Price,Same Day,1,Overnight,08:15,08:30,"Today's afternoon SRF operation will have an aggregate operation limit of $500.000 billion, which is $500 billion less the amount of total accepted propositions in this morning's SRF operation.",2025-10-09 08:31:08,,,0,0,"[{'securityType': 'Treasury', 'amtSubmitted': 0, 'amtAccepted': 0, 'minimumBidRate': 4.25}, {'securityType': 'Agency', 'amtSubmitted': 0, 'amtAccepted': 0, 'minimumBidRate': 4.25}, {'securityType': 'Mortgage-Backed', 'amtSubmitted': 0, 'amtAccepted': 0, 'minimumBidRate': 4.25}]",,repo,repo,500000000000.0
113,RP 101025 1,Results,2025-10-10,2025-10-10,2025-10-14,Repo,Multiple Price,Same Day,4,Overnight,08:15,08:30,"Today's afternoon SRF operation will have an aggregate operation limit of $500.000 billion, which is $500 billion less the amount of total accepted propositions in this morning's SRF operation.",2025-10-10 08:30:49,,,0,0,"[{'securityType': 'Treasury', 'amtSubmitted': 0, 'amtAccepted': 0, 'minimumBidRate': 4.25}, {'securityType': 'Agency', 'amtSubmitted': 0, 'amtAccepted': 0, 'minimumBidRate': 4.25}, {'securityType': 'Mortgage-Backed', 'amtSubmitted': 0, 'amtAccepted': 0, 'minimumBidRate': 4.25}]",,repo,repo,500000000000.0
114,RP 101025 3,Results,2025-10-10,2025-10-10,2025-10-14,Repo,Multiple Price,Same Day,4,Overnight,13:30,13:45,,2025-10-10 13:45:30,,,0,0,"[{'securityType': 'Treasury', 'amtSubmitted': 0, 'amtAccepted': 0, 'minimumBidRate': 4.25}, {'securityType': 'Agency', 'amtSubmitted': 0, 'amtAccepted': 0, 'minimumBidRate': 4.25}, {'securityType': 'Mortgage-Backed', 'amtSubmitted': 0, 'amtAccepted': 0, 'minimumBidRate': 4.25}]",,repo,repo,500000000000.0
115,RP 101425 3,Results,2025-10-14,2025-10-14,2025-10-15,Repo,Multiple Price,Same Day,1,Overnight,13:30,13:45,,2025-10-14 13:45:49,,,0,0,"[{'securityType': 'Treasury', 'amtSubmitted': 0, 'amtAccepted': 0, 'minimumBidRate': 4.25}, {'securityType': 'Agency', 'amtSubmitted': 0, 'amtAccepted': 0, 'minimumBidRate': 4.25}, {'securityType': 'Mortgage-Backed', 'amtSubmitted': 0, 'amtAccepted': 0, 'minimumBidRate': 4.25}]",,repo,repo,500000000000.0
116,RP 101425 1,Results,2025-10-14,2025-10-14,2025-10-15,Repo,Multiple Price,Same Day,1,Overnight,08:15,08:30,"Today's afternoon SRF operation will have an aggregate operation limit of $500.000 billion, which is $500 billion less the amount of total accepted propositions in this morning's SRF operation.",2025-10-14 08:31:00,,,0,0,"[{'securityType': 'Treasury', 'amtSubmitted': 0, 'amtAccepted': 0, 'minimumBidRate': 4.25}, {'securityType': 'Agency', 'amtSubmitted': 0, 'amtAccepted': 0, 'minimumBidRate': 4.25}, {'securityType': 'Mortgage-Backed', 'amtSubmitted': 0, 'amtAccepted': 0, 'minimumBidRate': 4.25}]",,repo,repo,500000000000.0
117,RP 101525 5,Results,2025-10-15,2025-10-15,2025-10-16,Repo,Multiple Price,Same Day,1,Overnight,13:30,13:45,,2025-10-15 13:45:57,,,0,0,"[{'securityType': 'Treasury', 'amtSubmitted': 0, 'amtAccepted': 0, 'minimumBidRate': 4.25}, {'securityType': 'Agency', 'amtSubmitted': 0, 'amtAccepted': 0, 'minimumBidRate': 4.25}, {'securityType': 'Mortgage-Backed', 'amtSubmitted': 0, 'amtAccepted': 0, 'minimumBidRate': 4.25}]",,repo,repo,493250000000.0
118,RP 101525 1,Results,2025-10-15,2025-10-15,2025-10-16,Repo,Multiple Price,Same Day,1,Overnight,08:15,08:30,"Today's afternoon SRF operation will have an aggregate operation limit of $493.250 billion, which is $500 billion less the amount of total accepted propositions in this morning's SRF operation.",2025-10-15 08:31:17,,,6750000000,6750000000,"[{'securityType': 'Treasury', 'amtSubmitted': 4750000000, 'amtAccepted': 4750000000, 'minimumBidRate': 4.25, 'percentHighRate': 4.25, 'percentLowRate': 4.25, 'percentStopOutRate': 4.25, 'percentWeightedAverageRate': 4.25}, {'securityType': 'Agency', 'amtSubmitted': 0, 'amtAccepted': 0, 'minimumBidRate': 4.25}, {'securityType': 'Mortgage-Backed', 'amtSubmitted': 2000000000, 'amtAccepted': 2000000000, 'minimumBidRate': 4.25, 'percentHighRate': 4.25, 'percentLowRate': 4.25, 'percentStopOutRate': 4.25, 'percentWeightedAverageRate': 4.25}]",,repo,repo,500000000000.0
119,RP 101625 3,Results,2025-10-16,2025-10-16,2025-10-17,Repo,Multiple Price,Same Day,1,Overnight,13:30,13:45,,2025-10-16 13:45:48,,,0,0,"[{'securityType': 'Treasury', 'amtSubmitted': 0, 'amtAccepted': 0, 'minimumBidRate': 4.25}, {'securityType': 'Agency', 'amtSubmitted': 0, 'amtAccepted': 0, 'minimumBidRate': 4.25}, {'securityType': 'Mortgage-Backed', 'amtSubmitted': 0, 'amtAccepted': 0, 'minimumBidRate': 4.25}]",,repo,repo,491650000000.0
120,RP 101625 1,Results,2025-10-16,2025-10-16,2025-10-17,Repo,Multiple Price,Same Day,1,Overnight,08:15,08:30,"Today's afternoon SRF operation will have an aggregate operation limit of $491.650 billion, which is $500 billion less the amount of total accepted propositions in this morning's SRF operation.",2025-10-16 08:32:07,,,8350000000,8350000000,"[{'securityType': 'Treasury', 'amtSubmitted': 1750000000, 'amtAccepted': 1750000000, 'minimumBidRate': 4.25, 'percentHighRate': 4.25, 'percentLowRate': 4.25, 'percentStopOutRate': 4.25, 'percentWeightedAverageRate': 4.25}, {'securityType': 'Agency', 'amtSubmitted': 0, 'amtAccepted': 0, 'minimumBidRate': 4.25}, {'securityType': 'Mortgage-Backed', 'amtSubmitted': 6600000000, 'amtAccepted': 6600000000, 'minimumBidRate': 4.25, 'percentHighRate': 4.25, 'percentLowRate': 4.25, 'percentStopOutRate': 4.25, 'percentWeightedAverageRate': 4.25}]",,repo,repo,500000000000.0
121,RP 101725 3,Results,2025-10-17,2025-10-17,2025-10-20,Repo,Multiple Price,Same Day,3,Overnight,13:30,13:45,,2025-10-17 13:45:54,,,0,0,"[{'securityType': 'Treasury', 'amtSubmitted': 0, 'amtAccepted': 0, 'minimumBidRate': 4.25}, {'securityType': 'Agency', 'amtSubmitted': 0, 'amtAccepted': 0, 'minimumBidRate': 4.25}, {'securityType': 'Mortgage-Backed', 'amtSubmitted': 0, 'amtAccepted': 0, 'minimumBidRate': 4.25}]",,repo,repo,500000000000.0
122,RP 101725 1,Results,2025-10-17,2025-10-17,2025-10-20,Repo,Multiple Price,Same Day,3,Overnight,08:15,08:30,"Today's afternoon SRF operation will have an aggregate operation limit of $500.000 billion, which is $500 billion less the amount of total accepted propositions in this morning's SRF operation.",2025-10-17 08:31:04,,,0,0,"[{'securityType': 'Treasury', 'amtSubmitted': 0, 'amtAccepted': 0, 'minimumBidRate': 4.25}, {'securityType': 'Agency', 'amtSubmitted': 0, 'amtAccepted': 0, 'minimumBidRate': 4.25}, {'securityType': 'Mortgage-Backed', 'amtSubmitted': 0, 'amtAccepted': 0, 'minimumBidRate': 4.25}]",,repo,repo,500000000000.0
123,RP 102025 3,Results,2025-10-20,2025-10-20,2025-10-21,Repo,Multiple Price,Same Day,1,Overnight,13:30,13:45,,2025-10-20 13:46:02,,,2000000000,2000000000,"[{'securityType': 'Treasury', 'amtSubmitted': 2000000000, 'amtAccepted': 2000000000, 'minimumBidRate': 4.25, 'percentHighRate': 4.25, 'percentLowRate': 4.25, 'percentStopOutRate': 4.25, 'percentWeightedAverageRate': 4.25}, {'securityType': 'Agency', 'amtSubmitted': 0, 'amtAccepted': 0, 'minimumBidRate': 4.25}, {'securityType': 'Mortgage-Backed', 'amtSubmitted': 0, 'amtAccepted': 0, 'minimumBidRate': 4.25}]",,repo,repo,499999000000.0
124,RP 102025 1,Results,2025-10-20,2025-10-20,2025-10-21,Repo,Multiple Price,Same Day,1,Overnight,08:15,08:30,"Today's afternoon SRF operation will have an aggregate operation limit of $499.999 billion, which is $500 billion less the amount of total accepted propositions in this morning's SRF operation.",2025-10-20 08:30:51,,,1000000,1000000,"[{'securityType': 'Treasury', 'amtSubmitted': 1000000, 'amtAccepted': 1000000, 'minimumBidRate': 4.25, 'percentHighRate': 4.25, 'percentLowRate': 4.25, 'percentStopOutRate': 4.25, 'percentWeightedAverageRate': 4.25}, {'securityType': 'Agency', 'amtSubmitted': 0, 'amtAccepted': 0, 'minimumBidRate': 4.25}, {'securityType': 'Mortgage-Backed', 'amtSubmitted': 0, 'amtAccepted': 0, 'minimumBidRate': 4.25}]",,repo,repo,500000000000.0
125,RP 102125 1,Results,2025-10-21,2025-10-21,2025-10-22,Repo,Multiple Price,Same Day,1,Overnight,08:15,08:30,"Today's afternoon SRF operation will have an aggregate operation limit of $497.000 billion, which is $500 billion less the amount of total accepted propositions in this morning's SRF operation.",2025-10-21 08:31:42,,,3000000000,3000000000,"[{'securityType': 'Treasury', 'amtSubmitted': 3000000000, 'amtAccepted': 3000000000, 'minimumBidRate': 4.25, 'percentHighRate': 4.25, 'percentLowRate': 4.25, 'percentStopOutRate': 4.25, 'percentWeightedAverageRate': 4.25}, {'securityType': 'Agency', 'amtSubmitted': 0, 'amtAccepted': 0, 'minimumBidRate': 4.25}, {'securityType': 'Mortgage-Backed', 'amtSubmitted': 0, 'amtAccepted': 0, 'minimumBidRate': 4.25}]",,repo,repo,500000000000.0
126,RP 102125 3,Results,2025-10-21,2025-10-21,2025-10-22,Repo,Multiple Price,Same Day,1,Overnight,13:30,13:45,,2025-10-21 13:45:35,,,0,0,"[{'securityType': 'Treasury', 'amtSubmitted': 0, 'amtAccepted': 0, 'minimumBidRate': 4.25}, {'securityType': 'Agency', 'amtSubmitted': 0, 'amtAccepted': 0, 'minimumBidRate': 4.25}, {'securityType': 'Mortgage-Backed', 'amtSubmitted': 0, 'amtAccepted': 0, 'minimumBidRate': 4.25}]",,repo,repo,497000000000.0
127,RP 102225 4,Results,2025-10-22,2025-10-22,2025-10-23,Repo,Multiple Price,Same Day,1,Overnight,13:30,13:45,,2025-10-22 13:45:26,,,0,0,"[{'securityType': 'Treasury', 'amtSubmitted': 0, 'amtAccepted': 0, 'minimumBidRate': 4.25}, {'securityType': 'Agency', 'amtSubmitted': 0, 'amtAccepted': 0, 'minimumBidRate': 4.25}, {'securityType': 'Mortgage-Backed', 'amtSubmitted': 0, 'amtAccepted': 0, 'minimumBidRate': 4.25}]",,repo,repo,499999000000.0
128,RP 102225 1,Results,2025-10-22,2025-10-22,2025-10-23,Repo,Multiple Price,Same Day,1,Overnight,08:15,08:30,"Today's afternoon SRF operation will have an aggregate operation limit of $499.999 billion, which is $500 billion less the amount of total accepted propositions in this morning's SRF operation.",2025-10-22 08:30:39,,,1000000,1000000,"[{'securityType': 'Treasury', 'amtSubmitted': 1000000, 'amtAccepted': 1000000, 'minimumBidRate': 4.25, 'percentHighRate': 4.25, 'percentLowRate': 4.25, 'percentStopOutRate': 4.25, 'percentWeightedAverageRate': 4.25}, {'securityType': 'Agency', 'amtSubmitted': 0, 'amtAccepted': 0, 'minimumBidRate': 4.25}, {'securityType': 'Mortgage-Backed', 'amtSubmitted': 0, 'amtAccepted': 0, 'minimumBidRate': 4.25}]",,repo,repo,500000000000.0
129,RP 102325 3,Results,2025-10-23,2025-10-23,2025-10-24,Repo,Multiple Price,Same Day,1,Overnight,13:30,13:45,,2025-10-23 13:45:23,,,0,0,"[{'securityType': 'Treasury', 'amtSubmitted': 0, 'amtAccepted': 0, 'minimumBidRate': 4.25}, {'securityType': 'Agency', 'amtSubmitted': 0, 'amtAccepted': 0, 'minimumBidRate': 4.25}, {'securityType': 'Mortgage-Backed', 'amtSubmitted': 0, 'amtAccepted': 0, 'minimumBidRate': 4.25}]",,repo,repo,496997000000.0
130,RP 102325 1,Results,2025-10-23,2025-10-23,2025-10-24,Repo,Multiple Price,Same Day,1,Overnight,08:15,08:30,"Today's afternoon SRF operation will have an aggregate operation limit of $496.997 billion, which is $500 billion less the amount of total accepted propositions in this morning's SRF operation.",2025-10-23 08:33:10,,,3003000000,3003000000,"[{'securityType': 'Treasury', 'amtSubmitted': 3001000000, 'amtAccepted': 3001000000, 'minimumBidRate': 4.25, 'percentHighRate': 4.25, 'percentLowRate': 4.25, 'percentStopOutRate': 4.25, 'percentWeightedAverageRate': 4.25}, {'securityType': 'Agency', 'amtSubmitted': 1000000, 'amtAccepted': 1000000, 'minimumBidRate': 4.25, 'percentHighRate': 4.25, 'percentLowRate': 4.25, 'percentStopOutRate': 4.25, 'percentWeightedAverageRate': 4.25}, {'securityType': 'Mortgage-Backed', 'amtSubmitted': 1000000, 'amtAccepted': 1000000, 'minimumBidRate': 4.25, 'percentHighRate': 4.25, 'percentLowRate': 4.25, 'percentStopOutRate': 4.25, 'percentWeightedAverageRate': 4.25}]",,repo,repo,500000000000.0
131,RP 102425 3,Results,2025-10-24,2025-10-24,2025-10-27,Repo,Multiple Price,Same Day,3,Overnight,13:30,13:45,,2025-10-24 13:45:32,,,0,0,"[{'securityType': 'Treasury', 'amtSubmitted': 0, 'amtAccepted': 0, 'minimumBidRate': 4.25}, {'securityType': 'Agency', 'amtSubmitted': 0, 'amtAccepted': 0, 'minimumBidRate': 4.25}, {'securityType': 'Mortgage-Backed', 'amtSubmitted': 0, 'amtAccepted': 0, 'minimumBidRate': 4.25}]",,repo,repo,500000000000.0
132,RP 102425 1,Results,2025-10-24,2025-10-24,2025-10-27,Repo,Multiple Price,Same Day,3,Overnight,08:15,08:30,"Today's afternoon SRF operation will have an aggregate operation limit of $500 billion, which is $500 billion less the amount of total accepted propositions in this morning's SRF operation.",2025-10-24 08:30:40,,,0,0,"[{'securityType': 'Treasury', 'amtSubmitted': 0, 'amtAccepted': 0, 'minimumBidRate': 4.25}, {'securityType': 'Agency', 'amtSubmitted': 0, 'amtAccepted': 0, 'minimumBidRate': 4.25}, {'securityType': 'Mortgage-Backed', 'amtSubmitted': 0, 'amtAccepted': 0, 'minimumBidRate': 4.25}]",,repo,repo,500000000000.0
133,RP 102725 3,Results,2025-10-27,2025-10-27,2025-10-28,Repo,Multiple Price,Same Day,1,Overnight,13:30,13:45,,2025-10-27 13:45:43,,,0,0,"[{'securityType': 'Treasury', 'amtSubmitted': 0, 'amtAccepted': 0, 'minimumBidRate': 4.25}, {'securityType': 'Agency', 'amtSubmitted': 0, 'amtAccepted': 0, 'minimumBidRate': 4.25}, {'securityType': 'Mortgage-Backed', 'amtSubmitted': 0, 'amtAccepted': 0, 'minimumBidRate': 4.25}]",,repo,repo,491600000000.0
134,RP 102725 1,Results,2025-10-27,2025-10-27,2025-10-28,Repo,Multiple Price,Same Day,1,Overnight,08:15,08:30,"Today's afternoon SRF operation will have an aggregate operation limit of $491.600 billion, which is $500 billion less the amount of total accepted propositions in this morning's SRF operation.",2025-10-27 08:31:42,,,8400000000,8400000000,"[{'securityType': 'Treasury', 'amtSubmitted': 3000000000, 'amtAccepted': 3000000000, 'minimumBidRate': 4.25, 'percentHighRate': 4.25, 'percentLowRate': 4.25, 'percentStopOutRate': 4.25, 'percentWeightedAverageRate': 4.25}, {'securityType': 'Agency', 'amtSubmitted': 0, 'amtAccepted': 0, 'minimumBidRate': 4.25}, {'securityType': 'Mortgage-Backed', 'amtSubmitted': 5400000000, 'amtAccepted': 5400000000, 'minimumBidRate': 4.25, 'percentHighRate': 4.25, 'percentLowRate': 4.25, 'percentStopOutRate': 4.25, 'percentWeightedAverageRate': 4.25}]",,repo,repo,500000000000.0
135,RP 102825 3,Results,2025-10-28,2025-10-28,2025-10-29,Repo,Multiple Price,Same Day,1,Overnight,13:30,13:45,,2025-10-28 13:45:41,,,0,0,"[{'securityType': 'Treasury', 'amtSubmitted': 0, 'amtAccepted': 0, 'minimumBidRate': 4.25}, {'securityType': 'Agency', 'amtSubmitted': 0, 'amtAccepted': 0, 'minimumBidRate': 4.25}, {'securityType': 'Mortgage-Backed', 'amtSubmitted': 0, 'amtAccepted': 0, 'minimumBidRate': 4.25}]",,repo,repo,492247000000.0
136,RP 102825 1,Results,2025-10-28,2025-10-28,2025-10-29,Repo,Multiple Price,Same Day,1,Overnight,08:15,08:30,"Today's afternoon SRF operation will have an aggregate operation limit of $492.247 billion, which is $500 billion less the amount of total accepted propositions in this morning's SRF operation.",2025-10-28 08:31:20,,,7753000000,7753000000,"[{'securityType': 'Treasury', 'amtSubmitted': 1000000, 'amtAccepted': 1000000, 'minimumBidRate': 4.25, 'percentHighRate': 4.25, 'percentLowRate': 4.25, 'percentStopOutRate': 4.25, 'percentWeightedAverageRate': 4.25}, {'securityType': 'Agency', 'amtSubmitted': 1000000, 'amtAccepted': 1000000, 'minimumBidRate': 4.25, 'percentHighRate': 4.25, 'percentLowRate': 4.25, 'percentStopOutRate': 4.25, 'percentWeightedAverageRate': 4.25}, {'securityType': 'Mortgage-Backed', 'amtSubmitted': 7751000000, 'amtAccepted': 7751000000, 'minimumBidRate': 4.25, 'percentHighRate': 4.25, 'percentLowRate': 4.25, 'percentStopOutRate': 4.25, 'percentWeightedAverageRate': 4.25}]",,repo,repo,500000000000.0
137,RP 102925 3,Results,2025-10-29,2025-10-29,2025-10-30,Repo,Multiple Price,Same Day,1,Overnight,13:30,13:45,,2025-10-29 13:45:53,,,78000000,78000000,"[{'securityType': 'Treasury', 'amtSubmitted': 76000000, 'amtAccepted': 76000000, 'minimumBidRate': 4.25, 'percentHighRate': 4.25, 'percentLowRate': 4.25, 'percentStopOutRate': 4.25, 'percentWeightedAverageRate': 4.25}, {'securityType': 'Agency', 'amtSubmitted': 1000000, 'amtAccepted': 1000000, 'minimumBidRate': 4.25, 'percentHighRate': 4.25, 'percentLowRate': 4.25, 'percentStopOutRate': 4.25, 'percentWeightedAverageRate': 4.25}, {'securityType': 'Mortgage-Backed', 'amtSubmitted': 1000000, 'amtAccepted': 1000000, 'minimumBidRate': 4.25, 'percentHighRate': 4.25, 'percentLowRate': 4.25, 'percentStopOutRate': 4.25, 'percentWeightedAverageRate': 4.25}]",,repo,repo,489767000000.0
138,RP 102925 1,Results,2025-10-29,2025-10-29,2025-10-30,Repo,Multiple Price,Same Day,1,Overnight,08:15,08:30,"Today's afternoon SRF operation will have an aggregate operation limit of $489.767 billion, which is $500 billion less the amount of total accepted propositions in this morning's SRF operation.",2025-10-29 08:31:37,,,10233000000,10233000000,"[{'securityType': 'Treasury', 'amtSubmitted': 2011000000, 'amtAccepted': 2011000000, 'minimumBidRate': 4.25, 'percentHighRate': 4.25, 'percentLowRate': 4.25, 'percentStopOutRate': 4.25, 'percentWeightedAverageRate': 4.25}, {'securityType': 'Agency', 'amtSubmitted': 11000000, 'amtAccepted': 11000000, 'minimumBidRate': 4.25, 'percentHighRate': 4.25, 'percentLowRate': 4.25, 'percentStopOutRate': 4.25, 'percentWeightedAverageRate': 4.25}, {'securityType': 'Mortgage-Backed', 'amtSubmitted': 8211000000, 'amtAccepted': 8211000000, 'minimumBidRate': 4.25, 'percentHighRate': 4.25, 'percentLowRate': 4.25, 'percentStopOutRate': 4.25, 'percentWeightedAverageRate': 4.25}]",,repo,repo,500000000000.0
139,RP 103025 3,Results,2025-10-30,2025-10-30,2025-10-31,Repo,Multiple Price,Same Day,1,Overnight,13:30,13:45,,2025-10-30 13:45:46,,,4000000000,4000000000,"[{'securityType': 'Treasury', 'amtSubmitted': 4000000000, 'amtAccepted': 4000000000, 'minimumBidRate': 4.0, 'percentHighRate': 4.0, 'percentLowRate': 4.0, 'percentStopOutRate': 4.0, 'percentWeightedAverageRate': 4.0}, {'securityType': 'Agency', 'amtSubmitted': 0, 'amtAccepted': 0, 'minimumBidRate': 4.0}, {'securityType': 'Mortgage-Backed', 'amtSubmitted': 0, 'amtAccepted': 0, 'minimumBidRate': 4.0}]",,repo,repo,497800000000.0
140,RP 103025 1,Results,2025-10-30,2025-10-30,2025-10-31,Repo,Multiple Price,Same Day,1,Overnight,08:15,08:30,"Today's afternoon SRF operation will have an aggregate operation limit of $497.800 billion, which is $500 billion less the amount of total accepted propositions in this morning's SRF operation.",2025-10-30 08:31:37,,,2200000000,2200000000,"[{'securityType': 'Treasury', 'amtSubmitted': 1000000000, 'amtAccepted': 1000000000, 'minimumBidRate': 4.0, 'percentHighRate': 4.0, 'percentLowRate': 4.0, 'percentStopOutRate': 4.0, 'percentWeightedAverageRate': 4.0}, {'securityType': 'Agency', 'amtSubmitted': 0, 'amtAccepted': 0, 'minimumBidRate': 4.0}, {'securityType': 'Mortgage-Backed', 'amtSubmitted': 1200000000, 'amtAccepted': 1200000000, 'minimumBidRate': 4.0, 'percentHighRate': 4.0, 'percentLowRate': 4.0, 'percentStopOutRate': 4.0, 'percentWeightedAverageRate': 4.0}]",,repo,repo,500000000000.0
141,RP 103125 3,Results,2025-10-31,2025-10-31,2025-11-03,Repo,Multiple Price,Same Day,3,Overnight,13:30,13:45,,2025-10-31 13:46:29,,,30000000000,30000000000,"[{'securityType': 'Treasury', 'amtSubmitted': 25000000000, 'amtAccepted': 25000000000, 'minimumBidRate': 4.0, 'percentHighRate': 4.0, 'percentLowRate': 4.0, 'percentStopOutRate': 4.0, 'percentWeightedAverageRate': 4.0}, {'securityType': 'Agency', 'amtSubmitted': 0, 'amtAccepted': 0, 'minimumBidRate': 4.0}, {'securityType': 'Mortgage-Backed', 'amtSubmitted': 5000000000, 'amtAccepted': 5000000000, 'minimumBidRate': 4.0, 'percentHighRate': 4.0, 'percentLowRate': 4.0, 'percentStopOutRate': 4.0, 'percentWeightedAverageRate': 4.0}]",,repo,repo,479650000000.0
142,RP 103125 1,Results,2025-10-31,2025-10-31,2025-11-03,Repo,Multiple Price,Same Day,3,Overnight,08:15,08:30,"Today's afternoon SRF operation will have an aggregate operation limit of $479.650 billion, which is $500 billion less the amount of total accepted propositions in this morning's SRF operation.",2025-10-31 08:32:37,,,20350000000,20350000000,"[{'securityType': 'Treasury', 'amtSubmitted': 4400000000, 'amtAccepted': 4400000000, 'minimumBidRate': 4.0, 'percentHighRate': 4.0, 'percentLowRate': 4.0, 'percentStopOutRate': 4.0, 'percentWeightedAverageRate': 4.0}, {'securityType': 'Agency', 'amtSubmitted': 0, 'amtAccepted': 0, 'minimumBidRate': 4.0}, {'securityType': 'Mortgage-Backed', 'amtSubmitted': 15950000000, 'amtAccepted': 15950000000, 'minimumBidRate': 4.0, 'percentHighRate': 4.0, 'percentLowRate': 4.0, 'percentStopOutRate': 4.0, 'percentWeightedAverageRate': 4.0}]",,repo,repo,500000000000.0
143,RP 110325 3,Results,2025-11-03,2025-11-03,2025-11-04,Repo,Multiple Price,Same Day,1,Overnight,13:30,13:45,,2025-11-03 13:45:56,,,7250000000,7250000000,"[{'securityType': 'Treasury', 'amtSubmitted': 250000000, 'amtAccepted': 250000000, 'minimumBidRate': 4.0, 'percentHighRate': 4.0, 'percentLowRate': 4.0, 'percentStopOutRate': 4.0, 'percentWeightedAverageRate': 4.0}, {'securityType': 'Agency', 'amtSubmitted': 0, 'amtAccepted': 0, 'minimumBidRate': 4.0}, {'securityType': 'Mortgage-Backed', 'amtSubmitted': 7000000000, 'amtAccepted': 7000000000, 'minimumBidRate': 4.0, 'percentHighRate': 4.0, 'percentLowRate': 4.0, 'percentStopOutRate': 4.0, 'percentWeightedAverageRate': 4.0}]",,repo,repo,485250000000.0
144,RP 110325 1,Results,2025-11-03,2025-11-03,2025-11-04,Repo,Multiple Price,Same Day,1,Overnight,08:15,08:30,"Today's afternoon SRF operation will have an aggregate operation limit of $485.250 billion, which is $500 billion less the amount of total accepted propositions in this morning's SRF operation.",2025-11-03 08:32:18,,,14750000000,14750000000,"[{'securityType': 'Treasury', 'amtSubmitted': 7500000000, 'amtAccepted': 7500000000, 'minimumBidRate': 4.0, 'percentHighRate': 4.0, 'percentLowRate': 4.0, 'percentStopOutRate': 4.0, 'percentWeightedAverageRate': 4.0}, {'securityType': 'Agency', 'amtSubmitted': 0, 'amtAccepted': 0, 'minimumBidRate': 4.0}, {'securityType': 'Mortgage-Backed', 'amtSubmitted': 7250000000, 'amtAccepted': 7250000000, 'minimumBidRate': 4.0, 'percentHighRate': 4.0, 'percentLowRate': 4.0, 'percentStopOutRate': 4.0, 'percentWeightedAverageRate': 4.0}]",,repo,repo,500000000000.0
145,RP 110425 3,Results,2025-11-04,2025-11-04,2025-11-05,Repo,Multiple Price,Same Day,1,Overnight,13:30,13:45,,2025-11-04 13:46:15,,,2002000000,2002000000,"[{'securityType': 'Treasury', 'amtSubmitted': 2001000000, 'amtAccepted': 2001000000, 'minimumBidRate': 4.0, 'percentHighRate': 4.0, 'percentLowRate': 4.0, 'percentStopOutRate': 4.0, 'percentWeightedAverageRate': 4.0}, {'securityType': 'Agency', 'amtSubmitted': 0, 'amtAccepted': 0, 'minimumBidRate': 4.0}, {'securityType': 'Mortgage-Backed', 'amtSubmitted': 1000000, 'amtAccepted': 1000000, 'minimumBidRate': 4.0, 'percentHighRate': 4.0, 'percentLowRate': 4.0, 'percentStopOutRate': 4.0, 'percentWeightedAverageRate': 4.0}]",,repo,repo,497200000000.0
146,RP 110425 1,Results,2025-11-04,2025-11-04,2025-11-05,Repo,Multiple Price,Same Day,1,Overnight,08:15,08:30,"Today's afternoon SRF operation will have an aggregate operation limit of $497.200 billion, which is $500 billion less the amount of total accepted propositions in this morning's SRF operation.",2025-11-04 08:32:26,,,2800000000,2800000000,"[{'securityType': 'Treasury', 'amtSubmitted': 1400000000, 'amtAccepted': 1400000000, 'minimumBidRate': 4.0, 'percentHighRate': 4.0, 'percentLowRate': 4.0, 'percentStopOutRate': 4.0, 'percentWeightedAverageRate': 4.0}, {'securityType': 'Agency', 'amtSubmitted': 0, 'amtAccepted': 0, 'minimumBidRate': 4.0}, {'securityType': 'Mortgage-Backed', 'amtSubmitted': 1400000000, 'amtAccepted': 1400000000, 'minimumBidRate': 4.0, 'percentHighRate': 4.0, 'percentLowRate': 4.0, 'percentStopOutRate': 4.0, 'percentWeightedAverageRate': 4.0}]",,repo,repo,500000000000.0
147,RP 110525 1,Results,2025-11-05,2025-11-05,2025-11-06,Repo,Multiple Price,Same Day,1,Overnight,08:15,08:30,"Today's afternoon SRF operation will have an aggregate operation limit of $500.000 billion, which is $500 billion less the amount of total accepted propositions in this morning's SRF operation.",2025-11-05 08:32:03,,,0,0,"[{'securityType': 'Treasury', 'amtSubmitted': 0, 'amtAccepted': 0, 'minimumBidRate': 4.0}, {'securityType': 'Agency', 'amtSubmitted': 0, 'amtAccepted': 0, 'minimumBidRate': 4.0}, {'securityType': 'Mortgage-Backed', 'amtSubmitted': 0, 'amtAccepted': 0, 'minimumBidRate': 4.0}]",,repo,repo,500000000000.0
148,RP 110525 25,Results,2025-11-05,2025-11-05,2025-11-06,Repo,Multiple Price,Same Day,1,Overnight,10:00,10:15,"<p>This operation is a Small Value Exercise (SVE); the daily SRF operation will still take place at its regularly scheduled time, 1:30pm ET.</p>",2025-11-05 10:15:55,,,99000000,99000000,"[{'securityType': 'Treasury', 'amtSubmitted': 42000000, 'amtAccepted': 42000000, 'minimumBidRate': 4.0, 'percentHighRate': 4.0, 'percentLowRate': 4.0, 'percentStopOutRate': 4.0, 'percentWeightedAverageRate': 4.0}, {'securityType': 'Agency', 'amtSubmitted': 20000000, 'amtAccepted': 20000000, 'minimumBidRate': 4.0, 'percentHighRate': 4.0, 'percentLowRate': 4.0, 'percentStopOutRate': 4.0, 'percentWeightedAverageRate': 4.0}, {'securityType': 'Mortgage-Backed', 'amtSubmitted': 37000000, 'amtAccepted': 37000000, 'minimumBidRate': 4.0, 'percentHighRate': 4.0, 'percentLowRate': 4.0, 'percentStopOutRate': 4.0, 'percentWeightedAverageRate': 4.0}]",,repo,repo,250000000.0
149,RP 110525 3,Results,2025-11-05,2025-11-05,2025-11-06,Repo,Multiple Price,Same Day,1,Overnight,13:30,13:45,,2025-11-05 13:45:52,,,3000000,3000000,"[{'securityType': 'Treasury', 'amtSubmitted': 1000000, 'amtAccepted': 1000000, 'minimumBidRate': 4.0, 'percentHighRate': 4.0, 'percentLowRate': 4.0, 'percentStopOutRate': 4.0, 'percentWeightedAverageRate': 4.0}, {'securityType': 'Agency', 'amtSubmitted': 0, 'amtAccepted': 0, 'minimumBidRate': 4.0}, {'securityType': 'Mortgage-Backed', 'amtSubmitted': 2000000, 'amtAccepted': 2000000, 'minimumBidRate': 4.0, 'percentHighRate': 4.0, 'percentLowRate': 4.0, 'percentStopOutRate': 4.0, 'percentWeightedAverageRate': 4.0}]",,repo,repo,500000000000.0
150,RP 110625 3,Results,2025-11-06,2025-11-06,2025-11-07,Repo,Multiple Price,Same Day,1,Overnight,13:30,13:45,,2025-11-06 13:45:57,,,0,0,"[{'securityType': 'Treasury', 'amtSubmitted': 0, 'amtAccepted': 0, 'minimumBidRate': 4.0}, {'securityType': 'Agency', 'amtSubmitted': 0, 'amtAccepted': 0, 'minimumBidRate': 4.0}, {'securityType': 'Mortgage-Backed', 'amtSubmitted': 0, 'amtAccepted': 0, 'minimumBidRate': 4.0}]",,repo,repo,499999000000.0
151,RP 110625 1,Results,2025-11-06,2025-11-06,2025-11-07,Repo,Multiple Price,Same Day,1,Overnight,08:15,08:30,"Today's afternoon SRF operation will have an aggregate operation limit of $499.999 billion, which is $500 billion less the amount of total accepted propositions in this morning's SRF operation.",2025-11-06 08:31:43,,,1000000,1000000,"[{'securityType': 'Treasury', 'amtSubmitted': 1000000, 'amtAccepted': 1000000, 'minimumBidRate': 4.0, 'percentHighRate': 4.0, 'percentLowRate': 4.0, 'percentStopOutRate': 4.0, 'percentWeightedAverageRate': 4.0}, {'securityType': 'Agency', 'amtSubmitted': 0, 'amtAccepted': 0, 'minimumBidRate': 4.0}, {'securityType': 'Mortgage-Backed', 'amtSubmitted': 0, 'amtAccepted': 0, 'minimumBidRate': 4.0}]",,repo,repo,500000000000.0
152,RP 110725 3,Results,2025-11-07,2025-11-07,2025-11-10,Repo,Multiple Price,Same Day,3,Overnight,13:30,13:45,,2025-11-07 13:45:58,,,0,0,"[{'securityType': 'Treasury', 'amtSubmitted': 0, 'amtAccepted': 0, 'minimumBidRate': 4.0}, {'securityType': 'Agency', 'amtSubmitted': 0, 'amtAccepted': 0, 'minimumBidRate': 4.0}, {'securityType': 'Mortgage-Backed', 'amtSubmitted': 0, 'amtAccepted': 0, 'minimumBidRate': 4.0}]",,repo,repo,498000000000.0
153,RP 110725 1,Results,2025-11-07,2025-11-07,2025-11-10,Repo,Multiple Price,Same Day,3,Overnight,08:15,08:30,"Today's afternoon SRF operation will have an aggregate operation limit of $498.000 billion, which is $500 billion less the amount of total accepted propositions in this morning's SRF operation.",2025-11-07 08:31:38,,,2000000000,2000000000,"[{'securityType': 'Treasury', 'amtSubmitted': 0, 'amtAccepted': 0, 'minimumBidRate': 4.0}, {'securityType': 'Agency', 'amtSubmitted': 0, 'amtAccepted': 0, 'minimumBidRate': 4.0}, {'securityType': 'Mortgage-Backed', 'amtSubmitted': 2000000000, 'amtAccepted': 2000000000, 'minimumBidRate': 4.0, 'percentHighRate': 4.0, 'percentLowRate': 4.0, 'percentStopOutRate': 4.0, 'percentWeightedAverageRate': 4.0}]",,repo,repo,500000000000.0
154,RP 111025 3,Results,2025-11-10,2025-11-10,2025-11-12,Repo,Multiple Price,Same Day,2,Overnight,13:30,13:45,,2025-11-10 13:45:43,,,0,0,"[{'securityType': 'Treasury', 'amtSubmitted': 0, 'amtAccepted': 0, 'minimumBidRate': 4.0}, {'securityType': 'Agency', 'amtSubmitted': 0, 'amtAccepted': 0, 'minimumBidRate': 4.0}, {'securityType': 'Mortgage-Backed', 'amtSubmitted': 0, 'amtAccepted': 0, 'minimumBidRate': 4.0}]",,repo,repo,499997000000.0
155,RP 111025 1,Results,2025-11-10,2025-11-10,2025-11-12,Repo,Multiple Price,Same Day,2,Overnight,08:15,08:30,"Today's afternoon SRF operation will have an aggregate operation limit of $499.997 billion, which is $500 billion less the amount of total accepted propositions in this morning's SRF operation.
",2025-11-10 08:30:58,,,3000000,3000000,"[{'securityType': 'Treasury', 'amtSubmitted': 1000000, 'amtAccepted': 1000000, 'minimumBidRate': 4.0, 'percentHighRate': 4.0, 'percentLowRate': 4.0, 'percentStopOutRate': 4.0, 'percentWeightedAverageRate': 4.0}, {'securityType': 'Agency', 'amtSubmitted': 1000000, 'amtAccepted': 1000000, 'minimumBidRate': 4.0, 'percentHighRate': 4.0, 'percentLowRate': 4.0, 'percentStopOutRate': 4.0, 'percentWeightedAverageRate': 4.0}, {'securityType': 'Mortgage-Backed', 'amtSubmitted': 1000000, 'amtAccepted': 1000000, 'minimumBidRate': 4.0, 'percentHighRate': 4.0, 'percentLowRate': 4.0, 'percentStopOutRate': 4.0, 'percentWeightedAverageRate': 4.0}]",,repo,repo,500000000000.0
156,RP 111225 3,Results,2025-11-12,2025-11-12,2025-11-13,Repo,Multiple Price,Same Day,1,Overnight,13:30,13:45,,2025-11-12 13:45:34,,,0,0,"[{'securityType': 'Treasury', 'amtSubmitted': 0, 'amtAccepted': 0, 'minimumBidRate': 4.0}, {'securityType': 'Agency', 'amtSubmitted': 0, 'amtAccepted': 0, 'minimumBidRate': 4.0}, {'securityType': 'Mortgage-Backed', 'amtSubmitted': 0, 'amtAccepted': 0, 'minimumBidRate': 4.0}]",,repo,repo,493948000000.0
157,RP 111225 1,Results,2025-11-12,2025-11-12,2025-11-13,Repo,Multiple Price,Same Day,1,Overnight,08:15,08:30,"Today's afternoon SRF operation will have an aggregate operation limit of $493.948 billion, which is $500 billion less the amount of total accepted propositions in this morning's SRF operation.",2025-11-12 08:31:07,,,6052000000,6052000000,"[{'securityType': 'Treasury', 'amtSubmitted': 4201000000, 'amtAccepted': 4201000000, 'minimumBidRate': 4.0, 'percentHighRate': 4.0, 'percentLowRate': 4.0, 'percentStopOutRate': 4.0, 'percentWeightedAverageRate': 4.0}, {'securityType': 'Agency', 'amtSubmitted': 0, 'amtAccepted': 0, 'minimumBidRate': 4.0}, {'securityType': 'Mortgage-Backed', 'amtSubmitted': 1851000000, 'amtAccepted': 1851000000, 'minimumBidRate': 4.0, 'percentHighRate': 4.0, 'percentLowRate': 4.0, 'percentStopOutRate': 4.0, 'percentWeightedAverageRate': 4.0}]",,repo,repo,500000000000.0
158,RP 111325 4,Results,2025-11-13,2025-11-13,2025-11-14,Repo,Multiple Price,Same Day,1,Overnight,13:30,13:45,,2025-11-13 13:45:33,,,0,0,"[{'securityType': 'Treasury', 'amtSubmitted': 0, 'amtAccepted': 0, 'minimumBidRate': 4.0}, {'securityType': 'Agency', 'amtSubmitted': 0, 'amtAccepted': 0, 'minimumBidRate': 4.0}, {'securityType': 'Mortgage-Backed', 'amtSubmitted': 0, 'amtAccepted': 0, 'minimumBidRate': 4.0}]",,repo,repo,496100000000.0
159,RP 111325 1,Results,2025-11-13,2025-11-13,2025-11-14,Repo,Multiple Price,Same Day,1,Overnight,08:15,08:30,"Today's afternoon SRF operation will have an aggregate operation limit of $496.100 billion, which is $500 billion less the amount of total accepted propositions in this morning's SRF operation.",2025-11-13 08:31:17,,,3900000000,3900000000,"[{'securityType': 'Treasury', 'amtSubmitted': 2250000000, 'amtAccepted': 2250000000, 'minimumBidRate': 4.0, 'percentHighRate': 4.0, 'percentLowRate': 4.0, 'percentStopOutRate': 4.0, 'percentWeightedAverageRate': 4.0}, {'securityType': 'Agency', 'amtSubmitted': 0, 'amtAccepted': 0, 'minimumBidRate': 4.0}, {'securityType': 'Mortgage-Backed', 'amtSubmitted': 1650000000, 'amtAccepted': 1650000000, 'minimumBidRate': 4.0, 'percentHighRate': 4.0, 'percentLowRate': 4.0, 'percentStopOutRate': 4.0, 'percentWeightedAverageRate': 4.0}]",,repo,repo,500000000000.0
160,RP 111425 27,Results,2025-11-14,2025-11-14,2025-11-17,Repo,Multiple Price,Same Day,3,Overnight,13:30,13:45,,2025-11-14 13:45:44,,,7000000,7000000,"[{'securityType': 'Treasury', 'amtSubmitted': 2000000, 'amtAccepted': 2000000, 'minimumBidRate': 4.0, 'percentHighRate': 4.0, 'percentLowRate': 4.0, 'percentStopOutRate': 4.0, 'percentWeightedAverageRate': 4.0}, {'securityType': 'Agency', 'amtSubmitted': 1000000, 'amtAccepted': 1000000, 'minimumBidRate': 4.0, 'percentHighRate': 4.0, 'percentLowRate': 4.0, 'percentStopOutRate': 4.0, 'percentWeightedAverageRate': 4.0}, {'securityType': 'Mortgage-Backed', 'amtSubmitted': 4000000, 'amtAccepted': 4000000, 'minimumBidRate': 4.0, 'percentHighRate': 4.0, 'percentLowRate': 4.0, 'percentStopOutRate': 4.0, 'percentWeightedAverageRate': 4.0}]",,repo,repo,499987000000.0
161,RP 111425 25,Results,2025-11-14,2025-11-14,2025-11-17,Repo,Multiple Price,Same Day,3,Overnight,08:15,08:30,"<p>Today's afternoon SRF operation will have an aggregate operation limit of $499.987 billion, which is $500 billion less the amount of total accepted propositions in this morning's SRF operation.</p>",2025-11-14 08:31:39,,,13000000,13000000,"[{'securityType': 'Treasury', 'amtSubmitted': 4000000, 'amtAccepted': 4000000, 'minimumBidRate': 4.0, 'percentHighRate': 4.0, 'percentLowRate': 4.0, 'percentStopOutRate': 4.0, 'percentWeightedAverageRate': 4.0}, {'securityType': 'Agency', 'amtSubmitted': 2000000, 'amtAccepted': 2000000, 'minimumBidRate': 4.0, 'percentHighRate': 4.0, 'percentLowRate': 4.0, 'percentStopOutRate': 4.0, 'percentWeightedAverageRate': 4.0}, {'securityType': 'Mortgage-Backed', 'amtSubmitted': 7000000, 'amtAccepted': 7000000, 'minimumBidRate': 4.0, 'percentHighRate': 4.0, 'percentLowRate': 4.0, 'percentStopOutRate': 4.0, 'percentWeightedAverageRate': 4.0}]",,repo,repo,500000000000.0
162,RP 111725 27,Results,2025-11-17,2025-11-17,2025-11-18,Repo,Multiple Price,Same Day,1,Overnight,13:30,13:45,,2025-11-17 13:45:40,,,3022000000,3022000000,"[{'securityType': 'Treasury', 'amtSubmitted': 3011000000, 'amtAccepted': 3011000000, 'minimumBidRate': 4.0, 'percentHighRate': 4.0, 'percentLowRate': 4.0, 'percentStopOutRate': 4.0, 'percentWeightedAverageRate': 4.0}, {'securityType': 'Agency', 'amtSubmitted': 0, 'amtAccepted': 0, 'minimumBidRate': 4.0}, {'securityType': 'Mortgage-Backed', 'amtSubmitted': 11000000, 'amtAccepted': 11000000, 'minimumBidRate': 4.0, 'percentHighRate': 4.0, 'percentLowRate': 4.0, 'percentStopOutRate': 4.0, 'percentWeightedAverageRate': 4.0}]",,repo,repo,497449000000.0
163,RP 111725 25,Results,2025-11-17,2025-11-17,2025-11-18,Repo,Multiple Price,Same Day,1,Overnight,08:15,08:30,"<p>Today's afternoon SRF operation will have an aggregate operation limit of $497.449 billion, which is $500 billion less the amount of total accepted propositions in this morning's SRF operation.</p>",2025-11-17 08:31:03,,,2551000000,2551000000,"[{'securityType': 'Treasury', 'amtSubmitted': 1750000000, 'amtAccepted': 1750000000, 'minimumBidRate': 4.0, 'percentHighRate': 4.0, 'percentLowRate': 4.0, 'percentStopOutRate': 4.0, 'percentWeightedAverageRate': 4.0}, {'securityType': 'Agency', 'amtSubmitted': 1000000, 'amtAccepted': 1000000, 'minimumBidRate': 4.0, 'percentHighRate': 4.0, 'percentLowRate': 4.0, 'percentStopOutRate': 4.0, 'percentWeightedAverageRate': 4.0}, {'securityType': 'Mortgage-Backed', 'amtSubmitted': 800000000, 'amtAccepted': 800000000, 'minimumBidRate': 4.0, 'percentHighRate': 4.0, 'percentLowRate': 4.0, 'percentStopOutRate': 4.0, 'percentWeightedAverageRate': 4.0}]",,repo,repo,500000000000.0
164,RP 111825 27,Results,2025-11-18,2025-11-18,2025-11-19,Repo,Multiple Price,Same Day,1,Overnight,13:30,13:45,,2025-11-18 13:45:57,,,8000000,8000000,"[{'securityType': 'Treasury', 'amtSubmitted': 3000000, 'amtAccepted': 3000000, 'minimumBidRate': 4.0, 'percentHighRate': 4.0, 'percentLowRate': 4.0, 'percentStopOutRate': 4.0, 'percentWeightedAverageRate': 4.0}, {'securityType': 'Agency', 'amtSubmitted': 1000000, 'amtAccepted': 1000000, 'minimumBidRate': 4.0, 'percentHighRate': 4.0, 'percentLowRate': 4.0, 'percentStopOutRate': 4.0, 'percentWeightedAverageRate': 4.0}, {'securityType': 'Mortgage-Backed', 'amtSubmitted': 4000000, 'amtAccepted': 4000000, 'minimumBidRate': 4.0, 'percentHighRate': 4.0, 'percentLowRate': 4.0, 'percentStopOutRate': 4.0, 'percentWeightedAverageRate': 4.0}]",,repo,repo,500000000000.0
165,RP 111825 25,Results,2025-11-18,2025-11-18,2025-11-19,Repo,Multiple Price,Same Day,1,Overnight,08:15,08:30,"<p>Today's afternoon SRF operation will have an aggregate operation limit of $500 billion, which is $500 billion less the amount of total accepted propositions in this morning's SRF operation.</p>",2025-11-18 08:33:07,,,0,0,"[{'securityType': 'Treasury', 'amtSubmitted': 0, 'amtAccepted': 0, 'minimumBidRate': 4.0}, {'securityType': 'Agency', 'amtSubmitted': 0, 'amtAccepted': 0, 'minimumBidRate': 4.0}, {'securityType': 'Mortgage-Backed', 'amtSubmitted': 0, 'amtAccepted': 0, 'minimumBidRate': 4.0}]",,repo,repo,500000000000.0
166,RP 111925 27,Results,2025-11-19,2025-11-19,2025-11-20,Repo,Multiple Price,Same Day,1,Overnight,13:30,13:45,,2025-11-19 13:45:55,,,6000000,6000000,"[{'securityType': 'Treasury', 'amtSubmitted': 2000000, 'amtAccepted': 2000000, 'minimumBidRate': 4.0, 'percentHighRate': 4.0, 'percentLowRate': 4.0, 'percentStopOutRate': 4.0, 'percentWeightedAverageRate': 4.0}, {'securityType': 'Agency', 'amtSubmitted': 2000000, 'amtAccepted': 2000000, 'minimumBidRate': 4.0, 'percentHighRate': 4.0, 'percentLowRate': 4.0, 'percentStopOutRate': 4.0, 'percentWeightedAverageRate': 4.0}, {'securityType': 'Mortgage-Backed', 'amtSubmitted': 2000000, 'amtAccepted': 2000000, 'minimumBidRate': 4.0, 'percentHighRate': 4.0, 'percentLowRate': 4.0, 'percentStopOutRate': 4.0, 'percentWeightedAverageRate': 4.0}]",,repo,repo,500000000000.0
167,RP 111925 25,Results,2025-11-19,2025-11-19,2025-11-20,Repo,Multiple Price,Same Day,1,Overnight,08:15,08:30,"<p>Today's afternoon SRF operation will have an aggregate operation limit of $500 billion, which is $500 billion less the amount of total accepted propositions in this morning's SRF operation.</p>",2025-11-19 08:31:19,,,0,0,"[{'securityType': 'Treasury', 'amtSubmitted': 0, 'amtAccepted': 0, 'minimumBidRate': 4.0}, {'securityType': 'Agency', 'amtSubmitted': 0, 'amtAccepted': 0, 'minimumBidRate': 4.0}, {'securityType': 'Mortgage-Backed', 'amtSubmitted': 0, 'amtAccepted': 0, 'minimumBidRate': 4.0}]",,repo,repo,500000000000.0
168,RP 112025 27,Results,2025-11-20,2025-11-20,2025-11-21,Repo,Multiple Price,Same Day,1,Overnight,13:30,13:45,,2025-11-20 13:45:19,,,1000000,1000000,"[{'securityType': 'Treasury', 'amtSubmitted': 1000000, 'amtAccepted': 1000000, 'minimumBidRate': 4.0, 'percentHighRate': 4.0, 'percentLowRate': 4.0, 'percentStopOutRate': 4.0, 'percentWeightedAverageRate': 4.0}, {'securityType': 'Agency', 'amtSubmitted': 0, 'amtAccepted': 0, 'minimumBidRate': 4.0}, {'securityType': 'Mortgage-Backed', 'amtSubmitted': 0, 'amtAccepted': 0, 'minimumBidRate': 4.0}]",,repo,repo,500000000000.0
169,RP 112025 25,Results,2025-11-20,2025-11-20,2025-11-21,Repo,Multiple Price,Same Day,1,Overnight,08:15,08:30,"<p>Today's afternoon SRF operation will have an aggregate operation limit of $500 billion, which is $500 billion less the amount of total accepted propositions in this morning's SRF operation.</p>",2025-11-20 08:31:13,,,0,0,"[{'securityType': 'Treasury', 'amtSubmitted': 0, 'amtAccepted': 0, 'minimumBidRate': 4.0}, {'securityType': 'Agency', 'amtSubmitted': 0, 'amtAccepted': 0, 'minimumBidRate': 4.0}, {'securityType': 'Mortgage-Backed', 'amtSubmitted': 0, 'amtAccepted': 0, 'minimumBidRate': 4.0}]",,repo,repo,500000000000.0
170,RP 112125 27,Results,2025-11-21,2025-11-21,2025-11-24,Repo,Multiple Price,Same Day,3,Overnight,13:30,13:45,,2025-11-21 13:45:46,,,0,0,"[{'securityType': 'Treasury', 'amtSubmitted': 0, 'amtAccepted': 0, 'minimumBidRate': 4.0}, {'securityType': 'Agency', 'amtSubmitted': 0, 'amtAccepted': 0, 'minimumBidRate': 4.0}, {'securityType': 'Mortgage-Backed', 'amtSubmitted': 0, 'amtAccepted': 0, 'minimumBidRate': 4.0}]",,repo,repo,500000000000.0
171,RP 112125 25,Results,2025-11-21,2025-11-21,2025-11-24,Repo,Multiple Price,Same Day,3,Overnight,08:15,08:30,"<p>Today's afternoon SRF operation will have an aggregate operation limit of $500 billion, which is $500 billion less the amount of total accepted propositions in this morning's SRF operation.</p>",2025-11-21 08:31:18,,,0,0,"[{'securityType': 'Treasury', 'amtSubmitted': 0, 'amtAccepted': 0, 'minimumBidRate': 4.0}, {'securityType': 'Agency', 'amtSubmitted': 0, 'amtAccepted': 0, 'minimumBidRate': 4.0}, {'securityType': 'Mortgage-Backed', 'amtSubmitted': 0, 'amtAccepted': 0, 'minimumBidRate': 4.0}]",,repo,repo,500000000000.0
172,RP 112425 27,Results,2025-11-24,2025-11-24,2025-11-25,Repo,Multiple Price,Same Day,1,Overnight,13:30,13:45,,2025-11-24 13:46:28,,,1000000,1000000,"[{'securityType': 'Treasury', 'amtSubmitted': 1000000, 'amtAccepted': 1000000, 'minimumBidRate': 4.0, 'percentHighRate': 4.0, 'percentLowRate': 4.0, 'percentStopOutRate': 4.0, 'percentWeightedAverageRate': 4.0}, {'securityType': 'Agency', 'amtSubmitted': 0, 'amtAccepted': 0, 'minimumBidRate': 4.0}, {'securityType': 'Mortgage-Backed', 'amtSubmitted': 0, 'amtAccepted': 0, 'minimumBidRate': 4.0}]",,repo,repo,500000000000.0
173,RP 112425 25,Results,2025-11-24,2025-11-24,2025-11-25,Repo,Multiple Price,Same Day,1,Overnight,08:15,08:30,"<p>Today's afternoon SRF operation will have an aggregate operation limit of $500.000 billion, which is $500 billion less the amount of total accepted propositions in this morning's SRF operation.</p>",2025-11-24 08:31:27,,,0,0,"[{'securityType': 'Treasury', 'amtSubmitted': 0, 'amtAccepted': 0, 'minimumBidRate': 4.0}, {'securityType': 'Agency', 'amtSubmitted': 0, 'amtAccepted': 0, 'minimumBidRate': 4.0}, {'securityType': 'Mortgage-Backed', 'amtSubmitted': 0, 'amtAccepted': 0, 'minimumBidRate': 4.0}]",,repo,repo,500000000000.0
174,RP 112525 27,Results,2025-11-25,2025-11-25,2025-11-26,Repo,Multiple Price,Same Day,1,Overnight,13:30,13:45,,2025-11-25 13:45:20,,,0,0,"[{'securityType': 'Treasury', 'amtSubmitted': 0, 'amtAccepted': 0, 'minimumBidRate': 4.0}, {'securityType': 'Agency', 'amtSubmitted': 0, 'amtAccepted': 0, 'minimumBidRate': 4.0}, {'securityType': 'Mortgage-Backed', 'amtSubmitted': 0, 'amtAccepted': 0, 'minimumBidRate': 4.0}]",,repo,repo,489400000000.0
175,RP 112525 25,Results,2025-11-25,2025-11-25,2025-11-26,Repo,Multiple Price,Same Day,1,Overnight,08:15,08:30,"<p>Today's afternoon SRF operation will have an aggregate operation limit of $489.400 billion, which is $500 billion less the amount of total accepted propositions in this morning's SRF operation.</p>",2025-11-25 08:31:17,,,10600000000,10600000000,"[{'securityType': 'Treasury', 'amtSubmitted': 2750000000, 'amtAccepted': 2750000000, 'minimumBidRate': 4.0, 'percentHighRate': 4.0, 'percentLowRate': 4.0, 'percentStopOutRate': 4.0, 'percentWeightedAverageRate': 4.0}, {'securityType': 'Agency', 'amtSubmitted': 0, 'amtAccepted': 0, 'minimumBidRate': 4.0}, {'securityType': 'Mortgage-Backed', 'amtSubmitted': 7850000000, 'amtAccepted': 7850000000, 'minimumBidRate': 4.0, 'percentHighRate': 4.0, 'percentLowRate': 4.0, 'percentStopOutRate': 4.0, 'percentWeightedAverageRate': 4.0}]",,repo,repo,500000000000.0
176,RP 112625 27,Results,2025-11-26,2025-11-26,2025-11-28,Repo,Multiple Price,Same Day,2,Overnight,13:30,13:45,,2025-11-26 13:45:31,,,0,0,"[{'securityType': 'Treasury', 'amtSubmitted': 0, 'amtAccepted': 0, 'minimumBidRate': 4.0}, {'securityType': 'Agency', 'amtSubmitted': 0, 'amtAccepted': 0, 'minimumBidRate': 4.0}, {'securityType': 'Mortgage-Backed', 'amtSubmitted': 0, 'amtAccepted': 0, 'minimumBidRate': 4.0}]",,repo,repo,486000000000.0
177,RP 112625 25,Results,2025-11-26,2025-11-26,2025-11-28,Repo,Multiple Price,Same Day,2,Overnight,08:15,08:30,"<p>Today's afternoon SRF operation will have an aggregate operation limit of $486.000 billion, which is $500 billion less the amount of total accepted propositions in this morning's SRF operation.</p>",2025-11-26 08:31:28,,,14000000000,14000000000,"[{'securityType': 'Treasury', 'amtSubmitted': 4000000000, 'amtAccepted': 4000000000, 'minimumBidRate': 4.0, 'percentHighRate': 4.0, 'percentLowRate': 4.0, 'percentStopOutRate': 4.0, 'percentWeightedAverageRate': 4.0}, {'securityType': 'Agency', 'amtSubmitted': 0, 'amtAccepted': 0, 'minimumBidRate': 4.0}, {'securityType': 'Mortgage-Backed', 'amtSubmitted': 10000000000, 'amtAccepted': 10000000000, 'minimumBidRate': 4.0, 'percentHighRate': 4.0, 'percentLowRate': 4.0, 'percentStopOutRate': 4.0, 'percentWeightedAverageRate': 4.0}]",,repo,repo,500000000000.0
178,RP 112825 27,Results,2025-11-28,2025-11-28,2025-12-01,Repo,Multiple Price,Same Day,3,Overnight,13:30,13:45,,2025-11-28 13:45:27,,,0,0,"[{'securityType': 'Treasury', 'amtSubmitted': 0, 'amtAccepted': 0, 'minimumBidRate': 4.0}, {'securityType': 'Agency', 'amtSubmitted': 0, 'amtAccepted': 0, 'minimumBidRate': 4.0}, {'securityType': 'Mortgage-Backed', 'amtSubmitted': 0, 'amtAccepted': 0, 'minimumBidRate': 4.0}]",,repo,repo,475600000000.0
179,RP 112825 25,Results,2025-11-28,2025-11-28,2025-12-01,Repo,Multiple Price,Same Day,3,Overnight,08:15,08:30,"<p>Today's afternoon SRF operation will have an aggregate operation limit of $475.600 billion, which is $500 billion less the amount of total accepted propositions in this morning's SRF operation.</p>",2025-11-28 08:31:16,,,24400000000,24400000000,"[{'securityType': 'Treasury', 'amtSubmitted': 11250000000, 'amtAccepted': 11250000000, 'minimumBidRate': 4.0, 'percentHighRate': 4.0, 'percentLowRate': 4.0, 'percentStopOutRate': 4.0, 'percentWeightedAverageRate': 4.0}, {'securityType': 'Agency', 'amtSubmitted': 0, 'amtAccepted': 0, 'minimumBidRate': 4.0}, {'securityType': 'Mortgage-Backed', 'amtSubmitted': 13150000000, 'amtAccepted': 13150000000, 'minimumBidRate': 4.0, 'percentHighRate': 4.0, 'percentLowRate': 4.0, 'percentStopOutRate': 4.0, 'percentWeightedAverageRate': 4.0}]",,repo,repo,500000000000.0
