date,headline,core,headline_non_sa,core_non_sa,all_less_food,all_less_shelter,all_less_energy,energy,all_less_medical,all_less_food_shelter,all_less_food_shelter_energy,all_less_food_shelter_energy_cars,commodities,services,durables,nondurables,energy_commodities,food_beverages,housing,apparel,transportation,medical_care,recreation,education_communication,other_goods_services,food,food_home,food_away,alcoholic_beverages,shelter,fuels_utilities,household_furnishing,household_energy,private_transportation,new_used_motor_vehicles,motor_fuel,motor_vehicle_parts,motor_vehicle_maintenance,motor_vehicle_insurance,public_transportation,medical_commodities,medical_services,mens_boys_apparel,womens_girls_apparel,apparel_less_footwear,education,communication,information_processing,recreation_commodities,recreation_services,personal_care,other_goods,cereals_bakery,meats_poultry_fish_eggs,fruits_vegetables,nonalcoholic_beverages,other_food_home,new_vehicles,used_cars_trucks,leased_cars_trucks,car_truck_rental,gasoline,other_motor_fuels,rent_primary,lodging_away,owners_equivalent_rent,energy_services,electricity,utility_gas,fuel_oil_other,water_sewer_trash,professional_services,hospital_services,medicinal_drugs,airline_fares,other_intercity_transport,video_audio,pets_pet_products,sporting_goods,photography,other_recreational_goods,other_recreation_services,recreational_reading,footwear,infants_toddlers_apparel,jewelry_watches,educational_books,tuition_childcare,postage_delivery,information_technology,tobacco,misc_personal_services,misc_personal_goods,household_furnishings_supplies,window_floor_coverings,furniture_bedding,appliances,other_household_equipment,tools_hardware,housekeeping_supplies,cereals_cereal_products,bakery_products,meats_poultry_fish,meats,beef_veal,pork,other_meats,poultry,fish_seafood,eggs,dairy_products,fresh_fruits_vegetables,fresh_fruits,fresh_vegetables,processed_fruits_vegetables,juices_drinks,beverage_materials,sugar_sweets,fats_oils,other_foods,alcoholic_home,alcoholic_away,gasoline_regular,gasoline_midgrade,gasoline_premium,new_cars,new_trucks,physicians_services,dental_services,eyeglasses_eye_care,other_medical_professionals,hospital_services_detail,nursing_homes,prescription_drugs,nonprescription_drugs,college_tuition,elementary_high_tuition,day_care_preschool,technical_business_school,commodities_less_food,commodities_less_food_beverages,commodities_less_food_energy,commodities_less_food_energy_cars,domestically_produced_farm_food,nondurables_less_food,nondurables_less_food_beverages,nondurables_less_food_beverages_apparel,nondurables_less_food_apparel,utilities_public_transportation,rent_of_shelter,other_services,transportation_services,services_less_rent_shelter,services_less_medical,services_less_energy,transportation_commodities_less_motor_fuel,education_communication_commodities,education_communication_services,information_technology_commodities,full_service_meals,food_employee_sites_schools,other_food_away,food_elementary_secondary_schools,mens_apparel,mens_suits_outerwear,mens_underwear_accessories,mens_shirts_sweaters,mens_pants_shorts,boys_apparel,womens_apparel,womens_outerwear,womens_dresses,womens_suits_separates,womens_underwear_accessories,girls_apparel,mens_footwear,boys_girls_footwear,womens_footwear,watches,jewelry,flour_flour_mixes,breakfast_cereal,rice_pasta_cornmeal,bread,fresh_biscuits_rolls_muffins,cakes_cupcakes_cookies,other_bakery_products,cookies,crackers_bread_cracker_products,frozen_refrigerated_bakery,uncooked_ground_beef,uncooked_beef_roasts,uncooked_beef_steaks,bacon_breakfast_sausage,ham,pork_chops,other_pork,chicken,other_poultry,fresh_fish_seafood,processed_fish_seafood,bacon_related_products,breakfast_sausage_related,ham_excluding_canned,frankfurters,lunchmeats,fresh_whole_chicken,fresh_frozen_chicken_parts,shelf_stable_fish,frozen_fish_seafood,milk,cheese_related,ice_cream_related,other_dairy_related,fresh_whole_milk,fresh_milk_other_than_whole,butter,apples,bananas,citrus_fruits,other_fresh_fruits,oranges_tangerines,potatoes,lettuce,tomatoes,other_fresh_vegetables,canned_fruits_vegetables,frozen_fruits_vegetables,other_processed_fruits_vegetables,canned_fruits,frozen_vegetables,canned_vegetables,carbonated_drinks,nonfrozen_noncarbonated_juices,coffee,other_beverage_materials,roasted_coffee,sugar_sugar_substitutes,candy_chewing_gum,other_sweets,butter_margarine,salad_dressing,other_fats_oils,margarine,soups,frozen_prepared_foods,snacks,spices_seasonings_condiments,other_misc_foods,salt_seasonings_spices,olives_pickles_relishes,sauces_gravies,other_condiments,prepared_salads,beer_ale_malt_beverages,distilled_spirits_home,wine_home,whiskey_home,distilled_spirits_excluding_whiskey,distilled_spirits_away,housing_school_excluding_board,other_lodging_hotels_motels,owners_equivalent_rent_primary,fuel_oil,propane_kerosene_firewood,water_sewerage_maintenance,garbage_trash_collection,window_coverings,other_linens,other_furniture,major_appliances,other_appliances,indoor_plants_flowers,nonelectric_cookware_tableware,tools_hardware_supplies,outdoor_equipment_supplies,household_cleaning_products,misc_household_products,moving_storage_freight,laundry_equipment,stationery_gift_wrap,new_cars_trucks,tires,motor_vehicle_repair,parking_other_fees,parking_fees_tolls,intercity_train_fare,ship_fare,inpatient_hospital_services,outpatient_hospital_services,postage,delivery_services,computers_peripherals_smart_home,internet_services,telephone_hardware_calculators,televisions,cable_satellite_streaming,other_video_equipment,audio_equipment,video_audio_products,video_audio_services,pets_pet_products_only,pet_services_veterinary,sports_vehicles_bicycles,sports_equipment,photographic_equipment_supplies,toys,sewing_machines_fabric,music_instruments_accessories,club_membership_participant_sports,admissions,fees_lessons_instructions,toys_games_hobbies,photographic_equipment_only,pet_food_treats,purchase_pets_supplies,admission_movies_theaters_concerts,admission_sporting_events,pet_services_only,veterinarian_services,cigarettes,legal_services,funeral_expenses,laundry_dry_cleaning,financial_services,tax_return_accounting
2010-01-01,217.488,220.633,216.687,220.086,217.351,207.987,219.691,212.807,209.322,204.991,205.658,209.427,174.876,259.833,111.934,205.451,245.764,218.855,216.206,119.91,193.116,382.742,113.569,128.956,377.727,218.489,214.738,224.916,222.275,248.034,212.99,127.331,189.177,188.697,97.383,242.147,135.277,245.567,366.349,247.107,310.591,404.972,111.962,107.993,113.552,195.483,84.972,81.804,100.112,100.46,206.034,99.844,250.862,201.693,274.554,162.414,191.31,138.321,142.829,98.771,125.341,242.036,221.305,248.721,131.746,256.425,192.463,191.083,194.326,280.85,166.687,324.393,587.969,,273.454,149.511,100.483,153.464,118.436,80.963,59.021,143.857,221.142,128.921,114.432,149.004,498.248,561.896,146.074,9.451,784.687,350.233,88.867,100.223,74.116,123.048,88.258,72.661,93.084,183.301,219.573,267.146,202.382,197.443,213.17,179.754,192.981,201.981,242.055,189.743,198.949,315.588,330.134,299.581,147.951,125.405,113.313,199.777,199.282,205.329,190.433,289.878,241.459,247.848,235.241,139.047,142.206,327.018,393.796,176.729,212.012,219.173,174.085,400.165,,624.926,613.306,235.724,196.981,153.819,151.27,144.114,144.976,219.857,193.12,191.231,239.831,237.121,201.83,258.766,307.183,256.323,281.652,248.663,266.739,101.1,100.15,100.083,100.047,140.249,139.609,157.517,117.162,117.239,115.085,140.852,79.278,108.765,91.215,110.083,91.682,112.014,85.01,94.794,97.745,126.938,135.393,126.176,116.915,156.881,229.155,215.054,226.635,159.526,152.967,251.605,247.977,245.892,288.182,260.936,194.269,,144.197,125.184,179.94,167.687,112.857,130.511,125.824,142.951,127.938,215.733,124.117,202.686,187.109,127.162,210.106,,177.083,266.013,132.974,201.367,195.465,136.27,189.734,,166.532,288.454,197.113,201.312,115.723,408.958,300.766,283.532,338.851,299.257,151.832,140.354,149.202,142.468,197.279,162.956,154.297,116.586,185.216,124.587,192.124,183.199,,143.703,155.573,124.846,144.005,240.458,230.412,165.729,216.616,214.234,,121.807,,126.893,243.845,,199.558,188.883,170.152,195.796,184.443,152.431,419.2,276.699,256.423,284.786,323.196,369.77,380.036,78.599,,86.589,99.551,73.725,127.067,95.793,,90.641,121.297,116.578,123.944,112.619,157.609,95.85,121.723,151.083,165.262,,99.88,64.32,212.359,506.34,230.646,217.012,78.18,76.363,,8.793,373.451,17.045,47.798,98.952,101.193,193.481,186.651,140.45,98.165,73.77,60.809,92.69,98.821,122.949,318.506,264.094,63.392,34.343,143.085,119.429,153.411,173.456,155.961,194.267,319.552,284.964,279.168,140.695,261.984,173.284
2010-02-01,217.281,220.731,216.741,220.602,217.101,207.71,219.784,209.624,209.049,204.635,205.836,209.593,174.321,259.97,111.811,204.675,239.914,218.898,216.042,120.184,191.978,384.308,113.337,129.136,378.029,218.552,214.728,225.081,222.04,247.997,212.638,126.819,188.477,187.562,97.472,236.22,135.649,245.969,368.421,246.046,311.761,406.672,112.045,108.677,113.897,196.383,84.849,81.701,99.836,100.305,206.214,99.965,250.968,202.854,272.594,162.102,191.293,138.117,143.173,100.024,122.773,235.748,215.386,248.717,131.761,256.373,191.885,190.035,195.254,277.284,167.734,325.259,593.682,,270.971,150.804,99.515,153.954,118.46,80.44,58.792,144.192,221.152,128.812,114.772,147.935,501.869,564.378,145.342,9.521,785.135,351.151,88.849,99.689,73.205,122.467,88.477,71.895,92.405,183.825,219.488,267.628,203.233,199.017,215.129,183.856,190.011,203.001,239.635,196.245,198.8,313.059,323.525,300.914,147.304,125.001,113.617,201.942,199.669,204.803,190.246,288.847,235.023,242.066,229.552,138.735,142.262,328.906,393.421,176.882,213.145,221.587,174.237,401.776,,627.122,615.753,237.45,197.672,153.055,150.493,144.055,144.873,220.258,191.493,189.52,236.771,234.177,201.045,258.555,307.253,257.05,282.109,248.659,266.943,101.12,99.904,100.205,99.258,140.432,139.871,158.569,117.433,117.864,114.966,143.443,78.73,108.984,91.136,109.921,91.111,112.887,84.78,95.543,102.313,127.311,133.458,126.661,116.433,155.51,229.572,214.97,227.734,159.104,151.988,253.823,247.949,247.357,288.527,258.505,197.606,,144.402,126.143,180.935,177.144,115.73,130.866,128.69,140.398,127.963,217.882,125.332,204.608,183.06,125.282,207.462,,175.276,268.341,132.969,201.817,193.489,136.537,189.575,,170.434,293.616,196.487,201.75,112.516,409.001,300.704,269.677,329.789,305.189,151.172,139.456,148.86,140.591,196.9,162.869,155.958,114.872,184.73,125.42,191.448,186.465,,144.19,156.673,125.185,143.685,241.692,226.226,166.56,216.747,215.528,,121.11,,127.367,245.182,,199.211,188.878,169.953,196.343,184.527,151.998,420.282,276.569,256.37,277.928,323.329,372.07,382.49,76.998,,85.736,99.129,75.029,126.178,95.889,,89.821,121.679,117.111,124.105,112.184,157.554,95.703,122.251,151.486,165.246,,100.191,65.086,214.814,511.848,229.122,222.14,77.45,77.305,,8.414,370.619,16.902,48.088,97.23,100.487,194.394,186.741,140.576,98.12,73.148,60.4,93.862,98.441,123.428,319.179,264.065,62.927,33.971,143.793,119.502,153.701,174.122,156.635,194.011,319.614,285.617,280.058,140.958,264.151,173.81
2010-03-01,217.353,220.783,217.631,221.059,217.115,207.844,219.894,209.326,209.07,204.696,205.967,209.789,174.137,260.342,111.683,204.268,237.315,219.321,216.146,120.225,191.375,385.712,113.195,129.439,378.614,218.99,215.55,224.991,222.258,247.914,214.506,126.42,190.348,186.904,97.149,233.57,135.523,246.624,370.678,246.477,312.658,408.261,112.164,108.602,114.104,197.307,84.868,81.715,99.785,100.127,206.263,100.247,250.97,203.284,280.105,162.115,190.774,137.879,142.377,99.395,122.757,233.103,212.517,248.854,132.483,256.185,194.002,193.547,192.898,276.027,168.47,325.727,599.818,,271.311,151.429,99.56,153.889,118.827,80.237,58.722,143.443,221.468,128.068,114.977,150.515,501.877,567.221,145.51,9.525,789.437,352.338,88.411,99.369,73.597,121.957,88.321,71.734,92.174,183.463,219.335,268.165,203.613,199.906,217.346,182.511,191.778,202.522,239.034,197.528,198.814,324.775,334.946,312.823,146.785,124.992,113.606,199.917,198.646,204.624,190.134,289.853,232.095,239.16,226.935,138.445,142.244,328.751,394.455,176.361,213.739,224.202,174.599,403.584,,631.039,618.085,238.373,198.212,152.648,150.071,143.879,144.764,221.409,190.683,188.663,235.713,233.355,202.33,258.327,307.568,257.804,282.963,248.788,267.153,100.826,99.781,100.441,99.067,140.36,140.265,158.657,117.732,118.207,116.592,142.374,78.667,109.255,90.546,110.556,93.392,113.215,84.387,96.949,98.973,126.69,132.391,126.036,115.187,158.916,224.595,215.5,225.797,159.255,151.478,252.091,249.286,245.74,291.468,258.302,197.833,,146.765,126.755,182.134,169.118,116.748,130.299,129.429,140.012,127.121,217.782,126.493,204.915,183.303,127.485,209.11,,171.535,266.785,132.631,202.291,195.832,136.607,189.601,,163.087,299.597,193.268,200.577,120.504,404.919,298.279,278.572,379.425,314.171,149.804,139.531,148.922,140.465,197.182,160.954,155.387,115.053,183.704,125.352,190.47,187.271,,143.967,153.746,125.617,142.77,236.185,225.589,165.694,216.232,213.324,,121.168,,124.984,244.743,,198.72,189.603,169.82,198.397,186.588,152.506,421.835,278.203,256.179,279.826,319.916,373.959,383.362,78.237,,84.688,98.729,74.724,125.692,96.558,,89.401,121.461,117.118,124.479,112.093,157.163,95.538,122.238,151.715,165.345,,100.685,65.404,218.219,515.104,229.286,224.101,77.649,77.158,,8.36,370.119,16.862,47.926,96.987,100.634,194.052,187.11,140.268,98.466,72.578,60.206,95.262,97.75,121.755,318.893,264.413,62.585,33.579,144.312,117.58,153.358,175.289,156.76,194.738,321.512,286.287,280.527,141.409,266.073,176.002
2010-04-01,217.403,220.822,218.009,221.166,217.138,207.896,219.959,209.219,209.087,204.708,206.002,209.875,173.874,260.672,111.397,203.898,237.093,219.531,216.092,119.646,191.249,386.589,113.54,129.686,378.758,219.209,215.721,225.276,222.351,247.959,214.821,125.751,190.455,186.688,96.733,233.231,135.701,247.355,372.452,247.937,313.219,409.253,111.633,107.472,113.375,198.173,84.84,81.696,99.624,100.759,206.024,100.156,250.538,205.426,279.306,161.88,190.839,137.639,141.68,98.102,118.501,232.594,214.594,248.962,133.312,256.152,194.01,194.839,188.815,278.08,169.311,326.759,601.942,,273.533,152.951,99.533,154.23,118.613,79.784,58.591,144.98,222.095,128.296,114.794,151.482,503.135,569.787,145.21,9.491,793.36,352.391,87.36,98.753,72.784,119.953,87.279,71.79,91.814,181.997,219.226,267.343,206.144,203.424,223.378,185.049,192.037,202.925,240.466,192.995,197.308,323.435,325.073,319.531,146.979,124.885,113.369,200.775,199.111,204.47,190.14,290.114,231.862,238.591,226.299,137.955,142.118,329.675,397.124,176.239,214.034,224.9,175.195,404.732,,634.122,620.206,239.463,199.134,152.217,149.627,143.454,144.368,221.387,189.894,187.806,234.412,232.372,202.917,258.318,308.675,258.306,283.635,249.06,267.514,100.561,99.447,100.672,98.406,140.513,140.498,158.738,118.029,117.661,114.721,141.013,78.863,109.237,90.225,109.688,92.681,110.664,84.881,95.044,96.647,127.555,132.149,125.823,115.393,159.927,223.167,216.905,224.922,158.572,152.124,251.147,248.625,243.864,288.394,259.735,201.568,,154.064,128.506,186.498,172.334,115.587,131.071,131.217,142.41,126.529,219.803,127.785,210.075,186.745,127.473,212.005,,172.041,263.612,130.53,202.564,196.194,135.341,186.268,,174.659,301.4,193.041,206.653,112.213,409.723,297.713,280.882,386.844,321.649,150.913,137.748,150.944,141.284,193.245,160.453,155.661,114.775,183.509,125.707,188.912,187.872,,144.0,156.519,124.931,142.39,236.797,224.221,167.932,214.964,213.469,,122.255,,125.131,242.13,,199.912,188.3,169.604,197.195,184.191,152.456,423.239,280.136,256.147,286.351,320.819,376.346,383.615,77.912,,82.756,98.187,73.459,125.489,97.219,,89.237,121.043,115.942,124.168,110.954,155.807,95.385,122.01,152.097,165.668,,103.779,66.194,218.993,516.694,228.76,224.528,77.154,76.958,,8.272,370.237,16.783,47.927,96.655,100.714,194.032,188.292,140.559,97.857,71.403,60.068,94.679,98.106,124.583,320.247,264.511,63.15,33.144,144.286,118.205,153.973,176.4,156.826,196.017,322.841,286.638,280.561,141.843,267.289,176.851
2010-05-01,217.29,220.962,218.178,221.193,216.988,207.671,220.097,206.631,208.952,204.401,206.126,210.059,173.367,260.932,111.206,203.461,232.44,219.651,216.128,119.648,190.231,387.094,113.475,129.776,380.191,219.331,215.717,225.573,222.444,248.128,214.303,125.687,189.66,185.51,96.483,228.655,136.135,247.311,373.569,249.828,314.192,409.547,111.725,107.356,113.515,198.726,84.738,81.6,99.063,101.055,206.18,100.376,250.82,206.387,276.494,161.39,191.137,137.482,140.952,97.412,122.201,227.765,216.372,249.066,134.012,256.302,193.429,193.61,190.306,272.606,170.048,326.895,604.181,,275.82,153.393,99.159,154.265,118.712,80.079,58.027,145.66,220.304,127.65,114.873,153.708,505.492,571.298,144.973,9.455,803.484,352.985,86.596,98.588,71.849,120.762,87.133,71.01,91.816,181.926,217.523,268.575,207.475,205.648,226.048,187.79,192.631,202.729,240.165,187.588,197.749,319.464,322.794,313.996,146.558,124.511,113.196,202.123,199.737,204.529,190.561,290.492,226.952,233.714,222.046,137.731,141.914,329.612,397.524,176.314,213.754,225.761,176.468,406.612,,636.058,622.341,239.767,199.15,151.495,148.885,143.304,144.28,221.727,188.858,186.735,232.861,230.822,203.124,258.482,309.303,258.969,283.954,249.296,267.853,100.336,99.069,100.829,97.553,140.801,140.922,158.529,118.452,117.508,116.007,140.88,79.177,108.526,90.309,109.725,91.247,108.106,85.628,94.767,95.829,127.256,131.383,125.637,114.808,162.861,221.157,217.381,222.59,158.949,152.991,253.273,247.245,247.66,285.643,256.976,202.091,,157.808,128.497,186.867,176.237,120.613,130.481,130.92,142.308,126.681,221.725,126.418,210.356,185.424,127.45,206.677,,171.203,263.792,131.305,203.314,195.423,137.27,186.572,,175.477,306.368,192.364,207.5,110.372,408.272,300.739,290.013,339.814,317.87,149.833,138.651,148.808,141.315,194.728,159.135,154.738,114.849,183.325,124.899,189.201,187.281,,143.401,156.517,127.235,142.754,237.17,224.942,166.14,216.991,215.864,,121.582,,127.45,246.972,,200.468,188.172,169.552,195.573,183.116,152.465,424.885,281.698,256.296,282.293,316.339,378.576,383.405,76.933,,82.728,97.984,73.447,125.202,97.37,,89.277,119.629,116.694,125.298,110.824,154.707,95.275,122.336,152.274,166.279,,107.427,66.068,219.88,518.312,228.304,225.559,76.192,77.379,,8.117,370.189,16.375,47.659,95.488,100.615,193.45,189.407,139.6,98.314,70.715,59.44,93.728,97.831,124.846,322.589,264.761,62.043,32.961,143.442,118.99,155.024,177.713,157.345,197.698,327.491,286.189,281.506,141.861,269.815,180.593
2010-06-01,217.199,221.194,217.965,221.265,216.89,207.476,220.286,203.764,208.816,204.172,206.397,210.278,172.929,261.188,110.989,202.867,227.477,219.627,216.06,119.623,189.426,388.188,113.638,129.939,381.1,219.285,215.476,225.797,222.727,248.295,213.427,125.311,188.548,184.608,96.625,223.838,136.686,247.635,374.72,250.806,314.995,410.74,112.574,106.948,113.439,199.553,84.622,81.486,98.842,101.452,206.407,100.791,249.928,208.263,272.786,161.077,190.713,137.409,141.951,96.899,122.113,222.745,208.702,249.327,134.095,256.447,192.586,192.905,189.032,265.521,170.505,327.588,607.047,,277.651,152.583,99.513,153.796,119.592,80.196,57.629,145.944,221.012,127.869,114.734,152.352,509.137,573.555,144.842,9.421,808.439,353.342,87.802,98.285,72.287,119.699,86.702,70.238,91.475,182.626,216.798,267.583,209.338,208.063,228.499,190.138,195.057,202.969,242.049,189.68,197.947,313.538,321.131,304.097,147.026,124.396,113.104,199.737,199.639,204.413,190.579,291.082,221.781,229.231,218.08,137.639,141.906,330.632,398.535,176.467,213.735,226.9,177.398,407.611,,638.815,623.967,240.793,200.222,150.926,148.294,143.342,144.212,221.401,188.076,185.879,231.496,229.561,203.501,258.538,309.997,259.454,284.208,249.351,268.213,100.569,98.816,100.982,96.751,140.983,141.503,159.271,118.513,118.75,118.102,140.717,79.946,109.13,91.361,109.421,90.661,108.365,84.335,96.148,94.946,127.895,129.893,125.663,114.465,161.356,219.426,214.935,223.491,160.892,153.106,252.098,245.538,247.149,283.088,256.842,206.486,,157.989,130.737,189.167,175.039,124.831,131.586,130.478,144.455,126.396,225.191,127.855,212.443,189.392,128.996,205.371,,171.252,261.798,133.613,203.834,195.703,135.677,192.196,,176.868,302.106,193.156,209.125,109.688,415.608,302.629,295.545,294.511,311.015,150.788,138.026,149.632,141.127,193.491,160.815,153.513,115.166,183.914,124.464,189.635,184.431,,143.695,157.803,124.996,143.063,237.797,226.23,166.352,215.668,213.578,,121.888,,126.169,244.473,,200.785,188.455,169.322,195.854,183.451,152.296,426.172,281.711,256.442,273.349,315.126,379.81,383.749,76.498,,82.367,97.318,73.053,125.353,96.576,,88.895,120.078,117.592,125.207,110.116,156.15,95.236,122.908,152.354,166.834,,114.273,64.339,220.986,520.563,228.082,225.627,75.584,77.275,,8.058,373.545,15.965,47.646,94.917,101.288,192.103,190.133,141.597,98.088,70.665,58.952,93.524,97.559,124.195,325.372,264.681,61.619,32.437,143.316,117.218,156.466,178.852,157.624,198.29,329.638,286.509,281.564,142.268,269.825,180.341
2010-07-01,217.605,221.363,218.011,221.258,217.369,207.995,220.421,206.877,209.237,204.824,206.588,210.442,173.391,261.525,111.085,203.563,232.905,219.643,216.214,119.322,191.082,388.123,113.577,130.112,382.831,219.234,215.451,225.71,223.621,248.43,214.145,125.166,189.141,186.282,96.727,229.734,137.236,247.536,376.676,251.942,314.622,410.809,111.754,107.112,113.14,199.953,84.682,81.535,98.433,101.645,207.09,101.48,249.478,208.938,268.648,161.79,191.096,137.484,142.512,96.316,121.775,229.026,206.628,249.458,134.5,256.552,193.461,193.589,190.506,261.257,171.222,328.568,605.352,,279.192,152.022,99.063,154.414,119.482,79.623,57.161,146.434,220.802,127.612,115.809,149.656,508.309,574.851,145.243,9.399,815.015,354.502,87.605,98.154,71.038,119.036,86.631,69.832,91.427,183.307,215.958,267.401,210.163,208.674,228.08,191.924,195.821,204.08,243.467,187.784,198.991,307.813,313.551,300.16,146.23,124.666,113.406,201.18,199.985,204.622,191.67,291.629,228.219,235.295,222.879,137.535,142.319,332.059,399.324,176.421,214.234,226.019,177.711,407.62,,639.959,625.916,241.06,201.654,151.562,148.92,143.336,144.144,221.184,189.279,187.109,233.726,231.658,203.75,258.605,310.561,260.122,284.747,249.607,268.499,100.768,98.786,101.14,96.798,141.049,138.17,159.338,115.679,117.27,117.222,140.676,78.909,107.721,91.034,109.636,91.31,111.067,83.992,96.239,94.874,127.351,128.856,125.476,114.904,158.248,220.62,214.362,225.854,158.932,153.418,250.708,246.159,244.247,283.304,258.557,207.811,,155.442,134.144,191.91,177.028,121.683,132.365,130.378,145.183,126.933,232.505,130.796,215.284,189.543,128.742,212.339,,176.043,265.314,134.698,204.904,194.828,136.268,193.543,,179.19,298.657,196.489,203.027,106.304,406.334,298.206,292.135,293.305,305.702,149.639,137.421,150.054,140.582,192.474,160.126,155.234,114.888,182.975,125.535,188.19,186.611,,144.422,158.414,126.289,142.58,236.816,225.814,165.135,216.578,213.702,,124.352,,125.176,246.724,,202.055,189.134,170.168,196.492,184.557,152.38,427.693,282.527,256.545,268.947,313.732,381.886,383.832,76.607,,82.283,97.587,73.279,125.951,96.213,,88.515,120.839,116.975,126.451,110.321,156.033,95.286,123.576,152.476,167.185,,125.585,64.327,220.221,518.079,228.715,226.222,75.907,77.014,,7.944,372.777,15.852,47.323,94.046,100.977,191.842,192.667,141.613,98.052,69.781,58.451,92.656,97.274,124.673,326.168,265.188,61.258,31.899,142.261,117.993,157.111,178.265,158.232,198.517,332.379,287.176,282.069,142.414,269.881,180.58
2010-08-01,217.923,221.509,218.312,221.551,217.698,208.442,220.582,208.77,209.529,205.319,206.821,210.626,173.829,261.722,111.239,204.178,236.437,219.879,216.254,118.96,192.287,389.059,113.468,130.289,383.804,219.48,215.361,226.422,223.722,248.43,214.625,125.062,189.498,187.515,97.066,233.323,137.646,248.39,377.305,252.516,315.394,411.794,112.074,105.911,112.749,200.388,84.735,81.575,98.208,101.638,207.392,101.845,249.523,208.395,269.223,161.648,191.172,137.782,143.42,96.183,124.95,232.674,210.307,249.346,134.31,256.574,193.75,194.073,190.169,263.196,171.834,329.24,608.594,,279.262,152.302,98.805,154.495,119.047,78.973,57.15,146.629,220.161,127.446,114.372,153.183,502.625,576.643,145.693,9.4,819.648,355.121,88.198,98.0,70.133,118.324,86.885,70.24,91.238,183.996,217.38,266.443,209.538,208.192,226.713,192.238,195.797,203.172,242.563,188.653,198.712,308.096,311.073,303.042,147.101,125.147,113.43,200.335,200.946,204.749,191.411,292.2,231.793,239.154,226.435,137.654,142.825,332.517,400.331,176.111,215.09,227.362,178.169,409.693,,643.701,625.725,241.83,201.704,152.058,149.426,143.413,144.13,221.077,190.213,188.095,235.404,233.207,203.837,258.593,310.9,260.643,285.161,249.769,268.689,101.131,98.524,101.334,97.026,141.325,140.209,159.517,118.266,117.073,117.526,139.449,79.209,107.215,93.761,108.901,91.249,112.307,83.456,96.354,91.539,125.679,129.325,126.528,115.772,162.296,223.137,216.37,224.431,157.769,153.971,251.033,245.353,247.345,284.075,255.418,207.084,,153.957,135.403,189.138,177.153,122.072,131.156,131.066,144.617,126.841,235.445,130.476,212.469,190.093,128.861,205.54,,174.976,263.411,134.572,206.001,193.806,135.314,192.241,,184.475,291.386,194.164,195.386,107.317,397.593,302.886,285.201,287.509,309.502,150.641,138.34,149.668,140.638,194.129,162.198,156.082,114.897,186.096,124.354,190.735,186.011,,144.622,160.987,126.561,142.485,238.978,225.03,166.451,216.884,214.928,,124.766,,126.043,247.808,,202.074,189.261,169.507,196.859,185.034,153.004,429.844,281.695,256.567,271.261,315.477,383.312,385.01,75.572,,80.82,98.062,73.747,127.718,96.793,,88.481,120.708,117.625,126.432,110.646,157.144,95.512,124.324,153.224,167.228,,125.84,63.484,221.84,519.973,229.516,225.375,76.305,77.072,,7.784,372.39,15.76,47.136,93.168,100.932,192.565,191.7,141.397,97.688,68.394,58.381,93.396,97.012,124.735,326.799,265.474,61.445,31.337,142.948,118.055,157.372,178.693,158.224,197.426,334.392,289.018,282.125,142.477,270.523,180.719
2010-09-01,218.275,221.711,218.439,221.907,217.988,208.883,220.864,209.832,209.806,205.687,207.061,210.839,174.383,261.884,111.283,204.687,239.482,220.598,216.234,119.21,193.316,391.288,113.082,130.408,383.444,220.219,216.166,227.075,224.169,248.568,214.17,124.763,188.744,188.612,97.341,236.369,137.802,249.231,378.551,252.262,316.177,414.592,112.018,106.376,112.95,200.734,84.749,81.57,97.957,101.233,207.087,101.668,250.314,210.342,270.445,161.774,191.336,138.264,144.032,95.475,126.069,235.661,213.837,249.663,134.144,256.686,192.785,193.348,188.451,265.812,172.675,330.304,617.542,,278.873,153.579,98.642,154.58,118.816,78.679,57.398,145.126,219.955,127.881,113.314,153.582,505.224,577.502,146.282,9.372,820.143,355.722,87.347,97.769,69.766,118.041,86.919,70.115,90.935,183.512,216.739,268.383,210.929,209.485,227.464,194.608,196.468,205.1,243.763,200.167,199.042,310.18,314.476,303.868,146.752,124.275,115.609,202.469,201.329,204.494,191.658,293.468,234.937,241.972,227.818,137.924,143.267,333.696,401.223,177.186,215.649,231.277,178.533,411.122,,643.016,629.47,241.939,202.883,152.528,149.894,143.51,144.171,221.752,190.814,188.702,236.419,234.123,203.716,258.927,310.714,260.968,285.397,249.924,268.957,101.495,98.582,101.448,96.826,141.534,143.337,160.072,120.426,117.372,115.903,140.375,78.561,108.824,92.646,109.567,91.782,112.135,82.646,97.24,91.075,127.462,135.097,124.379,114.038,162.99,222.536,214.109,223.069,160.238,153.934,250.934,247.485,244.77,286.344,255.599,204.459,,155.89,138.228,191.629,178.13,122.386,132.297,132.415,144.184,128.212,242.331,131.62,215.292,188.386,129.97,212.478,,177.701,266.002,133.556,206.484,193.311,135.856,191.591,,193.458,287.13,194.901,197.855,108.615,404.416,301.194,281.591,299.191,310.207,150.629,137.77,148.371,143.943,193.599,159.857,155.482,114.217,190.494,124.88,195.355,186.9,,145.162,164.985,125.208,141.559,238.619,225.048,162.181,217.687,214.957,,124.484,,126.524,249.034,,202.183,189.766,169.544,196.922,186.607,153.414,430.776,281.117,256.681,273.386,320.89,385.497,385.92,73.345,,79.942,97.321,73.67,126.698,96.966,,88.302,120.437,117.076,125.378,110.311,155.823,95.86,124.185,153.684,167.465,,116.763,63.22,226.033,526.839,230.468,225.859,76.46,76.975,,7.703,372.59,15.567,47.04,92.559,100.924,191.693,193.481,142.211,96.821,67.376,58.505,94.844,97.711,122.119,325.204,265.263,61.309,30.741,143.19,115.731,156.636,177.646,158.346,202.017,334.514,290.862,283.144,142.687,268.609,179.071
2010-10-01,219.035,221.83,218.711,222.079,218.821,209.904,221.011,216.71,210.564,206.876,207.178,210.945,175.737,262.075,111.201,207.093,253.459,220.911,216.359,118.917,196.845,391.926,113.088,130.376,382.698,220.521,216.534,227.287,224.628,248.692,214.628,124.683,189.111,192.269,97.449,250.414,138.289,249.824,380.572,253.139,316.646,415.287,111.858,105.873,112.471,201.011,84.602,81.4,97.874,101.301,206.519,101.357,249.989,211.389,270.542,161.027,191.368,138.442,144.313,95.148,126.783,249.885,226.265,249.66,134.202,256.833,192.619,192.971,188.961,276.551,173.168,330.441,621.176,,279.58,154.362,98.786,154.976,118.821,78.873,57.243,144.768,220.132,128.511,112.544,152.282,507.667,578.158,146.971,9.342,820.435,356.241,86.764,97.67,69.402,118.035,86.057,70.257,91.157,184.043,216.635,267.806,213.093,211.585,229.636,197.813,196.751,207.451,246.135,181.997,201.291,311.07,316.692,303.503,145.651,123.543,115.13,202.962,202.709,204.219,191.898,294.22,249.439,256.071,241.259,138.157,143.372,333.621,402.112,177.063,215.562,232.842,178.976,412.245,,644.107,631.076,241.966,203.549,154.227,151.621,143.473,144.099,222.335,194.562,192.636,242.89,240.084,203.544,259.157,310.744,261.804,285.815,250.137,269.182,101.66,98.624,101.444,96.618,141.694,142.013,160.036,119.061,117.176,117.798,139.673,77.987,108.293,92.408,108.579,90.224,112.71,82.144,96.155,92.804,129.846,136.584,123.709,114.012,161.437,223.923,213.847,221.431,160.176,155.945,250.0,246.714,241.977,285.202,255.261,208.814,,157.373,144.283,194.343,179.889,121.819,133.767,134.405,146.99,128.056,255.819,134.349,217.464,190.834,129.634,216.53,,176.628,267.5,134.632,208.014,194.351,136.231,193.766,,201.801,291.024,195.866,201.741,108.795,406.466,305.069,274.771,311.382,309.87,148.944,137.653,148.841,141.278,192.121,158.59,152.598,114.546,192.093,123.12,198.806,189.036,,145.546,170.756,125.748,140.503,244.924,225.641,162.804,217.532,214.31,,123.455,,125.467,248.502,,202.388,188.844,170.335,195.731,184.401,153.605,432.154,281.054,256.827,286.119,323.834,386.946,385.909,72.785,,79.378,96.285,73.14,126.174,96.263,,88.379,120.242,117.403,123.784,108.782,154.78,95.973,124.94,154.246,167.866,,111.361,63.086,227.769,530.746,231.459,228.528,75.88,76.93,,7.582,374.736,15.496,46.876,91.881,101.354,192.19,193.968,142.046,96.583,67.668,58.415,94.666,96.847,122.059,323.793,265.268,61.216,30.842,143.166,116.094,156.014,176.566,158.823,202.319,334.55,290.796,284.139,142.873,269.508,179.104
2010-11-01,219.59,222.149,218.803,222.077,219.397,210.567,221.345,219.496,211.113,207.594,207.509,211.267,176.497,262.41,111.005,208.422,260.271,221.315,216.484,119.027,198.783,392.535,113.111,130.548,383.801,220.946,217.105,227.512,224.751,248.993,214.26,124.515,188.414,194.061,97.561,257.019,138.768,249.872,381.903,257.384,317.612,415.73,111.337,106.194,112.823,201.811,84.506,81.281,97.61,101.526,207.196,101.631,250.644,212.803,270.916,162.035,191.2,138.469,144.751,95.129,126.804,256.596,232.101,250.182,133.952,257.11,191.335,193.354,182.383,286.367,174.147,331.344,620.644,,286.247,155.037,98.671,155.278,118.948,78.548,56.877,145.138,219.651,127.469,112.909,156.351,509.181,580.502,147.655,9.323,821.862,357.065,87.309,97.479,69.583,117.758,85.351,69.825,90.883,184.054,214.785,269.849,213.747,212.108,230.021,197.518,198.762,206.601,249.475,196.489,201.277,311.994,322.61,299.715,145.121,124.24,115.653,200.586,204.124,204.23,191.643,295.356,256.14,263.22,248.024,138.131,143.783,334.542,403.645,177.095,215.72,232.588,179.197,413.766,,646.919,632.972,242.733,204.216,155.087,152.499,143.535,144.119,222.948,196.278,194.43,245.672,242.731,203.429,259.631,311.355,263.061,286.259,250.629,269.669,101.807,98.386,101.629,96.077,141.862,142.427,160.392,119.406,116.696,115.769,139.225,77.335,109.889,91.671,108.871,90.5,113.089,82.736,95.635,93.258,129.981,132.374,123.469,114.627,165.928,223.458,213.556,220.241,161.751,157.517,251.479,247.422,244.143,286.025,257.693,208.405,,156.289,144.094,193.332,176.825,122.827,134.244,132.035,150.323,128.952,257.002,132.36,216.916,195.075,129.667,216.231,,175.301,273.934,135.47,208.576,194.23,135.749,194.533,,206.369,295.528,197.889,208.859,109.964,424.212,303.555,282.374,305.725,308.448,147.375,137.745,147.5,140.415,192.247,155.363,155.398,114.018,192.519,124.881,199.248,191.79,,144.629,170.008,126.401,142.454,240.429,223.5,164.368,217.777,216.44,,123.891,,129.7,249.172,,202.543,187.235,169.662,192.936,183.451,154.005,433.668,280.167,257.102,298.22,325.613,389.409,387.216,72.463,,78.046,95.282,72.033,127.395,96.196,,87.803,119.765,117.15,124.548,106.881,155.31,95.983,125.62,154.387,167.912,,116.826,63.3,227.657,529.755,232.407,231.777,75.38,77.137,,7.47,375.888,15.131,46.501,90.879,101.566,192.596,194.291,142.872,96.975,66.969,58.165,93.092,96.163,122.921,323.363,267.049,60.719,30.458,143.278,116.435,155.761,176.46,158.967,202.223,335.15,290.889,284.672,143.295,269.769,179.219
2010-12-01,220.472,222.343,219.179,221.795,220.376,211.693,221.55,227.13,211.983,208.921,207.647,211.35,177.948,262.733,111.034,210.934,274.83,221.556,216.823,119.223,202.454,393.514,112.724,130.42,384.476,221.215,217.419,227.722,224.612,249.284,215.656,124.353,189.732,197.69,97.81,271.623,139.223,250.134,380.794,261.352,318.516,416.718,111.532,106.439,113.124,202.657,84.019,80.774,97.087,101.312,207.314,101.943,251.392,212.305,275.875,159.905,191.284,138.678,145.669,94.814,125.654,271.509,244.092,250.641,135.329,257.334,192.163,194.078,183.528,298.037,174.973,331.593,624.23,,293.446,152.702,97.816,155.031,117.671,78.352,56.952,145.282,220.181,127.14,112.363,158.179,514.319,582.695,148.073,9.252,826.125,357.526,87.22,97.321,68.488,117.78,85.341,69.493,91.125,183.51,218.521,269.14,212.894,211.048,228.652,195.872,199.17,205.367,249.965,202.082,202.056,318.829,331.794,304.287,146.112,122.618,114.164,203.098,202.126,204.163,191.335,295.568,271.385,277.722,261.575,138.206,144.086,334.904,403.563,176.933,215.754,234.122,179.566,414.957,,649.081,635.095,244.194,204.642,156.928,154.388,143.602,144.094,223.769,200.363,198.739,252.714,249.079,203.638,259.933,311.092,263.509,286.728,251.026,269.946,102.144,97.859,101.552,94.682,141.962,142.699,160.681,119.705,116.81,115.715,139.773,76.901,110.654,91.548,108.932,92.225,111.014,83.026,95.817,94.348,126.71,133.528,123.79,113.415,168.368,224.886,215.281,226.682,161.925,157.134,251.777,244.86,244.89,281.256,256.205,207.192,,154.997,139.743,194.275,178.615,123.172,133.206,130.462,150.758,128.678,243.815,133.718,218.384,195.059,129.924,218.928,,175.188,274.018,136.085,208.942,198.024,136.106,194.452,,199.71,298.133,200.141,216.898,113.097,426.068,313.84,292.843,311.927,315.059,149.261,137.872,149.211,138.126,192.391,159.724,151.752,113.776,188.679,124.132,196.133,194.664,,144.06,167.207,127.345,139.919,241.29,228.548,164.252,215.73,212.566,,123.22,,126.34,248.91,,202.225,188.782,169.337,192.612,185.812,153.786,435.127,283.515,257.326,312.718,329.963,391.623,387.884,73.405,,77.543,95.299,71.954,125.489,97.359,,88.152,119.706,115.954,125.382,106.848,155.653,96.137,126.263,154.745,167.84,,115.324,62.534,229.623,532.285,232.881,235.541,74.179,76.766,,7.327,372.32,14.663,46.346,89.828,100.778,191.867,194.705,142.569,95.475,66.36,58.121,94.105,96.452,123.325,323.606,266.872,60.655,29.922,142.663,115.55,156.175,175.814,159.003,202.861,336.853,292.614,284.595,143.423,264.654,177.595
2011-01-01,221.187,222.803,220.223,222.177,221.006,212.567,222.128,229.258,212.699,209.702,208.181,211.862,178.945,263.159,111.106,212.075,279.849,222.735,217.061,119.82,204.232,394.072,112.894,130.584,384.657,222.469,219.251,228.181,224.789,249.621,215.642,124.426,189.51,199.266,98.083,276.332,140.487,250.726,382.617,266.429,319.314,417.162,111.974,107.029,113.629,203.667,83.833,80.477,97.15,101.522,207.493,101.894,253.179,215.238,280.232,162.565,191.785,138.938,146.478,95.018,123.344,275.816,252.971,251.142,135.937,257.62,191.375,193.374,182.484,308.306,175.68,331.911,625.928,103.658,301.088,154.209,97.883,155.75,117.798,78.527,56.928,145.413,220.602,128.063,111.263,159.67,518.851,585.441,151.574,9.206,825.585,358.276,86.687,97.28,69.634,117.392,85.198,69.417,91.02,183.642,220.25,271.012,216.158,215.744,237.322,197.799,200.567,205.944,251.043,199.324,200.678,324.835,337.772,310.276,146.981,124.753,115.932,202.648,206.568,204.269,191.464,295.847,275.488,282.38,265.835,138.211,144.578,335.554,403.785,177.416,216.359,234.816,179.999,416.264,98.417,653.352,637.15,244.456,205.557,157.802,155.279,143.911,144.348,224.689,201.657,200.12,254.532,250.744,204.046,260.233,311.566,265.218,287.146,251.273,270.487,102.509,97.453,101.688,93.543,142.328,142.87,160.643,120.45,116.691,114.568,138.902,77.986,111.206,93.351,109.45,93.583,111.065,83.621,95.095,95.262,128.412,133.981,124.031,115.415,169.717,227.614,215.897,229.208,162.887,158.816,254.161,245.613,244.091,284.173,256.071,213.417,170.099,161.237,139.069,196.69,178.559,125.814,131.899,134.433,151.784,129.069,239.965,134.979,219.911,196.63,130.554,209.782,,175.649,272.949,136.306,204.551,199.994,136.125,191.333,139.276,198.864,302.864,202.312,221.813,116.405,424.811,318.817,292.179,317.444,319.093,150.664,139.026,150.174,142.25,193.681,159.594,156.473,114.668,193.825,124.288,202.332,191.639,131.854,146.012,172.145,128.62,143.286,253.232,224.273,163.185,217.661,215.168,120.93,127.564,,127.562,251.327,106.493,202.009,188.373,169.807,194.819,185.297,154.105,436.616,284.862,257.609,333.993,329.716,393.119,389.727,75.924,57.791,77.943,94.461,72.85,125.326,98.494,96.626,87.873,120.153,116.199,126.642,105.628,155.013,96.304,127.507,155.231,168.186,180.492,106.272,63.256,230.296,533.855,238.464,239.813,72.941,76.374,33.529,7.215,373.589,14.886,46.127,89.323,101.039,192.718,195.676,144.127,94.277,66.307,57.929,95.152,96.687,122.761,325.014,268.536,60.789,29.897,143.186,116.395,156.677,177.433,159.652,203.898,336.513,294.975,285.04,143.505,264.592,174.604
2011-02-01,221.898,223.213,221.309,223.011,221.665,213.448,222.632,232.068,213.375,210.544,208.656,212.39,179.827,263.701,111.401,213.201,284.576,223.734,217.443,119.904,205.704,395.518,113.164,130.702,385.482,223.504,220.732,228.606,225.31,249.924,217.031,124.462,190.727,200.632,98.271,280.915,140.912,250.851,383.881,269.573,320.215,418.808,111.859,107.145,113.728,204.37,83.708,80.347,97.426,101.734,207.738,102.192,253.568,217.117,283.983,162.908,192.769,139.725,146.182,94.655,120.959,280.015,262.839,251.516,134.925,257.985,192.348,193.756,185.328,315.129,176.822,333.682,628.558,104.451,304.572,155.597,98.224,157.121,118.609,78.636,56.621,145.108,221.215,128.059,110.951,160.853,519.465,587.554,151.674,9.173,829.634,358.991,86.353,97.234,70.043,117.173,84.791,69.653,91.072,183.436,221.991,271.509,218.227,217.733,239.773,199.72,201.778,207.019,255.003,197.936,202.523,330.374,331.587,326.821,147.184,124.911,116.542,204.168,209.405,204.935,191.852,295.78,279.849,285.868,269.073,139.088,145.278,338.729,403.911,178.14,217.089,235.868,180.521,418.046,98.291,656.813,639.156,244.862,205.676,158.603,156.084,144.171,144.672,226.332,202.683,201.191,256.408,252.463,205.097,260.485,312.062,266.083,288.1,251.768,270.989,102.798,97.163,101.816,93.023,142.666,143.178,161.836,120.5,116.779,110.967,138.716,78.139,112.023,94.023,109.501,92.895,110.063,84.143,95.629,95.676,128.409,134.934,123.74,115.98,171.257,229.479,218.245,229.466,164.071,160.327,250.511,246.668,242.818,283.541,258.34,217.205,175.273,162.627,139.615,196.849,184.514,126.501,132.506,135.152,153.713,131.825,244.291,133.495,220.219,195.677,131.79,215.624,,176.806,282.753,137.009,204.508,203.88,137.157,196.381,140.069,209.585,305.769,209.002,224.008,109.756,421.939,322.291,319.834,363.917,325.867,149.835,139.396,151.201,143.462,192.84,158.194,154.464,115.522,194.494,125.365,203.237,191.693,133.675,145.902,176.511,128.553,145.251,255.744,228.733,164.522,218.768,215.613,121.438,126.061,,127.435,252.585,107.403,202.196,189.169,170.408,195.51,186.581,153.888,438.128,281.996,257.973,353.223,332.213,395.801,391.854,75.923,58.322,78.201,93.719,73.398,125.706,97.821,97.029,87.9,120.66,115.779,126.465,105.234,155.367,96.872,128.105,155.272,168.155,180.537,104.948,64.644,231.016,536.046,238.464,242.644,72.287,76.205,33.602,7.133,375.11,14.708,45.921,89.085,101.583,194.411,197.403,145.199,94.645,65.99,57.42,96.637,95.835,122.139,325.066,267.485,60.352,29.842,144.126,118.438,156.882,176.907,161.285,205.388,338.171,295.771,285.986,143.596,265.831,175.953
2011-03-01,223.046,223.454,223.467,223.69,222.725,214.971,223.094,240.079,214.527,212.02,208.902,212.69,181.764,264.114,111.753,216.159,299.798,225.337,217.794,119.739,209.591,396.29,113.1,130.805,385.545,225.213,223.193,229.282,225.498,250.158,218.57,124.47,192.236,204.538,98.486,296.105,140.686,250.82,385.344,272.664,321.4,419.386,111.811,106.698,113.49,205.011,83.588,80.222,97.172,101.816,207.451,102.37,255.263,219.267,289.457,164.291,194.572,140.42,145.646,94.772,124.499,294.915,277.404,251.905,135.132,258.207,193.275,195.272,184.366,328.847,177.543,334.262,630.08,104.966,306.515,155.224,98.314,157.484,118.591,79.098,56.058,144.935,219.521,128.271,110.968,161.153,522.423,589.292,151.766,9.133,833.441,359.437,86.515,97.429,69.686,117.898,84.676,69.451,92.226,183.514,224.251,272.508,220.331,220.695,244.056,202.539,202.457,206.617,257.05,200.864,205.695,337.772,330.424,342.229,148.496,125.501,118.705,205.505,214.539,206.459,191.686,296.668,294.668,301.735,283.468,139.94,145.818,338.986,405.229,177.993,216.623,236.462,180.934,419.855,99.007,659.045,641.598,245.213,205.874,160.567,158.09,144.298,144.872,229.031,206.557,205.264,263.52,258.81,205.682,260.714,312.367,267.278,288.599,252.073,271.355,102.967,96.782,101.94,92.099,143.31,143.464,161.886,120.514,116.88,111.578,140.093,77.525,111.612,93.266,108.987,91.473,113.787,82.784,95.789,95.544,128.737,136.471,123.165,117.043,171.896,234.719,220.131,229.957,163.81,161.347,251.11,249.167,242.189,289.861,260.056,224.675,179.087,164.085,144.301,198.018,186.126,127.985,132.355,135.025,155.328,131.768,252.874,137.121,223.382,195.077,132.045,211.579,200.669,181.499,281.455,141.615,207.535,203.931,137.898,203.684,144.974,217.061,306.503,207.357,217.211,110.221,414.713,333.419,353.661,419.702,326.294,151.637,140.207,152.225,143.836,194.58,160.15,156.774,115.178,201.2,125.172,210.961,193.17,134.657,147.608,182.534,132.924,146.981,263.507,225.952,166.055,219.662,218.518,122.665,127.445,139.187,128.93,256.615,107.091,202.864,188.443,169.581,194.864,184.55,154.375,439.604,282.302,258.197,375.042,335.985,397.918,391.855,74.275,58.521,77.715,93.246,73.212,127.406,97.554,97.091,89.458,120.143,116.286,125.297,104.993,155.277,97.357,127.647,155.033,168.374,180.282,110.094,64.393,231.681,537.55,238.464,245.222,71.509,76.163,33.419,7.071,375.256,14.385,45.925,88.846,101.787,194.509,198.461,144.924,94.466,66.858,56.659,96.683,95.923,121.677,325.038,267.796,59.445,30.198,145.239,117.203,156.833,177.246,162.873,206.268,339.745,295.663,286.039,143.468,268.366,178.536
2011-04-01,224.093,223.727,224.906,224.118,223.802,216.345,223.455,247.977,215.552,213.513,209.189,213.004,183.488,264.465,112.122,219.033,314.687,226.18,218.186,120.037,213.032,397.701,113.12,130.918,386.226,226.072,224.098,230.082,226.114,250.412,220.054,124.67,193.725,208.416,98.672,311.079,141.59,251.458,386.443,268.074,322.984,420.691,111.856,107.073,114.005,205.63,83.49,80.115,97.098,101.898,208.028,102.418,255.743,220.584,286.337,165.538,195.078,140.878,145.542,95.006,124.441,310.115,286.303,252.203,135.354,258.436,194.315,195.768,187.126,340.035,178.119,334.712,633.979,105.505,302.541,153.831,98.377,157.714,118.497,79.51,56.053,144.778,219.471,127.496,110.949,165.001,524.251,591.052,152.027,9.102,832.504,360.765,86.534,97.54,69.906,118.242,85.241,69.295,91.866,182.939,223.037,273.836,221.607,222.735,245.466,204.093,206.393,207.474,255.72,202.894,210.435,333.25,329.943,333.934,148.199,126.054,120.55,203.783,215.057,207.46,192.189,297.553,310.134,317.005,296.849,140.64,146.14,339.193,406.203,178.384,216.998,238.093,181.122,422.493,99.589,661.217,643.32,245.729,208.421,162.556,160.11,144.502,145.111,229.841,210.759,209.646,270.306,265.01,205.961,260.913,312.76,266.841,289.22,252.394,271.642,103.191,96.64,102.05,91.674,143.641,143.747,162.218,120.554,116.88,113.392,140.778,76.461,111.19,94.17,109.205,90.304,113.087,83.353,96.047,96.637,127.927,134.817,123.308,116.668,176.398,231.032,220.354,228.059,166.708,162.318,252.858,247.902,244.181,288.572,254.786,226.002,178.481,164.972,145.847,198.471,183.008,127.542,133.477,136.632,155.65,130.568,261.28,135.464,224.855,202.13,133.104,214.777,201.823,176.255,276.617,144.717,212.952,205.747,138.321,209.939,148.953,213.83,308.661,206.991,207.626,112.007,408.518,335.743,310.107,424.464,318.724,151.114,141.269,150.954,144.227,195.73,159.736,156.92,116.118,209.01,125.115,218.666,193.448,132.969,147.462,181.748,133.46,148.276,263.533,225.966,166.168,223.169,217.894,123.769,125.894,134.455,129.812,251.374,107.694,204.347,188.722,169.279,195.426,184.904,155.265,441.022,282.656,258.422,386.95,339.553,399.327,392.754,74.129,58.907,78.456,94.778,72.891,127.939,97.556,97.133,89.279,119.701,116.471,125.151,106.934,155.751,97.664,128.41,155.785,168.741,180.528,111.573,63.387,233.219,541.436,238.782,247.186,71.106,75.967,33.354,6.942,376.543,14.278,45.992,88.262,102.077,194.691,198.925,145.129,93.982,67.69,56.78,95.381,95.999,121.736,323.274,268.707,59.998,30.525,145.254,117.472,155.909,176.639,163.379,206.649,339.327,296.15,286.791,143.783,273.429,179.251
2011-05-01,224.806,224.175,225.964,224.534,224.49,217.25,223.965,250.744,216.246,214.424,209.756,213.544,184.504,264.86,112.552,220.604,319.326,227.045,218.521,121.146,214.499,398.721,113.435,131.063,386.125,226.94,225.295,230.501,226.937,250.66,221.231,124.786,194.868,210.267,99.353,315.651,143.328,252.376,387.739,262.681,323.766,421.789,113.075,108.099,115.074,206.372,83.382,80.0,97.014,102.429,208.083,101.909,258.223,223.416,283.191,166.555,195.826,142.014,146.476,95.516,122.207,314.859,288.864,252.584,134.358,258.73,195.289,196.595,188.553,345.325,178.706,334.977,638.038,105.581,292.694,153.706,98.257,157.791,118.882,80.177,56.307,145.878,219.296,128.603,111.746,165.908,526.023,593.194,152.208,9.059,831.042,361.451,86.807,97.572,70.256,118.844,85.483,69.131,91.582,183.211,225.168,276.788,224.088,224.707,247.103,206.79,207.881,209.744,260.905,211.754,212.226,327.963,326.909,326.562,148.98,126.148,122.478,205.285,216.609,207.992,191.925,301.644,315.021,321.025,301.38,142.231,146.85,339.322,407.508,176.839,217.438,239.787,181.236,424.912,99.04,664.239,644.958,246.273,208.624,163.597,161.153,145.054,145.624,231.395,212.722,211.674,272.885,267.546,206.476,261.249,313.613,266.384,289.887,252.799,271.984,103.99,96.307,102.204,90.956,143.917,144.126,162.483,120.564,117.892,113.341,142.107,77.742,111.983,94.956,110.625,91.142,121.311,83.709,97.51,95.845,128.712,135.869,124.62,116.068,177.507,237.761,223.523,230.207,168.481,162.713,251.912,253.319,241.326,295.992,261.87,229.558,180.14,165.724,148.65,199.757,187.726,130.055,134.311,137.682,158.589,133.539,272.186,134.933,224.588,199.633,133.72,219.486,201.274,179.022,284.789,146.678,216.302,206.924,139.49,216.095,150.884,216.913,301.652,207.275,201.48,112.016,405.013,346.766,311.588,347.928,317.654,151.226,142.355,151.605,143.499,196.924,160.51,157.639,115.863,212.938,126.068,222.92,195.416,133.95,147.784,185.137,132.121,149.914,268.862,227.14,166.985,223.083,219.204,123.343,126.673,136.838,129.931,254.842,107.465,203.644,188.993,169.024,196.282,185.398,158.454,442.193,279.884,258.716,383.814,349.766,400.193,395.477,74.18,59.248,79.791,95.004,73.344,127.976,97.684,97.874,88.592,119.89,116.589,124.066,107.752,156.126,98.457,130.03,156.634,168.803,180.567,114.095,63.024,235.039,544.646,238.782,252.294,70.499,75.788,33.214,6.728,377.532,14.092,45.543,87.006,102.353,194.572,199.39,146.225,93.398,68.194,57.087,96.202,95.378,122.764,326.71,268.457,60.343,30.75,144.702,117.533,157.739,177.318,163.528,207.205,338.535,296.53,287.702,143.99,273.766,182.346
2011-06-01,224.806,224.697,225.722,224.891,224.4,217.046,224.494,245.534,216.22,214.035,210.282,213.961,184.09,265.284,112.922,219.496,309.521,227.603,218.808,121.71,212.957,399.416,113.481,131.207,386.544,227.515,225.857,231.097,227.265,251.178,220.811,124.749,194.224,208.573,100.158,305.409,144.618,252.529,388.545,263.981,324.134,422.609,114.12,108.747,115.712,207.055,83.298,79.912,97.105,102.435,208.321,102.057,260.342,222.802,281.644,167.279,197.031,142.706,148.518,96.054,124.422,304.321,284.888,252.986,137.184,259.128,194.587,195.901,187.835,345.235,179.304,335.124,640.023,105.415,294.743,153.824,98.068,158.602,119.279,79.579,56.258,145.908,218.736,128.723,111.73,165.322,528.501,595.097,152.265,9.008,831.804,361.961,86.389,97.58,70.129,119.725,85.542,68.942,91.098,183.392,227.86,277.716,223.582,223.731,245.478,206.729,206.749,209.585,261.898,209.29,213.636,325.329,327.833,320.596,149.415,126.497,123.622,207.672,219.274,208.832,191.966,302.29,304.312,310.135,292.429,143.616,146.96,339.616,407.723,177.217,217.671,240.569,181.662,424.635,98.641,666.367,647.735,246.791,209.264,162.833,160.362,145.556,145.959,232.169,210.456,209.271,268.474,263.623,206.13,261.721,313.99,267.114,290.121,253.148,272.514,104.848,95.468,102.407,89.373,144.296,144.911,162.494,119.628,119.182,112.719,143.651,78.811,114.276,96.192,111.056,93.868,120.402,83.833,97.409,97.489,129.126,136.445,123.375,116.423,177.014,239.802,226.013,231.903,169.913,163.387,253.669,253.804,243.66,295.647,263.654,229.16,179.559,162.06,149.683,200.483,187.356,130.012,134.388,139.108,157.749,135.406,270.321,135.368,225.832,195.473,134.622,219.271,201.519,182.311,289.684,147.272,218.952,208.801,139.869,214.867,151.103,215.982,299.912,205.822,205.335,113.601,407.664,337.411,301.555,326.55,319.494,152.487,141.882,152.15,145.334,196.965,161.239,158.558,115.713,217.118,126.144,227.398,197.285,135.935,148.993,185.389,135.807,151.601,270.958,228.321,169.515,221.826,220.101,123.692,127.394,131.704,130.667,258.586,107.766,203.845,189.433,169.033,195.979,185.955,158.479,443.903,286.961,259.114,375.363,353.566,401.994,395.329,73.896,58.99,80.657,95.215,73.066,126.968,98.059,98.191,87.759,119.961,117.108,123.612,107.521,155.708,98.926,131.485,156.61,169.158,180.953,119.535,63.393,235.57,546.102,238.782,253.901,68.854,75.996,32.964,6.702,377.248,14.053,45.11,86.542,102.259,195.812,200.002,147.347,93.128,67.123,57.035,96.445,95.018,122.796,326.29,269.27,60.535,30.305,146.283,117.288,157.685,176.28,163.777,207.966,338.741,296.585,288.156,144.013,275.37,185.273
2011-07-01,225.395,225.218,225.922,225.164,224.929,217.614,225.08,246.187,216.784,214.508,210.726,214.333,184.566,265.962,113.204,220.084,310.007,228.473,219.386,122.547,213.661,400.539,113.353,131.308,386.088,228.482,227.178,231.58,226.835,251.834,221.727,124.876,195.084,208.961,100.447,305.848,144.96,252.769,389.031,270.109,324.442,424.055,115.489,109.59,116.76,207.691,83.178,79.788,96.921,102.372,208.257,101.766,260.61,223.857,284.777,168.682,197.696,142.856,149.971,95.167,123.796,304.901,282.636,253.423,139.958,259.712,195.46,197.761,185.552,346.556,179.862,335.846,642.595,105.54,304.773,153.968,98.439,158.875,119.164,79.308,55.927,144.983,218.401,128.417,113.618,165.75,530.016,596.933,152.336,9.017,828.747,362.759,86.341,97.721,69.558,118.778,86.083,68.747,91.134,184.617,225.478,278.913,224.536,225.072,247.354,206.385,209.616,209.825,262.254,212.073,215.861,328.954,338.473,317.585,151.068,127.64,124.516,207.321,221.148,209.568,191.266,302.635,304.935,311.297,292.248,143.851,147.071,340.084,408.211,178.924,217.963,241.633,182.172,426.117,98.421,669.048,649.903,247.211,211.98,163.116,160.663,145.816,146.089,233.751,210.83,209.703,268.595,263.678,206.989,262.275,314.119,268.279,290.71,253.645,273.175,105.274,95.436,102.496,89.154,144.513,146.193,162.971,120.04,120.616,117.158,144.457,79.857,115.37,96.289,112.069,95.602,119.773,84.288,99.001,97.542,129.499,135.646,122.758,118.08,177.552,241.083,222.766,233.29,169.602,164.779,253.018,256.787,245.277,299.029,265.717,231.615,183.867,163.729,148.267,199.619,188.149,131.316,134.466,139.908,157.874,135.619,268.518,135.191,225.414,206.23,135.278,223.661,201.342,184.965,289.743,148.427,222.562,210.783,141.042,214.301,151.963,217.808,303.939,205.476,206.617,121.854,411.275,342.385,297.173,309.06,317.723,154.212,144.164,152.65,146.989,199.05,163.308,159.564,116.939,221.841,125.081,231.644,199.093,135.102,149.126,188.629,134.249,153.869,278.366,230.7,168.378,222.03,221.653,124.418,130.699,138.902,130.839,256.729,107.322,203.494,189.311,168.007,195.537,186.282,158.307,445.134,293.979,259.695,368.867,359.173,403.51,395.723,73.573,58.133,77.138,96.181,73.465,127.132,98.343,98.506,87.524,120.531,118.31,122.219,107.798,155.628,99.038,131.729,156.768,169.764,182.939,124.586,64.254,236.85,548.499,238.782,255.879,68.685,76.255,32.869,6.598,378.696,13.945,45.305,86.133,102.903,196.058,200.502,147.818,92.798,67.066,56.712,95.95,94.302,120.978,325.202,270.062,60.43,30.142,147.422,116.824,157.391,174.649,164.192,208.525,337.191,296.416,288.366,144.09,276.818,186.321
2011-08-01,226.106,225.862,226.545,225.874,225.571,218.42,225.799,246.88,217.484,215.231,211.461,215.023,185.262,266.69,113.306,220.948,311.179,229.577,219.802,123.551,214.651,401.387,113.546,131.748,386.871,229.634,228.492,232.513,227.31,252.329,221.943,125.191,195.252,209.596,100.654,307.122,145.537,253.337,390.105,277.154,324.642,425.162,116.084,110.707,117.833,209.231,83.13,79.739,96.9,102.677,208.352,101.956,263.095,225.1,285.681,168.498,199.207,142.848,151.312,94.352,123.099,306.276,281.682,254.295,138.946,260.211,195.694,197.959,185.898,345.613,180.111,336.297,646.535,105.67,316.044,154.027,98.206,160.049,118.716,79.636,55.941,145.629,218.159,128.927,115.494,167.651,530.812,601.611,152.365,8.983,834.163,364.044,86.551,97.949,69.149,118.812,86.73,68.325,91.915,185.794,228.436,280.782,225.687,226.616,249.872,207.131,210.526,210.182,262.902,214.909,217.638,330.493,338.449,320.586,150.815,127.787,125.104,209.78,222.739,211.008,191.564,303.275,306.366,312.402,293.446,143.842,147.064,341.013,408.974,178.958,217.366,243.3,182.62,426.943,97.895,676.971,650.216,248.026,214.456,163.624,161.171,146.242,146.416,235.316,211.649,210.555,269.237,264.274,207.49,262.806,315.284,270.018,291.491,254.246,273.952,105.616,94.571,102.952,87.718,144.883,149.425,163.468,125.001,121.42,120.004,146.586,79.947,115.266,96.038,112.848,100.695,121.404,84.565,100.299,100.206,130.219,138.496,122.789,117.725,179.355,242.499,226.163,234.496,170.559,165.229,257.403,255.881,244.633,294.07,268.56,229.377,182.629,167.795,148.341,201.826,191.42,129.64,134.129,141.274,158.374,135.721,268.117,135.759,227.233,205.133,135.772,218.176,202.524,182.857,289.931,149.936,223.673,212.007,142.657,216.172,152.631,216.418,313.299,204.467,209.698,119.957,418.766,351.176,299.266,301.78,318.776,154.654,142.833,150.232,147.388,196.904,164.325,160.401,116.351,223.444,125.36,233.52,201.011,136.979,150.351,189.503,135.826,155.087,283.824,233.376,168.722,226.521,222.143,125.193,129.757,139.21,130.877,258.724,108.36,204.07,188.891,167.759,197.642,184.931,158.872,447.168,291.03,260.192,367.286,358.155,403.963,396.605,74.028,57.341,77.188,98.188,72.938,126.305,97.947,99.267,88.328,121.448,119.151,122.231,110.287,156.238,99.026,132.225,156.773,170.148,183.151,119.814,64.451,238.224,551.656,238.782,256.703,67.191,76.631,32.596,6.462,378.889,13.703,45.067,85.129,102.94,197.899,201.312,147.227,92.592,66.912,56.662,96.541,94.457,121.4,327.156,270.601,60.215,29.94,148.711,117.91,158.099,176.356,164.108,209.6,339.65,298.623,289.335,144.424,278.047,185.943
2011-09-01,226.597,226.118,226.889,226.289,225.974,218.977,226.175,248.55,217.958,215.67,211.671,215.22,185.808,267.123,113.22,221.623,313.831,230.561,220.152,123.244,215.455,402.202,113.449,131.925,388.321,230.682,229.927,233.032,227.425,252.668,222.851,125.246,195.868,210.565,100.754,309.961,145.646,255.244,391.156,274.993,325.278,426.035,116.403,110.221,117.426,209.853,83.109,79.716,96.572,102.76,208.937,102.543,264.742,226.431,288.628,168.396,200.42,142.94,151.677,93.961,125.009,309.168,280.948,254.895,138.705,260.52,196.438,198.932,185.902,344.318,181.475,336.536,647.641,105.839,314.655,152.468,98.578,160.177,118.171,79.473,55.644,144.968,218.742,129.144,115.565,164.495,535.312,603.166,152.407,8.953,839.525,365.148,86.444,97.991,69.508,118.122,86.874,67.52,92.088,187.529,231.356,281.842,226.66,227.499,250.88,209.409,209.069,211.627,263.702,222.397,219.742,333.628,341.889,323.411,152.777,127.856,125.167,213.33,224.067,211.837,191.609,303.782,309.229,315.73,296.355,143.974,146.804,341.148,409.884,179.317,217.346,243.773,183.3,428.293,97.92,679.649,652.827,247.408,214.092,163.971,161.523,146.269,146.407,236.819,212.157,211.056,270.977,265.726,208.339,263.254,315.733,270.277,292.149,254.745,274.356,105.746,94.428,103.116,86.991,145.266,148.909,163.334,126.152,121.358,116.219,146.714,80.277,114.813,98.03,112.225,94.93,115.975,84.319,100.042,100.356,130.843,138.314,123.734,117.86,175.34,247.025,227.291,235.91,170.943,167.132,259.835,255.379,248.464,295.144,265.7,227.986,182.626,169.271,148.783,203.625,194.789,132.074,134.586,142.718,157.479,136.892,266.36,138.011,228.757,203.399,135.761,220.011,202.233,186.309,291.246,150.997,227.082,213.271,142.894,216.568,154.712,211.311,330.884,206.062,219.908,115.476,439.553,351.255,301.823,313.017,321.439,155.847,144.809,154.603,147.373,200.943,166.775,160.645,116.363,221.485,125.913,230.302,201.44,140.357,150.639,187.711,136.705,156.875,285.237,236.867,170.459,227.696,219.216,125.044,130.816,137.939,128.599,260.496,109.193,204.683,189.194,167.045,199.278,184.714,159.189,448.048,290.265,260.495,364.563,358.475,407.832,397.028,73.615,58.071,77.277,97.978,73.125,125.748,98.135,99.039,88.658,122.764,119.556,122.834,110.671,155.986,99.085,131.776,158.151,170.822,183.346,109.13,63.482,238.563,551.891,238.782,257.903,66.427,76.63,32.58,6.358,381.479,13.598,44.871,84.552,103.642,197.815,201.889,146.738,92.033,65.936,56.201,96.381,95.567,120.824,326.034,268.525,60.105,29.43,148.599,117.454,157.549,176.194,164.926,209.98,341.935,299.429,289.799,144.871,278.068,186.016
2011-10-01,226.75,226.506,226.421,226.743,226.116,218.988,226.536,246.655,218.044,215.632,211.986,215.535,185.725,267.52,113.091,221.491,310.77,230.776,220.447,123.775,214.682,404.068,113.387,132.243,389.023,230.899,229.992,233.459,227.619,253.184,222.242,125.382,195.094,209.979,100.834,306.82,145.308,255.774,391.72,271.061,326.375,428.187,117.203,110.569,118.212,210.781,83.146,79.754,96.321,102.844,209.267,102.75,266.002,227.017,284.568,168.842,201.378,143.095,151.986,93.31,125.927,305.963,280.369,255.651,138.726,261.005,195.647,198.892,182.731,343.218,181.794,337.615,651.864,106.04,306.827,152.164,98.848,160.1,118.308,80.018,55.262,144.381,219.514,128.381,115.998,168.63,537.512,605.847,152.391,8.924,841.592,365.615,86.102,97.999,69.631,118.51,87.137,67.149,91.879,188.785,231.3,284.276,227.293,227.989,252.011,209.098,209.559,212.979,264.018,222.182,218.797,326.203,332.31,318.068,154.675,128.012,125.152,213.602,225.207,212.99,192.109,303.234,305.859,312.693,293.829,143.872,147.213,342.731,410.727,179.358,217.644,245.531,183.692,429.535,98.211,682.233,654.748,249.646,214.849,163.781,161.322,146.482,146.61,236.895,211.568,210.469,269.413,264.329,207.8,263.748,316.349,269.736,292.648,255.142,274.865,105.87,94.134,103.414,86.288,145.681,147.05,163.978,124.497,122.318,117.167,149.1,82.118,113.966,98.083,112.629,94.834,115.83,85.015,100.626,100.442,128.812,136.448,124.259,117.557,180.446,247.991,223.659,241.011,173.334,166.935,260.523,257.067,250.603,299.586,267.584,229.568,183.662,170.425,149.799,201.942,192.897,133.722,135.924,144.34,157.495,137.641,268.416,139.892,227.916,202.674,135.952,226.149,204.02,184.912,293.949,149.431,225.656,214.2,143.202,214.194,152.652,208.37,328.802,207.181,209.625,111.155,423.048,342.113,304.449,313.891,317.978,156.496,148.611,158.913,148.606,207.621,165.958,160.671,116.833,222.399,125.368,233.385,202.455,140.325,151.395,188.38,137.776,158.428,289.839,233.154,170.003,229.559,224.318,125.461,133.183,139.191,131.163,267.036,110.816,205.482,189.518,167.035,198.22,184.745,159.096,449.288,290.125,260.983,362.809,357.168,408.746,397.106,73.794,58.185,76.811,98.639,72.67,125.529,97.745,98.881,88.266,123.524,120.199,124.207,111.333,155.524,99.198,131.475,158.678,172.21,185.384,105.817,63.259,241.013,555.02,238.782,257.436,65.9,76.638,32.44,6.265,383.106,13.469,44.362,83.711,104.301,197.321,202.477,147.294,91.575,66.868,55.61,97.33,95.342,119.649,325.762,268.076,59.664,29.775,148.002,118.046,157.065,177.779,165.527,210.416,342.661,298.706,290.217,145.002,280.415,187.227
2011-11-01,227.169,226.899,226.23,226.859,226.567,219.406,226.901,247.64,218.412,216.096,212.356,215.916,186.239,267.829,113.027,222.141,313.679,230.976,220.685,124.762,215.149,405.751,113.505,132.446,390.809,231.118,229.947,234.046,227.558,253.619,221.719,125.451,194.342,210.798,100.785,309.703,146.338,255.663,393.329,265.344,327.387,430.12,118.243,111.934,119.338,211.474,83.13,79.737,96.113,103.167,210.306,103.175,266.408,227.556,284.11,169.027,200.957,143.035,152.187,92.609,125.073,308.587,288.692,256.207,139.503,261.386,194.665,198.6,179.561,346.209,182.37,338.084,655.723,106.272,297.966,151.685,98.796,160.574,117.903,80.28,54.993,144.899,220.555,128.545,116.655,168.67,540.125,607.772,152.445,8.916,844.556,367.03,86.33,98.058,69.295,119.058,86.241,66.997,91.892,189.104,233.15,282.954,228.206,229.398,253.28,210.936,210.575,212.868,264.28,216.286,218.135,324.42,331.066,315.791,156.291,128.033,125.844,210.039,226.655,212.869,192.091,303.578,308.555,315.412,295.75,143.75,147.345,343.233,411.833,178.322,218.028,247.174,184.223,430.512,98.942,685.685,656.654,249.306,215.616,164.388,161.946,146.776,146.915,236.697,212.69,211.618,270.364,265.459,207.247,264.277,317.102,268.838,293.078,255.5,275.296,105.946,94.399,103.561,86.407,145.888,147.305,164.12,124.476,123.499,117.494,150.215,83.071,116.038,98.605,113.712,95.538,116.589,85.652,101.428,103.099,129.503,136.624,124.051,116.3,180.589,252.214,227.656,243.316,171.165,167.569,262.96,257.967,251.086,302.398,264.824,229.747,185.874,172.143,151.512,203.91,191.89,134.023,135.872,145.632,158.034,137.694,273.714,141.477,230.392,203.447,136.494,222.422,205.444,186.66,291.259,148.775,224.35,214.733,143.707,210.495,152.165,199.847,323.333,204.239,212.294,109.67,437.488,341.94,295.291,318.162,319.887,157.605,149.77,158.124,149.299,207.545,168.556,161.717,116.089,224.707,125.832,236.844,201.698,137.607,152.55,185.789,137.802,161.396,292.064,235.043,170.005,229.454,222.46,125.702,133.805,133.297,130.275,271.02,109.551,205.068,188.894,167.29,197.542,184.467,159.228,450.567,291.944,261.362,372.654,355.214,409.868,398.91,73.982,57.58,78.033,98.206,71.414,125.559,97.411,98.741,88.173,123.944,119.455,125.701,110.022,156.046,99.159,132.975,158.501,173.012,185.969,104.572,63.39,243.617,557.226,238.782,258.955,66.158,76.456,32.054,6.102,384.353,13.478,43.963,82.765,104.561,197.934,203.027,147.664,91.21,66.773,55.28,97.311,95.219,122.577,321.92,268.113,59.53,29.648,147.965,118.893,155.496,175.028,165.661,210.508,343.924,299.8,290.743,145.293,282.184,189.659
2011-12-01,227.223,227.405,225.672,226.74,226.561,219.272,227.396,243.353,218.411,215.826,212.849,216.449,185.713,268.463,112.984,221.535,306.044,231.392,220.966,124.865,213.784,407.23,113.896,132.645,391.069,231.557,230.424,234.435,227.666,254.15,220.889,125.607,193.167,209.028,100.755,301.972,147.499,255.644,393.9,271.195,328.841,431.576,118.05,111.997,119.394,212.133,83.124,79.728,95.981,103.847,210.427,103.044,266.684,229.455,282.98,168.938,201.585,143.163,152.083,92.045,124.73,300.662,287.906,256.8,140.324,261.874,193.627,198.213,176.464,341.472,183.219,338.776,657.349,106.523,307.069,151.522,98.934,160.662,117.64,80.244,55.156,146.309,221.146,128.855,117.622,168.9,540.929,609.736,152.502,8.876,845.337,368.94,86.331,98.219,68.666,120.117,86.68,66.697,91.803,189.372,234.192,283.268,230.263,231.227,256.137,211.284,212.695,215.228,267.084,215.474,217.743,322.674,330.053,313.368,156.342,127.668,126.012,210.846,228.992,213.243,191.676,304.349,300.503,307.751,288.893,143.747,147.435,343.842,412.577,178.161,218.623,247.752,184.869,432.105,99.089,688.697,658.775,249.872,216.218,163.523,161.057,146.852,147.012,236.802,211.139,209.979,267.736,262.966,207.3,264.827,318.32,270.087,293.697,256.008,276.089,106.03,93.785,103.789,85.363,146.057,147.596,164.095,124.494,123.501,117.373,148.935,82.878,117.205,97.796,113.824,95.854,116.156,84.9,103.694,102.932,130.094,135.484,123.884,114.934,181.44,251.139,229.277,242.236,172.602,167.347,263.551,257.432,253.078,299.773,267.515,231.838,188.284,173.703,151.256,205.316,191.979,134.831,137.09,146.789,159.717,138.928,273.683,141.311,231.369,210.146,136.813,227.648,205.784,186.889,296.887,148.665,222.144,215.662,144.322,210.358,151.49,203.47,319.321,204.013,207.99,110.243,423.246,336.818,295.078,315.907,321.437,157.875,151.547,158.162,149.728,209.987,167.606,161.319,116.285,223.709,126.803,236.781,202.636,138.172,153.284,185.62,137.306,165.583,289.696,235.15,169.202,231.599,223.058,126.293,134.883,127.752,129.498,271.163,110.563,204.948,188.819,167.263,198.788,183.8,159.903,452.071,293.843,261.852,369.085,349.954,412.42,398.72,73.982,56.861,78.875,98.556,71.208,126.982,97.809,98.667,88.226,123.611,120.085,126.221,111.952,156.337,99.234,134.417,158.184,172.831,186.142,107.558,63.221,243.916,558.689,238.782,260.575,64.967,76.504,31.733,6.066,386.396,13.347,43.618,82.322,104.902,197.465,204.125,147.899,91.131,66.49,55.428,97.989,95.271,125.494,322.494,268.184,59.727,29.488,147.809,118.038,156.006,174.767,166.151,212.141,344.249,300.48,291.088,145.339,283.39,187.775
2012-01-01,227.842,227.877,226.665,227.237,227.18,219.997,227.893,244.876,219.007,216.58,213.391,217.106,186.508,268.94,112.944,222.586,310.948,232.131,221.096,125.399,215.385,408.394,114.486,133.062,391.455,232.213,230.948,235.268,229.638,254.512,219.827,125.666,191.76,210.698,100.648,307.247,148.126,256.405,394.648,271.393,329.815,432.797,118.555,112.417,120.001,212.752,83.384,79.966,96.035,104.69,210.505,103.336,266.504,230.765,280.303,168.897,203.278,143.466,151.106,91.776,123.482,306.17,285.285,257.267,138.511,262.366,192.221,197.833,172.835,338.522,183.96,338.786,659.475,107.182,308.335,150.886,99.258,160.896,118.462,79.833,54.948,147.98,222.235,128.969,119.506,170.115,543.96,611.414,153.525,8.896,847.616,367.934,86.636,98.174,68.498,119.732,87.621,66.485,91.954,189.522,234.078,283.88,231.408,232.931,261.366,210.58,211.991,215.777,266.601,220.109,218.318,319.63,327.996,309.443,154.938,127.888,125.615,213.7,232.831,214.543,193.221,306.773,306.323,312.548,293.513,143.512,148.396,343.611,413.148,178.889,218.444,248.526,185.728,433.949,98.645,690.19,660.943,250.323,216.661,164.411,161.906,147.079,147.381,237.335,212.665,211.495,270.056,265.182,207.196,265.273,319.6,270.785,294.108,256.327,276.734,105.962,93.787,104.142,85.065,146.57,148.057,165.884,124.72,124.402,121.444,149.543,82.011,118.295,97.3,114.131,95.955,110.884,85.915,103.567,103.932,129.646,136.163,123.841,115.586,183.432,249.735,228.664,242.992,170.658,166.979,263.105,258.91,254.584,300.07,269.139,236.104,187.714,176.269,149.879,202.817,191.558,134.268,137.293,147.413,159.218,139.231,274.312,137.531,228.975,205.025,136.81,225.192,205.647,189.013,294.314,149.751,226.939,216.367,144.094,210.314,152.283,203.861,319.714,207.38,204.82,109.445,414.197,332.646,287.481,316.247,315.059,156.774,149.28,158.549,148.198,206.132,167.226,161.414,116.309,223.284,126.364,236.059,202.765,139.15,152.904,186.552,138.936,170.1,289.53,235.748,170.113,233.842,224.823,125.536,137.161,139.105,129.955,267.469,110.146,206.6,189.787,168.621,201.969,184.512,161.16,453.269,288.716,262.345,374.377,346.121,414.619,398.88,74.075,56.669,78.446,99.887,72.373,126.391,98.05,99.015,88.372,123.521,120.488,126.514,114.321,156.814,99.451,135.31,158.847,179.128,195.477,101.248,62.286,244.529,561.605,240.38,261.456,64.555,76.983,31.877,5.972,388.681,13.057,43.585,81.83,105.538,197.782,204.381,147.69,91.812,65.721,55.123,97.127,95.329,125.841,329.827,269.239,59.507,29.093,148.702,117.003,159.002,180.062,166.923,212.009,345.109,301.013,291.954,145.357,286.808,189.231
2012-02-01,228.329,228.034,227.663,227.865,227.758,220.509,228.015,248.898,219.49,217.233,213.382,217.177,187.426,269.034,112.996,223.909,320.988,232.103,221.299,125.075,217.686,408.89,114.301,133.185,391.221,232.14,230.612,235.603,230.285,254.951,218.73,125.979,190.231,213.147,100.419,317.669,148.23,256.968,394.274,270.856,330.771,433.088,117.578,112.324,119.591,213.259,83.352,79.885,96.099,104.371,210.329,103.164,267.323,229.648,277.808,168.798,203.793,143.838,149.893,90.685,121.563,316.625,289.286,257.842,140.152,262.722,190.492,197.289,167.814,339.818,185.051,338.694,659.495,108.056,306.081,150.924,99.278,161.288,118.648,79.855,55.127,146.788,221.215,129.096,119.361,169.437,547.095,612.732,155.73,8.856,847.757,367.968,86.512,98.37,68.508,119.941,88.472,66.532,92.212,190.532,233.414,286.484,230.883,232.116,260.146,209.73,211.925,216.647,265.45,209.61,218.122,314.737,327.668,299.986,156.696,127.967,124.811,213.902,232.029,215.348,193.253,308.371,316.897,321.844,303.366,143.677,149.051,343.4,413.826,179.107,219.023,248.445,186.706,435.981,98.161,691.906,663.173,250.736,218.212,165.692,163.197,147.093,147.524,237.265,214.908,213.821,274.064,268.89,206.791,265.714,319.517,270.387,293.793,256.539,277.01,105.834,93.844,104.241,84.901,146.856,148.69,165.566,124.698,123.194,116.65,148.508,81.951,119.309,97.315,114.244,96.505,120.94,85.46,101.333,102.909,130.775,135.159,124.205,116.563,182.327,248.596,227.984,242.217,172.978,167.061,265.627,260.881,255.599,305.018,267.574,238.582,189.733,174.278,151.162,199.763,189.127,132.97,137.554,148.084,158.357,138.997,276.274,140.139,224.432,205.934,136.841,226.622,206.452,188.398,294.494,147.868,225.987,212.6,146.181,209.38,151.441,201.705,318.832,207.079,205.151,109.757,406.744,334.207,278.663,298.321,304.621,158.772,150.334,159.529,149.715,207.165,168.655,161.261,116.404,221.591,126.446,233.66,202.66,139.448,153.565,185.459,137.638,169.907,290.991,237.233,169.36,236.403,225.812,127.193,137.721,137.901,131.227,267.308,110.109,207.718,189.158,167.677,199.341,184.476,162.237,454.978,292.687,262.699,384.747,344.029,417.377,400.381,74.454,56.565,78.587,101.357,72.909,126.525,97.402,99.771,88.54,123.465,121.512,129.813,116.05,156.384,99.693,135.442,159.25,179.503,196.079,100.625,62.315,243.569,563.404,244.124,261.064,64.463,76.5,32.033,5.863,389.998,13.161,43.232,81.313,105.76,198.617,204.264,148.452,91.873,65.904,55.297,97.802,95.075,124.774,326.979,269.77,60.338,29.069,149.015,117.896,157.399,178.201,166.83,212.01,345.201,300.865,292.975,145.685,282.592,188.495
2012-03-01,228.807,228.478,229.392,228.735,228.24,220.975,228.458,249.742,219.928,217.701,213.781,217.642,187.863,269.562,112.952,224.795,323.484,232.502,221.579,125.85,218.457,410.257,114.519,133.289,392.109,232.591,231.051,236.073,229.918,255.474,218.336,125.886,189.524,213.871,100.289,320.302,148.298,256.616,396.465,272.346,332.04,434.468,119.166,112.747,120.334,213.85,83.269,79.793,95.944,104.801,210.973,103.609,266.949,230.906,277.961,168.735,204.376,143.901,149.265,90.429,122.197,319.198,290.122,258.335,139.932,263.286,189.745,196.514,167.159,339.337,185.999,339.084,660.699,108.524,308.237,150.434,99.362,161.96,118.407,79.57,54.782,147.464,222.84,129.891,119.388,169.786,550.226,614.307,156.167,8.806,847.525,368.877,86.205,98.204,68.68,120.165,88.508,66.031,91.935,190.23,233.347,285.771,231.932,232.577,260.565,209.372,213.62,219.608,266.648,214.199,218.247,314.917,329.414,298.59,156.773,128.152,124.582,215.044,232.948,215.831,193.221,307.258,319.017,326.551,306.032,143.604,149.269,343.509,413.974,178.931,219.287,248.913,186.95,437.492,99.154,694.113,664.696,251.069,218.706,166.113,163.637,147.217,147.728,237.759,216.785,215.765,276.896,271.533,206.799,266.208,320.258,271.216,294.366,256.899,277.667,105.715,93.455,104.373,84.133,147.138,149.064,165.367,124.741,123.212,117.226,149.007,81.415,119.057,103.453,114.382,94.55,129.878,83.876,101.684,104.619,130.896,136.522,125.3,118.426,182.055,251.426,227.997,238.975,172.955,167.599,265.154,258.734,253.94,300.716,268.082,239.639,189.709,175.654,150.326,203.929,189.032,132.694,139.363,149.705,158.07,140.105,273.965,139.135,229.243,208.335,137.888,230.086,209.295,188.079,297.123,147.211,225.413,216.466,146.451,209.721,150.576,196.337,315.49,206.616,204.145,111.366,411.111,336.28,281.124,298.768,299.977,158.603,150.027,160.993,148.458,206.362,169.25,160.286,116.939,220.653,125.388,233.588,201.888,141.613,153.147,184.145,138.356,171.234,291.739,239.488,171.008,237.209,226.101,126.856,137.3,138.534,131.779,266.943,110.43,207.832,188.869,167.602,197.259,184.993,160.912,456.247,291.93,263.263,395.016,343.895,419.769,401.692,73.794,57.104,78.515,101.524,72.102,125.576,97.067,99.607,88.235,123.603,120.706,130.433,116.852,156.079,99.743,135.1,158.606,179.518,196.178,105.113,62.142,243.949,564.237,244.866,260.999,63.725,76.24,31.962,5.743,391.599,12.762,42.997,80.485,106.186,199.63,204.789,147.789,91.623,65.193,54.835,98.408,94.838,125.835,327.771,269.472,59.643,28.804,149.873,118.548,157.287,179.463,167.498,212.227,344.894,301.696,291.449,145.714,284.725,190.125
2012-04-01,229.187,228.905,230.085,229.303,228.609,221.28,228.888,249.677,220.272,217.97,214.119,217.95,188.067,270.105,113.04,225.528,323.829,232.934,221.992,126.432,218.615,411.475,114.404,133.469,393.178,233.044,231.397,236.695,230.033,256.056,218.501,125.9,189.308,214.133,100.486,320.408,148.327,256.544,397.695,270.689,331.999,436.191,119.688,113.706,120.76,214.401,83.29,79.802,95.471,104.955,211.47,103.898,267.636,230.834,281.16,168.452,204.531,143.898,150.053,90.421,123.635,319.414,290.788,258.977,139.988,263.871,189.268,196.761,164.663,344.224,187.4,339.52,664.458,108.475,304.81,151.822,99.289,161.997,118.572,79.56,54.101,147.46,223.182,131.091,118.598,167.184,552.613,615.817,156.685,8.791,850.847,370.423,85.945,98.181,68.258,119.992,88.338,65.907,92.022,189.67,233.85,286.589,231.744,231.919,259.847,209.952,211.308,220.681,266.855,215.961,217.233,319.039,335.658,300.556,157.815,127.686,124.956,215.776,232.69,215.954,193.063,308.612,319.558,326.465,305.935,143.799,149.017,343.847,414.318,179.939,219.295,250.475,187.552,438.034,98.892,696.024,666.496,251.526,218.926,166.215,163.739,147.287,147.722,238.248,217.39,216.385,277.223,271.886,206.967,266.757,320.949,271.231,294.998,257.375,278.311,105.91,92.721,104.608,82.955,147.426,149.236,165.5,124.697,123.661,116.384,149.523,82.67,118.719,104.824,115.853,97.988,124.975,86.563,102.175,103.258,132.845,137.296,126.051,117.988,178.404,251.998,228.862,240.693,173.559,166.979,268.544,259.448,257.939,305.661,267.7,239.943,188.498,174.79,149.199,207.641,189.677,131.32,140.541,149.137,157.962,140.691,269.836,138.175,234.309,206.936,136.372,233.743,209.923,194.564,298.192,146.085,222.169,216.728,144.655,209.916,150.597,195.268,318.921,206.299,207.325,114.233,418.469,335.566,276.217,289.98,309.719,160.931,150.027,161.211,150.374,206.83,172.656,160.606,116.429,220.758,127.003,231.332,202.417,141.995,153.576,183.025,137.791,172.202,294.161,238.126,170.652,235.736,227.864,128.126,138.131,138.611,131.369,266.965,109.833,207.427,188.929,167.759,198.028,185.443,162.335,457.666,291.86,263.847,390.483,344.343,424.244,400.913,74.209,56.323,78.578,101.617,71.962,125.59,97.991,99.687,88.536,123.293,121.214,129.16,116.851,155.706,99.746,135.256,158.385,179.836,196.247,108.095,62.131,245.721,567.331,245.505,264.333,62.677,76.749,31.6,5.597,392.642,12.506,42.364,79.315,106.526,199.522,205.107,146.848,92.901,65.133,53.935,98.38,95.03,125.397,328.605,270.053,59.128,28.691,149.945,117.971,157.378,180.078,167.347,212.906,346.444,301.859,292.39,145.889,286.289,191.686
2012-05-01,228.713,229.224,229.815,229.602,228.028,220.457,229.183,241.806,219.725,216.905,214.394,218.143,186.81,270.363,113.091,223.591,308.855,233.127,222.069,126.663,215.029,412.864,114.389,133.849,393.56,233.219,231.32,237.262,230.494,256.451,217.487,125.603,188.034,210.653,100.804,304.913,148.54,257.372,399.15,265.681,332.691,437.844,119.314,114.284,120.954,215.142,83.48,79.983,95.352,105.015,211.695,103.489,267.83,229.333,281.86,168.669,205.042,143.942,151.587,89.753,123.875,303.692,285.588,259.481,140.906,264.202,188.022,196.748,159.982,341.34,187.921,340.889,667.993,108.447,294.883,152.454,99.4,162.009,118.411,79.101,54.232,147.142,224.101,131.458,119.566,166.161,556.63,617.789,157.11,8.84,851.42,371.655,85.697,97.869,67.48,119.99,88.194,65.68,92.006,188.903,233.974,286.629,230.319,230.915,260.296,206.148,211.874,217.653,265.572,213.26,216.962,320.7,335.585,303.95,156.88,127.907,123.964,214.714,233.377,216.768,193.424,310.173,303.416,310.116,292.928,143.971,148.939,345.083,415.07,182.631,219.653,251.918,188.064,438.678,99.377,698.489,668.393,252.131,219.454,164.435,161.907,147.418,147.706,238.722,213.364,212.12,270.148,265.452,206.663,267.181,321.577,270.678,295.228,257.614,278.721,106.311,93.164,104.886,83.245,147.71,149.662,165.671,124.667,123.801,116.173,153.624,80.577,119.708,102.165,116.455,93.222,124.299,88.554,101.883,103.725,133.698,137.308,126.304,116.381,177.279,251.476,230.326,241.615,173.581,167.758,266.653,259.127,259.707,303.762,266.709,243.203,188.624,175.372,147.303,204.384,189.546,126.824,137.648,150.047,157.714,139.533,261.673,140.544,230.285,209.792,136.576,222.528,208.175,191.971,295.196,146.107,220.524,219.838,144.583,212.881,151.242,195.289,315.558,205.137,206.986,114.802,420.271,327.065,278.585,279.499,312.343,158.122,150.598,161.724,148.368,208.978,169.324,160.186,116.941,218.626,124.298,228.309,202.584,140.251,155.046,183.417,138.643,172.666,293.299,236.724,170.442,239.116,224.044,129.297,138.244,134.842,130.037,264.186,112.027,207.776,188.336,168.227,198.826,184.579,163.728,459.222,293.993,264.177,379.681,338.009,425.754,401.067,74.218,55.189,77.822,101.707,71.706,125.442,97.542,99.811,88.349,122.504,120.445,128.615,117.487,155.888,99.776,135.202,159.041,180.147,196.613,113.252,61.972,246.988,570.43,246.281,263.481,63.041,77.292,31.532,5.546,394.235,12.377,41.505,78.699,106.91,199.384,205.386,146.493,92.257,64.451,54.036,98.908,95.083,124.847,328.221,269.818,59.151,28.274,149.794,117.866,158.141,181.54,167.39,213.183,346.659,302.998,292.538,146.286,287.501,191.965
2012-06-01,228.524,229.623,229.478,229.879,227.734,220.049,229.592,235.897,219.432,216.285,214.818,218.549,185.837,270.956,113.041,222.249,296.28,233.624,222.319,126.248,212.225,415.289,114.784,133.957,394.369,233.683,231.713,237.839,231.472,256.813,217.388,125.728,187.598,207.903,101.025,292.683,148.542,257.629,400.876,262.26,333.443,440.922,118.357,113.343,120.2,215.626,83.439,79.929,95.294,105.644,212.208,103.705,266.975,230.092,284.674,168.857,204.91,144.073,152.263,89.822,124.914,291.49,275.332,259.893,142.488,264.477,188.408,196.602,161.853,323.907,189.068,341.796,674.189,108.533,287.712,152.924,99.346,162.698,118.394,79.136,54.202,148.609,224.265,132.685,120.134,166.37,559.608,619.049,157.67,8.799,852.166,373.246,85.942,97.996,67.267,119.855,88.28,65.721,92.142,189.782,233.212,285.029,231.044,230.893,261.738,204.903,211.129,220.921,266.289,214.549,216.94,324.807,338.433,309.3,157.061,127.891,124.198,215.549,232.685,216.531,193.8,312.082,290.794,298.638,282.194,144.211,149.071,346.958,416.258,181.72,219.523,254.506,188.658,440.04,99.487,700.463,670.457,252.435,219.828,162.928,160.341,147.514,147.741,238.979,210.212,208.755,264.65,260.504,206.862,267.535,322.499,270.582,296.18,258.093,279.335,106.529,93.032,104.994,82.837,148.161,148.702,166.406,122.259,123.288,116.365,150.986,81.869,117.445,100.778,115.338,90.503,123.41,87.333,101.244,103.584,133.486,137.822,128.772,117.89,177.304,254.106,229.232,239.215,172.319,167.942,265.028,259.118,257.452,300.9,266.236,245.851,189.602,175.513,145.772,203.983,189.153,127.393,140.037,150.608,157.443,140.557,259.038,140.035,229.777,205.406,136.013,224.056,213.613,193.431,298.131,145.158,222.332,215.725,145.913,209.483,150.746,193.309,327.046,205.956,210.243,115.864,418.801,322.292,281.735,303.898,313.601,157.631,151.501,162.174,148.214,210.063,168.314,160.413,116.901,216.898,126.763,225.882,202.365,141.604,154.331,182.72,137.278,173.051,294.322,233.94,169.218,240.155,225.001,128.96,137.597,134.427,131.514,266.243,111.669,207.251,189.296,169.436,200.677,185.079,164.482,460.344,297.901,264.452,349.807,329.231,428.602,402.793,74.045,54.967,77.05,101.691,71.734,126.22,97.735,99.598,88.615,123.142,120.999,128.449,117.448,156.249,99.862,135.2,159.254,180.52,196.837,118.32,62.668,250.59,574.891,247.008,266.553,63.11,76.946,31.071,5.4,395.478,12.244,41.637,77.766,107.186,200.473,205.841,147.769,91.831,64.364,53.952,99.106,95.599,125.227,334.451,269.998,59.284,28.23,150.995,118.077,161.967,184.132,168.104,213.24,347.032,304.234,292.623,146.56,290.099,192.805
2012-07-01,228.59,229.97,229.104,229.893,227.784,220.007,229.909,233.568,219.43,216.194,215.171,218.944,185.502,271.392,113.131,221.467,292.348,233.752,222.508,125.935,211.791,417.004,114.665,133.954,395.113,233.845,231.658,238.337,231.108,257.153,216.717,126.014,186.651,206.991,100.917,288.752,149.048,257.423,402.428,270.203,335.101,442.625,120.136,112.686,120.018,216.654,83.076,79.557,94.962,105.694,212.515,103.929,267.902,231.019,283.215,168.348,204.859,144.13,151.97,88.97,125.271,287.505,271.809,260.476,140.433,264.9,187.546,195.257,162.36,320.495,189.776,342.502,677.217,109.13,302.202,152.666,99.412,162.304,118.368,79.224,53.986,148.337,224.423,131.819,119.865,162.189,563.829,621.882,158.054,8.762,854.979,374.084,85.811,98.294,66.953,120.712,88.148,66.042,92.181,189.534,232.861,286.801,232.028,231.469,264.034,204.437,210.278,223.575,266.943,214.576,215.932,323.772,335.027,310.656,155.291,127.763,123.044,216.508,232.206,216.354,193.674,311.148,286.861,295.484,276.808,144.127,149.201,348.312,416.699,180.369,219.617,255.662,189.227,442.606,99.801,703.928,671.602,253.389,219.492,162.41,159.821,147.489,147.744,238.915,209.187,207.699,262.985,258.885,206.505,267.792,322.656,272.538,296.464,258.28,279.901,106.508,92.889,105.007,82.319,148.389,149.471,166.538,122.291,124.678,116.837,151.826,83.209,119.032,102.116,114.89,91.896,121.217,87.123,100.681,101.99,132.103,138.823,127.407,117.025,172.047,253.542,228.805,241.183,174.96,167.896,266.671,259.27,259.074,303.559,264.408,245.052,192.476,178.572,145.698,202.321,190.722,126.785,141.872,151.58,157.722,140.627,262.069,137.494,227.354,207.361,135.844,231.535,214.36,196.634,294.899,145.621,218.828,216.727,144.684,209.037,150.684,192.537,335.271,205.794,208.522,112.211,415.594,314.58,288.324,303.842,316.718,155.76,149.526,161.958,148.165,208.473,165.706,159.895,116.741,215.79,125.797,224.068,201.333,142.171,156.125,181.745,137.637,172.704,292.382,236.701,170.346,237.769,225.151,128.706,136.688,134.254,132.397,267.501,112.998,206.943,188.771,170.022,198.889,184.931,163.653,462.573,292.269,264.87,348.104,322.543,429.536,406.243,74.419,54.442,80.26,102.05,71.556,126.988,98.782,99.799,88.423,123.335,120.845,128.174,118.573,156.388,99.886,135.447,159.101,181.875,198.767,125.418,62.824,251.92,577.27,247.709,265.796,62.777,76.738,30.801,5.33,396.66,12.234,41.926,77.408,107.412,199.178,206.753,148.768,91.608,64.538,53.597,100.121,95.565,125.076,334.169,268.545,59.002,28.398,150.125,117.125,162.377,183.8,169.075,214.859,348.178,303.017,293.653,146.854,293.427,194.108
2012-08-01,229.918,230.233,230.379,230.196,229.264,221.68,230.192,244.987,220.781,218.175,215.299,219.151,187.526,272.071,112.806,224.788,314.612,234.108,223.031,125.333,217.573,417.555,114.828,133.811,395.837,234.244,231.853,239.057,230.806,257.647,218.599,125.701,188.272,212.762,100.718,311.493,148.854,257.641,404.828,275.501,335.928,443.047,120.715,110.378,119.257,217.29,82.683,79.157,94.853,106.012,213.042,104.204,267.683,231.727,283.917,168.016,205.039,144.311,150.871,88.813,124.762,310.365,288.449,260.999,140.142,265.44,188.819,195.876,165.442,330.489,191.422,343.579,674.938,109.482,312.195,151.837,99.793,162.43,118.632,78.877,53.769,148.523,223.894,132.057,119.952,166.437,570.969,623.296,158.392,8.682,854.763,375.059,86.582,97.956,66.336,120.601,87.656,65.814,91.873,189.543,232.694,286.289,232.097,232.003,264.011,205.977,210.302,222.422,266.578,225.415,215.676,323.917,338.387,307.568,156.682,127.798,122.831,214.962,230.909,217.074,193.198,311.251,309.981,318.712,298.379,144.316,149.479,349.417,418.981,180.097,220.206,254.702,189.602,443.683,99.812,705.883,674.258,253.612,220.232,165.014,162.49,147.244,147.588,239.032,214.786,213.62,273.016,268.061,207.276,268.356,322.921,274.349,297.221,258.935,280.521,106.305,92.717,104.902,81.535,148.713,151.015,166.759,125.687,125.442,116.78,151.88,84.672,119.678,102.431,112.859,84.806,116.994,86.496,100.794,98.445,133.134,137.643,127.505,120.217,175.892,252.998,228.527,239.321,172.322,167.786,266.199,260.152,257.298,303.108,267.887,245.038,191.736,176.993,148.357,202.866,192.493,126.055,141.189,151.233,157.838,140.157,269.161,139.578,228.19,208.991,135.303,226.742,214.543,195.38,291.367,145.956,219.387,214.676,144.276,210.541,149.582,190.807,345.83,202.87,210.766,112.574,421.304,305.069,292.691,289.257,315.268,157.208,150.206,162.614,150.063,208.116,166.679,161.137,116.333,215.396,126.374,223.669,200.319,141.117,154.835,181.259,136.383,172.214,291.537,236.863,168.918,240.664,226.228,129.279,137.566,137.485,131.806,266.046,114.139,207.718,189.071,167.438,198.693,185.412,164.213,464.837,291.176,265.413,364.165,319.343,434.276,406.823,74.107,53.729,79.851,101.341,71.541,125.842,97.838,99.585,88.047,123.092,120.945,127.589,117.875,158.185,100.013,135.446,159.243,182.472,200.39,123.374,61.092,250.004,575.802,248.431,263.635,62.225,76.057,30.658,5.299,399.258,12.136,41.91,77.202,108.013,199.228,207.098,148.242,91.749,64.102,53.137,101.754,95.945,125.488,332.566,271.992,58.61,28.171,150.144,116.986,161.244,184.039,169.062,215.052,348.032,303.978,293.782,147.53,293.946,194.747
2012-09-01,231.015,230.659,231.407,230.78,230.513,222.992,230.575,252.987,221.879,219.764,215.632,219.586,189.115,272.691,112.421,227.059,330.89,234.286,223.463,126.386,221.574,418.453,115.014,134.06,396.005,234.404,231.789,239.565,231.262,258.233,219.111,125.547,188.74,216.955,100.463,328.194,148.798,258.024,406.844,275.672,335.625,444.433,119.961,112.635,120.445,218.236,82.647,79.109,94.809,106.321,213.042,104.2,267.182,230.703,283.624,169.077,205.348,144.359,149.647,89.153,122.878,326.789,297.554,261.62,140.822,266.029,189.036,196.087,165.675,336.39,191.777,344.333,677.529,109.383,312.078,152.933,99.893,162.842,119.021,79.232,53.448,148.958,224.631,132.301,120.079,168.353,574.306,625.946,158.945,8.643,856.297,375.109,85.849,97.78,66.944,120.919,87.292,64.891,91.618,189.859,230.949,286.979,231.457,231.03,264.447,203.62,208.951,222.185,266.837,218.288,215.791,323.635,339.121,306.265,156.441,129.076,122.691,215.41,232.695,217.172,193.516,311.939,326.965,334.43,313.585,144.325,149.67,350.959,419.81,179.463,220.03,255.727,190.032,444.033,99.659,709.128,675.16,254.6,221.138,167.118,164.628,147.299,147.778,238.296,218.947,217.959,280.23,274.714,207.896,269.041,323.661,275.08,297.941,259.536,281.181,106.025,92.278,105.165,80.683,148.939,151.604,167.215,128.5,125.116,118.84,152.296,81.869,120.236,100.866,114.917,93.703,121.362,86.859,101.187,101.587,134.204,137.379,128.33,122.146,178.107,253.427,224.227,237.237,173.046,168.46,265.099,261.732,257.439,304.287,270.446,244.391,189.495,177.61,148.001,201.2,187.761,122.785,140.635,151.407,157.377,140.553,266.366,138.612,225.637,206.856,134.883,227.627,212.659,194.707,294.232,145.963,219.622,214.578,143.916,208.946,150.175,193.849,353.742,203.242,210.105,111.608,421.365,306.157,293.077,297.747,314.818,158.369,148.776,161.687,153.3,205.583,166.148,162.919,117.395,214.924,126.466,223.009,199.902,141.766,154.578,183.103,137.173,172.809,295.594,237.972,169.113,239.435,225.343,128.888,136.402,137.106,131.061,270.03,113.685,207.947,188.957,167.971,199.47,184.841,164.573,466.35,292.701,266.004,379.131,315.072,435.076,407.594,74.815,54.366,79.711,99.99,71.689,125.31,96.467,99.417,87.606,122.593,120.839,127.717,115.525,156.371,100.052,134.917,159.273,182.809,200.792,113.086,61.759,250.937,578.315,249.209,265.811,61.403,76.023,30.539,5.198,400.681,12.04,41.741,76.624,108.366,199.889,207.351,149.011,91.94,64.353,52.762,101.471,96.127,125.645,333.618,274.337,58.233,28.29,151.224,116.618,160.907,182.757,168.706,215.61,348.721,304.011,293.809,147.855,294.715,195.449
2012-10-01,231.638,231.024,231.317,231.276,231.165,223.637,230.951,256.017,222.498,220.458,215.87,219.883,189.812,273.242,112.327,228.005,336.416,234.694,223.949,127.291,222.913,419.07,114.955,134.319,396.37,234.843,232.398,239.742,231.206,258.816,219.987,125.436,189.553,218.473,100.294,333.789,148.683,258.578,409.432,273.725,336.046,445.12,119.616,114.205,121.266,218.952,82.704,79.151,94.639,106.349,213.237,104.128,268.388,232.231,284.328,168.166,205.613,144.547,148.986,88.018,122.613,332.699,297.899,262.631,141.429,266.495,189.754,196.589,166.982,339.808,192.337,344.663,678.981,109.37,308.022,152.815,99.412,163.208,119.23,78.836,53.28,149.428,223.998,133.443,121.433,167.85,574.251,628.143,159.599,8.612,857.102,375.994,85.792,97.63,66.877,120.597,87.672,64.732,91.638,189.854,231.401,288.877,232.894,232.065,265.701,204.65,209.601,225.467,267.719,221.26,216.551,324.607,340.114,307.211,156.569,128.103,122.666,214.941,232.156,217.708,193.293,312.284,332.661,338.974,320.711,144.327,149.896,350.857,421.303,179.527,220.171,256.272,190.663,444.534,99.523,712.523,677.565,255.282,221.761,167.898,165.427,147.395,147.955,239.325,220.366,219.484,281.843,276.084,208.163,269.662,324.213,275.312,298.63,260.179,281.715,105.934,91.851,105.434,80.111,149.035,152.001,167.475,128.582,124.618,117.225,152.538,82.269,120.261,100.743,115.628,101.897,121.59,87.184,101.626,107.024,137.345,137.183,128.724,120.482,178.14,255.105,226.329,233.768,175.294,166.789,268.01,261.587,258.084,303.23,268.875,244.606,194.019,178.269,147.253,200.901,189.42,126.699,143.335,152.309,158.636,140.55,265.139,137.092,224.984,206.311,135.162,232.285,216.785,194.531,293.46,147.246,221.556,214.656,143.09,212.148,150.296,191.425,351.836,204.298,209.875,112.879,417.038,306.164,292.468,308.623,314.805,159.067,149.113,161.236,152.497,205.627,167.354,161.105,116.779,213.988,126.374,223.462,198.748,141.439,155.68,183.223,136.319,173.482,292.167,237.383,169.01,242.528,226.927,128.4,136.665,138.428,132.779,268.971,114.211,207.414,188.431,167.718,198.105,184.529,164.383,468.082,294.006,266.469,383.117,313.243,436.103,409.495,74.519,54.432,80.036,101.177,71.212,125.821,97.207,99.667,87.77,122.804,120.376,126.825,118.235,156.151,100.189,135.185,159.413,182.811,200.731,110.933,61.491,251.031,580.075,250.018,270.003,60.716,75.941,30.624,5.114,398.888,11.967,41.45,75.99,107.944,200.278,207.922,149.449,91.685,63.328,52.777,98.843,96.572,125.479,336.551,274.439,58.403,27.575,152.007,116.719,162.113,183.339,168.879,216.13,349.165,305.88,295.41,148.014,293.99,195.468
2012-11-01,231.249,231.33,230.221,231.263,230.647,222.933,231.272,248.819,222.078,219.484,216.122,220.154,188.453,273.783,112.399,225.911,319.875,235.1,224.504,127.191,218.833,419.509,115.159,134.489,396.766,235.253,232.883,240.038,231.549,259.216,221.563,125.889,191.082,214.383,100.472,316.521,148.509,258.943,410.687,270.308,335.042,446.157,120.562,113.66,120.99,219.583,82.684,79.119,94.694,106.616,213.326,104.201,268.8,232.145,286.073,168.622,205.564,145.024,148.932,87.833,123.939,315.264,291.053,263.137,140.793,266.921,191.433,197.273,171.42,339.536,193.119,344.792,683.221,108.826,301.966,152.052,99.35,163.789,119.315,78.619,53.346,149.947,225.292,134.172,119.131,166.621,577.502,629.833,160.168,8.585,859.563,376.37,85.877,97.997,66.845,120.433,88.476,65.18,92.143,190.171,232.601,287.594,232.901,232.338,266.25,204.911,209.421,224.988,267.187,219.699,218.228,325.993,342.421,307.663,158.46,128.933,121.993,212.272,233.048,217.995,193.548,312.966,314.918,322.129,304.555,144.971,150.234,350.876,422.226,178.88,220.022,258.07,191.035,442.126,99.805,714.314,679.736,255.796,222.06,165.887,163.362,147.488,148.063,240.048,216.123,215.003,274.734,269.604,208.993,270.115,324.836,275.043,299.534,260.747,282.143,106.114,91.389,105.63,79.234,149.186,152.102,167.835,128.673,125.546,119.128,153.984,82.078,120.711,101.887,115.843,102.759,118.352,87.257,102.06,103.052,137.633,138.819,129.205,116.821,177.239,255.599,228.942,236.789,173.813,168.296,267.65,262.608,260.133,301.561,274.459,245.08,194.837,179.522,147.509,199.689,188.79,127.013,144.327,152.56,157.768,140.911,265.442,137.56,223.61,205.776,135.505,237.189,216.936,196.762,293.872,150.968,222.534,215.064,143.189,215.312,153.34,200.252,355.188,201.851,208.131,114.97,420.517,314.351,285.942,312.561,315.759,162.246,150.002,159.641,156.016,207.951,169.909,160.962,117.921,213.159,125.691,222.959,198.708,140.022,155.502,185.806,136.953,172.89,292.299,238.875,169.961,242.319,226.198,128.936,135.968,136.73,131.238,270.417,114.08,208.016,188.5,167.605,198.167,184.067,165.016,469.788,292.108,266.896,382.355,311.366,438.22,410.155,75.021,54.309,81.006,102.918,70.992,126.391,97.815,99.696,88.267,122.671,120.453,128.309,121.697,156.428,100.521,134.365,159.351,182.902,200.793,108.492,61.321,252.554,585.736,250.871,271.501,59.775,76.085,30.27,5.06,399.602,11.804,41.219,75.454,108.061,200.944,208.742,149.91,91.623,62.925,52.838,99.339,96.621,126.351,336.051,277.678,58.626,27.395,152.663,117.601,161.144,183.125,169.464,216.846,350.021,305.976,297.259,148.224,293.857,194.275
2012-12-01,231.221,231.725,229.601,231.033,230.546,222.724,231.671,244.708,222.016,219.122,216.5,220.536,187.716,274.437,112.389,224.906,311.238,235.521,224.757,127.289,217.524,420.321,114.974,134.693,396.873,235.677,233.374,240.359,231.927,259.644,221.66,125.628,191.022,212.51,100.719,307.731,148.761,258.845,412.433,278.981,334.536,447.508,120.764,113.403,120.985,220.263,82.688,79.119,94.218,106.667,213.259,103.998,268.985,232.919,288.037,168.531,205.672,145.318,149.243,88.345,125.843,306.338,288.856,263.669,140.528,267.333,191.59,197.322,171.879,335.029,193.706,345.162,687.128,108.276,316.876,153.212,99.274,163.097,119.424,77.524,52.881,149.973,226.532,134.731,118.863,167.817,578.388,631.853,160.36,8.582,861.412,375.951,85.841,97.768,65.978,119.817,88.452,65.142,92.032,190.079,232.708,288.074,233.929,233.463,268.651,204.841,210.077,226.643,267.019,216.455,218.551,330.134,348.052,310.282,156.632,128.597,122.598,213.265,233.001,217.973,193.741,313.606,305.842,314.153,295.817,145.33,150.504,350.629,424.339,178.704,220.029,259.699,191.523,440.47,99.742,717.014,681.834,256.701,222.356,164.718,162.158,147.397,147.93,240.496,213.94,212.71,270.96,266.207,209.635,270.565,325.274,277.493,300.413,261.33,282.847,106.328,91.145,105.833,78.835,149.583,152.634,167.816,128.976,125.165,116.798,155.789,82.364,119.988,103.859,115.432,99.212,118.99,86.945,102.634,103.491,135.305,140.273,130.323,120.221,176.712,257.484,227.388,238.598,175.201,169.835,267.313,263.265,258.507,303.613,268.148,244.927,194.383,181.066,147.369,201.053,184.854,127.152,145.255,153.501,157.604,141.014,268.704,135.57,225.269,205.756,135.989,235.802,220.471,199.706,290.403,151.449,223.487,212.863,144.436,216.399,152.506,197.392,361.003,204.104,214.62,116.646,436.959,312.245,284.429,331.061,318.209,158.817,149.658,160.831,152.037,205.87,166.929,161.265,117.635,213.91,126.541,225.547,201.25,140.308,156.436,184.512,137.309,172.432,293.482,237.435,169.6,240.261,227.643,129.455,136.378,136.069,132.971,274.086,112.984,208.344,189.049,168.429,198.752,184.447,165.262,471.254,291.205,267.307,382.532,307.91,439.894,410.416,74.77,53.298,80.904,102.419,70.605,126.471,97.985,99.656,88.181,122.682,120.379,129.704,120.452,156.312,100.719,134.666,159.292,183.453,201.702,117.639,61.273,253.92,589.485,251.18,271.704,59.319,76.299,30.246,5.012,400.418,11.751,40.689,74.885,108.171,199.51,208.881,150.199,91.389,61.432,52.129,100.91,95.987,125.963,337.325,277.304,58.015,26.861,152.099,115.223,161.796,185.548,169.767,216.875,350.925,306.049,297.379,148.52,293.752,193.465
2013-01-01,231.679,232.229,230.28,231.612,231.023,223.172,232.147,245.025,222.457,219.596,217.01,221.046,187.971,275.121,112.497,224.986,311.536,235.86,225.106,128.076,218.092,421.114,115.076,135.177,397.188,236.011,233.696,240.713,232.337,260.142,222.059,125.424,191.225,212.938,100.919,308.181,147.931,259.752,413.992,281.901,334.758,448.525,121.711,114.293,121.741,221.376,82.873,79.294,94.199,106.832,213.249,104.037,268.785,233.596,289.361,168.218,206.013,145.533,149.741,87.709,130.588,306.734,289.057,264.245,141.473,267.787,191.943,198.349,170.334,332.369,194.548,346.203,688.415,108.74,320.958,154.467,99.499,163.284,119.044,77.063,52.616,150.017,230.151,135.53,119.031,167.378,582.796,634.935,160.787,8.588,864.408,377.815,85.904,97.571,66.351,119.003,88.154,65.154,92.066,189.474,230.963,290.268,234.479,233.822,269.569,205.422,209.168,227.943,267.466,219.136,218.351,331.835,345.483,316.268,157.071,128.392,122.332,214.726,232.954,218.197,193.881,314.141,306.137,314.048,296.091,145.264,151.154,351.437,425.539,179.414,221.354,260.159,191.958,440.893,99.402,721.033,683.833,257.401,224.207,164.937,162.371,147.61,148.114,240.685,213.963,212.72,270.806,266.067,210.152,271.027,326.279,278.81,301.074,261.823,283.564,106.495,91.321,106.23,78.734,149.916,153.28,168.126,129.143,127.066,119.383,156.696,83.346,122.365,100.951,115.797,98.657,120.735,86.166,102.835,106.743,136.286,140.252,131.021,120.416,176.302,254.668,225.185,238.531,176.183,170.375,269.159,262.019,260.041,300.694,269.875,245.235,193.886,180.924,148.602,200.792,186.318,125.983,145.652,153.467,158.162,141.314,271.363,135.082,225.913,205.043,135.746,238.26,220.37,198.051,294.002,150.751,223.68,217.903,144.581,214.86,152.336,197.357,356.32,205.811,210.973,115.356,429.76,309.999,317.596,327.312,323.349,160.005,149.828,160.014,153.953,205.77,168.483,160.778,117.244,212.082,127.677,221.653,196.692,141.18,154.66,184.299,136.702,173.071,289.853,239.62,168.623,238.682,227.046,129.261,135.302,135.433,131.861,272.379,113.295,208.979,189.439,167.927,200.278,184.711,165.384,472.782,293.41,267.763,378.53,313.385,442.174,411.126,74.442,53.844,80.089,101.423,71.74,125.984,98.364,99.607,88.208,122.153,120.207,129.205,118.149,156.156,100.874,133.582,159.937,184.19,201.713,110.668,61.559,254.362,590.261,252.031,269.842,59.194,76.436,30.404,4.94,401.712,11.701,41.218,74.762,108.526,199.803,209.01,150.403,90.765,60.588,52.014,97.845,96.495,126.283,336.407,277.518,58.248,26.506,152.172,115.348,161.916,185.896,169.853,217.167,352.125,306.202,299.157,149.498,293.92,194.49
2013-02-01,232.937,232.569,232.166,232.432,232.489,224.713,232.43,255.696,223.738,221.514,217.212,221.258,189.884,275.756,112.379,228.051,332.855,235.903,225.58,128.134,223.274,421.601,115.277,135.501,398.291,235.992,233.526,240.93,233.3,260.719,222.795,125.377,191.897,218.502,100.765,330.403,147.659,260.234,414.875,279.838,333.152,449.885,120.829,114.603,121.726,221.963,83.053,79.375,94.118,107.186,213.934,104.121,268.948,234.033,290.774,167.896,204.596,145.121,149.789,87.8,129.454,329.253,299.187,264.904,141.784,268.325,192.625,198.641,172.098,333.382,195.06,347.02,692.496,108.86,316.62,153.829,99.699,163.839,118.586,77.826,52.344,150.52,230.201,135.913,119.798,167.693,585.065,636.563,165.235,8.617,865.608,379.959,85.613,97.474,65.872,119.921,87.441,64.731,92.035,190.007,233.056,289.409,234.627,234.256,268.294,206.625,211.376,227.483,267.166,224.158,218.484,333.978,346.032,320.002,157.038,128.104,121.955,212.039,231.043,216.959,194.702,315.476,328.985,336.424,316.597,144.693,150.735,352.203,427.025,180.096,222.147,261.934,192.06,438.938,98.829,722.861,685.851,257.761,224.673,167.552,165.018,147.518,148.007,241.022,219.214,218.208,279.533,274.101,210.749,271.592,327.278,278.755,301.977,262.403,284.195,106.322,91.294,106.512,78.523,150.205,153.978,168.142,129.27,126.085,121.787,157.862,81.292,118.853,101.512,117.567,100.636,119.088,89.58,103.005,100.463,138.229,142.266,130.384,121.74,176.747,252.95,227.946,239.142,176.215,168.857,267.95,262.637,256.938,298.51,270.936,246.302,194.929,180.774,148.834,201.792,190.533,126.537,144.411,155.121,158.453,140.652,271.961,136.771,226.632,210.025,136.265,233.938,218.775,197.805,286.569,149.915,223.798,215.762,144.173,216.3,152.155,198.589,354.824,205.406,211.206,116.795,429.57,308.227,347.384,312.048,330.267,159.719,149.807,159.653,154.121,206.606,167.62,159.633,117.216,212.289,127.377,221.979,195.191,138.897,154.365,185.455,135.687,169.767,292.169,240.103,167.22,242.541,225.217,128.514,134.577,135.215,130.918,271.704,114.531,209.693,189.691,168.821,200.782,185.931,165.973,473.907,294.042,268.302,381.93,314.811,443.478,411.805,75.47,52.893,79.282,100.692,71.075,125.902,98.405,100.407,87.988,122.298,120.466,128.496,116.26,155.872,100.595,133.143,160.329,184.709,201.995,103.66,61.442,256.764,593.491,259.489,270.381,58.775,76.995,30.611,4.838,403.042,11.603,41.416,74.296,108.976,200.77,209.218,150.189,90.582,62.092,51.657,97.74,96.514,127.731,334.714,279.434,58.005,27.15,152.95,115.591,160.993,184.969,169.758,217.192,352.54,309.892,300.074,149.033,296.58,195.107
2013-03-01,232.282,232.794,232.773,233.052,231.692,223.612,232.654,246.595,223.001,220.094,217.301,221.41,188.07,276.207,112.209,225.716,314.558,236.13,225.769,126.97,218.985,423.089,115.194,135.67,399.455,236.213,233.58,241.409,233.621,261.176,222.271,125.115,191.142,213.704,100.558,311.661,147.916,260.156,415.397,284.923,334.216,451.519,120.528,113.035,120.578,222.541,83.051,79.364,94.179,107.022,214.754,104.564,269.381,233.661,290.935,168.028,205.146,145.26,148.912,87.224,127.633,310.442,289.21,265.603,141.723,268.758,192.157,198.289,171.313,326.197,195.671,347.897,695.528,109.133,322.645,154.447,99.675,164.263,118.366,78.626,52.488,149.715,231.404,134.873,117.173,167.641,588.621,638.068,165.63,8.628,865.625,379.947,85.332,97.098,65.216,119.48,87.352,64.197,91.729,189.926,232.057,290.978,234.365,233.32,266.643,206.653,210.291,228.245,268.526,222.038,217.41,334.212,344.295,322.216,157.051,128.37,121.569,212.165,229.87,217.881,195.144,315.184,309.946,318.253,300.049,144.727,150.831,352.632,429.189,180.331,222.722,263.088,193.011,440.53,99.05,725.099,688.028,258.084,225.217,164.994,162.394,147.227,147.777,241.062,214.958,213.667,273.012,268.248,210.98,272.07,327.433,279.821,302.312,262.81,284.738,106.183,91.032,106.686,77.894,150.518,154.379,168.816,129.233,125.42,120.242,154.164,82.183,118.481,102.034,116.249,100.963,119.872,87.741,102.248,97.772,137.204,140.667,129.995,122.225,176.567,250.539,226.143,238.513,176.454,170.507,269.785,263.449,262.785,300.366,269.429,247.142,198.013,178.396,150.886,204.056,187.813,124.58,145.202,154.049,159.569,140.761,278.91,137.666,229.522,208.832,136.36,239.037,218.618,193.169,291.399,149.297,222.699,215.533,143.154,214.432,152.399,199.385,357.21,205.635,210.095,115.65,428.813,303.378,343.449,320.151,333.018,159.69,149.773,158.968,154.73,206.096,166.925,160.498,117.46,209.945,127.519,219.291,194.587,139.908,154.353,185.327,134.767,168.663,292.957,239.703,168.42,245.013,224.741,128.841,134.573,138.361,131.014,270.72,115.259,209.966,191.411,168.939,201.347,186.924,166.229,475.354,293.666,268.732,373.601,317.239,445.138,412.305,75.558,51.977,76.702,100.561,70.755,126.627,96.999,100.384,87.611,121.847,120.278,129.381,115.437,155.779,100.688,133.288,160.349,185.516,203.194,117.213,61.261,257.564,596.445,259.98,272.876,58.376,77.537,30.357,4.762,403.975,11.685,40.222,73.66,109.183,201.38,209.602,149.905,90.031,63.453,51.629,99.526,97.2,126.698,334.382,276.78,58.128,27.831,154.021,115.256,160.553,184.791,170.02,217.726,352.321,310.386,299.335,149.116,296.341,194.442
2013-04-01,231.797,232.832,232.531,233.236,231.056,222.732,232.755,240.473,222.502,218.892,217.064,221.179,186.794,276.473,112.014,223.796,299.883,236.574,226.299,126.905,214.905,423.025,115.063,135.411,400.657,236.655,233.776,242.236,234.09,261.679,223.908,124.985,192.815,209.815,100.471,296.546,147.22,260.341,415.265,277.988,334.512,451.305,121.903,112.076,120.416,223.125,82.538,78.834,94.023,106.934,215.041,104.88,271.033,234.114,287.813,168.108,205.611,145.378,148.577,86.752,125.303,295.206,282.574,266.094,142.263,269.314,194.187,198.831,177.476,322.008,196.18,348.564,691.69,109.153,310.843,153.619,99.417,164.751,118.101,77.654,52.619,149.35,231.792,135.27,116.249,167.886,590.966,639.683,166.459,8.561,872.875,380.862,85.778,97.097,65.123,119.321,86.928,63.908,92.108,189.53,232.582,293.387,234.696,232.508,264.428,206.346,211.14,229.847,272.317,224.414,218.414,329.551,339.999,317.214,157.012,128.981,120.472,211.978,230.907,218.421,195.572,316.544,294.324,301.565,286.797,144.821,151.159,353.431,429.805,181.0,222.666,261.412,193.288,440.912,99.724,727.225,690.135,258.427,225.594,163.083,160.43,147.162,147.739,241.266,211.595,210.102,266.582,262.423,211.335,272.591,327.212,278.226,302.429,263.177,284.827,106.116,90.376,106.535,76.825,151.07,154.511,169.45,129.347,127.955,122.735,159.096,83.324,120.593,100.531,115.555,102.011,120.332,86.553,101.949,95.623,137.177,141.124,130.435,121.452,177.354,256.38,227.522,237.502,178.337,172.676,269.81,266.449,262.859,305.636,271.506,246.498,194.714,174.928,151.084,203.892,185.559,124.835,146.697,153.914,162.638,142.038,276.519,138.561,229.577,206.31,136.408,243.208,219.945,198.82,297.379,148.666,222.791,215.218,144.426,215.605,152.951,201.579,353.237,201.406,209.874,113.674,426.607,306.454,318.39,309.388,330.061,159.617,149.873,160.137,154.217,206.016,166.921,162.216,117.385,206.505,128.203,215.136,194.235,139.089,155.519,186.339,134.263,169.854,291.466,242.687,168.184,244.516,227.25,130.006,134.883,139.4,132.153,275.875,115.606,210.267,190.494,169.786,200.365,185.847,167.457,476.665,294.861,269.289,359.767,319.534,446.195,413.675,75.481,52.031,78.062,100.226,70.484,127.233,97.622,101.092,87.974,122.234,120.203,129.333,115.168,156.148,100.778,132.29,160.501,185.304,203.328,116.116,61.343,255.911,593.57,261.036,277.733,57.51,77.212,30.047,4.645,404.17,11.668,39.744,72.821,109.143,201.941,210.289,151.235,89.109,61.333,51.728,100.123,97.291,126.961,332.178,276.184,58.436,26.675,154.338,115.766,159.256,183.851,171.782,218.443,355.542,310.395,299.463,149.276,298.085,195.812
2013-05-01,231.893,232.996,232.945,233.462,231.2,222.636,232.862,240.468,222.629,218.822,216.98,221.095,186.495,276.955,111.879,223.773,297.64,236.387,226.949,126.916,214.01,422.316,115.271,135.563,400.586,236.454,233.184,242.642,234.098,262.263,225.827,125.015,194.748,209.269,100.41,294.312,146.763,261.065,415.657,271.115,333.238,450.85,121.917,111.788,120.393,223.647,82.536,78.822,94.178,107.136,214.854,104.715,270.372,233.907,288.081,166.865,204.956,145.379,148.501,86.203,125.388,293.131,278.134,266.841,143.247,269.825,196.397,200.164,182.106,319.91,196.872,348.592,692.422,108.419,298.615,153.992,99.508,165.027,118.935,77.584,52.52,149.777,231.741,135.435,117.143,168.771,593.932,641.058,166.913,8.542,874.638,381.502,85.389,97.118,65.51,118.972,86.599,64.172,92.003,189.913,233.002,291.522,234.424,232.623,264.934,206.672,210.291,229.742,270.05,225.26,217.441,329.646,342.723,314.665,157.482,127.49,120.41,211.193,230.257,217.734,195.582,317.066,291.803,304.711,285.099,144.693,151.262,353.556,430.341,180.597,222.518,261.68,193.968,438.905,99.648,729.039,690.977,258.896,225.789,162.754,160.093,147.107,147.687,241.096,211.367,209.818,266.432,262.363,212.4,273.23,327.708,276.98,303.029,263.842,285.137,106.07,90.197,106.685,76.355,151.28,154.777,169.165,129.284,127.907,121.234,158.646,84.45,120.509,100.061,114.944,102.918,120.479,86.02,101.892,96.798,135.671,140.499,131.833,121.434,178.144,255.628,228.125,241.479,177.869,171.936,268.995,262.684,259.328,297.486,272.465,245.786,194.723,178.165,150.188,204.865,187.267,125.077,146.604,153.3,160.334,141.749,276.32,137.402,231.147,205.751,136.314,241.863,220.097,199.276,293.686,146.892,223.054,214.912,143.864,214.417,152.458,203.832,354.136,202.835,208.743,115.062,434.636,307.382,289.405,311.399,323.195,160.063,149.723,161.911,155.199,204.797,167.45,160.16,116.297,206.163,127.129,215.052,192.212,138.744,154.907,185.971,133.81,169.155,288.508,241.31,169.166,242.856,226.691,129.088,135.924,132.39,132.033,274.031,112.53,210.453,190.685,169.725,201.525,186.802,167.745,478.229,297.163,269.799,351.54,321.182,447.983,414.511,74.327,53.123,77.825,99.781,70.417,126.624,97.682,101.128,87.764,121.93,120.707,129.667,114.34,155.823,100.78,131.648,160.838,185.546,203.989,111.01,61.563,256.18,593.961,261.998,274.92,57.175,77.237,29.85,4.667,404.894,11.557,39.731,72.908,109.235,202.182,210.811,150.657,89.979,61.489,51.469,100.913,98.017,127.375,333.636,275.318,57.969,26.701,154.931,115.598,160.51,186.372,170.726,219.041,356.29,310.244,300.973,149.277,299.367,196.893
2013-06-01,232.445,233.35,233.504,233.64,231.757,223.201,233.241,242.711,223.12,219.397,217.229,221.344,187.137,277.441,111.782,224.988,302.549,236.912,227.324,126.995,215.38,424.286,115.121,135.575,400.578,236.98,233.809,243.016,234.619,262.797,225.936,125.045,194.69,210.757,100.647,299.213,146.384,261.36,416.506,270.267,334.098,453.246,121.879,111.487,120.26,224.034,82.414,78.689,93.647,107.278,215.058,104.679,271.384,235.03,288.22,167.297,205.351,145.854,148.742,86.286,123.675,298.112,279.309,267.451,143.329,270.366,196.117,200.462,180.21,324.282,197.503,349.505,696.553,108.68,296.647,154.035,99.467,164.36,118.17,77.441,52.264,149.977,232.193,136.482,116.859,169.59,596.211,642.074,167.386,8.504,871.934,381.672,85.118,97.095,65.438,119.303,86.531,63.844,92.144,190.185,233.397,292.179,235.437,233.05,265.617,206.709,210.837,232.996,270.761,228.112,217.815,329.741,342.112,315.469,157.657,128.013,120.2,212.204,229.356,218.237,195.946,317.348,296.796,308.38,290.449,144.858,151.908,354.655,431.517,180.513,223.298,263.45,194.321,440.376,99.94,730.933,693.526,258.965,225.639,163.425,160.765,147.168,147.728,241.611,212.681,211.167,267.716,263.562,212.217,273.762,327.909,277.127,303.478,264.162,285.699,106.311,89.981,106.718,75.886,151.513,155.759,169.331,129.287,127.818,121.897,159.113,83.535,120.674,101.258,114.095,101.039,118.277,84.437,102.698,98.974,135.735,140.586,134.023,123.744,178.81,253.534,229.826,240.4,177.879,173.124,270.815,263.962,261.726,298.373,272.394,244.603,196.633,179.158,151.905,207.248,181.185,124.422,149.386,152.544,161.571,141.555,281.344,137.964,234.067,207.682,136.395,246.83,224.549,199.38,293.195,148.866,221.185,216.754,142.904,216.966,154.227,202.525,348.787,204.582,212.38,114.91,443.034,311.496,295.38,312.042,321.668,161.015,149.945,159.306,155.646,206.09,168.686,159.65,117.264,205.128,126.935,212.924,190.01,140.605,154.433,185.925,134.967,167.522,289.334,241.325,169.161,241.295,225.96,130.475,135.483,131.181,130.765,274.17,115.189,211.412,191.295,169.552,202.702,187.209,167.64,479.453,297.188,270.34,359.111,322.725,449.777,414.802,73.851,53.206,77.758,99.823,70.243,125.967,97.638,100.864,88.036,121.983,120.426,130.002,114.699,155.599,101.113,131.032,161.228,186.265,205.357,116.685,62.246,257.699,597.272,262.901,273.421,56.745,76.988,29.681,4.622,405.274,11.433,39.298,72.439,109.355,200.689,211.139,150.192,89.726,60.873,50.973,101.924,99.081,127.12,334.069,276.318,57.43,26.635,154.583,114.064,161.467,186.376,171.016,219.327,354.965,311.652,301.702,149.304,297.546,196.209
2013-07-01,232.9,233.88,233.596,233.792,232.252,223.667,233.719,242.986,223.561,219.925,217.813,221.946,187.328,278.142,111.688,225.261,303.423,237.133,227.579,127.645,216.562,425.008,115.116,135.745,401.052,237.184,233.893,243.409,235.08,263.239,226.047,124.735,194.631,211.546,100.802,299.873,146.141,262.229,421.696,278.175,334.553,454.064,121.761,113.472,121.286,224.812,82.344,78.609,93.507,107.367,214.915,104.876,270.65,235.546,290.763,166.23,205.151,146.024,149.058,86.616,122.735,298.754,279.148,267.87,144.382,270.758,195.813,201.333,176.617,329.138,198.145,349.921,699.12,109.009,311.074,152.966,99.557,164.461,118.452,76.637,52.1,149.87,232.219,135.278,115.971,169.863,600.184,644.16,167.831,8.449,878.105,381.932,84.877,96.773,64.82,118.837,85.806,63.338,92.322,188.972,233.141,291.458,236.12,234.287,267.517,208.649,209.921,231.466,272.006,225.98,217.569,333.539,344.003,321.164,157.685,126.854,119.714,211.359,228.57,218.221,196.33,318.193,297.54,307.609,291.03,145.042,152.165,354.274,432.869,181.467,223.408,264.491,194.914,441.877,99.825,732.959,696.346,259.544,226.052,163.607,160.938,147.251,147.787,241.84,213.207,211.709,268.567,264.39,212.618,274.239,328.395,280.653,304.281,264.728,286.501,106.445,89.586,106.908,75.045,151.693,158.861,169.371,130.028,126.55,116.727,159.65,82.688,120.356,102.53,115.894,99.812,120.06,86.317,103.75,101.782,136.389,139.447,131.829,124.26,179.624,253.958,229.62,240.494,177.395,172.405,271.925,261.424,262.741,294.284,269.067,245.389,198.78,180.731,153.997,206.439,186.816,125.502,147.984,153.222,162.035,141.931,286.837,138.042,231.972,205.272,136.202,245.762,221.526,199.171,296.22,148.463,221.457,215.345,143.382,216.232,152.298,198.477,348.921,204.423,217.915,114.561,460.123,327.41,307.274,307.297,327.093,160.974,149.643,161.275,155.967,205.077,168.589,159.128,116.069,205.044,127.036,211.583,189.717,139.786,153.783,183.402,134.024,168.461,286.956,238.38,169.172,246.337,226.23,129.289,136.313,129.235,131.519,274.514,113.646,212.041,191.492,170.089,202.089,186.461,168.209,480.444,299.754,270.735,365.609,325.697,451.118,416.505,73.978,52.264,77.321,98.8,69.918,126.633,97.324,100.752,88.235,121.629,119.922,130.751,113.455,155.992,101.225,130.539,161.978,187.597,206.529,128.463,61.025,258.872,598.383,263.722,272.401,56.061,76.704,29.34,4.528,406.317,11.224,39.799,72.077,109.615,200.725,211.422,151.566,89.623,59.282,50.912,100.607,98.903,126.482,334.565,276.4,57.528,25.977,154.647,114.161,162.398,186.707,171.122,220.001,357.536,311.908,301.739,149.149,296.764,196.352
2013-08-01,233.456,234.336,233.877,234.258,232.856,224.204,234.144,244.833,224.049,220.526,218.175,222.298,187.847,278.743,111.621,225.859,308.325,237.407,227.911,127.412,217.901,427.168,115.268,135.946,402.087,237.451,234.073,243.811,235.457,263.86,225.503,124.674,193.964,212.799,100.864,304.619,145.673,262.497,421.842,280.832,335.525,456.679,121.758,113.504,121.052,225.362,82.39,78.644,93.335,107.712,215.289,105.226,270.985,236.587,293.453,166.284,203.623,146.066,149.539,85.797,123.56,303.409,281.586,268.837,143.431,271.415,194.73,201.22,172.834,336.346,198.366,350.067,710.158,109.471,317.28,151.804,99.743,164.567,117.898,76.859,51.931,150.428,232.641,135.094,114.679,167.836,591.054,646.535,168.337,8.478,882.711,382.746,83.643,96.605,64.455,119.21,85.719,62.801,92.457,188.519,232.32,292.749,237.544,234.95,268.217,209.384,210.407,234.656,274.594,220.955,217.825,337.649,342.29,331.108,157.575,127.555,118.222,209.093,228.517,216.484,196.525,318.891,302.405,311.446,294.643,145.177,152.174,354.349,433.268,181.213,223.61,269.173,195.173,444.268,99.029,736.392,700.993,259.682,226.613,164.21,161.545,147.232,147.716,241.709,214.328,212.89,270.508,266.143,212.082,274.88,329.251,281.178,304.858,265.258,287.271,106.543,88.908,107.156,74.83,151.869,156.443,169.64,130.379,126.711,114.671,160.522,84.346,119.538,103.041,116.215,96.273,121.855,87.706,103.959,100.512,138.164,136.922,130.741,117.102,179.815,253.662,227.573,239.473,177.103,173.158,270.617,264.694,260.899,304.71,270.331,247.96,197.697,179.199,154.883,205.086,188.956,125.809,150.303,154.786,163.672,143.204,290.505,139.046,230.481,205.675,136.911,243.939,227.361,198.479,301.289,148.368,222.173,215.213,144.581,214.289,152.179,197.988,348.411,202.85,219.168,112.852,453.505,342.21,309.206,314.719,335.503,160.94,148.456,161.252,155.039,204.317,168.958,158.723,117.328,200.821,127.133,207.721,189.079,137.602,153.538,182.604,134.976,168.509,286.868,238.751,166.734,242.504,226.485,127.832,134.962,136.799,132.208,283.109,114.739,211.39,191.381,170.564,204.359,185.355,168.479,481.922,297.079,271.391,375.406,331.17,451.347,417.76,74.131,51.709,77.07,98.398,70.204,127.625,96.917,101.002,88.332,121.421,120.264,130.928,113.109,153.395,101.268,129.876,162.03,187.97,206.919,121.554,60.345,263.15,609.478,264.467,273.933,55.917,77.274,29.337,4.47,407.692,11.156,39.68,71.726,110.002,200.819,211.618,150.031,89.307,59.945,50.735,100.462,98.563,126.951,336.784,276.686,57.721,25.925,154.33,114.478,162.856,188.849,170.949,220.282,359.555,314.108,302.377,149.297,297.576,197.175
2013-09-01,233.544,234.7,234.149,234.782,232.947,224.147,234.461,242.745,224.095,220.439,218.483,222.566,187.353,279.396,111.712,224.981,302.835,237.464,228.354,127.281,216.898,428.29,115.305,136.203,402.456,237.519,234.04,244.036,235.355,264.321,226.667,124.57,195.149,211.719,101.27,298.759,145.379,262.96,422.772,281.288,336.195,457.968,121.133,113.816,121.037,225.749,82.559,78.802,92.707,108.198,215.41,105.376,271.384,237.245,291.392,166.067,203.99,146.381,150.458,86.481,125.442,297.39,281.28,269.315,142.999,271.927,195.904,202.581,173.461,338.721,198.742,350.83,713.099,109.622,316.426,156.184,99.823,164.508,116.678,76.715,51.456,151.35,231.616,134.446,114.393,168.082,596.22,647.333,168.821,8.494,884.503,383.315,83.685,96.448,64.382,118.335,85.509,62.8,92.703,188.136,233.136,292.969,238.336,235.682,268.69,209.805,212.004,235.381,275.82,219.478,217.279,334.531,341.096,326.071,157.613,127.436,118.334,209.606,227.443,217.063,196.145,319.189,296.094,306.457,289.917,145.309,152.726,354.851,434.35,182.09,224.453,270.384,195.08,445.598,99.245,737.424,701.929,259.827,227.13,163.511,160.834,147.226,147.612,241.293,212.754,211.228,267.996,263.846,212.884,275.375,330.111,281.835,305.709,265.809,287.873,106.88,89.078,107.358,74.663,152.133,154.182,170.17,130.886,125.663,114.124,160.981,83.427,116.021,104.037,116.542,103.237,124.848,86.805,101.869,100.754,137.939,139.115,129.649,122.912,177.592,251.175,227.447,237.375,177.26,171.784,274.638,264.0,266.896,301.452,272.95,247.099,195.785,179.247,155.401,206.045,191.601,124.278,150.575,154.941,165.965,142.558,290.003,140.755,231.877,208.354,137.024,247.033,226.077,196.265,301.128,148.295,221.594,215.945,143.103,212.437,151.581,194.065,344.302,204.274,219.829,112.549,452.51,347.486,305.362,324.511,327.048,160.681,148.399,161.926,153.64,204.802,169.686,158.723,116.813,200.266,127.73,207.248,186.535,138.548,153.886,182.25,134.833,166.543,291.195,235.407,166.037,243.279,225.963,128.813,137.065,131.193,131.678,267.386,114.317,211.005,191.298,170.02,204.383,186.635,168.884,482.977,295.808,271.905,375.87,338.331,452.27,418.357,74.716,51.331,77.086,97.659,70.451,127.31,96.399,101.147,88.729,120.7,119.323,130.851,111.461,153.099,101.475,129.345,162.605,188.229,207.65,110.883,62.743,264.177,612.591,265.159,275.693,55.864,77.611,28.98,4.408,408.949,10.997,39.69,71.283,110.279,200.141,212.603,148.163,88.722,59.155,50.034,101.461,98.847,128.7,337.569,277.644,57.266,25.56,154.238,113.561,162.042,189.227,173.921,220.89,360.229,314.021,302.916,149.5,298.82,198.042
2013-10-01,233.669,234.921,233.546,235.162,233.055,224.179,234.683,241.954,224.212,220.423,218.621,222.661,187.248,279.756,111.722,224.586,301.121,237.693,228.584,126.988,216.682,428.586,115.418,136.418,402.588,237.75,234.219,244.35,235.546,264.684,226.932,124.299,195.136,211.533,101.469,297.068,145.246,263.085,424.0,280.584,337.573,457.801,122.263,112.755,120.781,226.44,82.572,78.805,92.717,108.361,215.38,105.37,270.778,239.114,291.084,166.006,204.108,146.233,151.248,87.464,125.456,295.64,277.744,269.822,139.053,272.52,195.985,202.603,173.705,336.807,199.822,351.426,711.827,109.917,315.445,154.413,99.834,165.139,117.183,77.097,51.057,151.463,232.654,134.03,114.763,167.683,600.987,649.092,169.261,8.451,886.102,383.747,84.168,96.107,64.263,118.034,85.475,62.585,91.966,188.777,233.657,291.339,240.09,236.691,270.081,211.508,211.354,237.069,281.172,223.172,215.837,335.236,342.897,325.67,155.825,127.125,119.11,210.389,227.531,217.075,195.873,320.547,294.245,304.085,288.963,145.012,152.668,355.625,435.053,181.43,224.595,269.812,195.66,446.846,99.811,739.45,703.977,260.566,227.657,163.279,160.59,147.207,147.508,241.409,212.142,210.575,266.973,262.902,213.256,275.745,330.624,282.24,306.194,266.275,288.261,107.003,88.717,107.582,73.807,152.154,155.506,170.356,131.287,126.989,114.847,159.955,81.227,128.188,104.417,115.576,104.371,123.71,85.161,103.714,99.269,137.375,139.698,128.869,121.245,177.498,250.039,227.236,242.656,173.269,172.587,273.078,263.539,265.501,302.528,271.079,246.754,195.857,181.088,157.144,204.88,188.039,129.564,152.135,154.94,168.622,145.874,292.897,141.789,231.174,206.622,137.4,247.647,228.64,200.041,311.335,148.692,219.001,214.669,142.253,211.657,152.004,194.459,341.179,200.358,218.779,114.906,452.518,336.111,320.981,319.918,330.707,159.699,146.776,159.904,153.572,202.446,167.605,158.367,116.651,200.216,129.212,207.33,185.857,140.124,153.457,180.458,135.216,168.085,285.269,233.992,166.984,244.38,225.214,128.125,136.023,134.222,131.184,267.44,115.017,212.052,191.611,168.385,204.526,186.671,169.953,484.168,285.456,272.497,371.164,337.084,455.053,419.687,74.339,51.304,75.69,97.912,70.028,127.086,96.5,100.952,87.693,120.189,120.065,131.183,111.609,154.48,101.335,129.209,162.905,188.065,207.817,106.56,62.213,263.87,611.677,265.811,276.97,55.227,77.516,28.382,4.373,409.679,10.722,39.433,70.893,110.441,200.949,213.347,148.848,88.759,59.052,49.695,99.915,98.769,128.993,337.485,277.374,56.879,25.456,154.423,114.472,161.667,187.896,174.138,221.778,360.853,314.979,302.827,149.688,299.388,198.379
2013-11-01,234.1,235.359,233.069,235.243,233.524,224.465,235.082,242.718,224.661,220.73,218.84,222.846,187.504,280.332,111.677,224.764,302.686,237.895,229.119,127.333,217.17,428.485,115.736,136.578,403.177,237.947,234.144,244.97,235.828,265.496,227.133,124.111,195.256,212.021,101.568,298.577,145.088,262.934,424.607,281.003,337.635,457.634,121.577,113.596,121.15,227.234,82.484,78.707,92.893,108.714,215.749,105.42,270.712,238.746,290.139,165.719,204.401,146.171,151.993,87.142,123.411,297.183,275.506,270.387,142.786,273.211,195.995,203.072,172.428,339.241,200.186,351.464,711.32,109.812,315.808,154.442,100.116,165.559,118.007,76.741,50.794,152.056,233.694,134.211,115.636,168.271,603.175,651.362,169.731,8.436,886.704,384.015,84.114,95.887,64.122,117.489,85.488,62.404,91.482,188.056,232.982,290.872,239.401,237.322,272.132,210.995,211.21,232.658,279.514,227.884,216.61,333.282,344.412,320.24,156.643,127.154,118.02,209.363,227.53,217.674,195.957,321.386,295.9,306.204,289.67,144.927,152.707,355.927,435.922,180.383,224.75,269.448,196.885,447.552,99.319,742.359,705.649,261.355,228.362,163.551,160.861,147.295,147.527,241.62,212.179,210.588,267.761,263.623,213.57,276.622,331.287,282.36,306.629,266.919,288.894,107.147,88.697,107.721,73.612,152.488,155.943,171.608,131.527,125.872,116.984,159.146,82.36,118.698,105.367,116.868,106.323,125.601,85.231,105.195,98.07,136.504,141.365,128.61,121.346,176.771,249.404,228.502,240.409,176.725,170.742,273.222,262.14,266.237,301.704,267.808,249.25,199.307,182.129,157.154,205.297,188.231,127.32,149.615,156.222,169.117,143.724,293.411,139.063,230.443,208.393,137.327,245.956,224.002,197.801,306.577,150.251,220.557,214.758,141.866,213.511,151.976,193.904,339.53,200.957,219.58,116.05,450.933,335.308,305.408,327.187,326.2,162.132,144.31,161.124,153.294,200.236,171.621,158.51,116.304,200.068,127.349,205.776,185.121,140.768,153.116,181.649,135.255,167.444,286.355,236.873,165.863,240.224,227.743,130.292,136.994,133.892,132.756,271.921,115.905,212.503,191.687,167.713,204.502,185.832,170.861,485.63,294.858,273.186,372.947,338.775,455.547,421.427,73.803,51.392,73.572,97.957,70.64,125.921,96.258,100.83,86.919,120.032,119.315,131.496,112.95,154.758,101.292,128.885,162.724,188.138,208.262,107.817,61.906,263.426,610.899,266.451,279.144,54.732,77.429,29.039,4.376,411.528,10.992,39.76,71.077,110.758,201.354,214.073,149.848,89.326,58.944,49.573,98.461,97.612,128.565,341.951,277.521,56.834,25.365,154.447,115.261,163.66,188.577,174.382,222.745,361.284,313.736,304.096,149.837,300.072,199.321
2013-12-01,234.719,235.759,233.049,235.0,234.205,225.046,235.456,245.733,225.296,221.394,219.046,223.034,188.209,280.891,111.625,226.037,308.718,238.133,229.623,128.577,218.715,428.622,115.389,136.844,403.905,238.182,234.318,245.3,236.113,266.228,227.611,123.837,195.651,213.698,101.536,304.619,145.664,263.081,426.488,280.08,335.662,458.658,122.094,116.074,122.75,228.015,82.525,78.735,92.417,108.524,216.109,105.646,270.333,239.846,287.892,166.241,204.68,146.042,152.457,85.476,127.766,303.304,280.951,271.22,142.732,273.957,196.18,203.729,171.285,344.229,200.661,352.183,713.838,108.742,314.891,154.228,99.824,165.159,117.553,76.807,50.496,151.606,233.323,133.591,116.757,168.162,606.273,653.524,170.363,8.441,888.682,385.469,84.07,95.633,63.625,116.976,85.151,62.213,91.353,188.169,232.076,290.74,240.484,238.762,273.984,213.573,210.298,233.437,279.498,229.267,217.315,329.504,342.094,315.014,157.263,127.89,117.266,207.795,227.394,218.371,196.552,320.953,302.174,312.04,294.987,144.588,152.742,357.05,436.403,180.765,224.58,270.492,197.296,444.266,98.445,744.999,707.783,262.361,228.738,164.422,161.744,147.423,147.62,241.699,214.142,212.687,270.091,265.757,213.202,277.385,331.576,282.523,306.785,267.391,289.49,107.235,89.029,107.914,73.822,152.736,156.485,171.467,131.727,126.467,121.297,159.162,82.838,118.733,105.353,119.733,107.55,127.467,89.502,104.758,98.783,134.511,143.043,127.072,120.953,176.38,250.797,227.894,237.153,176.485,170.619,272.615,264.502,265.775,304.259,271.085,249.188,200.336,183.472,159.626,205.051,190.611,129.255,150.393,155.08,167.906,144.918,295.564,145.427,229.729,201.783,137.281,248.403,225.068,198.6,309.511,151.661,221.091,213.859,142.295,215.368,152.524,198.568,338.979,201.906,221.059,113.725,456.819,333.95,292.957,330.412,318.155,162.472,146.077,160.912,154.197,201.335,171.794,157.752,118.118,197.828,127.355,204.896,183.341,139.408,153.423,183.228,134.898,165.967,285.046,238.033,167.933,242.341,227.6,130.119,137.1,133.597,132.679,265.094,116.321,212.914,191.906,169.111,203.893,184.852,169.759,487.013,294.512,273.936,376.377,351.627,456.692,422.237,73.934,50.653,73.821,96.684,70.948,125.486,95.878,100.007,87.084,119.882,119.532,129.577,109.969,154.486,101.214,129.637,162.609,188.058,207.779,112.993,62.321,264.855,612.194,267.44,280.22,55.373,77.366,28.704,4.327,411.525,10.941,39.128,70.576,110.546,200.117,214.865,149.239,89.002,59.048,49.389,96.491,97.431,127.923,341.656,278.052,56.718,25.313,153.766,114.391,163.864,189.859,174.785,223.771,361.999,314.281,305.028,150.331,301.193,200.099
2014-01-01,235.288,235.961,233.916,235.367,234.808,225.585,235.675,250.34,225.831,221.97,218.974,223.038,188.528,281.729,111.301,226.68,314.689,238.417,230.52,127.882,219.287,429.989,115.525,136.997,404.817,238.492,234.722,245.481,236.031,266.892,231.487,123.711,199.82,214.63,101.026,309.828,145.438,263.718,427.943,274.389,337.509,459.825,120.819,115.757,122.031,228.073,82.653,78.872,92.125,108.916,216.414,105.988,270.677,241.121,287.882,165.866,205.131,145.624,151.535,84.909,130.316,308.4,287.154,271.918,143.484,274.535,199.864,206.278,177.97,362.119,201.127,352.674,718.371,109.955,304.438,153.859,99.954,165.055,117.25,77.137,50.064,152.344,233.894,133.212,116.7,165.761,598.17,654.259,170.228,8.41,893.272,386.302,84.022,95.53,64.587,116.984,84.544,61.515,91.658,188.108,233.19,292.134,241.605,239.399,273.76,214.475,212.099,234.232,283.619,233.848,217.638,329.541,346.946,310.011,157.299,127.784,117.147,209.895,227.099,218.658,196.606,320.439,307.495,317.623,297.609,144.147,152.564,356.995,437.307,181.386,225.034,272.508,196.982,447.563,98.389,746.758,709.84,261.287,228.139,164.7,162.039,147.079,147.37,242.449,215.109,213.712,272.39,267.798,214.591,278.028,332.329,281.981,307.795,268.125,290.063,106.706,88.481,108.11,73.518,152.967,156.67,171.15,131.734,124.859,117.44,158.831,82.964,113.996,105.009,119.57,107.718,127.365,88.259,105.51,97.753,137.111,142.02,124.967,119.996,173.827,249.689,229.455,238.751,176.015,169.59,271.401,265.617,263.432,307.061,268.709,248.864,196.519,185.669,159.833,206.619,190.0,129.351,149.926,156.753,170.485,147.399,291.503,146.837,232.15,206.829,137.9,245.846,224.433,200.062,315.015,151.795,220.996,214.137,142.493,219.565,154.719,200.415,332.064,202.63,227.312,116.273,468.456,334.299,283.525,335.502,314.556,162.053,146.637,161.388,153.671,201.186,171.537,158.657,117.169,196.557,128.786,203.3,184.078,139.111,153.819,185.417,133.448,166.071,290.939,239.239,164.955,242.735,227.593,129.781,139.052,133.428,131.698,265.755,115.836,213.173,192.312,168.77,204.24,186.661,169.223,488.38,295.977,274.507,388.078,387.643,457.993,422.44,74.224,51.767,74.003,96.706,69.337,125.857,95.134,100.06,87.506,120.625,119.28,130.766,109.832,154.533,100.913,129.289,162.758,189.008,208.322,108.243,62.057,267.746,615.044,267.27,279.495,54.889,77.102,28.955,4.268,412.194,10.914,39.431,70.347,110.786,199.514,215.61,149.704,88.486,59.321,48.662,97.963,97.528,129.356,341.599,278.513,55.884,25.266,153.301,113.961,164.399,191.784,175.311,224.484,364.085,315.758,305.567,150.574,300.797,200.903
2014-02-01,235.547,236.185,234.781,236.075,234.964,225.716,236.003,249.925,226.05,221.916,218.986,223.099,188.439,282.328,111.053,226.755,312.4,239.247,231.084,127.279,218.525,431.137,115.537,137.034,405.937,239.408,235.781,246.187,235.68,267.481,233.459,123.3,201.835,213.85,100.878,306.585,145.204,264.523,429.044,274.024,338.846,460.879,120.73,114.577,121.223,229.103,82.381,78.569,92.058,108.976,217.023,106.197,270.552,243.344,290.506,165.013,205.416,145.625,150.718,84.924,130.905,305.007,289.374,272.461,144.063,275.131,201.224,205.716,185.094,381.604,201.736,352.93,723.172,110.525,302.328,153.417,99.873,165.024,117.238,76.607,50.4,152.417,233.527,133.564,116.379,164.511,604.759,656.944,172.127,8.384,895.579,387.835,84.083,95.227,64.149,116.253,84.368,61.085,91.937,188.328,231.987,292.529,243.814,242.534,282.706,214.944,210.013,233.112,286.808,236.264,220.217,333.316,351.434,313.017,157.498,126.933,116.467,209.741,227.534,219.037,195.983,320.606,303.877,315.067,297.166,144.053,152.777,356.943,437.672,182.844,225.215,274.422,198.057,450.685,98.077,750.697,711.792,261.651,228.23,164.237,161.574,146.857,147.201,243.595,214.536,213.147,271.678,267.095,215.16,278.582,332.653,282.418,308.584,268.636,290.59,106.529,88.053,108.195,72.667,153.597,156.001,172.126,131.658,124.924,117.594,158.915,80.985,116.219,104.287,118.166,107.36,127.538,86.903,105.521,97.596,136.034,141.167,127.536,122.504,171.805,252.073,226.384,236.542,176.254,172.912,273.171,264.721,264.601,308.654,269.815,258.323,212.668,189.258,160.42,209.673,186.715,129.868,149.091,155.714,173.969,146.896,291.689,148.472,236.395,204.695,136.484,244.141,223.667,197.859,314.341,153.42,224.223,213.839,143.08,221.5,156.275,205.937,342.762,202.751,232.566,117.258,478.626,335.389,280.989,333.695,315.682,161.91,147.05,161.249,153.069,202.011,172.055,157.817,116.232,195.805,128.016,202.663,182.489,139.178,154.697,186.928,133.597,165.075,286.956,237.189,165.667,243.932,229.937,130.479,139.709,137.21,133.673,264.947,116.651,213.35,191.466,167.805,204.616,185.816,169.261,489.782,297.254,275.106,392.576,432.773,459.788,422.483,74.528,51.116,74.54,96.942,68.825,125.976,95.12,101.036,87.707,120.546,119.82,129.486,110.093,154.102,100.888,128.863,163.288,189.433,208.479,104.872,61.295,269.831,619.735,270.264,282.481,54.34,77.27,28.322,4.221,412.312,10.829,39.901,70.082,110.765,198.987,216.458,150.706,88.175,58.505,48.935,99.696,97.581,129.574,340.99,279.302,56.279,24.465,153.397,113.128,163.979,193.623,175.228,225.784,365.312,317.364,305.021,151.187,303.459,203.322
2014-03-01,236.028,236.625,236.293,236.913,235.357,226.075,236.532,249.961,226.504,222.112,219.215,223.404,188.14,283.543,110.775,226.58,306.477,240.24,232.119,127.439,217.491,432.211,115.506,137.161,406.902,240.447,237.055,246.878,236.049,268.287,237.423,123.279,206.057,212.616,100.742,301.754,145.136,264.146,430.065,276.559,338.579,462.471,121.162,114.554,121.453,229.723,82.334,78.516,91.85,109.067,217.532,106.41,270.604,245.753,293.868,165.105,205.365,145.646,149.641,85.198,134.502,300.141,288.1,273.341,146.129,275.799,206.971,208.713,199.036,352.431,202.363,353.515,728.539,110.359,305.804,154.708,99.986,164.549,117.264,77.179,50.376,152.161,235.057,133.407,117.969,164.903,603.791,658.904,172.467,8.381,897.814,388.631,84.413,95.151,63.884,115.482,84.494,61.163,91.808,188.609,234.328,291.416,245.844,245.538,286.924,217.525,211.652,235.176,284.498,244.084,222.743,337.295,361.825,310.184,159.124,126.672,117.466,211.146,229.52,218.354,196.228,320.922,299.05,312.049,291.225,144.032,152.621,357.68,438.159,183.113,225.207,276.639,198.538,449.998,98.159,752.907,713.69,263.092,228.614,163.443,160.751,146.752,147.185,245.222,213.429,211.95,269.62,265.263,217.749,279.463,333.038,283.316,310.215,269.889,291.366,106.319,87.937,108.32,72.58,153.979,156.266,172.993,131.6,125.63,117.91,155.796,82.163,118.9,104.374,117.913,111.804,124.147,86.371,105.647,98.618,135.518,138.682,128.646,122.972,172.019,253.377,227.918,240.126,174.755,171.554,272.688,264.094,264.967,300.338,273.697,264.043,212.461,192.417,159.433,211.052,195.601,133.949,150.414,156.233,171.238,147.24,288.681,149.415,237.938,203.976,137.298,250.795,223.99,195.496,316.525,156.301,228.749,213.616,143.033,226.915,158.88,212.783,345.462,202.051,245.504,120.989,498.497,331.885,285.995,319.415,314.364,165.048,146.443,162.41,155.75,201.321,175.329,158.947,115.536,197.648,127.881,203.995,183.59,141.225,154.586,191.803,133.025,164.978,290.58,237.404,165.605,242.896,228.951,129.589,139.97,135.756,131.948,269.494,116.318,213.464,191.017,168.103,207.152,183.863,169.459,491.172,302.335,275.776,384.551,375.64,461.341,423.413,73.566,51.033,75.561,95.505,70.252,126.056,94.567,100.529,87.729,120.382,120.085,130.565,108.896,155.578,100.927,128.792,162.842,189.735,208.903,107.974,61.92,272.386,623.8,270.868,282.386,54.203,77.291,28.597,4.158,413.578,11.02,39.04,69.448,111.127,197.786,216.973,150.943,87.906,59.377,48.798,100.454,98.226,129.185,340.504,279.215,56.484,24.922,152.169,112.888,164.024,191.27,175.56,226.359,366.181,318.334,306.072,151.473,303.825,203.7
2014-04-01,236.468,237.072,237.072,237.509,235.742,226.443,237.03,249.864,226.916,222.38,219.553,223.786,188.779,283.778,110.607,227.688,310.993,240.995,232.014,127.475,218.989,433.26,115.708,137.381,407.404,241.241,237.942,247.534,236.273,268.923,233.368,123.21,201.396,214.16,100.754,306.964,145.325,264.508,433.387,277.083,340.115,463.308,121.1,114.667,121.48,230.373,82.379,78.55,91.848,109.365,217.715,106.566,270.607,249.377,295.224,164.667,204.537,145.986,149.217,84.923,131.612,305.367,287.98,274.255,146.567,276.381,202.451,202.92,198.403,340.56,202.93,353.733,730.285,110.821,307.536,154.491,100.177,165.033,117.197,77.708,49.745,152.638,237.811,133.473,119.242,163.508,608.173,660.584,173.115,8.375,900.247,388.736,84.318,94.895,63.369,116.095,83.381,60.721,91.18,188.309,232.325,292.744,249.672,252.546,295.545,225.314,214.91,232.772,283.499,244.791,224.6,340.676,365.783,312.94,156.94,126.529,117.589,208.982,227.943,217.851,196.174,322.424,304.272,317.345,297.605,144.333,153.099,358.116,438.787,183.124,224.672,277.319,198.992,452.219,98.737,755.206,715.826,263.348,229.223,164.008,161.323,146.786,147.261,246.267,214.904,213.528,271.857,267.315,216.465,280.105,333.643,284.251,310.124,270.161,292.062,106.396,87.946,108.509,72.361,154.198,157.552,173.546,131.813,125.187,117.609,156.756,81.244,119.783,105.389,117.492,111.24,119.793,85.902,107.272,101.15,137.161,140.207,127.758,121.115,171.073,248.907,228.384,237.302,177.869,170.995,272.58,264.47,263.109,303.02,269.612,271.026,219.367,196.693,164.471,212.696,206.589,142.023,149.191,154.264,171.421,146.037,302.2,150.011,239.248,214.096,139.878,247.804,222.045,199.601,313.454,157.868,232.229,213.951,142.258,229.007,160.301,216.035,349.232,202.234,253.463,121.45,502.295,332.903,289.686,314.843,316.159,161.703,146.571,158.565,153.899,202.062,171.339,158.726,115.133,197.192,129.106,203.969,180.093,139.456,154.022,191.939,133.076,162.958,286.211,235.954,167.169,242.963,226.339,130.244,138.346,137.809,130.212,263.794,116.592,213.548,190.777,167.902,205.563,183.751,170.527,492.426,303.273,276.358,378.96,345.557,462.372,425.393,73.301,50.381,75.386,93.973,69.719,125.893,93.484,99.827,87.118,119.338,120.038,131.257,107.139,155.922,101.172,128.95,163.068,190.14,210.006,108.373,62.079,273.325,624.879,272.082,281.591,53.981,77.332,28.59,4.14,414.316,11.286,38.801,69.442,111.384,198.47,217.426,152.22,87.86,59.816,47.888,101.415,98.562,129.189,342.961,279.495,55.673,25.169,152.851,113.009,165.024,192.15,176.238,226.694,367.256,318.769,306.539,151.765,302.781,204.094
2014-05-01,236.918,237.529,237.9,238.029,236.079,226.763,237.593,249.213,227.34,222.499,219.818,224.078,188.766,284.678,110.398,228.073,306.99,242.107,232.785,127.773,218.306,434.262,115.721,137.529,407.692,242.408,239.611,247.952,236.629,269.715,235.524,123.051,203.694,213.313,100.734,302.88,144.995,265.013,435.373,279.303,341.48,464.149,120.814,115.265,121.674,231.05,82.338,78.498,91.683,109.492,217.697,106.611,270.95,252.605,297.194,165.479,205.421,146.14,149.006,84.898,127.865,301.296,284.303,275.013,150.077,276.957,204.98,207.422,194.968,339.154,203.26,354.829,732.384,111.295,314.119,153.203,100.14,165.648,116.693,77.944,49.496,152.578,239.428,134.16,118.77,162.868,611.184,662.441,173.757,8.372,903.568,388.803,84.292,94.681,63.726,116.041,81.989,60.566,90.921,188.177,232.483,292.58,252.993,255.507,294.973,232.364,217.518,235.61,289.488,246.678,226.944,343.34,367.387,316.72,157.362,126.724,118.048,207.95,228.745,219.227,196.565,323.085,299.931,312.516,294.767,144.51,153.248,359.596,439.662,185.139,225.295,278.169,199.115,455.263,98.876,757.461,718.609,263.946,230.071,163.552,160.846,146.808,147.304,248.289,214.341,212.885,270.655,266.336,218.195,280.898,334.116,285.256,311.316,271.1,292.806,106.399,87.497,108.693,71.673,154.563,157.915,174.005,131.859,124.646,116.447,156.083,80.972,119.701,105.861,118.138,111.402,122.339,85.76,108.967,101.526,136.968,143.15,127.285,120.367,170.542,248.249,228.089,240.675,175.668,171.497,274.493,265.595,265.528,308.346,271.648,271.309,219.814,196.372,171.48,215.225,211.135,144.282,150.87,155.948,175.577,148.623,317.497,154.006,242.358,217.397,140.956,256.029,222.804,199.287,323.032,158.937,236.282,214.423,143.937,231.024,161.201,218.446,355.225,201.039,253.964,121.256,505.493,330.49,289.284,308.096,320.745,163.146,146.209,159.443,154.141,201.012,174.055,158.761,115.461,197.848,128.762,205.031,180.171,138.311,153.617,194.381,130.654,164.472,291.716,238.945,167.954,244.276,229.883,129.78,140.109,131.118,135.208,277.641,115.828,213.397,193.111,168.329,205.798,185.64,170.796,493.349,312.115,276.937,373.898,344.4,463.401,425.242,73.803,50.697,75.665,92.952,68.125,126.94,93.458,99.546,86.869,119.152,120.11,131.969,105.617,155.058,101.278,128.711,163.986,190.429,210.592,109.782,61.826,274.371,626.321,273.114,282.418,53.46,77.761,28.154,4.013,415.646,11.224,38.896,68.339,111.697,199.532,217.651,148.879,87.636,59.955,47.589,101.256,98.451,129.482,341.409,280.363,55.456,25.194,153.496,113.906,164.717,191.15,176.629,226.829,368.707,317.82,307.22,151.835,303.526,204.637
2014-06-01,237.231,237.837,238.343,238.157,236.403,227.032,237.889,249.714,227.625,222.774,220.053,224.332,188.973,285.109,110.199,228.192,307.944,242.345,233.117,127.982,218.653,435.187,115.731,137.661,408.038,242.646,239.682,248.445,236.853,270.149,235.708,123.157,203.748,213.575,100.615,303.905,144.558,265.656,436.665,281.08,343.429,464.649,121.395,115.023,121.723,231.667,82.298,78.449,91.486,109.636,217.655,106.877,270.472,253.007,297.266,165.493,205.589,146.099,148.921,84.211,125.527,302.293,283.341,275.819,147.727,277.49,205.072,208.955,190.723,338.331,203.791,354.895,733.709,112.026,314.699,153.466,100.103,166.09,116.771,77.692,49.525,152.614,237.108,135.019,118.227,163.39,612.073,664.26,174.27,8.37,907.885,388.015,84.596,94.694,64.05,116.134,81.734,60.812,90.824,188.07,232.522,291.592,253.442,255.58,294.26,231.752,219.69,236.872,290.464,246.412,226.764,343.554,363.78,320.986,157.191,126.761,118.376,208.688,229.434,219.208,196.453,323.589,300.956,313.548,295.285,144.551,152.774,358.492,440.746,184.888,226.608,278.739,199.508,458.151,98.898,759.615,721.508,264.587,230.437,163.741,161.033,146.895,147.408,248.016,214.396,212.892,270.443,266.156,218.425,281.426,334.471,285.874,311.785,271.519,293.271,106.332,87.118,108.854,71.179,154.889,159.124,174.58,131.899,125.536,116.69,157.505,81.41,121.214,105.695,118.125,114.942,123.715,85.507,107.778,100.249,139.134,145.891,126.353,122.711,170.424,250.345,229.896,237.82,175.405,170.128,274.185,265.179,264.813,306.7,269.989,271.726,218.323,195.785,171.111,214.585,207.114,146.654,151.634,156.569,176.431,148.947,314.351,155.005,242.07,223.219,142.216,249.068,226.183,200.435,323.928,158.601,235.496,213.669,144.124,230.762,161.058,225.52,358.669,202.687,236.553,122.066,475.389,334.208,310.016,313.904,322.326,162.466,146.052,159.75,154.574,200.25,171.806,158.701,115.888,199.389,127.524,206.308,182.962,138.234,154.581,196.483,131.702,164.032,289.018,238.519,168.771,242.46,229.057,130.621,140.358,129.74,133.71,263.827,116.792,213.037,191.745,168.822,206.816,183.799,171.019,494.327,305.964,277.468,373.977,341.806,464.753,425.93,73.976,51.039,74.897,92.069,68.677,127.368,93.028,99.465,86.718,119.059,120.147,131.809,104.529,155.399,101.276,127.688,164.48,190.026,210.502,,62.14,274.956,628.857,273.933,283.135,53.18,78.06,27.387,3.923,416.64,11.227,38.348,67.394,111.96,200.085,218.197,149.24,88.193,59.725,47.71,100.547,98.224,129.556,341.017,280.804,55.657,25.044,154.142,113.995,165.117,192.413,177.258,227.547,370.475,318.963,306.623,151.892,300.581,202.675
2014-07-01,237.498,238.195,238.25,238.138,236.619,227.114,238.282,248.744,227.873,222.736,220.189,224.46,188.869,285.733,110.218,228.426,305.528,242.883,233.695,127.942,218.126,435.864,115.593,137.893,408.143,243.235,240.154,249.21,236.701,270.891,236.362,123.163,204.11,213.191,100.724,301.381,144.71,266.282,437.935,278.143,344.584,465.125,122.385,113.905,121.386,232.213,82.389,78.53,90.796,109.887,218.165,106.791,271.187,253.499,296.385,166.042,206.632,146.255,149.216,84.015,125.293,299.785,280.557,276.663,149.185,278.129,205.442,209.72,189.901,338.806,205.073,354.823,735.61,112.383,311.679,152.629,99.781,165.269,115.847,77.151,49.459,153.449,236.591,136.242,117.898,163.634,614.286,665.773,174.786,8.392,901.022,389.438,84.855,94.602,64.415,115.233,82.243,60.928,90.816,187.18,233.307,292.731,254.101,256.242,295.306,231.441,221.067,237.823,290.724,244.516,226.831,342.389,363.396,318.997,156.96,127.064,118.974,207.522,230.501,220.802,196.409,323.302,298.421,311.126,292.88,144.571,153.468,358.272,441.181,183.971,227.076,279.504,199.945,459.904,99.096,761.124,724.855,264.852,230.719,163.381,160.668,146.81,147.287,248.621,214.39,212.891,270.806,266.456,218.159,282.194,335.196,285.695,312.098,272.051,293.92,106.476,87.022,109.067,70.95,155.562,159.862,174.357,131.571,126.432,115.146,160.44,81.649,121.187,105.602,116.882,109.333,122.293,84.805,106.971,99.706,139.695,150.209,127.224,123.583,171.292,249.32,230.331,240.684,176.785,171.826,273.416,265.544,265.067,304.378,274.937,270.724,221.891,195.884,168.961,221.597,206.189,146.657,152.433,156.431,176.402,148.82,306.978,155.91,250.974,220.907,142.894,250.635,227.531,200.966,321.892,157.843,236.281,213.532,146.231,229.782,160.524,230.903,358.516,201.096,233.504,122.904,475.692,331.235,307.746,312.516,319.402,161.504,147.965,159.048,154.437,204.138,170.219,158.828,115.953,201.143,128.155,207.886,180.267,137.451,154.557,199.01,131.691,164.857,291.558,240.796,171.334,244.683,229.91,131.304,140.419,131.078,133.681,263.86,117.859,212.99,192.249,168.754,206.825,184.979,171.047,495.407,309.535,278.108,370.147,350.055,468.348,426.562,72.787,51.634,74.824,92.875,68.81,127.659,92.013,99.379,86.584,117.85,120.299,132.844,105.013,156.552,101.385,127.991,164.632,189.575,209.972,120.722,61.755,275.955,631.183,274.668,284.688,52.713,78.556,27.58,3.854,416.778,11.204,37.673,66.386,111.861,198.383,218.412,149.205,87.207,58.755,47.684,99.631,98.505,130.332,342.788,281.786,55.975,24.375,153.166,113.014,166.455,193.541,177.366,227.865,367.542,318.925,307.085,151.795,303.426,204.939
2014-08-01,237.46,238.405,237.852,238.296,236.488,226.823,238.543,245.699,227.827,222.246,220.171,224.425,188.534,285.984,110.202,227.455,300.824,243.505,233.928,127.357,217.071,436.041,115.27,138.069,408.622,243.792,240.692,249.801,238.198,271.493,235.288,122.999,202.683,212.157,100.832,296.445,144.878,266.129,439.072,276.845,344.142,465.546,119.862,114.07,120.636,233.008,82.342,78.477,90.589,109.548,218.423,106.959,271.522,257.059,293.187,166.074,206.936,146.464,149.472,83.842,124.183,294.803,277.315,277.319,150.035,278.694,203.85,209.764,183.41,340.2,205.9,355.768,735.917,112.187,309.923,150.866,99.417,165.14,116.0,77.812,49.182,152.833,235.514,136.439,116.875,163.848,620.584,667.762,175.173,8.379,902.049,390.09,84.669,94.327,63.47,115.162,81.755,60.73,90.98,186.617,233.505,293.335,257.994,261.906,307.541,233.258,221.865,238.61,291.535,243.318,227.199,337.627,357.767,315.17,156.976,126.729,119.7,208.111,230.85,221.066,198.129,324.125,293.264,305.437,288.834,144.458,154.023,359.774,442.018,183.935,226.306,279.621,200.748,459.518,98.43,762.679,727.486,265.789,231.269,162.72,159.949,146.691,147.133,249.264,212.173,210.466,266.992,263.134,217.153,282.766,335.231,285.611,311.91,272.319,294.35,106.626,86.858,109.239,70.426,156.007,157.91,174.05,131.111,124.887,115.218,159.005,79.601,121.997,101.568,117.441,113.89,121.889,85.392,106.756,98.085,139.464,148.549,128.079,122.412,170.618,250.828,228.627,241.079,177.127,172.529,274.012,264.336,268.22,305.827,269.666,279.812,235.275,206.292,167.64,226.294,214.863,147.777,153.436,155.439,177.315,148.805,303.138,155.072,257.608,215.817,144.033,258.957,227.316,198.407,323.319,158.047,237.822,214.592,146.344,230.437,160.41,234.336,348.555,201.95,234.81,118.948,465.277,327.876,304.688,307.08,315.894,162.477,145.103,160.015,155.022,198.984,171.474,158.402,115.945,204.418,127.021,211.53,180.202,138.271,154.369,200.793,131.205,164.503,291.436,243.176,170.951,244.741,230.4,129.964,141.355,130.231,134.208,274.324,118.053,214.742,192.433,170.12,207.28,185.625,171.459,496.049,311.616,278.672,371.557,349.797,470.735,426.771,72.209,50.468,74.601,92.003,68.687,127.122,91.409,99.747,86.739,117.462,120.21,134.316,103.601,156.33,101.528,127.766,164.189,189.623,210.027,115.095,60.506,275.607,631.396,275.31,285.002,52.053,78.72,27.631,3.825,415.705,11.322,37.351,66.039,111.487,198.061,218.543,149.278,86.953,59.408,47.349,99.992,97.762,129.431,342.12,281.261,55.517,24.716,153.602,112.007,165.932,192.101,177.478,228.063,367.98,319.115,307.321,152.721,304.618,206.029
2014-09-01,237.477,238.786,238.031,238.841,236.4,226.601,238.969,241.61,227.8,221.809,220.412,224.657,188.141,286.388,110.135,227.155,292.915,244.148,234.234,127.813,215.41,437.091,115.415,138.038,409.001,244.48,241.328,250.57,238.232,272.118,234.647,122.852,201.849,210.526,101.032,288.561,144.472,267.256,441.204,274.863,345.9,466.296,120.424,114.301,120.946,233.417,82.184,78.314,90.717,109.676,218.563,107.148,271.3,259.296,293.539,166.244,207.261,146.717,149.859,84.475,121.293,287.003,271.806,278.149,150.364,279.278,203.241,208.835,183.77,333.25,206.33,355.941,738.398,112.849,306.111,150.364,99.589,166.163,116.425,77.946,48.987,152.602,235.533,137.442,116.408,164.183,623.786,668.789,175.481,8.327,903.871,390.561,84.51,94.175,63.459,114.365,81.597,60.596,91.077,186.34,232.654,292.756,260.606,265.71,315.022,233.857,224.344,238.991,292.278,240.184,227.194,338.349,361.447,312.753,156.655,126.799,120.357,211.462,231.535,220.728,197.753,324.842,285.334,297.994,281.416,144.635,154.235,359.938,442.952,184.156,225.945,280.558,201.449,461.49,99.876,763.266,729.616,266.705,231.255,161.932,159.141,146.864,147.287,249.783,210.954,209.198,264.414,260.79,216.883,283.405,335.493,285.777,312.054,272.691,294.853,106.792,86.104,109.304,69.367,156.31,158.913,174.462,134.041,125.38,116.231,158.992,80.827,120.565,102.592,117.504,115.055,124.952,85.128,104.492,99.071,140.737,150.084,129.552,125.29,170.788,248.361,225.884,238.852,177.087,172.392,273.915,264.238,264.716,305.876,270.658,289.685,234.681,208.276,166.23,228.683,212.681,149.108,153.262,156.764,178.108,149.594,300.857,154.209,261.451,220.692,145.191,257.49,227.128,199.023,325.798,157.932,236.941,217.145,146.001,230.933,160.234,239.661,344.074,202.384,235.947,122.564,474.8,324.716,303.444,304.909,317.645,160.268,147.716,159.853,153.094,203.98,170.315,158.554,115.786,205.056,127.953,212.043,181.806,141.222,155.345,202.652,130.938,164.177,290.81,238.753,170.904,244.613,231.209,129.726,141.775,137.469,134.52,265.549,119.724,214.567,193.216,169.601,208.334,186.574,171.416,496.708,312.361,279.255,359.223,348.933,471.827,427.327,72.309,50.388,73.82,91.605,68.731,126.751,92.904,100.756,86.696,117.654,119.197,135.216,103.869,156.368,101.702,127.262,165.463,189.501,210.837,107.529,59.469,276.58,633.446,275.868,284.805,51.325,78.646,27.025,3.789,417.538,11.347,36.952,65.454,111.91,199.783,218.998,149.467,87.256,59.368,47.049,99.595,99.007,129.083,341.564,282.526,55.017,24.743,154.283,113.552,164.893,191.69,177.472,228.634,368.6,319.095,307.513,152.867,305.511,206.515
2014-10-01,237.43,239.191,237.433,239.413,236.284,226.293,239.37,237.061,227.722,221.338,220.697,225.012,187.522,286.893,110.252,226.522,284.163,244.5,234.656,127.761,213.73,437.758,115.664,137.606,410.226,244.866,241.62,251.1,238.126,272.73,234.045,123.329,200.792,208.746,101.082,279.937,144.376,268.094,443.947,275.105,346.426,467.008,119.878,114.467,120.816,234.146,81.483,77.614,90.684,110.063,219.074,107.337,271.698,258.834,295.908,166.832,206.849,146.928,148.954,85.541,125.644,278.463,264.295,278.797,150.829,279.905,202.514,209.188,179.805,323.344,207.704,356.503,740.273,113.011,307.357,150.978,99.998,166.469,116.352,77.417,48.802,152.816,238.84,137.728,117.219,162.628,627.686,670.744,175.795,8.323,908.819,391.615,84.206,94.396,63.284,114.859,81.728,60.708,91.442,187.449,233.198,292.971,260.201,265.89,316.98,232.654,223.726,236.872,291.747,238.91,227.642,341.24,363.52,316.502,157.664,127.346,120.561,209.363,232.069,220.483,197.057,326.306,276.506,288.234,274.729,144.776,154.623,360.193,443.962,183.966,227.183,281.342,201.96,464.45,97.73,765.97,731.203,267.064,232.178,160.952,158.141,146.931,147.444,250.282,209.554,207.76,261.979,258.596,216.177,284.018,335.416,287.239,312.458,273.221,295.479,106.702,85.984,108.944,69.02,156.627,159.512,174.271,134.906,124.458,112.642,158.681,80.493,121.614,102.627,117.384,114.12,130.905,83.893,106.171,100.533,139.224,152.416,129.688,124.418,168.912,249.022,229.248,238.766,175.604,173.536,273.541,264.607,264.662,306.725,268.471,292.588,233.684,209.355,164.119,230.297,213.876,147.559,152.119,154.697,176.691,149.729,294.22,154.859,262.699,216.191,145.248,252.947,226.149,201.292,324.57,157.005,240.003,217.073,147.45,229.154,159.026,252.291,339.788,202.18,239.69,122.812,480.495,326.65,304.962,318.883,320.094,162.896,147.031,161.267,153.988,202.56,173.026,159.05,116.579,204.966,128.489,212.345,178.88,140.921,153.218,208.436,130.372,162.928,292.674,237.296,168.768,245.57,230.604,130.233,140.139,135.45,134.802,265.449,118.656,213.719,193.167,168.858,207.865,186.844,172.651,498.093,313.349,279.882,343.398,345.561,475.686,427.995,72.205,50.357,74.06,91.378,69.19,126.495,93.424,100.918,86.959,118.511,120.181,135.796,103.383,156.243,101.847,127.043,166.351,190.937,211.43,106.781,59.647,277.172,635.23,276.365,285.283,51.022,78.812,26.741,3.745,419.998,11.216,36.967,64.936,112.628,200.113,219.47,149.111,87.16,58.62,46.86,98.485,99.813,129.207,341.87,283.707,54.889,24.365,154.206,114.331,164.23,192.752,177.533,229.108,370.689,319.485,308.522,153.29,307.065,208.204
2014-11-01,236.983,239.458,236.151,239.248,235.684,225.385,239.676,229.016,227.188,220.094,220.71,225.11,186.059,287.404,109.796,224.588,268.292,245.106,235.0,127.254,210.033,439.408,115.443,137.437,409.941,245.394,241.912,251.987,239.776,273.436,233.351,123.135,199.728,204.732,100.816,263.75,144.091,268.389,445.593,277.289,348.385,468.507,119.819,113.734,120.331,234.8,81.095,77.228,90.249,110.024,218.752,106.957,271.282,260.278,294.377,167.991,207.069,146.959,147.488,85.096,129.379,262.282,258.127,279.758,151.213,280.565,201.607,208.605,177.935,317.626,208.734,357.918,742.729,113.697,305.983,153.854,99.506,166.848,115.761,77.142,48.385,153.002,238.229,137.207,117.148,162.041,627.897,672.722,175.936,8.27,910.835,392.792,83.511,94.252,62.881,114.883,81.319,60.266,91.254,186.94,232.89,292.206,261.419,267.292,320.259,232.059,224.962,238.415,291.734,243.576,227.401,339.752,356.307,321.091,156.403,128.194,121.029,208.922,230.841,221.091,198.652,328.088,260.117,276.983,261.467,144.932,154.674,361.36,444.578,185.133,229.118,282.297,202.607,468.032,97.895,768.309,733.396,267.818,232.689,158.781,155.87,146.597,147.213,250.567,206.004,203.833,256.131,253.433,215.815,284.786,335.403,288.224,312.738,273.614,296.127,106.403,85.164,108.897,68.04,157.074,159.263,174.653,134.935,124.7,113.216,157.819,80.587,121.302,101.688,116.817,113.789,131.176,83.039,105.446,99.052,138.365,151.01,129.3,121.331,168.315,249.704,230.914,234.823,175.975,173.433,274.594,264.092,267.065,306.685,269.545,296.616,238.252,209.699,164.235,233.252,210.408,146.06,154.015,156.602,176.852,149.851,293.509,155.381,265.774,220.529,145.587,254.668,229.756,203.175,325.869,155.504,240.046,217.593,146.85,227.468,157.758,248.017,335.631,203.027,236.538,120.053,482.48,325.043,316.292,352.206,317.852,160.891,146.407,160.339,151.919,200.629,170.459,159.384,117.659,206.215,129.195,213.395,181.579,141.043,153.265,207.187,129.765,162.388,293.246,237.576,170.775,245.908,230.006,131.512,143.508,132.518,132.83,266.761,119.669,214.944,193.669,170.736,206.725,186.918,173.416,499.168,314.175,280.538,335.217,340.074,478.806,427.808,74.646,49.425,73.983,90.63,69.584,127.391,92.62,100.447,86.745,118.956,119.198,135.208,101.973,154.422,101.876,126.572,165.639,191.54,212.056,111.039,60.94,277.785,636.861,276.799,283.508,50.263,78.67,25.957,3.66,418.86,11.121,36.535,63.983,112.283,200.406,220.264,148.277,86.688,58.26,46.326,98.479,99.911,129.2,342.813,283.657,54.719,24.133,154.259,114.689,163.637,192.779,177.907,229.903,371.448,319.485,308.835,153.597,309.168,210.236
2014-12-01,236.252,239.584,234.812,238.775,234.705,224.135,239.909,218.536,226.341,218.352,220.582,225.071,184.015,287.958,109.446,221.495,244.436,245.84,235.425,126.637,204.124,441.464,115.426,137.364,410.443,246.237,242.893,252.628,239.018,273.997,234.436,122.681,200.615,198.839,100.468,240.02,144.693,268.588,446.969,271.761,351.841,469.971,119.205,112.591,119.488,235.402,80.831,76.961,90.066,110.12,218.85,107.097,271.828,261.713,297.327,167.391,207.598,146.886,145.83,85.35,128.173,238.491,246.413,280.383,151.99,281.063,203.473,210.158,180.719,295.589,209.853,358.464,747.15,114.832,301.037,153.207,99.558,167.076,114.872,76.672,48.562,152.903,238.568,137.633,117.616,161.97,632.331,674.253,176.28,8.221,914.604,393.547,83.807,93.892,61.338,115.123,80.858,59.785,91.385,186.667,231.925,293.386,262.212,268.949,324.635,231.342,225.688,237.278,291.555,254.182,228.748,343.155,356.703,327.671,157.975,127.749,120.581,210.019,229.583,221.83,197.612,328.025,235.966,249.514,239.675,144.642,154.695,362.076,445.242,185.379,229.057,284.121,203.004,473.181,98.278,770.025,735.719,268.341,232.78,155.708,152.744,146.316,147.057,251.994,199.75,197.243,245.777,244.031,215.98,285.343,335.64,287.5,313.322,274.152,296.555,106.058,84.635,108.898,67.182,157.454,159.191,174.949,134.766,123.485,112.747,155.386,79.678,119.868,102.279,116.158,113.707,129.738,82.616,104.756,95.726,136.979,151.95,129.34,119.73,168.376,247.501,230.769,232.171,178.53,173.43,274.742,265.328,266.158,306.99,269.516,297.063,241.682,213.251,163.661,231.833,209.774,145.183,153.611,154.148,177.801,149.127,291.842,156.339,262.678,225.5,145.299,255.908,228.645,201.154,325.932,155.654,239.549,221.073,147.541,226.497,158.448,243.085,330.816,200.464,234.726,121.724,476.992,326.383,304.079,384.81,324.952,162.087,148.189,161.287,154.471,202.929,171.741,160.123,116.98,205.744,128.569,213.112,184.229,141.883,153.088,204.143,129.046,161.906,292.069,235.649,171.202,246.823,232.123,132.149,143.719,133.807,134.692,269.584,120.827,214.254,193.501,169.884,206.904,186.376,173.488,500.377,315.986,281.036,304.445,333.658,482.0,428.187,72.199,48.044,74.289,89.995,68.862,127.9,92.709,100.822,86.847,119.232,118.675,131.605,101.861,154.627,101.829,127.212,165.886,192.196,213.415,117.243,61.123,279.74,640.49,277.407,283.436,49.52,78.516,25.867,3.613,420.198,10.881,36.267,63.409,112.542,200.634,220.65,147.635,86.024,57.445,46.733,96.552,99.802,128.377,344.26,283.713,54.983,23.686,154.418,114.795,164.586,195.071,177.896,230.236,372.999,318.795,308.825,153.625,311.68,212.009
2015-01-01,234.747,239.811,233.707,239.248,232.969,221.716,240.095,199.926,224.784,215.378,220.496,225.035,180.302,288.584,108.977,215.999,205.822,245.764,235.735,126.129,194.852,441.351,115.532,137.608,412.314,246.197,242.553,253.037,238.463,274.762,233.424,122.312,199.424,189.222,100.008,201.099,144.913,268.869,449.267,269.496,350.879,470.198,118.122,112.493,119.086,236.63,80.73,76.859,89.557,110.608,220.071,107.668,273.035,262.134,294.572,167.441,207.886,146.104,144.875,85.608,131.621,199.553,217.896,281.223,152.941,281.777,203.197,210.956,177.216,271.328,210.09,358.677,747.897,114.572,295.273,151.152,99.657,166.599,115.022,76.224,47.921,153.922,238.816,136.76,118.21,161.484,639.406,677.508,176.33,8.194,915.298,395.992,83.623,93.489,61.987,114.451,80.493,59.493,91.041,185.978,233.94,295.736,262.713,269.495,325.728,230.29,227.553,238.923,290.163,253.463,226.065,339.109,352.925,323.355,157.896,127.608,121.206,214.024,229.521,221.42,196.84,327.871,196.59,210.534,205.433,143.964,153.885,362.882,446.998,183.874,227.603,284.174,203.785,472.628,97.337,774.047,738.006,269.467,232.825,150.717,147.647,145.839,146.622,251.517,189.931,186.879,229.249,229.003,215.7,286.126,336.643,287.871,313.762,274.723,297.27,105.522,84.63,109.111,66.806,157.604,159.556,174.953,134.805,121.769,111.364,150.084,78.699,120.17,103.231,115.398,113.918,124.496,81.371,105.4,98.627,137.304,150.03,128.385,122.792,167.209,250.05,229.484,240.148,177.851,174.907,275.863,265.577,269.384,306.14,270.244,301.04,239.039,213.396,163.314,230.595,205.545,145.584,154.25,154.611,176.461,148.976,292.006,155.633,260.81,227.886,147.157,260.875,227.669,200.511,322.604,153.634,238.322,218.537,147.347,224.416,156.121,239.56,333.524,200.064,233.381,118.593,479.482,329.881,331.185,342.133,321.445,162.0,147.915,162.459,155.366,203.317,171.31,158.824,117.067,208.35,128.175,216.961,186.003,143.191,153.842,201.742,130.862,161.896,289.61,235.069,170.646,245.162,231.852,131.405,142.845,133.972,135.413,269.659,119.828,213.497,193.193,168.716,208.393,186.808,173.567,501.689,318.228,281.747,272.344,318.713,482.852,427.734,70.957,49.019,74.201,89.127,68.682,127.827,91.318,100.851,86.327,118.204,119.191,133.244,100.772,153.375,101.278,127.601,166.498,192.314,213.401,109.946,61.369,279.379,642.538,277.397,284.358,49.19,78.36,25.846,3.571,420.582,11.061,36.303,63.244,112.729,198.967,222.005,148.459,85.843,56.659,46.066,95.419,98.6,130.186,344.595,284.068,54.472,23.366,152.653,114.105,164.704,198.621,178.426,231.636,373.6,319.39,309.704,153.905,317.016,216.493
2015-02-01,235.342,240.172,234.722,240.083,233.611,222.274,240.446,203.021,225.412,215.995,220.657,225.067,181.129,288.949,109.185,216.744,212.635,246.056,236.2,125.96,197.087,441.101,115.467,137.538,411.875,246.495,242.598,253.719,238.671,275.47,233.319,122.349,199.055,191.616,100.458,208.233,145.14,269.136,452.757,268.751,352.412,469.241,119.946,111.625,118.941,237.012,80.536,76.74,89.302,110.681,219.536,107.732,273.047,262.037,293.39,167.897,208.852,146.316,147.264,84.422,129.242,206.901,210.775,282.171,152.108,282.535,202.869,211.775,173.445,269.641,210.981,357.996,746.511,115.067,293.524,150.046,99.662,166.718,115.168,75.858,47.366,154.023,238.008,136.513,115.292,160.27,640.084,678.628,172.229,8.177,919.003,395.338,83.206,93.445,61.756,113.972,80.18,59.382,91.074,186.827,233.528,295.545,262.509,268.859,326.521,227.806,227.301,239.28,291.07,254.909,224.929,336.994,352.279,319.689,158.47,127.938,121.375,216.65,228.727,222.402,196.915,328.492,204.085,219.371,211.006,144.45,154.328,361.032,448.01,184.091,228.005,284.111,204.082,474.204,98.262,775.551,740.181,269.681,232.92,151.72,148.669,146.064,146.649,251.316,191.181,188.197,231.376,230.948,215.588,286.858,336.452,288.461,313.835,275.14,297.702,106.139,84.551,109.06,66.678,157.885,160.052,176.589,134.824,124.222,112.413,153.367,80.774,121.961,102.965,114.262,111.439,124.04,81.387,104.737,98.982,137.565,149.908,128.585,124.181,165.388,249.925,227.634,239.943,177.64,176.533,277.884,264.958,269.929,306.675,270.522,303.062,239.587,214.292,161.474,231.386,201.93,142.287,153.809,156.36,176.538,148.859,289.038,152.883,260.256,227.571,147.168,258.439,227.781,199.755,322.291,149.241,237.47,220.306,147.462,217.204,152.149,234.432,330.379,200.159,232.052,119.234,473.768,325.725,331.517,328.647,318.984,162.899,147.733,162.831,156.662,202.721,171.749,158.884,117.118,207.385,130.003,214.458,188.314,145.625,153.68,199.16,131.385,161.588,289.271,236.453,170.242,251.885,233.564,131.459,143.355,136.118,135.678,273.763,121.121,213.502,193.33,169.16,208.105,187.577,173.694,503.506,315.834,282.506,270.583,317.037,484.999,429.248,70.77,48.792,75.321,89.644,68.037,127.305,91.226,101.075,86.482,118.788,119.244,135.336,101.501,153.312,101.432,127.585,167.096,193.993,214.709,104.767,60.648,278.727,641.809,270.383,283.052,49.146,78.179,25.629,3.538,420.498,10.947,36.498,63.022,112.809,199.048,222.273,149.21,85.892,56.336,45.311,96.862,97.438,128.532,348.814,283.206,53.17,23.208,152.559,113.931,166.217,202.356,179.046,231.987,374.865,319.613,310.198,153.806,315.425,214.839
2015-03-01,235.976,240.755,236.119,241.067,234.411,222.854,240.876,205.757,225.992,216.811,221.123,225.536,181.884,289.47,109.316,217.879,220.421,245.685,236.602,126.626,199.119,442.943,115.551,137.644,412.54,246.072,241.633,254.108,239.007,276.258,232.069,122.542,197.53,193.844,100.784,215.931,144.504,268.907,454.728,267.16,353.232,471.46,121.35,111.684,119.585,238.117,80.317,76.517,89.276,110.82,219.877,107.612,273.583,260.598,290.546,167.037,208.471,146.672,147.694,85.371,129.125,214.684,213.516,283.056,153.494,283.27,200.887,210.178,170.331,277.899,211.468,359.334,751.278,115.339,290.945,149.538,99.381,167.142,114.675,75.521,47.528,154.68,238.325,137.172,118.076,160.572,644.473,681.693,172.539,8.17,920.7,395.768,82.85,93.558,61.09,114.966,80.079,59.285,91.094,187.802,234.846,296.085,260.886,266.215,324.972,222.511,226.706,240.101,290.293,256.09,224.214,333.277,344.15,320.663,157.655,127.39,121.028,216.216,226.517,222.288,197.113,328.715,211.834,226.294,219.507,144.574,154.668,363.562,447.859,183.569,227.974,285.902,204.328,476.348,97.883,778.304,742.607,272.037,233.112,152.896,149.864,146.356,146.93,250.351,193.702,190.889,235.338,234.485,214.694,287.736,336.934,288.812,313.737,275.556,298.466,106.371,84.301,109.182,66.152,158.131,160.366,177.551,134.838,126.883,113.545,158.949,80.702,126.429,103.343,114.703,108.256,126.129,81.732,105.664,97.306,136.658,152.16,129.51,123.227,165.918,248.017,228.916,242.449,178.336,175.309,277.689,265.919,270.043,308.421,267.092,300.345,239.68,214.801,157.535,224.919,197.384,141.498,154.302,156.493,177.073,148.321,280.124,152.107,253.095,218.793,146.52,257.088,229.275,198.387,318.484,149.253,235.601,220.176,147.445,216.336,152.309,224.069,324.251,201.495,228.781,115.335,473.353,327.365,311.368,328.438,322.653,162.082,147.332,162.084,156.298,202.582,170.331,158.033,117.055,206.93,128.157,214.75,188.904,145.808,153.354,195.016,130.97,160.711,282.97,236.391,170.232,250.486,232.902,131.41,143.885,136.84,135.999,270.203,119.79,213.597,192.746,169.395,208.432,186.369,173.11,503.977,319.309,283.24,290.929,317.984,486.449,429.235,68.808,48.384,76.784,88.872,68.103,126.469,91.582,100.913,86.571,119.52,120.244,135.294,101.408,151.185,101.689,126.843,166.756,193.994,214.674,107.703,60.544,280.611,645.98,271.252,279.944,48.717,78.429,25.072,3.531,419.865,10.702,36.195,62.63,112.561,199.55,222.848,148.525,85.433,56.067,45.377,97.975,98.15,128.144,352.9,284.223,53.48,23.125,153.397,114.018,168.106,204.659,178.944,232.944,375.814,320.198,310.599,153.911,315.996,216.863
2015-04-01,236.222,241.346,236.599,241.802,234.707,222.906,241.365,203.577,226.124,216.891,221.626,226.028,181.641,290.183,109.477,216.821,216.91,245.615,237.086,126.39,198.636,445.822,115.665,137.82,412.55,246.002,241.106,254.727,238.938,277.003,230.983,123.205,196.176,193.509,101.067,212.784,144.281,269.948,456.734,264.185,353.849,475.195,120.297,111.951,119.376,239.052,80.228,76.415,89.013,111.16,219.852,107.366,273.066,259.017,290.678,167.834,208.063,147.024,148.404,85.266,128.562,211.577,207.605,283.786,153.599,284.061,199.886,210.345,165.83,266.924,211.987,360.016,761.442,115.751,285.424,149.451,99.564,166.602,114.654,75.392,47.589,155.096,239.205,136.857,118.749,159.529,644.887,684.516,173.33,8.155,921.202,396.381,82.286,94.011,61.532,116.506,80.165,59.508,91.344,187.783,234.972,294.87,259.634,264.674,325.895,216.815,227.152,240.017,288.489,249.813,222.912,333.147,345.482,318.983,158.177,128.306,121.208,214.157,226.992,222.051,196.831,329.865,208.628,223.571,216.464,144.551,155.173,364.611,449.533,183.312,227.964,290.566,204.842,478.114,98.169,780.772,744.666,274.329,232.772,152.595,149.558,146.49,147.011,249.312,192.206,189.308,232.779,232.132,214.487,288.466,337.622,288.928,314.583,276.174,299.347,106.674,84.093,109.36,65.885,158.515,160.744,178.057,134.924,124.733,110.952,159.214,79.052,124.241,103.266,115.017,109.237,123.234,82.989,104.952,97.359,139.689,150.866,128.833,122.991,165.167,247.468,230.143,243.164,178.152,174.823,273.599,266.632,263.872,308.108,270.584,300.281,241.354,214.221,154.813,219.447,194.004,135.792,154.347,156.668,175.357,148.258,273.911,151.14,246.329,226.884,146.441,255.772,229.389,202.547,320.447,148.468,233.001,219.993,147.137,215.171,152.14,227.205,323.197,201.925,230.989,115.849,468.972,326.377,297.107,334.176,320.258,162.697,146.018,162.99,156.075,198.641,171.857,158.548,117.927,208.786,127.463,217.758,190.536,142.936,152.883,196.271,131.148,159.898,287.828,238.517,170.094,249.681,233.494,131.112,145.5,136.342,135.72,272.485,120.549,213.64,192.67,168.787,208.756,185.8,175.732,505.058,319.421,284.031,269.136,314.436,487.802,429.807,70.522,48.5,76.749,88.905,68.252,128.091,90.794,100.809,86.857,119.438,119.807,136.749,101.037,150.489,101.931,126.577,167.386,194.251,215.141,109.522,59.882,284.887,655.851,272.319,282.903,48.707,78.376,24.553,3.472,421.416,10.669,36.245,62.117,112.975,198.253,223.309,151.233,84.819,55.581,45.402,98.586,98.162,128.872,353.401,283.109,53.778,22.861,152.395,113.544,168.73,204.543,179.694,233.609,375.691,321.015,312.405,154.069,316.26,216.896
2015-05-01,237.001,241.688,237.805,242.119,235.571,223.796,241.691,208.973,226.893,217.934,221.866,226.23,182.865,290.543,109.465,218.833,229.995,245.886,237.21,125.831,202.277,446.743,115.931,137.692,413.289,246.239,241.107,255.322,239.665,277.524,229.685,122.9,194.526,197.083,101.265,226.39,144.581,270.764,457.469,268.574,355.061,475.984,119.827,111.329,118.753,239.665,79.9,76.083,88.951,111.591,220.101,107.51,273.308,257.79,291.728,167.517,208.84,147.327,149.29,83.93,129.429,225.281,208.314,284.559,151.316,284.712,198.157,208.447,164.63,265.835,212.729,360.425,765.353,116.065,293.265,150.169,99.454,167.367,114.365,75.041,47.319,156.189,241.266,136.656,118.15,158.209,646.559,686.271,173.723,8.106,925.102,397.224,82.418,93.692,61.091,115.645,79.651,59.229,91.566,187.551,234.524,294.995,258.087,263.908,324.713,216.487,226.447,235.867,287.172,253.155,222.333,334.273,347.313,319.358,158.872,128.144,119.916,216.413,226.506,222.786,197.283,331.239,222.348,236.796,230.823,144.666,155.495,364.914,450.332,184.343,228.027,291.978,205.49,479.807,98.228,782.563,747.782,274.809,233.609,154.157,151.137,146.502,146.943,249.749,195.284,192.522,238.491,237.407,214.064,288.988,337.972,289.96,314.789,276.418,299.91,107.006,84.036,109.257,65.73,158.711,161.055,179.463,134.925,124.098,112.197,159.124,78.58,123.963,103.741,114.426,108.097,121.518,82.765,104.703,96.599,140.226,152.883,126.176,122.505,163.943,246.988,230.513,242.946,177.363,174.411,277.2,266.121,265.737,306.477,268.581,298.428,243.162,215.772,151.57,217.658,196.751,137.412,150.656,157.692,174.566,147.209,262.959,149.344,244.875,227.61,146.544,253.259,222.509,200.04,317.311,148.038,233.116,216.608,146.942,213.839,151.878,224.745,321.531,201.28,232.417,116.244,478.743,330.941,303.752,330.712,318.792,162.692,149.223,163.664,157.273,204.254,170.96,158.517,117.671,206.467,125.558,214.461,190.32,145.266,153.323,194.792,131.35,160.168,288.668,236.165,170.89,249.324,234.699,131.709,145.191,135.19,136.735,274.536,119.331,214.361,193.851,168.855,208.854,187.098,177.085,506.095,313.432,284.681,270.434,308.993,489.535,431.234,68.954,48.318,75.046,88.314,68.056,128.244,91.056,100.756,87.181,119.751,119.482,138.538,100.091,152.201,102.135,126.929,167.865,194.291,215.183,108.453,59.193,286.085,659.425,273.168,281.353,48.458,77.751,24.428,3.434,420.944,10.587,36.141,61.791,112.935,198.785,225.023,150.829,83.597,55.206,45.104,97.709,98.636,129.237,357.022,285.536,53.812,22.721,152.958,114.001,168.981,208.506,180.265,235.285,377.616,321.825,312.282,154.897,315.963,216.641
2015-06-01,237.657,242.064,238.638,242.354,236.22,224.418,242.114,212.015,227.591,218.536,222.019,226.381,183.424,291.315,109.425,219.443,235.321,246.511,237.804,125.51,203.86,446.33,116.114,137.789,414.997,246.937,241.922,255.846,239.297,278.284,230.627,122.736,195.409,198.523,101.305,231.952,143.88,270.981,458.587,272.433,354.805,475.516,119.582,110.567,118.389,240.232,79.835,76.009,88.839,111.933,220.988,107.476,274.079,261.146,290.674,167.615,209.389,147.489,149.48,83.292,127.852,230.871,208.251,285.477,148.963,285.668,199.148,209.41,165.693,264.841,213.299,361.442,759.742,115.89,298.839,150.326,99.407,167.937,114.294,74.859,47.021,157.126,239.927,136.559,119.597,159.624,643.069,688.241,174.293,8.066,929.288,398.535,81.864,93.47,61.531,115.679,79.563,58.951,91.351,186.758,235.004,295.945,258.433,263.835,325.447,215.322,226.645,239.178,284.979,299.516,221.849,332.975,347.012,317.007,158.442,128.281,120.276,215.925,226.809,223.64,196.94,330.669,228.118,242.779,234.726,145.157,155.788,366.044,451.698,184.845,227.992,289.186,206.23,480.326,97.272,784.741,750.523,275.743,234.098,154.648,151.65,146.339,146.747,250.735,195.86,193.15,239.579,238.361,215.45,289.874,338.981,290.914,315.639,277.327,300.662,107.082,83.269,109.434,65.004,159.282,161.135,181.339,133.864,123.874,113.58,156.585,78.774,123.875,103.187,113.763,106.393,122.021,81.612,105.301,95.396,137.674,152.406,127.737,123.852,164.884,247.104,230.528,245.318,179.179,174.883,278.832,265.372,266.502,307.544,268.396,299.1,244.103,216.665,152.525,212.396,195.352,136.82,153.242,157.385,172.459,146.805,269.608,147.525,236.917,231.812,146.151,258.315,226.27,199.751,315.467,147.263,231.056,217.676,147.169,212.662,151.04,225.633,322.857,199.472,230.421,116.131,476.788,323.43,302.335,319.652,321.38,162.828,147.4,163.681,157.164,201.793,171.305,158.873,118.003,204.484,127.504,213.081,190.544,144.555,153.813,196.375,131.096,160.271,291.116,239.38,171.28,250.962,236.79,131.171,147.506,132.888,139.308,270.474,120.001,215.058,191.989,167.95,206.374,185.61,177.826,507.308,307.239,285.632,269.368,306.882,491.364,430.813,67.971,49.013,74.861,88.225,68.065,128.129,90.635,100.393,87.081,118.943,119.254,142.187,99.961,150.9,102.258,126.119,168.265,193.971,215.401,114.064,59.564,283.409,652.835,273.989,282.991,48.03,77.635,23.866,3.418,421.708,10.715,35.821,61.575,112.944,199.482,225.751,150.258,84.275,55.266,44.811,96.57,98.768,131.952,354.491,287.158,53.611,22.698,153.511,114.199,168.494,209.363,180.857,235.942,379.377,321.793,312.554,156.189,318.568,218.41
2015-07-01,238.034,242.565,238.654,242.436,236.623,224.536,242.571,211.623,227.956,218.63,222.205,226.601,183.437,292.022,109.242,220.236,235.726,246.733,238.334,125.689,204.166,446.953,116.129,138.002,415.091,247.157,242.25,255.905,239.546,279.329,229.536,122.601,194.002,198.988,101.232,232.738,143.823,271.175,461.665,269.963,355.071,476.271,118.813,111.017,118.506,241.058,79.82,75.985,88.553,112.142,220.808,107.527,274.756,261.275,290.621,168.292,209.344,147.462,149.078,83.306,129.403,231.775,203.466,286.435,154.047,286.463,197.974,208.761,162.954,256.667,213.986,362.23,759.823,115.964,294.099,153.414,99.478,166.888,114.821,75.269,47.106,157.296,240.964,136.973,119.72,161.194,645.461,690.594,174.78,8.017,933.086,399.009,81.316,93.336,61.135,114.991,79.005,58.937,90.93,186.704,233.642,298.116,258.202,263.912,324.516,215.542,228.033,238.125,284.559,304.797,222.965,332.443,347.461,315.436,159.167,128.683,120.723,216.926,224.825,223.679,197.17,330.812,228.567,245.363,236.987,144.531,155.793,367.412,453.082,183.776,228.296,289.198,206.673,480.064,97.908,787.449,752.685,276.595,234.403,154.584,151.578,146.21,146.642,251.021,197.001,194.336,241.576,240.203,214.73,290.992,339.591,291.671,315.735,277.929,301.553,106.983,83.032,109.648,64.599,159.713,154.846,181.165,,122.764,114.615,153.078,76.146,123.332,101.835,114.251,107.955,123.227,81.756,105.109,95.671,138.09,151.626,129.096,124.15,167.456,243.19,230.69,243.768,179.015,177.486,280.2,268.532,269.951,310.07,271.972,296.191,243.424,216.349,152.744,210.526,200.585,137.002,152.223,158.497,170.14,147.973,271.255,147.764,235.004,231.301,146.97,254.575,225.204,202.931,317.986,148.587,234.226,218.068,147.497,214.304,152.728,227.655,321.938,199.332,233.64,114.845,482.568,325.961,292.679,323.628,315.732,164.459,147.464,163.947,158.057,201.857,173.423,160.671,117.711,206.821,127.377,215.322,191.744,145.299,153.538,195.534,130.035,159.024,288.115,240.483,170.923,250.915,236.558,131.689,147.086,137.946,137.1,271.339,121.366,215.529,192.182,168.099,206.503,185.392,177.732,509.576,319.91,286.425,259.166,301.502,493.267,431.229,67.645,48.581,74.789,87.395,67.951,127.71,90.877,99.843,86.703,119.029,118.859,143.082,98.308,150.69,102.26,126.205,168.673,194.384,215.757,116.564,61.814,284.145,651.459,274.583,285.39,47.713,77.176,23.975,3.365,422.551,10.566,35.808,61.051,113.212,197.183,226.253,151.523,84.676,55.352,44.702,97.624,100.601,132.608,353.118,287.116,53.305,22.756,150.514,113.649,168.777,207.389,181.266,236.568,380.929,323.086,313.132,155.944,317.496,217.155
2015-08-01,238.033,242.817,238.316,242.651,236.529,224.301,242.873,208.579,227.969,218.201,222.26,226.705,182.94,292.472,109.057,219.253,229.435,247.295,238.7,126.166,202.609,446.612,116.066,138.237,415.363,247.742,242.864,256.449,239.789,279.921,229.567,122.43,193.59,197.411,101.006,226.625,143.793,270.838,462.985,268.935,354.906,475.865,118.522,111.709,118.902,241.563,79.928,76.087,88.227,112.263,220.752,107.589,274.374,262.348,293.836,168.541,209.781,147.41,148.295,82.614,130.456,225.725,193.692,287.32,152.824,287.106,197.905,208.619,163.107,247.622,215.56,362.017,760.648,115.899,291.307,155.454,99.42,167.156,114.975,74.581,46.597,157.362,241.03,137.723,123.371,159.509,649.131,691.881,175.066,7.939,936.832,400.2,81.471,93.021,60.385,113.508,78.788,58.971,90.758,186.305,234.042,297.521,257.555,262.647,322.202,214.4,228.224,236.987,287.435,330.449,221.436,337.161,352.958,319.313,159.263,128.978,120.583,217.194,226.507,223.992,197.426,330.945,222.34,240.154,232.87,144.512,155.751,366.42,453.873,183.27,228.836,289.324,207.163,480.055,97.738,788.617,753.42,277.051,234.216,153.694,150.659,146.044,146.532,251.441,194.899,192.097,237.593,236.605,214.854,291.553,340.182,291.638,316.191,278.498,302.054,106.79,82.794,109.881,64.125,159.97,155.047,180.918,127.475,123.063,117.654,153.551,76.688,123.02,101.475,114.555,108.066,125.793,81.641,105.05,98.114,139.035,151.153,129.84,124.52,164.222,243.664,230.311,243.125,178.101,176.529,281.285,266.696,269.976,307.739,269.837,294.072,241.524,216.461,153.749,209.196,195.467,136.408,151.6,157.79,173.935,147.437,274.884,147.247,233.465,231.719,147.152,253.129,223.913,202.323,315.887,146.589,231.901,219.497,147.931,211.091,150.681,229.657,316.609,201.747,236.648,119.009,489.568,325.937,291.645,325.535,323.943,163.691,148.376,164.079,158.037,203.75,172.46,160.904,118.008,205.349,128.431,215.052,190.936,145.817,153.919,198.019,130.442,159.334,289.938,240.673,171.072,251.765,236.394,131.62,148.325,136.109,136.063,275.336,121.255,215.696,192.415,167.906,207.004,186.143,177.83,509.354,316.816,287.067,243.564,298.559,497.367,432.967,66.72,47.964,74.376,87.469,67.275,127.822,90.638,99.672,86.449,118.479,119.004,145.169,99.226,150.84,102.208,126.009,168.271,194.855,216.335,111.379,62.617,284.319,650.62,275.177,284.503,47.314,76.326,23.438,3.313,422.541,10.551,35.749,60.452,113.332,197.083,227.37,151.529,84.43,54.593,44.224,96.165,99.999,131.751,355.354,288.024,52.742,22.492,149.901,114.032,168.727,210.365,182.549,237.98,382.396,324.413,315.528,156.161,318.244,217.215
2015-09-01,237.498,243.316,237.945,243.359,235.792,223.226,243.409,197.246,227.37,216.699,222.578,227.084,181.17,293.125,109.148,216.666,206.209,247.984,239.236,126.011,197.162,447.648,116.165,138.681,416.339,248.492,243.198,257.83,239.645,280.737,229.115,122.698,192.923,191.819,100.948,202.855,144.496,271.119,465.511,266.617,355.558,477.038,119.597,111.086,118.901,242.52,80.129,76.28,88.422,112.28,221.315,107.778,274.055,261.79,295.811,168.222,210.586,147.611,147.554,83.13,127.721,201.935,181.955,288.385,153.279,287.882,197.46,208.449,161.84,241.051,216.143,362.76,762.048,116.115,287.452,155.425,99.657,167.921,114.878,74.897,46.568,156.841,242.809,136.939,123.06,160.091,652.64,694.559,175.403,7.957,938.333,401.834,81.127,93.266,60.57,114.085,78.715,59.314,90.988,186.285,232.205,297.471,257.09,263.263,321.693,216.239,228.846,234.865,284.477,328.556,221.947,340.016,355.092,322.923,159.391,129.037,119.73,218.193,226.792,224.909,196.977,331.323,198.02,217.65,212.81,144.423,156.054,367.313,454.63,184.061,228.803,289.97,207.701,480.913,97.849,792.183,756.004,277.991,234.45,151.025,147.93,146.142,146.708,252.026,189.736,186.656,228.533,228.463,214.746,292.435,341.002,291.907,316.75,279.149,302.814,106.752,82.873,110.257,64.035,160.355,165.855,180.822,138.561,124.858,112.286,151.329,83.027,124.642,101.005,114.646,110.363,124.275,81.381,105.33,94.259,137.96,149.79,130.223,122.521,166.37,245.204,226.458,238.495,179.553,176.323,280.473,266.004,268.768,306.908,267.045,292.647,238.344,215.448,155.397,208.56,196.688,136.531,150.239,155.673,172.798,145.934,281.843,145.52,232.44,235.974,147.515,245.638,223.857,202.307,310.02,146.35,233.184,220.125,148.235,209.977,150.247,234.032,330.357,201.189,235.774,119.707,488.184,327.266,307.358,326.199,328.139,164.036,148.588,163.34,160.322,203.958,171.671,160.585,118.32,204.051,127.241,213.518,190.534,146.961,153.764,199.304,130.417,158.85,287.98,241.619,172.539,252.446,237.654,131.892,147.246,139.516,138.162,275.73,123.814,215.603,191.793,167.491,204.921,186.616,178.766,511.621,317.65,287.837,234.226,294.188,498.81,433.843,66.867,48.254,75.01,87.922,66.685,129.918,90.177,99.541,87.036,118.776,118.236,144.477,99.68,150.308,102.343,126.455,168.877,194.869,216.673,107.991,62.757,285.236,651.542,275.763,284.518,47.436,76.664,22.875,3.279,423.601,10.692,35.939,60.396,113.668,198.242,227.946,150.496,84.76,54.349,44.209,96.378,99.525,131.427,353.103,290.819,52.726,22.434,150.955,114.656,168.254,206.563,183.053,238.419,383.294,327.485,315.938,156.474,317.358,217.215
2015-10-01,237.733,243.768,237.838,243.985,236.022,223.283,243.83,195.616,227.484,216.706,222.891,227.482,180.851,293.897,108.995,216.865,203.608,248.288,239.593,125.323,196.445,450.681,116.393,138.926,417.898,248.755,243.284,258.363,240.502,281.429,228.562,122.524,192.194,190.922,100.69,200.172,143.209,271.804,465.078,269.07,355.954,481.074,118.908,110.443,118.18,242.936,80.275,76.425,88.275,112.711,222.252,108.178,276.14,260.802,296.02,168.529,210.974,147.481,146.397,83.628,126.993,199.315,178.449,289.236,153.968,288.538,196.686,208.015,160.055,240.798,216.55,362.852,775.62,116.264,291.034,157.067,99.977,168.071,114.24,75.299,46.619,157.402,242.111,136.5,121.059,159.688,655.17,695.652,175.421,7.977,940.157,403.204,81.156,93.038,60.109,114.028,78.349,59.132,91.379,186.046,235.152,298.941,257.164,263.319,320.252,217.906,228.964,236.15,282.811,312.396,220.736,341.279,356.823,323.684,157.868,129.597,119.608,216.697,228.712,225.484,198.169,331.711,195.538,217.078,209.432,144.155,156.036,367.071,455.241,184.53,228.8,295.849,208.212,481.585,97.899,793.279,758.119,278.413,234.763,150.496,147.364,145.888,146.535,252.276,189.861,186.705,228.843,228.765,214.526,293.112,341.898,292.578,317.537,279.744,303.738,106.371,82.846,110.473,63.872,160.632,167.631,180.884,141.218,122.871,111.22,151.72,80.975,121.686,102.751,114.234,112.556,120.985,81.561,105.554,92.574,137.317,149.334,129.709,124.274,165.774,244.257,231.909,241.909,179.212,177.532,281.795,267.753,270.045,308.121,269.992,290.435,235.869,215.195,158.355,209.692,196.741,136.565,150.875,157.578,171.792,144.382,290.139,145.832,234.695,234.585,147.919,247.292,225.242,202.976,303.745,145.133,232.85,220.754,147.861,209.113,148.554,246.797,336.794,200.414,237.77,119.779,489.867,328.925,315.072,332.84,327.06,161.299,147.94,163.125,158.808,202.332,168.516,160.536,119.508,203.45,127.409,213.249,190.765,146.318,153.088,207.451,131.299,157.647,293.286,245.679,171.555,251.257,238.888,133.219,149.781,141.617,137.32,276.876,124.285,216.97,192.142,168.802,205.618,186.322,178.976,513.051,319.205,288.495,229.925,299.336,499.692,434.829,66.36,47.681,74.515,86.857,67.035,130.892,89.48,99.818,87.343,118.49,118.268,144.862,99.28,150.778,102.241,125.575,168.976,194.928,217.364,107.612,63.835,291.443,662.421,276.334,279.426,47.056,77.063,23.156,3.244,425.953,10.63,35.876,60.297,114.129,198.242,228.469,148.147,84.909,53.996,44.016,98.563,100.389,130.553,358.455,291.078,52.695,22.242,151.697,113.823,168.526,209.665,182.611,239.19,383.849,327.557,317.797,157.509,319.033,218.149
2015-11-01,238.017,244.241,237.336,244.075,236.388,223.407,244.196,195.114,227.713,216.913,223.233,227.934,180.652,294.62,108.765,217.002,203.28,248.075,240.001,125.724,196.644,452.225,116.15,139.235,418.422,248.525,242.606,258.805,240.531,282.129,228.148,122.497,191.571,191.045,100.414,199.81,143.967,272.09,470.425,270.559,357.033,482.778,119.699,110.648,118.604,243.567,80.425,76.564,87.826,112.649,222.367,108.185,274.797,259.094,298.402,167.903,210.089,147.466,144.85,84.495,123.689,198.984,176.722,289.953,155.576,289.169,195.996,207.902,157.639,241.288,217.124,365.157,775.227,116.651,293.715,155.646,99.94,167.45,114.033,74.797,46.248,157.087,242.63,136.743,123.245,158.68,657.153,697.44,175.945,7.946,943.905,404.087,80.562,92.956,60.288,113.993,78.054,58.251,90.823,186.573,233.354,297.539,255.968,261.732,316.47,216.886,229.961,235.428,282.587,303.374,219.848,344.378,359.981,326.711,158.575,129.063,119.123,215.569,227.25,224.664,198.045,332.004,194.957,215.282,209.317,143.917,156.376,371.024,457.14,183.546,228.365,295.481,208.859,483.744,97.673,795.135,761.079,279.15,235.177,150.314,147.177,145.723,146.497,251.772,190.069,186.923,229.011,228.947,214.852,293.884,342.519,294.481,318.388,280.4,304.599,106.08,82.4,110.795,63.241,160.888,167.336,181.63,140.9,123.308,109.207,155.739,80.297,121.76,105.965,114.167,110.338,121.012,81.881,104.676,94.013,137.809,149.482,129.356,122.608,163.532,242.511,229.607,240.058,179.871,177.528,279.993,267.608,268.687,308.83,268.063,286.893,232.795,213.522,160.722,207.129,193.013,134.311,151.342,157.56,171.494,144.898,295.698,145.235,230.579,235.058,149.086,250.663,225.208,202.884,306.276,143.72,232.164,219.579,146.471,206.375,147.353,237.473,341.986,200.597,239.085,122.269,487.714,325.801,331.356,332.827,331.254,162.556,148.137,163.869,159.332,202.573,168.955,160.386,118.142,201.762,128.314,212.173,189.533,146.485,153.375,203.06,131.01,158.001,294.129,241.066,171.13,251.557,238.918,132.161,150.136,138.744,136.397,274.324,125.455,216.21,192.298,168.592,206.706,185.315,179.672,514.101,323.163,289.126,230.349,296.73,500.869,436.428,66.982,47.788,74.501,86.802,66.965,131.406,88.981,98.844,86.888,118.597,118.708,144.616,98.575,150.087,102.213,126.106,168.981,195.119,217.442,108.734,64.008,291.02,661.568,276.839,283.286,46.741,77.027,22.674,3.224,426.391,10.56,36.046,59.999,114.177,196.667,229.151,147.582,84.806,53.686,43.624,98.07,99.923,129.403,359.2,292.013,52.504,22.127,151.724,111.86,169.546,208.325,183.181,239.888,385.382,328.393,317.847,157.872,319.264,218.149
2015-12-01,237.761,244.547,236.525,243.779,236.141,222.79,244.407,190.143,227.426,216.228,223.34,228.099,179.745,295.032,108.539,215.691,194.695,247.761,240.224,126.042,194.728,452.732,116.163,139.268,418.102,248.206,241.88,259.097,240.275,282.779,226.354,122.592,189.404,189.081,100.179,191.564,144.245,272.967,472.652,269.686,356.956,483.51,121.216,110.687,119.048,244.004,80.329,76.463,87.45,112.914,221.928,108.267,274.479,255.937,299.334,167.926,209.668,147.272,143.955,85.614,116.923,190.765,171.288,290.723,154.639,289.883,194.266,207.269,152.63,226.805,217.742,365.342,776.436,116.657,291.963,156.772,100.017,167.82,113.862,74.914,45.719,157.176,243.123,136.475,118.159,161.953,660.278,698.556,176.259,7.92,947.371,404.289,80.152,92.987,61.043,114.081,78.147,58.372,90.647,186.76,233.77,296.472,253.396,258.993,311.309,215.056,229.725,232.093,281.714,291.865,219.897,346.3,361.416,329.143,157.715,128.814,119.636,215.451,228.536,223.872,197.561,332.505,186.575,205.728,203.392,143.942,155.981,370.904,458.012,184.297,228.291,295.791,209.524,484.241,97.045,797.028,763.257,279.337,235.474,149.211,146.054,145.624,146.47,250.938,188.028,184.769,225.581,225.799,214.049,294.565,342.909,295.147,318.575,280.81,305.219,105.822,81.87,110.888,62.45,161.042,167.268,182.131,140.92,125.494,108.49,156.833,80.75,124.068,104.141,114.105,110.443,117.324,81.62,106.177,94.51,134.994,148.362,129.638,120.634,167.595,243.107,231.211,238.446,179.58,176.702,281.448,266.076,268.512,309.262,270.123,281.352,224.408,209.356,157.906,207.622,194.638,131.415,148.812,157.347,171.343,144.261,291.102,143.971,231.76,235.058,148.901,246.745,221.44,203.689,302.295,143.44,230.712,218.876,146.635,206.521,147.151,243.088,350.258,201.757,237.762,121.942,488.082,325.463,341.425,325.887,333.98,161.557,147.616,162.868,157.114,201.339,168.772,161.196,118.177,202.492,129.259,212.358,190.4,145.966,155.363,205.098,131.278,158.183,296.809,238.433,169.996,251.559,235.175,132.219,147.757,137.193,136.279,276.65,125.398,216.415,192.663,167.876,206.841,184.984,179.355,515.253,320.601,289.841,208.619,295.0,502.516,436.996,69.291,48.171,74.98,86.198,67.142,130.109,88.352,98.344,86.738,119.282,118.291,148.781,97.436,150.096,102.077,126.41,169.787,195.285,218.191,112.894,64.884,291.368,662.201,277.109,285.911,46.237,77.155,22.103,3.127,427.621,10.502,35.416,58.911,114.64,196.952,229.931,146.192,85.227,53.682,43.001,98.454,98.885,129.04,359.69,292.809,52.016,22.074,152.068,112.096,171.884,204.856,183.447,240.784,386.953,327.925,316.127,158.222,319.623,217.516
2016-01-01,237.652,244.955,236.916,244.528,235.989,222.267,244.777,185.235,227.247,215.542,223.442,228.141,178.786,295.76,108.232,214.447,185.077,247.967,240.673,124.999,192.648,454.194,116.237,139.445,419.074,248.353,241.558,259.958,241.313,283.714,225.556,122.229,188.367,186.965,100.214,182.135,144.784,273.097,473.661,268.541,357.414,485.346,118.652,109.538,117.682,244.548,80.347,76.472,87.312,113.109,222.259,108.554,274.003,253.24,302.6,167.705,209.557,146.706,144.638,85.636,122.541,181.445,156.682,291.7,157.308,290.694,193.63,206.088,153.802,215.393,218.191,366.134,780.152,117.013,289.611,156.334,99.879,168.388,113.404,74.943,45.519,157.761,241.525,136.976,118.145,164.135,663.452,699.997,177.015,7.897,952.536,403.709,79.803,92.648,61.37,114.132,78.164,58.216,90.408,186.361,231.976,298.797,252.101,257.054,308.935,213.077,228.603,231.368,282.492,270.769,219.359,350.631,363.024,336.318,158.606,128.583,119.68,215.261,228.175,223.803,198.847,332.985,175.577,195.539,195.879,143.543,155.452,370.911,459.244,186.096,228.817,297.361,209.941,486.418,96.673,798.169,765.678,279.684,236.373,147.856,144.637,145.376,146.096,250.724,185.701,182.26,222.029,222.697,213.591,295.491,343.527,295.589,318.9,281.33,306.082,105.821,81.139,111.141,61.52,161.392,168.544,182.271,141.15,122.206,109.111,152.554,78.412,122.12,104.276,112.325,113.493,116.178,79.509,104.722,96.221,136.671,150.355,129.109,123.781,171.932,243.017,226.156,241.445,179.602,176.667,283.762,265.59,270.189,306.713,269.145,275.641,221.825,209.266,156.755,207.282,187.37,129.953,147.767,156.782,172.342,144.218,289.244,143.967,231.296,229.548,148.796,246.03,219.896,202.346,302.276,142.76,231.772,219.219,147.501,207.339,146.096,238.04,351.458,200.802,234.475,122.981,477.045,328.127,328.236,368.896,340.23,163.347,148.383,163.049,159.686,202.714,170.377,160.58,117.704,202.882,129.233,212.587,189.029,144.334,152.941,203.224,130.751,158.723,296.496,237.884,170.347,251.932,237.202,131.366,150.37,139.338,137.135,279.049,123.201,217.61,192.501,169.229,207.348,185.803,179.613,516.386,324.14,290.654,195.029,291.055,503.852,437.205,71.266,48.08,73.069,85.433,67.221,129.906,87.945,98.518,86.421,119.022,117.727,147.416,96.699,150.138,101.683,127.05,169.718,196.826,219.358,108.793,64.386,292.909,663.914,278.874,278.032,45.424,77.55,21.789,3.074,427.538,10.39,35.313,58.448,114.603,197.98,230.044,146.444,84.723,53.592,42.666,96.913,100.198,129.269,361.918,293.187,51.415,22.019,152.312,113.064,170.532,216.006,183.248,241.087,388.821,326.621,316.893,158.521,320.695,219.385
2016-02-01,237.336,245.51,237.111,245.68,235.585,221.518,245.286,176.401,226.792,214.567,223.866,228.645,177.511,296.387,108.26,212.444,166.901,248.244,241.124,125.898,188.784,456.922,116.48,139.213,419.627,248.606,241.741,260.319,241.92,284.502,225.105,122.144,187.747,183.014,100.358,163.438,144.617,273.072,475.028,266.691,361.435,487.562,118.301,110.299,118.496,245.046,79.974,76.126,86.942,113.696,222.707,108.68,274.877,252.506,304.649,168.004,209.32,147.374,143.979,85.224,127.989,162.727,145.485,292.617,158.028,291.45,193.118,205.294,154.119,211.663,218.681,367.048,783.972,117.76,286.419,156.28,100.298,168.616,113.059,74.86,44.956,158.45,243.645,138.09,119.163,170.872,660.05,701.688,175.647,7.888,951.247,404.395,80.233,92.474,61.099,113.291,77.955,58.421,90.342,187.151,234.274,297.931,251.488,256.37,308.063,211.446,229.537,231.414,281.092,268.38,219.126,354.03,368.564,337.467,157.987,128.891,119.392,215.325,227.833,223.5,199.188,333.724,157.669,176.838,178.741,144.078,156.19,372.091,462.49,185.749,228.858,298.942,210.63,490.868,96.478,800.149,768.024,280.174,236.478,146.065,142.792,145.674,146.512,250.853,181.737,177.992,214.231,215.673,213.433,296.335,343.937,295.617,319.394,281.877,306.819,105.944,80.665,111.002,61.146,161.625,168.37,182.354,141.261,122.67,106.911,156.772,77.529,123.098,101.928,113.114,114.335,117.947,80.173,106.231,96.855,141.491,153.996,128.199,134.767,174.36,242.181,229.452,241.518,179.573,176.329,281.606,266.729,268.799,307.208,268.844,273.73,226.865,209.076,153.963,206.624,188.2,129.744,147.673,155.98,169.963,143.751,279.909,144.229,230.254,233.547,148.878,251.408,217.023,202.114,302.134,141.909,231.437,217.787,146.846,203.962,145.906,238.732,355.444,198.712,233.391,128.376,481.539,330.542,317.709,360.658,343.273,162.042,147.435,163.425,157.904,201.316,169.999,160.497,118.063,201.77,130.235,211.169,190.176,144.378,152.308,203.134,130.68,158.317,296.131,240.129,171.955,251.217,236.99,131.343,151.124,140.731,135.682,274.643,122.292,217.58,194.822,169.962,208.627,188.008,180.172,517.529,325.736,291.408,189.373,293.14,504.942,438.296,69.113,48.318,71.94,84.777,67.899,130.662,88.131,98.763,86.403,119.622,118.453,151.98,96.262,150.766,102.185,126.88,169.709,196.883,219.158,109.646,63.88,295.682,663.401,276.729,275.675,45.249,77.708,21.514,3.012,430.633,10.327,35.57,57.909,115.324,197.839,231.126,145.798,84.601,53.259,42.068,95.28,100.652,130.481,362.063,293.409,50.885,21.833,151.823,113.586,170.635,214.584,183.707,241.995,388.399,326.68,317.399,158.868,320.988,220.043
2016-03-01,238.08,245.913,238.132,246.358,236.534,222.319,245.542,182.234,227.532,215.681,224.146,228.969,178.319,297.073,108.137,212.811,178.887,247.699,241.587,125.843,191.583,457.723,116.743,139.392,420.632,248.029,240.414,260.883,241.843,285.122,225.63,122.062,188.124,185.942,100.327,175.823,144.179,273.98,477.404,266.869,362.386,488.298,117.361,111.649,118.543,245.554,80.026,76.166,86.679,114.244,223.241,108.844,272.782,251.508,299.141,167.56,209.736,147.443,143.659,84.978,130.379,175.164,149.363,293.471,156.829,292.144,193.472,205.707,154.292,212.927,219.417,367.553,783.951,118.207,286.501,156.08,100.757,168.907,113.0,74.477,44.833,159.052,239.842,137.632,117.918,165.862,658.775,703.289,176.337,7.909,953.512,405.997,80.828,92.308,60.036,113.588,77.613,58.114,90.384,187.391,231.679,296.865,251.283,256.164,309.055,210.82,228.252,230.461,282.081,256.622,217.77,346.174,361.019,329.317,157.535,128.863,118.543,215.343,227.111,224.214,198.824,334.106,170.981,192.131,188.928,143.992,156.405,372.672,460.525,186.572,228.682,298.78,211.444,493.578,96.319,802.154,770.706,280.616,236.851,147.351,144.107,145.598,146.465,248.842,183.309,179.71,217.532,218.618,214.225,297.025,344.944,296.485,320.051,282.598,307.538,105.885,80.417,111.192,60.935,161.898,168.623,182.32,141.23,121.868,105.112,157.073,78.69,119.34,101.622,114.795,113.57,118.129,82.143,105.652,96.771,141.288,151.002,128.043,128.774,170.327,238.779,227.129,240.09,178.446,175.365,282.531,264.74,268.32,302.311,267.897,273.841,231.849,210.503,154.486,203.694,189.404,128.434,147.001,155.371,172.249,143.732,284.483,142.498,227.528,230.946,148.6,249.143,217.756,202.562,302.056,140.472,229.518,219.215,146.469,201.695,144.203,238.4,358.455,200.311,236.577,122.041,485.328,333.375,299.284,342.579,334.296,161.206,148.014,162.302,157.105,201.337,169.069,160.974,117.794,200.018,128.329,208.387,186.948,145.691,152.022,201.477,130.284,158.084,287.102,243.623,170.628,253.786,237.209,131.413,151.308,139.581,136.91,271.973,123.515,218.033,194.16,168.775,209.425,187.0,181.09,518.491,322.815,292.103,192.617,289.233,507.428,437.699,69.344,46.642,71.071,85.028,66.711,129.211,88.812,99.177,86.352,119.898,118.385,152.103,97.285,150.89,102.198,126.348,170.727,197.209,219.786,110.69,64.899,295.576,662.708,277.831,276.472,45.269,78.217,21.543,2.954,433.738,10.461,35.471,57.441,116.077,197.966,231.926,145.367,84.786,52.809,41.906,96.447,100.498,131.664,362.163,292.769,50.598,21.642,151.671,113.874,174.62,204.738,184.178,242.588,389.258,326.714,317.778,159.134,322.852,222.329
2016-04-01,238.992,246.551,239.261,246.992,237.554,223.31,246.115,186.713,228.414,216.849,224.733,229.458,179.289,297.918,107.939,213.78,188.208,247.906,242.071,125.782,194.491,459.245,117.211,139.452,420.977,248.235,240.341,261.517,242.064,285.853,226.066,121.768,188.362,188.877,100.717,185.394,144.612,274.864,483.332,268.958,363.843,489.828,118.718,110.876,118.415,246.213,79.914,76.094,86.832,114.825,223.553,108.777,273.813,250.703,296.946,168.035,210.227,147.213,145.475,85.471,132.118,184.762,154.728,294.397,155.194,293.006,193.632,205.655,155.063,215.225,220.319,368.119,785.268,119.039,291.228,155.674,101.021,169.565,114.787,73.519,44.725,159.958,238.298,137.851,115.418,166.268,666.544,704.842,173.949,7.883,952.185,407.019,80.976,92.079,60.008,113.325,77.033,58.026,90.036,186.532,231.724,297.703,251.659,255.621,306.75,212.345,227.343,232.688,283.687,239.754,218.297,341.599,357.828,323.314,159.743,129.385,118.722,216.681,227.474,224.594,199.0,334.97,181.158,200.581,196.387,143.813,156.209,372.961,463.86,187.847,228.933,299.199,212.522,497.008,96.729,804.202,773.266,281.112,237.283,148.568,145.344,145.787,146.456,248.912,185.063,181.563,220.605,221.4,214.839,297.786,345.557,298.876,321.125,283.407,308.451,106.255,81.066,111.157,61.352,162.125,168.82,182.554,141.173,122.388,110.529,154.217,79.835,118.769,103.629,114.512,112.389,120.685,81.922,105.362,93.909,142.075,152.332,127.9,127.11,173.475,243.084,226.731,240.625,177.728,176.364,282.389,267.396,271.603,310.54,270.068,271.059,228.866,210.718,157.583,204.975,190.269,129.236,148.674,156.159,174.362,143.681,289.384,144.965,228.904,229.662,147.322,254.822,218.255,203.051,301.779,140.094,230.003,220.091,147.663,202.344,143.215,239.963,355.211,197.396,238.243,119.655,488.741,332.051,289.766,334.272,329.148,163.005,149.879,163.012,158.288,204.928,170.98,163.214,117.617,199.833,129.618,209.838,191.757,145.464,152.905,203.134,130.894,157.713,292.479,244.392,170.201,254.051,239.985,131.703,154.339,140.161,136.137,279.582,123.587,218.54,194.367,168.859,210.014,187.166,181.534,519.595,318.848,292.964,196.349,289.365,510.204,437.676,68.869,46.644,70.196,84.552,66.484,127.862,90.24,98.432,85.982,118.801,118.377,150.681,96.92,150.89,102.026,126.672,171.637,197.728,220.45,110.752,65.412,296.258,662.65,273.925,275.421,45.282,77.448,21.91,2.914,435.57,10.358,34.861,56.692,116.658,198.786,232.738,148.723,85.447,51.434,41.738,97.116,100.953,132.796,364.546,291.395,50.553,20.938,152.957,113.837,174.936,206.31,184.436,243.606,388.737,327.114,317.722,159.526,324.918,223.997
2016-05-01,239.557,247.137,240.229,247.544,238.265,223.712,246.557,188.596,228.947,217.428,225.084,229.763,179.478,298.863,107.693,214.229,191.453,247.575,242.833,126.707,195.474,460.487,117.275,139.255,421.881,247.856,239.348,262.074,242.41,286.855,227.22,121.513,189.31,189.949,100.921,188.404,143.694,275.331,486.626,268.233,361.866,492.258,119.482,111.84,119.56,246.761,79.565,75.739,86.642,115.039,224.06,108.626,272.921,249.343,294.891,167.672,209.814,147.175,146.416,85.081,136.164,187.627,164.573,295.371,156.465,294.009,194.328,206.053,156.609,222.945,221.497,370.641,789.789,118.462,288.805,159.949,101.191,169.864,114.603,74.055,44.571,159.89,239.187,137.756,115.468,171.779,666.306,706.506,174.586,7.839,953.769,410.007,80.156,91.811,59.628,112.781,77.147,57.856,89.872,186.419,231.383,296.178,250.83,254.482,305.881,211.557,225.418,232.182,283.678,231.176,217.117,339.698,358.737,318.487,157.872,128.747,118.646,215.596,225.847,224.475,198.984,336.324,184.861,204.149,199.333,143.685,156.175,376.263,464.471,188.522,231.206,301.02,213.047,493.342,96.993,806.448,774.711,281.453,237.368,148.958,145.733,145.814,146.372,247.735,186.106,182.647,221.905,222.605,215.583,298.818,345.925,299.736,321.961,284.14,309.421,106.426,80.241,111.097,60.527,162.664,168.894,182.692,141.208,123.834,112.936,159.134,80.495,119.587,103.117,115.105,113.459,122.335,81.645,105.531,96.45,139.759,153.047,128.113,131.282,179.713,242.144,226.857,239.744,177.656,175.921,280.693,265.006,269.209,308.075,266.988,270.433,235.56,209.974,156.979,200.766,190.777,128.031,148.417,154.603,174.473,143.443,289.502,142.393,222.565,227.471,146.497,255.59,217.311,202.165,299.993,140.052,228.626,219.391,145.455,202.552,143.456,232.785,350.595,197.649,241.44,119.181,478.875,331.75,303.296,322.036,320.542,162.015,148.877,160.968,158.063,202.22,169.951,160.951,117.453,200.845,128.144,209.743,189.248,144.792,153.317,197.598,129.734,158.636,288.386,245.072,169.793,253.912,236.945,131.794,152.398,134.89,135.449,275.007,124.71,218.858,193.332,168.512,204.322,187.305,182.906,520.874,321.734,293.973,208.488,293.461,513.578,438.317,69.413,46.079,70.094,84.274,66.721,127.537,89.39,98.267,85.809,119.291,118.115,152.821,94.723,150.455,101.999,125.66,171.499,198.558,221.325,110.465,67.443,297.916,666.677,274.869,277.551,44.853,77.415,21.98,2.84,437.005,10.368,34.627,55.887,117.131,198.96,233.48,148.686,85.184,51.943,41.597,96.453,100.972,132.334,365.598,291.382,50.19,21.083,152.772,114.195,175.455,207.38,184.321,244.69,389.369,331.779,318.64,159.643,327.984,224.676
2016-06-01,240.222,247.54,241.018,247.794,239.059,224.268,246.873,192.899,229.567,218.149,225.17,229.972,179.948,299.729,107.29,215.183,200.364,247.42,243.515,126.276,197.236,462.09,117.398,139.197,422.915,247.683,238.763,262.529,242.509,287.819,227.698,121.41,189.783,191.731,100.516,197.305,143.822,275.563,488.639,269.444,364.501,493.458,119.359,112.349,119.559,247.276,79.369,75.542,85.84,115.725,224.201,108.74,272.745,247.683,294.849,166.68,209.96,147.046,144.887,84.817,137.367,196.44,173.207,296.306,158.643,294.913,194.521,206.255,156.775,230.486,221.68,370.868,790.762,119.326,290.014,158.967,101.538,169.675,113.014,74.726,44.033,160.866,238.469,135.65,113.074,170.357,675.052,707.572,174.803,7.798,962.838,412.499,79.429,91.57,59.095,112.043,77.114,57.337,90.107,186.643,230.956,296.7,249.9,253.199,302.151,212.11,225.094,231.122,284.493,219.598,216.471,339.661,358.205,318.967,157.832,128.285,118.003,215.527,225.744,224.717,199.02,336.512,193.136,212.784,205.369,143.238,156.235,377.678,463.671,187.817,230.324,301.408,213.542,499.12,96.825,807.534,775.675,282.071,237.713,149.648,146.435,145.452,146.151,246.776,187.877,184.513,225.139,225.546,216.254,299.913,346.734,300.527,322.588,284.977,310.354,105.999,80.049,111.072,60.065,163.059,168.941,182.746,141.241,122.944,111.695,158.932,79.208,118.348,103.869,115.857,113.12,121.946,82.057,107.415,95.908,136.567,151.185,126.215,131.428,176.554,239.806,227.774,238.723,178.541,176.262,279.182,265.829,266.711,307.373,268.212,267.7,231.525,207.746,156.095,204.229,192.342,129.524,147.098,156.2,175.42,143.429,286.529,144.341,227.917,222.694,147.003,241.6,219.892,200.581,301.47,139.469,225.164,221.314,146.454,202.117,142.511,237.167,356.368,199.292,244.607,117.025,483.636,332.163,296.081,318.838,323.002,161.499,148.459,161.445,157.582,202.122,169.186,160.907,116.915,199.67,125.658,208.705,188.512,145.095,152.248,201.81,129.585,156.706,294.733,244.494,170.057,252.873,237.605,132.123,151.161,139.605,135.311,279.315,125.613,219.042,192.384,168.575,206.008,186.065,183.002,522.631,326.719,294.876,215.295,298.715,514.313,437.858,68.498,45.459,69.54,83.994,66.998,127.977,89.25,98.841,86.031,119.877,118.064,159.438,94.858,149.754,101.891,125.366,172.013,198.699,221.881,111.667,67.292,297.97,667.485,275.227,277.602,44.496,77.135,21.644,2.752,440.125,10.242,34.515,54.68,117.963,198.459,233.748,146.881,83.844,53.122,41.187,91.352,100.939,132.834,369.364,291.979,49.671,21.649,153.171,113.329,176.303,214.256,184.498,244.943,393.27,333.681,319.181,160.622,330.956,227.691
2016-07-01,240.101,247.829,240.628,247.744,238.924,223.825,247.115,189.046,229.334,217.612,225.223,230.151,178.87,300.499,107.099,214.318,189.868,247.406,244.224,125.881,194.654,464.439,117.295,139.16,423.439,247.658,238.38,263.051,242.651,288.524,229.517,121.474,191.805,189.269,100.279,186.408,142.932,276.058,490.851,265.061,366.784,495.805,119.919,111.194,119.196,247.732,79.21,75.38,85.494,115.796,224.563,108.558,272.772,246.197,294.509,167.3,209.661,147.303,143.27,85.51,133.539,185.486,172.035,297.192,156.779,295.753,196.697,207.015,163.007,230.473,221.53,372.506,793.904,119.96,280.88,158.278,101.537,169.5,113.239,75.568,43.743,160.652,237.076,135.181,115.974,169.064,678.015,708.778,175.076,7.784,962.63,415.087,77.717,91.579,59.944,111.511,76.873,56.646,90.238,186.171,231.809,295.836,248.537,251.052,298.516,211.102,223.586,230.537,285.342,216.426,216.112,338.838,357.012,318.533,158.362,128.836,117.913,215.47,225.418,224.346,198.958,336.754,181.747,201.528,198.323,143.445,156.435,380.083,463.867,187.274,232.469,302.696,214.154,503.134,96.297,808.288,776.713,283.214,237.733,148.221,144.974,145.175,146.036,246.356,186.393,182.936,222.967,223.58,216.278,300.625,347.014,300.422,323.427,285.643,310.99,105.673,79.714,111.085,59.636,163.364,169.344,182.889,,123.031,112.507,153.882,79.882,119.479,105.717,115.596,110.834,121.14,82.177,107.402,90.942,136.548,151.567,125.789,133.882,174.063,241.97,229.139,239.359,178.547,175.735,278.926,263.732,264.155,303.788,266.83,266.073,227.712,202.03,155.179,203.706,196.443,128.167,147.017,155.163,177.092,142.337,284.692,143.442,227.605,220.23,145.622,249.136,216.744,197.001,300.06,138.071,226.619,220.02,146.602,198.759,141.713,234.357,353.241,198.458,241.106,117.276,480.591,328.488,284.513,320.366,324.709,162.333,149.125,162.449,158.012,203.224,169.802,162.185,117.388,198.417,128.159,206.867,186.778,145.185,152.645,201.91,130.965,155.681,297.713,242.401,168.551,252.335,239.655,131.853,151.036,142.032,136.709,279.017,123.639,219.147,192.982,168.14,207.282,186.009,182.861,523.617,322.222,295.715,212.482,303.43,513.569,438.607,68.554,46.665,69.876,82.58,67.009,124.208,88.65,98.511,86.307,119.998,116.996,160.696,92.413,148.53,102.061,124.423,171.853,199.156,222.41,114.742,67.195,299.3,670.815,275.658,277.989,44.205,77.278,21.205,2.674,441.679,10.366,34.42,53.859,118.214,197.731,234.491,147.166,84.002,54.295,40.778,92.934,101.886,132.198,369.887,292.555,49.494,22.185,152.388,113.095,174.501,219.448,185.331,245.326,393.168,339.14,319.693,161.149,332.23,228.381
2016-08-01,240.545,248.423,240.849,248.278,239.423,224.119,247.632,188.772,229.587,217.952,225.677,230.673,178.825,301.354,106.915,214.59,188.116,247.479,244.911,126.148,194.205,469.02,117.192,139.28,424.105,247.746,238.133,263.649,242.522,289.367,230.613,121.416,192.775,188.848,100.006,184.642,143.676,275.923,493.405,264.187,372.106,500.06,120.139,110.517,119.12,248.242,79.2,75.365,85.487,115.65,224.621,108.813,272.535,245.208,294.186,167.47,209.731,147.335,142.803,84.095,130.884,183.715,169.732,298.029,158.256,296.567,197.788,207.546,165.701,229.326,222.383,374.204,804.742,121.202,278.139,159.873,101.119,169.976,112.873,75.912,43.723,160.535,241.067,136.794,116.458,172.151,687.438,709.79,175.402,7.764,969.004,415.041,76.545,91.479,59.705,110.208,76.331,56.609,89.976,185.938,230.13,296.908,248.204,250.826,298.958,210.0,223.656,230.195,284.508,206.522,216.02,339.094,358.415,317.591,157.151,128.961,117.824,215.865,225.59,224.34,198.815,337.036,180.031,200.58,196.355,143.406,156.436,382.156,466.579,186.753,231.911,307.264,214.83,509.606,96.51,807.927,778.519,284.407,238.22,148.129,144.883,145.296,146.23,246.194,186.739,183.293,222.958,223.598,216.564,301.505,347.118,300.347,324.455,286.319,311.824,105.599,79.578,111.209,59.211,163.824,170.447,182.957,142.794,124.758,116.909,155.325,80.277,122.086,105.33,113.883,109.426,119.583,81.035,104.93,94.712,137.197,151.647,129.107,131.885,179.976,240.108,225.685,238.329,178.467,176.102,279.188,265.437,264.874,307.423,268.452,268.296,223.755,204.2,153.718,201.53,194.413,130.723,146.687,155.773,175.841,142.246,278.522,144.508,224.871,222.312,145.335,244.443,217.51,199.682,299.425,139.324,226.399,220.062,146.282,201.575,142.231,234.74,351.139,196.862,241.573,119.147,484.457,332.399,284.397,324.686,320.37,161.385,148.243,159.39,157.665,201.525,168.486,160.771,118.154,197.46,128.952,205.684,188.491,145.329,153.123,201.43,129.729,155.952,296.726,242.192,169.149,253.682,237.325,131.799,152.044,136.367,135.257,277.4,122.629,219.09,192.639,167.935,207.908,185.325,182.734,525.271,325.56,296.533,207.143,295.955,515.902,439.358,67.974,46.352,69.709,82.055,66.427,126.361,88.578,97.941,86.124,119.058,117.198,159.425,90.269,147.061,102.085,125.366,171.218,199.637,222.832,114.006,68.207,302.718,680.051,276.173,278.497,43.917,77.304,21.136,2.618,440.703,10.32,33.851,53.006,117.921,198.518,234.714,146.865,83.612,54.648,40.811,91.48,101.865,131.934,369.911,292.756,49.719,22.397,152.894,113.535,175.02,218.529,185.395,245.613,396.041,339.054,320.071,161.357,332.389,227.771
2016-09-01,241.176,248.842,241.428,248.731,240.147,224.612,247.992,192.243,230.209,218.551,225.767,230.613,179.502,301.954,106.752,215.623,193.978,247.528,245.755,125.914,195.762,469.816,117.093,138.817,425.494,247.772,237.88,264.102,242.903,290.369,232.021,121.422,194.12,190.619,100.439,190.67,142.739,275.331,495.635,261.792,374.142,500.384,119.154,110.983,118.752,248.753,78.584,74.753,85.112,115.745,225.434,109.162,272.352,245.258,293.742,166.744,209.339,147.482,144.851,83.416,131.088,189.766,173.095,299.035,158.76,297.625,199.183,209.026,166.82,230.585,223.102,374.384,805.184,122.465,275.578,158.876,100.588,170.374,112.536,75.883,43.203,161.188,242.879,137.133,114.577,169.208,693.598,710.985,175.711,7.767,970.921,416.947,78.439,91.426,59.864,110.399,75.737,56.629,90.012,186.212,230.582,295.999,248.31,250.02,298.498,208.107,223.922,231.423,286.964,205.808,216.501,338.85,359.121,316.355,156.471,128.173,118.107,216.173,225.752,223.683,198.923,337.913,185.785,204.223,201.922,143.575,156.707,382.134,467.772,186.789,231.951,307.301,215.301,514.372,97.299,809.945,779.607,284.77,238.996,149.021,145.784,145.56,146.277,246.171,188.475,185.115,225.829,226.209,216.183,302.542,346.683,299.937,324.806,287.012,312.348,106.105,79.606,110.799,59.05,164.072,171.786,182.669,143.715,122.697,113.316,156.183,79.905,118.289,104.826,114.142,106.251,119.53,80.892,107.677,96.057,139.33,151.874,129.318,131.377,175.906,241.124,226.812,237.681,177.627,176.433,281.652,262.756,267.479,300.424,265.493,266.712,218.556,204.866,153.249,200.584,187.903,129.051,147.759,154.943,178.346,143.043,278.549,143.71,223.364,219.343,146.547,251.463,217.445,200.627,300.389,141.505,226.001,217.701,145.664,203.753,144.716,232.856,345.7,200.637,246.441,118.164,503.627,335.17,280.744,326.984,318.938,160.827,146.672,159.987,157.729,200.755,167.588,160.131,117.116,198.135,128.61,207.156,187.151,146.437,150.786,200.738,129.906,156.445,295.908,242.967,168.755,251.332,237.95,131.646,152.122,140.115,136.082,273.705,123.877,219.092,192.481,168.38,208.52,186.093,183.124,526.571,326.632,297.595,212.019,295.832,517.974,439.707,67.394,46.538,68.81,81.948,65.918,127.587,88.733,98.095,86.338,119.099,117.226,157.992,92.13,150.28,102.187,124.656,171.721,197.713,222.803,113.12,67.037,303.176,681.647,276.742,277.436,43.77,77.474,21.001,2.55,439.286,10.231,33.181,51.926,117.548,198.988,235.252,147.021,82.967,54.555,40.273,89.408,102.265,133.01,370.007,294.468,48.95,22.298,152.669,114.122,175.609,220.783,184.815,246.431,396.721,340.76,320.918,161.669,335.895,229.894
2016-10-01,241.741,249.142,241.729,249.218,240.792,225.01,248.253,195.979,230.801,219.029,225.665,230.705,180.091,302.528,106.578,216.964,201.918,247.596,246.48,126.521,197.151,469.749,116.919,138.63,425.524,247.812,237.714,264.459,243.347,291.378,232.364,121.476,194.353,192.21,100.001,198.613,143.017,275.645,498.576,259.449,373.792,500.424,118.971,111.782,119.156,249.496,78.192,74.361,84.736,115.732,225.295,109.206,272.871,244.097,293.669,166.295,209.374,147.784,142.217,83.799,131.084,197.788,176.085,300.215,161.261,298.494,199.164,208.519,168.215,237.05,223.631,374.222,806.78,122.448,270.9,158.629,100.691,170.124,112.794,76.165,42.825,160.765,239.487,138.475,114.062,169.966,695.365,713.127,176.042,7.704,973.535,416.621,78.821,91.37,60.35,111.731,75.212,56.442,89.861,185.944,230.253,296.82,247.376,248.91,296.83,206.261,224.682,231.48,285.163,201.55,217.392,337.949,358.717,314.939,157.782,128.077,117.556,214.893,225.199,224.083,199.173,338.942,194.115,212.929,208.91,143.863,157.132,381.406,468.564,186.586,232.015,307.943,215.736,515.828,96.554,811.153,784.805,285.985,239.089,149.792,146.56,145.416,146.437,246.312,190.949,187.68,229.827,229.949,214.979,303.551,346.458,300.301,324.881,287.595,312.98,105.593,79.278,110.68,58.665,164.143,172.019,183.035,143.855,122.034,112.867,153.566,80.391,117.963,105.404,114.984,104.792,121.898,82.242,107.345,96.663,140.098,153.86,130.384,131.22,178.474,239.255,226.415,237.873,178.466,174.594,281.936,264.831,269.544,305.376,270.493,263.3,216.087,202.707,151.878,197.831,187.594,127.228,147.696,155.196,178.589,140.858,277.264,141.681,219.789,221.829,147.096,251.006,217.921,198.142,293.475,142.449,228.64,218.066,145.421,205.072,145.414,231.895,340.872,199.128,242.774,119.837,486.3,329.75,277.571,345.749,316.263,162.833,148.672,157.206,158.637,203.208,170.766,160.91,116.786,197.531,127.567,205.333,187.604,144.531,155.345,200.003,129.346,156.799,295.087,243.471,168.976,252.195,237.345,131.867,151.459,138.986,135.761,278.39,126.441,219.549,194.315,168.095,209.654,188.209,183.889,527.093,332.495,298.459,224.453,296.2,519.371,440.311,70.303,46.8,69.74,81.54,65.342,127.402,89.311,98.104,86.007,119.355,117.417,155.824,89.777,149.422,102.41,125.125,171.919,196.713,222.762,111.954,66.388,304.446,681.876,277.335,276.594,43.721,76.769,20.824,2.537,441.032,10.27,32.604,51.539,117.804,198.203,235.836,148.051,82.696,55.096,39.696,94.424,102.022,132.993,367.262,295.255,48.541,22.554,151.435,114.215,174.305,218.879,185.559,247.063,397.926,340.873,321.319,161.293,335.663,229.352
2016-11-01,242.026,249.481,241.353,249.227,241.133,225.079,248.531,196.372,231.092,219.131,225.716,230.93,179.833,303.279,106.337,217.026,203.24,247.525,246.985,126.605,197.331,469.914,116.981,138.813,426.045,247.741,237.438,264.699,243.277,292.227,232.169,121.289,193.914,192.321,99.391,200.002,141.855,277.348,501.868,260.827,371.54,501.489,118.4,112.467,119.394,249.94,78.265,74.428,84.496,115.974,225.548,109.32,272.989,243.807,293.819,167.061,208.408,147.737,139.975,83.177,129.344,199.22,176.334,301.223,159.879,299.459,198.706,208.136,167.549,236.704,224.493,376.18,807.186,121.847,272.902,160.373,101.215,170.541,111.999,76.163,42.746,160.198,241.534,137.926,115.276,169.385,700.418,714.182,176.386,7.733,975.11,416.587,79.84,91.152,59.208,110.926,74.964,55.619,90.007,185.185,230.016,296.837,246.937,248.578,296.559,206.017,224.166,230.215,285.533,203.283,216.479,337.972,359.694,313.966,158.109,128.432,118.24,213.867,222.311,223.348,198.799,339.566,194.806,213.077,211.135,143.889,156.98,384.11,469.2,186.797,233.076,308.063,216.225,512.98,96.393,812.207,787.361,286.386,239.395,149.473,146.236,144.881,146.108,244.878,190.825,187.541,229.674,229.82,215.009,304.464,347.057,301.747,325.557,288.343,313.848,104.961,79.161,110.856,58.393,164.463,172.163,183.031,143.923,121.982,112.046,152.0,80.142,118.501,104.282,115.865,106.854,121.781,83.045,107.459,96.498,137.842,154.265,130.431,125.458,178.439,240.258,226.983,236.484,178.731,174.966,283.871,267.241,269.528,309.038,268.49,262.824,218.119,202.344,151.899,198.873,184.808,127.455,148.006,154.007,177.875,142.088,276.593,140.49,221.122,222.375,146.019,249.394,218.747,199.856,297.368,140.69,227.038,219.51,144.142,204.119,143.14,228.393,345.645,198.11,239.514,122.619,482.541,340.326,281.249,327.633,318.056,161.589,150.158,160.696,158.915,206.592,168.646,160.631,117.235,198.789,129.004,206.262,187.776,144.658,154.433,198.264,125.746,155.844,294.394,244.294,168.93,250.225,236.856,131.38,149.478,131.313,136.619,276.25,126.37,219.924,193.224,166.892,207.127,187.455,184.051,529.697,328.988,299.43,221.808,297.571,520.865,443.343,69.298,45.455,69.842,80.819,64.575,127.768,88.118,97.857,86.129,119.09,116.258,156.541,87.073,152.056,102.404,123.542,173.092,200.411,224.594,112.848,67.23,304.659,682.888,277.909,276.54,43.576,77.465,20.97,2.427,444.877,10.175,33.157,50.721,118.751,198.492,236.784,147.067,82.077,55.092,39.582,95.262,102.13,133.789,362.945,293.455,48.129,22.553,151.859,114.161,176.012,207.658,186.065,247.959,398.492,339.966,321.767,161.467,336.201,229.485
2016-12-01,242.637,249.92,241.432,249.134,241.84,225.608,248.901,199.513,231.701,219.783,225.928,231.197,180.321,304.027,106.207,218.3,210.254,247.53,247.543,126.185,199.146,470.539,116.955,138.944,427.159,247.725,237.147,265.104,243.586,293.066,232.253,121.236,193.869,194.043,99.249,206.968,142.735,278.002,505.351,264.044,371.561,502.333,118.108,111.412,118.767,250.769,78.182,74.34,84.302,116.059,225.796,109.699,272.604,242.631,292.151,166.865,209.109,147.686,139.457,83.252,128.099,206.244,178.797,302.271,160.245,300.275,198.373,208.253,165.921,243.498,225.013,376.696,809.827,122.11,277.919,160.258,101.464,170.012,111.806,76.503,42.379,160.069,244.969,138.4,115.483,170.051,700.386,716.684,176.778,7.699,983.271,417.622,79.219,90.993,57.921,110.833,74.709,55.495,90.283,185.473,229.94,295.821,246.377,248.357,294.845,206.13,225.581,228.209,285.718,193.73,217.1,335.666,357.287,311.773,157.853,128.605,117.513,213.943,225.063,223.915,199.18,340.158,201.936,222.044,215.99,143.732,156.881,384.519,470.252,186.833,233.259,309.15,216.736,513.892,96.489,815.705,789.907,287.411,239.511,150.13,146.898,144.726,145.998,244.411,193.125,189.962,233.905,233.683,215.616,305.333,347.472,303.421,326.101,289.016,314.701,104.853,78.924,111.003,58.154,164.876,172.372,182.786,143.948,121.688,108.816,146.869,80.624,118.809,102.09,114.816,107.469,122.189,81.514,107.018,95.429,136.722,152.922,130.948,123.631,178.097,238.413,227.769,237.082,178.046,175.984,283.239,265.289,269.367,305.745,263.174,258.438,213.412,201.221,151.931,197.783,181.695,128.181,146.355,154.369,177.335,142.883,279.177,140.002,219.712,223.95,147.366,249.173,215.227,200.131,300.707,141.434,224.305,220.789,146.157,204.467,144.313,229.04,351.723,198.865,241.287,118.474,488.521,343.309,283.702,311.878,318.652,161.921,148.497,159.974,158.53,203.4,169.673,161.48,117.262,196.176,129.127,205.287,185.993,145.06,156.497,198.192,128.917,157.759,298.318,247.488,169.034,249.405,237.481,131.409,152.09,130.974,136.329,271.721,126.371,220.752,192.289,167.229,205.969,187.232,184.029,530.911,329.741,300.253,235.127,303.733,521.931,444.745,69.866,43.542,69.856,81.155,63.556,128.499,86.838,97.268,86.606,119.587,115.799,158.532,90.915,152.915,102.367,123.967,173.59,200.376,225.111,120.206,66.64,305.606,685.004,278.371,280.073,43.377,77.112,21.01,2.363,447.144,10.176,33.137,50.079,119.28,198.403,235.061,147.732,81.335,56.044,39.209,96.713,100.43,133.083,364.303,294.285,47.815,22.955,151.947,113.832,176.238,210.057,185.895,246.253,401.738,341.357,321.925,162.291,336.802,229.305
2017-01-01,243.618,250.467,242.839,250.083,242.92,226.707,249.416,205.369,232.681,221.052,226.388,231.743,181.536,304.871,106.536,219.433,221.873,247.9,248.164,126.044,202.082,471.484,117.512,139.017,427.621,248.065,237.072,266.079,244.382,293.769,233.434,121.261,194.835,197.045,99.269,218.699,142.993,279.523,509.275,265.453,374.15,502.654,118.441,111.296,118.848,250.948,78.212,74.367,84.14,116.969,226.017,109.558,272.686,244.075,287.914,166.16,209.691,148.166,138.761,83.08,128.195,217.892,185.661,303.156,160.225,300.984,199.114,208.295,168.669,250.636,226.235,376.982,810.692,122.483,280.879,160.524,102.211,170.085,111.551,76.146,42.118,161.604,243.625,137.38,115.343,170.79,690.427,717.78,176.859,7.719,984.721,419.268,78.292,91.033,59.022,111.802,74.875,56.544,90.059,185.203,229.599,297.767,245.934,247.466,294.679,205.479,223.405,228.707,285.76,220.813,218.351,330.121,353.34,304.582,156.682,127.731,117.654,214.976,224.418,224.649,200.164,340.366,213.79,233.971,226.096,144.37,157.582,384.882,469.183,187.781,234.954,309.56,217.155,515.468,96.744,815.047,792.301,288.659,243.482,151.624,148.403,144.935,146.319,245.249,195.045,191.944,237.448,236.73,217.048,306.105,348.624,305.057,326.793,289.775,315.557,104.905,78.957,111.063,58.493,165.361,173.004,182.97,143.907,122.941,111.396,152.687,81.154,120.398,100.422,114.807,103.998,124.723,80.631,106.508,94.858,136.879,154.179,129.013,130.419,177.029,237.61,225.002,237.867,177.995,174.686,285.509,265.567,272.735,306.333,269.747,259.37,211.022,200.992,153.527,197.798,177.097,124.604,146.008,155.115,178.271,142.028,281.809,141.314,219.548,227.653,144.236,241.115,218.308,199.149,299.535,142.014,228.153,220.492,148.443,205.598,144.866,233.609,338.638,198.357,246.801,114.519,501.849,335.258,273.082,299.6,312.9,160.352,148.694,159.882,157.498,202.841,167.47,160.192,116.666,197.897,128.863,206.353,186.821,144.758,152.38,200.723,128.766,155.514,298.282,247.297,168.074,250.968,239.991,131.94,151.294,137.629,136.72,275.221,126.566,221.877,193.099,168.111,208.784,186.991,183.781,532.179,329.576,300.965,243.347,311.154,525.103,446.266,70.072,45.103,69.949,81.378,64.486,129.826,87.994,97.625,86.396,119.353,116.055,156.16,94.138,150.331,102.773,124.423,173.767,199.605,224.561,118.38,65.859,306.027,684.748,278.285,284.203,43.475,77.164,20.911,2.41,450.07,10.122,32.955,50.533,120.132,198.037,236.009,147.413,81.136,55.787,38.903,95.803,100.879,132.751,371.054,298.435,47.739,22.825,151.819,113.498,176.399,221.568,186.295,247.354,402.189,348.052,322.184,162.355,333.074,226.517
2017-02-01,244.006,250.998,243.603,251.143,243.265,226.949,249.966,204.133,233.011,221.196,226.782,232.167,181.425,305.741,106.45,219.54,217.988,248.513,248.807,126.058,201.566,473.139,118.182,138.776,427.992,248.735,237.824,266.626,244.189,294.543,234.678,121.121,195.988,196.45,99.464,214.598,143.256,279.782,511.125,266.391,376.078,504.188,118.898,111.115,119.16,251.469,77.823,73.964,84.107,117.96,226.263,109.613,271.755,244.889,290.673,168.011,208.942,148.284,138.713,84.727,127.317,213.626,184.968,304.06,160.683,301.751,200.293,209.049,171.058,252.102,227.001,376.874,816.569,123.102,282.923,160.329,102.822,170.129,111.796,76.5,42.014,163.46,242.769,136.194,115.739,174.495,696.371,719.018,178.16,7.69,984.756,419.936,78.396,90.923,59.194,111.744,75.172,56.054,89.771,185.235,229.663,295.878,247.616,249.152,295.794,209.368,222.73,228.979,289.83,209.845,220.167,334.504,353.632,313.219,156.169,129.067,119.191,213.745,225.406,223.659,199.632,341.405,209.552,229.564,224.94,144.402,157.412,385.353,468.74,187.965,235.671,312.021,217.603,518.618,96.821,816.582,794.307,288.966,243.665,151.232,148.009,144.989,146.385,245.365,194.37,191.238,235.87,235.323,217.768,306.937,349.316,306.293,327.847,290.642,316.398,104.962,78.886,110.861,58.24,165.849,172.843,183.254,143.794,124.062,111.876,156.523,80.327,119.963,100.611,114.891,109.867,123.252,81.352,106.072,93.544,139.343,151.275,126.05,132.116,181.389,235.552,226.17,235.592,178.627,171.814,282.395,264.272,266.285,304.485,265.572,257.226,214.434,203.834,155.816,199.111,182.17,128.104,146.181,154.361,178.073,145.319,289.139,142.998,221.706,221.796,145.15,243.119,216.687,199.804,310.222,142.178,230.23,222.73,148.447,205.737,144.72,235.085,336.231,198.605,247.563,115.149,500.038,338.62,287.138,311.717,317.931,159.838,148.286,158.108,157.813,203.283,166.261,161.757,117.774,200.139,131.16,209.093,185.962,142.968,154.843,202.62,128.787,156.14,301.813,245.104,168.615,249.815,238.933,131.854,149.867,134.23,137.053,281.019,126.122,221.307,193.256,168.304,207.484,186.846,184.434,533.285,330.557,301.735,242.467,316.962,526.911,447.699,69.255,45.705,70.146,81.161,65.706,129.564,87.914,97.728,86.093,118.922,116.275,151.946,93.204,150.586,102.793,124.825,173.626,199.621,224.761,115.587,65.136,307.734,692.17,280.365,285.69,43.369,76.901,20.843,2.414,452.905,10.119,33.127,50.678,120.898,197.672,236.853,146.684,82.001,56.15,38.728,95.468,102.214,134.398,375.921,299.476,47.715,23.012,152.094,112.833,177.391,226.329,186.239,248.278,402.159,345.769,323.838,162.656,335.866,229.868
2017-03-01,243.892,250.944,243.801,251.29,243.054,226.607,249.995,202.528,232.866,220.66,226.431,231.753,181.311,305.619,106.073,218.794,214.955,249.02,249.098,126.397,201.165,473.685,118.234,136.392,428.336,249.244,238.387,267.055,244.659,295.012,234.39,121.195,195.58,195.974,99.384,211.556,143.797,279.6,515.074,267.362,376.44,504.797,117.369,112.613,119.212,251.829,75.25,71.415,83.846,118.202,226.301,109.271,271.674,245.303,294.153,167.577,209.984,148.053,139.232,83.83,125.688,210.69,185.393,304.888,157.517,302.365,199.95,208.767,170.545,249.799,227.36,376.602,819.59,123.227,284.341,159.755,103.234,170.167,111.271,76.081,41.606,163.52,243.07,137.64,113.744,171.964,698.235,719.999,178.741,7.667,987.91,422.278,77.156,90.909,59.499,111.645,75.676,55.889,89.683,185.353,228.459,297.205,248.625,250.663,295.12,212.736,224.621,231.309,286.497,202.193,218.236,338.85,359.586,315.869,157.475,128.873,118.564,214.636,227.376,224.677,199.855,341.685,206.418,227.564,223.696,144.075,157.249,383.965,470.065,186.664,236.293,313.215,218.3,518.47,97.427,817.116,795.935,289.445,244.173,150.895,147.652,144.995,146.328,246.104,193.372,190.197,234.527,234.47,215.406,307.421,346.404,307.092,327.228,290.577,316.298,105.02,78.288,108.853,57.579,166.073,172.85,183.752,143.775,121.849,109.266,155.656,79.528,117.186,101.311,116.071,115.693,124.093,82.097,107.454,96.384,140.837,152.512,127.327,126.812,180.851,237.782,225.579,234.1,177.539,175.787,282.159,267.471,266.699,307.148,268.205,260.161,220.233,200.702,159.689,205.247,183.655,127.468,147.827,155.185,177.881,143.539,303.729,141.441,229.138,227.734,145.597,245.316,218.97,198.665,305.929,141.603,227.839,220.451,147.506,205.185,144.31,237.264,338.659,197.635,245.409,121.393,499.065,336.538,291.218,314.412,319.545,160.454,148.893,161.219,158.422,204.071,166.483,161.114,117.692,199.723,128.697,209.102,185.407,144.202,155.569,204.478,129.79,157.236,298.368,246.64,168.136,253.425,239.498,132.194,151.452,139.094,135.942,278.36,127.649,221.55,194.033,168.468,209.889,187.306,184.375,534.17,322.992,302.35,240.619,316.429,528.282,446.987,69.093,46.202,69.69,80.892,65.765,130.076,87.378,97.637,86.062,118.841,116.763,151.568,92.971,150.423,102.623,125.414,174.299,199.786,225.406,117.287,65.737,308.17,694.491,281.227,287.591,42.818,77.074,20.696,2.406,455.576,10.045,32.825,50.756,121.421,197.618,237.091,145.503,81.941,55.681,38.416,94.033,100.229,134.381,375.376,301.994,46.993,22.8,151.394,113.301,176.939,221.56,186.281,248.419,403.573,345.706,323.806,163.473,341.465,236.886
2017-04-01,244.193,251.227,244.524,251.642,243.348,226.746,250.287,202.954,233.212,220.75,226.462,231.834,181.247,306.26,105.91,218.825,213.665,249.381,249.8,126.301,200.904,473.007,118.386,136.017,432.175,249.589,238.568,267.652,245.249,295.741,236.326,121.065,197.552,195.665,99.352,210.132,143.915,280.17,515.003,267.966,373.231,505.071,116.515,111.867,118.898,252.052,74.801,70.96,83.707,118.51,226.557,111.168,271.76,243.69,298.253,167.738,209.898,148.147,138.596,84.69,124.209,209.074,186.166,305.692,159.503,302.962,201.997,210.37,173.836,251.602,227.883,374.288,825.772,122.144,285.005,159.006,103.805,170.423,111.374,75.904,41.153,163.456,243.004,138.44,114.947,176.608,688.56,721.21,179.461,7.693,1025.961,422.836,76.964,90.73,59.384,111.305,74.858,54.791,89.866,186.287,227.6,297.043,246.852,248.908,294.774,210.017,222.349,230.537,282.898,202.723,217.821,346.139,361.374,328.876,155.427,129.024,118.761,214.014,226.904,224.754,200.612,341.854,204.369,225.12,220.536,144.186,157.232,379.886,469.289,187.283,236.293,315.817,218.693,512.738,97.459,818.894,798.164,289.814,244.609,150.685,147.422,144.922,146.323,246.842,193.249,190.012,233.986,233.767,215.933,308.148,346.306,307.57,327.837,291.273,316.804,104.915,77.85,108.584,57.434,166.343,173.023,183.544,143.819,120.344,107.109,153.949,77.363,117.688,100.956,115.29,112.922,123.491,81.221,108.774,95.801,141.741,153.505,129.087,136.659,184.525,234.315,225.253,233.893,178.554,176.275,283.46,263.827,269.502,304.125,268.69,260.834,220.266,200.526,159.764,200.865,180.404,126.521,147.576,154.098,176.624,141.336,303.247,141.233,223.876,223.044,144.802,240.551,220.066,193.527,301.808,139.988,228.19,219.063,148.116,202.245,142.813,237.889,338.537,197.638,243.891,122.595,499.626,336.409,331.262,323.318,330.5,158.626,148.379,157.437,157.455,203.028,164.462,161.677,117.67,200.831,128.674,209.559,183.652,143.741,154.975,204.622,127.157,158.085,305.0,244.403,169.014,254.475,239.943,131.885,152.782,134.758,136.641,277.777,127.155,223.044,193.433,168.605,209.496,187.058,184.595,535.267,327.586,302.947,239.822,318.905,529.834,447.129,68.671,45.889,69.558,79.732,65.537,130.001,87.653,97.849,86.01,119.924,116.658,152.719,91.678,149.36,102.578,125.592,174.693,199.556,225.334,113.832,67.163,310.27,702.443,282.327,289.37,42.896,77.616,20.507,2.398,458.198,9.861,33.197,50.776,122.173,197.805,237.657,145.603,82.046,55.692,38.057,89.185,100.904,133.96,375.633,303.136,46.449,22.861,151.053,113.706,177.536,220.854,186.747,248.932,420.029,345.865,324.773,164.202,340.512,236.228
2017-05-01,244.004,251.43,244.733,251.835,243.071,226.201,250.516,198.449,233.016,219.995,226.372,231.738,180.2,306.909,105.692,217.418,202.58,249.711,250.408,125.651,198.623,472.981,118.391,135.886,431.911,249.972,238.893,268.128,244.818,296.461,237.524,120.956,198.71,193.48,99.296,198.832,143.302,280.388,520.722,264.29,373.631,504.887,117.275,110.737,118.235,252.306,74.598,70.751,83.422,118.698,226.37,111.052,272.234,243.922,297.511,169.068,210.219,147.786,138.601,85.131,127.179,197.848,184.764,306.72,159.957,303.615,203.43,211.342,176.577,247.118,228.445,374.142,826.891,122.28,279.718,157.886,104.199,170.232,110.979,75.768,40.937,163.235,243.27,137.935,113.396,173.868,682.217,722.332,180.018,7.662,1026.125,422.764,77.824,90.578,57.829,111.207,75.302,54.818,90.233,185.862,227.732,297.588,247.784,249.048,293.8,210.289,223.851,231.895,286.817,193.459,217.826,345.024,360.572,327.438,155.461,130.099,119.068,214.418,228.414,224.899,199.576,342.957,193.638,214.831,211.945,143.652,157.141,379.207,470.955,188.446,236.293,316.213,218.589,512.582,98.114,820.22,801.646,289.86,243.685,149.151,145.867,144.597,145.957,246.836,189.878,186.492,228.864,228.97,216.274,308.891,346.398,308.569,328.423,291.881,317.379,104.736,77.366,108.536,57.14,166.721,173.025,183.365,143.816,121.687,109.529,154.636,79.962,118.249,100.126,114.1,111.751,121.227,79.407,107.26,94.939,140.005,153.116,129.712,137.654,178.816,236.09,225.388,234.055,178.625,177.29,283.151,264.563,269.561,303.56,269.638,261.397,223.396,197.072,158.95,196.067,185.612,126.638,148.43,153.336,177.507,144.521,298.842,141.359,217.654,223.245,145.453,245.085,220.501,200.771,304.519,140.3,227.026,221.153,147.55,202.879,143.061,240.183,341.931,196.982,242.321,121.689,495.059,337.951,325.013,327.894,328.616,158.162,149.352,158.016,156.982,203.722,163.891,163.634,118.278,202.335,127.757,211.935,187.025,143.28,156.028,205.449,129.519,158.373,305.174,246.168,169.128,252.379,239.302,132.383,153.307,133.648,135.425,280.67,127.249,222.747,192.214,166.697,207.949,186.552,185.057,536.454,328.549,303.585,233.216,318.466,531.505,447.272,66.572,44.138,69.794,79.35,66.257,129.76,86.837,98.498,86.352,119.087,116.882,156.054,92.404,149.586,102.35,124.578,174.766,200.296,226.159,114.056,66.659,310.278,704.078,283.273,288.973,42.361,77.342,20.279,2.393,461.05,9.938,31.951,50.239,122.861,197.631,237.301,145.575,81.44,55.679,37.812,88.762,101.452,134.226,373.372,303.459,46.318,22.822,151.39,113.26,178.41,217.558,185.489,249.019,420.017,344.984,325.191,164.417,340.568,236.704
2017-06-01,244.163,251.746,244.955,252.014,243.287,226.132,250.754,197.808,233.113,219.956,226.44,231.88,179.853,307.581,105.275,217.04,200.428,249.519,250.933,125.508,198.062,474.492,118.404,135.826,433.121,249.77,238.494,268.225,244.774,297.215,238.105,120.7,199.249,192.953,98.885,196.777,143.432,279.294,525.931,263.193,376.182,505.993,116.691,110.784,118.013,252.982,74.357,70.508,83.201,118.856,227.018,111.343,272.011,244.721,296.963,167.874,209.742,147.097,137.691,84.802,134.747,195.797,182.88,307.681,158.952,304.437,204.171,212.198,176.97,243.269,228.803,373.055,832.82,123.154,277.107,158.19,104.437,169.903,110.895,75.708,40.698,163.403,241.102,138.128,113.234,173.106,682.327,724.362,180.327,7.668,1028.777,424.852,77.785,90.447,56.974,111.237,74.53,55.411,89.997,185.731,226.536,298.046,248.801,250.391,298.839,210.142,222.012,231.781,288.247,191.313,216.676,344.188,361.795,324.454,155.505,129.252,118.641,215.648,228.474,223.945,199.179,344.436,191.581,211.968,210.138,142.925,156.628,377.747,471.468,185.586,236.087,318.606,220.864,517.217,98.086,823.021,804.275,290.22,243.541,148.762,145.471,144.43,145.88,246.227,189.278,185.902,227.98,227.765,216.514,309.723,346.533,309.612,328.87,292.52,318.046,104.223,77.691,108.438,57.465,166.959,167.094,183.979,138.592,121.61,108.936,154.107,79.616,118.569,96.207,114.043,110.213,123.645,80.344,105.711,95.432,138.805,153.919,129.289,133.54,179.255,234.638,224.51,232.984,180.154,176.465,282.617,264.59,266.862,305.874,269.047,268.889,231.152,200.495,159.223,200.896,183.292,126.354,148.77,150.759,179.135,144.967,300.601,141.455,223.906,217.378,144.096,246.893,220.505,201.599,304.072,139.847,226.464,219.051,146.108,200.806,143.007,239.477,342.737,198.125,251.281,119.646,526.245,337.127,297.782,331.933,327.438,157.967,149.769,156.92,157.114,205.207,163.709,162.114,117.833,199.627,127.469,208.964,188.663,144.109,155.881,204.59,129.785,159.123,303.989,244.601,167.385,250.644,238.551,131.987,152.483,131.829,135.023,277.889,126.369,221.892,191.963,166.314,207.641,186.393,185.702,537.23,326.102,304.426,224.542,318.033,532.309,448.046,66.391,43.214,69.777,78.196,65.856,130.406,86.643,98.405,86.122,118.553,117.15,151.581,90.169,149.643,101.939,124.661,173.177,200.329,226.985,114.837,65.147,312.87,708.373,283.778,289.112,42.561,77.169,20.435,2.435,462.685,9.965,31.46,50.448,123.113,197.011,237.29,145.689,81.231,55.676,37.502,91.156,100.563,134.452,372.971,304.311,46.01,22.971,150.434,113.336,178.873,214.827,185.73,248.891,421.142,349.127,325.291,164.995,341.323,237.42
2017-07-01,244.243,251.985,244.786,251.936,243.314,226.063,251.018,195.994,233.114,219.777,226.553,232.063,179.472,308.083,104.749,217.026,196.403,249.937,251.21,125.368,196.903,476.279,118.847,135.692,434.033,250.185,238.904,268.649,245.233,297.676,238.254,120.448,199.31,191.8,98.361,192.711,143.592,279.605,528.26,262.071,380.302,506.889,116.481,111.468,118.234,253.351,74.121,70.271,83.054,119.592,227.509,111.461,271.314,246.283,296.969,167.772,209.919,146.198,136.872,84.803,135.678,191.889,179.902,308.49,153.378,305.221,204.338,212.955,175.428,240.827,229.186,373.13,835.838,124.57,274.97,158.979,104.67,170.506,111.115,75.857,40.332,164.813,241.084,136.553,113.081,171.807,691.689,724.95,180.606,7.608,1030.729,425.931,77.977,90.002,57.205,110.631,74.297,54.172,89.647,185.2,226.717,296.767,250.45,252.969,301.852,210.79,226.48,231.926,288.229,191.698,217.766,344.505,364.17,322.62,154.997,129.114,118.451,216.592,229.392,223.863,199.743,343.804,187.721,209.173,206.586,141.711,155.943,377.989,472.233,184.871,236.129,319.856,221.467,524.056,98.539,824.169,805.615,290.091,244.311,148.103,144.786,144.196,145.716,247.134,188.756,185.311,227.173,228.557,216.374,310.138,347.07,310.184,329.438,293.045,318.581,103.639,78.302,108.239,57.793,167.19,164.94,183.991,,120.357,106.155,150.691,77.942,119.88,100.115,114.709,110.099,127.384,80.182,106.48,96.185,137.338,151.058,127.926,137.517,175.156,236.276,225.284,232.426,177.622,176.088,282.112,265.026,265.523,304.595,272.374,273.687,229.692,201.831,159.938,206.664,182.725,126.403,149.287,149.717,178.004,144.936,302.404,142.225,230.605,228.985,146.592,246.386,221.486,201.301,304.456,139.823,227.817,221.124,148.017,200.936,143.055,242.47,346.445,195.758,253.991,120.501,524.809,339.559,281.293,331.511,327.949,157.622,148.82,157.384,156.104,203.797,163.594,161.445,117.881,199.212,128.96,208.69,188.882,144.924,156.325,206.403,131.783,158.806,304.811,245.805,168.218,248.967,239.294,131.72,152.767,136.005,136.2,279.742,127.543,222.105,191.655,167.28,207.232,186.194,185.921,537.993,312.857,305.214,220.152,320.201,533.377,448.328,65.994,43.786,68.941,78.062,65.408,130.492,86.445,98.127,85.715,117.579,117.63,154.566,87.142,149.78,101.313,124.148,173.122,201.594,228.933,116.422,65.909,313.806,711.583,284.312,287.782,42.973,75.92,20.102,2.393,464.989,10.098,31.014,49.974,123.567,197.468,238.588,145.661,81.605,55.524,36.987,92.695,102.224,135.363,378.366,304.327,45.301,22.909,150.343,114.034,179.374,218.43,185.921,250.39,421.811,348.267,325.796,165.68,343.711,239.235
2017-08-01,245.183,252.535,245.519,252.46,244.355,226.902,251.527,201.45,234.053,220.74,226.72,232.241,180.41,308.982,104.561,218.798,208.258,250.21,252.086,125.39,199.59,477.199,118.929,135.614,433.328,250.469,238.804,269.522,245.337,298.904,238.492,120.6,199.444,194.737,98.237,204.559,143.368,280.488,533.608,260.037,381.114,507.84,117.047,111.38,118.463,253.49,74.002,70.147,82.563,120.022,227.105,110.944,272.102,246.4,296.781,167.289,209.803,146.097,136.875,84.336,133.307,203.585,185.016,309.608,158.478,306.229,204.067,212.935,174.435,250.736,229.664,374.715,837.282,124.838,270.846,158.694,104.969,170.714,110.166,75.884,39.99,165.221,239.954,135.737,112.368,173.988,690.041,725.462,181.059,7.569,1029.619,425.575,76.832,90.029,56.91,111.008,74.859,53.551,89.334,184.663,227.219,297.819,250.34,252.669,301.58,212.026,224.037,232.404,288.024,194.898,217.08,344.143,362.518,323.607,155.137,129.295,116.643,216.24,228.44,223.918,199.92,344.593,199.415,220.532,216.087,141.521,156.05,378.99,473.869,187.432,236.129,320.553,220.676,526.105,98.057,823.502,807.644,290.67,247.105,149.25,145.954,143.976,145.469,247.082,191.762,188.432,231.846,232.223,216.28,311.481,347.598,311.071,330.016,293.888,319.594,103.578,77.593,108.267,57.129,167.448,172.774,185.074,143.069,120.027,107.068,149.489,78.417,119.924,107.701,114.33,111.615,122.525,80.076,106.606,97.343,138.72,149.361,126.444,139.872,177.149,236.285,223.789,234.365,179.221,174.993,282.774,265.494,268.792,302.174,271.147,273.406,224.824,201.609,163.298,203.471,186.454,124.504,149.715,149.699,178.038,144.267,314.382,142.335,226.431,228.662,145.14,245.134,222.9,201.299,303.257,138.796,229.206,220.256,146.965,198.964,142.367,244.571,349.549,195.153,251.556,119.474,516.477,338.476,289.485,330.064,327.917,158.239,149.263,156.179,156.394,203.49,164.669,161.116,118.322,196.051,127.118,204.093,188.451,144.943,156.136,207.308,129.708,157.301,304.532,244.826,167.173,252.565,239.567,131.155,153.076,135.346,137.584,278.254,127.015,222.746,192.246,167.32,206.512,187.181,186.491,538.002,324.909,306.227,226.59,322.723,534.697,448.717,65.34,43.526,69.108,78.605,65.894,130.516,86.753,97.919,85.171,117.121,117.263,157.139,87.476,148.049,101.267,124.169,173.357,202.361,229.664,115.779,65.822,314.489,711.217,284.919,290.473,42.451,75.835,19.906,2.354,466.855,9.829,30.783,49.298,124.172,197.378,239.503,143.375,81.565,55.596,36.585,93.885,101.734,136.08,379.077,303.153,44.911,22.918,151.374,113.086,181.172,216.44,187.196,251.325,421.034,346.046,327.137,165.555,344.346,239.951
2017-09-01,246.435,252.812,246.819,252.941,245.745,228.34,251.816,212.723,235.36,222.421,226.698,232.358,182.311,309.625,104.557,222.321,232.375,250.587,252.603,125.759,204.503,477.19,118.947,135.777,434.057,250.826,238.852,270.353,246.001,299.711,238.784,120.307,199.627,199.898,97.634,229.145,143.165,282.203,536.015,259.988,377.869,509.039,117.119,110.915,118.799,254.117,74.007,70.144,82.534,120.066,227.454,111.386,271.729,246.196,297.435,167.602,210.055,145.747,135.033,84.311,129.709,228.252,199.803,310.346,159.453,307.061,203.857,213.083,173.191,260.479,230.179,375.17,839.67,123.726,268.659,159.73,105.176,170.498,110.678,76.321,39.905,164.789,242.308,136.187,119.714,175.579,682.696,727.762,181.505,7.542,1031.891,425.519,77.311,89.684,57.909,110.815,74.522,52.905,88.923,184.308,227.58,297.281,249.712,252.075,299.336,213.242,223.282,231.866,287.049,200.45,216.371,345.29,364.909,323.451,154.835,129.298,117.734,215.8,228.446,224.373,200.633,344.413,224.135,239.531,236.585,141.005,155.773,379.169,475.033,187.289,237.209,321.472,221.171,522.018,96.731,826.96,810.501,291.021,247.543,151.652,148.389,143.61,145.282,247.431,197.843,194.8,241.926,241.181,216.506,312.378,348.016,311.749,330.584,294.588,320.32,102.956,76.898,108.504,56.653,167.718,175.993,185.586,146.081,119.889,108.621,153.397,77.478,118.172,105.094,113.899,109.633,121.097,80.038,107.053,96.739,138.925,154.459,126.231,139.385,180.057,235.615,224.457,234.344,178.051,175.086,281.738,266.569,266.15,304.914,270.141,273.077,223.994,198.065,164.794,199.716,185.582,126.461,149.223,150.205,176.654,145.146,317.544,143.609,222.367,231.943,143.402,244.825,222.132,202.47,304.647,137.72,228.232,218.823,147.406,198.253,141.337,243.272,359.59,188.475,253.136,121.229,527.598,338.834,288.115,328.547,328.796,157.883,148.308,157.139,156.061,202.659,164.195,162.093,117.849,198.913,126.761,206.61,189.039,144.316,155.303,205.819,128.991,158.971,304.808,250.337,166.556,250.988,239.847,132.105,153.126,137.624,137.093,277.387,127.291,224.406,192.43,168.122,206.079,187.154,186.443,538.648,327.155,307.062,245.085,328.589,536.169,449.008,66.102,44.768,69.066,78.352,65.801,128.353,86.133,97.821,84.842,116.911,116.674,156.88,88.143,150.722,101.014,123.976,174.759,200.344,229.066,114.363,66.191,314.687,713.589,285.599,291.602,42.19,75.788,19.822,2.326,468.214,9.738,31.173,49.016,124.534,196.569,240.251,144.143,81.881,55.975,36.475,93.308,102.457,136.148,375.84,304.319,44.852,23.087,150.377,112.986,180.337,216.289,187.586,251.852,421.894,345.431,327.127,165.685,344.64,240.375
2017-10-01,246.626,253.526,246.663,253.638,245.932,228.179,252.455,208.328,235.538,222.173,227.192,232.676,181.841,310.468,104.278,221.35,223.718,250.816,253.292,125.961,203.282,477.671,118.85,136.113,436.252,251.048,239.02,270.658,246.335,300.814,238.448,120.283,199.087,198.601,98.164,220.121,142.213,283.257,539.144,260.256,377.038,510.005,117.578,111.515,119.114,254.756,74.187,70.313,82.353,120.04,227.947,112.478,271.081,247.553,297.921,167.57,209.684,145.474,137.803,85.175,124.826,218.99,201.137,311.33,163.832,308.001,203.244,212.221,173.31,261.249,230.838,375.736,842.773,123.453,268.229,162.177,105.093,170.621,110.621,76.123,40.011,164.659,237.689,135.901,117.016,175.649,686.535,729.474,182.044,7.548,1047.932,425.643,78.948,89.448,58.157,110.346,74.158,52.317,89.081,184.717,227.357,296.082,250.37,252.606,298.849,213.659,225.354,232.254,288.77,211.314,216.341,346.051,365.066,324.84,154.764,129.048,118.475,214.78,228.466,224.04,201.027,344.673,215.008,233.031,229.081,140.648,155.513,379.072,475.725,187.714,237.717,322.6,222.489,520.35,96.907,828.833,813.243,291.495,247.63,150.945,147.659,143.92,145.292,247.806,196.196,193.052,238.689,238.244,215.945,313.477,348.451,312.971,330.999,295.352,321.304,103.466,77.158,108.763,56.798,168.105,171.643,185.758,140.171,121.919,110.402,157.437,76.536,121.542,100.271,114.547,109.642,121.653,79.941,109.977,97.126,139.16,154.276,125.245,142.064,180.055,237.751,223.976,233.961,176.99,175.544,281.384,264.656,266.77,303.511,267.902,269.807,218.92,199.71,162.879,205.352,186.171,127.286,149.382,150.373,175.619,146.5,310.114,144.712,228.376,233.658,144.982,246.496,222.366,202.916,308.793,138.036,230.499,218.328,146.527,195.503,142.493,242.374,350.524,189.561,258.699,119.992,542.704,340.773,299.211,330.765,330.373,156.448,148.947,156.837,155.142,205.221,163.446,162.448,117.436,198.472,129.462,207.049,188.604,143.893,156.062,205.051,128.567,159.962,303.684,248.128,166.992,252.132,239.097,131.804,151.731,139.427,137.565,275.261,127.675,224.129,193.403,168.754,206.783,187.463,186.358,539.609,337.416,308.005,250.64,328.793,536.981,452.196,66.476,44.971,68.237,78.651,65.133,127.807,85.668,98.023,84.909,117.605,116.959,164.956,89.328,152.823,100.776,122.609,175.629,201.361,228.694,116.192,66.803,316.031,714.628,286.347,294.369,42.284,75.773,19.579,2.274,468.171,9.885,31.096,48.503,124.581,196.766,240.322,144.562,81.522,55.863,36.47,96.799,102.685,137.016,373.062,304.661,44.929,23.01,149.996,113.371,179.782,215.19,187.525,252.117,428.594,345.577,326.99,165.723,344.849,240.545
2017-11-01,247.284,253.816,246.669,253.492,246.668,228.86,252.723,213.047,236.219,222.974,227.298,232.755,182.578,310.99,104.423,222.512,233.386,250.996,253.798,125.024,205.698,477.791,118.621,136.449,436.352,251.195,238.94,271.152,246.972,301.43,239.212,120.291,199.718,201.191,98.5,229.75,141.474,282.502,542.965,259.307,378.328,509.686,116.829,110.201,118.11,255.516,74.335,70.452,81.841,120.033,227.997,112.502,270.714,247.049,297.377,167.237,210.266,145.901,138.261,86.12,122.664,228.908,207.419,312.295,160.688,308.79,203.556,212.79,172.872,270.037,231.604,375.321,844.568,123.872,266.421,159.568,104.745,170.037,110.49,76.207,39.563,164.752,240.555,135.367,115.022,177.192,696.688,731.197,182.513,7.537,1048.219,426.179,78.021,89.372,56.567,110.311,73.583,52.83,89.214,182.199,227.163,295.071,249.945,252.347,300.632,212.451,223.576,230.366,289.918,209.723,216.678,345.453,366.374,322.253,154.424,129.069,117.288,214.994,228.652,224.811,201.57,345.135,225.131,245.202,238.065,141.28,155.636,377.037,476.679,188.576,238.243,323.368,222.783,522.411,97.013,830.875,816.494,292.011,247.945,151.873,148.59,143.734,145.026,246.651,198.067,194.966,242.787,241.715,215.985,314.181,348.959,313.678,331.449,295.966,321.847,103.728,77.111,109.063,56.439,168.33,171.549,186.439,140.138,121.594,109.625,151.304,78.451,122.373,99.251,113.354,107.559,122.084,78.987,107.152,95.307,138.282,152.956,124.824,139.536,180.199,237.812,223.375,233.801,177.923,175.678,282.524,263.537,264.751,300.615,264.915,270.559,219.191,201.968,161.109,201.912,187.552,127.176,149.111,149.264,178.088,146.0,300.551,145.023,225.205,230.281,144.623,244.586,222.599,204.035,305.422,138.309,229.729,218.405,145.66,198.189,142.53,245.781,348.352,191.184,262.783,121.939,541.397,342.914,298.787,325.932,327.655,157.479,146.731,156.515,154.674,200.895,164.906,161.67,117.739,196.742,128.449,204.245,188.518,144.823,157.076,205.173,127.624,160.68,293.522,249.794,167.551,254.01,239.925,131.698,150.122,136.757,139.348,277.264,126.995,224.5,192.091,168.738,205.194,186.314,186.723,540.121,329.937,308.797,263.132,333.243,538.716,453.82,64.66,42.956,69.165,77.864,63.899,128.91,84.795,97.695,85.178,117.014,114.048,166.342,84.149,151.618,101.079,121.391,175.313,199.555,229.103,117.419,65.361,317.157,714.962,287.016,296.416,42.04,75.896,19.569,2.247,468.684,9.894,29.357,47.509,124.425,195.369,240.863,144.293,81.477,56.014,36.039,96.025,101.981,136.893,373.318,305.855,44.59,23.096,148.498,113.191,180.805,212.807,187.525,252.599,428.776,346.003,327.202,165.884,345.629,240.756
2017-12-01,247.805,254.344,246.524,253.558,247.19,229.202,253.249,213.574,236.713,223.274,227.561,233.046,182.758,311.887,104.798,222.527,233.769,251.49,254.575,124.234,206.332,478.891,118.669,136.532,435.831,251.716,239.371,271.811,247.086,302.428,240.093,120.303,200.562,201.822,98.876,229.898,141.979,283.107,546.549,259.919,380.087,510.529,116.781,108.883,117.262,255.747,74.36,70.471,81.449,120.352,227.736,112.034,270.85,249.975,296.666,167.004,210.191,146.79,138.123,86.583,123.102,228.888,208.482,313.462,160.654,309.822,204.239,213.172,174.413,275.414,232.042,375.712,847.805,124.483,267.054,161.028,104.469,170.173,110.664,75.256,39.153,165.712,240.155,134.921,115.5,175.241,687.646,732.399,182.88,7.515,1046.785,426.741,77.306,89.477,56.709,110.075,73.998,53.446,88.992,183.598,226.551,295.417,251.962,254.245,305.23,212.759,223.783,233.965,290.08,225.02,216.172,344.878,365.292,322.211,153.64,128.171,118.951,214.975,228.584,224.718,201.709,346.189,224.654,244.72,238.85,141.982,156.608,377.734,477.403,187.999,238.09,324.727,223.285,525.385,97.192,832.401,819.101,292.316,247.858,151.924,148.639,143.742,145.052,246.92,197.873,194.799,242.909,242.385,216.65,315.168,349.644,314.938,332.024,296.695,322.767,104.107,76.362,109.238,55.961,168.607,176.279,186.869,145.934,121.475,110.075,150.042,76.797,119.984,98.402,111.393,104.066,122.701,77.101,105.705,96.758,133.372,154.841,124.518,132.805,179.453,236.897,224.079,233.233,178.115,177.755,282.694,262.887,265.101,300.091,263.187,271.142,219.989,206.405,160.922,204.001,183.583,127.949,151.159,153.101,176.965,146.258,300.323,145.243,228.392,229.623,144.508,248.658,225.225,205.743,303.765,137.591,228.526,218.71,145.268,197.562,141.758,245.477,341.222,194.545,259.926,121.396,530.073,344.251,294.311,344.797,326.225,155.231,148.186,155.057,153.502,202.246,161.867,160.656,116.828,199.586,129.257,208.121,189.846,145.607,155.67,205.885,127.617,160.672,294.81,247.413,167.778,250.755,241.022,131.638,152.212,136.383,140.318,276.204,127.442,224.781,190.24,168.267,203.18,184.823,187.153,541.678,329.715,309.832,270.955,334.182,540.147,453.596,64.791,43.472,69.344,79.059,63.347,131.05,81.617,97.01,84.839,118.061,114.612,163.848,86.228,150.147,101.699,122.385,175.132,198.166,228.74,119.013,65.918,318.273,717.97,287.472,299.254,41.353,75.928,19.959,2.222,467.678,9.755,27.777,46.559,124.351,195.218,241.631,145.577,80.914,55.036,35.591,94.933,102.817,138.108,373.42,310.611,43.713,22.657,149.028,112.699,180.94,211.856,188.39,253.357,428.068,345.87,327.777,165.998,347.02,240.261
2018-01-01,248.859,255.204,247.867,254.638,248.301,230.339,254.078,216.855,237.727,224.497,228.439,233.93,183.957,312.764,104.71,223.982,240.777,252.116,255.117,124.855,208.964,480.797,118.773,136.594,437.687,252.377,239.854,272.772,247.248,303.213,239.677,120.659,199.906,204.559,99.521,236.538,142.562,283.305,552.617,260.358,380.846,512.784,117.47,110.686,118.31,255.949,74.362,70.473,81.216,120.667,228.771,112.55,272.389,249.003,298.904,166.857,210.735,147.787,138.559,87.673,124.75,235.325,215.013,314.531,158.539,310.637,203.096,213.085,170.458,286.177,232.771,375.975,857.19,124.721,266.194,162.345,104.453,170.891,110.878,73.943,38.68,166.233,240.284,133.664,116.542,171.172,686.318,733.083,183.543,7.532,1050.073,428.192,78.155,89.527,58.17,110.844,73.877,52.185,89.16,184.707,226.877,298.582,250.832,253.7,302.074,214.179,224.085,231.017,289.266,226.224,216.779,347.411,369.633,322.872,154.951,128.716,117.171,217.689,228.265,224.986,201.299,347.864,230.205,248.55,242.107,143.223,157.586,379.077,476.486,189.615,237.027,328.635,224.03,527.767,96.4,832.775,821.456,292.437,248.117,153.188,149.919,144.243,145.541,248.099,199.162,196.2,245.171,244.143,216.856,315.979,350.146,317.514,332.783,297.46,323.842,104.706,76.732,109.244,56.343,169.021,176.464,188.329,145.969,120.972,109.76,148.966,78.789,118.525,102.03,113.862,99.218,124.676,79.349,107.398,94.787,136.262,149.699,124.61,135.959,173.618,237.005,222.5,233.876,177.242,177.276,288.664,265.055,273.618,301.685,269.949,268.855,224.064,202.331,161.346,201.121,186.512,128.366,148.844,150.515,179.25,145.189,305.498,144.139,225.069,231.22,143.79,247.809,220.803,203.63,302.859,137.082,230.754,222.203,146.485,196.448,141.076,244.972,343.192,195.248,260.861,122.516,528.468,338.523,283.713,350.135,326.284,159.703,146.516,155.042,155.859,201.072,167.594,160.821,117.955,195.746,129.468,204.584,189.897,146.172,156.216,206.451,127.49,159.144,297.959,246.687,167.953,252.838,242.681,131.529,154.979,137.562,140.554,277.118,126.924,224.012,191.51,168.631,205.305,187.025,188.205,542.692,324.044,310.641,298.173,338.587,542.479,453.354,66.063,45.01,69.403,79.608,63.748,129.018,81.288,98.052,84.972,116.67,117.872,162.943,90.708,149.933,101.473,123.077,175.29,201.048,229.472,,66.42,322.327,727.708,287.943,303.63,41.455,75.919,20.308,2.15,467.67,9.693,27.972,45.796,124.61,196.085,242.558,145.953,80.994,53.552,34.934,99.87,101.886,138.316,374.702,312.298,42.949,21.975,149.855,112.927,180.433,216.334,188.187,254.642,429.313,349.586,327.463,166.494,346.085,241.69
2018-02-01,249.529,255.711,248.991,255.783,249.089,231.049,254.494,220.141,238.39,225.385,228.91,234.432,184.378,313.684,104.694,225.036,244.927,252.038,255.827,125.839,210.466,481.6,118.916,136.314,438.306,252.264,239.187,273.435,247.648,303.784,241.918,120.958,202.115,206.109,99.543,240.955,142.807,284.032,560.327,260.881,381.975,513.474,117.5,111.637,119.15,256.37,73.983,70.117,81.119,120.952,229.218,112.434,271.446,249.041,296.615,166.36,210.388,147.386,138.643,88.773,126.732,239.767,218.559,315.162,158.83,311.213,205.629,213.217,179.673,281.993,233.609,377.129,860.348,125.079,266.402,162.974,104.409,170.64,111.118,74.612,38.799,166.809,240.441,135.094,116.883,175.022,693.578,733.988,182.369,7.474,1049.343,430.405,77.52,89.486,58.569,110.577,72.941,52.084,89.578,184.438,226.731,297.046,250.47,253.0,301.812,213.139,223.285,231.909,288.362,231.965,216.262,344.263,365.469,320.791,154.584,128.53,116.733,217.059,229.077,224.488,201.698,348.51,234.382,254.252,249.287,142.761,157.06,380.47,482.84,189.962,235.056,329.701,225.022,529.279,96.679,833.246,824.016,292.904,248.243,153.768,150.501,144.361,145.665,247.369,201.625,198.695,248.14,246.94,218.194,316.645,350.232,320.209,334.211,298.52,324.616,104.586,76.562,109.022,56.001,169.371,176.525,188.343,146.025,120.905,107.616,150.677,78.987,117.761,104.658,115.419,101.817,127.197,80.722,107.441,92.685,138.757,146.591,126.58,137.58,177.366,240.179,219.211,235.223,176.251,176.279,288.306,263.241,273.048,298.719,268.463,267.776,224.233,202.219,161.383,198.071,187.079,127.412,149.787,148.789,179.712,142.329,304.613,144.529,219.742,231.321,143.158,246.842,223.218,197.556,298.205,137.271,228.471,217.808,146.506,196.316,141.423,243.847,342.366,197.969,263.818,120.145,536.232,340.499,280.38,335.466,324.705,157.278,147.833,156.971,153.538,200.987,165.412,161.343,116.961,194.999,128.987,204.353,187.857,145.931,156.184,204.69,128.761,160.448,299.542,246.417,166.904,252.378,240.002,132.211,154.484,137.788,139.342,273.17,128.592,224.207,191.159,170.49,202.921,187.42,188.89,543.652,324.64,311.217,292.718,336.85,544.461,454.915,67.491,44.963,68.456,77.73,64.09,129.639,82.776,98.75,85.054,116.659,117.391,165.627,86.107,149.188,101.281,123.555,175.8,203.08,230.024,,66.609,323.207,729.28,285.763,304.142,41.278,75.266,20.206,2.089,468.92,9.642,27.093,44.923,124.925,195.963,241.9,147.459,80.309,54.728,35.17,98.047,100.628,137.874,379.501,310.859,43.207,22.609,150.156,112.162,182.198,222.385,188.349,253.687,429.188,358.637,328.929,167.238,338.947,231.119
2018-03-01,249.577,256.271,249.554,256.61,249.128,230.736,254.985,215.72,238.371,224.982,229.218,234.804,183.752,314.414,104.957,224.187,236.644,252.154,256.508,126.489,208.649,483.078,119.01,136.19,439.269,252.365,239.149,273.733,247.957,304.812,241.577,121.154,201.636,204.067,99.456,232.476,143.254,283.656,560.022,263.091,381.804,515.505,117.504,111.362,119.218,256.384,73.856,69.988,81.374,120.912,230.011,112.184,271.76,250.248,294.77,166.739,209.911,147.475,138.212,88.242,129.003,231.325,215.972,315.885,161.714,312.207,205.143,213.155,178.008,281.306,234.041,378.751,862.929,125.107,268.183,163.061,104.342,170.964,112.143,74.807,38.674,166.635,244.725,138.041,119.403,176.148,695.459,733.941,182.792,7.438,1046.45,434.048,77.064,89.529,58.082,110.177,73.873,52.369,89.709,185.164,226.184,298.962,251.542,253.671,302.528,213.121,224.832,232.964,291.314,235.107,216.295,341.76,361.578,319.739,154.228,128.557,117.221,217.177,227.686,223.985,201.687,348.872,226.038,249.319,245.428,143.006,157.187,380.766,488.315,189.313,236.938,330.759,225.351,528.167,97.575,831.53,826.498,293.339,248.435,152.927,149.636,144.49,145.877,247.165,199.751,196.725,244.987,244.092,218.143,317.73,350.388,320.599,334.876,299.225,325.461,104.535,76.295,108.948,55.699,169.599,176.424,187.884,146.028,121.126,106.651,152.788,79.134,118.71,104.103,114.627,104.483,128.246,79.877,105.88,95.011,141.614,151.973,129.305,136.671,180.487,237.297,220.063,235.127,179.796,177.659,287.58,263.632,270.562,299.731,265.912,270.452,223.681,202.034,161.693,198.898,185.371,127.807,150.98,147.456,182.032,145.538,303.665,146.17,221.549,232.034,144.841,249.179,224.908,207.423,300.442,136.294,229.737,220.469,146.739,194.838,140.607,236.421,336.195,199.713,264.886,117.541,529.883,336.909,283.654,332.093,323.05,156.511,146.792,155.318,149.678,200.701,165.211,161.411,116.996,196.505,128.167,204.602,188.036,146.384,155.746,203.651,127.705,159.163,299.8,241.498,167.72,251.248,239.849,131.695,154.211,135.054,139.186,274.706,128.134,224.675,191.521,170.05,203.162,187.766,189.803,545.076,331.205,312.213,288.737,337.316,545.668,455.23,65.304,44.679,68.417,78.104,64.77,131.693,84.929,98.724,85.415,117.282,118.677,164.267,86.28,149.189,101.375,123.529,174.545,204.518,231.054,,67.677,323.472,732.618,286.432,304.812,41.249,74.933,19.785,2.067,468.976,9.653,27.048,44.725,124.917,196.253,242.51,149.754,80.376,55.549,35.091,96.663,100.332,138.748,376.109,311.862,42.923,23.018,150.254,112.456,182.049,214.867,188.349,254.443,427.487,360.741,329.243,168.002,346.192,232.932
2018-04-01,250.227,256.63,250.546,257.025,249.801,231.295,255.363,219.165,239.027,225.551,229.282,234.905,184.54,314.9,104.611,225.451,244.208,252.661,257.232,127.326,209.542,483.577,118.771,136.198,442.553,252.867,239.541,274.393,248.526,305.72,241.403,121.825,201.237,205.224,98.758,239.868,142.847,284.367,561.223,259.415,380.479,516.618,118.883,112.559,120.303,256.694,73.791,69.916,81.367,120.557,231.585,112.702,271.705,251.733,295.556,166.408,209.883,145.964,137.876,87.743,128.114,238.803,221.695,316.96,161.391,313.169,204.32,212.516,176.687,291.357,234.873,379.225,864.05,124.672,266.465,162.529,104.003,171.724,112.198,75.37,38.242,165.947,245.985,137.737,120.434,174.987,691.264,735.072,183.516,7.42,1056.874,440.076,77.444,90.075,58.254,111.418,74.982,52.077,90.123,186.245,227.116,297.276,252.101,254.028,305.031,211.426,225.011,233.085,293.509,249.78,216.617,342.682,363.346,319.78,154.62,128.647,116.37,215.453,228.773,224.144,201.946,349.289,234.047,255.442,250.302,141.727,155.631,381.076,489.547,189.464,237.43,331.289,225.727,526.345,97.225,832.953,828.699,293.917,248.488,153.777,150.487,144.466,145.897,248.373,201.478,198.536,247.49,246.392,217.288,318.682,350.562,319.913,335.116,299.722,326.07,103.812,76.297,108.956,55.804,170.071,176.305,192.251,146.001,121.44,107.946,152.224,79.984,118.247,107.091,115.572,109.958,132.164,80.812,105.785,97.483,141.355,155.49,126.929,138.534,179.686,240.493,220.762,236.422,177.41,177.645,285.077,264.165,265.448,299.691,268.419,273.149,227.589,204.325,159.193,200.646,190.688,126.611,151.21,147.06,183.506,147.037,297.329,145.254,224.179,236.558,144.135,248.892,225.83,204.755,306.963,136.81,230.234,219.48,146.689,195.548,141.307,246.121,340.045,197.638,265.713,118.695,528.193,337.604,284.503,328.706,324.982,158.376,146.768,157.42,154.558,198.753,166.248,161.661,116.991,194.228,128.895,202.661,187.092,144.381,156.055,206.804,127.391,159.652,299.051,243.749,166.835,252.327,240.275,131.652,152.161,136.855,138.993,273.439,128.031,224.769,191.303,170.925,202.473,187.349,189.6,546.273,330.363,313.179,293.991,340.03,546.892,458.722,66.175,44.464,68.53,80.915,65.166,131.648,85.497,98.94,85.77,118.461,118.821,163.15,94.18,150.093,100.971,122.614,174.88,204.81,231.662,,67.365,323.694,733.791,287.591,305.837,41.424,74.56,19.624,2.033,467.656,9.743,27.088,44.415,124.583,197.607,242.718,149.979,80.307,56.329,34.646,96.548,99.871,137.973,375.696,310.588,42.458,23.341,150.766,113.814,180.992,215.476,188.139,254.888,432.032,360.832,330.243,168.845,362.704,251.774
2018-05-01,250.792,257.145,251.588,257.469,250.452,231.671,255.802,221.045,239.573,226.008,229.491,235.07,184.836,315.763,104.197,226.601,247.764,252.634,257.894,127.464,210.576,484.543,118.699,136.585,442.71,252.864,238.884,275.307,248.18,306.808,241.807,121.336,201.414,206.405,98.855,243.501,143.655,284.851,564.13,257.837,383.734,516.807,118.215,113.523,120.629,257.475,73.988,70.099,80.716,120.912,231.533,112.648,271.759,248.904,295.196,166.698,209.875,145.786,138.533,88.225,124.419,242.344,231.157,317.766,166.94,313.968,204.491,213.255,175.261,291.823,235.894,378.625,865.068,125.672,264.022,160.72,103.949,172.298,110.51,74.994,37.618,166.686,245.296,137.081,121.945,173.697,711.872,736.408,184.296,7.456,1059.665,440.358,76.915,89.597,57.916,111.132,75.267,51.664,89.419,185.354,226.347,297.702,250.095,251.519,300.17,210.116,224.333,232.971,290.549,235.201,216.09,342.594,362.92,320.042,153.881,128.738,116.293,215.44,227.457,224.342,201.764,349.603,238.205,258.701,253.333,141.516,155.346,381.309,487.112,188.622,237.663,331.651,226.721,531.692,97.206,834.434,830.055,294.366,249.351,154.159,150.886,144.435,145.767,247.546,203.407,200.581,250.659,249.272,217.124,319.821,351.477,320.44,335.742,300.57,326.999,103.953,76.552,109.26,55.537,170.705,177.397,192.364,146.348,120.366,105.335,153.214,78.909,118.902,108.419,116.742,106.145,130.615,82.323,106.718,97.411,140.561,154.26,126.318,136.992,179.416,239.244,220.894,234.344,180.051,177.691,283.254,263.015,262.8,293.756,269.369,267.388,224.565,201.531,158.527,201.412,187.872,124.335,150.688,147.172,181.193,145.552,295.493,144.522,226.787,229.882,144.598,250.138,224.074,205.133,303.371,136.734,229.57,219.199,146.059,195.495,140.875,242.948,335.752,197.286,266.346,118.694,538.189,337.889,287.304,327.935,325.172,158.271,144.888,156.405,156.136,196.84,165.893,162.241,116.84,194.439,128.056,202.177,187.215,145.12,153.526,204.065,127.141,159.534,296.261,243.989,166.82,252.471,241.24,131.143,151.434,137.756,139.837,277.438,127.114,224.757,191.706,169.15,202.145,187.448,190.006,546.97,343.154,313.979,292.165,341.588,548.443,462.887,65.56,44.083,67.48,82.082,64.925,132.437,86.297,98.397,85.303,118.866,117.353,164.673,100.191,150.599,101.235,123.614,174.789,206.987,231.66,,66.356,324.172,734.532,288.717,307.838,41.37,75.327,19.304,1.996,467.791,9.749,27.273,44.016,124.679,198.119,243.799,147.299,79.401,55.356,34.02,96.271,98.778,138.208,379.124,309.987,41.67,22.812,150.791,114.544,182.291,220.101,192.928,255.195,433.658,361.374,330.778,168.658,363.088,252.352
2018-06-01,251.018,257.399,251.989,257.697,250.666,231.843,256.063,220.947,239.731,226.152,229.678,235.326,184.778,316.311,104.002,226.618,248.623,252.968,258.004,126.384,210.83,486.209,119.044,136.844,442.851,253.167,239.048,275.808,248.937,307.183,241.021,121.135,200.375,206.713,98.84,244.36,143.813,285.753,565.864,257.129,385.121,518.561,118.02,111.752,119.396,257.971,74.127,70.228,80.571,121.535,231.603,112.326,273.068,247.391,296.877,166.975,209.747,145.769,137.952,89.612,123.192,243.105,235.16,318.607,161.277,314.67,203.353,212.666,172.608,292.436,236.642,378.776,869.235,126.141,263.344,160.463,103.84,172.625,110.969,73.094,37.403,168.395,244.829,136.786,122.475,170.879,701.303,738.409,184.872,7.489,1060.067,440.634,76.142,89.375,57.783,111.262,75.221,51.079,89.347,185.988,226.435,300.096,249.662,250.319,301.45,208.183,220.694,233.324,292.207,218.292,216.869,345.178,367.076,320.985,153.694,129.342,115.998,215.968,227.115,224.095,202.285,350.833,239.61,262.145,256.127,141.158,155.386,380.991,487.172,189.047,237.826,333.408,227.166,533.72,97.536,836.977,833.042,294.981,249.813,153.983,150.688,144.12,145.488,247.343,204.005,201.181,252.144,250.662,216.441,320.228,352.792,321.236,336.394,300.977,327.704,103.802,75.82,109.583,55.099,170.934,177.593,192.373,146.523,120.392,104.149,153.043,78.62,118.819,106.518,115.199,104.14,127.303,81.608,104.5,94.485,137.608,152.126,126.171,134.969,174.594,239.031,220.467,236.544,179.518,178.974,289.073,264.812,272.457,300.638,270.768,268.361,226.258,202.407,156.281,202.621,188.679,122.624,150.834,147.223,183.721,145.553,290.677,143.127,227.244,225.198,141.845,250.164,224.737,206.982,301.893,137.507,230.961,220.471,145.714,195.819,141.993,244.818,329.449,196.475,265.478,121.502,537.796,341.657,283.153,333.636,324.9,158.142,143.871,156.61,154.563,195.82,166.089,163.132,117.307,193.63,126.808,201.739,188.027,145.132,154.51,204.808,126.596,159.212,295.4,244.359,166.829,251.92,241.449,130.712,153.679,140.908,139.254,277.433,127.396,225.682,190.929,169.763,203.703,185.85,190.272,547.933,329.966,314.681,293.685,341.919,549.918,465.041,64.21,44.196,67.437,82.435,65.166,130.333,83.851,98.392,85.007,119.264,118.05,166.135,102.001,151.194,101.458,122.717,175.367,205.461,232.257,,66.073,325.821,738.403,289.58,309.092,40.986,76.169,19.196,1.975,468.134,9.732,26.911,43.679,124.674,198.323,244.569,148.332,79.435,52.243,33.729,98.025,98.925,138.376,388.199,309.693,41.326,21.869,150.988,114.779,184.203,226.385,193.052,256.106,433.516,361.374,331.503,169.145,362.303,252.923
2018-07-01,251.214,257.699,252.006,257.867,250.826,231.793,256.38,219.929,239.981,225.995,229.674,235.354,184.568,316.923,104.296,226.638,247.172,253.365,258.594,125.676,210.467,485.246,119.269,137.07,443.17,253.598,239.565,276.125,248.855,308.05,240.846,121.31,200.018,206.341,98.738,242.657,143.763,286.067,567.647,256.964,381.954,518.347,118.019,109.976,118.389,258.713,74.174,70.267,80.82,121.695,231.655,112.392,272.584,248.533,299.191,167.266,209.774,145.466,137.608,90.242,124.406,241.377,234.088,319.642,160.772,315.576,202.745,211.849,172.6,298.175,237.301,378.295,870.943,125.075,263.786,160.42,103.847,172.611,111.927,72.866,37.532,168.72,249.0,137.413,121.308,171.721,704.868,740.456,185.444,7.481,1062.895,441.092,75.641,89.487,57.158,110.636,76.399,51.242,89.618,187.02,226.033,299.324,250.5,251.007,303.141,207.548,221.783,234.658,292.98,223.775,216.367,348.66,370.185,324.839,153.565,129.399,116.593,214.285,227.897,224.374,202.125,350.889,237.161,261.645,254.835,141.068,154.842,380.404,486.74,189.437,237.826,334.033,227.709,528.865,96.957,841.019,837.12,294.466,251.792,153.569,150.267,143.835,145.211,248.112,203.334,200.47,251.396,249.995,216.435,321.06,353.449,321.994,336.583,301.549,328.432,103.596,75.258,109.855,54.472,171.268,177.86,192.802,,121.484,105.297,157.797,78.873,116.786,104.425,113.099,102.819,127.189,78.806,104.861,94.341,139.426,156.509,125.162,137.875,175.132,237.385,219.668,237.337,179.434,178.829,286.409,264.35,267.895,301.426,267.334,269.184,229.564,203.729,157.559,200.037,187.005,123.26,151.928,147.97,182.321,146.497,293.469,144.172,225.312,225.704,143.189,252.485,225.915,209.802,299.798,136.336,229.899,220.152,146.592,195.179,140.621,244.728,330.686,198.129,266.579,122.048,538.256,344.013,289.876,334.249,328.686,158.014,145.0,155.049,154.116,197.169,165.932,162.821,117.684,194.479,128.975,202.506,186.93,143.76,153.72,205.397,127.881,159.721,297.486,244.241,166.452,253.247,241.437,131.484,154.184,140.382,138.921,278.164,126.788,225.149,192.012,169.447,205.859,186.567,189.827,548.307,328.769,315.589,296.602,342.165,551.738,465.579,63.901,43.743,67.341,84.327,65.381,130.775,83.383,98.593,85.381,119.219,118.772,167.894,100.585,151.935,101.52,122.174,175.441,205.732,232.457,,66.34,326.077,740.719,290.416,310.478,40.23,76.509,19.385,1.952,468.641,9.641,27.084,43.469,124.775,198.185,244.77,151.566,78.709,51.948,33.841,97.915,99.959,138.538,389.439,308.812,41.655,21.811,150.832,114.705,184.789,225.795,190.639,256.509,434.71,360.971,332.588,169.268,363.077,254.456
2018-08-01,251.663,257.891,252.146,258.012,251.291,232.059,256.595,222.781,240.497,226.242,229.46,235.077,184.765,317.557,104.203,226.652,252.091,253.677,259.39,123.451,211.843,484.273,119.006,137.258,442.934,253.949,239.795,276.648,248.659,309.004,241.932,121.476,200.947,207.692,98.876,247.497,143.927,286.931,568.147,258.619,382.171,516.975,114.99,107.868,115.973,260.256,73.991,70.083,80.31,121.663,231.433,112.182,273.004,249.18,299.146,167.604,209.637,145.491,138.093,90.272,124.912,246.229,232.906,320.86,161.913,316.436,203.52,212.475,173.776,303.794,238.261,377.845,868.611,125.183,265.241,157.981,104.001,172.496,110.968,73.582,37.022,168.107,249.478,136.293,117.834,170.666,697.221,745.449,185.932,7.481,1064.098,441.857,74.299,89.57,56.84,110.27,76.614,50.892,89.453,187.126,227.4,298.989,251.213,252.023,303.746,209.435,222.08,232.327,297.284,223.5,216.654,347.68,367.459,325.674,155.098,129.713,116.471,214.046,228.09,224.196,202.036,351.155,243.085,262.594,256.862,141.151,154.998,380.143,483.009,189.641,237.499,332.708,229.067,530.165,96.445,845.351,845.719,296.655,252.758,153.706,150.412,143.342,144.575,248.105,202.922,200.038,251.779,250.333,217.098,322.06,353.732,322.821,336.846,302.358,329.054,103.746,75.255,110.019,54.659,171.465,178.979,192.907,147.594,118.533,101.888,158.384,75.562,116.235,102.654,110.845,100.116,128.43,75.81,105.396,92.969,141.127,156.508,122.389,136.713,174.139,236.894,221.101,237.78,180.078,178.725,283.752,264.143,265.099,301.544,265.161,270.035,230.634,205.057,157.902,196.949,192.279,126.798,150.341,146.452,185.783,147.545,296.594,142.591,220.461,224.937,143.098,249.85,223.455,212.101,304.382,137.165,228.958,221.021,147.425,196.35,141.398,240.388,331.541,196.087,273.673,118.868,540.185,342.691,298.566,330.345,330.05,159.91,145.165,157.315,155.267,198.598,168.534,164.712,117.124,194.42,128.885,202.874,187.644,144.084,152.305,202.894,129.748,159.427,298.755,245.405,167.026,252.554,240.955,131.356,153.436,141.841,138.71,273.244,128.628,225.531,192.935,169.093,206.643,187.572,189.108,551.231,331.177,316.448,296.617,345.237,552.829,470.457,62.393,43.566,67.486,84.292,65.688,131.521,83.125,98.058,85.316,119.251,118.488,167.399,99.39,150.153,101.547,122.134,175.731,206.245,233.658,,65.797,324.879,736.52,291.156,311.479,40.575,76.368,19.079,1.924,471.095,9.608,26.449,42.926,125.221,198.083,244.552,148.859,79.046,52.633,33.259,96.193,101.599,139.263,383.775,308.338,40.729,21.879,150.306,115.092,183.542,223.252,189.382,256.722,434.791,360.971,333.453,169.86,363.425,254.029
2018-09-01,252.182,258.368,252.439,258.429,251.834,232.581,257.053,223.955,241.003,226.799,229.913,235.676,185.277,318.067,103.864,227.327,256.22,254.103,259.582,125.143,212.734,485.039,119.235,137.483,443.409,254.302,239.967,277.258,250.06,309.522,240.404,121.625,199.209,208.657,98.593,251.647,143.731,288.457,571.655,258.162,380.535,518.551,117.992,109.878,118.202,260.682,74.113,70.195,79.815,122.36,231.694,112.271,273.465,248.003,299.344,168.512,210.348,145.434,136.92,90.505,127.096,250.369,235.13,321.563,159.817,317.115,201.561,211.321,169.603,306.195,238.605,378.386,868.531,124.587,266.203,157.796,104.476,173.271,110.153,73.721,36.586,168.779,245.609,135.531,120.961,170.278,695.069,746.831,186.498,7.502,1065.017,442.57,74.304,89.657,56.928,111.429,76.695,50.541,89.366,186.72,228.785,299.594,250.152,251.495,303.114,208.764,221.94,230.108,295.639,220.666,216.496,347.991,367.752,326.002,155.066,130.768,116.664,216.771,227.966,224.666,203.018,352.899,247.053,264.969,258.957,141.305,154.72,380.928,484.496,189.727,237.154,332.595,229.615,528.124,95.641,846.772,850.581,297.067,251.999,154.25,150.931,143.421,144.836,248.048,203.909,201.005,252.711,251.283,216.787,322.671,354.766,324.03,337.632,302.886,329.794,103.365,75.437,110.192,54.887,171.605,179.816,193.123,148.561,120.219,103.564,158.919,77.661,117.651,107.974,112.93,110.404,130.779,77.847,103.865,94.604,140.731,154.807,122.74,139.824,171.514,239.523,221.825,239.866,179.058,179.86,285.604,265.071,268.278,300.579,268.471,267.091,229.247,205.335,157.492,199.024,191.128,123.327,148.909,144.349,183.035,147.926,293.91,143.21,223.356,227.36,141.869,247.635,221.05,209.911,307.569,136.939,229.156,221.342,146.905,195.487,141.279,244.485,332.612,196.842,269.728,119.089,532.824,339.828,297.339,329.099,331.886,160.266,145.7,154.926,156.536,198.502,168.64,165.25,118.358,194.71,128.418,203.396,187.376,145.999,154.239,205.784,128.779,158.724,303.424,239.416,167.201,254.906,241.926,131.174,155.003,132.236,139.764,280.586,127.803,227.13,192.747,170.541,202.112,188.275,190.002,552.314,326.239,317.132,302.419,346.632,553.667,471.026,62.154,43.677,68.23,84.575,66.151,132.482,83.203,98.283,85.272,119.462,117.876,167.441,97.48,148.882,101.479,122.087,176.949,206.574,233.652,,66.321,325.391,734.341,291.824,314.015,41.092,76.532,18.549,1.885,474.292,9.559,26.704,42.315,126.14,198.632,246.266,147.116,78.943,52.388,32.792,95.924,101.443,139.35,384.662,313.515,40.452,21.788,150.7,115.449,183.286,224.344,193.471,258.105,435.379,361.248,333.476,170.689,363.592,253.866
2018-10-01,252.772,258.917,252.885,259.063,252.534,233.069,257.502,226.022,241.592,227.421,230.284,235.954,185.742,318.794,104.157,227.736,259.28,254.012,260.391,126.021,213.82,485.652,118.987,137.387,444.334,254.17,239.558,277.513,250.53,310.401,241.513,122.067,200.238,209.838,98.825,254.792,143.99,289.057,575.108,257.509,379.662,519.664,120.916,109.587,119.319,261.265,73.878,69.964,79.437,122.256,231.401,112.184,272.303,247.474,297.927,169.17,210.163,145.457,138.247,89.41,127.673,253.471,241.39,322.447,160.665,318.018,202.668,213.229,168.435,306.119,239.276,378.852,869.306,124.269,263.608,157.45,104.301,173.533,108.666,74.11,36.274,168.504,249.413,135.303,121.962,174.491,691.11,748.769,186.669,7.459,1081.193,444.485,70.93,90.047,57.879,111.77,78.047,51.04,89.392,187.17,224.574,300.074,249.821,250.196,301.958,206.645,221.693,231.5,296.796,217.297,216.317,346.123,363.246,326.88,154.7,131.461,116.981,215.318,227.778,224.739,203.435,353.196,249.308,267.684,262.5,141.383,154.699,380.489,486.168,189.815,237.344,332.853,230.568,524.37,97.104,851.726,851.339,295.806,253.242,154.892,151.574,143.754,145.026,247.519,205.189,202.325,253.838,252.385,217.174,323.501,354.967,324.406,338.028,303.54,330.488,103.75,74.531,110.228,54.119,172.018,180.017,193.155,148.639,123.193,106.326,160.088,79.647,120.641,109.55,111.947,104.781,124.52,77.908,104.459,97.797,140.433,152.897,123.573,152.479,169.084,233.256,220.252,233.161,179.705,178.779,287.624,264.949,269.875,300.509,268.2,264.614,227.193,204.384,154.549,196.089,191.505,123.576,150.447,142.605,182.768,148.592,286.893,142.296,219.382,227.291,142.581,248.468,224.26,213.377,306.271,137.449,228.261,221.465,147.464,196.043,142.02,244.683,331.195,195.409,263.713,117.163,512.21,342.607,297.705,327.756,334.382,159.426,145.013,154.869,156.201,197.851,167.058,166.554,118.861,194.784,129.261,202.826,185.874,146.172,151.707,205.484,129.359,158.159,300.947,243.628,166.37,255.353,242.664,131.118,156.095,,139.47,274.939,126.874,227.783,192.448,170.905,202.253,187.98,190.27,553.626,328.099,318.034,316.185,344.759,555.154,472.535,63.212,44.841,68.246,85.186,67.22,132.226,84.724,97.906,85.307,119.706,118.502,167.975,98.16,143.328,101.267,122.645,177.09,206.671,234.243,,66.386,324.754,735.745,292.025,314.779,40.573,76.434,18.088,1.864,472.844,9.536,27.39,42.11,125.986,198.551,247.326,144.583,78.275,53.233,32.469,94.784,101.7,139.847,380.277,315.765,39.852,22.089,150.916,115.082,183.282,220.902,194.231,259.576,442.427,363.273,334.042,171.696,364.499,254.755
2018-11-01,252.594,259.439,252.038,259.105,252.22,232.511,258.05,218.5,241.313,226.586,230.63,236.186,184.729,319.438,104.55,225.895,244.371,254.732,261.054,125.099,211.019,487.615,119.352,136.708,445.48,254.887,240.227,278.306,251.271,311.247,241.92,122.324,200.019,206.94,99.461,239.759,144.493,290.114,573.253,256.664,380.658,521.946,119.309,109.039,118.295,261.912,73.048,69.153,79.401,122.83,232.024,112.364,274.215,248.401,297.82,168.942,211.304,146.183,139.763,89.249,128.502,238.309,237.781,323.633,158.368,319.011,202.723,213.474,167.955,298.763,241.862,379.06,872.702,124.587,261.615,157.483,104.358,173.761,109.114,74.823,36.088,169.763,250.258,134.931,121.645,171.843,690.333,750.744,186.743,7.434,1083.514,446.727,71.779,90.214,57.615,111.217,77.763,51.553,89.039,188.132,226.149,301.503,250.82,251.894,302.845,209.949,222.153,230.461,298.047,217.225,216.11,346.335,359.839,330.845,154.081,131.445,116.667,216.037,228.314,226.165,204.136,354.095,232.63,255.792,252.227,142.276,155.413,379.872,486.463,190.045,238.25,334.242,231.169,525.494,97.505,854.03,853.35,296.855,253.177,153.347,149.98,143.95,145.03,247.172,201.23,198.064,247.939,247.109,216.508,324.439,354.9,324.079,338.345,304.037,331.189,104.484,73.619,109.754,53.266,172.444,179.975,194.208,148.652,120.844,105.257,159.858,76.634,117.782,111.535,111.702,106.108,121.428,77.26,105.062,95.72,139.776,152.988,122.897,138.193,172.353,233.797,219.212,237.556,180.754,181.337,291.586,266.516,272.192,304.01,268.585,266.721,225.439,204.948,157.871,199.977,187.146,126.126,149.241,149.167,184.765,148.53,293.588,143.782,223.706,228.785,142.491,246.869,222.784,213.896,306.784,137.786,227.412,220.784,146.219,195.373,143.241,248.018,333.41,193.453,264.836,117.111,521.734,348.855,287.234,339.418,337.531,158.632,145.079,153.506,155.593,198.525,167.187,166.889,118.922,194.724,127.999,204.065,185.604,147.521,152.723,208.244,129.155,157.478,296.854,240.747,165.833,256.826,243.826,131.844,156.407,,140.164,276.78,126.457,228.682,192.646,170.396,202.916,188.377,190.101,554.741,322.692,319.028,305.37,340.878,557.719,486.65,62.341,44.554,68.263,85.837,66.125,130.602,83.489,98.099,84.987,119.621,118.647,167.463,97.213,144.835,101.349,122.769,177.765,207.546,234.947,,65.971,324.842,741.183,291.953,316.276,39.841,76.673,17.86,1.836,473.871,9.571,26.831,41.734,126.228,198.677,247.893,145.303,78.507,53.454,32.258,95.625,101.372,141.997,380.427,317.633,39.683,22.203,150.883,115.443,182.109,220.513,194.404,259.519,443.297,368.049,334.515,171.582,365.094,255.444
2018-12-01,252.767,260.063,251.233,259.083,252.27,232.423,258.726,213.63,241.438,226.262,231.113,236.669,183.966,320.612,104.717,223.996,230.937,255.681,262.124,124.356,208.595,488.82,120.013,136.817,445.059,255.877,241.137,279.419,251.659,312.132,244.998,122.86,203.201,204.407,100.083,226.645,145.105,289.705,572.187,256.351,378.19,524.389,118.699,107.732,117.396,262.456,73.026,69.134,80.375,123.13,231.818,111.948,275.534,248.956,302.177,169.542,210.875,147.281,140.18,90.136,130.881,225.063,226.865,324.408,161.437,319.777,206.85,215.382,178.218,280.556,242.436,379.371,874.395,123.765,259.347,158.945,104.395,174.28,113.418,74.531,36.331,170.38,250.376,134.941,122.519,171.591,694.834,752.155,186.483,7.442,1082.248,446.678,70.115,90.302,57.439,111.923,77.537,50.837,90.059,189.318,226.882,302.426,251.211,252.207,303.113,209.978,222.916,230.602,299.215,220.112,216.497,352.244,364.724,337.792,154.924,131.748,117.249,214.957,228.129,225.801,204.695,353.965,219.502,243.456,241.555,143.088,156.591,379.885,487.68,190.62,238.25,334.964,231.723,522.105,96.808,855.484,855.392,297.642,253.127,152.034,148.632,144.218,145.277,247.826,197.04,193.646,241.044,240.835,218.094,325.298,355.396,324.081,339.74,305.06,332.093,105.065,73.796,109.826,53.324,173.266,180.302,194.397,148.786,119.678,106.73,153.709,75.564,116.555,111.821,110.695,107.156,120.508,76.472,105.433,92.9,139.105,152.663,122.039,133.467,173.078,235.218,221.966,237.497,182.93,180.673,292.612,267.089,272.041,303.296,270.147,264.493,229.531,205.944,157.763,200.614,188.385,124.922,150.004,146.418,185.668,148.313,298.938,140.313,223.705,232.825,143.242,243.174,225.697,213.941,306.749,136.989,227.539,221.997,147.778,195.116,142.522,246.523,339.95,196.258,271.862,116.768,547.79,349.922,325.68,352.023,340.213,160.356,144.35,154.381,156.631,198.52,168.987,167.481,118.706,195.735,129.512,205.662,183.845,147.435,152.44,207.444,129.102,157.987,296.522,244.077,166.092,254.289,243.793,131.878,155.104,142.28,140.599,277.887,124.969,229.194,192.623,170.119,202.489,189.174,189.734,555.42,329.744,319.79,276.103,336.374,559.754,485.935,61.021,44.281,68.677,86.605,64.724,131.154,83.914,100.087,85.281,119.967,119.608,170.019,97.637,144.888,101.444,123.969,176.563,206.626,235.052,,65.424,325.763,742.921,292.121,311.647,40.11,76.758,17.594,1.809,475.458,9.636,26.611,41.419,126.414,199.524,248.177,155.018,78.701,52.977,32.372,102.386,100.217,141.454,387.063,315.449,39.983,22.156,151.002,116.411,182.899,231.286,194.52,260.062,442.799,367.877,334.618,171.983,363.921,254.724
2019-01-01,252.561,260.766,251.712,260.122,251.933,231.82,259.42,204.34,241.168,225.385,231.725,237.14,183.057,321.127,105.191,222.158,214.542,256.302,262.46,124.466,205.719,489.968,120.364,137.024,446.257,256.533,241.581,280.38,251.816,312.998,242.503,123.152,200.799,201.323,100.761,210.245,145.591,290.758,571.541,257.329,379.777,525.384,118.084,108.141,117.166,262.961,73.112,69.184,80.542,123.539,232.395,112.478,275.442,249.304,303.062,170.541,211.182,147.792,142.214,89.925,131.615,208.73,216.239,325.314,163.144,320.571,204.732,213.26,176.156,268.941,241.276,380.416,878.079,124.271,261.858,158.035,104.868,174.918,113.08,73.942,36.209,170.859,256.169,136.429,119.488,170.249,686.211,754.086,189.346,7.457,1085.997,445.705,70.884,90.565,57.5,112.313,78.664,50.754,90.537,189.417,226.135,303.681,251.95,253.507,305.967,210.952,222.36,230.124,299.489,214.903,216.466,353.852,369.05,336.573,154.412,132.92,116.689,217.745,228.614,225.573,205.059,354.166,203.348,229.387,229.856,143.655,157.182,382.032,490.074,190.551,237.356,336.225,232.599,525.103,97.285,857.279,857.852,298.553,252.263,150.643,147.21,144.788,145.635,248.889,193.206,189.575,234.359,234.848,217.009,326.29,356.16,324.545,339.491,305.435,332.853,105.853,73.314,110.071,53.077,173.624,180.342,194.422,148.889,117.908,107.032,150.97,75.606,115.496,113.669,111.033,110.068,118.959,77.571,103.812,93.666,142.98,153.994,123.101,136.069,172.321,235.119,219.572,236.244,182.471,181.776,289.577,268.305,270.557,306.137,270.138,266.971,232.801,207.274,158.906,202.123,180.888,126.92,149.588,143.797,187.271,149.256,297.972,144.117,225.452,230.989,142.249,243.507,223.758,214.88,308.693,137.728,226.001,221.771,147.823,195.531,143.629,246.954,341.764,194.69,266.978,122.277,526.961,355.006,312.611,338.517,343.277,161.155,143.424,153.607,155.846,194.856,169.829,169.566,120.018,194.41,129.348,202.168,184.513,146.958,153.166,206.668,128.976,158.879,302.067,244.448,166.901,254.49,243.234,131.588,154.842,,139.509,275.293,125.668,229.289,194.362,170.714,207.263,189.766,189.292,556.607,333.603,320.587,261.243,329.501,560.101,475.687,62.984,44.237,67.204,87.102,66.88,131.012,83.996,100.135,86.094,120.03,120.403,170.937,97.235,146.402,101.531,124.369,176.627,209.385,235.919,,64.605,326.807,745.491,297.567,309.438,40.044,77.164,17.358,1.79,476.764,9.763,27.472,41.571,127.003,200.421,248.788,154.466,78.546,53.199,32.277,102.169,98.962,142.221,387.181,316.052,39.826,22.146,151.723,116.707,182.806,231.572,195.373,260.653,443.924,363.948,334.714,172.213,365.177,256.585
2019-02-01,253.319,261.186,252.776,261.114,252.697,232.467,259.882,208.144,241.953,226.013,231.794,237.21,183.967,321.747,105.247,223.809,222.948,256.998,263.144,124.526,207.495,490.16,120.119,137.151,447.804,257.253,242.111,281.373,252.188,314.072,241.982,123.324,200.169,203.071,100.522,218.602,145.466,291.993,570.708,259.373,377.949,526.258,120.213,106.928,117.153,263.7,73.06,69.1,79.997,123.558,233.288,112.878,276.175,250.011,303.461,171.108,211.568,147.755,142.272,88.488,124.712,217.237,214.546,326.22,166.128,321.56,203.768,212.819,173.748,276.268,241.538,380.748,878.572,123.678,264.965,158.611,104.711,176.081,111.449,73.184,36.065,170.562,249.163,136.78,122.224,168.085,692.467,755.996,192.199,7.436,1088.195,448.936,73.304,90.818,56.518,113.192,77.875,51.036,91.566,189.213,227.4,304.393,253.058,253.958,306.685,210.036,224.353,232.813,301.047,209.915,216.74,353.427,364.568,340.358,156.108,133.868,116.592,218.293,228.225,226.08,205.947,353.257,212.445,234.625,231.667,143.511,157.314,383.009,490.771,190.968,238.247,336.234,233.037,522.971,96.75,859.434,860.944,299.171,252.23,151.576,148.152,144.749,145.582,249.51,196.034,192.543,238.217,238.323,217.225,327.391,356.728,324.291,339.578,306.034,333.622,105.846,72.951,110.229,52.574,174.151,180.402,194.36,148.726,120.692,109.265,155.479,76.588,115.219,114.426,109.332,107.88,120.462,75.874,100.552,94.91,141.71,157.706,123.118,129.565,172.218,234.944,221.578,235.55,183.233,180.474,291.714,268.853,273.511,307.06,269.518,266.449,232.508,207.214,159.451,196.103,186.512,124.915,150.587,148.73,186.396,149.863,299.296,144.273,218.388,234.258,143.894,246.826,224.745,215.542,310.77,138.009,224.692,223.84,147.671,196.934,142.79,252.715,339.87,195.987,263.96,119.164,521.884,358.291,322.014,334.793,345.625,163.878,144.281,152.479,158.394,198.677,173.369,169.708,121.165,193.907,129.384,201.184,185.84,147.852,154.421,208.595,129.304,157.496,296.129,244.381,168.509,254.996,243.235,131.337,155.928,,139.819,277.963,124.574,230.168,196.867,172.406,209.502,191.939,187.597,557.613,340.431,321.579,274.685,329.264,560.225,477.474,63.763,43.064,69.46,86.423,66.563,130.757,83.959,100.45,87.273,120.191,120.118,168.971,93.74,148.586,101.614,124.682,177.765,210.336,236.137,,65.128,327.081,744.747,302.178,313.17,39.649,77.213,17.15,1.742,476.302,9.803,26.965,40.987,127.036,201.523,250.857,151.855,77.697,52.138,32.032,104.032,99.464,143.416,380.941,317.446,39.861,21.806,152.726,117.106,183.353,214.823,196.02,263.218,444.687,367.054,335.216,172.911,369.746,262.951
2019-03-01,254.277,261.567,254.202,261.836,253.735,233.424,260.269,214.934,242.896,227.082,231.856,237.375,185.182,322.447,105.462,225.691,235.446,257.374,263.951,123.666,210.097,491.412,120.455,137.233,447.917,257.681,242.482,281.887,251.852,315.051,243.196,123.393,201.263,205.95,100.441,231.26,145.823,294.226,568.761,257.005,379.568,527.381,118.62,106.551,116.384,264.656,72.913,68.95,80.007,124.056,232.525,113.395,276.658,249.567,306.206,170.895,211.435,148.452,141.218,87.964,122.592,230.013,220.913,327.539,166.013,322.538,204.757,213.384,175.904,280.952,242.397,380.147,879.731,124.292,262.909,160.149,104.487,176.496,112.428,73.14,35.82,171.979,249.33,135.672,122.262,167.315,689.515,759.001,192.799,7.39,1103.24,446.68,73.464,90.853,56.987,113.775,77.314,50.65,91.232,190.492,230.243,304.245,252.444,254.242,306.42,211.811,223.277,230.655,298.893,211.885,217.596,356.454,366.027,344.999,157.805,133.613,116.211,220.618,229.161,225.238,204.958,353.967,225.661,246.195,241.309,144.225,158.046,381.045,491.075,190.796,238.88,336.648,233.487,526.097,96.195,863.03,863.11,300.133,250.855,153.0,149.612,144.733,145.717,250.216,198.309,194.967,243.928,243.458,217.723,328.491,357.205,323.443,340.461,306.936,334.296,105.863,72.924,110.305,52.622,174.395,180.329,195.182,148.74,120.466,111.05,154.56,76.229,115.319,110.131,109.378,106.493,119.032,74.911,104.076,92.403,139.937,158.701,122.993,139.287,164.089,236.182,224.248,241.199,183.085,181.181,289.955,269.843,268.664,303.19,271.586,264.782,233.788,208.56,159.759,203.223,184.792,125.617,149.637,145.719,186.845,149.444,303.248,142.652,227.229,232.13,143.363,246.103,223.317,212.834,310.632,139.885,225.253,220.715,148.809,198.948,144.605,249.429,343.143,198.299,265.868,118.181,539.831,363.211,336.683,336.771,347.074,166.263,145.054,152.892,162.531,200.544,173.796,170.219,120.437,193.174,128.834,200.423,186.333,148.794,157.166,210.031,129.083,158.429,301.099,243.096,166.704,253.545,243.136,131.449,154.04,,140.491,278.867,125.327,228.713,196.616,171.662,209.794,191.064,188.386,558.761,340.074,322.564,280.725,332.139,562.447,478.569,62.941,43.52,71.825,85.055,66.172,130.323,83.645,99.477,87.154,121.192,119.7,169.952,93.839,148.764,102.153,124.866,179.096,210.774,237.457,,66.249,327.814,745.25,303.091,314.379,39.889,76.456,16.837,1.674,475.919,9.803,26.982,40.324,127.013,202.038,251.375,154.27,77.594,52.231,31.66,106.64,100.079,143.262,388.264,319.77,39.841,21.86,153.469,116.952,184.355,226.098,194.408,264.507,451.502,367.076,335.913,174.213,359.064,244.686
2019-04-01,255.233,261.997,255.548,262.332,254.889,234.324,260.584,222.42,243.822,228.253,231.916,237.564,186.211,323.282,104.98,227.864,250.762,257.018,264.649,123.901,213.037,492.97,120.644,137.432,447.992,257.325,241.219,282.798,251.504,316.172,243.175,123.204,201.013,209.061,99.835,246.698,145.555,295.266,569.453,256.711,381.256,528.889,117.509,107.39,116.767,265.068,73.012,69.037,79.997,124.348,232.465,113.616,276.583,248.858,302.011,170.234,210.265,147.686,139.895,87.892,122.735,245.651,225.22,328.816,167.262,323.616,204.187,213.25,174.122,288.646,243.288,380.681,876.495,124.777,260.115,161.348,104.356,177.07,112.275,73.199,35.374,173.024,252.139,135.264,121.8,171.322,688.736,760.272,193.625,7.394,1105.201,445.511,73.098,90.426,56.521,113.17,77.49,50.016,90.607,190.376,228.764,304.224,252.414,253.558,305.495,210.644,223.674,232.401,298.902,201.504,217.061,351.918,361.655,340.313,155.061,132.716,116.337,217.498,224.314,224.962,204.031,354.578,240.76,263.342,258.295,143.6,157.305,382.15,491.279,190.689,238.339,335.198,233.923,528.008,96.72,864.635,865.284,300.755,252.136,154.447,151.096,144.37,145.493,249.685,202.388,199.331,251.325,249.95,217.444,329.66,357.79,323.795,341.269,307.788,335.264,105.184,72.445,110.542,52.183,175.083,180.409,195.17,148.747,119.761,107.764,155.388,75.931,116.629,108.015,110.391,107.086,118.377,76.059,105.749,92.365,137.391,157.813,123.5,142.682,170.771,237.019,224.059,237.672,184.384,179.976,290.258,268.815,269.301,301.723,271.539,267.757,232.02,206.54,158.163,204.239,189.769,123.743,150.926,146.082,185.446,149.639,299.603,141.339,228.684,230.901,143.484,248.703,225.309,216.616,308.868,139.763,225.237,222.44,147.484,199.805,144.077,241.381,343.402,194.449,258.091,119.286,510.57,357.214,328.225,332.171,345.07,163.016,142.999,151.296,157.501,198.126,172.292,169.841,119.337,192.869,130.401,200.705,186.049,148.042,154.038,204.079,126.534,154.655,298.316,243.516,167.116,251.733,241.443,131.943,153.849,,139.976,278.096,126.564,228.31,194.911,171.164,206.046,190.38,190.253,559.749,342.887,323.645,290.192,333.558,564.849,479.449,61.761,43.174,70.781,85.448,66.255,130.903,81.952,98.984,86.539,121.315,119.831,171.256,96.969,147.851,102.261,124.417,179.958,211.389,238.8,,67.111,326.736,740.741,304.221,316.953,39.603,76.849,16.803,1.652,475.374,9.682,28.126,40.365,126.814,202.827,251.954,153.139,78.156,53.106,31.282,103.868,99.541,143.983,391.745,320.038,39.551,22.196,154.079,117.332,184.811,232.26,194.783,265.119,452.677,362.839,336.752,174.748,359.451,245.159
2019-05-01,255.296,262.217,256.092,262.59,254.888,234.095,260.843,220.523,243.8,227.867,231.794,237.555,185.936,323.706,104.452,228.018,247.935,257.523,265.129,123.764,211.761,494.859,120.155,137.5,449.547,257.818,241.642,283.394,252.169,317.03,242.548,123.145,200.175,207.713,99.207,243.702,146.445,294.586,568.065,256.781,381.066,531.474,117.384,107.33,116.632,265.497,72.977,68.994,79.888,123.69,233.313,113.856,277.556,249.84,300.5,171.414,210.389,147.143,138.573,86.809,123.72,242.557,228.784,329.617,168.78,324.449,203.189,213.023,170.986,291.141,243.924,381.166,878.419,124.643,261.933,161.93,104.138,177.868,111.269,73.697,35.34,171.088,254.409,135.138,121.011,171.07,683.088,761.834,194.345,7.371,1108.299,447.689,74.023,90.67,56.585,113.765,77.102,50.776,90.372,190.238,227.679,306.374,253.802,255.832,307.292,214.459,224.286,232.053,299.263,196.721,217.79,349.273,359.539,337.131,155.767,134.119,116.315,217.744,228.15,224.487,205.369,353.734,237.534,261.214,258.622,143.139,156.606,382.436,492.696,191.654,238.942,335.966,234.561,526.439,96.894,865.644,865.069,302.44,253.305,153.927,150.549,144.146,145.428,249.781,202.478,199.371,251.11,250.072,217.486,330.524,357.517,323.026,341.316,308.132,335.821,104.632,71.937,110.668,51.837,175.517,179.958,194.857,148.747,119.583,106.529,156.24,76.335,116.175,108.143,110.188,104.376,119.844,76.285,104.862,93.028,138.904,153.258,123.347,139.609,172.308,236.254,222.799,237.141,184.131,182.778,292.291,272.001,272.922,307.628,270.73,269.603,234.863,206.683,160.973,205.262,194.708,125.815,150.567,144.697,186.93,149.482,304.829,144.11,227.596,232.255,144.135,248.906,224.287,216.876,308.169,139.406,226.827,222.194,148.736,198.188,144.586,246.877,342.813,196.124,256.017,117.77,508.471,359.749,311.416,329.943,342.824,164.347,142.562,151.229,157.759,196.332,174.612,171.045,120.378,192.145,130.993,199.599,187.231,148.27,153.148,206.191,129.071,158.014,296.631,245.905,166.234,252.102,241.394,131.46,153.289,141.286,139.889,274.502,125.641,229.054,194.627,172.397,204.719,189.883,190.488,560.959,346.305,324.487,295.438,334.886,566.263,480.865,59.697,43.472,71.042,85.563,65.648,131.15,81.821,99.807,85.853,121.241,119.052,173.164,98.636,147.766,102.188,125.042,178.706,212.162,239.327,,66.992,327.993,740.861,305.346,318.172,39.339,76.739,16.637,1.627,475.163,9.559,27.506,39.947,126.692,203.933,252.744,149.633,79.01,53.436,31.191,102.15,102.009,140.975,390.261,319.871,39.288,22.207,154.985,118.148,186.395,224.952,194.787,266.297,453.809,362.964,338.063,175.187,364.53,254.104
2019-06-01,255.213,262.739,256.143,263.177,254.772,233.642,261.307,214.926,243.672,227.288,232.103,237.919,185.025,324.511,104.454,226.734,237.132,257.664,265.866,124.75,209.25,495.745,120.102,137.631,449.125,257.952,241.214,284.316,252.396,317.949,242.145,123.974,199.582,205.096,98.93,232.953,146.554,295.67,569.449,256.36,379.462,533.2,118.077,107.866,117.499,265.817,73.03,69.038,79.889,123.61,232.992,113.635,276.249,248.48,299.13,170.589,211.621,146.697,138.241,86.196,125.137,231.691,223.589,330.919,167.434,325.418,202.915,212.802,170.569,281.954,244.538,382.28,876.501,124.074,262.483,159.564,103.985,178.059,111.701,73.49,35.375,170.84,253.678,136.472,118.483,177.886,686.251,762.638,195.016,7.358,1109.099,447.923,73.435,90.798,55.994,114.718,77.201,51.08,90.425,190.603,228.574,303.823,252.372,253.93,304.075,212.242,224.846,232.471,296.853,196.335,217.722,346.943,359.006,332.947,156.293,132.986,116.777,220.473,227.28,225.836,205.598,354.57,226.555,250.809,248.004,142.584,155.989,382.702,496.317,191.768,239.093,335.078,235.188,522.957,97.092,865.37,866.379,303.298,254.372,152.708,149.3,144.173,145.508,249.146,200.568,197.355,246.875,246.201,217.141,331.51,357.843,323.274,342.017,308.887,336.728,104.378,71.232,110.876,51.085,176.493,180.117,196.262,148.829,120.06,104.843,155.096,76.639,117.886,108.774,109.873,107.627,118.368,75.379,104.942,97.847,138.28,152.337,124.791,141.407,181.173,236.435,223.984,238.877,182.206,179.483,291.086,269.652,270.304,307.501,268.984,266.123,236.081,204.259,163.357,198.458,186.744,124.51,150.442,146.129,185.953,148.326,310.546,144.31,219.951,232.59,144.319,253.919,221.976,216.237,305.703,139.727,228.269,217.8,149.123,200.442,144.136,245.976,341.363,197.12,253.528,117.763,501.731,348.457,310.752,327.696,340.956,164.099,144.216,151.702,157.937,200.344,174.417,168.615,120.351,194.122,129.252,201.961,186.547,150.725,153.218,207.246,128.635,155.844,298.41,245.969,166.755,252.803,243.592,132.009,155.342,141.383,140.555,277.977,126.511,229.384,195.73,172.396,205.945,190.246,190.623,561.976,343.109,325.455,286.329,328.879,568.104,480.984,60.287,42.172,70.544,84.886,66.193,132.694,82.189,100.185,85.628,121.075,119.438,175.642,97.945,149.089,102.043,125.214,179.144,212.101,239.716,,65.07,327.548,738.858,306.472,318.744,38.586,77.101,16.505,1.594,474.546,9.532,27.276,39.564,126.646,203.949,253.381,151.189,78.597,53.688,31.232,102.566,101.731,140.561,389.811,320.552,39.524,22.448,155.156,117.856,185.882,224.517,195.595,266.959,454.043,363.152,337.998,175.869,363.222,252.936
2019-07-01,255.802,263.28,256.571,263.566,255.434,234.147,261.783,216.696,244.195,227.877,232.488,238.346,185.372,325.341,104.615,227.312,240.467,257.836,266.527,124.731,209.934,497.714,120.133,137.88,451.247,258.059,240.988,284.891,253.455,318.777,242.476,124.316,199.804,205.715,98.697,236.317,145.808,295.377,570.961,258.06,380.278,535.551,118.412,108.067,117.45,266.052,73.222,69.218,79.678,123.807,233.774,114.44,276.646,248.753,299.999,170.402,210.059,146.081,138.132,86.112,126.327,235.098,221.544,331.935,167.986,326.218,203.089,213.643,168.868,283.58,245.073,382.644,880.055,124.437,264.084,157.102,103.782,179.051,110.648,73.667,35.126,171.309,255.636,136.574,118.611,174.042,683.624,763.469,195.61,7.397,1120.066,449.868,73.605,90.991,56.824,114.901,76.763,50.741,90.838,190.412,228.497,304.54,252.529,254.744,305.134,213.032,225.291,230.398,297.688,198.269,217.968,348.427,358.385,336.608,155.948,132.754,116.73,219.552,225.24,224.073,206.224,355.923,230.292,253.439,248.493,142.134,155.287,383.047,497.573,191.899,238.987,336.604,235.167,524.829,97.209,865.189,868.662,304.313,256.475,153.12,149.694,144.206,145.561,249.258,201.148,197.891,247.775,247.13,217.358,332.33,358.429,324.049,342.527,309.38,337.621,104.081,72.164,110.971,52.041,176.832,180.424,196.711,,120.794,108.704,154.428,77.396,118.086,109.015,110.179,108.293,116.91,76.035,104.26,97.522,137.726,156.548,124.344,141.049,176.471,236.679,224.036,238.581,183.514,179.303,292.662,268.971,272.759,306.15,267.644,268.957,238.596,204.198,162.264,203.617,194.467,124.979,149.39,144.51,184.897,148.994,307.824,144.763,226.049,232.747,145.148,247.494,222.48,214.15,308.232,140.763,227.813,218.71,148.676,201.031,144.551,245.379,342.779,194.956,253.246,116.811,505.784,359.066,330.615,326.465,338.737,162.508,144.85,154.461,157.115,201.405,171.425,168.301,120.263,193.076,131.062,201.155,189.213,150.107,153.216,205.258,127.825,155.39,296.803,244.757,166.342,249.598,242.776,131.13,156.138,139.153,140.191,273.749,127.344,230.64,196.565,172.189,210.151,190.607,191.416,562.51,344.344,326.258,287.659,328.741,569.31,482.138,61.605,42.844,70.209,83.473,66.061,133.41,80.902,100.264,86.38,120.929,120.034,179.379,95.928,150.288,101.831,124.688,179.872,212.279,239.681,,64.359,328.901,743.442,307.567,318.541,39.745,76.993,16.314,1.559,475.423,9.719,26.96,39.132,126.552,205.094,254.777,150.546,77.28,53.941,30.919,102.863,102.612,141.982,388.644,320.314,38.935,22.527,156.355,118.122,186.611,223.008,196.514,268.492,458.871,365.428,338.257,176.177,365.323,254.47
2019-08-01,256.036,263.877,256.558,264.169,255.668,234.25,262.325,213.847,244.302,227.952,233.085,238.939,184.969,326.159,104.632,226.729,235.146,258.046,266.832,124.532,209.27,500.662,120.453,138.075,453.028,258.288,240.943,285.507,253.399,319.37,242.138,124.103,199.383,204.735,98.752,230.968,146.368,297.884,572.052,262.846,382.519,538.727,118.189,107.656,116.956,266.608,73.283,69.271,79.589,124.351,234.719,115.009,276.228,248.206,299.529,170.381,210.364,145.841,138.686,86.095,126.76,229.734,217.549,332.781,164.913,327.043,202.758,213.247,168.727,280.499,245.294,383.198,887.607,125.196,268.749,159.932,104.3,178.751,110.966,73.273,35.084,171.87,258.316,137.621,118.962,171.079,694.264,764.617,196.174,7.42,1124.082,449.945,75.481,90.767,56.97,112.971,76.559,50.824,91.195,189.178,227.271,304.417,252.137,254.022,304.428,210.654,226.958,230.637,297.714,195.508,218.893,347.886,356.197,337.778,155.697,132.772,116.547,219.893,224.581,224.549,206.659,355.739,224.785,248.073,244.385,142.061,155.063,382.858,499.063,192.015,239.806,339.781,235.6,526.629,98.362,866.436,870.124,304.848,251.953,152.524,149.088,144.225,145.502,248.907,199.651,196.299,245.128,244.726,217.867,333.016,359.207,325.993,343.383,309.961,338.548,104.16,72.707,111.07,52.296,177.263,181.21,196.744,150.105,120.451,110.541,155.917,76.577,116.759,109.38,110.309,104.252,113.566,77.644,103.675,94.389,140.848,159.078,124.639,140.258,172.254,235.806,220.688,238.285,182.235,178.815,292.71,269.931,273.53,308.779,268.856,270.224,233.038,206.063,159.037,206.754,193.16,123.455,149.255,145.215,185.321,148.651,297.553,144.569,230.017,237.734,145.097,247.636,221.725,213.783,308.492,141.26,229.276,219.835,148.959,200.859,146.305,243.745,342.515,195.099,252.917,116.157,503.563,363.116,326.393,329.546,339.853,163.487,143.166,152.423,158.156,198.674,172.911,168.551,119.902,194.166,129.631,201.917,189.027,150.57,153.725,204.131,126.911,155.33,292.449,242.959,165.455,250.736,242.963,131.893,154.468,142.8,140.26,275.566,126.77,231.004,196.647,173.089,210.739,190.74,192.133,563.02,337.19,327.08,285.082,327.261,569.284,483.987,62.813,43.166,68.499,83.338,65.904,132.965,78.68,100.093,87.022,120.55,118.756,180.615,91.073,153.664,101.719,124.876,180.406,211.506,239.211,,65.121,330.923,751.694,308.522,318.959,40.056,77.168,16.263,1.532,478.849,9.491,27.26,38.698,127.454,204.353,255.066,151.113,77.403,54.485,30.925,101.484,102.203,142.489,390.294,320.148,38.877,22.516,156.185,117.206,187.345,225.016,195.638,269.209,460.27,365.428,338.612,176.628,364.348,254.009
2019-09-01,256.43,264.388,256.759,264.522,256.035,234.399,262.844,213.015,244.665,228.007,233.298,239.169,184.949,326.981,104.696,226.629,233.63,258.575,267.574,124.795,209.085,501.71,120.377,138.026,453.473,258.865,241.409,286.246,253.283,320.436,242.094,124.299,199.165,204.436,98.654,229.502,147.314,298.441,572.506,264.603,379.53,541.136,121.153,106.685,117.169,266.71,73.209,69.196,79.642,124.2,234.787,115.093,276.947,249.089,298.136,170.664,211.322,145.559,138.694,86.407,126.599,228.23,217.838,333.92,167.824,327.953,202.62,213.783,166.699,278.086,245.965,383.896,887.196,124.202,272.014,159.947,104.6,178.723,112.768,73.696,34.82,170.683,254.051,138.052,118.361,169.105,681.853,765.526,196.418,7.363,1128.109,450.439,75.677,90.922,56.474,113.987,77.493,50.664,91.687,189.269,227.215,306.41,252.306,254.829,306.197,211.925,225.665,229.692,296.862,206.572,219.515,345.699,354.824,334.756,155.926,133.131,116.607,223.481,224.885,225.128,206.12,356.532,223.074,247.302,244.104,141.533,154.881,384.454,499.76,190.799,240.832,339.512,236.671,522.518,97.822,867.58,869.094,305.501,254.333,152.306,148.869,144.175,145.444,249.339,199.06,195.674,244.312,243.972,218.078,334.193,359.226,326.935,344.097,310.696,339.461,104.057,71.874,111.136,51.808,177.743,182.622,197.715,151.915,122.419,110.458,159.356,77.29,119.163,113.021,109.293,102.537,114.136,75.905,105.014,93.643,142.927,158.381,125.584,136.326,171.3,236.295,220.068,238.585,185.084,179.085,292.693,270.713,274.655,308.779,268.778,269.095,233.65,206.545,159.441,207.169,191.184,125.295,147.686,147.727,183.794,148.482,297.633,146.525,230.307,230.358,144.625,242.076,220.487,218.148,305.064,141.963,229.735,222.232,148.597,201.118,146.768,245.683,331.364,194.269,254.386,115.147,502.027,367.371,317.098,328.095,335.159,163.704,142.995,152.436,157.241,198.751,174.318,169.604,119.987,192.801,130.681,200.718,189.681,152.202,154.133,204.549,128.891,155.516,295.479,242.883,165.047,251.822,243.838,132.479,155.888,141.217,139.831,287.254,126.969,230.607,195.055,173.217,208.256,189.47,192.772,564.703,343.795,327.994,282.977,323.284,571.207,484.346,63.276,42.706,67.775,84.595,66.839,132.605,78.633,99.874,87.499,120.589,118.449,178.118,91.065,155.256,101.545,125.825,179.729,212.637,240.088,,64.801,330.796,750.251,308.853,319.745,39.73,76.638,15.977,1.513,481.043,9.437,27.508,38.243,128.064,204.189,255.265,155.598,77.177,55.278,30.787,98.724,100.545,141.79,387.043,317.051,38.796,22.944,155.656,117.617,186.828,221.414,196.516,269.362,462.169,365.193,338.776,177.497,364.385,254.009
2019-10-01,257.155,264.97,257.346,265.059,256.783,235.237,263.423,215.268,245.202,228.901,233.96,239.791,185.47,327.904,104.678,227.509,237.447,259.088,267.93,123.489,210.25,506.433,121.13,138.157,455.511,259.434,241.999,286.791,253.039,320.862,242.832,124.233,199.692,205.747,98.951,233.536,146.957,298.925,573.403,263.18,383.498,546.096,120.724,104.172,115.704,267.264,73.207,69.189,79.962,125.104,235.766,115.701,276.454,250.148,300.571,170.432,211.378,145.596,139.701,86.396,129.514,232.348,221.182,334.558,164.892,328.581,203.306,213.744,169.405,274.996,247.032,384.56,898.649,125.508,271.125,157.414,105.155,179.34,113.309,74.008,34.72,172.276,261.594,137.587,116.699,171.639,676.964,767.422,196.857,7.325,1134.55,450.882,76.591,90.79,55.36,114.079,77.536,50.913,91.484,189.53,226.559,305.674,253.821,256.243,308.594,213.312,225.613,231.472,298.517,201.149,220.412,348.796,360.685,334.971,156.743,133.118,116.17,223.642,225.452,225.086,205.786,355.939,227.003,252.858,250.051,141.762,154.888,384.901,500.331,191.643,239.906,344.363,237.222,529.635,97.772,869.373,874.312,305.882,254.787,152.789,149.367,144.225,145.355,250.212,200.615,197.338,247.441,246.572,219.102,334.522,360.66,327.196,345.538,311.316,340.409,104.331,70.638,111.414,50.747,178.117,182.855,198.339,152.24,122.861,112.008,156.844,77.784,119.066,110.778,106.345,100.723,113.873,72.234,104.827,93.316,142.0,160.484,124.851,141.002,173.373,234.025,220.408,238.319,185.162,179.967,289.839,270.759,273.999,310.713,266.856,272.685,233.437,207.947,160.458,210.191,186.006,126.266,149.301,147.041,185.344,148.509,302.122,145.941,234.593,232.063,144.962,247.066,222.679,216.682,307.84,142.874,232.49,224.972,147.559,203.44,147.528,246.398,337.665,195.904,261.313,116.558,515.657,372.428,320.627,324.569,335.473,164.093,143.985,153.808,157.308,199.281,174.712,167.635,120.96,191.644,130.514,199.785,190.398,152.845,155.304,205.11,129.25,155.697,296.25,243.022,167.274,249.977,243.538,132.428,155.864,144.982,139.899,278.441,128.112,231.784,192.525,172.336,204.425,187.64,192.569,565.392,336.954,328.623,276.338,323.674,573.806,486.133,60.525,42.124,68.643,82.648,67.677,132.348,78.994,99.955,87.287,120.419,118.713,173.947,92.061,156.898,101.326,124.964,180.317,213.484,240.411,,63.926,335.305,757.469,309.216,322.84,38.938,76.84,15.515,1.494,484.643,9.487,27.652,38.187,128.856,205.062,255.844,156.336,77.55,55.048,30.541,98.994,103.304,143.243,391.579,316.647,38.387,23.143,156.534,117.826,188.214,223.859,,269.832,465.075,365.193,339.009,177.734,364.582,254.064
2019-11-01,257.879,265.548,257.208,265.108,257.523,235.957,264.004,217.488,245.871,229.64,234.444,240.325,186.057,328.698,104.581,228.018,241.997,259.624,268.444,123.55,211.286,508.315,121.603,138.669,456.919,260.048,242.726,287.255,252.502,321.611,242.936,124.264,199.664,206.921,99.087,238.067,147.608,299.26,572.459,261.762,383.025,548.767,117.822,105.461,115.777,267.748,73.599,69.569,80.017,125.776,236.228,116.042,277.131,251.124,299.46,171.971,211.969,146.098,139.579,85.841,133.142,236.924,223.62,335.484,163.699,329.44,203.128,213.952,168.148,278.762,247.582,385.367,900.61,125.305,268.352,158.178,105.45,179.583,114.091,74.042,34.589,173.494,262.555,137.59,117.01,175.065,680.251,768.713,197.146,7.376,1142.857,450.613,76.331,90.791,55.281,113.699,78.15,50.632,90.424,190.082,226.681,305.89,254.756,258.167,310.854,215.583,226.433,230.686,297.916,202.706,221.926,346.804,356.271,335.5,157.342,134.035,117.769,223.429,226.036,225.902,205.02,355.902,231.478,257.541,254.949,142.291,155.513,385.01,501.563,192.157,239.923,345.227,237.781,528.285,97.721,870.542,876.493,306.675,254.64,153.341,149.943,144.257,145.41,249.46,200.939,197.732,248.242,247.549,219.612,335.368,362.168,326.715,346.382,312.002,341.296,104.52,70.496,111.88,50.53,178.585,182.993,198.339,152.243,120.049,109.66,156.093,74.755,117.627,107.915,107.758,101.219,111.748,74.479,104.206,93.981,141.208,158.478,125.227,140.624,174.933,232.1,218.774,239.828,187.598,178.962,294.04,269.343,273.424,304.54,268.909,272.517,236.124,209.37,161.774,211.683,191.235,127.381,149.412,148.778,185.024,148.206,304.369,146.602,236.195,234.275,145.463,246.251,222.913,213.633,308.693,143.552,233.878,224.825,148.324,204.354,148.691,247.034,333.444,197.388,256.401,114.695,508.706,369.67,326.321,323.551,334.711,163.692,145.319,157.091,158.008,201.114,173.46,170.922,120.835,195.298,130.633,203.333,191.199,153.375,154.014,205.92,128.356,155.28,301.265,244.693,168.111,250.115,242.861,133.01,154.579,141.371,139.058,279.133,127.689,230.399,191.565,171.085,204.246,187.302,192.692,566.125,334.133,329.482,281.435,324.511,575.363,486.485,60.762,42.202,67.79,82.491,68.503,131.79,79.666,98.943,86.838,120.526,118.341,169.806,90.832,156.014,101.259,125.742,180.352,213.915,240.331,,63.234,336.401,757.64,309.583,323.952,38.868,77.79,15.393,1.462,487.246,9.646,27.066,37.832,129.415,205.186,256.464,158.258,77.479,55.141,30.285,99.842,105.324,144.777,392.517,320.39,37.972,23.132,156.5,117.942,188.09,232.212,197.415,270.766,468.795,364.384,339.836,177.883,363.696,253.03
2019-12-01,258.63,266.02,256.974,264.935,258.322,236.755,264.47,221.18,246.537,230.514,234.827,240.691,186.909,329.354,104.362,229.191,249.366,260.052,268.86,122.859,213.354,510.875,121.856,138.719,456.843,260.483,242.887,288.078,252.854,322.247,243.23,124.082,199.869,209.193,99.63,245.346,147.757,299.614,573.282,260.116,387.533,550.659,116.38,105.324,115.021,268.092,73.566,69.532,79.616,126.441,236.248,115.404,276.485,254.035,298.408,171.272,211.524,147.316,140.088,85.24,136.337,244.197,223.376,336.418,161.083,330.255,203.046,213.571,168.905,286.453,248.024,385.514,900.011,126.875,267.214,156.501,106.11,180.308,113.537,73.105,34.219,173.887,259.783,137.267,117.406,171.623,681.151,769.698,197.528,7.347,1141.6,452.586,76.269,90.64,56.37,113.223,77.816,50.358,90.42,190.155,226.09,304.051,257.444,260.876,316.987,217.081,225.773,234.502,298.911,208.83,222.033,345.351,356.658,332.146,157.18,134.215,116.015,220.581,224.978,226.032,205.115,357.664,239.102,263.523,259.59,143.128,157.019,385.092,502.425,192.205,240.138,344.933,238.391,537.946,97.358,870.663,879.436,307.51,254.64,154.296,150.907,144.38,145.477,249.635,202.561,199.418,251.298,250.342,219.636,335.994,363.327,326.555,347.103,312.517,342.021,105.151,69.39,112.069,49.45,178.981,183.089,198.31,152.15,117.998,102.539,155.588,74.256,117.723,107.585,107.268,100.043,111.649,74.353,104.06,95.623,138.699,155.829,124.743,137.653,170.026,233.678,221.618,236.114,186.499,179.511,287.726,270.896,268.471,310.379,266.651,275.926,245.425,214.083,162.704,209.568,191.834,130.379,152.095,151.211,186.119,148.039,304.036,146.806,233.263,231.555,145.986,254.314,225.547,214.324,308.156,144.201,234.486,222.136,148.179,205.458,148.983,248.469,327.276,197.506,253.412,117.058,502.926,371.331,321.759,325.578,332.816,164.284,144.907,154.996,159.891,199.535,173.09,169.645,121.587,191.309,130.685,198.832,191.863,150.403,154.625,204.623,129.856,154.153,293.969,244.708,165.698,250.086,242.501,134.828,155.065,140.679,139.364,277.496,131.357,232.261,191.793,168.734,204.407,187.821,192.885,568.383,327.896,330.297,288.724,332.672,576.636,486.708,64.161,42.464,67.684,80.553,69.331,131.308,80.086,98.306,87.217,121.04,117.796,170.734,89.295,157.697,101.49,125.542,180.348,214.472,240.838,112.085,62.402,336.525,757.749,310.053,325.522,38.001,78.133,15.031,1.437,491.994,9.724,26.294,37.346,130.537,205.683,258.099,157.706,76.942,53.843,30.029,98.893,102.629,145.706,392.439,320.252,37.557,22.301,156.207,118.921,187.226,235.763,198.701,272.146,468.309,364.384,341.837,178.513,367.351,256.19
2020-01-01,259.127,266.716,257.971,266.004,258.777,236.975,265.179,220.147,247.011,230.613,235.223,241.172,186.754,330.515,104.307,229.09,247.456,260.858,269.689,122.477,213.14,511.854,121.994,139.118,458.792,261.293,243.511,289.137,253.592,323.487,243.472,124.009,199.927,208.713,99.666,243.629,148.335,300.112,572.109,263.037,386.331,552.331,117.342,104.283,114.627,268.738,73.8,69.75,79.669,126.611,237.314,115.743,276.557,254.63,300.165,171.569,211.796,147.877,139.424,85.101,138.814,242.397,222.092,337.591,163.816,331.327,203.305,213.531,169.867,281.221,248.846,385.099,910.413,126.512,268.668,157.284,106.039,180.559,113.971,73.612,34.162,174.233,263.407,137.088,117.223,171.27,664.948,772.322,198.585,7.376,1144.642,455.094,77.101,90.56,56.898,113.491,76.94,50.006,90.925,189.899,227.728,304.479,258.386,261.972,317.273,218.192,227.868,234.435,300.844,205.427,223.035,347.643,351.551,342.008,157.674,134.512,115.879,224.796,226.956,225.339,206.014,358.947,237.175,262.851,257.814,143.991,157.438,384.715,502.094,192.022,240.585,349.152,238.231,538.154,96.95,874.071,882.278,308.335,255.847,153.834,150.422,144.308,145.485,250.763,201.845,198.606,249.958,249.138,220.339,337.3,364.559,328.113,347.877,313.508,343.272,105.197,68.654,112.518,49.099,179.613,183.357,198.249,152.124,120.46,103.405,159.937,73.633,122.977,102.238,106.038,96.543,109.385,72.921,105.792,95.672,140.46,155.679,125.717,140.923,168.711,234.422,219.421,239.623,185.053,178.249,292.549,267.345,271.855,303.493,268.323,277.71,244.719,213.463,164.295,210.585,188.587,129.331,151.286,150.779,188.896,149.021,306.181,150.014,234.169,241.106,146.352,252.626,224.723,216.181,308.515,146.652,233.932,224.441,147.57,209.253,151.053,251.439,324.525,195.848,247.818,116.281,491.67,374.203,333.505,343.457,338.158,164.618,146.347,155.79,159.999,202.266,173.331,170.625,121.925,191.4,129.74,199.555,194.314,153.155,155.782,208.112,130.872,154.533,303.426,246.586,167.722,250.288,242.728,132.912,155.35,146.786,139.171,275.998,131.537,233.964,193.892,169.992,207.422,189.638,193.331,569.692,333.896,331.372,282.016,324.423,577.441,491.003,65.554,43.167,67.927,81.533,67.641,130.071,80.502,98.653,87.461,120.977,118.036,173.603,88.843,157.022,101.65,125.288,181.305,214.92,241.18,,62.558,340.435,768.845,312.389,321.223,37.728,78.839,14.943,1.415,493.116,9.584,26.346,37.039,130.593,205.46,259.214,158.651,76.943,54.832,29.92,99.282,103.043,145.817,393.525,320.779,37.544,22.498,155.686,119.197,187.781,236.789,199.323,272.86,469.963,367.022,342.759,179.047,370.423,261.275
2020-02-01,259.25,267.37,258.678,267.268,258.813,236.782,265.834,214.294,247.087,230.225,235.696,241.567,186.298,331.304,104.722,228.481,235.373,261.567,270.365,122.952,211.402,512.967,121.802,139.231,459.6,261.962,244.2,289.781,254.831,324.483,243.238,124.215,199.43,206.828,100.088,231.847,148.457,302.22,573.008,263.444,384.701,554.332,117.167,104.815,115.008,269.433,73.753,69.689,79.674,126.3,237.632,116.341,276.841,255.366,298.648,171.933,213.503,148.23,140.593,85.321,136.157,230.646,214.568,338.489,168.221,332.056,203.411,213.846,169.369,264.593,249.751,385.331,914.38,125.97,270.587,156.634,105.744,180.641,113.741,76.084,33.93,173.829,264.224,137.873,116.581,174.574,670.41,774.162,200.059,7.374,1148.752,456.285,76.383,90.63,57.705,114.491,77.127,49.0,91.3,189.614,227.537,305.85,259.481,263.442,318.882,220.536,227.754,235.086,301.118,201.498,224.443,345.782,349.281,340.573,157.05,134.539,116.678,224.16,226.338,227.962,206.774,359.716,225.229,250.409,246.931,144.663,157.69,386.202,502.165,191.943,240.689,350.635,238.701,535.548,96.89,875.434,884.523,310.206,256.588,153.016,149.554,144.717,145.78,251.833,200.427,197.028,246.487,246.112,220.246,338.323,364.469,328.863,348.302,314.17,344.125,105.685,69.155,112.549,49.446,180.011,183.257,198.475,152.027,120.587,106.148,161.975,72.46,119.727,102.1,106.803,97.485,112.79,72.568,107.593,95.162,139.959,159.88,124.804,141.651,170.016,234.38,217.695,239.988,186.696,178.478,288.073,271.898,268.435,309.073,272.661,276.504,245.476,214.251,164.272,215.048,193.058,132.181,151.287,153.796,188.573,148.206,307.979,149.558,239.924,233.356,146.413,249.137,225.964,214.797,308.641,146.24,236.598,224.341,149.54,208.44,150.743,248.771,318.552,195.034,239.859,116.984,475.371,373.578,324.197,348.291,337.414,163.894,145.509,155.77,159.953,202.673,172.712,171.17,121.703,192.144,131.831,199.813,195.108,153.061,154.035,205.508,130.667,155.138,300.73,248.955,169.337,253.464,244.529,134.15,154.206,145.156,141.693,275.032,131.726,235.16,194.358,170.605,209.403,189.536,194.496,570.674,343.961,332.097,258.285,321.734,578.838,494.429,66.482,43.943,68.743,83.495,66.904,127.439,78.473,98.777,87.701,120.154,118.206,175.956,87.726,156.54,102.029,125.59,184.133,215.462,241.375,,62.033,340.068,771.055,315.028,320.258,38.247,78.561,14.737,1.397,491.819,9.577,26.645,36.952,130.218,206.424,258.039,156.907,77.918,57.125,29.554,101.928,104.056,145.356,392.645,321.493,36.913,23.734,156.738,119.569,189.097,227.205,199.522,272.278,471.704,369.233,341.365,179.794,370.741,261.585
2020-03-01,258.076,267.054,258.115,267.312,257.35,235.157,265.665,201.681,245.777,228.085,235.189,240.908,184.356,330.98,104.818,224.896,209.521,262.239,270.321,121.558,204.709,514.743,121.891,139.348,460.9,262.622,245.017,290.216,255.66,324.54,242.654,124.157,198.631,201.539,100.015,206.154,148.19,304.131,575.743,237.558,384.498,556.748,117.161,103.883,113.989,270.177,73.701,69.631,79.12,126.917,237.797,116.84,276.988,255.761,299.482,173.263,214.334,147.67,141.667,84.83,126.951,204.901,202.915,339.502,156.238,332.877,203.448,213.452,170.647,241.321,250.359,386.026,916.649,125.914,233.537,150.702,105.86,180.134,112.053,76.267,33.677,175.412,263.738,135.192,112.292,170.252,671.048,776.352,200.74,7.357,1162.66,457.608,76.39,90.513,57.435,113.176,77.227,49.249,91.602,190.279,227.923,306.338,259.262,262.709,318.443,219.112,227.655,237.353,299.253,209.867,225.627,346.514,351.159,340.136,157.882,135.664,117.494,225.805,228.611,228.504,207.917,359.743,198.888,227.647,227.622,144.245,157.063,386.483,505.448,192.006,240.707,351.35,239.324,533.885,96.953,876.973,887.009,310.546,257.324,150.276,146.734,144.488,145.354,252.974,193.001,189.08,235.331,236.13,217.683,338.426,365.239,321.192,348.117,313.918,343.768,105.781,69.538,112.6,49.78,179.94,183.737,198.759,152.044,120.318,106.788,160.802,72.903,119.55,103.34,105.62,97.692,107.91,71.827,105.877,95.357,137.453,158.009,123.769,143.381,165.636,235.165,221.578,238.45,187.308,178.747,292.379,269.565,272.291,310.265,267.85,280.336,243.167,212.49,163.099,219.104,190.618,128.526,152.307,156.406,189.458,147.538,301.249,151.902,243.861,237.247,146.05,250.625,227.378,213.127,304.578,146.295,236.61,227.56,151.149,208.402,150.732,250.548,312.389,195.553,237.305,119.354,473.776,377.23,323.06,362.217,330.822,164.893,146.127,156.409,159.328,202.077,174.523,173.053,122.274,193.784,131.954,201.999,197.091,153.676,154.734,209.61,132.549,155.376,306.097,251.119,168.864,253.072,247.458,134.28,156.472,145.745,143.744,278.582,132.37,236.893,194.605,171.868,207.491,190.477,195.015,571.846,316.293,332.917,223.851,316.296,580.394,495.288,67.422,43.164,68.026,83.143,66.933,129.946,77.966,99.175,87.878,121.468,117.825,176.74,92.498,155.774,101.732,125.377,184.825,216.153,243.519,,61.143,340.909,772.073,316.376,318.457,38.706,78.061,14.642,1.396,491.768,9.579,26.999,37.144,130.244,205.207,258.264,153.566,77.527,57.308,29.391,94.722,105.216,146.343,397.663,321.432,36.704,23.875,156.25,118.424,190.094,232.141,199.039,273.358,477.891,369.233,341.245,179.985,373.578,262.909
2020-04-01,256.032,265.746,256.389,266.089,254.393,232.419,265.116,182.586,243.546,223.878,233.288,239.126,181.461,329.861,104.288,220.501,170.028,265.777,270.366,117.065,192.375,516.77,121.672,139.617,460.198,266.37,251.063,290.639,256.423,324.391,242.395,124.88,198.264,190.021,98.833,166.329,147.403,304.376,533.873,214.544,383.911,559.62,111.931,99.522,109.343,270.715,73.839,69.76,78.432,127.157,237.484,116.753,285.101,265.629,303.282,178.715,218.519,146.838,138.89,,103.752,164.836,186.26,340.225,143.351,333.532,203.861,213.621,171.753,220.328,250.673,387.312,919.94,125.751,196.819,150.1,106.142,179.033,111.084,75.427,33.491,175.571,261.502,131.887,108.203,167.253,677.144,777.695,201.275,7.365,1159.847,456.797,76.873,91.025,57.3,111.007,78.016,49.935,92.062,195.194,231.71,315.786,268.059,270.285,328.645,225.135,233.168,247.004,312.647,233.596,228.755,350.093,355.198,343.231,161.254,140.947,118.663,227.755,231.037,233.715,208.853,359.839,158.872,190.932,192.935,143.322,156.407,386.862,507.917,192.051,241.085,352.676,240.255,533.767,96.545,878.268,891.149,310.647,258.583,145.258,141.588,143.211,144.299,259.558,182.221,177.581,219.459,221.858,215.041,338.282,365.769,305.569,345.745,312.531,342.508,104.641,69.732,112.809,49.837,179.359,183.714,199.425,,114.79,93.451,159.096,71.409,114.948,100.112,100.494,91.677,98.491,69.507,100.428,94.432,136.454,152.674,118.725,141.765,164.72,239.928,224.844,244.121,194.227,187.332,296.846,278.602,286.192,319.574,272.442,293.69,253.753,218.087,163.936,216.7,204.752,140.016,159.995,156.619,197.665,153.816,302.555,152.078,241.602,247.663,149.934,267.206,236.912,219.534,322.893,147.742,240.897,230.732,152.002,209.286,152.919,249.267,327.429,195.89,247.229,118.222,495.736,383.887,323.232,354.763,337.841,169.509,149.199,157.069,162.156,206.269,180.743,181.089,126.71,195.979,133.88,205.022,200.973,155.794,154.58,208.02,132.73,158.056,303.863,257.286,171.731,261.504,250.679,137.787,156.839,148.438,145.662,281.612,128.299,240.502,195.435,171.142,206.391,192.102,,573.007,286.543,333.566,193.349,311.397,581.757,494.432,67.984,42.928,67.317,84.474,67.534,133.331,77.834,99.598,88.391,122.61,121.416,175.608,93.848,159.418,101.741,124.59,185.235,211.297,239.866,,60.806,342.044,771.403,317.566,315.677,39.015,78.145,14.445,1.387,494.137,9.603,26.793,36.904,130.854,202.746,258.48,152.322,76.797,57.447,29.161,93.505,106.458,147.114,396.562,,36.588,23.931,155.792,115.184,188.129,238.247,198.21,274.089,476.534,367.647,342.173,179.856,372.504,260.387
2020-05-01,255.802,265.412,256.394,265.799,253.857,231.895,265.091,180.04,243.195,222.846,232.483,238.35,181.207,329.655,104.039,219.616,165.335,267.464,270.785,114.244,188.733,519.152,122.642,139.634,460.442,268.086,253.23,291.709,257.713,324.973,241.856,125.299,197.609,186.791,98.477,161.687,148.642,305.574,486.861,205.353,384.304,562.645,109.517,96.333,106.563,270.999,73.792,69.707,78.2,128.906,237.814,116.309,284.648,274.348,304.782,178.463,218.668,146.749,137.922,85.792,99.567,160.261,180.357,341.007,141.462,334.293,203.344,213.017,171.495,215.541,250.921,389.607,919.075,125.8,186.931,148.987,106.328,179.35,110.733,74.725,33.28,179.624,264.242,129.276,107.123,166.092,677.189,778.538,201.925,7.352,1156.179,456.946,76.394,91.521,56.879,112.314,78.255,50.061,92.333,196.757,234.758,313.372,278.265,285.696,363.942,229.396,234.895,250.77,311.433,223.01,230.166,351.851,355.615,346.344,162.008,141.075,117.924,229.24,230.176,233.779,209.458,363.372,155.087,182.512,184.568,142.943,156.291,389.329,512.254,193.05,241.419,352.287,240.873,533.325,96.456,879.429,893.091,310.605,258.631,144.349,140.626,142.711,143.869,262.316,179.592,174.714,216.536,219.33,214.04,338.982,367.526,294.297,344.752,312.23,342.329,104.372,69.49,112.856,49.617,179.72,183.918,199.763,,112.48,89.373,156.137,70.135,113.583,97.222,97.026,88.65,88.798,68.522,95.686,92.515,133.783,148.589,116.224,143.456,162.365,238.275,228.013,247.899,190.654,186.091,294.435,278.812,277.178,318.252,274.038,314.981,298.691,241.757,162.393,222.481,221.889,142.214,162.007,160.02,196.794,153.864,300.518,149.695,248.14,251.698,152.281,270.112,240.267,221.149,320.149,146.865,242.776,235.749,154.494,208.256,152.349,249.669,327.826,196.546,247.694,119.279,489.846,391.009,329.078,357.688,339.689,168.045,151.281,160.709,162.544,207.148,178.289,179.385,127.01,193.725,134.307,202.046,204.179,155.688,157.102,207.932,132.625,158.605,304.355,250.967,174.114,260.315,250.011,138.58,157.718,147.232,145.354,276.814,130.216,240.292,195.778,171.998,204.757,193.369,,574.178,282.107,334.329,185.005,313.815,582.322,494.946,66.322,42.872,68.516,84.904,67.655,132.753,77.934,99.689,88.928,123.45,123.047,169.156,91.007,160.857,101.919,125.412,186.823,210.333,238.996,,60.438,342.649,766.407,318.863,313.864,38.629,78.1,14.626,1.378,496.456,9.664,26.578,36.698,131.294,202.407,259.974,152.507,76.036,56.576,28.974,95.392,104.849,151.312,404.439,321.285,36.747,23.25,155.297,115.279,192.183,241.201,199.563,275.171,474.692,367.911,342.951,179.586,372.926,261.064
2020-06-01,257.042,265.849,257.797,266.302,255.061,233.425,265.68,188.734,244.412,224.386,232.908,239.191,182.834,330.522,103.543,223.065,182.932,268.849,271.26,115.665,192.554,520.867,122.081,139.523,461.81,269.553,254.674,293.219,258.033,325.425,242.52,125.731,198.198,190.606,97.602,179.354,147.643,305.736,512.028,209.059,384.259,564.929,111.667,97.05,108.047,271.123,73.658,69.568,78.212,128.001,238.228,116.676,285.551,279.804,305.956,179.499,218.78,146.449,134.156,,117.375,178.169,180.684,341.524,143.221,334.617,203.539,213.67,170.37,226.878,251.435,390.511,920.358,125.789,192.344,146.798,106.253,178.826,112.281,75.872,33.077,176.823,268.709,130.267,112.25,167.399,674.802,779.008,202.813,7.33,1165.761,457.128,77.74,91.958,58.048,113.116,79.292,50.322,93.034,196.827,234.903,314.487,284.421,296.43,381.453,237.135,239.416,250.451,308.552,219.387,228.437,353.068,355.188,349.225,162.862,142.03,118.403,226.922,230.664,234.293,209.222,364.722,172.964,199.777,199.206,142.812,155.849,390.718,512.297,193.585,242.115,352.794,241.157,533.46,96.208,879.968,889.311,311.779,259.804,145.962,142.265,142.586,144.295,263.731,184.965,180.413,224.753,226.736,214.371,339.397,366.84,300.572,345.99,312.941,343.259,103.166,69.153,112.805,49.359,181.276,172.576,201.685,,114.327,92.347,159.495,70.398,113.533,100.037,97.743,88.238,87.764,68.539,97.348,93.226,136.334,148.458,115.943,142.676,163.403,242.136,230.49,245.758,189.75,186.082,298.935,279.283,279.055,318.366,273.187,336.424,298.983,254.338,171.599,223.502,231.435,144.476,162.144,159.047,194.058,153.556,321.482,154.299,249.201,263.072,152.292,268.16,241.328,220.696,320.29,145.469,242.237,234.793,153.063,207.343,150.514,246.792,320.323,195.506,253.041,118.552,497.252,394.396,334.038,353.55,343.885,169.812,151.197,160.17,162.407,207.409,180.978,183.649,126.872,195.799,132.816,203.763,201.578,154.022,156.977,205.753,131.122,159.984,299.727,252.077,172.693,263.794,250.387,138.005,157.37,147.759,145.747,280.063,130.117,238.315,196.88,172.472,207.329,193.447,198.655,574.856,286.105,334.646,200.516,319.287,583.204,496.679,65.834,44.472,70.507,85.599,68.734,133.246,77.659,100.168,89.772,124.37,122.021,170.468,92.105,160.607,101.829,124.033,186.976,208.479,235.102,,59.397,343.004,768.096,320.23,315.606,38.778,77.936,14.16,1.357,496.264,9.61,26.432,36.5,131.335,200.475,261.206,156.054,76.001,56.539,28.875,90.99,104.364,146.45,405.896,323.188,36.602,23.069,154.131,113.859,193.557,240.494,200.814,275.904,479.396,368.924,343.031,179.705,372.023,259.709
2020-07-01,258.352,267.389,259.101,267.703,256.738,234.917,266.833,191.966,245.697,226.445,234.807,240.988,183.628,332.357,104.584,223.821,189.728,267.824,271.942,116.576,197.289,522.675,121.368,141.049,463.378,268.532,252.003,294.599,256.96,326.249,242.776,126.199,198.221,195.065,98.505,186.138,148.123,305.573,560.161,217.372,384.377,567.284,112.165,97.555,108.705,271.783,74.976,70.84,78.686,126.454,238.64,116.917,284.114,269.268,306.679,178.843,218.38,146.961,136.77,,122.241,185.072,180.8,342.312,145.373,335.334,203.359,214.058,168.556,232.228,252.401,392.285,921.834,125.809,203.723,146.97,107.158,179.372,114.094,75.844,33.174,171.321,268.818,132.047,114.309,168.983,677.979,780.84,203.754,7.316,1178.054,456.784,75.093,92.385,57.849,112.222,80.202,50.664,92.889,200.321,232.25,314.422,273.555,280.754,348.9,229.67,237.363,245.337,308.433,213.15,227.114,354.046,356.395,349.964,163.008,141.642,117.604,225.532,230.276,234.039,209.471,361.401,179.82,206.733,206.795,143.474,156.26,392.928,515.204,193.121,242.38,353.381,241.808,533.551,95.68,882.896,886.037,312.33,260.217,147.336,143.697,143.375,144.809,260.984,186.849,182.456,227.646,229.273,217.26,340.2,368.056,311.944,348.97,314.507,345.28,104.17,68.991,114.162,49.151,182.035,,200.591,,113.966,94.041,159.747,69.399,113.583,104.485,98.415,91.046,88.77,68.626,98.222,92.979,138.735,148.749,118.241,141.982,165.639,238.881,226.335,245.033,190.894,185.553,296.97,279.035,278.336,315.88,273.974,309.349,272.402,231.599,169.394,214.301,218.186,142.121,157.816,160.354,192.804,153.209,317.403,153.195,239.35,267.579,151.09,264.654,233.695,222.1,317.557,146.046,238.402,233.487,152.115,209.485,150.672,248.783,320.461,192.992,257.816,118.427,502.152,383.752,332.396,357.245,347.547,170.309,151.133,160.434,163.481,207.387,180.994,183.663,126.272,194.372,132.234,202.474,199.63,153.029,156.792,207.743,131.668,159.123,306.754,253.885,172.67,263.817,249.738,137.772,156.208,147.863,144.829,283.621,127.466,238.526,196.056,172.661,210.312,191.909,197.85,575.647,290.997,335.362,207.536,320.701,585.456,498.564,64.612,44.495,71.697,87.504,68.898,134.562,78.543,100.891,89.315,126.653,122.471,172.575,100.146,155.557,102.339,124.958,186.342,210.404,236.982,,59.023,343.534,770.094,321.579,318.498,38.686,77.879,13.918,1.345,500.815,9.674,26.775,36.589,132.627,200.726,262.542,159.858,76.212,56.713,28.806,96.08,105.829,139.498,393.361,324.421,37.036,23.549,154.041,114.255,185.452,,199.846,278.167,484.649,368.854,343.271,179.81,370.785,258.772
2020-08-01,259.316,268.422,259.918,268.756,257.787,236.041,267.772,193.307,246.692,227.723,236.092,241.643,184.889,332.902,106.422,224.979,192.893,268.271,272.539,116.907,199.971,522.922,122.118,141.226,462.902,268.957,252.148,295.437,257.678,326.782,242.873,127.193,197.909,197.926,100.363,189.307,148.096,307.554,563.101,217.404,385.409,567.277,112.469,97.893,109.096,271.251,75.264,71.113,79.298,127.128,238.219,116.56,284.153,265.664,307.808,178.879,219.355,146.898,144.102,83.676,130.172,188.325,180.088,342.65,146.431,335.891,202.937,213.671,168.043,234.497,253.974,392.059,922.205,126.233,207.635,148.754,107.729,181.131,114.691,75.366,33.337,172.278,270.573,132.096,115.093,169.959,685.181,778.949,204.55,7.314,1180.537,457.32,72.725,93.09,57.659,114.047,81.688,51.252,92.926,199.34,231.024,314.673,269.907,274.999,333.654,227.529,240.538,244.804,308.671,210.109,231.231,355.725,362.174,347.472,162.978,141.43,118.086,227.252,229.934,235.152,209.262,364.232,182.98,210.422,210.492,143.482,156.144,393.025,512.985,192.852,242.38,353.332,242.771,534.254,96.373,878.046,890.31,312.538,260.051,148.828,145.201,144.691,145.219,260.645,188.264,183.919,229.495,231.025,217.891,340.788,368.905,312.966,349.469,315.061,345.913,106.249,69.091,114.304,49.102,182.162,175.849,202.014,,114.812,92.027,161.952,69.224,118.174,102.382,98.45,91.2,93.804,68.167,98.124,94.665,137.917,147.31,119.556,145.826,166.399,238.733,221.886,245.497,191.783,186.955,295.675,278.159,279.458,317.164,272.383,297.108,261.39,223.646,166.987,214.604,211.034,141.863,157.323,161.608,190.771,154.901,309.475,154.062,239.308,258.149,152.801,261.697,233.051,225.163,321.709,151.94,244.669,231.982,152.218,218.064,156.513,250.549,320.21,189.923,260.581,123.707,506.879,380.396,334.199,352.836,344.229,169.177,151.652,161.977,162.831,207.62,179.925,182.962,126.162,194.621,133.963,203.137,200.717,154.768,157.199,209.133,129.69,159.424,306.362,255.663,174.192,262.272,251.203,138.803,157.165,148.755,146.168,283.575,130.742,237.5,196.405,172.341,209.942,192.667,198.84,574.516,293.519,335.918,214.196,319.495,589.444,500.882,66.801,44.137,74.134,92.426,69.227,133.402,78.626,101.126,89.16,126.075,122.282,175.936,103.595,151.25,102.359,125.634,188.27,211.923,238.8,,59.017,343.123,771.766,322.785,320.281,38.866,77.874,13.663,1.345,503.323,9.759,26.994,36.867,133.269,203.281,264.244,159.697,77.394,56.361,28.677,110.478,105.398,139.905,396.727,324.746,37.03,23.675,155.271,116.451,188.142,,200.567,279.335,485.157,369.22,343.608,180.018,371.152,259.103
2020-09-01,259.997,268.933,260.28,269.054,258.562,236.877,268.218,196.705,247.403,228.727,236.73,241.44,185.938,333.197,107.527,225.626,197.236,268.354,272.895,117.157,202.572,522.947,122.276,140.96,463.928,269.043,251.166,297.08,257.73,327.043,244.966,126.963,200.119,200.436,102.519,194.031,148.193,308.198,542.968,221.126,383.031,568.08,112.441,98.909,109.615,270.498,75.175,71.027,78.956,127.673,238.708,116.843,283.994,264.322,307.199,177.811,218.16,147.137,152.968,,134.754,193.069,179.631,342.986,146.741,336.126,205.55,215.381,173.206,228.072,254.266,392.098,926.748,125.534,205.325,149.767,107.992,180.231,114.34,75.685,33.531,173.251,266.863,131.265,111.674,172.65,683.136,776.793,204.551,7.26,1183.975,458.345,74.151,92.722,57.172,114.96,80.468,51.118,93.188,196.956,233.149,314.275,268.656,271.752,331.09,223.424,237.774,246.964,310.573,207.595,230.656,354.535,359.916,347.371,163.472,140.44,117.829,227.855,229.692,233.385,209.015,364.456,187.887,214.417,213.803,143.677,156.461,392.474,514.033,194.419,243.578,355.129,243.15,529.966,97.461,874.09,893.105,313.713,260.115,150.158,146.558,145.698,145.04,259.544,189.259,184.973,231.294,232.678,219.358,341.148,369.531,310.192,349.782,315.366,346.004,108.839,67.416,114.297,47.629,182.638,176.453,203.052,142.885,114.835,90.303,166.073,68.371,116.522,100.165,99.47,91.737,94.309,69.02,99.176,95.658,137.549,144.554,119.744,144.529,169.577,237.7,226.417,244.726,192.332,186.687,294.172,276.83,277.278,315.026,274.783,291.531,262.011,220.444,165.691,213.64,212.637,133.378,157.779,165.58,193.679,154.345,309.803,152.161,237.781,252.706,152.646,259.035,235.452,226.117,318.414,152.025,243.109,231.922,151.063,219.306,156.156,249.758,320.656,190.21,258.539,120.458,508.586,366.077,340.486,353.727,345.705,169.996,152.261,160.96,164.51,209.018,180.425,180.009,126.207,194.296,132.814,202.646,198.851,155.794,154.204,208.73,132.377,158.585,307.129,257.555,173.53,260.103,250.667,137.098,156.468,149.859,145.799,282.587,129.27,237.124,198.035,171.714,211.356,193.725,200.81,577.183,294.03,336.15,206.337,320.133,589.992,501.756,66.168,43.523,73.625,91.215,68.233,135.1,79.715,101.5,88.899,126.036,121.312,180.217,97.871,151.55,102.58,125.058,189.628,215.751,243.321,,58.57,344.165,775.039,322.531,322.953,37.459,78.11,13.635,1.337,504.337,9.79,27.063,36.948,133.601,200.833,265.069,157.628,78.329,55.871,28.926,106.717,106.192,144.076,392.607,324.636,37.075,23.392,154.382,114.164,187.431,,202.063,280.032,486.877,369.317,344.59,180.839,371.369,260.876
2020-10-01,260.319,269.306,260.388,269.328,258.839,237.18,268.625,196.113,247.833,228.96,237.096,241.536,186.248,333.517,108.063,225.353,195.435,269.007,273.154,117.158,203.23,520.943,122.765,141.132,464.053,269.653,251.641,297.893,258.936,327.421,245.472,126.764,200.534,200.816,103.718,192.327,147.723,308.569,531.206,225.62,380.371,566.288,111.626,98.904,109.156,270.905,75.25,71.103,78.957,128.454,238.685,116.811,284.619,265.076,308.975,177.953,218.621,147.907,155.964,,141.537,191.525,176.848,343.502,142.605,336.841,206.141,216.297,172.848,224.265,254.781,392.536,925.515,124.703,215.955,151.485,108.453,179.938,114.921,76.096,33.546,174.49,269.735,133.066,108.214,172.899,683.131,778.006,204.134,7.246,1186.127,456.58,73.867,92.463,56.457,114.508,81.188,50.219,93.251,198.021,232.989,315.13,269.307,272.904,331.659,226.577,236.763,246.301,311.161,209.686,229.155,357.595,364.555,348.813,162.723,140.542,118.186,230.092,229.137,233.708,210.209,365.392,186.349,213.947,212.035,144.15,157.628,392.099,515.352,194.162,243.578,354.289,243.914,527.649,95.938,874.838,895.622,313.928,261.071,150.353,146.726,146.112,145.064,260.122,188.809,184.401,230.144,231.774,220.904,341.506,370.541,310.119,350.191,315.881,346.302,109.989,67.185,114.478,47.42,183.177,176.445,201.58,142.994,113.399,88.278,161.826,68.587,116.688,100.086,99.443,92.985,95.268,68.846,98.753,95.749,138.437,150.983,120.839,144.976,170.511,238.821,226.858,245.004,193.623,185.665,297.045,276.303,282.99,314.169,273.04,292.378,260.503,220.85,167.855,213.379,204.053,138.812,157.471,163.72,193.648,154.815,312.011,154.649,237.518,256.76,152.886,259.177,234.251,224.429,322.106,149.081,243.122,228.19,152.591,214.942,153.055,248.447,326.663,190.704,259.961,122.346,508.585,373.208,353.35,356.659,343.007,168.408,152.352,159.795,163.708,208.807,179.298,180.857,125.754,195.731,131.207,203.879,203.663,156.552,157.045,207.858,131.286,158.226,305.458,257.554,173.444,260.936,251.703,137.517,157.086,149.441,146.575,285.322,129.46,238.502,197.594,173.571,211.596,193.517,203.421,578.664,284.399,336.87,201.927,320.867,590.957,503.315,66.408,42.406,72.711,94.316,67.864,135.543,79.471,102.106,88.932,126.666,122.582,181.035,99.316,154.527,102.859,125.43,189.548,214.627,242.8,,59.407,343.19,773.631,321.858,322.443,37.201,78.039,13.662,1.336,507.735,9.858,27.347,37.034,134.227,199.186,266.601,160.308,77.232,56.065,29.066,101.861,106.023,144.807,395.011,327.303,37.544,23.384,153.825,112.545,187.632,,203.447,280.975,487.648,369.071,344.749,180.578,366.858,260.786
2020-11-01,260.911,269.981,260.229,269.473,259.526,237.851,269.195,197.017,248.469,229.785,237.919,242.544,186.472,334.416,108.116,225.764,195.938,269.066,273.806,117.411,204.355,520.567,123.319,141.316,464.717,269.636,251.365,298.253,259.995,327.801,247.046,127.699,202.024,201.667,104.167,192.59,147.439,309.949,538.133,230.507,378.81,566.296,111.594,98.601,109.166,271.289,75.341,71.189,79.218,129.116,238.799,117.331,283.571,266.178,308.108,177.309,217.945,148.443,154.817,,145.418,191.823,176.468,343.731,146.204,336.982,207.489,217.463,174.694,230.72,255.65,392.755,927.819,124.469,221.157,156.589,108.434,181.007,115.564,76.109,33.403,176.077,270.007,134.236,112.541,171.688,681.564,779.217,204.389,7.284,1192.609,453.714,75.026,93.408,56.167,115.428,82.621,50.548,93.573,200.348,232.878,312.756,270.292,273.675,333.856,226.33,236.894,247.99,312.053,212.313,229.503,355.625,362.506,346.932,163.886,140.025,117.496,230.249,229.427,232.68,210.976,367.5,186.384,214.789,213.826,144.605,158.239,392.156,515.553,193.143,243.437,355.164,245.116,526.167,95.849,876.043,897.53,313.885,261.46,150.651,147.002,146.388,145.556,258.692,189.137,184.651,230.513,232.252,222.284,341.949,371.185,315.497,351.811,316.874,347.166,109.86,67.553,114.59,47.783,183.794,165.329,201.72,130.444,113.987,86.146,161.236,69.576,118.591,100.815,98.85,92.61,96.528,67.275,100.011,96.743,137.634,156.981,121.217,143.649,168.344,239.784,225.593,244.669,192.66,183.491,295.483,277.177,278.205,322.189,267.509,293.417,262.095,221.167,168.083,210.071,210.221,137.619,159.693,161.483,194.12,154.793,314.467,152.813,234.257,246.391,152.397,263.008,237.709,226.683,320.475,150.175,242.399,230.203,152.981,216.523,153.578,243.774,325.316,191.855,260.055,120.217,509.228,374.686,346.543,344.916,342.89,171.779,151.726,159.527,166.163,208.078,183.156,178.843,126.24,192.684,132.682,201.94,208.699,156.199,157.012,204.031,131.0,159.153,305.242,256.484,173.896,259.334,252.013,135.975,159.17,149.226,145.86,282.621,130.317,240.856,197.461,173.859,211.826,193.242,204.911,579.549,292.616,337.008,207.539,323.512,592.998,504.97,64.727,42.357,73.831,96.457,68.887,134.482,78.533,101.217,90.408,126.85,123.008,183.56,103.148,158.33,102.86,124.884,189.791,213.018,242.8,,60.947,343.942,775.166,322.058,324.963,37.964,78.372,13.058,1.353,509.81,9.746,26.916,36.922,134.285,200.897,267.402,161.063,77.77,56.433,28.944,102.029,105.173,144.862,401.761,332.168,37.295,23.623,155.057,113.746,189.093,,203.558,281.293,490.481,369.112,344.931,181.128,356.985,261.952
2020-12-01,262.045,270.341,260.474,269.226,260.658,239.25,269.672,205.67,249.687,231.237,238.248,242.962,188.296,334.774,108.229,228.81,213.081,270.088,274.303,117.967,208.196,519.866,122.996,141.454,468.051,270.781,252.536,299.369,259.397,328.217,248.311,128.031,203.192,205.883,104.438,209.534,148.363,309.888,546.239,228.912,377.921,565.656,112.485,99.152,109.813,271.916,75.335,71.176,79.42,128.426,240.591,117.494,285.403,265.884,308.027,178.91,219.719,150.089,154.216,,144.011,208.753,184.103,344.125,146.014,337.456,208.056,217.938,175.514,248.529,256.456,392.556,928.006,124.176,216.188,160.737,108.893,181.597,116.4,75.386,33.021,173.722,271.818,134.36,111.893,173.21,686.054,780.892,205.149,7.289,1199.508,457.446,75.959,93.325,55.291,115.696,82.462,50.845,93.749,199.451,234.368,313.199,270.577,274.301,333.528,228.214,237.026,246.343,313.872,204.502,231.74,355.214,362.035,346.585,164.374,141.284,118.903,231.476,230.919,234.747,211.003,367.636,203.635,230.557,227.155,146.111,159.941,391.807,516.555,192.93,243.32,355.232,245.407,525.244,96.029,877.652,900.535,314.138,261.668,152.627,149.036,146.718,146.028,259.404,193.417,189.16,237.51,238.619,222.388,342.333,371.193,315.71,352.107,317.37,347.508,110.36,67.692,114.693,47.821,184.314,165.308,201.855,130.562,114.749,88.392,160.308,70.834,118.75,101.76,99.008,93.415,98.932,67.659,99.464,99.039,137.716,153.4,121.891,146.158,168.815,240.786,227.887,246.835,193.093,185.119,296.454,277.394,280.096,314.422,274.167,290.523,261.906,222.001,171.124,213.011,208.335,137.554,158.658,158.802,195.613,155.165,321.049,153.423,237.422,252.795,152.767,261.416,236.399,225.996,321.745,153.549,243.45,231.597,153.997,222.156,157.096,246.157,327.313,189.622,259.638,120.589,507.502,372.057,349.643,341.85,346.836,172.332,152.127,160.839,165.469,208.502,183.948,181.524,126.557,195.931,134.04,203.671,208.979,156.826,158.203,207.598,132.825,159.75,309.915,261.771,174.235,262.075,251.388,138.053,162.821,148.853,144.266,281.862,131.591,239.104,197.618,174.219,211.197,193.642,204.314,580.312,292.12,337.484,229.738,326.573,594.169,508.19,63.979,41.182,73.97,94.405,70.079,136.674,78.32,101.241,90.624,128.018,120.091,182.921,103.948,156.756,103.461,125.806,189.525,211.789,241.383,,63.244,343.512,775.417,322.967,329.2,38.315,78.415,12.616,1.365,512.447,9.864,26.826,36.995,134.919,201.995,267.613,159.73,80.282,56.812,28.885,91.373,102.637,144.811,388.75,331.694,37.157,23.527,155.04,115.05,189.497,,203.582,281.656,493.672,369.112,345.188,181.813,366.894,260.387
2021-01-01,262.639,270.416,261.582,269.755,261.276,239.931,269.802,211.551,250.219,231.97,238.174,242.968,189.42,334.842,107.972,230.924,225.952,270.525,274.435,119.233,210.241,521.774,122.17,141.544,468.519,271.223,252.588,300.382,259.765,328.577,248.28,127.608,202.822,208.245,103.769,222.333,149.198,310.662,551.517,226.427,377.546,568.303,114.152,100.704,111.357,272.157,75.368,71.2,79.537,127.005,239.868,118.306,283.653,267.661,308.639,179.158,218.923,149.989,153.361,82.018,144.289,221.457,192.812,344.469,144.911,337.928,207.222,216.253,177.146,259.944,257.722,396.13,936.837,123.862,211.234,162.269,108.247,182.587,117.219,75.979,32.93,169.958,274.619,134.371,110.503,176.808,684.568,781.674,205.83,7.28,1220.942,452.841,74.214,92.774,55.241,115.163,81.268,51.222,92.441,199.947,233.716,312.06,272.376,276.401,337.142,229.902,237.38,248.582,313.864,205.991,231.546,356.258,364.356,346.327,164.135,141.362,118.969,231.039,231.369,233.635,210.914,367.968,216.271,243.026,238.965,146.34,159.799,397.892,517.298,192.378,247.153,358.733,244.799,525.434,95.828,877.935,903.29,314.785,262.265,153.935,150.362,146.769,146.217,259.851,197.095,193.11,243.074,243.597,221.673,342.78,369.935,314.65,351.519,317.124,347.655,110.07,67.351,114.817,47.542,184.776,157.583,201.915,118.831,116.046,87.293,158.548,71.248,124.467,104.115,100.01,94.705,96.606,70.219,97.801,103.026,140.438,152.742,120.906,146.565,174.216,238.4,226.376,245.005,191.579,185.8,297.056,272.1,277.49,313.738,266.846,289.968,265.504,227.176,170.23,216.165,203.256,141.467,159.777,162.68,195.868,156.3,321.899,152.877,241.159,251.602,152.624,262.2,238.713,228.192,324.097,151.392,244.437,232.073,153.253,219.14,155.161,244.905,329.3,196.779,261.137,121.158,513.735,380.583,346.24,340.318,342.053,172.294,152.154,159.302,165.021,207.646,184.413,183.251,126.141,195.716,133.823,204.301,206.385,157.366,156.878,205.818,133.404,160.672,305.172,253.589,172.852,259.434,251.873,138.255,160.522,149.253,145.836,278.995,132.058,239.16,199.253,173.965,213.064,195.557,204.712,581.451,289.496,337.958,235.447,349.997,596.237,512.722,63.32,41.691,72.683,94.377,67.988,139.888,78.514,101.011,88.58,128.551,119.91,185.811,109.401,158.218,103.12,127.029,190.854,214.896,246.537,,63.907,346.381,784.494,324.165,328.976,38.316,78.485,12.276,1.373,509.203,10.057,25.936,36.731,134.153,202.042,270.642,160.236,81.32,57.335,28.768,93.216,101.921,144.443,367.426,338.351,37.237,23.952,154.958,115.225,189.962,186.073,205.088,285.033,502.735,369.417,345.498,183.159,349.467,261.103
2021-02-01,263.573,270.776,263.014,270.696,262.314,241.008,270.148,219.204,251.117,233.227,238.433,243.22,190.4,335.761,108.229,232.507,238.949,270.798,275.136,118.398,212.747,523.455,122.759,141.655,469.366,271.498,252.945,300.54,260.011,329.127,251.46,127.505,206.02,211.324,103.861,234.934,149.324,311.627,556.996,220.815,374.905,571.382,112.441,100.039,110.313,272.605,75.375,71.206,79.899,127.637,240.035,118.714,284.413,268.723,308.872,178.99,219.476,149.941,153.647,,152.704,234.076,203.109,345.073,142.888,338.749,209.89,218.566,180.787,279.652,258.763,400.386,939.095,122.935,200.969,162.537,108.601,182.709,119.02,77.136,33.015,170.989,273.091,134.466,108.448,177.229,693.357,782.634,205.906,7.26,1228.75,455.705,73.977,92.663,55.632,115.123,82.603,51.035,93.046,197.246,233.289,314.428,273.284,278.423,340.0,232.079,237.817,246.548,314.626,209.044,230.452,356.955,367.322,344.716,163.542,141.486,118.483,230.689,232.907,234.258,210.432,368.156,229.174,253.357,246.924,146.485,159.662,405.897,519.487,193.394,246.671,359.521,246.013,521.231,95.401,879.093,906.085,315.633,262.241,155.113,151.559,146.662,146.05,260.634,200.025,196.249,248.11,248.09,221.986,343.317,370.958,314.439,352.621,317.806,348.424,110.136,67.27,114.925,47.298,185.256,138.337,202.261,102.565,114.679,88.34,158.454,67.681,122.914,101.816,100.254,93.486,94.097,70.582,99.084,98.32,140.54,151.066,121.054,146.121,171.901,238.816,223.913,245.106,191.171,187.64,296.6,277.115,277.566,318.344,271.312,290.26,268.729,227.992,170.446,226.208,205.226,141.738,158.576,162.086,196.115,155.434,322.237,152.782,253.993,254.072,151.742,261.263,235.858,227.532,322.341,149.192,243.24,231.007,154.335,214.775,154.017,248.598,333.475,193.05,262.548,123.388,516.565,374.766,345.071,341.861,341.525,172.16,150.505,159.651,164.658,204.916,183.884,183.576,126.154,195.393,133.531,204.762,207.224,156.705,157.722,209.807,132.761,161.244,312.21,253.527,172.779,261.017,252.305,138.235,160.448,150.182,146.499,281.696,132.234,239.803,200.616,172.577,214.867,196.809,204.856,582.958,284.726,338.777,257.137,371.292,597.584,517.27,62.571,42.185,73.973,94.129,69.678,139.234,79.029,101.438,89.001,127.847,116.109,187.784,109.057,157.136,103.239,127.274,191.095,216.585,245.99,,64.389,347.602,784.471,324.152,330.473,38.204,78.344,12.103,1.389,510.815,9.857,25.48,36.595,134.791,202.178,270.818,163.468,81.981,57.693,28.783,95.392,102.352,144.825,372.105,338.165,37.132,24.122,155.237,115.241,191.18,195.263,204.706,286.637,506.058,371.052,347.41,183.249,355.234,262.726
2021-03-01,264.847,271.453,264.877,271.713,263.749,242.425,270.76,228.068,252.426,234.902,238.991,243.696,191.908,336.761,108.754,234.155,255.551,271.083,276.028,118.481,216.728,523.943,123.192,141.438,472.045,271.756,253.136,300.897,260.652,330.022,253.081,128.005,207.674,215.775,104.418,251.787,149.147,314.66,561.445,218.037,375.111,571.961,113.764,99.091,110.306,272.286,75.237,71.062,79.73,128.473,241.377,119.044,284.126,269.845,310.84,178.836,219.016,149.842,154.93,,166.045,250.828,224.236,345.669,146.047,339.562,211.432,218.315,187.459,285.654,259.204,400.669,944.047,123.029,198.108,163.179,108.772,182.698,117.459,76.676,33.357,173.121,271.754,134.891,107.413,181.111,677.099,782.375,206.886,7.244,1236.352,461.258,74.506,93.064,55.482,117.165,83.148,51.223,93.636,195.666,232.115,315.045,273.633,278.414,341.47,230.87,237.412,247.963,314.892,220.192,229.249,359.455,370.464,346.551,164.206,141.261,118.596,231.918,232.234,233.479,210.96,369.031,245.469,269.624,264.87,146.111,159.706,407.048,519.078,193.179,247.069,361.468,247.229,521.375,94.911,879.749,908.697,312.97,262.036,156.981,153.45,146.929,146.164,261.273,202.334,198.703,253.243,252.7,222.768,344.18,372.151,315.97,354.293,319.004,349.381,110.485,66.103,114.892,46.56,185.703,119.919,202.67,85.872,115.264,87.586,159.835,68.829,124.361,105.896,99.91,93.446,96.04,68.595,100.448,94.689,142.104,150.57,122.538,149.586,178.123,238.768,225.778,243.156,191.582,186.812,302.167,275.513,284.635,315.777,270.065,295.827,270.512,226.679,172.585,211.791,208.45,142.207,159.74,160.806,199.903,154.496,326.855,154.092,236.876,253.579,151.269,264.419,237.797,227.78,318.745,148.091,242.959,230.735,152.525,213.568,152.276,245.984,334.944,193.22,260.607,125.454,510.339,381.271,340.892,344.119,342.601,172.658,151.187,161.064,165.583,204.916,183.404,182.762,126.054,194.941,134.073,204.052,207.554,157.475,158.16,207.741,131.859,162.261,309.829,255.294,171.869,260.651,249.451,138.251,159.192,149.273,143.795,280.014,130.914,241.398,200.344,172.853,211.17,197.336,204.175,584.196,291.901,339.587,268.967,365.762,598.452,518.505,61.922,42.094,74.258,94.726,69.945,139.55,78.656,102.769,89.106,125.942,115.927,186.563,114.876,157.442,103.297,126.044,193.984,215.09,246.314,,64.786,348.994,789.733,325.647,332.552,37.453,78.632,12.014,1.385,512.135,9.806,25.766,36.632,135.019,202.372,270.495,161.139,81.039,57.272,28.944,97.041,106.129,144.957,381.683,340.877,37.528,24.093,155.473,115.238,193.267,204.443,207.53,285.777,509.124,371.083,347.621,183.077,372.478,263.432
2021-04-01,266.625,273.626,267.054,273.968,265.649,244.417,272.752,227.637,254.264,237.112,241.648,245.259,193.647,338.508,111.951,234.973,251.283,272.061,277.441,119.495,220.726,524.39,124.261,141.982,472.505,272.761,254.204,301.819,261.265,331.231,255.967,129.221,210.728,219.217,108.313,247.516,150.454,315.177,566.136,229.565,377.284,571.849,114.063,99.529,110.932,272.935,75.615,71.423,80.674,129.371,241.575,119.471,285.404,271.128,313.434,179.012,219.536,149.757,168.006,,187.533,246.431,228.499,346.38,153.75,340.381,214.821,221.06,192.636,282.554,259.581,400.95,945.329,123.804,215.448,163.576,109.207,183.164,118.879,76.635,34.104,175.293,275.956,137.286,109.987,183.539,686.521,783.907,207.564,7.362,1238.348,461.446,75.609,93.854,56.108,119.675,83.029,51.278,93.601,197.266,230.84,316.761,275.534,281.397,343.072,236.264,238.673,248.904,313.818,213.45,230.17,362.845,377.137,346.59,164.921,141.307,118.65,232.377,235.175,233.701,211.134,370.416,241.175,267.659,262.574,145.679,159.979,405.869,520.953,193.166,247.246,361.585,248.233,523.876,95.956,880.829,911.506,313.787,262.436,158.896,155.389,149.528,147.186,263.207,202.945,199.347,253.73,253.136,225.267,345.502,373.338,322.685,356.626,320.816,350.991,114.308,68.187,115.088,48.259,186.076,119.129,202.9,85.045,115.656,86.575,162.11,69.076,126.297,106.684,100.404,92.759,97.843,68.814,101.346,94.875,145.142,155.786,122.526,153.38,181.122,237.402,225.246,242.057,191.929,188.365,303.122,279.068,283.775,321.424,267.679,296.906,268.585,232.21,176.251,220.602,212.226,145.563,159.919,163.782,198.501,154.466,334.708,155.838,248.12,256.357,152.8,262.989,238.092,225.498,320.176,150.968,240.069,230.152,153.311,218.456,155.22,247.895,336.503,195.866,266.546,128.261,524.372,375.74,340.95,350.654,343.351,173.324,152.307,161.427,166.439,206.89,184.661,181.642,127.037,195.967,133.933,204.586,208.223,158.177,158.629,207.99,133.272,163.846,309.29,254.123,172.281,260.143,252.627,137.869,160.542,149.723,145.436,283.358,132.379,239.532,200.91,174.161,210.728,198.695,204.538,585.462,309.534,340.403,265.409,364.513,599.614,518.579,61.62,43.082,74.942,94.875,69.835,139.524,81.357,102.29,89.259,126.442,118.273,188.613,115.967,158.782,103.796,127.971,193.512,215.16,246.488,,65.486,349.651,785.951,326.743,333.347,39.358,79.231,11.937,1.419,514.159,9.874,25.947,37.124,135.291,203.299,270.576,163.224,81.909,57.469,29.669,101.855,105.651,145.484,394.708,335.978,38.333,24.165,155.767,116.174,193.202,225.058,208.616,286.369,509.948,371.157,347.504,183.798,371.628,
2021-05-01,268.404,275.457,269.195,275.893,267.53,246.522,274.474,230.26,256.144,239.432,243.95,246.655,195.923,339.699,114.749,235.969,255.318,273.142,278.625,120.612,225.932,523.935,124.605,142.293,472.745,273.89,254.972,303.481,261.711,332.129,257.369,131.048,212.271,224.163,112.137,251.342,151.777,314.164,569.088,238.091,377.191,571.278,114.148,100.948,111.985,273.804,75.72,71.515,80.961,129.675,241.645,119.287,286.442,274.89,313.606,178.036,219.433,151.665,178.929,,206.363,250.207,232.801,347.23,154.117,341.354,216.154,222.132,194.698,290.857,259.542,401.18,944.68,123.705,231.485,165.637,109.518,183.851,120.713,77.004,33.942,175.289,274.272,138.506,110.525,186.72,691.128,786.302,208.504,7.36,1240.082,462.325,75.415,94.927,56.731,121.954,83.705,51.607,94.921,197.781,233.042,317.187,279.391,285.697,354.782,236.811,237.379,251.94,317.367,215.973,230.38,363.004,376.124,347.939,165.079,140.177,118.803,234.001,236.423,233.075,211.938,370.685,245.254,270.84,265.627,147.439,161.951,405.744,520.057,194.638,247.784,361.285,249.035,522.116,96.139,882.059,914.415,315.422,262.25,161.464,158.001,151.948,148.326,264.29,204.086,200.551,255.015,254.323,227.309,346.539,373.951,327.037,358.466,322.339,352.175,118.274,68.49,115.319,48.443,187.156,120.565,204.899,86.087,116.048,86.691,162.305,68.85,127.676,104.972,101.19,94.332,97.871,69.67,101.87,99.103,144.926,158.131,123.818,151.157,186.277,239.683,228.209,242.658,193.564,188.889,299.796,279.641,279.246,322.755,268.847,298.089,281.321,242.958,177.921,215.067,214.056,146.853,161.828,164.819,202.711,155.139,339.591,156.15,240.227,252.682,151.955,266.087,241.521,224.784,322.112,153.593,239.858,230.209,152.351,223.276,157.196,251.175,336.586,195.818,269.999,127.659,526.704,372.85,343.241,354.096,345.155,173.56,152.547,160.471,164.911,206.292,186.266,178.512,126.105,196.507,133.502,206.712,207.951,159.627,158.605,211.19,134.865,164.857,314.794,253.643,172.447,257.754,252.262,138.034,160.273,148.937,145.224,284.339,133.952,241.243,201.658,174.034,212.232,198.766,204.621,586.733,310.284,341.375,279.059,365.814,600.405,516.44,63.258,43.074,76.405,95.67,70.372,139.994,82.009,102.962,91.12,126.961,118.071,196.227,115.088,158.895,105.383,129.326,191.667,216.253,248.883,,66.06,349.541,785.713,328.026,336.906,39.611,79.062,11.835,1.44,515.84,9.856,25.484,37.14,135.745,203.247,272.803,167.891,81.523,58.117,29.402,102.574,107.266,145.306,396.158,333.62,37.994,24.309,155.278,116.309,192.026,228.351,207.448,289.945,510.579,371.157,348.826,184.51,371.925,267.767
2021-06-01,270.71,277.608,271.696,278.218,269.866,249.078,276.613,234.697,258.592,242.081,246.349,247.652,199.068,341.123,118.684,238.052,263.752,275.189,279.786,121.171,233.5,523.117,124.954,142.433,473.364,276.002,257.066,305.634,262.913,333.77,258.45,130.88,213.225,231.741,117.584,259.64,152.863,315.209,569.996,245.121,375.697,570.679,114.034,102.145,112.659,274.27,75.752,71.536,80.738,130.424,241.682,119.643,286.231,281.893,315.745,179.756,219.649,154.141,194.846,,218.322,258.45,238.688,348.091,164.694,342.487,216.803,222.204,196.993,300.575,260.4,400.894,945.145,123.225,239.821,165.938,110.548,183.959,120.742,76.972,33.582,175.892,270.474,138.54,111.675,185.407,691.804,787.661,209.468,7.339,1247.577,462.991,76.301,95.068,57.668,122.793,83.791,51.499,95.255,197.461,232.938,316.77,286.4,295.309,371.856,244.705,237.982,253.619,322.044,222.901,230.152,366.164,381.084,349.256,165.058,141.734,119.686,232.917,237.109,233.479,212.638,372.805,253.204,279.824,272.371,149.562,164.644,406.812,519.406,192.457,247.745,361.384,249.545,519.861,95.739,883.482,914.645,316.38,262.258,164.828,161.404,154.773,149.178,266.106,206.694,203.265,258.811,257.808,228.735,348.251,374.989,331.32,359.559,323.958,353.674,123.937,68.357,115.46,48.31,188.743,121.058,204.966,,115.922,85.865,161.496,69.561,126.28,105.21,102.849,94.959,101.248,70.538,102.673,98.229,145.131,156.941,124.128,153.739,182.933,240.341,229.794,242.28,192.878,189.163,300.883,278.099,277.514,321.764,270.264,308.319,291.755,257.48,182.312,220.718,224.766,153.792,162.623,168.169,206.552,157.264,348.413,158.96,246.595,253.21,151.389,266.124,243.334,227.033,327.116,153.599,240.1,230.518,151.758,222.941,157.351,249.616,340.4,194.976,277.135,128.83,536.044,375.959,349.36,353.233,345.259,173.682,152.167,160.001,166.495,206.167,185.383,183.163,126.66,196.896,135.956,205.97,207.577,159.295,156.864,209.645,134.474,165.381,311.281,253.237,173.151,258.557,250.637,138.359,159.798,149.754,144.319,279.111,129.985,243.565,201.967,173.861,212.423,198.708,207.886,587.506,334.568,342.505,289.835,375.384,602.795,517.202,62.372,44.063,76.46,97.364,69.787,139.779,79.428,104.168,91.187,125.977,118.388,199.06,119.139,160.741,107.217,130.529,191.865,216.216,248.465,,66.43,349.254,788.007,329.392,340.038,39.662,78.842,11.646,1.46,521.734,9.83,25.263,37.307,137.163,202.727,273.913,168.646,80.991,58.548,29.059,103.053,106.141,145.869,394.897,342.809,37.156,24.421,155.513,115.017,193.83,223.214,209.631,290.147,514.294,371.157,348.793,185.87,371.227,267.042
2021-07-01,271.965,278.639,273.003,279.146,271.042,250.207,277.749,237.425,259.845,243.062,247.066,248.542,200.178,342.516,119.531,239.489,267.716,276.845,281.076,121.318,234.827,524.376,125.633,142.641,476.77,277.759,258.4,308.023,263.226,335.389,260.262,130.963,214.857,232.966,117.765,263.589,154.484,318.031,569.079,247.777,376.323,572.142,115.423,101.835,112.963,274.905,75.809,71.579,81.158,131.149,243.577,120.071,288.263,285.222,313.551,180.643,221.145,156.328,193.734,,212.297,262.373,243.157,348.889,176.397,343.515,218.423,223.118,200.614,303.913,261.706,402.516,949.676,123.433,242.867,163.635,111.09,185.114,120.636,77.481,33.566,177.34,272.834,138.055,112.912,184.717,695.36,789.402,210.701,7.361,1253.276,465.255,77.555,95.214,57.329,122.111,84.065,51.405,95.124,199.611,233.697,320.386,289.763,297.382,371.744,247.773,241.642,258.49,328.855,225.774,231.233,362.49,375.218,347.826,165.804,142.777,119.387,233.973,239.671,235.029,213.136,373.331,257.02,284.114,278.022,151.659,166.868,408.445,522.412,192.923,247.804,363.254,249.915,519.957,95.71,884.422,915.799,317.395,263.188,165.673,162.259,155.282,149.934,267.797,207.566,204.134,260.236,259.174,229.706,349.975,376.487,331.213,360.563,325.113,355.052,124.583,68.881,115.571,48.714,189.862,121.861,206.824,,117.489,88.351,165.575,70.408,126.283,106.474,102.624,93.746,104.727,69.979,102.735,97.547,143.695,154.073,124.916,152.476,182.401,240.735,229.959,244.129,193.094,190.732,304.215,283.769,282.886,330.313,274.237,310.588,293.307,256.815,183.32,220.57,228.531,161.819,166.114,169.621,209.217,160.5,352.937,159.181,246.518,263.527,153.08,270.628,249.124,226.801,338.567,155.057,238.678,233.65,152.466,226.418,158.394,248.87,340.278,195.118,265.912,127.204,509.801,371.462,349.776,354.118,343.769,175.093,153.138,159.035,167.14,206.955,187.313,184.389,127.677,195.397,136.74,204.479,207.898,159.399,159.482,210.959,136.617,168.289,314.827,253.033,175.029,258.977,251.995,139.668,160.435,150.101,145.916,280.63,134.827,243.653,202.202,174.313,211.943,199.686,207.504,587.994,361.467,343.531,288.636,385.243,605.224,521.185,62.236,43.285,77.128,98.297,69.486,139.942,80.576,104.487,90.986,127.031,120.436,194.866,118.116,162.901,108.826,131.545,195.676,217.872,250.103,,66.232,351.345,790.199,331.233,343.07,40.135,78.889,11.603,1.479,524.226,9.778,25.413,37.467,137.854,205.637,273.198,167.529,81.672,58.601,29.111,100.908,105.834,146.433,400.229,343.407,37.386,24.745,156.406,118.585,197.176,226.134,212.018,287.732,516.725,371.157,348.509,187.672,374.833,270.068
2021-08-01,272.752,279.021,273.567,279.507,271.76,251.043,278.257,241.446,260.649,243.807,247.3,249.167,201.155,343.003,120.047,241.243,273.567,278.062,282.074,121.569,234.912,524.785,126.282,142.924,479.106,278.985,259.572,309.336,264.315,336.052,262.487,132.259,216.995,233.932,117.26,269.705,157.12,320.504,568.663,235.585,375.685,572.89,116.748,101.036,113.103,274.985,76.064,71.812,81.897,131.553,245.005,120.585,288.582,287.015,314.914,182.344,222.498,158.108,190.066,,199.733,268.57,245.219,349.993,171.913,344.497,220.803,225.298,203.525,301.554,262.81,403.98,955.94,123.164,221.961,163.615,111.586,185.559,123.413,77.289,33.679,177.763,274.18,138.707,113.334,188.033,687.667,789.966,212.031,7.418,1254.492,466.928,78.405,96.084,57.821,124.877,85.15,51.31,95.479,199.041,235.016,319.545,291.282,298.74,374.273,250.139,239.722,261.844,328.367,231.122,230.145,364.291,376.176,350.475,166.147,143.982,120.859,234.399,242.598,236.438,213.86,375.285,263.121,290.792,284.551,153.667,168.657,408.49,525.534,194.621,247.804,365.843,250.155,519.729,94.836,885.333,916.635,317.848,264.166,166.526,163.101,155.593,150.848,268.392,209.317,205.942,262.74,261.531,229.43,350.615,377.552,327.122,360.74,325.52,355.375,124.329,68.795,115.83,48.786,191.071,101.164,207.31,70.033,119.823,96.365,166.83,72.068,125.665,103.281,101.821,93.851,104.458,68.831,103.44,96.77,143.866,155.985,125.809,151.745,187.925,244.689,229.855,244.161,192.971,186.595,304.406,283.766,283.2,329.899,275.22,317.667,295.701,260.696,187.917,223.6,228.555,157.785,168.621,171.144,210.898,158.156,363.182,162.295,250.127,241.506,152.385,274.226,252.985,222.447,332.553,153.989,238.682,231.781,152.031,224.425,157.608,249.786,339.615,192.983,270.871,128.044,513.562,373.57,352.491,356.228,346.543,174.975,154.095,159.316,166.18,208.081,187.698,186.349,128.506,198.739,137.734,208.112,207.158,159.84,160.449,212.571,141.028,169.911,322.402,256.738,176.57,261.259,250.871,140.283,159.0,149.459,144.775,285.583,133.72,243.687,202.678,174.898,213.328,199.427,207.652,588.41,351.115,344.513,285.224,391.405,607.339,524.408,72.954,42.739,78.629,99.437,70.891,141.711,81.836,106.322,90.458,128.008,119.454,197.463,115.021,166.425,110.163,134.259,198.203,217.108,249.098,,66.476,354.945,794.254,332.964,348.994,40.184,79.718,11.615,1.529,525.358,9.801,25.187,37.857,138.297,205.495,274.802,172.229,82.889,58.805,29.137,98.574,108.771,146.789,401.483,343.802,37.45,24.989,156.024,118.987,195.903,229.099,212.473,288.233,517.138,371.13,349.337,191.405,372.5,269.443
2021-09-01,273.942,279.727,274.31,279.884,272.772,252.195,279.202,245.525,261.878,244.691,247.689,249.564,202.684,343.833,120.12,243.527,279.418,280.26,283.496,121.124,235.987,525.098,126.521,143.379,479.771,281.299,262.346,310.996,264.98,337.358,265.133,133.363,219.639,235.861,117.893,275.388,158.454,320.446,568.66,224.713,376.842,572.929,117.512,99.428,112.299,275.702,76.341,72.09,81.671,132.127,244.997,120.819,291.657,291.657,316.181,184.464,224.89,159.999,190.308,,192.82,274.224,246.59,351.323,172.656,345.842,223.303,226.771,208.934,310.165,263.747,402.799,957.583,123.507,207.235,160.589,111.78,186.302,122.967,77.455,33.292,178.665,274.225,139.728,115.071,183.854,685.005,792.218,211.224,7.465,1263.542,469.066,78.129,97.087,59.611,127.817,86.23,51.518,96.124,199.9,236.536,324.458,296.09,305.584,388.557,251.43,243.4,261.879,332.228,233.597,231.973,366.069,378.156,352.039,166.292,145.848,121.881,234.302,245.536,239.412,213.98,376.7,269.082,294.963,288.3,155.268,170.799,407.266,525.237,194.574,248.614,366.394,251.259,521.506,95.743,889.029,914.967,321.245,263.941,167.726,164.309,156.29,151.616,271.322,211.456,208.161,267.211,265.637,229.313,352.048,378.75,323.759,360.981,326.423,356.061,125.115,69.179,116.177,49.184,192.203,94.728,210.067,62.755,120.081,94.263,166.859,73.036,124.474,104.993,100.292,95.835,103.176,67.017,102.477,94.822,145.127,161.778,125.531,148.287,182.119,247.393,229.122,246.659,196.492,194.19,305.507,286.323,283.991,337.701,275.772,323.036,316.555,268.238,189.463,228.803,225.262,158.336,169.647,165.251,214.314,159.605,368.619,164.22,256.355,249.275,155.074,277.678,254.161,223.085,339.228,154.83,240.622,232.42,153.314,226.314,158.272,247.157,345.797,193.775,267.887,127.544,516.52,377.877,355.898,356.755,346.677,174.134,153.846,162.375,165.4,206.745,187.192,189.771,129.704,202.166,136.086,211.687,206.768,158.889,161.489,210.873,141.871,175.534,318.425,259.717,179.46,264.859,255.12,141.82,163.498,151.313,146.964,288.572,137.755,244.352,203.872,174.479,214.278,201.275,208.337,588.478,352.821,345.857,294.183,409.091,607.938,529.934,70.482,45.149,78.438,99.931,72.141,140.007,82.063,106.441,90.935,127.449,120.384,197.292,116.612,166.64,111.558,135.377,195.587,218.099,249.956,,64.886,355.187,795.813,332.057,343.889,40.649,80.167,11.66,1.507,527.824,9.864,24.748,37.536,138.837,206.448,275.708,171.661,82.573,59.092,28.775,95.714,108.86,147.302,405.305,341.669,37.362,25.002,156.843,118.912,195.781,229.47,212.968,288.913,520.983,377.635,349.311,191.766,371.14,267.609
2021-10-01,276.528,281.649,276.589,281.617,275.345,255.175,281.231,254.669,264.46,247.73,249.8,251.158,205.875,345.702,122.341,246.637,292.182,282.727,285.495,122.522,241.133,527.688,127.495,143.631,483.67,283.972,265.084,313.592,264.748,338.887,271.086,134.678,226.003,241.462,120.659,287.643,160.727,325.095,564.23,223.242,379.003,575.658,118.936,101.188,113.921,276.491,76.407,72.078,82.093,133.321,246.357,122.039,294.452,296.282,318.38,186.047,227.382,162.483,197.214,,196.707,286.559,259.72,352.757,174.632,347.394,229.259,230.41,221.446,332.556,264.278,403.504,963.08,124.232,206.075,158.182,111.977,186.783,124.886,77.655,33.441,181.225,274.424,140.065,116.718,184.41,685.851,794.531,218.514,7.446,1287.067,474.208,79.002,98.122,59.299,128.263,86.786,51.93,99.181,201.313,240.065,326.628,300.991,311.974,397.293,258.285,245.253,264.603,334.537,234.632,233.168,368.118,379.564,354.729,168.283,146.922,123.549,235.592,246.314,242.59,213.399,377.016,281.87,306.793,296.867,157.367,173.688,407.391,526.204,194.892,248.614,368.593,252.654,523.862,96.595,890.789,917.307,322.356,264.441,170.96,167.619,158.499,153.121,274.278,215.507,212.484,273.105,270.924,231.911,353.588,380.601,323.977,363.411,328.26,357.577,128.154,68.862,116.44,48.882,194.003,96.402,210.568,58.952,121.098,96.466,169.119,73.624,124.284,106.543,102.123,98.923,104.6,69.123,102.001,96.252,145.398,162.369,126.137,147.534,183.685,250.208,236.615,247.511,198.052,194.646,305.051,290.382,282.346,337.558,283.758,331.442,325.4,273.315,193.36,228.911,236.503,161.549,171.321,166.474,214.998,161.322,373.825,167.532,256.062,248.308,157.588,276.729,257.973,226.477,337.585,155.562,241.554,236.266,154.328,227.465,158.922,250.365,348.569,196.264,269.723,126.674,519.154,379.454,351.629,356.61,352.194,176.931,154.672,162.466,168.057,207.956,190.479,190.371,130.91,204.966,136.396,215.305,213.969,159.076,161.894,212.547,141.447,175.487,319.141,265.357,180.841,269.104,258.225,143.793,164.736,152.762,149.102,292.668,138.327,243.325,204.511,174.236,215.554,201.459,208.311,589.173,357.315,347.409,321.267,431.824,609.541,530.114,71.747,44.159,79.289,100.305,72.805,141.533,82.216,106.233,95.905,128.109,121.26,195.62,114.162,167.349,113.005,137.005,198.456,217.141,250.035,,62.715,357.105,800.132,344.296,347.614,40.31,80.081,11.593,1.472,529.341,9.735,25.34,37.377,139.258,206.487,277.154,174.922,83.399,59.321,28.943,96.018,108.802,147.254,418.1,341.557,37.587,25.094,157.035,118.61,196.023,248.438,214.428,290.044,531.816,384.455,349.997,193.065,376.184,
2021-11-01,278.824,283.411,277.948,282.754,277.674,257.723,283.036,262.745,266.775,250.374,251.617,252.497,208.886,347.099,124.231,250.137,308.638,284.68,286.923,123.62,247.735,529.529,127.282,143.668,485.154,286.057,267.315,315.481,264.957,340.516,271.536,135.972,226.414,248.081,123.367,304.206,162.524,325.076,568.88,229.244,379.483,577.938,120.747,102.291,115.097,277.076,76.313,71.986,82.356,132.757,246.745,122.374,296.521,299.985,319.803,186.676,230.476,164.94,203.485,,199.899,303.209,270.088,354.21,178.873,348.887,229.334,231.52,218.536,342.092,264.58,404.724,960.327,124.422,213.171,160.116,111.968,187.334,125.235,78.603,33.759,179.382,275.845,140.714,117.782,181.926,682.911,796.399,218.513,7.424,1298.746,474.401,79.46,99.043,59.429,129.017,86.769,52.715,100.055,201.718,242.88,327.648,305.386,317.001,402.836,263.982,248.206,268.653,337.133,229.359,233.157,369.287,382.371,354.228,169.834,147.498,123.552,239.128,250.154,245.758,213.682,377.515,298.358,323.545,313.242,160.3,176.019,408.843,526.191,195.256,248.614,367.479,253.056,524.509,96.704,892.731,920.067,322.483,264.598,174.159,170.88,160.264,154.21,275.508,219.843,217.079,280.002,277.164,232.941,355.275,380.356,327.728,364.656,329.594,359.098,130.99,68.179,116.565,48.322,194.875,91.11,210.521,54.044,122.994,98.251,171.993,73.998,126.687,109.972,103.28,98.947,104.765,70.706,101.405,97.104,146.063,160.449,127.237,145.114,180.829,253.863,238.343,250.382,200.415,195.547,305.434,292.652,280.956,340.051,284.965,334.337,331.236,275.035,197.402,232.678,236.883,169.06,174.339,168.431,214.629,163.252,379.244,172.685,260.317,253.76,159.12,280.373,263.029,226.517,346.255,157.118,241.573,231.392,155.094,230.717,160.316,249.597,349.292,199.042,266.991,129.353,512.884,373.816,357.475,354.399,351.019,178.778,156.145,165.215,165.867,209.497,194.829,191.982,131.04,206.742,134.459,217.088,215.36,161.203,167.751,211.659,141.697,179.585,320.653,265.778,184.018,275.144,263.896,144.079,169.728,155.728,150.755,303.025,140.431,243.783,203.829,175.032,215.195,200.533,207.454,589.641,367.042,348.899,330.518,435.4,610.952,529.053,71.678,43.726,80.415,101.616,72.24,142.928,82.925,107.176,97.208,128.168,121.706,196.992,112.672,169.885,114.306,138.803,199.387,218.992,252.794,,63.212,356.093,795.882,344.068,349.99,39.78,80.147,11.554,1.462,529.596,9.97,25.568,37.465,139.175,206.598,278.714,176.251,82.999,58.84,29.288,97.16,108.179,147.069,408.902,341.685,38.133,24.853,157.431,118.64,197.515,236.622,215.216,290.93,536.761,380.812,350.677,194.799,376.816,272.817
2021-12-01,280.806,285.221,278.802,283.908,279.694,259.919,284.831,267.047,268.776,252.666,253.62,253.838,211.54,348.284,126.389,252.44,317.433,286.33,288.252,124.887,252.96,531.041,127.025,143.756,488.948,287.798,268.962,317.372,265.41,341.93,271.755,137.554,226.445,253.286,126.42,313.234,165.122,324.688,569.246,234.459,379.611,579.898,121.288,103.594,116.18,277.431,76.319,71.99,82.019,132.635,248.716,122.838,299.098,299.05,323.689,188.258,232.125,167.732,211.728,,197.813,312.262,267.792,355.551,181.372,350.237,229.342,231.784,217.809,342.745,265.365,405.264,958.317,124.437,219.189,160.634,111.245,189.109,123.733,78.061,33.874,178.922,272.606,142.532,117.2,185.507,683.632,797.425,218.731,7.428,1308.024,477.817,80.389,100.243,60.015,131.628,87.625,53.533,100.522,203.693,245.553,328.129,304.664,314.662,395.46,262.368,252.309,269.781,340.39,225.647,235.442,374.045,390.783,355.253,171.443,149.321,123.615,242.029,250.954,247.442,213.576,381.344,307.169,333.266,323.028,163.613,178.521,408.644,527.344,196.341,250.259,366.854,253.909,525.251,96.902,893.302,921.727,322.648,264.633,177.011,173.781,162.48,155.52,276.523,222.457,219.767,283.546,280.498,233.402,356.69,380.873,329.138,365.585,330.809,360.392,134.545,67.796,116.693,47.962,196.449,83.876,211.71,47.349,123.575,97.882,172.177,75.509,127.817,110.408,104.766,99.273,107.017,71.854,103.799,97.582,147.841,159.639,129.065,150.074,183.454,256.175,241.597,253.572,200.504,193.894,307.683,295.024,286.068,348.799,287.277,328.379,319.874,269.621,198.467,234.575,234.362,163.623,175.083,167.971,215.658,165.288,380.353,172.812,262.156,251.111,163.359,281.557,263.654,226.618,352.735,160.028,242.001,235.488,156.576,233.097,163.46,247.244,351.945,200.986,285.172,129.686,557.714,389.825,361.358,348.273,352.869,179.355,160.554,165.745,169.998,215.262,192.931,194.582,132.38,208.292,133.585,218.012,216.835,163.933,166.475,213.807,143.405,180.0,330.967,268.664,183.966,276.866,264.711,145.671,170.72,157.341,151.006,305.891,139.981,243.84,203.708,174.027,215.514,200.271,209.591,590.534,372.725,350.242,323.86,437.607,611.944,532.538,72.261,44.369,81.64,102.468,73.538,143.832,83.337,107.468,97.709,130.231,122.272,200.451,116.541,170.706,115.684,141.422,196.086,219.658,253.823,,63.456,355.683,793.985,344.144,353.14,39.401,80.481,11.536,1.425,527.043,9.75,25.48,36.971,138.474,207.516,282.897,172.14,83.575,59.241,29.431,95.54,108.658,147.386,405.863,341.467,38.721,24.382,158.73,118.946,198.719,233.036,216.578,295.463,540.914,382.358,352.118,197.17,378.805,
2022-01-01,282.542,286.799,281.148,285.996,281.328,261.961,286.517,269.67,270.423,254.611,255.504,255.401,213.262,350.061,127.907,253.922,317.832,288.611,289.925,125.561,254.498,534.649,127.993,143.87,491.491,290.144,271.278,319.471,266.749,342.914,277.463,139.093,231.955,254.888,128.015,313.18,167.991,325.448,574.34,235.851,382.984,583.58,121.45,104.349,116.932,278.023,76.299,71.998,82.855,133.437,250.354,123.348,303.065,300.28,326.175,188.155,235.156,168.269,215.494,,188.077,311.988,269.178,357.396,174.563,351.694,234.75,238.667,219.411,355.592,268.128,406.2,970.276,125.504,221.348,158.915,111.761,190.645,126.795,78.576,33.946,179.667,274.72,142.894,120.084,187.046,702.326,798.453,215.743,7.426,1306.913,479.831,80.972,101.459,59.273,134.732,88.15,53.981,102.35,206.962,247.803,334.55,305.554,314.092,390.96,262.295,256.797,272.84,344.365,231.429,238.675,376.413,394.086,356.451,173.426,147.966,125.871,243.621,256.012,250.699,214.068,383.554,306.448,334.832,323.81,163.838,179.214,408.335,528.9,196.673,256.437,371.646,254.669,532.044,97.464,894.635,924.719,323.184,263.851,178.376,175.119,164.072,156.686,279.808,223.483,220.811,284.925,281.817,236.413,357.951,382.11,331.365,368.164,332.428,361.843,136.119,67.873,116.771,47.87,197.808,83.735,211.806,47.741,123.469,99.047,172.463,76.207,123.442,111.43,105.414,105.071,107.613,71.998,104.568,98.809,147.605,162.38,129.511,152.118,184.829,263.223,238.165,256.833,202.802,197.24,315.217,299.53,294.312,353.881,289.698,327.558,316.033,265.671,197.747,237.043,232.72,161.838,176.128,174.687,220.733,166.623,380.453,171.247,265.275,257.429,165.157,282.109,266.507,230.23,353.849,161.713,244.895,234.822,159.402,237.014,165.273,253.431,351.04,203.353,288.761,131.896,565.531,381.635,367.406,345.354,353.458,182.726,160.319,167.142,176.76,213.474,193.669,190.205,132.937,212.149,135.107,222.935,218.265,164.852,168.627,217.073,143.873,185.475,333.553,268.811,189.678,280.575,266.148,147.394,169.282,159.338,152.909,299.921,138.516,243.472,204.032,175.447,216.591,200.126,211.264,591.205,357.604,351.704,345.944,430.256,620.547,533.078,73.596,43.323,83.749,103.658,73.205,145.296,83.102,109.781,99.118,132.741,124.399,199.292,118.009,171.39,115.729,144.773,195.474,219.91,253.22,,62.592,360.567,803.413,338.394,357.935,39.651,80.549,11.403,1.404,531.384,9.569,25.621,36.74,139.478,209.441,284.82,177.096,85.159,59.315,29.418,94.736,111.143,147.987,406.999,344.338,38.917,24.794,159.179,121.095,200.342,229.761,216.238,299.474,539.197,381.584,353.787,198.762,382.021,279.941
2022-02-01,284.525,288.256,283.716,288.059,283.183,264.019,288.167,275.672,272.419,256.492,256.765,256.623,215.488,351.801,128.539,257.354,330.038,291.415,291.442,126.129,257.932,536.283,128.821,143.89,495.466,292.978,274.848,320.88,269.128,344.727,278.784,139.834,233.029,258.31,128.457,325.028,170.629,331.13,580.873,239.394,384.304,585.314,122.111,104.827,117.423,278.435,76.236,71.954,83.543,134.151,252.498,124.505,306.64,303.513,332.525,190.91,237.582,168.507,216.876,,190.4,323.725,285.424,359.395,178.844,353.279,235.217,237.871,223.341,373.453,269.521,406.561,971.164,126.013,226.368,160.281,111.926,192.704,127.469,78.636,34.205,180.885,284.417,143.683,121.75,185.206,699.194,799.8,213.527,7.404,1314.838,485.806,82.888,102.177,59.468,134.841,88.507,54.861,102.933,209.758,251.312,339.033,309.069,317.456,394.802,264.433,261.087,277.381,347.292,231.065,242.386,384.244,405.603,360.325,176.034,150.17,127.83,246.885,260.098,252.957,215.762,384.823,318.587,344.149,329.35,164.277,179.415,407.984,530.032,196.917,258.611,371.745,254.746,533.592,98.285,896.251,927.71,324.504,264.165,180.298,177.018,164.959,157.495,283.829,227.513,224.95,290.917,287.425,236.754,359.728,383.604,334.696,369.623,334.035,363.706,136.737,67.466,116.898,47.575,199.077,82.066,213.474,47.935,124.651,99.261,172.527,76.388,126.126,111.034,106.077,102.048,107.066,72.246,107.996,98.386,148.184,166.679,129.195,153.529,179.589,266.443,240.812,259.763,203.586,200.883,319.043,303.669,299.803,358.595,292.44,329.701,318.171,266.413,199.98,240.92,232.694,163.965,179.625,177.227,219.198,169.3,383.858,173.979,269.231,262.791,168.398,288.267,271.308,233.354,360.825,165.941,247.864,239.204,160.794,241.365,170.004,261.704,358.919,203.153,304.708,135.624,589.797,386.2,374.826,346.574,358.258,185.565,162.945,169.439,175.966,217.693,198.55,193.805,134.453,215.549,138.445,226.898,219.343,167.758,169.847,225.223,145.227,186.369,347.855,278.881,192.041,282.176,265.391,148.82,168.105,158.723,154.069,299.455,142.007,248.705,204.445,175.841,218.334,200.016,211.961,592.573,367.597,353.289,369.356,442.396,622.672,538.313,69.563,43.582,83.486,104.457,73.213,146.008,83.384,110.279,99.452,135.277,125.223,199.052,121.596,176.022,116.068,146.908,203.861,220.722,253.884,,63.82,360.123,805.131,334.122,361.858,39.958,80.499,11.181,1.392,533.118,9.607,25.589,36.526,139.952,212.692,286.471,176.722,86.518,59.145,29.583,96.562,112.278,148.245,413.596,345.094,39.665,24.84,160.926,123.893,199.95,235.986,218.073,301.593,543.212,389.25,354.424,200.587,387.695,288.414
2022-03-01,287.467,289.044,287.504,289.305,286.155,267.426,289.231,300.345,275.369,260.028,257.05,257.801,219.138,353.927,127.705,264.702,377.6,294.049,293.498,126.456,265.504,538.973,129.043,143.658,497.931,295.713,278.588,321.689,270.352,346.465,284.439,140.93,239.192,265.704,127.06,371.642,170.323,329.992,585.212,250.27,385.084,588.633,122.456,105.235,117.775,279.133,75.886,71.606,83.5,134.565,253.73,125.313,311.031,306.96,337.092,193.081,241.556,168.643,209.646,,204.164,369.801,350.825,361.0,182.435,354.941,239.559,242.119,227.856,432.581,269.621,407.633,976.121,126.307,244.694,160.947,111.633,196.363,126.733,79.126,34.28,180.573,276.223,143.875,121.267,185.837,702.848,801.733,214.926,7.379,1321.917,490.67,82.572,103.128,59.836,135.635,89.559,56.123,103.766,211.063,255.551,343.758,311.705,319.883,396.707,266.392,264.848,281.043,349.514,244.703,245.258,388.639,407.974,366.869,179.796,151.972,129.082,250.555,266.977,256.917,216.574,387.294,363.787,391.706,376.405,164.586,179.592,409.998,531.975,196.839,257.988,373.307,256.247,532.722,98.888,897.812,930.99,324.205,263.819,184.053,180.805,164.309,157.995,288.245,237.923,235.887,309.404,304.31,239.666,361.516,383.999,339.921,372.635,336.22,365.637,134.576,67.079,116.783,47.241,200.496,83.32,213.814,48.509,125.3,100.512,173.414,76.329,129.074,110.3,106.43,100.249,105.957,72.962,106.193,99.062,149.319,167.136,129.549,151.237,183.312,272.831,246.618,265.477,205.262,207.288,322.175,308.901,301.355,366.667,298.616,336.526,318.697,264.478,201.416,243.107,237.24,164.224,181.419,180.259,222.437,170.75,386.807,174.984,271.241,270.33,170.444,291.773,274.0,237.194,363.117,167.724,250.502,238.573,164.504,244.452,171.695,277.297,358.977,205.368,310.448,134.306,602.376,393.939,382.18,350.246,364.94,191.897,163.775,172.614,179.886,219.272,206.31,196.357,135.805,216.792,140.383,227.717,223.327,169.727,173.223,237.025,150.191,187.861,359.922,281.58,195.645,284.772,272.537,150.809,174.792,163.001,156.737,301.077,142.352,251.206,203.254,176.343,216.655,198.9,213.54,594.061,375.95,354.955,456.774,454.4,621.92,540.719,73.304,43.585,84.839,105.9,73.874,147.463,84.916,111.533,99.991,136.873,124.884,199.738,122.155,178.78,116.302,146.719,204.698,219.555,254.093,,63.738,361.318,809.201,335.736,369.719,40.302,80.472,10.933,1.365,533.535,9.447,25.002,35.92,140.097,216.289,292.548,175.074,86.446,59.295,29.564,98.739,113.171,148.884,408.404,345.041,39.28,24.935,164.706,124.618,202.214,222.163,217.909,311.775,545.331,390.992,356.655,201.936,395.601,
2022-04-01,288.582,290.474,289.109,290.846,287.041,268.303,290.831,296.071,276.424,260.516,258.287,259.577,218.636,356.716,127.623,264.906,363.412,296.59,295.468,125.96,264.608,541.35,129.575,143.462,499.428,298.363,281.629,323.559,271.376,348.242,289.237,141.973,244.231,263.357,127.1,356.284,172.308,331.735,590.701,279.119,385.307,591.722,121.892,104.862,117.195,279.783,75.579,71.3,83.944,135.022,254.43,125.664,314.881,310.232,337.923,196.49,243.654,169.548,206.194,,205.82,353.734,375.202,363.086,183.737,356.69,244.322,245.245,237.023,449.112,270.419,408.461,979.305,126.356,286.876,160.411,112.174,197.882,127.853,79.818,34.387,180.209,281.751,143.759,119.785,184.1,701.848,803.703,216.061,7.301,1327.276,493.539,82.373,103.78,60.641,137.665,89.559,55.461,104.103,213.732,258.596,347.132,313.826,320.81,393.272,268.561,270.37,287.147,350.967,262.462,251.03,389.933,409.064,368.377,179.728,154.329,131.842,250.993,271.326,259.165,217.197,389.313,347.66,379.521,366.474,166.357,180.416,410.83,532.303,197.221,257.303,374.501,257.097,532.975,98.833,899.33,934.159,325.369,264.197,182.586,179.29,164.121,158.379,291.954,235.963,233.77,306.032,301.333,244.146,363.472,385.105,350.201,376.431,338.734,368.256,133.951,65.5,117.017,46.005,202.346,83.391,213.997,48.551,124.682,105.164,172.67,75.591,126.003,110.41,105.975,100.55,106.127,72.366,105.585,99.089,148.858,163.521,130.349,152.89,181.573,271.225,252.613,268.065,209.338,207.631,325.062,311.809,302.404,366.908,303.252,340.975,314.09,260.279,204.776,239.63,241.837,164.884,186.136,181.2,224.402,170.952,393.806,177.603,267.511,274.425,174.874,301.312,280.864,236.625,361.391,173.158,255.698,241.115,167.32,252.229,177.285,287.989,359.381,204.099,314.967,133.997,608.853,402.695,384.471,352.674,365.312,191.443,164.427,172.058,180.028,220.454,205.777,198.144,138.908,222.472,143.035,234.665,222.43,169.66,175.934,247.999,150.669,186.632,382.02,287.291,196.981,285.459,274.04,152.993,175.96,163.594,158.875,297.776,144.927,251.585,204.262,176.828,217.75,199.852,215.379,595.474,378.896,356.709,479.56,459.852,623.653,542.564,76.746,43.79,86.966,106.433,73.784,145.918,85.877,112.86,99.906,139.159,126.562,201.937,118.362,179.557,,148.062,203.359,218.904,254.402,,63.075,362.516,811.686,336.751,378.905,39.446,80.598,10.585,1.335,537.772,9.401,25.263,35.667,141.203,217.956,294.818,176.212,87.491,59.014,29.575,103.252,112.705,149.6,402.643,346.248,39.328,24.688,166.72,124.494,204.389,203.91,220.989,314.416,548.065,395.288,357.608,202.76,397.115,
2022-05-01,291.299,292.039,292.296,292.506,289.668,271.311,292.642,309.418,279.163,263.442,259.625,260.872,221.46,359.238,127.793,269.622,383.869,299.751,297.911,126.53,269.626,543.521,130.161,143.421,502.703,301.684,285.414,325.952,272.293,350.221,297.574,142.726,253.244,267.605,127.499,374.729,174.963,333.258,594.475,299.695,386.273,594.287,122.389,105.061,117.68,280.645,75.372,71.088,84.017,135.932,255.982,126.663,319.697,314.287,339.195,199.318,247.102,170.814,207.673,,203.768,371.837,403.635,365.364,183.907,358.757,251.561,248.892,253.988,512.269,270.844,409.203,980.975,126.516,318.318,159.944,113.255,198.659,127.587,80.646,34.39,180.88,281.646,144.582,121.874,185.669,717.038,805.667,217.558,7.258,1338.572,492.985,84.376,104.154,60.773,137.398,89.013,54.708,105.362,215.957,262.854,352.31,316.191,321.06,391.694,268.627,273.628,293.852,356.114,287.781,257.678,390.263,407.869,370.334,182.14,156.615,133.566,252.863,276.763,262.9,217.666,392.382,366.639,395.081,379.332,167.705,181.684,410.249,534.318,197.381,259.026,375.273,257.676,532.195,99.19,900.526,941.02,325.592,264.992,185.11,181.834,164.842,158.973,295.893,241.929,240.039,315.773,310.267,249.918,365.63,386.422,353.699,379.973,341.476,370.357,134.985,64.455,117.255,45.06,203.954,83.757,215.088,48.676,124.831,106.033,171.783,76.396,125.443,111.132,106.209,101.808,106.332,72.212,106.88,99.115,148.994,166.087,130.554,151.856,184.01,273.153,255.993,273.746,210.342,207.151,335.043,316.973,314.374,370.337,308.376,338.5,312.02,259.734,205.797,238.914,237.643,165.808,189.927,186.769,229.367,172.583,391.804,181.041,266.284,279.021,177.517,305.243,288.003,238.191,367.826,178.025,260.814,252.867,172.106,260.917,182.036,291.734,357.439,206.744,312.514,134.58,602.299,405.664,381.221,361.337,366.063,195.014,166.363,172.028,185.401,223.529,208.722,202.321,139.65,226.614,143.122,238.936,227.518,169.64,178.553,253.874,151.65,192.779,393.307,288.986,198.375,292.509,277.827,155.464,178.276,166.48,161.481,304.177,149.362,252.14,204.429,177.065,218.057,200.211,215.9,596.73,379.181,358.782,578.484,467.955,624.129,544.546,75.223,43.775,86.901,105.05,73.567,146.969,86.275,114.074,101.272,139.554,129.577,203.543,118.226,181.558,,149.673,204.806,219.247,254.752,,62.535,363.185,813.565,337.984,392.023,38.909,81.013,10.273,1.304,545.438,9.437,25.295,35.264,143.312,220.21,293.959,175.798,87.348,60.171,29.544,104.937,112.198,150.7,403.07,346.301,39.097,25.014,169.335,124.597,204.41,203.769,222.842,311.374,552.622,399.211,358.288,203.217,390.394,
2022-06-01,295.072,294.009,296.311,294.68,293.531,275.645,294.777,332.281,282.953,268.011,261.399,262.702,225.757,362.434,128.624,276.572,423.662,302.783,300.401,127.274,279.429,546.84,130.73,143.603,504.942,304.845,288.583,329.033,273.537,352.544,304.659,143.335,260.711,277.704,128.924,415.83,175.693,340.058,604.318,303.044,387.787,598.199,123.131,105.262,118.146,281.685,75.333,71.046,84.324,136.585,257.054,127.511,325.802,315.374,341.166,201.102,251.358,171.761,208.687,103.603,199.865,413.1,419.546,368.231,181.365,361.291,259.551,252.908,272.743,512.34,271.925,411.477,982.189,126.994,321.478,158.301,113.536,200.176,127.197,80.154,34.46,181.953,290.364,146.289,122.746,186.74,717.247,808.748,218.164,7.255,1346.046,495.391,85.06,104.757,60.87,138.927,89.203,55.292,105.23,218.647,268.283,358.628,316.469,319.976,387.876,267.006,277.533,297.533,357.163,299.054,261.255,391.744,409.227,371.942,184.398,158.211,134.525,254.869,283.568,267.55,218.737,393.612,407.646,437.535,414.03,168.216,182.857,410.729,544.165,198.764,259.384,375.318,261.138,532.656,100.202,902.991,940.961,328.156,265.391,189.55,186.316,165.724,159.841,299.074,252.443,251.143,333.045,325.957,253.631,367.995,387.523,361.698,384.277,344.66,373.127,135.696,64.512,117.411,45.103,205.581,104.007,218.945,,125.777,106.994,174.417,75.73,125.669,111.803,106.319,101.581,106.564,72.844,105.033,99.758,152.515,167.49,131.57,152.073,184.752,286.524,262.495,277.124,213.644,214.104,341.175,320.863,318.379,375.056,316.778,338.124,303.473,257.34,204.364,242.449,234.207,165.063,192.832,188.2,228.491,175.113,386.331,180.727,270.387,294.456,178.637,307.348,292.991,244.093,372.789,178.856,263.462,259.098,175.989,260.983,183.664,302.626,360.352,207.786,303.779,137.166,596.244,409.97,386.677,354.159,367.542,197.402,167.874,174.507,185.928,226.618,212.541,203.446,141.931,228.379,144.602,240.944,231.229,170.344,181.442,264.44,154.711,193.806,417.901,293.668,203.952,295.625,281.443,158.369,179.043,168.665,164.007,309.52,152.505,254.144,204.643,177.909,217.802,200.379,216.096,597.507,373.098,361.324,575.665,473.519,626.248,547.554,72.285,44.323,85.655,104.675,73.98,147.732,87.01,114.836,101.037,140.248,131.392,203.623,117.219,181.672,,150.68,209.119,221.767,257.423,,61.251,362.833,813.738,339.306,389.474,39.421,80.909,10.14,1.274,547.134,9.407,26.094,35.181,143.837,222.471,295.368,174.713,87.473,59.689,29.585,106.883,112.079,150.94,409.776,345.397,38.909,24.85,171.516,125.745,206.238,209.672,222.728,312.02,555.866,,358.623,204.889,388.334,286.003
2022-07-01,294.94,295.08,296.276,295.646,292.896,274.695,296.154,314.944,282.669,266.156,261.935,263.548,223.995,364.066,128.987,273.542,386.417,305.859,301.896,127.344,272.826,549.967,131.099,143.346,506.895,308.083,292.287,331.342,274.344,354.619,303.958,144.248,259.63,271.172,128.588,379.199,176.316,343.678,611.046,295.256,390.077,601.595,122.469,105.703,118.151,282.08,75.021,70.733,84.463,137.067,258.121,128.172,331.447,316.575,342.591,205.35,256.116,172.653,206.552,104.258,186.962,376.184,409.664,370.953,178.55,363.587,260.047,257.585,261.74,469.048,273.097,411.605,987.935,127.727,310.866,158.637,112.857,201.89,126.948,81.223,34.73,183.481,287.496,146.597,122.127,186.73,717.006,809.932,219.673,7.191,1349.636,497.991,84.609,105.542,61.44,140.189,88.45,55.406,105.362,221.479,272.867,365.851,316.688,318.897,384.544,267.08,278.153,301.42,357.474,312.616,265.638,392.423,409.597,372.948,186.63,160.998,138.286,260.703,289.62,272.346,219.638,394.764,369.829,403.847,388.896,169.383,183.805,411.846,544.72,197.266,258.62,377.415,261.182,534.312,100.764,904.977,943.087,327.521,264.93,186.303,182.999,165.896,160.421,303.324,244.254,242.366,318.6,313.027,252.876,370.178,388.021,362.381,385.173,345.935,374.869,135.415,63.931,117.324,44.648,206.732,104.924,220.606,,125.26,106.703,172.011,75.645,126.632,111.065,107.046,100.275,107.205,73.805,105.692,98.809,150.603,165.948,132.737,153.847,183.9,295.469,267.762,279.768,219.552,217.109,346.857,326.22,323.786,386.018,318.806,340.82,298.204,253.425,205.22,241.209,239.545,164.818,195.359,189.92,228.731,173.486,386.135,184.175,268.547,277.161,180.603,313.864,295.606,235.854,374.923,179.209,268.71,259.44,181.197,259.219,184.544,304.302,358.269,209.58,296.428,138.843,583.587,420.59,379.601,349.031,369.985,199.417,169.519,178.407,187.57,229.013,214.544,207.911,144.065,235.004,148.003,246.701,235.722,174.067,185.004,266.783,158.413,200.966,417.134,301.358,206.297,301.872,287.741,160.656,181.746,173.547,169.194,312.98,153.168,254.957,205.987,178.298,219.001,201.96,215.937,600.426,366.169,363.634,504.445,469.195,629.717,548.187,75.172,44.082,83.484,102.969,73.401,147.724,86.867,115.079,101.302,140.952,132.71,204.92,119.192,180.953,,150.9,212.635,220.814,257.162,,61.279,365.071,817.657,341.736,391.382,38.719,80.255,10.126,1.263,542.971,9.319,25.73,34.921,143.027,223.846,298.663,175.488,86.546,62.228,29.874,107.309,112.094,151.364,418.189,344.324,39.706,26.249,173.512,125.785,209.319,220.012,223.721,314.531,557.34,406.267,360.282,206.522,389.606,287.696
2022-08-01,295.162,296.582,296.171,297.178,292.754,274.075,297.817,298.772,282.757,264.829,262.906,264.823,222.115,366.448,129.441,269.777,346.703,308.423,304.249,127.493,266.144,553.036,131.472,143.519,510.911,310.739,294.799,334.212,275.627,357.113,308.056,145.271,263.611,264.644,128.729,339.077,178.179,349.539,618.074,285.694,391.032,605.36,122.869,106.121,118.6,283.476,74.904,70.611,85.044,137.125,259.966,129.771,335.829,317.815,344.796,206.745,259.456,174.003,204.837,,188.125,336.269,375.072,373.649,179.132,366.218,265.117,261.259,270.547,447.877,274.984,413.713,994.696,128.03,296.505,159.079,112.38,204.391,128.044,82.044,34.768,183.39,293.481,145.591,122.831,187.394,719.287,813.99,220.738,7.163,1364.765,498.352,85.185,106.237,61.74,140.884,87.609,55.489,106.653,222.394,276.008,370.549,317.171,319.098,383.581,267.466,279.804,303.296,357.12,323.39,267.461,393.598,408.081,376.992,189.891,162.748,137.979,264.198,294.742,275.695,220.711,396.501,329.792,363.774,354.318,170.418,185.24,412.828,550.159,197.271,258.812,380.339,262.041,536.212,100.595,910.096,944.181,329.583,267.416,183.093,179.708,166.356,161.268,305.505,235.039,232.549,302.505,298.518,254.49,372.776,388.729,364.095,387.451,348.276,377.014,135.472,63.505,117.599,44.294,208.3,125.165,220.798,,125.736,106.729,171.2,75.959,129.924,110.586,107.148,100.107,105.601,73.742,107.013,100.762,149.772,166.515,131.767,153.666,185.854,301.629,267.629,282.774,224.282,218.337,348.207,330.647,323.636,389.202,325.034,342.409,305.283,252.662,205.011,244.365,240.387,161.377,196.471,192.715,227.283,173.564,384.527,185.646,272.272,285.012,180.129,314.6,297.857,240.445,371.474,180.113,270.972,263.57,182.375,260.45,185.56,312.187,353.362,209.062,294.907,139.451,589.005,430.158,389.964,354.708,370.868,204.098,171.748,179.554,193.873,232.986,217.887,210.267,145.677,234.167,148.342,247.451,239.856,177.002,185.348,275.018,157.68,206.227,445.734,304.111,209.118,304.809,289.425,163.432,182.17,178.438,170.056,317.032,157.123,255.601,206.138,179.248,219.654,201.869,216.407,603.05,367.302,366.266,479.874,464.83,635.522,548.706,77.973,44.368,84.607,101.534,73.267,149.9,86.776,116.57,102.289,141.459,133.199,204.823,127.387,181.907,,152.656,220.161,221.155,258.908,,61.552,,823.097,343.794,389.445,38.469,80.191,10.014,1.242,540.94,9.357,25.39,34.517,142.679,227.417,301.209,177.173,87.153,62.517,29.917,106.6,112.639,152.11,412.342,350.602,39.964,26.427,176.467,127.688,208.127,213.861,224.295,316.994,563.545,405.729,358.464,206.62,393.005,293.02
2022-09-01,296.421,298.281,296.808,298.442,293.888,274.876,299.568,294.581,283.909,265.346,264.164,266.314,221.998,369.186,128.669,269.788,334.971,310.391,306.271,127.712,265.777,556.558,131.673,143.588,512.806,312.835,296.302,337.369,275.81,359.631,310.303,145.739,265.596,264.24,129.512,327.543,179.653,356.076,627.065,286.119,390.677,610.165,121.916,106.967,119.007,284.166,74.83,70.541,84.95,137.553,261.037,130.356,338.9,317.661,348.696,208.325,260.206,175.049,203.94,111.488,190.29,324.545,367.379,376.648,177.926,368.95,267.765,262.139,278.003,434.147,276.759,415.87,995.304,127.817,296.758,162.039,112.17,206.907,126.612,82.382,34.816,183.861,289.659,145.069,122.881,191.514,716.259,816.16,220.599,7.146,1367.458,499.652,86.391,106.676,61.971,140.692,87.751,55.973,108.115,223.694,278.386,374.832,318.516,319.737,383.714,268.169,281.065,306.629,358.631,304.335,268.793,397.475,409.293,383.704,192.916,164.36,138.29,267.962,298.41,275.586,220.23,398.404,318.124,349.931,344.157,171.612,186.336,414.767,552.994,203.641,258.826,380.465,262.831,535.82,101.001,907.373,946.785,337.74,267.512,182.285,178.883,166.647,161.77,307.297,233.293,230.668,300.384,296.587,255.62,375.575,389.512,370.737,390.466,350.861,379.77,135.626,63.218,117.74,44.092,209.211,181.338,221.474,,125.059,103.424,171.806,76.087,127.12,108.819,107.693,98.97,106.06,73.741,108.124,103.069,149.719,167.388,131.382,151.537,188.872,307.305,267.059,285.668,225.321,219.353,354.393,335.625,328.629,393.321,332.147,335.547,307.758,254.52,203.809,248.105,237.554,165.06,198.628,193.365,227.964,175.105,381.404,188.302,276.403,290.271,181.456,318.896,300.67,240.634,376.376,178.295,272.768,263.877,185.2,258.857,182.932,313.37,366.445,207.853,296.081,137.513,594.407,443.477,410.225,352.632,375.311,207.188,175.457,180.856,196.11,240.983,222.495,213.493,146.615,233.906,148.962,247.134,242.163,179.74,187.432,278.806,163.431,207.31,458.81,313.003,208.55,303.638,290.46,163.156,181.196,177.713,170.91,320.225,154.187,255.435,204.561,179.166,216.505,201.341,217.825,603.387,364.418,369.006,466.369,461.704,636.951,558.254,75.289,44.528,87.28,99.864,73.959,150.339,84.624,118.529,103.031,141.48,135.212,201.803,125.783,184.274,,152.898,224.991,224.15,257.809,,62.502,368.926,823.057,342.345,400.973,39.175,80.123,9.717,1.239,539.657,9.361,25.461,34.492,142.373,229.425,306.059,172.641,87.917,62.739,29.947,106.289,113.183,153.387,406.891,360.351,40.103,26.468,178.728,128.077,206.917,207.678,226.361,322.463,564.504,405.729,359.84,205.279,396.44,296.555
2022-10-01,297.979,299.381,298.012,299.315,295.351,276.032,300.82,299.791,285.654,266.273,264.434,266.943,223.553,370.701,128.115,272.619,348.913,312.58,307.991,127.76,268.176,554.071,132.706,143.677,514.98,315.023,297.943,340.532,278.009,362.298,309.465,146.031,264.643,266.755,129.038,340.076,180.275,358.597,636.592,286.044,390.614,606.876,122.321,107.822,119.358,284.832,74.78,70.439,85.622,138.627,262.206,130.832,341.299,320.047,348.108,209.89,262.306,176.113,201.171,110.885,190.102,337.258,378.429,379.275,184.873,371.314,265.069,262.987,265.621,478.067,276.892,416.686,995.687,127.855,294.748,164.393,113.166,208.537,128.609,82.027,34.691,185.409,286.882,143.96,119.73,189.921,717.775,818.079,227.526,7.135,1371.864,501.987,86.716,106.789,62.681,138.939,87.793,55.866,109.181,225.236,280.404,377.255,318.58,320.588,382.21,268.23,286.591,304.032,359.316,335.968,269.355,395.377,404.612,384.37,194.766,165.679,139.428,270.652,303.557,277.341,221.446,403.29,330.541,361.237,358.332,172.451,187.604,414.897,554.811,203.796,258.94,,263.237,535.248,101.408,909.205,949.266,338.18,267.554,183.563,180.131,166.651,162.262,308.998,237.219,234.706,306.312,302.157,254.953,378.363,391.085,373.116,390.719,352.814,381.675,135.198,62.678,117.966,43.654,211.417,188.144,222.016,252.257,125.341,103.711,172.877,75.366,129.217,108.052,108.697,98.303,105.658,74.382,110.442,103.199,148.684,166.511,130.423,151.421,187.863,311.224,268.971,289.688,227.319,221.132,354.609,337.819,329.73,400.562,335.961,333.945,307.806,253.801,202.998,250.039,238.072,161.427,196.0,194.693,229.389,174.67,380.529,184.81,278.748,286.572,187.696,317.068,295.935,240.476,372.893,178.172,271.448,267.996,187.224,257.461,183.356,316.943,365.696,205.588,291.392,134.992,575.387,437.24,414.85,359.768,375.134,209.566,176.199,181.565,199.06,242.364,224.18,215.664,147.398,235.416,148.856,249.084,243.782,181.8,189.992,283.633,169.318,208.108,468.603,310.041,210.624,306.128,291.75,164.317,181.682,179.559,170.883,321.886,153.138,257.914,205.523,179.898,216.799,202.32,220.141,604.5,380.741,371.375,541.055,458.556,636.111,561.09,74.417,45.621,86.332,100.619,73.841,151.328,83.952,120.802,103.678,142.866,135.996,204.677,115.91,189.469,,152.737,224.735,222.329,256.66,,62.359,,,354.879,396.537,39.076,80.501,9.548,1.228,545.243,9.172,26.208,34.687,143.749,232.387,306.805,177.054,88.169,61.813,29.836,104.593,113.899,154.619,409.997,361.713,40.135,25.841,180.587,129.827,208.79,204.342,228.175,322.371,567.465,405.325,365.903,206.952,395.961,296.541
2022-11-01,298.708,300.316,297.711,299.6,295.968,276.162,301.83,297.403,286.54,266.111,264.617,267.685,223.531,372.126,127.141,273.554,347.509,314.067,309.309,128.386,267.192,551.402,133.368,144.698,519.162,316.5,299.267,342.266,279.629,364.655,307.018,146.277,261.714,265.842,127.778,338.346,181.299,363.195,645.217,283.64,391.36,603.076,122.682,108.383,120.092,285.771,75.526,71.158,85.362,139.987,264.428,131.567,344.928,320.092,350.603,211.304,262.661,176.815,196.659,108.744,188.896,335.333,387.053,382.218,184.227,373.766,261.682,263.424,251.796,484.651,277.824,416.854,990.704,127.958,289.851,162.579,113.875,209.851,128.623,81.741,34.229,187.347,284.67,144.103,122.508,192.249,718.85,820.825,227.55,7.122,1380.951,504.201,88.063,107.286,62.804,137.797,88.344,55.691,110.04,226.671,282.926,381.128,318.12,320.066,381.033,266.914,288.293,303.558,359.104,342.381,271.307,397.91,406.165,387.941,196.622,166.653,140.354,270.434,304.264,277.775,223.315,404.362,328.996,359.717,353.12,172.831,188.437,415.048,559.281,198.784,257.836,378.209,264.699,534.424,102.076,911.178,952.654,339.447,267.44,183.071,179.594,166.251,162.581,308.94,237.613,235.02,306.359,302.354,255.215,380.867,394.924,374.376,391.122,354.686,383.544,134.112,61.724,119.175,42.894,212.346,191.379,222.09,191.395,126.018,104.488,173.713,76.132,128.893,108.608,109.434,98.094,106.226,75.085,110.259,102.9,149.409,164.206,130.323,152.451,190.934,316.441,270.004,292.593,231.939,224.554,359.269,340.715,334.81,406.63,339.927,330.935,303.651,254.335,201.278,250.543,240.781,159.985,195.074,198.074,226.237,175.798,374.277,185.978,279.937,287.616,188.379,318.299,293.443,241.198,376.808,180.187,271.488,271.594,189.742,260.954,185.278,316.114,375.032,206.64,292.071,136.354,575.238,433.837,430.059,366.668,377.004,211.48,179.597,182.632,200.322,248.376,226.218,216.265,148.41,236.548,150.678,249.89,245.662,182.053,189.061,283.918,169.86,206.934,472.152,305.699,209.877,305.914,293.241,165.19,181.447,180.553,171.385,319.631,153.839,262.453,207.306,180.352,218.806,203.899,222.003,606.034,379.069,373.838,547.96,452.036,637.882,563.816,73.363,45.916,84.355,100.516,74.571,152.068,83.611,120.87,105.42,143.137,136.196,203.661,112.757,194.128,,153.056,229.336,221.031,255.622,,60.937,366.005,819.651,354.699,398.644,38.02,81.259,9.487,1.213,551.461,9.036,25.937,34.39,145.164,233.434,309.341,178.227,87.397,60.878,29.452,98.014,115.895,154.591,424.162,358.762,40.062,25.353,182.118,129.256,212.133,219.688,231.138,322.822,571.361,404.33,367.833,210.261,397.3,297.721
2022-12-01,298.808,301.433,296.797,300.113,295.89,275.265,302.97,285.672,286.62,264.741,264.847,268.374,221.579,374.364,126.283,271.022,319.004,315.353,311.432,128.69,262.087,551.943,133.571,144.857,520.134,317.798,300.553,343.559,280.755,367.45,308.354,146.85,263.005,260.726,127.234,311.146,181.39,366.96,650.774,278.981,391.809,603.646,124.071,108.083,120.525,286.736,75.481,71.106,85.432,140.258,265.101,131.589,347.128,321.246,351.056,212.164,264.569,177.609,193.008,110.411,189.437,308.143,354.231,385.182,186.615,376.582,265.079,264.984,260.172,431.883,278.464,417.049,1002.086,127.898,281.524,163.929,113.262,209.804,128.01,82.663,34.612,189.094,284.49,143.878,123.192,194.418,720.642,823.621,228.663,7.086,1379.589,502.035,88.697,107.566,62.711,137.754,88.78,55.29,111.158,227.358,283.869,381.554,318.125,320.636,382.823,265.871,289.447,302.966,357.57,358.003,271.376,397.816,403.694,390.385,197.804,167.547,140.75,271.606,308.732,279.616,224.841,407.448,301.743,334.46,328.762,173.693,189.304,415.611,560.676,199.607,255.471,383.15,266.015,534.9,102.196,913.651,956.313,340.174,268.479,180.196,176.647,165.954,162.871,309.885,231.722,228.643,295.753,292.949,256.253,383.803,395.697,376.379,392.817,357.224,385.684,133.29,61.0,119.515,42.31,212.628,192.55,224.396,191.841,127.118,105.936,175.413,77.42,129.745,111.072,108.903,98.988,104.998,75.037,110.255,103.728,148.556,164.338,129.453,152.291,193.661,315.763,272.978,292.607,232.457,225.463,360.381,341.606,338.132,404.097,339.854,330.548,308.529,254.879,200.196,247.448,241.227,160.58,194.276,198.6,223.947,175.546,365.898,188.224,274.959,296.917,188.057,319.077,291.065,245.146,374.774,180.048,272.885,270.898,190.045,260.325,185.51,323.575,374.196,205.751,292.25,134.102,574.054,439.551,452.456,380.178,373.642,211.993,181.226,185.322,200.673,250.7,226.636,219.609,147.943,238.139,150.794,251.811,247.539,183.066,187.653,289.04,169.719,212.467,476.21,310.935,211.559,307.441,295.945,165.624,181.776,182.216,174.041,331.779,153.154,264.71,207.118,180.897,219.055,203.2,225.022,607.513,384.578,376.657,457.655,449.849,639.319,565.185,74.574,45.437,84.649,101.855,75.038,152.774,84.897,122.17,106.494,142.948,136.241,202.929,117.392,198.502,,153.751,234.246,221.243,257.741,,61.781,370.417,830.987,356.45,400.452,37.115,81.332,9.461,1.22,548.031,8.921,25.319,34.221,144.367,233.766,308.717,177.07,87.193,62.755,29.825,101.516,114.649,155.101,428.825,368.247,40.074,25.619,182.82,129.33,211.575,229.55,233.177,321.434,570.914,405.211,370.228,211.187,385.656,287.25
2023-01-01,300.456,302.685,299.17,301.962,297.536,276.624,304.272,292.447,288.385,266.033,265.421,269.313,222.601,376.731,126.335,273.244,327.357,316.972,313.783,129.414,263.801,550.887,134.124,145.332,522.184,319.421,301.853,345.677,282.286,369.979,313.717,147.289,268.087,262.641,126.788,320.276,181.894,371.78,659.146,276.46,395.981,600.838,125.105,108.383,121.288,287.456,75.755,71.363,85.573,141.089,265.973,132.184,350.237,323.957,349.549,212.778,266.008,177.968,190.423,111.465,192.397,317.691,339.263,387.957,187.843,378.934,270.909,266.436,278.121,421.626,281.461,416.823,1008.954,129.459,277.664,164.636,113.738,210.925,128.688,83.949,34.419,190.268,283.33,143.748,126.025,195.644,717.542,825.931,229.989,7.121,1388.79,505.919,89.205,107.907,63.28,137.692,89.325,55.355,112.205,230.435,287.129,386.184,318.397,320.707,386.309,266.127,285.128,303.386,358.526,390.642,272.04,395.147,405.475,382.997,198.328,167.665,141.598,273.782,309.501,281.146,225.372,410.007,311.669,342.916,333.022,174.109,189.745,415.197,563.42,198.971,255.438,385.064,268.034,546.107,102.207,915.317,959.83,342.261,269.456,180.944,177.365,166.168,163.548,312.052,234.601,231.646,300.317,297.148,259.193,386.399,397.645,379.807,394.808,359.722,387.769,132.635,60.911,120.005,42.261,213.792,192.829,224.386,191.879,128.914,106.275,180.526,77.048,130.213,110.76,109.225,100.985,103.47,74.722,111.825,103.911,148.445,163.875,129.884,155.678,194.207,317.201,273.962,294.619,232.931,228.335,366.553,345.132,346.527,409.344,343.173,329.943,314.36,257.593,200.608,253.915,232.855,159.004,194.612,199.14,227.546,175.354,366.101,188.704,283.622,286.907,184.789,321.065,291.505,243.659,370.645,179.482,272.064,273.352,189.858,259.791,184.674,319.502,380.273,208.819,298.972,133.305,591.789,429.746,431.38,359.685,372.196,211.484,180.763,189.125,200.177,253.326,226.206,217.572,149.628,238.77,151.576,251.38,247.883,184.981,189.37,287.51,171.163,212.904,482.353,313.095,211.397,309.071,297.108,167.073,182.921,183.7,174.699,338.679,156.548,265.396,208.978,181.148,219.513,204.866,225.8,609.088,387.767,379.012,442.366,443.73,646.581,570.412,78.918,45.116,83.808,99.607,76.441,152.447,85.888,122.731,107.618,144.69,139.407,202.974,119.219,199.004,,153.734,240.662,224.454,259.035,,61.386,372.36,835.095,357.399,408.553,37.21,82.159,9.415,1.218,549.482,8.98,26.016,34.436,144.849,234.331,311.646,179.054,86.939,62.487,29.567,102.999,115.199,155.518,433.278,372.114,39.577,25.707,183.17,129.808,213.386,230.395,234.404,324.585,575.277,405.211,371.99,212.302,395.285,297.179
2023-02-01,301.476,304.097,300.84,304.011,298.524,277.009,305.656,289.134,289.537,266.234,266.14,270.329,222.944,378.526,126.273,273.77,325.399,318.127,315.343,130.244,264.042,548.946,135.22,145.388,525.564,320.651,302.603,347.869,282.377,372.654,309.454,148.317,262.802,262.6,126.518,319.408,181.037,372.572,664.936,282.744,396.56,598.058,124.717,109.255,122.054,287.691,75.763,71.372,85.932,142.655,267.476,133.177,351.38,323.371,350.115,214.453,267.126,178.332,187.711,,188.716,317.123,332.558,390.833,190.893,381.539,266.261,268.143,254.934,395.117,283.663,416.367,1010.04,129.638,286.421,164.517,114.743,213.669,128.931,84.579,34.772,191.551,284.162,144.732,126.168,201.178,717.706,826.63,229.88,7.125,1402.834,512.826,90.004,108.625,62.556,137.918,89.881,55.325,115.078,231.626,286.9,388.948,320.569,322.922,389.252,268.259,286.325,303.841,363.183,357.239,272.271,394.173,406.657,379.729,201.024,169.378,142.162,275.701,310.573,282.224,225.024,408.833,310.642,342.526,333.551,174.606,190.118,413.034,564.809,199.544,256.305,384.996,270.192,546.312,102.64,916.63,963.404,342.877,269.769,180.998,177.418,166.404,164.144,312.657,234.611,231.655,299.461,296.368,257.86,389.093,400.145,383.572,395.204,361.673,390.127,132.083,60.426,120.241,41.884,214.996,192.362,225.682,191.617,127.461,103.01,178.837,77.188,127.016,113.193,110.004,101.697,109.935,75.298,112.698,105.221,148.112,165.037,132.839,158.438,197.937,319.293,270.99,294.678,235.673,229.727,369.452,343.833,349.569,410.976,338.178,330.661,310.279,261.435,199.76,259.762,238.206,161.326,195.502,199.819,228.047,177.967,361.713,190.773,290.982,291.627,185.977,322.27,292.317,250.831,375.771,179.36,271.117,273.066,191.583,258.081,185.242,315.485,378.235,212.403,300.687,133.475,586.85,438.278,416.394,358.758,368.855,212.622,188.399,188.135,202.05,264.015,227.091,218.618,151.609,239.903,154.026,251.957,251.724,185.331,191.903,285.913,172.011,214.778,486.557,312.249,212.506,308.024,299.955,167.676,183.628,183.458,177.898,341.776,157.085,266.014,209.413,180.757,218.868,205.973,224.064,610.442,394.918,381.616,403.778,444.616,651.274,575.697,76.322,44.659,84.829,98.233,77.677,151.596,85.575,123.227,111.92,145.699,140.351,197.525,115.364,199.051,,153.169,239.881,225.517,259.004,,61.795,372.233,834.339,356.486,413.311,37.712,82.869,9.142,1.184,558.89,8.899,26.325,33.996,147.042,236.802,316.644,180.039,86.663,62.458,29.961,97.706,117.339,156.554,438.028,370.449,39.629,25.983,185.33,130.482,213.034,240.169,234.425,332.604,579.953,409.39,372.592,214.178,406.441,309.021
2023-03-01,301.643,305.123,301.836,305.476,298.694,276.424,306.557,280.323,289.798,265.495,266.577,270.898,222.339,379.52,126.514,271.998,312.145,318.276,316.34,130.443,262.546,547.054,135.324,145.666,528.144,320.797,301.822,349.944,282.588,374.754,304.934,148.722,257.697,261.119,126.899,306.109,181.282,373.865,672.756,281.003,398.917,594.745,125.95,109.414,122.392,289.029,75.776,71.382,86.138,142.597,268.631,133.986,353.267,320.077,345.41,214.899,268.322,178.924,186.619,117.69,184.854,304.286,316.209,392.795,195.518,383.454,261.157,266.241,240.548,385.652,284.166,416.603,1007.592,130.344,287.731,163.741,115.412,214.84,128.15,84.238,35.112,190.263,286.582,144.233,125.99,199.249,707.82,831.162,230.31,7.156,1413.38,516.389,89.379,109.037,62.593,138.416,90.358,55.478,115.515,232.82,288.128,391.639,319.079,322.177,389.482,264.887,288.164,302.275,358.698,332.462,271.384,387.867,401.996,371.691,199.808,169.743,142.429,275.641,309.622,284.022,224.974,409.906,297.131,330.547,325.884,175.355,190.682,412.119,568.145,199.757,257.431,383.42,272.124,547.078,103.526,918.416,967.061,346.178,270.395,180.199,176.603,166.735,164.649,312.069,231.118,227.921,293.643,291.146,256.158,391.303,400.948,386.876,395.149,363.193,391.65,132.118,60.265,120.573,41.827,216.558,192.711,227.327,192.25,128.696,104.913,178.583,77.364,132.807,114.066,110.369,104.238,107.575,75.091,112.269,104.397,145.768,170.764,131.643,151.827,199.282,320.936,277.523,295.091,236.502,228.794,372.111,349.949,351.309,415.834,347.01,331.897,304.859,262.95,200.254,253.621,234.76,156.996,193.339,201.187,226.775,176.439,365.409,189.314,283.047,286.34,188.327,318.033,289.923,245.534,376.366,176.994,271.021,275.312,191.01,254.998,182.889,302.044,377.928,209.243,298.598,129.589,582.819,431.965,386.215,351.2,365.075,211.325,188.529,186.319,200.796,263.067,225.41,219.172,151.791,239.052,155.101,251.242,251.903,186.249,189.433,278.267,174.88,215.798,481.15,313.505,213.785,311.997,301.33,168.586,186.852,184.517,178.469,341.638,158.735,266.425,207.534,181.071,218.845,203.83,224.529,611.904,405.822,383.534,391.412,442.073,652.403,576.773,75.93,44.854,86.384,97.1,78.565,153.913,83.769,123.76,112.102,147.222,140.097,201.49,118.41,197.27,,153.059,240.376,223.788,260.52,,62.01,369.734,842.261,358.052,408.093,37.957,83.61,9.068,1.172,564.902,9.115,26.224,33.927,148.227,238.643,317.491,178.682,86.324,62.999,30.18,100.482,119.432,156.094,431.088,369.676,39.973,26.211,188.38,130.043,215.38,230.877,235.32,335.663,585.879,410.273,374.628,214.712,413.62,316.313
2023-04-01,302.858,306.49,303.363,306.899,300.025,277.475,307.788,281.5,291.066,266.678,267.775,271.654,223.316,380.933,127.438,273.229,317.367,318.752,317.414,130.436,265.333,547.039,136.059,145.691,532.319,321.209,301.806,351.237,283.961,376.425,302.94,149.475,255.263,264.098,128.1,311.712,182.321,375.89,682.158,279.561,400.755,594.107,125.977,109.237,122.307,289.783,75.672,71.278,86.374,143.653,271.171,134.27,353.928,318.709,345.165,215.043,269.037,178.774,192.647,116.765,182.036,310.282,307.755,395.062,189.644,385.647,258.727,265.746,232.493,381.067,285.052,417.409,1011.879,130.894,283.951,160.851,116.131,218.43,127.802,84.238,35.105,190.685,285.777,144.597,126.157,199.235,704.119,833.617,230.833,7.134,1414.924,528.701,88.728,108.682,61.778,137.709,89.161,55.241,115.183,234.581,287.985,391.801,318.708,322.03,391.984,262.608,287.697,301.686,357.709,319.233,271.102,389.076,402.685,373.449,197.481,170.389,141.41,277.238,309.084,284.811,225.14,414.514,304.175,336.293,327.953,175.191,190.551,411.951,570.284,199.64,257.98,385.355,271.407,548.51,104.235,919.97,970.459,348.006,270.323,181.294,177.683,167.448,164.715,312.634,232.73,229.571,296.282,293.637,254.338,393.195,403.021,388.874,395.849,364.418,393.402,133.62,60.078,120.668,41.709,216.852,192.554,230.117,192.28,129.039,105.531,178.699,77.493,134.337,113.5,110.177,105.98,105.902,74.744,111.67,104.292,146.545,170.107,131.726,153.21,199.366,319.941,277.748,295.576,235.683,234.728,370.885,349.757,350.42,415.534,344.555,333.806,307.794,266.093,196.158,254.874,236.125,156.564,192.631,202.577,226.747,176.021,358.451,186.2,284.163,280.939,189.349,315.479,288.777,244.256,376.628,175.86,271.312,272.139,190.705,251.997,182.314,302.701,380.883,209.66,297.286,129.653,578.082,433.076,398.635,347.051,366.989,209.766,184.186,184.824,200.97,262.286,222.33,221.402,151.954,237.332,154.96,249.548,252.04,188.081,189.186,275.922,173.041,215.495,472.525,313.219,214.667,314.227,302.264,168.666,184.686,186.185,178.956,337.377,158.42,266.491,207.386,181.204,219.851,202.371,229.754,613.433,391.634,385.734,382.862,442.967,653.74,580.124,74.475,44.077,84.091,95.409,77.863,152.265,83.397,122.903,111.948,147.232,141.538,201.115,118.606,196.966,,153.661,244.384,224.342,261.486,,62.504,371.811,845.666,359.31,406.055,37.449,83.341,9.138,1.174,568.568,9.259,26.5,34.114,149.179,241.168,325.19,177.422,86.614,63.127,30.033,107.682,119.361,156.406,424.303,388.049,40.075,26.147,191.055,130.458,218.441,212.824,235.038,346.352,583.911,,375.691,215.774,430.464,336.575
2023-05-01,303.316,307.623,304.127,308.096,300.444,277.376,308.862,274.466,291.525,266.403,268.488,271.877,223.278,381.878,127.718,272.217,305.7,319.515,318.159,130.833,265.1,547.452,136.073,145.519,536.292,321.933,302.072,352.892,285.285,378.323,300.144,148.676,251.844,264.19,129.247,300.289,182.357,378.182,696.172,272.358,403.358,593.782,126.436,109.831,122.746,290.183,75.458,71.069,86.324,143.74,273.298,135.074,353.983,315.58,348.773,216.513,269.86,178.778,198.793,114.904,177.798,298.88,297.692,397.024,190.363,387.643,255.632,263.74,226.272,366.226,286.322,417.572,1019.584,131.558,274.916,163.724,116.297,219.195,126.427,84.411,35.133,190.727,289.888,144.717,126.249,198.513,707.858,834.625,231.294,7.129,1423.094,532.363,87.845,108.407,62.066,136.692,88.823,55.04,114.653,234.244,287.145,392.471,317.894,322.691,396.145,260.882,287.239,299.974,352.228,288.546,269.573,393.06,406.319,377.794,199.668,171.946,141.539,278.769,309.956,285.573,226.072,417.235,292.666,325.582,320.179,174.755,190.618,409.885,569.812,200.699,261.049,389.166,270.068,548.929,105.357,921.228,975.423,346.568,270.672,181.027,177.384,168.211,164.822,312.861,230.634,227.286,292.415,290.226,252.542,395.251,403.13,390.507,395.798,365.658,394.699,135.139,60.039,120.513,41.652,217.744,193.125,230.426,191.786,129.666,105.314,179.857,77.776,135.505,112.586,110.663,109.455,108.194,75.586,110.949,105.399,148.128,167.134,131.555,154.989,198.178,320.482,277.736,293.243,236.574,231.113,371.758,351.035,348.753,416.649,345.828,340.629,311.896,266.85,194.262,258.538,232.533,153.963,191.684,199.989,224.813,172.429,353.437,184.554,288.894,282.123,188.498,318.82,285.903,239.36,369.149,176.564,270.145,273.413,188.148,252.174,183.101,301.814,384.834,209.503,295.425,133.766,573.019,435.05,414.706,349.125,369.963,210.582,187.786,187.891,201.546,265.308,223.958,221.846,153.447,237.525,154.743,249.618,252.955,189.327,189.472,277.272,173.31,217.11,482.286,314.185,215.038,315.46,304.32,168.741,185.934,187.894,180.474,352.255,155.674,267.478,207.755,182.107,220.365,202.819,231.202,614.753,393.22,387.734,365.133,438.666,654.537,587.431,74.884,43.976,83.417,94.818,77.684,149.905,83.164,122.53,111.606,147.882,140.489,201.605,116.224,198.666,,154.632,245.129,224.922,261.016,,64.181,375.702,853.182,360.501,403.718,37.289,83.324,9.147,1.155,570.002,9.062,26.651,33.877,149.744,243.555,323.805,175.038,86.024,63.111,30.05,106.74,120.348,157.144,421.545,388.601,40.509,26.008,192.666,131.661,217.889,204.91,235.137,345.535,587.437,428.416,377.241,217.996,432.798,338.925
2023-06-01,304.099,308.291,305.109,308.91,301.272,277.791,309.502,277.109,292.341,266.804,268.565,272.066,223.546,383.259,127.529,272.839,310.086,319.98,319.392,130.955,266.075,547.487,136.338,145.166,536.957,322.406,302.116,354.245,285.633,380.071,301.359,148.496,252.87,265.666,129.023,304.899,182.104,383.196,706.346,262.559,404.109,593.575,127.27,109.581,122.888,290.553,75.096,70.716,85.964,144.661,273.662,135.34,354.352,315.173,351.516,216.388,269.282,178.728,197.601,115.583,174.267,303.728,288.457,398.968,189.677,389.558,256.793,266.708,222.107,364.577,287.457,418.515,1023.107,131.819,260.848,165.469,116.288,219.308,126.082,84.501,35.03,192.528,287.092,144.727,127.411,197.976,697.925,836.251,232.045,7.14,1424.29,533.084,88.329,108.198,61.598,136.784,87.879,54.997,114.498,234.574,288.162,392.673,318.374,322.466,398.9,257.194,288.184,301.688,353.793,277.573,268.338,396.485,410.939,379.937,200.747,171.806,141.696,282.858,308.586,284.242,225.688,419.404,297.168,330.748,323.163,174.515,190.629,412.812,569.309,202.07,259.432,390.793,270.024,549.14,105.725,921.511,982.373,346.809,271.338,181.217,177.569,168.022,164.755,312.614,231.827,228.55,294.187,291.827,251.734,397.107,403.589,392.368,396.668,367.238,396.105,134.847,59.949,120.201,41.651,218.301,193.222,234.295,191.83,130.429,106.194,181.731,76.938,135.995,114.433,110.72,104.925,107.77,75.143,112.589,103.689,150.102,166.129,131.173,154.286,197.504,321.122,280.706,293.975,238.159,231.465,369.396,351.035,346.468,420.092,343.073,346.066,306.194,268.879,192.901,254.34,233.532,150.084,192.683,203.06,225.314,174.606,347.839,184.197,283.746,285.72,187.379,321.058,287.464,244.986,369.492,175.416,266.48,272.418,189.218,250.639,181.965,298.422,376.789,208.359,287.62,140.766,563.898,437.094,405.709,353.498,372.135,211.54,189.157,188.383,201.909,266.755,224.938,221.961,153.449,236.361,157.364,248.499,256.812,192.84,190.289,273.812,170.632,216.665,471.682,314.917,213.708,308.783,305.093,168.825,186.976,186.623,180.49,354.01,154.539,267.894,208.618,181.031,221.053,204.472,233.078,615.43,391.513,389.641,365.292,433.404,657.11,589.812,74.655,43.423,84.283,93.56,77.033,150.426,83.726,122.103,111.725,148.315,140.382,203.535,112.317,199.183,,154.987,250.599,225.739,262.75,,65.852,376.235,860.404,361.711,404.769,37.357,83.572,9.14,1.146,571.398,9.122,26.02,33.648,150.01,242.387,326.087,174.574,85.782,63.41,29.869,104.657,123.56,157.585,432.065,388.856,40.065,26.101,192.219,130.974,218.948,216.081,236.807,347.585,587.655,,377.563,217.129,439.647,345.068
2023-07-01,304.615,308.959,305.691,309.402,301.77,277.832,310.164,275.9,292.885,266.715,268.64,272.404,223.086,384.826,127.161,272.73,307.208,320.574,320.599,131.265,265.585,547.356,136.392,145.078,537.627,323.046,302.757,354.862,285.58,381.821,302.109,148.407,253.273,265.431,128.367,301.717,181.454,387.159,719.247,256.61,406.169,592.709,127.682,109.972,123.372,291.208,74.91,70.545,85.301,145.568,273.777,135.949,354.786,316.08,352.364,216.295,269.996,178.722,194.701,115.476,173.982,300.583,286.268,400.798,189.453,391.476,257.047,265.743,225.929,369.248,289.005,419.734,1021.483,132.587,253.523,166.489,116.191,219.373,126.264,83.785,34.158,194.349,283.935,144.149,128.986,198.738,695.378,838.353,230.906,7.099,1431.302,530.282,88.58,107.935,61.29,136.291,87.859,55.148,113.166,234.643,288.804,393.736,319.921,325.151,404.999,257.637,289.464,300.769,354.472,270.872,269.143,397.041,411.593,380.387,201.82,171.442,141.965,284.009,308.092,285.1,225.608,420.092,293.928,327.753,323.128,174.282,190.601,413.437,572.886,202.064,261.034,389.061,275.657,549.212,106.983,922.85,989.498,347.2,271.012,180.448,176.79,167.449,164.465,314.057,231.015,227.659,292.608,290.441,251.601,398.997,404.908,395.425,397.802,368.864,397.794,134.112,58.896,120.506,40.853,218.655,193.484,233.605,,130.933,105.762,181.96,78.116,136.148,114.664,110.739,105.249,106.554,74.62,113.866,105.848,148.625,163.83,130.158,155.239,197.763,320.346,281.392,295.43,240.341,229.566,370.79,350.564,349.334,418.044,344.122,351.379,317.433,273.619,191.743,255.092,233.915,154.011,190.539,207.667,222.893,175.074,345.422,184.618,285.003,286.053,188.6,315.131,285.147,247.355,367.718,173.791,267.792,275.495,189.224,247.44,180.849,301.412,385.794,209.612,288.46,138.647,564.627,438.626,404.637,355.948,372.867,213.439,189.504,188.563,202.159,268.02,227.664,221.175,153.231,237.184,156.992,249.212,258.669,193.196,189.994,272.818,173.065,217.02,464.986,312.162,214.122,313.285,305.441,168.68,185.278,188.041,181.013,361.535,156.003,266.014,210.389,181.158,222.835,205.852,233.409,619.637,390.557,391.55,369.651,430.094,659.223,596.167,73.841,42.889,83.511,92.853,77.169,147.718,83.275,122.126,109.807,148.77,140.016,202.866,111.143,197.917,,155.085,254.016,227.901,264.211,,66.762,374.505,857.49,359.987,402.431,36.82,84.014,8.93,1.134,572.558,9.245,25.209,33.279,150.303,241.371,327.967,175.21,85.642,61.896,28.943,107.163,122.977,158.711,437.642,393.212,38.907,25.719,191.917,130.287,219.131,228.731,237.857,347.967,591.944,424.823,380.987,217.47,425.897,329.063
2023-08-01,306.138,309.646,307.026,310.103,303.381,279.493,310.88,287.508,294.452,268.53,269.039,273.157,224.61,386.23,126.888,276.218,331.02,321.444,321.619,131.268,270.492,547.848,136.14,144.973,540.288,323.957,303.506,356.083,285.859,383.031,304.181,148.423,255.013,270.439,127.844,325.364,181.785,391.395,736.015,259.146,408.437,592.602,127.374,109.955,123.091,291.58,74.759,70.395,84.977,145.499,275.037,136.26,355.865,317.844,352.198,216.744,271.023,179.095,191.078,116.786,175.751,324.015,317.338,402.673,184.618,393.056,258.046,267.085,225.9,391.91,290.975,421.458,1029.389,133.402,257.589,165.911,116.498,217.799,126.46,83.646,34.221,193.679,281.338,145.5,126.604,197.925,694.564,839.51,231.543,7.082,1440.574,535.122,87.342,107.999,61.637,134.705,87.588,55.397,114.498,233.425,288.076,395.634,322.356,327.646,407.649,262.519,288.114,302.842,357.399,264.647,268.281,396.949,411.16,380.658,201.587,172.169,141.617,285.246,308.63,286.241,225.949,420.221,317.742,350.787,343.051,174.439,191.06,413.877,579.666,203.98,258.989,391.678,277.856,551.344,108.185,924.593,989.878,348.173,271.067,182.075,178.434,167.061,164.471,314.167,236.003,232.932,300.941,298.025,252.972,400.138,405.481,401.637,399.568,370.449,399.24,133.386,58.315,120.62,40.407,219.097,197.299,237.69,194.901,130.39,102.396,180.619,79.735,135.522,114.432,111.141,109.074,112.062,75.417,111.602,103.842,148.703,168.051,132.378,153.663,198.221,318.549,278.236,294.872,238.475,233.915,373.071,352.996,349.751,420.228,349.983,352.959,322.484,279.243,195.368,253.794,241.15,156.752,193.116,205.095,224.06,176.353,360.168,183.483,283.04,277.165,186.064,322.334,287.601,252.736,370.524,173.731,266.238,274.149,189.577,247.073,180.836,298.145,383.774,209.58,287.815,138.689,564.449,443.352,403.237,350.42,374.396,213.218,189.114,188.383,200.014,267.245,228.347,223.012,153.412,236.627,156.376,248.934,260.49,193.446,192.029,271.206,176.775,217.78,463.179,316.33,214.582,313.629,305.23,169.557,187.892,185.121,181.358,344.962,155.171,266.454,210.179,181.008,224.795,204.783,233.36,624.748,378.493,393.118,407.615,433.883,665.008,597.347,78.84,43.664,82.203,93.044,77.025,152.131,83.038,123.029,111.399,149.024,138.413,199.672,111.145,192.096,,155.238,257.624,228.626,267.009,,67.62,377.091,863.514,359.684,412.176,36.529,84.369,8.81,1.12,574.958,8.885,24.876,33.018,151.127,238.928,326.774,175.919,85.479,60.492,29.024,107.581,122.14,159.023,436.234,383.226,38.965,25.258,191.735,126.915,218.875,229.205,240.196,343.726,596.473,,382.302,218.748,417.501,321.31
2023-09-01,307.374,310.616,307.789,310.817,304.74,280.318,311.766,293.194,295.705,269.447,269.268,273.708,225.137,388.233,125.791,278.377,342.401,321.902,323.299,130.56,272.18,548.636,136.79,145.079,543.561,324.332,303.382,357.488,287.496,385.354,305.466,148.491,256.342,272.165,127.113,336.359,179.115,392.222,745.116,259.94,407.25,594.05,127.945,108.814,122.194,292.254,74.737,70.376,85.181,146.441,276.945,136.923,355.174,318.137,351.13,216.814,271.134,179.488,187.65,116.609,173.69,334.484,337.553,404.578,191.242,395.06,258.788,269.181,222.656,409.781,291.279,420.715,1041.741,132.921,257.557,165.817,116.627,218.787,126.481,85.557,34.134,195.785,285.482,145.824,125.312,192.692,698.45,841.334,231.088,7.084,1443.712,540.99,88.81,107.654,61.266,133.112,86.836,55.658,114.952,234.314,288.295,394.837,323.064,328.997,409.949,263.717,288.344,305.206,353.23,260.003,268.377,394.821,408.908,378.669,202.335,171.71,142.582,285.37,306.579,286.646,226.652,423.822,327.989,361.886,354.408,174.569,191.508,413.966,579.13,204.834,259.21,397.531,275.466,547.579,109.46,924.592,992.748,354.05,271.132,182.618,178.95,166.622,164.397,314.552,239.401,236.411,308.206,304.733,253.195,402.656,406.786,404.07,401.237,372.425,401.362,132.505,58.555,120.634,40.566,219.918,197.883,240.429,196.018,131.318,98.006,182.924,80.216,137.331,114.823,110.186,106.103,107.041,75.366,110.887,101.821,148.292,169.156,134.155,147.619,190.464,319.21,276.814,295.295,239.147,232.994,371.514,351.493,350.275,420.869,343.92,355.019,326.256,278.514,198.341,251.121,239.949,157.536,194.35,206.431,221.115,175.018,374.087,182.527,279.728,295.531,185.739,322.92,290.296,251.642,369.493,174.62,265.159,275.734,188.875,249.533,181.208,300.753,380.486,208.806,289.497,137.278,570.437,434.179,398.077,354.93,372.896,214.553,189.552,187.921,204.927,268.712,228.75,221.682,153.507,237.58,157.672,250.613,260.889,193.321,192.796,271.203,173.802,217.67,460.068,310.512,214.597,315.933,305.851,170.194,187.423,185.147,182.285,340.69,155.973,267.458,210.651,181.633,225.812,204.806,234.885,626.058,394.188,395.131,443.268,429.48,666.141,596.997,77.507,42.934,80.181,92.104,76.275,154.557,83.066,123.504,111.34,149.2,139.54,200.982,108.677,195.845,,151.978,258.443,228.557,268.254,,67.627,382.919,873.65,357.95,418.197,37.146,84.165,8.734,1.113,575.231,8.868,25.145,33.007,151.354,240.443,327.554,175.525,85.759,62.243,28.858,111.353,122.181,159.482,449.167,383.499,38.846,26.0,192.229,128.166,218.054,246.887,239.772,346.801,598.851,456.146,382.422,219.015,417.947,
2023-10-01,307.653,311.433,307.671,311.38,304.901,280.182,312.619,286.478,295.945,269.048,269.791,274.341,224.505,389.469,125.429,277.144,327.633,322.975,324.182,131.257,270.184,549.746,136.924,145.011,546.768,325.424,304.339,358.824,288.303,386.705,305.386,148.506,256.145,270.041,126.746,321.686,178.518,392.861,758.808,260.763,408.965,594.953,128.959,109.359,123.074,292.409,74.653,70.308,85.308,146.531,277.766,138.185,355.634,321.194,352.035,216.887,271.652,179.41,186.879,,171.99,319.829,333.768,406.513,187.167,396.74,259.106,269.276,223.62,395.882,291.683,419.453,1051.855,133.725,256.06,164.879,116.598,219.308,127.02,87.325,33.956,195.746,287.554,145.52,125.203,196.364,694.56,842.0,229.307,7.062,1471.019,541.691,88.596,107.556,60.525,134.962,86.114,55.385,113.791,234.951,287.412,395.858,326.228,333.509,416.164,269.044,289.095,307.218,352.94,261.79,268.326,395.096,411.657,376.31,203.949,172.251,141.931,284.755,311.567,286.812,227.372,424.74,312.573,349.86,345.433,174.727,191.423,409.755,581.932,205.221,259.137,401.752,277.357,552.058,109.682,923.195,997.33,354.469,272.432,181.498,177.796,166.743,164.626,315.637,237.026,233.867,302.794,299.904,253.566,403.993,407.117,407.438,402.494,373.773,402.683,132.231,58.244,120.684,40.352,220.572,198.238,238.267,196.2,131.831,99.989,182.635,80.469,139.522,115.184,110.631,102.72,105.7,76.483,111.427,102.837,149.805,168.21,132.901,151.512,195.461,320.879,278.376,293.462,241.583,233.758,367.844,352.572,346.515,424.286,344.575,360.211,337.304,280.273,201.504,251.662,248.324,160.065,195.114,209.015,221.113,174.911,381.266,182.865,280.393,300.99,188.095,324.497,291.329,251.48,366.269,175.364,266.375,273.1,189.005,251.77,181.649,305.249,352.04,208.615,294.793,140.319,577.202,423.328,397.594,350.381,372.51,216.095,189.976,190.233,204.689,267.858,231.242,222.497,153.701,236.466,155.271,248.76,265.053,192.617,192.449,275.357,176.117,221.067,465.214,309.555,213.223,315.705,308.226,170.063,188.906,187.34,183.846,341.107,157.31,270.045,209.858,181.888,223.536,204.764,235.523,627.244,384.333,396.804,425.42,428.894,667.177,597.569,78.457,41.319,83.15,91.019,76.005,156.729,81.53,123.318,109.857,149.404,140.093,196.571,103.227,200.533,,151.745,258.606,232.211,270.449,,67.112,386.364,878.733,354.32,420.78,36.845,84.052,8.714,1.111,575.21,8.853,25.298,33.049,151.255,240.453,329.251,176.481,85.977,66.097,28.713,109.777,122.075,157.783,454.535,386.986,38.571,27.625,192.364,128.28,218.163,255.688,239.151,348.346,610.505,,383.029,219.691,419.081,322.777
2023-11-01,308.087,312.373,307.051,311.606,305.342,280.103,313.48,281.732,296.285,268.87,270.281,274.641,223.388,391.438,125.09,275.654,314.345,323.296,325.457,130.192,269.416,552.23,136.691,144.635,548.463,325.808,304.154,360.383,287.731,388.466,307.865,147.926,258.594,269.252,127.769,308.136,178.625,393.924,769.317,260.488,410.847,597.63,126.418,108.758,121.869,292.648,74.293,69.958,84.834,146.682,278.099,138.278,356.661,320.186,351.497,217.474,271.49,179.196,189.444,,169.546,306.352,319.829,408.47,185.434,398.757,261.9,272.421,225.324,391.355,292.694,421.339,1052.718,134.331,254.627,162.108,116.165,218.949,126.274,87.743,33.818,196.208,286.751,145.319,124.661,195.912,684.378,843.249,229.78,6.995,1487.792,543.156,87.765,106.931,59.585,133.515,85.279,54.605,113.159,233.691,288.557,396.598,324.766,331.213,413.612,265.316,289.387,306.419,353.728,266.189,267.609,395.7,413.385,375.715,201.86,172.797,141.899,285.104,313.031,286.332,226.653,425.252,299.141,335.981,332.353,174.495,191.137,412.011,583.752,204.823,259.16,402.222,278.611,554.6,110.163,923.547,999.185,354.89,273.27,179.987,176.276,166.307,163.823,313.939,233.949,230.627,298.195,295.712,254.967,405.827,407.682,412.095,404.8,375.733,404.591,132.771,56.88,120.823,39.365,221.574,199.124,239.041,196.222,129.524,100.583,180.194,79.828,133.35,112.896,110.098,102.548,106.065,75.463,110.634,101.918,150.478,163.419,132.711,152.631,195.306,325.857,280.692,291.979,240.52,237.846,370.456,355.177,347.063,431.768,346.694,354.917,340.826,277.024,198.777,248.089,242.457,159.578,194.987,207.456,220.513,174.923,371.891,183.571,275.426,302.23,188.136,328.179,289.603,252.969,366.991,175.83,264.392,274.245,188.863,253.379,181.896,312.236,353.069,207.731,303.095,141.468,592.941,436.017,387.869,349.736,370.903,214.939,187.44,187.793,204.131,263.839,230.063,224.056,153.426,235.903,156.047,248.875,262.392,193.441,193.391,281.034,173.319,220.425,469.753,313.108,211.174,312.765,308.664,170.401,189.801,187.635,185.0,336.52,155.717,269.611,209.679,181.45,223.413,204.991,235.717,629.016,380.014,398.822,412.549,429.032,668.597,601.631,78.683,40.082,82.474,89.745,75.441,157.104,81.103,123.781,109.272,148.325,139.521,197.834,99.264,198.518,,150.196,258.558,226.083,270.151,,66.036,386.614,879.812,354.677,424.131,36.258,84.247,8.43,1.099,575.607,8.75,24.902,32.514,151.198,239.754,329.215,174.831,85.918,66.9,28.651,108.804,120.5,157.77,458.495,385.341,38.464,27.92,192.388,127.681,221.462,255.779,234.309,351.868,617.028,,385.609,221.196,418.684,322.395
2023-12-01,308.735,313.23,306.746,311.907,305.992,280.37,314.303,280.311,296.867,269.056,270.706,274.999,223.166,392.93,124.715,276.113,310.4,323.898,326.476,130.269,269.182,554.294,137.205,144.761,549.018,326.442,304.517,361.564,287.873,390.11,308.269,147.515,258.978,269.049,127.368,304.508,179.178,392.897,782.899,259.588,410.365,600.542,125.877,108.97,121.994,293.626,74.236,69.899,84.39,148.162,278.484,137.51,355.873,320.909,352.164,217.889,271.86,179.374,190.57,,167.023,302.868,300.47,410.051,186.532,400.468,262.706,273.758,224.555,380.975,292.915,422.613,1057.884,134.022,254.909,158.997,116.282,220.442,124.807,87.8,33.681,198.898,285.502,145.153,124.921,198.259,694.59,845.653,230.541,6.976,1486.9,543.85,87.668,106.56,60.645,131.895,85.491,54.66,112.161,233.628,284.941,395.119,325.155,332.043,415.87,265.834,288.764,306.812,352.381,270.888,267.889,395.941,417.677,371.642,202.994,173.748,141.148,285.7,315.396,286.429,227.542,426.268,295.67,332.392,329.292,174.36,191.359,412.93,588.492,204.366,259.16,404.407,279.231,552.625,110.733,924.997,1003.13,355.633,273.744,179.516,175.796,166.154,163.513,313.71,233.979,230.597,298.086,295.718,255.597,407.552,409.516,412.434,406.365,377.297,406.15,133.121,56.599,121.05,39.076,222.175,198.967,239.135,196.003,129.389,99.446,181.458,80.338,132.391,111.822,110.677,101.804,106.164,75.354,113.622,100.383,150.451,160.993,132.143,152.967,197.907,322.52,273.819,291.763,239.743,234.781,369.811,356.408,347.391,434.941,347.275,352.556,335.889,283.379,198.416,252.966,240.258,160.397,195.709,205.169,218.341,174.675,371.573,181.273,280.948,303.359,188.589,328.8,291.13,253.595,364.186,176.731,263.884,278.562,188.549,254.406,182.948,312.882,351.439,207.757,308.332,142.775,604.486,426.352,377.547,352.508,369.673,216.736,188.239,188.419,205.388,265.937,231.129,225.818,153.91,234.209,156.322,246.534,264.522,193.362,193.981,280.576,174.743,224.369,468.068,312.726,213.055,313.647,308.238,169.798,188.023,188.256,185.565,340.048,156.368,269.828,208.696,182.188,221.566,204.625,236.702,630.846,382.455,400.531,389.767,427.897,669.069,602.164,78.729,41.158,81.224,91.363,75.177,155.451,80.2,123.308,107.771,148.324,139.047,196.177,101.376,198.133,,151.986,258.363,228.652,267.947,,65.615,388.542,886.629,356.562,420.817,35.773,84.319,8.425,1.094,578.807,8.681,23.689,32.001,152.02,240.924,332.219,172.509,85.108,66.864,28.502,112.273,119.1,159.542,464.973,392.422,38.276,27.266,192.123,129.506,223.66,263.849,235.237,356.115,615.331,,387.561,222.115,417.974,
2024-01-01,309.794,314.389,308.417,313.623,307.041,280.975,315.456,280.238,297.87,269.553,271.25,276.133,222.9,395.5,124.351,275.931,306.274,325.014,328.362,129.554,268.569,556.567,137.843,145.37,552.014,327.575,305.421,363.249,288.758,392.397,311.66,147.63,261.579,267.98,125.397,300.17,180.393,396.004,794.991,263.466,407.879,604.395,127.183,107.517,121.409,294.535,74.613,70.25,85.039,148.571,280.15,137.992,355.454,321.246,352.982,219.968,272.799,179.273,183.526,109.689,165.407,298.595,288.702,411.551,189.267,402.51,265.585,276.142,228.622,378.052,297.079,424.156,1074.709,133.302,259.736,159.14,116.983,220.871,127.326,88.546,33.503,199.486,284.832,144.074,123.845,196.695,688.843,848.613,232.609,7.044,1491.538,550.139,87.45,106.461,60.339,133.656,85.787,54.297,111.346,234.64,285.431,395.688,324.947,331.929,416.159,264.901,289.209,308.297,349.383,277.74,268.941,397.076,412.483,379.457,203.222,175.67,141.75,285.985,315.295,287.71,228.114,426.445,291.235,329.373,323.978,174.653,191.185,415.427,590.205,204.385,260.839,410.695,281.268,548.245,111.629,926.948,1007.067,358.314,274.023,178.878,175.136,165.62,163.7,315.361,232.894,229.45,296.493,294.271,257.906,409.779,411.323,416.75,408.877,379.32,408.722,131.48,56.923,121.528,39.357,222.981,198.737,239.526,196.001,131.243,100.507,184.135,80.454,134.621,112.143,109.912,99.897,102.24,75.303,113.937,94.896,148.237,161.174,131.865,156.862,195.352,320.461,271.667,291.46,240.416,234.851,370.172,354.944,348.565,430.118,346.535,348.091,335.656,285.263,198.262,245.997,241.303,161.146,196.836,206.371,218.637,173.205,368.33,182.255,273.123,307.124,187.12,333.006,292.47,248.469,366.669,175.241,266.477,273.965,189.925,251.813,181.357,313.638,345.827,204.602,302.037,143.17,592.415,428.888,381.79,366.56,375.921,216.825,187.823,189.907,204.481,266.153,232.049,228.125,155.927,235.198,156.204,248.16,265.831,193.746,193.404,280.731,174.534,223.76,471.671,314.799,213.674,314.763,310.668,170.166,189.017,188.387,186.428,351.384,156.009,271.719,208.652,182.591,223.133,203.295,236.501,632.868,390.299,402.571,380.118,429.366,680.466,606.773,78.434,40.955,81.567,92.303,74.992,156.901,79.401,121.63,107.407,149.099,139.763,193.245,104.462,198.588,,153.148,259.694,232.923,271.59,,66.979,394.389,904.516,360.105,422.673,36.441,85.319,8.413,1.098,580.771,8.687,24.307,32.394,152.602,241.19,333.608,177.3,85.591,67.772,28.363,110.298,118.608,160.298,463.605,395.251,38.162,27.868,191.939,130.418,224.532,261.598,245.496,355.679,618.561,,389.304,223.674,427.966,330.392
2024-02-01,311.022,315.555,310.326,315.419,308.415,282.034,316.488,283.983,299.146,270.792,272.122,276.911,223.604,397.331,124.315,276.735,312.084,325.257,329.645,130.223,271.433,556.727,138.034,145.957,550.52,327.803,305.58,363.596,289.22,394.088,313.612,147.39,263.272,270.671,126.393,306.106,180.048,397.541,801.946,268.472,408.246,604.485,127.962,107.715,121.822,295.537,74.949,70.546,84.877,149.085,278.729,138.956,357.308,321.927,352.713,219.34,273.241,179.106,185.66,,169.455,304.623,295.463,413.33,189.907,404.297,267.374,277.359,232.108,378.613,298.751,424.498,1071.771,133.41,269.015,154.48,117.7,221.133,126.554,86.955,33.27,200.207,284.522,145.789,129.524,193.79,692.835,851.429,237.005,7.101,1502.976,543.14,86.819,106.142,60.519,132.767,85.145,54.161,111.366,234.665,288.737,397.243,324.179,332.039,417.692,263.888,289.091,304.634,348.872,295.598,267.334,397.07,407.426,384.752,202.592,175.14,141.657,289.108,316.581,287.592,229.119,423.368,297.633,333.316,326.371,174.358,191.02,414.702,592.505,205.819,260.056,408.345,282.221,547.682,112.124,928.317,1010.78,361.836,274.425,179.708,175.97,165.92,163.81,315.828,234.121,230.732,298.157,295.804,259.316,411.452,412.31,422.148,410.843,381.169,410.569,131.883,57.054,122.055,39.433,223.137,199.201,239.705,196.024,131.459,99.807,184.148,80.856,133.591,114.215,109.115,99.968,105.528,75.36,111.454,101.563,150.866,165.879,132.765,156.819,189.989,321.204,277.211,292.36,239.121,232.494,376.722,355.492,356.053,431.052,351.107,350.107,338.563,282.465,198.972,247.569,233.08,160.16,194.945,205.205,219.535,170.729,371.307,182.568,275.663,295.69,187.275,322.572,291.221,249.308,358.328,174.823,263.416,272.329,189.578,251.102,181.169,314.371,341.515,207.981,295.817,141.09,584.881,427.7,392.412,375.778,381.338,216.237,187.27,188.823,203.399,265.011,231.788,227.878,155.054,233.014,160.669,245.355,266.961,195.953,194.951,279.951,176.431,224.765,464.758,314.738,212.2,313.179,311.006,170.642,191.223,189.788,185.265,351.337,155.516,273.946,211.47,182.831,225.912,205.961,234.211,634.761,391.651,404.353,382.48,431.097,684.121,610.551,78.483,40.939,80.073,90.809,74.572,158.537,80.121,120.973,107.533,148.494,140.698,198.297,102.364,197.532,,152.526,260.258,234.091,270.67,,66.029,392.757,900.466,367.419,426.83,36.695,86.434,8.387,1.103,583.638,8.594,25.289,32.772,153.271,240.859,335.249,175.512,85.797,68.269,28.118,108.454,120.125,160.716,468.42,389.429,37.948,28.316,190.158,131.658,226.238,266.599,246.653,358.833,623.95,,389.61,224.273,435.381,339.253
2024-03-01,312.107,316.762,312.332,317.088,309.629,282.839,317.552,285.463,300.166,271.727,272.986,277.9,223.654,399.455,123.96,276.636,313.585,325.455,331.013,130.962,273.045,559.182,137.835,146.024,552.978,328.004,305.367,364.546,289.36,395.904,314.842,147.487,264.52,272.657,126.333,307.834,179.766,404.475,822.141,265.089,408.919,607.527,127.23,109.316,122.573,296.084,74.908,70.501,84.519,149.128,279.996,139.245,354.08,324.491,352.57,219.895,272.142,178.803,184.709,118.946,167.877,306.743,297.161,415.084,191.701,406.091,268.895,279.087,232.976,373.452,299.183,424.808,1084.978,133.577,266.974,157.828,118.353,223.005,125.286,87.019,32.884,198.687,288.798,146.344,128.564,195.25,686.679,853.317,238.031,7.103,1509.166,549.966,86.365,105.994,60.682,133.108,84.571,54.126,111.205,232.968,284.263,395.341,325.76,333.063,419.083,265.581,288.539,308.675,349.512,309.812,266.274,396.687,408.494,382.848,202.863,175.873,141.376,287.477,314.089,286.688,228.767,424.86,299.44,335.379,330.747,173.853,190.725,415.118,591.641,205.856,261.658,412.365,282.566,549.405,111.185,929.914,1014.246,361.405,275.459,179.706,175.964,165.758,163.729,315.615,233.779,230.34,297.21,294.977,260.494,413.402,413.284,428.244,413.983,383.558,412.757,131.524,56.532,122.314,39.07,223.589,199.838,241.155,196.026,130.781,98.208,183.851,81.391,133.768,113.215,110.233,101.659,106.554,75.181,111.729,106.34,152.411,167.566,132.547,158.669,192.957,320.319,272.853,290.846,236.944,234.785,372.93,354.758,351.627,429.46,347.064,352.629,339.242,282.127,199.587,243.372,240.746,163.324,197.389,205.54,219.688,172.839,373.978,181.784,270.024,304.059,188.397,327.893,294.52,245.867,366.476,174.122,262.534,270.264,189.254,249.889,180.548,301.101,340.111,209.329,294.343,140.472,587.329,428.343,408.563,367.09,377.013,216.853,186.825,190.626,204.242,264.782,232.731,228.484,155.815,233.64,158.268,246.406,266.228,194.584,195.278,272.883,174.265,226.117,464.818,313.084,212.675,312.471,309.253,169.801,188.664,189.405,184.074,355.403,156.895,273.274,211.136,182.694,223.575,206.677,235.735,636.736,395.842,406.146,376.242,425.497,685.789,610.015,80.552,41.137,79.161,90.975,73.602,158.204,79.673,121.292,106.636,147.644,139.084,200.402,101.154,200.092,,152.093,268.199,234.947,274.461,,66.232,395.193,912.152,369.058,428.314,36.528,87.102,8.275,1.091,586.282,8.529,24.683,32.573,154.686,241.732,340.443,172.647,86.0,68.242,27.738,107.089,121.1,161.287,458.586,388.071,37.366,28.298,191.698,131.164,226.087,242.989,246.5,367.749,628.544,446.314,395.364,224.083,436.668,338.584
2024-04-01,313.016,317.596,313.548,317.978,310.611,283.593,318.324,288.138,301.012,272.554,273.541,278.683,224.088,400.824,123.425,278.042,320.002,325.86,331.746,132.098,274.517,561.416,138.118,146.306,554.961,328.413,305.298,365.813,289.717,397.231,314.392,146.987,263.728,274.155,125.399,314.211,179.504,404.38,836.598,266.14,410.743,609.89,128.686,110.662,123.881,296.956,74.998,70.58,84.497,149.65,281.201,139.105,356.066,322.314,351.557,219.884,272.716,178.164,182.026,,163.283,313.349,297.106,416.554,189.229,407.82,267.848,279.204,228.42,378.974,300.178,425.735,1091.314,134.266,266.953,158.323,118.822,222.203,126.442,87.231,32.891,199.124,287.743,146.503,127.389,197.185,698.591,855.417,239.188,7.11,1509.89,555.152,86.336,105.637,60.825,132.445,84.193,53.996,110.476,233.471,289.803,394.257,325.013,333.113,419.874,265.799,287.353,304.551,350.053,290.682,267.474,394.866,405.849,381.898,203.37,175.897,141.312,289.151,317.84,286.672,228.725,426.284,306.497,342.964,337.39,172.928,190.159,415.648,594.18,207.792,259.595,415.025,283.929,550.678,112.173,931.455,1018.544,362.422,275.573,180.129,176.386,165.542,163.769,316.011,235.656,232.327,299.701,297.237,259.844,415.055,414.956,431.867,415.029,384.585,414.329,130.616,56.474,122.612,38.956,224.294,200.031,241.539,196.006,131.873,96.674,186.169,82.876,135.58,115.522,111.856,99.867,108.692,76.397,112.426,105.928,152.405,166.945,132.945,158.232,195.691,327.948,281.413,293.59,236.535,233.749,371.092,356.133,349.456,430.996,349.815,353.833,338.857,283.622,200.858,245.894,240.083,161.015,194.13,205.786,220.703,173.251,372.318,187.477,272.786,301.5,187.408,325.172,288.518,249.092,365.183,173.711,262.278,277.347,188.782,248.44,180.276,313.887,332.784,210.049,288.714,139.936,577.083,424.388,415.204,364.007,376.6,217.177,186.868,191.473,204.007,265.653,233.009,230.211,154.977,232.793,159.895,244.945,269.067,195.577,196.303,279.9,173.576,226.563,466.762,314.179,209.426,310.18,313.179,170.964,191.086,190.221,185.434,366.435,155.37,274.594,209.046,182.609,221.966,204.671,236.036,638.875,389.472,407.869,379.77,431.92,688.533,611.073,81.642,41.022,77.192,89.923,73.656,159.896,77.745,121.887,105.079,147.61,139.604,202.24,104.844,197.951,,151.653,268.324,239.047,280.616,,66.953,398.315,915.379,370.651,431.911,36.865,87.454,8.179,1.077,589.897,8.412,24.836,32.355,155.813,240.037,340.883,175.089,85.948,68.608,27.812,106.657,119.219,161.62,458.796,390.726,37.349,28.236,190.83,129.542,225.907,245.517,245.73,370.786,627.392,,397.599,227.954,447.659,349.633
2024-05-01,313.14,318.053,314.069,318.629,310.686,283.169,318.779,284.275,301.011,271.939,273.413,278.652,223.471,401.647,122.823,277.101,312.453,326.306,332.654,131.816,272.166,564.235,137.935,146.302,556.607,328.864,305.283,367.099,290.094,398.712,314.061,146.748,263.414,272.184,124.865,306.559,180.329,405.487,837.377,258.916,416.001,611.886,129.576,109.942,123.609,298.1,74.784,70.371,84.379,149.458,281.191,139.759,356.542,323.217,351.182,219.272,272.686,177.42,180.533,119.81,162.055,305.733,290.176,418.116,188.099,409.549,267.6,279.348,226.988,376.593,299.987,426.994,1094.52,136.054,258.148,156.828,117.714,222.697,126.108,85.726,32.872,199.789,284.744,146.225,125.271,196.741,703.798,858.608,239.913,7.06,1534.064,551.272,86.028,105.654,60.181,131.599,84.471,54.112,110.882,233.932,287.478,396.517,325.331,334.256,418.993,267.654,290.014,303.515,348.785,298.519,266.749,394.421,406.123,380.701,203.192,175.2,141.41,289.748,317.07,286.629,229.235,426.596,299.088,335.309,330.512,172.369,189.343,415.581,598.59,207.559,259.587,417.163,286.107,562.168,111.519,933.473,1023.361,363.688,275.621,179.19,175.422,165.306,163.664,316.232,233.866,230.425,296.908,294.71,259.069,416.647,415.097,430.485,415.443,385.642,415.243,129.998,55.646,122.913,38.294,225.29,200.427,243.508,196.144,132.044,99.536,185.318,82.982,135.194,117.201,111.31,98.236,109.07,76.169,112.497,104.056,151.353,165.213,133.188,155.238,195.777,322.76,282.447,289.129,239.025,237.412,371.021,355.316,349.133,434.746,346.74,357.438,330.657,282.404,202.346,244.374,243.287,162.864,194.408,200.729,218.895,173.515,378.068,186.071,270.424,303.08,189.517,323.677,289.482,250.15,369.291,172.936,260.84,276.1,190.29,249.118,178.996,313.287,333.977,210.238,287.669,141.708,581.744,421.223,416.92,363.085,375.012,216.253,187.263,192.431,204.301,265.842,231.541,227.047,155.425,231.822,160.965,243.408,269.299,196.016,196.667,277.352,175.481,226.333,457.346,317.276,210.326,311.093,310.661,171.05,187.854,190.67,185.978,349.026,155.199,275.689,208.958,183.011,224.078,203.763,236.338,640.029,386.538,409.591,378.913,431.307,688.641,609.538,78.933,41.004,77.438,89.06,74.276,161.512,77.312,121.87,106.076,148.008,140.256,199.187,105.962,196.555,,152.97,268.341,238.176,279.705,,66.275,400.042,920.335,371.841,432.728,36.476,87.514,8.011,1.079,583.38,8.314,24.902,32.369,153.892,240.008,342.776,175.035,85.325,68.859,27.729,109.109,119.562,162.327,459.768,392.021,37.185,28.27,190.634,130.37,224.519,249.278,250.178,371.756,637.136,,395.684,228.456,447.359,349.395
2024-06-01,313.131,318.343,314.175,319.003,310.561,282.793,319.138,279.824,300.952,271.307,273.356,278.8,222.779,402.381,122.243,276.333,303.249,327.089,333.42,131.798,269.234,565.299,138.152,146.203,559.214,329.651,305.661,368.616,290.825,399.611,314.204,147.411,263.381,269.527,123.558,297.39,180.307,406.321,844.663,252.514,416.812,613.031,128.137,110.29,123.708,298.669,74.592,70.182,84.602,149.594,282.499,140.019,356.175,323.853,349.945,219.623,273.598,177.149,177.588,,163.178,296.475,281.721,419.249,185.7,410.807,267.832,278.522,230.421,369.277,300.652,427.533,1095.752,136.229,247.523,160.875,117.356,223.78,125.024,86.267,33.24,200.412,291.004,145.679,123.542,202.527,,860.673,240.582,7.031,1541.46,557.618,86.273,105.508,60.015,130.479,84.732,54.458,110.769,234.582,284.692,397.954,325.283,334.059,419.8,267.297,288.741,302.744,350.388,307.274,268.098,392.703,404.278,379.121,203.003,175.438,141.767,288.659,321.189,287.531,229.527,428.157,289.626,326.279,319.462,171.77,189.117,415.961,599.52,209.114,260.744,417.648,286.481,562.339,111.606,935.085,1029.563,363.888,275.545,178.044,174.239,165.018,163.652,316.233,232.279,228.723,293.924,292.041,258.031,417.702,415.849,428.537,415.737,386.402,416.022,129.206,55.336,122.931,38.11,226.754,200.433,244.043,196.143,131.093,95.999,183.17,82.732,135.978,115.842,111.584,101.816,108.517,75.581,114.58,104.891,151.176,163.527,133.589,157.433,202.281,323.984,276.877,288.563,240.668,235.672,370.569,358.732,348.181,436.963,348.54,361.504,337.579,275.936,202.707,244.0,250.87,161.252,193.754,202.345,223.554,172.804,376.578,184.759,270.349,305.693,187.573,324.567,288.141,248.168,368.671,173.621,260.934,278.108,192.138,250.417,179.575,319.508,331.831,210.306,291.333,139.715,581.424,420.227,414.92,348.975,374.85,216.574,185.848,192.753,206.241,263.409,231.176,228.771,155.007,232.97,161.512,244.529,269.153,194.971,195.772,282.709,174.333,228.638,466.275,316.809,210.821,310.912,311.589,171.865,186.241,194.563,186.945,351.389,156.939,276.065,210.209,182.92,225.773,203.708,237.547,643.15,380.227,410.839,368.396,428.567,689.664,611.946,81.282,40.03,76.911,89.979,74.337,164.563,76.738,120.643,106.963,149.338,140.119,200.109,105.476,198.476,,152.477,267.432,236.272,279.068,,66.432,,920.715,373.114,432.148,35.778,87.186,8.049,1.082,581.641,8.176,24.785,32.294,153.39,241.997,342.786,173.259,84.842,69.782,28.06,108.437,121.965,162.895,462.08,392.267,37.488,28.615,191.895,131.726,225.668,248.772,251.757,369.982,640.101,,396.105,229.128,440.931,342.083
2024-07-01,313.566,318.933,314.54,319.214,310.988,282.823,319.713,278.634,301.425,271.235,273.454,279.086,222.451,403.608,121.889,276.145,300.822,327.565,334.521,131.448,268.635,564.919,138.265,146.362,560.381,330.142,305.996,369.383,291.088,401.065,314.728,147.731,263.542,268.975,123.013,294.756,180.912,405.109,852.511,251.32,417.465,612.308,127.974,110.014,123.307,299.479,74.583,70.161,84.328,150.093,283.125,140.307,355.024,325.795,351.708,220.288,272.396,176.895,175.034,114.253,163.425,293.814,282.938,421.216,185.717,412.276,267.859,278.961,229.2,373.253,302.106,428.244,1084.877,136.474,246.94,158.791,117.793,223.636,123.983,86.349,33.209,201.003,292.897,145.626,123.842,199.722,,863.552,242.684,7.031,1543.823,559.777,86.544,105.503,59.627,129.181,84.903,54.968,111.002,234.916,284.292,396.913,326.064,335.405,423.325,267.215,289.197,303.51,348.843,322.975,268.653,395.192,406.823,381.542,203.209,175.757,142.387,289.043,319.212,286.05,229.992,428.488,287.245,322.884,317.751,171.261,188.865,416.312,601.382,210.698,261.029,412.926,287.416,563.035,111.141,937.177,1036.789,365.015,274.651,177.462,173.64,164.632,163.491,317.373,231.578,227.939,292.946,291.21,257.502,419.297,416.831,430.274,416.246,387.622,417.353,128.542,55.209,123.133,38.079,227.021,200.631,244.672,196.631,130.861,93.033,183.822,82.81,136.503,115.681,111.368,100.403,108.25,75.604,114.597,104.221,151.788,162.406,131.523,156.049,198.935,323.017,276.963,288.199,238.079,236.092,373.324,356.035,353.258,431.001,348.411,366.114,341.538,282.122,201.075,250.162,251.027,161.08,193.886,202.926,218.169,173.14,374.987,184.551,277.669,313.428,187.976,324.941,288.547,248.456,368.216,175.938,261.622,272.927,191.192,250.55,182.85,320.099,329.908,206.793,293.358,141.483,587.809,418.008,412.742,363.157,377.427,216.361,186.194,193.586,205.136,264.621,231.175,229.801,154.901,236.113,159.776,245.113,268.262,195.782,193.098,282.295,175.372,227.628,461.794,316.361,210.741,307.336,312.258,170.373,189.009,190.65,186.292,359.045,155.42,276.665,211.128,182.7,224.056,205.137,237.852,645.285,380.007,412.308,368.242,435.088,693.39,614.089,79.151,39.979,76.268,90.199,74.427,163.464,74.767,120.943,107.412,150.084,139.937,200.178,105.022,202.564,,153.122,262.764,235.927,279.631,,66.467,397.352,903.675,376.561,434.523,35.929,87.254,8.01,1.073,581.576,8.24,25.056,32.361,154.039,241.17,343.921,171.172,84.768,69.764,28.093,106.059,121.535,162.987,463.899,398.571,37.667,28.859,191.844,130.608,227.58,248.837,253.485,369.475,642.549,,394.43,229.821,441.932,343.257
2024-08-01,314.131,319.839,314.796,320.017,311.562,282.845,320.56,275.863,302.04,271.151,273.778,279.451,222.155,404.953,121.557,276.043,296.98,328.057,335.606,131.581,268.788,564.364,138.245,146.423,561.588,330.644,306.239,370.348,291.432,402.992,313.273,147.463,261.569,268.742,123.11,291.134,180.893,407.374,857.465,256.538,416.538,611.878,127.984,111.01,123.766,300.596,74.432,70.006,84.195,150.204,283.097,140.641,354.916,328.163,351.517,219.56,271.915,176.95,174.762,,160.995,290.345,277.421,422.687,188.153,414.213,266.067,277.809,225.505,364.593,303.311,428.001,1089.007,136.201,254.827,156.408,117.721,223.967,124.029,86.113,33.251,200.886,290.095,144.256,125.332,197.211,,866.725,244.551,6.99,1562.042,559.437,86.051,105.229,59.545,127.872,84.762,54.422,110.576,236.104,285.179,396.087,327.28,336.639,424.636,267.407,291.765,305.452,349.071,338.998,269.468,395.161,409.195,378.99,202.804,175.216,141.897,290.539,316.175,285.53,230.143,429.342,283.73,320.124,315.242,171.278,188.944,416.37,600.434,209.554,260.898,,288.641,562.174,110.819,937.656,1037.227,369.841,276.127,176.918,173.079,164.439,163.306,317.24,230.513,226.809,290.588,289.095,257.912,421.164,417.43,433.829,416.862,389.119,418.958,128.498,54.805,123.342,37.749,227.488,202.087,246.49,197.543,129.616,92.418,183.789,80.257,135.749,119.206,112.354,99.414,107.139,76.408,116.608,105.313,151.97,163.747,129.218,153.843,197.219,323.265,277.614,287.055,237.914,234.523,372.782,354.715,351.775,432.377,347.129,370.221,343.977,283.293,198.887,246.836,253.214,163.576,195.106,205.935,218.028,172.929,369.846,184.415,273.544,307.801,187.451,328.99,289.127,247.861,368.482,177.126,261.601,277.654,191.155,254.404,183.386,318.848,330.299,206.751,293.74,142.897,588.865,414.325,409.833,363.863,374.778,215.832,186.048,192.832,204.323,264.18,230.66,227.641,155.154,231.743,162.541,240.743,269.417,195.977,196.579,278.586,173.062,227.939,450.457,313.488,209.705,306.376,313.396,169.921,187.879,192.758,186.876,369.181,156.702,275.951,211.777,182.551,225.273,205.318,237.746,649.346,385.53,414.238,358.069,433.052,696.471,615.88,82.529,39.882,77.593,90.113,74.461,160.727,75.523,120.143,106.844,152.755,140.108,199.839,107.726,201.892,,152.701,266.321,235.545,279.089,,67.2,,,379.781,435.429,35.792,86.921,7.909,1.06,582.446,8.322,24.882,32.215,154.133,240.592,346.319,171.794,84.245,69.473,28.081,108.305,121.102,163.713,460.211,401.22,37.671,28.842,191.057,130.816,226.579,245.633,255.121,369.842,651.722,,395.4,231.123,440.435,338.691
2024-09-01,314.851,320.835,315.301,321.109,312.23,283.433,321.564,273.238,302.694,271.631,274.737,280.41,222.114,406.464,122.119,276.446,290.209,329.075,336.524,132.886,269.122,566.497,137.77,146.352,562.807,331.716,307.201,371.604,291.683,404.062,314.737,147.686,262.678,268.703,123.573,284.52,182.444,411.276,866.433,261.755,413.708,615.661,128.79,111.887,124.974,302.636,73.994,69.591,83.897,149.697,283.843,140.967,355.734,330.5,353.497,219.636,272.17,177.176,175.644,118.2,161.843,283.588,267.862,423.925,186.115,415.626,267.58,279.313,227.017,355.639,305.117,430.326,1091.953,135.177,261.957,154.793,117.611,223.352,123.61,85.64,33.177,199.808,287.851,145.776,124.509,203.921,,871.773,243.513,6.908,1562.356,560.366,86.31,105.271,59.594,129.994,84.536,54.287,109.745,235.352,286.326,396.857,327.825,337.299,426.9,267.686,290.803,306.379,348.634,362.577,269.643,398.282,414.955,379.331,202.513,174.739,142.855,287.82,319.237,285.949,230.211,429.609,276.726,313.788,309.751,171.297,189.22,420.17,602.296,209.362,264.925,415.293,290.713,559.487,110.209,944.582,1040.754,375.274,276.418,176.514,172.662,164.714,163.518,318.919,230.222,226.467,290.171,288.737,259.249,422.341,417.141,439.099,418.94,390.307,420.479,128.882,54.469,123.396,37.347,228.389,205.479,247.631,201.655,130.348,93.485,180.705,80.896,137.422,121.148,113.307,99.448,106.479,76.637,118.084,105.716,152.606,168.704,131.206,157.103,201.416,321.824,276.456,290.314,237.328,232.309,377.424,355.651,358.354,433.917,341.799,371.88,346.197,283.332,199.261,245.484,250.059,165.025,196.466,201.968,218.129,172.692,372.316,186.976,271.835,307.845,186.664,329.227,291.952,248.383,366.009,175.953,263.727,275.906,191.395,252.408,182.235,324.235,337.608,207.001,298.653,145.722,594.539,418.976,400.776,358.341,377.593,215.089,185.409,193.803,203.969,262.659,230.341,227.376,154.89,235.2,161.153,245.525,269.525,194.003,194.174,283.447,178.696,227.656,457.67,312.614,210.71,307.807,313.766,170.028,188.516,193.84,186.616,374.992,156.779,276.844,210.891,182.717,219.783,205.761,237.637,649.097,380.523,415.651,344.513,436.249,700.572,619.64,81.965,39.812,77.059,90.067,74.026,160.697,79.546,118.529,105.727,152.354,139.362,201.313,107.694,202.073,,154.335,273.897,239.812,279.845,,67.336,399.646,909.527,377.941,435.299,35.406,85.83,7.823,1.053,581.153,8.219,24.784,32.125,154.077,239.638,345.957,171.1,84.088,68.981,28.011,108.185,120.998,161.142,463.204,398.081,37.474,28.562,190.53,130.121,223.677,272.338,257.21,370.17,651.278,457.042,395.589,231.562,442.218,340.63
2024-10-01,315.564,321.688,315.664,321.758,312.944,283.806,322.394,272.629,303.377,271.93,275.178,280.729,222.085,407.912,122.33,275.806,287.084,329.809,337.759,131.706,269.319,567.835,138.301,146.12,564.688,332.418,307.798,372.486,292.871,405.642,316.459,147.669,264.246,268.499,123.892,281.587,182.566,415.598,864.75,267.214,412.914,617.707,128.926,109.367,123.396,303.363,73.655,69.219,83.866,150.664,284.64,141.486,358.983,327.535,355.296,220.745,272.664,177.141,177.776,,160.036,280.807,267.207,425.21,186.796,417.341,269.526,281.516,228.146,348.243,306.336,432.267,1096.871,134.892,266.813,154.82,117.592,223.772,123.05,85.496,33.006,201.95,297.533,146.603,124.045,201.819,712.033,873.94,251.358,6.86,1571.12,562.066,86.41,105.254,58.807,131.3,84.177,54.046,110.14,234.632,288.265,400.576,326.386,334.954,424.183,267.305,286.249,307.24,347.687,341.531,271.695,400.763,420.362,378.731,202.819,175.803,143.44,291.112,318.643,286.135,229.83,434.59,273.856,311.263,307.487,171.424,189.166,422.425,604.225,212.164,263.103,417.499,291.723,560.836,109.158,946.657,1043.406,375.659,276.165,176.248,172.363,164.752,163.339,319.3,229.252,225.38,288.337,287.191,261.136,423.847,417.904,440.686,420.601,391.876,421.899,129.359,54.323,123.223,37.236,228.839,207.901,249.437,205.045,130.59,94.217,182.258,81.534,137.619,118.806,110.699,97.447,105.253,74.499,116.164,103.7,153.913,170.959,131.372,162.254,199.418,322.128,278.068,295.294,241.916,239.051,373.917,356.785,355.268,434.056,344.439,370.211,343.217,280.182,198.497,246.811,246.108,163.28,197.134,201.043,218.278,171.955,367.904,186.738,273.076,303.108,186.676,332.295,292.635,245.871,370.085,177.754,267.905,275.552,192.495,255.62,184.029,320.763,351.605,205.722,304.878,145.481,619.137,417.202,392.127,354.984,378.537,214.304,186.381,194.469,201.817,264.202,229.633,227.831,156.043,236.471,159.959,247.596,269.869,197.761,194.725,280.954,177.572,228.238,456.086,313.913,212.263,304.278,313.756,170.634,188.644,190.379,183.914,418.79,157.758,277.002,210.067,182.369,218.227,205.527,240.57,650.587,382.026,417.355,336.574,434.391,703.603,621.632,79.106,39.437,75.979,90.504,73.558,158.971,79.986,119.196,106.396,151.752,138.005,206.283,107.76,201.72,,153.688,277.355,238.829,280.214,,66.29,400.606,916.243,391.419,439.512,34.849,84.982,7.872,1.06,580.117,8.106,25.432,32.437,153.582,238.735,349.339,170.041,84.0,69.292,27.889,106.477,121.508,163.823,466.418,397.911,37.159,28.716,189.92,129.566,225.679,273.421,259.064,373.697,654.796,,398.346,232.232,443.886,
2024-11-01,316.449,322.619,315.493,321.947,313.801,284.507,323.342,272.863,304.24,272.545,275.859,281.292,222.652,409.02,122.563,276.883,287.757,330.809,338.894,131.814,270.229,569.16,138.712,145.67,567.154,333.492,308.881,373.53,292.831,407.015,316.757,148.488,264.091,269.416,124.68,282.236,181.387,416.418,867.32,267.998,412.424,619.633,129.346,109.339,123.564,304.794,72.994,68.579,83.533,151.752,285.529,141.833,354.815,332.318,355.041,223.663,273.351,177.974,180.076,,156.614,281.613,262.02,426.265,191.645,418.391,269.318,280.88,229.24,349.366,308.015,433.804,1097.616,134.759,266.79,156.422,117.321,225.201,122.728,85.677,32.786,204.173,282.948,146.417,124.023,202.562,756.762,876.334,252.28,6.75,1586.249,563.335,85.703,105.898,60.067,131.089,84.434,54.328,110.287,235.476,286.828,394.794,329.484,339.704,434.015,269.444,287.699,307.715,347.711,366.291,270.819,400.906,417.671,381.849,201.983,178.219,144.909,292.529,318.671,286.842,229.105,436.687,274.377,312.789,309.746,172.44,190.008,423.591,606.369,212.754,263.171,417.503,292.048,558.497,109.79,947.259,1047.342,377.011,276.41,176.623,172.745,165.096,163.48,318.715,230.069,226.214,289.812,288.581,261.511,425.201,418.691,441.209,421.458,392.937,423.119,130.186,53.856,122.954,36.615,229.554,206.126,249.212,202.421,131.39,94.464,183.588,81.798,139.425,118.793,110.672,99.711,102.146,73.992,117.372,103.667,151.93,168.915,131.72,163.929,200.196,320.637,278.086,292.443,238.705,234.039,375.922,350.945,355.605,424.533,336.866,372.084,354.582,290.806,197.967,253.425,254.868,163.818,196.948,203.177,218.69,170.645,369.139,185.177,280.973,302.766,187.287,330.458,292.644,247.867,360.639,179.622,264.824,275.544,192.235,258.013,185.911,322.417,349.708,207.249,303.41,145.794,610.576,426.415,393.789,353.891,381.686,212.956,185.442,195.359,204.587,260.434,226.854,230.833,157.854,240.219,160.124,251.97,271.16,199.566,193.994,283.337,174.316,227.829,461.543,311.767,213.678,307.711,314.03,170.222,185.24,191.889,187.093,391.361,158.385,276.546,209.794,181.889,219.103,204.513,241.26,652.652,393.755,418.407,331.972,432.942,706.461,627.127,81.401,40.615,76.407,89.513,74.269,159.196,79.411,120.659,106.194,151.162,139.607,206.765,105.874,201.02,,153.233,278.684,234.014,280.635,,65.138,399.93,919.298,392.642,442.732,34.259,83.659,7.734,1.055,581.128,8.205,25.119,32.293,153.329,239.775,352.547,169.936,83.413,68.52,27.653,106.538,122.073,167.903,464.766,400.18,37.054,28.342,190.059,131.298,226.176,265.956,262.732,376.506,662.98,,398.015,233.18,446.05,345.587
2024-12-01,317.603,323.296,315.605,322.007,314.982,285.695,324.058,279.455,305.411,273.778,276.29,281.655,223.7,410.191,122.394,279.449,299.074,331.642,339.853,131.986,273.452,569.902,138.7,145.646,566.939,334.456,309.754,374.644,291.832,408.126,318.788,148.51,266.295,272.391,125.076,293.514,181.551,417.312,871.278,274.321,412.381,620.635,129.424,109.712,123.804,305.264,72.886,68.465,83.157,152.143,285.41,141.228,358.485,333.81,355.279,222.912,274.038,178.62,181.446,,156.736,292.942,260.056,427.535,190.672,419.695,271.348,281.432,235.71,358.23,308.234,434.171,1100.1,134.862,274.871,162.976,117.652,224.77,122.29,84.708,32.634,204.436,284.186,146.251,124.67,202.175,750.733,877.987,254.047,6.724,1585.901,560.325,86.374,105.663,60.445,129.873,82.672,54.48,109.85,236.348,289.918,396.587,330.896,340.775,435.739,270.395,287.984,309.751,349.835,368.73,271.358,400.995,416.416,383.347,202.407,176.904,146.032,294.529,316.296,287.779,229.766,434.348,285.763,323.32,320.153,173.028,190.715,423.86,606.096,213.149,263.878,418.467,293.543,558.744,110.407,948.703,1050.365,376.669,276.721,177.654,173.818,165.031,163.266,319.443,233.389,229.726,295.522,293.771,263.059,426.354,419.269,443.247,422.807,394.157,424.231,130.789,53.14,123.194,36.105,230.095,206.304,249.536,202.384,131.789,96.06,184.948,81.246,140.549,118.608,111.154,102.316,105.956,74.399,117.153,103.341,150.109,164.996,132.911,161.583,200.243,323.739,280.205,296.694,240.406,235.889,374.421,354.933,352.512,432.601,342.061,370.833,359.624,291.845,201.81,258.122,247.681,161.591,198.059,204.899,218.224,172.385,374.878,187.818,285.97,304.288,188.251,331.446,294.675,247.799,371.459,180.093,266.271,274.66,193.416,256.109,187.282,319.681,353.594,205.69,303.765,143.881,599.578,428.531,394.897,357.757,384.341,215.089,184.45,194.678,205.033,261.203,229.889,227.231,157.882,242.878,160.98,254.932,272.128,200.676,196.711,280.333,173.406,226.725,449.558,315.728,214.225,307.999,315.201,170.857,188.43,189.025,187.273,383.358,158.129,276.617,209.2,182.116,218.359,203.825,239.5,654.631,391.108,419.714,338.931,432.697,706.852,627.807,81.053,41.168,76.003,86.945,73.091,160.774,79.103,121.079,105.304,151.36,140.408,206.702,103.929,201.188,,153.774,277.058,229.312,280.483,,65.038,,921.928,394.781,450.436,33.942,83.974,7.607,1.048,584.41,8.243,24.174,31.985,154.353,238.711,353.098,169.11,83.351,68.095,27.425,107.075,124.167,166.968,467.948,402.09,36.791,27.56,188.882,131.477,227.666,267.318,262.692,378.122,663.574,,399.098,233.345,436.532,
2025-01-01,319.086,324.739,317.671,323.842,316.507,287.136,325.464,282.481,306.906,275.258,277.654,282.771,224.629,412.259,122.852,280.454,304.882,332.84,340.995,130.16,276.799,571.234,140.083,146.084,565.138,335.671,311.178,375.532,292.771,409.653,320.439,148.265,267.553,275.763,126.277,298.898,182.985,419.417,888.602,276.33,417.214,620.773,128.777,107.524,121.842,305.821,73.179,68.763,83.42,154.224,284.046,141.542,356.888,340.032,353.585,224.891,274.992,178.683,185.424,,159.417,298.08,265.623,429.017,193.396,421.009,272.179,281.323,239.932,373.028,310.239,433.265,1109.604,136.764,278.269,157.89,119.257,225.268,122.501,85.563,32.802,207.492,290.137,145.486,124.444,194.217,757.192,879.514,250.906,6.766,1592.421,553.789,85.394,105.47,60.252,130.144,82.153,54.438,110.522,236.64,283.804,399.042,332.455,342.699,439.004,272.397,287.055,309.42,352.692,424.934,272.038,398.557,418.423,377.013,203.551,178.938,146.264,298.323,316.56,288.391,229.954,435.549,290.685,329.463,323.798,173.354,190.769,424.125,602.175,213.203,264.112,422.429,291.11,572.655,110.227,947.674,1054.772,379.574,276.973,178.416,174.564,165.501,163.301,321.591,234.473,230.882,298.543,296.484,264.472,427.928,421.604,451.415,424.994,395.977,426.412,131.837,53.178,123.609,36.112,230.402,206.192,249.874,202.359,131.014,98.339,184.281,79.362,137.089,118.937,108.804,100.854,101.397,73.656,114.495,102.486,149.87,161.311,133.463,161.139,191.811,323.066,270.976,290.244,238.703,240.201,375.511,356.883,359.512,433.414,348.512,367.36,360.707,299.918,206.125,254.406,242.903,164.795,198.562,202.086,221.681,173.527,390.38,187.237,282.996,303.304,186.408,334.669,294.878,248.86,374.157,178.401,266.671,280.766,191.563,253.481,185.81,319.513,355.3,205.086,303.88,145.809,603.107,425.903,394.356,350.477,374.355,219.245,183.168,194.978,210.705,257.76,233.048,230.443,159.202,242.562,161.974,254.282,273.082,204.275,197.04,281.463,174.503,226.129,465.567,314.887,214.241,312.421,314.273,170.352,188.89,194.166,184.551,387.667,157.372,276.501,210.302,182.314,218.875,205.204,242.132,657.252,397.673,421.026,360.102,437.24,712.535,629.803,83.159,40.607,74.837,86.01,72.717,161.188,77.871,120.626,106.661,151.727,140.377,204.821,105.58,203.166,,154.907,278.84,243.988,282.147,,66.147,405.165,928.427,390.312,447.891,34.237,84.886,7.563,1.026,595.023,8.186,24.525,31.801,157.393,239.441,353.303,169.455,83.434,69.017,27.638,106.987,123.003,168.288,478.869,406.521,37.423,28.232,189.824,131.245,229.693,278.682,259.113,379.168,667.473,,399.771,233.803,416.216,313.721
2025-02-01,319.775,325.475,319.082,325.252,317.217,287.653,326.172,283.035,307.553,275.765,278.16,283.173,224.844,413.522,122.79,280.429,302.183,333.45,342.32,130.935,275.729,572.797,140.487,146.445,568.536,336.223,311.203,376.991,294.211,410.811,324.392,148.876,271.06,275.514,126.399,296.166,182.12,420.48,890.971,266.935,417.702,622.694,129.683,107.961,122.789,306.335,73.408,69.014,82.847,155.468,285.756,142.73,358.304,345.538,351.81,223.86,273.539,178.551,187.057,,157.417,295.226,271.378,430.224,193.746,422.191,275.939,284.195,246.023,372.187,313.344,434.614,1112.111,137.01,267.164,153.177,119.989,226.473,119.795,86.215,32.748,208.809,290.267,145.476,124.373,201.166,757.682,881.006,244.071,6.805,1601.921,560.786,86.616,105.669,61.071,129.987,82.538,54.523,111.568,235.551,287.394,399.682,334.082,344.939,449.588,268.619,285.93,308.654,355.305,469.336,269.432,395.886,415.029,375.041,204.232,177.443,147.178,297.363,315.945,286.616,230.105,437.767,287.423,326.406,322.28,173.532,190.59,425.684,601.851,214.578,264.617,423.005,293.885,572.748,110.835,949.196,1058.662,381.311,277.169,178.513,174.63,165.863,163.503,321.989,234.021,230.333,296.916,295.126,264.729,428.98,424.041,447.738,426.531,397.15,427.485,132.132,53.096,123.989,36.052,231.306,207.247,251.905,202.543,131.905,103.77,183.577,78.374,136.398,119.349,108.791,100.62,103.969,74.271,114.067,106.22,152.125,163.441,132.017,160.976,198.087,324.594,276.62,290.794,239.656,240.33,373.678,356.789,350.868,427.235,351.848,377.372,370.711,300.347,204.232,248.472,239.276,162.938,199.062,201.183,221.916,174.561,381.35,189.139,275.732,300.987,185.575,329.387,296.907,248.506,379.31,177.38,263.368,274.549,192.481,254.764,183.808,320.243,353.926,205.231,298.8,144.681,601.404,424.909,401.462,339.336,373.986,219.053,186.824,193.409,206.03,262.629,235.331,229.116,157.3,246.915,162.74,259.525,271.739,203.793,195.454,283.692,173.302,224.864,468.849,311.97,210.667,309.218,313.65,169.933,187.503,204.886,186.019,384.598,156.805,278.168,209.497,183.029,217.527,205.156,245.88,659.013,398.322,422.205,363.126,434.11,716.632,641.938,82.951,41.611,74.112,87.205,72.601,163.483,75.602,120.614,107.934,150.2,140.194,205.334,109.072,206.231,,154.097,280.71,243.289,282.772,,65.365,405.853,929.105,379.073,453.582,34.477,85.854,7.492,1.007,599.392,8.224,24.495,31.599,158.958,239.512,357.308,162.359,83.361,68.511,27.577,107.021,122.785,168.948,484.183,405.339,37.233,28.447,190.941,130.308,230.27,298.651,257.391,387.796,672.755,,402.554,234.98,423.958,324.209
2025-03-01,319.615,325.659,319.799,325.933,316.815,287.08,326.537,276.274,307.329,274.749,277.953,283.062,223.84,414.261,122.772,277.946,283.798,334.859,343.292,131.415,270.791,573.966,140.382,146.84,574.032,337.686,312.713,378.363,294.847,411.724,327.89,148.863,274.785,271.204,125.974,277.74,181.89,424.012,884.208,255.8,412.995,625.855,130.229,108.631,123.425,307.679,73.504,69.101,82.583,155.55,288.701,143.105,357.86,349.928,350.093,225.27,274.996,178.724,185.772,,153.229,276.765,267.934,431.655,186.892,423.887,280.277,286.861,254.815,361.1,313.925,435.395,1126.761,135.224,253.089,155.884,119.254,225.879,119.082,85.408,32.517,209.776,296.495,145.271,123.207,203.459,771.469,884.67,245.145,6.829,1612.246,575.58,86.929,105.691,60.164,130.731,82.458,54.835,111.159,235.584,286.761,399.93,336.149,348.654,455.127,273.153,285.129,311.454,350.121,497.052,272.244,393.043,413.281,371.186,205.551,178.723,147.736,297.844,317.643,288.344,230.845,438.345,268.518,308.209,308.238,174.055,190.721,427.102,603.881,214.541,264.143,427.689,296.079,561.202,110.512,951.516,1068.073,381.7,278.449,176.773,172.849,165.711,163.494,323.712,228.626,224.576,287.227,286.407,265.27,429.989,425.728,441.442,427.661,398.064,427.941,131.898,53.336,124.289,36.186,232.65,207.351,252.382,202.527,133.415,101.554,187.508,81.766,137.707,116.263,110.119,105.095,103.7,74.04,114.768,102.127,152.015,163.834,131.852,162.281,202.771,329.464,281.069,288.445,237.22,240.461,376.988,357.427,356.843,433.079,348.859,389.212,369.537,301.142,207.301,254.487,245.283,164.996,199.984,203.645,221.069,171.064,390.627,189.234,282.538,304.144,184.895,331.473,298.616,241.014,374.404,179.24,268.336,273.428,194.394,256.947,185.997,317.627,355.714,207.573,294.913,142.472,598.335,420.975,387.607,337.098,371.773,220.405,188.445,195.203,208.622,264.279,236.091,232.19,157.172,249.256,161.666,261.148,272.024,205.026,193.945,282.976,174.626,226.846,473.059,315.543,210.471,311.893,315.388,171.196,184.955,194.598,189.339,374.079,159.96,278.198,211.72,183.351,218.932,208.085,245.952,661.265,381.045,423.906,347.758,427.472,718.521,642.053,81.932,40.937,73.424,85.616,72.944,159.572,76.243,120.816,106.882,150.218,140.46,205.986,109.935,207.298,,154.593,285.323,240.204,284.327,,65.022,413.931,935.8,380.766,454.842,34.547,86.146,7.528,0.992,594.03,8.231,24.204,31.514,157.822,238.842,356.444,160.59,83.288,67.938,27.328,105.007,124.508,169.233,487.886,405.597,36.992,28.175,189.959,130.423,231.14,305.631,256.21,389.595,676.488,,405.463,235.041,452.637,354.929
2025-04-01,320.321,326.43,320.795,326.815,317.665,287.535,327.16,278.118,307.933,275.359,278.394,283.624,223.805,415.719,122.969,277.779,283.171,334.616,344.919,131.156,270.671,576.785,140.314,146.647,574.776,337.424,311.331,380.039,294.88,413.103,331.52,150.296,278.567,271.531,125.917,277.425,181.709,426.849,889.919,251.115,414.709,629.036,130.081,109.006,123.294,308.117,73.243,68.846,82.924,155.101,288.989,143.574,356.19,344.275,348.569,226.885,274.667,178.709,184.783,115.517,159.812,276.51,266.782,433.13,186.702,425.399,284.615,289.296,264.241,351.796,314.82,437.332,1132.81,135.791,245.922,156.149,118.954,226.311,119.852,85.803,32.584,209.254,293.581,144.54,121.791,199.585,769.549,885.988,246.241,6.782,1616.786,577.497,87.993,105.924,59.904,132.645,83.154,54.323,111.292,235.881,282.456,398.87,336.215,348.002,455.36,269.237,288.594,311.93,352.443,434.115,271.75,392.3,411.968,370.987,202.195,179.072,150.62,299.57,312.821,288.19,230.639,439.022,268.944,308.261,306.699,174.283,190.694,428.574,607.151,213.723,265.598,430.162,296.882,563.253,110.897,953.093,1071.085,381.854,278.257,176.812,172.888,165.814,163.735,322.132,228.291,224.25,286.874,286.038,265.493,431.668,425.063,442.082,428.917,399.128,429.179,131.662,53.497,124.046,36.307,233.973,207.404,253.09,202.448,132.842,101.821,189.595,79.479,138.679,117.443,110.585,106.029,103.103,74.917,113.487,101.855,150.094,162.085,132.111,159.815,198.801,329.938,274.0,286.002,241.021,240.923,376.478,353.822,355.536,427.7,338.732,389.127,368.699,303.517,203.927,256.574,241.461,160.948,199.329,207.272,222.835,173.07,386.802,185.347,285.608,288.42,187.016,332.04,296.687,244.792,376.595,180.51,267.886,269.658,191.876,257.121,187.757,318.548,355.513,210.013,286.683,141.72,576.097,422.103,388.705,340.718,370.581,217.596,182.863,192.934,206.443,255.917,232.604,231.869,158.174,255.189,164.657,267.298,273.684,207.807,190.732,280.906,171.934,220.405,478.789,318.149,212.503,309.84,314.074,171.567,181.718,195.853,188.251,404.102,162.462,278.549,212.995,181.917,219.942,209.515,245.417,663.324,380.317,425.411,343.334,407.569,720.997,643.063,81.642,40.675,72.74,86.698,73.553,161.216,76.24,122.219,106.092,151.151,140.219,204.309,109.088,205.673,,153.922,288.669,239.902,288.503,,64.477,415.6,942.111,382.409,458.59,34.805,84.882,7.519,0.971,591.592,8.08,26.33,31.817,156.847,239.589,356.617,163.556,82.778,69.439,27.416,103.91,124.826,169.486,485.69,400.669,36.882,28.47,189.736,132.004,233.593,268.308,258.912,390.499,680.485,,406.08,235.496,458.621,361.527
2025-05-01,320.58,326.854,321.465,327.509,317.82,287.493,327.659,275.406,308.135,275.098,278.479,283.805,223.528,416.489,122.836,276.913,276.313,335.489,345.867,130.599,268.815,578.236,140.422,146.768,577.853,338.386,312.158,381.228,294.478,414.155,332.943,150.72,279.93,270.111,125.541,270.181,183.402,426.264,895.728,244.895,417.149,630.143,129.75,108.791,122.776,308.991,73.182,68.784,83.266,154.947,290.37,143.804,360.109,342.975,349.626,226.168,276.497,178.188,183.779,115.38,164.133,269.189,263.918,434.054,186.562,426.568,285.849,291.897,261.705,358.219,315.585,437.35,1137.349,136.528,239.185,159.574,119.47,227.572,120.241,86.038,32.747,208.088,296.508,143.903,119.439,196.769,769.888,888.536,247.036,6.778,1630.128,579.366,87.59,106.286,60.611,131.61,83.822,54.861,111.967,235.601,286.318,402.941,335.964,347.697,455.123,269.378,287.449,311.132,353.123,422.296,271.348,393.019,412.481,371.895,204.003,177.719,151.718,301.739,315.617,289.987,229.727,439.986,261.704,300.99,300.698,173.375,190.176,427.488,606.217,214.43,265.738,432.089,300.167,566.716,110.841,954.497,1066.136,384.01,278.523,176.155,172.23,165.748,163.788,322.94,226.342,222.227,284.091,283.443,265.911,432.775,425.366,441.179,429.989,400.274,429.917,131.262,53.529,124.152,36.329,234.732,208.281,254.128,202.7,131.369,101.018,185.039,79.582,137.439,119.619,110.229,104.141,104.908,74.595,113.591,102.659,147.668,164.399,131.142,157.707,195.787,333.426,279.45,289.04,240.101,243.754,378.984,359.178,358.991,432.144,342.538,392.881,362.047,300.317,205.355,251.831,242.503,161.067,198.949,206.171,222.848,174.614,387.705,186.509,279.403,287.144,186.852,328.325,297.938,243.668,387.62,178.574,268.182,276.008,191.858,252.673,186.171,319.392,355.568,216.99,286.863,142.317,580.864,424.697,390.976,338.452,371.543,221.627,181.443,195.548,208.743,252.668,238.713,231.912,155.677,258.377,164.863,272.119,278.767,208.586,193.832,279.182,173.123,225.239,474.054,318.613,213.864,311.197,314.99,173.503,186.101,191.733,186.422,395.888,164.136,277.42,212.037,181.288,220.03,207.713,244.988,664.595,379.811,426.578,346.441,424.21,721.768,646.507,82.521,40.864,73.795,90.433,72.895,162.663,75.552,123.587,106.664,150.96,139.2,206.751,111.551,205.789,,155.212,288.289,241.122,287.383,,65.056,415.356,950.013,383.635,460.366,35.202,84.765,7.474,0.973,595.208,8.159,26.759,31.91,157.594,240.415,359.497,164.408,82.917,70.541,27.785,92.964,125.284,169.668,477.754,402.694,37.676,28.887,189.76,132.608,235.124,245.213,262.399,392.452,685.953,,404.531,236.657,452.146,353.204
2025-06-01,321.5,327.6,322.561,328.364,318.711,288.495,328.455,278.012,308.968,276.071,279.231,284.724,224.24,417.673,122.95,278.145,279.176,336.555,346.957,131.161,269.016,580.978,141.006,146.916,580.016,339.498,313.029,382.75,294.883,414.883,335.451,152.216,282.357,270.242,125.089,272.983,184.509,427.256,896.429,245.803,417.575,633.659,130.057,109.362,123.224,309.566,73.204,68.801,83.911,155.298,291.367,144.272,359.271,342.503,352.803,229.365,277.032,177.589,182.543,115.033,169.458,271.907,265.79,435.038,181.176,427.863,288.311,294.727,263.093,361.825,316.851,439.593,1142.123,136.598,238.925,158.05,119.993,228.488,121.927,84.544,33.175,208.462,293.431,144.844,119.957,196.629,766.716,890.277,247.905,6.797,1638.792,583.004,88.169,107.326,63.16,132.186,85.44,55.819,112.158,237.529,283.212,403.89,338.562,351.176,464.232,268.666,288.762,313.026,353.462,391.133,270.626,396.802,417.909,374.1,205.32,180.781,152.809,304.485,316.852,290.069,229.361,441.919,264.296,303.675,300.843,172.727,189.541,428.398,614.126,215.51,267.845,435.037,301.102,569.098,109.727,956.056,1068.773,383.931,278.222,176.705,172.779,166.076,164.314,323.064,227.987,223.956,286.472,285.619,266.878,433.534,426.366,441.868,431.61,401.321,431.007,130.758,53.521,124.299,36.332,235.929,213.867,255.295,,132.565,98.254,184.161,82.99,138.564,118.642,110.987,100.661,108.972,74.331,115.45,101.887,151.513,161.683,132.153,160.548,195.055,329.382,278.493,285.463,240.298,243.422,378.429,361.848,353.051,437.012,348.765,398.674,370.64,310.033,208.077,245.444,245.568,159.918,201.22,205.27,224.377,174.666,389.983,188.894,271.806,312.869,182.844,329.978,301.76,246.756,382.303,177.239,268.617,276.49,189.82,249.416,185.38,318.118,355.675,214.951,293.338,146.828,601.054,425.703,395.235,333.319,373.574,223.203,183.656,195.519,210.702,255.81,240.074,235.782,158.746,264.115,164.005,275.668,277.511,210.726,195.097,279.054,172.779,225.281,470.844,322.27,214.79,309.412,319.257,171.767,189.45,201.156,188.347,395.99,159.712,276.944,211.676,181.239,219.477,207.329,246.758,665.882,366.294,427.864,350.959,428.769,724.99,648.477,84.375,43.116,74.96,92.139,74.375,163.209,78.319,125.059,106.591,151.282,140.688,207.427,113.593,205.194,,156.623,289.374,237.392,286.997,,62.892,,955.512,384.949,463.022,35.685,85.183,7.409,0.972,597.347,8.526,27.535,32.266,157.959,240.787,361.984,166.053,84.445,71.059,28.293,89.517,125.568,170.319,476.985,408.125,38.117,29.044,191.23,131.571,234.471,241.591,266.551,392.506,687.988,,404.54,240.402,451.87,352.945
2025-07-01,322.132,328.656,323.048,328.98,319.413,289.002,329.38,275.044,309.447,276.654,280.329,285.828,224.168,419.057,123.397,277.578,273.916,336.718,347.713,131.253,269.099,584.77,141.593,146.893,582.075,339.652,312.659,383.808,295.176,415.851,335.199,152.807,281.677,269.616,125.206,267.471,186.085,431.604,897.598,253.106,417.8,638.645,128.318,109.119,122.809,310.695,72.963,68.546,84.27,155.934,292.434,144.562,358.531,343.149,352.79,228.175,275.755,177.62,183.419,114.522,164.528,266.008,277.723,436.152,179.328,429.052,287.464,294.405,260.835,365.481,318.244,442.818,1147.151,136.488,248.583,155.542,119.954,229.467,122.36,85.405,33.264,209.913,292.566,146.929,123.919,198.131,767.333,893.568,252.872,6.758,1643.672,587.857,88.913,108.081,63.906,133.374,84.66,55.712,113.904,237.555,280.764,404.764,340.802,354.513,471.217,270.069,289.318,312.839,354.891,375.886,272.586,396.261,412.116,378.513,206.652,178.368,154.644,303.878,312.029,289.022,229.576,442.9,258.387,297.712,297.578,172.689,189.512,429.279,629.985,215.843,,437.053,300.936,567.975,109.146,959.311,1069.235,385.697,279.475,176.565,172.631,166.423,164.594,323.572,226.852,222.712,284.528,283.909,266.947,434.567,427.703,445.322,432.955,402.184,432.579,131.046,52.832,124.518,35.835,237.037,215.493,255.411,,130.468,95.697,184.756,80.824,135.783,117.918,110.661,100.399,111.936,73.063,115.776,102.238,153.625,162.796,132.675,159.295,197.286,323.246,276.469,283.792,241.244,242.842,384.948,358.395,367.752,431.755,342.405,408.345,375.957,317.155,206.986,254.597,250.37,160.442,200.367,206.165,223.282,174.912,392.178,186.573,282.36,309.563,186.262,330.128,300.426,245.233,386.46,180.534,267.656,275.572,192.38,255.612,188.123,314.934,349.79,215.742,299.198,142.982,613.641,415.763,410.958,344.2,378.735,223.299,186.167,197.145,211.944,258.888,239.304,232.965,156.087,270.29,163.955,281.432,274.879,210.389,193.324,277.098,175.139,220.077,470.816,318.63,213.105,307.253,317.508,172.471,186.543,198.537,189.128,402.31,159.94,277.423,212.794,180.625,220.211,208.501,247.095,666.78,361.599,429.051,357.385,424.048,727.474,652.682,83.716,43.718,76.082,90.152,74.1,165.61,79.92,126.609,108.917,151.381,140.944,205.506,111.492,205.705,,158.209,291.623,236.893,288.045,,63.236,418.67,961.592,392.83,467.339,35.273,85.198,7.303,0.977,594.484,8.508,28.153,32.54,157.478,241.979,363.254,167.828,84.113,71.94,28.338,91.806,125.615,169.893,484.34,413.945,38.344,29.663,192.103,131.575,236.286,246.168,269.434,393.257,693.763,,404.898,241.223,464.232,365.413
2025-08-01,323.364,329.793,323.976,329.97,320.597,290.022,330.574,276.936,310.784,277.551,281.095,286.487,225.207,420.395,123.914,279.135,278.521,338.285,348.967,131.912,271.635,583.832,141.442,146.923,583.343,341.208,314.472,384.909,296.908,417.669,334.806,153.159,280.908,271.49,125.65,272.323,187.124,441.987,897.377,262.29,416.721,637.76,128.788,109.309,123.767,311.259,72.88,68.451,84.258,155.692,292.601,145.087,358.997,346.649,358.271,229.592,275.948,178.111,185.322,114.205,153.225,271.084,276.329,437.462,183.435,430.689,286.778,294.998,256.67,361.562,319.403,443.145,1146.916,135.98,263.186,153.28,119.535,229.486,122.451,85.149,33.264,209.603,295.277,146.315,125.107,209.048,762.692,895.305,256.324,6.797,1660.548,586.98,87.284,108.179,60.345,133.823,84.998,55.626,114.837,238.501,281.645,404.842,344.667,361.019,483.797,270.73,295.558,310.497,357.179,375.837,272.84,404.079,416.193,389.804,205.636,177.779,159.045,305.922,312.632,288.837,230.863,445.685,263.614,302.939,301.99,173.072,190.07,430.753,625.362,217.246,,436.917,301.7,567.117,108.206,958.637,1075.16,388.276,282.099,177.388,173.427,166.883,164.872,324.773,227.88,223.714,285.256,284.722,267.763,436.353,427.689,449.802,433.587,403.67,434.088,131.751,52.677,124.601,35.737,237.873,213.77,259.736,,131.72,95.43,180.654,81.902,141.465,115.696,110.76,104.79,113.814,73.869,112.525,103.096,151.732,165.269,132.882,162.388,210.759,324.394,274.866,284.703,240.805,241.642,383.505,360.005,364.017,435.981,343.675,417.709,390.893,330.27,209.531,242.103,247.121,162.795,200.576,200.309,223.851,176.389,396.419,191.252,267.684,307.884,186.354,328.479,301.198,245.447,393.179,180.088,268.686,276.345,192.233,255.803,187.56,319.064,362.059,220.366,302.805,142.646,619.373,423.355,425.268,359.651,389.752,224.485,184.996,193.569,213.025,257.472,239.736,232.24,154.995,280.1,166.396,292.951,276.447,211.882,194.419,277.609,177.353,220.841,463.486,324.247,210.553,310.235,318.755,170.728,188.168,196.123,188.885,403.653,162.72,279.135,214.159,180.926,221.257,209.942,247.294,672.058,371.126,430.684,356.207,423.405,729.598,656.067,83.278,40.799,77.426,89.156,75.117,170.265,79.776,127.088,109.645,151.939,140.92,201.917,108.268,204.15,,158.689,306.282,237.769,287.727,,63.604,,965.315,398.286,470.966,35.064,86.249,7.325,1.001,592.604,8.294,27.93,32.689,156.531,240.863,365.271,168.916,83.611,72.722,28.11,100.161,127.038,170.243,481.503,414.182,37.905,30.186,191.485,130.816,234.241,244.424,269.843,393.584,701.686,,405.557,242.188,460.998,360.41
2025-09-01,324.368,330.542,324.8,330.804,321.625,291.09,331.335,281.12,311.775,278.663,281.782,287.293,226.412,421.205,124.316,282.0,289.127,339.115,349.516,132.871,273.892,585.097,141.985,146.884,586.053,342.054,315.489,385.451,297.507,418.528,333.173,153.794,278.959,273.539,125.606,283.329,188.028,442.843,893.717,266.578,416.471,639.534,130.697,109.776,124.586,311.909,72.717,68.301,84.556,156.315,293.884,146.184,361.536,347.58,358.172,231.299,277.228,178.51,184.568,113.555,153.759,282.1,276.569,438.322,185.911,431.27,284.848,293.515,253.571,357.257,319.867,441.532,1155.793,135.993,270.336,150.737,119.746,231.253,123.655,85.34,33.295,210.089,294.0,147.702,124.766,208.059,757.664,897.302,255.11,6.772,1670.441,584.956,88.487,108.416,60.58,134.988,85.638,55.537,114.462,240.374,283.912,407.689,347.479,365.798,489.628,272.018,304.261,310.805,355.94,357.997,271.583,403.164,414.119,389.988,207.621,180.193,157.962,307.161,313.709,290.258,230.921,447.101,274.759,313.339,311.214,173.277,190.53,430.246,621.838,217.854,,438.31,302.54,569.046,108.236,957.998,1080.047,394.961,282.019,178.649,174.694,167.25,165.382,326.212,232.078,228.093,292.908,291.724,267.71,437.262,428.582,451.053,434.423,404.269,435.124,131.768,52.254,124.712,35.447,237.937,213.261,260.734,204.416,133.66,93.457,183.907,82.98,144.212,118.689,111.097,103.993,110.437,74.487,112.63,104.531,153.619,167.017,134.895,167.504,204.826,325.323,277.496,285.828,241.596,241.363,385.73,364.947,364.58,443.055,343.01,419.692,409.815,330.249,206.152,245.614,250.746,165.906,199.388,203.194,224.597,174.409,393.975,186.919,271.415,312.492,194.258,329.57,298.39,240.948,389.983,179.651,266.689,273.864,191.86,255.081,187.034,318.454,355.426,221.311,301.07,142.306,612.506,434.474,417.602,362.263,387.783,225.887,186.838,196.23,213.786,260.793,241.682,235.584,157.633,279.769,163.833,291.919,277.321,212.928,195.021,277.729,180.576,221.307,464.223,319.157,213.12,313.839,317.606,172.377,189.98,194.398,187.542,404.141,161.982,279.596,214.746,180.599,222.514,210.525,247.44,671.156,377.379,431.272,358.516,419.049,732.838,652.831,82.076,40.589,78.872,89.482,75.648,167.961,80.696,125.851,108.903,152.491,142.408,204.546,107.522,208.417,,159.678,305.281,243.917,287.541,,62.419,420.293,965.554,396.356,470.002,35.141,86.2,7.221,0.99,593.928,8.316,28.166,32.654,156.945,241.685,369.891,171.39,84.014,73.015,28.073,101.228,128.323,171.069,483.083,414.112,38.006,30.196,191.49,132.065,232.612,253.453,270.301,399.189,704.581,,407.049,242.915,454.276,353.069
