date,civilian_labor_force,participation_rate,employment_level,employment_population_ratio,employed_full_time,employed_part_time,unemployment_level,unemployment_rate,unemployment_rate_16_19,unemployment_rate_men_20_over,unemployment_rate_women_20_over,unemployment_rate_white,unemployment_rate_black,unemployment_rate_asian,unemployment_rate_hispanic,unemployment_rate_less_hs,unemployment_rate_hs_grad,unemployment_rate_some_college,unemployment_rate_bachelor_higher,unemployed_less_5_weeks,unemployed_5_14_weeks,unemployed_15_weeks_over,unemployed_27_weeks_over,average_weeks_unemployed,median_weeks_unemployed,unemployment_job_losers,unemployment_job_losers_layoff,unemployment_job_losers_not_layoff,unemployment_job_leavers,unemployment_reentrants,unemployment_new_entrants,part_time_economic_reasons,not_in_labor_force,marginally_attached,discouraged_workers,u6_unemployment_rate,multiple_jobholders_level,multiple_jobholders_percent,not_at_work_bad_weather,at_work_1_34hrs_bad_weather,labor_force_20_over,participation_rate_20_over,employment_20_over,unemployment_20_over,unemployment_rate_20_over,labor_force_25_over,participation_rate_25_over,employment_25_over,unemployment_25_over,unemployment_rate_25_over,labor_force_55_over,participation_rate_55_over,employment_55_over,unemployment_55_over,unemployment_rate_55_over,labor_force_hispanic,participation_rate_hispanic,employment_hispanic,unemployment_hispanic,not_in_labor_force_hispanic,labor_force_18_over_nsa,participation_rate_18_over_nsa,employment_18_over_nsa,unemployment_18_over_nsa,unemployment_rate_18_over_nsa,not_in_labor_force_18_over_nsa,labor_force_25_over_nsa,participation_rate_25_over_nsa,employment_25_over_nsa,employed_full_time_25_over_nsa,employed_part_time_25_over_nsa,unemployment_25_over_nsa,unemployed_fulltime_seeking_25_over_nsa,unemployed_parttime_seeking_25_over_nsa,unemployment_rate_25_over_nsa,labor_force_45_over_nsa,participation_rate_45_over_nsa,employment_45_over_nsa,unemployment_45_over_nsa,unemployment_rate_45_over_nsa,not_in_labor_force_45_over_nsa,labor_force_55_over_nsa,participation_rate_55_over_nsa,employment_55_over_nsa,employed_full_time_55_over_nsa,employed_part_time_55_over_nsa,unemployment_55_over_nsa,unemployed_fulltime_seeking_55_over_nsa,unemployed_parttime_seeking_55_over_nsa,unemployment_rate_55_over_nsa,not_in_labor_force_55_over_nsa,labor_force_65_over_nsa,participation_rate_65_over_nsa,employment_65_over_nsa,unemployment_65_over_nsa,unemployment_rate_65_over_nsa,not_in_labor_force_65_over_nsa,labor_force_white_nsa,participation_rate_white_nsa,employment_white_nsa,employed_full_time_white_nsa,employed_part_time_white_nsa,unemployment_white_nsa,unemployment_rate_white_nsa,not_in_labor_force_white_nsa,labor_force_black_nsa,participation_rate_black_nsa,employment_black_nsa,employed_full_time_black_nsa,employed_part_time_black_nsa,unemployment_black_nsa,unemployment_rate_black_nsa,not_in_labor_force_black_nsa,labor_force_asian_nsa,participation_rate_asian_nsa,employment_asian_nsa,employed_full_time_asian_nsa,employed_part_time_asian_nsa
2010-01-01,153484.0,64.8,138438.0,58.5,110613.0,27781.0,15046.0,9.8,26.1,10.2,7.9,8.8,16.5,8.3,12.9,15.3,10.2,8.6,4.9,2921.0,3390.0,8894.0,6319.0,30.3,20.0,9341.0,1463.0,7878.0,911.0,3650.0,1195.0,8530.0,83349.0,2331.0,1016.0,16.6,6948.0,5.0,259.0,342.0,147488.0,67.1,134007.0,13481.0,9.1,132541.0,66.6,121482.0,11059.0,8.3,29454.0,40.0,27430.0,2025.0,6.9,22638.0,68.1,19709.0,2930.0,10613.0,151156.0,66.3,135491.0,15665.0,10.4,76723.0,132808.0,66.8,120643.0,100789.0,19854.0,12165.0,11270.0,894.0,9.2,65804.0,55.8,60490.0,5314.0,8.1,52194.0,29508.0,40.0,27295.0,20852.0,6443.0,2213.0,1914.0,298.0,7.5,44218.0,6689.0,17.4,6192.0,497.0,7.4,31712.0,124498.0,65.0,112546.0,,,11952.0,9.6,66956.0,17702.0,62.1,14643.0,,,3059.0,17.3,10824.0,7020.0,64.1,6431.0,5339.0,1091.0
2010-02-01,153694.0,64.9,138581.0,58.5,110778.0,27627.0,15113.0,9.8,25.6,10.3,8.0,8.9,16.1,8.2,12.7,15.8,10.7,8.1,4.9,2807.0,3390.0,8922.0,6129.0,29.8,19.9,9596.0,1575.0,8021.0,877.0,3469.0,1192.0,8936.0,83304.0,2433.0,1175.0,17.0,7034.0,5.1,1031.0,5344.0,147649.0,67.1,134084.0,13565.0,9.2,132617.0,66.6,121463.0,11154.0,8.4,29604.0,40.1,27463.0,2141.0,7.2,22715.0,68.1,19837.0,2879.0,10619.0,151402.0,66.4,135902.0,15499.0,10.2,76666.0,132894.0,66.8,120792.0,100957.0,19835.0,12103.0,11232.0,871.0,9.1,65892.0,55.8,60585.0,5307.0,8.1,52261.0,29704.0,40.2,27444.0,21009.0,6434.0,2260.0,1947.0,314.0,7.6,44165.0,6676.0,17.4,6165.0,511.0,7.7,31768.0,124790.0,65.1,112712.0,,,12079.0,9.7,66762.0,17599.0,61.6,14752.0,,,2847.0,16.2,10960.0,7074.0,64.2,6483.0,5398.0,1084.0
2010-03-01,153954.0,64.9,138751.0,58.5,111162.0,27558.0,15202.0,9.9,26.2,10.2,8.1,8.9,16.8,7.6,12.9,14.9,11.0,8.4,4.9,2769.0,3294.0,9087.0,6545.0,31.6,20.4,9575.0,1668.0,7907.0,893.0,3591.0,1146.0,9233.0,83206.0,2336.0,987.0,17.1,7011.0,5.1,135.0,293.0,147862.0,67.2,134255.0,13608.0,9.2,132944.0,66.7,121701.0,11243.0,8.5,29739.0,40.2,27675.0,2064.0,6.9,22739.0,68.1,19808.0,2931.0,10674.0,151904.0,66.5,136740.0,15165.0,10.0,76434.0,133325.0,66.9,121396.0,101656.0,19740.0,11930.0,11033.0,896.0,8.9,66107.0,55.9,60913.0,5194.0,7.9,52200.0,29928.0,40.4,27776.0,21182.0,6593.0,2153.0,1826.0,326.0,7.2,44090.0,6650.0,17.3,6192.0,459.0,6.9,31848.0,124950.0,65.2,113339.0,,,11611.0,9.3,66698.0,17795.0,62.2,14837.0,,,2957.0,16.6,10796.0,7174.0,64.7,6633.0,5551.0,1082.0
2010-04-01,154622.0,65.2,139297.0,58.7,111854.0,27386.0,15325.0,9.9,25.4,10.2,8.3,9.0,16.6,7.0,12.5,14.7,10.8,8.4,4.8,2725.0,3086.0,9130.0,6800.0,33.3,22.1,9415.0,1391.0,8024.0,930.0,3772.0,1187.0,9178.0,82707.0,2524.0,1186.0,17.2,7028.0,5.0,28.0,145.0,148546.0,67.4,134767.0,13779.0,9.3,133351.0,66.9,122180.0,11170.0,8.4,29900.0,40.3,27809.0,2091.0,7.0,22633.0,67.6,19803.0,2830.0,10865.0,152079.0,66.6,137970.0,14109.0,9.3,76392.0,133345.0,66.9,122539.0,102897.0,19642.0,10806.0,10068.0,738.0,8.1,66175.0,55.9,61405.0,4770.0,7.2,52289.0,29996.0,40.4,27995.0,21472.0,6523.0,2001.0,1738.0,263.0,6.7,44189.0,6589.0,17.1,6196.0,393.0,6.0,31984.0,125062.0,65.2,114302.0,,,10760.0,8.6,66687.0,17868.0,62.4,15020.0,,,2848.0,15.9,10756.0,7300.0,65.5,6806.0,5680.0,1126.0
2010-05-01,154091.0,64.9,139241.0,58.6,112539.0,26692.0,14849.0,9.6,26.5,9.7,8.1,8.7,15.5,7.8,12.0,14.6,10.9,8.2,4.6,2773.0,3127.0,8897.0,6638.0,34.0,22.3,9237.0,1469.0,7768.0,973.0,3388.0,1202.0,8845.0,83409.0,2365.0,1165.0,16.7,7059.0,5.1,39.0,290.0,148060.0,67.1,134809.0,13252.0,9.0,133101.0,66.7,122016.0,11085.0,8.3,30025.0,40.4,27910.0,2115.0,7.0,22636.0,67.4,19913.0,2722.0,10942.0,151894.0,66.5,138121.0,13773.0,9.1,76651.0,132973.0,66.6,122458.0,103615.0,18843.0,10515.0,9718.0,797.0,7.9,65910.0,55.6,61345.0,4565.0,6.9,52703.0,30104.0,40.5,28104.0,21810.0,6294.0,1999.0,1691.0,308.0,6.6,44201.0,6682.0,17.3,6288.0,394.0,5.9,31906.0,125017.0,65.2,114438.0,,,10579.0,8.5,66840.0,17926.0,62.6,15188.0,,,2738.0,15.3,10727.0,7236.0,64.8,6692.0,5648.0,1044.0
2010-06-01,153616.0,64.6,139141.0,58.5,112608.0,26658.0,14474.0,9.4,25.9,9.7,7.7,8.6,15.2,7.4,12.3,14.2,10.6,8.1,4.4,2683.0,3159.0,8907.0,6623.0,34.5,25.2,9039.0,1353.0,7686.0,888.0,3300.0,1174.0,8577.0,84075.0,2567.0,1202.0,16.4,6956.0,5.0,26.0,147.0,147891.0,67.0,134900.0,12991.0,8.8,133007.0,66.6,122229.0,10778.0,8.1,30040.0,40.3,27992.0,2048.0,6.8,22605.0,67.2,19822.0,2783.0,11057.0,152347.0,66.6,138328.0,14019.0,9.2,76481.0,132366.0,66.3,121962.0,103671.0,18291.0,10404.0,9600.0,804.0,7.9,65581.0,55.2,61017.0,4564.0,7.0,53189.0,29821.0,40.0,27825.0,21657.0,6168.0,1996.0,1695.0,302.0,6.7,44657.0,6542.0,16.9,6175.0,367.0,5.6,32126.0,125761.0,65.5,114782.0,,,10979.0,8.7,66218.0,17960.0,62.6,15157.0,,,2803.0,15.6,10725.0,7315.0,65.3,6749.0,5742.0,1007.0
2010-07-01,153691.0,64.6,139179.0,58.5,112248.0,26991.0,14512.0,9.4,25.9,9.6,7.9,8.5,15.6,7.9,12.2,13.5,10.0,8.3,4.5,2806.0,2972.0,8714.0,6506.0,33.9,22.3,8999.0,1194.0,7805.0,903.0,3377.0,1208.0,8500.0,84199.0,2563.0,1117.0,16.4,6657.0,4.8,25.0,164.0,147877.0,66.9,134868.0,13009.0,8.8,132798.0,66.4,122145.0,10653.0,8.0,30128.0,40.4,28077.0,2050.0,6.8,22768.0,67.5,19996.0,2772.0,10979.0,152765.0,66.6,138435.0,14330.0,9.4,76497.0,132332.0,66.2,121569.0,103161.0,18408.0,10763.0,9871.0,891.0,8.1,65515.0,55.1,60694.0,4821.0,7.4,53417.0,29969.0,40.2,27789.0,21690.0,6099.0,2181.0,1868.0,312.0,7.3,44650.0,6628.0,17.1,6141.0,488.0,7.4,32080.0,126152.0,65.7,115183.0,,,10969.0,8.7,65957.0,18066.0,62.9,15059.0,,,3007.0,16.6,10652.0,7342.0,65.6,6742.0,5704.0,1038.0
2010-08-01,154086.0,64.7,139438.0,58.6,111847.0,27703.0,14648.0,9.5,25.5,9.6,8.0,8.6,15.9,7.3,12.0,14.1,10.0,8.7,4.6,2671.0,3534.0,8421.0,6259.0,33.7,21.0,9127.0,1444.0,7683.0,870.0,3372.0,1278.0,8800.0,84014.0,2376.0,1125.0,16.5,6811.0,4.9,31.0,106.0,148174.0,67.0,135034.0,13140.0,8.9,133084.0,66.5,122128.0,10956.0,8.2,30316.0,40.5,28075.0,2241.0,7.4,22799.0,67.4,20069.0,2731.0,11036.0,152382.0,66.5,138283.0,14100.0,9.3,76838.0,132714.0,66.3,121858.0,103265.0,18593.0,10856.0,9883.0,973.0,8.2,65945.0,55.4,60817.0,5128.0,7.8,53175.0,30092.0,40.2,27831.0,21560.0,6271.0,2261.0,1908.0,353.0,7.5,44725.0,6751.0,17.4,6260.0,492.0,7.3,32040.0,125710.0,65.4,114941.0,,,10769.0,8.6,66535.0,17991.0,62.6,15052.0,,,2939.0,16.3,10764.0,7311.0,64.9,6783.0,5744.0,1039.0
2010-09-01,153975.0,64.6,139396.0,58.5,111926.0,27459.0,14579.0,9.5,25.8,9.6,8.0,8.6,16.0,6.6,12.3,15.6,9.7,8.9,4.5,2819.0,3308.0,8454.0,6163.0,33.4,20.3,9142.0,1338.0,7804.0,804.0,3399.0,1217.0,9246.0,84347.0,2576.0,1287.0,16.9,6711.0,4.8,17.0,121.0,148227.0,66.9,135129.0,13097.0,8.8,133120.0,66.4,122266.0,10855.0,8.2,30329.0,40.4,28187.0,2142.0,7.1,22951.0,67.6,20124.0,2827.0,10976.0,151872.0,66.3,138298.0,13574.0,8.9,77285.0,133376.0,66.6,122841.0,103392.0,19448.0,10536.0,9739.0,797.0,7.9,66293.0,55.6,61654.0,4640.0,7.0,53022.0,30387.0,40.5,28305.0,21673.0,6632.0,2082.0,1803.0,279.0,6.9,44633.0,6886.0,17.7,6449.0,438.0,6.4,31990.0,125273.0,65.1,114900.0,,,10373.0,8.3,67118.0,17716.0,61.5,14891.0,,,2826.0,15.9,11078.0,7197.0,63.8,6734.0,5623.0,1111.0
2010-10-01,153635.0,64.4,139119.0,58.3,111723.0,27353.0,14516.0,9.4,27.2,9.4,8.0,8.6,15.6,7.2,12.3,15.0,9.8,8.2,4.6,2655.0,3345.0,8613.0,6227.0,34.0,21.2,8884.0,1272.0,7612.0,854.0,3481.0,1277.0,8837.0,84895.0,2599.0,1243.0,16.6,6730.0,4.8,37.0,67.0,147733.0,66.6,134825.0,12908.0,8.7,132729.0,66.2,122036.0,10693.0,8.1,30094.0,40.0,27944.0,2150.0,7.1,22728.0,66.8,19927.0,2801.0,11286.0,151652.0,66.1,138340.0,13313.0,8.8,77703.0,133054.0,66.3,122881.0,103517.0,19365.0,10172.0,9427.0,745.0,7.6,65982.0,55.2,61406.0,4576.0,6.9,53521.0,30132.0,40.1,28091.0,21578.0,6513.0,2041.0,1819.0,222.0,6.8,45042.0,6832.0,17.6,6420.0,412.0,6.0,32074.0,124749.0,64.8,114588.0,,,10161.0,8.1,67778.0,17913.0,62.1,15199.0,,,2715.0,15.2,10918.0,7317.0,64.7,6798.0,5630.0,1168.0
2010-11-01,154125.0,64.6,139044.0,58.2,111343.0,27561.0,15081.0,9.8,24.8,9.9,8.4,8.9,16.2,7.5,12.9,15.4,10.0,8.6,5.0,2912.0,3321.0,8696.0,6326.0,33.9,21.0,9491.0,1442.0,8048.0,860.0,3445.0,1275.0,8873.0,84590.0,2573.0,1279.0,16.9,6708.0,4.8,40.0,143.0,148290.0,66.8,134654.0,13636.0,9.2,133119.0,66.3,121927.0,11192.0,8.4,30251.0,40.1,28069.0,2182.0,7.2,22870.0,67.1,19929.0,2941.0,11232.0,151866.0,66.1,138046.0,13819.0,9.1,77752.0,133191.0,66.3,122469.0,102705.0,19764.0,10722.0,9957.0,765.0,8.0,66206.0,55.3,61297.0,4909.0,7.4,53460.0,30227.0,40.1,28122.0,21383.0,6740.0,2104.0,1846.0,258.0,7.0,45125.0,6834.0,17.5,6366.0,468.0,6.8,32139.0,124735.0,64.7,114254.0,,,10481.0,8.4,67907.0,17979.0,62.3,15206.0,,,2772.0,15.4,10886.0,7335.0,64.5,6780.0,5630.0,1150.0
2010-12-01,153650.0,64.3,139301.0,58.3,111900.0,27419.0,14348.0,9.3,25.3,9.4,8.0,8.5,15.5,7.2,12.9,15.0,9.8,8.1,4.8,2693.0,3169.0,8549.0,6429.0,34.7,21.9,8831.0,1374.0,7458.0,920.0,3379.0,1306.0,8935.0,85240.0,2598.0,1301.0,16.6,6899.0,5.0,179.0,356.0,147889.0,66.6,134997.0,12892.0,8.7,132984.0,66.2,122371.0,10613.0,8.0,30354.0,40.2,28280.0,2075.0,6.8,22889.0,67.0,19937.0,2952.0,11299.0,151340.0,65.8,137797.0,13543.0,8.9,78552.0,133077.0,66.2,122433.0,102717.0,19716.0,10645.0,9877.0,768.0,8.0,66283.0,55.3,61521.0,4762.0,7.2,53540.0,30303.0,40.1,28276.0,21636.0,6640.0,2027.0,1730.0,297.0,6.7,45230.0,6851.0,17.5,6376.0,475.0,6.9,32194.0,124309.0,64.5,114035.0,,,10274.0,8.3,68439.0,17835.0,61.7,15120.0,,,2715.0,15.2,11061.0,7355.0,64.6,6829.0,5713.0,1116.0
2011-01-01,153263.0,64.2,139250.0,58.3,112248.0,26987.0,14013.0,9.1,25.7,9.0,7.9,8.1,15.8,6.8,12.3,14.3,9.5,8.1,4.3,2686.0,3033.0,8393.0,6175.0,37.2,21.5,8475.0,1224.0,7252.0,915.0,3358.0,1342.0,8470.0,85441.0,2576.0,950.0,16.1,6816.0,4.9,886.0,4857.0,147429.0,66.5,134916.0,12513.0,8.5,132033.0,65.8,121902.0,10131.0,7.7,30278.0,39.9,28238.0,2040.0,6.7,22819.0,67.1,20023.0,2796.0,11181.0,150869.0,65.7,136373.0,14495.0,9.6,78908.0,132173.0,65.9,121087.0,101803.0,19284.0,11087.0,10169.0,918.0,8.4,65941.0,55.0,60914.0,5027.0,7.6,53889.0,30322.0,40.0,28106.0,21621.0,6486.0,2216.0,1837.0,379.0,7.3,45557.0,6899.0,17.5,6420.0,479.0,6.9,32483.0,123696.0,64.3,112754.0,,,10942.0,8.8,68820.0,17757.0,61.3,14819.0,,,2938.0,16.5,11190.0,7354.0,64.8,6846.0,5851.0,995.0
2011-02-01,153214.0,64.1,139394.0,58.4,112352.0,26872.0,13820.0,9.0,24.1,8.9,7.9,8.1,15.5,6.7,11.8,14.0,9.7,7.9,4.3,2469.0,3118.0,8175.0,5892.0,37.4,21.1,8353.0,1302.0,7051.0,888.0,3348.0,1287.0,8464.0,85637.0,2630.0,996.0,16.0,6741.0,4.8,395.0,1927.0,147518.0,66.4,135069.0,12449.0,8.4,132165.0,65.9,122082.0,10083.0,7.6,30412.0,40.0,28435.0,1977.0,6.5,22506.0,66.0,19855.0,2650.0,11574.0,151034.0,65.7,136938.0,14096.0,9.3,78933.0,132300.0,65.9,121455.0,102141.0,19313.0,10845.0,9933.0,913.0,8.2,66025.0,55.0,61188.0,4837.0,7.3,53923.0,30526.0,40.2,28437.0,21773.0,6664.0,2089.0,1765.0,324.0,6.8,45482.0,6989.0,17.7,6557.0,432.0,6.2,32413.0,123848.0,64.3,113066.0,,,10782.0,8.7,68752.0,17680.0,61.0,14922.0,,,2758.0,15.6,11296.0,7351.0,64.8,6850.0,5797.0,1053.0
2011-03-01,153376.0,64.2,139639.0,58.4,112350.0,27282.0,13737.0,9.0,24.4,8.8,7.8,8.0,15.8,7.3,11.6,14.1,9.7,7.5,4.4,2535.0,2980.0,8166.0,6105.0,39.1,21.5,8338.0,1250.0,7088.0,888.0,3317.0,1287.0,8645.0,85623.0,2529.0,917.0,16.0,6735.0,4.8,151.0,293.0,147617.0,66.4,135288.0,12329.0,8.4,132380.0,65.9,122344.0,10036.0,7.6,30485.0,40.0,28505.0,1980.0,6.5,22672.0,66.4,20044.0,2629.0,11483.0,151382.0,65.8,137790.0,13592.0,9.0,78831.0,132604.0,66.0,122064.0,102577.0,19487.0,10541.0,9679.0,861.0,7.9,66055.0,55.0,61307.0,4748.0,7.2,54013.0,30682.0,40.3,28622.0,21946.0,6675.0,2060.0,1723.0,337.0,6.7,45481.0,7010.0,17.8,6562.0,447.0,6.4,32441.0,124156.0,64.4,113877.0,,,10279.0,8.3,68532.0,17705.0,61.0,14965.0,,,2740.0,15.5,11300.0,7410.0,65.6,6881.0,5735.0,1146.0
2011-04-01,153543.0,64.2,139586.0,58.4,112222.0,27333.0,13957.0,9.1,24.7,8.9,8.0,8.1,16.5,6.5,11.9,14.7,9.9,7.5,4.5,2787.0,2987.0,8016.0,5925.0,38.7,20.9,8294.0,1289.0,7005.0,951.0,3416.0,1305.0,8652.0,85603.0,2562.0,980.0,16.1,6823.0,4.9,62.0,238.0,147851.0,66.5,135299.0,12552.0,8.5,132551.0,66.0,122303.0,10247.0,7.7,30696.0,40.2,28712.0,1983.0,6.5,22743.0,66.4,20046.0,2698.0,11490.0,151275.0,65.7,138517.0,12758.0,8.4,79150.0,132563.0,66.0,122691.0,103264.0,19427.0,9872.0,9109.0,763.0,7.4,66263.0,55.1,61890.0,4373.0,6.6,53923.0,30827.0,40.4,28929.0,22241.0,6688.0,1898.0,1651.0,247.0,6.2,45469.0,7102.0,18.0,6687.0,415.0,5.8,32376.0,124140.0,64.4,114597.0,,,9542.0,7.7,68632.0,17765.0,61.2,14966.0,,,2799.0,15.8,11270.0,7295.0,64.1,6832.0,5681.0,1150.0
2011-05-01,153479.0,64.1,139624.0,58.3,112263.0,27381.0,13855.0,9.0,23.9,8.8,8.0,7.9,16.3,7.2,11.6,14.5,9.6,7.8,4.5,2668.0,2903.0,8205.0,6153.0,39.6,21.6,8264.0,1247.0,7018.0,915.0,3379.0,1227.0,8576.0,85834.0,2357.0,887.0,15.9,6880.0,4.9,55.0,294.0,147881.0,66.5,135365.0,12516.0,8.5,132683.0,66.0,122418.0,10265.0,7.7,30730.0,40.2,28659.0,2071.0,6.7,22628.0,66.0,19997.0,2631.0,11683.0,151742.0,65.8,138825.0,12917.0,8.5,79042.0,132775.0,66.0,122983.0,103612.0,19371.0,9793.0,9026.0,767.0,7.4,66320.0,55.1,61964.0,4356.0,6.6,53996.0,30849.0,40.4,28895.0,22295.0,6600.0,1954.0,1668.0,286.0,6.3,45546.0,7120.0,18.0,6669.0,452.0,6.3,32368.0,124608.0,64.6,114989.0,,,9618.0,7.7,68269.0,17705.0,60.9,14867.0,,,2838.0,16.0,11358.0,7377.0,65.0,6863.0,5681.0,1182.0
2011-06-01,153346.0,64.0,139384.0,58.2,112001.0,27469.0,13962.0,9.1,24.5,9.0,8.0,8.1,16.2,6.5,11.5,14.4,10.0,8.3,4.3,2933.0,2987.0,8143.0,6271.0,39.9,22.4,8157.0,1183.0,6974.0,969.0,3514.0,1242.0,8427.0,86144.0,2661.0,979.0,16.1,6946.0,5.0,18.0,135.0,147679.0,66.3,135106.0,12573.0,8.5,132743.0,65.9,122210.0,10533.0,7.9,30811.0,40.2,28682.0,2129.0,6.9,22753.0,66.2,20139.0,2614.0,11638.0,152179.0,65.9,138575.0,13604.0,8.9,78721.0,132110.0,65.6,121949.0,103255.0,18694.0,10161.0,9228.0,933.0,7.7,65875.0,54.7,61316.0,4559.0,6.9,54575.0,30580.0,39.9,28509.0,22260.0,6249.0,2072.0,1710.0,362.0,6.8,45978.0,6965.0,17.6,6521.0,444.0,6.4,32609.0,125335.0,64.9,114995.0,,,10340.0,8.2,67654.0,17966.0,61.8,14993.0,,,2972.0,16.5,11127.0,7384.0,64.9,6881.0,5755.0,1125.0
2011-07-01,153288.0,64.0,139524.0,58.2,112193.0,27432.0,13763.0,9.0,24.7,8.8,7.9,8.0,15.9,7.4,11.2,14.5,9.1,8.3,4.2,2632.0,2931.0,8177.0,6195.0,40.7,22.0,8114.0,1179.0,6935.0,939.0,3383.0,1281.0,8281.0,86383.0,2719.0,1054.0,15.9,6850.0,4.9,20.0,65.0,147667.0,66.2,135293.0,12374.0,8.4,132483.0,65.8,122314.0,10169.0,7.7,30839.0,40.2,28729.0,2110.0,6.8,22781.0,66.1,20223.0,2558.0,11689.0,152346.0,65.9,138669.0,13677.0,9.0,78737.0,132070.0,65.6,121751.0,103240.0,18511.0,10319.0,9392.0,927.0,7.8,65935.0,54.7,61163.0,4772.0,7.2,54653.0,30650.0,40.0,28418.0,22136.0,6282.0,2232.0,1867.0,364.0,7.3,46054.0,7001.0,17.7,6532.0,469.0,6.7,32634.0,125659.0,65.1,115350.0,,,10309.0,8.2,67448.0,17895.0,61.4,14890.0,,,3004.0,16.8,11229.0,7405.0,64.9,6838.0,5759.0,1079.0
2011-08-01,153760.0,64.1,139942.0,58.3,112723.0,27296.0,13818.0,9.0,25.0,8.7,7.9,7.9,16.4,7.2,11.2,14.1,9.3,8.3,4.2,2650.0,2989.0,8247.0,6048.0,40.5,22.4,8009.0,1181.0,6829.0,979.0,3520.0,1254.0,8788.0,86111.0,2588.0,989.0,16.1,6940.0,5.0,13.0,65.0,147937.0,66.3,135572.0,12365.0,8.4,132764.0,65.8,122563.0,10201.0,7.7,30968.0,40.3,28911.0,2056.0,6.6,23035.0,66.7,20462.0,2573.0,11520.0,152192.0,65.8,138763.0,13429.0,8.8,79214.0,132457.0,65.7,122268.0,103975.0,18293.0,10189.0,9212.0,977.0,7.7,66051.0,54.7,61459.0,4592.0,7.0,54699.0,30764.0,40.0,28660.0,22421.0,6240.0,2103.0,1712.0,391.0,6.8,46152.0,6980.0,17.5,6500.0,480.0,6.9,32799.0,125146.0,64.8,115268.0,,,9878.0,7.9,68090.0,18083.0,62.0,15011.0,,,3072.0,17.0,11075.0,7305.0,63.8,6788.0,5758.0,1030.0
2011-09-01,154131.0,64.2,140183.0,58.4,112544.0,27644.0,13948.0,9.0,24.4,8.7,8.2,7.9,15.9,8.0,11.2,14.3,9.4,8.5,4.2,2754.0,2881.0,8316.0,6304.0,40.4,22.0,8027.0,1203.0,6824.0,973.0,3470.0,1378.0,9166.0,85940.0,2528.0,1102.0,16.4,6995.0,5.0,50.0,124.0,148343.0,66.4,135808.0,12534.0,8.4,132955.0,65.9,122701.0,10254.0,7.7,31297.0,40.6,29232.0,2065.0,6.6,23105.0,66.7,20511.0,2595.0,11535.0,152094.0,65.8,139052.0,13042.0,8.6,79113.0,133243.0,66.0,123264.0,103837.0,19427.0,9979.0,9130.0,849.0,7.5,66712.0,55.2,62286.0,4426.0,6.6,54200.0,31368.0,40.7,29345.0,22547.0,6798.0,2024.0,1675.0,349.0,6.5,45772.0,7227.0,18.1,6735.0,492.0,6.8,32711.0,124812.0,64.5,115266.0,,,9545.0,7.6,68553.0,18051.0,61.8,15186.0,,,2865.0,15.9,11142.0,7360.0,63.9,6784.0,5779.0,1004.0
2011-10-01,153961.0,64.1,140368.0,58.4,112923.0,27474.0,13594.0,8.8,24.2,8.6,7.8,7.9,14.6,7.4,11.3,13.5,9.4,8.1,4.3,2668.0,3250.0,7802.0,5838.0,38.7,20.6,7891.0,1247.0,6644.0,1086.0,3370.0,1287.0,8657.0,86308.0,2554.0,984.0,15.8,6917.0,4.9,41.0,216.0,148192.0,66.3,135995.0,12197.0,8.2,132836.0,65.7,122702.0,10134.0,7.6,31417.0,40.6,29213.0,2203.0,7.0,23263.0,67.0,20638.0,2625.0,11461.0,152195.0,65.8,139540.0,12655.0,8.3,79236.0,133170.0,65.9,123454.0,104210.0,19244.0,9716.0,8837.0,879.0,7.3,66727.0,55.1,62353.0,4375.0,6.6,54346.0,31427.0,40.6,29346.0,22682.0,6664.0,2081.0,1712.0,370.0,6.6,45894.0,7367.0,18.4,6859.0,508.0,6.9,32678.0,124870.0,64.5,115421.0,,,9449.0,7.6,68623.0,18047.0,61.7,15471.0,,,2576.0,14.3,11181.0,7462.0,64.3,6916.0,5838.0,1078.0
2011-11-01,154128.0,64.1,140826.0,58.6,113213.0,27434.0,13302.0,8.6,24.2,8.2,7.8,7.7,15.6,6.4,11.2,12.8,8.8,7.7,4.4,2556.0,2913.0,7706.0,5698.0,40.2,20.8,7651.0,1180.0,6471.0,1011.0,3357.0,1277.0,8447.0,86312.0,2627.0,1091.0,15.6,6946.0,4.9,60.0,212.0,148342.0,66.3,136438.0,11905.0,8.0,132932.0,65.7,123222.0,9710.0,7.3,31290.0,40.4,29304.0,1986.0,6.3,23177.0,66.6,20577.0,2600.0,11630.0,151915.0,65.6,139702.0,12214.0,8.0,79677.0,132994.0,65.8,123668.0,104006.0,19662.0,9326.0,8519.0,807.0,7.0,66448.0,54.8,62252.0,4195.0,6.3,54772.0,31274.0,40.3,29346.0,22482.0,6863.0,1928.0,1634.0,294.0,6.2,46239.0,7322.0,18.2,6830.0,492.0,6.7,32886.0,124565.0,64.3,115584.0,,,8981.0,7.2,69033.0,17900.0,61.2,15236.0,,,2664.0,14.9,11359.0,7419.0,64.0,6939.0,5866.0,1073.0
2011-12-01,153995.0,64.0,140902.0,58.6,113774.0,27168.0,13093.0,8.5,23.3,8.0,7.8,7.5,15.4,6.8,11.1,13.7,8.7,7.6,4.1,2678.0,2873.0,7545.0,5586.0,40.4,20.5,7555.0,1238.0,6317.0,952.0,3359.0,1282.0,8171.0,86589.0,2512.0,932.0,15.2,6977.0,5.0,127.0,259.0,148272.0,66.2,136514.0,11758.0,7.9,133031.0,65.7,123451.0,9580.0,7.2,31319.0,40.3,29390.0,1928.0,6.2,23306.0,66.8,20725.0,2580.0,11579.0,151699.0,65.4,139434.0,12266.0,8.1,80207.0,132978.0,65.7,123447.0,104049.0,19398.0,9531.0,8741.0,790.0,7.2,66479.0,54.8,62297.0,4182.0,6.3,54874.0,31246.0,40.2,29378.0,22576.0,6802.0,1868.0,1587.0,281.0,6.0,46447.0,7360.0,18.2,6893.0,466.0,6.3,33004.0,124114.0,64.1,115117.0,,,8998.0,7.2,69567.0,18024.0,61.5,15285.0,,,2739.0,15.2,11262.0,7505.0,64.8,6991.0,5902.0,1088.0
2012-01-01,154381.0,63.7,141584.0,58.4,113755.0,27834.0,12797.0,8.3,23.6,7.7,7.6,7.4,13.6,6.7,10.7,13.0,8.5,7.1,4.3,2474.0,2908.0,7433.0,5476.0,40.2,20.8,7263.0,1277.0,5987.0,942.0,3253.0,1260.0,8305.0,87888.0,2589.0,1014.0,15.1,7022.0,5.0,206.0,357.0,148645.0,66.0,137203.0,11442.0,7.7,133092.0,65.4,123795.0,9297.0,7.0,31740.0,40.1,29873.0,1867.0,5.9,24062.0,66.3,21496.0,2566.0,12239.0,151873.0,65.1,138784.0,13088.0,8.6,81566.0,133125.0,65.4,123000.0,103250.0,19751.0,10125.0,9233.0,892.0,7.6,67070.0,54.5,62612.0,4458.0,6.6,56015.0,31750.0,40.1,29729.0,22826.0,6903.0,2021.0,1756.0,264.0,6.4,47432.0,7396.0,18.0,6936.0,460.0,6.2,33689.0,122750.0,63.7,112876.0,,,9874.0,8.0,69850.0,18074.0,60.8,15512.0,,,2561.0,14.2,11653.0,8158.0,64.1,7608.0,6385.0,1223.0
2012-02-01,154671.0,63.8,141858.0,58.5,114141.0,27582.0,12813.0,8.3,23.8,7.7,7.6,7.4,14.0,6.2,10.9,13.1,8.3,7.2,4.2,2610.0,2848.0,7293.0,5242.0,39.7,19.7,7136.0,1163.0,5972.0,1035.0,3342.0,1367.0,8238.0,87765.0,2517.0,983.0,15.0,6966.0,4.9,178.0,290.0,148894.0,66.1,137457.0,11437.0,7.7,133367.0,65.5,124093.0,9274.0,7.0,32032.0,40.4,30163.0,1868.0,5.8,24291.0,66.8,21652.0,2639.0,12094.0,152455.0,65.3,139513.0,12942.0,8.5,81042.0,133456.0,65.5,123534.0,104000.0,19534.0,9923.0,9093.0,829.0,7.4,67394.0,54.7,62922.0,4472.0,6.6,55820.0,32181.0,40.6,30188.0,23279.0,6909.0,1992.0,1694.0,298.0,6.2,47168.0,7636.0,18.5,7153.0,483.0,6.3,33595.0,123223.0,63.9,113467.0,,,9755.0,7.9,69469.0,18219.0,61.2,15651.0,,,2568.0,14.1,11541.0,8016.0,63.1,7508.0,6245.0,1263.0
2012-03-01,154749.0,63.8,142036.0,58.5,115024.0,27023.0,12713.0,8.2,24.8,7.7,7.4,7.3,14.0,6.4,10.6,12.8,8.1,7.5,4.1,2708.0,2788.0,7176.0,5236.0,39.3,19.2,7037.0,1150.0,5887.0,1097.0,3278.0,1388.0,7775.0,87855.0,2447.0,863.0,14.6,6954.0,4.9,96.0,181.0,148950.0,66.0,137677.0,11273.0,7.6,133539.0,65.5,124316.0,9223.0,6.9,32163.0,40.4,30172.0,1991.0,6.2,24182.0,66.3,21631.0,2551.0,12281.0,152591.0,65.3,140179.0,12412.0,8.1,81123.0,133722.0,65.6,124112.0,104840.0,19271.0,9610.0,8807.0,803.0,7.2,67569.0,54.8,63179.0,4390.0,6.5,55779.0,32371.0,40.7,30295.0,23495.0,6800.0,2075.0,1751.0,324.0,6.4,47149.0,7676.0,18.6,7224.0,452.0,5.9,33703.0,123209.0,63.9,113909.0,,,9301.0,7.5,69579.0,18339.0,61.6,15829.0,,,2510.0,13.7,11453.0,8113.0,63.6,7607.0,6305.0,1303.0
2012-04-01,154545.0,63.7,141899.0,58.4,114371.0,27508.0,12646.0,8.2,25.0,7.6,7.4,7.4,13.3,5.4,10.3,12.5,8.0,7.6,4.0,2624.0,2878.0,7072.0,5132.0,39.2,19.1,6848.0,1106.0,5742.0,1008.0,3392.0,1376.0,7913.0,88239.0,2456.0,959.0,14.7,6903.0,4.9,51.0,141.0,148729.0,65.9,137539.0,11189.0,7.5,133251.0,65.3,124157.0,9094.0,6.8,32067.0,40.3,30057.0,2010.0,6.3,24266.0,66.4,21767.0,2499.0,12280.0,152171.0,65.1,140691.0,11481.0,7.5,81714.0,133342.0,65.4,124608.0,105086.0,19521.0,8735.0,7905.0,830.0,6.6,67255.0,54.5,63218.0,4037.0,6.0,56231.0,32229.0,40.5,30300.0,23279.0,7022.0,1929.0,1643.0,286.0,6.0,47419.0,7682.0,18.5,7231.0,451.0,5.9,33799.0,122997.0,63.8,114313.0,,,8684.0,7.1,69896.0,18227.0,61.1,15940.0,,,2286.0,12.5,11597.0,7965.0,62.4,7553.0,6239.0,1314.0
2012-05-01,154866.0,63.7,142206.0,58.5,114233.0,28054.0,12660.0,8.2,24.4,7.7,7.4,7.4,13.5,5.5,10.9,12.9,8.3,7.7,3.9,2550.0,3006.0,7091.0,5401.0,39.6,19.9,6975.0,1149.0,5826.0,899.0,3384.0,1358.0,8101.0,88100.0,2590.0,898.0,14.8,6980.0,4.9,19.0,176.0,149054.0,66.0,137812.0,11242.0,7.5,133607.0,65.4,124363.0,9244.0,6.9,32349.0,40.5,30245.0,2104.0,6.5,24524.0,67.0,21859.0,2665.0,12102.0,153154.0,65.4,141380.0,11774.0,7.7,81006.0,133880.0,65.6,125046.0,105560.0,19486.0,8833.0,8010.0,823.0,6.6,67726.0,54.8,63642.0,4083.0,6.0,55901.0,32514.0,40.7,30527.0,23514.0,7013.0,1988.0,1642.0,346.0,6.1,47304.0,7807.0,18.8,7300.0,507.0,6.5,33794.0,123897.0,64.2,115015.0,,,8882.0,7.2,69107.0,18275.0,61.2,15837.0,,,2438.0,13.3,11579.0,8080.0,63.4,7656.0,6290.0,1366.0
2012-06-01,155083.0,63.8,142391.0,58.6,114749.0,27674.0,12692.0,8.2,23.3,7.7,7.4,7.3,14.5,6.1,10.9,12.6,8.6,7.3,4.0,2747.0,2806.0,7227.0,5409.0,40.3,20.4,7114.0,1239.0,5875.0,929.0,3296.0,1325.0,8072.0,88073.0,2473.0,820.0,14.7,6804.0,4.8,26.0,114.0,149199.0,66.0,137876.0,11323.0,7.6,133883.0,65.5,124542.0,9341.0,7.0,32475.0,40.6,30471.0,2004.0,6.2,24540.0,66.9,21860.0,2680.0,12168.0,153865.0,65.7,141508.0,12358.0,8.0,80494.0,133299.0,65.2,124295.0,105411.0,18884.0,9004.0,8091.0,913.0,6.8,67290.0,54.4,63207.0,4084.0,6.1,56481.0,32235.0,40.3,30290.0,23468.0,6821.0,1946.0,1597.0,349.0,6.0,47775.0,7672.0,18.4,7122.0,549.0,7.2,34079.0,124624.0,64.5,115280.0,,,9344.0,7.5,68496.0,18758.0,62.8,15978.0,,,2780.0,14.8,11128.0,8202.0,64.6,7682.0,6392.0,1290.0
2012-07-01,154948.0,63.7,142292.0,58.5,114575.0,27746.0,12656.0,8.2,23.6,7.7,7.4,7.3,14.2,5.9,10.2,12.4,8.5,7.2,4.1,2662.0,2984.0,6983.0,5210.0,39.3,17.5,7096.0,1353.0,5743.0,867.0,3369.0,1303.0,8082.0,88405.0,2471.0,802.0,14.7,6916.0,4.9,68.0,234.0,149010.0,65.8,137756.0,11255.0,7.6,133468.0,65.2,124268.0,9200.0,6.9,32221.0,40.2,30235.0,1986.0,6.2,24465.0,66.5,21975.0,2490.0,12327.0,153773.0,65.6,141170.0,12603.0,8.2,80756.0,133054.0,65.0,123665.0,105262.0,18404.0,9389.0,8330.0,1059.0,7.1,67080.0,54.1,62675.0,4405.0,6.6,56841.0,31989.0,39.9,29896.0,23251.0,6645.0,2093.0,1705.0,388.0,6.5,48194.0,7601.0,18.2,7053.0,548.0,7.2,34275.0,124749.0,64.6,115255.0,,,9493.0,7.6,68496.0,18643.0,62.3,15845.0,,,2799.0,15.0,11274.0,8346.0,65.1,7830.0,6527.0,1303.0
2012-08-01,154763.0,63.5,142291.0,58.4,114736.0,27600.0,12471.0,8.1,24.2,7.6,7.3,7.2,13.8,5.9,10.1,11.8,8.6,6.7,4.1,2784.0,2811.0,6889.0,5042.0,39.6,18.4,6833.0,1168.0,5665.0,943.0,3352.0,1257.0,7974.0,88803.0,2580.0,854.0,14.6,6921.0,4.9,30.0,101.0,148950.0,65.7,137887.0,11063.0,7.4,133701.0,65.3,124732.0,8970.0,6.7,32522.0,40.4,30626.0,1896.0,5.8,24370.0,66.1,21914.0,2456.0,12511.0,153046.0,65.2,140958.0,12089.0,7.9,81741.0,133412.0,65.2,124388.0,105826.0,18561.0,9025.0,8174.0,851.0,6.8,67365.0,54.3,63186.0,4179.0,6.2,56731.0,32284.0,40.1,30349.0,23636.0,6714.0,1935.0,1582.0,353.0,6.0,48173.0,7705.0,18.3,7212.0,493.0,6.4,34377.0,123848.0,64.0,114895.0,,,8953.0,7.2,69528.0,18491.0,61.7,15810.0,,,2681.0,14.5,11463.0,8175.0,63.6,7694.0,6496.0,1197.0
2012-09-01,155160.0,63.6,143044.0,58.7,115252.0,27810.0,12115.0,7.8,23.8,7.3,7.1,7.0,13.6,4.9,9.7,11.7,8.5,6.6,4.0,2538.0,2819.0,6775.0,4911.0,39.8,18.8,6548.0,1185.0,5362.0,950.0,3306.0,1260.0,8671.0,88613.0,2523.0,851.0,14.8,6865.0,4.8,17.0,107.0,149369.0,65.8,138630.0,10740.0,7.2,133919.0,65.3,125112.0,8806.0,6.6,32644.0,40.4,30727.0,1916.0,5.9,24502.0,66.3,22117.0,2385.0,12467.0,153154.0,65.2,141862.0,11292.0,7.4,81678.0,134214.0,65.5,125646.0,106095.0,19551.0,8568.0,7806.0,762.0,6.4,67804.0,54.6,63905.0,3899.0,5.7,56465.0,32709.0,40.5,30832.0,23833.0,6999.0,1877.0,1566.0,310.0,5.7,48005.0,7878.0,18.6,7404.0,474.0,6.0,34401.0,123922.0,64.0,115547.0,,,8374.0,6.8,69581.0,18245.0,60.8,15796.0,,,2449.0,13.4,11746.0,8204.0,63.7,7810.0,6563.0,1247.0
2012-10-01,155554.0,63.8,143431.0,58.8,115570.0,27975.0,12124.0,7.8,23.9,7.2,7.1,6.9,14.1,4.9,10.0,12.1,8.3,6.9,3.7,2635.0,2859.0,6784.0,4988.0,39.6,19.9,6554.0,1089.0,5465.0,1037.0,3298.0,1301.0,8203.0,88429.0,2436.0,825.0,14.4,6888.0,4.8,22.0,67.0,149704.0,65.9,138976.0,10728.0,7.2,134327.0,65.5,125557.0,8770.0,6.5,32924.0,40.7,30984.0,1940.0,5.9,24568.0,66.3,22118.0,2449.0,12490.0,153882.0,65.5,142580.0,11302.0,7.3,81154.0,134653.0,65.6,126197.0,106441.0,19756.0,8456.0,7603.0,853.0,6.3,67944.0,54.6,64144.0,3800.0,5.6,56499.0,32936.0,40.7,31108.0,23892.0,7216.0,1828.0,1498.0,331.0,5.6,47977.0,7852.0,18.5,7406.0,446.0,5.7,34561.0,124085.0,64.1,115885.0,,,8200.0,6.6,69548.0,18767.0,62.5,16172.0,,,2595.0,13.8,11261.0,8149.0,63.0,7753.0,6527.0,1226.0
2012-11-01,155338.0,63.6,143333.0,58.7,115655.0,27545.0,12005.0,7.7,23.9,7.2,7.0,6.8,13.3,6.3,9.9,12.0,8.0,6.5,3.9,2620.0,2776.0,6550.0,4805.0,39.0,18.6,6464.0,1085.0,5379.0,914.0,3319.0,1333.0,8166.0,88836.0,2537.0,973.0,14.4,7060.0,4.9,369.0,1075.0,149475.0,65.8,138874.0,10602.0,7.1,133939.0,65.2,125311.0,8628.0,6.4,33013.0,40.7,31104.0,1909.0,5.8,24419.0,65.7,21998.0,2421.0,12728.0,153153.0,65.1,142260.0,10893.0,7.1,81988.0,133974.0,65.2,125672.0,106208.0,19464.0,8302.0,7507.0,794.0,6.2,67698.0,54.3,63837.0,3861.0,5.7,56902.0,32998.0,40.7,31149.0,24036.0,7113.0,1848.0,1527.0,321.0,5.6,48125.0,7943.0,18.7,7488.0,456.0,5.7,34614.0,123503.0,63.7,115571.0,,,7932.0,6.4,70244.0,18407.0,61.2,16065.0,,,2342.0,12.7,11654.0,8344.0,64.5,7814.0,6608.0,1206.0
2012-12-01,155628.0,63.7,143330.0,58.7,115791.0,27580.0,12298.0,7.9,24.1,7.2,7.4,6.9,14.0,6.6,9.6,11.8,8.0,6.9,4.0,2756.0,2901.0,6629.0,4768.0,37.6,17.7,6515.0,1126.0,5389.0,992.0,3592.0,1291.0,7943.0,88722.0,2569.0,1053.0,14.4,7003.0,4.9,84.0,165.0,149862.0,65.9,138954.0,10908.0,7.3,134308.0,65.3,125539.0,8769.0,6.5,33130.0,40.7,31177.0,1953.0,5.9,24514.0,65.8,22157.0,2357.0,12716.0,153150.0,65.1,141717.0,11433.0,7.5,82192.0,134147.0,65.3,125456.0,105872.0,19583.0,8691.0,7923.0,769.0,6.5,67698.0,54.3,63771.0,3927.0,5.8,57052.0,33046.0,40.6,31151.0,24021.0,7130.0,1895.0,1574.0,321.0,5.7,48280.0,7878.0,18.5,7412.0,465.0,5.9,34818.0,123404.0,63.7,115213.0,,,8191.0,6.6,70445.0,18350.0,61.0,15832.0,,,2518.0,13.7,11743.0,8501.0,65.7,7940.0,6651.0,1289.0
2013-01-01,155763.0,63.7,143292.0,58.6,115653.0,27546.0,12471.0,8.0,23.7,7.5,7.2,7.1,13.7,6.4,9.7,12.0,8.1,6.9,3.8,2780.0,3115.0,6572.0,4681.0,35.6,15.8,6644.0,1202.0,5442.0,998.0,3430.0,1272.0,8151.0,88900.0,2254.0,771.0,14.5,6899.0,4.8,232.0,338.0,149837.0,65.8,138769.0,11068.0,7.4,133925.0,65.1,125187.0,8737.0,6.5,33163.0,40.7,31185.0,1978.0,6.0,24572.0,66.2,22192.0,2380.0,12522.0,153026.0,64.9,140345.0,12681.0,8.3,82662.0,133937.0,65.1,124430.0,104922.0,19509.0,9507.0,8557.0,949.0,7.1,67779.0,54.3,63385.0,4394.0,6.5,57103.0,33150.0,40.7,31012.0,23790.0,7223.0,2138.0,1723.0,416.0,6.5,48294.0,7965.0,18.6,7424.0,541.0,6.8,34759.0,123090.0,63.5,113675.0,,,9415.0,7.6,70686.0,18554.0,61.5,15897.0,,,2656.0,14.3,11636.0,8465.0,64.8,7917.0,6536.0,1381.0
2013-02-01,155312.0,63.4,143362.0,58.6,115695.0,27584.0,11950.0,7.7,25.2,7.0,7.0,6.8,13.8,6.0,9.7,11.3,7.9,6.5,3.9,2713.0,2799.0,6457.0,4691.0,36.4,17.2,6453.0,1083.0,5370.0,947.0,3306.0,1253.0,8178.0,89516.0,2504.0,866.0,14.3,7281.0,5.1,237.0,695.0,149488.0,65.6,139008.0,10480.0,7.0,133894.0,65.0,125434.0,8460.0,6.3,33112.0,40.6,31217.0,1895.0,5.7,24628.0,66.3,22228.0,2400.0,12541.0,152868.0,64.9,140900.0,11967.0,7.8,82813.0,134021.0,65.1,124970.0,105324.0,19647.0,9050.0,8265.0,785.0,6.8,67866.0,54.3,63758.0,4107.0,6.1,57146.0,33260.0,40.8,31234.0,24059.0,7175.0,2026.0,1720.0,305.0,6.1,48354.0,8037.0,18.8,7568.0,468.0,5.8,34814.0,122922.0,63.4,114036.0,,,8887.0,7.2,70937.0,18531.0,61.3,15969.0,,,2562.0,13.8,11691.0,8566.0,65.0,8040.0,6639.0,1401.0
2013-03-01,155005.0,63.3,143316.0,58.5,115808.0,27439.0,11689.0,7.5,24.0,6.9,6.9,6.7,13.0,5.1,9.3,11.1,7.7,6.3,3.8,2462.0,2826.0,6393.0,4563.0,37.0,17.6,6239.0,1113.0,5125.0,976.0,3164.0,1295.0,7722.0,89990.0,2418.0,802.0,13.9,7068.0,4.9,117.0,261.0,149300.0,65.4,138979.0,10320.0,6.9,133839.0,64.9,125511.0,8327.0,6.2,33087.0,40.5,31274.0,1813.0,5.5,24347.0,65.4,22090.0,2257.0,12894.0,152720.0,64.7,141400.0,11321.0,7.4,83164.0,133980.0,65.0,125426.0,105871.0,19555.0,8553.0,7769.0,784.0,6.4,67796.0,54.2,63866.0,3929.0,5.8,57347.0,33276.0,40.7,31383.0,24246.0,7137.0,1893.0,1547.0,346.0,5.7,48519.0,8064.0,18.8,7576.0,488.0,6.1,34921.0,122809.0,63.3,114354.0,,,8454.0,6.9,71138.0,18461.0,61.0,16090.0,,,2371.0,12.8,11794.0,8524.0,64.5,8101.0,6710.0,1391.0
2013-04-01,155394.0,63.4,143635.0,58.6,116014.0,27584.0,11760.0,7.6,24.4,7.2,6.7,6.7,13.3,5.3,9.0,11.6,7.5,6.4,3.9,2487.0,2908.0,6421.0,4468.0,36.5,17.1,6338.0,1202.0,5137.0,888.0,3184.0,1302.0,7964.0,89780.0,2438.0,828.0,14.0,7002.0,4.9,96.0,329.0,149643.0,65.5,139287.0,10357.0,6.9,133873.0,64.9,125621.0,8252.0,6.2,33091.0,40.4,31284.0,1807.0,5.5,24529.0,65.7,22325.0,2204.0,12791.0,152897.0,64.8,142363.0,10534.0,6.9,83230.0,134017.0,65.0,126132.0,106473.0,19659.0,7886.0,7205.0,681.0,5.9,67886.0,54.2,64198.0,3689.0,5.4,57393.0,33270.0,40.6,31540.0,24414.0,7126.0,1730.0,1441.0,289.0,5.2,48667.0,8171.0,19.0,7732.0,439.0,5.4,34900.0,123048.0,63.4,115231.0,,,7817.0,6.4,70993.0,18532.0,61.2,16240.0,,,2292.0,12.4,11758.0,8456.0,63.9,8025.0,6691.0,1334.0
2013-05-01,155536.0,63.4,143882.0,58.6,116240.0,27715.0,11654.0,7.5,24.4,7.1,6.5,6.7,13.4,4.5,9.0,11.0,7.3,6.5,3.9,2674.0,2631.0,6333.0,4347.0,36.8,17.1,6090.0,998.0,5092.0,942.0,3311.0,1272.0,7937.0,89827.0,2313.0,846.0,13.9,6966.0,4.8,25.0,144.0,149680.0,65.5,139454.0,10226.0,6.8,134189.0,65.0,126016.0,8172.0,6.1,33237.0,40.5,31474.0,1763.0,5.3,24872.0,66.5,22624.0,2248.0,12523.0,153760.0,65.0,143016.0,10744.0,7.0,82730.0,134553.0,65.2,126728.0,107074.0,19654.0,7824.0,7135.0,689.0,5.8,68097.0,54.3,64492.0,3605.0,5.3,57326.0,33421.0,40.7,31765.0,24572.0,7193.0,1655.0,1401.0,255.0,5.0,48696.0,8295.0,19.2,7898.0,398.0,4.8,34897.0,123836.0,63.8,115828.0,,,8009.0,6.5,70311.0,18690.0,61.6,16226.0,,,2464.0,13.2,11632.0,8491.0,63.6,8127.0,6806.0,1321.0
2013-06-01,155749.0,63.4,143999.0,58.6,116166.0,27863.0,11751.0,7.5,23.1,7.0,6.8,6.6,14.2,4.7,9.1,10.7,7.7,6.5,3.8,2680.0,2851.0,6231.0,4355.0,36.4,17.0,6119.0,1153.0,4965.0,1029.0,3381.0,1246.0,8103.0,89803.0,2584.0,1027.0,14.2,7108.0,4.9,26.0,182.0,149931.0,65.5,139521.0,10409.0,6.9,134331.0,65.0,125971.0,8360.0,6.2,33288.0,40.5,31496.0,1791.0,5.4,24830.0,66.3,22583.0,2247.0,12640.0,154612.0,65.3,143165.0,11447.0,7.4,82234.0,133767.0,64.7,125717.0,106423.0,19294.0,8050.0,7188.0,862.0,6.0,67636.0,53.9,63988.0,3648.0,5.4,57931.0,33061.0,40.2,31326.0,24284.0,7042.0,1735.0,1384.0,351.0,5.2,49226.0,8127.0,18.8,7673.0,454.0,5.6,35179.0,124627.0,64.2,116132.0,,,8495.0,6.8,69628.0,18852.0,62.1,16154.0,,,2698.0,14.3,11502.0,8737.0,65.7,8302.0,7017.0,1285.0
2013-07-01,155599.0,63.3,144264.0,58.7,116201.0,28145.0,11335.0,7.3,23.3,7.0,6.3,6.5,12.6,5.3,9.4,10.8,7.5,6.1,3.8,2493.0,2768.0,6049.0,4258.0,37.3,16.2,5852.0,1165.0,4688.0,971.0,3243.0,1259.0,8099.0,90156.0,2363.0,929.0,13.8,7115.0,4.9,43.0,242.0,149733.0,65.4,139765.0,9968.0,6.7,134147.0,64.8,126105.0,8043.0,6.0,33168.0,40.2,31520.0,1649.0,5.0,25038.0,66.7,22694.0,2345.0,12510.0,154443.0,65.2,143242.0,11200.0,7.3,82533.0,133690.0,64.6,125428.0,106462.0,18966.0,8262.0,7317.0,945.0,6.2,67405.0,53.6,63678.0,3727.0,5.5,58313.0,32917.0,39.9,31181.0,24181.0,7000.0,1735.0,1373.0,362.0,5.3,49577.0,7936.0,18.3,7542.0,394.0,5.0,35516.0,124807.0,64.2,116321.0,,,8486.0,6.8,69565.0,18825.0,61.9,16311.0,,,2513.0,13.4,11565.0,8641.0,65.0,8153.0,6899.0,1254.0
2013-08-01,155605.0,63.3,144326.0,58.7,116417.0,27896.0,11279.0,7.2,22.5,7.1,6.2,6.4,12.8,5.1,9.2,11.1,7.4,6.1,3.4,2475.0,2688.0,5973.0,4296.0,37.6,16.5,5893.0,1017.0,4876.0,880.0,3150.0,1289.0,7816.0,90355.0,2368.0,875.0,13.6,7077.0,4.9,34.0,126.0,149834.0,65.4,139852.0,9983.0,6.7,134176.0,64.8,126266.0,7910.0,5.9,33421.0,40.4,31747.0,1674.0,5.0,24948.0,66.3,22645.0,2303.0,12682.0,153830.0,64.9,142888.0,10943.0,7.1,83313.0,133882.0,64.6,125873.0,107159.0,18714.0,8009.0,7120.0,889.0,6.0,67572.0,53.7,63965.0,3607.0,5.3,58316.0,33205.0,40.1,31494.0,24530.0,6964.0,1710.0,1360.0,351.0,5.2,49504.0,8158.0,18.7,7762.0,396.0,4.9,35449.0,123786.0,63.6,115884.0,,,7903.0,6.4,70703.0,18578.0,61.1,16071.0,,,2507.0,13.5,11847.0,8574.0,64.8,8133.0,6916.0,1217.0
2013-09-01,155687.0,63.2,144418.0,58.7,116846.0,27552.0,11270.0,7.2,21.3,7.1,6.2,6.3,13.0,5.4,8.8,10.5,7.6,6.1,3.7,2604.0,2691.0,5929.0,4132.0,37.4,16.5,5855.0,1114.0,4741.0,974.0,3161.0,1207.0,7764.0,90481.0,2296.0,904.0,13.5,6995.0,4.8,37.0,195.0,149854.0,65.3,139827.0,10026.0,6.7,134119.0,64.7,126116.0,8003.0,6.0,33272.0,40.1,31527.0,1745.0,5.2,24815.0,65.8,22625.0,2190.0,12898.0,153577.0,64.7,143132.0,10445.0,6.8,83640.0,134353.0,64.8,126608.0,107271.0,19336.0,7745.0,6971.0,775.0,5.8,67797.0,53.8,64262.0,3535.0,5.2,58264.0,33328.0,40.2,31611.0,24715.0,6896.0,1717.0,1413.0,304.0,5.2,49553.0,8197.0,18.8,7779.0,418.0,5.1,35513.0,123362.0,63.4,115862.0,,,7500.0,6.1,71248.0,18559.0,60.9,16168.0,,,2391.0,12.9,11903.0,8675.0,65.1,8218.0,6972.0,1245.0
2013-10-01,154673.0,62.8,143537.0,58.3,116352.0,27323.0,11136.0,7.2,22.2,6.9,6.3,6.3,12.8,5.4,9.1,10.9,7.2,6.4,3.7,2823.0,2639.0,5761.0,4024.0,35.1,16.3,6255.0,1579.0,4676.0,852.0,3057.0,1221.0,7936.0,91708.0,2287.0,825.0,13.6,6877.0,4.8,30.0,157.0,148967.0,64.9,139097.0,9870.0,6.6,133589.0,64.4,125579.0,8011.0,6.0,33321.0,40.1,31472.0,1849.0,5.5,24815.0,65.7,22560.0,2254.0,12981.0,152974.0,64.4,142616.0,10358.0,6.8,84433.0,133914.0,64.5,126169.0,107084.0,19085.0,7746.0,6985.0,760.0,5.8,67664.0,53.6,64032.0,3632.0,5.4,58572.0,33349.0,40.1,31616.0,24782.0,6833.0,1734.0,1408.0,326.0,5.2,49767.0,8096.0,18.4,7689.0,407.0,5.0,35790.0,122916.0,63.1,115530.0,,,7386.0,6.0,71818.0,18599.0,61.0,16229.0,,,2370.0,12.7,11901.0,8498.0,63.6,8055.0,6875.0,1179.0
2013-11-01,155265.0,63.0,144479.0,58.6,117078.0,27379.0,10787.0,6.9,20.7,6.6,6.2,6.1,12.3,5.2,8.7,10.7,7.2,6.4,3.4,2409.0,2586.0,5737.0,4042.0,36.6,17.1,5738.0,1095.0,4643.0,870.0,3042.0,1154.0,7718.0,91302.0,2121.0,757.0,13.1,6776.0,4.7,37.0,164.0,149546.0,65.1,139944.0,9602.0,6.4,134163.0,64.6,126305.0,7857.0,5.9,33258.0,39.9,31636.0,1622.0,4.9,24991.0,66.0,22812.0,2180.0,12885.0,153102.0,64.5,143256.0,9846.0,6.4,84428.0,134221.0,64.6,126671.0,107394.0,19277.0,7550.0,6768.0,783.0,5.6,67587.0,53.5,64205.0,3383.0,5.0,58807.0,33288.0,40.0,31718.0,24744.0,6974.0,1571.0,1274.0,296.0,4.7,50006.0,8189.0,18.6,7785.0,404.0,4.9,35809.0,123123.0,63.2,116056.0,,,7067.0,5.7,71710.0,18460.0,60.5,16262.0,,,2199.0,11.9,12075.0,8666.0,64.3,8209.0,7009.0,1200.0
2013-12-01,155182.0,62.9,144778.0,58.7,117394.0,27418.0,10404.0,6.7,20.4,6.3,6.1,5.9,11.9,4.3,8.3,9.8,7.0,6.2,3.3,2328.0,2545.0,5539.0,3863.0,36.5,17.3,5433.0,1008.0,4424.0,855.0,3009.0,1199.0,7827.0,91563.0,2375.0,904.0,13.1,6851.0,4.7,273.0,1693.0,149559.0,65.0,140303.0,9256.0,6.2,133950.0,64.4,126418.0,7531.0,5.6,33355.0,39.9,31659.0,1695.0,5.1,24859.0,65.5,22788.0,2072.0,13096.0,152584.0,64.2,142984.0,9601.0,6.3,85266.0,133766.0,64.3,126318.0,107021.0,19297.0,7448.0,6599.0,850.0,5.6,67308.0,53.2,63930.0,3378.0,5.0,59240.0,33264.0,39.8,31609.0,24671.0,6939.0,1654.0,1325.0,329.0,5.0,50253.0,8155.0,18.5,7748.0,407.0,5.0,36000.0,122621.0,62.9,115640.0,,,6982.0,5.7,72306.0,18315.0,59.9,16194.0,,,2121.0,11.6,12254.0,8715.0,64.6,8355.0,7080.0,1275.0
2014-01-01,155352.0,62.9,145150.0,58.8,117468.0,27574.0,10202.0,6.6,20.4,6.2,5.8,5.7,12.1,4.7,8.3,9.4,6.5,5.9,3.3,2473.0,2431.0,5304.0,3607.0,35.1,15.4,5359.0,1018.0,4342.0,816.0,2791.0,1158.0,7296.0,91563.0,2390.0,803.0,12.6,6817.0,4.7,262.0,694.0,149828.0,65.1,140755.0,9073.0,6.1,134039.0,64.4,126920.0,7119.0,5.3,33359.0,39.9,31844.0,1515.0,4.5,25023.0,65.9,22951.0,2072.0,12953.0,152592.0,64.1,142114.0,10478.0,6.9,85407.0,133958.0,64.4,126154.0,106710.0,19445.0,7804.0,7028.0,776.0,5.8,67311.0,53.1,63803.0,3508.0,5.2,59370.0,33276.0,39.8,31642.0,24666.0,6977.0,1633.0,1311.0,322.0,4.9,50416.0,8275.0,18.7,7874.0,401.0,4.8,35990.0,122492.0,62.8,114915.0,,,7576.0,6.2,72452.0,18483.0,60.3,16161.0,,,2322.0,12.6,12168.0,8693.0,63.7,8271.0,7022.0,1249.0
2014-02-01,155483.0,62.9,145134.0,58.7,117734.0,27379.0,10349.0,6.7,21.4,6.3,5.9,5.8,11.8,5.9,8.2,9.8,6.4,6.0,3.4,2376.0,2590.0,5404.0,3783.0,36.5,15.9,5422.0,1016.0,4406.0,814.0,2969.0,1209.0,7299.0,91603.0,2233.0,740.0,12.6,7012.0,4.8,601.0,6855.0,150060.0,65.1,140873.0,9187.0,6.1,134471.0,64.6,127148.0,7323.0,5.4,33593.0,40.0,32081.0,1512.0,4.5,25104.0,66.0,23045.0,2059.0,12949.0,153364.0,64.4,142825.0,10539.0,6.9,84761.0,134637.0,64.6,126777.0,107095.0,19682.0,7860.0,7043.0,817.0,5.8,67755.0,53.4,64265.0,3490.0,5.2,59059.0,33733.0,40.2,32111.0,24846.0,7264.0,1622.0,1269.0,353.0,4.8,50147.0,8391.0,18.9,8033.0,358.0,4.3,36011.0,122928.0,63.0,115312.0,,,7616.0,6.2,72101.0,18591.0,60.6,16351.0,,,2240.0,12.0,12094.0,8797.0,64.0,8270.0,6976.0,1294.0
2014-03-01,156028.0,63.1,145648.0,58.9,117959.0,27620.0,10380.0,6.7,20.8,6.1,6.2,5.8,12.1,5.5,7.9,9.4,6.3,6.0,3.4,2433.0,2561.0,5415.0,3704.0,35.3,15.8,5374.0,1046.0,4327.0,795.0,3027.0,1177.0,7435.0,91230.0,2252.0,698.0,12.7,6996.0,4.8,148.0,612.0,150380.0,65.2,141174.0,9206.0,6.1,134476.0,64.5,127171.0,7305.0,5.4,33518.0,39.9,31958.0,1560.0,4.7,25197.0,66.1,23215.0,1981.0,12929.0,153865.0,64.6,143681.0,10184.0,6.6,84479.0,134687.0,64.6,127152.0,107533.0,19618.0,7535.0,6766.0,769.0,5.6,67909.0,53.5,64515.0,3394.0,5.0,59041.0,33691.0,40.1,32052.0,24871.0,7181.0,1639.0,1380.0,259.0,4.9,50396.0,8262.0,18.5,7904.0,358.0,4.3,36299.0,123157.0,63.1,115851.0,,,7306.0,5.9,71959.0,18763.0,61.1,16501.0,,,2262.0,12.1,11956.0,8889.0,64.6,8409.0,6875.0,1533.0
2014-04-01,155369.0,62.8,145667.0,58.9,118433.0,27170.0,9702.0,6.2,19.4,5.9,5.6,5.3,11.6,5.9,7.2,8.7,6.2,5.7,3.3,2424.0,2377.0,4981.0,3479.0,34.9,15.7,5177.0,1051.0,4126.0,806.0,2622.0,1082.0,7509.0,92070.0,2243.0,776.0,12.3,7158.0,4.9,63.0,192.0,149826.0,64.9,141201.0,8625.0,5.8,134166.0,64.3,127211.0,6955.0,5.2,33618.0,39.9,32053.0,1565.0,4.7,25059.0,65.6,23243.0,1816.0,13144.0,153167.0,64.2,144441.0,8726.0,5.7,85331.0,134384.0,64.4,127745.0,108293.0,19452.0,6639.0,5944.0,695.0,4.9,67970.0,53.5,64963.0,3006.0,4.4,59119.0,33817.0,40.1,32324.0,25283.0,7042.0,1492.0,1221.0,272.0,4.4,50411.0,8425.0,18.9,8044.0,381.0,4.5,36213.0,122659.0,62.8,116536.0,,,6123.0,5.0,72550.0,18675.0,60.7,16682.0,,,1993.0,10.7,12080.0,8782.0,63.4,8283.0,6792.0,1491.0
2014-05-01,155684.0,62.9,145825.0,58.9,118791.0,27105.0,9859.0,6.3,19.3,5.9,5.8,5.4,11.4,5.7,7.7,9.2,6.5,5.5,3.2,2586.0,2357.0,4785.0,3360.0,34.4,14.6,5013.0,1055.0,3958.0,876.0,2859.0,1068.0,7254.0,91938.0,2275.0,757.0,12.3,7195.0,4.9,47.0,214.0,150068.0,65.0,141291.0,8777.0,5.8,134315.0,64.3,127336.0,6979.0,5.2,33829.0,40.1,32258.0,1571.0,4.6,25184.0,65.8,23244.0,1939.0,13093.0,153984.0,64.5,144985.0,9000.0,5.8,84775.0,134681.0,64.5,128069.0,109011.0,19059.0,6612.0,5843.0,769.0,4.9,68165.0,53.6,65252.0,2913.0,4.3,59079.0,34020.0,40.3,32559.0,25454.0,7106.0,1461.0,1125.0,335.0,4.3,50412.0,8463.0,18.9,8044.0,419.0,5.0,36324.0,123443.0,63.2,117029.0,,,6414.0,5.2,71867.0,18717.0,60.8,16618.0,,,2099.0,11.2,12070.0,8755.0,63.6,8287.0,6962.0,1325.0
2014-06-01,155707.0,62.8,146247.0,59.0,118229.0,28023.0,9460.0,6.1,20.4,5.7,5.3,5.3,11.0,4.7,7.8,9.2,5.9,5.2,3.3,2417.0,2427.0,4619.0,3116.0,33.9,13.8,4814.0,987.0,3827.0,854.0,2794.0,1036.0,7422.0,92107.0,2042.0,677.0,12.0,7105.0,4.9,31.0,180.0,150106.0,64.9,141789.0,8317.0,5.5,134698.0,64.4,127967.0,6732.0,5.0,33791.0,39.9,32282.0,1509.0,4.5,25433.0,66.3,23462.0,1971.0,12919.0,154635.0,64.7,145443.0,9192.0,5.9,84390.0,134147.0,64.2,127682.0,108518.0,19164.0,6464.0,5638.0,826.0,4.8,67695.0,53.1,64863.0,2832.0,4.2,59708.0,33590.0,39.7,32126.0,25011.0,7115.0,1464.0,1140.0,324.0,4.4,51005.0,8210.0,18.3,7824.0,386.0,4.7,36665.0,124241.0,63.6,117383.0,,,6858.0,5.5,71175.0,18992.0,61.6,16885.0,,,2107.0,11.1,11829.0,8746.0,63.3,8301.0,6951.0,1350.0
2014-07-01,156007.0,62.9,146399.0,59.0,118426.0,28028.0,9608.0,6.2,20.3,5.7,5.6,5.3,11.6,4.2,7.7,9.5,6.1,5.3,3.1,2601.0,2412.0,4613.0,3136.0,32.7,13.1,4774.0,968.0,3806.0,857.0,2891.0,1098.0,7402.0,92016.0,2133.0,696.0,12.1,7016.0,4.8,10.0,73.0,150304.0,65.0,141854.0,8450.0,5.6,134576.0,64.3,127859.0,6717.0,5.0,33944.0,40.0,32405.0,1539.0,4.5,25369.0,66.0,23405.0,1963.0,13062.0,154975.0,64.8,145341.0,9633.0,6.2,84359.0,134135.0,64.1,127180.0,108509.0,18671.0,6955.0,6124.0,831.0,5.2,67749.0,53.1,64666.0,3083.0,4.6,59822.0,33707.0,39.8,32082.0,25115.0,6967.0,1625.0,1289.0,336.0,4.8,51081.0,8216.0,18.3,7796.0,420.0,5.1,36787.0,124477.0,63.7,117509.0,,,6968.0,5.6,71060.0,19249.0,62.4,16895.0,,,2355.0,12.2,11607.0,8717.0,63.3,8329.0,7081.0,1248.0
2014-08-01,156130.0,62.9,146530.0,59.0,118715.0,27814.0,9599.0,6.1,19.4,5.7,5.6,5.3,11.4,4.5,7.4,9.2,6.1,5.3,3.2,2620.0,2389.0,4464.0,2958.0,32.0,12.9,4761.0,1087.0,3674.0,849.0,2905.0,1050.0,7177.0,92099.0,2174.0,783.0,12.0,7144.0,4.9,11.0,157.0,150515.0,65.0,142004.0,8511.0,5.7,134912.0,64.4,128136.0,6775.0,5.0,33922.0,39.9,32395.0,1527.0,4.5,25463.0,66.1,23567.0,1896.0,13049.0,154303.0,64.4,144992.0,9311.0,6.0,85226.0,134618.0,64.2,127675.0,109051.0,18625.0,6943.0,6058.0,885.0,5.2,67854.0,53.1,64816.0,3037.0,4.5,59908.0,33693.0,39.7,32128.0,25053.0,7075.0,1566.0,1222.0,344.0,4.6,51281.0,8241.0,18.3,7776.0,465.0,5.6,36875.0,123667.0,63.2,117095.0,,,6573.0,5.3,71985.0,18931.0,61.3,16653.0,,,2278.0,12.0,11963.0,8751.0,63.9,8354.0,7084.0,1270.0
2014-09-01,156040.0,62.8,146778.0,59.1,119306.0,27461.0,9262.0,5.9,20.1,5.3,5.5,5.1,11.0,4.4,6.8,8.5,5.4,5.4,2.9,2365.0,2560.0,4386.0,2948.0,31.9,13.4,4528.0,944.0,3584.0,812.0,2800.0,1103.0,7020.0,92406.0,2210.0,740.0,11.7,7130.0,4.9,12.0,252.0,150367.0,64.9,142244.0,8124.0,5.4,134673.0,64.2,128369.0,6304.0,4.7,33974.0,39.9,32648.0,1326.0,3.9,25498.0,66.1,23765.0,1732.0,13099.0,154025.0,64.3,145399.0,8626.0,5.6,85414.0,134945.0,64.3,128837.0,109711.0,19126.0,6108.0,5287.0,821.0,4.5,68090.0,53.2,65450.0,2640.0,3.9,59867.0,34026.0,39.9,32720.0,25391.0,7330.0,1306.0,1023.0,282.0,3.8,51155.0,8390.0,18.5,8032.0,357.0,4.3,36860.0,123165.0,62.9,117130.0,,,6035.0,4.9,72611.0,18982.0,61.4,16929.0,,,2052.0,10.8,11950.0,8718.0,63.2,8339.0,6894.0,1444.0
2014-10-01,156417.0,62.9,147427.0,59.3,119787.0,27772.0,8990.0,5.7,18.7,5.1,5.4,4.9,10.6,5.1,6.8,8.1,5.7,4.9,3.0,2494.0,2300.0,4292.0,2892.0,32.3,13.6,4368.0,892.0,3477.0,781.0,2839.0,1072.0,7025.0,92240.0,2195.0,777.0,11.5,7610.0,5.2,32.0,185.0,150498.0,64.9,142615.0,7882.0,5.2,134908.0,64.2,128620.0,6288.0,4.7,34155.0,40.0,32740.0,1415.0,4.1,25723.0,66.5,23963.0,1760.0,12956.0,154547.0,64.5,146279.0,8268.0,5.3,85078.0,135213.0,64.4,129155.0,109984.0,19171.0,6058.0,5404.0,655.0,4.5,68203.0,53.2,65597.0,2606.0,3.8,59948.0,34212.0,40.1,32893.0,25777.0,7116.0,1319.0,1061.0,258.0,3.9,51187.0,8486.0,18.7,8121.0,365.0,4.3,36912.0,123610.0,63.1,117901.0,,,5709.0,4.6,72286.0,19124.0,61.8,17086.0,,,2038.0,10.7,11846.0,8729.0,63.3,8295.0,6931.0,1364.0
2014-11-01,156494.0,62.9,147404.0,59.2,119717.0,27696.0,9090.0,5.8,17.2,5.4,5.3,5.0,10.9,4.8,6.6,8.6,5.7,4.9,3.2,2474.0,2403.0,4228.0,2828.0,32.7,13.0,4483.0,1030.0,3453.0,824.0,2748.0,1048.0,6898.0,92350.0,2126.0,693.0,11.4,7318.0,5.0,153.0,318.0,150681.0,64.9,142589.0,8092.0,5.4,135128.0,64.3,128685.0,6443.0,4.8,34334.0,40.1,32797.0,1537.0,4.5,25720.0,66.4,24017.0,1703.0,13039.0,154353.0,64.4,146037.0,8316.0,5.4,85422.0,135262.0,64.3,129090.0,109529.0,19561.0,6172.0,5437.0,736.0,4.6,68298.0,53.2,65468.0,2829.0,4.1,60032.0,34385.0,40.2,32900.0,25756.0,7143.0,1485.0,1178.0,307.0,4.3,51219.0,8457.0,18.6,8063.0,394.0,4.7,37077.0,123438.0,63.0,117724.0,,,5713.0,4.6,72558.0,19037.0,61.4,17019.0,,,2017.0,10.6,11968.0,8749.0,62.8,8333.0,6996.0,1338.0
2014-12-01,156332.0,62.8,147615.0,59.3,120138.0,27473.0,8717.0,5.6,16.9,5.2,5.1,4.7,10.6,4.4,6.4,8.6,5.3,5.0,2.8,2370.0,2320.0,4069.0,2799.0,32.7,12.9,4339.0,947.0,3393.0,793.0,2676.0,964.0,6856.0,92695.0,2208.0,730.0,11.2,7220.0,4.9,148.0,438.0,150596.0,64.8,142848.0,7749.0,5.1,135068.0,64.2,128968.0,6100.0,4.5,34268.0,39.9,32924.0,1344.0,3.9,25679.0,66.1,24038.0,1641.0,13160.0,153601.0,64.0,145581.0,8019.0,5.2,86532.0,134857.0,64.1,128843.0,109414.0,19429.0,6014.0,5344.0,671.0,4.5,68071.0,53.0,65404.0,2667.0,3.9,60436.0,34172.0,39.8,32858.0,25621.0,7237.0,1314.0,1059.0,255.0,3.8,51652.0,8478.0,18.6,8140.0,337.0,4.0,37207.0,122650.0,62.5,117068.0,,,5582.0,4.6,73441.0,18933.0,61.0,17009.0,,,1924.0,10.2,12107.0,8796.0,63.3,8424.0,7066.0,1358.0
2015-01-01,157030.0,62.9,148145.0,59.3,120452.0,27559.0,8885.0,5.7,18.5,5.3,5.0,4.9,10.3,4.0,6.7,8.3,5.4,5.2,2.8,2393.0,2319.0,4151.0,2774.0,32.0,13.2,4219.0,911.0,3308.0,868.0,2747.0,1009.0,6808.0,92694.0,2063.0,666.0,11.2,7412.0,5.0,201.0,585.0,151242.0,64.9,143430.0,7812.0,5.2,135647.0,64.3,129404.0,6243.0,4.6,34454.0,40.1,33030.0,1425.0,4.1,26073.0,66.6,24329.0,1745.0,13091.0,154227.0,64.0,145077.0,9149.0,5.9,86636.0,135494.0,64.2,128640.0,109231.0,19410.0,6854.0,6050.0,804.0,5.1,68403.0,53.1,65326.0,3077.0,4.5,60397.0,34340.0,39.9,32806.0,25703.0,7103.0,1534.0,1214.0,320.0,4.5,51677.0,8610.0,18.8,8235.0,375.0,4.4,37170.0,123199.0,62.8,116637.0,,,6562.0,5.3,73109.0,18895.0,60.6,16877.0,,,2018.0,10.7,12293.0,8895.0,62.4,8530.0,7300.0,1230.0
2015-02-01,156644.0,62.7,148045.0,59.2,120658.0,27389.0,8599.0,5.5,16.9,5.2,4.9,4.7,10.1,4.0,6.8,8.2,5.4,5.0,2.7,2392.0,2238.0,3991.0,2658.0,31.2,12.9,4174.0,1015.0,3158.0,900.0,2630.0,935.0,6665.0,93256.0,2104.0,724.0,10.9,7068.0,4.8,328.0,1433.0,150928.0,64.7,143296.0,7632.0,5.1,135295.0,64.1,129204.0,6091.0,4.5,34228.0,39.7,32780.0,1448.0,4.2,25960.0,66.1,24202.0,1758.0,13284.0,154474.0,64.1,145685.0,8789.0,5.7,86645.0,135463.0,64.1,128896.0,109703.0,19193.0,6567.0,5861.0,706.0,4.8,68419.0,53.1,65428.0,2991.0,4.4,60543.0,34366.0,39.9,32810.0,25789.0,7021.0,1557.0,1267.0,290.0,4.5,51869.0,8663.0,18.9,8261.0,402.0,4.6,37273.0,123224.0,62.7,116944.0,,,6279.0,5.1,73169.0,18941.0,60.7,16975.0,,,1966.0,10.4,12281.0,9042.0,63.3,8672.0,7269.0,1403.0
2015-03-01,156643.0,62.6,148128.0,59.2,120981.0,27126.0,8515.0,5.4,17.5,5.1,4.9,4.8,9.9,3.2,6.8,8.6,5.3,4.8,2.4,2444.0,2304.0,3787.0,2542.0,30.5,12.0,4150.0,1015.0,3134.0,864.0,2635.0,812.0,6633.0,93437.0,2139.0,755.0,10.9,7100.0,4.8,182.0,531.0,150880.0,64.6,143374.0,7506.0,5.0,135444.0,64.1,129535.0,5909.0,4.4,34521.0,39.9,33184.0,1337.0,3.9,26030.0,66.2,24269.0,1761.0,13293.0,154569.0,64.1,146190.0,8379.0,5.4,86756.0,135718.0,64.2,129560.0,110249.0,19311.0,6158.0,5470.0,688.0,4.5,68617.0,53.1,65893.0,2724.0,4.0,60510.0,34661.0,40.1,33260.0,26085.0,7175.0,1401.0,1120.0,281.0,4.0,51791.0,8801.0,19.1,8478.0,323.0,3.7,37290.0,123196.0,62.7,117178.0,,,6018.0,4.9,73286.0,19020.0,60.8,17117.0,,,1902.0,10.0,12237.0,8967.0,62.7,8685.0,7315.0,1370.0
2015-04-01,157060.0,62.8,148511.0,59.3,120813.0,27645.0,8550.0,5.4,17.2,5.0,5.0,4.7,9.7,4.4,6.8,8.4,5.5,4.7,2.7,2716.0,2345.0,3651.0,2560.0,30.9,11.5,4159.0,1006.0,3153.0,841.0,2676.0,873.0,6611.0,93205.0,2196.0,744.0,10.9,7017.0,4.7,101.0,342.0,151306.0,64.8,143743.0,7562.0,5.0,135898.0,64.2,129817.0,6081.0,4.5,34720.0,40.1,33336.0,1385.0,4.0,26162.0,66.4,24372.0,1790.0,13242.0,154721.0,64.1,147105.0,7616.0,4.9,86684.0,136138.0,64.3,130346.0,110668.0,19678.0,5791.0,5093.0,699.0,4.3,68958.0,53.3,66379.0,2579.0,3.7,60337.0,34920.0,40.3,33605.0,26244.0,7360.0,1316.0,991.0,325.0,3.8,51722.0,8801.0,19.0,8471.0,330.0,3.8,37415.0,123089.0,62.6,117642.0,,,5448.0,4.4,73484.0,19380.0,61.9,17648.0,,,1731.0,8.9,11913.0,9023.0,63.1,8644.0,7201.0,1443.0
2015-05-01,157651.0,62.9,148817.0,59.4,121514.0,27355.0,8834.0,5.6,17.8,5.2,5.1,4.8,10.3,4.1,6.8,8.7,5.8,4.4,2.8,2471.0,2510.0,3759.0,2503.0,30.7,11.6,4403.0,1129.0,3274.0,819.0,2608.0,978.0,6634.0,92804.0,1981.0,636.0,10.9,7027.0,4.7,59.0,325.0,151824.0,64.9,144027.0,7797.0,5.1,136090.0,64.2,129944.0,6146.0,4.5,34717.0,40.0,33402.0,1315.0,3.8,26193.0,66.3,24414.0,1779.0,13290.0,155729.0,64.5,147756.0,7973.0,5.1,85878.0,136378.0,64.4,130640.0,111708.0,18932.0,5737.0,5052.0,686.0,4.2,68939.0,53.3,66481.0,2457.0,3.6,60512.0,34916.0,40.2,33701.0,26410.0,7291.0,1215.0,946.0,268.0,3.5,51894.0,8855.0,19.1,8545.0,311.0,3.5,37473.0,124087.0,63.1,118457.0,,,5630.0,4.5,72586.0,19443.0,62.1,17489.0,,,1953.0,10.0,11883.0,9157.0,63.6,8804.0,7479.0,1325.0
2015-06-01,157062.0,62.7,148816.0,59.4,121021.0,27778.0,8247.0,5.3,18.0,4.8,4.7,4.6,9.7,3.9,6.7,8.2,5.4,4.2,2.5,2309.0,2396.0,3560.0,2162.0,28.4,11.8,4070.0,1019.0,3051.0,765.0,2546.0,906.0,6388.0,93601.0,1913.0,658.0,10.4,7197.0,4.8,48.0,225.0,151417.0,64.7,144188.0,7229.0,4.8,135930.0,64.1,130199.0,5731.0,4.2,34683.0,39.9,33404.0,1279.0,3.7,26175.0,66.2,24408.0,1767.0,13391.0,155836.0,64.4,147784.0,8052.0,5.2,85971.0,135357.0,63.8,129857.0,110984.0,18873.0,5500.0,4726.0,775.0,4.1,68233.0,52.6,65874.0,2359.0,3.5,61383.0,34488.0,39.7,33245.0,26023.0,7222.0,1242.0,952.0,290.0,3.6,52482.0,8744.0,18.8,8406.0,339.0,3.9,37675.0,124526.0,63.3,118598.0,,,5928.0,4.8,72260.0,19541.0,62.3,17630.0,,,1911.0,9.8,11821.0,9128.0,63.3,8754.0,7417.0,1337.0
2015-07-01,156997.0,62.6,148830.0,59.3,121642.0,27211.0,8167.0,5.2,16.4,4.8,4.8,4.5,9.1,3.9,6.9,8.3,5.5,4.3,2.5,2574.0,2222.0,3389.0,2127.0,28.1,10.9,4071.0,953.0,3117.0,841.0,2455.0,834.0,6253.0,93880.0,1879.0,629.0,10.3,7224.0,4.9,25.0,160.0,151399.0,64.6,144151.0,7247.0,4.8,135827.0,64.0,130071.0,5756.0,4.2,34832.0,40.0,33560.0,1272.0,3.7,26161.0,66.0,24362.0,1800.0,13487.0,155938.0,64.4,147649.0,8289.0,5.3,86128.0,135365.0,63.8,129389.0,111214.0,18175.0,5976.0,5111.0,864.0,4.4,68448.0,52.7,65782.0,2666.0,3.9,61337.0,34632.0,39.7,33282.0,26453.0,6829.0,1350.0,1030.0,319.0,3.9,52509.0,8726.0,18.8,8383.0,343.0,3.9,37803.0,124667.0,63.3,118603.0,,,6064.0,4.9,72237.0,19537.0,62.2,17649.0,,,1887.0,9.7,11862.0,9181.0,63.1,8795.0,7535.0,1259.0
2015-08-01,157172.0,62.6,149181.0,59.4,122067.0,27062.0,7992.0,5.1,16.9,4.7,4.6,4.4,9.4,3.4,6.6,7.9,5.5,4.3,2.4,2073.0,2329.0,3454.0,2172.0,28.4,11.7,3973.0,944.0,3029.0,775.0,2372.0,842.0,6418.0,93924.0,1822.0,611.0,10.2,7234.0,4.8,17.0,112.0,151548.0,64.6,144506.0,7043.0,4.6,135747.0,63.9,130186.0,5561.0,4.1,34731.0,39.8,33412.0,1319.0,3.8,26089.0,65.7,24357.0,1732.0,13648.0,155216.0,64.1,147449.0,7767.0,5.0,87093.0,135422.0,63.7,129651.0,111685.0,17966.0,5772.0,4993.0,778.0,4.3,68346.0,52.6,65653.0,2693.0,3.9,61634.0,34504.0,39.5,33145.0,26374.0,6770.0,1359.0,1039.0,321.0,3.9,52826.0,8751.0,18.8,8410.0,342.0,3.9,37891.0,123676.0,62.8,118168.0,,,5508.0,4.5,73349.0,19449.0,61.9,17529.0,,,1919.0,9.9,11989.0,9107.0,62.6,8794.0,7459.0,1336.0
2015-09-01,156733.0,62.4,148826.0,59.2,121760.0,27035.0,7907.0,5.0,16.5,4.7,4.6,4.4,9.3,3.5,6.2,7.9,5.3,4.3,2.5,2364.0,2274.0,3332.0,2097.0,25.7,11.3,3877.0,917.0,2960.0,779.0,2427.0,840.0,6042.0,94592.0,1913.0,665.0,10.0,7302.0,4.9,27.0,89.0,151116.0,64.4,144134.0,6982.0,4.6,135734.0,63.8,130159.0,5575.0,4.1,34759.0,39.7,33425.0,1334.0,3.8,26025.0,65.3,24403.0,1622.0,13804.0,154671.0,63.8,147337.0,7334.0,4.7,87734.0,135996.0,63.9,130625.0,111984.0,18640.0,5371.0,4716.0,655.0,3.9,68592.0,52.7,66204.0,2388.0,3.5,61589.0,34796.0,39.7,33483.0,26441.0,7041.0,1313.0,1001.0,312.0,3.8,52767.0,8858.0,18.9,8490.0,368.0,4.2,37939.0,123111.0,62.4,117971.0,,,5139.0,4.2,74041.0,19287.0,61.3,17535.0,,,1752.0,9.1,12192.0,8990.0,62.0,8675.0,7305.0,1371.0
2015-10-01,157167.0,62.5,149246.0,59.3,122094.0,27251.0,7922.0,5.0,15.9,4.7,4.6,4.4,9.0,3.5,6.3,7.6,5.2,4.4,2.5,2372.0,2277.0,3342.0,2130.0,27.5,11.3,3995.0,997.0,2998.0,785.0,2413.0,825.0,5813.0,94374.0,1931.0,652.0,9.8,7430.0,5.0,29.0,94.0,151532.0,64.5,144504.0,7028.0,4.6,136137.0,63.9,130525.0,5612.0,4.1,35007.0,39.9,33787.0,1220.0,3.5,26201.0,65.6,24541.0,1661.0,13714.0,155413.0,64.1,148123.0,7290.0,4.7,87194.0,136436.0,64.0,131062.0,112185.0,18877.0,5374.0,4782.0,592.0,3.9,68912.0,52.9,66622.0,2290.0,3.3,61463.0,35089.0,40.0,33951.0,26808.0,7143.0,1138.0,898.0,240.0,3.2,52720.0,9022.0,19.2,8737.0,285.0,3.2,37954.0,123572.0,62.6,118474.0,,,5098.0,4.1,73699.0,19502.0,61.9,17734.0,,,1768.0,9.1,12016.0,8867.0,61.4,8561.0,7224.0,1336.0
2015-11-01,157463.0,62.5,149463.0,59.4,122182.0,27295.0,8000.0,5.1,15.3,4.8,4.6,4.4,9.4,3.9,6.4,6.8,5.4,4.4,2.5,2382.0,2296.0,3347.0,2074.0,27.9,11.0,3903.0,898.0,3005.0,783.0,2443.0,871.0,6170.0,94284.0,1731.0,580.0,10.0,7356.0,4.9,97.0,239.0,151842.0,64.6,144704.0,7138.0,4.7,136471.0,64.0,130781.0,5690.0,4.2,35161.0,39.9,33850.0,1312.0,3.7,26210.0,65.5,24535.0,1674.0,13795.0,155546.0,64.1,148248.0,7297.0,4.7,87286.0,136707.0,64.1,131281.0,111854.0,19427.0,5426.0,4742.0,684.0,4.0,69137.0,53.0,66788.0,2349.0,3.4,61423.0,35249.0,40.0,33978.0,26760.0,7219.0,1271.0,975.0,296.0,3.6,52772.0,8934.0,19.0,8607.0,326.0,3.7,38186.0,123534.0,62.6,118503.0,,,5031.0,4.1,73843.0,19458.0,61.7,17682.0,,,1776.0,9.1,12099.0,9100.0,62.9,8743.0,7342.0,1401.0
2015-12-01,158035.0,62.7,150128.0,59.6,122757.0,27371.0,7907.0,5.0,16.2,4.6,4.5,4.4,8.5,4.1,6.2,6.4,5.6,4.1,2.5,2399.0,2191.0,3359.0,2127.0,27.9,11.0,3795.0,921.0,2873.0,815.0,2467.0,856.0,6075.0,93901.0,1804.0,660.0,9.9,7757.0,5.2,125.0,208.0,152172.0,64.7,145215.0,6957.0,4.6,136590.0,64.0,131072.0,5518.0,4.0,35191.0,39.9,34080.0,1111.0,3.2,26247.0,65.5,24620.0,1628.0,13843.0,155370.0,63.9,148108.0,7262.0,4.7,87674.0,136411.0,63.9,130983.0,111753.0,19230.0,5428.0,4849.0,578.0,4.0,68883.0,52.7,66565.0,2317.0,3.4,61855.0,35098.0,39.8,34014.0,26734.0,7280.0,1084.0,877.0,208.0,3.1,53139.0,8850.0,18.7,8552.0,298.0,3.4,38420.0,123401.0,62.5,118157.0,,,5244.0,4.2,74070.0,19359.0,61.3,17795.0,,,1565.0,8.1,12235.0,9185.0,63.1,8821.0,7483.0,1338.0
2016-01-01,158280.0,62.7,150653.0,59.7,123036.0,27517.0,7627.0,4.8,15.9,4.3,4.5,4.2,8.5,3.6,5.9,7.1,5.1,4.3,2.5,2166.0,2290.0,3217.0,2081.0,29.1,11.3,3542.0,837.0,2705.0,770.0,2487.0,812.0,5937.0,94117.0,1934.0,606.0,9.7,7401.0,4.9,269.0,414.0,152460.0,64.7,145760.0,6700.0,4.4,137155.0,64.1,131645.0,5510.0,4.0,35410.0,40.1,34101.0,1309.0,3.7,26465.0,65.8,24903.0,1561.0,13750.0,155512.0,63.9,147523.0,7989.0,5.1,88045.0,136983.0,64.0,130878.0,111546.0,19333.0,6104.0,5318.0,787.0,4.5,69152.0,52.8,66416.0,2736.0,4.0,61758.0,35241.0,39.9,33832.0,26573.0,7259.0,1409.0,1086.0,323.0,4.0,53126.0,8916.0,18.8,8543.0,373.0,4.2,38406.0,123578.0,62.5,117800.0,,,5779.0,4.7,74061.0,19355.0,61.1,17602.0,,,1753.0,9.1,12324.0,9189.0,62.0,8846.0,7508.0,1337.0
2016-02-01,158640.0,62.8,150939.0,59.8,123004.0,27827.0,7702.0,4.9,15.4,4.4,4.5,4.2,8.6,3.8,5.5,7.0,5.1,4.3,2.5,2235.0,2187.0,3313.0,2150.0,29.4,11.3,3711.0,954.0,2757.0,765.0,2449.0,817.0,5938.0,93937.0,1744.0,580.0,9.6,7327.0,4.9,228.0,720.0,152786.0,64.8,145987.0,6799.0,4.4,137359.0,64.2,131854.0,5506.0,4.0,35542.0,40.2,34205.0,1337.0,3.8,26618.0,66.0,25151.0,1467.0,13684.0,156402.0,64.2,148530.0,7872.0,5.0,87228.0,137594.0,64.3,131605.0,111961.0,19644.0,5989.0,5302.0,687.0,4.4,69656.0,53.2,66913.0,2744.0,3.9,61386.0,35665.0,40.3,34225.0,26722.0,7502.0,1441.0,1154.0,287.0,4.0,52853.0,9103.0,19.2,8771.0,331.0,3.6,38322.0,124262.0,62.8,118584.0,,,5678.0,4.6,73456.0,19387.0,61.1,17665.0,,,1721.0,8.9,12329.0,9483.0,63.3,9115.0,7691.0,1424.0
2016-03-01,159179.0,63.0,151218.0,59.8,123590.0,27660.0,7961.0,5.0,16.0,4.5,4.7,4.3,8.9,3.9,5.6,7.3,5.3,4.1,2.6,2419.0,2168.0,3379.0,2231.0,28.3,11.3,3843.0,921.0,2922.0,849.0,2468.0,772.0,6057.0,93589.0,1788.0,605.0,9.8,7432.0,4.9,192.0,353.0,153341.0,65.0,146315.0,7026.0,4.6,137798.0,64.3,132138.0,5660.0,4.1,35614.0,40.2,34234.0,1380.0,3.9,26758.0,66.3,25266.0,1492.0,13628.0,156987.0,64.4,149223.0,7764.0,4.9,86852.0,138114.0,64.5,132158.0,112350.0,19808.0,5956.0,5272.0,685.0,4.3,69923.0,53.3,67176.0,2747.0,3.9,61259.0,35746.0,40.3,34292.0,26618.0,7674.0,1454.0,1149.0,305.0,4.1,52925.0,9264.0,19.5,8924.0,340.0,3.7,38261.0,124663.0,63.0,119137.0,,,5526.0,4.4,73146.0,19421.0,61.2,17670.0,,,1751.0,9.0,12332.0,9478.0,63.6,9112.0,7637.0,1475.0
2016-04-01,159141.0,62.9,151074.0,59.7,123214.0,27783.0,8067.0,5.1,16.1,4.7,4.6,4.4,8.8,3.8,6.2,7.6,5.5,4.2,2.5,2594.0,2132.0,3357.0,2147.0,27.9,11.1,3965.0,887.0,3078.0,859.0,2330.0,855.0,6011.0,93828.0,1792.0,557.0,9.9,7420.0,4.9,45.0,263.0,153219.0,64.8,146105.0,7114.0,4.6,137771.0,64.2,132072.0,5698.0,4.1,35705.0,40.2,34390.0,1315.0,3.7,26616.0,65.8,24973.0,1643.0,13858.0,156578.0,64.2,149535.0,7043.0,4.5,87368.0,137940.0,64.3,132564.0,112819.0,19745.0,5376.0,4810.0,566.0,3.9,69983.0,53.3,67573.0,2410.0,3.4,61342.0,35879.0,40.4,34632.0,26944.0,7688.0,1247.0,1000.0,247.0,3.5,52975.0,9341.0,19.6,9032.0,309.0,3.3,38327.0,124416.0,62.9,119337.0,,,5079.0,4.1,73490.0,19368.0,60.9,17779.0,,,1590.0,8.2,12423.0,9444.0,63.6,9101.0,7569.0,1532.0
2016-05-01,158784.0,62.7,151132.0,59.7,123314.0,28008.0,7652.0,4.8,15.9,4.4,4.3,4.2,8.2,4.1,5.7,7.4,5.1,3.9,2.5,2264.0,2264.0,3022.0,1925.0,26.9,10.7,3736.0,916.0,2821.0,794.0,2215.0,888.0,6488.0,94390.0,1827.0,596.0,9.9,7460.0,4.9,73.0,346.0,152866.0,64.6,146154.0,6711.0,4.4,137467.0,64.0,132104.0,5363.0,3.9,35454.0,39.8,34233.0,1220.0,3.4,26606.0,65.6,25093.0,1513.0,13952.0,156738.0,64.2,149931.0,6808.0,4.3,87493.0,137698.0,64.1,132719.0,112990.0,19729.0,4979.0,4411.0,568.0,3.6,69510.0,52.9,67319.0,2190.0,3.2,61961.0,35625.0,40.0,34516.0,26822.0,7694.0,1109.0,871.0,238.0,3.1,53407.0,9270.0,19.4,8992.0,278.0,3.0,38541.0,124590.0,62.9,119686.0,,,4904.0,3.9,73423.0,19424.0,61.0,17865.0,,,1559.0,8.0,12403.0,9422.0,63.1,9055.0,7534.0,1521.0
2016-06-01,158967.0,62.7,151223.0,59.7,123784.0,27559.0,7744.0,4.9,16.0,4.5,4.4,4.3,8.7,3.6,6.0,7.6,5.1,4.1,2.5,2396.0,2195.0,3103.0,1986.0,28.0,10.8,3792.0,1125.0,2667.0,826.0,2251.0,917.0,5791.0,94430.0,1766.0,504.0,9.5,7224.0,4.8,10.0,112.0,153214.0,64.7,146388.0,6826.0,4.5,137941.0,64.2,132419.0,5522.0,4.0,35690.0,40.0,34438.0,1253.0,3.5,26752.0,65.8,25149.0,1602.0,13894.0,157441.0,64.4,149895.0,7545.0,4.8,86924.0,137379.0,63.9,132023.0,113047.0,18977.0,5356.0,4596.0,760.0,3.9,69193.0,52.6,66848.0,2345.0,3.4,62431.0,35502.0,39.8,34275.0,26823.0,7452.0,1227.0,884.0,343.0,3.5,53721.0,9286.0,19.4,8909.0,377.0,4.1,38670.0,125448.0,63.3,119783.0,,,5665.0,4.5,72684.0,19707.0,61.8,17974.0,,,1733.0,8.8,12159.0,9584.0,63.8,9226.0,7807.0,1419.0
2016-07-01,159194.0,62.8,151554.0,59.8,124076.0,27569.0,7641.0,4.8,15.2,4.7,4.1,4.2,8.2,3.8,5.4,6.5,5.1,4.2,2.4,2203.0,2282.0,3165.0,1943.0,27.8,11.1,3740.0,975.0,2765.0,829.0,2273.0,804.0,5950.0,94426.0,1901.0,554.0,9.6,7286.0,4.8,36.0,132.0,153291.0,64.7,146547.0,6744.0,4.4,138147.0,64.2,132764.0,5383.0,3.9,35930.0,40.2,34627.0,1303.0,3.6,26831.0,65.9,25382.0,1449.0,13901.0,157907.0,64.5,150128.0,7779.0,4.9,86745.0,137601.0,63.9,131981.0,113285.0,18696.0,5619.0,4809.0,811.0,4.1,69454.0,52.7,66834.0,2619.0,3.8,62325.0,35749.0,40.0,34353.0,26989.0,7364.0,1396.0,1030.0,366.0,3.9,53651.0,9380.0,19.5,8940.0,440.0,4.7,38707.0,125849.0,63.5,120140.0,,,5709.0,4.5,72404.0,19753.0,61.9,18004.0,,,1750.0,8.9,12151.0,9736.0,64.0,9341.0,7887.0,1454.0
2016-08-01,159562.0,62.9,151779.0,59.8,124594.0,27208.0,7784.0,4.9,15.7,4.5,4.4,4.4,8.0,4.1,5.6,7.4,5.0,4.2,2.6,2285.0,2352.0,3063.0,1970.0,27.2,10.7,3733.0,985.0,2748.0,893.0,2258.0,871.0,6033.0,94292.0,1716.0,578.0,9.6,7529.0,5.0,79.0,315.0,153515.0,64.7,146680.0,6835.0,4.5,138117.0,64.1,132517.0,5600.0,4.1,35714.0,39.9,34466.0,1248.0,3.5,27034.0,66.2,25513.0,1521.0,13791.0,157392.0,64.3,149785.0,7607.0,4.8,87512.0,137702.0,63.9,131927.0,113712.0,18216.0,5775.0,4916.0,859.0,4.2,69241.0,52.5,66676.0,2565.0,3.7,62718.0,35536.0,39.7,34236.0,27129.0,7108.0,1299.0,982.0,317.0,3.7,54044.0,9340.0,19.4,8950.0,390.0,4.2,38862.0,124998.0,63.0,119477.0,,,5521.0,4.4,73382.0,19840.0,62.1,18167.0,,,1673.0,8.4,12106.0,9705.0,63.4,9298.0,8005.0,1294.0
2016-09-01,159714.0,62.9,151761.0,59.7,124237.0,27538.0,7953.0,5.0,16.1,4.7,4.4,4.4,8.5,3.8,6.2,8.7,5.2,4.2,2.5,2600.0,2288.0,3117.0,1933.0,26.5,10.2,3885.0,1057.0,2828.0,922.0,2339.0,803.0,5882.0,94377.0,1844.0,582.0,9.7,7867.0,5.2,24.0,68.0,153752.0,64.8,146760.0,6992.0,4.5,138575.0,64.2,132810.0,5765.0,4.2,35879.0,40.0,34600.0,1280.0,3.6,27003.0,66.0,25316.0,1688.0,13916.0,157441.0,64.2,150110.0,7331.0,4.7,87624.0,138817.0,64.4,133285.0,114174.0,19111.0,5532.0,4779.0,753.0,4.0,69869.0,52.9,67455.0,2414.0,3.5,62274.0,35965.0,40.1,34705.0,27172.0,7533.0,1260.0,1002.0,258.0,3.5,53834.0,9411.0,19.5,9056.0,355.0,3.8,38956.0,124689.0,62.8,119465.0,,,5223.0,4.2,73820.0,19789.0,61.9,18168.0,,,1620.0,8.2,12199.0,9717.0,63.5,9350.0,8035.0,1316.0
2016-10-01,159605.0,62.8,151793.0,59.7,124109.0,27645.0,7811.0,4.9,15.8,4.6,4.4,4.4,8.5,3.4,5.7,7.5,5.5,3.9,2.6,2434.0,2273.0,3136.0,1946.0,26.6,10.1,3741.0,1028.0,2713.0,957.0,2370.0,796.0,5949.0,94716.0,1720.0,482.0,9.6,7884.0,5.2,238.0,569.0,153724.0,64.7,146842.0,6883.0,4.5,138684.0,64.2,133067.0,5617.0,4.0,36028.0,40.0,34685.0,1342.0,3.7,26889.0,65.6,25352.0,1537.0,14122.0,157755.0,64.3,150676.0,7079.0,4.5,87508.0,138993.0,64.4,133640.0,114214.0,19426.0,5353.0,4612.0,741.0,3.9,70205.0,53.1,67868.0,2337.0,3.3,62116.0,36084.0,40.1,34834.0,27304.0,7531.0,1250.0,950.0,300.0,3.5,53942.0,9403.0,19.4,9046.0,356.0,3.8,39137.0,124779.0,62.8,119677.0,,,5102.0,4.1,73854.0,19904.0,62.1,18222.0,,,1682.0,8.4,12124.0,9717.0,63.3,9393.0,7828.0,1565.0
2016-11-01,159506.0,62.7,151954.0,59.7,124076.0,27892.0,7553.0,4.7,15.5,4.4,4.3,4.2,8.2,3.1,5.6,7.9,5.0,3.9,2.4,2404.0,2163.0,2973.0,1865.0,25.9,10.3,3547.0,870.0,2678.0,946.0,2297.0,753.0,5685.0,95034.0,1948.0,574.0,9.4,7932.0,5.2,19.0,113.0,153601.0,64.6,146963.0,6638.0,4.3,138475.0,64.1,133029.0,5445.0,3.9,35984.0,39.9,34700.0,1284.0,3.6,26930.0,65.5,25417.0,1513.0,14172.0,157554.0,64.2,150795.0,6759.0,4.3,87886.0,138716.0,64.2,133584.0,113765.0,19819.0,5132.0,4472.0,660.0,3.7,70012.0,52.8,67658.0,2355.0,3.4,62470.0,36064.0,40.0,34833.0,26888.0,7946.0,1230.0,923.0,307.0,3.4,54153.0,9359.0,19.2,9011.0,348.0,3.7,39315.0,124549.0,62.7,119680.0,,,4869.0,3.9,74197.0,19916.0,62.1,18361.0,,,1555.0,7.8,12152.0,9584.0,62.5,9292.0,7904.0,1388.0
2016-12-01,159678.0,62.7,152157.0,59.7,124126.0,27921.0,7521.0,4.7,14.9,4.4,4.3,4.2,8.0,2.7,5.8,7.5,5.1,3.8,2.5,2354.0,2117.0,3101.0,1860.0,26.3,10.6,3610.0,1027.0,2583.0,885.0,2231.0,796.0,5607.0,95064.0,1660.0,423.0,9.2,7620.0,5.0,159.0,630.0,153806.0,64.6,147160.0,6646.0,4.3,138326.0,63.9,132925.0,5401.0,3.9,35875.0,39.7,34588.0,1286.0,3.6,27036.0,65.6,25465.0,1571.0,14154.0,157015.0,63.9,150137.0,6878.0,4.4,88620.0,138279.0,63.9,132968.0,113406.0,19562.0,5311.0,4591.0,720.0,3.8,69545.0,52.4,67185.0,2360.0,3.4,63091.0,35786.0,39.6,34551.0,26958.0,7592.0,1235.0,942.0,293.0,3.5,54638.0,9185.0,18.8,8820.0,365.0,4.0,39652.0,124081.0,62.4,118992.0,,,5090.0,4.1,74764.0,19779.0,61.6,18307.0,,,1472.0,7.4,12327.0,9681.0,62.7,9428.0,8038.0,1389.0
2017-01-01,159620.0,62.8,152152.0,59.9,124553.0,27428.0,7468.0,4.7,14.6,4.3,4.3,4.2,7.5,3.6,5.8,7.4,5.2,3.9,2.5,2424.0,2034.0,3063.0,1866.0,25.3,10.3,3678.0,1038.0,2640.0,867.0,2172.0,788.0,5762.0,94462.0,1622.0,513.0,9.2,7574.0,5.0,395.0,1982.0,153713.0,64.8,147110.0,6603.0,4.3,138384.0,64.1,132967.0,5416.0,3.9,36090.0,40.0,34830.0,1259.0,3.5,27030.0,66.1,25469.0,1560.0,13893.0,156737.0,64.0,148883.0,7854.0,5.0,88257.0,138169.0,64.0,132215.0,113003.0,19213.0,5954.0,5233.0,721.0,4.3,69468.0,52.5,66883.0,2585.0,3.7,62861.0,35928.0,39.8,34560.0,27088.0,7472.0,1368.0,1077.0,291.0,3.8,54358.0,9300.0,19.1,8938.0,362.0,3.9,39478.0,123921.0,62.4,118097.0,,,5824.0,4.7,74532.0,19830.0,61.8,18262.0,,,1569.0,7.9,12232.0,9617.0,63.5,9250.0,7845.0,1405.0
2017-02-01,159859.0,62.9,152480.0,60.0,124884.0,27554.0,7379.0,4.6,14.6,4.2,4.2,4.0,8.0,3.5,5.6,7.5,4.9,4.1,2.4,2511.0,2129.0,2835.0,1803.0,25.5,10.1,3653.0,994.0,2659.0,802.0,2188.0,742.0,5562.0,94386.0,1673.0,510.0,9.0,7855.0,5.2,157.0,606.0,153978.0,64.8,147455.0,6523.0,4.2,138610.0,64.2,133247.0,5363.0,3.9,36147.0,40.0,34916.0,1231.0,3.4,27237.0,66.4,25725.0,1512.0,13767.0,157574.0,64.3,150018.0,7555.0,4.8,87659.0,138785.0,64.2,132991.0,113424.0,19567.0,5794.0,5005.0,788.0,4.2,69820.0,52.7,67326.0,2493.0,3.6,62625.0,36248.0,40.1,34920.0,27316.0,7605.0,1328.0,988.0,340.0,3.7,54199.0,9588.0,19.6,9158.0,429.0,4.5,39322.0,124419.0,62.7,118991.0,,,5428.0,4.4,74106.0,19858.0,61.9,18215.0,,,1642.0,8.3,12238.0,9731.0,63.9,9387.0,7950.0,1437.0
2017-03-01,160137.0,62.9,153065.0,60.2,125626.0,27501.0,7073.0,4.4,13.4,4.2,4.0,3.8,7.8,3.2,5.0,6.5,4.9,3.6,2.5,2327.0,2071.0,2702.0,1677.0,25.1,10.3,3572.0,959.0,2613.0,792.0,2006.0,791.0,5462.0,94277.0,1656.0,485.0,8.8,8009.0,5.2,164.0,3106.0,154141.0,64.9,147875.0,6267.0,4.1,138793.0,64.2,133685.0,5108.0,3.7,36322.0,40.1,35136.0,1187.0,3.3,27389.0,66.7,26013.0,1376.0,13692.0,157835.0,64.3,150905.0,6930.0,4.4,87647.0,139157.0,64.4,133714.0,114184.0,19531.0,5442.0,4702.0,740.0,3.9,70167.0,52.9,67754.0,2413.0,3.4,62398.0,36482.0,40.3,35207.0,27511.0,7695.0,1275.0,974.0,302.0,3.5,54146.0,9565.0,19.5,9166.0,398.0,4.2,39498.0,124804.0,62.8,119831.0,,,4974.0,4.0,73799.0,19898.0,61.9,18296.0,,,1602.0,8.1,12229.0,9668.0,63.3,9358.0,7967.0,1392.0
2017-04-01,160345.0,63.0,153255.0,60.2,126092.0,27202.0,7089.0,4.4,14.4,3.9,4.1,3.9,7.7,3.3,5.2,6.5,4.6,3.6,2.5,2324.0,2070.0,2688.0,1709.0,24.1,9.9,3586.0,939.0,2647.0,766.0,2053.0,733.0,5272.0,94243.0,1607.0,444.0,8.6,7620.0,5.0,81.0,165.0,154346.0,64.9,148119.0,6227.0,4.0,138981.0,64.2,133923.0,5059.0,3.6,36364.0,40.0,35200.0,1164.0,3.2,27265.0,66.2,25850.0,1415.0,13897.0,157763.0,64.2,151564.0,6199.0,3.9,87899.0,139110.0,64.3,134314.0,115153.0,19161.0,4796.0,4144.0,651.0,3.4,70229.0,52.9,68026.0,2202.0,3.1,62458.0,36500.0,40.2,35394.0,27817.0,7577.0,1106.0,843.0,263.0,3.0,54329.0,9687.0,19.7,9332.0,355.0,3.7,39553.0,124676.0,62.8,120214.0,,,4462.0,3.6,74009.0,20046.0,62.3,18577.0,,,1469.0,7.3,12116.0,9749.0,63.4,9448.0,7949.0,1499.0
2017-05-01,160068.0,62.8,153069.0,60.1,125727.0,27479.0,7000.0,4.4,14.2,3.9,4.1,3.7,7.7,3.6,5.2,6.1,4.7,4.0,2.3,2116.0,1970.0,2796.0,1721.0,24.7,10.5,3440.0,853.0,2587.0,787.0,2136.0,674.0,5259.0,94699.0,1552.0,408.0,8.5,7570.0,4.9,35.0,141.0,154188.0,64.8,148025.0,6164.0,4.0,138995.0,64.2,133895.0,5101.0,3.7,36373.0,40.0,35241.0,1133.0,3.1,27310.0,66.2,25885.0,1425.0,13931.0,157890.0,64.2,151605.0,6286.0,4.0,88035.0,139080.0,64.2,134337.0,115110.0,19227.0,4743.0,4041.0,702.0,3.4,70168.0,52.8,68116.0,2052.0,2.9,62636.0,36502.0,40.1,35469.0,27839.0,7631.0,1033.0,748.0,285.0,2.8,54482.0,9677.0,19.6,9351.0,326.0,3.4,39677.0,124722.0,62.7,120375.0,,,4346.0,3.5,74053.0,20082.0,62.4,18593.0,,,1489.0,7.4,12111.0,9818.0,63.6,9479.0,7931.0,1548.0
2017-06-01,160192.0,62.8,153318.0,60.1,126180.0,27168.0,6873.0,4.3,13.6,3.9,3.9,3.8,6.9,3.7,5.0,6.5,4.5,3.7,2.3,2321.0,1924.0,2570.0,1654.0,24.6,10.0,3391.0,914.0,2477.0,801.0,1979.0,663.0,5381.0,94766.0,1569.0,507.0,8.5,7538.0,4.9,31.0,221.0,154157.0,64.7,148103.0,6054.0,3.9,139104.0,64.2,134152.0,4952.0,3.6,36479.0,40.0,35366.0,1113.0,3.1,27339.0,66.2,25984.0,1355.0,13984.0,158616.0,64.4,151849.0,6767.0,4.3,87513.0,138617.0,63.9,133756.0,115133.0,18623.0,4861.0,4258.0,603.0,3.5,69719.0,52.4,67462.0,2256.0,3.2,63209.0,36297.0,39.8,35184.0,27751.0,7433.0,1113.0,873.0,240.0,3.1,54827.0,9481.0,19.2,9141.0,340.0,3.6,39974.0,125770.0,63.2,120768.0,,,5002.0,4.0,73102.0,20132.0,62.5,18686.0,,,1446.0,7.2,12094.0,9848.0,64.1,9472.0,8175.0,1297.0
2017-07-01,160462.0,62.9,153569.0,60.2,126113.0,27600.0,6892.0,4.3,13.2,4.0,3.9,3.8,7.3,3.7,5.1,7.1,4.5,3.7,2.3,2075.0,2026.0,2738.0,1720.0,24.6,10.2,3355.0,1010.0,2345.0,743.0,2089.0,678.0,5320.0,94689.0,1583.0,496.0,8.5,7377.0,4.8,14.0,145.0,154631.0,64.9,148510.0,6121.0,4.0,139350.0,64.2,134374.0,4975.0,3.6,36491.0,40.0,35356.0,1135.0,3.1,27540.0,66.5,26125.0,1415.0,13864.0,159113.0,64.6,152154.0,6959.0,4.4,87102.0,138804.0,64.0,133580.0,114968.0,18612.0,5224.0,4442.0,782.0,3.8,69811.0,52.5,67476.0,2335.0,3.3,63242.0,36327.0,39.8,35104.0,27664.0,7440.0,1223.0,863.0,360.0,3.4,54939.0,9455.0,19.1,9145.0,311.0,3.3,40101.0,126046.0,63.3,121029.0,,,5017.0,4.0,72928.0,20309.0,63.0,18719.0,,,1590.0,7.8,11951.0,9866.0,64.5,9467.0,8141.0,1327.0
2017-08-01,160586.0,62.9,153503.0,60.1,126007.0,27518.0,7082.0,4.4,13.9,4.1,4.0,3.9,7.7,3.9,5.1,6.1,5.0,3.7,2.4,2258.0,2065.0,2794.0,1687.0,24.0,10.3,3461.0,1011.0,2450.0,802.0,2118.0,641.0,5301.0,94771.0,1562.0,457.0,8.6,7219.0,4.7,32.0,239.0,154671.0,64.8,148413.0,6258.0,4.0,139293.0,64.1,134127.0,5166.0,3.7,36622.0,40.0,35470.0,1152.0,3.1,27332.0,65.9,25945.0,1386.0,14160.0,158361.0,64.3,151425.0,6935.0,4.4,87978.0,138895.0,63.9,133538.0,115382.0,18157.0,5357.0,4580.0,777.0,3.9,69970.0,52.5,67526.0,2444.0,3.5,63231.0,36445.0,39.8,35249.0,28089.0,7160.0,1196.0,854.0,342.0,3.3,55013.0,9535.0,19.2,9205.0,330.0,3.5,40173.0,125280.0,62.9,120365.0,,,4915.0,3.9,73802.0,20142.0,62.4,18542.0,,,1600.0,7.9,12154.0,9894.0,64.5,9498.0,8200.0,1298.0
2017-09-01,161140.0,63.1,154286.0,60.4,126780.0,27513.0,6854.0,4.3,12.9,3.9,3.9,3.7,7.2,3.6,5.1,6.7,4.3,3.6,2.3,2245.0,1905.0,2707.0,1683.0,26.1,10.1,3331.0,902.0,2429.0,749.0,2099.0,656.0,5138.0,94423.0,1572.0,454.0,8.3,7365.0,4.8,1474.0,2934.0,155143.0,65.0,149063.0,6080.0,3.9,139815.0,64.3,134922.0,4893.0,3.5,36764.0,40.1,35549.0,1216.0,3.3,27618.0,66.4,26219.0,1399.0,13961.0,158753.0,64.4,152458.0,6295.0,4.0,87618.0,140052.0,64.4,135375.0,116654.0,18721.0,4677.0,4044.0,633.0,3.3,70489.0,52.9,68349.0,2140.0,3.0,62859.0,36848.0,40.2,35688.0,28126.0,7562.0,1160.0,865.0,295.0,3.1,54807.0,9771.0,19.6,9461.0,310.0,3.2,40102.0,125320.0,62.9,120857.0,,,4463.0,3.6,73871.0,20227.0,62.6,18842.0,,,1385.0,6.8,12106.0,9973.0,64.4,9619.0,8233.0,1386.0
2017-10-01,160309.0,62.7,153609.0,60.1,126656.0,26990.0,6700.0,4.2,14.0,3.9,3.7,3.6,7.6,3.0,5.0,6.0,4.2,3.7,2.1,2126.0,1961.0,2534.0,1609.0,26.2,9.7,3253.0,909.0,2344.0,742.0,2037.0,617.0,4857.0,95457.0,1564.0,515.0,8.1,7219.0,4.7,36.0,145.0,154530.0,64.7,148637.0,5892.0,3.8,139273.0,64.0,134542.0,4731.0,3.4,36623.0,39.9,35465.0,1158.0,3.2,27285.0,65.5,25923.0,1362.0,14380.0,158258.0,64.3,152320.0,5938.0,3.8,88043.0,139644.0,64.1,135222.0,116464.0,18758.0,4422.0,3853.0,569.0,3.2,70112.0,52.5,68212.0,1899.0,2.7,63384.0,36695.0,39.9,35638.0,28154.0,7484.0,1057.0,816.0,241.0,2.9,55170.0,9619.0,19.2,9292.0,327.0,3.4,40431.0,124777.0,62.6,120692.0,,,4085.0,3.3,74520.0,20264.0,62.6,18744.0,,,1520.0,7.5,12106.0,9794.0,63.3,9507.0,8156.0,1351.0
2017-11-01,160579.0,62.7,153805.0,60.1,126588.0,27181.0,6774.0,4.2,16.2,3.8,3.7,3.7,7.5,3.1,4.9,5.4,4.4,3.7,2.1,2278.0,1886.0,2576.0,1589.0,25.7,9.8,3205.0,987.0,2218.0,766.0,2076.0,703.0,4745.0,95370.0,1490.0,450.0,8.0,7470.0,4.9,84.0,175.0,154754.0,64.7,148926.0,5828.0,3.8,139605.0,64.1,134878.0,4727.0,3.4,36734.0,39.9,35585.0,1150.0,3.1,27365.0,65.5,26025.0,1340.0,14386.0,158280.0,64.2,152386.0,5894.0,3.7,88356.0,139973.0,64.2,135549.0,115977.0,19572.0,4424.0,3765.0,659.0,3.2,70369.0,52.7,68411.0,1958.0,2.8,63259.0,36830.0,40.0,35726.0,27928.0,7798.0,1104.0,837.0,268.0,3.0,55210.0,9672.0,19.3,9370.0,302.0,3.1,40521.0,124966.0,62.7,120749.0,,,4217.0,3.4,74420.0,20218.0,62.4,18779.0,,,1439.0,7.1,12186.0,9633.0,62.7,9343.0,7844.0,1499.0
2017-12-01,160535.0,62.7,153904.0,60.1,126459.0,27316.0,6632.0,4.1,13.6,3.8,3.8,3.7,6.7,2.6,5.0,6.3,4.2,3.6,2.2,2237.0,1966.0,2448.0,1516.0,24.2,9.3,3261.0,946.0,2316.0,720.0,2003.0,611.0,4940.0,95574.0,1596.0,470.0,8.1,7707.0,5.0,120.0,514.0,154757.0,64.7,148912.0,5845.0,3.8,139630.0,64.0,134840.0,4790.0,3.4,36689.0,39.8,35448.0,1241.0,3.4,27464.0,65.7,26086.0,1378.0,14367.0,157809.0,63.9,151798.0,6011.0,3.8,88977.0,139629.0,64.0,134991.0,115539.0,19452.0,4638.0,4005.0,633.0,3.3,70154.0,52.5,68075.0,2079.0,3.0,63594.0,36611.0,39.7,35444.0,27723.0,7721.0,1167.0,912.0,255.0,3.2,55593.0,9577.0,19.0,9251.0,325.0,3.4,40742.0,124594.0,62.5,120148.0,,,4446.0,3.6,74864.0,20050.0,61.8,18791.0,,,1260.0,6.3,12385.0,9779.0,62.6,9546.0,8014.0,1533.0
2018-01-01,160914.0,62.7,154425.0,60.1,126964.0,27321.0,6489.0,4.0,13.8,3.7,3.6,3.5,7.5,2.9,4.9,5.4,4.5,3.4,2.1,2214.0,1895.0,2418.0,1467.0,24.2,9.7,3202.0,840.0,2362.0,719.0,1994.0,647.0,5033.0,95866.0,1540.0,434.0,8.0,7893.0,5.1,496.0,1823.0,154967.0,64.6,149296.0,5671.0,3.7,139724.0,63.9,135092.0,4632.0,3.3,36515.0,39.5,35446.0,1069.0,2.9,27780.0,65.8,26423.0,1357.0,14469.0,158018.0,63.8,151124.0,6894.0,4.4,89539.0,139504.0,63.8,134345.0,115196.0,19149.0,5159.0,4467.0,692.0,3.7,69855.0,52.1,67555.0,2300.0,3.3,64178.0,36382.0,39.3,35188.0,27606.0,7581.0,1194.0,952.0,242.0,3.3,56095.0,9506.0,18.8,9163.0,343.0,3.6,41021.0,124547.0,62.4,119640.0,97798.0,21842.0,4907.0,3.9,75191.0,20109.0,61.7,18507.0,15486.0,3021.0,1602.0,8.0,12466.0,9855.0,62.6,9548.0,8006.0,1541.0
2018-02-01,161778.0,63.0,155197.0,60.4,127544.0,27561.0,6581.0,4.1,14.4,3.6,3.7,3.6,6.8,3.0,4.9,5.7,4.4,3.5,2.2,2469.0,1893.0,2306.0,1432.0,22.9,9.2,3217.0,867.0,2350.0,774.0,1950.0,688.0,5119.0,95156.0,1568.0,366.0,8.1,7961.0,5.1,259.0,399.0,155709.0,64.8,150003.0,5706.0,3.7,140616.0,64.2,135847.0,4770.0,3.4,36915.0,39.8,35733.0,1182.0,3.2,27994.0,66.1,26635.0,1359.0,14341.0,159482.0,64.3,152709.0,6773.0,4.2,88427.0,140787.0,64.3,135602.0,116025.0,19577.0,5185.0,4476.0,709.0,3.7,70669.0,52.7,68315.0,2354.0,3.3,63452.0,37052.0,40.0,35755.0,27823.0,7932.0,1297.0,1033.0,264.0,3.5,55585.0,9727.0,19.2,9383.0,344.0,3.5,40935.0,125658.0,62.9,120646.0,98355.0,22291.0,5012.0,4.0,74141.0,20360.0,62.4,18928.0,15771.0,3157.0,1432.0,7.0,12246.0,9934.0,62.9,9635.0,8156.0,1479.0
2018-03-01,161686.0,62.9,155214.0,60.4,127447.0,27869.0,6472.0,4.0,13.2,3.6,3.7,3.5,6.7,3.1,4.9,5.5,4.3,3.5,2.3,2303.0,2002.0,2140.0,1345.0,24.0,8.8,3119.0,857.0,2262.0,867.0,1909.0,626.0,4983.0,95411.0,1531.0,481.0,8.0,7633.0,4.9,159.0,1088.0,155722.0,64.8,150037.0,5685.0,3.7,140438.0,64.1,135776.0,4662.0,3.3,36909.0,39.8,35736.0,1173.0,3.2,27894.0,65.8,26529.0,1365.0,14525.0,159546.0,64.3,153176.0,6370.0,4.0,88550.0,140796.0,64.3,135830.0,116005.0,19825.0,4966.0,4265.0,701.0,3.5,70580.0,52.6,68314.0,2266.0,3.2,63637.0,37050.0,39.9,35814.0,27856.0,7958.0,1236.0,977.0,259.0,3.3,55719.0,9916.0,19.5,9578.0,338.0,3.4,40854.0,125508.0,62.8,120946.0,98269.0,22677.0,4562.0,3.6,74363.0,20347.0,62.3,18955.0,15815.0,3140.0,1392.0,6.8,12291.0,10138.0,63.4,9833.0,8281.0,1552.0
2018-04-01,161771.0,62.9,155312.0,60.4,127935.0,27453.0,6459.0,4.0,12.7,3.7,3.6,3.6,6.4,2.9,4.8,5.9,4.3,3.4,2.1,2142.0,1994.0,2263.0,1375.0,22.5,9.6,3058.0,860.0,2197.0,803.0,2020.0,658.0,4946.0,95501.0,1420.0,394.0,7.9,7650.0,4.9,133.0,253.0,155927.0,64.8,150208.0,5719.0,3.7,140743.0,64.2,136095.0,4648.0,3.3,37207.0,40.0,36092.0,1115.0,3.0,28268.0,66.5,26922.0,1347.0,14238.0,159363.0,64.2,153706.0,5657.0,3.5,88965.0,140855.0,64.2,136475.0,116869.0,19606.0,4380.0,3803.0,577.0,3.1,70585.0,52.6,68647.0,1937.0,2.7,63733.0,37318.0,40.2,36269.0,28311.0,7957.0,1049.0,807.0,242.0,2.8,55619.0,9961.0,19.6,9696.0,265.0,2.7,40946.0,125488.0,62.8,121358.0,99126.0,22231.0,4130.0,3.3,74462.0,20172.0,61.7,18953.0,15785.0,3168.0,1219.0,6.0,12500.0,10034.0,63.0,9765.0,8254.0,1511.0
2018-05-01,161848.0,62.9,155652.0,60.5,128805.0,26990.0,6196.0,3.8,13.1,3.6,3.4,3.5,5.9,2.2,4.8,5.2,3.9,3.2,2.0,1997.0,1942.0,2167.0,1233.0,21.1,9.2,2892.0,810.0,2082.0,853.0,1890.0,572.0,4940.0,95606.0,1528.0,428.0,7.8,7426.0,4.8,34.0,120.0,156010.0,64.8,150576.0,5434.0,3.5,140891.0,64.2,136575.0,4316.0,3.1,37399.0,40.2,36353.0,1046.0,2.8,28266.0,66.4,26900.0,1367.0,14326.0,159792.0,64.3,154333.0,5459.0,3.4,88809.0,140986.0,64.3,137025.0,117898.0,19127.0,3961.0,3407.0,553.0,2.8,70850.0,52.7,69076.0,1774.0,2.5,63575.0,37518.0,40.3,36580.0,28734.0,7846.0,937.0,740.0,197.0,2.5,55591.0,10108.0,19.8,9811.0,297.0,2.9,40938.0,125848.0,62.9,121788.0,100250.0,21539.0,4060.0,3.2,74191.0,20292.0,62.0,19145.0,16078.0,3067.0,1147.0,5.7,12412.0,9932.0,62.6,9732.0,8365.0,1366.0
2018-06-01,162210.0,63.0,155762.0,60.5,128859.0,26979.0,6447.0,4.0,12.6,3.7,3.6,3.5,6.4,3.2,4.5,5.5,4.1,3.3,2.3,2269.0,1865.0,2285.0,1404.0,20.8,9.0,3082.0,949.0,2133.0,797.0,2009.0,544.0,4835.0,95433.0,1419.0,352.0,7.8,7583.0,4.9,9.0,178.0,156277.0,64.9,150576.0,5701.0,3.6,141148.0,64.3,136570.0,4578.0,3.2,37431.0,40.1,36312.0,1119.0,3.0,28404.0,66.6,27114.0,1290.0,14275.0,160745.0,64.6,154385.0,6361.0,4.0,88130.0,140636.0,64.0,136133.0,117539.0,18594.0,4503.0,3845.0,658.0,3.2,70403.0,52.3,68301.0,2102.0,3.0,64134.0,37237.0,39.9,36114.0,28613.0,7500.0,1123.0,868.0,255.0,3.0,56059.0,9980.0,19.5,9644.0,336.0,3.4,41221.0,126669.0,63.3,121964.0,101004.0,20960.0,4706.0,3.7,73463.0,20546.0,62.8,19194.0,16086.0,3109.0,1352.0,6.6,12190.0,10207.0,64.1,9858.0,8493.0,1365.0
2018-07-01,162341.0,63.0,156146.0,60.6,129213.0,27032.0,6195.0,3.8,12.9,3.4,3.6,3.4,6.5,3.0,4.5,5.0,4.1,3.1,2.2,1968.0,1804.0,2422.0,1416.0,23.1,9.8,2972.0,860.0,2113.0,833.0,1796.0,561.0,4607.0,95502.0,1448.0,470.0,7.5,7909.0,5.1,12.0,104.0,156433.0,64.9,151003.0,5431.0,3.5,141300.0,64.3,136923.0,4378.0,3.1,37496.0,40.1,36355.0,1141.0,3.0,28626.0,66.9,27328.0,1298.0,14141.0,161046.0,64.6,154708.0,6337.0,3.9,88145.0,140718.0,64.0,136107.0,117947.0,18160.0,4611.0,3948.0,663.0,3.3,70444.0,52.3,68208.0,2235.0,3.2,64210.0,37323.0,39.9,36102.0,28690.0,7412.0,1222.0,946.0,275.0,3.3,56135.0,10031.0,19.5,9649.0,382.0,3.8,41295.0,126927.0,63.4,122332.0,101438.0,20895.0,4595.0,3.6,73309.0,20708.0,63.2,19255.0,16288.0,2966.0,1453.0,7.0,12063.0,10227.0,64.2,9889.0,8504.0,1385.0
2018-08-01,161660.0,62.6,155504.0,60.3,128704.0,26821.0,6156.0,3.8,12.8,3.5,3.5,3.4,6.3,2.9,4.7,5.6,4.0,3.5,2.0,2241.0,1730.0,2282.0,1287.0,22.4,9.3,2807.0,846.0,1960.0,883.0,1839.0,574.0,4400.0,96406.0,1456.0,448.0,7.4,7814.0,5.0,23.0,179.0,156114.0,64.7,150668.0,5446.0,3.5,141206.0,64.2,136765.0,4441.0,3.1,37644.0,40.2,36500.0,1144.0,3.0,28253.0,65.9,26922.0,1330.0,14610.0,159659.0,64.1,153569.0,6091.0,3.8,89503.0,140817.0,64.0,136167.0,118062.0,18105.0,4650.0,3904.0,746.0,3.3,70495.0,52.3,68399.0,2096.0,3.0,64300.0,37453.0,40.0,36265.0,28808.0,7457.0,1188.0,854.0,334.0,3.2,56205.0,10066.0,19.5,9687.0,378.0,3.8,41435.0,125462.0,62.6,121040.0,100785.0,20255.0,4421.0,3.5,74894.0,20452.0,62.3,19114.0,16268.0,2846.0,1338.0,6.5,12358.0,10279.0,63.9,9967.0,8570.0,1397.0
2018-09-01,162087.0,62.8,156015.0,60.4,129029.0,26983.0,6073.0,3.7,12.3,3.5,3.3,3.3,6.1,3.5,4.6,5.7,3.7,3.2,2.0,2074.0,1731.0,2288.0,1351.0,24.2,9.2,2820.0,837.0,1983.0,735.0,1913.0,574.0,4625.0,96202.0,1565.0,409.0,7.5,7684.0,4.9,299.0,1489.0,156278.0,64.7,150923.0,5355.0,3.4,141196.0,64.1,136917.0,4280.0,3.0,37604.0,40.1,36496.0,1108.0,2.9,28357.0,66.0,27057.0,1300.0,14602.0,159897.0,64.1,154365.0,5532.0,3.5,89434.0,141457.0,64.2,137405.0,118621.0,18784.0,4051.0,3404.0,647.0,2.9,70958.0,52.6,69086.0,1872.0,2.6,63978.0,37682.0,40.2,36642.0,28958.0,7684.0,1040.0,733.0,307.0,2.8,56152.0,10285.0,19.9,9933.0,352.0,3.4,41353.0,125413.0,62.6,121500.0,100134.0,21365.0,3913.0,3.1,75063.0,20484.0,62.4,19295.0,16430.0,2865.0,1189.0,5.8,12365.0,10289.0,64.3,9933.0,8484.0,1450.0
2018-10-01,162602.0,62.9,156391.0,60.5,129240.0,27130.0,6211.0,3.8,12.1,3.6,3.4,3.4,6.5,3.1,4.4,5.9,4.0,3.0,2.0,2055.0,1840.0,2268.0,1348.0,23.1,9.4,2883.0,849.0,2034.0,725.0,1940.0,588.0,4553.0,95913.0,1517.0,499.0,7.5,7915.0,5.1,198.0,1020.0,156676.0,64.8,151182.0,5494.0,3.5,141755.0,64.3,137343.0,4412.0,3.1,37651.0,40.0,36570.0,1081.0,2.9,28460.0,66.1,27196.0,1264.0,14594.0,160583.0,64.3,155013.0,5570.0,3.5,89049.0,142162.0,64.5,138042.0,119114.0,18928.0,4119.0,3439.0,681.0,2.9,71056.0,52.6,69223.0,1833.0,2.6,64022.0,37750.0,40.2,36753.0,29162.0,7592.0,997.0,699.0,298.0,2.6,56261.0,10227.0,19.8,9925.0,302.0,3.0,41553.0,126018.0,62.8,122170.0,100587.0,21583.0,3848.0,3.1,74578.0,20706.0,63.0,19397.0,16237.0,3160.0,1309.0,6.3,12181.0,10213.0,63.7,9899.0,8477.0,1423.0
2018-11-01,162836.0,62.9,156721.0,60.6,129632.0,27038.0,6115.0,3.8,12.4,3.4,3.5,3.4,6.1,2.8,4.7,5.9,3.5,3.2,2.2,2168.0,1807.0,2131.0,1228.0,22.1,8.9,2893.0,877.0,2017.0,709.0,1924.0,574.0,4665.0,95871.0,1675.0,431.0,7.6,7815.0,5.0,129.0,410.0,156945.0,64.9,151560.0,5385.0,3.4,141919.0,64.3,137534.0,4385.0,3.1,37872.0,40.2,36778.0,1093.0,2.9,28769.0,66.7,27428.0,1341.0,14378.0,160591.0,64.3,155208.0,5384.0,3.4,89154.0,142263.0,64.4,138174.0,118896.0,19278.0,4088.0,3401.0,687.0,2.9,71287.0,52.7,69437.0,1850.0,2.6,63915.0,37947.0,40.3,36901.0,29080.0,7821.0,1046.0,790.0,256.0,2.8,56241.0,10350.0,19.9,10046.0,304.0,2.9,41581.0,126165.0,62.9,122247.0,100338.0,21909.0,3918.0,3.1,74525.0,20467.0,62.2,19288.0,16169.0,3119.0,1179.0,5.8,12456.0,10281.0,63.9,9999.0,8598.0,1401.0
2018-12-01,163206.0,63.0,156817.0,60.6,129618.0,27032.0,6389.0,3.9,12.6,3.6,3.5,3.5,6.6,3.3,4.4,5.9,3.8,3.3,2.2,2149.0,2033.0,2240.0,1306.0,21.9,9.6,2931.0,776.0,2155.0,832.0,1974.0,619.0,4627.0,95682.0,1542.0,370.0,7.6,7940.0,5.1,187.0,359.0,157221.0,64.9,151585.0,5636.0,3.6,142110.0,64.3,137543.0,4567.0,3.2,37988.0,40.2,36863.0,1125.0,3.0,28967.0,67.0,27680.0,1287.0,14268.0,160584.0,64.2,154786.0,5798.0,3.6,89476.0,142109.0,64.3,137706.0,118448.0,19258.0,4404.0,3732.0,671.0,3.1,71184.0,52.6,69159.0,2026.0,2.8,64136.0,37922.0,40.2,36860.0,29066.0,7794.0,1062.0,798.0,263.0,2.8,56463.0,10233.0,19.6,9951.0,283.0,2.8,41874.0,126072.0,62.8,121900.0,99996.0,21903.0,4173.0,3.3,74702.0,20325.0,61.7,19067.0,16221.0,2846.0,1257.0,6.2,12632.0,10250.0,63.5,9928.0,8542.0,1386.0
2019-01-01,162963.0,63.1,156487.0,60.6,129696.0,26637.0,6475.0,4.0,13.2,3.6,3.6,3.5,7.0,3.0,4.8,5.7,3.8,3.5,2.4,2336.0,1980.0,2168.0,1287.0,20.5,9.5,3123.0,961.0,2162.0,807.0,1966.0,614.0,5190.0,95277.0,1522.0,418.0,8.0,7867.0,5.0,265.0,596.0,157039.0,65.0,151347.0,5691.0,3.6,142019.0,64.4,137411.0,4609.0,3.2,37913.0,40.2,36710.0,1203.0,3.2,28920.0,67.2,27535.0,1386.0,14124.0,160359.0,64.3,153473.0,6886.0,4.3,89072.0,141781.0,64.3,136668.0,117701.0,18967.0,5114.0,4459.0,655.0,3.6,70937.0,52.5,68544.0,2393.0,3.4,64057.0,37774.0,40.1,36460.0,28734.0,7725.0,1315.0,992.0,323.0,3.5,56502.0,10326.0,19.8,9898.0,428.0,4.1,41792.0,125516.0,62.6,120542.0,99020.0,21522.0,4974.0,4.0,74866.0,20549.0,62.5,19033.0,16173.0,2860.0,1516.0,7.4,12318.0,10264.0,64.0,9938.0,8623.0,1315.0
2019-02-01,162999.0,63.1,156863.0,60.7,129955.0,26837.0,6136.0,3.8,13.8,3.4,3.4,3.2,7.2,3.2,4.2,5.3,3.8,3.2,2.2,2252.0,1772.0,2177.0,1283.0,21.8,9.6,2812.0,783.0,2029.0,836.0,1885.0,624.0,4345.0,95393.0,1412.0,428.0,7.2,7670.0,4.9,390.0,1897.0,157190.0,65.0,151858.0,5332.0,3.4,142242.0,64.5,137900.0,4341.0,3.1,38118.0,40.4,37098.0,1020.0,2.7,28655.0,66.4,27439.0,1217.0,14472.0,160908.0,64.5,154603.0,6306.0,3.9,88516.0,142429.0,64.6,137691.0,118275.0,19417.0,4738.0,4135.0,603.0,3.3,71364.0,52.8,69215.0,2149.0,3.0,63720.0,38240.0,40.5,37117.0,29085.0,8033.0,1122.0,855.0,268.0,2.9,56161.0,10595.0,20.3,10251.0,344.0,3.3,41631.0,126102.0,62.9,121628.0,99803.0,21825.0,4475.0,3.5,74345.0,20441.0,62.1,18944.0,15994.0,2950.0,1497.0,7.3,12457.0,10383.0,64.7,10053.0,8628.0,1425.0
2019-03-01,162904.0,63.0,156701.0,60.6,129744.0,27058.0,6202.0,3.8,12.7,3.5,3.4,3.3,6.7,3.0,4.7,5.9,3.7,3.4,2.1,2174.0,1862.0,2170.0,1264.0,22.2,9.6,2810.0,843.0,1968.0,775.0,1988.0,624.0,4507.0,95633.0,1469.0,447.0,7.4,7899.0,5.0,137.0,544.0,156990.0,64.9,151538.0,5452.0,3.5,141919.0,64.3,137548.0,4370.0,3.1,37831.0,40.0,36823.0,1008.0,2.7,28889.0,66.9,27538.0,1351.0,14316.0,160984.0,64.5,154839.0,6145.0,3.8,88685.0,142267.0,64.4,137629.0,118319.0,19310.0,4638.0,3990.0,648.0,3.3,71248.0,52.7,69158.0,2091.0,2.9,63922.0,37947.0,40.1,36879.0,28801.0,8077.0,1068.0,818.0,250.0,2.8,56579.0,10454.0,20.0,10107.0,346.0,3.3,41877.0,126290.0,63.0,121929.0,99891.0,22037.0,4362.0,3.5,74218.0,20328.0,61.7,18965.0,15979.0,2986.0,1364.0,6.7,12597.0,10447.0,64.3,10133.0,8710.0,1423.0
2019-04-01,162586.0,62.8,156625.0,60.5,129780.0,26972.0,5961.0,3.7,13.1,3.4,3.2,3.2,6.7,2.3,4.2,5.3,3.4,3.1,2.1,1966.0,1875.0,2013.0,1230.0,22.5,9.2,2765.0,761.0,2004.0,722.0,1949.0,578.0,4687.0,96107.0,1482.0,436.0,7.4,7794.0,5.0,78.0,449.0,156930.0,64.8,151710.0,5221.0,3.3,141710.0,64.1,137546.0,4164.0,2.9,37893.0,40.0,36899.0,994.0,2.6,28545.0,65.9,27353.0,1193.0,14743.0,160297.0,64.1,155167.0,5130.0,3.2,89604.0,141811.0,64.2,137923.0,118698.0,19226.0,3887.0,3395.0,492.0,2.7,71027.0,52.5,69320.0,1707.0,2.4,64235.0,37950.0,40.1,37033.0,29012.0,8021.0,917.0,727.0,190.0,2.4,56715.0,10367.0,19.8,10065.0,303.0,2.9,42083.0,125627.0,62.6,122036.0,100115.0,21921.0,3591.0,2.9,74950.0,20537.0,62.3,19262.0,16206.0,3055.0,1275.0,6.2,12418.0,10166.0,62.4,9954.0,8578.0,1376.0
2019-05-01,162751.0,62.9,156821.0,60.6,129882.0,27154.0,5930.0,3.6,12.9,3.3,3.3,3.2,6.1,2.6,4.2,5.1,3.5,2.7,2.1,2114.0,1550.0,2083.0,1299.0,24.0,9.2,2680.0,872.0,1807.0,827.0,1864.0,585.0,4362.0,96110.0,1447.0,375.0,7.1,7900.0,5.0,72.0,272.0,157020.0,64.8,151829.0,5191.0,3.3,141660.0,64.1,137584.0,4076.0,2.9,37911.0,40.0,36874.0,1036.0,2.7,28740.0,66.3,27533.0,1207.0,14630.0,160784.0,64.3,155551.0,5233.0,3.3,89398.0,141687.0,64.1,137975.0,118864.0,19112.0,3711.0,3155.0,556.0,2.6,70905.0,52.4,69193.0,1712.0,2.4,64465.0,37981.0,40.1,37042.0,29172.0,7870.0,939.0,701.0,238.0,2.5,56839.0,10530.0,20.0,10258.0,272.0,2.6,42056.0,126042.0,62.8,122269.0,100702.0,21567.0,3773.0,3.0,74616.0,20547.0,62.3,19335.0,16482.0,2854.0,1212.0,5.9,12437.0,10290.0,62.9,10049.0,8542.0,1507.0
2019-06-01,163168.0,63.0,157232.0,60.7,130453.0,26827.0,5935.0,3.6,12.6,3.3,3.3,3.3,5.8,2.0,4.3,5.2,3.8,3.0,2.1,1889.0,1805.0,2168.0,1333.0,21.6,9.6,2689.0,778.0,1911.0,897.0,1815.0,509.0,4397.0,95870.0,1528.0,415.0,7.2,8132.0,5.2,37.0,223.0,157208.0,64.9,152022.0,5186.0,3.3,141929.0,64.1,137696.0,4233.0,3.0,38089.0,40.1,36996.0,1093.0,2.9,28858.0,66.4,27620.0,1238.0,14595.0,161626.0,64.5,155793.0,5833.0,3.6,88938.0,141369.0,63.9,137189.0,118801.0,18387.0,4180.0,3513.0,668.0,3.0,70532.0,52.1,68556.0,1976.0,2.8,64949.0,37850.0,39.8,36740.0,29259.0,7481.0,1110.0,825.0,284.0,2.9,57154.0,10356.0,19.6,10023.0,333.0,3.2,42400.0,127131.0,63.3,122708.0,101886.0,20822.0,4422.0,3.5,73615.0,20581.0,62.3,19319.0,16435.0,2884.0,1262.0,6.1,12432.0,10600.0,64.0,10361.0,8811.0,1550.0
2019-07-01,163590.0,63.1,157529.0,60.8,130693.0,26921.0,6061.0,3.7,12.6,3.4,3.3,3.4,5.7,2.8,4.5,4.9,3.6,3.1,2.2,2110.0,1831.0,2125.0,1227.0,19.6,8.9,2852.0,871.0,1981.0,841.0,1777.0,578.0,3952.0,95635.0,1438.0,325.0,6.9,8390.0,5.3,60.0,229.0,157504.0,64.9,152210.0,5294.0,3.4,142221.0,64.2,138003.0,4219.0,3.0,38573.0,40.5,37532.0,1041.0,2.7,28998.0,66.6,27679.0,1319.0,14540.0,162341.0,64.8,156231.0,6110.0,3.8,88373.0,141630.0,63.9,137189.0,118945.0,18244.0,4441.0,3808.0,633.0,3.1,70969.0,52.3,68916.0,2053.0,2.9,64631.0,38393.0,40.3,37278.0,29633.0,7646.0,1114.0,848.0,266.0,2.9,56815.0,10769.0,20.3,10461.0,307.0,2.9,42193.0,127549.0,63.5,122968.0,102116.0,20852.0,4580.0,3.6,73294.0,20942.0,63.4,19622.0,16788.0,2834.0,1319.0,6.3,12103.0,10519.0,64.1,10205.0,8755.0,1450.0
2019-08-01,163774.0,63.1,157829.0,60.8,130921.0,26890.0,5945.0,3.6,12.3,3.4,3.2,3.4,5.3,2.8,4.1,5.4,3.6,3.0,2.1,2268.0,1710.0,2104.0,1257.0,21.9,8.7,2814.0,811.0,2003.0,794.0,1754.0,575.0,4393.0,95658.0,1578.0,479.0,7.2,8340.0,5.3,23.0,119.0,157916.0,65.1,152694.0,5222.0,3.3,142645.0,64.3,138488.0,4157.0,2.9,38485.0,40.3,37490.0,995.0,2.6,29090.0,66.7,27890.0,1200.0,14540.0,161698.0,64.5,155766.0,5932.0,3.7,89100.0,142316.0,64.2,137918.0,119751.0,18167.0,4398.0,3729.0,669.0,3.1,71068.0,52.4,69050.0,2018.0,2.8,64677.0,38340.0,40.2,37292.0,29850.0,7442.0,1049.0,752.0,297.0,2.7,57104.0,10743.0,20.2,10408.0,334.0,3.1,42449.0,126920.0,63.2,122439.0,102054.0,20384.0,4481.0,3.5,74033.0,20645.0,62.4,19503.0,16786.0,2716.0,1143.0,5.5,12435.0,10554.0,64.2,10248.0,8811.0,1437.0
2019-09-01,164092.0,63.2,158339.0,61.0,131280.0,27004.0,5753.0,3.5,12.2,3.3,3.1,3.2,5.3,2.5,3.9,4.9,3.5,2.9,2.0,1849.0,1743.0,2184.0,1338.0,22.5,9.2,2566.0,764.0,1802.0,831.0,1648.0,646.0,4320.0,95546.0,1260.0,347.0,6.9,8356.0,5.3,17.0,118.0,158231.0,65.1,153191.0,5040.0,3.2,142868.0,64.4,138831.0,4036.0,2.8,38492.0,40.3,37528.0,964.0,2.5,29310.0,67.0,28180.0,1130.0,14412.0,161853.0,64.6,156609.0,5245.0,3.2,88869.0,143190.0,64.5,139350.0,120688.0,18661.0,3840.0,3336.0,504.0,2.7,71451.0,52.6,69696.0,1755.0,2.5,64440.0,38629.0,40.4,37729.0,30006.0,7723.0,900.0,698.0,202.0,2.3,57000.0,10804.0,20.2,10543.0,260.0,2.4,42557.0,126928.0,63.1,123055.0,101995.0,21060.0,3873.0,3.1,74133.0,20656.0,62.4,19611.0,16683.0,2929.0,1045.0,5.1,12460.0,10518.0,64.1,10261.0,8696.0,1566.0
2019-10-01,164416.0,63.3,158545.0,61.0,131590.0,26905.0,5871.0,3.6,11.9,3.4,3.2,3.2,5.5,2.9,4.1,5.6,3.7,2.8,2.1,1922.0,1760.0,2206.0,1291.0,22.4,9.0,2751.0,825.0,1926.0,835.0,1707.0,610.0,4358.0,95429.0,1244.0,333.0,6.9,8165.0,5.2,32.0,194.0,158504.0,65.2,153337.0,5167.0,3.3,143181.0,64.5,138994.0,4187.0,2.9,38540.0,40.2,37525.0,1014.0,2.6,29476.0,67.3,28256.0,1220.0,14338.0,162461.0,64.8,157213.0,5248.0,3.2,88260.0,143609.0,64.7,139679.0,121122.0,18558.0,3929.0,3419.0,510.0,2.7,71559.0,52.6,69856.0,1703.0,2.4,64478.0,38673.0,40.4,37738.0,29957.0,7781.0,935.0,700.0,235.0,2.4,57116.0,10919.0,20.4,10644.0,274.0,2.5,42582.0,127165.0,63.2,123402.0,102101.0,21301.0,3763.0,3.0,74007.0,20834.0,62.8,19695.0,16639.0,3056.0,1139.0,5.5,12317.0,10669.0,65.1,10371.0,8815.0,1556.0
2019-11-01,164496.0,63.3,158629.0,61.0,131490.0,27062.0,5868.0,3.6,12.0,3.2,3.3,3.2,5.5,2.6,4.3,5.5,3.6,3.0,1.9,2067.0,1721.0,2096.0,1208.0,20.3,8.9,2801.0,799.0,2002.0,769.0,1692.0,567.0,4233.0,95524.0,1229.0,301.0,6.8,8154.0,5.1,98.0,246.0,158509.0,65.1,153361.0,5148.0,3.2,143378.0,64.5,139189.0,4188.0,2.9,38670.0,40.3,37660.0,1010.0,2.6,29629.0,67.5,28349.0,1279.0,14273.0,162210.0,64.6,157031.0,5180.0,3.2,88839.0,143754.0,64.7,139852.0,120663.0,19189.0,3901.0,3325.0,576.0,2.7,71775.0,52.7,70043.0,1732.0,2.4,64390.0,38798.0,40.4,37826.0,29947.0,7879.0,972.0,723.0,249.0,2.5,57120.0,11031.0,20.6,10722.0,310.0,2.8,42589.0,127170.0,63.2,123397.0,101670.0,21727.0,3773.0,3.0,74084.0,20670.0,62.3,19587.0,16616.0,2971.0,1083.0,5.2,12515.0,10666.0,64.4,10391.0,8716.0,1675.0
2019-12-01,164699.0,63.3,158845.0,61.1,131675.0,27014.0,5853.0,3.6,12.6,3.2,3.3,3.2,6.0,2.6,4.2,5.4,3.7,2.8,2.0,2090.0,1784.0,2016.0,1188.0,20.7,9.1,2750.0,805.0,1945.0,832.0,1676.0,575.0,4134.0,95483.0,1236.0,276.0,6.8,7947.0,5.0,112.0,562.0,158701.0,65.2,153602.0,5099.0,3.2,143539.0,64.5,139384.0,4155.0,2.9,38668.0,40.2,37721.0,947.0,2.4,29512.0,67.1,28269.0,1243.0,14474.0,161971.0,64.4,156710.0,5261.0,3.2,89373.0,143514.0,64.5,139527.0,120154.0,19373.0,3987.0,3403.0,584.0,2.8,71544.0,52.5,69831.0,1713.0,2.4,64741.0,38625.0,40.2,37744.0,29809.0,7934.0,882.0,662.0,220.0,2.3,57444.0,11069.0,20.6,10782.0,287.0,2.6,42688.0,126758.0,63.0,122919.0,101413.0,21506.0,3839.0,3.0,74568.0,20855.0,62.8,19692.0,16590.0,3102.0,1163.0,5.6,12360.0,10443.0,63.4,10189.0,8672.0,1517.0
2020-01-01,164377.0,63.3,158508.0,61.1,130898.0,27451.0,5869.0,3.6,12.5,3.2,3.3,3.1,6.4,3.0,4.3,5.7,3.9,2.9,1.9,2050.0,1752.0,2063.0,1176.0,21.9,10.0,2614.0,636.0,1979.0,832.0,1885.0,570.0,4275.0,95124.0,1376.0,334.0,7.0,8220.0,5.2,226.0,744.0,158350.0,65.2,153236.0,5115.0,3.2,143234.0,64.5,139093.0,4141.0,2.9,38586.0,40.2,37597.0,988.0,2.6,29701.0,67.9,28439.0,1262.0,14041.0,161500.0,64.4,155220.0,6280.0,3.9,89241.0,142983.0,64.4,138348.0,118978.0,19369.0,4636.0,4017.0,619.0,3.2,71168.0,52.3,69178.0,1990.0,2.8,64943.0,38442.0,40.0,37343.0,29299.0,8043.0,1100.0,877.0,222.0,2.9,57604.0,10948.0,20.3,10627.0,321.0,2.9,42865.0,126487.0,63.0,122058.0,100113.0,21945.0,4429.0,3.5,74431.0,20702.0,62.4,19327.0,16322.0,3005.0,1375.0,6.6,12482.0,10259.0,63.4,9932.0,8501.0,1431.0
2020-02-01,164467.0,63.3,158714.0,61.1,130872.0,27731.0,5753.0,3.5,11.3,3.3,3.1,3.0,6.1,2.5,4.4,5.7,3.7,3.1,1.9,2088.0,1780.0,1898.0,1110.0,20.6,9.4,2678.0,768.0,1910.0,766.0,1813.0,510.0,4378.0,95161.0,1485.0,420.0,7.0,8035.0,5.1,190.0,667.0,158379.0,65.2,153315.0,5064.0,3.2,143244.0,64.5,139084.0,4160.0,2.9,38754.0,40.3,37762.0,992.0,2.6,29722.0,67.8,28407.0,1315.0,14099.0,162264.0,64.7,156241.0,6022.0,3.7,88642.0,143499.0,64.6,138936.0,119066.0,19870.0,4563.0,3926.0,637.0,3.2,71625.0,52.6,69625.0,2000.0,2.8,64572.0,38877.0,40.4,37784.0,29517.0,8267.0,1093.0,832.0,260.0,2.8,57290.0,11206.0,20.8,10845.0,361.0,3.2,42734.0,126954.0,63.2,122669.0,100320.0,22349.0,4285.0,3.4,74014.0,20833.0,62.7,19530.0,16303.0,3227.0,1303.0,6.3,12379.0,10596.0,64.5,10327.0,8764.0,1564.0
2020-03-01,162559.0,62.6,155353.0,59.8,128914.0,26566.0,7206.0,4.4,14.3,4.1,4.0,3.9,7.0,4.2,6.1,7.2,4.4,3.8,2.5,3422.0,1845.0,1924.0,1140.0,17.0,6.0,4176.0,2045.0,2131.0,706.0,1788.0,546.0,5763.0,97200.0,1502.0,557.0,8.8,7221.0,4.6,143.0,341.0,156641.0,64.4,150281.0,6360.0,4.1,142037.0,63.9,136954.0,5083.0,3.6,38184.0,39.7,36890.0,1293.0,3.4,29425.0,67.0,27644.0,1781.0,14471.0,160578.0,64.0,153531.0,7048.0,4.4,90457.0,142471.0,64.1,137107.0,118069.0,19039.0,5363.0,4490.0,873.0,3.8,71090.0,52.2,68628.0,2462.0,3.5,65197.0,38312.0,39.8,36966.0,29069.0,7897.0,1345.0,960.0,385.0,3.5,57983.0,10655.0,19.7,10260.0,394.0,3.7,43413.0,125761.0,62.6,120660.0,99007.0,21653.0,5101.0,4.1,75261.0,20455.0,61.5,19018.0,15868.0,3150.0,1438.0,7.0,12783.0,10486.0,63.9,10058.0,8673.0,1385.0
2020-04-01,156269.0,60.1,133185.0,51.2,114106.0,19300.0,23084.0,14.8,32.8,13.0,15.5,14.2,16.9,14.5,18.9,21.2,17.7,15.5,8.4,14263.0,7066.0,1692.0,910.0,7.2,2.2,20644.0,18052.0,2592.0,549.0,1483.0,379.0,10880.0,103627.0,2304.0,568.0,22.9,5380.0,4.0,35.0,199.0,151331.0,62.2,129866.0,21464.0,14.2,137828.0,62.0,119842.0,17986.0,13.0,37254.0,38.6,32193.0,5061.0,13.6,27747.0,63.1,22491.0,5256.0,16228.0,154255.0,61.4,132224.0,22031.0,14.3,97013.0,137901.0,62.0,120214.0,105605.0,14608.0,17687.0,13961.0,3726.0,12.8,68919.0,50.5,60100.0,8819.0,12.8,67459.0,37295.0,38.7,32304.0,26426.0,5878.0,4991.0,3404.0,1587.0,13.4,59124.0,10304.0,19.0,8695.0,1609.0,15.6,43898.0,120795.0,60.1,104083.0,88560.0,15522.0,16713.0,13.8,80287.0,19425.0,58.4,16248.0,13881.0,2367.0,3177.0,16.4,13841.0,9893.0,60.5,8476.0,7408.0,1067.0
2020-05-01,158101.0,60.8,137173.0,52.7,116472.0,20906.0,20929.0,13.2,30.5,11.5,13.9,12.3,16.8,15.0,17.6,19.7,15.9,13.7,7.4,3867.0,14806.0,2208.0,1147.0,10.5,7.7,18225.0,15310.0,2914.0,551.0,1648.0,529.0,10627.0,101945.0,2369.0,625.0,21.1,5538.0,4.0,31.0,120.0,152599.0,62.7,133348.0,19251.0,12.6,138783.0,62.4,122757.0,16027.0,11.5,37208.0,38.5,32827.0,4381.0,11.8,28296.0,64.2,23305.0,4991.0,15756.0,156090.0,62.1,136177.0,19913.0,12.8,95314.0,138753.0,62.3,123109.0,107824.0,15286.0,15644.0,12748.0,2896.0,11.3,69204.0,50.7,61590.0,7614.0,11.0,67273.0,37244.0,38.6,32963.0,26851.0,6111.0,4281.0,3001.0,1280.0,11.5,59278.0,10095.0,18.6,8767.0,1328.0,13.2,44215.0,122552.0,60.9,107761.0,91221.0,16539.0,14792.0,12.1,78602.0,19815.0,59.5,16530.0,14065.0,2465.0,3285.0,16.6,13479.0,9932.0,60.6,8462.0,7416.0,1046.0
2020-06-01,159994.0,61.5,142342.0,54.7,119244.0,23081.0,17652.0,11.0,22.5,10.1,11.2,10.0,15.3,13.6,14.5,16.4,12.3,10.8,6.8,2909.0,11522.0,3272.0,1355.0,14.4,13.4,14174.0,10535.0,3639.0,563.0,2292.0,572.0,9109.0,100210.0,2415.0,675.0,18.0,6226.0,4.4,9.0,109.0,154489.0,63.4,138075.0,16414.0,10.6,140402.0,63.0,126799.0,13603.0,9.7,37748.0,39.1,34143.0,3604.0,9.5,28778.0,65.2,24592.0,4186.0,15354.0,158487.0,63.0,141067.0,17420.0,11.0,93072.0,139814.0,62.8,126259.0,110519.0,15739.0,13556.0,11081.0,2474.0,9.7,69630.0,51.0,63340.0,6290.0,9.0,66950.0,37471.0,38.8,33851.0,27581.0,6270.0,3620.0,2503.0,1117.0,9.7,59193.0,10289.0,18.9,9178.0,1111.0,10.8,44171.0,124744.0,62.0,112020.0,93838.0,18181.0,12725.0,10.2,76488.0,20134.0,60.4,17019.0,14497.0,2522.0,3115.0,15.5,13189.0,10202.0,61.9,8786.0,7678.0,1108.0
2020-07-01,160132.0,61.5,143779.0,55.2,119948.0,23884.0,16352.0,10.2,19.2,9.4,10.5,9.2,14.3,12.0,12.8,14.9,10.7,9.6,6.7,3140.0,5145.0,8011.0,1544.0,17.0,14.7,12945.0,9268.0,3677.0,587.0,2294.0,539.0,8418.0,100241.0,1965.0,658.0,16.5,6629.0,4.6,10.0,136.0,154625.0,63.4,139328.0,15297.0,9.9,140462.0,63.0,127786.0,12675.0,9.0,38086.0,39.3,34751.0,3335.0,8.8,28690.0,64.9,25011.0,3679.0,15522.0,158734.0,63.1,142368.0,16366.0,10.3,92752.0,139895.0,62.8,126985.0,110799.0,16186.0,12910.0,10686.0,2224.0,9.2,69775.0,51.0,63808.0,5966.0,8.6,66913.0,37894.0,39.1,34481.0,27945.0,6536.0,3413.0,2490.0,923.0,9.0,58933.0,10509.0,19.2,9515.0,994.0,9.5,44119.0,124664.0,61.9,112913.0,94113.0,18800.0,11752.0,9.4,76655.0,20321.0,60.9,17283.0,14810.0,2472.0,3038.0,15.0,13031.0,10481.0,63.8,9207.0,8029.0,1178.0
2020-08-01,160706.0,61.7,147245.0,56.5,122555.0,24711.0,13461.0,8.4,16.5,7.9,8.3,7.3,12.8,10.5,10.4,12.4,9.9,7.8,5.3,2316.0,3105.0,8137.0,1632.0,19.9,16.2,10249.0,6161.0,4088.0,615.0,2033.0,545.0,7553.0,99852.0,2129.0,574.0,14.2,6781.0,4.6,44.0,133.0,155094.0,63.6,142561.0,12532.0,8.1,140749.0,63.1,130175.0,10575.0,7.5,38232.0,39.4,35320.0,2912.0,7.6,28844.0,65.1,25836.0,3008.0,15457.0,158610.0,63.0,145182.0,13428.0,8.5,92989.0,140444.0,63.0,129647.0,113199.0,16448.0,10797.0,9055.0,1742.0,7.7,70033.0,51.2,65010.0,5023.0,7.2,66786.0,38115.0,39.3,35147.0,28476.0,6672.0,2968.0,2229.0,739.0,7.8,58889.0,10571.0,19.3,9671.0,900.0,8.5,44245.0,124491.0,61.8,115205.0,96353.0,18852.0,9286.0,7.5,76927.0,20199.0,60.5,17551.0,14897.0,2654.0,2648.0,13.1,13187.0,10627.0,64.0,9491.0,8291.0,1201.0
2020-09-01,160174.0,61.4,147620.0,56.6,122565.0,25011.0,12554.0,7.8,16.0,7.3,7.8,7.0,12.0,8.9,10.2,10.5,9.1,8.2,4.8,2557.0,2735.0,7362.0,2445.0,21.5,17.5,9085.0,4621.0,4464.0,805.0,2083.0,539.0,6283.0,100569.0,1859.0,579.0,12.8,6489.0,4.4,76.0,249.0,154217.0,63.2,142616.0,11601.0,7.5,139735.0,62.6,129914.0,9820.0,7.0,37742.0,38.8,35189.0,2553.0,6.8,28856.0,65.0,25902.0,2954.0,15532.0,157908.0,62.7,145951.0,11957.0,7.6,93976.0,140035.0,62.7,130454.0,113093.0,17360.0,9581.0,8160.0,1421.0,6.8,69669.0,50.9,65204.0,4464.0,6.4,67279.0,37913.0,39.0,35428.0,28491.0,6937.0,2485.0,1972.0,514.0,6.6,59292.0,10727.0,19.5,9980.0,747.0,7.0,44322.0,124095.0,61.6,115603.0,95935.0,19668.0,8492.0,6.8,77420.0,19907.0,59.6,17609.0,14848.0,2761.0,2298.0,11.5,13513.0,10507.0,63.0,9581.0,8153.0,1427.0
2020-10-01,161003.0,61.7,149931.0,57.5,123780.0,26102.0,11072.0,6.9,13.8,6.8,6.4,6.0,10.9,7.5,8.8,9.8,8.2,6.6,4.2,2480.0,2342.0,6216.0,3591.0,22.0,19.0,7679.0,3194.0,4485.0,765.0,1992.0,517.0,6657.0,99922.0,1950.0,592.0,12.1,6721.0,4.5,31.0,181.0,155008.0,63.4,144764.0,10244.0,6.6,140154.0,62.7,131548.0,8606.0,6.1,37664.0,38.7,35608.0,2056.0,5.5,29200.0,65.7,26622.0,2578.0,15275.0,158966.0,63.0,148588.0,10378.0,6.5,93267.0,140528.0,62.9,132215.0,113964.0,18250.0,8313.0,7218.0,1095.0,5.9,69887.0,51.0,66097.0,3790.0,5.4,67190.0,37827.0,38.8,35850.0,28501.0,7349.0,1977.0,1567.0,410.0,5.2,59545.0,10645.0,19.3,10093.0,553.0,5.2,44573.0,124735.0,61.9,117599.0,96908.0,20691.0,7135.0,5.7,76876.0,20249.0,60.5,18109.0,15176.0,2933.0,2140.0,10.6,13204.0,10365.0,62.7,9588.0,7972.0,1616.0
2020-11-01,160629.0,61.5,149934.0,57.4,124433.0,25455.0,10694.0,6.7,13.8,6.6,6.1,6.0,10.3,6.7,8.5,9.4,7.7,6.4,4.2,2491.0,2440.0,5810.0,3924.0,23.3,18.3,7470.0,2800.0,4670.0,688.0,1970.0,556.0,6635.0,100456.0,2033.0,650.0,11.9,6584.0,4.4,60.0,345.0,154703.0,63.3,144827.0,9876.0,6.4,139933.0,62.6,131554.0,8379.0,6.0,37764.0,38.7,35580.0,2184.0,5.8,29210.0,65.6,26716.0,2494.0,15349.0,158437.0,62.8,148456.0,9981.0,6.3,93873.0,140215.0,62.7,132142.0,113910.0,18231.0,8074.0,7131.0,943.0,5.8,69899.0,51.0,66084.0,3814.0,5.5,67287.0,37895.0,38.9,35748.0,28366.0,7382.0,2147.0,1720.0,427.0,5.7,59592.0,10800.0,19.5,10206.0,594.0,5.5,44538.0,124065.0,61.5,117041.0,96581.0,20461.0,7024.0,5.7,77620.0,20166.0,60.2,18184.0,15376.0,2808.0,1982.0,9.8,13320.0,10366.0,62.6,9675.0,8124.0,1552.0
2020-12-01,160745.0,61.5,149975.0,57.4,124895.0,24910.0,10770.0,6.7,15.8,6.4,6.3,6.1,10.0,6.0,9.3,9.9,7.9,6.4,3.9,2913.0,2344.0,5541.0,3967.0,23.2,16.8,7293.0,3062.0,4231.0,754.0,2271.0,507.0,6142.0,100485.0,2180.0,655.0,11.7,6406.0,4.3,111.0,221.0,154807.0,63.3,144978.0,9829.0,6.3,139970.0,62.6,131738.0,8233.0,5.9,37621.0,38.6,35368.0,2253.0,6.0,29217.0,65.5,26498.0,2720.0,15422.0,158096.0,62.6,147920.0,10176.0,6.4,94258.0,139885.0,62.5,131817.0,114025.0,17792.0,8068.0,7052.0,1016.0,5.8,69654.0,50.7,65772.0,3881.0,5.6,67634.0,37582.0,38.5,35391.0,28253.0,7138.0,2191.0,1808.0,383.0,5.8,59998.0,10604.0,19.1,9978.0,626.0,5.9,44849.0,123828.0,61.4,116479.0,96535.0,19944.0,7348.0,5.9,77921.0,19919.0,59.4,18066.0,15237.0,2829.0,1853.0,9.3,13597.0,10259.0,61.9,9664.0,8303.0,1361.0
2021-01-01,160088.0,61.4,149852.0,57.4,125239.0,24536.0,10236.0,6.4,15.0,6.1,6.0,5.7,9.4,6.7,8.5,9.0,7.0,6.1,4.0,2287.0,2472.0,5381.0,4032.0,25.9,16.1,7017.0,2739.0,4277.0,652.0,2027.0,568.0,5947.0,100763.0,1932.0,621.0,11.2,6645.0,4.4,176.0,382.0,154196.0,63.1,144843.0,9353.0,6.1,139540.0,62.4,131672.0,7868.0,5.6,37267.0,38.2,35305.0,1961.0,5.3,28896.0,64.9,26436.0,2461.0,15625.0,157328.0,62.4,146767.0,10562.0,6.7,94741.0,139368.0,62.4,130921.0,113406.0,17514.0,8447.0,7350.0,1097.0,6.1,68927.0,50.3,65187.0,3740.0,5.4,68168.0,37122.0,38.1,35050.0,28088.0,6962.0,2072.0,1630.0,442.0,5.6,60323.0,10407.0,18.8,9842.0,564.0,5.4,44992.0,123054.0,61.0,115454.0,95890.0,19563.0,7601.0,6.2,78534.0,20087.0,60.0,18124.0,15347.0,2777.0,1963.0,9.8,13406.0,10231.0,62.3,9533.0,8150.0,1383.0
2021-02-01,160184.0,61.4,150189.0,57.6,125091.0,25052.0,9995.0,6.2,13.9,6.0,5.9,5.6,9.9,5.1,8.5,10.2,7.1,5.7,3.8,2197.0,2212.0,5523.0,4143.0,27.5,18.4,6578.0,2245.0,4333.0,707.0,2153.0,594.0,6087.0,100734.0,1933.0,529.0,11.1,6667.0,4.4,897.0,1878.0,154193.0,63.1,145030.0,9164.0,5.9,139652.0,62.5,131867.0,7785.0,5.6,37336.0,38.3,35344.0,1992.0,5.3,29189.0,65.5,26697.0,2492.0,15398.0,158009.0,62.7,147813.0,10196.0,6.5,94066.0,139962.0,62.6,131714.0,113868.0,17846.0,8249.0,7220.0,1028.0,5.9,69447.0,50.6,65686.0,3760.0,5.4,67709.0,37444.0,38.4,35350.0,28375.0,6975.0,2095.0,1672.0,423.0,5.6,60101.0,10262.0,18.5,9736.0,526.0,5.1,45270.0,123680.0,61.3,116369.0,96096.0,20273.0,7312.0,5.9,77926.0,20041.0,59.8,17989.0,15268.0,2721.0,2052.0,10.2,13470.0,10404.0,62.7,9873.0,8328.0,1544.0
2021-03-01,160400.0,61.5,150644.0,57.7,125762.0,25065.0,9756.0,6.1,13.0,5.9,5.7,5.4,9.7,6.0,8.0,8.5,6.6,5.9,3.7,2177.0,1972.0,5566.0,4171.0,29.6,20.3,6188.0,2028.0,4160.0,765.0,2302.0,507.0,5796.0,100603.0,1954.0,536.0,10.8,6873.0,4.6,116.0,314.0,154489.0,63.2,145499.0,8990.0,5.8,139806.0,62.5,132422.0,7384.0,5.3,37343.0,38.2,35609.0,1734.0,4.6,29191.0,65.4,26868.0,2323.0,15460.0,158418.0,62.8,148751.0,9666.0,6.1,93939.0,140284.0,62.7,132593.0,114575.0,18018.0,7691.0,6727.0,964.0,5.5,69415.0,50.6,66113.0,3302.0,4.8,67812.0,37467.0,38.4,35682.0,28643.0,7039.0,1785.0,1429.0,357.0,4.8,60168.0,10447.0,18.8,9919.0,527.0,5.0,45215.0,123768.0,61.4,116981.0,96791.0,20190.0,6787.0,5.5,77874.0,20283.0,60.5,18281.0,15296.0,2986.0,2002.0,9.9,13247.0,10433.0,63.1,9817.0,8392.0,1425.0
2021-04-01,160843.0,61.6,151081.0,57.9,126139.0,25062.0,9762.0,6.1,12.1,6.0,5.7,5.3,10.2,5.8,7.9,9.4,7.0,6.0,3.5,2411.0,1986.0,5322.0,4082.0,28.4,20.3,6347.0,2117.0,4230.0,818.0,2127.0,559.0,5227.0,100260.0,1828.0,555.0,10.3,6909.0,4.6,46.0,218.0,154753.0,63.3,145730.0,9023.0,5.8,140145.0,62.6,132647.0,7498.0,5.3,37588.0,38.5,35701.0,1887.0,5.0,29170.0,65.2,26855.0,2315.0,15549.0,158279.0,62.7,149281.0,8998.0,5.7,94121.0,140220.0,62.7,133034.0,115331.0,17703.0,7187.0,6345.0,841.0,5.1,69479.0,50.6,66166.0,3313.0,4.8,67827.0,37618.0,38.5,35800.0,28838.0,6962.0,1818.0,1479.0,339.0,4.8,60118.0,10502.0,18.8,10008.0,495.0,4.7,45293.0,123638.0,61.3,117458.0,97338.0,20120.0,6180.0,5.0,78049.0,20488.0,61.1,18555.0,15634.0,2921.0,1932.0,9.4,13064.0,10294.0,62.3,9722.0,8341.0,1381.0
2021-05-01,160800.0,61.6,151535.0,58.0,126459.0,25280.0,9266.0,5.8,9.7,5.8,5.3,5.1,9.0,5.7,7.2,9.0,6.9,5.9,3.1,1997.0,2181.0,5003.0,3707.0,29.6,19.5,5768.0,1837.0,3931.0,792.0,2186.0,511.0,5244.0,100410.0,1929.0,573.0,10.1,7287.0,4.8,43.0,201.0,154801.0,63.2,146117.0,8684.0,5.6,140170.0,62.6,133017.0,7153.0,5.1,37647.0,38.5,35829.0,1818.0,4.8,29120.0,65.0,27008.0,2111.0,15666.0,158440.0,62.7,149812.0,8629.0,5.4,94091.0,140135.0,62.6,133369.0,115894.0,17474.0,6767.0,6033.0,733.0,4.8,69482.0,50.6,66333.0,3149.0,4.5,67911.0,37670.0,38.5,35949.0,28849.0,7100.0,1721.0,1380.0,341.0,4.6,60177.0,10467.0,18.7,9930.0,537.0,5.1,45451.0,123766.0,61.3,117808.0,97957.0,19851.0,5958.0,4.8,77976.0,20409.0,60.8,18603.0,15822.0,2782.0,1806.0,8.8,13163.0,10401.0,62.9,9834.0,8414.0,1420.0
2021-06-01,161197.0,61.7,151734.0,58.1,126119.0,25647.0,9462.0,5.9,11.3,5.8,5.5,5.2,9.1,5.5,7.3,10.3,7.0,5.8,3.4,2001.0,2177.0,5315.0,3988.0,32.0,19.8,5675.0,1729.0,3946.0,950.0,2287.0,494.0,4640.0,100142.0,1803.0,623.0,9.8,7114.0,4.7,15.0,103.0,155340.0,63.4,146537.0,8803.0,5.7,140669.0,62.8,133145.0,7524.0,5.3,37696.0,38.5,35863.0,1834.0,4.9,29287.0,65.3,27147.0,2140.0,15570.0,159583.0,63.1,150086.0,9497.0,6.0,93331.0,140047.0,62.5,132582.0,115445.0,17137.0,7465.0,6561.0,903.0,5.3,69157.0,50.3,65859.0,3299.0,4.8,68333.0,37407.0,38.2,35554.0,28548.0,7006.0,1853.0,1479.0,374.0,5.0,60569.0,10420.0,18.6,9822.0,598.0,5.7,45642.0,124582.0,61.7,117832.0,98054.0,19779.0,6750.0,5.4,77231.0,20846.0,62.1,18881.0,16098.0,2783.0,1966.0,9.4,12749.0,10465.0,63.7,9851.0,8458.0,1393.0
2021-07-01,161504.0,61.8,152773.0,58.4,127445.0,25377.0,8731.0,5.4,10.5,5.4,5.0,4.8,8.1,5.3,6.4,9.3,6.2,4.9,3.1,2245.0,1851.0,4637.0,3477.0,29.8,14.7,5010.0,1285.0,3725.0,924.0,2286.0,485.0,4451.0,99966.0,1858.0,496.0,9.2,7075.0,4.6,58.0,191.0,155546.0,63.5,147440.0,8106.0,5.2,140859.0,62.8,134139.0,6720.0,4.8,37659.0,38.4,36009.0,1650.0,4.4,29507.0,65.7,27609.0,1898.0,15420.0,160057.0,63.3,151189.0,8868.0,5.5,92955.0,140295.0,62.6,133327.0,116464.0,16864.0,6967.0,6081.0,887.0,5.0,69171.0,50.3,66167.0,3004.0,4.3,68418.0,37469.0,38.2,35741.0,28972.0,6769.0,1728.0,1369.0,359.0,4.6,60625.0,10303.0,18.3,9760.0,543.0,5.3,45890.0,125285.0,62.1,118974.0,99450.0,19524.0,6311.0,5.0,76602.0,20692.0,61.6,18883.0,16044.0,2839.0,1809.0,8.7,12926.0,10703.0,64.8,10118.0,8713.0,1406.0
2021-08-01,161527.0,61.7,153250.0,58.6,127551.0,25705.0,8276.0,5.1,11.0,5.0,4.7,4.5,8.6,4.4,6.0,7.6,6.0,5.0,2.8,2082.0,1932.0,4356.0,3189.0,29.5,14.2,4444.0,1234.0,3211.0,828.0,2416.0,510.0,4450.0,100084.0,1601.0,395.0,8.8,7031.0,4.6,47.0,153.0,155576.0,63.5,147956.0,7620.0,4.9,140858.0,62.8,134588.0,6270.0,4.5,37814.0,38.5,36342.0,1472.0,3.9,29441.0,65.4,27666.0,1775.0,15562.0,159252.0,63.0,150966.0,8286.0,5.2,93671.0,140582.0,62.7,134068.0,117012.0,17055.0,6514.0,5615.0,900.0,4.6,69531.0,50.5,66665.0,2867.0,4.1,68184.0,37715.0,38.4,36186.0,29287.0,6899.0,1529.0,1184.0,345.0,4.1,60565.0,10657.0,18.9,10161.0,496.0,4.7,45780.0,124329.0,61.6,118601.0,99352.0,19249.0,5728.0,4.6,77639.0,20823.0,61.9,18934.0,15972.0,2962.0,1889.0,9.1,12822.0,10672.0,64.5,10181.0,8869.0,1312.0
2021-09-01,161495.0,61.7,153843.0,58.8,128039.0,25757.0,7652.0,4.7,11.1,4.7,4.3,4.2,7.7,4.1,6.2,7.6,5.7,4.5,2.6,2249.0,1728.0,3715.0,2714.0,28.5,13.2,4079.0,1123.0,2956.0,789.0,2230.0,501.0,4457.0,100271.0,1672.0,430.0,8.4,7040.0,4.6,94.0,404.0,155485.0,63.4,148503.0,6982.0,4.5,140748.0,62.7,134926.0,5822.0,4.1,37862.0,38.5,36523.0,1340.0,3.5,29629.0,65.7,27784.0,1845.0,15454.0,159112.0,62.9,151955.0,7157.0,4.5,93782.0,141075.0,62.8,135481.0,117463.0,18018.0,5594.0,4941.0,653.0,4.0,70069.0,50.8,67616.0,2454.0,3.5,67778.0,38046.0,38.7,36778.0,29217.0,7562.0,1268.0,1047.0,221.0,3.3,60372.0,10840.0,19.2,10489.0,351.0,3.2,45766.0,124134.0,61.4,119154.0,98843.0,20311.0,4980.0,4.0,77923.0,20588.0,61.1,19063.0,16254.0,2810.0,1524.0,7.4,13086.0,10683.0,64.6,10245.0,8796.0,1449.0
2021-10-01,161754.0,61.8,154475.0,59.0,128471.0,25963.0,7279.0,4.5,11.3,4.3,4.2,3.9,7.6,4.1,5.7,7.1,5.4,4.3,2.4,2065.0,1876.0,3345.0,2371.0,26.8,12.4,3664.0,1012.0,2652.0,846.0,2162.0,533.0,4413.0,100154.0,1663.0,458.0,8.2,7017.0,4.5,27.0,170.0,155760.0,63.5,149155.0,6604.0,4.2,140895.0,62.7,135364.0,5531.0,3.9,37742.0,38.3,36420.0,1322.0,3.5,29724.0,65.8,28043.0,1681.0,15435.0,159674.0,63.1,152967.0,6707.0,4.2,93401.0,141274.0,62.9,136030.0,117747.0,18282.0,5244.0,4534.0,711.0,3.7,69887.0,50.7,67536.0,2351.0,3.4,68086.0,37916.0,38.5,36674.0,29220.0,7454.0,1241.0,970.0,272.0,3.3,60614.0,10854.0,19.1,10463.0,392.0,3.6,45901.0,124407.0,61.5,119891.0,99375.0,20516.0,4517.0,3.6,77731.0,20689.0,61.4,19120.0,16240.0,2880.0,1568.0,7.6,13011.0,10756.0,65.2,10312.0,8651.0,1660.0
2021-11-01,162281.0,61.9,155530.0,59.4,129440.0,26049.0,6751.0,4.2,10.9,3.9,3.9,3.7,6.4,3.8,5.0,5.6,5.1,3.7,2.3,1993.0,1679.0,3065.0,2181.0,28.9,12.3,3334.0,863.0,2471.0,838.0,2139.0,425.0,4307.0,99747.0,1563.0,445.0,7.7,7067.0,4.5,37.0,163.0,156298.0,63.6,150198.0,6100.0,3.9,141292.0,62.8,136267.0,5025.0,3.6,37854.0,38.4,36647.0,1207.0,3.2,30040.0,66.4,28529.0,1511.0,15192.0,159855.0,63.2,153771.0,6084.0,3.8,93069.0,141566.0,63.0,136848.0,118404.0,18444.0,4718.0,4143.0,575.0,3.3,69931.0,50.6,67871.0,2060.0,2.9,68158.0,37985.0,38.5,36815.0,29295.0,7520.0,1169.0,930.0,240.0,3.1,60672.0,10979.0,19.3,10629.0,350.0,3.2,45928.0,124666.0,61.7,120431.0,99607.0,20824.0,4234.0,3.4,77533.0,20478.0,60.7,19232.0,16483.0,2750.0,1246.0,6.1,13247.0,10767.0,65.2,10365.0,8675.0,1690.0
2021-12-01,162497.0,62.0,156099.0,59.5,130331.0,25602.0,6398.0,3.9,11.0,3.7,3.6,3.3,7.0,3.8,4.6,5.4,4.5,3.5,2.1,1985.0,1596.0,2787.0,1993.0,28.0,11.5,3080.0,776.0,2305.0,722.0,2064.0,510.0,3945.0,99639.0,1662.0,460.0,7.3,7354.0,4.7,74.0,214.0,156558.0,63.7,150814.0,5744.0,3.7,141510.0,62.9,136836.0,4674.0,3.3,37971.0,38.5,36868.0,1103.0,2.9,29895.0,66.0,28507.0,1389.0,15407.0,159528.0,63.1,153766.0,5762.0,3.6,93482.0,141389.0,62.9,136907.0,118880.0,18027.0,4482.0,3871.0,611.0,3.2,69821.0,50.5,67922.0,1899.0,2.7,68376.0,37931.0,38.4,36891.0,29378.0,7512.0,1040.0,792.0,248.0,2.7,60810.0,11058.0,19.4,10769.0,289.0,2.6,45960.0,124427.0,61.5,120536.0,100091.0,20445.0,3891.0,3.1,77823.0,20364.0,60.3,19045.0,16318.0,2727.0,1319.0,6.5,13385.0,10727.0,64.6,10344.0,8775.0,1569.0
2022-01-01,163627.0,62.2,157115.0,59.7,131310.0,25715.0,6512.0,4.0,11.1,3.7,3.7,3.4,7.0,3.6,4.7,6.4,4.5,3.5,2.3,2469.0,1610.0,2507.0,1656.0,24.5,10.0,3274.0,986.0,2288.0,950.0,1970.0,446.0,3720.0,99576.0,1528.0,405.0,7.1,7460.0,4.7,211.0,747.0,157387.0,63.9,151569.0,5818.0,3.7,142766.0,63.4,137912.0,4855.0,3.4,38379.0,39.1,37183.0,1196.0,3.1,30334.0,66.3,28910.0,1424.0,15406.0,160617.0,63.2,153653.0,6964.0,4.3,93492.0,142512.0,63.2,137141.0,119153.0,17987.0,5371.0,4666.0,705.0,3.8,70623.0,51.1,68364.0,2259.0,3.2,67600.0,38233.0,39.0,36927.0,29695.0,7232.0,1306.0,1002.0,304.0,3.4,59926.0,10649.0,19.1,10274.0,375.0,3.5,45157.0,125148.0,61.7,120320.0,100029.0,20291.0,4828.0,3.9,77671.0,20914.0,61.6,19392.0,16428.0,2964.0,1522.0,7.3,13063.0,10806.0,63.9,10403.0,8831.0,1572.0
2022-02-01,163899.0,62.2,157598.0,59.8,131837.0,25719.0,6301.0,3.8,10.2,3.6,3.7,3.3,6.7,2.9,4.4,4.4,4.4,3.7,2.1,2125.0,1769.0,2425.0,1689.0,26.3,10.1,2999.0,864.0,2135.0,964.0,1945.0,429.0,4126.0,99425.0,1492.0,393.0,7.2,7423.0,4.7,161.0,592.0,157790.0,64.1,152111.0,5679.0,3.6,143028.0,63.4,138393.0,4636.0,3.2,38474.0,39.2,37324.0,1149.0,3.0,30496.0,66.6,29165.0,1331.0,15320.0,161410.0,63.5,154861.0,6549.0,4.1,92754.0,143296.0,63.6,138240.0,120145.0,18095.0,5056.0,4401.0,655.0,3.5,70897.0,51.3,68744.0,2153.0,3.0,67427.0,38570.0,39.3,37317.0,29775.0,7542.0,1253.0,993.0,260.0,3.2,59686.0,10829.0,19.4,10475.0,355.0,3.3,45098.0,126014.0,62.1,121402.0,100753.0,20649.0,4612.0,3.7,76861.0,21003.0,61.8,19566.0,16534.0,3032.0,1437.0,6.8,13001.0,10567.0,63.0,10256.0,8788.0,1468.0
2022-03-01,164220.0,62.3,158206.0,60.1,132573.0,25830.0,6014.0,3.7,10.2,3.4,3.4,3.2,6.3,2.8,4.2,5.5,4.0,3.1,1.9,2302.0,1706.0,1995.0,1380.0,24.2,8.8,2749.0,728.0,2021.0,785.0,2038.0,472.0,4149.0,99224.0,1412.0,381.0,7.0,7355.0,4.6,89.0,394.0,157962.0,64.1,152586.0,5376.0,3.4,143139.0,63.5,138945.0,4194.0,2.9,38296.0,38.9,37285.0,1011.0,2.6,30457.0,66.4,29171.0,1286.0,15431.0,161996.0,63.7,156026.0,5970.0,3.7,92385.0,143600.0,63.7,139145.0,120867.0,18278.0,4456.0,3823.0,633.0,3.1,70969.0,51.3,69115.0,1854.0,2.6,67455.0,38417.0,39.0,37357.0,29843.0,7514.0,1061.0,769.0,292.0,2.8,59982.0,10736.0,19.1,10415.0,320.0,3.0,45378.0,126302.0,62.2,122122.0,101351.0,20771.0,4180.0,3.3,76630.0,21026.0,61.8,19695.0,16694.0,3002.0,1331.0,6.3,13003.0,10784.0,64.2,10493.0,9002.0,1491.0
2022-04-01,163893.0,62.2,157891.0,59.9,131854.0,26145.0,6002.0,3.7,10.7,3.5,3.3,3.3,6.1,3.1,4.2,5.4,3.8,3.1,2.0,2279.0,1603.0,2015.0,1386.0,24.8,8.6,2902.0,902.0,2000.0,793.0,1863.0,508.0,4018.0,99666.0,1619.0,460.0,7.0,7562.0,4.8,77.0,403.0,157664.0,64.0,152327.0,5337.0,3.4,143018.0,63.4,138737.0,4281.0,3.0,38265.0,38.8,37201.0,1064.0,2.8,30365.0,66.1,29083.0,1282.0,15598.0,161137.0,63.3,155876.0,5261.0,3.3,93443.0,143127.0,63.4,139140.0,120804.0,18336.0,3987.0,3346.0,641.0,2.8,70565.0,50.9,68922.0,1643.0,2.3,67957.0,38287.0,38.9,37292.0,29833.0,7459.0,996.0,786.0,209.0,2.6,60241.0,10643.0,18.9,10340.0,303.0,2.8,45644.0,125320.0,61.7,121625.0,100755.0,20871.0,3694.0,2.9,77663.0,21176.0,62.2,19992.0,16970.0,3022.0,1184.0,5.6,12880.0,10763.0,64.0,10453.0,9029.0,1423.0
2022-05-01,164362.0,62.3,158378.0,60.1,132685.0,25873.0,5983.0,3.6,10.5,3.4,3.4,3.2,6.2,2.5,4.4,5.2,3.7,3.4,1.9,2030.0,1760.0,2035.0,1294.0,22.4,9.0,2703.0,822.0,1881.0,772.0,1951.0,536.0,4314.0,99317.0,1458.0,397.0,7.1,7354.0,4.6,18.0,98.0,158150.0,64.1,152818.0,5331.0,3.4,143393.0,63.5,139110.0,4284.0,3.0,38440.0,39.0,37403.0,1037.0,2.7,30548.0,66.4,29199.0,1348.0,15491.0,161844.0,63.5,156542.0,5303.0,3.3,92888.0,143389.0,63.5,139471.0,121431.0,18040.0,3919.0,3330.0,589.0,2.7,70702.0,51.0,69089.0,1612.0,2.3,67918.0,38458.0,39.0,37516.0,30124.0,7392.0,941.0,659.0,282.0,2.4,60188.0,10839.0,19.2,10533.0,306.0,2.8,45605.0,125560.0,61.8,121823.0,101544.0,20279.0,3737.0,3.0,77479.0,21441.0,62.9,20147.0,17321.0,2826.0,1294.0,6.0,12638.0,10854.0,64.5,10613.0,9070.0,1544.0
2022-06-01,164046.0,62.2,158094.0,59.9,132512.0,25578.0,5951.0,3.6,11.1,3.4,3.3,3.3,5.8,2.9,4.3,5.7,3.6,3.1,2.0,2256.0,1525.0,2105.0,1355.0,22.3,8.0,2577.0,753.0,1825.0,839.0,2009.0,449.0,3642.0,99789.0,1498.0,381.0,6.7,7568.0,4.8,12.0,131.0,157810.0,64.0,152549.0,5261.0,3.3,142907.0,63.3,138659.0,4248.0,3.0,38252.0,38.7,37202.0,1050.0,2.7,30640.0,66.4,29309.0,1332.0,15479.0,162200.0,63.6,156283.0,5917.0,3.6,92729.0,142298.0,63.0,138087.0,120748.0,17340.0,4211.0,3662.0,549.0,3.0,70152.0,50.6,68344.0,1808.0,2.6,68585.0,37956.0,38.4,36887.0,29682.0,7205.0,1069.0,786.0,283.0,2.8,60823.0,10667.0,18.8,10336.0,331.0,3.1,45956.0,126371.0,62.2,121949.0,102214.0,19734.0,4422.0,3.5,76754.0,21379.0,62.7,20082.0,17401.0,2681.0,1297.0,6.1,12728.0,10954.0,64.8,10602.0,9146.0,1456.0
2022-07-01,164026.0,62.1,158258.0,59.9,132447.0,25885.0,5768.0,3.5,11.3,3.3,3.1,3.1,5.9,2.7,4.0,5.8,3.6,2.8,2.0,2084.0,1858.0,1817.0,1120.0,22.2,8.3,2660.0,871.0,1788.0,841.0,1807.0,486.0,3930.0,99985.0,1557.0,430.0,6.8,7639.0,4.8,33.0,133.0,157858.0,63.9,152789.0,5069.0,3.2,142929.0,63.2,138880.0,4049.0,2.8,38242.0,38.7,37282.0,960.0,2.5,30360.0,65.7,29149.0,1210.0,15841.0,162424.0,63.7,156510.0,5914.0,3.6,92629.0,142378.0,63.0,138075.0,120936.0,17139.0,4303.0,3611.0,692.0,3.0,70334.0,50.6,68463.0,1872.0,2.7,68531.0,38063.0,38.5,37027.0,29871.0,7155.0,1036.0,722.0,314.0,2.7,60846.0,10719.0,18.9,10333.0,386.0,3.6,46058.0,126611.0,62.3,122376.0,102392.0,19984.0,4235.0,3.3,76618.0,21418.0,62.7,20027.0,17342.0,2685.0,1391.0,6.5,12720.0,11050.0,65.3,10731.0,9223.0,1509.0
2022-08-01,164654.0,62.3,158735.0,60.1,132500.0,26228.0,5919.0,3.6,10.1,3.4,3.2,3.1,6.4,2.7,4.5,6.0,4.4,3.0,1.9,2190.0,1845.0,2039.0,1231.0,22.4,8.6,2763.0,813.0,1950.0,900.0,1810.0,427.0,4125.0,99530.0,1455.0,367.0,6.9,7759.0,4.9,29.0,159.0,158195.0,64.0,152929.0,5266.0,3.3,143386.0,63.4,139114.0,4272.0,3.0,38104.0,38.5,37097.0,1007.0,2.6,30923.0,66.8,29546.0,1378.0,15364.0,162174.0,63.6,156168.0,6006.0,3.7,92782.0,143131.0,63.3,138604.0,121416.0,17188.0,4527.0,3845.0,682.0,3.2,70636.0,50.8,68651.0,1985.0,2.8,68375.0,38023.0,38.4,36959.0,29697.0,7262.0,1064.0,748.0,317.0,2.8,61045.0,10860.0,19.1,10508.0,351.0,3.2,46125.0,126264.0,62.1,122115.0,102268.0,19848.0,4148.0,3.3,77061.0,21259.0,62.2,19824.0,17072.0,2752.0,1436.0,6.8,12912.0,11166.0,65.7,10841.0,9413.0,1428.0
2022-09-01,164602.0,62.3,158810.0,60.1,132556.0,26197.0,5792.0,3.5,11.3,3.3,3.1,3.0,5.8,2.4,3.9,5.5,3.7,2.9,1.8,2168.0,1627.0,1981.0,1118.0,20.2,8.1,2530.0,797.0,1733.0,904.0,1804.0,463.0,3850.0,99753.0,1558.0,480.0,6.7,7746.0,4.9,28.0,75.0,158294.0,64.0,153213.0,5081.0,3.2,143396.0,63.3,139422.0,3974.0,2.8,38361.0,38.7,37437.0,924.0,2.4,30682.0,66.2,29473.0,1209.0,15691.0,162091.0,63.6,156888.0,5204.0,3.2,92820.0,143753.0,63.5,140000.0,121971.0,18028.0,3753.0,3272.0,481.0,2.6,71297.0,51.2,69814.0,1483.0,2.1,67859.0,38560.0,38.9,37709.0,30128.0,7581.0,851.0,643.0,208.0,2.2,60631.0,11250.0,19.7,11004.0,247.0,2.2,45897.0,126036.0,62.0,122403.0,101828.0,20575.0,3633.0,2.9,77383.0,21218.0,62.0,20041.0,17295.0,2746.0,1177.0,5.5,12986.0,11151.0,65.1,10882.0,9376.0,1506.0
2022-10-01,164648.0,62.2,158684.0,60.0,132163.0,26460.0,5964.0,3.6,10.6,3.3,3.4,3.2,5.8,2.9,4.2,6.2,4.0,3.0,1.9,2204.0,1803.0,1984.0,1214.0,20.8,8.0,2683.0,838.0,1845.0,863.0,1862.0,497.0,3675.0,99888.0,1493.0,372.0,6.7,7518.0,4.7,35.0,144.0,158359.0,64.0,153062.0,5296.0,3.3,143493.0,63.3,139212.0,4281.0,3.0,38505.0,38.8,37580.0,925.0,2.4,30795.0,66.3,29493.0,1302.0,15664.0,162358.0,63.6,156951.0,5407.0,3.3,92733.0,143886.0,63.5,139873.0,121534.0,18338.0,4013.0,3392.0,621.0,2.8,71265.0,51.2,69586.0,1679.0,2.4,68041.0,38688.0,39.0,37844.0,30245.0,7600.0,844.0,609.0,235.0,2.2,60626.0,11356.0,19.8,11113.0,243.0,2.1,45951.0,126215.0,62.0,122490.0,101647.0,20843.0,3725.0,3.0,77308.0,21368.0,62.4,20124.0,17096.0,3028.0,1244.0,5.8,12869.0,11100.0,64.8,10776.0,9219.0,1557.0
2022-11-01,164450.0,62.1,158507.0,59.9,132254.0,26188.0,5943.0,3.6,11.3,3.3,3.3,3.3,5.6,2.6,4.0,4.4,3.9,3.2,2.0,2253.0,1663.0,2039.0,1244.0,21.5,8.2,2737.0,796.0,1940.0,828.0,1798.0,560.0,3724.0,100258.0,1467.0,404.0,6.7,7659.0,4.8,95.0,570.0,157979.0,63.8,152764.0,5215.0,3.3,143147.0,63.2,138910.0,4236.0,3.0,38311.0,38.5,37387.0,924.0,2.4,30654.0,65.9,29434.0,1220.0,15890.0,161839.0,63.4,156585.0,5254.0,3.2,93532.0,143425.0,63.3,139478.0,121149.0,18329.0,3947.0,3294.0,653.0,2.8,70938.0,50.9,69255.0,1683.0,2.4,68505.0,38443.0,38.7,37555.0,29903.0,7652.0,888.0,599.0,289.0,2.3,61014.0,11085.0,19.3,10740.0,345.0,3.1,46397.0,125707.0,61.7,121967.0,101118.0,20848.0,3741.0,3.0,77910.0,21354.0,62.3,20203.0,17246.0,2958.0,1151.0,5.4,12917.0,10968.0,64.6,10686.0,9116.0,1571.0
2022-12-01,165025.0,62.3,159259.0,60.1,132326.0,26729.0,5766.0,3.5,10.5,3.2,3.2,3.1,5.7,2.5,4.2,5.0,3.5,2.9,1.9,2229.0,1645.0,1894.0,1073.0,19.4,8.2,2614.0,784.0,1831.0,820.0,1810.0,499.0,3887.0,99819.0,1257.0,411.0,6.6,8020.0,5.0,133.0,395.0,158690.0,64.1,153588.0,5101.0,3.2,143693.0,63.4,139661.0,4031.0,2.8,38646.0,38.8,37625.0,1021.0,2.6,30966.0,66.4,29659.0,1306.0,15659.0,161798.0,63.3,156621.0,5177.0,3.2,93768.0,143540.0,63.3,139705.0,120845.0,18859.0,3835.0,3210.0,625.0,2.7,71214.0,51.0,69524.0,1690.0,2.4,68347.0,38596.0,38.8,37636.0,29738.0,7898.0,960.0,621.0,340.0,2.5,60957.0,11136.0,19.3,10819.0,317.0,2.9,46482.0,125934.0,61.8,122301.0,100862.0,21439.0,3633.0,2.9,77750.0,21278.0,62.0,20146.0,17318.0,2827.0,1132.0,5.3,13023.0,10890.0,64.0,10650.0,9094.0,1555.0
2023-01-01,165964.0,62.4,160217.0,60.2,132789.0,27321.0,5747.0,3.5,10.4,3.2,3.1,3.1,5.4,2.9,4.6,4.6,3.7,2.9,2.0,1941.0,1796.0,2008.0,1087.0,20.3,9.7,2576.0,757.0,1820.0,883.0,1809.0,556.0,4041.0,99998.0,1349.0,331.0,6.7,8008.0,5.0,251.0,382.0,159594.0,64.1,154512.0,5081.0,3.2,143939.0,63.5,139902.0,4037.0,2.8,38334.0,38.7,37454.0,880.0,2.3,31196.0,66.4,29757.0,1439.0,15814.0,162797.0,63.4,156659.0,6138.0,3.8,93891.0,143628.0,63.4,139108.0,120147.0,18961.0,4520.0,3867.0,653.0,3.1,70713.0,50.9,68861.0,1851.0,2.6,68319.0,38177.0,38.5,37188.0,29116.0,8072.0,989.0,727.0,262.0,2.6,60936.0,10989.0,19.1,10665.0,325.0,3.0,46557.0,126133.0,61.8,121675.0,99847.0,21828.0,4458.0,3.5,77928.0,21544.0,62.5,20335.0,17363.0,2972.0,1209.0,5.6,12943.0,11196.0,63.8,10856.0,9359.0,1498.0
2023-02-01,166358.0,62.5,160395.0,60.3,133351.0,26991.0,5962.0,3.6,11.1,3.3,3.3,3.2,5.8,3.4,5.5,5.9,3.6,3.3,2.0,2272.0,1841.0,1870.0,1056.0,19.3,8.9,2773.0,817.0,1956.0,893.0,1837.0,517.0,4063.0,99754.0,1416.0,361.0,6.8,7899.0,4.9,174.0,493.0,159922.0,64.2,154674.0,5248.0,3.3,144168.0,63.6,139923.0,4245.0,2.9,38082.0,38.4,37105.0,977.0,2.6,31542.0,67.0,29804.0,1738.0,15561.0,163990.0,63.8,157721.0,6269.0,3.8,92883.0,144419.0,63.7,139763.0,120836.0,18928.0,4655.0,3989.0,667.0,3.2,70883.0,51.0,68833.0,2049.0,2.9,68231.0,38164.0,38.5,37082.0,29182.0,7900.0,1081.0,794.0,287.0,2.8,60949.0,10974.0,19.1,10685.0,289.0,2.6,46585.0,126754.0,62.1,122285.0,100533.0,21752.0,4470.0,3.5,77364.0,21770.0,63.1,20488.0,17613.0,2875.0,1282.0,5.9,12749.0,11371.0,65.2,10982.0,9312.0,1669.0
2023-03-01,166651.0,62.6,160812.0,60.4,134366.0,26641.0,5839.0,3.5,9.8,3.4,3.1,3.3,5.0,2.9,4.7,5.0,4.0,3.0,2.0,2275.0,1746.0,1853.0,1061.0,19.5,8.4,2913.0,803.0,2109.0,840.0,1687.0,484.0,4089.0,99621.0,1316.0,357.0,6.7,7983.0,5.0,150.0,519.0,160276.0,64.3,155065.0,5211.0,3.3,144472.0,63.7,140307.0,4165.0,2.9,38272.0,38.6,37248.0,1024.0,2.7,31527.0,66.8,30047.0,1480.0,15666.0,164576.0,64.0,158731.0,5845.0,3.6,92575.0,144944.0,63.9,140518.0,121795.0,18723.0,4426.0,3781.0,645.0,3.1,71134.0,51.1,69201.0,1933.0,2.7,68068.0,38391.0,38.7,37318.0,29535.0,7783.0,1073.0,757.0,316.0,2.8,60815.0,11085.0,19.2,10789.0,296.0,2.7,46604.0,126976.0,62.2,122698.0,101294.0,21405.0,4278.0,3.4,77210.0,22062.0,63.9,20938.0,17925.0,3013.0,1124.0,5.1,12488.0,11421.0,65.1,11104.0,9377.0,1727.0
2023-04-01,166725.0,62.6,160974.0,60.4,134360.0,26698.0,5751.0,3.4,9.4,3.3,3.1,3.1,4.8,2.9,4.4,5.4,4.0,2.8,1.9,1869.0,1915.0,1851.0,1079.0,20.9,8.8,2645.0,741.0,1904.0,787.0,1786.0,546.0,3888.0,99719.0,1502.0,369.0,6.6,7708.0,4.8,72.0,198.0,160369.0,64.3,155218.0,5152.0,3.2,144666.0,63.7,140455.0,4210.0,2.9,38188.0,38.5,37289.0,899.0,2.4,31552.0,66.7,30153.0,1399.0,15737.0,163989.0,63.8,159048.0,4941.0,3.0,93158.0,144769.0,63.7,140856.0,122387.0,18469.0,3913.0,3445.0,469.0,2.7,71089.0,51.0,69514.0,1576.0,2.2,68207.0,38202.0,38.5,37372.0,29771.0,7600.0,831.0,624.0,206.0,2.2,61103.0,11091.0,19.2,10858.0,234.0,2.1,46736.0,126873.0,62.1,123300.0,101785.0,21514.0,3574.0,2.8,77388.0,21756.0,62.9,20809.0,17965.0,2843.0,947.0,4.4,12827.0,11319.0,64.5,11017.0,9281.0,1736.0
2023-05-01,166886.0,62.6,160796.0,60.3,134452.0,26509.0,6089.0,3.6,10.3,3.4,3.4,3.3,5.7,3.0,4.0,5.7,3.9,3.2,2.1,2079.0,1869.0,2050.0,1142.0,21.2,9.0,2988.0,782.0,2206.0,768.0,1841.0,517.0,3733.0,99733.0,1519.0,412.0,6.7,7763.0,4.8,24.0,133.0,160593.0,64.4,155153.0,5440.0,3.4,144825.0,63.7,140383.0,4442.0,3.1,38257.0,38.5,37188.0,1069.0,2.8,31634.0,66.8,30354.0,1281.0,15745.0,164354.0,63.9,158887.0,5466.0,3.3,92947.0,144811.0,63.7,140734.0,122285.0,18449.0,4077.0,3526.0,551.0,2.8,71250.0,51.1,69493.0,1757.0,2.5,68150.0,38264.0,38.5,37291.0,29691.0,7600.0,973.0,717.0,256.0,2.5,61185.0,11079.0,19.1,10759.0,319.0,2.9,46930.0,127111.0,62.2,123247.0,102367.0,20879.0,3864.0,3.0,77233.0,21878.0,63.2,20662.0,17819.0,2843.0,1216.0,5.6,12735.0,11348.0,64.8,11034.0,9400.0,1634.0
2023-06-01,166937.0,62.6,160979.0,60.3,134768.0,26247.0,5958.0,3.6,11.3,3.4,3.1,3.1,6.0,3.1,4.3,6.0,3.9,3.1,1.9,2082.0,1833.0,2016.0,1121.0,20.7,8.7,2801.0,791.0,2009.0,798.0,1764.0,543.0,4207.0,99864.0,1441.0,318.0,6.9,8025.0,5.0,40.0,162.0,160718.0,64.4,155463.0,5255.0,3.3,145003.0,63.7,140686.0,4316.0,3.0,38313.0,38.5,37326.0,987.0,2.6,31921.0,67.2,30557.0,1364.0,15551.0,165025.0,64.1,159108.0,5917.0,3.6,92415.0,144394.0,63.5,140110.0,122484.0,17625.0,4285.0,3705.0,580.0,3.0,70881.0,50.8,69132.0,1749.0,2.5,68627.0,38007.0,38.1,37002.0,29706.0,7296.0,1005.0,732.0,273.0,2.6,61622.0,10987.0,18.9,10649.0,338.0,3.1,47242.0,127942.0,62.6,123760.0,103412.0,20348.0,4182.0,3.3,76491.0,21886.0,63.2,20495.0,17705.0,2789.0,1392.0,6.4,12757.0,11495.0,65.7,11104.0,9603.0,1501.0
2023-07-01,167103.0,62.6,161183.0,60.4,134142.0,27203.0,5920.0,3.5,11.4,3.4,3.1,3.1,5.7,2.3,4.4,5.2,3.3,3.1,2.0,1994.0,1745.0,2156.0,1196.0,20.6,9.0,2695.0,714.0,1981.0,852.0,1849.0,524.0,4004.0,99899.0,1415.0,339.0,6.7,8161.0,5.1,53.0,153.0,160930.0,64.4,155716.0,5214.0,3.2,145209.0,63.8,141150.0,4058.0,2.8,38548.0,38.7,37667.0,881.0,2.3,32011.0,67.3,30616.0,1395.0,15558.0,165440.0,64.2,159443.0,5997.0,3.6,92398.0,144672.0,63.5,140359.0,122318.0,18041.0,4313.0,3676.0,637.0,3.0,70945.0,50.8,69189.0,1755.0,2.5,68681.0,38375.0,38.5,37418.0,29896.0,7522.0,957.0,689.0,268.0,2.5,61336.0,11235.0,19.3,10919.0,316.0,2.8,47101.0,128184.0,62.7,123917.0,103120.0,20797.0,4267.0,3.3,76352.0,21993.0,63.4,20596.0,17787.0,2810.0,1396.0,6.3,12686.0,11636.0,66.1,11343.0,9631.0,1711.0
2023-08-01,167759.0,62.8,161475.0,60.4,134335.0,27188.0,6284.0,3.7,12.2,3.6,3.2,3.4,5.3,3.1,4.8,5.3,3.9,3.1,2.2,2198.0,1931.0,2290.0,1369.0,20.4,8.8,2943.0,815.0,2128.0,802.0,1922.0,579.0,4209.0,99455.0,1552.0,395.0,7.1,8061.0,5.0,5.0,185.0,161350.0,64.5,155847.0,5503.0,3.4,145459.0,63.8,141077.0,4382.0,3.0,38613.0,38.7,37575.0,1038.0,2.7,31976.0,67.1,30446.0,1530.0,15695.0,165393.0,64.1,159065.0,6328.0,3.8,92771.0,145231.0,63.7,140593.0,122534.0,18060.0,4638.0,3900.0,738.0,3.2,71388.0,51.1,69409.0,1980.0,2.8,68386.0,38557.0,38.6,37461.0,29865.0,7596.0,1096.0,736.0,360.0,2.8,61267.0,11263.0,19.3,10833.0,429.0,3.8,47202.0,128092.0,62.6,123531.0,103187.0,20344.0,4561.0,3.6,76553.0,21837.0,62.9,20613.0,17774.0,2839.0,1224.0,5.6,12878.0,11552.0,66.0,11176.0,9602.0,1574.0
2023-09-01,167767.0,62.7,161442.0,60.4,134057.0,27336.0,6326.0,3.8,11.6,3.8,3.1,3.4,5.7,2.8,4.6,5.4,4.2,3.0,2.2,2066.0,2056.0,2282.0,1242.0,21.4,9.0,2878.0,809.0,2069.0,796.0,2036.0,578.0,4070.0,99660.0,1435.0,368.0,7.0,8152.0,5.0,19.0,144.0,161454.0,64.5,155861.0,5593.0,3.5,145623.0,63.9,141173.0,4450.0,3.1,38687.0,38.7,37658.0,1029.0,2.7,32127.0,67.2,30649.0,1478.0,15647.0,165311.0,64.0,159535.0,5776.0,3.5,92907.0,146006.0,64.0,141780.0,122896.0,18883.0,4226.0,3636.0,590.0,2.9,71969.0,51.4,70148.0,1821.0,2.5,67955.0,38903.0,38.9,37949.0,29944.0,8004.0,954.0,695.0,260.0,2.5,61057.0,11419.0,19.5,11129.0,290.0,2.5,47211.0,127706.0,62.4,123547.0,102445.0,21102.0,4160.0,3.3,77049.0,21808.0,62.8,20622.0,17507.0,3116.0,1186.0,5.4,12943.0,11611.0,65.8,11288.0,9609.0,1679.0
2023-10-01,167690.0,62.7,161211.0,60.2,134427.0,26728.0,6479.0,3.9,13.1,3.7,3.2,3.5,5.9,3.1,4.8,5.7,4.1,3.1,2.1,2285.0,1835.0,2362.0,1331.0,21.5,8.5,3086.0,882.0,2205.0,801.0,1867.0,635.0,4291.0,99952.0,1415.0,427.0,7.2,8367.0,5.2,14.0,129.0,161102.0,64.3,155489.0,5613.0,3.5,145402.0,63.7,140896.0,4505.0,3.1,38607.0,38.6,37547.0,1060.0,2.7,32085.0,67.0,30553.0,1531.0,15793.0,165280.0,64.0,159514.0,5766.0,3.5,93026.0,145792.0,63.9,141562.0,123003.0,18559.0,4230.0,3608.0,622.0,2.9,71700.0,51.2,69997.0,1703.0,2.4,68374.0,38800.0,38.8,37821.0,30155.0,7666.0,979.0,739.0,241.0,2.5,61304.0,11334.0,19.3,11045.0,289.0,2.6,47472.0,127686.0,62.3,123623.0,102629.0,20994.0,4063.0,3.2,77181.0,21996.0,63.2,20716.0,17714.0,3002.0,1281.0,5.8,12792.0,11443.0,65.0,11094.0,9418.0,1676.0
2023-11-01,168140.0,62.8,161886.0,60.4,134712.0,27099.0,6254.0,3.7,11.4,3.7,3.1,3.3,5.8,3.5,4.5,6.4,4.1,2.8,2.1,2075.0,2061.0,2145.0,1170.0,19.4,8.8,3062.0,908.0,2154.0,819.0,1770.0,567.0,4015.0,99682.0,1583.0,428.0,7.0,8328.0,5.1,63.0,131.0,161640.0,64.5,156124.0,5515.0,3.4,145775.0,63.8,141280.0,4495.0,3.1,38885.0,38.8,37750.0,1136.0,2.9,32150.0,67.0,30689.0,1461.0,15824.0,165536.0,64.0,159977.0,5559.0,3.4,92987.0,146048.0,63.9,141851.0,122806.0,19045.0,4197.0,3625.0,572.0,2.9,71941.0,51.3,70065.0,1876.0,2.6,68256.0,39022.0,38.9,37921.0,30112.0,7809.0,1101.0,843.0,258.0,2.8,61184.0,11532.0,19.6,11183.0,349.0,3.0,47404.0,127720.0,62.3,123849.0,102659.0,21190.0,3871.0,3.0,77229.0,22149.0,63.6,20924.0,17583.0,3341.0,1225.0,5.5,12672.0,11494.0,64.7,11096.0,9372.0,1724.0
2023-12-01,167439.0,62.5,161124.0,60.1,133076.0,27810.0,6315.0,3.8,11.9,3.6,3.3,3.5,5.2,3.1,5.0,6.1,4.2,3.1,2.1,2204.0,1794.0,2345.0,1273.0,22.2,9.6,3073.0,909.0,2164.0,829.0,1770.0,624.0,4220.0,100552.0,1564.0,340.0,7.2,8566.0,5.3,87.0,159.0,161054.0,64.2,155497.0,5557.0,3.5,145309.0,63.6,140714.0,4595.0,3.2,38561.0,38.4,37477.0,1084.0,2.8,32090.0,66.8,30486.0,1604.0,15978.0,164298.0,63.5,158663.0,5635.0,3.4,94297.0,145137.0,63.5,140739.0,121114.0,19624.0,4398.0,3856.0,541.0,3.0,71151.0,50.7,69285.0,1866.0,2.6,69163.0,38499.0,38.4,37474.0,29488.0,7986.0,1025.0,739.0,286.0,2.7,61828.0,11361.0,19.2,11038.0,323.0,2.8,47725.0,126748.0,61.8,122552.0,100788.0,21764.0,4196.0,3.3,78274.0,21955.0,63.0,20896.0,17445.0,3450.0,1059.0,4.8,12898.0,11384.0,63.6,11054.0,9260.0,1795.0
2024-01-01,167339.0,62.5,161190.0,60.2,133201.0,27890.0,6149.0,3.7,10.6,3.6,3.2,3.4,5.3,2.9,5.0,6.0,4.3,3.3,2.1,2143.0,1852.0,2149.0,1272.0,20.8,9.6,3030.0,862.0,2168.0,793.0,1857.0,558.0,4418.0,100201.0,1647.0,446.0,7.2,8268.0,5.1,553.0,1794.0,160952.0,64.4,155480.0,5472.0,3.4,145639.0,63.7,141030.0,4609.0,3.2,38609.0,38.5,37504.0,1105.0,2.9,32335.0,66.9,30729.0,1605.0,16029.0,164132.0,63.6,157579.0,6553.0,4.0,94075.0,145340.0,63.5,140221.0,120413.0,19808.0,5119.0,4379.0,741.0,3.5,71327.0,50.8,69094.0,2233.0,3.1,69019.0,38445.0,38.3,37230.0,29186.0,8044.0,1215.0,913.0,302.0,3.2,61851.0,11263.0,19.1,10815.0,448.0,4.0,47645.0,126338.0,61.7,121515.0,99696.0,21819.0,4823.0,3.8,78270.0,21904.0,62.9,20703.0,17460.0,3243.0,1201.0,5.5,12909.0,11495.0,64.1,11146.0,9387.0,1759.0
2024-02-01,167475.0,62.6,161013.0,60.1,133021.0,27922.0,6462.0,3.9,12.6,3.5,3.5,3.4,5.6,3.4,5.1,6.2,4.2,3.2,2.2,2339.0,1942.0,2183.0,1213.0,20.9,9.3,3214.0,824.0,2390.0,712.0,1964.0,631.0,4370.0,100237.0,1554.0,423.0,7.3,8264.0,5.1,216.0,633.0,161049.0,64.4,155395.0,5654.0,3.5,145948.0,63.8,141294.0,4654.0,3.2,38677.0,38.5,37595.0,1082.0,2.8,32530.0,67.1,30876.0,1654.0,15937.0,165198.0,63.9,158482.0,6716.0,4.1,93313.0,146205.0,63.9,141131.0,120957.0,20175.0,5074.0,4431.0,643.0,3.5,71579.0,51.0,69423.0,2156.0,3.0,68861.0,38754.0,38.6,37567.0,29287.0,8280.0,1187.0,906.0,281.0,3.1,61646.0,11438.0,19.4,11072.0,366.0,3.2,47614.0,126960.0,62.0,122180.0,99670.0,22510.0,4779.0,3.8,77717.0,22084.0,63.4,20810.0,17793.0,3017.0,1274.0,5.8,12765.0,11479.0,64.5,11084.0,9400.0,1684.0
2024-03-01,167922.0,62.7,161425.0,60.3,132989.0,28576.0,6497.0,3.9,12.6,3.4,3.6,3.4,6.4,2.6,4.5,5.0,4.1,3.4,2.2,2206.0,1977.0,2234.0,1254.0,21.6,9.5,3053.0,784.0,2269.0,823.0,1938.0,674.0,4305.0,99963.0,1590.0,341.0,7.3,8474.0,5.2,167.0,323.0,161218.0,64.4,155564.0,5654.0,3.5,145920.0,63.7,141425.0,4495.0,3.1,38825.0,38.6,37803.0,1022.0,2.6,32467.0,66.9,31006.0,1461.0,16098.0,165705.0,64.1,159411.0,6294.0,3.8,93000.0,146385.0,63.9,141641.0,120952.0,20689.0,4745.0,3995.0,750.0,3.2,71871.0,51.1,69760.0,2111.0,2.9,68666.0,38945.0,38.7,37875.0,29494.0,8381.0,1070.0,797.0,273.0,2.7,61597.0,11501.0,19.4,11164.0,337.0,2.9,47738.0,127640.0,62.3,123175.0,100174.0,23001.0,4465.0,3.5,77112.0,22124.0,63.4,20689.0,17419.0,3270.0,1435.0,6.5,12759.0,11442.0,64.3,11157.0,9332.0,1826.0
2024-04-01,167988.0,62.7,161495.0,60.2,133817.0,27728.0,6492.0,3.9,11.8,3.6,3.5,3.5,5.6,2.9,4.8,6.0,4.0,3.3,2.2,2273.0,1990.0,2131.0,1253.0,20.0,8.9,3225.0,860.0,2365.0,785.0,1949.0,581.0,4463.0,100078.0,1560.0,364.0,7.4,8385.0,5.2,55.0,311.0,161373.0,64.4,155662.0,5711.0,3.5,145949.0,63.7,141310.0,4640.0,3.2,38669.0,38.4,37509.0,1161.0,3.0,32767.0,67.3,31179.0,1588.0,15900.0,165268.0,63.8,159641.0,5627.0,3.4,93681.0,146048.0,63.7,141709.0,121993.0,19716.0,4339.0,3780.0,559.0,3.0,71638.0,50.9,69658.0,1980.0,2.8,69000.0,38682.0,38.4,37589.0,29616.0,7973.0,1093.0,892.0,201.0,2.8,61961.0,11436.0,19.3,11117.0,319.0,2.8,47936.0,127369.0,62.2,123298.0,101033.0,22265.0,4071.0,3.2,77463.0,22021.0,63.1,20892.0,17923.0,2969.0,1128.0,5.1,12897.0,11485.0,64.5,11182.0,9371.0,1812.0
2024-05-01,167799.0,62.6,161164.0,60.1,133296.0,28031.0,6635.0,4.0,12.4,3.8,3.4,3.5,6.1,3.1,5.0,5.9,4.3,3.1,2.1,2309.0,1922.0,2312.0,1348.0,21.2,9.0,3213.0,836.0,2378.0,720.0,2060.0,646.0,4415.0,100449.0,1523.0,459.0,7.4,8402.0,5.2,53.0,321.0,161111.0,64.3,155303.0,5808.0,3.6,145999.0,63.7,141388.0,4611.0,3.2,38533.0,38.2,37484.0,1049.0,2.7,32806.0,67.3,31176.0,1631.0,15958.0,165209.0,63.8,159301.0,5908.0,3.6,93901.0,145970.0,63.7,141730.0,121825.0,19906.0,4239.0,3697.0,543.0,2.9,71453.0,50.8,69756.0,1698.0,2.4,69299.0,38535.0,38.2,37582.0,29380.0,8202.0,952.0,755.0,197.0,2.5,62225.0,11491.0,19.3,11201.0,290.0,2.5,48019.0,127207.0,62.1,123061.0,101167.0,21894.0,4145.0,3.3,77711.0,21999.0,62.9,20672.0,17607.0,3065.0,1327.0,6.0,12950.0,11734.0,65.2,11395.0,9650.0,1745.0
2024-06-01,168005.0,62.6,161155.0,60.0,133209.0,28071.0,6849.0,4.1,12.3,3.8,3.7,3.5,6.3,4.1,4.9,6.0,4.2,3.4,2.4,2130.0,2108.0,2599.0,1533.0,20.7,9.8,3187.0,817.0,2370.0,754.0,2103.0,701.0,4225.0,100434.0,1511.0,369.0,7.4,8346.0,5.2,59.0,197.0,161478.0,64.4,155428.0,6049.0,3.7,146251.0,63.7,141371.0,4880.0,3.3,38602.0,38.3,37517.0,1085.0,2.8,32988.0,67.5,31360.0,1628.0,15876.0,166008.0,64.1,159272.0,6736.0,4.1,93120.0,145625.0,63.5,140784.0,121781.0,19003.0,4841.0,4216.0,624.0,3.3,71107.0,50.5,69168.0,1939.0,2.7,69763.0,38287.0,38.0,37185.0,29395.0,7790.0,1103.0,895.0,208.0,2.9,62570.0,11422.0,19.2,11099.0,323.0,2.8,48207.0,128224.0,62.5,123477.0,101759.0,21717.0,4747.0,3.7,76786.0,22126.0,63.3,20654.0,17758.0,2895.0,1472.0,6.7,12856.0,11955.0,66.2,11428.0,9732.0,1695.0
2024-07-01,168315.0,62.7,161219.0,60.0,133648.0,27740.0,7097.0,4.2,12.6,4.0,3.8,3.8,6.3,3.7,5.3,6.7,4.6,3.5,2.3,2348.0,2162.0,2620.0,1543.0,20.6,9.5,3545.0,1109.0,2436.0,855.0,2161.0,648.0,4564.0,100329.0,1571.0,408.0,7.8,8475.0,5.3,436.0,1079.0,161945.0,64.5,155649.0,6296.0,3.9,146696.0,63.9,141572.0,5124.0,3.5,38682.0,38.3,37484.0,1198.0,3.1,32951.0,67.3,31200.0,1751.0,16015.0,166725.0,64.3,159428.0,7297.0,4.4,92616.0,146157.0,63.6,140778.0,122303.0,18475.0,5379.0,4528.0,850.0,3.7,71585.0,50.8,69303.0,2282.0,3.2,69412.0,38505.0,38.1,37231.0,29699.0,7532.0,1274.0,875.0,399.0,3.3,62481.0,11711.0,19.6,11223.0,488.0,4.2,48073.0,128804.0,62.8,123595.0,102463.0,21132.0,5209.0,4.0,76311.0,22346.0,63.8,20819.0,17873.0,2947.0,1526.0,6.8,12671.0,11924.0,66.4,11466.0,9786.0,1680.0
2024-08-01,168496.0,62.7,161425.0,60.0,133332.0,28222.0,7071.0,4.2,14.2,3.9,3.7,3.8,6.1,4.1,5.4,7.0,4.0,3.5,2.5,2465.0,2029.0,2698.0,1545.0,21.0,9.5,3321.0,865.0,2456.0,845.0,2133.0,708.0,4822.0,100360.0,1412.0,373.0,7.8,8537.0,5.3,24.0,124.0,162215.0,64.6,156034.0,6180.0,3.8,146926.0,63.9,141942.0,4984.0,3.4,38966.0,38.5,37814.0,1152.0,3.0,33252.0,67.8,31448.0,1803.0,15819.0,166112.0,64.0,159074.0,7038.0,4.2,93298.0,146709.0,63.8,141470.0,122676.0,18795.0,5239.0,4469.0,770.0,3.6,72070.0,51.1,69919.0,2151.0,3.0,69087.0,38923.0,38.5,37713.0,29880.0,7833.0,1210.0,872.0,338.0,3.1,62203.0,11866.0,19.8,11475.0,390.0,3.3,48086.0,128107.0,62.4,123013.0,102033.0,20980.0,5094.0,4.0,77115.0,22045.0,62.9,20618.0,17522.0,3096.0,1427.0,6.5,13009.0,11817.0,65.7,11309.0,9732.0,1577.0
2024-09-01,168703.0,62.7,161802.0,60.1,133627.0,28128.0,6901.0,4.1,14.2,3.8,3.6,3.7,5.7,4.1,5.1,6.8,4.0,3.4,2.3,2139.0,1987.0,2747.0,1614.0,22.6,9.9,3233.0,885.0,2348.0,819.0,2051.0,656.0,4624.0,100377.0,1610.0,448.0,7.7,8653.0,5.3,52.0,434.0,162152.0,64.5,156180.0,5971.0,3.7,146885.0,63.9,142089.0,4796.0,3.3,39031.0,38.5,37918.0,1113.0,2.9,33129.0,67.4,31441.0,1688.0,16051.0,166024.0,64.0,159829.0,6195.0,3.7,93514.0,147280.0,64.0,142713.0,123026.0,19688.0,4566.0,3954.0,613.0,3.1,72392.0,51.2,70513.0,1879.0,2.6,68931.0,39257.0,38.8,38220.0,30098.0,8122.0,1037.0,797.0,239.0,2.6,62009.0,11999.0,20.0,11688.0,312.0,2.6,48109.0,128149.0,62.4,123659.0,101792.0,21867.0,4490.0,3.5,77189.0,21974.0,62.6,20780.0,17695.0,3085.0,1194.0,5.4,13118.0,11682.0,65.3,11206.0,9502.0,1704.0
2024-10-01,168428.0,62.5,161456.0,60.0,133471.0,27922.0,6972.0,4.1,13.7,3.9,3.6,3.8,5.7,3.9,5.1,6.6,4.0,3.4,2.5,2109.0,2082.0,2839.0,1608.0,22.9,10.1,3363.0,820.0,2543.0,802.0,2151.0,608.0,4565.0,100861.0,1575.0,385.0,7.7,8308.0,5.1,512.0,1409.0,162107.0,64.4,156003.0,6104.0,3.8,146695.0,63.7,141757.0,4937.0,3.4,39123.0,38.6,37965.0,1158.0,3.0,33003.0,67.0,31315.0,1688.0,16283.0,166338.0,64.0,159947.0,6391.0,3.8,93615.0,147084.0,63.9,142427.0,122865.0,19562.0,4657.0,4090.0,567.0,3.2,72303.0,51.1,70374.0,1929.0,2.7,69179.0,39319.0,38.8,38243.0,30148.0,8095.0,1077.0,842.0,235.0,2.7,62085.0,12146.0,20.2,11804.0,342.0,2.8,48123.0,127820.0,62.2,123318.0,101570.0,21748.0,4503.0,3.5,77624.0,22178.0,63.1,20920.0,17716.0,3204.0,1258.0,5.7,12950.0,11808.0,65.2,11344.0,9557.0,1787.0
2024-11-01,168304.0,62.5,161183.0,59.8,133423.0,27671.0,7121.0,4.2,13.1,3.9,3.9,3.8,6.4,3.8,5.3,6.0,4.6,3.6,2.5,2208.0,2063.0,2890.0,1654.0,23.6,10.5,3394.0,787.0,2607.0,854.0,2182.0,690.0,4469.0,101159.0,1572.0,401.0,7.7,8577.0,5.3,56.0,332.0,161901.0,64.3,155621.0,6280.0,3.9,146548.0,63.6,141409.0,5139.0,3.5,38975.0,38.4,37794.0,1180.0,3.0,33039.0,66.9,31297.0,1743.0,16345.0,165999.0,63.8,159596.0,6404.0,3.9,94160.0,146820.0,63.7,141979.0,122342.0,19637.0,4841.0,4145.0,696.0,3.3,71971.0,50.8,69972.0,1999.0,2.8,69641.0,39111.0,38.5,37966.0,29639.0,8326.0,1146.0,828.0,318.0,2.9,62436.0,11803.0,19.5,11430.0,373.0,3.2,48638.0,127617.0,62.1,123117.0,101301.0,21817.0,4500.0,3.5,77904.0,21938.0,62.4,20588.0,17390.0,3198.0,1350.0,6.2,13223.0,11724.0,64.4,11288.0,9467.0,1822.0
2024-12-01,168547.0,62.5,161661.0,60.0,133510.0,27918.0,6886.0,4.1,12.4,3.7,3.8,3.6,6.1,3.5,5.1,5.6,4.3,3.5,2.4,2156.0,1997.0,2758.0,1551.0,23.7,10.4,3251.0,862.0,2389.0,947.0,2031.0,655.0,4358.0,101091.0,1562.0,480.0,7.5,8478.0,5.2,102.0,298.0,161940.0,64.3,155875.0,6065.0,3.7,146500.0,63.5,141547.0,4953.0,3.4,38980.0,38.3,37781.0,1199.0,3.1,33415.0,67.5,31702.0,1713.0,16068.0,165564.0,63.6,159367.0,6197.0,3.7,94634.0,146319.0,63.5,141564.0,121917.0,19646.0,4755.0,4160.0,595.0,3.2,71628.0,50.5,69699.0,1930.0,2.7,70114.0,38912.0,38.3,37772.0,29693.0,8079.0,1140.0,842.0,298.0,2.9,62749.0,11601.0,19.2,11220.0,381.0,3.3,48969.0,127352.0,61.9,122986.0,100973.0,22013.0,4366.0,3.4,78245.0,21822.0,62.0,20593.0,17453.0,3140.0,1229.0,5.6,13372.0,11626.0,64.0,11242.0,9413.0,1830.0
2025-01-01,170744.0,62.6,163895.0,60.1,135896.0,27901.0,6849.0,4.0,11.8,3.7,3.7,3.5,6.2,3.7,4.8,5.2,4.5,3.5,2.3,2290.0,1935.0,2604.0,1443.0,22.0,10.4,3235.0,835.0,2400.0,912.0,2124.0,659.0,4477.0,101941.0,1590.0,592.0,7.5,8764.0,5.3,573.0,1175.0,164270.0,64.5,158183.0,6087.0,3.7,148483.0,63.7,143606.0,4877.0,3.3,39253.0,38.4,38068.0,1185.0,3.0,33997.0,66.8,32373.0,1623.0,16873.0,167745.0,63.8,160550.0,7195.0,4.3,95288.0,148214.0,63.6,142843.0,123317.0,19526.0,5371.0,4691.0,680.0,3.6,72284.0,50.7,70002.0,2282.0,3.2,70167.0,39123.0,38.3,37829.0,29756.0,8073.0,1294.0,987.0,307.0,3.3,63020.0,11530.0,18.9,11103.0,427.0,3.7,49375.0,128282.0,61.9,123231.0,101305.0,21926.0,5051.0,3.9,78806.0,22131.0,62.1,20704.0,17584.0,3120.0,1427.0,6.4,13489.0,12283.0,64.3,11815.0,10054.0,1762.0
2025-02-01,170359.0,62.4,163307.0,59.9,134676.0,28511.0,7052.0,4.1,12.9,3.8,3.8,3.8,6.0,3.2,5.2,6.0,4.2,3.5,2.5,2337.0,2152.0,2486.0,1455.0,21.3,10.0,3316.0,817.0,2499.0,918.0,2208.0,662.0,4937.0,102487.0,1704.0,464.0,8.0,8860.0,5.4,404.0,1309.0,163709.0,64.2,157516.0,6194.0,3.8,148193.0,63.6,143219.0,4974.0,3.4,38950.0,38.1,37833.0,1117.0,2.9,34083.0,66.9,32301.0,1782.0,16895.0,167985.0,63.8,160754.0,7231.0,4.3,95342.0,148451.0,63.7,143049.0,122543.0,20506.0,5402.0,4696.0,706.0,3.6,72284.0,50.7,70045.0,2239.0,3.1,70283.0,39021.0,38.2,37805.0,29490.0,8315.0,1216.0,919.0,297.0,3.1,63198.0,11556.0,18.9,11140.0,416.0,3.6,49443.0,128371.0,62.0,123128.0,100238.0,22890.0,5243.0,4.1,78776.0,22256.0,62.4,20890.0,17677.0,3213.0,1366.0,6.1,13398.0,12483.0,65.4,12086.0,10319.0,1766.0
2025-03-01,170591.0,62.5,163508.0,59.9,135135.0,28467.0,7083.0,4.2,13.7,3.8,3.7,3.7,6.2,3.5,5.1,5.8,4.1,3.5,2.6,2362.0,2146.0,2501.0,1495.0,22.8,9.8,3313.0,811.0,2502.0,870.0,2176.0,739.0,4780.0,102431.0,1687.0,509.0,7.9,8936.0,5.5,87.0,233.0,163884.0,64.2,157722.0,6162.0,3.8,148158.0,63.5,143207.0,4951.0,3.3,39078.0,38.2,37928.0,1150.0,2.9,34330.0,67.2,32578.0,1752.0,16753.0,168413.0,63.9,161508.0,6905.0,4.1,95128.0,148631.0,63.7,143416.0,123332.0,20084.0,5216.0,4521.0,694.0,3.5,72420.0,50.8,70084.0,2336.0,3.2,70271.0,39197.0,38.3,37999.0,29597.0,8402.0,1198.0,957.0,241.0,3.1,63147.0,11593.0,19.0,11227.0,366.0,3.2,49564.0,128796.0,62.2,123888.0,101237.0,22651.0,4908.0,3.8,78425.0,22166.0,62.1,20787.0,17399.0,3388.0,1380.0,6.2,13520.0,12688.0,65.9,12258.0,10450.0,1808.0
2025-04-01,171135.0,62.6,163969.0,60.0,135463.0,28524.0,7166.0,4.2,13.0,4.0,3.7,3.8,6.3,3.0,5.2,6.1,4.0,3.7,2.5,2187.0,2269.0,2662.0,1675.0,23.2,10.4,3455.0,867.0,2588.0,855.0,2235.0,701.0,4690.0,102062.0,1617.0,414.0,7.8,8866.0,5.4,58.0,123.0,164550.0,64.4,158237.0,6313.0,3.8,148763.0,63.7,143737.0,5026.0,3.4,39344.0,38.4,38134.0,1210.0,3.1,34446.0,67.3,32650.0,1795.0,16745.0,168512.0,63.9,162224.0,6287.0,3.7,95309.0,148912.0,63.8,144187.0,124006.0,20181.0,4725.0,4149.0,576.0,3.2,72678.0,50.9,70569.0,2109.0,2.9,70135.0,39389.0,38.4,38244.0,29959.0,8285.0,1145.0,892.0,253.0,2.9,63130.0,11748.0,19.1,11382.0,366.0,3.1,49629.0,128801.0,62.1,124263.0,101803.0,22461.0,4537.0,3.5,78491.0,22170.0,62.1,20883.0,17454.0,3429.0,1287.0,5.8,13549.0,12655.0,65.7,12300.0,10493.0,1808.0
2025-05-01,170510.0,62.4,163273.0,59.7,134840.0,28557.0,7237.0,4.2,13.4,3.9,3.9,3.8,6.0,3.6,5.1,5.5,4.5,3.3,2.6,2451.0,2208.0,2495.0,1457.0,21.8,9.5,3457.0,874.0,2583.0,704.0,2288.0,725.0,4624.0,102875.0,1556.0,381.0,7.8,8583.0,5.3,108.0,309.0,164055.0,64.2,157683.0,6371.0,3.9,148423.0,63.5,143369.0,5053.0,3.4,39159.0,38.2,37965.0,1194.0,3.0,34452.0,67.2,32682.0,1770.0,16845.0,168067.0,63.6,161570.0,6497.0,3.9,96001.0,148380.0,63.5,143689.0,123688.0,20001.0,4691.0,4123.0,568.0,3.2,72356.0,50.6,70268.0,2087.0,2.9,70593.0,39144.0,38.1,38047.0,30018.0,8029.0,1097.0,846.0,251.0,2.8,63477.0,11635.0,18.9,11310.0,325.0,2.8,49846.0,128277.0,61.9,123650.0,101576.0,22074.0,4627.0,3.6,79100.0,22189.0,62.1,20876.0,17727.0,3149.0,1313.0,5.9,13562.0,12686.0,65.8,12250.0,10407.0,1844.0
2025-06-01,170380.0,62.3,163366.0,59.7,135277.0,28190.0,7015.0,4.1,14.4,3.9,3.6,3.6,6.8,3.5,4.8,5.8,4.0,3.2,2.5,2241.0,2131.0,2710.0,1647.0,23.0,10.1,3293.0,860.0,2433.0,825.0,2145.0,710.0,4465.0,103204.0,1790.0,637.0,7.7,8865.0,5.4,53.0,267.0,164115.0,64.2,158005.0,6110.0,3.7,148540.0,63.5,143707.0,4833.0,3.3,39047.0,38.0,37863.0,1184.0,3.0,34318.0,66.8,32686.0,1632.0,17088.0,168625.0,63.8,161660.0,6965.0,4.1,95664.0,147885.0,63.2,143106.0,123940.0,19166.0,4778.0,4105.0,673.0,3.2,71971.0,50.3,69855.0,2116.0,2.9,71119.0,38706.0,37.7,37506.0,29773.0,7733.0,1200.0,850.0,350.0,3.1,64025.0,11605.0,18.8,11193.0,412.0,3.5,49983.0,129114.0,62.2,124209.0,102923.0,21286.0,4905.0,3.8,78358.0,22317.0,62.4,20707.0,17585.0,3122.0,1610.0,7.2,13467.0,12712.0,65.9,12221.0,10477.0,1745.0
2025-07-01,170342.0,62.2,163106.0,59.6,134837.0,28437.0,7236.0,4.2,15.2,4.0,3.7,3.7,7.2,3.9,5.0,5.5,4.4,3.0,2.7,2299.0,2034.0,2993.0,1826.0,24.1,10.2,3405.0,940.0,2465.0,784.0,2180.0,985.0,4684.0,103443.0,1689.0,425.0,7.9,8342.0,5.1,66.0,133.0,164101.0,64.1,157815.0,6286.0,3.8,148561.0,63.5,143522.0,5039.0,3.4,39221.0,38.1,38097.0,1125.0,2.9,34500.0,67.0,32773.0,1727.0,17014.0,168739.0,63.8,161373.0,7366.0,4.4,95599.0,147983.0,63.2,142683.0,123673.0,19010.0,5300.0,4665.0,635.0,3.6,72069.0,50.3,69851.0,2219.0,3.1,71163.0,39028.0,37.9,37830.0,30120.0,7710.0,1198.0,870.0,328.0,3.1,63886.0,11757.0,19.0,11380.0,377.0,3.2,50042.0,129515.0,62.4,124367.0,103009.0,21357.0,5149.0,4.0,78054.0,22314.0,62.3,20543.0,17536.0,3007.0,1771.0,7.9,13504.0,12647.0,65.5,12123.0,10306.0,1817.0
2025-08-01,170778.0,62.3,163394.0,59.6,134480.0,29034.0,7384.0,4.3,13.9,4.1,3.8,3.7,7.5,3.6,5.3,6.7,4.3,3.2,2.7,2476.0,2049.0,2977.0,1930.0,24.5,9.8,3437.0,886.0,2552.0,784.0,2287.0,786.0,4749.0,103223.0,1836.0,514.0,8.1,8785.0,5.4,49.0,88.0,164577.0,64.2,158052.0,6525.0,4.0,149094.0,63.7,143981.0,5113.0,3.4,39255.0,38.1,38104.0,1151.0,2.9,34579.0,67.0,32758.0,1820.0,17050.0,168548.0,63.7,161163.0,7385.0,4.4,96101.0,148867.0,63.6,143494.0,124076.0,19418.0,5373.0,4576.0,798.0,3.6,72489.0,50.5,70261.0,2228.0,3.1,70921.0,39178.0,38.0,37969.0,30051.0,7918.0,1209.0,810.0,399.0,3.1,63889.0,12007.0,19.4,11509.0,498.0,4.2,49966.0,128535.0,61.9,123515.0,102056.0,21459.0,5020.0,3.9,79140.0,22525.0,62.8,20714.0,17565.0,3149.0,1811.0,8.0,13329.0,12688.0,65.4,12213.0,10491.0,1722.0
2025-09-01,171248.0,62.4,163645.0,59.7,135153.0,28461.0,7603.0,4.4,13.2,4.0,4.2,3.8,7.5,4.4,5.5,6.8,4.2,3.4,2.8,2227.0,2367.0,3105.0,1814.0,24.1,10.0,3525.0,833.0,2691.0,861.0,2325.0,813.0,4579.0,102978.0,1742.0,557.0,8.0,8802.0,5.4,21.0,46.0,164779.0,64.3,158028.0,6751.0,4.1,149151.0,63.6,143874.0,5276.0,3.5,39276.0,38.1,37996.0,1281.0,3.3,34831.0,67.3,32914.0,1918.0,16914.0,168734.0,63.8,161731.0,7003.0,4.2,95795.0,149559.0,63.8,144486.0,124810.0,19676.0,5073.0,4478.0,595.0,3.4,73012.0,50.8,70902.0,2110.0,2.9,70580.0,39489.0,38.3,38272.0,30149.0,8123.0,1217.0,906.0,311.0,3.1,63733.0,12138.0,19.5,11734.0,404.0,3.3,50002.0,128595.0,61.9,123958.0,102067.0,21890.0,4637.0,3.6,79193.0,22510.0,62.7,20868.0,17714.0,3155.0,1642.0,7.3,13382.0,12756.0,65.4,12197.0,10460.0,1737.0
2025-11-01,171571.0,62.5,163741.0,59.6,134170.0,29486.0,7831.0,4.6,16.3,4.1,4.1,3.9,8.3,3.6,5.0,6.8,4.4,3.5,2.9,2543.0,2202.0,3099.0,1910.0,23.0,9.5,3559.0,1004.0,2555.0,862.0,2618.0,765.0,5488.0,103061.0,1825.0,651.0,8.7,9301.0,5.7,86.0,150.0,165106.0,64.3,158329.0,6777.0,4.1,149388.0,63.6,143876.0,5512.0,3.7,39260.0,37.9,38058.0,1202.0,3.1,35025.0,67.4,33257.0,1768.0,16946.0,169238.0,63.8,162208.0,7029.0,4.2,96054.0,149657.0,63.7,144423.0,123063.0,21360.0,5234.0,4518.0,716.0,3.5,73005.0,50.7,70820.0,2185.0,3.0,70910.0,39379.0,38.0,38211.0,29422.0,8788.0,1168.0,886.0,282.0,3.0,64117.0,12093.0,19.4,11683.0,410.0,3.4,50340.0,128310.0,61.7,123701.0,100571.0,23130.0,4609.0,3.6,79670.0,22941.0,63.8,21109.0,17640.0,3469.0,1832.0,8.0,13020.0,13052.0,65.8,12593.0,10565.0,2028.0
