date,existing_home_sales_ehs_median_price_national,existing_home_sales_ehs_sf_median_price_national,existing_home_sales_ehs_median_price_northeast,existing_home_sales_ehs_median_price_midwest,existing_home_sales_ehs_median_price_south,existing_home_sales_ehs_median_price_west,existing_home_sales_ehs_sf_median_price_northeast,existing_home_sales_ehs_sf_median_price_midwest,existing_home_sales_ehs_sf_median_price_south,existing_home_sales_ehs_sf_median_price_west,zillow_zillow_us,zillow_zillow_california,zillow_zillow_florida,zillow_zillow_texas,zillow_zillow_new_york,zillow_zillow_washington,zillow_zillow_massachusetts,zillow_zillow_colorado,zillow_zillow_arizona,zillow_zillow_nevada,zillow_zillow_oregon,zillow_zillow_georgia,zillow_zillow_north_carolina,zillow_zillow_illinois,zillow_zillow_pennsylvania,zillow_zillow_ohio,zillow_zillow_michigan,zillow_zillow_virginia,fhfa_fhfa_national_sa,fhfa_fhfa_national_nsa,fhfa_fhfa_new_england_sa,fhfa_fhfa_new_england_nsa,fhfa_fhfa_middle_atlantic_sa,fhfa_fhfa_middle_atlantic_nsa,fhfa_fhfa_south_atlantic_sa,fhfa_fhfa_south_atlantic_nsa,fhfa_fhfa_east_south_central_sa,fhfa_fhfa_east_south_central_nsa,fhfa_fhfa_west_south_central_sa,fhfa_fhfa_west_south_central_nsa,fhfa_fhfa_east_north_central_sa,fhfa_fhfa_east_north_central_nsa,fhfa_fhfa_west_north_central_sa,fhfa_fhfa_west_north_central_nsa,fhfa_fhfa_mountain_sa,fhfa_fhfa_mountain_nsa,fhfa_fhfa_pacific_sa,fhfa_fhfa_pacific_nsa,new_residential_sales_nrs_median_price_monthly,new_residential_sales_nrs_average_price_monthly,case_shiller_cs_national_sa,case_shiller_cs_national_nsa,case_shiller_cs_10city_sa,case_shiller_cs_10city_nsa,case_shiller_cs_20city_sa,case_shiller_cs_20city_nsa,case_shiller_cs_atlanta_sa,case_shiller_cs_atlanta_nsa,case_shiller_cs_boston_sa,case_shiller_cs_boston_nsa,case_shiller_cs_charlotte_sa,case_shiller_cs_charlotte_nsa,case_shiller_cs_chicago_sa,case_shiller_cs_chicago_nsa,case_shiller_cs_cleveland_sa,case_shiller_cs_cleveland_nsa,case_shiller_cs_dallas_sa,case_shiller_cs_dallas_nsa,case_shiller_cs_denver_sa,case_shiller_cs_denver_nsa,case_shiller_cs_detroit_sa,case_shiller_cs_detroit_nsa,case_shiller_cs_las_vegas_sa,case_shiller_cs_las_vegas_nsa,case_shiller_cs_los_angeles_sa,case_shiller_cs_los_angeles_nsa,case_shiller_cs_miami_sa,case_shiller_cs_miami_nsa,case_shiller_cs_minneapolis_sa,case_shiller_cs_minneapolis_nsa,case_shiller_cs_new_york_sa,case_shiller_cs_new_york_nsa,case_shiller_cs_phoenix_sa,case_shiller_cs_phoenix_nsa,case_shiller_cs_portland_sa,case_shiller_cs_portland_nsa,case_shiller_cs_san_diego_sa,case_shiller_cs_san_diego_nsa,case_shiller_cs_san_francisco_sa,case_shiller_cs_san_francisco_nsa,case_shiller_cs_seattle_sa,case_shiller_cs_seattle_nsa,case_shiller_cs_tampa_sa,case_shiller_cs_tampa_nsa,case_shiller_cs_washington_sa,case_shiller_cs_washington_nsa,case_shiller_cs_la_high_sa,case_shiller_cs_la_high_nsa,case_shiller_cs_la_mid_sa,case_shiller_cs_la_mid_nsa,case_shiller_cs_la_low_sa,case_shiller_cs_la_low_nsa,case_shiller_cs_ny_high_sa,case_shiller_cs_ny_high_nsa,case_shiller_cs_ny_mid_sa,case_shiller_cs_ny_mid_nsa,case_shiller_cs_ny_low_sa,case_shiller_cs_ny_low_nsa,case_shiller_cs_sf_high_sa,case_shiller_cs_sf_high_nsa,case_shiller_cs_sf_mid_sa,case_shiller_cs_sf_mid_nsa,case_shiller_cs_sf_low_sa,case_shiller_cs_sf_low_nsa,case_shiller_cs_boston_condo_sa,case_shiller_cs_boston_condo_nsa,case_shiller_cs_chicago_condo_sa,case_shiller_cs_chicago_condo_nsa,case_shiller_cs_la_condo_sa,case_shiller_cs_la_condo_nsa,case_shiller_cs_ny_condo_sa,case_shiller_cs_ny_condo_nsa,case_shiller_cs_sf_condo_sa,case_shiller_cs_sf_condo_nsa,realtor_realtor_avg_price_national,realtor_realtor_median_price_national,realtor_realtor_median_price_sqft_national,realtor_realtor_avg_price_alabama,realtor_realtor_avg_price_alaska,realtor_realtor_avg_price_arizona,realtor_realtor_avg_price_arkansas,realtor_realtor_avg_price_california,realtor_realtor_avg_price_colorado,realtor_realtor_avg_price_connecticut,realtor_realtor_avg_price_delaware,realtor_realtor_avg_price_dc,realtor_realtor_avg_price_florida,realtor_realtor_avg_price_georgia,realtor_realtor_avg_price_hawaii,realtor_realtor_avg_price_idaho,realtor_realtor_avg_price_illinois,realtor_realtor_avg_price_indiana,realtor_realtor_avg_price_iowa,realtor_realtor_avg_price_kansas,realtor_realtor_avg_price_kentucky,realtor_realtor_avg_price_louisiana,realtor_realtor_avg_price_maine,realtor_realtor_avg_price_maryland,realtor_realtor_avg_price_massachusetts,realtor_realtor_avg_price_michigan,realtor_realtor_avg_price_minnesota,realtor_realtor_avg_price_mississippi,realtor_realtor_avg_price_missouri,realtor_realtor_avg_price_montana,realtor_realtor_avg_price_nebraska,realtor_realtor_avg_price_nevada,realtor_realtor_avg_price_new_hampshire,realtor_realtor_avg_price_new_jersey,realtor_realtor_avg_price_new_mexico,realtor_realtor_avg_price_new_york,realtor_realtor_avg_price_north_carolina,realtor_realtor_avg_price_north_dakota,realtor_realtor_avg_price_ohio,realtor_realtor_avg_price_oklahoma,realtor_realtor_avg_price_oregon,realtor_realtor_avg_price_pennsylvania,realtor_realtor_avg_price_rhode_island,realtor_realtor_avg_price_south_carolina,realtor_realtor_avg_price_south_dakota,realtor_realtor_avg_price_tennessee,realtor_realtor_avg_price_texas,realtor_realtor_avg_price_utah,realtor_realtor_avg_price_vermont,realtor_realtor_avg_price_virginia,realtor_realtor_avg_price_washington,realtor_realtor_avg_price_west_virginia,realtor_realtor_avg_price_wisconsin,realtor_realtor_avg_price_wyoming,realtor_realtor_median_price_alabama,realtor_realtor_median_price_alaska,realtor_realtor_median_price_arizona,realtor_realtor_median_price_arkansas,realtor_realtor_median_price_california,realtor_realtor_median_price_colorado,realtor_realtor_median_price_connecticut,realtor_realtor_median_price_delaware,realtor_realtor_median_price_dc,realtor_realtor_median_price_florida,realtor_realtor_median_price_georgia,realtor_realtor_median_price_hawaii,realtor_realtor_median_price_idaho,realtor_realtor_median_price_illinois,realtor_realtor_median_price_indiana,realtor_realtor_median_price_iowa,realtor_realtor_median_price_kansas,realtor_realtor_median_price_kentucky,realtor_realtor_median_price_louisiana,realtor_realtor_median_price_maine,realtor_realtor_median_price_maryland,realtor_realtor_median_price_massachusetts,realtor_realtor_median_price_michigan,realtor_realtor_median_price_minnesota,realtor_realtor_median_price_mississippi,realtor_realtor_median_price_missouri,realtor_realtor_median_price_montana,realtor_realtor_median_price_nebraska,realtor_realtor_median_price_nevada,realtor_realtor_median_price_new_hampshire,realtor_realtor_median_price_new_jersey,realtor_realtor_median_price_new_mexico,realtor_realtor_median_price_new_york,realtor_realtor_median_price_north_carolina,realtor_realtor_median_price_north_dakota,realtor_realtor_median_price_ohio,realtor_realtor_median_price_oklahoma,realtor_realtor_median_price_oregon,realtor_realtor_median_price_pennsylvania,realtor_realtor_median_price_rhode_island,realtor_realtor_median_price_south_carolina,realtor_realtor_median_price_south_dakota,realtor_realtor_median_price_tennessee,realtor_realtor_median_price_texas,realtor_realtor_median_price_utah,realtor_realtor_median_price_vermont,realtor_realtor_median_price_virginia,realtor_realtor_median_price_washington,realtor_realtor_median_price_west_virginia,realtor_realtor_median_price_wisconsin,realtor_realtor_median_price_wyoming
2020-01-01,,,,,,,,,,,250815.6837106572,551236.9020225983,252588.0299774049,222817.8853573245,352551.4230793381,413125.8402179505,437778.1364085167,405916.058950118,281809.9595259401,310705.1039235417,369362.1204756727,214821.3307603688,215113.5349897327,200402.5279664444,198143.8754381913,158313.75582749388,175079.48986967522,283996.9245143081,278.43,276.36,262.16,260.46,245.87,244.84,283.59,282.28,256.28,255.27,289.58,287.88,229.65,226.21,274.61,271.48,387.6,383.63,324.42,321.2,328900.0,384000.0,214.99,212.355,234.1047746941,231.3843840015,221.5356349432,218.736024753814,156.9223484936,155.111838135553,227.4858401139,223.9301027665,169.2276988407,167.2684200728,144.6595445511,142.1978496087,128.5448601549,126.6985535581,195.9096606551,193.08323,227.575741648,223.7474336686,129.5801303441,127.303954967482,198.0820998322,195.8781078123,292.8871852162,289.7245689398,248.6738736729,247.3014834402,181.3814150158,177.782265173545,203.6555348466,203.0580550826,202.590371951,200.142657440181,245.6028082431,241.6024856031,269.0158549846,264.2003596711,272.5656211322,265.7033263779,263.2316191859,256.221432055161,226.5158925665,224.8799169829,238.2722221174,235.0400470845,270.1294228274,266.1090019223,303.7066705987,300.1560671316,358.5112559863,354.8772736562,183.1880500516,182.2076829559,220.5034510095,219.6787407986,248.9222433514,247.6519299442,263.7509061626,255.5300654309,283.3024221248,275.9623523639,299.6124128595,293.8303310334,260.5640935839,256.687936478864,149.5033446792,146.784561734123,312.1086788515,309.159804258976,272.0244142909,271.339960061361,280.0437921884,272.437863453754,524897.0,299250.0,149.0,302801.0,322372.0,584163.0,256227.0,1127906.0,990645.0,713000.0,422348.0,1014323.0,658096.0,391964.0,1351629.0,573108.0,349660.0,262608.0,236481.0,272472.0,276382.0,295872.0,375147.0,437968.0,830765.0,295277.0,376638.0,256416.0,272409.0,643661.0,274581.0,574332.0,443339.0,551592.0,376441.0,1069454.0,414576.0,266374.0,250736.0,279499.0,553224.0,320274.0,590811.0,417322.0,294249.0,391820.0,399088.0,739564.0,414218.0,445931.0,634652.0,223691.0,317630.0,683884.0,229900.0,284950.0,357000.0,185806.0,549450.0,481950.0,365000.0,323400.0,675000.0,329995.0,284950.0,676500.0,363450.0,229850.0,189950.0,195000.0,177500.0,199900.0,224700.0,249000.0,325450.0,499900.0,199900.0,283450.0,196129.0,196400.0,346725.0,227700.0,331037.0,332200.0,368495.0,250000.0,464450.0,309919.0,224900.0,173450.0,205950.0,419900.0,219000.0,354950.0,276400.0,234900.0,284900.0,283950.0,423690.0,280250.0,310000.0,449950.0,159900.0,239900.0,265175.0
2020-02-01,,,,,,,,,,,252342.3294399568,553507.163681719,254429.03471716787,223975.03588185925,354305.7593329299,416947.6662483355,440227.1318611425,408485.1198483186,284562.43963170395,312445.9596843973,372235.61581008165,216427.31071885745,216451.0399365835,201588.26987926124,199362.8793358068,159351.62307630575,176275.62900064824,285624.933159428,280.43,279.88,264.1,261.85,248.51,246.94,286.02,286.63,257.92,258.04,290.72,290.17,231.27,229.63,277.68,276.14,389.75,389.14,325.91,325.51,331800.0,386200.0,215.837,213.175,234.7902756481,232.4256041796,222.3685633199,219.853193204348,157.6726428563,155.841788410512,228.041173825,223.8201610606,169.9047651417,167.7441168325,145.3085624807,142.558658994,129.5048146446,127.0181899016,196.0239447913,193.32482,228.223180997,225.1552719504,129.9789688079,127.740508155906,199.5059149789,196.8817179123,293.0594592405,290.6473851505,250.6271942906,248.6156021291,183.5168897602,179.766454119591,205.2647295179,203.8590608307,203.6733254805,201.529924719579,246.475620882,242.9740349614,267.9258242417,265.6174993108,273.2415031336,268.8635617517,264.51398665,259.905145354298,228.0442570902,226.2792920238,238.9194591747,236.02222939,270.3075343619,267.5557312656,304.1797958133,301.642586262,356.3261278101,354.111092452,183.8460981061,182.2661545997,222.8125708654,221.0167770058,252.4240407342,250.5199915354,264.3690267934,259.2339056465,285.0414224868,279.6562274771,301.4042099632,297.1832408777,261.0074733178,256.243111751763,150.3247798713,147.190781241008,312.565550046,310.541091591078,273.8505090442,273.389021552168,280.732536024,275.837635458096,543708.0,305450.0,151.0,305836.0,328968.0,601866.0,260233.0,1205106.0,1036765.0,738048.0,432944.0,1034711.0,668921.0,398054.0,1346328.0,586483.0,368911.0,263069.0,239070.0,278348.0,286829.0,297284.0,378002.0,447103.0,866941.0,302529.0,392098.0,256980.0,280353.0,651552.0,307359.0,585230.0,458020.0,582021.0,377386.0,1092942.0,421459.0,266821.0,258261.0,281085.0,556331.0,331263.0,616397.0,423731.0,298036.0,396082.0,407411.0,780345.0,421310.0,461447.0,650706.0,225177.0,330655.0,707440.0,236000.0,289200.0,365839.0,189500.0,575000.0,499900.0,379900.0,325000.0,675000.0,336122.0,287900.0,670000.0,370000.0,244900.0,198945.0,199900.0,178000.0,209900.0,225000.0,249000.0,334900.0,525000.0,209900.0,299000.0,198500.0,199900.0,349000.0,229900.0,339000.0,349790.0,379900.0,255900.0,479999.0,316400.0,223815.0,174900.0,209900.0,419950.0,225000.0,369900.0,279900.0,235000.0,289800.0,287210.0,434900.0,285000.0,320000.0,458900.0,162000.0,249900.0,265000.0
2020-03-01,,,,,,,,,,,253930.51374622868,555694.4541558496,256046.5021213465,225103.5621692771,355920.4610167746,421219.9033492861,443290.946010416,411442.0442193707,287685.6237770564,314380.5333533072,375257.1947873595,217949.36745384245,217945.06212958947,202747.8973062829,200671.03655946848,160476.35854388753,177731.5709863021,287144.8250089435,280.82,282.61,263.99,265.4,247.79,248.35,285.24,287.68,258.76,260.13,291.57,292.98,232.38,233.19,277.16,278.96,391.69,394.02,327.45,329.6,328200.0,375400.0,216.386,215.151,235.1166973215,234.7261366034,222.6858225717,222.155194477085,157.799109453,156.983021728514,228.7754917236,227.3717848267,170.278357812,169.2785328263,146.0249941472,144.5034425775,130.2723888227,128.7234240239,195.2306557649,194.38573,227.6681761481,228.101156532,130.3692686467,128.741487911494,200.2045145725,198.7520693958,293.4776130368,293.6942426445,251.5236858149,250.4437938733,183.988740193,181.920620172608,204.8080572525,204.1949548394,205.0994476194,203.666848773877,246.0009945857,244.7911775369,268.4963967974,269.4170044273,273.2687181072,274.4811487878,265.277783274,266.648930500853,229.6082424293,228.7604161044,239.2680061105,238.7216984416,269.7612302549,269.9584236725,304.2847045954,305.1417236418,357.8112478331,358.8676000787,184.2651201074,182.6666824349,222.5536310248,221.3961487522,253.3524065826,252.516585963,265.0084681125,266.5494321804,284.3562379799,285.2813290164,300.2453477314,299.6800123484,261.853621434,260.054318385204,151.4511975419,150.078521115263,313.8045834564,313.979752528889,272.8028642922,272.228946364813,280.1342047759,280.486694589652,552585.0,319000.0,155.0,314528.0,334254.0,605089.0,264481.0,1203020.0,1011272.0,762369.0,439522.0,1095488.0,666259.0,409795.0,1328353.0,593730.0,379028.0,275851.0,244008.0,286993.0,289520.0,305139.0,391822.0,464780.0,880436.0,318869.0,403513.0,262947.0,289419.0,649825.0,312034.0,596344.0,468607.0,576036.0,381302.0,1094159.0,433909.0,269178.0,271317.0,288416.0,567311.0,341855.0,652281.0,430569.0,305080.0,405393.0,407562.0,780622.0,433023.0,475256.0,656062.0,229837.0,337809.0,708643.0,240668.0,292450.0,372000.0,193225.0,599000.0,509391.0,399450.0,329950.0,699450.0,338000.0,295445.0,650000.0,378844.0,254950.0,212500.0,208950.0,189450.0,219900.0,229950.0,261000.0,346079.0,549900.0,224950.0,309950.0,203948.0,210500.0,350000.0,238312.0,348000.0,359450.0,399000.0,259950.0,495000.0,323136.0,228265.0,188900.0,219900.0,429000.0,234900.0,392450.0,284950.0,242378.0,297000.0,289495.0,443450.0,289900.0,337450.0,472450.0,165900.0,259900.0,266500.0
2020-04-01,,,,,,,,,,,255290.3988334275,557714.1781600947,257030.34021369173,225917.1191601019,357261.6230620831,425478.81467764126,445965.648754628,414256.4440769856,290510.06101648964,315738.11088070675,377611.4490448067,219155.8884520836,219383.28311923283,203584.2035470701,202105.5422501276,161496.5251893686,179101.24606476733,288419.2067514033,281.24,284.97,263.45,267.35,248.56,250.73,285.69,289.73,261.2,263.5,291.61,294.57,232.28,235.42,278.47,282.29,391.16,396.74,327.61,332.04,309500.0,358900.0,216.79,217.196,235.0310073151,236.1833281472,222.7465429521,223.828451804166,158.0589610923,158.15573728181,228.8595231592,230.4247012092,170.9627950438,171.1500816916,146.062025386,145.8985349169,131.4097732729,130.5151787953,194.9163907575,195.68122,227.8744886529,230.3865294338,130.2491471859,130.305311488861,200.6862500997,200.3685605652,293.6888223598,295.7327050233,252.1680207201,252.1226593518,185.4398504178,185.381774244919,204.5880599934,204.3772371794,206.6763807936,206.488617165239,245.1573829371,246.0332970309,269.4395633979,272.5656341397,271.4451501842,276.036612926,264.9388904068,270.273220793522,230.6812136603,230.6883809928,238.7786090947,240.3783439983,269.9612837882,272.059447585,303.6079067071,305.8290479406,357.1508449277,358.5769708637,183.8428821744,182.7741599062,222.0270113484,221.6905857974,251.5942107815,251.7713634507,263.4887815506,268.742122393,280.4861496981,285.9409839067,299.3415606481,302.2215367178,262.4726948301,263.040804171566,151.711856794,151.722046831166,313.1398959704,314.892815094316,272.6745436984,271.552263836089,279.1705948668,282.752931818207,540885.0,319250.0,155.0,316066.0,337096.0,558462.0,266076.0,1112320.0,925986.0,769627.0,439399.0,1020965.0,642355.0,404982.0,1260225.0,576429.0,371830.0,276905.0,247817.0,290825.0,294190.0,306288.0,395005.0,462448.0,865357.0,323226.0,398987.0,263205.0,289619.0,655485.0,288689.0,570478.0,469898.0,589434.0,379204.0,1115738.0,428678.0,271462.0,274389.0,292353.0,557965.0,341073.0,665242.0,426763.0,308481.0,405098.0,410567.0,692656.0,437217.0,472928.0,648047.0,231898.0,338717.0,689855.0,245000.0,293265.0,355993.0,198700.0,580000.0,499450.0,399350.0,331684.0,685000.0,329450.0,295000.0,627000.0,379900.0,250000.0,219450.0,214900.0,195000.0,225000.0,233950.0,269000.0,346145.0,549450.0,229900.0,309950.0,204450.0,214950.0,364500.0,245000.0,343458.0,366925.0,395000.0,261500.0,497500.0,319900.0,233941.0,194950.0,224801.0,429000.0,232188.0,393750.0,284900.0,248226.0,299900.0,293889.0,429000.0,295000.0,339850.0,472450.0,168000.0,262400.0,275000.0
2020-05-01,,,,,,,,,,,256055.85462769555,557969.2689886085,257301.6661942679,226207.6178189208,358428.46803234285,428184.7145549533,447566.42164088186,415599.4355120212,292471.9974658433,316087.6735924739,378644.2565131621,219746.41888961484,220333.9744456764,203692.5405733104,202975.76106961307,162149.4830571831,179766.86284356355,289097.4893546085,280.19,285.57,261.52,266.97,247.61,251.96,285.5,290.94,260.34,264.04,290.95,295.37,231.65,236.81,277.15,283.41,390.07,396.66,324.42,329.86,315900.0,366900.0,216.919,218.444,234.6811336026,236.6608706808,222.5166957706,224.561354562303,158.0454676325,158.955884061634,228.8690516356,231.2233846603,171.4135750731,172.5173599425,145.8994647727,146.9176296149,131.4678249319,131.9469847593,194.8107136213,196.71531,228.0808834732,231.4974635544,130.0624270369,130.938258482742,199.9860786466,200.8227934968,293.4038193134,296.4804557991,252.001256519,252.7828886846,184.9008796677,186.844001633079,204.0159743345,204.2259343617,207.2276116657,208.29547770747,245.6504810443,248.342448169,269.4775353546,273.6628047654,270.3228011677,275.7800320382,264.4841642786,271.752115949608,230.6736834435,231.3038256288,238.7758229545,241.4458023605,269.0064539439,272.3824080794,302.4915787128,305.6251947533,359.2321952034,362.6569930159,183.4212712197,183.362044614,221.695198204,221.7458689699,250.8769054572,250.9966886515,262.2395267114,268.4148939868,278.6514080028,285.2531290502,299.6876136693,303.6730521268,263.2845289154,265.931675847513,151.470240978,152.645088530978,312.4617991028,315.091987794152,271.4351404308,270.078795189046,278.8825469695,283.660589980135,556147.0,329000.0,159.0,324862.0,348399.0,595848.0,273172.0,1163994.0,887390.0,809946.0,445500.0,1048027.0,652460.0,417910.0,1241636.0,581300.0,387001.0,295099.0,255122.0,303198.0,306114.0,314769.0,406279.0,479436.0,878415.0,330965.0,403907.0,268389.0,304393.0,675224.0,298964.0,566829.0,487133.0,589083.0,390069.0,1093703.0,447077.0,274577.0,288183.0,303371.0,573790.0,346024.0,685638.0,439677.0,308109.0,425824.0,429370.0,708924.0,440049.0,491151.0,663277.0,238019.0,349522.0,681867.0,249900.0,304000.0,365000.0,199900.0,610000.0,499900.0,409000.0,335900.0,698500.0,330000.0,299990.0,635000.0,385000.0,264900.0,230000.0,219900.0,210000.0,234000.0,239500.0,270225.0,355000.0,568500.0,239900.0,315000.0,210000.0,225900.0,379900.0,255000.0,345000.0,375000.0,399900.0,270000.0,498000.0,329900.0,235900.0,205000.0,229970.0,439900.0,239900.0,399900.0,290000.0,246400.0,312000.0,299900.0,437500.0,299000.0,349900.0,488735.0,172000.0,274900.0,279000.0
2020-06-01,,,,,,,,,,,256486.77812210747,556760.8029130993,257437.71764706649,226381.49280717823,359059.25547238585,429622.4317997663,448286.7365160243,415797.2747934389,293819.1057976309,315865.04494708014,378708.27158447314,220127.413045312,221033.6493632517,203381.0672243261,203335.55076061373,162606.00578386453,179995.6988970821,289529.97455651214,283.24,289.19,263.91,270.77,248.62,253.63,288.63,293.82,261.57,266.42,295.31,301.04,233.8,240.23,280.33,287.34,395.29,401.64,329.59,334.37,325500.0,377900.0,217.465,219.769,234.6655977808,237.0834799805,222.7175806214,225.261621069465,158.4465119858,159.940420252123,228.6819271576,231.8422851376,172.15588171,173.9204134317,145.0296155371,147.0242221304,131.438784395,132.7211924821,195.3923918918,198.04247,228.828805688,232.6475194573,130.8747022851,132.79200011267,198.3640965324,200.0987927326,294.3493421818,297.7404280439,251.3301463292,252.9119369309,185.5952984058,188.61751721807,203.7974573989,204.2965637756,208.1757691703,210.010968339835,246.4116965209,249.9464185087,271.0673174686,275.3217077972,269.9793997975,274.5909030748,265.4638084078,272.433321623625,230.7167408279,231.5968822854,239.5276433016,242.7444047557,271.0004078958,274.7644004611,304.2153363216,307.8187995105,359.6874337933,362.4080556177,183.2210651729,183.9756459267,220.9279707811,222.0461894872,252.4510667434,252.8403595886,262.1321876703,267.4400968618,279.6222105926,285.6590125204,299.9203212357,303.8771710458,263.7284985547,267.233911071919,151.1798490176,152.835868727312,310.8194285507,314.192409869009,270.9992566742,270.886341325032,275.4029179318,279.897925139069,583691.0,339450.0,163.0,331142.0,354479.0,637186.0,281113.0,1250962.0,913492.0,880570.0,453141.0,1046423.0,673200.0,432991.0,1245727.0,613361.0,398459.0,303047.0,261262.0,316632.0,318940.0,325807.0,424280.0,498749.0,945707.0,350402.0,410844.0,274755.0,316418.0,702326.0,302347.0,586612.0,499121.0,631458.0,406882.0,1084362.0,465558.0,277476.0,302573.0,314468.0,593002.0,363305.0,742657.0,447489.0,316826.0,443259.0,444310.0,765592.0,458663.0,506116.0,687075.0,245161.0,353670.0,687513.0,254900.0,309700.0,393950.0,205000.0,652450.0,517000.0,432000.0,339945.0,699950.0,339000.0,314950.0,642625.0,396625.0,271236.0,239450.0,224900.0,219450.0,239000.0,245000.0,284500.0,359995.0,599000.0,251450.0,315000.0,215450.0,230700.0,394850.0,254950.0,349950.0,389000.0,426950.0,278950.0,501272.0,339900.0,235000.0,219450.0,238500.0,449900.0,249950.0,424950.0,295000.0,250000.0,323947.0,309455.0,454950.0,317000.0,356950.0,497450.0,174250.0,276350.0,289000.0
2020-07-01,,,,,,,,,,,257177.96637011296,556604.856021942,258018.83982903432,227061.18704725496,359237.9101216537,430846.5359554033,449115.9789949534,415961.68298310257,295401.14457260683,315913.448299335,378934.5942402925,220880.5181537836,222081.60562067505,203090.43991119563,203648.5356367812,163267.97922233454,180248.33820693908,290322.7858031274,287.3,292.86,270.13,276.64,252.14,257.71,292.15,297.37,265.72,271.0,297.36,301.45,237.86,243.76,284.03,290.88,401.35,407.83,335.23,338.63,320400.0,384500.0,219.248,221.525,236.9126396436,239.0671717545,224.907904721,227.0681024995,159.208502746,160.802542819367,231.4256764895,234.2443466213,173.3392525258,174.9736881882,146.1743586037,148.4470811136,132.1330093815,134.3284055434,196.3642299491,198.78224,230.3535339932,233.5138011779,132.4047145319,134.533366820093,198.9310891764,201.2777543502,298.7299882091,301.1093042639,252.4965397374,253.92962208,186.4716090811,189.5883191951,204.5960109559,205.3842372664,209.9895282765,211.839513168943,249.5948484354,253.2938412846,274.6317297789,278.105787326,273.351498871,277.7030180332,268.9514317207,274.063262355943,231.4642533669,232.8031611612,242.3674037358,244.9010001634,274.5829315845,277.6248995135,310.1133176202,313.1543191385,366.9760150567,369.2338394925,183.6821442226,185.3328938552,223.3315674795,224.4335229457,254.2959641026,255.3564620324,265.4319494282,269.9374655235,285.8183495456,291.3628609572,303.5868832269,307.6581779431,264.5511005628,268.065210123767,151.0755395107,153.142073962296,313.8345330973,316.072706556945,271.1099252784,272.32270834154,274.078484909,277.929401927885,601882.0,345000.0,166.0,332911.0,362805.0,658706.0,287101.0,1319950.0,955517.0,925140.0,461501.0,1043067.0,688768.0,443179.0,1264893.0,643822.0,405686.0,307572.0,259206.0,323529.0,319370.0,331286.0,442076.0,507289.0,982728.0,357775.0,410346.0,281131.0,319229.0,734299.0,306455.0,578569.0,516380.0,641434.0,418652.0,1115527.0,472217.0,278570.0,305982.0,318360.0,603810.0,377332.0,749635.0,450619.0,318660.0,453187.0,450765.0,819743.0,465257.0,510473.0,698052.0,247510.0,360039.0,696067.0,253400.0,313500.0,399900.0,209300.0,691500.0,520000.0,449900.0,344450.0,698081.0,339950.0,319981.0,640000.0,399945.0,278450.0,239900.0,222425.0,214000.0,239450.0,249000.0,295000.0,365000.0,609675.0,255000.0,314000.0,220725.0,230000.0,399000.0,257000.0,351878.0,385975.0,439450.0,280000.0,529950.0,344411.0,238863.0,221123.0,238995.0,455000.0,259900.0,422450.0,293195.0,252397.0,325000.0,310000.0,469945.0,319500.0,359350.0,499950.0,173213.0,279900.0,292650.0
2020-08-01,,,,,,,,,,,258834.36743214785,559854.7453942171,259620.7262123605,228537.6805116705,359647.54560990253,434057.7539514023,451660.0431772478,417730.45901443326,298157.2053585504,317137.48474745225,380970.377142265,222611.0613341616,224079.3129400568,203601.35868207784,204695.8386499392,164632.15914477658,181237.10114309395,292241.1107422406,292.32,296.65,275.91,281.57,258.2,262.22,297.26,301.76,269.57,273.3,302.18,305.54,241.56,245.96,289.05,294.07,409.35,412.95,340.17,343.06,321400.0,390600.0,222.274,224.003,240.9803612279,242.1383894994,228.4133522527,229.820489769805,160.4385077353,161.647848618296,235.3981836633,237.4061323476,175.3179047908,176.5123999136,148.3501733093,150.3850260573,134.543418668,136.548379322,198.9925762577,200.73284,233.4159940158,235.1393710933,134.1064358369,136.053611548338,201.3258136433,203.58391749,304.4635013566,305.2923419313,255.2261246429,256.6274010781,188.4753837381,190.894395409891,207.9330055986,208.2705155738,213.0811569577,215.094791604268,253.3286528752,256.0417497287,281.4513692271,283.0336408752,278.5898798508,280.3986811999,274.8635688226,277.091279857577,234.5025117381,235.5980729244,246.135382493,247.600104619,281.2364817405,281.9739194269,316.0200022607,317.6320511106,371.6936482558,372.9982192209,186.9690724355,188.3279132235,226.2399246252,227.480273618,259.3580865838,260.9284623698,271.4912454129,272.6033433314,291.6202888023,293.9944493771,310.8079880935,314.3675273332,265.9596810615,268.674346131778,152.6468841643,154.462096258615,317.343833554,318.79140031828,269.9541532717,271.002776520419,273.7517500617,277.030037270335,621326.0,349000.0,168.0,334718.0,366721.0,666028.0,291723.0,1374986.0,1038743.0,941785.0,470685.0,1028865.0,701054.0,448026.0,1277187.0,677666.0,412922.0,307750.0,256839.0,310413.0,323729.0,336822.0,447812.0,509432.0,1102985.0,362301.0,410928.0,285676.0,325998.0,743881.0,303174.0,582930.0,508289.0,646345.0,426657.0,1161128.0,478447.0,284511.0,301867.0,314825.0,624425.0,384651.0,772685.0,455146.0,314235.0,460062.0,454015.0,867540.0,482700.0,519713.0,701135.0,252334.0,358825.0,657270.0,254900.0,315000.0,399900.0,210000.0,699900.0,520000.0,449900.0,346450.0,680000.0,343000.0,324000.0,645000.0,400000.0,279900.0,236795.0,221950.0,210000.0,239900.0,249900.0,295000.0,359990.0,629900.0,254900.0,310000.0,227000.0,233800.0,399500.0,249900.0,354999.0,379250.0,448500.0,280300.0,549000.0,346000.0,240000.0,219900.0,232400.0,464900.0,262125.0,425000.0,294000.0,249900.0,328985.0,310000.0,485000.0,324000.0,360000.0,499950.0,174900.0,275000.0,289900.0
2020-09-01,,,,,,,,,,,261679.2398923064,567069.6222508064,262189.9173634621,230766.5625095884,361712.3337626021,439835.99046551576,456535.962407708,421573.4392832071,302505.4349426842,319400.760543872,385122.5828489267,225378.04204099852,227086.8184903264,205226.6164952961,206923.9828432985,166799.9202874937,183346.29561257115,295402.0668927799,297.05,300.2,281.89,285.45,263.13,266.07,301.55,304.54,273.8,276.37,304.86,307.5,245.28,249.02,293.64,297.33,417.49,419.89,347.23,348.54,332200.0,411300.0,225.727,226.751,245.093108934,245.4904476484,232.302869269,232.878888386962,162.5757852016,163.256976245131,240.0982019886,241.1678898852,177.8533491986,178.6334680338,150.7492443245,152.1637592238,136.526729314,138.1650743555,201.8856249444,202.58647,236.5575373456,236.6398662282,135.9575524957,137.295951083676,203.6355018015,205.1627314251,309.3834576131,309.0668240307,258.6381002559,259.5068897546,191.278598074,192.812906519269,211.717636532,212.0143226443,217.7581727003,219.16129354457,257.9707180657,259.5450902954,288.1113144873,287.9787756716,284.3213859734,284.1653570745,281.4283635251,280.539740785067,237.7497149227,238.7681649429,249.9949146086,250.0415086546,285.9538239099,285.5252245321,322.4429759345,322.1540854491,378.2642773208,378.4645225035,190.3579567396,191.6225924547,230.5373631568,231.3598624551,265.0024933255,266.1841265279,276.6888883137,275.9357247874,298.2395278072,297.4983234482,317.7563520085,319.4970566669,267.8396678431,269.134868411657,154.2386564149,155.838693905004,321.0502022334,320.992736293157,269.9727462838,271.853144802661,274.095255196,275.606844174976,633709.0,349000.0,171.0,338934.0,372392.0,672776.0,294687.0,1401571.0,1061607.0,931848.0,470079.0,975555.0,716924.0,454126.0,1290739.0,708322.0,416287.0,301716.0,254601.0,307783.0,327420.0,342642.0,449232.0,507279.0,1086498.0,358536.0,409263.0,293304.0,467463.0,764982.0,302176.0,584487.0,499097.0,649589.0,439067.0,1175241.0,484506.0,282389.0,297338.0,319942.0,630543.0,388330.0,790014.0,454705.0,312757.0,457297.0,458061.0,892513.0,493691.0,526947.0,709184.0,252913.0,349414.0,651115.0,255143.0,310500.0,399900.0,209900.0,705000.0,505975.0,442000.0,349900.0,649225.0,345000.0,324113.0,642500.0,404990.0,282223.0,227748.0,215000.0,209900.0,239450.0,250760.0,295000.0,355000.0,629000.0,249900.0,309900.0,228250.0,230000.0,399900.0,245000.0,355000.0,369900.0,449000.0,285000.0,554500.0,349000.0,241900.0,212400.0,231000.0,474475.0,265075.0,413675.0,290968.0,248875.0,325200.0,309995.0,490000.0,321750.0,359900.0,499925.0,169950.0,266000.0,282413.0
2020-10-01,,,,,,,,,,,265154.2581485187,576334.0231244249,265230.08731603663,233282.1030114993,365096.7335517036,447162.293971401,463024.0779605603,426703.8360084225,307651.8746266386,322304.79425531934,390785.7457997254,228787.3219552009,230647.1437983336,207427.5792846073,209722.7473271888,169458.0467192511,185934.4609984448,299325.1673991369,301.58,303.43,287.39,289.76,266.89,268.93,306.7,308.76,277.57,279.57,309.56,310.46,248.8,250.62,296.89,299.22,423.63,424.72,352.85,352.97,335000.0,394400.0,229.654,229.758,249.4762134605,249.0356524168,236.478891081,236.091770209974,165.0195859709,165.19744089558,245.0355672152,244.8459343154,180.8300975766,181.1824585871,152.6818364743,153.2862773114,139.3377808516,140.1140796557,205.7924272244,205.50438,240.6053510751,238.8810511486,138.0588060695,138.315390274233,206.4657035031,206.8711736809,313.643642013,312.585024674,262.963973355,263.2550345009,194.2468564961,194.904037107852,216.0751970297,216.5481854682,222.030055289,222.820796677785,261.9684666359,261.4010451093,294.7404146886,292.8859729566,289.9013404456,287.3452416945,287.2764325454,283.476445514299,241.9445986194,242.6134213203,253.8879183631,252.9528966887,289.3668767237,288.6220647853,327.756155814,325.946693152,383.1035187988,381.7340847101,194.6936459625,195.5305902914,234.8783712778,235.4823616106,270.537951903,271.5316983276,281.0454601358,278.9384450213,304.9401625481,300.905439213,324.1781939046,323.2869899934,269.2742233636,269.317830725037,155.3161575421,156.224831285959,323.7780302494,322.507006060547,271.8178526214,272.706309781478,274.9271789347,274.411073436228,641184.0,349000.0,173.0,337322.0,374631.0,677047.0,293984.0,1415404.0,1073552.0,927267.0,474915.0,934210.0,721755.0,456888.0,1351815.0,731171.0,413683.0,296380.0,254138.0,304689.0,323697.0,347568.0,443849.0,506626.0,1066450.0,357576.0,402723.0,297003.0,324339.0,768047.0,304075.0,596230.0,502150.0,653748.0,443815.0,1213838.0,485331.0,281564.0,291779.0,319285.0,631557.0,394764.0,777244.0,455057.0,309453.0,462073.0,458961.0,912195.0,498308.0,529327.0,721965.0,248885.0,346304.0,619158.0,250000.0,299900.0,399900.0,208000.0,719000.0,505000.0,439000.0,348000.0,629900.0,345000.0,320000.0,648500.0,415000.0,279900.0,222850.0,214900.0,205000.0,229900.0,250000.0,289900.0,354999.0,625000.0,249000.0,299900.0,228975.0,229000.0,395950.0,239900.0,355000.0,369900.0,442000.0,280000.0,575000.0,348944.0,242683.0,200000.0,229500.0,472250.0,268800.0,399900.0,289000.0,242900.0,322500.0,309000.0,495000.0,325000.0,359000.0,499900.0,170000.0,259900.0,279000.0
2020-11-01,,,,,,,,,,,269084.37845466816,587121.9313706981,268799.5651996384,236150.99228983515,369569.4496427029,455388.7968111208,470571.7233554304,432557.83075776993,313342.0081450988,326008.5971596935,397525.35181359993,232608.1585730505,234473.0355903353,210028.8628958293,213071.45920489964,172383.74155205733,188880.496522925,303564.1967340619,305.21,305.48,291.89,292.48,270.28,271.38,310.42,311.32,279.74,280.75,311.32,311.12,251.71,251.66,299.26,298.94,431.61,429.98,358.9,357.09,333600.0,397500.0,233.201,232.259,253.4603716349,252.0669214589,240.2085057188,238.775593623305,167.5907618068,167.184575053306,249.3812086331,248.3342001768,183.5363883744,183.2397761208,154.2333912363,153.6351754934,140.6677745133,140.4376683856,208.6206750842,207.21477,244.4080921485,241.3409828578,140.0669928547,139.342298600325,209.1233522748,208.3680915567,317.6725656411,315.3717784468,266.9627956518,266.5753992196,196.777261499,195.971025155924,220.6862276495,220.9571365203,226.2947774746,225.645329931312,265.7454270196,263.2790125409,299.7414357885,295.4823377173,293.8203526257,289.8930019675,292.2366806742,286.142542247963,245.8029917609,245.9223188468,257.132502366,255.302097343,292.8677908574,290.7779609509,332.0393034245,328.9723082269,387.1359193981,384.6856621503,198.6576255164,198.8105102581,239.7859684544,239.5598029315,277.3237343115,276.9669168319,283.6551645928,280.169782104,309.8391449799,304.4246008326,328.8088808364,324.9312178125,269.478204512,268.551498637191,155.852592699,155.683850144545,326.1028461303,323.503510298575,274.2015727077,274.532625286319,276.0435005719,272.623679567971,640428.0,342000.0,174.0,336875.0,379635.0,671852.0,293731.0,1423749.0,1092623.0,923373.0,473007.0,926756.0,725037.0,459139.0,1396954.0,770315.0,405327.0,287406.0,251300.0,304161.0,317869.0,347104.0,446660.0,501573.0,1062260.0,356162.0,400761.0,295691.0,320336.0,810249.0,303160.0,598149.0,514724.0,653747.0,439571.0,1227691.0,483082.0,278320.0,285330.0,317442.0,637218.0,392662.0,770128.0,456160.0,305439.0,457724.0,458114.0,971440.0,509172.0,536948.0,744273.0,246240.0,345313.0,609015.0,249900.0,299450.0,394000.0,200000.0,712450.0,507656.0,429950.0,348500.0,599900.0,344945.0,319012.0,650000.0,429495.0,269950.0,214750.0,212150.0,199998.0,224900.0,250000.0,290000.0,349450.0,609900.0,239900.0,299900.0,224950.0,221238.0,395125.0,237975.0,350000.0,371950.0,437000.0,279525.0,571950.0,344950.0,238055.0,191575.0,224950.0,474200.0,265000.0,399950.0,286945.0,239900.0,316944.0,304399.0,502950.0,325000.0,350000.0,504494.0,169000.0,254950.0,266975.0
2020-12-01,,,,,,,,,,,272914.76414081856,597882.4903016203,272347.3187181559,238930.5477378812,374503.0625670504,463266.4621388186,478125.0084904791,438288.6795773871,318897.9214842264,330165.79065245856,404515.3043427873,236408.9786810077,238264.17352713097,212466.02663781968,216223.75234699537,175128.75456225078,191566.48466636412,307610.9468424664,309.25,307.54,295.82,294.14,274.05,272.79,314.35,313.73,283.74,283.47,315.54,314.06,255.33,252.72,302.66,300.42,438.59,434.58,362.74,358.73,339300.0,386800.0,236.513,234.308,257.0476560409,254.4206562934,243.6580230424,240.936890483676,169.9943659042,168.644448139804,253.3622712878,250.3397926846,185.7703938463,184.3465399748,155.6925220534,153.7989496343,143.0568416382,141.7828222672,211.617820998,209.07642,248.1156090845,243.6122393564,142.0520347906,140.281906958926,212.4104941282,210.687861982,321.8618087756,317.9524997978,271.2805492517,269.9472762497,199.1465556739,196.489386016432,224.4643052089,224.307620562,230.3918963489,228.256487952561,268.7652138214,264.5377447745,303.9142884233,297.6351827001,296.9333805225,290.7126312707,296.9468450757,288.796566565683,250.2207345183,249.016178162,260.1752629782,257.3681349785,297.2818852363,292.7671493491,335.332763785,330.7070510534,390.9782200011,387.1833048836,201.8698782512,201.2397545699,243.4958315293,242.9710361653,282.3795285653,280.9814199686,286.5423533856,280.5695650947,311.7878028169,304.8753384602,333.1497928563,326.843414992,269.3301294316,266.744669078803,155.2347309825,153.50663815722,327.4682333018,323.89523473016,275.0908087992,274.349405339932,278.1897843015,272.503289988291,642732.0,336250.0,173.0,335800.0,384248.0,661571.0,291967.0,1462877.0,1182965.0,947697.0,467512.0,948778.0,732660.0,455744.0,1415096.0,786935.0,396913.0,277695.0,251608.0,297492.0,310438.0,353451.0,443966.0,499194.0,1049393.0,354836.0,400803.0,294637.0,315205.0,848877.0,310868.0,603473.0,517452.0,654443.0,437355.0,1244496.0,483348.0,279572.0,281666.0,315354.0,641451.0,388534.0,777107.0,453376.0,310593.0,456243.0,452721.0,1023399.0,515765.0,533161.0,745333.0,244651.0,344430.0,622496.0,249900.0,299900.0,384500.0,199900.0,704450.0,510500.0,436950.0,348767.0,606000.0,342250.0,314950.0,650000.0,426904.0,259450.0,204995.0,212700.0,195125.0,219900.0,249950.0,291150.0,340000.0,599000.0,234950.0,299650.0,220400.0,216250.0,396750.0,240500.0,349997.0,372400.0,429900.0,279000.0,569000.0,342200.0,235000.0,188250.0,219950.0,473750.0,259900.0,399900.0,283458.0,239900.0,314950.0,299900.0,531450.0,324950.0,345000.0,499925.0,165000.0,249995.0,265000.0
2021-01-01,,,,,,,,,,,276598.71308241255,606817.904618551,276019.1849210838,241848.5349087217,379173.3147229878,470914.7471717732,484955.7996584427,443803.49484610953,324370.32949150883,334410.46811071504,411395.8076899758,240216.32257138964,241865.2410593025,214880.3429907496,219126.03445021936,177535.7720657628,194328.01060964228,311313.4048706602,312.94,310.44,299.74,297.58,277.2,275.74,318.2,316.65,286.81,285.49,319.82,317.82,257.6,253.75,306.49,302.85,445.42,440.04,366.89,362.98,354800.0,411900.0,239.609,236.383,260.3136155932,256.9057023504,246.7819285809,243.285332783311,172.1967779674,170.101318558905,256.6812719399,252.2572940933,188.3320474424,185.8810621553,157.1211943879,154.3333741301,144.3486756077,141.9881773757,214.3366445371,210.81409,251.0994698874,246.4376269327,143.9134687569,141.210871799389,215.7832372118,213.0079429873,325.2906082764,321.1944540518,275.2625015079,273.4244068008,200.7651143826,196.569485250867,227.9866458453,227.0160296501,235.230326499,231.901611953114,272.3180880644,267.4755440128,308.1814561982,302.017405285,300.6717053541,292.3682366517,301.4141664547,293.010633585956,254.3244984357,251.9426190482,262.8795331841,259.0612204308,300.414473215,295.4217270717,339.388700855,334.8823081564,397.3532984258,392.7875241696,204.3409138904,202.9090137405,246.952168434,245.5405230915,288.0520534028,286.290317048,290.9341986021,281.1376911356,316.5885439141,307.5094810883,334.3009650737,327.3274299467,269.6014643264,265.784864892699,155.162732753,152.406698219364,329.0480442886,325.822217980463,275.8131692711,275.032144351174,278.6423434288,270.877911759322,657189.0,335000.0,175.0,335173.0,393667.0,692216.0,291466.0,1530343.0,1256035.0,997868.0,477387.0,969163.0,746060.0,462602.0,1431761.0,835932.0,404516.0,278055.0,251234.0,296624.0,309601.0,346183.0,446936.0,500506.0,1134523.0,354241.0,410521.0,293312.0,327811.0,875306.0,313134.0,612528.0,538491.0,660615.0,433389.0,1296774.0,487919.0,280229.0,287279.0,319212.0,654980.0,390472.0,842442.0,450870.0,302378.0,460521.0,450723.0,1120903.0,524064.0,535304.0,753490.0,244199.0,352123.0,619152.0,249900.0,300000.0,389000.0,198500.0,699000.0,520000.0,442953.0,349900.0,588450.0,340000.0,315000.0,649000.0,444450.0,254900.0,199990.0,211808.0,190000.0,219900.0,249500.0,287500.0,339900.0,625000.0,234900.0,300000.0,217000.0,225000.0,399000.0,240000.0,349990.0,374900.0,429000.0,275000.0,575000.0,340950.0,235000.0,184500.0,217900.0,470000.0,259000.0,428944.0,279500.0,239900.0,315000.0,299000.0,549000.0,324900.0,339900.0,499000.0,160000.0,255000.0,260000.0
2021-02-01,,,,,,,,,,,280364.4867162145,614462.9142055496,279677.3932307115,244956.6945088493,384046.80333703576,479200.67793555424,491711.9524320878,450052.8123027776,330055.166807032,338910.55730195274,418660.817627888,244180.9724058405,245576.00030546528,217515.709068998,221959.04265868224,179800.63810736124,197349.11912575725,314989.5317297248,315.63,315.12,300.61,297.81,278.38,276.78,320.78,321.7,288.78,289.14,323.03,322.35,259.31,257.57,308.14,306.63,450.69,450.12,372.82,372.35,351400.0,423700.0,242.323,239.166,262.9659796544,260.1171905643,249.5699747133,246.54336974753,173.683807316,171.549849252402,259.4662389637,254.5578058421,190.4779238604,187.7872375126,157.9085653917,154.8729300587,145.640978405,142.7069484196,217.5708176391,214.3741,254.520924929,250.9472623096,145.3950625386,142.775148859984,218.408069022,215.2326953489,328.4774508453,325.5791612576,278.8592142098,276.2889271884,202.5774978223,198.403859134434,230.7520960667,228.9869410107,239.2925548465,236.590633243891,275.276741874,271.2388262511,313.879526389,311.0062745765,303.3377648063,298.4065990496,306.3853381457,301.133229978386,257.8468481657,255.3211502436,264.9770898835,261.6965501419,302.6568239641,299.4810994002,342.8693316813,339.9069032439,403.5351045187,400.6476357374,206.1364066879,203.9391597125,250.3202134873,248.022255543,293.676515828,291.3546900899,292.7844768993,286.9604749971,320.8751089618,314.7857603923,339.6754477418,334.9144210234,271.2254706939,266.490986269554,155.0225699778,151.837500181084,331.4134332912,329.131605001768,276.3416448913,275.424962177551,278.7668560514,273.81664617083,685930.0,343500.0,181.0,341338.0,398723.0,717759.0,296316.0,1586181.0,1265999.0,1073799.0,478384.0,962937.0,765844.0,475859.0,1467854.0,877481.0,432345.0,293871.0,258099.0,570825.0,316048.0,355734.0,462466.0,509748.0,1169329.0,375150.0,429743.0,298732.0,338155.0,921065.0,325518.0,617025.0,570563.0,686203.0,429409.0,1326959.0,499438.0,288204.0,298047.0,323047.0,662041.0,407047.0,828992.0,454053.0,304901.0,475613.0,460048.0,1190805.0,544291.0,543105.0,766750.0,240849.0,364320.0,633499.0,252500.0,309500.0,390975.0,199900.0,724900.0,529950.0,461350.0,352150.0,564250.0,344950.0,319994.0,632000.0,468256.0,262450.0,207200.0,222500.0,197900.0,225000.0,253866.0,295375.0,346950.0,638500.0,242450.0,318573.0,218500.0,231400.0,399500.0,254825.0,349900.0,392475.0,431444.0,275000.0,590000.0,344695.0,239950.0,192125.0,217000.0,475000.0,264950.0,399900.0,275517.0,240431.0,322450.0,299662.0,549900.0,325000.0,345228.0,500000.0,158250.0,262500.0,266225.0
2021-03-01,,,,,,,,,,,284295.2399764206,621388.6606559756,283586.48805559264,248475.791358272,388600.5302584719,488428.9743373762,498538.12084492826,457641.08462128806,336705.42606887943,344144.8492465413,426439.684722381,248337.5375463775,249368.20367967105,220203.1287068453,224907.9573570071,182131.194680355,200559.70228045376,318723.18837497133,320.23,322.38,306.13,308.29,281.94,282.8,327.01,329.95,292.78,294.25,326.86,328.3,262.06,263.09,311.1,313.1,459.53,462.52,378.37,381.12,342700.0,408100.0,245.417,244.166,265.9769160028,265.6702394737,252.7205984292,252.24187964405,175.6237370892,174.690264015611,262.8463957809,261.242901041,193.9426970385,192.67772996,159.1922573022,157.5497816976,147.0111637435,145.3149883389,221.4385471309,220.39817,258.5212633932,259.1988650498,146.4096788093,144.689923997435,221.9177930451,220.2486494339,332.5361236555,333.2368655805,282.9804462926,281.5242918023,203.9714866654,201.846991111601,232.552182047,231.6998606393,246.273132103,244.554388722483,279.1891228543,278.2559530504,319.6679360044,321.3711643901,306.2031472529,308.0997304491,313.1106055549,315.217044019027,261.5905360822,260.3364677786,267.3710957507,267.0277719218,305.7980266409,306.4849834756,347.762268705,348.9698376617,409.1987624423,410.7886151679,207.3615190634,205.2949161169,252.9148686243,251.3781470622,297.5761858562,296.5891743205,294.1055723132,296.1324941604,326.5220524714,328.6636781654,346.2670329578,345.8253783925,272.1666401595,270.250535776046,155.0680441811,153.74785015852,334.3673482899,334.680830577768,275.4852569124,274.620330780528,277.5032391584,277.989636352155,702153.0,352450.0,186.0,349667.0,411935.0,722806.0,304171.0,1583641.0,1295525.0,1079921.0,492461.0,938693.0,792520.0,485994.0,1525315.0,857659.0,448360.0,303017.0,264667.0,313270.0,326803.0,362985.0,473494.0,509549.0,1177045.0,389607.0,442193.0,300166.0,343292.0,928858.0,339391.0,667788.0,589424.0,679848.0,436365.0,1334108.0,510121.0,294270.0,305556.0,336246.0,659002.0,420760.0,797551.0,471604.0,312758.0,489100.0,469874.0,1154005.0,551170.0,554688.0,764702.0,247752.0,371863.0,679063.0,259500.0,326875.0,399700.0,199950.0,732500.0,549000.0,465000.0,368450.0,554575.0,349950.0,327450.0,644500.0,484900.0,278700.0,219450.0,228850.0,199950.0,237450.0,259500.0,302500.0,351000.0,647000.0,250000.0,329900.0,217125.0,239500.0,420000.0,269550.0,369000.0,396950.0,439000.0,276074.0,595000.0,347000.0,249000.0,199450.0,227000.0,478950.0,272450.0,392950.0,282900.0,249950.0,329125.0,306000.0,535450.0,330000.0,356998.0,525000.0,159950.0,275000.0,272725.0
2021-04-01,,,,,,,,,,,288594.2260544233,630455.382996381,287933.60977099487,252381.17197794173,392831.48737461824,498923.2262137918,506127.5208859756,466469.9168939996,344486.84526946885,350297.3203490617,434604.1815836976,252680.9482056824,253486.11601268288,222735.2172140892,227932.17964683543,184638.9577900473,203857.664257052,322724.33425726945,325.0,329.73,310.45,316.03,286.8,289.76,331.26,336.13,297.59,300.48,332.15,335.97,265.23,269.03,314.66,319.43,468.87,476.61,384.58,390.39,364400.0,427100.0,248.999,249.776,269.3521075339,271.1036827222,256.2287975225,257.84491827964,177.6935972354,177.805879309378,265.6501425254,267.6646870843,196.8962806044,197.1156260646,160.5890562943,160.4216670277,148.7669691504,147.9165129229,225.7002029214,226.77797,262.5207513389,265.9325043244,147.9770400768,148.205441582188,225.7601158098,225.4427405508,336.2849718327,339.426507094,288.2198826334,288.1840312638,206.2284792774,206.407651157916,234.795881248,234.7326876741,252.7094708376,252.664265779427,283.2932475961,284.8774232098,326.7171772522,331.5868571791,311.6257480881,317.7925490798,319.3105916611,326.434545099747,266.3034758144,266.3017383953,270.4355256126,272.5639557977,309.3948132266,312.5066379888,351.7682864193,355.2141350127,415.1232408867,417.705524636,209.1179615545,207.9789380895,256.6473433825,256.2531745003,299.8217834061,300.1540814353,298.7951254527,305.5846291247,332.5416964419,340.1067475232,353.7787279594,357.8372310644,274.4637053852,274.892005825599,155.422379865,155.258737584976,338.213858225,340.476633820133,276.1925617653,274.869518261383,281.3980833888,284.98784793883,721382.0,369450.0,192.0,363297.0,418421.0,732124.0,313656.0,1573316.0,1293896.0,1088544.0,516526.0,941767.0,816216.0,500836.0,1550967.0,856744.0,459506.0,317953.0,275721.0,315323.0,340758.0,382715.0,506911.0,516141.0,1204909.0,399485.0,441169.0,316792.0,350728.0,923074.0,340716.0,694046.0,568755.0,687040.0,449159.0,1358740.0,520662.0,299464.0,315093.0,516308.0,674225.0,431402.0,807312.0,503223.0,323556.0,505390.0,487310.0,1126647.0,560002.0,560279.0,782351.0,263826.0,374681.0,707991.0,267088.0,329700.0,412500.0,209288.0,749000.0,555400.0,469450.0,381150.0,572400.0,361741.0,342762.0,672500.0,495687.0,289450.0,229950.0,235000.0,214325.0,240950.0,273878.0,325000.0,364924.0,649450.0,259450.0,325200.0,225250.0,245450.0,437450.0,262500.0,389875.0,399900.0,447000.0,282625.0,599000.0,350000.0,254900.0,217000.0,225000.0,492500.0,280000.0,395000.0,298500.0,260150.0,340425.0,319045.0,552500.0,347475.0,369450.0,549995.0,162800.0,279950.0,273750.0
2021-05-01,,,,,,,,,,,293363.3432873532,641312.2320889574,293194.3190260063,256850.48462011028,397061.1694942939,509643.0095213612,514046.274867469,476018.1095166232,353774.0356926971,357686.61798351654,442597.48908270337,257367.86076579223,258117.85029985945,225011.91999040265,230969.66765454624,187271.27872974507,207236.2215892273,326980.3904614802,330.4,337.09,317.7,324.7,289.7,295.29,337.25,343.78,303.49,308.01,335.94,341.35,268.32,274.74,319.9,327.57,479.1,488.03,393.49,400.38,372700.0,429300.0,253.248,255.399,273.4699093495,276.3664380441,260.4322303631,263.346147599501,180.8277777494,181.935297646276,268.0319128648,271.3843175181,200.5016475085,201.9360353415,162.0775142827,163.3291878526,150.2952144518,151.1002869275,230.3303210801,233.07644,267.3115572948,271.9357011347,149.8391937915,151.066084925166,230.8683069901,232.0676639463,342.2836193018,346.6822096585,293.8140903372,294.9262201423,208.3512814846,210.806037914907,237.3827496262,238.0851298554,260.32138208,262.115886983872,288.0709063442,291.721989971,334.6995920609,341.0379780761,318.5475110396,326.0812469239,325.9902728545,335.478081918421,271.9418833158,273.0623414811,273.1955148872,276.6988197357,315.0373164112,319.8078175827,357.8099756061,362.3050543826,420.1012780047,425.1119366719,211.0796968869,211.4612471519,259.1312917117,259.6318583759,302.8894785353,303.4152624408,306.2650506801,314.4131717975,338.6754134549,348.1308914378,359.2988777156,364.9234875479,276.8223798261,279.107992604344,155.9198656509,157.001635850711,342.6117322375,345.999288150303,277.303529547,276.052284827766,283.3105014925,288.112150749372,723318.0,376412.0,196.0,374315.0,414087.0,737784.0,323418.0,1560070.0,1240843.0,1091658.0,504979.0,938824.0,839477.0,512782.0,1625470.0,854854.0,462706.0,323584.0,282030.0,318796.0,351705.0,388271.0,510178.0,528148.0,1197680.0,397213.0,439379.0,327743.0,353111.0,940343.0,357081.0,703356.0,570253.0,683710.0,456558.0,1348018.0,532936.0,307566.0,315736.0,347446.0,692641.0,430169.0,801282.0,521985.0,334468.0,509609.0,501677.0,1091059.0,556987.0,565336.0,786697.0,275136.0,378432.0,771985.0,270000.0,340000.0,430000.0,214000.0,749900.0,575000.0,474900.0,379250.0,570000.0,375000.0,349990.0,720000.0,514950.0,299894.0,234900.0,235000.0,225000.0,249000.0,275000.0,330000.0,375000.0,650000.0,259900.0,325000.0,230250.0,249000.0,462900.0,265000.0,400000.0,400000.0,449000.0,297000.0,599000.0,354450.0,262000.0,220000.0,225000.0,515000.0,285000.0,395000.0,306990.0,269900.0,345000.0,330000.0,575000.0,359000.0,375000.0,569900.0,169000.0,289900.0,295000.0
2021-06-01,,,,,,,,,,,298492.40114574035,652968.8799965865,299634.76976078254,261632.37938142847,401022.6320001251,519698.82043269504,521537.8662922971,485394.4201411188,363983.6988076768,366116.628262681,449843.0930221107,262447.8736664371,263340.19363918767,227384.8220818652,234154.12803376373,189977.4369315684,210735.72586613544,331175.568688713,336.38,343.69,320.83,329.55,293.03,299.01,344.61,351.13,308.14,314.15,342.59,349.57,273.39,280.92,324.22,332.46,493.42,501.8,399.35,405.66,361100.0,422200.0,258.071,261.111,277.9407294131,281.3300904558,265.0554993824,268.560083976195,184.5665645225,186.483102897862,270.6071750234,274.8479682432,204.6715171396,207.0399146323,163.5581428686,165.9859160334,152.9990647889,154.7033143121,236.3685191539,240.14109,273.2521290692,278.3184510614,151.8528515853,154.202819528135,237.3893082366,239.7820631016,348.5867197739,353.3310920625,301.5647783165,303.9514940995,210.6753055931,214.355264859001,239.4884527697,240.6389725598,268.5828354771,271.467131670598,293.4993657332,298.1264322441,343.3859780771,349.6430238064,328.2532129788,334.7333914301,331.9129639191,340.882651794409,279.7531966046,281.3984614883,276.2122781598,280.197010309,321.3363644336,326.5202399567,364.5294143186,369.5584644359,426.3616229023,430.1552636793,213.1371677289,214.644968689,261.3297648293,263.3451488733,306.9847276172,308.1465818436,316.198840033,323.4965250768,344.6878824372,353.1003437638,369.1183442206,374.8134137538,279.5802581385,283.116852235867,156.8940065457,158.519799272981,347.6014139745,351.959324409003,279.4037705439,279.505042834184,287.494657044,292.259755078586,712940.0,379900.0,197.0,374886.0,400772.0,727926.0,328914.0,1521548.0,1204786.0,1039779.0,492396.0,961198.0,864055.0,508839.0,1629854.0,845247.0,459106.0,324986.0,282855.0,312600.0,354609.0,387336.0,504671.0,526051.0,1157639.0,390228.0,432587.0,326276.0,350660.0,968080.0,352025.0,720440.0,563859.0,667652.0,458772.0,1305981.0,531125.0,311831.0,311110.0,346930.0,702077.0,415964.0,802293.0,524659.0,343121.0,515013.0,509112.0,1091249.0,552419.0,561990.0,796195.0,276319.0,377353.0,827219.0,269500.0,337000.0,440000.0,220700.0,749970.0,585000.0,462450.0,387200.0,592000.0,385000.0,350000.0,749500.0,543723.0,299900.0,239900.0,230950.0,222475.0,249700.0,275000.0,336250.0,375000.0,649700.0,260000.0,328900.0,229950.0,249700.0,487400.0,265000.0,417500.0,409900.0,445000.0,299950.0,589500.0,359443.0,266675.0,219900.0,229850.0,522500.0,279950.0,404900.0,314500.0,274900.0,340000.0,339945.0,569350.0,357500.0,381271.0,577475.0,174950.0,289900.0,314450.0
2021-07-01,,,,,,,,,,,303096.303072526,663504.407948289,306230.099026633,266019.3392800719,404522.5233840356,527868.0712035843,526621.5468004913,493218.8697243898,374154.97775924805,374818.8299082855,456130.5074525749,267058.57504237205,268192.96247469034,229404.3684705877,236464.18632666857,191881.5373379324,213368.4064898504,334340.3522868439,341.46,348.09,326.23,334.04,296.39,303.03,350.77,357.13,313.56,319.93,348.99,353.9,275.91,282.69,327.04,334.86,502.06,510.44,406.4,410.43,385000.0,437000.0,262.554,265.432,282.0868193285,285.0037135514,269.6520432007,272.53038875146,188.6630516701,190.731858954819,274.3677800488,278.0067238088,209.270103584,211.5534928384,164.9828907243,167.6744321362,153.7451275902,156.4980920489,242.4122633572,245.82838,279.0970296155,283.2251366163,153.6894064321,156.227666604633,243.2134947826,246.3948835834,355.191909822,358.3784169125,308.8201634875,310.9250029749,213.0117767174,216.706082952792,242.0617693466,243.3966566238,277.6850548363,280.467090909912,298.2050384927,302.6838899925,350.8041634052,355.4228418786,332.8550914871,338.5271770092,337.6025395338,343.911075905081,287.3652077924,289.6803318899,278.7335718041,281.7995379892,327.4529592194,331.4278645626,370.5919345258,374.4299627718,435.0323136161,437.865004378,215.3706768123,217.8548747602,263.8138995604,265.6664469432,311.0820213193,312.7850819178,321.0151984453,326.8237966423,349.5968991249,356.6305327766,372.8676964229,378.3890384705,282.7074650532,286.203708385654,157.9019491067,160.116941695207,352.3131027221,354.984291339301,281.3150237719,282.889881066642,288.1897494719,292.652017027588,686255.0,379000.0,196.0,376046.0,390660.0,697453.0,331341.0,1448349.0,1198648.0,971606.0,478481.0,924470.0,852711.0,515393.0,1641824.0,829782.0,445559.0,323149.0,275757.0,310326.0,347445.0,382221.0,505459.0,517186.0,1142344.0,381268.0,424080.0,327705.0,350247.0,986910.0,343748.0,722224.0,569541.0,650807.0,466719.0,1249906.0,519249.0,309800.0,302554.0,342684.0,704920.0,403183.0,802753.0,525668.0,348519.0,513453.0,502978.0,1023052.0,537109.0,552285.0,794842.0,278263.0,374035.0,903340.0,269900.0,335000.0,450000.0,225000.0,744600.0,582595.0,449350.0,379900.0,579900.0,390000.0,356950.0,765000.0,539990.0,299000.0,239900.0,224900.0,220000.0,249000.0,274945.0,339000.0,379000.0,629900.0,259900.0,327894.0,235000.0,249000.0,522500.0,254804.0,425000.0,419900.0,439900.0,305000.0,569000.0,357738.0,260000.0,215000.0,234900.0,525000.0,275000.0,424000.0,325000.0,275000.0,339900.0,349000.0,565000.0,355000.0,379900.0,579000.0,179000.0,289000.0,324200.0
2021-08-01,,,,,,,,,,,306368.044190239,670793.4675678861,312097.5794792036,269363.4455882912,406656.2384556427,532850.5231631333,528344.9203632727,498609.2792670341,383098.4132705156,382528.2197396472,460635.5735299367,270699.24341422226,271774.1274973086,230580.9579055592,237361.4432415799,192530.3202101256,214509.0872313859,336011.56307944696,345.5,350.4,326.65,333.11,298.31,302.6,357.63,362.79,318.18,322.51,352.13,355.89,277.91,282.75,330.18,335.71,512.11,516.23,410.84,414.33,402700.0,493100.0,266.631,268.698,285.8199210079,287.1909821795,273.3092889633,275.010025096904,192.6853143717,194.29795674831,276.9972295179,279.4300827511,213.0683549293,214.7605025813,166.6923482679,168.9535030751,155.2881987299,157.647447899,247.8164853629,250.22249,283.5949637903,285.6701761905,155.1894550928,157.425778187404,248.8044082436,251.9193444521,360.6339895102,361.5116025888,315.9152338198,318.0571202382,214.6413431528,217.355231934854,244.3660724346,244.8904151478,284.022693662,286.732638456426,302.299260454,305.4628600303,355.5288690381,357.264179566,337.8559823936,339.9770080506,341.9181724612,344.478760208319,294.9345174545,296.7698398866,281.0549072905,282.6169031785,332.5978758957,333.2906472259,375.8614812921,377.8641506046,441.8990174789,443.1522736674,216.9227398263,218.8298635864,265.8705541598,267.5202870538,315.2457893064,317.2384615571,326.2124691363,327.7837233017,356.0417169412,358.2342456251,376.0140636612,379.9853831029,284.3413399701,287.028774444646,158.9792897037,160.900371096614,357.2112842833,358.864926167379,283.0680034828,284.636163832487,291.2710137801,294.789759435625,669941.0,375000.0,196.0,377040.0,396545.0,683572.0,334681.0,1409323.0,1204921.0,909803.0,473833.0,918866.0,838143.0,502679.0,1683508.0,805862.0,428488.0,317562.0,276802.0,305518.0,343284.0,379077.0,486583.0,501161.0,1094166.0,378786.0,420956.0,317626.0,346334.0,955947.0,331452.0,719937.0,568182.0,648713.0,472495.0,1221345.0,510682.0,305524.0,299038.0,336753.0,702507.0,389535.0,781423.0,532178.0,349574.0,513355.0,496178.0,987663.0,544201.0,544755.0,777869.0,270751.0,368729.0,889219.0,274950.0,339450.0,450000.0,230000.0,722500.0,581674.0,429900.0,385250.0,584900.0,396500.0,353034.0,775500.0,530000.0,289450.0,235000.0,222450.0,215000.0,249900.0,274270.0,330000.0,374950.0,602400.0,252500.0,324900.0,232450.0,247000.0,517475.0,250000.0,437000.0,414450.0,439000.0,300000.0,549950.0,353950.0,259900.0,212400.0,235000.0,522500.0,269900.0,429450.0,327747.0,275000.0,340000.0,349900.0,564903.0,350000.0,375000.0,575000.0,178000.0,285000.0,327000.0
2021-09-01,,,,,,,,,,,308364.9118277767,675736.0919393508,316851.90048785834,271808.0671981001,407711.0719389632,535722.0375918167,527735.4760264143,501965.69669454737,390532.3193834712,388809.66399177647,463922.1952433985,273548.23745927634,274124.8691332015,230736.60357250413,236582.9295915248,192073.41060768111,214312.7007093028,336374.7872695837,349.08,352.71,331.69,335.85,300.69,303.93,361.1,364.59,322.04,325.17,358.67,361.83,279.84,284.03,333.06,337.33,516.1,518.79,414.62,415.95,398500.0,462900.0,270.212,271.351,289.1540251728,289.4250742931,276.8238324637,277.375957006388,196.8163449699,197.707815137977,280.5982898436,281.627657581,217.5743716849,218.6547038749,168.3346927426,169.8548201079,156.104759265,157.8872291381,252.4224459936,253.25505,286.9038582276,286.790055169,156.4395966689,157.962266630934,253.7373168763,255.7499409131,366.5357321043,365.6017867179,323.7859065268,324.8687318625,215.947209846,217.536094871106,246.5313598276,246.7473744733,289.7875670557,291.566930598734,305.1135929392,306.7061598254,360.8038682157,359.9666784558,340.8866712812,340.4237432311,347.0456848163,345.819563190364,303.3073954841,304.8676557241,282.4834671013,282.435620117,338.1675838551,337.0479118528,381.8155577684,380.8775194968,447.9275340464,447.63093619,218.7395753106,220.181340389,267.8563234536,268.778989079,317.5616451573,318.8297679488,330.2068315093,329.2905352714,359.7689818915,358.2755936369,377.6980387674,378.8520331243,287.4727793783,288.817739286586,158.9701122322,160.657611412676,361.2784218487,360.929687686159,285.12949406,287.170470339397,293.1253163751,294.737461805868,665888.0,375000.0,197.0,380736.0,407914.0,680020.0,337424.0,1393722.0,1170091.0,904371.0,476814.0,923908.0,847761.0,503424.0,1621629.0,795169.0,418992.0,316507.0,274653.0,304452.0,337980.0,375778.0,487499.0,500283.0,1068941.0,367548.0,416441.0,318767.0,342864.0,1008771.0,327035.0,719775.0,577188.0,649328.0,476437.0,1217699.0,511997.0,301275.0,295322.0,338497.0,702930.0,386322.0,764258.0,521448.0,356153.0,516183.0,494754.0,941929.0,558535.0,545529.0,774572.0,269361.0,363104.0,931150.0,277000.0,339950.0,449750.0,231000.0,705000.0,575000.0,422400.0,384000.0,599000.0,399450.0,353425.0,775000.0,525000.0,280960.0,235000.0,217250.0,215000.0,244950.0,269000.0,331200.0,374900.0,612450.0,248700.0,325000.0,230575.0,244950.0,537225.0,249950.0,449400.0,424200.0,435000.0,304500.0,549450.0,359450.0,255225.0,200950.0,233900.0,520000.0,269450.0,427450.0,330000.0,276200.0,342500.0,349900.0,549950.0,358875.0,377250.0,575000.0,179900.0,279950.0,330000.0
2021-10-01,,,,,,,,,,,310322.08206996863,680148.5933124525,321532.94716449274,274343.9309085657,409234.94833456,537769.2284816735,527335.4695056695,505415.11539456266,397136.17580072256,394343.8393996935,466875.1855618727,276878.98963015963,276352.7120434823,230901.3256845507,235961.85622187387,191796.46618369425,214040.7946938884,336851.21933546284,353.42,355.54,332.84,335.57,304.59,306.87,366.39,368.83,326.96,329.66,362.61,363.86,282.91,284.82,336.23,338.64,522.52,523.73,420.85,420.69,416800.0,479500.0,273.62,273.563,292.6638612079,291.8065580057,280.4144468512,279.683392207078,199.8095492688,199.990281773981,282.2543718202,281.8467932908,221.7011012455,222.0274902413,170.0503026659,170.6624271706,158.207723722,158.9359446497,256.7196243431,256.09389,289.7168993771,287.3173516729,157.8043627538,157.999914630767,258.9667756955,259.3522319692,372.6224846939,370.7758248743,330.8446604789,331.0631566527,216.8238713695,217.39415110057,248.7572369266,249.0489191691,293.9620653372,294.844614589328,308.6338549428,307.7586442571,366.9850700166,363.9344412226,344.1438361668,340.4634740807,352.7743523406,347.966323371573,309.8763913516,310.7138255703,283.6675923499,282.359872827,344.001772621,342.5462796591,386.8749293643,384.2375390743,452.5722297015,450.5161754776,219.9710819796,220.6632781437,270.2099945371,270.8157046755,320.1851660084,321.0277396294,333.9201811239,330.8166925248,362.157456583,356.4447824647,380.9433103784,379.33066064,288.0741278251,288.451757124507,159.4526228311,160.362202207797,366.8597130068,364.964701743756,286.6442690874,287.477489510139,295.1948882205,294.607916672967,671622.0,375000.0,197.0,380479.0,409375.0,685459.0,338672.0,1418443.0,1166108.0,911905.0,486627.0,907882.0,868026.0,500495.0,1576567.0,871936.0,416701.0,311292.0,274064.0,310004.0,335683.0,374136.0,497155.0,493932.0,1070076.0,360626.0,414158.0,320734.0,343426.0,1027890.0,330667.0,735938.0,587200.0,652831.0,489564.0,1242526.0,516042.0,300833.0,288647.0,342755.0,701699.0,386979.0,741611.0,525514.0,359612.0,529178.0,495502.0,957235.0,573952.0,548991.0,775060.0,261985.0,363501.0,836095.0,275000.0,339000.0,450000.0,229900.0,700000.0,578000.0,419000.0,395000.0,599900.0,400000.0,350828.0,769400.0,529000.0,279900.0,229900.0,215000.0,215000.0,240000.0,269500.0,329900.0,369900.0,625000.0,240000.0,320000.0,229900.0,242500.0,545000.0,250000.0,450000.0,429900.0,430000.0,310000.0,550000.0,365000.0,259000.0,199000.0,229900.0,519900.0,265000.0,429900.0,330000.0,275000.0,349900.0,349900.0,550000.0,350000.0,379000.0,575000.0,179500.0,279900.0,325000.0
2021-11-01,,,,,,,,,,,312975.3635332387,685966.5697294549,326769.5049444354,277627.1790237939,411525.9415268644,540877.7805611696,528266.8677257617,510072.7620095147,403425.7172038667,400084.3913656813,470347.2140995417,281110.7412788401,279238.172119165,231616.5511561411,236072.7031938499,192184.4520565739,214385.5503834072,338206.9254579192,358.31,358.41,336.29,336.46,307.34,308.33,373.26,374.4,332.51,333.68,367.64,367.12,286.46,286.25,338.8,338.18,532.87,529.92,425.61,423.1,419600.0,493700.0,277.296,275.934,296.5036580125,294.4621743053,284.4235688193,282.376090827596,203.2719407462,202.684525794612,283.3464010914,281.8145634001,225.6255263273,225.111593796,172.118831541,171.3870384594,159.9991706173,159.6499183789,261.3696889813,259.12847,293.8218962386,289.7226086561,159.2949390699,158.439455473404,262.8957143173,261.7414752546,378.7968522038,375.3818915007,338.3973026093,337.5942243041,218.8911087155,217.821610634508,251.4538480048,251.5263554605,299.4135456762,298.317614361337,312.3522518574,309.0976763168,373.9383114783,367.832730861,348.2232972348,342.4694910198,360.6774968855,352.884472664801,317.3770592518,317.1518148933,285.735019687,283.4442996858,349.9891654532,346.9818233863,393.3852741053,388.9420590557,457.4748493635,454.3302805995,222.4993950758,222.3121921459,272.5813015147,272.1608439802,322.958445084,322.4507294162,338.0221186056,332.6661602759,365.7443438932,358.435556814,385.1402242384,380.2034071879,291.115459725,290.503687140443,160.5517680684,160.409765137631,370.3152661728,366.829106166648,288.674404515,288.927349679602,296.5937427486,293.077641257642,675754.0,374125.0,196.0,382904.0,419201.0,691363.0,343277.0,1439495.0,1174290.0,958389.0,488936.0,899034.0,892241.0,504749.0,1615339.0,804108.0,407512.0,309954.0,273179.0,306649.0,360375.0,375251.0,517057.0,487164.0,1075274.0,353626.0,412366.0,323939.0,344068.0,1093718.0,335561.0,736469.0,604369.0,658321.0,486654.0,1279147.0,530803.0,300130.0,284836.0,348048.0,709338.0,385418.0,755372.0,525808.0,366274.0,535018.0,498001.0,998051.0,585294.0,552087.0,778175.0,264455.0,361890.0,817151.0,275579.0,339725.0,450000.0,232063.0,699450.0,569450.0,415000.0,396998.0,587000.0,409995.0,357950.0,767400.0,529497.0,268700.0,229900.0,215000.0,212450.0,239525.0,270000.0,334500.0,360000.0,599900.0,229900.0,319800.0,231250.0,242450.0,549225.0,251250.0,458950.0,427450.0,426500.0,300000.0,554175.0,367000.0,259900.0,192450.0,230000.0,519950.0,259911.0,422500.0,329945.0,275000.0,349995.0,349833.0,567500.0,364225.0,372425.0,565000.0,179250.0,276450.0,317450.0
2021-12-01,,,,,,,,,,,316245.3552737066,693138.8171529749,332429.9269592792,281401.17557137,414233.9656609751,545335.3473456095,530391.43852759,515721.8403469265,409330.9079044405,405726.7859759486,474233.7601738763,285958.247141096,282477.21101518587,233075.8543842445,237069.89599188304,193045.98216998603,215249.8683026318,340607.15056683304,363.32,361.05,344.41,341.57,310.33,308.44,378.98,378.08,335.52,335.14,372.46,370.56,289.96,286.86,343.94,341.12,539.86,534.43,432.88,427.71,410600.0,501900.0,281.49,278.508,301.0411307061,297.4569052473,289.1060529856,285.425971301847,207.2121832698,205.329308193465,287.6236672951,283.7958064027,230.308970859,228.2914969903,174.6475755747,172.4002462365,162.2338743326,160.5962849195,267.0571114453,263.43561,298.8054481301,292.9436481778,161.5153229142,159.353757689464,266.7502482779,264.2827862644,384.0904485996,378.7665879149,345.7564260063,343.8958046081,221.8207784414,218.605650858393,254.9274124916,254.3571239195,305.5700475676,302.333599773191,317.2689250008,311.7703897375,383.1030333788,374.4588561927,353.8539831295,345.3822985956,368.5816090249,358.098817279452,324.2964601022,322.1697802524,288.3294628975,284.8802168314,355.0754278949,348.8675403025,399.6518772356,393.6012545331,464.6492028031,459.4796997346,224.7900818861,223.7174515524,276.6682982202,275.5976795868,327.766177012,325.8632984394,342.3617109476,333.9935007719,371.3588547501,362.3016477633,389.597383062,381.8057801788,293.5727610126,290.964017635926,161.760021241,160.011114176327,375.1960679482,370.791862356976,289.9737106455,289.183283736935,299.5495352783,293.125707912047,677247.0,369158.0,195.0,378546.0,432496.0,698891.0,343944.0,1470214.0,1170730.0,982282.0,493871.0,904556.0,915558.0,504296.0,1647875.0,822402.0,398990.0,312809.0,273731.0,315093.0,332715.0,370151.0,520022.0,485995.0,1137624.0,351097.0,415046.0,318905.0,346157.0,1150159.0,343017.0,747335.0,646288.0,666406.0,486369.0,1288485.0,535801.0,298438.0,281675.0,345250.0,717546.0,381173.0,745627.0,510405.0,377636.0,530752.0,492843.0,1070458.0,597171.0,548941.0,767858.0,263775.0,360009.0,849941.0,272450.0,349500.0,450000.0,229950.0,692928.0,549500.0,419450.0,399500.0,581375.0,414950.0,355000.0,772000.0,546950.0,257000.0,230000.0,219317.0,212500.0,237038.0,269000.0,329000.0,356950.0,616825.0,221450.0,320000.0,226500.0,243000.0,559450.0,257625.0,461615.0,449950.0,419950.0,300000.0,549945.0,364950.0,255500.0,187000.0,235000.0,512500.0,250000.0,420500.0,325798.0,282450.0,349000.0,345500.0,588225.0,368000.0,366975.0,550000.0,175000.0,275000.0,325000.0
2022-01-01,,,,,,,,,,,320744.1119620062,703141.3214496513,339535.7177793298,286366.4006592649,417424.0019104907,553466.6568276676,535642.6518250451,523348.2539572734,415473.1803696415,412653.512854574,479456.15489258216,292170.0734367971,287140.3515545759,235639.1871077885,239484.2369472112,195140.0139073897,217433.39267236053,344479.60116618423,368.72,365.53,347.8,344.88,314.81,312.73,386.4,384.3,340.97,338.98,376.52,374.06,293.99,289.53,347.53,343.37,548.16,540.76,439.86,434.81,413600.0,487800.0,286.047,281.88,306.0498300325,301.5820437765,294.0993985484,289.492192030183,211.3760856603,208.586058009337,291.0801415163,285.6994851628,234.8100982953,231.4663514934,176.4617198599,173.2037618891,164.3683773163,161.3935028541,273.3795176427,268.38278,303.7974420838,297.6875354024,163.5780702182,160.302222308772,272.6133574307,268.7726663854,390.4565008787,384.892455456,352.9624094365,350.3482268287,224.6018304584,219.73952627972,258.1205451825,256.5436059935,312.3648130668,307.470778404482,320.7896536908,314.5962472412,392.55506796,384.1257654229,364.2246663807,353.5532665458,376.2918163183,365.312952270621,333.4291896102,329.7079097035,292.6709869702,288.1340689368,360.2244896557,353.6775845315,407.8449113608,401.9276949635,470.6819305705,464.8533158622,228.1938388614,226.1217591411,278.904019258,276.699049957,332.8638564174,330.2363632564,353.5528314338,341.0907773316,383.6820504374,371.8902960173,393.6270870671,385.1156926864,295.451590742,291.409935534082,162.8172254398,159.974790819793,379.7290276479,375.909453237742,292.6816107492,291.801554702376,302.022050876,293.526709252759,702691.0,369900.0,197.0,378741.0,438562.0,725326.0,342780.0,1536423.0,1342220.0,1063212.0,509314.0,907212.0,960542.0,510823.0,1730505.0,869064.0,402657.0,314662.0,278270.0,324100.0,333835.0,373035.0,514719.0,489144.0,1202988.0,351651.0,428879.0,324648.0,349356.0,1160189.0,356728.0,794114.0,666542.0,686265.0,491829.0,1381473.0,552187.0,296727.0,288262.0,367515.0,729413.0,389076.0,826084.0,510745.0,404528.0,530902.0,489370.0,1086705.0,587634.0,559825.0,789302.0,266950.0,368319.0,893738.0,269000.0,350000.0,460000.0,224900.0,695000.0,579834.0,439000.0,414950.0,549990.0,420000.0,355200.0,779000.0,559900.0,249900.0,234900.0,229900.0,210000.0,237650.0,265000.0,330000.0,349900.0,640000.0,219900.0,329000.0,229000.0,249000.0,519950.0,285000.0,469900.0,464845.0,424900.0,320000.0,549222.0,370000.0,255000.0,184900.0,235000.0,519900.0,250000.0,449000.0,325000.0,299900.0,349900.0,339990.0,594869.0,359000.0,365000.0,559900.0,175000.0,285000.0,344950.0
2022-02-01,,,,,,,,,,,326132.25764905947,715976.7383023795,347800.6437785018,291919.65210448654,421291.375828316,564900.530404026,543937.5601861688,533137.4848940977,422459.6648909296,420894.7180035146,486219.7505364038,299071.08678438584,292828.387232304,239185.3211758751,243026.06296726016,198193.3181811128,220801.38878649092,348937.96390181896,373.81,373.28,352.28,348.96,318.76,317.04,393.56,394.83,345.34,345.81,381.8,380.91,297.48,295.54,352.64,351.09,556.92,556.35,443.7,443.14,402300.0,495700.0,291.031,287.095,312.473104919,308.8704602528,300.4746341042,296.611793027852,215.7216657143,212.880952614093,297.3588591566,291.6890797842,239.7871258806,236.1319020622,178.8359957359,175.3275176812,166.406392018,162.8789054311,280.5613605467,276.18609,311.3106913097,306.8126791805,165.6549050938,162.518297038648,278.7652156541,274.4315598589,400.9329195442,397.3129582457,362.1611223233,358.4719362742,226.8744410212,222.18573028958,262.2588728035,259.9186982972,317.9563647777,314.313729038924,327.6059373711,322.6831990641,405.1801230673,401.4378616939,372.5499282754,366.5083384064,387.8562657098,381.235675045309,342.3805529091,338.4661318724,296.8010237724,293.0293619588,372.099902571,368.1040126013,416.4654306066,412.8900726555,477.5230177275,473.6984436376,231.9856603943,228.9117768094,282.9588766632,279.938530687,337.8927803456,334.8430214642,361.3185941713,354.1478570758,392.742548748,385.3994747276,400.2698798328,394.7466038272,296.5910543827,291.735077209123,163.7615719215,160.488649766695,389.1407732541,386.452937174587,295.8779146424,294.433237099118,306.7429002092,301.228184248307,742487.0,384500.0,205.0,389325.0,451786.0,760019.0,347123.0,1554016.0,1366873.0,1216934.0,530485.0,934433.0,1010091.0,525162.0,1723315.0,913097.0,420547.0,329650.0,292188.0,502181.0,345106.0,379997.0,519067.0,497821.0,1243496.0,367988.0,463630.0,332221.0,357519.0,1183743.0,364400.0,818789.0,690285.0,706520.0,505883.0,1374055.0,554604.0,307967.0,297272.0,365845.0,745436.0,404254.0,810573.0,524646.0,408256.0,551311.0,502992.0,1117412.0,606617.0,586228.0,826328.0,326966.0,384855.0,840371.0,269900.0,366950.0,470950.0,225000.0,715447.0,598235.0,474925.0,436475.0,549950.0,429500.0,357950.0,767750.0,584500.0,255000.0,249900.0,244750.0,224625.0,240000.0,269450.0,349900.0,352500.0,677000.0,229450.0,356850.0,235603.0,257950.0,550000.0,299000.0,476950.0,482200.0,429500.0,324925.0,580000.0,369950.0,272450.0,189700.0,240000.0,534725.0,260950.0,431075.0,329749.0,309950.0,359925.0,342500.0,609500.0,380000.0,382425.0,587423.0,178025.0,297000.0,344950.0
2022-03-01,,,,,,,,,,,332467.3082397591,731454.1872864718,357555.9087653663,298199.0617837637,426452.94367509824,579308.5981039325,555097.3714537724,545306.8748071551,431089.34480613424,431025.31911469856,494583.36311042815,306283.07555951684,299677.1880113789,243450.13107267467,247457.8621069363,201905.26753823223,225051.3287557728,354005.0042985638,378.36,381.02,355.03,357.97,322.97,324.12,399.36,403.11,351.02,352.65,385.38,387.07,300.25,301.56,354.22,356.42,569.75,573.49,448.53,451.97,420100.0,493200.0,296.245,294.886,318.0222328445,317.7481193563,306.3150938005,305.804043463433,220.8605724824,219.608190899407,301.5966704793,299.6301372253,244.7638457209,243.0206336681,179.6947288343,177.8333346433,168.5836594208,166.6754683173,289.4977224469,288.05593,319.5614142621,320.4748196409,168.746027283,166.811814007756,285.1555181234,282.8941753115,409.2460966755,410.6037519249,373.7331573621,371.4962199344,229.1355520746,226.852680689501,265.5344473931,264.2944583958,325.9184090492,323.77757481789,332.6989954727,331.9663664995,413.6042720316,416.4467264817,379.2129391016,382.0432937459,399.5791549743,402.472448779322,353.2136783856,350.9858139696,301.4975204311,301.310924425,380.2253478631,381.6390410626,425.3889965099,426.9931581225,484.4570343405,486.7212099873,235.8222967996,233.1820590239,285.8730945136,283.7736178387,343.9493893171,342.4678721127,367.4293910379,370.2364404914,400.8481226279,404.2964963713,406.0173081622,405.7689139882,296.9216908815,294.824627929668,165.3218092148,163.873025899965,397.6021315242,398.101472335074,298.7855811723,297.453805602703,310.477608922,311.053628687631,758524.0,399450.0,213.0,399762.0,465840.0,774272.0,366615.0,1539548.0,1335832.0,1188319.0,552777.0,948256.0,1037702.0,527427.0,1729797.0,914324.0,440395.0,340470.0,301633.0,333051.0,358431.0,388062.0,547464.0,515894.0,1255172.0,375865.0,485563.0,335703.0,360863.0,1163014.0,370901.0,833962.0,690428.0,722337.0,509452.0,1399403.0,570934.0,335657.0,308215.0,371060.0,739142.0,416175.0,784231.0,534445.0,424606.0,567715.0,520789.0,1113227.0,635750.0,590540.0,856609.0,337570.0,403681.0,832124.0,283630.0,384950.0,477500.0,235000.0,749450.0,615996.0,468839.0,452500.0,559500.0,449450.0,369200.0,780000.0,590450.0,277200.0,250248.0,259900.0,239500.0,252450.0,282450.0,364900.0,373750.0,686950.0,242425.0,374316.0,243900.0,265000.0,550000.0,298055.0,487000.0,478450.0,442450.0,325000.0,599000.0,377000.0,293875.0,202400.0,242225.0,544050.0,273400.0,427000.0,333700.0,320960.0,367900.0,352075.0,624900.0,387500.0,395625.0,610230.0,187000.0,314500.0,353750.0
2022-04-01,,,,,,,,,,,338798.874018821,745529.0455805665,367814.4769501817,304291.5097756851,431734.1958793695,593060.7732352351,565525.1168914055,557285.2849037595,440783.9370163946,441381.9229845947,502998.93744260166,312780.2000068256,306646.08297762164,247438.18254031395,251474.7066999793,205366.202893413,229165.4110952755,358890.926819742,383.08,389.06,361.81,369.2,324.84,328.8,406.08,412.24,353.03,356.83,392.75,397.69,303.38,307.9,360.43,366.25,575.17,585.35,451.79,459.11,439500.0,538000.0,300.275,301.501,322.1646769277,324.6688996314,310.4529533618,312.755866456419,224.5328022159,224.730274599502,305.7242021404,308.0902080617,249.2440755886,249.5497111855,181.320996755,181.1467979142,169.8951427445,169.1057259522,295.5083450572,297.18258,324.0609433862,328.7137233643,170.393461623,170.763466865015,289.8324438062,289.4577979828,414.0788775376,418.8266962336,383.9669287847,383.9445761405,231.416382275,231.806654121494,269.3428067969,269.4184421507,331.5866258992,331.73973056018,336.8272139396,339.3255544275,418.6605349472,425.9010966787,381.7944270167,390.2259169372,402.3771841884,411.773698278378,362.2156244102,362.1321271744,304.3982787957,307.0915157465,385.5260852444,390.2413719168,429.8322677561,434.9783992685,490.6647523455,494.7317300523,239.2915124378,238.0970695864,289.7943519248,289.2781084948,348.068423008,348.3751237346,371.3057587729,380.5709060324,400.9085010807,411.2712848606,409.7768765109,415.0327083128,299.7411900024,300.098670040371,165.9893648981,165.685560447296,401.3111023322,404.341453221016,300.8387289263,299.171104422228,310.1965638967,314.04881243539,764572.0,419500.0,219.0,414876.0,477657.0,785014.0,370178.0,1501941.0,1267501.0,1132637.0,577912.0,934600.0,1047631.0,548270.0,1719083.0,898838.0,450350.0,355530.0,317499.0,337400.0,359823.0,393452.0,551150.0,520084.0,1249216.0,392789.0,489230.0,345420.0,361061.0,1127040.0,375908.0,826985.0,672878.0,729036.0,534611.0,1403385.0,573896.0,342741.0,312883.0,374250.0,746493.0,423664.0,768079.0,546110.0,441477.0,600319.0,545136.0,1036760.0,633525.0,606464.0,889261.0,308301.0,410819.0,800649.0,299900.0,399900.0,499000.0,249500.0,760000.0,630000.0,463450.0,455250.0,579950.0,469000.0,379000.0,825000.0,599000.0,287790.0,262000.0,273250.0,249900.0,260000.0,286000.0,381000.0,380000.0,679900.0,259000.0,379000.0,255000.0,269900.0,612450.0,299999.0,499999.0,475000.0,459000.0,345000.0,600000.0,395000.0,299450.0,212000.0,250000.0,550000.0,283000.0,459000.0,348000.0,325000.0,398945.0,369900.0,639900.0,399000.0,415000.0,636000.0,199000.0,325000.0,375000.0
2022-05-01,,,,,,,,,,,344456.77616072,756138.4208939881,377646.199695002,309891.45172876696,436554.4558981585,603495.832466998,574457.9680938411,567035.3089668184,450398.0582878388,450721.97874382976,510120.9501826617,318309.7540266621,313139.11008670763,250120.04954218867,254577.8452944631,208185.3880912614,232286.98558116,363386.0511052248,386.61,394.84,365.9,374.4,328.43,335.31,411.47,419.57,357.16,362.83,397.67,404.47,306.19,314.02,362.67,371.77,579.54,591.11,451.52,459.65,429400.0,508900.0,303.276,306.262,325.0536938742,329.1548372634,313.36077392,317.437407335638,228.2003931159,229.742641931469,309.4611958276,313.9487679108,253.3328517237,255.3630619109,182.9313448666,184.5232610509,170.9920422831,172.2098513905,300.6242287621,304.72834,326.0503656331,332.2723402933,171.3279805104,172.992861553264,293.8012783813,295.6179481385,416.8649931385,423.103877335,393.1864553066,394.934906091,231.952566933,234.91284642206,272.1754713634,273.5750659682,337.3688143793,340.050499358023,337.4055960076,342.2273839862,418.7713222111,427.7993261275,383.5514451456,393.8302933495,402.0213713985,414.008915287559,370.1291689167,372.2072415844,306.1449187365,310.5390865945,387.9276819761,394.7591428658,432.1534079204,438.4838933711,493.2279222435,500.0691856781,241.7000866933,242.7312544334,293.2262752727,294.3299425636,352.7294870138,353.8289790396,372.7800532858,383.8246362084,405.1275029482,417.901283523,410.9321276633,418.1500105858,303.1857459639,305.273080157573,167.3609101787,168.398336686805,404.1858779225,408.739135174293,303.1567064818,301.946498886146,308.8691281922,313.917959366315,767539.0,437450.0,225.0,422107.0,483150.0,782962.0,371391.0,1463670.0,1174223.0,1106648.0,577456.0,954167.0,1025300.0,557835.0,1666292.0,893602.0,465289.0,359277.0,326300.0,350740.0,365585.0,393440.0,553498.0,546313.0,1249026.0,398868.0,492313.0,345106.0,374307.0,1134305.0,381088.0,817803.0,659442.0,739177.0,540094.0,1376536.0,581870.0,351471.0,320120.0,383496.0,744062.0,427307.0,752596.0,559242.0,442681.0,623350.0,562774.0,968858.0,637322.0,614674.0,923125.0,306111.0,414531.0,807373.0,312383.0,408072.0,522450.0,259825.0,775000.0,649750.0,484450.0,462423.0,599900.0,484312.0,396796.0,854500.0,604995.0,299950.0,275000.0,277000.0,265000.0,271675.0,289450.0,388950.0,400000.0,699450.0,277450.0,384950.0,269000.0,279000.0,615000.0,305000.0,517347.0,484900.0,482000.0,350000.0,601000.0,414565.0,309487.0,225000.0,269750.0,569448.0,292450.0,466950.0,355178.0,329925.0,421950.0,396000.0,643450.0,404450.0,429860.0,673675.0,214900.0,332450.0,394500.0
2022-06-01,,,,,,,,,,,349186.12489191146,761779.2457228772,386385.3897198599,314779.2385326028,441166.5811736353,608617.6303243184,581104.0284631636,572973.7022621306,458438.0917333062,458055.827875694,514651.585684501,323133.93949011824,318915.62265751016,251941.4395358888,257000.82393138195,210777.714968208,234660.9688261345,367178.2828481726,387.45,396.15,364.55,374.96,330.58,337.64,414.86,423.03,361.19,368.69,398.76,406.98,306.46,314.93,362.57,371.98,576.37,586.49,448.85,456.59,431700.0,501900.0,304.148,308.055,325.8098479983,330.3817456194,314.0692733544,318.730365570446,230.1180267592,232.737692805691,310.5196553549,315.9249048958,256.619012462,259.9166338602,184.794575365,187.7420037637,172.1877433285,174.3409011685,302.4145573925,307.81485,325.5379585546,332.012987297,171.2829895688,174.084013336794,296.5744529803,299.9251587011,414.8885194033,421.2491397659,400.4183799206,404.1475957058,232.2613244724,236.51580804417,274.8302583953,276.8792073724,339.501178849,343.545294381278,336.2045579111,341.8983160068,416.3727973999,424.8300171583,380.061736196,388.5412976411,395.2665094262,406.147516795831,377.1338020971,380.2104952074,305.8751502677,310.5328983158,386.8758788285,393.8494015836,428.9240497055,435.566128421,491.2691179291,496.1598817326,244.4794971484,247.019883369,295.6346364733,298.7325262145,354.4457903152,356.8029210746,368.6565663088,378.1305961874,401.3879239259,412.2545513279,408.1391504855,415.2247426486,305.6683768605,309.329080393528,168.2124139939,169.975868837564,404.8584721519,410.426744216179,304.8066357821,305.265687390564,305.7883666226,310.874481066181,752450.0,449000.0,227.0,425508.0,469916.0,756188.0,376322.0,1402818.0,1123804.0,1060126.0,562757.0,913268.0,995072.0,560969.0,1676380.0,854399.0,456293.0,359243.0,327129.0,361223.0,362883.0,394308.0,557048.0,554946.0,1180361.0,404035.0,488267.0,345402.0,377817.0,1102099.0,386166.0,821608.0,678489.0,739035.0,538978.0,1305739.0,585673.0,349991.0,324083.0,386512.0,736458.0,424635.0,763447.0,559886.0,443968.0,624194.0,569934.0,944753.0,646358.0,619434.0,914144.0,304048.0,426414.0,845232.0,322579.0,407072.0,525000.0,266810.0,775000.0,649000.0,487000.0,461150.0,619950.0,493500.0,400000.0,882500.0,584995.0,307125.0,279900.0,278525.0,273125.0,278450.0,291500.0,389900.0,415000.0,699000.0,284950.0,379900.0,269950.0,284975.0,639500.0,311750.0,518091.0,499900.0,490950.0,364975.0,599000.0,425000.0,299950.0,229950.0,278900.0,571500.0,298500.0,476950.0,365000.0,343550.0,429950.0,402450.0,640000.0,425000.0,439450.0,677475.0,219950.0,339950.0,410700.0
2022-07-01,,,,,,,,,,,351671.4779963723,762087.5232935324,392315.0290942353,317751.24470608926,444277.4618190148,606914.4862638614,584183.2068405136,573583.0587581949,462506.0084259434,461666.9684166472,514617.0986819241,326022.8683202939,322543.4480320147,252314.89941152863,257932.680552752,212226.73408456115,235245.70418832792,369066.6514016974,385.72,393.23,363.13,371.8,329.72,337.24,412.74,420.19,360.48,367.79,398.51,404.2,306.0,313.43,362.71,371.29,569.51,579.29,443.55,448.05,442900.0,541200.0,303.383,306.888,323.8483880651,327.5894705444,312.5909213803,316.301080503459,231.4834963099,234.264137225441,310.6068362336,315.0731542804,258.3371514767,261.5128118547,185.6535630025,188.8557797737,172.6636028087,175.9892528458,301.7936160897,306.51642,322.3141127415,327.3394809731,170.8857398297,173.768148930073,295.9473401923,300.0927166022,410.1472215107,414.3334860169,406.2327205019,409.4029114342,232.0109540869,236.184748576208,275.3790195891,277.4456260463,339.3836735409,343.001883378024,332.9732488794,338.0940084653,408.4120543988,413.9892499544,368.3252658685,374.7919215591,386.4988697656,393.725436441767,378.5821857484,382.3742498589,304.7440430641,308.2784433612,382.5098794588,387.6510712097,421.8936680198,426.4163609756,486.9024823644,490.1263082266,244.6465474164,248.1103434557,297.2167567781,300.0180014528,355.4003180841,358.0365294894,356.1066509244,362.777319192,389.826884031,397.5105119336,400.9092690237,407.3267384314,306.7007492447,310.22307376429,168.9232261504,171.383901428254,404.0052203006,407.316510478382,306.3195295356,308.302028173209,302.1808805581,307.215093639847,726627.0,443900.0,226.0,424132.0,462917.0,705988.0,375068.0,1336187.0,1112581.0,1019836.0,578397.0,904794.0,932041.0,549636.0,1631823.0,835067.0,443277.0,353724.0,324601.0,377284.0,361136.0,386354.0,561226.0,543021.0,1143471.0,399882.0,488088.0,345866.0,374305.0,1114850.0,384353.0,760276.0,673336.0,729076.0,540911.0,1252583.0,576713.0,350282.0,320645.0,376052.0,727754.0,420228.0,775119.0,549937.0,451192.0,618770.0,560975.0,913559.0,655440.0,615077.0,870784.0,300603.0,424786.0,967232.0,324042.0,399000.0,500000.0,275000.0,750000.0,629900.0,479900.0,469945.0,619450.0,484900.0,399990.0,885000.0,569990.0,300000.0,279900.0,270000.0,275000.0,282450.0,291200.0,389900.0,409450.0,678000.0,284900.0,379900.0,275000.0,285000.0,649900.0,315000.0,499750.0,499900.0,485000.0,369900.0,590000.0,420000.0,299950.0,232000.0,278400.0,565000.0,295000.0,475250.0,364594.0,349900.0,439000.0,400000.0,615000.0,425000.0,437000.0,650000.0,225000.0,339780.0,440000.0
2022-08-01,,,,,,,,,,,352049.7925663989,757437.1996080441,395316.3890241499,318684.2343327862,445209.3210060501,600205.6822647337,583128.6843661804,569729.9051331995,461615.5927793623,461022.74905584025,510702.0232518839,327129.9193500238,324020.9298130793,251825.8126101628,257715.10990969467,212732.5130818319,234569.5395607823,369206.0709773449,384.15,389.44,362.43,369.45,327.86,332.37,411.93,417.48,361.08,365.78,397.42,401.45,305.29,310.53,362.04,367.91,561.89,566.32,439.68,443.52,431900.0,515600.0,301.123,303.462,320.7480560776,322.3776861011,309.1934066036,311.200141256378,231.1656948919,233.320448296911,308.4214921891,311.2599922316,258.2270011076,260.5481643142,185.3560997655,187.9374495394,173.1702112093,175.808860672,297.5545193096,300.66201,317.5067758626,319.8620202549,170.1476418032,172.568419034603,292.1513069173,296.0070660354,403.961824092,404.8680399657,405.6918168224,408.7953831584,230.9884294338,233.911601339551,275.4421773577,276.3352050133,332.4532775898,335.528775345789,328.148991931,331.5020261647,400.7158199153,402.4632189216,356.6951520482,358.7273012849,375.5472871653,378.407409073889,377.8430266478,380.7417020904,301.9789075397,303.5564418498,377.5342873406,378.2025504421,413.5325835564,415.858545368,480.1229452665,481.2033751676,244.2707532656,246.8521307771,297.1694061551,299.343148662,355.6162518637,358.2342503978,343.8266187579,345.4737444815,377.7268476962,379.4424675037,392.2514448885,395.8182490514,307.1543905895,309.783321734452,169.0834459973,171.18492040136,400.0613239333,401.748402522718,306.5751205579,308.893847305217,298.2353089784,301.831489625918,709867.0,432548.0,222.0,421556.0,462185.0,675203.0,373620.0,1299020.0,1104722.0,1031634.0,579879.0,889277.0,901413.0,539106.0,1619138.0,813692.0,438153.0,343863.0,327302.0,381157.0,626783.0,377348.0,563111.0,539565.0,1144985.0,384909.0,486134.0,343336.0,368168.0,1098789.0,382147.0,725327.0,671734.0,735702.0,547293.0,1215085.0,561970.0,346786.0,316379.0,374751.0,721588.0,411435.0,817362.0,538248.0,452230.0,608048.0,541912.0,891009.0,668847.0,607435.0,860539.0,292421.0,425361.0,992668.0,323983.0,399500.0,489950.0,275000.0,737500.0,615750.0,479000.0,466500.0,599125.0,474500.0,399000.0,886500.0,556961.0,299900.0,275000.0,277610.0,283045.0,281524.0,287063.0,383450.0,400000.0,662000.0,275000.0,377000.0,277000.0,280000.0,637000.0,329900.0,484500.0,499450.0,484950.0,374950.0,577000.0,415000.0,294705.0,229950.0,280000.0,552810.0,287950.0,482175.0,360764.0,350000.0,432445.0,396500.0,595013.0,435000.0,432495.0,642463.0,219450.0,339200.0,449975.0
2022-09-01,,,,,,,,,,,350758.1278153814,749999.6859840116,395700.1694625521,317996.4246910816,443631.4961176576,591237.9086995472,578940.8419129358,563572.5549077765,456340.9127297957,456332.71523304615,504720.8855232279,326668.58741423924,323665.4435683372,250497.7982144289,256720.6416752688,212329.82703110704,233004.10667574583,367981.68841030536,384.97,388.88,360.18,364.82,329.07,332.55,413.72,417.46,362.26,365.97,397.16,400.7,306.88,311.37,362.1,366.71,560.86,563.45,440.73,441.88,434200.0,496400.0,299.136,300.292,317.7632702921,317.8682297255,306.155254439,306.624204010761,230.3746146718,231.504914749994,305.379283616,306.4108103815,256.1633326882,257.5226275082,185.1160145576,186.7277461524,172.5749834739,174.4872521234,293.5415059012,294.4683,313.6928258654,313.4467470544,168.8812364148,170.53434224062,286.412519273,288.7529755326,399.5016865474,397.8796778179,403.3823844181,404.6579737435,230.0343377273,231.618050151085,274.3456415494,274.5687974675,326.4900511419,328.248948748227,325.9461418707,327.3428807338,395.3972641343,393.7843386514,348.957694383,348.1487211267,368.5955348001,367.369503332528,375.1899508676,377.3419677764,301.0568453667,300.955778324,373.3527540121,371.4554307013,410.155406916,408.602117575,476.9469623496,475.9774865426,242.5849757857,244.2339405835,296.1547839281,297.1982864568,356.2285075789,357.6183914658,339.7141622388,338.8124598124,365.8135479005,363.6246993175,382.2187052685,382.3530139442,306.1476576919,307.496168157341,169.0692196185,170.836786178825,394.3826295571,393.614009277874,305.5707305912,307.810535990731,293.5800641255,295.189740189777,701920.0,427750.0,220.0,418186.0,467313.0,665464.0,374394.0,1292314.0,1091439.0,1041658.0,587308.0,893955.0,881816.0,528605.0,1593585.0,803584.0,436713.0,349306.0,330390.0,381907.0,359029.0,373959.0,573607.0,537096.0,1166668.0,380453.0,478900.0,340357.0,370230.0,1106519.0,380445.0,708725.0,690571.0,735966.0,550002.0,1257456.0,559406.0,346510.0,311496.0,373796.0,729471.0,407194.0,833541.0,531490.0,445404.0,607291.0,532263.0,883305.0,682740.0,604315.0,856065.0,288670.0,422792.0,1003454.0,319900.0,399450.0,478500.0,275000.0,725000.0,600000.0,477000.0,465950.0,621250.0,465000.0,395000.0,870000.0,549900.0,299000.0,272125.0,281438.0,282545.0,283950.0,284500.0,388500.0,399950.0,672500.0,269950.0,374275.0,275000.0,281988.0,629950.0,327500.0,475000.0,499600.0,482500.0,374725.0,584000.0,412500.0,289950.0,225000.0,282000.0,550000.0,282970.0,484475.0,357027.0,350638.0,425000.0,389950.0,580200.0,444000.0,425000.0,630000.0,219500.0,339450.0,432450.0
2022-10-01,,,,,,,,,,,349516.0596528618,743304.1057290713,395209.7777344901,317012.9831529092,441791.39612253726,584467.7070940618,575370.6626926474,558597.3743264278,449794.2696843727,450307.102158902,500093.4098863637,325904.5932460753,323049.92094445584,249608.5847160199,256411.16555786665,212046.8832118058,231949.20106908568,367141.9242840771,385.44,387.63,363.22,366.1,328.16,330.56,414.82,417.37,362.59,365.78,397.64,399.09,307.41,309.32,363.85,366.11,561.75,562.88,439.41,439.01,460300.0,526000.0,298.766,298.506,316.9621017031,315.6720804742,305.2835836399,304.20200402643,229.594791074,229.737231637471,304.0193918255,303.3937246651,254.9688554427,255.1693678592,185.2064362432,185.752940723,172.0563461081,172.6925119389,291.705043086,290.71821,312.8340443705,309.994424535,168.7426578104,168.931723617606,283.3370892679,283.6187195907,398.2823244149,395.6249397261,400.420961875,400.4611765773,229.5485224127,229.978616348816,273.9910858561,274.0293348747,322.298763773,323.079285298258,325.6218307291,324.4548016843,394.6882626217,390.6034770436,346.4939017464,342.3737101434,368.5400319522,363.580458930365,373.5510646855,374.3735209054,300.9524581997,299.3708103773,372.5268190943,370.193197016,407.8109831586,404.5980733968,475.1609117904,472.4599652657,241.7131762084,242.1599129699,296.0009053247,296.5454064343,357.7271222627,358.3374149741,336.6166180469,333.0061976048,363.898656328,357.600406145,379.5392387433,377.3537027277,306.2852683134,306.924123251434,168.7049187471,169.608681131828,394.3893711843,391.964786317834,304.7265490891,305.526079818086,290.0043477729,289.467043814052,702039.0,425000.0,218.0,416115.0,467743.0,670077.0,379379.0,1286352.0,1077170.0,1056595.0,577138.0,920431.0,887311.0,520559.0,1532595.0,790697.0,428269.0,348348.0,330150.0,383098.0,361508.0,374476.0,570162.0,537468.0,1167253.0,376564.0,473622.0,337330.0,366556.0,1105298.0,384046.0,706941.0,691013.0,744219.0,546138.0,1341503.0,558307.0,343118.0,310578.0,375089.0,727371.0,406909.0,836130.0,527237.0,445039.0,609504.0,527567.0,867658.0,686983.0,610289.0,845939.0,288445.0,424361.0,998994.0,315900.0,399000.0,470000.0,280000.0,715000.0,599000.0,475000.0,465000.0,646587.0,459900.0,389900.0,850000.0,545990.0,290000.0,274500.0,280000.0,281190.0,289000.0,284000.0,379900.0,399900.0,675000.0,265000.0,369900.0,279900.0,279900.0,629900.0,329000.0,467945.0,509635.0,485000.0,375000.0,598000.0,410490.0,295000.0,225000.0,285000.0,549500.0,280000.0,475000.0,355000.0,354900.0,425000.0,380990.0,575000.0,429000.0,429000.0,625000.0,222250.0,339900.0,434900.0
2022-11-01,,,,,,,,,,,348496.25780717115,738042.3159884944,394491.7593146513,315975.61126678064,440226.2402016476,579907.2302695521,573356.8757884036,554764.5751328727,442693.34995418345,443579.269146618,496631.6183101386,324963.772915806,322331.5501911687,249111.13514712063,256617.3996993775,211961.2248213724,231172.7285180276,366899.0208086337,385.38,385.32,365.23,364.88,331.16,331.85,414.27,415.69,361.4,362.59,400.46,399.69,307.92,307.52,365.33,364.57,558.41,554.83,433.52,430.78,427700.0,506100.0,298.398,296.69,316.3035828195,313.7215309375,304.4612994451,301.931254099851,229.213462273,228.404111394786,303.3666184243,301.2881270171,254.2049267171,253.3669850981,185.6896368765,184.7609651075,172.01667001,171.545428007,290.470285544,287.51734,312.0723264395,307.400521072,169.1304790651,168.207528684595,280.2169014557,278.8347784589,396.4616781554,392.2306734221,400.7849362048,399.5850611286,229.484469046,228.223950926326,274.2150415657,273.9711946896,318.3582428135,317.099387775593,325.0119898407,321.3378917362,392.4375599805,385.3942302471,343.4078862251,336.8846527274,366.1246518621,358.112835610075,371.2874546925,370.6120199255,301.1676249222,298.532269056,369.4678348011,365.834342681,407.3994437724,401.9463173381,473.8200085971,470.435155899,241.6595595007,241.0500728186,295.7019403226,295.0048538964,360.6894983584,359.8510744276,334.94197731,328.6061518912,361.201997497,353.2965465364,375.1611639425,370.1383241922,305.5287989637,305.173524877829,168.8894767382,168.678816416486,394.0315075209,389.946051206245,303.8916466588,303.915209831528,287.6616440212,284.616255344825,698705.0,416000.0,215.0,408443.0,467473.0,672707.0,375820.0,1292925.0,1043955.0,1062034.0,564520.0,937156.0,896382.0,515750.0,1517503.0,771313.0,420499.0,345641.0,327674.0,387015.0,369290.0,372345.0,571447.0,532062.0,1164545.0,364461.0,468636.0,332770.0,365012.0,1109459.0,377911.0,715655.0,686875.0,745102.0,538599.0,1394310.0,552552.0,343571.0,310066.0,374929.0,725805.0,406067.0,803410.0,526495.0,457744.0,599139.0,521203.0,877718.0,709256.0,603991.0,830625.0,288338.0,422660.0,920794.0,313700.0,399000.0,462500.0,279950.0,699900.0,580925.0,469900.0,453970.0,649900.0,455000.0,385000.0,847500.0,527450.0,282500.0,269000.0,279000.0,279450.0,284925.0,280000.0,379000.0,399900.0,673500.0,253500.0,365000.0,275750.0,277665.0,607500.0,330307.0,458875.0,502750.0,479125.0,368500.0,599000.0,400000.0,299450.0,224950.0,285500.0,541750.0,277000.0,475000.0,352000.0,359900.0,420000.0,376000.0,565565.0,429475.0,423995.0,607450.0,222990.0,339900.0,430000.0
2022-12-01,,,,,,,,,,,347570.0379882995,733532.0190497417,393632.1002853936,314642.655019843,438633.9794979375,576485.9189256994,572849.7973302983,551509.9980548089,435714.3442621047,437305.8330652553,493680.4180243069,323813.54350549733,321404.2556183196,248840.7986675847,256833.3413607043,211848.6901733731,230617.517544238,367025.6202876841,385.51,382.98,365.29,361.44,332.04,329.48,414.48,413.54,365.69,365.06,398.27,396.26,310.07,306.75,365.23,361.83,552.29,546.98,432.4,427.18,427900.0,516100.0,297.637,294.181,315.3608390651,311.1626659036,303.2663700776,299.029737819871,228.9520879098,226.630432101944,302.9052850079,298.52566334,253.2983210787,250.8525341569,185.0448255693,182.516291959,172.2122334463,170.2396947207,288.5655704707,284.37857,309.6371179419,303.3075398606,168.8760339993,166.497043295881,276.334536401,273.5812015696,394.8346724879,388.9255522055,400.6731000798,398.3608710481,228.8888508747,225.360289319689,274.3007103313,273.1866626435,314.5942206263,311.160658033387,321.0680705089,315.1799750442,389.2918276457,380.0912082662,339.5729671331,330.7132623567,362.0849420706,351.612376928911,369.8676708132,366.9492684167,301.0934538682,297.1701973887,369.0512437396,361.9165000912,406.9413622286,400.3271928824,470.0749600995,464.5980757751,242.3954023721,240.7648407704,294.6070184285,292.9580202889,361.1045216774,358.637350385,331.0218231426,321.9476322298,357.3836067667,348.2641532432,371.0878735372,363.6389363058,306.0376520428,303.518972129528,168.6751036552,166.904568140254,394.3450196905,389.518658978832,304.2155493204,303.33174446851,286.2580440988,279.833251658692,697221.0,405000.0,213.0,406124.0,471479.0,671792.0,373096.0,1303908.0,1084896.0,1068792.0,557479.0,912969.0,913857.0,512446.0,1554557.0,767768.0,407676.0,345592.0,337665.0,389736.0,353817.0,368023.0,571009.0,521080.0,1193679.0,359481.0,469688.0,331793.0,381876.0,1114708.0,382704.0,715913.0,681159.0,753097.0,545646.0,1403393.0,544074.0,342611.0,305644.0,375049.0,727368.0,403080.0,801592.0,520838.0,451685.0,592093.0,511462.0,906797.0,710572.0,601193.0,812910.0,289607.0,429090.0,916608.0,309900.0,399600.0,454990.0,280000.0,695000.0,575307.0,469000.0,450000.0,649000.0,450000.0,379900.0,845000.0,515990.0,274700.0,267000.0,279900.0,277250.0,279900.0,279000.0,379000.0,395000.0,675000.0,249900.0,365000.0,274000.0,275000.0,599900.0,340000.0,450000.0,500000.0,475000.0,368000.0,595000.0,399000.0,299900.0,219900.0,289000.0,539000.0,274000.0,475000.0,349907.0,359000.0,415000.0,370000.0,568730.0,420000.0,409900.0,599900.0,219000.0,344900.0,425000.0
2023-01-01,,,,,,,,,,,346356.2040900436,726514.9522963952,392262.67919612257,312883.90527034143,436967.4508653783,572025.2496374714,571956.5946361274,547861.2975180616,428741.7088655566,431117.33925688936,490295.9577694149,322457.48677322344,319980.1744100873,248306.9647204434,256644.9168214804,211197.0440026621,230204.595147241,367039.0030537417,386.78,383.27,369.53,366.02,331.8,329.31,418.03,415.62,368.85,366.12,394.38,391.73,311.5,306.66,366.21,362.01,555.92,548.23,433.36,428.26,408200.0,486900.0,297.228,292.671,314.9092776205,309.9244769294,302.5656021102,297.474834664808,229.3234021094,226.038943242748,303.5605126022,297.722867528,254.0710432973,250.2552344084,185.2509111596,181.6689285568,172.8587446441,169.4528881793,287.3169877427,281.71817,307.2645887707,300.7638865793,168.9556562597,165.386471759958,273.6779659009,269.5969553674,394.6228009592,388.5002469596,402.1955201945,398.9994255852,228.4245642137,223.437730914809,274.7689604408,272.5371448108,312.4210711005,307.29782194318,319.6760194394,313.0996744764,387.3005892368,378.8430322259,336.3453659858,326.1170037686,357.7535775333,346.963383456117,368.9932321857,364.4044426143,300.0100753499,295.1336920321,368.8941001413,361.7468419973,405.7590315543,399.6016893085,467.8367355006,461.954041333,242.7148576472,239.9633074223,294.9180248581,291.9842129611,360.842802436,357.3734451733,326.9791746998,315.2077353621,354.2535952312,342.7931147544,370.6375822933,362.639566363,306.9858999675,302.898587966716,168.9165574733,166.039611724792,393.947372208,389.8752301473,302.8169065461,301.889121205443,284.9864645407,276.955039021067,709220.0,403706.0,214.0,411477.0,468463.0,698443.0,373039.0,1329948.0,1170840.0,1106461.0,565482.0,917193.0,944998.0,518222.0,1625717.0,783120.0,417997.0,348852.0,333583.0,399015.0,358113.0,369095.0,560721.0,520729.0,1212863.0,363154.0,474843.0,330329.0,364080.0,1172612.0,389299.0,715221.0,723922.0,781785.0,547888.0,1425185.0,542548.0,350013.0,310043.0,381165.0,724660.0,405794.0,816704.0,517220.0,454356.0,587770.0,505082.0,942269.0,731321.0,608542.0,808462.0,291129.0,436269.0,977227.0,315000.0,396725.0,461700.0,280000.0,687450.0,579950.0,487900.0,458324.0,632450.0,450000.0,379900.0,863450.0,519950.0,274475.0,267000.0,291869.0,285570.0,281261.0,279450.0,382000.0,390000.0,677400.0,247450.0,372500.0,275000.0,281174.0,614675.0,349500.0,450000.0,539950.0,469950.0,368950.0,598500.0,398500.0,310500.0,219900.0,296973.0,539000.0,270000.0,472225.0,349900.0,359675.0,415000.0,365000.0,577000.0,415500.0,407109.0,599725.0,210000.0,350000.0,420000.0
2023-02-01,,,,,,,,,,,345469.0998811221,719300.8475718192,391103.0890890301,311211.4281642116,435582.9034717063,568330.0684155814,571259.912459637,544700.7167472794,423289.730887498,426049.891181706,487633.084047615,321569.5423484715,318950.9823016263,248074.8334261572,256240.343578948,210819.9675922169,230210.4899613456,367304.6015965102,389.03,388.65,370.3,367.39,335.25,333.51,418.3,419.89,371.36,371.66,401.98,401.09,312.19,310.22,369.33,368.12,561.65,561.4,432.51,432.24,433300.0,499100.0,297.533,293.462,314.8021518921,311.024056922,302.3908991105,298.359679229266,230.0761071716,226.864475378335,303.9088491079,298.1228388973,254.4760971791,250.4450478218,185.5694854028,181.900333608,173.1967695206,169.4124442821,286.3127092129,281.69578,307.6234050471,303.1566648153,168.5179256238,165.149486759594,271.447257856,267.1257966114,395.6271833049,392.1339312271,401.7719608788,397.4854886592,228.1999209674,223.481255623682,274.6537939535,271.8150881346,311.2698645389,307.81151298992,318.8629315263,314.0960650926,388.0028786277,384.5197430466,334.6123952333,329.3964316909,354.3018333582,348.301359537236,368.974755918,364.4070904384,300.2405122213,296.3678988842,370.0710636755,366.0957855268,405.4410041253,402.1685982071,471.1597615313,467.179657155,241.3423472614,237.4939089423,296.4855065489,292.9170701521,359.5509320004,355.844565346,325.4016356934,319.1144763394,350.1869416597,344.0636212513,367.2607731093,362.5563582958,308.8418989556,304.131963003891,169.1088109249,165.84742540216,392.0024345239,389.447750546409,302.265568755,300.339969227389,285.8669848085,280.674145624087,738025.0,414370.0,217.0,412324.0,482419.0,738817.0,436391.0,1434901.0,1239634.0,1245083.0,584954.0,919798.0,971332.0,523999.0,1545061.0,802772.0,437608.0,359222.0,343581.0,403018.0,366040.0,372056.0,584572.0,539730.0,1319967.0,375308.0,494020.0,333640.0,371430.0,1231358.0,405757.0,745601.0,743553.0,797392.0,553782.0,1465462.0,549963.0,362536.0,327130.0,385267.0,738630.0,415694.0,874127.0,526716.0,470558.0,594078.0,511503.0,980417.0,723568.0,627295.0,840744.0,303996.0,445610.0,967621.0,319450.0,397500.0,469500.0,284575.0,699475.0,592450.0,532225.0,475322.0,622450.0,455497.0,379400.0,827500.0,539725.0,277500.0,279450.0,299450.0,297450.0,287800.0,279000.0,395000.0,399900.0,714250.0,252450.0,387675.0,275000.0,287000.0,644000.0,363883.0,452000.0,550000.0,479950.0,373778.0,603500.0,399450.0,321975.0,228500.0,299900.0,549000.0,272500.0,489900.0,349950.0,363850.0,419450.0,365000.0,592000.0,422500.0,418750.0,614713.0,220973.0,359900.0,427000.0
2023-03-01,,,,,,,,,,,345406.39949072787,713994.1728879185,390631.4538306925,310095.149443195,435677.6521007237,566030.3963482865,571825.2129398838,542033.9276129495,420067.3214546454,422322.1025461112,486281.10157284985,321681.78973787953,318914.5135196251,248482.4920349028,256400.34352304225,211091.45790247363,230823.7056815108,368179.87669872894,390.99,393.92,374.3,377.89,336.8,338.36,421.52,425.77,371.89,373.33,403.33,405.11,315.41,316.98,371.57,373.82,556.51,560.57,434.5,438.03,438900.0,519600.0,298.629,297.383,316.1603310665,315.9715595104,303.4108489769,302.947393284255,230.9137540145,229.530441229491,304.1326717689,302.008026291,256.5288154897,254.5641813407,187.2730890686,185.3698199073,172.4068069002,170.5152821399,286.2165569327,284.71697,308.2274248602,309.0879388383,170.7602764169,168.815596343677,270.7912938221,268.5705564611,396.9925242093,398.6233786999,402.9242996833,400.352148789,230.0578312598,227.830060684738,276.4806674404,274.9877126991,311.0449261659,309.226567596425,319.8619969829,319.4156138298,391.0588088944,394.1326616761,336.055895879,338.869364585,353.3768284461,355.758937167806,370.8672568645,367.9679212448,300.8287336718,300.7937301669,370.5533912755,372.3441568749,406.2857084415,407.8352125587,474.2673752509,476.7088242248,242.7532495492,239.8951067521,298.1831607705,295.67901394,362.7858282623,360.7387888123,326.016714687,328.7713293496,351.685425528,355.0619002337,371.1768338795,371.2548059135,305.8136171627,303.769816529723,169.5671689492,168.006650297369,390.982920998,391.662095461517,301.761619087,300.140686436064,282.0780870696,282.556642305988,760711.0,424000.0,220.0,421031.0,483305.0,770490.0,439197.0,1506891.0,1292655.0,1314587.0,594434.0,951973.0,992600.0,535624.0,1551578.0,832827.0,461371.0,367856.0,353517.0,407807.0,373799.0,376237.0,630685.0,557492.0,1352626.0,393188.0,512224.0,334372.0,384660.0,1232338.0,420368.0,766498.0,753966.0,818048.0,561509.0,1480249.0,566181.0,374097.0,338865.0,396329.0,754647.0,426402.0,996147.0,544125.0,476203.0,606480.0,525623.0,986799.0,753842.0,638384.0,880651.0,310782.0,460816.0,964619.0,322500.0,399000.0,479975.0,285000.0,722000.0,623498.0,566950.0,479998.0,637800.0,464000.0,386745.0,836429.0,558800.0,293950.0,289450.0,309700.0,315000.0,294950.0,285000.0,409500.0,413625.0,744000.0,267000.0,399945.0,279000.0,297763.0,650000.0,371225.0,462500.0,549900.0,494500.0,373648.0,627000.0,401500.0,328556.0,237450.0,309500.0,552500.0,279950.0,522187.0,355230.0,364900.0,424971.0,372495.0,602975.0,437500.0,427400.0,628973.0,227450.0,369900.0,439900.0
2023-04-01,,,,,,,,,,,346389.6931586477,713409.6165499656,391083.9523625059,309709.94323368365,437178.54207454086,565966.147753892,575238.7116020184,540617.4247356165,418963.1140974544,420202.8977747273,486625.3483181712,322633.9517048469,319973.77422132326,249876.56986881536,257245.4341005626,212460.06379593373,231996.3354725604,370029.8632001632,393.57,399.96,379.82,388.19,341.81,346.41,423.87,430.54,371.74,375.68,403.34,408.67,318.78,323.63,374.06,380.41,561.25,571.41,435.98,443.39,417200.0,500900.0,300.068,301.496,318.4361240939,321.179179253,305.3422707033,307.82287711739,232.2127472971,232.496756210552,308.4965725996,310.777222706,257.8004156253,258.170626542,188.7105203847,188.577171428,174.665576199,174.0293761359,286.864140615,288.66033,309.152802784,313.804685027,172.3223844168,172.78388581116,270.6726492581,270.3685622197,400.0727678007,405.3359876537,403.7613378255,403.7709416473,231.3267575526,231.827179026961,278.3988180103,278.5594275493,311.1779283938,311.433260496987,321.3710146296,324.1661786932,394.5723676353,402.0186257142,338.6510601493,346.6195387753,354.9805383708,363.277670733837,371.2376065628,371.0577677722,302.7210059198,305.6175426579,372.7358730878,378.0118390477,411.0537674202,416.6505462975,480.9772581309,485.5971207157,244.54773896,243.4406252407,299.972207658,299.316970626,366.9875805678,367.1787535161,328.693494719,337.3834881841,354.7165709783,364.5336863953,373.0001948804,377.9130117874,306.165983366,306.514625209999,170.6239998801,170.24201362867,392.8622047854,396.159121060603,304.0398208655,302.171451356747,280.4804346577,283.876627346865,777307.0,430000.0,222.0,431624.0,485122.0,800499.0,443476.0,1586118.0,1263580.0,1291363.0,610636.0,991043.0,1006584.0,550443.0,1716868.0,849398.0,483639.0,385751.0,360306.0,413882.0,385710.0,382449.0,658383.0,587169.0,1381424.0,411874.0,528595.0,337584.0,393579.0,1217953.0,424925.0,795298.0,725743.0,854878.0,568864.0,1513138.0,587415.0,375367.0,348595.0,400333.0,764066.0,435878.0,982079.0,550395.0,479878.0,636895.0,547585.0,988592.0,746911.0,655520.0,934591.0,320133.0,467119.0,908070.0,330000.0,415000.0,495000.0,289500.0,750000.0,639900.0,559900.0,494900.0,649999.0,465000.0,395000.0,852500.0,574900.0,305000.0,299900.0,315000.0,314750.0,299950.0,289000.0,425000.0,420000.0,759000.0,282817.0,400000.0,279900.0,300000.0,662500.0,371950.0,475000.0,549000.0,518000.0,375000.0,639900.0,419000.0,332060.0,249900.0,315000.0,569700.0,290000.0,525500.0,359950.0,369900.0,444900.0,384900.0,619900.0,447250.0,449000.0,649000.0,229990.0,374900.0,459000.0
2023-05-01,,,,,,,,,,,348047.3885465521,716386.9026916577,392154.61684088473,310042.7703518412,439634.9802332365,567263.6422075432,580666.4194943769,540493.9301530925,419554.4427090021,419367.6855293713,488188.04721629777,324188.76178151066,321629.5649399877,251801.98958467983,258833.03617182872,214425.2935737515,233699.09458159705,372662.11954001215,396.43,405.22,380.37,389.71,343.34,351.01,426.93,435.7,372.34,378.68,404.84,412.15,322.27,330.91,376.19,385.93,561.35,573.19,443.89,451.84,421200.0,495800.0,302.075,305.359,321.1254038435,325.6826270448,307.6897126157,312.114895188091,232.8743011736,234.660919582033,309.5660451361,314.5767391936,258.7598980701,261.0516626622,191.0144795641,192.8450811933,177.2052056408,178.6966187708,288.8360453618,293.1743,309.8484516005,316.0975279387,174.2603463248,176.184334249518,270.9350904684,272.8217461592,403.2090591732,409.8691372217,406.5564790007,408.599586844,232.6832462999,235.784680393899,281.1559429975,283.1423315414,311.3550192585,314.003759324462,322.334032865,327.3289138361,399.9208917256,409.100368664,340.4929197573,350.3413047153,358.5919081677,369.309754528568,372.2869882309,374.8254880599,305.5804648767,310.298748829,375.109412247,382.448385313,415.4721344686,422.1586611697,481.9887515762,489.2571203901,247.4230745665,249.043598853,302.9921903025,304.5601199873,371.817833274,373.4687697079,330.455053265,340.9126150843,358.1723329282,370.404350073,376.9981859207,384.0132275954,305.9518351652,307.769729419192,172.1353444856,173.136548207187,396.7296341772,401.53458991104,305.8280895828,304.777691078805,280.3775050278,284.858203719856,791655.0,441007.0,225.0,446835.0,492595.0,823484.0,393971.0,1610501.0,1217317.0,1321758.0,618400.0,1024277.0,1015410.0,566512.0,1704196.0,848347.0,503480.0,394050.0,366407.0,414774.0,392001.0,388924.0,662775.0,600227.0,1412243.0,421675.0,535924.0,342283.0,399223.0,1206745.0,428988.0,771223.0,734249.0,863672.0,578439.0,1564372.0,610890.0,392252.0,355572.0,406984.0,766067.0,444134.0,997696.0,554909.0,482459.0,661180.0,559127.0,987837.0,733516.0,675035.0,939874.0,325493.0,471347.0,856245.0,336961.0,415000.0,500000.0,291075.0,774500.0,649450.0,579650.0,499997.0,664750.0,475000.0,400000.0,850000.0,589000.0,321450.0,306475.0,319945.0,320000.0,307364.0,289947.0,439475.0,425963.0,799000.0,292450.0,409950.0,282925.0,300000.0,675000.0,371600.0,469813.0,549950.0,544500.0,382450.0,654500.0,425000.0,349000.0,257495.0,319950.0,579900.0,299000.0,537000.0,360995.0,372400.0,449995.0,389950.0,629900.0,454500.0,456000.0,650000.0,239450.0,374998.0,477000.0
2023-06-01,,,,,,,,,,,350023.0433464599,721600.7496026661,393857.3595406843,310906.3329210464,442522.0515067044,569738.7139264321,586902.0191793862,541952.6743368522,421321.2627345614,419917.4549655158,490537.1297346931,325933.3917083807,323591.813092045,254005.45268213103,260715.3553493359,216627.60120913936,235434.3050765516,375700.1249300462,398.92,408.01,387.55,398.85,347.64,355.28,431.11,439.76,373.02,381.13,404.33,412.56,322.83,331.7,379.28,389.1,567.74,578.04,445.34,453.42,417600.0,507800.0,304.181,308.309,323.7101981895,328.720954514,310.0820096468,315.062421211158,234.7920150845,237.65556765941,312.7798519621,318.6471795915,260.6676901431,264.2949303099,192.3235446005,195.5539674937,179.0302491646,181.4641341965,289.7227534464,295.23405,311.0024511273,317.4425798299,174.97268154,177.929062067933,272.1133906758,275.3545647476,406.2826274124,413.0577220314,409.966216292,414.0889864028,233.7384618456,238.124612658408,283.5527907403,286.4017961881,313.8011702068,317.57214221764,324.0248239146,329.7479805251,404.7653451425,413.4609969428,342.4844579288,350.8066864418,362.6438748188,372.698802130757,372.8548587919,376.6713909268,307.4940573667,312.3517694006,378.4919254778,385.8964862797,419.3797014589,426.4421188446,486.5215578346,491.7474821067,249.7037250265,253.1014412439,305.4518539402,309.4185117372,376.7257931767,380.2470278515,332.2028452235,341.4087141393,361.7554853945,372.1952647022,377.0380193752,384.1048326365,307.3699349404,310.839459222454,173.6657412795,175.535484606506,401.6644483207,407.325946814132,306.8368831793,307.640200824993,282.8868801382,287.524788321036,786978.0,445000.0,225.0,449632.0,486029.0,826780.0,398089.0,1602544.0,1201238.0,1284203.0,620020.0,1035836.0,998763.0,576623.0,1711458.0,878683.0,503784.0,395394.0,369859.0,408964.0,389651.0,388844.0,667509.0,616351.0,1423886.0,428004.0,538404.0,341791.0,400194.0,1197293.0,432659.0,783480.0,727286.0,872033.0,590429.0,1495562.0,623656.0,393751.0,365226.0,410075.0,776074.0,451114.0,1001147.0,565621.0,485185.0,675007.0,562875.0,996000.0,738445.0,677196.0,936896.0,330587.0,480844.0,911155.0,339450.0,412225.0,512500.0,297000.0,777000.0,650000.0,580900.0,499900.0,675000.0,478500.0,409000.0,850000.0,598655.0,329000.0,314945.0,319950.0,317625.0,302500.0,289950.0,437000.0,439496.0,799000.0,299250.0,409950.0,279900.0,300906.0,675000.0,369950.0,475000.0,554500.0,550000.0,389825.0,650000.0,429450.0,347450.0,269950.0,319900.0,589000.0,299900.0,547500.0,365821.0,372400.0,459450.0,394975.0,625458.0,459450.0,460000.0,650000.0,246498.0,375000.0,475000.0
2023-07-01,,,,,,,,,,,351805.230820328,728629.0587644208,395589.0069007236,311684.0498109527,445583.41311917966,572698.136804013,592870.2152015654,544081.1681016715,423761.3908404278,421450.7244933911,492698.9256797619,327684.7876513574,325435.3402233418,256065.81533842764,262546.79934908747,218629.3453592033,236783.7194756297,378413.2314549959,402.43,410.12,389.83,398.94,350.8,358.91,436.48,444.15,378.26,385.26,407.63,413.3,325.88,333.61,381.91,390.83,573.22,582.94,446.1,450.77,435800.0,507600.0,306.548,310.223,326.7571270007,330.8483880064,312.9948252199,317.012846003621,236.3871066138,239.416989111875,314.2618595223,319.0841326943,262.891416952,266.3613123198,193.7696072347,197.2623421432,179.320982419,182.9561366018,291.292526539,296.11979,312.9684881173,318.0015376832,176.2428001153,179.255438269879,274.4778859266,278.4446899996,411.0165451689,415.5795918804,413.4563923689,417.0268821156,234.1730380804,238.485743066746,286.3779298341,289.0789237522,316.9224478578,320.333582981033,324.3841313479,329.4751834061,410.7734210694,416.5798414053,345.3199866268,351.3106215349,367.8738993852,374.815628141878,375.0814468736,379.3577213757,310.4945336842,314.2117215902,382.4169866899,387.9145668717,425.9020369971,430.4510498142,490.5472246229,493.739432828,251.9998799675,256.1210853825,308.6650495367,312.2757131343,381.2732915056,384.9371869876,334.8297007232,341.0496832591,364.6179984066,371.6121135303,381.9738252751,388.2906126911,309.1656685022,312.414057056239,174.9914074914,177.592100030271,405.4239151428,409.008701773842,308.919844797,311.065109908051,285.826135666,290.725744118277,775864.0,440000.0,224.0,445395.0,477945.0,800020.0,399642.0,1591329.0,1238614.0,1239366.0,619219.0,1025618.0,976458.0,576123.0,1700356.0,891252.0,503981.0,389318.0,366968.0,406405.0,384425.0,384529.0,672293.0,605876.0,1458730.0,424210.0,535429.0,339648.0,397213.0,1208124.0,423940.0,814404.0,751518.0,869256.0,595979.0,1447165.0,620106.0,387570.0,370309.0,409685.0,776864.0,444046.0,1050556.0,557210.0,481844.0,674062.0,559132.0,1023751.0,739994.0,661429.0,935578.0,328437.0,482603.0,1018001.0,339000.0,399900.0,510000.0,299900.0,775000.0,650000.0,569000.0,499000.0,675000.0,475000.0,405000.0,850000.0,598000.0,329900.0,314000.0,314900.0,300000.0,299950.0,289500.0,439000.0,439000.0,799000.0,297000.0,409000.0,279000.0,300000.0,675000.0,359000.0,480000.0,574900.0,549997.0,395000.0,649000.0,425000.0,339635.0,274900.0,319000.0,590000.0,299316.0,550000.0,360000.0,369900.0,459000.0,391860.0,625000.0,468000.0,454970.0,650000.0,240700.0,375000.0,469450.0
2023-08-01,,,,,,,,,,,353459.0245186596,736581.8827259782,397305.0513801893,312287.5671814164,448694.7132244658,575821.0525544147,598715.3130069635,546394.2009611565,426409.78632935527,423991.56365319743,494483.319359672,329421.1627679277,327247.576702148,258092.1354001636,264301.8236416728,220220.0433366677,238000.31263293608,380700.1210404645,404.88,410.27,394.23,401.75,356.15,360.81,437.4,442.89,378.26,382.82,408.71,412.77,329.15,334.75,384.48,390.5,574.24,578.67,449.55,453.48,440900.0,530400.0,309.216,311.583,330.4278359396,332.1693497672,316.0911606529,318.193896502945,238.8833738998,241.272253074951,317.8931345999,320.9651442786,265.8041183314,268.3940621305,194.4912477364,197.280385556,179.8545822129,182.5917941676,292.456335905,295.62034,315.5008723927,317.7909408667,178.1665685227,180.663645965084,277.7767537045,281.5044948807,416.7488417239,417.6022720032,418.6921240941,422.1168136057,234.9985570912,237.986967394818,289.5606401439,290.8074641902,319.6541747319,322.450986553626,326.1152733159,329.3055642853,417.2808985007,418.8725320046,348.0150434331,349.6667633858,372.7617449485,375.746995185581,377.5242245391,380.8130188723,312.4658846949,313.9689991696,387.835444906,388.4501800234,431.9607563059,434.4962228647,498.4333306216,499.2306270284,254.8008576802,257.8753029352,311.6859554966,314.2956076597,386.2231947827,389.4137714589,335.8752334923,337.3096634547,368.3426180752,369.4090005989,386.7878109762,389.6057144281,312.0037907243,314.429385020279,176.8340039613,179.072335790834,409.3421398138,410.764161176382,310.9076067992,313.782091550326,287.4082451154,290.846450773394,760437.0,435495.0,223.0,443994.0,469252.0,789236.0,399557.0,1546744.0,1205123.0,1076123.0,619604.0,996858.0,952154.0,570220.0,1694321.0,896794.0,493836.0,379065.0,359979.0,397628.0,382605.0,380610.0,653243.0,595082.0,1454572.0,418095.0,518833.0,338856.0,396831.0,1183947.0,414971.0,820363.0,755267.0,869891.0,599680.0,1400082.0,620809.0,387187.0,367447.0,403756.0,770702.0,441266.0,1017690.0,552057.0,484052.0,666385.0,551212.0,995907.0,759116.0,641838.0,930513.0,324449.0,473008.0,1034823.0,331400.0,399300.0,502500.0,299900.0,768000.0,642400.0,509919.0,499000.0,649900.0,474950.0,399900.0,850000.0,587450.0,329300.0,302450.0,308510.0,299475.0,300000.0,285000.0,437000.0,436995.0,782000.0,289900.0,399900.0,280000.0,299900.0,650000.0,350000.0,479945.0,569523.0,544500.0,390000.0,621500.0,420971.0,339950.0,274950.0,310386.0,587000.0,299444.0,545500.0,359373.0,369450.0,454995.0,387170.0,612220.0,476975.0,447499.0,649950.0,239947.0,367000.0,462475.0
2023-09-01,,,,,,,,,,,354708.47319648275,744181.6395059228,398498.46126480616,312327.05378154694,451335.0153255679,578193.0826138543,603971.9417203926,548292.5645051656,428611.6239525944,426426.98553781,495330.8832876897,330937.49302423635,328735.1004778028,259641.9239430336,265671.13224383735,221405.30141966348,238945.7060695286,382567.5550103716,407.09,411.11,398.73,403.74,356.54,360.37,441.22,445.04,379.77,383.66,412.13,415.57,330.73,335.52,383.75,388.6,578.81,581.31,450.97,451.96,426100.0,515000.0,311.35,312.44,333.4072438838,333.3411409532,318.6665131664,319.019261705674,240.249463448,241.476571775013,321.5086745042,322.4623978207,268.1236163002,269.5653584906,196.1255140809,197.7803617526,181.2361184883,183.2682530842,294.3808597229,295.23329,317.0267169323,316.6990935791,180.1579752683,181.934483809223,280.8474766245,283.161439093,420.6533377407,418.3740470907,423.5664309036,424.6981153427,235.3311396445,236.88983397335,292.6718312861,292.9001504024,322.747309014,324.135915749689,326.8421721027,327.9783745811,421.4941778963,419.1329401894,351.0780619374,350.0176073009,375.1079559247,374.030582264639,380.4710263263,382.7308542941,314.5788014373,314.412643568,393.0769732049,390.4201769776,435.4874186881,433.3413338633,498.9262022074,497.2412444176,257.4770263573,259.2094956057,315.0798893053,316.2373193291,390.7401597534,392.2437917124,337.3709822298,336.5530772225,373.2581445595,370.3693263183,390.7370773954,390.0020999001,315.6509142342,316.943630500192,177.9960714787,179.820498789703,410.6134841006,409.499886349209,312.5444271519,314.822653360025,290.0269455302,291.606956207106,749151.0,429516.0,222.0,441233.0,477521.0,786207.0,393689.0,1529860.0,1187399.0,1052154.0,622838.0,1003651.0,929358.0,564393.0,1633996.0,888836.0,481961.0,370830.0,353340.0,393468.0,378759.0,375933.0,655084.0,592030.0,1435824.0,414902.0,507621.0,336917.0,391936.0,1198524.0,409528.0,904332.0,751040.0,864976.0,589433.0,1376399.0,608557.0,383039.0,359211.0,398999.0,752778.0,436676.0,1021520.0,554331.0,490059.0,659978.0,543311.0,980058.0,771735.0,637502.0,921008.0,320397.0,466696.0,1052985.0,330000.0,399900.0,499990.0,299000.0,760000.0,629990.0,499900.0,495495.0,674900.0,469000.0,399900.0,849950.0,579500.0,324000.0,295000.0,299900.0,295900.0,299900.0,280000.0,430000.0,425000.0,778500.0,286900.0,394900.0,279900.0,299000.0,650000.0,349000.0,505000.0,559900.0,540000.0,383040.0,624999.0,417500.0,335000.0,265000.0,299999.0,575000.0,298000.0,565000.0,359000.0,369900.0,449950.0,379900.0,600000.0,475000.0,440000.0,649389.0,239900.0,365000.0,450000.0
2023-10-01,,,,,,,,,,,355643.44213959813,750361.1547145044,399579.7771989941,312087.3915761535,453206.68811430567,579871.167233896,608403.6085731788,549489.5308784622,430443.39090855885,428672.81219996914,495647.6986186116,332178.8371691326,329899.6430572236,260888.6472110666,266598.2468200677,222239.4691647945,239698.2384373953,383937.6681498656,408.54,410.77,399.45,402.62,358.8,361.28,442.27,444.78,382.22,385.74,411.91,413.4,333.16,335.2,385.79,387.99,579.39,580.53,452.06,451.53,417500.0,498800.0,313.24,312.792,335.8378338671,334.1538519715,320.8464287769,319.461696058353,241.6494519486,241.713031832479,324.3628490779,323.5190286174,270.3798662322,270.3758327093,197.841890701,198.2889917231,183.1823335121,183.7023584245,295.5171242772,294.27292,317.876044031,314.871000204,182.3539688925,182.577923160166,283.9460306837,284.0510178109,423.619576583,420.2237957976,427.3036347761,427.0635705887,235.8038363818,236.085492143061,294.8715033834,294.6356173939,325.2776813136,325.89920428349,326.8751535163,325.5191776507,423.5972498782,418.5984110002,352.5551811239,348.2066385679,376.6200479279,371.700993234106,382.0811061932,382.7110982421,315.2141640148,313.4756219011,395.5720800965,392.4393746835,438.8273677423,435.1214401326,501.0890557757,497.8893489781,258.967447497,259.1631511251,318.5934463262,318.9658648997,393.6644036264,393.9712561515,338.6704328648,334.7700869011,374.0428679235,367.3580939689,392.5407436765,389.8289866217,319.2521662964,320.106231897012,179.845741705,180.73641548713,411.6909469666,408.74082439489,312.9769856713,313.774900044848,290.5489877385,290.08069377777,745901.0,425000.0,221.0,441079.0,473196.0,784913.0,383270.0,1519195.0,1144648.0,1071107.0,638433.0,999465.0,929166.0,558165.0,1605984.0,867864.0,475269.0,362956.0,365387.0,393028.0,374343.0,374010.0,657890.0,594752.0,1409659.0,410023.0,498905.0,333725.0,390275.0,1163926.0,405859.0,890574.0,759283.0,854445.0,595093.0,1435254.0,600551.0,379060.0,352861.0,396084.0,745900.0,435720.0,992428.0,560789.0,499954.0,647415.0,537933.0,957515.0,804416.0,628232.0,901711.0,317730.0,459003.0,1030964.0,329250.0,399000.0,499450.0,293000.0,756500.0,607450.0,499900.0,499000.0,659950.0,467250.0,398671.0,850000.0,557481.0,316950.0,287250.0,294500.0,294950.0,299900.0,279450.0,429450.0,425000.0,769500.0,277450.0,386450.0,275000.0,295450.0,637500.0,345000.0,499900.0,549950.0,540000.0,387000.0,630000.0,414400.0,329463.0,259900.0,299700.0,565000.0,296625.0,533300.0,359900.0,369900.0,442495.0,375000.0,599000.0,482188.0,432200.0,642250.0,239250.0,359900.0,450000.0
2023-11-01,,,,,,,,,,,356305.79435882345,754783.2644300773,400527.8588319385,311578.7658355032,454769.7296904535,580761.3289308738,611801.1782999169,549801.6455654802,431807.2139237877,430656.3167167459,495321.3001815749,333094.16541911586,330895.77991544985,261770.876918607,267155.3124364745,222882.92344049452,240146.80833236047,384984.15837295214,409.57,409.49,398.41,397.65,360.76,361.26,441.85,443.69,385.38,386.55,410.81,409.92,334.79,334.21,387.93,387.33,580.74,576.9,454.35,451.46,429600.0,489000.0,313.995,312.033,336.9643935195,333.9157296605,321.7128478237,318.805069609575,242.0493314057,241.065627447499,325.3197402605,322.7102708659,272.1680182729,271.0397886964,198.737859943,197.6173725345,184.9108056646,184.2829273768,295.6818271148,292.39679,316.9239127753,312.0452774349,182.6312789802,181.658063551595,286.0595461101,284.578382623,425.8919374362,420.8189784411,429.5797959622,428.1121036873,235.5452498295,234.191413672739,296.2943072966,295.7332374546,325.9332087955,324.739386217022,326.1914719671,322.3576031374,424.6412144797,416.7648677645,351.5654546284,344.4038930797,375.1533122796,367.044051522747,384.3002273834,383.2474263043,315.5139297409,312.6520487252,399.8791222404,395.4747163841,437.7440002319,431.1421706243,499.2380770064,495.7370559694,259.6696016913,258.628503104,320.3925070526,319.4361328754,395.1238126423,394.0208711151,337.5227513074,330.5659854633,374.2801672672,365.773834573,391.7677136473,386.4732158615,321.7477487005,321.544375133344,181.1765356293,180.852831420152,411.9126523426,407.522148815677,313.6980808466,313.413136446672,290.4519638294,287.751814333351,742923.0,420000.0,221.0,436332.0,464982.0,785721.0,387799.0,1518554.0,1133036.0,1059643.0,625233.0,1022862.0,934754.0,555230.0,1611788.0,869800.0,464888.0,357421.0,342125.0,389177.0,371095.0,371403.0,657916.0,574342.0,1373758.0,399584.0,494005.0,336537.0,385280.0,1161676.0,402970.0,883599.0,768582.0,838834.0,597442.0,1501049.0,588214.0,375877.0,344989.0,394168.0,740959.0,430938.0,945784.0,554529.0,490625.0,641182.0,533773.0,959512.0,810012.0,629722.0,870016.0,313367.0,457878.0,958216.0,325000.0,389450.0,494000.0,299000.0,749500.0,599000.0,499000.0,489900.0,649000.0,462580.0,393450.0,849500.0,560200.0,304500.0,280000.0,286154.0,289987.0,299000.0,279000.0,429000.0,414950.0,749450.0,269900.0,378950.0,275950.0,289900.0,624950.0,343750.0,487450.0,549900.0,529450.0,385975.0,632500.0,402500.0,329100.0,250000.0,299000.0,550000.0,289514.0,518500.0,359450.0,364825.0,439000.0,370000.0,597000.0,483563.0,430373.0,627475.0,236748.0,355950.0,442450.0
2023-12-01,,,,,,,,,,,356745.35226452653,757598.7096292963,401373.9987868853,310950.5079444844,456481.3667821341,581268.6960422862,614413.3125427362,549598.9963233499,432494.85913935537,432575.57658767607,494958.5819277829,333694.86516810744,331402.041823111,262428.72098422673,267611.7996444697,223326.76113262723,240413.37606996656,385760.8711298926,410.65,408.01,401.27,396.26,362.99,359.88,443.93,443.24,388.51,387.79,410.57,408.59,335.8,332.31,388.34,384.52,581.01,576.1,453.18,447.88,418300.0,493000.0,314.691,310.85,338.1874053498,333.404916315,322.6934188241,317.96844359917,243.5542340032,240.903977749677,325.1300326344,320.2547093377,273.4699380418,270.6762346628,200.1007487156,197.2135886262,185.1683676642,182.8517973554,294.7968407641,290.47582,316.8785523177,310.3439060734,182.9514927421,180.28437393276,288.0022265245,285.0541232184,428.0749036255,421.4307590103,431.757599985,429.1972699644,235.5702021713,231.831812482501,297.5337281526,295.8720510434,326.3224364492,322.909028969907,325.2987408523,319.2211395325,423.1706129686,413.0910409298,351.1068403079,341.5312303123,376.0606261659,365.252454654554,385.5784797193,382.1893434754,316.8837480969,312.5303426268,400.0469449342,391.8999900788,443.0998319698,435.6243026556,511.0087583827,505.0610093694,260.9976213905,258.849073196,321.3446794923,319.0590052395,397.6507347475,394.6739844551,337.8828153762,327.9080020945,371.1347461588,361.6352256352,390.6613065281,382.9773531087,322.5417606667,319.964790905274,183.0249287285,181.134537971436,411.8785459032,406.857226931075,314.0430190223,313.142174685341,287.5691577211,280.968857333422,736386.0,410000.0,220.0,430520.0,464501.0,787582.0,383724.0,1510747.0,1162049.0,1035692.0,611024.0,1006579.0,937773.0,553090.0,1642036.0,858101.0,445412.0,352648.0,337604.0,387850.0,368264.0,367710.0,646497.0,557990.0,1399898.0,391351.0,492028.0,336847.0,383043.0,1173860.0,399368.0,884905.0,752169.0,838596.0,593402.0,1580446.0,578944.0,375725.0,337674.0,390610.0,735190.0,427406.0,890987.0,543351.0,493650.0,631152.0,522626.0,980414.0,811331.0,618121.0,847656.0,311765.0,451941.0,906375.0,320000.0,385000.0,494000.0,298825.0,725000.0,594900.0,490000.0,474990.0,625000.0,459900.0,389350.0,850000.0,550000.0,294700.0,275000.0,284900.0,289925.0,294900.0,275000.0,417500.0,399999.0,739545.0,259900.0,375000.0,275000.0,287250.0,619250.0,344900.0,480000.0,550000.0,525000.0,387388.0,634900.0,397000.0,329000.0,249000.0,295000.0,549500.0,285000.0,485000.0,354250.0,364000.0,430000.0,365000.0,594640.0,477000.0,415000.0,614955.0,230000.0,350000.0,435000.0
2024-01-01,,,,,,,,,,,357182.76903556887,758132.2888337033,402091.6735381712,310744.0480750017,458295.4566670353,581732.898545557,616092.3914978903,549174.3987227789,432775.9441080694,434199.7261475253,494717.4684437341,334143.54874321254,331694.21145410254,262909.3196325703,268136.9416128075,223753.47898098305,240758.04228858763,386381.2086288803,411.32,407.59,401.84,397.7,361.79,358.86,443.32,440.83,386.55,383.31,411.86,409.25,336.87,331.58,391.62,387.51,584.69,576.91,454.75,449.32,430400.0,527800.0,315.651,310.713,339.0718204898,333.4601465251,323.3973816726,317.744340142353,244.0936512628,240.380643947696,325.0311090451,318.7384976151,274.6101843988,270.3795685477,200.5233973897,196.5136533477,185.0467688522,181.1831110724,295.8523938699,289.941,315.6883865733,308.8826189133,183.1553961388,179.170183422832,289.1325015272,284.7834430571,428.5608346276,421.6553431706,432.0983787133,428.6290693572,235.6946008497,230.584761653151,298.2604660328,295.3359689206,326.7300084457,321.3427391771,325.4566672064,318.5298862885,430.8798073635,421.5332058276,351.6272172543,340.8007769422,376.8060372973,365.238329831087,386.3016082107,381.2645344599,319.3664363538,314.0417311518,398.9848776401,391.0534659861,443.3885676595,436.6413685623,511.7311006691,505.4276471313,261.206823731,257.76369209,322.4707274828,318.8146020998,401.9183262045,397.39353704,337.5579399231,325.338723691,375.2416715625,362.8230172581,390.1205267769,382.0665972494,321.8527333629,317.659091777111,184.0629306017,181.0004841186,417.1162753508,412.765790502383,314.1447984873,313.236871920987,285.1029294218,277.125377890555,742442.0,409500.0,221.0,431158.0,462885.0,817121.0,383124.0,1516297.0,1203990.0,1043027.0,601435.0,988625.0,948565.0,551333.0,1663602.0,878453.0,453419.0,353887.0,339285.0,398758.0,368362.0,367249.0,646657.0,553440.0,1410609.0,389454.0,501605.0,339057.0,386835.0,1202826.0,401993.0,883415.0,739152.0,851046.0,570574.0,1574720.0,575040.0,382265.0,340646.0,391321.0,738134.0,428450.0,890103.0,542645.0,495147.0,628169.0,511736.0,1023805.0,812014.0,622199.0,851234.0,316176.0,457947.0,942064.0,319886.0,392000.0,499250.0,295000.0,713319.0,585000.0,491419.0,477450.0,619900.0,459945.0,384735.0,851250.0,555000.0,290000.0,276850.0,286250.0,296900.0,296125.0,275000.0,402475.0,390000.0,749450.0,257000.0,377000.0,277423.0,289050.0,599900.0,347000.0,479990.0,554950.0,524950.0,387000.0,644000.0,394950.0,332000.0,245000.0,295000.0,549450.0,280000.0,489000.0,349990.0,362425.0,429995.0,359945.0,595950.0,489500.0,415000.0,610700.0,232400.0,359900.0,434900.0
2024-02-01,,,,,,,,,,,357984.36954905075,757978.8896006086,402831.7671406315,311014.13423381915,460535.79779621336,582830.5200610355,618144.1707105302,549266.5911049104,433310.91207493306,435969.2337498381,494904.8317439002,334831.39274913905,332115.8716362395,263980.25047821045,268996.69927676267,224561.4716908677,241701.72635805665,387460.6826821108,415.48,415.3,409.73,407.41,368.3,366.42,448.22,450.12,388.67,388.84,414.2,413.46,339.7,337.66,394.43,393.62,585.54,585.68,461.72,461.71,420900.0,509700.0,316.919,312.625,340.9722117944,336.8145391879,325.0461129816,320.665196453974,244.3289600847,240.815966638857,328.2057839733,321.962136004,275.3207879857,270.937839886,202.7374704824,198.7008309016,185.4763238683,181.376749843,296.4452421698,291.61534,316.1325615271,311.5797234357,183.7715573522,179.957376957359,291.2498343748,286.6271040733,429.8343978734,426.2865532832,433.736285911,429.1086985074,237.1211783358,232.221850815267,301.0066340989,297.5428020078,326.2689124504,322.846842688777,327.1091446417,322.3054141519,432.4321626288,428.723384494,351.9240781611,346.7062861499,379.3819966406,373.011900770734,384.648755171,379.7602316916,321.856428219,317.7145238107,399.3185673644,395.1520041372,446.109780911,442.8431547215,514.1836999903,509.7616206117,264.1500931911,259.3782425469,324.9889152654,320.7412099304,404.8610955087,400.2350637425,338.56635044,332.3091323164,375.6911529668,369.5895670935,389.3689282396,384.8792398445,322.6433042032,318.050936064934,184.8640940669,181.455616059082,419.7512353514,417.28512546315,316.6379150542,314.267027840183,282.780580333,277.628120811856,753319.0,415500.0,224.0,435655.0,460000.0,853635.0,383663.0,1556696.0,1214976.0,1096157.0,603348.0,977550.0,940291.0,554543.0,1654412.0,875028.0,473126.0,353550.0,345134.0,403302.0,371733.0,368363.0,647075.0,558523.0,1468746.0,397127.0,519609.0,339408.0,392554.0,1215716.0,411920.0,886708.0,767355.0,872481.0,590491.0,1543262.0,580316.0,384853.0,351196.0,395392.0,743477.0,434840.0,880687.0,537272.0,489895.0,626453.0,515832.0,1037320.0,780475.0,630689.0,871652.0,318102.0,473847.0,965052.0,322264.0,396500.0,504000.0,293838.0,730000.0,594499.0,507450.0,479995.0,607425.0,459000.0,384950.0,850000.0,554500.0,297450.0,280750.0,294750.0,298825.0,299450.0,275000.0,420500.0,391500.0,777500.0,259900.0,386850.0,278898.0,291250.0,602500.0,350000.0,481000.0,562500.0,536875.0,388138.0,652520.0,395500.0,336150.0,249900.0,295750.0,549250.0,285378.0,484950.0,349900.0,366700.0,431000.0,359950.0,599450.0,490713.0,422563.0,619488.0,230719.0,374775.0,449450.0
2024-03-01,,,,,,,,,,,359543.31355275406,759466.7751208493,403710.6573405792,311916.8381182941,463549.78099318274,585492.6825352606,621829.3110904867,550007.8195762798,434616.3101157959,437991.68096634577,495852.0966959437,336176.6640450907,333491.4645256417,265922.0578445148,270366.0973426954,226163.35893939217,243593.0372582597,389577.4655536548,416.23,419.54,409.47,413.81,370.79,372.81,449.33,454.17,387.62,389.0,414.61,416.63,342.35,344.3,394.93,397.33,588.33,592.66,458.29,462.12,436400.0,522500.0,318.057,316.808,342.4904920438,342.3184579889,326.154838327,325.644188926455,244.5289645797,242.983443929843,330.4737725853,327.9844721016,276.1743123312,273.951416217,203.8608440105,201.8517170388,187.8065038171,185.7931896196,296.7777338964,295.15622,314.8393407326,315.6560216251,184.1459579136,182.003119829702,291.6299052178,289.1939699924,432.0487701878,433.9117256719,435.9204498683,433.10333957,237.7081365227,235.450848295914,303.3931319107,301.6308032609,326.1936161057,324.560298974399,327.6886400299,327.3369103768,434.1738261513,437.7996464164,352.8235236634,355.8940106026,380.3433492056,382.545265943149,385.0152993998,381.5500581595,322.1442411126,322.1476371602,403.1365721725,405.3224478312,447.8948873907,449.4575535159,508.9456232129,511.7460645484,265.9070617932,262.7122083277,327.4930706741,324.5638569047,407.5404739555,404.742914278,340.5898200857,343.6413748347,377.1196535563,380.6443496845,387.6259907261,387.971221154,322.8203157543,320.870540659485,185.3434544557,183.526037944424,421.867823035,422.761326226898,319.071299818,317.115681226068,282.965264624,283.362182360247,764301.0,424900.0,228.0,448683.0,468294.0,845499.0,389697.0,1581382.0,1198138.0,1122237.0,625334.0,993315.0,929502.0,561026.0,1660204.0,882625.0,496806.0,362865.0,352071.0,406728.0,382459.0,374296.0,674942.0,588819.0,1507244.0,412333.0,536500.0,349061.0,402038.0,1227825.0,417001.0,884884.0,783685.0,882601.0,588596.0,1574357.0,589243.0,395573.0,364729.0,403634.0,747015.0,452765.0,883318.0,546656.0,506029.0,630849.0,527112.0,1032845.0,777470.0,651876.0,882054.0,324846.0,484447.0,927315.0,329500.0,399900.0,500000.0,295000.0,749888.0,599900.0,503650.0,495000.0,615000.0,454900.0,389715.0,845000.0,565000.0,316900.0,291700.0,299900.0,314500.0,303900.0,279000.0,435000.0,399900.0,799900.0,275000.0,399900.0,285000.0,299000.0,625000.0,358000.0,487000.0,572684.0,549000.0,385000.0,685000.0,399900.0,349950.0,260000.0,297990.0,550000.0,299000.0,489000.0,350000.0,379000.0,435000.0,365000.0,600000.0,479000.0,430500.0,629900.0,239000.0,379900.0,449000.0
2024-04-01,,,,,,,,,,,361420.3890340321,763342.2726342548,404402.4796743849,312802.6366413063,467233.9204853748,589030.6317634388,626937.1054546251,551348.5392065379,436214.09385216655,440633.4856556407,496954.10759855295,337852.87811221083,335310.78668858553,268428.78975329915,272093.3413991914,228218.065988656,245916.55086743212,392445.9906059585,418.48,425.35,410.68,420.14,372.16,377.53,451.32,458.45,393.65,397.83,415.81,421.3,343.9,349.21,398.47,405.42,591.04,601.31,460.94,468.79,415300.0,500600.0,319.137,320.748,344.138664865,347.2534069649,327.4185972207,330.180047301487,245.1047404044,245.530749491999,333.2451146775,335.5657865076,276.8191966613,277.2729627117,205.3030087379,205.2281997986,189.592777315,189.0355922542,296.683915371,298.62101,315.1033138826,319.8887494825,184.6329967409,185.174310266245,292.7716902539,292.4934552702,433.5560506727,439.7492066265,436.7635935373,436.8256687233,238.0081954274,238.51404622288,305.7189372475,305.9280916451,326.0689866825,326.403750016917,327.6255178148,330.6839200473,434.7147825926,443.1597922516,354.1870328939,362.7601710915,381.7322946608,390.371608927152,384.3720463705,384.1501290673,322.4213574226,325.6462514533,403.6087612728,409.8782865848,451.1658795757,457.7400322925,515.812070757,521.0135759581,269.364283137,268.2382075987,329.7389767346,328.8728904218,407.8582135935,407.9813990767,341.9548651713,351.1734806138,380.0052184579,390.9372336577,384.3081505428,389.3528670518,323.6466499089,324.086563599693,184.6715108745,184.256496963855,423.2483869181,426.967019521959,320.3920566779,318.283628932677,282.6347059298,285.940530812698,769859.0,429950.0,231.0,452085.0,483542.0,844847.0,398863.0,1586485.0,1115500.0,1140870.0,660708.0,992040.0,915467.0,572555.0,1661863.0,884257.0,509323.0,377593.0,358937.0,413128.0,389047.0,379222.0,672543.0,605666.0,1506148.0,426453.0,546482.0,352990.0,404764.0,1208348.0,427453.0,906559.0,779534.0,890343.0,585410.0,1582337.0,604409.0,412511.0,381260.0,410544.0,757425.0,466678.0,938232.0,557798.0,515490.0,647196.0,544804.0,1020607.0,763097.0,656847.0,898223.0,328317.0,490141.0,915918.0,330659.0,422000.0,511495.0,299900.0,771500.0,602498.0,532500.0,499945.0,625000.0,450000.0,392418.0,833500.0,573248.0,325000.0,299900.0,309225.0,319700.0,309900.0,284239.0,444450.0,422500.0,799999.0,289900.0,406800.0,289900.0,299900.0,649000.0,359950.0,489906.0,582000.0,555000.0,387935.0,695000.0,410829.0,368295.0,279410.0,300000.0,564305.0,312500.0,520950.0,351370.0,386448.0,443450.0,375000.0,604105.0,464475.0,440937.0,644450.0,240000.0,385950.0,455000.0
2024-05-01,,,,,,,,,,,362870.31592423614,767847.9628072344,404529.1382882467,313145.26294331625,470620.1907016642,592220.9654576766,631516.179429059,552147.030467504,437481.28356712434,443225.7066519791,497880.7040043298,339222.30549042247,337003.2957671467,270257.1448624562,273631.52273700055,230074.75806792144,247583.96655055464,395025.046010724,418.93,428.41,413.29,423.71,373.74,382.34,452.13,461.71,391.9,398.94,416.33,424.08,345.5,355.0,397.34,407.66,590.22,602.75,460.03,468.04,414300.0,499300.0,320.02,323.696,345.8125619693,351.0609467811,328.6758603284,333.6702857884,245.8219125508,247.886708243425,331.6676085662,337.401080051,277.2485830299,279.8752589493,205.4522371716,207.5720871882,190.3981708175,192.166727231,296.2166199675,300.86686,316.1426022381,322.6272263672,186.060510944,188.290771501331,293.9366947732,296.1075095432,436.6724551636,444.3169652405,437.5981658388,439.961005182,238.0318619133,241.2626436836,308.0382304705,310.6883095632,325.0974099158,327.819128269494,326.5465616668,331.8334055674,436.1755681766,446.3426169782,355.1809849181,365.8615967128,383.9058536257,395.200081565295,384.3834907834,387.276275416,324.021781234,329.2337089318,406.2797987706,414.7743199405,453.9459398936,461.664661242,516.934335499,524.9737529508,270.0474716694,272.3183936055,334.0600620346,336.096955086,415.9287069436,418.1989818565,343.0505240647,354.2878075025,378.4172668476,391.9471072454,387.9978031897,395.288106472,324.2217974477,325.968064412499,185.0593125069,186.109667617508,423.257129776,428.510442906896,320.7494604938,319.842778193,286.5785098159,291.035388098936,779483.0,439500.0,233.0,461792.0,504802.0,845021.0,399629.0,1604559.0,1080072.0,1178389.0,664610.0,986275.0,904556.0,579973.0,1633059.0,907790.0,524661.0,387441.0,364164.0,449561.0,395932.0,382983.0,681985.0,624206.0,1535883.0,444973.0,557167.0,359328.0,410249.0,1173566.0,437042.0,910544.0,795234.0,912272.0,583914.0,1586265.0,623098.0,417740.0,398998.0,414413.0,771487.0,476939.0,1031035.0,569338.0,518180.0,658094.0,548432.0,1013310.0,762126.0,674766.0,902977.0,328813.0,509010.0,903892.0,338788.0,432475.0,517500.0,299950.0,786438.0,617400.0,562000.0,507798.0,624950.0,450000.0,399450.0,825000.0,597000.0,336250.0,308450.0,311944.0,324900.0,312500.0,285000.0,449950.0,427450.0,844450.0,299900.0,414950.0,296575.0,304500.0,650000.0,362500.0,499000.0,589475.0,580000.0,394975.0,699000.0,422450.0,371000.0,293750.0,306257.0,575000.0,323450.0,579500.0,358136.0,395675.0,449495.0,379900.0,620950.0,489000.0,450950.0,649970.0,239900.0,397250.0,465988.0
2024-06-01,,,,,,,,,,,363438.25616901607,770329.5699779298,403729.65662997536,312905.77949349536,473343.038627594,593576.4879376784,634301.7722222572,551953.2085506032,437742.8197959882,445362.2505311933,497971.66517050174,339840.58301682794,337692.5466459954,271410.1506795652,274547.1692194375,231328.5939494523,248562.5614406419,396572.2322254405,419.97,429.52,414.51,426.65,374.01,382.38,454.43,463.46,394.44,403.32,416.81,424.95,347.45,356.92,396.98,407.05,588.11,598.67,460.35,468.95,414000.0,495500.0,320.8,325.256,347.6775150138,353.3715792486,330.2210372473,335.7459834362,246.5815929585,249.713382784919,333.0708480772,339.6191576563,277.1853556423,281.2284916061,205.9919226314,209.5432932353,190.6996812323,193.4239146974,296.2266044682,302.00021,316.7877071775,323.4175917183,187.2208030534,190.4473065508,295.0240222428,298.5817352766,439.2959315009,446.872609497,438.2671115522,442.7306537607,238.2307407988,242.7425768266,309.6623618387,313.3510774369,325.4983162855,329.2305302989,326.415011633,332.2723497544,439.3662618421,448.9744339227,357.897868165,366.9922286926,386.7985212964,397.438657939619,383.6356653239,388.1447514604,325.972252125,331.2022811783,408.0117499993,416.2410523063,458.1149297502,466.1725900809,522.2655289319,528.1296692099,271.1130988286,275.4578276005,335.5428273496,340.5128668014,418.4246584147,423.1517452219,346.2640077888,356.2331614228,379.606667156,390.8952258872,391.7221955122,399.2090102994,324.8930164697,328.3687447626,185.3645992734,187.4346160744,422.7416375634,428.584215247804,321.1254784039,322.2322830107,286.2412799572,290.874511949497,766383.0,439900.0,232.0,459337.0,502945.0,826384.0,395057.0,1571990.0,1089107.0,1129897.0,652839.0,964569.0,875630.0,575730.0,1619408.0,901358.0,509517.0,385568.0,362354.0,426232.0,397115.0,377600.0,671654.0,621606.0,1479536.0,450778.0,544479.0,361703.0,407848.0,1155758.0,430299.0,910705.0,777668.0,900922.0,585827.0,1515061.0,616423.0,425544.0,389256.0,409331.0,768151.0,471293.0,1003058.0,568176.0,522837.0,643098.0,546713.0,996955.0,782440.0,661690.0,909332.0,329985.0,500821.0,992229.0,338900.0,430000.0,514900.0,299000.0,785000.0,620000.0,549900.0,500000.0,611000.0,449900.0,399900.0,830000.0,580000.0,335000.0,309000.0,305000.0,315000.0,315000.0,280000.0,449000.0,435000.0,800000.0,300000.0,409900.0,299000.0,309500.0,650000.0,355000.0,502990.0,579900.0,589000.0,398000.0,688000.0,423000.0,379000.0,289900.0,302941.0,575000.0,325000.0,577000.0,359900.0,398875.0,439900.0,379990.0,614970.0,499000.0,449950.0,659000.0,246990.0,395000.0,475000.0
2024-07-01,,,,,,,,,,,363587.96496791625,772333.5893199989,402655.0034446419,312326.1747330462,475888.7358656083,594130.9129898116,636261.0327188019,551648.5795918064,437368.2366812031,447138.7967122172,498053.7071302377,340070.3332354822,337843.60219823243,272070.9016229708,274896.3845445602,232163.0247112893,248869.5564689094,397503.7491214828,421.34,429.23,418.43,428.0,375.71,384.33,454.02,461.64,396.41,403.02,415.64,421.27,350.41,358.53,398.29,407.39,590.34,600.16,462.77,467.96,429000.0,513200.0,321.645,325.566,348.8437239701,353.3802733296,331.3772800465,335.8381740761,246.8596276756,250.1336463667,334.3461598649,339.6224337715,278.029056003,281.8204820235,206.7537935683,210.580833619,191.1384889,195.1595568473,296.6333019275,301.66378,316.929351012,322.066152011,187.9886108959,191.2157205445,296.9489949838,301.266941875,440.0011771957,445.1013357825,440.069684101,444.0245142424,238.8352820279,243.290468988,311.7180045357,315.1049567859,326.0482710505,329.4604762101,327.24721934,332.4888071618,439.5805604003,445.9864221374,357.4924007196,363.4556679374,389.4152661934,396.92207083875,383.1936023954,387.8320721693,327.5999402466,331.5576933359,407.9165090106,413.9984318193,461.5459542123,466.3250346114,519.9206928026,523.1950024408,272.8221442682,277.6675059181,338.6189790806,343.1237234155,421.5525093493,426.3730903059,345.8634130158,352.2000410285,378.799001531,385.6167049482,391.7398174468,398.1184718837,325.7568526395,328.8909257256,186.3956081144,189.1663408265,422.266921545,426.281992028985,320.0906601446,322.3207512403,286.7122469973,291.688979659006,753022.0,437450.0,230.0,452865.0,504643.0,761506.0,396919.0,1534235.0,1102769.0,1084328.0,649630.0,941987.0,857446.0,572999.0,1576464.0,909970.0,496901.0,383528.0,360563.0,402312.0,394293.0,373733.0,678728.0,611258.0,1475203.0,448757.0,539919.0,362152.0,409278.0,1173799.0,429042.0,904940.0,760464.0,904211.0,583028.0,1479990.0,609283.0,423198.0,377648.0,405213.0,767325.0,461508.0,1045265.0,556126.0,519246.0,637158.0,542685.0,1005085.0,800186.0,658170.0,906146.0,327158.0,502289.0,1049601.0,334900.0,429950.0,499400.0,298314.0,777000.0,621495.0,531950.0,501630.0,599450.0,449000.0,399900.0,826125.0,575000.0,334950.0,299999.0,299900.0,307450.0,311500.0,279950.0,450000.0,434950.0,799450.0,299999.0,399950.0,299000.0,306900.0,661500.0,354000.0,503463.0,577450.0,589900.0,398500.0,672000.0,419945.0,375000.0,279900.0,299945.0,577000.0,324950.0,590000.0,359900.0,399000.0,437250.0,379945.0,607548.0,525000.0,448500.0,654500.0,241250.0,394900.0,489950.0
2024-08-01,,,,,,,,,,,363834.08106808574,774109.4732585587,401621.5111958744,311897.00935409433,479003.6267227816,594646.2626788322,638417.0780936946,551797.9510771643,436555.45352196094,448696.581593223,498214.0534670025,340263.033225678,337637.70562658465,272907.77687366586,275154.98761625035,232758.6807739152,249169.6067794037,398446.9915067949,422.75,428.33,418.04,426.21,377.32,382.19,453.6,458.98,399.34,403.76,417.55,421.74,351.0,357.1,402.15,408.3,594.77,599.29,464.24,468.39,405800.0,475600.0,322.559,325.003,350.1161673749,352.0283448469,332.4590079945,334.7113135598,247.5062538841,250.06009017,335.2653322383,338.6289837924,278.848710379,281.6930484238,208.3801686462,211.4593977023,191.8794174995,194.7613703441,297.0011745467,300.23217,317.5479956598,319.830272713,188.8224669071,191.4150664369,297.9331082436,301.8640318934,440.5521957683,441.4015253793,439.6735939261,443.3481080626,239.7776354533,242.8390792379,313.3129644473,314.8854795353,326.354969855,329.0588591749,328.7768858813,331.8872469746,441.1714673225,442.783579402,358.0409582537,359.4889763506,391.7598257722,395.1621410696,383.4602157951,387.0138945201,329.556971616,331.0373655226,406.649619694,407.2617193789,463.0446906388,465.8293757252,524.8031879161,525.3934179626,274.608644231,278.1705199806,338.921945717,342.0108202692,421.9492239543,425.7027412842,348.5924030208,349.8727545385,377.4380173777,378.2339688869,390.3018135098,392.6107814839,326.7660596027,329.0881855657,187.4047764951,189.7951246463,422.5521381994,423.743326467385,320.4240468911,323.738176993641,283.9421269979,287.278975589127,736931.0,429990.0,228.0,448825.0,500686.0,737599.0,396388.0,1483071.0,1086268.0,1064763.0,645913.0,909851.0,839954.0,558902.0,1553988.0,912101.0,482371.0,375641.0,357909.0,398013.0,391712.0,369694.0,668053.0,593239.0,1464665.0,438964.0,531739.0,357232.0,408169.0,1159776.0,424178.0,883457.0,760928.0,893580.0,580191.0,1425642.0,603837.0,420657.0,374146.0,399433.0,759234.0,448003.0,1069159.0,546338.0,508768.0,629838.0,536246.0,989976.0,781671.0,643413.0,899621.0,325751.0,494524.0,1114798.0,330000.0,425000.0,495000.0,299000.0,769900.0,610000.0,525000.0,499900.0,585000.0,440000.0,396000.0,810000.0,577700.0,325900.0,299000.0,299800.0,300000.0,305000.0,279000.0,450000.0,429900.0,779900.0,299900.0,399900.0,298000.0,300000.0,650000.0,349950.0,500000.0,575000.0,584900.0,395000.0,649900.0,415000.0,369820.0,275000.0,299000.0,575000.0,314900.0,575000.0,359000.0,385000.0,434900.0,378000.0,599900.0,499900.0,440000.0,650000.0,240000.0,389900.0,486085.0
2024-09-01,,,,,,,,,,,364289.7643518921,776414.9605202801,400750.6399547373,311629.2422514264,481883.2155393516,596279.869034948,640768.8024494643,552739.3044390213,435844.6685014691,450191.7059538343,499001.60282065975,340323.6096385385,337521.9285063196,273705.5881505893,275554.9752203952,233174.00133167984,249426.3963524589,399593.5836212654,425.44,429.62,424.49,429.97,381.98,386.07,456.93,460.84,400.58,404.85,418.12,421.46,352.52,357.66,404.67,409.8,601.34,603.8,465.96,466.91,421100.0,505800.0,323.579,324.621,350.9671850656,350.7701158569,333.4179505583,333.682173508,248.1637393113,249.4333108144,335.9567061046,336.9215866406,280.401940298,281.8789715455,209.6933290637,211.394425718,193.5768490362,195.7887748886,297.5408949797,298.37635,317.6757271183,317.346618934,189.7342417229,191.6331207354,299.6353040376,302.1019458664,440.1275085374,437.3713593492,440.072392586,441.0555823621,240.952389453,242.5304427175,315.3718341329,315.6241755273,328.8276714889,329.928329725899,330.3162110259,331.2902211112,441.8712011167,438.9852154088,358.1337650995,356.9087433065,394.2041163273,393.3071712786,384.2975606763,386.5881695603,331.1253263785,330.932943247,406.1223912737,402.9562669079,463.4695575569,460.9023607125,525.2793198746,523.0347260024,276.3884430057,278.2279582809,340.9219252189,342.2011110765,424.643357074,426.2808851664,350.1310114217,349.3545745029,375.6072419403,372.3020890393,389.3357946594,388.1213263522,327.8353017907,329.0858170284,188.4977153638,190.36481341322,425.4422473084,424.046871642165,319.7710950169,322.136241907829,285.4598870432,286.986414047593,731717.0,425000.0,227.0,444351.0,498974.0,781198.0,395181.0,1467356.0,1055026.0,1075544.0,625046.0,934642.0,831358.0,554624.0,1506375.0,908461.0,472189.0,368352.0,344972.0,392399.0,389554.0,367386.0,660528.0,585720.0,1437772.0,429233.0,524619.0,357001.0,408114.0,1152764.0,415097.0,873488.0,767079.0,896850.0,577240.0,1462320.0,600997.0,417654.0,367761.0,396147.0,752721.0,443434.0,1038757.0,545494.0,511243.0,619520.0,528988.0,968824.0,787191.0,634882.0,896858.0,317275.0,486306.0,1140351.0,329000.0,425000.0,497124.0,298975.0,768688.0,599749.0,512812.0,489218.0,604975.0,437246.0,394750.0,799750.0,573650.0,324975.0,294175.0,288705.0,297500.0,300475.0,275000.0,450000.0,426495.0,781250.0,297800.0,393725.0,297500.0,299975.0,649925.0,345975.0,499675.0,576225.0,579750.0,397250.0,649250.0,413300.0,365663.0,274750.0,295529.0,573665.0,309900.0,568670.0,354900.0,379900.0,429056.0,374999.0,599900.0,499000.0,439900.0,649925.0,239925.0,383725.0,479500.0
2024-10-01,,,,,,,,,,,364884.9417329514,778012.0743329414,399785.5068488959,311362.70809654944,484315.806619658,598492.319247119,642743.8958728526,553631.5802387255,435266.85843646247,451567.36202110886,500069.3246936337,340110.37816706486,337539.6088165226,274600.57433920045,276323.5906106266,233669.3509025324,250034.08570560545,401038.3378270199,427.19,429.51,424.91,428.49,383.94,386.48,459.48,461.95,403.98,407.67,421.8,423.33,355.61,357.88,405.32,407.52,599.08,600.25,464.12,463.54,426300.0,521900.0,324.505,323.937,352.4181902136,350.4441836352,334.5672309654,332.9683076493,248.5163199514,248.5253060246,338.801254432,337.7971456613,281.2009578575,281.0040613539,210.2019415716,210.5826585645,193.7616128149,194.2105991936,298.1805988291,296.77704,319.2639024043,316.2278317261,190.2043822741,190.486217190203,300.7199960557,300.689020465,440.4948720578,436.5737199512,440.9708021211,440.5500385567,241.2820586421,241.4883804272,317.1333798955,316.6754432084,329.2553406311,329.795514624655,331.4713847065,329.9389040829,442.9067324207,437.1916114855,357.8703321221,353.5227531798,394.6838038051,389.7314804471,383.8108591069,384.247595678,332.9550056619,331.1015935486,406.3685528499,402.6565462018,461.7592525064,457.7584794435,529.2681500789,525.5256239179,278.4853780687,278.4875907064,341.0462968372,341.2906559618,427.6348669979,427.7765891853,348.2458277794,344.1522661927,378.3828759584,371.6560534508,390.2466229307,387.3264933193,327.5990144725,328.5795349917,189.0181689758,189.90574620652,426.6854432997,423.40759872778,322.1639774641,322.967441922313,284.1182618039,283.768346085405,722891.0,422624.0,226.0,439958.0,496634.0,756020.0,396537.0,1450208.0,1010592.0,1050354.0,615425.0,929815.0,832552.0,550983.0,1499491.0,898041.0,472580.0,361713.0,339961.0,390358.0,387087.0,368714.0,657827.0,578249.0,1394563.0,423229.0,515689.0,355889.0,405695.0,1153492.0,411341.0,848010.0,758501.0,884382.0,579273.0,1463169.0,593946.0,411638.0,358869.0,391279.0,747194.0,438713.0,1006187.0,549194.0,507790.0,614056.0,524585.0,948079.0,780980.0,632297.0,887627.0,313505.0,478918.0,1128202.0,328000.0,425000.0,494950.0,297354.0,757450.0,594000.0,499994.0,484998.0,610000.0,434500.0,394773.0,794250.0,570988.0,315000.0,291750.0,281000.0,293873.0,299500.0,276983.0,449950.0,425000.0,764500.0,289950.0,387400.0,293700.0,299450.0,642450.0,342450.0,496973.0,567000.0,572450.0,399000.0,649450.0,407500.0,356150.0,268450.0,295000.0,570240.0,307400.0,554450.0,355000.0,373450.0,427450.0,371000.0,597000.0,499000.0,438052.0,642000.0,246500.0,377450.0,479450.0
2024-11-01,,,,,,,,,,,365383.5467392448,779792.5733801826,398563.13641818456,310981.550899959,486157.87222169136,600886.1055018612,644333.4996955871,554549.8827270208,434725.0115841338,452975.4072520284,501482.96020104346,339509.4770672818,337512.95064951404,275562.52096105955,277240.7982600777,234317.29122452924,250687.1277185247,402298.74450435885,428.72,428.74,428.64,427.87,386.7,387.1,462.1,464.39,401.2,402.32,421.16,420.31,356.17,355.55,407.77,407.48,601.94,597.87,467.15,464.33,397600.0,483000.0,325.791,323.654,353.8772715656,350.490620265,335.8073633792,332.6325986401,248.9328548283,247.8405696956,342.2746207698,339.2429061485,282.2054438544,280.8771104207,211.1456047838,209.837894383,194.9560302131,194.232661208,298.6392708781,295.18187,319.6732780066,314.7198282737,190.8800793851,189.8827110389,301.9426483826,300.3889516728,442.1335721498,436.5326709101,443.1171093838,441.5607299189,242.1405184072,240.7169193838,318.748343857,317.9031772626,330.8867263938,329.826834317471,332.7633264728,328.7956053084,443.6207837611,435.3473339552,358.6680510606,351.1253335583,395.2669141964,386.826394411093,382.9546180741,381.6722891096,333.868319076,330.8014226174,408.5519212806,403.7957063979,463.507730146,456.0275039243,528.5042461513,524.9574694366,279.6343242792,278.2525635541,343.4457465538,342.2016086836,431.2223305515,429.7174555483,348.3296435723,340.8632259886,377.6543910776,368.9768587377,394.5297837203,389.2140383208,328.3814626889,328.2584591459,189.5969787057,189.15140191419,429.5705983657,424.984272575621,323.6378214703,323.0803267659,282.9791637239,280.727681829767,715387.0,416888.0,224.0,437142.0,501910.0,764718.0,392283.0,1433944.0,991203.0,1016360.0,603049.0,931747.0,846885.0,547014.0,1502442.0,882617.0,448520.0,353186.0,337758.0,384802.0,386707.0,370009.0,644155.0,567103.0,1361948.0,408974.0,508360.0,351033.0,399806.0,1155345.0,408520.0,850771.0,755501.0,859527.0,573904.0,1463474.0,583799.0,419232.0,351708.0,387943.0,741550.0,431968.0,981144.0,547954.0,504300.0,614248.0,517787.0,943815.0,801127.0,619357.0,863128.0,310300.0,467408.0,1094753.0,324508.0,420000.0,489990.0,295000.0,749000.0,579000.0,499000.0,480000.0,619000.0,432500.0,389900.0,795900.0,569990.0,303000.0,285000.0,279900.0,290000.0,299200.0,275000.0,444500.0,415000.0,749000.0,280000.0,378900.0,289975.0,294900.0,625000.0,339900.0,494000.0,570000.0,550000.0,390000.0,649000.0,400000.0,355000.0,260000.0,292000.0,564500.0,299900.0,525000.0,354900.0,374000.0,425900.0,365000.0,595000.0,495000.0,425000.0,625000.0,247250.0,369900.0,460000.0
2024-12-01,,,,,,,,,,,366111.6654657945,781593.791504515,397449.11001187976,310700.685222754,487922.7272855207,603154.6215623085,646172.7567222356,555260.9238325151,434300.4529913725,454567.2467128327,502991.0295206634,339064.5629816381,337944.92154537723,276723.10804085905,278469.1580229024,235567.68654164625,251648.5418752237,403688.7745132002,430.57,428.05,432.61,427.05,389.59,386.12,463.76,463.41,403.93,403.21,420.64,418.9,357.91,354.39,408.53,404.45,608.56,604.27,468.34,463.23,423000.0,508900.0,327.359,323.275,355.7119901213,350.5574760454,337.3310005383,332.3086546321,249.2226356983,246.409844453611,345.8396221998,340.5738353524,282.9858774407,280.0393365868,213.3100516488,210.1353899334,195.0921033027,192.4855186463,299.505762246,295.17092,321.5682640049,314.9728509154,191.68133144,188.8502631039,303.599820153,300.4801651317,442.6930166207,435.8137815558,445.9071557537,443.2509380121,243.1326364583,239.2249466998,320.2458830801,318.1231318706,332.7634521892,329.553741761246,334.803995213,328.5331948402,445.5890743791,435.0853978257,360.9483752353,350.9231560611,396.8401376948,385.525168042022,381.2405149185,377.7577582643,334.5965641154,329.8445255397,410.1406741358,401.6265098932,466.7955883035,458.7686726913,530.479334894,524.5015310391,281.2973437038,278.6887514882,344.6881471395,341.8854525523,434.2202564813,430.6953213777,349.6894295812,338.955351113,380.7665933696,371.1507820651,398.0569288127,390.4760087623,328.6318929179,326.0539550541,190.4982850855,188.5556950922,429.6292497924,424.455080536819,325.3083899701,324.3945017505,282.3794536594,275.787646533859,710372.0,402936.0,222.0,429852.0,500705.0,761957.0,388129.0,1416062.0,1044982.0,1012500.0,592699.0,935703.0,863752.0,541472.0,1574289.0,868562.0,430607.0,348932.0,333963.0,377459.0,375083.0,365958.0,645134.0,555701.0,1369322.0,398293.0,502969.0,348839.0,391976.0,1160475.0,404470.0,842866.0,740527.0,855930.0,559459.0,1457724.0,572248.0,419076.0,344632.0,386351.0,739703.0,424921.0,943668.0,536271.0,500447.0,608080.0,508233.0,963653.0,813305.0,610522.0,834383.0,312468.0,464780.0,1156209.0,319400.0,415000.0,477000.0,290500.0,715000.0,564950.0,496450.0,479940.0,597450.0,432425.0,385400.0,800000.0,559450.0,292450.0,279900.0,278850.0,280490.0,299000.0,274950.0,439350.0,399995.0,732450.0,268700.0,374900.0,289450.0,289900.0,604500.0,339000.0,483450.0,562038.0,542450.0,389000.0,637000.0,399250.0,349949.0,252500.0,290000.0,554900.0,296000.0,499950.0,350000.0,369900.0,423900.0,359500.0,589990.0,495000.0,412450.0,599933.0,249000.0,365956.0,460250.0
2025-01-01,,,,,,,,,,,366748.4284972496,781759.0742314771,396487.76941436407,310520.07930464234,489058.2704380755,604683.9979279237,647823.8606257291,555401.6037757788,433537.3763808748,455964.6893611576,504051.7702111029,338692.6026374782,338393.99745359726,277895.6537287302,279570.94239220786,236916.4910241193,252686.1034789701,404788.0881126905,432.45,428.68,432.27,427.77,392.23,389.02,461.79,459.35,404.44,401.09,425.05,422.59,361.16,355.5,411.49,407.58,609.44,601.94,471.81,466.25,429600.0,518200.0,328.788,323.631,357.4317268215,351.3865061713,338.7242082922,332.6981455492,249.8534908864,245.9232933272,346.3422044201,339.6905238428,283.7056246769,279.3098731073,215.5518669986,211.1120791775,197.1078827615,192.810524978,299.7865199398,293.78973,321.454544156,314.4934295132,193.503586477,189.2368264352,304.9861460517,300.4368198127,445.650555187,438.3958686789,446.2964163668,442.6340879892,244.1005945856,238.865100261,322.7385787512,319.2312343104,335.392958837,329.95858601019,334.7425704507,327.5191882282,444.6620733609,435.3035844518,362.1274779285,350.9696850346,397.3444153173,385.061749913379,380.5539625002,375.5138504877,335.6486764995,330.0308735299,413.3767315771,405.1084584564,468.797504249,461.7785663155,529.5415596324,523.3433884333,283.5413106827,279.4296587689,349.2013068315,345.0163573656,435.802297494,430.4937042071,351.9862126581,339.2782707969,381.012277743,368.2091542445,398.5886466098,390.7265432553,330.5421985404,326.299947309,191.4899539532,188.3586203573,428.6154660884,424.094169818886,328.0487069257,327.1798390156,282.7748170767,274.885428197382,712021.0,400995.0,223.0,425798.0,502300.0,772993.0,384303.0,1401768.0,1095067.0,1038334.0,591278.0,945423.0,873251.0,532966.0,1603701.0,891221.0,431425.0,348442.0,334364.0,381834.0,372867.0,365125.0,637479.0,551582.0,1343001.0,394226.0,505491.0,347119.0,388625.0,1194695.0,405026.0,846276.0,732447.0,856089.0,550994.0,1484446.0,567485.0,422769.0,340411.0,388533.0,738959.0,425404.0,966455.0,536014.0,498712.0,602502.0,501113.0,989889.0,811813.0,609802.0,819193.0,310543.0,466267.0,1178243.0,318500.0,418350.0,481388.0,289000.0,702498.0,559500.0,484100.0,479895.0,585000.0,435000.0,381950.0,804975.0,559750.0,289000.0,278976.0,279000.0,280000.0,296125.0,274450.0,429725.0,399900.0,722450.0,259945.0,374900.0,288791.0,286450.0,605000.0,340000.0,480000.0,565650.0,535000.0,388278.0,647000.0,399000.0,354050.0,249950.0,294700.0,550000.0,294950.0,511225.0,350000.0,369850.0,419946.0,354945.0,585000.0,495000.0,410000.0,599000.0,247150.0,369900.0,459975.0
2025-02-01,,,,,,,,,,,367212.95372014,780364.2510797878,395390.1983566583,310341.2035883099,490243.7615011443,605163.7956407953,649403.3802973978,554317.4332856179,432312.8637282984,456618.5343550922,504194.8636741015,338278.1815467248,338706.79403531214,279031.14371787146,280512.9557776744,238166.88544741643,253714.9070261018,405664.1345250599,432.33,432.52,435.74,434.5,392.58,390.73,462.41,464.71,404.42,404.9,423.78,423.29,363.66,361.62,410.0,409.69,604.95,605.61,468.95,469.46,415100.0,499100.0,329.472,325.097,358.7126297676,354.347266328,339.6749672843,335.1279807524,250.4644296557,246.8307305396,347.6275146924,340.9876195321,283.8908523775,279.4215524736,216.7196457719,212.3994408634,197.6345880477,193.2839664208,298.9916362626,294.16481,320.9127832173,316.4132124709,194.3594654866,190.2267536486,305.3717204261,300.6440154843,448.7336437569,445.249891959,445.9525467408,441.3096767443,244.19348014,239.1654374997,324.9673834856,320.9658732329,333.4995823543,330.165386603676,333.795370118,329.0497635039,443.4850490956,439.7865740185,362.3845025418,357.288950702,397.8871918016,391.3031405507,379.1596901054,374.3682047314,336.4291270034,332.162528598,418.2738240091,414.0024133279,469.9199096548,466.8154562589,529.1454535138,524.6671036176,286.476680685,280.9089874568,351.1736270601,346.3807374779,438.4259000962,433.1510989352,353.0036905643,346.7723699326,381.3656076878,375.6626824,398.2392405179,394.1636922112,332.6328787889,328.1368103038,194.8103233408,191.3523198697,427.7517954545,425.475554232631,328.1063583002,325.3879374069,282.3148689301,277.134622621242,730131.0,412000.0,227.0,437875.0,503457.0,791452.0,386728.0,1469469.0,1102087.0,1030561.0,596423.0,946297.0,874429.0,531375.0,1571886.0,909091.0,447587.0,350886.0,339425.0,381107.0,381057.0,372209.0,649405.0,564368.0,1412591.0,401382.0,525694.0,348170.0,391677.0,1207710.0,410520.0,850067.0,748191.0,867180.0,552776.0,1499012.0,566080.0,430011.0,349885.0,388570.0,747319.0,428353.0,969323.0,541220.0,503170.0,600375.0,505829.0,995971.0,815332.0,617756.0,836995.0,311387.0,477893.0,1231621.0,321671.0,422500.0,488500.0,289950.0,729000.0,559475.0,499450.0,479497.0,589950.0,435000.0,380000.0,796947.0,566950.0,290945.0,279450.0,279950.0,279950.0,299000.0,275000.0,449250.0,408250.0,749950.0,265450.0,380950.0,289900.0,289000.0,613375.0,346950.0,485620.0,573725.0,545000.0,389700.0,650000.0,399450.0,363241.0,259450.0,294995.0,555000.0,296500.0,524950.0,352448.0,372500.0,419950.0,355000.0,586100.0,498000.0,422277.0,607363.0,247000.0,379450.0,459950.0
2025-03-01,,,,,,,,,,,366934.7707766869,776898.9782292341,393664.8752840201,309602.4285737058,491152.43031929946,603596.2610258709,649693.5841677639,551732.5334412297,430502.25605860393,456314.63051151374,502901.5475420819,337242.6469265023,338229.9305187316,279755.83698666,280994.12002061773,238684.197844843,254186.9284691061,405720.98857429455,432.86,436.56,437.22,442.33,395.0,397.48,463.75,469.09,407.41,409.1,425.37,427.57,362.72,365.04,410.91,413.42,603.07,607.76,466.77,470.78,412900.0,509200.0,328.944,327.696,358.8417062888,358.694104795,339.4565997906,338.9125879986,250.6639052201,249.0056229544,346.025166992,343.3633441973,283.5910560695,281.2214832891,216.857576546,214.8218794017,198.8094260596,196.718984524,297.381109082,295.70403,319.1063374994,319.8364689904,194.80975731,192.4987224094,305.2132074735,302.6455967164,449.6122028748,451.5287639206,443.2381702138,440.4704124107,244.1302756345,241.8511204496,328.3349840513,326.417187789,332.1433743637,330.6874462132,332.0470143428,331.7450796929,440.56047376,444.2928599057,358.2659103081,361.4175645886,396.2694163333,398.2350211017,376.9202476497,373.2272388502,336.3733389413,336.4005830681,418.5811919488,420.9431565977,468.5802759681,470.0916313446,531.1851799994,534.1811818619,289.4375336835,286.0084693289,353.5905591332,350.3995587316,442.4242870629,439.0614790829,349.8035769997,353.0733926579,374.7581699486,378.1459288187,392.8314334451,393.3601835437,334.6864942314,332.8566434574,193.947430772,191.9836800149,425.7493620348,426.842026905933,327.2669142045,325.1562020391,280.3585555142,280.644290990048,745275.0,424900.0,230.0,442955.0,511749.0,790831.0,392169.0,1487359.0,1074228.0,1060443.0,614119.0,945340.0,871139.0,543508.0,1541419.0,920870.0,461940.0,366945.0,345984.0,391905.0,387280.0,374577.0,668305.0,593390.0,1454388.0,416994.0,543042.0,350796.0,403742.0,1189259.0,417834.0,859222.0,790685.0,880014.0,555329.0,1528630.0,578037.0,437295.0,360928.0,397404.0,751225.0,440225.0,966139.0,557162.0,517561.0,609108.0,517701.0,999532.0,802079.0,643060.0,869921.0,323062.0,488389.0,1199870.0,325000.0,429000.0,495000.0,295000.0,749900.0,575000.0,499900.0,485000.0,600000.0,439000.0,389000.0,785000.0,569993.0,299984.0,289900.0,284900.0,287254.0,300000.0,279000.0,455000.0,429000.0,798500.0,275000.0,399000.0,291500.0,299500.0,624300.0,350000.0,485000.0,585000.0,550000.0,390410.0,695000.0,400000.0,369900.0,269000.0,299900.0,565000.0,299999.0,539900.0,360000.0,382128.0,427300.0,364900.0,589990.0,499900.0,449000.0,629997.0,259000.0,385450.0,459900.0
2025-04-01,,,,,,,,,,,366401.2559197394,773572.4648752433,391465.1720371416,308526.16161294864,492526.4247874263,601096.1731794282,649654.1498038986,548744.0358821605,428878.7592079151,455570.4599009552,501198.1240359571,336076.90113080555,337404.3187729731,280213.60565737827,281402.4189589648,238857.0346108244,254355.73372550067,405528.742524854,431.96,439.09,433.63,443.78,398.63,404.58,460.91,468.15,409.37,414.1,420.08,425.53,364.5,370.13,412.12,419.47,598.32,608.35,465.26,473.17,413600.0,514300.0,328.157,329.848,358.2078028521,361.4976978749,338.6749108561,341.5544531376,250.2428953826,250.7822774512,346.2576488603,348.542675825,283.5116063736,284.0337683982,217.3227154456,217.3391758596,199.1926480118,198.7192675788,296.0405720947,297.97746,317.3987037656,322.1591440569,194.7769480486,195.3715831241,304.7731408146,304.5196460428,444.4979155694,451.0712397299,442.7882895087,442.9239537092,243.4827762174,243.9702192458,330.5732680757,330.8152375564,330.2111133267,330.5903338973,330.0006508632,333.1410121072,438.5600140869,447.1507159513,354.7175872804,363.3439818425,393.678636815,402.2917207434,376.1653065256,375.9387236282,335.9936578055,339.4057412612,412.3819989146,419.1101827346,465.5544216325,472.5011797173,529.3662841995,534.6041675441,291.1722850695,290.0290528632,355.6857916234,354.6193449527,445.2090359132,445.3475894158,345.6325564072,354.9736857455,371.4601787682,382.2173083586,387.9813964513,392.9109918803,335.8816169017,336.4381019741,195.5740048022,195.1689052537,422.4122571704,426.257100295588,326.0635322053,323.8588707952,278.2020616419,281.405648563995,752047.0,431450.0,233.0,456621.0,529576.0,791319.0,397514.0,1487900.0,1032692.0,1086362.0,624986.0,927889.0,868141.0,552171.0,1494991.0,909193.0,473994.0,375311.0,357491.0,394818.0,395164.0,377480.0,675758.0,607290.0,1456877.0,438471.0,546499.0,356245.0,407507.0,1139074.0,427070.0,854225.0,802459.0,885170.0,578361.0,1524198.0,597218.0,446604.0,371539.0,398212.0,757264.0,450384.0,996789.0,574187.0,523324.0,622079.0,532975.0,979648.0,779859.0,662809.0,902566.0,331834.0,499884.0,1138553.0,336000.0,435000.0,499000.0,299000.0,767000.0,587000.0,522450.0,489950.0,615000.0,440000.0,396500.0,775000.0,579900.0,312500.0,299900.0,292400.0,297774.0,309950.0,282900.0,462500.0,447450.0,799900.0,289500.0,399900.0,294750.0,299900.0,625000.0,357500.0,496000.0,590125.0,569000.0,399000.0,699000.0,419500.0,373410.0,275525.0,299995.0,575000.0,315000.0,577400.0,369000.0,389015.0,434950.0,373191.0,595000.0,499000.0,459975.0,650000.0,263881.0,397000.0,477000.0
2025-05-01,,,,,,,,,,,365708.66745530674,769643.0381102982,388963.8850452853,307254.436440411,493790.1128425312,598110.5480816881,648615.372366873,545667.8279050174,427313.20027586166,454627.2733526409,499330.8516209216,334913.9099784764,336605.82383934065,280478.04319305444,281804.62033752765,239008.0700761344,254503.38412686888,405172.8935673493,432.01,441.89,438.07,449.23,395.82,405.07,459.67,469.66,409.01,417.16,420.74,428.69,365.02,375.04,412.8,423.48,601.76,614.51,465.13,472.9,424800.0,514800.0,327.53,331.367,357.3462969688,362.9083807794,337.813672376,343.0417808889,249.8279113228,252.0623658273,346.8322550076,353.0140812488,284.120170735,286.919515343,217.617605767,219.9509868335,199.5014598148,201.4469681095,294.3020215673,298.99244,316.1430652964,322.6131291178,195.0688219426,197.5027142209,303.6177370881,305.9045027782,440.9368755387,448.8061255634,440.031867671,442.5024245025,243.8188408349,247.1215365651,331.270641435,334.4097389168,328.1889684514,330.8255321219,330.749192246,336.1640290934,437.2130483204,447.2488235358,352.4576351126,363.1642225162,391.1383720423,402.4237041007,374.9239564595,377.8793631785,334.5612668601,339.9917850465,407.1115210653,415.884950766,462.9014290544,470.8802251485,528.8219085781,536.9498778466,291.9896437117,294.7896175685,356.4136894496,358.6998304582,446.8375623848,449.4979626986,344.9795777127,356.3464583474,367.4253790136,380.7378186232,383.6597159402,390.7487803744,336.8857128211,338.6057355159,195.6063580015,196.7229956747,420.4715299695,425.6548154874,328.1547831985,327.3329853936,275.537109116,279.835619815856,753084.0,440000.0,234.0,461779.0,535027.0,788703.0,404308.0,1472262.0,1001030.0,1115063.0,633577.0,924698.0,858039.0,555698.0,1438396.0,901253.0,475793.0,386463.0,366247.0,402439.0,397434.0,377668.0,682912.0,622942.0,1428321.0,448438.0,546475.0,361358.0,415787.0,1090243.0,429023.0,856218.0,797906.0,877720.0,585578.0,1493985.0,609622.0,450521.0,381626.0,405255.0,760278.0,460139.0,1032788.0,578373.0,530692.0,629836.0,540274.0,968212.0,767782.0,672993.0,923342.0,340074.0,507959.0,1090392.0,340000.0,445000.0,499000.0,300000.0,775000.0,598820.0,550000.0,499000.0,615000.0,439999.0,399900.0,770000.0,595900.0,320000.0,309900.0,295000.0,299900.0,314900.0,285000.0,479000.0,452000.0,819900.0,299900.0,399900.0,295500.0,310000.0,639000.0,363000.0,499900.0,589900.0,575000.0,400000.0,699000.0,425000.0,380400.0,289900.0,306506.0,579000.0,325000.0,589000.0,370000.0,399000.0,439900.0,375000.0,599900.0,519000.0,475000.0,670000.0,269900.0,399900.0,495000.0
2025-06-01,,,,,,,,,,,365085.1245868734,765842.9485475691,386328.9433575396,306049.7383856937,495371.2212724704,595858.9855902706,647533.1697366276,543191.0834336925,425825.18829405325,453488.4966338298,497882.6067649368,333961.97760504234,335811.6209423328,280853.68509586697,282189.3983962657,239284.3601033087,254796.423634178,404988.1404282235,432.19,441.9,436.83,449.35,400.64,409.54,458.44,467.41,408.48,418.29,421.2,429.11,365.03,374.81,415.55,425.73,599.35,609.84,463.95,472.53,409200.0,508700.0,327.011,331.564,356.8214406523,362.826111913,337.2633448959,343.0100010911,248.8079544375,252.0292174778,347.0281515313,353.9841065119,283.9653701044,288.1962164054,218.3588056814,222.1398029137,199.3257742135,202.2370041542,293.3966398821,299.12986,314.9918950897,321.5934823485,195.0907885305,198.472234689,302.2250587099,305.7981582507,439.2753554665,447.0020164097,437.6510746863,441.9451405428,244.1170485306,248.7350862844,331.8216162657,336.1332427469,325.6606977034,329.1359794105,329.7006590275,335.589753536,436.1445600193,445.6429343806,350.3722031415,359.4506161648,390.4491248518,401.0243010114,374.208826041,378.9322735138,332.9275418324,338.3140126276,406.6492007396,414.9497641115,460.1168878799,468.3943961027,525.8332288771,531.8991287175,291.9753622803,297.0680229766,356.2946876153,361.9967506582,448.613290188,454.1557041659,342.7599522641,352.7981229483,365.2532355907,376.1693958294,379.9758300307,387.2084805381,335.5319413838,338.9494131528,196.6371787298,198.8467559885,417.7372949765,423.2681991959,328.9496168108,330.2843810579,274.4506588945,278.826338976628,747199.0,441000.0,233.0,460789.0,542766.0,764163.0,409055.0,1449599.0,1029083.0,1110945.0,628962.0,912135.0,839910.0,555092.0,1426748.0,924644.0,474531.0,391182.0,367247.0,407491.0,398849.0,379035.0,700728.0,617610.0,1421726.0,462907.0,549794.0,363699.0,411435.0,1115601.0,427952.0,848489.0,824068.0,868644.0,595196.0,1436049.0,610494.0,440445.0,387600.0,406118.0,764871.0,460419.0,1049189.0,576324.0,528681.0,631331.0,539262.0,978690.0,777696.0,663054.0,925344.0,344764.0,513239.0,1190418.0,340025.0,449000.0,497500.0,305000.0,771500.0,599950.0,561950.0,495000.0,599900.0,439000.0,399900.0,766900.0,599000.0,325000.0,310000.0,295000.0,307500.0,315000.0,285000.0,492500.0,454950.0,799450.0,317000.0,399950.0,298700.0,311000.0,649937.0,355766.0,499900.0,599000.0,579450.0,410095.0,686888.0,425000.0,368770.0,295000.0,308400.0,580000.0,329000.0,599000.0,374900.0,395000.0,440000.0,378000.0,599950.0,524500.0,474000.0,674750.0,275000.0,399900.0,497475.0
2025-07-01,,,,,,,,,,,364654.14338940574,762963.1466243808,383524.6465774967,304975.54698910704,497292.3192756612,594350.2974474273,646867.9609702298,541260.2439187458,424231.84968596697,451922.3086834491,496894.2038909621,333173.4618558285,335262.5802447054,281679.89237440267,282979.6771457516,240035.51923537903,255425.29553494143,405189.0551116776,432.4,440.33,436.21,446.02,396.11,405.05,458.9,466.25,407.01,413.56,422.43,427.91,367.01,375.33,415.82,425.1,599.73,609.45,465.16,470.62,397300.0,482800.0,326.924,330.923,356.8794427762,361.5895820869,337.2894828558,341.9190770461,248.5833975286,251.9077742288,347.7792527616,353.342656917,283.7723722357,287.6518265547,219.2221294285,223.3048245706,199.7880853936,204.0548108789,292.9892431753,297.95498,314.8553078267,319.9479445222,195.7733260653,199.132008328,299.8036321636,304.1380500049,440.5697261966,445.7076627475,434.4855780549,438.4751325594,245.0770215083,249.6581766952,331.7815455192,335.6888132484,323.2420520408,326.5070763374,330.6485627037,336.0009016293,436.0680407671,442.5348242127,350.5365525374,356.1375747847,389.9091888218,397.5694698757,372.2208935005,376.7950484178,331.846281139,335.8132385618,409.5350353626,415.7033767905,458.18546439,462.7556617726,526.5169402281,529.7583498747,292.0343921036,297.4316039079,356.6570516811,361.7045089384,448.5404222201,454.2329000591,343.974394907,350.0861779621,365.0566802699,371.3832338584,376.8362789104,382.8018712148,334.0257511525,337.0246170127,196.6811294454,199.573308053,417.3211709978,421.4329095579,330.2096937789,332.4806504866,272.7618120034,277.468542689984,735241.0,439450.0,231.0,456507.0,540044.0,733539.0,406560.0,1419973.0,1045184.0,1084128.0,620061.0,874363.0,825193.0,551019.0,1419263.0,933421.0,465891.0,389651.0,363934.0,403506.0,401716.0,377987.0,705741.0,613397.0,1418899.0,458755.0,545942.0,363226.0,407857.0,1154184.0,426364.0,842685.0,818362.0,857463.0,599029.0,1378168.0,604154.0,441870.0,383286.0,403252.0,758102.0,448264.0,1049638.0,572729.0,522581.0,629910.0,533927.0,989350.0,782121.0,643681.0,911694.0,340229.0,513639.0,1241522.0,339688.0,445000.0,487450.0,305000.0,750000.0,599000.0,549850.0,485000.0,597999.0,435000.0,399250.0,761000.0,599450.0,323225.0,309450.0,289938.0,300000.0,315000.0,284950.0,485000.0,450000.0,797000.0,316950.0,399000.0,299000.0,311000.0,649950.0,349985.0,499450.0,599000.0,577500.0,411000.0,663000.0,424950.0,369950.0,289950.0,304995.0,579000.0,324950.0,599450.0,371850.0,389900.0,439950.0,375000.0,599450.0,525000.0,461998.0,659475.0,270000.0,399900.0,496750.0
2025-08-01,422400.0,427700.0,534100.0,329500.0,364100.0,620300.0,552000.0,332900.0,371300.0,633100.0,364424.1889163169,761012.066633488,381016.2608707789,304132.5572424414,498962.42665622494,593875.3459718635,646954.7951923455,540390.6689824198,422799.2456720104,450255.335988064,496375.0640697868,332638.81336072343,334866.45839805406,282704.4002576932,283716.0506116336,240738.0952236305,256063.1463505532,405692.2500596701,434.03,439.84,439.1,447.83,402.46,407.64,460.87,466.22,409.14,413.96,422.57,426.94,369.37,375.9,416.14,422.54,602.16,607.03,462.43,466.7,417900.0,525100.0,327.388,329.845,357.547369454,359.520763559,337.653274734,339.9509289396,247.9687223325,250.5339806591,348.8327900698,352.3870445934,283.0873141885,286.0212923613,220.4795619907,223.7555174274,200.7237687378,203.6770622504,293.50510136,296.67663,315.154911426,317.4188098754,195.9620665787,198.6234402244,298.5782953675,302.4564243895,440.5837123845,441.4543921435,432.5714921696,436.1921267303,245.9075361228,249.0433692481,332.2852372956,334.0153734953,321.0517927124,323.5937161075,329.4257861817,332.4816663395,437.46705963,439.0799866585,352.7817882721,354.0654440194,391.2080026948,394.8029503909,370.5527415238,374.0492548181,332.4684920792,333.9105596584,410.2203740181,410.8372954546,457.1078872976,459.9214298056,525.4682039672,525.9817034204,291.9686525956,295.8298337652,358.1022786002,361.4431383725,449.6578968827,453.7282669354,346.5092505519,347.6778464575,368.9047578513,369.5301134215,376.5201694564,378.5070326743,333.3053633043,335.543830516,196.5343895368,199.0366962839,415.7446019506,416.7678938828,331.2895983883,334.860648352,272.4927424767,275.641920645105,722875.0,429990.0,228.0,449901.0,532894.0,713748.0,404786.0,1392447.0,1037084.0,996011.0,617786.0,853204.0,813436.0,544506.0,1417907.0,925562.0,457183.0,382180.0,358322.0,394733.0,399497.0,372755.0,696953.0,594540.0,1444453.0,446532.0,543263.0,362941.0,407080.0,1144152.0,427624.0,832297.0,803614.0,842499.0,593969.0,1345671.0,599416.0,439099.0,380605.0,399692.0,750266.0,443433.0,1040522.0,562288.0,514283.0,626636.0,520824.0,987974.0,773957.0,632152.0,898753.0,335827.0,508761.0,1254521.0,335000.0,445000.0,479000.0,305000.0,749900.0,595000.0,534900.0,480000.0,575000.0,429900.0,395000.0,750000.0,590000.0,319900.0,299900.0,285000.0,299000.0,310000.0,279900.0,475000.0,449000.0,759000.0,300000.0,395000.0,295000.0,309900.0,647000.0,349000.0,499000.0,595000.0,559900.0,404950.0,649900.0,419900.0,369900.0,289900.0,300000.0,569900.0,320000.0,583950.0,370000.0,383400.0,434999.0,369000.0,595000.0,509000.0,450000.0,649950.0,269000.0,399000.0,495000.0
2025-09-01,412300.0,417600.0,500300.0,319600.0,360300.0,615600.0,515300.0,322600.0,366600.0,629600.0,364668.2201663575,760586.5206134958,379221.4555073295,303613.53605807363,500789.2326915613,594574.7200497879,648152.0681513232,540487.5764759795,421830.8847766799,448990.07380144106,496490.6954064053,332508.13300769584,335021.8907084753,284030.32314840733,284535.6507442752,241608.58127541715,256869.91749892163,406690.0577471749,433.84,438.23,438.19,444.0,402.92,407.29,459.78,463.82,411.69,416.5,416.81,420.04,371.85,377.29,419.28,424.81,597.47,600.29,463.76,464.82,416800.0,506800.0,327.862,328.874,358.1740005484,357.9103950534,338.088934814,338.3086600044,247.7590596184,249.0214693485,349.7216328552,350.6861308049,282.3509825782,283.8116163317,220.9652634195,222.7399548819,201.2170278503,203.5523696222,293.6059348705,294.41666,315.5032566074,315.1709115231,196.6640417466,198.6559932068,297.3431659659,299.7962097741,441.6751442256,438.7607479911,434.8026450517,435.6641849757,246.7533214976,248.3842183288,332.3746596851,332.6365314633,322.3947066662,323.3650555335,329.1509880367,330.0801074519,437.9226401184,434.9335510745,355.1210938656,353.8916640985,391.8804368831,391.1940241112,368.2903271847,370.487869816,333.2666895029,333.0803547762,409.4259233201,406.0785907254,462.7060554032,460.0381481913,528.6246768279,526.1582821871,292.1507166267,294.060038072,357.9909465915,359.3663800403,449.1821342641,450.9198776544,350.2136308329,349.5412271804,370.0257266839,366.5964592544,378.0554277232,376.7141394036,333.2844851448,334.5320719371,197.1052985345,199.0248716111,416.3646561074,414.933070236715,331.714852931,334.1541555802,272.355669246,273.826416057708,715675.0,425000.0,226.0,442932.0,531715.0,726483.0,403697.0,1399449.0,1034046.0,1023494.0,616806.0,872179.0,812143.0,541510.0,1418783.0,920571.0,449530.0,378303.0,351991.0,392552.0,404882.0,370108.0,678275.0,592687.0,1362967.0,436506.0,535033.0,363883.0,401232.0,1119614.0,416333.0,837726.0,810126.0,862240.0,583819.0,1344334.0,599281.0,428527.0,373505.0,388411.0,745442.0,441962.0,1057576.0,557278.0,493250.0,622587.0,517537.0,960121.0,779884.0,639830.0,887749.0,325851.0,506714.0,1194451.0,329973.0,445000.0,476750.0,304950.0,748500.0,587000.0,525000.0,485450.0,589000.0,425000.0,394950.0,749500.0,585000.0,316500.0,299450.0,279000.0,294823.0,309900.0,278500.0,467000.0,442500.0,753425.0,299900.0,389000.0,296450.0,302450.0,637000.0,343400.0,496494.0,592450.0,557125.0,400000.0,649000.0,419450.0,364425.0,286500.0,299250.0,569000.0,320000.0,584308.0,368450.0,373500.0,429900.0,364950.0,590000.0,504450.0,450000.0,648887.0,262000.0,392250.0,472500.0
2025-10-01,414900.0,420200.0,503600.0,319500.0,362300.0,624600.0,518000.0,322800.0,369200.0,637000.0,365106.8920834484,761341.6655264191,378059.06301722775,303239.8680141613,502780.3704828239,596220.3573629943,650423.0997363395,541099.551505535,421317.54487516574,448200.54026985104,497082.3570933519,332459.2795251052,335295.9527741436,285374.4092331212,284864.7225664162,242225.35450643048,257803.6801952681,407921.1999556915,435.56,438.04,441.78,445.62,404.26,406.95,461.16,463.67,409.83,413.95,421.71,423.31,373.19,375.67,420.94,423.4,600.34,601.82,464.3,463.74,404200.0,523400.0,328.837,328.233,359.3059502428,357.218865526,339.0754637995,337.4081888462,248.2477975657,248.2248745045,348.7611697555,347.6936011956,282.3628536669,282.0768454889,222.1580935822,222.5242973443,201.6312424015,202.0554009166,293.7647309381,292.35762,314.8212526957,311.872883015,197.8583927024,198.1860334205,298.7886304941,298.7020073752,440.8633600789,436.7349853965,436.4620829344,435.9646404382,247.6910027673,247.8871732246,333.4366175096,332.8615616472,324.2034309882,324.7326451317,329.3239804539,327.7408684686,440.2384448401,434.3861407317,358.7235836187,354.489659839,392.9290212457,388.1625504327,367.8744397238,368.2010734466,334.2978018898,332.4551809676,405.9408508266,401.9278537562,465.2713635347,461.2344094312,529.4232919627,525.5665725819,293.5574294012,293.4830327164,359.2114169917,359.3825473924,449.6414528272,449.6834382117,353.4781631716,349.3509887862,375.7825430652,369.2681044444,379.4502233107,376.5493116348,333.9746614136,335.0470322177,197.3894110172,198.3103329612,417.4973138885,414.177765342001,332.2951830305,333.1127493134,274.8437279173,274.555392302734,711450.0,424400.0,225.0,439755.0,530600.0,734223.0,402756.0,1397988.0,1024127.0,997227.0,607825.0,875287.0,827417.0,540777.0,1425298.0,912280.0,441324.0,374257.0,349299.0,391550.0,393087.0,369296.0,669825.0,589283.0,1323356.0,426875.0,529409.0,363662.0,396644.0,1116668.0,408727.0,835719.0,801364.0,831528.0,581595.0,1388378.0,597064.0,425527.0,370882.0,384303.0,740737.0,439616.0,1036751.0,556567.0,489130.0,621033.0,516331.0,947908.0,785261.0,635940.0,880382.0,322264.0,502752.0,1172338.0,329900.0,441450.0,475000.0,305000.0,740500.0,577500.0,512500.0,484998.0,584950.0,425000.0,394450.0,750000.0,582698.0,308625.0,298200.0,275000.0,290000.0,309450.0,275500.0,450000.0,438750.0,749450.0,298450.0,379950.0,299000.0,299950.0,630000.0,335850.0,492500.0,589450.0,550000.0,399900.0,649000.0,418939.0,356589.0,280000.0,299000.0,564000.0,319000.0,572400.0,365000.0,369900.0,429350.0,360000.0,585000.0,499000.0,449900.0,639975.0,257000.0,389450.0,463875.0
2025-11-01,410000.0,415100.0,499800.0,317100.0,359700.0,614900.0,513000.0,319900.0,366900.0,626300.0,365789.6371872821,763018.2382421716,377368.3734808306,303083.6457057469,505185.8090520922,598203.5326361128,653119.8567133852,541683.2417513864,421403.70152633445,447875.9042191009,498030.5684798309,332390.0267014332,335597.97646343213,286956.3896039724,285327.7980039785,243011.5891341355,259083.5274164978,409197.8860492655,438.35,438.55,445.13,444.3,405.14,405.59,463.72,466.37,413.01,414.39,426.33,425.52,374.57,373.9,423.41,423.49,604.49,600.7,468.16,465.57,402500.0,537900.0,330.06,327.853,361.2827189054,357.741501361,340.756720493,337.4747470089,248.8131920307,247.688797675,348.4055052118,345.1995330154,283.1979076639,281.8100950412,222.9773810771,221.536599558,201.4577404831,200.69079491,294.3417051065,290.88922,315.5728542551,310.6674436928,198.5636440682,197.5368410568,300.6338384577,299.0976280405,444.1510610552,438.3597610773,438.4565989731,436.8903364866,248.9122413217,247.4385188881,335.9322603804,334.9166048173,326.3103111282,325.3676294795,330.5903206887,326.6350049144,445.1447650697,436.8330763751,360.0587248803,352.3954512689,394.6499841937,386.2488740416,368.284921833,366.9442498664,334.8626308031,331.7783330614,409.1454160805,404.2655435009,466.6672326725,458.8933540161,533.7496991733,530.2327918381,296.5366692861,294.9159486841,361.2918586821,359.8907603484,451.2829178757,449.5630187602,355.7419561795,347.9868531696,373.8680520372,365.2726254151,380.3334555178,375.2268811231,334.7209076061,334.6510837438,199.496392725,198.9727883155,417.3290460637,412.9251597284,332.3774835802,331.6924360617,277.6663641171,275.649738536329,705106.0,415000.0,222.0,437809.0,522864.0,746301.0,396972.0,1400576.0,1006364.0,973493.0,608540.0,871366.0,856425.0,536545.0,1422076.0,891141.0,426967.0,367640.0,345384.0,384404.0,388232.0,365630.0,652207.0,567782.0,1296162.0,416622.0,514906.0,360742.0,394350.0,1110400.0,407365.0,831375.0,781642.0,832075.0,576760.0,1382598.0,587056.0,424618.0,360178.0,381954.0,733105.0,428632.0,1008257.0,551323.0,493571.0,615517.0,511329.0,945940.0,776024.0,617291.0,852591.0,312932.0,480972.0,1123066.0,329000.0,435000.0,469900.0,300000.0,725000.0,565000.0,499000.0,484800.0,574900.0,425000.0,389450.0,749000.0,573900.0,299900.0,289900.0,270000.0,285000.0,300000.0,275000.0,440000.0,425000.0,715000.0,285000.0,374000.0,295500.0,299900.0,615000.0,333200.0,488000.0,579900.0,549000.0,399500.0,649000.0,405475.0,350000.0,275000.0,295000.0,554900.0,305000.0,539950.0,359999.0,365250.0,425000.0,356990.0,579000.0,495000.0,436700.0,625000.0,249900.0,375000.0,454000.0
2025-12-01,405100.0,409500.0,499900.0,306400.0,359400.0,598300.0,516600.0,308900.0,365400.0,608100.0,366588.38707554754,765322.2349498871,377011.5918517294,303096.9187797475,507594.0174729983,600041.2503689042,655929.5728462796,541986.7739137872,421916.5569091618,447889.6661821304,499066.0103866618,332288.2964545139,335752.0347872009,288672.8720941365,285918.59634942404,243937.6929816045,260662.14073178568,410330.1795975904,439.58,437.24,446.83,440.87,408.6,405.02,464.9,464.95,412.24,411.89,424.86,423.25,377.88,374.27,424.47,420.32,606.95,603.58,468.02,463.08,429100.0,540300.0,331.19,327.028,363.0481159764,357.7470658665,342.3109472452,337.194538919,249.5538409661,246.6993363776,350.0009894739,344.6665690752,284.781070779,281.790682196,224.6489188602,221.2404089417,202.9126100585,200.1339684405,294.7926826942,290.59944,314.8979548482,308.5192508182,199.8420509378,196.8642187263,300.8058865603,297.7311343466,446.115331216,439.2330395934,439.1879902069,436.6320220573,249.7412469526,245.7141942256,338.1364601194,335.7070892181,327.4680286082,324.4709634113,331.0809362136,324.8912574029,449.4958764989,439.0174279631,360.6035420309,350.5212756206,396.2403325587,385.0153287149,370.3193780045,366.886705875,335.184006217,330.3588325914,413.8102332441,405.221181933,467.7871795625,459.7087959691,534.8503696969,528.9320297299,297.7569646106,294.8487326148,364.246521273,361.0825878828,454.1792402167,450.3198244952,356.9276045923,345.7818718625,372.2742972655,362.937994326,381.2595520411,374.1698934485,336.1644811783,333.5334697678,201.9924732555,199.9332575113,416.589067387,411.6355077596,333.6273963812,332.6931449452,281.6933759801,275.094034108576,699731.0,399950.0,220.0,434544.0,516207.0,758004.0,395249.0,1386414.0,1038970.0,960452.0,617062.0,837384.0,869458.0,531490.0,1461242.0,879775.0,411199.0,357749.0,335491.0,378046.0,383922.0,362542.0,622968.0,547013.0,1298461.0,406414.0,507207.0,359072.0,388895.0,1130300.0,402053.0,829372.0,751431.0,832393.0,573924.0,1410605.0,577849.0,419613.0,350207.0,378784.0,727372.0,423051.0,974035.0,543755.0,493304.0,611023.0,500907.0,965659.0,787818.0,605393.0,823762.0,305314.0,474737.0,1128585.0,325000.0,424250.0,465495.0,299900.0,699500.0,549450.0,487000.0,483737.0,549500.0,425000.0,384950.0,750000.0,567000.0,287500.0,284764.0,269450.0,279738.0,299850.0,271450.0,425000.0,412500.0,699900.0,276950.0,367000.0,289950.0,294950.0,610222.0,329900.0,480000.0,574200.0,529450.0,392500.0,641950.0,399900.0,349950.0,267950.0,289764.0,549450.0,299900.0,538475.0,354950.0,365000.0,424450.0,350000.0,574450.0,489000.0,425000.0,604221.0,244975.0,369900.0,442450.0
2026-01-01,395000.0,398200.0,504000.0,298100.0,350900.0,585600.0,516600.0,300200.0,356800.0,594900.0,367350.4468837799,766596.8184866626,377006.6814617231,303119.10760660336,509720.586100309,601367.0848737016,657932.3158040784,541683.4017387597,422450.6303641111,447909.8274909537,499735.7341593463,332207.2129238485,335981.7645946352,290209.30004566815,286673.5681435033,244953.95602042976,262078.5691177724,411111.76863273606,440.91,437.23,448.93,444.12,410.42,407.15,465.6,463.34,416.98,413.9,424.01,421.76,378.21,372.29,426.14,422.49,607.84,601.01,471.34,465.7,416200.0,512600.0,331.947,326.764,364.0069410166,357.8132598678,343.0379755427,336.9002900331,249.512451571,245.5489302769,351.7875309404,345.0748733863,286.8321861012,282.3977800737,225.5252664135,220.8391858441,204.0100713141,199.4769710372,295.2841177121,289.3937,314.8510965791,308.0247457423,199.7787997328,195.3665859167,301.9713237179,297.5266271331,446.3008513668,439.0315976836,442.2212118694,438.5687561854,250.1478868479,244.8174810166,339.980928432,336.1319178365,329.8626228371,324.5997190661,331.3524601656,324.1747162054,447.5306173716,438.2875249415,360.6641309694,349.6368203631,395.0237452198,382.7599264714,370.8209220618,365.9322268615,336.1654672858,330.5526991432,410.7554908434,402.5485394284,471.1029850218,464.1313033038,537.184326474,531.0771828269,298.873727682,294.3636948296,366.415824367,361.9613327414,457.86519291,452.0811653021,359.9009713821,347.0194424256,370.0533472494,357.586702017,380.9799328787,373.6950464289,338.9759153011,334.6120939762,202.7412463082,199.4443313542,415.7510564871,411.3269628802,333.4079439506,332.5876876919,281.0849949178,273.2838801692,700060.0,399900.0,220.0,435011.0,517279.0,773146.0,395479.0,1374145.0,1090542.0,932982.0,606866.0,825612.0,886788.0,525735.0,1507165.0,888160.0,410573.0,355467.0,337567.0,381782.0,379620.0,361456.0,604909.0,534052.0,1284196.0,401481.0,510210.0,356036.0,389810.0,1151608.0,404249.0,797131.0,743336.0,824500.0,560844.0,1418340.0,569251.0,422182.0,348118.0,377888.0,721493.0,421446.0,966108.0,538556.0,499344.0,605279.0,492217.0,997199.0,800314.0,608408.0,823063.0,303646.0,477051.0,1149044.0,325714.0,419950.0,469055.0,299900.0,698000.0,548794.0,479950.0,482049.0,540000.0,425000.0,380000.0,750000.0,567900.0,280000.0,283900.0,269900.0,280000.0,299000.0,270000.0,420000.0,399999.0,699000.0,269000.0,365000.0,289475.0,294900.0,599000.0,335000.0,479000.0,566000.0,520000.0,387000.0,640000.0,396000.0,352250.0,265000.0,289900.0,539900.0,299000.0,540000.0,350000.0,370000.0,419220.0,349000.0,571950.0,495000.0,425000.0,600000.0,242900.0,370000.0,429000.0
2026-02-01,398000.0,402300.0,478000.0,303900.0,356600.0,597200.0,494300.0,306300.0,362400.0,606900.0,368071.7142784877,766952.2657382145,377190.9823574824,303098.7647637791,512131.191545325,601665.217813271,659213.3376465268,540579.1752412538,422823.5449236718,447800.4749438544,499874.7660469062,332233.12345159106,336351.3823947444,291851.4320754952,287392.58657957014,245938.8539988777,263445.5641675162,411739.8303357549,440.6,441.02,451.16,450.29,409.62,407.83,466.61,469.14,418.55,419.43,423.7,423.4,378.46,376.41,424.77,424.79,603.46,604.5,469.22,469.97,412000.0,524600.0,332.171,327.824,364.3916893123,359.9836727809,343.0287009623,338.4834078281,249.6705676784,246.0515749682,352.0861126945,345.3281180799,286.71053224,282.2258928928,227.5472863259,223.0121170492,206.0997043764,201.558930486,293.6914370009,288.98578,313.8349054103,309.5365033535,199.6398868011,195.3806705723,301.9762475051,297.3898457672,444.4242341491,441.1072014777,445.7188304204,441.1501470783,249.3871710693,244.2746596047,341.7357152802,337.4063549817,327.3674882496,324.1768431074,330.8838856236,326.2789670521,446.3798577877,442.7262524665,361.1264080722,356.2068071009,389.877053519,383.5028108639,371.172956553,366.5399538087,336.1317159834,331.9141795737,409.1863355892,405.049490119,470.6077595657,467.6997416168,534.2527583258,529.8118192536,300.3215370293,294.312173883,368.4502735074,363.3086478575,461.5867003163,455.9481862798,360.8843839148,354.6880985512,371.0339419841,365.7320435804,381.0520492974,377.3930310327,339.5340279221,335.069470992,204.2573415032,200.710694361,419.0114345371,416.9060507697,332.4372283301,329.5951860361,280.91103276,275.7180782014,714196.0,403950.0,223.0,442405.0,527756.0,780382.0,397193.0,1401329.0,1088266.0,989522.0,621015.0,840952.0,891478.0,528557.0,1490174.0,871545.0,427170.0,360287.0,340506.0,390560.0,380445.0,361581.0,604072.0,536504.0,1316722.0,409046.0,529471.0,358041.0,393584.0,1194258.0,412183.0,794476.0,764354.0,852437.0,553449.0,1459958.0,570420.0,426167.0,355941.0,379759.0,722504.0,429026.0,964022.0,550771.0,509026.0,602692.0,497005.0,1004920.0,794884.0,621434.0,845530.0,301767.0,484341.0,1147898.0,329000.0,422500.0,474450.0,300000.0,707500.0,550000.0,499450.0,494900.0,549500.0,425000.0,383526.0,749000.0,565000.0,289450.0,286750.0,270000.0,289750.0,298500.0,270263.0,419950.0,400748.0,716450.0,269900.0,377000.0,294700.0,295000.0,611500.0,339900.0,479900.0,584194.0,529000.0,387475.0,650000.0,398500.0,355635.0,267500.0,290000.0,539480.0,299450.0,542000.0,357000.0,374650.0,423450.0,349900.0,574950.0,495000.0,429950.0,622450.0,242450.0,377000.0,432500.0
2026-03-01,409100.0,413300.0,492800.0,318600.0,362400.0,609100.0,508400.0,320900.0,368300.0,619200.0,368567.1729016836,766254.9381173443,377287.6787839457,302810.39412027533,514814.2610751277,600406.2029239576,659950.2701030824,538472.5852443386,422644.7616014634,447281.82632717566,499184.5922858375,332204.7079836251,336795.21997205686,293116.19761881256,287939.8748508065,246813.2025978437,264478.4101545841,412294.7390542995,441.51,445.42,450.02,455.28,411.36,414.09,468.29,473.92,417.65,419.67,422.49,424.75,381.9,384.46,425.71,428.32,607.28,612.2,467.24,471.25,398700.0,510200.0,331.655,330.408,364.446879393,364.3119925904,342.692911239,342.1353906027,249.4940961798,247.8058284677,355.2763651218,352.5351289385,286.2993668326,283.8746815318,230.0434084277,227.9361634011,206.4294530062,204.263113848,292.3079099176,290.64383,312.8985433598,313.5446233375,200.1820077083,197.7698069509,301.3182175508,298.755436838,442.0162971772,443.8961177231,448.3038825293,445.5585607823,248.4284720425,246.1253808404,343.0175219423,341.0300920486,326.5781672751,325.2369227012,329.3352272069,329.0582321652,444.251910017,447.9963946261,359.4872350825,362.5939528188,386.6137999547,388.3981416452,369.7188501427,365.9429105239,335.847140834,335.8765797326,406.3601582793,408.7158675044,469.4514377564,470.9104804232,529.7456789994,532.7847788011,303.0625774981,299.511860828,368.386088695,365.0573660301,462.5928029865,458.9653134862,358.1087189138,361.5132709931,368.8939840735,372.063784245,381.1092070786,381.6668678497,339.606052122,337.8275223848,205.3298002966,203.2219226854,417.8649802478,419.0337406098,330.9375197515,328.7375082059,285.4517607885,285.6583039487,747438.0,416000.0,225.0,448804.0,530321.0,781762.0,404232.0,1430062.0,1073167.0,1044850.0,618583.0,864189.0,892505.0,537248.0,1485585.0,881851.0,1810350.0,366789.0,345407.0,397061.0,384063.0,367560.0,614251.0,552680.0,1338418.0,421186.0,546169.0,362343.0,397949.0,1189345.0,420077.0,801327.0,774532.0,863441.0,556814.0,1458621.0,581656.0,435031.0,365418.0,386084.0,726700.0,434888.0,981761.0,555505.0,518351.0,608626.0,508010.0,1000649.0,798381.0,637706.0,878204.0,315428.0,492361.0,1131663.0,333788.0,434950.0,475000.0,314600.0,734500.0,565000.0,507450.0,499450.0,553500.0,425000.0,389450.0,748250.0,575000.0,299450.0,292500.0,279000.0,295000.0,299400.0,275000.0,431450.0,416495.0,749700.0,274950.0,388461.0,299000.0,299900.0,622450.0,345000.0,485000.0,589361.0,544450.0,389908.0,674500.0,399948.0,359900.0,274250.0,295500.0,546500.0,299950.0,547500.0,359945.0,379325.0,426092.0,350497.0,575000.0,495000.0,449950.0,639450.0,249850.0,389700.0,444500.0
2026-04-01,417500.0,421900.0,499400.0,326900.0,366900.0,618400.0,510200.0,329600.0,373700.0,628900.0,368647.33296030416,764908.8187501096,376906.5935489106,302217.3888252369,517167.45054971456,597597.9254220836,659671.6826097388,535755.0345065295,421833.1216427634,446448.8401451979,497726.2253091344,332008.7395540842,336840.94426582474,293916.401983564,288268.0938105497,247348.9756068636,265121.3846847056,412593.7894295575,440.89,448.18,453.73,464.19,412.78,419.03,466.86,474.16,415.58,420.88,423.42,428.82,380.82,386.68,426.27,433.8,601.39,611.32,466.23,474.07,415700.0,498900.0,331.451,333.15,364.7243177005,368.0718619583,342.7322748985,345.6331446804,249.8239988734,250.4025681882,353.909246307,356.2033056702,286.2549666958,286.8005380598,231.4489237071,231.5317573588,206.7526224715,206.3281841206,291.3836228877,293.29469,311.5922345638,316.1921193328,201.2238791791,201.8188608923,299.5688860895,299.3177710151,442.2637551006,448.8508071791,447.6780527658,447.8756836115,248.5327080131,248.9996398484,343.66719877,343.9429854675,324.726981471,325.1085184336,328.5749373642,331.6849826892,442.971743071,451.5860297772,359.513616473,368.2049165135,384.9833481316,393.2328683176,369.5215715495,369.2851829497,336.717907907,340.1507193564,408.79184377,415.5623435469,468.4514065922,475.439484767,525.9224052908,531.0507491614,304.8900972275,303.7377092724,367.2683655731,366.1446180185,462.0759221456,462.2439317043,358.0648642189,367.6249932774,366.3948571704,377.0712763649,380.0684128161,384.7812813407,338.1188644039,338.7348639495,207.9959286518,207.5960041169,414.1211288227,417.9259225593,332.9715935627,330.7077537024,287.8356144216,291.1102971707,744912.0,425000.0,227.0,453977.0,541377.0,777837.0,412596.0,1428171.0,1029947.0,1043228.0,629956.0,861024.0,886852.0,549624.0,1467724.0,885385.0,1169155.0,375175.0,352102.0,410721.0,391925.0,369355.0,641335.0,579846.0,1350012.0,430169.0,554654.0,365744.0,407135.0,1170954.0,425980.0,813552.0,789989.0,862696.0,563300.0,1455408.0,597656.0,441255.0,373805.0,389010.0,731921.0,446480.0,1019377.0,569587.0,522169.0,625853.0,522011.0,961748.0,771720.0,656328.0,885942.0,317423.0,499570.0,1103064.0,339450.0,446500.0,478500.0,319700.0,749450.0,575000.0,534200.0,500000.0,550000.0,426000.0,396950.0,740000.0,584950.0,312423.0,299900.0,280633.0,300988.0,300000.0,275000.0,455000.0,432450.0,764500.0,284225.0,399000.0,299000.0,300000.0,637000.0,350000.0,489950.0,599000.0,554495.0,396625.0,688872.0,412450.0,365538.0,281950.0,299000.0,550000.0,317000.0,581975.0,365000.0,382200.0,429950.0,359950.0,575450.0,495000.0,465000.0,648500.0,253250.0,399000.0,464500.0
2026-05-01,431200.0,436400.0,534900.0,339600.0,373800.0,628600.0,547700.0,342900.0,381100.0,639500.0,368385.2913513133,763628.9453655131,376202.8096418013,301267.70067337906,519180.45321382425,594610.7440549823,659393.2095402757,533356.8763743973,420534.9876836641,445147.8362660744,496145.8194345473,331559.7763737811,336440.5480373135,294274.3566251251,288517.62294996955,247597.22432072248,265315.12726254115,412789.5222043525,442.29,452.42,455.69,467.22,415.18,424.92,469.29,479.54,420.55,429.53,424.51,432.52,380.0,390.34,427.23,438.12,606.72,619.51,464.97,472.55,414300.0,527600.0,331.689,335.584,366.1261367028,371.8465109705,343.5726140938,348.8914077776,249.8124667042,252.1001646495,355.6059905573,361.9869772629,285.5332554821,288.3946116286,232.5333797357,235.0698949679,206.4803203912,208.5487493489,291.6434551512,296.25656,310.6359228287,316.9514649892,201.5658922674,204.118705534,297.9493308892,300.178892842,443.648990182,451.5672236854,448.114721624,450.6307106187,248.3994440599,251.7490188558,346.3027294365,349.732054752,324.0810475169,326.5738676398,328.0193820956,333.3823246912,440.8056453007,450.7611040719,360.3493389889,371.2884407147,384.0646795398,395.021589879,368.771342709,371.7032518701,337.2034983116,342.6681071767,410.642946406,419.545169703,468.123572088,476.1774486857,524.5780125632,532.5302818669,309.3044158594,312.4531622123,367.0794674013,369.4881181454,461.6529375143,464.4473063296,358.0314107179,369.836100591,369.8837297076,383.2725262101,378.9901285891,385.8216701298,335.5201560045,337.222979613,209.3113324543,210.4921335635,410.028534621,415.0439083491,334.4382507871,333.6329439565,288.5578979597,293.0711610284,743622.0,429500.0,228.0,459323.0,547305.0,766887.0,415819.0,1431293.0,985118.0,1057981.0,632423.0,862782.0,879388.0,555328.0,1409475.0,915446.0,1049509.0,381719.0,360567.0,417536.0,401611.0,370975.0,664569.0,592748.0,1331800.0,444546.0,555885.0,369728.0,410899.0,1143554.0,435800.0,807130.0,810779.0,860982.0,572807.0,1418960.0,608657.0,442990.0,382729.0,393552.0,736687.0,455748.0,1056234.0,575280.0,523122.0,634468.0,526482.0,940238.0,750631.0,658466.0,909157.0,324137.0,504325.0,1096956.0,339900.0,450000.0,475000.0,321900.0,750000.0,575000.0,549000.0,499900.0,550000.0,425000.0,399000.0,739000.0,599000.0,319999.0,300000.0,285000.0,305000.0,312000.0,275000.0,468750.0,439900.0,770000.0,299900.0,399900.0,299000.0,309900.0,645000.0,355000.0,489000.0,599900.0,569000.0,399900.0,687000.0,419000.0,365000.0,289900.0,299108.0,559990.0,324999.0,599000.0,366533.0,382800.0,435000.0,365000.0,575000.0,494500.0,470000.0,650000.0,259000.0,399900.0,490000.0
2026-06-01,442800.0,448800.0,566000.0,350100.0,379200.0,629100.0,582700.0,353500.0,387100.0,642300.0,368141.6470358242,762587.1821411527,375488.430486235,300292.12129157124,521214.652099893,592542.7480486863,659317.3693075199,532086.2602191949,419200.8794764606,443749.29784049577,495278.695172339,331098.078875574,335734.43249352457,294863.02637469576,289017.80133223097,247760.33802222423,265432.3954996061,413128.5649252848,442.34,452.2,452.36,465.04,414.74,423.92,466.7,475.7,419.12,429.61,425.57,433.4,383.05,393.26,426.14,436.27,608.42,618.97,465.86,474.36,406400.0,495500.0,332.294,336.908,367.501950926,373.7493696356,344.4837594444,350.386258068,249.4252309739,252.6704334385,355.924793681,363.0812095986,285.4374806387,289.7047904369,233.3882333069,237.4108977663,207.5803315017,210.6283993272,291.4936881068,297.15857,311.0616826659,317.5719450776,201.4027773252,204.9059346358,296.5088115388,299.977782597,445.3736581601,453.2249960424,447.9179940383,452.1963579805,248.8426448119,253.5282006545,348.5763803864,353.2422586892,322.8744358679,326.1859084688,328.4510129598,334.2601835576,440.7106257561,450.3309102922,361.4078203306,370.8224150523,382.8254731384,393.1221448043,369.5677646191,374.3830961763,338.4790786764,343.9583238631,412.6519645307,421.0482512366,468.893061945,477.3908915728,527.5500899415,533.6034886843,310.9434519765,316.5287859101,368.2938188604,374.366004385,460.6158369643,466.5385050729,359.7969988685,370.378032336,370.2395228337,381.2787075464,378.4237618549,385.5716929581,334.0987394673,337.4038994226,209.8759020613,212.238391433,408.8867004776,414.1442236342,335.63360679,337.0980782533,287.4302892857,292.0032509593,741273.0,430000.0,228.0,455572.0,546689.0,748570.0,418110.0,1413759.0,1012990.0,1067638.0,623732.0,849244.0,864258.0,553649.0,1407223.0,948082.0,1009182.0,381983.0,365830.0,414929.0,405286.0,371342.0,670545.0,587584.0,1299735.0,453924.0,554192.0,369989.0,411881.0,1152447.0,431419.0,813814.0,801530.0,868728.0,587004.0,1430928.0,607879.0,435750.0,390234.0,392951.0,739969.0,455335.0,1079345.0,573505.0,520894.0,634661.0,524572.0,958733.0,752267.0,655292.0,906363.0,332117.0,511063.0,1152862.0,339950.0,450000.0,474950.0,323200.0,749450.0,577000.0,549900.0,499450.0,549950.0,423900.0,399598.0,739500.0,599900.0,329900.0,305000.0,289900.0,300000.0,314900.0,275000.0,469000.0,439000.0,759500.0,310575.0,399900.0,299900.0,310000.0,649950.0,350000.0,492500.0,608750.0,575000.0,406975.0,689000.0,419000.0,365000.0,297500.0,299900.0,565000.0,325000.0,599900.0,369000.0,383850.0,435598.0,365868.0,582450.0,499125.0,470000.0,650000.0,260000.0,399900.0,499000.0
2026-07-01,436400.0,442500.0,564400.0,345000.0,374100.0,620300.0,583500.0,348300.0,382700.0,632700.0,368249.9967201192,762864.6950806469,375277.340409715,299618.90532811946,523827.5858835438,591755.4277473675,660207.2778196674,531996.5945034776,418431.9081080816,442696.2474501896,495362.0388521853,330865.45948413835,335158.59015991766,296025.82503889524,289634.70293381804,248102.5868029863,265753.6958215369,413758.6160629443,443.52,451.6,453.94,464.03,420.97,430.32,467.34,474.6,416.89,423.6,427.27,432.76,383.39,392.02,427.86,437.16,603.46,613.32,468.62,474.34,392200.0,526400.0,333.235,337.306,368.9803523672,373.8616158777,345.5769319598,350.360937638,249.2750120297,252.6131630506,357.0777614408,362.8240099551,284.5924037044,288.4820997517,234.2677098195,238.6064431084,208.2144747722,212.6704406119,291.723154561,296.65414,311.4468313183,316.4692279679,,,295.9720574298,300.2250722033,446.0236151245,451.2487995959,449.8142025267,453.9706302034,249.2892351175,253.9521804447,350.8216102642,355.0856766511,323.5159813036,326.6812626538,328.4486941541,333.822095089,443.1387146575,449.7452239692,362.8726908362,368.5356880245,383.6564055325,391.3170427073,369.5193165438,374.0509584569,339.0781804684,343.0835298711,413.3671113838,419.6520498145,468.1062987934,472.675624544,529.3961074577,532.5919823693,312.7892931971,318.6542857276,371.3383176499,376.6978888019,462.2867178955,468.4096513758,362.074056109,368.3728155098,371.9452242395,378.2006793546,378.5650587521,384.4866627345,333.3087233934,336.1910836726,209.7786959264,212.8472535574,410.2979632949,414.398800828,334.8578782166,337.1252280025,284.3162643521,289.207884188,726071.0,428950.0,226.0,450888.0,545978.0,719423.0,417357.0,1400186.0,1030156.0,1043179.0,624701.0,820070.0,842121.0,550602.0,1424363.0,971304.0,723505.0,378561.0,364274.0,407167.0,399536.0,369134.0,669265.0,576238.0,1282336.0,453236.0,535852.0,364968.0,409352.0,1163091.0,430367.0,811442.0,787627.0,857428.0,588001.0,1375551.0,602445.0,449098.0,388040.0,392872.0,741606.0,446586.0,1094386.0,573189.0,523346.0,633077.0,519756.0,1000727.0,763057.0,644322.0,894691.0,342480.0,507861.0,1205087.0,338900.0,449000.0,467000.0,320950.0,744750.0,575000.0,549450.0,494998.0,544500.0,419000.0,399000.0,740000.0,602700.0,327000.0,299999.0,285000.0,298973.0,312825.0,275000.0,462200.0,429995.0,749450.0,310000.0,394900.0,298450.0,309900.0,647000.0,349000.0,489949.0,599450.0,575000.0,405763.0,664500.0,415000.0,371383.0,294950.0,299000.0,569250.0,321350.0,609900.0,365950.0,378350.0,435000.0,365000.0,584923.0,504500.0,469450.0,649950.0,260000.0,399900.0,501225.0
2026-08-01,429100.0,434800.0,556900.0,340400.0,366500.0,619100.0,578000.0,343800.0,373900.0,629400.0,368696.6847491317,764158.2367870625,375470.4484970999,299366.9457929497,526713.7765995736,591878.6620640267,661896.4844781387,532747.9592376543,417990.2509531535,442027.32834881713,496112.80241288384,330817.10729421343,334773.44614226854,297573.2122883277,290401.4638553304,248803.34648632727,266292.4907759494,414662.08112173824,,,,,,,,,,,,,,,,,,,,,393700.0,478700.0,,,,,,,,,,,,,,,,,,,,,,,,,,,,,,,,,,,,,,,,,,,,,,,,,,,,,,,,,,,,,,,,,,,,,,,,,,,702444.0,424500.0,224.0,445096.0,539286.0,696035.0,416629.0,1368669.0,1012060.0,982680.0,619849.0,772446.0,826945.0,543999.0,1421387.0,969676.0,457507.0,373422.0,361002.0,405537.0,398063.0,364688.0,664355.0,560476.0,1233818.0,440795.0,526583.0,362455.0,407576.0,1156180.0,490885.0,807059.0,785952.0,833097.0,588317.0,1272348.0,593663.0,443229.0,379865.0,390453.0,732459.0,433478.0,1064570.0,558522.0,521579.0,632783.0,511305.0,995484.0,763828.0,629520.0,884802.0,328839.0,502311.0,1210771.0,330900.0,445000.0,459990.0,320000.0,730000.0,568900.0,530000.0,484900.0,524000.0,414900.0,394000.0,736000.0,599000.0,329000.0,299900.0,285000.0,295000.0,310000.0,275000.0,450000.0,425000.0,725000.0,300000.0,388000.0,295000.0,305000.0,649000.0,340000.0,489000.0,599000.0,565000.0,404970.0,615000.0,409220.0,372500.0,289000.0,299000.0,565000.0,315000.0,589900.0,360000.0,375000.0,434700.0,359990.0,579000.0,517500.0,457000.0,649000.0,259900.0,398950.0,499000.0
2026-09-01,,,,,,,,,,,,,,,,,,,,,,,,,,,,,,,,,,,,,,,,,,,,,,,,,,,,,,,,,,,,,,,,,,,,,,,,,,,,,,,,,,,,,,,,,,,,,,,,,,,,,,,,,,,,,,,,,,,,,,,,,,,,,696245.0,419250.0,223.0,438252.0,530724.0,707589.0,412002.0,1355362.0,1005919.0,966140.0,621975.0,816646.0,824606.0,536241.0,1389599.0,949312.0,455227.0,371738.0,358806.0,406520.0,394039.0,360593.0,652821.0,559763.0,1211325.0,436312.0,520357.0,361575.0,403913.0,1135603.0,421846.0,794749.0,789268.0,823859.0,579976.0,1251101.0,588804.0,435626.0,376728.0,389299.0,720628.0,429764.0,1016657.0,560409.0,505891.0,628710.0,507029.0,987264.0,760235.0,626758.0,873932.0,329344.0,496048.0,1204600.0,325000.0,435000.0,459900.0,318743.0,725000.0,564000.0,522500.0,484998.0,527500.0,409950.0,389750.0,732450.0,593000.0,324950.0,299000.0,284900.0,296000.0,307775.0,270000.0,450000.0,425000.0,714250.0,299900.0,379900.0,292250.0,300000.0,635000.0,335000.0,480000.0,590000.0,559500.0,399475.0,605000.0,400000.0,370700.0,284000.0,296643.0,550000.0,309000.0,569900.0,359945.0,375000.0,429450.0,355765.0,579000.0,499450.0,455953.0,639475.0,259997.0,389900.0,496500.0
