date,total_jobs,new_jobs,accounting,administrative_assistance,architecture,arts_entertainment,banking_finance,beauty_wellness,childcare,civil_engineering,cleaning_sanitation,construction,community_social_service,customer_service,dental,driving,education_instruction,electrical_engineering,food_preparation_service,hospitality_tourism,human_resources,information_design_documentation,industrial_engineering,installation_maintenance,insurance,it_operations_helpdesk,legal,logistic_support,loading_stocking,management,marketing,mathematics,media_communications,medical_information,medical_technician,nursing,personal_care_home_health,pharmacy,physicians_surgeons,production_manufacturing,project_management,retail,sales,scientific_research_development,security_public_safety,software_development,sports,therapy,veterinary
2020-02-01,100.0,100.0,100.0,100.0,100.0,100.0,100.0,100.0,100.0,100.0,100.0,100.0,100.0,100.0,100.0,100.0,100.0,100.0,100.0,100.0,100.0,100.0,100.0,100.0,100.0,100.0,100.0,100.0,100.0,100.0,100.0,100.0,100.0,100.0,100.0,100.0,100.0,100.0,100.0,100.0,100.0,100.0,100.0,100.0,100.0,100.0,100.0,100.0,100.0
2020-02-02,100.03,100.29,100.3,99.94,100.02,99.86,99.92,100.11,99.56,99.91,99.97,99.74,100.15,100.06,100.17,99.52,100.15,99.93,99.96,99.99,99.72,99.68,99.99,100.06,100.25,99.83,99.97,99.89,99.91,100.25,99.97,99.93,99.96,100.05,100.09,99.82,100.08,99.96,100.13,99.92,100.01,99.67,99.84,100.0,100.04,99.84,99.96,100.04,99.95
2020-02-03,100.05,100.6,100.56,100.03,100.12,99.73,99.86,100.34,99.1,99.97,99.96,99.57,100.28,100.2,100.41,99.22,100.19,99.89,99.92,99.91,99.68,99.57,99.94,100.19,100.56,99.69,99.96,99.78,99.82,100.46,99.99,99.79,99.99,100.11,100.24,99.72,100.19,96.48,100.23,99.87,100.03,99.12,99.71,99.95,100.05,99.73,99.75,99.99,100.03
2020-02-04,100.09,100.39,100.57,100.01,100.16,99.45,99.64,100.16,99.01,99.86,99.84,99.32,100.32,100.25,100.66,99.19,100.34,99.81,99.79,100.09,99.67,99.37,99.83,100.33,100.85,99.46,99.98,99.56,99.81,100.62,99.99,99.69,99.67,100.14,100.37,99.62,100.38,96.2,100.14,99.81,99.99,99.02,99.6,99.93,100.05,99.55,99.54,99.71,100.0
2020-02-05,100.16,100.39,100.57,100.03,100.24,99.36,99.59,99.54,99.05,99.89,99.74,99.31,100.38,100.36,100.88,98.9,100.5,99.73,99.72,100.47,99.71,99.28,99.82,100.49,101.29,99.34,99.85,99.54,99.85,100.94,100.03,99.64,99.68,100.18,100.37,99.56,100.57,96.01,100.19,99.83,99.98,98.87,99.53,99.89,100.07,99.46,99.76,99.49,100.36
2020-02-06,100.3,100.43,100.7,100.11,100.4,99.26,99.57,99.59,99.15,99.98,99.68,99.26,100.46,100.6,101.01,98.78,100.64,99.69,99.71,100.64,99.8,99.22,99.85,100.68,101.45,99.28,99.76,99.49,99.94,101.35,100.09,99.6,99.88,100.25,100.43,99.59,100.62,95.94,100.3,99.91,100.03,98.71,99.49,99.93,100.09,99.46,99.88,99.58,101.14
2020-02-07,100.19,99.86,100.69,100.18,100.38,99.21,99.57,99.72,99.2,100.01,99.59,99.19,100.52,100.54,101.07,97.81,100.73,99.67,99.67,100.38,99.87,99.15,99.87,100.56,101.66,99.17,99.67,99.29,99.94,100.82,100.13,99.59,100.04,100.29,100.42,99.55,100.84,95.9,100.37,99.99,100.04,97.88,99.2,100.01,100.04,99.44,99.9,99.62,101.68
2020-02-08,100.23,100.19,101.28,100.31,100.36,99.15,99.67,99.57,99.15,99.99,99.44,99.05,100.55,100.6,101.08,97.5,100.73,99.71,99.74,100.25,99.98,99.15,99.96,100.54,101.83,99.1,99.63,99.31,99.94,100.88,100.17,99.69,100.2,100.35,100.34,99.46,101.02,95.96,100.33,100.02,100.06,97.84,99.18,99.98,100.08,99.51,99.94,99.58,101.75
2020-02-09,100.21,100.5,101.22,100.39,100.32,99.1,99.57,99.41,99.01,100.09,99.27,98.88,100.47,100.51,100.82,97.32,100.67,99.74,99.62,100.0,100.07,99.1,100.06,100.44,101.95,99.01,99.58,99.19,99.89,100.87,100.19,99.75,100.48,100.37,100.26,99.44,101.24,95.9,100.33,100.02,100.0,97.7,99.22,99.94,100.03,99.54,100.06,99.52,101.85
2020-02-10,100.28,101.04,101.25,100.49,100.25,99.08,100.15,99.24,98.82,100.04,99.05,98.68,100.44,100.42,100.63,97.18,100.64,99.78,99.51,99.93,100.23,99.09,100.18,100.39,102.12,98.96,99.55,98.73,99.86,101.01,100.33,99.94,100.81,100.4,100.2,99.44,101.54,99.27,100.34,100.0,100.02,97.76,99.26,99.91,100.02,99.61,100.22,99.51,102.05
2020-02-11,100.33,101.8,101.49,100.63,100.34,99.22,100.75,99.07,98.74,100.05,98.99,98.48,100.43,100.44,100.38,97.13,100.54,99.85,99.42,99.78,100.33,99.02,100.26,100.32,102.12,98.84,99.45,98.38,99.75,101.15,100.45,100.08,101.46,100.41,100.11,99.45,101.82,99.43,100.43,100.0,99.98,97.53,99.28,99.85,99.97,99.65,100.3,99.55,102.32
2020-02-12,100.38,102.67,101.68,100.65,100.4,99.27,101.48,99.02,98.75,100.1,98.9,98.3,100.43,100.46,100.14,97.31,100.47,99.92,99.35,99.67,100.38,98.85,100.32,100.26,102.24,98.7,99.44,97.97,99.7,101.18,100.56,100.15,101.76,100.65,100.15,99.54,102.01,99.67,100.39,100.01,99.87,97.29,99.3,99.8,99.93,99.66,100.05,99.52,102.14
2020-02-13,100.4,103.44,101.72,100.65,100.49,99.35,102.05,98.98,98.77,100.13,98.82,98.18,100.35,100.47,99.92,97.43,100.46,99.92,99.35,99.63,100.4,98.7,100.36,100.18,102.29,98.6,99.49,97.58,99.65,101.22,100.68,100.19,101.91,100.84,100.05,99.49,102.31,99.84,100.2,100.04,99.81,97.18,99.26,99.7,99.95,99.62,99.97,99.23,102.0
2020-02-14,100.55,104.63,101.89,100.72,100.68,99.31,102.64,98.95,98.79,100.18,98.78,98.12,100.24,100.45,99.75,98.86,100.45,99.91,99.33,99.62,100.42,98.56,100.33,100.11,102.35,98.5,99.53,97.32,99.61,101.71,100.77,100.19,102.2,101.09,100.05,99.57,102.34,100.08,100.03,100.07,99.77,97.56,99.46,99.77,100.01,99.63,99.83,98.97,101.95
2020-02-15,100.38,104.51,101.59,100.56,100.86,99.22,103.09,98.96,98.85,100.13,98.69,98.01,100.13,100.09,99.71,98.97,100.42,99.87,99.14,99.6,100.33,98.36,100.3,99.64,102.29,98.45,99.49,96.9,99.43,100.99,100.82,100.0,102.29,101.23,100.01,99.56,102.41,100.31,99.95,100.09,99.72,97.52,99.33,99.69,99.98,99.6,99.7,98.72,102.45
2020-02-16,100.33,104.55,101.68,100.56,101.16,99.38,103.83,98.88,98.92,100.23,98.67,98.08,100.11,99.84,99.76,99.17,100.48,99.98,99.08,99.63,100.37,98.32,100.39,99.31,102.28,98.54,99.56,96.56,99.41,100.41,100.99,100.07,102.56,101.43,100.05,99.61,102.56,100.69,99.89,100.21,99.82,97.6,99.24,99.84,100.04,99.69,99.55,98.48,102.91
2020-02-17,100.21,104.55,101.66,100.59,101.5,99.57,103.91,98.96,98.97,100.47,98.63,98.09,100.05,99.54,99.73,99.29,100.56,100.04,99.01,99.58,100.35,98.24,100.43,98.91,102.16,98.63,99.56,96.49,99.4,99.68,101.0,100.13,102.89,101.65,100.12,99.67,102.61,100.99,99.78,100.32,99.87,97.85,99.09,99.99,100.04,99.71,99.47,98.23,103.3
2020-02-18,100.05,104.05,101.59,100.52,101.66,99.49,103.86,99.08,98.91,100.58,98.61,98.26,100.13,99.2,99.68,99.41,100.58,99.96,98.93,99.43,100.3,98.17,100.41,98.59,102.21,98.68,99.51,96.52,99.3,98.82,100.94,100.09,102.52,101.97,100.12,99.73,102.66,101.27,99.9,100.31,99.83,97.96,98.93,100.13,100.31,99.69,99.42,98.0,103.7
2020-02-19,99.9,103.24,101.58,100.51,101.75,99.51,103.81,99.09,98.84,100.52,98.62,98.4,100.05,98.89,99.64,99.49,100.48,99.93,98.86,99.22,100.2,98.13,100.31,98.18,102.2,98.72,99.46,96.53,99.26,98.03,100.93,100.06,102.21,101.95,100.19,99.76,102.86,101.45,99.99,100.32,99.87,98.24,98.78,100.29,100.36,99.68,99.36,97.91,104.24
2020-02-20,99.77,102.65,101.32,100.37,101.8,99.47,103.83,99.09,98.83,100.32,98.62,98.52,100.07,98.59,99.57,99.5,100.37,99.95,98.75,99.13,100.2,98.17,100.29,97.86,102.25,98.82,99.44,96.54,99.24,97.2,100.86,100.06,101.92,101.9,100.2,99.84,103.0,101.71,100.16,100.37,99.96,98.41,98.82,100.4,100.44,99.73,99.34,97.79,104.27
2020-02-21,99.67,102.63,100.99,100.25,101.77,99.45,103.81,99.63,98.89,100.11,98.56,98.68,100.16,98.31,99.48,99.71,100.29,99.94,98.5,99.14,100.22,98.18,100.3,97.57,102.31,98.9,99.44,96.48,99.13,96.48,100.92,100.01,101.35,101.92,100.26,99.81,103.11,101.92,100.32,100.41,100.02,98.86,98.86,100.46,100.55,99.74,99.32,97.65,104.35
2020-02-22,99.64,102.62,100.72,100.16,101.65,99.21,103.63,100.17,98.96,100.02,98.54,98.89,100.12,98.25,99.33,100.0,100.2,99.87,98.28,99.04,100.03,98.08,100.12,97.59,102.25,98.55,99.24,96.28,98.98,96.41,100.8,99.95,100.74,101.93,100.34,99.88,103.16,101.88,100.36,100.29,99.95,98.9,98.83,100.47,100.59,99.59,99.29,97.54,103.93
2020-02-23,99.62,102.42,100.37,100.04,101.58,99.0,103.66,100.71,98.98,99.92,98.51,99.03,100.08,98.23,99.31,100.28,100.12,99.84,98.02,99.01,99.95,98.06,100.05,97.64,102.44,98.24,99.15,96.25,98.98,96.42,100.82,99.93,100.56,101.95,100.39,99.96,103.14,101.32,100.45,100.29,100.0,99.07,98.95,100.56,100.55,99.59,99.44,97.53,103.52
2020-02-24,99.62,101.93,100.33,99.98,101.44,98.69,103.71,101.17,99.07,99.69,98.51,99.18,100.06,98.29,99.31,99.89,100.06,99.8,97.78,99.05,99.87,98.03,99.91,97.65,102.65,97.82,99.04,96.26,98.92,96.48,100.81,99.83,100.26,101.97,100.41,99.98,103.16,101.27,100.55,100.22,100.06,99.09,99.02,100.57,100.59,99.54,99.49,97.45,103.06
2020-02-25,99.71,102.39,100.11,100.02,101.38,98.64,103.96,101.72,99.19,99.6,98.54,99.21,99.97,98.37,99.34,100.32,100.13,99.87,97.59,99.11,99.85,98.13,99.99,97.6,102.87,97.58,99.09,96.12,99.0,96.71,100.95,99.92,100.57,102.03,100.54,100.05,103.12,101.25,100.64,100.26,100.27,99.19,99.2,100.7,100.36,99.63,99.52,97.33,102.74
2020-02-26,99.76,102.91,100.38,100.15,101.25,98.44,104.09,102.38,99.25,99.59,98.72,99.32,100.09,98.3,99.51,100.24,100.18,99.84,97.53,99.12,99.87,98.18,100.08,97.65,103.05,97.32,99.2,96.0,98.88,96.98,100.97,99.99,100.88,102.19,100.61,100.15,103.15,101.22,100.66,100.35,100.4,99.11,99.33,100.79,100.31,99.65,99.5,97.36,102.43
2020-02-27,99.79,103.19,101.01,100.4,101.06,98.3,104.29,102.8,99.3,99.5,98.86,99.44,100.08,98.2,99.72,100.41,100.17,99.77,97.47,98.9,99.81,98.2,100.03,97.49,103.38,97.0,99.19,95.78,98.83,97.2,101.06,100.12,101.21,102.41,100.76,100.28,103.21,101.01,100.68,100.3,100.44,99.09,99.34,100.96,100.19,99.65,99.48,97.24,102.19
2020-02-28,99.83,103.03,101.69,100.61,100.9,98.16,104.46,102.72,99.29,99.46,99.07,99.53,100.07,98.19,100.03,100.57,100.24,99.73,97.6,98.83,99.71,98.22,100.06,97.42,103.32,96.7,99.15,95.74,98.92,97.32,101.05,100.28,101.62,102.55,100.82,100.48,103.4,100.81,100.63,100.3,100.54,98.98,99.4,101.11,100.11,99.71,99.46,97.35,101.87
2020-02-29,99.93,103.6,102.48,101.0,100.78,98.32,104.97,102.73,99.22,99.62,99.26,99.63,100.16,98.4,100.37,100.74,100.35,99.76,97.75,98.94,99.89,98.43,100.27,97.49,103.54,96.8,99.33,96.01,99.14,97.39,101.23,100.53,102.27,102.91,101.06,100.81,103.57,100.8,100.85,100.46,100.76,99.01,99.65,101.51,100.21,99.97,99.42,97.3,101.96
2020-03-01,99.95,104.08,103.27,100.87,100.67,98.37,105.21,102.9,99.2,99.77,99.46,99.75,100.29,98.52,100.67,100.65,100.43,99.69,97.86,98.85,99.93,98.55,100.31,97.51,103.62,96.81,99.36,96.12,99.18,97.38,101.27,100.65,102.4,103.23,101.28,101.12,103.73,101.24,101.03,100.47,100.87,98.76,99.76,101.77,100.25,100.1,99.26,97.27,102.07
2020-03-02,100.0,104.46,103.75,100.59,100.63,98.47,105.49,102.97,99.1,99.81,99.75,99.86,100.36,98.58,100.82,101.19,100.34,99.63,98.08,98.62,99.94,98.71,100.46,97.5,103.69,96.96,99.47,96.14,99.29,97.48,101.33,100.84,102.43,103.49,101.46,101.37,103.97,101.27,101.05,100.54,100.96,98.61,99.9,102.03,100.24,100.29,99.17,97.13,102.08
2020-03-03,99.98,104.04,104.4,100.29,100.6,98.45,105.8,103.01,99.18,99.81,99.9,99.97,100.34,98.62,100.83,101.2,100.15,99.55,98.15,98.54,99.89,98.78,100.46,97.45,103.81,97.1,99.55,96.12,99.31,97.34,101.33,100.91,102.54,103.61,101.42,101.54,104.15,101.25,101.01,100.55,100.98,98.46,99.94,102.28,100.21,100.42,99.12,96.71,101.86
2020-03-04,99.93,103.58,104.47,99.82,100.63,98.47,105.92,102.39,99.29,99.78,99.79,100.1,100.39,98.72,100.65,101.63,100.04,99.46,97.96,98.38,99.8,98.82,100.42,97.34,103.86,97.21,99.51,96.06,99.45,97.19,101.29,100.92,102.48,103.58,101.4,101.55,103.81,101.17,101.0,100.55,100.95,98.26,99.96,102.48,100.2,100.56,99.23,96.41,101.65
2020-03-05,99.89,103.05,104.39,99.5,100.7,98.53,106.19,102.02,99.07,99.88,99.8,100.33,100.46,98.82,100.43,101.64,99.92,99.35,97.75,98.3,99.73,98.8,100.39,97.36,103.79,97.3,99.51,96.08,99.46,97.05,101.24,100.8,102.39,103.49,101.41,101.48,103.56,101.19,101.03,100.57,100.96,98.08,99.88,102.58,100.21,100.63,99.17,96.37,101.45
2020-03-06,99.86,102.5,104.35,99.14,100.8,98.61,106.55,102.35,98.82,99.98,99.78,100.41,100.44,98.74,100.03,101.66,99.69,99.28,97.52,97.9,99.64,98.85,100.38,97.3,104.19,97.46,99.53,95.95,99.44,96.8,101.11,100.83,102.33,103.41,101.42,101.36,103.27,101.26,101.23,100.6,100.92,97.86,99.83,102.74,100.16,100.76,99.15,95.96,101.35
2020-03-07,99.65,100.65,104.25,98.7,100.94,98.58,106.84,101.79,98.65,99.97,99.78,100.5,100.5,98.49,99.68,100.38,99.45,99.2,97.27,97.56,99.58,98.79,100.27,97.2,104.51,97.63,99.57,95.78,99.41,96.14,101.05,100.81,102.23,103.22,101.31,101.13,103.04,101.16,101.18,100.55,100.85,97.21,99.44,102.73,99.93,100.78,99.16,95.71,101.34
2020-03-08,99.56,99.48,104.04,98.68,101.0,98.45,106.98,101.16,98.49,99.87,99.73,100.53,100.51,98.33,99.18,100.19,99.15,99.05,97.08,97.37,99.47,98.61,100.09,97.03,104.64,97.74,99.5,95.52,99.38,95.96,100.92,100.72,102.1,103.01,101.22,100.86,102.75,101.22,101.01,100.42,100.68,97.12,99.22,102.68,99.85,100.69,99.17,95.45,101.31
2020-03-09,99.35,98.7,103.71,98.61,100.9,98.25,107.06,100.58,98.3,99.75,99.45,100.53,100.43,98.09,98.25,99.74,98.92,98.81,96.64,97.05,99.32,98.32,99.7,96.75,104.61,97.63,99.37,95.27,99.08,95.72,100.75,100.51,101.97,102.66,101.06,100.53,102.18,101.17,101.29,100.24,100.45,96.8,98.98,102.6,99.62,100.52,99.16,95.25,101.29
2020-03-10,99.25,98.28,103.36,98.64,100.79,98.25,107.22,100.14,98.1,99.67,99.14,100.44,100.39,97.9,97.45,98.82,98.92,98.76,96.39,96.71,99.3,98.07,99.58,96.61,104.57,97.59,99.25,95.05,99.13,95.67,100.67,100.39,101.75,102.34,101.07,100.16,101.92,101.06,101.55,100.27,100.42,96.68,98.87,102.6,99.41,100.47,99.13,95.43,101.37
2020-03-11,99.16,98.0,103.05,98.67,100.61,98.17,107.44,100.08,97.81,99.61,98.88,100.31,100.27,97.74,97.29,97.96,99.0,98.68,96.16,96.92,99.34,97.84,99.5,96.46,104.52,97.5,99.08,94.79,99.16,95.54,100.49,100.24,101.59,102.21,101.06,99.91,102.03,100.91,101.88,100.25,100.47,96.39,98.74,102.52,99.26,100.38,99.16,95.47,101.29
2020-03-12,99.03,97.86,102.05,98.59,100.49,98.02,107.41,99.98,97.82,99.59,98.4,100.12,100.22,97.62,97.14,97.22,99.1,98.7,95.88,96.81,99.36,97.65,99.5,96.32,104.43,97.46,98.9,94.59,99.2,95.44,100.34,100.1,101.32,102.1,101.0,99.69,102.31,100.9,102.17,100.24,100.55,96.03,98.7,102.45,99.03,100.37,99.31,95.48,101.21
2020-03-13,98.8,97.29,100.96,98.46,100.32,97.8,107.08,99.08,97.84,99.65,97.95,100.03,100.21,97.57,96.8,95.58,99.26,98.61,95.33,96.81,99.35,97.37,99.4,96.09,104.13,97.25,98.71,94.45,99.15,95.41,100.21,99.84,100.96,102.01,101.04,99.55,102.59,100.97,102.46,100.12,100.55,95.65,98.59,102.31,98.82,100.24,99.45,95.68,101.03
2020-03-14,98.69,97.4,99.88,98.21,100.18,97.61,106.76,98.96,97.65,99.79,97.38,99.96,100.12,97.8,96.3,95.43,99.39,98.52,94.69,96.27,99.25,97.22,99.42,95.73,103.82,97.05,98.44,94.21,99.02,95.8,100.0,99.68,100.57,101.89,101.05,99.4,102.91,101.11,103.08,100.03,100.62,95.74,98.64,102.3,98.53,100.22,99.26,95.75,100.68
2020-03-15,98.39,96.15,98.68,97.93,99.86,97.34,106.43,98.8,97.48,99.68,96.7,99.8,99.84,97.84,95.87,95.02,99.36,98.39,93.99,95.64,99.1,97.04,99.38,95.33,103.39,96.88,98.17,93.82,98.84,95.6,99.7,99.46,100.0,101.7,100.78,99.04,103.31,101.12,103.62,99.93,100.6,95.31,98.39,102.1,98.17,100.19,99.02,94.84,100.3
2020-03-16,98.26,95.05,97.72,97.76,99.64,97.14,106.21,98.54,97.24,99.72,96.07,99.67,99.86,98.09,95.86,94.87,99.51,98.36,93.51,95.1,99.07,96.99,99.56,95.13,103.12,96.82,97.93,93.57,98.8,95.38,99.48,99.35,99.53,101.75,100.85,99.03,103.91,101.19,103.9,99.92,100.69,95.05,98.29,102.04,97.99,100.27,98.78,94.76,99.93
2020-03-17,97.74,92.18,96.59,97.24,99.18,96.63,105.77,97.91,96.54,99.62,95.14,99.4,99.47,97.79,95.7,94.71,99.16,98.1,92.51,94.08,98.68,96.82,99.41,94.57,102.63,96.49,97.4,93.06,98.1,95.12,98.91,99.02,98.64,101.7,100.54,98.91,103.39,101.27,104.01,99.5,100.49,94.48,97.97,101.68,97.54,100.12,98.32,93.68,99.32
2020-03-18,97.02,88.16,95.26,96.33,98.67,95.94,105.27,97.26,95.41,99.38,93.91,98.75,98.89,96.84,94.46,94.38,98.54,97.74,91.18,90.66,97.94,96.59,99.13,93.85,102.21,96.06,96.78,92.42,97.05,94.78,98.19,98.66,97.39,101.63,100.17,98.86,102.94,101.62,104.12,98.82,100.14,94.28,97.52,101.34,96.83,99.96,97.31,92.38,98.83
2020-03-19,96.14,83.45,94.3,95.07,97.88,95.03,104.65,96.47,93.84,98.99,92.55,97.68,98.03,95.74,92.92,93.9,97.7,97.22,89.56,86.16,96.81,96.19,98.74,92.89,101.51,95.5,95.85,91.51,95.73,94.32,96.86,98.09,95.96,101.47,99.69,98.81,102.23,101.9,104.2,97.89,99.62,94.27,96.83,100.88,96.1,99.68,95.85,90.94,98.07
2020-03-20,95.08,78.45,93.07,93.58,96.75,93.41,104.13,95.56,91.74,98.28,90.59,96.15,96.96,94.16,91.34,93.8,96.77,96.51,87.76,81.06,95.38,95.62,98.29,91.71,100.58,94.88,94.52,90.29,94.0,93.76,95.17,97.39,94.22,100.9,98.85,98.62,101.38,102.09,104.06,96.75,99.01,94.06,95.79,100.36,95.01,99.32,94.22,89.11,97.14
2020-03-21,93.64,73.58,91.28,91.7,95.19,91.48,103.14,94.18,89.35,97.08,88.37,94.19,95.53,91.49,88.92,92.4,95.65,95.41,85.69,75.96,93.5,94.55,97.51,90.27,99.24,94.05,92.81,88.66,92.02,92.83,93.02,96.19,92.03,99.84,97.77,98.26,100.42,102.22,103.6,95.3,98.02,93.6,94.41,99.42,93.75,98.72,92.65,86.96,96.27
2020-03-22,92.37,69.58,89.75,89.87,93.76,89.78,102.34,92.7,86.76,96.16,86.19,92.28,94.28,89.45,86.4,92.14,94.64,94.46,83.65,70.68,91.69,93.67,96.87,88.87,98.14,93.26,91.26,87.11,89.86,91.99,90.92,95.27,90.12,98.86,97.05,98.27,99.5,102.37,103.21,93.94,97.16,93.22,93.15,98.79,92.43,98.21,91.07,85.68,95.38
2020-03-23,90.86,64.91,88.07,87.85,92.21,87.96,101.36,90.92,84.06,95.25,83.92,90.25,92.74,87.16,83.9,90.01,93.52,93.43,81.42,65.4,89.76,92.66,96.07,87.39,97.07,92.38,89.57,85.39,88.02,91.06,88.73,94.22,88.09,97.78,96.02,97.97,98.45,102.51,102.77,92.45,96.13,92.86,91.75,98.07,91.08,97.53,89.48,83.49,94.45
2020-03-24,89.54,62.39,86.53,85.83,90.84,86.31,99.66,89.25,81.27,94.45,81.82,88.51,91.62,85.08,81.36,87.92,92.48,92.49,79.43,60.44,87.86,91.6,95.37,85.99,95.88,91.75,88.01,83.79,86.12,90.12,86.52,93.24,86.59,96.55,95.14,97.75,98.34,102.69,102.46,90.94,95.24,92.51,90.25,97.36,90.07,97.03,88.06,82.14,93.65
2020-03-25,88.15,60.53,84.8,83.87,89.1,84.49,97.63,87.51,78.56,93.49,79.69,86.7,90.51,83.4,78.77,85.61,91.39,91.37,77.6,57.12,85.89,90.29,94.36,84.46,94.23,90.98,86.17,82.05,84.37,89.01,84.22,92.04,85.12,94.98,94.1,97.26,98.07,102.65,102.04,89.4,94.04,91.82,88.61,96.53,89.03,96.35,86.89,80.74,92.55
2020-03-26,86.73,59.14,83.09,81.92,87.34,83.24,95.26,85.62,75.77,92.38,77.8,85.14,89.47,81.82,76.27,83.48,90.19,90.27,75.77,55.03,84.02,88.83,93.23,82.93,92.64,90.09,84.3,80.12,82.71,87.8,82.11,90.69,83.5,92.85,92.95,96.69,97.87,102.5,101.46,87.94,92.68,90.69,86.98,95.46,88.07,95.36,85.89,79.3,91.55
2020-03-27,85.18,57.64,81.07,79.84,85.25,82.06,92.32,83.46,73.21,90.88,76.25,83.4,88.19,80.47,73.15,81.55,88.64,88.78,74.05,53.25,81.91,87.12,91.73,81.28,90.69,88.8,82.39,78.07,81.2,86.52,79.79,89.03,81.71,90.37,91.72,95.98,97.49,102.08,100.76,86.45,90.86,89.43,85.26,94.09,87.1,93.94,84.81,77.63,90.07
2020-03-28,83.95,55.89,79.48,78.05,83.42,81.1,89.7,81.64,70.93,89.72,74.85,81.9,87.16,79.68,70.83,80.79,87.23,87.74,72.66,51.81,80.09,85.68,90.45,79.88,89.03,87.59,80.7,76.4,79.9,85.64,77.76,87.68,80.13,88.04,90.3,95.2,96.81,101.64,100.22,85.21,89.27,88.48,83.74,92.94,86.42,92.59,83.83,76.18,88.44
2020-03-29,82.54,54.01,77.6,76.23,81.41,79.93,86.95,79.97,68.7,88.26,73.5,80.36,86.1,78.39,68.59,78.19,85.78,86.5,71.2,50.46,78.14,84.07,89.01,78.44,87.21,86.26,78.9,74.77,78.76,84.68,75.66,86.05,78.3,85.67,88.8,94.3,96.03,101.17,99.73,83.87,87.52,87.43,82.08,91.59,85.77,91.11,82.83,74.79,86.09
2020-03-30,81.33,52.59,75.8,74.57,79.54,78.82,84.22,78.61,66.71,86.75,72.22,78.93,85.16,77.22,66.36,77.07,84.29,85.36,69.86,49.16,76.27,82.53,87.62,76.99,85.37,85.02,77.24,73.28,77.29,83.78,73.65,84.52,76.56,83.24,87.29,93.44,95.25,100.69,99.21,82.63,85.9,86.22,80.41,90.24,85.06,89.73,81.87,73.5,83.8
2020-03-31,80.07,50.54,73.85,73.07,77.56,76.91,82.13,77.48,64.9,85.14,71.04,77.28,84.18,76.16,64.16,75.68,82.87,84.13,68.62,47.89,74.0,81.0,86.28,75.58,83.57,83.61,75.51,71.73,76.09,82.84,71.63,82.94,74.42,80.81,85.87,92.65,94.64,100.23,98.57,81.54,84.14,85.13,78.72,88.86,83.94,88.23,81.24,72.26,81.48
2020-04-01,78.86,48.29,72.03,71.59,75.7,75.17,80.2,76.43,63.19,83.37,70.01,75.71,82.94,75.14,62.44,76.35,81.32,82.98,67.43,46.74,71.75,79.62,85.22,74.22,81.92,82.28,73.86,70.24,74.66,81.98,69.61,81.46,72.37,78.52,84.48,91.93,93.85,96.16,97.96,80.62,82.6,83.69,77.1,87.54,82.54,86.79,80.55,71.0,79.29
2020-04-02,77.67,46.02,70.31,70.16,73.82,72.96,78.61,75.59,61.8,81.68,68.84,74.13,81.77,74.0,60.1,75.01,80.0,81.77,66.45,45.65,69.63,78.4,84.17,72.94,80.17,80.97,72.18,69.03,73.47,81.24,67.53,80.22,70.51,76.42,83.05,91.21,93.11,95.61,96.82,79.68,81.15,82.42,75.52,86.37,81.11,85.56,79.76,69.73,77.05
2020-04-03,76.74,44.58,69.13,68.98,72.38,71.25,77.68,74.68,60.33,80.7,67.92,73.09,81.07,73.03,58.43,73.49,79.19,81.1,65.69,44.91,67.97,77.56,83.53,71.99,79.17,80.11,70.95,68.02,72.02,80.65,65.81,79.34,69.06,74.97,81.86,90.7,92.56,95.39,96.03,78.9,80.22,81.35,74.16,85.52,80.29,84.85,78.97,69.01,75.36
2020-04-04,75.58,42.94,67.85,67.73,70.88,69.44,76.38,73.54,58.86,79.61,66.95,72.01,80.29,71.81,56.69,71.83,78.27,80.14,64.02,43.65,66.32,76.69,82.74,70.92,78.09,79.2,69.75,66.58,70.84,79.31,64.08,78.34,67.58,73.6,80.89,90.22,92.12,95.14,94.85,78.02,79.2,79.83,72.46,84.57,79.32,84.04,77.68,68.22,73.8
2020-04-05,74.45,40.86,66.58,66.42,69.42,67.62,75.02,72.22,57.27,78.56,65.83,70.85,79.39,70.58,54.96,70.3,77.2,79.18,62.44,42.36,64.58,75.82,82.01,69.85,77.02,78.26,68.46,64.95,69.67,77.94,62.31,77.35,66.17,72.01,79.72,89.6,91.61,94.85,93.58,77.13,78.21,78.44,70.79,83.53,78.3,83.24,76.35,67.33,72.94
2020-04-06,73.39,38.7,65.18,65.08,67.83,65.76,73.63,70.98,55.48,77.52,64.78,69.63,78.27,69.38,53.14,69.32,76.23,78.07,61.42,41.36,62.76,74.85,81.25,68.78,75.7,77.11,67.02,63.52,68.46,77.08,60.43,76.17,64.68,70.4,78.48,88.91,91.01,94.44,92.24,76.11,77.09,77.32,69.52,82.42,77.29,82.37,74.86,66.37,72.02
2020-04-07,72.2,36.49,63.92,63.65,66.16,64.55,72.26,68.24,53.76,76.39,63.53,68.32,77.05,68.11,51.19,68.62,75.21,76.95,60.03,40.16,61.36,73.82,80.28,67.63,74.42,76.01,65.64,61.97,67.4,75.65,58.63,74.9,63.35,68.76,77.1,88.05,90.18,94.06,90.94,74.99,75.98,75.9,67.9,81.33,76.34,81.42,72.89,65.3,71.08
2020-04-08,71.36,35.97,62.92,62.5,64.87,63.33,71.12,64.89,51.97,75.89,62.65,67.43,76.25,66.99,49.23,69.56,74.32,76.15,58.82,38.9,60.34,72.88,79.55,66.67,73.53,75.22,64.55,60.7,66.71,74.8,57.16,73.88,62.25,67.21,75.85,87.34,89.7,97.26,89.76,74.02,75.1,75.18,66.67,80.41,75.86,80.66,71.12,64.42,70.18
2020-04-09,70.51,36.2,61.96,61.44,63.67,62.0,69.99,62.12,50.17,75.35,61.82,66.55,75.43,66.0,47.86,70.34,73.57,75.44,57.68,37.97,59.29,71.92,78.89,65.78,72.81,74.56,63.66,59.39,65.9,73.96,55.88,72.85,61.42,65.81,74.5,86.44,89.08,96.81,88.99,73.05,74.26,74.55,65.39,79.46,75.38,79.87,69.47,63.53,69.32
2020-04-10,69.69,36.88,61.11,60.47,62.65,60.77,69.0,59.76,48.17,74.65,60.83,65.71,74.69,65.02,46.1,71.65,72.72,74.8,56.55,36.83,58.33,70.99,78.27,64.86,71.96,73.96,62.78,58.06,65.57,73.19,54.9,71.93,60.47,64.42,73.07,85.51,88.49,96.27,88.19,72.09,73.48,73.65,64.2,78.75,74.6,79.13,67.92,62.51,68.47
2020-04-11,69.15,38.56,60.59,59.56,61.87,59.83,68.62,57.58,46.3,74.2,60.04,65.01,74.15,64.62,44.4,73.04,71.91,74.48,56.16,36.3,57.61,70.3,78.0,64.17,71.43,73.59,62.09,57.32,65.11,73.04,54.09,71.27,59.98,63.23,71.85,84.78,88.14,95.8,87.72,71.36,72.87,73.16,63.31,78.28,74.18,78.66,66.85,61.63,67.79
2020-04-12,68.65,40.67,60.07,58.74,61.1,58.82,68.09,55.48,44.53,73.78,59.34,64.53,73.72,64.17,42.73,74.41,71.34,74.15,55.84,35.86,56.97,69.62,77.69,63.5,70.81,73.25,61.32,56.97,64.64,72.9,53.37,70.56,59.36,62.15,70.75,84.11,87.97,95.37,87.26,70.66,72.25,72.61,62.4,77.73,73.81,78.2,65.86,60.85,67.2
2020-04-13,68.09,42.91,59.81,57.93,60.48,57.89,67.72,53.4,42.96,73.41,58.69,64.18,73.57,63.69,41.35,76.41,71.25,74.0,54.89,35.15,56.48,69.1,77.47,62.87,70.39,73.17,60.78,56.15,64.26,72.29,52.75,70.11,58.95,61.14,69.68,83.44,87.93,95.03,86.9,70.07,71.8,72.04,61.23,77.39,73.51,77.82,65.22,60.19,66.71
2020-04-14,67.73,45.26,59.55,57.2,59.99,57.01,67.27,52.58,41.46,73.19,58.37,63.91,73.27,63.34,40.08,78.61,71.18,73.86,54.45,34.7,56.01,68.66,77.33,62.39,70.05,72.98,60.04,55.86,63.77,72.11,52.16,69.68,58.57,60.3,68.79,82.94,87.78,94.58,86.52,69.6,71.33,71.82,60.53,76.74,74.16,77.49,64.49,59.62,66.26
2020-04-15,67.18,46.09,59.07,56.46,59.3,56.2,66.45,52.34,40.12,72.76,57.69,63.51,72.84,63.04,38.81,77.76,71.19,73.55,53.93,34.4,55.49,68.26,77.07,61.97,69.45,72.71,59.36,55.74,63.2,71.41,51.49,69.07,58.16,59.51,68.11,82.46,87.53,94.21,86.18,69.02,70.7,71.35,59.51,76.05,75.14,77.05,63.7,58.52,65.87
2020-04-16,66.76,46.3,58.81,55.8,58.73,55.55,65.85,51.64,38.8,72.44,57.09,63.16,72.43,62.62,37.53,78.88,71.2,73.17,53.37,33.92,55.04,67.79,76.74,61.47,68.95,72.38,58.72,55.4,62.64,70.81,50.91,68.45,57.45,58.85,67.53,82.06,87.25,93.8,85.98,68.45,70.13,70.66,58.55,75.34,75.99,76.67,62.88,57.38,65.58
2020-04-17,66.32,45.92,58.55,55.13,58.11,54.9,65.16,50.9,37.89,72.13,56.63,62.75,71.69,62.08,36.86,79.55,71.11,72.84,52.77,33.71,54.52,67.35,76.43,61.1,68.44,72.01,58.05,55.32,62.16,70.05,50.31,67.87,57.02,58.16,67.08,81.69,87.07,93.25,85.67,67.97,69.6,69.99,57.42,74.4,76.66,76.23,62.01,56.32,65.35
2020-04-18,65.93,45.41,58.16,54.68,57.57,54.27,64.35,50.35,37.05,71.77,56.27,62.47,70.96,61.4,36.34,80.13,71.14,72.4,52.42,33.51,53.91,66.73,76.0,60.72,67.98,71.58,57.44,54.98,61.75,69.4,49.79,67.32,56.59,57.51,66.59,81.24,86.87,92.6,85.22,67.49,69.06,69.27,56.57,73.39,77.14,75.74,60.93,55.41,65.1
2020-04-19,65.52,44.95,58.03,54.19,57.06,53.65,63.63,49.87,36.55,71.45,55.97,62.07,70.33,60.7,35.88,80.76,71.1,71.98,52.09,33.32,53.27,66.04,75.52,60.34,67.41,71.12,56.9,54.11,61.28,68.78,49.21,66.75,56.09,56.87,66.11,80.84,86.63,91.91,84.72,66.9,68.51,68.5,55.76,72.37,77.71,75.19,59.91,54.52,64.87
2020-04-20,65.17,44.34,57.96,53.94,56.57,53.15,62.99,49.55,36.13,71.17,55.76,61.73,69.68,60.14,35.44,81.26,70.62,71.65,51.79,33.24,52.68,65.47,75.17,60.05,66.98,70.69,56.43,53.65,60.94,68.16,48.72,66.27,55.65,56.39,65.79,80.65,86.47,91.28,84.43,66.43,68.02,67.9,55.0,71.59,78.34,74.74,58.7,53.57,64.64
2020-04-21,64.84,44.0,57.94,53.72,56.19,52.68,62.48,48.71,35.85,70.95,55.42,61.5,69.24,59.6,35.04,81.83,70.28,71.32,51.5,33.2,52.18,64.98,74.89,59.81,66.73,70.42,56.2,52.89,60.64,67.86,48.32,65.96,55.26,55.81,65.43,80.35,86.34,90.49,84.01,66.02,67.61,67.15,54.26,71.19,78.15,74.37,57.73,52.5,64.51
2020-04-22,64.5,44.31,57.99,53.42,55.77,52.35,62.3,48.07,35.64,70.71,55.16,61.24,68.82,59.03,34.8,81.69,70.0,70.98,51.28,33.21,51.59,64.29,74.5,59.46,66.62,70.04,55.91,51.81,60.47,67.6,47.97,65.6,54.77,55.1,64.8,79.85,86.28,89.5,83.38,65.59,67.22,66.49,53.61,70.69,77.65,73.98,56.75,51.89,64.44
2020-04-23,64.14,44.92,58.01,53.24,55.35,51.97,62.04,47.49,35.45,70.52,55.01,61.1,68.47,58.56,34.73,81.32,69.58,70.73,51.12,33.23,51.08,63.74,74.15,59.34,66.44,69.74,55.64,51.14,60.36,67.26,47.65,65.29,54.41,54.51,64.39,79.53,86.31,88.56,82.9,65.39,66.85,65.78,53.09,70.36,77.12,73.69,55.95,51.52,64.4
2020-04-24,63.84,45.83,57.95,53.09,55.05,51.69,61.61,47.11,35.37,70.29,54.82,60.97,68.24,58.22,34.72,80.52,69.18,70.37,51.14,33.14,50.67,63.14,73.68,59.18,66.32,69.45,55.34,50.23,60.32,67.05,47.33,64.77,53.95,53.96,63.97,79.09,86.29,87.73,82.44,65.15,66.46,65.48,52.73,69.95,76.69,73.35,55.27,51.11,64.41
2020-04-25,63.59,46.47,58.15,52.95,54.68,51.41,61.28,46.78,35.31,70.01,54.63,60.83,67.97,57.94,34.68,79.78,68.56,70.1,51.21,32.99,50.34,62.63,73.18,58.98,66.3,69.14,55.06,49.44,60.28,66.94,47.01,64.29,53.57,53.46,63.6,78.65,86.21,86.86,82.07,64.86,66.05,65.27,52.39,69.7,76.3,72.94,54.83,50.6,64.4
2020-04-26,63.33,46.92,58.11,52.88,54.36,51.53,60.93,46.46,35.14,69.72,54.45,60.82,67.61,57.71,34.67,79.15,68.03,69.81,51.12,32.68,50.02,62.17,72.76,58.87,66.36,68.92,54.85,49.03,60.25,66.83,46.73,63.85,53.27,52.98,63.22,78.23,86.09,86.01,81.77,64.64,65.7,65.13,52.01,69.48,75.77,72.61,54.42,50.15,64.45
2020-04-27,63.05,47.61,57.93,52.59,54.08,51.39,60.43,45.97,35.11,69.37,54.21,60.83,67.31,57.48,34.71,78.15,67.73,69.45,51.09,32.31,49.63,61.6,72.21,58.78,66.38,68.64,54.58,48.59,60.2,66.77,46.46,63.29,52.82,52.51,62.74,77.76,86.03,85.2,81.38,64.42,65.33,64.67,51.67,69.05,75.27,72.19,54.1,49.81,64.62
2020-04-28,62.75,48.08,57.79,52.35,53.85,51.3,60.0,46.06,34.99,69.0,54.17,60.91,66.91,57.3,34.85,77.15,67.27,69.09,51.15,31.73,49.29,61.01,71.63,58.6,66.39,68.29,54.25,48.23,60.13,66.67,46.2,62.67,52.33,52.09,62.35,77.33,85.98,84.43,81.09,64.18,64.94,64.21,51.28,68.6,74.8,71.76,53.69,49.57,64.74
2020-04-29,62.54,48.84,57.76,52.24,53.78,51.25,59.34,46.2,34.77,68.68,54.22,61.15,66.54,57.08,34.93,76.58,66.88,68.76,51.16,31.21,48.95,60.59,70.99,58.66,66.25,68.0,54.01,48.2,60.11,66.6,45.96,62.14,51.95,51.76,62.03,76.98,85.84,83.83,80.95,64.13,64.64,63.79,50.96,68.31,74.25,71.28,53.21,49.43,64.98
2020-04-30,62.4,49.62,57.71,52.04,53.69,51.12,58.87,46.25,34.63,68.3,54.26,61.38,66.18,56.82,35.14,77.22,66.51,68.48,51.29,30.8,48.59,60.18,70.45,58.66,66.26,67.7,53.77,48.28,60.1,66.61,45.78,61.65,51.57,51.45,61.57,76.53,85.69,83.34,80.64,64.09,64.35,63.69,50.57,67.91,73.9,70.77,52.66,49.23,65.23
2020-05-01,62.32,50.34,58.04,51.95,53.59,50.99,58.58,46.49,34.59,68.1,54.36,61.76,65.84,56.56,35.51,78.23,66.24,68.25,51.58,30.47,48.21,59.86,70.09,58.58,66.26,67.52,53.58,48.59,60.18,66.54,45.53,61.3,51.28,51.19,61.26,76.25,85.53,82.84,80.4,64.06,64.09,63.44,50.43,67.6,73.82,70.29,52.3,49.14,65.58
2020-05-02,62.21,51.05,58.29,51.93,53.54,51.07,58.05,46.77,34.56,67.95,54.57,62.25,65.6,56.36,36.01,79.3,66.26,68.01,51.86,30.1,47.83,59.61,69.69,58.71,66.15,67.36,53.34,49.06,59.99,66.38,45.34,60.86,51.08,50.91,60.96,76.03,85.47,82.19,80.15,64.14,63.91,62.92,50.22,67.21,73.69,69.9,51.83,49.24,62.49
2020-05-03,62.11,51.81,58.52,51.88,53.57,50.73,57.62,47.35,34.68,67.85,54.87,62.72,65.43,56.17,36.42,80.31,66.18,67.84,52.28,29.93,47.38,59.29,69.19,58.86,65.91,67.09,52.96,49.32,59.78,66.17,45.09,60.35,50.75,50.66,60.76,75.82,85.54,81.51,79.84,64.28,63.68,62.37,50.01,66.72,73.64,69.47,51.32,49.32,59.34
2020-05-04,61.99,52.31,58.86,51.96,53.62,50.62,57.4,48.08,34.71,67.88,55.22,63.18,65.18,55.92,36.81,81.13,65.82,67.77,52.61,29.63,46.97,59.02,68.76,58.96,65.74,66.94,52.66,49.75,59.7,65.87,44.84,59.94,50.72,50.42,60.79,75.67,85.56,81.21,79.58,64.49,63.43,61.9,49.77,66.48,73.57,69.05,50.8,49.4,56.09
2020-05-05,61.92,53.06,59.07,52.02,53.58,50.53,57.2,48.85,34.76,67.89,55.46,63.6,65.04,55.64,37.41,81.88,65.5,67.69,52.95,29.67,46.55,58.79,68.47,59.17,65.48,66.84,52.42,50.21,59.76,65.65,44.69,59.56,50.63,50.23,60.69,75.52,85.65,80.95,79.37,64.68,63.19,61.49,49.62,66.22,73.58,68.71,50.43,49.58,52.9
2020-05-06,61.92,53.8,59.31,52.12,53.54,50.4,57.35,49.7,34.99,67.84,55.8,64.07,64.9,55.51,38.0,82.41,65.23,67.67,53.32,29.61,46.33,58.63,68.51,59.4,65.38,66.79,52.23,50.54,60.07,65.54,44.66,59.32,50.59,50.1,60.58,75.37,85.79,80.56,79.08,64.84,62.97,61.31,49.48,65.91,73.53,68.5,50.21,49.67,53.16
2020-05-07,61.83,53.54,59.58,52.32,53.57,50.47,57.27,50.46,35.26,67.9,56.12,64.52,64.82,55.49,38.65,80.41,65.06,67.59,53.69,29.48,46.1,58.47,68.49,59.63,65.34,66.77,52.02,50.7,60.43,64.79,44.61,59.08,50.71,50.06,60.53,75.36,85.95,80.18,78.9,64.9,62.76,60.68,49.24,65.77,73.6,68.28,50.03,49.83,53.46
2020-05-08,61.82,54.11,59.5,52.45,53.54,50.5,57.19,51.43,35.43,67.9,56.44,64.96,64.69,55.61,39.18,79.94,64.77,67.44,53.93,29.31,45.78,58.23,68.43,59.95,65.29,66.67,51.83,50.73,60.69,64.84,44.65,58.82,50.77,49.98,60.35,75.24,86.13,79.81,78.65,65.07,62.52,60.65,49.19,65.61,73.57,68.02,49.67,49.94,53.71
2020-05-09,61.88,54.8,59.41,52.56,53.55,50.23,57.42,52.65,35.69,67.96,56.74,65.32,64.49,55.76,39.68,79.63,64.49,67.3,54.19,29.38,45.52,58.04,68.44,60.22,65.32,66.66,51.71,50.82,61.22,64.99,44.69,58.67,50.81,49.95,60.22,75.13,86.26,79.9,78.42,65.24,62.27,61.03,49.44,65.57,73.59,67.82,49.49,49.94,57.51
2020-05-10,62.01,55.65,59.58,52.72,53.53,50.19,57.46,53.69,35.85,68.08,57.09,65.74,64.33,55.93,40.38,79.4,64.3,67.13,54.45,29.41,45.47,58.01,68.6,60.54,65.44,66.8,51.8,51.24,61.94,65.19,44.89,58.65,50.96,49.92,60.02,74.97,86.31,80.04,78.25,65.48,62.13,61.41,49.76,65.66,73.72,67.74,49.37,49.94,61.36
2020-05-11,62.07,56.41,59.66,52.77,53.38,50.16,57.54,54.68,36.0,68.06,57.29,66.06,64.17,56.03,41.11,79.23,64.06,66.85,54.77,29.58,45.34,57.87,68.68,60.83,65.58,66.79,51.79,51.58,62.45,65.15,45.01,58.51,50.87,49.88,59.6,74.79,86.25,79.75,78.09,65.52,61.93,61.52,49.95,65.49,73.76,67.59,49.21,49.89,64.59
2020-05-12,62.15,57.2,59.9,52.92,53.31,50.06,57.55,55.64,36.27,68.05,57.77,66.45,64.02,56.42,41.94,79.14,63.87,66.62,55.11,29.75,45.22,57.66,68.61,61.11,65.7,66.77,51.79,51.66,62.86,65.03,44.89,58.35,50.89,49.98,59.45,74.63,86.13,79.58,77.88,65.75,61.76,61.78,50.48,65.46,73.88,67.29,49.02,49.87,66.04
2020-05-13,61.85,57.72,59.74,52.7,52.89,49.75,57.05,56.46,36.37,67.67,57.83,66.52,63.39,56.43,42.37,78.23,63.3,66.0,55.32,29.91,44.58,57.02,68.04,60.97,65.47,66.22,51.35,51.31,62.54,64.59,44.61,57.82,50.73,49.63,58.82,74.23,85.85,79.19,77.34,65.45,61.13,61.56,50.66,64.91,73.77,66.67,48.47,49.51,63.0
2020-05-14,61.88,60.0,59.7,52.57,52.57,49.45,56.44,57.43,36.52,67.33,58.09,66.71,62.96,56.48,42.94,79.37,62.89,65.55,55.61,30.02,44.06,56.6,67.73,60.94,65.65,65.84,51.07,51.06,62.67,64.99,44.34,57.45,50.48,49.31,58.42,74.77,85.66,78.93,77.11,65.43,60.68,62.21,51.03,64.51,73.7,66.25,47.99,49.24,63.5
2020-05-15,62.11,61.46,60.03,52.8,52.55,49.26,56.35,58.08,36.84,67.14,58.65,67.06,62.93,56.68,43.88,80.33,62.61,65.42,55.87,30.37,43.94,56.45,67.55,61.19,66.07,65.8,50.95,51.25,63.02,64.88,44.36,57.36,50.48,49.42,58.39,75.73,85.65,79.26,77.16,65.65,60.59,62.55,51.28,64.39,73.89,66.05,47.72,49.35,64.41
2020-05-16,62.18,62.68,60.12,52.93,52.46,48.98,55.64,58.45,37.21,66.81,59.17,67.38,62.87,56.57,45.06,81.15,62.21,65.14,56.1,30.5,43.69,56.0,67.13,61.26,66.05,65.53,50.67,51.16,63.23,64.59,44.14,56.96,50.15,49.48,58.35,76.54,85.44,79.14,77.11,65.71,60.3,62.55,51.29,63.75,74.09,65.62,47.54,49.52,65.26
2020-05-17,62.31,63.67,60.11,53.04,52.41,48.66,55.37,58.81,37.66,66.35,59.69,67.64,62.86,56.62,46.2,81.96,61.82,64.96,56.34,30.69,43.36,55.63,66.75,61.32,66.24,65.28,50.55,51.05,63.52,64.58,43.94,56.6,49.99,49.58,58.33,77.26,85.47,78.95,77.24,65.77,60.06,62.62,51.36,63.11,74.18,65.15,47.32,49.73,66.43
2020-05-18,62.51,64.85,60.14,53.24,52.42,48.4,55.11,59.15,38.1,66.03,60.33,68.1,62.88,56.8,47.35,82.72,61.59,64.95,56.65,30.85,43.13,55.32,66.48,61.48,66.33,65.07,50.48,50.81,63.93,64.79,43.89,56.35,50.0,49.58,58.37,77.86,85.5,78.82,77.2,66.01,59.95,62.92,51.55,62.44,74.36,64.88,47.21,49.98,68.2
2020-05-19,62.67,65.61,60.18,53.5,52.43,48.16,54.83,59.53,38.37,65.86,60.85,68.55,62.98,56.76,48.49,83.46,61.51,64.97,56.87,31.08,42.95,55.06,66.24,61.63,66.52,64.9,50.42,50.73,64.41,64.83,43.93,56.13,50.09,49.59,58.31,78.35,85.71,78.44,77.34,66.23,59.88,63.14,51.42,61.82,74.46,64.7,47.16,50.21,71.89
2020-05-20,63.18,65.77,60.69,54.12,52.87,48.34,55.07,60.0,38.93,66.2,61.61,69.27,63.62,57.26,50.21,85.1,61.85,65.5,57.29,31.39,43.21,55.31,66.39,62.11,67.15,65.35,50.81,50.96,65.32,65.35,44.28,56.34,50.41,50.19,58.87,78.75,86.15,78.28,77.73,67.05,60.32,63.8,51.65,62.04,74.99,64.87,47.52,50.93,76.58
2020-05-21,63.55,65.08,61.12,54.77,53.25,48.52,55.5,60.46,39.62,66.53,62.38,70.0,64.33,57.79,51.87,86.41,62.12,65.93,57.66,31.82,43.54,55.5,66.48,62.49,67.47,65.76,51.16,51.04,65.92,65.72,44.71,56.47,50.87,50.87,59.43,78.24,86.49,78.13,78.01,67.59,60.64,64.16,51.79,62.23,75.53,65.05,47.93,51.61,77.73
2020-05-22,63.72,64.33,61.19,55.11,53.48,48.61,55.37,60.93,40.31,66.68,62.92,70.55,64.63,58.18,53.21,86.39,62.43,66.28,57.99,32.05,43.66,55.55,66.55,62.73,67.75,65.91,51.42,51.0,66.28,66.03,44.72,56.38,51.28,51.3,59.8,77.4,86.68,77.41,77.83,67.91,60.62,64.34,51.81,62.11,75.76,65.11,48.36,51.92,78.49
2020-05-23,64.0,64.11,61.47,55.56,53.63,48.96,55.65,61.35,40.95,66.86,63.54,71.18,64.98,58.93,54.39,86.45,62.81,66.64,58.42,32.54,43.79,55.73,66.68,63.12,68.47,66.16,51.79,51.33,66.79,66.35,44.91,56.5,51.8,51.77,60.17,76.73,87.1,76.99,77.77,68.33,60.71,64.87,51.86,62.33,76.24,65.23,48.66,52.16,79.28
2020-05-24,64.14,63.91,61.59,55.95,53.68,49.14,55.59,61.51,41.49,67.02,63.99,71.67,65.24,59.42,55.59,86.36,63.22,66.82,58.77,33.03,43.96,55.72,66.7,63.39,68.92,66.32,51.82,51.45,67.1,66.48,44.99,56.44,51.94,52.14,60.46,76.1,87.22,76.59,77.53,68.53,60.67,65.17,51.75,62.44,76.74,65.36,48.94,52.32,79.75
2020-05-25,64.22,63.62,61.56,56.24,53.68,49.21,55.27,61.67,42.07,67.12,64.34,72.07,65.42,59.78,56.88,86.18,63.35,66.84,59.03,33.58,43.99,55.58,66.58,63.56,69.33,66.44,51.77,51.25,67.43,66.53,44.97,56.21,51.94,52.48,60.67,75.55,87.46,76.11,77.36,68.65,60.52,65.48,51.62,62.57,77.08,65.33,49.09,52.36,80.23
2020-05-26,64.3,62.45,61.49,56.4,53.71,49.29,55.02,61.76,42.93,67.07,64.49,72.29,65.49,60.1,57.82,85.96,63.48,66.85,59.34,33.94,44.03,55.51,66.48,63.63,69.58,66.57,51.7,51.27,67.66,66.74,45.0,55.99,51.91,52.69,60.79,75.06,87.51,75.86,77.07,68.66,60.3,65.82,51.46,62.55,77.29,65.3,49.21,52.34,80.57
2020-05-27,64.36,61.98,61.27,56.48,53.68,49.15,54.58,61.92,43.61,66.89,64.82,72.51,65.43,60.23,58.8,85.81,63.36,66.59,59.74,34.45,44.0,55.28,66.22,63.72,69.68,66.54,51.51,51.09,68.0,66.78,44.84,55.69,51.74,52.78,60.7,74.93,87.46,75.68,76.73,68.5,60.0,66.08,51.35,62.17,77.52,65.19,49.46,52.2,80.98
2020-05-28,64.34,62.19,61.04,56.5,53.66,49.05,54.29,62.25,44.35,66.71,65.08,72.77,65.16,60.36,59.91,85.1,63.23,66.39,60.21,34.88,43.86,54.96,65.85,63.83,69.8,66.38,51.31,51.01,68.2,66.6,44.62,55.33,51.55,52.79,60.54,74.76,87.49,75.54,76.32,68.46,59.68,66.3,51.37,61.73,77.66,64.91,49.65,52.08,81.54
2020-05-29,64.48,63.72,61.0,56.7,53.69,49.12,54.14,62.66,45.17,66.66,65.48,73.2,65.27,60.63,61.15,85.37,64.24,66.16,60.69,35.39,43.8,54.7,65.54,64.02,69.95,66.28,51.22,50.89,68.57,66.57,44.65,55.08,51.56,52.76,60.39,74.65,87.62,75.43,76.14,68.62,59.55,66.63,51.53,61.71,77.95,64.75,50.17,52.45,82.19
2020-05-30,64.79,64.06,61.2,57.07,53.96,49.4,54.47,63.12,46.2,66.79,65.92,73.64,65.56,60.96,62.32,85.98,65.47,66.3,61.11,35.85,44.05,54.84,65.76,64.34,70.45,66.51,51.41,50.83,69.11,66.8,44.94,55.25,52.0,52.96,60.45,74.73,87.81,75.45,76.25,69.09,59.7,67.03,51.87,62.21,78.15,64.99,50.86,52.94,82.83
2020-05-31,65.04,66.37,61.32,57.43,54.2,49.54,54.58,63.69,47.2,66.88,66.47,74.25,65.8,61.33,63.83,85.84,66.55,66.35,61.58,36.29,44.17,54.86,65.68,64.67,70.82,66.56,51.49,50.65,69.65,66.85,45.14,55.23,52.34,53.21,60.47,74.78,88.02,75.37,76.35,69.47,59.79,67.53,52.2,62.51,78.24,64.93,51.58,53.29,83.94
2020-06-01,65.36,68.14,61.56,57.88,54.43,49.66,54.73,64.26,48.21,66.96,67.13,74.81,66.14,61.67,65.22,86.42,67.71,66.46,61.95,36.69,44.36,54.96,65.59,65.09,71.21,66.63,51.63,50.85,70.16,66.97,45.21,55.33,52.69,53.56,60.67,74.93,88.34,75.4,76.33,69.77,59.92,68.06,52.51,62.86,78.51,64.83,52.28,53.81,85.17
2020-06-02,65.78,72.15,61.88,58.45,54.72,49.88,54.97,64.78,49.1,67.04,67.86,75.53,66.56,62.08,66.77,87.35,68.8,66.61,62.31,37.18,44.59,55.19,65.69,65.63,71.81,66.76,51.87,50.85,70.88,67.11,45.4,55.47,53.0,54.0,60.95,75.13,88.71,75.5,76.53,70.1,60.09,68.67,52.96,63.36,79.04,64.87,53.01,54.29,86.59
2020-06-03,66.25,76.26,62.37,59.26,54.96,50.24,55.27,65.51,50.12,67.26,68.71,76.47,67.08,62.59,68.33,88.73,70.14,67.01,62.55,37.66,44.92,55.53,65.98,66.25,72.55,67.0,52.19,51.12,71.71,67.44,45.69,55.67,53.43,54.56,61.44,75.53,89.14,75.69,76.95,70.6,60.37,69.41,53.43,63.97,79.72,65.04,53.6,54.93,88.22
2020-06-04,66.74,78.96,62.75,59.94,55.13,50.51,55.27,65.93,50.87,67.37,69.38,77.32,67.55,63.0,69.7,90.55,71.04,67.28,62.77,38.07,45.15,55.81,66.12,66.8,73.21,67.22,52.38,51.84,72.41,67.91,45.86,55.82,53.63,54.99,61.82,75.82,89.44,75.66,77.23,71.04,60.58,70.05,53.88,64.51,80.31,65.11,54.04,55.47,89.75
2020-06-05,67.08,79.79,63.09,60.56,55.29,50.8,55.46,66.26,51.58,67.47,69.88,78.05,67.82,63.39,71.01,91.58,70.88,67.61,62.96,38.41,45.38,56.15,66.36,67.27,73.79,67.51,52.48,52.51,72.99,68.19,46.09,55.98,53.7,55.47,62.15,76.09,89.71,75.7,77.52,71.33,60.8,70.67,54.29,64.99,80.84,65.17,54.0,55.62,91.32
2020-06-06,67.3,81.04,63.27,61.05,55.34,50.91,55.32,66.58,52.01,67.46,70.27,78.71,67.87,63.65,72.36,92.57,70.05,67.69,63.17,38.7,45.5,56.31,66.36,67.7,74.07,67.6,52.44,52.81,73.48,68.38,46.3,55.96,53.63,55.84,62.34,76.29,90.05,75.67,77.59,71.39,60.92,71.05,54.65,65.15,81.32,65.09,53.82,55.51,92.89
2020-06-07,67.49,79.36,63.51,61.6,55.43,51.19,55.29,66.92,52.41,67.54,70.66,79.28,67.98,63.96,73.3,93.52,69.35,67.93,63.38,39.05,45.7,56.63,66.6,68.12,74.42,67.84,52.58,53.27,74.0,68.19,46.54,56.14,53.74,56.2,62.61,76.49,90.5,75.74,77.52,71.63,61.12,70.98,54.87,65.71,81.85,65.19,53.58,55.56,93.96
2020-06-08,67.73,79.32,63.65,62.01,55.51,51.47,55.44,67.38,52.83,67.56,71.04,79.78,67.98,64.32,74.15,94.5,68.65,68.08,63.68,39.44,45.87,56.91,66.88,68.45,74.76,68.05,52.61,53.68,74.45,68.45,47.0,56.3,53.81,56.47,62.79,76.58,90.74,75.75,77.65,71.83,61.27,71.31,55.22,66.07,82.29,65.34,53.4,55.54,94.85
2020-06-09,67.94,78.23,63.77,62.44,55.52,51.54,55.54,67.83,53.31,67.63,71.55,80.37,68.04,64.74,75.14,96.05,67.93,68.15,63.92,39.97,45.99,57.03,66.95,68.86,75.14,68.09,52.62,54.07,74.83,68.67,47.4,56.38,53.96,56.82,63.03,76.79,91.1,75.79,77.57,72.03,61.38,71.56,55.49,66.37,82.64,65.28,53.25,55.64,95.73
2020-06-10,68.14,77.05,63.86,62.68,55.62,51.56,55.75,67.97,53.69,67.69,71.92,80.72,68.11,65.04,76.02,97.23,67.18,68.22,64.24,40.39,46.11,57.19,66.98,69.21,75.28,68.14,52.69,54.41,75.16,68.68,47.67,56.5,54.0,57.17,63.25,76.91,91.49,75.79,77.45,72.23,61.51,71.74,55.79,66.74,82.88,65.22,53.13,55.65,96.33
2020-06-11,68.36,76.5,64.07,62.96,55.73,51.59,56.1,68.25,54.24,67.84,72.46,80.98,68.19,65.39,76.85,98.57,66.72,68.31,64.45,40.96,46.27,57.37,67.18,69.64,75.29,68.18,52.85,54.48,75.62,68.83,48.08,56.69,54.12,57.54,63.54,77.07,91.84,75.92,77.32,72.38,61.66,71.97,56.18,67.08,83.14,65.23,53.05,55.73,96.85
2020-06-12,68.58,76.76,64.21,63.18,55.83,51.58,56.29,68.49,54.57,67.81,73.05,81.25,68.22,65.66,77.64,99.81,66.21,68.24,64.69,41.49,46.41,57.43,67.25,70.07,75.23,68.12,53.03,54.45,76.1,68.99,48.27,56.84,54.19,57.9,63.86,77.28,92.21,76.08,77.22,72.46,61.73,72.15,56.48,67.35,83.31,65.21,53.12,55.74,97.28
2020-06-13,68.78,77.54,64.24,63.42,55.88,51.42,56.22,69.12,55.02,67.7,73.5,81.5,68.34,65.82,78.42,100.68,66.12,68.02,64.95,42.04,46.36,57.24,66.97,70.56,74.87,67.93,52.97,54.59,76.48,69.33,48.02,56.69,54.01,58.18,64.08,77.34,92.37,76.08,76.85,72.42,61.55,72.56,56.62,67.32,83.43,65.0,53.25,55.91,97.69
2020-06-14,69.22,79.69,64.43,63.7,56.03,51.33,56.6,69.94,55.51,67.73,74.04,81.81,68.52,66.13,79.17,102.51,66.14,67.91,65.18,42.6,46.4,57.21,66.97,71.14,74.96,67.88,53.12,54.81,76.95,70.22,47.91,56.73,54.1,58.54,64.38,77.52,92.44,76.1,76.87,72.59,61.49,73.53,57.16,67.34,83.61,64.92,53.49,56.12,98.08
2020-06-15,69.67,80.52,64.88,64.18,56.29,51.46,57.12,70.64,56.12,67.89,74.69,82.24,68.87,66.42,79.95,103.52,66.4,67.87,65.72,43.27,46.65,57.32,67.13,71.92,74.98,67.95,53.43,55.17,77.49,70.67,48.03,56.89,54.33,59.11,64.74,77.78,92.79,76.2,76.81,72.92,61.65,74.16,57.66,67.73,84.0,64.95,53.78,56.47,98.56
2020-06-16,70.06,81.54,65.15,64.55,56.47,51.65,57.5,71.34,56.51,68.01,75.38,82.56,69.21,66.62,80.54,103.67,66.54,67.8,66.28,43.77,46.87,57.42,67.3,72.52,74.9,68.05,53.7,55.61,77.99,71.32,47.86,57.06,54.36,59.6,65.0,77.91,93.09,76.26,76.7,73.2,61.71,74.84,58.24,68.04,84.32,65.02,53.91,56.62,98.93
2020-06-17,70.46,82.36,65.37,64.94,56.58,51.83,57.79,72.02,56.99,68.08,76.05,82.94,69.47,66.97,81.18,103.69,66.68,67.7,66.73,44.45,47.07,57.46,67.44,73.09,75.0,68.06,53.87,56.27,78.41,71.98,47.74,57.11,54.48,60.06,65.17,77.85,93.2,76.35,76.62,73.38,61.7,75.46,58.98,68.25,84.63,65.01,53.99,56.72,99.24
2020-06-18,70.88,83.43,65.57,65.42,56.7,52.09,58.28,72.48,57.45,68.21,76.71,83.33,69.81,67.24,81.96,103.7,66.93,67.66,67.3,45.12,47.35,57.59,67.62,73.72,75.1,68.21,54.06,56.93,78.91,72.56,47.67,57.18,54.76,60.63,65.39,77.88,93.42,76.48,76.65,73.68,61.78,76.02,59.68,68.59,85.0,65.1,54.28,56.85,99.63
2020-06-19,71.29,83.66,65.72,65.89,56.75,52.28,58.64,72.9,58.1,68.47,77.34,83.69,70.07,67.69,82.75,103.92,67.11,67.6,68.19,45.9,47.57,57.67,67.64,74.18,75.18,68.26,54.19,57.51,79.42,73.05,47.64,57.17,54.97,61.15,65.55,77.85,93.57,76.52,76.66,74.07,61.8,76.69,60.47,68.71,85.26,65.12,54.48,56.96,99.92
2020-06-20,71.81,84.06,65.96,66.37,56.86,52.48,59.38,72.95,58.67,68.84,78.15,84.04,70.42,68.29,83.59,104.3,67.36,67.7,69.25,46.8,47.97,57.98,68.03,74.52,75.56,68.47,54.54,58.0,80.09,73.69,47.95,57.43,55.35,61.75,65.8,77.93,93.91,76.69,76.76,74.56,62.04,77.41,61.41,69.11,85.44,65.36,54.73,57.1,100.27
2020-06-21,72.33,84.32,66.16,66.81,56.88,52.74,59.95,72.91,59.07,69.16,78.96,84.4,70.64,68.89,84.42,104.53,67.54,67.71,70.79,47.91,48.3,58.19,68.25,74.84,75.63,68.58,54.7,58.55,80.84,74.41,48.16,57.63,55.57,62.31,66.04,77.9,94.31,76.9,76.76,74.97,62.17,78.16,62.24,69.42,85.48,65.56,54.96,57.2,100.59
2020-06-22,72.75,84.85,66.1,67.11,56.78,52.75,60.17,72.78,59.33,69.39,79.52,84.64,70.68,69.5,85.21,104.73,67.37,67.67,72.0,48.83,48.35,58.22,68.28,74.98,75.68,68.6,54.74,58.95,81.46,75.22,48.09,57.5,55.6,62.73,66.25,77.83,94.57,77.08,76.88,75.18,62.1,78.82,62.91,69.43,85.16,65.58,55.02,57.17,100.99
2020-06-23,72.95,84.89,66.21,67.43,56.73,52.86,60.54,72.7,59.68,69.58,79.95,84.85,70.66,69.99,85.81,104.47,67.4,67.57,72.59,49.05,48.47,58.25,68.25,75.16,75.67,68.63,54.76,59.07,81.84,75.08,48.22,57.48,55.79,63.19,66.47,77.76,94.66,77.32,77.04,75.46,62.08,79.15,63.41,69.5,85.42,65.6,55.28,57.19,101.46
2020-06-24,73.17,85.41,66.39,67.75,56.76,53.01,61.13,72.77,60.09,69.82,80.46,85.04,70.81,70.4,86.55,104.4,67.52,67.44,73.14,49.18,48.64,58.28,68.22,75.37,75.68,68.74,54.88,59.16,82.38,75.0,48.24,57.4,55.98,63.76,66.96,78.01,94.76,77.52,77.26,75.77,62.12,79.35,63.69,69.6,85.79,65.59,55.62,57.37,102.03
2020-06-25,73.36,85.73,66.64,68.03,56.88,53.1,61.52,73.32,60.7,70.12,80.99,85.36,71.08,70.92,87.24,104.15,67.72,67.34,73.73,49.46,48.87,58.33,68.21,75.56,75.8,68.83,55.11,59.33,82.93,74.97,48.42,57.39,56.17,64.36,67.49,78.31,95.14,77.58,77.31,76.12,62.15,79.56,63.97,69.73,86.17,65.62,56.08,57.59,102.56
2020-06-26,73.52,86.47,66.84,68.3,56.95,53.16,61.64,73.99,61.19,70.34,81.46,85.66,71.45,71.28,87.9,103.73,67.91,67.29,74.0,49.64,49.1,58.34,68.21,75.84,75.93,68.91,55.22,59.48,83.46,74.99,48.71,57.49,56.31,64.88,67.95,78.6,95.62,77.59,77.45,76.34,62.18,79.51,64.17,69.82,86.71,65.63,56.48,57.85,103.19
2020-06-27,73.54,86.94,67.12,68.49,57.01,53.43,61.73,74.62,61.73,70.6,81.9,86.11,71.69,71.65,88.55,102.23,68.16,67.27,74.16,49.7,49.35,58.37,68.27,76.16,76.06,69.02,55.34,59.81,83.98,74.7,48.93,57.59,56.49,65.35,68.41,78.82,96.03,77.64,77.61,76.63,62.25,79.34,64.27,70.1,87.35,65.53,56.88,58.03,103.75
2020-06-28,73.42,87.28,67.29,68.67,57.06,53.52,61.8,75.29,62.4,70.76,82.23,86.47,72.0,71.83,89.14,100.62,68.37,67.25,73.84,49.48,49.6,58.38,68.28,76.4,76.23,69.12,55.5,59.93,84.38,74.29,49.14,57.57,56.58,65.83,68.82,79.07,96.35,77.49,77.77,76.76,62.32,79.06,64.35,70.32,88.12,65.41,57.24,58.24,104.38
2020-06-29,73.58,87.73,67.55,68.94,57.17,53.73,61.9,76.07,63.01,70.93,82.77,86.9,72.38,72.03,89.76,100.38,68.79,67.25,73.6,49.38,49.96,58.44,68.34,76.69,76.54,69.21,55.67,59.95,84.92,73.69,49.3,57.72,56.73,66.32,69.26,79.4,96.64,77.37,77.94,76.97,62.4,78.83,64.55,70.63,89.12,65.39,57.74,58.41,104.91
2020-06-30,74.01,88.45,67.84,69.3,57.4,53.99,62.0,76.77,63.59,71.3,83.43,87.42,72.84,72.44,90.44,100.32,69.16,67.19,74.05,50.02,50.43,58.59,68.48,77.05,76.86,69.4,56.02,60.27,85.82,73.92,49.58,57.79,56.96,66.87,69.77,79.77,97.14,77.25,78.18,77.35,62.59,79.05,64.97,71.0,89.63,65.37,58.15,58.58,105.32
2020-07-01,74.41,88.21,68.02,69.59,57.6,54.15,61.98,77.43,64.18,71.56,83.94,87.94,73.18,72.91,90.87,99.91,69.22,67.1,74.49,50.57,50.76,58.69,68.62,77.37,77.13,69.5,56.36,60.58,86.52,74.07,49.99,58.08,57.19,67.18,70.13,80.04,97.85,77.14,78.35,77.74,62.66,79.47,65.44,71.34,89.86,65.37,58.52,58.7,105.8
2020-07-02,74.69,88.17,68.15,69.85,57.72,54.38,61.89,77.65,64.45,71.63,84.41,88.2,73.36,73.36,91.21,99.59,69.32,67.19,74.88,51.05,51.02,58.74,68.8,77.61,77.43,69.58,56.61,60.45,87.19,74.15,50.34,58.29,57.37,67.4,70.43,80.24,98.26,77.23,78.61,77.96,62.69,79.86,65.79,71.67,90.1,65.4,58.71,58.77,106.23
2020-07-03,75.03,88.18,68.38,70.12,57.9,54.67,62.26,78.05,64.76,71.86,84.93,88.56,73.56,73.6,91.7,99.63,69.59,67.28,75.16,51.61,51.31,58.86,69.04,77.9,77.78,69.77,57.04,60.4,87.98,74.17,50.61,58.39,57.65,67.75,70.89,80.57,98.75,76.8,78.68,78.32,62.77,80.4,66.17,72.13,90.35,65.43,58.91,58.91,106.9
2020-07-04,75.33,86.69,68.51,70.38,58.03,54.79,62.49,78.61,64.98,72.03,85.4,88.74,73.78,73.72,92.0,100.51,69.74,67.36,75.34,52.05,51.5,58.93,69.19,78.1,78.0,69.89,57.33,60.32,88.62,74.25,50.97,58.46,57.89,68.09,71.33,80.9,99.22,76.34,78.89,78.57,62.82,80.97,66.56,72.49,90.53,65.47,59.08,59.17,107.32
2020-07-05,75.74,87.87,68.69,70.66,58.28,54.97,62.68,79.03,65.37,72.23,85.91,89.07,74.08,73.88,92.44,101.51,70.0,67.49,75.46,52.52,51.74,59.02,69.32,78.39,78.25,70.03,57.71,60.26,89.24,74.27,51.38,58.58,58.11,68.46,71.79,81.24,99.82,76.07,78.98,78.97,62.94,81.46,66.96,72.89,90.77,65.52,59.35,59.5,107.7
2020-07-06,75.86,89.26,68.89,70.87,58.45,55.11,62.82,79.51,65.63,72.5,86.27,89.38,74.39,74.09,92.97,101.66,70.29,67.62,75.69,52.86,51.96,59.09,69.42,78.66,78.42,70.16,58.09,60.33,89.84,74.44,51.78,58.68,58.32,68.84,72.22,81.54,100.4,75.77,79.06,79.4,63.06,81.92,67.29,73.24,91.07,65.54,59.57,59.91,107.96
2020-07-07,75.84,89.33,69.08,71.05,58.53,55.22,63.02,80.08,66.01,72.64,86.6,89.6,74.71,74.22,93.63,101.23,70.59,67.94,75.75,53.11,52.15,59.17,69.52,78.89,78.72,70.23,58.39,60.45,90.33,74.02,52.17,58.84,58.57,69.18,72.7,81.91,100.86,75.47,79.19,79.67,63.18,81.7,67.31,73.61,91.34,65.65,59.83,60.39,108.54
2020-07-08,76.04,90.78,69.41,71.3,58.64,55.46,63.29,80.52,66.26,72.93,87.09,89.9,75.11,74.34,94.47,101.59,71.03,68.51,75.81,53.43,52.51,59.4,69.81,79.19,79.04,70.5,58.73,60.65,90.93,74.29,52.53,58.92,58.88,69.81,73.23,82.28,101.42,75.11,79.21,80.02,63.5,82.07,67.56,74.0,91.97,65.96,59.97,60.82,109.15
2020-07-09,76.37,92.32,69.65,71.65,58.75,55.62,63.77,81.08,66.74,73.32,87.69,90.44,75.62,74.6,95.28,102.07,71.41,68.9,75.87,53.68,52.91,59.63,70.01,79.61,79.56,70.77,59.12,61.15,91.4,74.63,52.83,59.05,59.14,70.55,73.88,82.72,101.99,75.19,79.35,80.56,63.83,82.55,67.9,74.3,92.59,66.12,60.14,61.28,109.64
2020-07-10,76.69,94.21,69.96,72.03,58.85,55.82,64.24,81.38,67.18,73.65,88.35,90.99,76.04,75.01,95.89,102.52,71.72,69.36,76.14,53.78,53.34,59.9,70.27,79.96,80.17,70.99,59.52,61.8,91.77,74.92,53.08,59.23,59.38,71.3,74.51,83.16,102.37,75.91,79.6,81.0,64.24,83.0,68.25,74.67,93.4,66.4,60.37,61.64,109.6
2020-07-11,77.04,97.84,70.27,72.47,58.98,56.04,64.67,81.47,67.58,74.0,89.01,91.55,76.48,75.53,96.1,102.86,72.05,69.75,76.23,53.95,53.78,60.17,70.43,80.34,80.98,71.24,59.96,62.32,92.16,75.24,53.21,59.51,59.65,72.08,75.18,83.66,102.76,76.79,79.69,81.53,64.62,83.44,68.38,75.1,94.3,66.67,60.49,62.11,109.96
2020-07-12,77.37,97.66,70.58,72.87,59.03,56.23,65.02,81.55,67.71,74.34,89.66,92.02,76.81,76.0,96.16,103.45,72.3,70.18,76.22,54.08,54.16,60.43,70.69,80.64,81.81,71.49,60.3,62.91,92.51,75.53,53.32,59.7,59.93,72.88,75.86,84.2,103.12,77.65,79.89,81.98,64.94,83.98,68.65,75.46,95.15,66.94,60.43,62.4,110.22
2020-07-13,77.67,96.47,70.82,73.22,59.13,56.35,65.39,81.55,67.81,74.51,90.36,92.39,77.16,76.41,96.22,103.72,72.48,70.61,76.12,54.27,54.51,60.72,71.01,80.85,82.68,71.75,60.55,63.38,92.84,75.72,53.47,59.96,60.33,73.59,76.55,84.7,103.49,78.46,79.95,82.36,65.25,84.51,68.95,75.8,95.88,67.31,60.26,62.63,110.63
2020-07-14,78.12,96.94,70.93,73.53,59.24,56.44,65.83,81.42,67.86,74.71,91.01,92.88,77.42,76.85,96.43,104.93,72.68,70.99,76.1,54.38,54.81,60.97,71.3,81.18,83.56,72.01,60.79,63.88,93.31,76.5,53.56,60.21,60.48,74.23,77.13,85.1,103.97,79.3,79.94,82.75,65.49,85.49,69.5,76.11,96.58,67.62,60.06,62.87,111.34
2020-07-15,78.28,96.56,70.97,73.82,59.27,56.46,66.18,81.36,67.98,74.7,91.49,93.25,77.63,77.16,96.66,105.59,72.9,71.04,76.14,54.51,55.05,61.09,71.36,81.39,84.65,72.09,60.95,64.19,93.74,76.61,53.62,60.41,60.47,74.75,77.61,85.4,104.24,80.22,79.93,83.06,65.53,85.74,69.74,76.33,97.12,67.75,59.85,63.03,111.97
2020-07-16,78.43,95.78,71.03,74.05,59.39,56.61,66.3,81.45,67.96,74.75,91.8,93.59,77.73,77.32,97.01,106.27,73.07,71.16,76.13,54.49,55.24,61.19,71.45,81.56,85.62,72.16,61.03,64.4,94.37,76.6,53.49,60.49,60.5,75.23,78.01,85.68,104.53,80.55,79.89,83.3,65.56,85.99,69.92,76.5,97.55,67.9,59.39,63.12,112.77
2020-07-17,78.56,94.47,71.02,74.22,59.52,56.8,66.27,81.4,67.94,74.76,92.02,93.87,77.91,77.46,97.35,106.95,73.18,71.21,75.88,54.57,55.37,61.31,71.47,81.77,86.43,72.24,61.08,64.58,95.01,76.74,53.46,60.55,60.21,75.58,78.39,85.89,104.86,80.95,79.8,83.52,65.58,86.18,70.05,76.62,97.83,68.01,58.82,63.22,113.85
2020-07-18,78.55,92.65,70.58,74.19,59.53,56.74,66.02,81.29,67.94,74.54,92.18,94.05,77.99,77.36,98.35,107.51,73.12,70.84,75.95,54.53,55.28,61.09,71.11,81.82,86.84,72.02,60.88,64.65,95.34,76.62,53.15,60.36,59.83,75.77,78.7,86.05,105.16,81.22,79.65,83.55,65.32,86.21,70.22,76.1,97.95,67.85,58.31,63.18,114.71
2020-07-19,78.67,92.0,70.17,74.29,59.61,56.91,66.3,81.31,67.98,74.49,92.46,94.39,78.21,77.57,99.05,107.96,73.24,70.74,76.11,54.54,55.42,61.11,71.07,82.0,87.66,71.95,60.9,64.87,95.94,76.7,52.94,60.59,59.65,76.14,79.09,86.29,105.61,81.62,79.58,83.82,65.24,86.45,70.38,76.2,98.14,67.92,57.98,63.2,115.7
2020-07-20,78.88,92.04,69.84,74.47,59.78,57.23,66.68,81.3,68.08,74.59,92.73,94.91,78.39,77.85,99.77,108.46,73.33,70.69,76.32,54.63,55.68,61.25,71.05,82.33,88.8,71.99,61.12,65.14,96.66,76.82,53.04,60.89,59.68,76.62,79.52,86.61,106.15,82.03,79.6,84.14,65.29,86.79,70.64,76.43,98.47,68.01,57.65,63.33,116.61
2020-07-21,79.07,91.75,69.42,74.63,59.89,57.52,66.82,81.33,68.16,74.75,93.0,95.33,78.5,78.06,100.13,108.75,73.43,70.7,76.69,54.79,55.97,61.35,71.1,82.62,89.93,72.08,61.28,65.29,97.28,76.95,53.07,61.06,59.61,77.06,80.02,87.03,106.51,82.52,79.59,84.46,65.37,87.14,70.75,76.47,98.79,68.1,57.26,63.33,116.75
2020-07-22,79.37,91.68,69.07,74.89,60.14,57.67,67.02,81.36,68.3,75.02,93.29,95.83,78.66,78.32,100.09,108.83,73.54,70.98,76.95,54.82,56.17,61.45,71.23,82.96,91.0,72.22,61.51,65.66,97.91,77.1,53.18,61.27,59.69,77.54,80.65,87.66,106.9,83.24,79.83,84.93,65.61,87.63,70.92,76.61,99.11,68.22,56.93,63.45,116.82
2020-07-23,79.71,91.69,68.8,75.13,60.3,57.64,67.14,81.3,68.49,75.22,93.65,96.29,78.79,78.56,100.1,109.05,73.49,70.95,77.12,55.01,56.41,61.57,71.27,83.33,92.18,72.43,61.85,66.11,98.38,77.35,53.42,61.57,59.69,78.09,81.22,88.24,107.34,84.19,79.87,85.32,65.79,88.14,71.06,76.75,99.45,68.32,56.72,63.6,116.88
2020-07-24,80.05,92.52,68.62,75.36,60.53,57.57,67.47,81.38,68.79,75.34,93.92,96.69,78.95,78.87,100.35,109.33,73.64,70.91,77.43,55.12,56.8,61.66,71.39,83.6,99.35,72.7,62.21,66.46,98.15,77.57,53.71,61.9,60.13,78.74,81.79,88.86,107.73,85.11,80.06,85.68,66.0,88.94,71.15,76.88,99.76,68.42,56.62,63.79,116.63
2020-07-25,80.58,93.57,68.87,75.75,60.75,57.72,68.1,81.56,69.04,75.69,94.17,97.19,79.26,79.3,100.37,109.92,73.97,71.39,77.5,55.27,57.41,62.03,71.84,84.0,107.02,73.24,62.82,66.93,98.76,77.99,54.18,62.36,60.68,79.44,82.41,89.49,108.14,86.04,80.37,86.16,66.46,90.05,71.43,77.41,100.26,68.74,56.43,64.0,116.35
2020-07-26,80.96,94.81,69.09,75.99,60.86,57.8,68.32,81.64,69.23,75.86,94.28,97.51,79.45,79.56,100.72,110.39,74.05,71.49,77.61,55.37,57.88,62.12,71.94,84.3,114.24,73.63,63.19,67.37,99.22,78.31,54.61,62.46,60.96,80.0,82.91,90.05,108.38,86.88,80.58,86.43,66.73,90.92,71.57,77.43,100.6,68.79,56.09,64.2,116.04
2020-07-27,81.24,96.1,69.16,76.12,60.87,57.75,68.39,81.76,69.18,75.96,94.24,97.71,79.56,79.66,100.88,110.72,74.15,71.55,77.6,55.41,58.14,62.05,71.97,84.46,120.93,73.87,63.33,67.73,99.45,78.68,54.69,62.41,60.91,80.44,83.28,90.48,108.42,87.71,80.75,86.64,66.82,91.61,71.52,77.28,100.81,68.77,55.87,64.26,115.71
2020-07-28,81.54,97.02,69.51,76.33,60.89,57.8,68.54,82.59,69.31,75.92,94.26,97.91,79.79,79.82,101.28,111.23,74.44,71.58,77.42,55.38,58.39,62.11,72.05,84.63,127.61,74.12,63.54,68.16,99.76,78.98,54.87,62.53,61.14,80.98,83.71,90.88,108.61,88.47,80.89,86.83,66.93,92.35,71.54,77.34,101.0,68.79,55.75,64.51,115.68
2020-07-29,81.79,97.41,69.78,76.47,60.82,57.94,68.57,82.77,69.38,75.91,94.29,98.08,79.98,79.97,101.77,111.74,74.7,71.34,77.36,55.46,58.63,62.15,72.13,84.8,134.15,74.34,63.66,68.36,99.93,79.2,55.15,62.45,61.36,81.37,84.02,91.06,108.8,88.85,80.86,86.97,66.93,93.05,71.54,77.44,101.14,68.78,55.54,64.69,115.6
2020-07-30,81.98,97.48,70.05,76.66,60.7,58.14,68.83,82.76,69.45,75.79,94.26,98.01,80.18,80.11,102.16,112.19,74.98,71.22,77.34,55.21,58.88,62.15,72.2,84.97,139.78,74.38,63.73,68.39,100.04,79.46,55.46,62.42,61.54,81.62,84.38,91.26,108.94,89.26,80.94,86.97,67.03,93.56,71.57,77.59,101.25,68.83,55.43,64.88,115.59
2020-07-31,82.15,97.1,70.26,76.88,60.53,58.34,68.87,82.75,69.51,75.77,94.37,98.17,80.3,80.29,102.23,111.78,75.19,71.28,77.28,55.11,59.0,62.11,72.22,85.22,138.71,74.41,63.77,68.49,101.01,79.69,55.62,62.32,61.52,81.8,84.69,91.43,109.1,89.53,80.95,87.25,66.93,93.99,71.69,77.72,101.38,68.86,55.35,65.0,115.83
2020-08-01,82.3,96.37,70.63,77.15,60.55,58.59,69.19,82.7,69.64,75.81,94.45,98.44,80.39,80.53,102.45,111.74,75.35,71.41,77.27,55.1,59.35,62.32,72.45,85.43,131.13,74.57,63.97,69.15,101.43,79.81,56.11,62.41,61.55,82.06,85.03,91.67,109.27,89.79,81.02,87.58,67.06,93.86,71.82,78.06,101.56,69.11,55.44,65.13,116.19
2020-08-02,82.45,94.89,70.91,77.37,60.57,58.64,69.21,82.55,69.81,75.83,94.59,98.7,80.49,80.68,102.44,111.81,75.53,71.48,77.33,55.21,59.54,62.44,72.59,85.68,129.72,74.69,64.12,69.6,101.72,79.93,56.38,62.41,61.56,82.3,85.44,91.87,109.42,89.97,81.01,87.91,67.15,93.71,71.95,78.43,101.74,69.28,55.63,65.27,116.43
2020-08-03,82.62,93.26,71.28,77.63,60.64,58.81,69.27,82.36,70.33,75.83,94.75,98.99,80.71,80.93,102.59,112.02,75.8,71.49,77.33,55.26,59.83,62.62,72.69,85.95,128.38,74.81,64.43,70.07,102.04,80.07,56.66,62.48,61.58,82.61,85.88,92.08,109.56,90.15,80.94,88.29,67.25,93.5,72.11,78.82,102.0,69.47,55.88,65.48,116.77
2020-08-04,82.7,91.88,71.8,77.82,60.66,58.81,69.46,81.42,70.59,75.81,94.94,99.28,80.8,81.06,102.77,109.57,75.78,71.4,77.4,55.41,60.11,62.67,72.73,86.19,127.04,74.89,64.73,70.56,102.28,80.26,56.83,62.52,61.32,82.85,86.29,92.39,109.76,90.32,81.07,88.66,67.3,93.21,72.28,79.14,102.17,69.57,55.96,65.65,116.85
2020-08-05,82.75,90.6,72.15,77.8,60.6,58.82,69.6,81.12,70.84,75.5,95.12,99.42,80.68,81.18,102.86,107.33,75.75,71.3,77.62,55.61,60.17,62.63,72.64,86.34,125.84,74.79,64.78,71.01,102.73,80.6,56.84,62.47,60.91,83.03,86.61,92.65,109.87,90.73,80.8,88.9,67.11,92.9,72.38,79.21,102.09,69.62,56.07,65.79,116.9
2020-08-06,82.75,89.63,72.48,77.76,60.52,58.89,69.84,80.95,71.14,75.23,95.26,99.75,80.61,81.32,103.03,104.97,75.72,71.24,77.7,56.07,60.21,62.62,72.6,86.44,125.39,74.75,64.8,71.54,103.21,80.75,56.91,62.41,60.55,83.37,86.83,92.82,109.96,91.03,80.53,89.31,66.88,92.25,72.41,79.28,102.01,69.68,56.13,65.88,116.91
2020-08-07,82.67,88.26,72.78,77.77,60.37,58.91,70.16,80.82,71.34,74.88,95.42,99.83,80.56,81.35,103.51,102.7,75.64,70.87,77.82,56.37,60.25,62.57,72.42,86.54,125.57,74.66,64.86,72.14,103.52,80.49,56.98,62.25,60.31,83.75,87.14,93.07,110.02,91.4,80.2,89.37,66.75,91.07,72.32,79.36,101.88,69.6,56.04,66.04,116.95
2020-08-08,82.67,87.82,72.92,77.72,60.25,58.93,70.26,80.66,71.66,74.46,95.66,99.94,80.49,81.41,103.88,100.64,75.55,70.46,77.92,56.67,60.13,62.51,72.3,86.65,125.82,74.49,64.81,72.49,103.92,80.74,56.92,62.06,59.96,84.17,87.39,93.27,110.15,91.8,79.85,89.51,66.52,90.51,72.43,79.31,101.74,69.54,55.92,66.19,116.93
2020-08-09,82.63,88.15,73.11,77.72,60.09,59.0,70.63,80.53,71.97,74.05,95.77,100.03,80.43,81.39,104.37,98.43,75.45,70.16,77.97,56.93,60.09,62.58,72.28,86.69,119.9,74.34,64.83,72.87,104.48,80.99,57.05,62.0,59.82,84.54,87.56,93.4,110.25,92.24,79.49,89.63,66.38,89.92,72.47,79.3,101.64,69.63,55.71,66.3,116.98
2020-08-10,82.6,88.63,73.36,77.78,59.98,58.99,70.96,80.54,72.29,73.53,95.91,100.13,80.32,81.34,104.81,96.01,75.4,69.91,78.07,57.22,60.06,62.65,72.38,86.8,114.06,74.13,64.76,73.31,105.06,81.18,57.16,61.95,59.65,84.86,87.72,93.54,110.44,92.63,79.18,89.75,66.32,89.34,72.53,79.31,101.41,69.73,55.46,66.42,117.01
2020-08-11,82.64,89.18,73.25,77.83,59.93,59.12,71.15,80.64,72.72,73.11,95.97,100.24,80.33,81.37,105.18,95.88,75.36,69.75,78.1,57.52,60.01,62.79,72.44,86.88,108.14,73.96,64.73,73.73,105.63,81.38,57.35,61.91,59.76,85.18,87.83,93.58,110.48,92.94,78.77,89.93,66.32,88.85,72.58,79.31,101.21,69.89,55.33,66.57,117.15
2020-08-12,82.6,89.67,73.23,77.92,59.97,59.22,71.43,80.67,73.2,72.89,95.82,100.37,80.4,81.35,105.56,95.73,75.32,69.63,77.84,57.44,60.06,62.66,72.52,86.95,101.93,73.77,64.93,74.03,105.92,81.36,57.5,61.82,59.77,85.51,87.96,93.57,110.49,93.08,78.86,90.13,66.42,88.17,72.6,79.41,101.24,69.95,55.18,66.74,117.27
2020-08-13,82.61,89.78,73.04,78.0,60.05,59.31,71.63,80.63,73.69,72.63,95.72,100.58,80.48,81.27,105.78,95.5,75.52,69.61,77.8,57.31,60.21,62.67,72.52,86.96,95.72,73.55,64.88,74.22,106.09,81.36,57.66,61.83,59.98,85.69,88.18,93.67,110.57,93.15,78.94,90.35,66.55,87.79,72.72,79.5,101.32,70.06,55.12,66.89,117.38
2020-08-14,82.69,90.62,73.16,78.07,60.14,59.47,71.7,80.5,74.13,72.38,95.77,100.85,80.46,81.32,105.9,95.8,74.85,69.68,77.73,57.29,60.39,62.73,72.69,86.95,89.73,73.52,64.85,74.23,106.37,81.85,57.8,62.08,60.11,86.08,88.41,93.77,110.74,93.11,79.01,90.71,66.6,87.93,72.93,79.67,101.38,70.28,54.87,66.98,117.48
2020-08-15,82.49,90.57,72.96,77.96,60.09,59.31,71.37,80.85,74.42,72.04,95.59,100.79,80.32,80.96,105.97,95.54,74.08,69.35,77.65,57.12,60.28,62.37,72.45,86.85,89.52,73.21,64.51,73.67,106.14,81.72,57.71,61.77,59.86,86.09,88.46,93.66,110.74,92.94,79.0,90.64,66.37,87.59,72.74,79.44,101.2,70.06,54.46,67.01,117.53
2020-08-16,82.53,90.72,73.12,78.04,60.2,59.4,71.45,81.28,74.8,71.97,95.69,100.95,80.32,81.06,106.09,95.37,73.54,69.33,77.6,56.99,60.43,62.29,72.51,86.97,89.64,73.16,64.42,73.43,106.22,81.71,57.82,61.84,60.0,86.4,88.69,93.79,110.91,92.81,79.16,90.86,66.4,87.48,72.85,79.64,101.15,70.07,54.21,67.11,119.14
2020-08-17,82.57,90.64,73.26,78.1,60.24,59.57,71.64,81.57,75.15,72.06,95.84,101.1,80.33,81.14,106.18,95.29,72.98,69.34,77.6,56.72,60.56,62.21,72.58,87.0,89.89,73.21,64.36,73.18,106.28,81.65,57.98,61.86,60.15,86.77,89.04,93.94,111.16,92.69,79.41,91.17,66.42,87.46,72.98,79.87,101.19,70.07,54.01,67.21,120.65
2020-08-18,82.57,90.62,73.48,78.18,60.31,59.82,71.7,81.42,75.53,72.1,95.97,101.4,80.36,81.27,106.1,95.32,72.42,69.31,77.57,56.57,60.78,62.15,72.73,87.1,90.03,73.29,64.29,72.86,106.38,81.49,58.26,61.86,60.25,87.22,89.35,94.11,111.37,92.43,79.66,91.38,66.43,87.31,73.0,80.09,101.29,70.12,53.73,67.23,121.0
2020-08-19,82.7,91.04,73.73,78.39,60.34,60.02,71.83,81.29,75.92,72.27,96.3,101.73,80.56,81.47,106.22,95.5,71.99,69.32,77.86,56.68,61.15,62.42,72.94,87.24,90.21,73.56,64.21,72.85,106.4,81.55,58.55,62.09,60.39,87.72,89.72,94.35,111.63,92.29,79.85,91.61,66.53,87.5,73.1,80.43,101.31,70.2,53.48,67.21,121.4
2020-08-20,82.85,91.99,74.1,78.6,60.36,60.23,71.78,81.23,76.29,72.4,96.6,102.12,80.72,81.76,106.36,95.81,71.41,69.28,78.1,56.83,61.4,62.55,73.23,87.46,90.46,73.9,64.45,72.99,106.64,81.72,58.79,62.3,60.39,88.27,90.08,94.53,111.78,92.26,80.09,91.89,66.61,87.74,73.19,80.8,101.18,70.22,53.19,67.31,121.72
2020-08-21,82.96,92.49,74.05,78.77,60.37,60.4,71.74,81.2,76.75,72.58,96.8,102.42,80.95,81.99,106.18,96.08,71.66,69.35,78.45,56.88,61.53,62.67,73.41,87.65,90.69,74.07,64.48,73.14,106.73,81.74,59.03,62.24,60.37,88.58,90.36,94.6,111.83,91.9,80.35,92.19,66.63,87.84,73.19,81.02,101.06,70.22,53.22,67.46,122.12
2020-08-22,83.25,93.23,74.26,79.04,60.44,60.75,72.11,80.69,77.22,72.84,97.18,103.0,81.3,82.52,105.95,96.24,72.07,69.69,78.78,57.08,61.9,63.02,73.92,87.95,91.43,74.51,64.86,73.86,107.34,81.91,59.4,62.63,60.45,89.16,90.87,94.87,111.97,91.68,80.73,92.85,66.84,88.28,73.33,81.71,101.08,70.45,53.31,67.77,122.47
2020-08-23,83.33,93.56,74.1,79.19,60.43,61.0,72.1,80.17,77.75,72.88,97.42,103.42,81.56,82.69,105.8,96.18,72.33,69.76,79.18,57.1,62.12,63.13,74.06,88.09,91.84,74.59,64.99,74.36,107.58,81.9,59.65,62.66,60.2,89.51,91.25,95.06,111.96,91.57,80.94,93.23,66.89,88.34,73.22,81.86,100.94,70.49,53.46,68.17,121.33
2020-08-24,83.4,93.92,73.93,79.3,60.36,61.11,72.05,79.67,78.2,72.82,97.55,103.73,81.76,82.87,105.71,96.07,72.53,69.76,79.36,57.28,62.25,63.16,74.17,88.22,92.2,74.74,65.24,74.83,107.75,82.03,59.81,62.67,59.96,89.81,91.51,95.16,111.82,91.38,81.12,93.54,66.79,88.51,73.05,82.0,100.82,70.46,53.49,68.52,120.2
2020-08-25,83.52,94.39,73.95,79.43,60.32,61.11,72.07,79.67,78.53,72.84,97.74,103.95,81.9,83.07,105.84,96.29,72.84,69.83,79.64,57.59,62.19,63.19,74.28,88.32,92.64,74.91,65.47,75.36,107.94,82.22,59.88,62.71,59.76,90.17,91.87,95.28,111.85,91.15,81.26,93.91,66.76,88.87,73.05,82.28,100.71,70.38,53.72,68.93,120.3
2020-08-26,83.6,94.48,74.03,79.54,60.31,61.2,71.88,79.65,78.91,72.78,97.88,104.16,82.01,83.25,105.92,96.23,73.08,69.96,79.74,57.85,62.15,63.27,74.42,88.45,93.17,75.07,65.63,75.73,108.26,82.27,60.02,62.74,59.55,90.43,92.15,95.39,111.87,91.0,81.3,94.3,66.83,88.97,73.02,82.59,100.65,70.45,53.96,69.39,120.23
2020-08-27,83.63,94.35,73.91,79.58,60.25,61.22,71.86,79.67,79.28,72.83,97.98,104.25,82.0,83.31,106.04,95.32,73.35,70.08,79.78,58.06,62.1,63.35,74.52,88.5,93.62,75.2,65.77,76.03,108.54,82.36,60.12,62.65,59.49,90.64,92.41,95.49,111.9,90.57,81.31,94.55,66.91,89.16,73.02,82.87,100.71,70.55,54.18,69.67,120.18
2020-08-28,83.71,94.33,73.96,79.68,60.25,61.28,71.97,79.76,79.6,72.95,98.05,104.36,82.03,83.41,106.34,94.54,73.61,70.11,79.81,58.34,62.19,63.48,74.55,88.66,93.89,75.24,66.11,76.53,108.8,82.5,60.29,62.77,59.4,90.95,92.71,95.62,112.04,90.49,81.46,94.79,67.14,89.38,73.08,83.24,100.72,70.67,54.39,70.04,120.06
2020-08-29,83.83,94.63,73.97,79.86,60.17,61.37,72.02,79.82,79.81,72.95,98.13,104.49,82.03,83.61,106.75,94.68,73.81,70.17,79.94,58.54,62.25,63.67,74.49,88.86,93.85,75.22,66.38,76.77,108.94,82.62,60.52,62.8,59.62,91.3,93.02,95.86,112.21,90.68,81.7,95.06,67.32,89.52,73.16,83.62,100.78,70.75,54.49,70.26,120.0
2020-08-30,83.95,95.2,73.94,79.91,60.06,61.32,72.09,79.9,79.96,72.87,98.11,104.6,81.97,83.77,107.12,95.13,73.97,70.22,79.85,58.76,62.28,63.8,74.49,89.03,93.76,75.23,66.53,76.93,109.06,82.75,60.69,62.73,59.7,91.63,93.27,95.99,112.27,90.36,81.88,95.31,67.41,89.85,73.29,83.92,100.8,70.79,54.4,70.36,119.98
2020-08-31,84.06,96.13,73.98,80.05,60.02,61.25,72.16,79.89,80.27,72.84,98.23,104.99,81.99,83.98,107.43,95.45,74.17,70.32,79.88,58.71,62.37,63.93,74.46,89.27,93.67,75.24,66.67,77.08,109.2,82.82,60.87,62.73,59.71,91.97,93.54,96.19,112.37,90.18,82.02,95.56,67.61,89.96,73.5,84.18,100.82,70.89,54.44,70.54,119.73
2020-09-01,84.14,96.42,73.81,80.23,60.0,61.05,72.19,79.77,80.65,72.56,98.32,105.31,82.06,84.13,107.7,95.52,74.35,70.42,79.87,58.45,62.72,64.16,74.38,89.56,93.61,75.17,66.87,77.36,109.3,82.86,61.04,62.82,59.83,92.2,93.73,96.37,112.49,90.19,82.35,95.76,67.78,89.78,73.6,84.35,100.76,70.99,54.34,70.7,119.68
2020-09-02,84.3,97.03,73.62,80.46,59.96,61.11,72.6,79.75,81.12,72.35,98.42,105.63,82.14,84.33,107.94,95.86,74.56,70.54,80.03,58.52,63.05,64.46,74.4,89.77,93.6,75.24,67.15,77.89,109.47,82.97,61.28,63.05,60.23,92.67,93.97,96.68,112.76,90.51,82.82,95.99,67.95,89.69,73.75,84.51,100.86,71.14,54.37,70.95,119.8
2020-09-03,84.52,97.5,73.34,80.73,60.01,61.25,72.83,79.48,81.63,72.16,98.54,106.0,82.34,84.61,108.26,97.04,74.81,70.68,80.32,58.73,63.67,64.78,74.42,90.11,93.56,75.35,67.48,78.54,109.64,83.05,62.38,63.34,60.61,93.25,94.31,96.96,113.05,91.36,83.41,96.42,68.19,89.74,73.89,84.71,100.99,71.26,54.57,71.26,119.96
2020-09-04,84.71,98.93,73.09,80.95,59.99,61.44,73.28,79.11,82.14,71.88,98.6,106.45,82.47,84.9,108.52,98.18,75.13,70.81,80.37,59.02,64.11,65.12,74.67,90.37,93.53,75.63,67.76,79.11,109.84,83.18,62.88,63.75,61.23,93.65,94.52,97.06,113.23,92.2,83.67,96.73,68.4,89.69,74.08,84.91,101.17,71.48,54.75,71.36,120.04
2020-09-05,84.81,100.9,72.81,81.11,60.0,61.6,73.52,78.74,82.74,71.58,98.59,106.76,82.69,85.04,108.73,98.45,75.43,70.86,80.42,59.26,64.57,65.33,74.83,90.54,93.49,75.9,67.96,79.68,109.99,83.3,63.35,64.08,61.43,93.92,94.6,97.09,113.43,92.69,83.82,97.0,68.58,89.56,74.26,85.03,101.32,71.67,54.98,71.63,120.08
2020-09-06,84.96,102.67,72.64,81.43,60.06,61.87,73.84,78.5,83.41,71.45,98.71,107.14,82.96,85.28,108.86,98.25,75.75,71.01,80.63,59.46,65.07,65.56,75.04,90.74,93.85,76.24,68.31,80.38,110.26,83.47,63.82,64.65,61.95,94.28,94.74,97.19,113.77,93.49,84.27,97.39,68.8,89.51,74.53,85.24,101.54,71.91,55.3,71.95,120.04
2020-09-07,85.05,103.39,72.41,81.77,60.18,62.23,74.12,78.37,84.02,71.27,98.78,107.37,83.21,85.54,109.03,97.24,76.12,71.1,80.94,59.96,65.61,65.8,75.2,90.99,94.17,76.5,68.64,81.14,110.49,83.21,64.31,65.18,62.56,94.7,94.96,97.32,114.12,94.38,84.81,97.76,69.04,89.04,74.62,85.5,101.7,72.11,55.51,72.25,120.25
2020-09-08,85.14,103.77,72.09,81.86,60.14,62.71,74.53,78.27,84.26,71.18,98.67,107.46,83.31,85.7,109.03,97.24,76.32,71.08,81.09,60.36,65.93,65.9,75.34,91.08,94.37,76.72,68.8,81.63,110.52,83.26,64.79,65.56,62.94,95.05,95.1,97.39,114.32,95.24,85.04,98.01,69.14,89.04,74.8,85.62,101.85,72.31,55.7,72.55,120.12
2020-09-09,85.18,103.81,72.59,81.91,60.11,62.93,74.8,78.15,84.45,71.05,98.61,107.57,83.37,85.84,108.86,97.18,76.49,70.98,81.15,60.18,66.31,65.93,75.37,91.24,94.53,76.74,68.95,81.88,110.45,83.3,65.18,65.83,63.14,95.21,95.18,97.35,114.44,95.55,85.21,98.18,69.12,88.76,74.89,85.74,101.86,72.36,55.83,72.79,120.0
2020-09-10,85.31,104.26,73.56,82.19,60.09,63.16,75.24,78.35,84.65,70.86,98.65,107.74,83.52,85.99,108.85,97.53,76.73,70.86,81.13,60.02,66.48,65.94,75.46,91.38,94.85,76.74,69.01,82.2,110.31,83.51,64.76,66.17,63.27,95.46,95.41,97.62,114.62,95.68,85.41,98.25,69.12,88.66,75.1,85.86,101.96,72.51,55.79,73.1,119.79
2020-09-11,85.5,103.1,74.82,82.52,60.13,63.35,75.6,78.59,85.11,70.75,98.82,108.16,83.72,86.23,108.99,98.02,76.94,70.88,81.3,59.91,66.78,65.92,75.44,91.57,95.22,76.66,69.01,82.47,110.2,83.66,64.96,66.34,63.34,95.89,95.74,98.07,114.84,95.76,85.93,98.44,69.1,88.73,75.2,86.03,102.04,72.6,55.83,73.47,119.76
2020-09-12,85.68,101.44,76.44,82.79,60.2,63.55,76.2,78.87,85.38,70.74,98.92,108.48,83.83,86.54,109.07,97.8,77.1,71.0,81.43,59.86,67.03,65.96,75.5,91.76,95.68,76.65,69.0,82.68,110.25,83.87,65.09,66.61,63.49,96.28,96.1,98.37,114.94,95.8,86.42,98.54,69.1,88.81,75.3,86.12,102.1,72.72,55.9,73.71,119.63
2020-09-13,85.76,98.17,77.91,82.95,60.22,63.64,76.52,79.03,85.44,70.56,98.9,108.6,83.88,86.62,109.18,97.67,77.14,71.0,81.47,59.67,67.13,65.94,75.46,91.89,95.87,76.63,68.84,82.83,110.05,84.0,65.17,66.78,63.55,96.55,96.44,98.6,114.97,95.83,86.67,98.46,68.99,88.76,75.18,86.14,101.96,72.78,55.92,73.87,119.5
2020-09-14,85.86,95.43,79.38,83.01,60.07,63.73,76.71,78.92,85.56,70.33,98.91,108.71,83.92,86.6,109.21,98.61,77.22,70.94,81.42,59.45,67.15,65.89,75.42,91.95,96.21,76.55,68.59,82.87,110.03,84.43,65.31,66.89,63.57,96.6,96.67,98.8,114.99,95.56,86.69,98.32,68.79,89.11,75.28,86.2,101.8,72.8,55.96,74.03,119.4
2020-09-15,86.03,95.46,81.02,83.27,60.05,63.88,77.2,78.88,86.08,70.25,99.2,109.08,84.12,86.7,109.43,99.17,77.43,71.04,81.54,59.61,67.3,65.95,75.46,92.12,96.84,76.63,68.47,82.92,110.25,84.59,65.49,67.05,63.67,96.85,96.99,99.04,115.17,95.54,87.01,98.46,68.78,89.42,75.39,86.49,101.68,72.89,56.15,74.15,119.42
2020-09-16,86.25,96.04,81.89,83.72,60.14,64.08,77.59,78.91,86.51,70.25,99.45,109.45,84.36,86.78,109.8,99.71,77.66,71.15,81.53,60.03,67.41,65.99,75.48,92.31,97.32,76.83,68.36,83.04,110.67,84.78,65.69,67.32,63.78,97.21,97.38,99.35,115.34,95.64,87.3,98.52,68.82,89.96,75.56,86.69,101.65,73.06,56.26,74.34,119.54
2020-09-17,86.45,96.24,82.66,84.02,60.23,64.24,78.13,79.05,86.9,70.3,99.62,109.68,84.54,86.91,110.01,99.93,77.84,71.36,81.77,60.31,67.52,66.14,75.56,92.46,97.69,77.14,68.39,83.05,111.26,85.05,65.93,67.62,63.97,97.45,97.62,99.53,115.47,95.65,87.3,98.66,68.91,90.29,75.68,86.89,101.51,73.26,56.48,74.61,119.79
2020-09-18,86.64,96.77,83.06,84.23,60.31,64.33,78.29,79.31,87.18,70.24,99.73,109.65,84.93,86.97,110.08,100.05,78.76,71.48,81.96,60.33,67.61,66.16,75.57,92.54,97.95,77.41,68.45,82.85,111.65,85.3,66.05,67.74,64.13,97.67,97.84,99.71,115.48,95.82,87.18,98.73,68.97,90.47,75.87,86.99,101.42,73.35,56.85,75.03,119.97
2020-09-19,86.79,97.03,83.04,84.48,60.43,64.35,78.42,79.59,87.56,70.23,99.97,109.69,85.35,86.91,110.41,100.56,79.73,71.55,82.18,60.28,67.71,66.18,75.66,92.63,98.15,77.67,68.57,82.73,111.85,85.49,66.25,67.89,64.52,97.88,97.97,99.98,115.62,95.76,87.1,98.9,69.04,90.53,75.98,87.07,101.37,73.42,57.21,75.48,120.25
2020-09-20,87.04,98.94,83.22,84.76,60.56,64.55,78.73,79.82,88.04,70.29,100.31,109.84,85.79,87.16,110.79,101.16,80.9,71.7,82.5,60.44,67.92,66.3,75.84,92.82,98.41,77.96,68.9,82.63,112.31,85.75,66.48,68.14,64.71,98.22,98.21,100.3,115.79,95.75,87.13,99.15,69.25,90.71,76.24,87.39,101.47,73.56,57.61,75.96,120.53
2020-09-21,87.29,100.99,83.36,85.03,60.73,64.66,79.22,80.3,88.29,70.31,100.46,109.83,86.17,87.41,111.16,101.45,82.04,71.86,82.87,60.61,68.12,66.37,76.03,92.95,98.33,78.21,69.19,82.42,112.58,86.08,66.64,68.35,64.95,98.65,98.45,100.59,115.89,95.91,87.2,99.41,69.43,90.92,76.46,87.64,101.54,73.65,58.05,76.39,120.84
2020-09-22,87.51,100.8,83.49,85.37,60.97,64.74,79.49,81.0,88.55,70.34,100.71,109.85,86.63,87.76,111.45,101.91,83.07,71.95,83.21,60.47,68.28,66.41,76.15,93.06,98.33,78.45,69.45,82.23,112.97,86.42,66.86,68.48,65.19,98.95,98.72,100.92,115.98,95.97,87.27,99.64,69.55,90.89,76.6,87.81,101.68,73.71,58.51,76.83,121.14
2020-09-23,87.71,100.2,83.51,85.46,61.12,64.7,79.84,81.44,88.67,70.31,101.02,109.9,87.04,88.04,111.78,102.24,84.02,72.07,83.6,60.04,68.47,66.41,76.31,93.18,98.27,78.67,69.73,82.07,113.19,86.67,67.1,68.57,65.73,99.27,98.99,101.25,115.98,96.04,87.3,100.02,69.72,90.98,76.68,88.0,101.99,73.72,59.01,77.22,121.36
2020-09-24,87.78,100.01,83.46,85.5,61.18,64.55,79.91,81.72,88.7,70.25,101.35,109.97,87.38,88.22,111.97,102.53,84.88,72.0,83.67,59.68,68.62,66.35,76.38,93.29,98.13,78.78,69.95,81.94,113.28,86.72,67.22,68.6,66.3,99.39,99.1,101.38,116.0,96.06,87.53,100.26,69.77,90.8,76.66,88.14,102.38,73.72,59.43,77.43,121.5
2020-09-25,87.85,100.51,83.48,85.57,61.35,64.36,80.17,82.04,88.58,70.24,101.45,110.02,87.53,88.25,112.14,102.75,84.92,71.97,83.78,59.44,68.85,66.38,76.57,93.48,98.03,78.96,70.18,82.08,113.54,86.87,67.53,68.79,66.93,99.38,99.15,101.44,116.1,96.02,87.66,100.53,69.91,90.86,76.76,88.39,102.73,73.86,59.67,77.44,121.56
2020-09-26,87.93,101.21,83.57,85.69,61.43,64.39,80.39,82.38,88.55,70.1,101.58,110.08,87.65,88.33,112.09,102.81,84.99,71.92,83.87,59.41,70.42,66.38,76.68,93.63,97.96,79.12,70.42,81.96,113.66,87.1,67.82,68.88,67.79,99.43,99.27,101.5,116.19,96.23,87.9,100.72,69.99,90.92,76.91,88.57,102.09,73.95,60.07,77.51,121.67
2020-09-27,88.0,101.76,83.63,85.8,61.48,64.37,80.56,82.74,88.57,70.02,101.74,110.36,87.81,88.28,112.07,102.99,85.03,71.87,83.95,59.44,70.7,66.37,76.81,93.78,97.86,79.32,70.59,81.81,113.78,87.21,68.15,68.98,68.8,99.44,99.37,101.6,116.27,96.51,88.15,101.09,70.05,90.91,77.03,88.71,101.46,74.03,60.49,77.61,121.79
2020-09-28,88.14,102.55,83.76,85.99,61.61,64.41,80.67,83.08,88.69,70.05,102.06,110.76,88.04,88.38,112.12,103.34,84.99,71.95,84.07,59.37,71.02,66.49,77.0,94.06,97.82,79.62,70.89,81.83,113.93,87.48,68.5,69.17,69.85,99.49,99.56,101.76,116.41,96.82,88.45,101.46,70.2,90.91,77.16,88.86,100.95,74.24,60.84,77.82,121.93
2020-09-29,88.33,103.52,83.97,86.15,61.75,64.48,80.88,83.28,88.74,70.1,102.23,111.15,88.28,88.32,112.27,103.75,85.1,72.05,84.21,59.57,71.4,66.65,77.19,94.37,97.78,79.86,71.23,82.05,114.14,87.69,68.82,69.39,70.86,99.64,99.8,102.03,116.58,97.02,88.79,101.78,70.33,91.01,77.33,88.94,100.42,74.47,60.99,78.16,122.07
2020-09-30,88.55,104.57,84.35,86.45,61.84,64.75,81.25,83.63,89.4,70.2,102.45,111.49,88.6,88.41,112.41,104.27,85.38,72.35,84.36,59.99,71.91,66.93,77.41,94.67,97.82,80.06,71.65,82.19,113.84,87.97,69.14,69.58,71.64,99.83,100.09,102.33,116.83,97.21,89.26,102.08,70.5,91.03,77.67,89.19,99.77,74.79,61.22,78.54,122.21
2020-10-01,88.65,104.91,84.64,86.59,62.05,65.1,81.57,83.85,89.67,70.2,102.34,111.58,88.86,88.42,112.29,104.32,85.2,72.57,84.44,60.28,72.31,67.22,77.58,94.81,97.51,80.23,71.94,82.02,113.75,88.15,69.42,69.72,72.24,100.09,100.37,102.6,116.89,97.31,89.66,102.29,70.69,91.22,77.96,89.36,98.88,75.0,61.37,78.86,122.17
2020-10-02,88.81,104.65,84.93,86.79,62.2,65.46,81.8,83.94,89.91,70.16,102.59,111.75,89.12,88.49,112.18,104.24,85.15,72.78,84.57,60.56,72.61,67.5,77.69,94.97,97.17,80.34,72.21,81.97,113.67,88.4,69.57,69.93,72.67,100.43,100.69,102.97,117.06,97.48,90.1,102.61,70.82,91.26,78.27,89.42,98.04,75.22,61.47,79.36,122.18
2020-10-03,89.05,104.44,85.31,87.05,62.34,65.93,82.14,84.15,90.22,70.26,102.77,111.94,89.43,88.66,112.11,104.53,85.15,72.99,84.75,60.76,71.63,67.84,77.77,95.2,97.13,80.44,72.5,82.13,113.79,88.55,69.71,70.2,72.88,100.79,101.1,103.41,117.28,97.65,90.45,102.97,71.01,91.41,78.59,89.67,98.27,75.52,61.45,79.74,122.12
2020-10-04,89.23,104.2,85.64,87.23,62.47,65.9,82.37,84.24,90.35,70.27,102.71,111.88,89.67,88.86,112.03,104.65,85.0,73.17,84.78,60.65,71.95,68.16,77.71,95.36,97.01,80.51,72.73,82.18,113.72,88.82,69.84,70.38,72.91,101.12,101.46,103.83,117.46,97.74,90.71,103.03,71.15,91.54,78.85,89.79,98.37,75.81,61.37,80.03,122.09
2020-10-05,89.38,103.66,85.88,87.4,62.57,66.15,82.64,84.13,90.49,70.26,102.63,111.79,89.84,88.93,111.89,104.77,84.82,73.32,84.84,60.51,72.25,68.38,77.62,95.46,97.0,80.55,72.96,82.14,113.63,88.98,69.89,70.57,72.9,101.44,101.82,104.22,117.64,97.84,90.92,103.09,71.3,91.61,79.04,89.96,98.42,75.99,61.26,80.28,121.98
2020-10-06,89.43,103.33,85.98,87.52,62.58,66.34,82.69,83.97,90.76,70.17,102.53,111.66,89.87,88.96,111.77,104.23,84.59,73.43,84.84,60.04,72.44,68.48,77.48,95.47,96.7,80.55,73.12,82.06,113.49,89.06,69.94,70.77,72.87,101.67,102.03,104.47,117.87,97.83,91.05,103.26,71.42,91.66,79.18,90.13,98.49,76.14,61.34,80.44,121.96
2020-10-07,89.37,102.56,86.03,87.57,62.59,66.59,82.65,83.84,90.45,69.96,102.44,111.57,89.86,88.94,111.66,102.68,84.3,73.43,84.94,59.86,72.48,68.54,77.23,95.54,96.52,80.55,73.25,81.98,113.48,88.74,70.0,71.02,72.76,101.86,102.15,104.69,117.95,97.82,91.09,103.39,71.47,91.39,79.04,90.19,98.51,76.2,61.28,80.6,122.0
2020-10-08,89.59,103.37,86.19,87.75,62.66,66.94,82.68,83.9,90.12,69.87,102.67,111.75,90.01,89.04,111.58,103.25,84.48,73.69,85.11,59.8,72.59,68.58,77.08,95.77,96.82,80.55,73.46,82.07,114.31,88.89,70.27,71.31,72.74,102.13,102.43,104.99,118.15,97.85,91.21,103.71,71.54,91.56,79.23,90.33,98.68,76.35,61.32,80.91,122.2
2020-10-09,89.7,104.34,86.25,87.89,62.72,67.33,82.84,84.05,89.89,69.8,102.68,111.93,90.28,89.07,111.84,103.6,84.56,73.8,85.21,59.87,72.69,68.63,76.81,95.94,97.28,80.54,73.76,82.06,115.07,88.82,70.53,71.48,72.83,102.4,102.72,105.26,118.35,97.45,91.38,103.96,71.57,91.67,79.25,90.44,98.83,76.45,61.4,81.2,122.42
2020-10-10,89.84,105.1,86.28,87.98,62.8,67.46,82.88,84.06,89.57,69.7,102.81,112.24,90.52,89.26,112.0,104.3,84.6,73.97,85.26,59.86,72.73,68.6,76.54,96.14,97.49,80.48,74.1,82.0,115.87,88.84,70.72,71.62,72.94,102.69,102.93,105.44,118.47,97.01,91.49,104.23,71.54,91.86,79.29,90.51,98.95,76.46,61.46,81.56,122.8
2020-10-11,90.01,105.98,86.36,88.12,62.93,67.86,83.08,84.3,89.42,69.67,103.08,112.59,90.81,89.4,112.28,105.11,84.68,74.22,85.44,60.13,72.8,68.63,76.44,96.39,97.67,80.52,74.5,82.21,116.7,88.96,71.01,71.82,73.19,103.05,103.16,105.62,118.74,96.45,91.65,104.6,71.61,92.09,79.34,90.58,99.1,76.56,61.59,81.97,123.04
2020-10-12,90.22,107.24,86.46,88.27,62.95,67.98,83.22,84.76,89.28,69.6,103.34,112.9,91.11,89.46,112.61,106.17,84.76,74.38,85.49,60.49,72.87,68.68,76.33,96.64,97.83,80.52,74.9,82.44,117.67,89.08,71.34,71.97,73.3,103.32,103.34,105.82,119.04,95.86,91.85,104.93,71.61,92.43,79.53,90.59,99.2,76.74,61.89,82.38,123.15
2020-10-13,90.38,108.02,86.57,88.35,62.96,68.19,83.57,84.93,88.9,69.48,103.53,113.12,91.33,89.58,112.72,107.09,84.85,74.6,85.57,60.96,72.93,68.81,76.28,96.95,98.04,80.51,75.28,82.52,118.45,89.23,71.6,72.16,73.55,103.59,103.57,105.94,119.17,95.33,91.92,105.13,71.6,92.36,79.6,90.57,99.25,76.9,62.17,82.79,123.16
2020-10-14,90.57,109.08,86.67,88.35,63.06,68.23,83.62,85.07,88.52,69.4,103.67,113.38,91.64,89.68,112.8,108.96,84.88,74.68,85.57,61.22,73.09,68.87,76.26,97.14,98.38,80.43,75.63,82.54,119.59,89.72,71.79,72.37,73.79,103.75,103.78,106.13,119.42,94.73,91.9,105.29,71.64,92.62,79.95,90.66,99.36,77.14,62.62,83.19,123.06
2020-10-15,90.68,108.63,86.89,88.46,63.23,68.32,83.89,85.17,88.56,69.48,103.79,113.77,91.67,89.87,113.21,109.16,84.46,74.76,85.62,61.62,73.41,69.01,76.39,97.41,98.44,80.42,76.07,82.77,119.75,89.82,72.03,72.62,73.98,104.08,104.0,106.45,119.69,94.09,92.13,105.67,71.73,92.54,80.16,90.88,99.56,77.44,62.58,83.76,123.03
2020-10-16,90.74,108.73,87.8,88.4,63.23,68.25,84.03,85.04,88.27,69.42,103.72,113.81,91.43,89.93,113.2,109.47,83.9,74.79,85.62,61.78,73.74,69.03,76.59,97.5,98.43,80.33,76.38,82.77,119.94,90.02,72.17,72.89,73.98,104.15,104.15,106.57,119.75,93.62,92.12,105.75,71.8,92.63,80.32,91.06,99.54,77.59,62.45,84.13,122.94
2020-10-17,90.63,108.45,88.51,88.1,63.1,67.81,83.89,84.81,88.03,69.14,103.56,113.72,91.14,89.66,113.26,109.36,83.23,74.62,85.51,62.04,73.92,68.98,76.65,97.41,98.43,80.22,76.58,82.76,120.06,89.99,72.37,73.05,73.6,104.14,104.36,106.82,119.81,93.28,92.34,105.8,71.79,92.55,80.37,91.01,99.38,77.8,62.31,84.42,122.71
2020-10-18,90.58,108.08,89.33,88.0,63.08,67.7,83.84,84.41,87.79,69.13,103.47,113.84,90.82,89.69,113.23,109.66,82.66,74.49,85.41,62.37,74.14,68.94,76.71,97.4,98.69,80.04,76.83,82.69,120.37,89.94,72.56,73.2,73.5,104.25,104.59,107.09,119.87,93.08,92.47,105.91,71.76,92.51,80.56,91.12,99.34,78.01,62.26,84.86,122.75
2020-10-19,90.6,107.45,90.36,87.9,63.16,67.88,83.82,83.92,87.57,69.21,103.52,114.04,90.59,89.93,113.17,109.38,82.13,74.65,85.4,62.81,74.5,69.06,76.95,97.47,98.94,80.03,77.16,82.84,120.63,89.88,72.82,73.5,73.56,104.47,104.82,107.41,119.93,92.94,92.84,106.24,71.9,92.54,80.74,91.41,99.42,78.33,62.14,85.37,122.96
2020-10-20,90.71,107.38,91.33,87.86,63.22,67.94,83.88,83.74,87.41,69.3,103.53,114.24,90.55,90.15,113.04,109.67,81.68,74.67,85.34,63.15,74.93,69.12,77.13,97.52,99.26,80.07,77.52,83.08,120.94,89.96,73.12,73.74,73.52,104.6,105.08,107.79,120.04,92.81,93.19,106.67,72.05,92.87,81.06,91.7,99.41,78.69,61.99,85.88,123.04
2020-10-21,90.87,107.39,92.31,87.97,63.27,68.08,84.25,83.59,87.42,69.4,103.45,114.44,90.62,90.44,112.87,109.84,81.53,74.69,85.32,63.56,75.31,69.26,77.32,97.65,99.38,80.19,77.85,83.4,121.24,90.05,73.41,73.86,73.48,104.93,105.5,108.27,120.16,92.68,93.74,107.21,72.25,93.19,81.33,91.86,99.48,79.01,62.17,86.49,123.28
2020-10-22,91.04,107.97,93.28,88.07,63.15,68.01,84.58,83.3,87.39,69.36,103.34,114.51,90.92,90.64,112.55,110.2,81.89,74.53,85.26,63.86,75.56,69.37,77.27,97.75,99.69,80.27,78.13,83.67,121.47,90.03,73.65,73.74,73.38,105.1,105.83,108.65,120.32,92.64,94.18,107.32,72.45,93.42,81.46,91.85,99.81,79.02,62.92,86.88,123.43
2020-10-23,91.15,107.46,93.39,88.11,63.02,67.91,84.76,83.08,87.32,69.35,103.47,114.58,91.27,90.93,112.25,110.68,82.23,74.5,85.23,64.19,75.73,69.47,77.23,97.9,99.75,80.28,78.3,84.11,121.64,90.0,73.86,73.67,73.24,105.37,106.13,109.12,120.59,92.63,94.63,107.74,72.61,93.5,81.67,91.86,99.92,79.27,63.72,87.38,123.62
2020-10-24,91.39,107.5,93.72,88.44,63.16,68.32,85.27,82.95,87.32,69.57,103.55,114.71,91.68,91.4,111.97,111.39,82.72,74.67,85.31,64.62,76.08,69.74,77.31,98.15,99.91,80.42,78.51,84.57,121.91,90.23,74.06,73.76,73.4,105.8,106.42,109.47,120.82,92.49,94.99,108.16,72.86,93.69,81.92,92.15,100.07,79.53,64.56,87.88,123.61
2020-10-25,91.52,107.79,93.79,88.54,63.14,68.35,85.73,82.84,87.22,69.49,103.54,114.63,92.08,91.54,111.61,111.66,83.06,74.75,85.34,64.71,76.39,69.94,77.42,98.36,99.78,80.51,78.55,84.83,122.11,90.34,74.17,73.72,73.22,106.01,106.62,109.8,120.88,92.29,95.29,108.55,73.07,93.75,82.07,92.27,100.14,79.72,65.26,88.12,123.44
2020-10-26,91.58,108.24,93.67,88.63,63.11,68.11,86.4,82.73,87.09,69.3,103.39,114.51,92.39,91.67,111.28,112.18,83.35,74.55,85.31,64.81,76.62,70.02,77.3,98.41,99.69,80.47,78.48,84.92,122.34,90.45,74.23,73.56,72.98,106.15,106.78,110.02,120.91,92.06,95.37,108.79,73.12,93.8,82.18,92.27,100.12,79.76,65.94,88.32,123.21
2020-10-27,91.67,108.63,93.7,88.98,63.14,68.02,86.93,82.64,87.21,69.21,103.42,114.51,92.66,91.81,111.14,112.38,83.61,74.51,85.32,64.91,76.9,70.22,77.28,98.57,99.61,80.46,78.49,85.07,122.54,90.54,74.3,73.55,72.89,106.45,106.97,110.26,121.01,91.73,95.5,109.16,73.26,93.88,82.23,92.42,100.29,79.87,66.59,88.49,123.16
2020-10-28,91.71,108.96,93.78,89.29,63.07,67.83,87.36,82.55,86.94,69.32,103.49,114.46,92.76,91.88,111.09,112.87,83.6,74.7,85.19,64.91,77.04,70.37,77.26,98.66,99.52,80.5,78.46,85.26,122.83,90.55,74.47,73.52,72.9,106.6,107.06,110.37,121.18,91.46,95.45,109.42,73.29,93.91,82.32,92.6,100.13,80.0,66.78,88.52,122.98
2020-10-29,91.67,109.15,93.98,89.5,63.03,67.88,87.58,82.53,86.8,69.36,103.64,114.45,92.82,91.91,111.1,113.08,83.6,74.98,85.17,64.99,77.28,70.54,77.28,98.76,99.33,80.48,78.42,85.33,123.07,90.69,74.63,73.74,73.15,106.7,107.17,110.32,121.33,91.14,95.1,109.89,73.26,93.83,82.52,92.83,99.72,80.26,66.91,88.64,122.84
2020-10-30,91.75,109.82,94.63,89.91,63.11,68.0,87.89,82.59,86.84,69.43,103.62,114.72,92.94,91.94,111.2,113.26,83.65,75.29,85.11,65.02,77.56,70.73,77.34,98.92,99.35,80.45,78.44,85.31,123.28,90.79,74.82,73.84,73.57,106.88,107.32,110.32,121.49,90.88,95.08,110.34,73.27,93.68,82.54,93.11,99.55,80.3,67.01,88.73,122.68
2020-10-31,91.81,110.2,95.29,90.29,63.18,68.15,88.28,82.26,87.03,69.5,103.66,115.0,93.06,91.92,111.43,113.52,83.77,75.4,85.06,64.72,77.85,71.0,77.57,99.18,99.42,80.45,78.56,85.41,123.5,90.84,75.12,74.02,74.04,106.98,107.39,110.26,121.6,90.69,94.9,110.69,73.37,93.45,82.46,93.48,99.45,80.48,67.12,88.84,122.83
2020-11-01,91.94,110.22,96.13,90.47,63.32,68.5,88.59,82.1,87.28,69.8,103.75,115.25,93.22,91.94,111.59,113.9,83.94,75.65,84.97,64.52,78.19,71.42,77.78,99.23,99.41,80.46,78.78,85.7,123.54,90.94,75.58,74.31,74.57,107.17,107.4,110.18,121.77,90.61,94.81,111.14,73.52,93.38,82.35,93.99,99.35,80.76,67.24,89.11,122.97
2020-11-02,92.16,110.09,97.0,90.77,63.48,68.77,88.8,81.91,87.52,70.26,103.91,115.47,93.42,91.96,111.74,114.1,84.1,75.99,85.04,64.19,78.53,71.91,78.15,99.66,99.42,80.53,79.03,86.11,123.76,91.13,76.02,74.65,75.01,107.38,107.55,110.08,121.79,90.63,94.71,111.59,73.75,93.28,82.22,94.53,99.46,80.97,67.4,89.26,123.11
2020-11-03,92.28,109.77,97.77,90.82,63.59,68.99,88.87,82.05,87.67,70.71,103.85,115.62,93.63,92.05,111.68,113.79,84.21,76.19,85.2,63.97,78.79,72.32,78.45,99.92,99.25,80.59,79.17,86.43,124.04,91.22,76.55,74.88,75.44,107.56,107.71,110.04,121.68,90.65,94.79,111.94,73.91,93.08,82.32,94.87,99.49,81.06,67.61,89.45,123.22
2020-11-04,92.43,109.11,98.5,90.84,63.84,69.28,88.92,81.88,88.02,71.03,103.77,115.85,93.83,92.12,111.49,113.34,84.29,76.25,85.4,63.69,79.1,72.7,78.84,100.34,99.17,80.63,79.31,86.67,124.3,91.45,76.78,75.21,75.71,107.7,107.85,109.98,121.58,90.58,94.89,112.35,74.12,93.04,82.37,95.27,99.66,81.17,67.94,89.63,123.3
2020-11-05,92.59,108.15,99.04,90.82,63.99,69.35,89.1,81.74,88.28,71.29,103.6,116.0,94.02,92.16,111.29,112.89,84.35,76.32,85.53,63.25,79.27,73.03,79.29,100.65,99.09,80.69,79.34,86.84,124.62,91.55,76.88,75.46,75.74,107.84,108.02,110.0,121.47,90.56,95.03,112.69,74.25,92.99,82.33,95.58,99.75,81.29,68.22,89.78,122.46
2020-11-06,92.75,107.45,99.57,90.7,64.23,69.5,89.29,81.57,88.56,71.8,103.5,116.19,94.18,92.22,111.07,112.95,84.53,76.36,85.62,63.26,79.46,73.41,79.81,101.18,98.99,80.95,79.5,86.8,124.95,91.72,77.0,75.76,75.69,107.94,108.25,110.07,121.22,90.57,95.04,112.75,74.45,92.94,82.41,95.89,100.0,81.54,68.46,89.94,122.56
2020-11-07,92.89,106.42,100.12,90.67,64.33,69.5,89.36,81.76,88.64,72.23,103.64,116.42,94.32,92.35,110.8,112.18,84.6,76.67,85.78,63.41,79.6,73.67,80.12,101.74,98.66,81.05,79.49,86.92,125.15,91.38,77.16,75.96,75.52,108.0,108.55,110.17,121.08,90.64,94.88,113.06,74.56,92.8,82.48,96.22,100.3,81.63,68.57,90.12,122.55
2020-11-08,93.09,106.29,100.51,90.84,64.37,69.61,89.35,81.8,88.73,72.42,103.77,116.74,94.46,92.49,110.58,111.79,84.66,76.89,85.93,63.83,79.68,73.82,80.43,102.5,98.43,81.2,79.5,86.9,125.51,91.45,77.11,76.2,75.49,108.08,108.97,110.35,121.01,90.64,94.81,113.35,74.66,93.01,82.74,96.55,100.68,81.68,68.81,90.25,122.54
2020-11-09,93.17,106.28,100.89,90.86,64.37,69.7,89.3,81.86,88.7,72.46,103.75,117.05,94.57,92.52,110.29,111.62,84.71,77.05,85.85,64.28,79.77,73.88,80.62,102.91,98.1,81.27,79.39,86.81,125.58,91.5,77.04,76.39,75.59,108.12,109.24,110.53,120.95,90.56,94.83,113.67,74.76,93.17,83.04,96.67,100.72,81.72,68.91,90.41,122.56
2020-11-10,93.34,106.04,101.45,90.91,64.52,69.78,89.32,81.57,88.66,72.62,103.77,117.38,94.62,92.55,109.97,111.84,84.7,77.46,85.72,64.67,79.87,74.0,80.94,103.49,98.04,81.44,79.32,86.79,125.51,91.63,76.93,76.58,75.63,108.04,109.39,110.6,120.93,90.4,94.6,113.92,75.01,93.5,83.18,97.0,100.82,81.89,68.95,90.54,122.45
2020-11-11,93.49,106.45,102.13,90.84,64.66,69.83,89.37,81.47,88.55,72.63,103.81,117.66,94.74,92.59,109.68,112.1,84.74,77.82,85.61,65.03,80.06,74.11,81.15,103.93,98.03,81.5,79.22,86.82,125.33,91.68,77.04,76.81,75.79,108.04,109.55,110.7,120.77,90.44,94.45,114.14,75.29,93.67,83.23,97.19,100.91,81.94,68.9,90.66,122.22
2020-11-12,93.61,107.49,103.26,90.73,64.77,69.86,89.28,81.37,88.27,72.83,103.81,117.87,94.7,92.56,109.49,112.33,84.65,78.07,85.41,65.31,80.25,74.16,81.33,104.35,97.99,81.59,79.15,86.83,125.2,91.73,77.34,76.94,75.95,108.01,109.63,110.82,120.47,90.42,94.27,114.26,75.49,93.91,83.27,97.43,100.92,82.09,68.79,90.67,122.88
2020-11-13,93.71,108.32,103.66,90.66,64.91,69.93,88.73,81.22,87.99,72.88,103.87,118.04,94.65,92.61,109.37,112.02,84.45,78.38,85.31,65.33,80.45,74.26,81.4,104.6,97.98,81.6,79.22,87.16,125.05,91.75,77.64,77.18,76.22,107.99,109.72,110.94,120.29,90.43,94.08,114.54,75.74,94.28,83.32,97.74,101.02,82.23,68.72,90.71,122.62
2020-11-14,93.61,109.12,103.48,90.19,65.03,69.67,88.01,81.18,87.76,72.78,103.32,116.89,94.59,92.33,109.12,111.63,84.17,78.28,85.1,65.62,80.48,74.16,81.22,104.0,97.88,81.52,79.13,87.12,124.94,92.13,77.71,77.33,76.41,107.83,109.65,111.08,120.02,90.36,93.97,114.5,75.82,94.69,83.33,97.43,100.77,82.26,68.74,90.72,122.31
2020-11-15,93.62,109.42,103.77,90.17,65.31,69.73,87.69,81.14,87.54,73.19,102.92,115.83,94.55,92.32,108.99,110.91,83.95,78.48,84.96,65.85,80.8,74.39,81.38,103.51,97.96,81.61,79.34,87.32,124.98,92.24,78.13,77.78,76.75,107.85,109.65,111.2,119.76,90.38,93.88,114.71,76.06,94.79,83.32,97.86,100.71,82.54,68.7,90.69,122.12
2020-11-16,93.65,109.8,104.07,90.25,65.79,69.88,87.49,81.12,87.49,73.81,102.79,114.91,94.57,92.43,108.93,110.13,83.87,78.8,84.95,66.03,81.15,74.74,81.64,103.15,98.06,81.72,79.71,87.72,125.19,92.22,78.65,78.26,77.05,107.94,109.74,111.3,119.71,90.32,93.9,114.95,76.4,94.87,83.29,98.37,100.82,83.0,68.62,90.74,122.04
2020-11-17,93.64,110.33,104.58,90.23,66.04,69.99,87.21,81.04,87.34,74.13,102.67,113.96,94.61,92.42,109.0,109.98,83.7,78.8,84.87,66.21,81.53,75.02,81.77,102.59,97.89,81.63,79.98,87.99,125.29,92.26,79.19,78.76,77.31,108.06,109.85,111.42,119.69,90.63,93.96,115.03,76.56,94.73,83.14,98.75,100.82,83.34,68.5,90.72,122.13
2020-11-18,93.65,110.65,104.66,90.62,66.3,70.12,86.87,81.07,87.24,74.4,102.42,112.96,94.65,92.48,109.11,109.83,83.56,78.93,84.79,66.35,81.88,75.46,81.96,102.0,97.73,81.68,80.46,88.29,125.67,92.28,79.71,79.22,77.54,108.18,109.95,111.65,119.72,90.97,94.06,115.12,76.79,94.6,83.25,99.24,100.99,83.83,68.49,90.75,122.39
2020-11-19,93.65,110.64,104.78,91.06,66.62,70.35,86.84,81.05,87.1,74.68,102.16,111.87,94.81,92.51,108.97,109.63,83.44,79.16,84.76,66.64,82.16,75.98,82.25,101.38,97.73,81.67,80.89,88.65,125.92,92.32,80.1,79.77,77.89,108.44,110.06,111.91,119.88,91.32,94.29,115.26,77.14,94.34,83.34,99.67,101.31,84.25,68.46,90.79,122.49
2020-11-20,93.66,110.68,105.38,91.45,66.77,70.54,87.31,81.08,86.97,75.09,101.86,110.85,94.98,92.52,108.78,109.68,83.33,79.26,84.7,66.84,82.52,76.41,82.59,100.71,97.85,81.77,81.14,88.87,126.06,92.33,80.54,80.21,78.04,108.73,110.26,112.2,119.95,91.63,94.52,115.21,77.31,93.99,83.36,100.02,101.35,84.67,68.44,90.81,122.66
2020-11-21,93.91,111.13,106.58,92.22,67.12,70.95,88.08,81.07,86.83,75.54,101.96,111.04,95.18,92.86,108.55,110.65,83.39,79.94,84.75,66.74,82.99,77.04,83.42,100.84,98.16,82.0,81.56,89.25,126.33,92.47,81.07,80.74,78.22,109.09,110.54,112.32,120.07,92.09,94.79,115.37,77.79,93.83,83.65,100.71,101.64,85.18,68.45,90.83,122.36
2020-11-22,94.04,111.58,107.35,92.66,67.35,71.07,88.55,81.07,86.7,75.64,101.84,111.15,95.31,92.96,108.26,111.49,83.42,80.39,84.78,66.68,83.21,77.31,83.82,100.88,98.41,82.01,81.71,89.49,126.42,92.6,81.36,80.92,78.28,109.32,110.7,112.42,120.15,92.59,95.01,115.36,78.02,93.74,83.93,100.62,101.76,85.41,68.43,90.86,121.93
2020-11-23,94.18,112.26,108.23,93.12,67.53,71.2,89.09,81.12,86.75,75.64,101.7,111.34,95.45,93.03,108.07,112.34,83.42,80.79,84.84,66.74,83.39,77.53,84.25,100.9,98.75,82.15,81.92,89.6,126.57,92.62,81.68,81.11,78.51,109.55,110.9,112.65,120.29,93.08,95.13,115.4,78.22,93.68,84.21,100.59,101.98,85.73,68.56,90.88,121.48
2020-11-24,94.29,113.04,108.69,93.48,67.76,71.36,89.51,81.2,86.69,75.76,101.51,111.47,95.58,93.09,107.86,112.58,83.56,81.23,84.89,66.76,83.55,77.76,84.76,100.98,99.24,82.36,82.25,89.74,126.74,92.68,81.9,81.31,78.65,109.73,111.08,112.88,120.45,93.43,95.22,115.51,78.44,93.8,84.52,100.52,102.11,86.04,68.66,90.9,120.96
2020-11-25,94.35,113.36,109.47,93.49,67.93,71.52,89.85,81.23,86.55,76.03,101.37,111.54,95.68,93.09,107.63,112.68,83.61,81.62,84.99,66.86,83.67,77.85,85.1,101.03,99.61,82.59,82.44,89.78,126.64,92.76,82.15,81.44,78.83,109.85,111.2,112.85,120.5,93.72,95.29,115.55,78.61,93.96,84.63,100.54,102.02,86.33,68.58,90.9,120.27
2020-11-26,94.48,115.14,111.89,93.55,68.13,71.66,90.14,81.27,86.59,76.28,101.27,111.74,95.77,93.16,107.5,112.97,83.75,82.01,85.06,66.77,83.87,77.94,85.32,101.13,99.91,82.71,82.65,89.9,126.51,92.87,82.39,81.59,78.99,109.9,111.46,113.0,120.75,94.14,95.44,115.58,78.77,94.19,84.74,100.64,101.95,86.65,68.59,90.98,119.88
2020-11-27,94.57,114.95,114.26,93.65,68.39,71.78,90.55,81.3,86.45,76.35,101.08,111.79,95.82,93.19,107.29,112.97,83.87,82.58,85.11,66.67,83.95,78.05,85.55,101.25,99.95,82.7,82.8,89.99,126.59,92.93,82.54,81.72,79.24,109.93,111.59,113.08,120.92,94.59,95.58,115.76,79.04,94.36,84.84,100.6,101.91,86.88,68.6,90.99,119.43
2020-11-28,94.58,115.94,116.48,93.57,68.45,71.96,90.78,81.24,86.22,76.56,100.8,111.84,95.75,93.18,107.06,112.92,83.94,82.77,85.03,66.71,84.0,78.14,85.61,101.23,99.99,82.69,83.0,90.12,126.45,93.01,82.68,81.8,79.43,109.92,111.67,113.21,121.0,94.92,95.72,115.74,79.14,94.47,84.9,100.78,101.94,87.16,68.57,90.91,119.47
2020-11-29,94.45,116.16,118.6,93.34,68.44,71.98,91.03,81.2,85.75,76.63,100.54,111.77,95.69,93.03,106.72,112.74,83.95,82.75,84.86,66.69,84.04,78.17,85.62,101.13,99.86,82.66,83.0,90.1,126.12,92.87,82.73,81.83,79.48,109.7,111.69,113.28,121.08,95.26,95.84,115.52,79.25,94.31,84.78,100.81,101.86,87.53,68.46,90.83,119.36
2020-11-30,94.37,115.78,120.77,93.07,68.38,71.95,91.18,81.16,85.25,76.6,100.14,111.71,95.6,92.85,106.38,112.72,83.98,82.82,84.65,66.63,84.11,78.22,85.65,101.03,99.74,82.5,83.03,90.07,125.65,92.88,82.74,81.82,79.39,109.45,111.62,113.29,120.96,95.54,95.87,115.38,79.37,94.15,84.71,100.75,101.74,87.81,68.37,90.78,119.18
2020-12-01,94.21,114.69,122.95,92.95,68.34,71.96,91.46,81.23,84.77,76.5,99.69,111.6,95.46,92.7,106.05,112.54,83.97,82.96,84.28,66.6,84.05,78.27,85.5,100.89,99.43,82.33,82.97,89.85,125.25,92.72,82.73,81.7,79.38,109.29,111.54,113.26,120.67,95.74,95.99,115.32,79.45,93.85,84.63,100.74,101.62,87.86,68.3,90.68,119.04
2020-12-02,94.17,113.84,125.2,92.8,68.19,71.85,91.8,81.17,84.39,76.28,99.32,111.56,95.32,92.62,105.67,112.57,84.0,83.0,84.06,66.61,83.98,78.36,85.57,100.77,99.05,82.03,82.82,89.89,124.99,92.68,82.84,81.72,79.37,109.21,111.52,113.35,120.42,96.0,95.97,115.39,79.51,93.58,84.6,100.72,101.13,88.04,68.34,90.52,119.02
2020-12-03,94.13,108.01,125.23,92.67,68.06,71.73,91.99,81.11,83.93,76.02,99.03,111.49,95.14,92.75,105.32,112.7,83.99,82.97,83.91,66.77,83.97,78.39,85.58,100.69,98.84,81.89,82.76,89.87,124.79,92.69,82.98,81.78,79.31,109.01,111.41,113.3,119.98,96.26,95.88,115.48,79.56,93.36,84.61,100.65,100.57,88.26,68.34,90.31,118.84
2020-12-04,94.1,105.2,125.35,92.55,67.91,71.58,92.14,81.01,83.64,75.7,98.82,111.49,95.07,92.84,104.81,112.49,83.85,82.95,83.63,66.86,83.99,78.45,85.66,100.64,98.79,81.8,82.84,89.94,124.54,92.76,83.23,81.87,79.28,108.89,111.37,113.22,119.7,96.64,95.85,115.67,79.65,93.23,84.68,100.73,99.72,88.61,68.35,90.23,118.67
2020-12-05,94.19,102.62,125.62,92.55,67.86,71.44,92.59,80.8,83.56,75.5,98.74,111.58,95.09,92.96,104.52,112.8,83.69,83.02,83.43,66.98,84.2,78.45,85.79,100.7,98.91,81.67,82.98,90.08,124.31,92.81,83.55,82.01,79.46,108.86,111.43,113.27,119.52,97.25,96.03,116.01,79.78,93.06,84.82,100.74,98.89,88.95,68.39,90.23,118.57
2020-12-06,94.27,101.9,126.0,92.65,67.86,71.37,93.03,80.56,83.67,75.39,98.65,111.72,95.14,93.03,104.39,113.09,83.63,83.15,83.31,67.0,84.17,78.51,86.02,100.78,99.23,81.39,83.29,90.33,124.09,92.79,83.91,82.17,79.6,108.96,111.56,113.37,119.36,97.77,96.2,116.42,79.93,92.64,84.95,100.88,98.08,89.05,68.46,90.25,118.64
2020-12-07,94.25,99.75,126.23,92.74,67.86,71.32,93.3,80.41,83.67,75.28,98.66,111.74,95.15,93.12,104.21,112.74,83.57,83.21,83.24,67.05,84.01,78.51,86.07,100.77,99.48,81.21,83.41,90.45,123.87,92.36,84.22,82.32,79.71,109.07,111.69,113.47,119.31,98.54,96.41,116.66,80.04,92.14,84.84,101.05,97.26,89.04,68.46,90.21,118.67
2020-12-08,94.4,99.03,126.45,92.84,67.91,71.33,93.54,80.32,83.67,75.22,98.72,111.81,95.17,93.17,103.92,112.65,83.67,83.28,83.37,67.08,83.95,78.51,86.18,100.82,100.16,81.0,83.51,90.7,124.01,92.31,84.53,82.64,79.84,109.15,111.74,113.64,119.17,99.56,96.66,116.8,80.16,92.13,84.84,101.16,96.53,89.35,68.48,90.27,118.66
2020-12-09,94.44,99.07,126.6,92.89,68.08,71.47,93.89,80.36,83.55,75.32,98.67,111.92,95.17,93.15,104.0,112.43,83.78,83.47,83.33,67.06,83.99,78.53,86.39,100.91,101.07,80.85,83.79,90.54,123.89,92.17,84.78,82.94,79.98,109.0,111.84,113.9,119.1,100.35,96.94,116.86,80.33,92.02,84.88,101.29,96.17,89.53,68.46,90.39,118.64
2020-12-10,94.45,102.85,126.79,92.95,68.23,71.52,94.23,80.31,83.3,75.37,98.56,112.06,95.19,92.96,104.11,112.18,83.93,83.73,83.2,67.01,83.9,78.52,86.65,100.97,101.75,80.84,84.12,90.4,123.71,91.9,84.95,83.16,80.14,109.15,111.92,114.16,119.04,101.33,97.23,116.93,80.46,91.86,84.91,101.48,95.8,89.51,68.37,90.56,118.6
2020-12-11,94.56,105.66,127.05,93.06,68.48,71.6,94.6,80.25,83.08,75.59,98.46,112.15,95.18,92.79,104.53,112.36,84.27,83.95,83.27,67.07,83.92,78.56,86.75,101.08,102.4,80.95,84.35,90.25,123.62,91.78,85.16,83.45,80.29,109.22,112.02,114.49,119.07,102.28,97.47,117.08,80.57,91.94,85.05,101.63,95.86,89.63,68.3,90.63,118.61
2020-12-12,94.54,107.03,127.0,92.94,68.63,71.66,94.61,80.35,82.8,75.38,98.2,112.13,95.15,92.45,104.83,111.94,84.53,83.86,83.26,67.12,83.53,78.47,86.44,100.97,102.88,81.08,84.45,89.78,123.26,91.56,85.03,83.6,80.23,109.08,112.11,114.85,119.2,103.16,97.47,116.79,80.57,92.07,85.01,101.47,95.84,89.47,68.28,90.75,118.56
2020-12-13,94.73,107.19,127.22,93.08,68.9,71.92,94.92,80.53,82.59,75.56,98.11,112.3,95.21,92.45,105.07,111.83,84.92,84.21,83.31,67.26,83.51,78.62,86.51,101.07,103.55,81.53,84.77,89.37,123.3,91.59,85.12,84.04,80.39,109.15,112.24,115.19,119.44,104.17,97.63,116.87,80.81,92.66,85.2,101.74,95.95,89.68,68.36,90.9,118.55
2020-12-14,95.01,109.07,127.58,93.19,69.17,72.18,95.5,80.63,82.36,76.09,97.96,112.47,95.34,92.43,105.28,112.33,85.26,84.53,83.33,67.49,83.72,78.86,86.72,101.27,104.41,81.98,85.2,89.09,123.4,92.1,85.29,84.61,80.64,109.23,112.41,115.57,119.54,105.17,97.85,117.01,81.09,93.5,85.56,102.05,96.08,90.02,68.44,91.07,118.54
2020-12-15,95.17,109.99,127.92,93.33,69.29,72.68,96.05,80.62,82.11,76.48,97.97,112.69,95.43,91.95,105.73,112.66,85.43,84.83,83.17,67.69,83.94,79.09,86.99,101.44,105.04,82.41,85.71,88.94,123.21,92.11,85.47,85.07,80.83,109.4,112.69,115.93,119.77,105.93,98.03,117.14,81.38,93.9,85.79,102.42,96.5,90.21,68.52,91.22,118.4
2020-12-16,95.33,110.33,128.23,93.49,69.33,73.1,96.63,80.62,81.91,76.75,97.91,112.86,95.48,92.02,105.87,112.97,85.57,85.09,82.95,67.81,84.04,79.21,87.1,101.55,104.84,82.82,86.09,88.89,123.17,92.07,85.54,85.43,80.98,109.6,112.77,116.15,119.94,106.78,98.09,117.24,81.58,94.47,85.93,102.65,96.91,90.29,68.57,91.3,118.24
2020-12-17,95.36,110.08,124.28,93.44,69.28,73.58,96.86,80.5,81.82,76.91,97.56,112.97,95.57,91.99,105.83,112.98,85.62,85.29,82.69,67.96,84.17,79.35,87.21,101.65,104.68,83.07,86.38,88.82,123.11,92.19,85.54,85.76,81.01,109.67,112.93,116.31,119.93,107.94,98.4,117.25,81.83,95.09,85.94,102.82,97.5,90.41,68.66,91.53,118.15
2020-12-18,95.33,109.93,120.15,93.37,69.21,74.1,97.14,80.5,81.69,76.99,97.28,113.1,95.63,91.76,105.75,112.96,85.63,85.45,82.45,67.9,84.16,79.47,87.41,101.72,104.55,83.23,86.72,88.73,123.0,92.14,85.49,86.02,80.99,109.73,113.0,116.45,120.05,109.13,98.66,117.21,82.05,95.34,85.96,103.08,97.9,90.39,68.6,91.73,118.03
2020-12-19,95.37,109.73,116.34,93.49,69.18,74.64,97.57,80.39,81.57,77.41,97.14,113.34,95.77,91.85,105.74,112.83,85.67,85.83,82.25,67.82,84.34,79.71,87.95,101.96,104.45,83.45,87.13,88.78,123.24,92.16,85.71,86.32,81.01,109.96,113.06,116.54,120.13,110.96,98.95,117.41,82.37,95.6,85.99,103.69,98.34,90.6,68.59,91.85,117.93
2020-12-20,95.29,109.73,112.29,93.37,69.14,75.08,97.63,80.15,81.46,77.53,96.94,113.4,95.84,91.82,105.82,112.55,85.6,85.9,82.03,67.71,84.4,79.74,88.13,102.04,103.86,83.53,87.33,88.78,123.19,92.1,85.74,86.38,80.94,110.05,113.14,116.73,120.11,112.62,99.08,117.36,82.52,95.71,85.81,103.9,98.72,90.6,68.52,92.04,117.75
2020-12-21,95.16,109.77,107.98,93.36,69.09,75.45,97.38,79.92,81.39,77.46,96.77,113.47,95.87,91.88,105.92,112.27,85.52,86.08,81.81,67.51,84.3,79.64,88.14,102.06,103.02,83.53,87.48,88.71,123.09,91.98,85.67,86.23,80.8,110.17,113.2,116.77,120.18,114.28,99.17,117.27,82.61,95.67,85.61,104.04,99.11,90.51,68.49,92.17,117.64
2020-12-22,95.12,110.22,103.62,93.12,69.14,75.47,97.13,79.74,81.36,77.49,96.5,113.46,95.87,92.32,105.94,111.92,85.46,86.2,81.81,67.36,84.23,79.59,88.1,102.08,102.05,83.56,87.54,88.49,122.93,92.04,85.63,86.04,80.68,110.23,113.25,116.78,120.28,115.87,99.19,117.21,82.69,95.59,85.5,104.17,99.05,90.56,68.5,92.21,117.62
2020-12-23,95.06,110.72,99.34,93.03,69.27,75.51,96.77,79.56,81.22,77.62,96.36,113.44,95.95,92.14,105.87,111.06,85.35,86.23,81.88,67.37,84.14,79.6,88.03,102.06,101.81,83.61,87.57,88.38,122.57,92.17,85.7,85.83,80.54,110.4,113.43,116.79,120.33,117.36,99.34,117.16,82.74,95.44,85.33,104.29,99.03,90.58,68.45,92.26,117.59
2020-12-24,95.09,111.94,99.26,93.0,69.47,76.16,96.7,79.49,81.24,77.91,96.5,113.44,95.93,92.0,105.83,110.27,85.3,86.35,82.07,67.55,84.1,79.7,88.03,102.06,101.67,83.67,87.61,88.29,122.0,92.22,85.88,85.62,80.42,110.39,113.49,116.78,120.4,118.41,99.21,117.13,82.81,95.19,85.28,104.43,98.83,90.71,68.61,92.16,117.52
2020-12-25,95.07,112.64,99.26,92.97,69.6,76.19,96.55,78.92,81.31,78.16,96.53,113.37,95.95,91.99,105.72,109.54,85.28,86.46,82.14,67.7,84.07,79.75,88.0,101.98,101.5,83.69,87.55,88.16,121.38,92.28,86.02,85.36,80.36,110.33,113.55,116.78,120.28,119.26,99.14,116.98,82.87,95.04,85.08,104.45,98.68,90.77,68.93,92.1,117.36
2020-12-26,95.1,113.42,99.17,92.94,69.78,76.28,96.47,78.51,81.33,78.4,96.59,113.27,95.95,91.98,105.57,109.09,85.36,86.7,82.2,67.87,84.18,79.88,88.06,101.94,101.25,83.72,87.51,88.16,120.85,92.31,86.13,85.22,80.5,110.42,113.62,116.79,120.18,119.33,99.16,116.98,82.93,94.92,85.03,104.48,98.54,90.9,69.2,92.08,117.12
2020-12-27,95.11,114.39,99.05,92.93,69.92,76.26,96.39,78.29,81.44,78.53,96.69,113.23,95.97,91.8,105.4,108.75,85.45,86.86,82.24,68.06,84.24,80.02,88.04,101.92,101.29,83.82,87.47,88.17,120.19,92.3,86.29,85.08,80.46,110.4,113.64,116.66,120.11,119.32,99.25,116.84,82.99,94.76,85.01,104.49,98.45,90.96,69.36,92.06,116.91
2020-12-28,95.16,115.54,99.18,92.89,70.18,76.29,96.48,78.07,81.73,78.72,96.72,113.26,96.04,91.24,105.3,108.32,85.65,86.93,82.3,68.15,84.35,80.23,88.18,101.97,101.3,83.94,87.51,88.37,119.71,92.39,86.56,85.03,80.49,110.29,113.68,116.65,119.91,119.42,99.39,116.74,83.08,94.71,85.11,104.63,98.4,91.06,69.64,92.14,116.59
2020-12-29,95.2,116.45,99.45,93.09,70.44,76.41,96.62,77.69,82.07,79.01,96.81,113.33,96.13,90.84,105.28,107.83,85.83,87.11,82.22,68.09,84.53,80.45,88.3,102.02,101.57,84.07,87.61,88.67,119.33,92.52,86.85,85.01,80.55,110.31,113.76,116.78,119.83,119.52,99.53,116.76,83.22,94.79,85.22,104.77,98.4,91.17,69.89,92.29,116.18
2020-12-30,95.31,117.17,99.71,93.2,70.65,76.44,96.71,77.31,82.56,79.33,96.89,113.4,96.23,90.83,105.37,108.1,86.05,87.32,82.23,68.07,84.71,80.67,88.46,102.14,101.84,84.16,87.75,88.91,119.16,92.59,87.01,84.98,80.55,110.27,113.8,116.87,119.85,119.74,99.76,116.77,83.37,94.88,85.36,104.99,98.41,91.24,70.16,92.41,115.86
2020-12-31,95.32,117.48,99.91,93.33,70.82,75.88,96.79,76.97,82.86,79.61,96.88,113.27,96.29,90.6,105.54,108.27,86.23,87.45,82.06,67.85,84.8,80.77,88.51,102.07,101.93,84.22,87.76,89.12,119.16,92.51,87.12,84.98,80.6,110.2,113.88,116.92,119.92,119.88,99.95,116.76,83.42,94.93,85.43,105.11,98.4,91.28,70.33,92.49,115.46
2021-01-01,95.3,116.82,100.05,93.47,71.09,75.95,96.76,76.99,82.99,79.96,96.85,113.19,96.31,90.57,105.71,108.23,86.3,87.55,81.73,67.31,84.99,80.89,88.49,101.85,101.91,84.25,87.79,89.47,118.91,92.33,87.29,85.01,80.52,110.15,113.91,116.95,119.96,119.8,100.14,116.56,83.46,94.99,85.53,105.28,98.29,91.26,70.26,92.61,114.9
2021-01-02,95.31,117.4,100.21,93.56,71.26,76.1,96.63,76.98,83.17,80.32,96.82,113.14,96.21,90.4,105.7,108.19,86.36,87.53,81.78,66.96,85.19,81.0,88.36,101.74,101.72,84.23,87.83,89.82,118.72,92.34,87.48,84.98,80.49,109.95,113.94,116.92,119.85,119.75,100.17,116.44,83.47,95.01,85.58,105.35,98.23,91.18,70.25,92.67,114.46
2021-01-03,95.27,115.13,100.27,93.57,71.32,76.24,96.47,76.89,83.19,80.62,96.7,112.98,96.06,90.22,105.54,108.01,86.34,87.46,81.78,66.49,85.24,81.03,88.25,101.44,101.32,84.13,87.76,90.04,118.47,92.3,87.47,84.9,80.59,109.75,113.96,116.96,119.69,119.7,100.17,116.24,83.43,95.06,85.56,105.45,98.09,91.1,70.35,92.64,114.05
2021-01-04,95.24,111.7,100.21,93.46,71.29,76.36,96.27,76.71,83.22,80.78,96.63,112.68,95.82,90.46,105.31,107.85,86.23,87.33,81.76,66.02,85.15,80.89,88.03,101.12,101.19,83.99,87.57,89.93,118.01,92.3,87.2,84.82,80.53,109.6,113.9,116.98,119.66,119.35,100.1,115.89,83.3,95.08,85.46,105.41,97.84,90.9,70.32,92.62,113.88
2021-01-05,95.19,109.03,100.12,93.36,71.31,76.33,96.01,76.47,83.37,80.93,96.66,112.49,95.64,89.97,105.26,108.55,86.18,87.12,81.87,65.69,84.92,80.61,87.82,100.86,100.94,83.82,87.49,89.71,117.75,92.22,86.84,84.72,80.45,109.43,113.87,116.82,119.54,119.1,100.08,115.66,83.19,94.93,85.35,105.31,97.71,90.6,70.18,92.6,113.45
2021-01-06,95.23,107.36,100.18,93.31,71.34,76.47,95.97,76.38,83.73,81.18,96.9,112.47,95.53,90.09,105.47,108.87,86.18,87.18,82.04,65.47,84.83,80.48,87.92,100.77,100.75,83.81,87.5,90.03,117.76,92.12,86.67,84.76,80.67,109.5,114.01,116.91,119.49,118.98,100.17,115.7,83.23,94.54,85.37,105.21,97.62,90.53,70.11,92.74,112.97
2021-01-07,95.36,105.7,100.31,93.55,71.51,76.65,95.89,76.37,84.45,81.37,97.39,112.78,95.59,90.13,105.95,109.03,86.32,87.4,82.41,65.0,84.94,80.45,88.15,100.94,100.74,83.95,87.65,90.44,118.05,91.81,86.69,84.77,80.95,109.82,114.22,117.14,119.5,118.62,100.38,115.9,83.4,94.18,85.32,105.25,97.66,90.6,69.96,92.94,112.61
2021-01-08,95.79,107.12,105.77,93.89,71.6,76.92,96.09,76.41,85.45,81.63,97.99,113.24,95.63,90.56,106.49,110.24,86.57,87.67,82.98,65.22,84.97,80.52,88.5,101.39,100.83,84.08,87.82,90.67,118.78,92.15,86.7,84.83,81.3,110.2,114.56,117.46,119.6,118.64,100.63,116.59,83.65,94.3,85.55,105.11,97.95,90.79,69.97,93.11,112.9
2021-01-09,96.13,108.03,110.99,94.23,71.7,77.06,96.15,76.49,86.39,81.69,98.45,113.63,95.71,90.89,107.13,111.48,86.69,87.87,83.16,64.52,85.01,80.42,88.66,101.6,100.85,84.1,87.91,90.91,119.18,92.31,86.66,84.73,81.38,110.54,114.78,117.83,119.74,118.96,100.88,117.05,83.84,94.36,85.67,105.01,99.16,90.83,69.75,93.32,113.16
2021-01-10,96.6,111.42,116.23,94.67,71.86,77.3,96.42,76.63,87.32,81.92,99.07,114.12,95.85,91.56,107.96,112.87,86.88,88.32,83.45,64.1,85.29,80.47,89.08,102.09,101.54,84.17,88.13,91.21,119.91,92.69,86.93,84.82,81.54,111.14,115.15,118.25,119.92,119.43,101.15,117.88,84.15,94.5,85.97,105.17,100.43,91.1,69.77,93.63,113.47
2021-01-11,97.01,115.68,121.37,95.11,71.96,77.54,96.78,76.63,87.98,82.18,99.66,114.63,95.97,92.02,108.79,114.22,87.05,88.84,83.76,63.79,85.61,80.67,89.62,102.54,101.95,84.19,88.37,91.78,120.65,92.9,87.33,84.88,81.71,111.64,115.55,118.63,120.23,120.04,101.47,118.7,84.47,94.65,86.22,105.31,101.63,91.48,69.69,93.8,113.65
2021-01-12,97.35,118.42,121.22,95.53,72.03,77.92,97.05,76.85,88.72,82.39,100.25,115.14,96.12,93.33,109.48,114.45,87.18,89.4,84.03,63.46,86.0,80.99,90.18,102.98,102.62,84.14,88.46,92.42,121.2,93.04,87.83,85.08,81.75,112.11,115.94,119.18,120.62,120.13,101.75,119.46,84.81,94.9,86.41,105.51,102.87,92.01,69.81,94.04,114.42
2021-01-13,97.6,120.0,120.86,95.99,72.24,78.27,97.23,76.86,89.41,82.5,100.7,115.6,96.22,93.68,109.91,114.61,87.35,89.72,84.38,63.03,86.4,81.25,90.54,103.27,103.16,84.04,88.57,92.7,121.64,93.22,88.3,85.15,81.74,112.42,116.24,119.57,120.87,120.12,101.86,120.13,85.09,95.36,86.56,105.73,104.19,92.43,69.99,94.29,115.46
2021-01-14,97.96,121.58,120.66,96.24,72.47,78.56,97.53,76.9,90.1,82.67,101.1,116.08,96.44,94.5,110.27,115.28,87.55,90.01,84.77,62.93,86.76,81.52,90.91,103.58,103.72,83.9,88.69,93.01,122.11,93.84,88.68,85.42,81.72,112.76,116.49,119.92,121.17,120.33,101.95,121.02,85.39,96.03,86.95,105.96,104.53,92.75,70.26,94.58,116.58
2021-01-15,98.07,121.55,115.18,96.58,72.71,78.28,97.34,77.12,90.72,82.7,101.5,116.45,96.67,94.84,110.84,114.97,87.71,90.3,85.22,62.33,87.25,81.78,91.18,103.84,104.42,83.88,88.76,93.46,121.99,93.92,89.05,85.65,81.89,113.16,116.71,120.18,121.47,120.47,101.96,121.74,85.67,96.05,87.17,106.34,105.27,93.17,70.6,94.91,117.38
2021-01-16,98.26,121.28,108.75,97.01,73.0,77.96,97.2,76.91,91.43,82.86,101.95,116.94,96.97,95.34,111.7,114.74,88.08,90.66,85.7,62.3,87.78,82.27,91.8,104.25,105.23,84.05,89.12,93.96,122.55,94.05,89.64,86.18,82.23,113.63,117.0,120.44,121.85,120.12,102.1,122.71,86.09,96.28,87.52,106.87,105.11,93.83,71.13,95.2,118.23
2021-01-17,98.32,120.73,102.35,97.37,73.25,77.53,96.78,76.7,92.14,82.9,102.24,117.4,97.16,95.56,112.71,114.19,88.33,90.78,86.07,62.1,88.16,82.63,92.16,104.48,105.71,84.16,89.37,94.46,122.98,93.97,90.03,86.55,82.52,113.92,117.17,120.59,122.12,120.1,102.02,123.37,86.4,96.54,87.63,107.06,105.03,94.25,71.44,95.36,119.05
2021-01-18,98.39,120.41,95.97,97.75,73.48,77.21,96.18,76.71,92.91,82.92,102.53,117.89,97.37,95.81,113.61,113.81,88.58,90.78,86.47,61.79,88.63,82.94,92.34,104.71,106.22,84.34,89.66,94.62,123.54,93.85,90.36,86.84,82.97,114.23,117.3,120.75,122.23,120.14,101.88,124.09,86.69,96.65,87.82,107.29,104.83,94.55,71.86,95.52,120.01
2021-01-19,98.6,120.53,94.97,98.14,73.74,76.81,95.81,76.69,93.57,83.02,102.86,118.36,97.56,96.01,114.5,113.81,88.86,90.92,86.84,61.51,89.12,83.26,92.71,104.96,106.41,84.62,90.01,94.92,124.04,93.99,90.75,87.09,83.48,114.61,117.42,120.86,122.37,120.81,101.95,124.77,87.04,96.79,88.03,107.55,104.67,94.8,72.22,95.61,120.63
2021-01-20,98.79,120.74,93.95,98.46,73.86,76.34,95.3,76.79,94.04,83.04,103.15,118.71,97.7,96.28,115.44,113.93,89.05,90.99,87.05,61.15,89.56,83.52,92.94,105.2,106.62,84.78,90.17,95.1,124.58,94.07,91.01,87.3,83.79,115.09,117.51,120.96,122.55,121.53,102.02,125.35,87.27,97.13,88.24,107.75,104.36,94.92,72.51,95.6,121.04
2021-01-21,98.89,121.06,92.79,98.86,73.91,75.9,94.48,76.81,94.39,83.06,103.43,118.92,97.76,96.37,116.24,113.81,89.23,91.05,87.05,60.85,89.89,83.75,93.13,105.38,106.85,84.88,90.38,95.38,124.85,93.99,91.13,87.39,84.16,115.63,117.68,121.12,122.69,121.75,102.11,125.7,87.49,97.11,88.37,108.0,104.95,95.03,72.69,95.59,121.24
2021-01-22,98.99,120.68,91.66,99.12,73.94,75.99,94.21,76.55,94.79,83.14,103.62,119.22,97.89,96.46,116.9,113.92,89.45,90.98,87.04,60.96,90.19,83.91,93.32,105.54,106.97,84.85,90.63,95.66,125.61,94.05,91.37,87.57,84.43,116.03,117.87,121.22,122.75,121.99,102.15,126.12,87.69,97.29,88.51,108.3,105.08,95.09,72.73,95.51,121.3
2021-01-23,98.9,119.67,91.48,98.99,73.96,75.97,93.64,76.9,95.23,82.82,103.76,119.44,97.82,96.37,117.36,113.7,89.45,90.59,87.01,61.07,90.18,83.56,93.02,105.51,106.83,84.56,90.44,95.77,125.45,93.83,91.04,87.24,84.36,116.33,117.84,121.22,122.65,122.5,102.05,126.24,87.62,97.28,88.41,107.81,105.03,94.72,72.77,95.44,121.34
2021-01-24,99.03,119.19,91.74,99.28,74.11,76.25,94.0,77.09,95.72,82.89,104.08,119.76,98.01,96.58,117.56,113.77,89.54,90.6,87.07,61.27,90.56,83.69,93.17,105.69,107.09,84.51,90.71,96.17,125.72,93.87,91.21,87.4,84.75,116.84,117.9,121.3,122.7,122.83,102.33,126.67,87.82,97.33,88.66,107.95,105.04,94.82,72.82,95.46,121.35
2021-01-25,99.17,118.28,92.12,99.62,74.35,76.48,94.46,77.27,96.24,82.91,104.47,120.1,98.24,96.77,117.91,113.78,89.65,90.7,87.19,61.65,90.89,83.87,93.45,105.89,107.31,84.48,90.99,96.88,125.84,94.04,91.49,87.66,84.91,117.44,118.09,121.44,122.83,122.94,102.74,127.08,88.02,97.43,88.87,108.24,105.26,95.02,72.83,95.58,121.11
2021-01-26,99.21,118.44,92.53,99.85,74.56,76.73,94.83,77.43,96.82,82.84,104.58,120.15,98.39,96.83,118.29,113.79,89.64,90.65,87.1,62.01,91.19,84.03,93.59,105.94,107.48,84.54,91.26,97.5,126.17,93.97,91.72,87.93,85.03,117.84,118.19,121.47,122.85,122.93,102.79,127.45,88.16,97.48,89.18,108.48,105.59,95.29,72.86,95.81,120.98
2021-01-27,99.25,119.07,93.01,100.16,74.72,77.01,95.22,77.48,97.54,82.93,104.77,120.27,98.63,96.87,118.47,113.57,89.65,90.68,87.01,62.38,91.56,84.22,93.76,105.98,107.72,84.69,91.67,98.05,126.12,93.93,91.99,88.36,85.17,118.21,118.33,121.48,122.91,123.12,102.95,127.72,88.33,97.23,89.42,108.84,105.81,95.65,73.02,95.94,120.72
2021-01-28,99.43,119.97,93.53,100.39,74.9,77.43,95.93,77.83,98.26,83.07,105.0,120.5,98.83,97.03,118.61,114.02,89.6,90.73,87.28,62.73,92.07,84.56,93.99,106.07,107.9,84.93,92.13,98.44,126.29,94.21,92.4,88.92,85.41,118.39,118.36,121.45,123.03,124.12,103.08,128.01,88.5,97.31,89.74,109.1,106.07,96.08,73.24,96.2,120.6
2021-01-29,99.56,121.15,94.11,100.61,75.24,77.67,96.36,78.03,98.62,83.12,105.3,120.66,98.98,96.0,118.79,114.43,89.57,90.85,87.53,63.04,92.58,84.97,94.24,106.18,108.12,85.21,92.55,98.83,126.43,94.35,92.7,89.33,85.64,118.72,118.45,121.5,123.29,124.98,103.15,128.3,88.63,97.28,89.96,109.4,106.28,96.52,73.44,96.41,121.53
2021-01-30,99.88,122.38,94.97,101.16,75.68,77.98,97.23,78.1,98.93,83.55,105.69,120.93,99.29,96.23,118.96,115.01,89.6,91.13,87.74,63.23,93.29,85.77,94.82,106.42,108.7,85.63,93.2,99.26,126.99,94.69,93.41,90.08,86.1,119.03,118.7,121.51,124.11,126.19,103.18,128.67,88.9,97.28,90.32,110.35,106.52,97.22,73.61,96.5,122.69
2021-01-31,100.07,123.58,95.5,101.38,76.04,78.09,97.41,78.17,99.21,83.65,105.98,121.22,99.47,96.24,119.19,115.66,89.73,91.12,87.93,63.53,93.73,86.16,94.96,106.47,108.75,85.89,93.45,99.45,127.26,94.74,93.72,90.42,86.25,119.29,118.97,121.64,125.0,127.12,103.11,128.87,89.0,97.22,90.5,110.84,106.63,97.61,73.92,96.62,123.84
2021-02-01,100.27,124.79,96.1,101.64,76.39,78.21,97.68,78.38,99.46,83.79,106.27,121.45,99.66,96.41,119.46,116.06,89.93,91.08,87.94,63.57,94.24,86.59,95.13,106.59,108.91,86.21,93.8,99.49,127.69,94.84,94.05,90.76,86.5,119.51,119.17,121.81,125.82,128.25,102.86,129.11,89.14,97.22,90.77,111.2,106.76,98.02,74.29,96.7,125.14
2021-02-02,100.6,125.18,95.67,102.2,76.76,78.24,97.88,78.65,99.48,84.06,106.74,121.81,99.9,96.77,119.52,116.22,90.1,91.17,88.41,63.77,94.79,87.08,95.38,106.84,109.19,86.46,94.08,99.78,128.01,94.98,94.29,91.13,86.69,119.86,119.46,121.99,126.56,130.03,102.81,129.37,89.35,97.44,90.92,111.59,106.77,98.38,74.57,96.78,125.53
2021-02-03,100.82,125.2,95.17,102.68,77.32,78.15,98.11,78.92,99.36,84.25,107.08,122.08,100.0,96.71,119.8,116.14,90.24,91.32,88.78,63.86,95.22,87.55,95.62,107.08,109.4,86.7,94.34,100.15,128.64,95.14,94.47,91.46,86.91,120.07,119.67,122.17,127.38,131.63,102.64,129.74,89.57,97.93,91.06,111.89,106.87,98.68,74.67,96.86,125.91
2021-02-04,100.81,125.0,95.53,103.13,77.86,77.82,98.35,78.82,99.09,84.33,107.31,122.28,99.96,96.92,119.92,115.44,90.41,91.36,88.61,63.94,95.53,87.79,95.68,107.2,109.53,86.76,94.49,100.35,128.7,94.7,94.7,91.57,86.91,120.25,119.71,122.23,127.84,132.94,102.56,129.95,89.71,98.02,91.06,112.1,106.81,98.89,74.48,96.69,122.71
2021-02-05,101.07,125.32,95.93,103.67,78.33,77.62,98.68,79.15,99.29,84.55,107.73,122.53,100.15,98.49,120.29,114.96,90.62,91.58,88.82,64.07,95.9,88.16,95.94,107.38,109.86,87.05,94.77,100.64,129.22,94.78,94.95,91.89,87.01,120.49,119.89,122.44,128.64,134.77,102.72,130.28,89.96,98.57,91.21,112.39,106.95,99.23,74.58,96.79,122.26
2021-02-06,101.25,125.72,96.15,104.13,78.65,77.41,98.91,79.44,99.42,84.64,108.05,122.72,100.29,98.8,120.62,114.16,90.87,91.75,89.05,64.0,96.26,88.51,96.11,107.48,110.0,87.3,95.06,100.82,129.65,94.8,95.15,92.11,87.04,120.82,120.02,122.63,128.83,136.0,102.93,130.67,90.28,99.08,91.34,112.49,107.06,99.55,74.62,96.87,121.48
2021-02-07,101.39,125.07,96.58,104.7,79.07,77.4,99.25,79.81,99.55,84.91,108.49,122.86,100.38,99.19,120.94,112.56,91.03,92.14,89.28,64.05,96.72,89.01,96.55,107.7,110.66,87.61,95.41,100.99,130.09,94.54,95.42,92.43,87.11,121.13,120.13,122.75,128.87,137.62,103.19,131.1,90.64,99.14,91.33,112.8,107.34,99.92,74.59,96.91,120.55
2021-02-08,101.57,125.03,96.85,105.13,79.39,77.27,99.48,79.99,99.63,85.09,108.83,123.01,100.44,99.56,121.13,111.62,91.05,92.48,89.68,64.26,97.08,89.42,96.91,107.83,111.36,87.84,95.66,101.32,130.43,94.6,95.63,92.75,87.14,121.51,120.23,122.83,128.91,139.21,103.54,131.52,90.98,99.5,91.41,113.08,107.43,100.25,74.61,97.03,119.49
2021-02-09,101.7,125.38,98.02,105.36,79.74,77.13,99.91,80.09,99.9,85.33,109.25,123.23,100.59,99.77,121.41,111.08,91.2,92.71,89.82,64.4,97.52,89.84,97.2,107.93,112.03,88.06,96.02,101.4,130.62,94.69,95.86,92.96,87.35,121.75,120.28,122.92,129.15,139.62,103.82,131.94,91.31,99.69,91.51,113.35,107.5,100.52,74.72,97.01,119.52
2021-02-10,101.99,125.85,99.26,105.67,80.0,77.17,100.28,80.32,100.26,85.62,109.8,123.55,100.73,100.41,121.52,111.2,91.39,92.98,90.07,64.77,98.02,90.23,97.54,108.11,112.7,88.28,96.34,101.19,130.82,94.92,96.14,93.2,87.66,122.05,120.35,123.02,129.47,140.08,104.09,132.35,91.7,99.72,91.71,113.63,107.62,100.89,74.89,97.28,119.77
2021-02-11,102.45,126.12,99.67,106.05,80.33,77.95,100.56,80.65,100.6,86.0,110.46,124.03,100.97,100.75,121.88,111.39,91.53,93.32,90.71,65.36,98.56,90.72,98.01,108.34,113.51,88.61,96.77,101.17,131.52,95.46,96.36,93.66,88.03,122.44,120.61,123.17,130.64,140.35,104.25,132.82,92.18,100.05,91.97,113.97,107.94,101.34,75.35,97.6,123.6
2021-02-12,102.74,126.01,100.07,106.42,80.66,78.78,100.94,80.99,100.8,86.41,110.96,124.45,101.04,100.97,121.93,111.64,91.62,93.64,90.97,66.09,99.1,91.06,98.35,108.56,113.95,88.78,97.12,101.19,131.83,95.59,96.59,94.06,88.31,122.7,120.55,123.05,131.39,140.25,105.02,133.19,92.69,99.96,92.27,114.28,108.12,101.72,75.66,97.75,123.81
2021-02-13,103.07,125.89,100.85,106.86,81.04,79.7,101.5,81.36,100.97,87.01,111.61,124.94,101.29,101.3,121.96,112.18,91.8,94.22,91.33,67.1,99.75,91.48,98.93,108.93,114.49,89.11,97.57,101.38,132.29,95.63,96.9,94.62,88.75,122.99,120.57,123.03,132.28,137.12,105.86,133.71,93.21,99.75,92.65,114.83,108.43,102.25,76.08,98.06,123.97
2021-02-14,103.41,126.65,102.65,107.11,81.26,80.28,101.75,81.71,101.06,87.48,112.11,125.36,101.49,101.56,121.98,113.31,91.89,94.49,91.63,67.79,100.24,91.66,99.24,109.2,114.67,89.22,97.89,101.52,132.6,96.01,97.07,95.01,89.19,123.12,120.5,122.95,133.18,136.22,106.44,134.03,93.61,100.12,93.13,115.03,108.55,102.6,76.43,98.34,124.32
2021-02-15,103.75,127.71,104.58,107.48,81.61,81.03,102.15,82.08,101.17,87.99,112.71,125.76,101.7,101.81,122.15,114.0,92.04,94.84,91.86,68.55,100.77,91.89,99.6,109.59,114.77,89.4,98.3,101.52,132.94,96.25,97.32,95.38,89.7,123.23,120.57,122.88,134.1,134.6,107.04,134.42,94.02,100.16,93.51,115.32,108.81,102.99,76.61,98.62,124.61
2021-02-16,104.05,127.83,106.47,107.73,81.86,81.92,102.4,82.42,101.03,88.32,112.97,126.12,101.77,102.08,122.35,114.31,92.03,95.19,92.14,69.22,101.18,92.06,99.91,109.92,114.74,89.61,98.6,101.59,133.27,96.6,97.58,95.82,90.09,123.35,120.62,122.79,134.91,133.62,107.24,134.68,94.33,100.16,93.8,115.58,108.84,103.39,76.75,98.87,124.79
2021-02-17,104.25,127.59,108.24,107.93,82.09,82.88,102.78,82.89,100.85,88.56,113.22,126.52,101.87,102.27,122.59,114.38,92.04,95.53,92.46,69.88,101.59,92.25,100.2,110.19,114.72,89.86,98.93,101.97,133.56,96.75,97.92,96.18,90.58,123.47,120.66,122.73,135.64,132.56,107.39,134.98,94.59,100.01,94.01,115.72,108.89,103.79,76.88,98.93,124.92
2021-02-18,104.38,127.32,109.87,108.03,82.27,82.98,103.07,83.25,100.82,88.68,113.45,126.81,102.02,102.43,122.85,114.56,92.08,95.73,92.62,69.98,101.87,92.36,100.35,110.55,114.63,89.99,99.1,102.44,133.62,96.89,98.18,96.38,90.81,123.61,120.52,122.58,135.8,131.42,107.45,135.23,94.67,99.85,94.23,115.85,108.87,104.11,76.92,98.9,125.04
2021-02-19,104.51,127.09,111.58,108.1,82.33,83.18,103.23,83.5,100.83,88.77,113.65,127.08,102.12,102.63,122.83,114.52,92.07,95.86,92.88,70.01,102.28,92.48,100.5,110.81,114.6,90.14,99.36,102.79,133.82,97.07,98.45,96.45,91.22,123.6,120.49,122.5,135.84,130.23,106.76,135.36,94.79,99.86,94.3,115.86,108.95,104.39,77.02,98.85,125.07
2021-02-20,104.51,126.75,112.59,107.92,82.29,83.13,102.97,83.53,100.97,88.41,113.56,127.15,102.08,102.62,122.91,114.4,91.88,95.59,93.01,69.89,102.4,92.33,100.24,110.8,114.29,90.1,99.37,102.94,133.65,97.19,98.4,96.23,91.18,123.3,120.18,122.34,135.89,131.99,105.89,135.3,94.72,100.15,94.2,115.27,108.83,104.42,77.03,98.74,125.24
2021-02-21,104.65,126.47,112.58,108.01,82.43,83.45,103.2,83.54,101.25,88.28,113.7,127.37,102.16,102.68,123.22,114.41,91.86,95.79,93.19,70.13,102.76,92.55,100.4,110.95,114.09,90.33,99.68,103.23,133.72,97.56,98.73,96.42,91.38,123.32,120.07,122.3,136.04,131.44,105.37,135.53,94.88,100.34,94.21,115.31,108.82,104.71,77.03,98.63,125.36
2021-02-22,104.74,124.7,112.63,108.05,82.52,83.74,103.21,83.55,101.52,88.17,113.77,127.63,102.16,102.74,123.35,114.48,91.82,96.02,93.38,70.28,103.19,92.81,100.54,110.99,113.87,90.56,99.94,103.57,133.84,97.8,99.02,96.66,91.46,123.29,119.83,122.16,136.18,131.58,104.84,135.72,95.06,100.49,94.25,115.29,108.85,105.05,77.16,98.54,125.66
2021-02-23,104.82,124.17,112.66,108.14,82.64,83.84,103.37,83.54,101.88,87.94,114.09,127.88,102.16,102.79,123.51,114.7,91.91,96.22,93.47,70.48,103.62,92.97,100.7,111.07,113.79,90.73,100.18,103.97,133.91,97.95,99.36,96.97,91.78,123.34,119.59,122.06,136.41,131.71,104.79,135.91,95.21,100.73,94.36,115.22,108.95,105.39,77.42,98.45,125.84
2021-02-24,105.0,124.62,112.86,108.33,82.79,83.93,103.44,83.38,102.38,87.88,114.46,128.18,102.3,102.96,123.73,115.22,92.03,96.38,93.46,70.68,104.08,93.2,100.9,111.21,113.74,90.88,100.48,104.54,133.97,98.13,99.63,97.38,91.92,123.39,119.45,122.01,136.7,131.7,104.91,136.1,95.35,101.19,94.46,115.32,109.16,105.79,77.62,98.47,126.06
2021-02-25,105.24,125.37,113.18,108.63,82.88,84.24,103.7,83.35,102.97,87.81,114.77,128.6,102.49,102.67,124.07,115.75,92.22,96.63,93.53,71.29,104.7,93.45,101.2,111.31,113.84,91.17,100.83,104.96,134.23,98.47,99.94,97.79,92.3,123.38,119.45,122.0,136.95,131.92,105.08,136.42,95.62,101.61,94.59,115.45,109.42,106.23,77.85,98.57,126.37
2021-02-26,105.43,126.14,112.4,108.87,83.11,84.43,103.8,83.28,103.44,87.92,115.18,129.13,102.77,102.88,124.39,116.27,92.36,96.91,93.54,71.94,105.11,93.65,101.51,111.49,113.94,91.42,101.0,105.3,134.32,98.77,100.25,98.2,92.64,123.51,119.38,122.01,137.35,131.95,105.23,136.71,95.82,101.96,94.71,115.6,109.61,106.67,78.01,98.76,126.6
2021-02-27,105.73,127.1,111.9,109.32,83.4,84.87,104.17,83.4,103.82,88.3,115.71,129.7,103.07,103.21,124.65,116.67,92.54,97.53,93.68,72.49,105.67,93.98,102.1,111.79,114.29,91.72,101.35,105.91,134.63,99.19,100.78,98.82,93.24,123.8,119.48,121.99,137.7,132.96,105.51,137.15,96.14,102.21,94.96,116.23,109.99,107.22,78.28,98.99,126.88
2021-02-28,105.9,127.95,111.17,109.61,83.65,85.12,104.36,83.59,104.14,88.44,116.05,130.18,103.2,103.48,124.74,117.2,92.69,97.78,93.78,73.1,106.07,94.07,102.35,112.01,114.51,91.89,101.54,106.34,134.8,99.4,101.07,99.14,93.56,123.91,119.46,121.96,137.9,134.76,105.6,137.4,96.33,102.39,95.13,116.42,110.29,107.6,78.48,99.19,127.3
2021-03-01,105.94,129.11,110.39,109.99,83.88,85.2,104.48,84.0,104.36,88.77,116.22,130.45,103.35,103.66,124.86,117.08,92.79,98.03,93.86,73.79,106.36,94.08,102.54,112.26,114.33,91.89,101.62,106.98,134.73,99.43,101.26,99.32,93.97,124.06,119.48,121.94,137.88,136.49,105.85,137.47,96.44,102.47,95.2,116.63,110.54,107.85,78.64,99.38,127.49
2021-03-02,106.1,130.02,109.67,110.38,84.19,85.53,104.55,84.38,104.72,89.22,116.52,130.96,103.67,103.86,124.86,117.09,92.86,98.35,94.04,74.25,106.68,94.19,102.86,112.5,114.02,92.07,101.9,107.4,134.93,99.48,101.47,99.41,94.37,124.14,119.49,121.85,137.89,138.09,105.87,137.77,96.65,102.55,95.33,116.87,110.84,108.15,78.75,99.6,127.67
2021-03-03,106.26,130.55,109.05,110.82,84.49,85.72,104.68,84.82,105.04,89.56,116.86,131.54,104.0,104.05,124.94,117.02,92.91,98.67,94.32,74.75,106.94,94.27,103.12,112.79,114.0,92.23,102.11,107.71,135.19,99.48,101.75,99.43,94.7,124.22,119.47,121.8,137.9,139.74,105.89,138.05,96.86,102.6,95.5,117.12,110.73,108.37,79.01,99.94,127.84
2021-03-04,106.53,130.91,108.47,111.3,84.82,85.88,104.83,85.3,105.34,89.99,117.43,132.2,104.31,104.78,124.92,117.22,92.86,98.94,94.67,75.19,107.21,94.36,103.38,113.14,113.95,92.43,102.36,108.04,135.54,99.66,102.13,99.62,95.15,124.39,119.54,121.87,138.05,141.49,105.98,138.32,97.11,102.67,95.79,117.31,110.67,108.57,79.49,100.33,127.94
2021-03-05,106.81,131.58,108.86,111.79,85.09,86.1,105.11,85.78,105.7,90.28,118.06,133.12,104.61,105.0,125.2,117.37,92.99,99.15,95.1,75.45,107.42,94.42,103.65,113.51,113.96,92.6,102.81,108.49,135.96,99.66,102.43,99.9,95.45,124.55,119.69,121.97,138.2,143.51,106.05,138.7,97.37,102.77,96.17,117.53,110.58,108.74,79.84,100.71,128.22
2021-03-06,107.07,132.02,109.38,112.23,85.34,86.15,105.44,86.24,105.91,90.56,118.77,133.65,104.8,105.29,125.46,117.58,93.07,99.33,95.51,76.14,107.59,94.37,103.79,113.87,113.91,92.67,103.03,108.84,136.45,99.54,102.42,100.05,95.6,124.7,119.78,122.02,138.29,144.68,105.92,139.01,97.49,102.81,96.49,117.66,110.43,108.66,80.09,101.08,128.46
2021-03-07,107.26,131.81,110.0,112.8,85.58,86.31,105.52,86.51,106.23,90.89,119.46,134.15,105.14,105.71,125.75,116.6,93.12,99.57,95.93,76.69,107.93,94.54,104.1,114.24,113.98,92.88,103.35,109.35,136.89,99.07,102.71,100.41,95.92,124.89,119.99,122.09,138.57,145.37,106.12,139.42,97.81,102.41,96.72,117.89,110.36,108.89,80.41,101.49,128.64
2021-03-08,107.65,132.71,110.55,113.22,85.82,86.53,105.66,86.58,106.67,91.15,120.35,134.84,105.6,106.02,126.08,116.77,93.24,99.82,96.41,77.16,108.27,94.76,104.48,114.61,114.53,93.26,103.75,109.75,137.49,99.15,103.09,100.9,96.24,125.1,120.24,122.29,139.11,145.84,106.14,139.95,98.18,102.64,97.16,118.05,110.35,109.24,80.74,101.89,128.92
2021-03-09,108.02,133.26,111.11,113.75,86.05,86.75,105.85,86.8,107.13,91.31,121.17,135.43,105.96,106.35,126.49,116.79,93.37,100.12,96.87,77.82,108.72,95.02,104.9,114.96,115.3,93.55,104.11,110.3,137.96,99.29,103.45,101.39,96.51,125.36,120.49,122.56,139.67,146.31,106.29,140.39,98.54,102.88,97.63,118.28,110.12,109.55,81.06,102.25,129.39
2021-03-10,108.31,133.31,111.44,114.01,86.18,87.07,106.03,86.92,107.32,91.39,121.74,136.02,106.18,106.6,126.77,116.5,93.48,100.27,97.3,78.29,109.11,95.27,105.18,115.19,115.73,93.81,104.46,110.57,138.31,99.29,103.84,101.86,96.81,125.49,120.6,122.65,140.08,146.89,106.29,140.7,98.95,103.13,98.09,118.4,110.4,109.86,81.33,102.55,129.75
2021-03-11,108.58,133.34,111.82,114.28,86.46,87.37,106.15,86.91,107.51,91.55,122.19,136.56,106.38,106.96,126.92,115.69,93.59,100.47,97.7,78.44,109.49,95.53,105.53,115.48,116.22,94.03,104.77,110.82,138.71,99.27,104.21,102.19,96.99,125.45,120.67,122.65,140.47,147.33,106.2,141.02,99.35,103.54,98.52,118.57,110.8,110.15,81.47,102.91,130.11
2021-03-12,108.86,133.34,112.35,114.6,86.78,87.74,106.29,86.94,107.67,91.56,122.56,136.95,106.61,107.37,127.09,114.82,93.67,100.72,98.09,78.76,109.98,95.82,105.86,115.74,116.72,94.3,105.0,111.1,139.09,99.53,104.68,102.54,97.26,125.47,120.72,122.68,140.36,147.63,106.19,141.41,99.72,104.03,98.92,118.73,111.17,110.49,81.79,103.26,130.39
2021-03-13,109.33,133.76,113.02,115.11,87.23,88.38,106.5,87.07,108.01,91.81,123.05,137.94,107.09,107.92,127.31,114.29,93.97,101.1,98.66,79.34,110.71,96.44,106.49,116.13,117.38,94.82,105.54,111.55,139.63,100.21,105.64,103.18,97.78,125.72,120.99,122.89,140.46,147.95,106.54,141.95,100.37,104.67,99.55,119.26,111.61,111.23,82.15,103.71,130.81
2021-03-14,109.75,134.7,113.58,115.41,87.69,88.87,106.64,87.39,108.24,91.98,123.43,138.88,107.42,108.21,127.43,114.75,94.05,101.32,99.21,79.73,111.22,96.77,106.75,116.31,117.82,95.12,105.89,111.8,140.11,101.07,106.17,103.49,98.03,125.86,121.13,123.04,140.39,147.8,106.6,142.27,100.74,105.67,100.22,119.35,111.85,111.55,82.57,104.18,131.05
2021-03-15,110.06,135.3,114.06,115.72,88.15,89.38,106.88,87.72,108.5,92.04,123.72,139.67,107.74,108.51,127.42,114.72,94.14,101.46,99.71,80.1,111.67,97.06,106.96,116.46,118.24,95.33,106.15,111.93,140.55,101.52,106.7,103.76,98.18,125.87,121.13,122.99,140.2,147.81,106.5,142.55,101.07,106.16,100.58,119.51,111.98,111.79,82.91,104.5,131.2
2021-03-16,110.39,135.97,114.61,115.95,88.62,89.87,107.17,87.53,108.78,92.23,124.05,140.56,108.08,109.01,127.41,114.81,94.28,101.64,100.27,80.54,112.22,97.4,107.11,116.75,118.5,95.58,106.41,112.09,141.08,101.93,107.32,104.05,98.46,126.0,121.22,122.92,139.98,147.91,106.6,142.9,101.43,106.64,100.72,119.73,111.3,112.11,83.25,104.96,131.45
2021-03-17,110.68,136.86,115.22,116.32,89.23,90.39,107.26,87.96,109.28,92.52,124.42,141.5,108.52,109.43,127.49,114.98,94.29,101.9,100.73,81.03,112.78,97.74,107.41,116.95,118.75,95.81,106.67,112.56,141.58,102.49,108.0,104.31,98.67,126.19,121.47,123.01,139.74,148.07,106.74,143.34,101.76,106.87,101.23,120.01,111.59,112.4,83.53,105.34,131.76
2021-03-18,111.01,137.87,115.67,116.59,89.8,91.0,107.47,88.52,109.88,92.76,124.85,142.4,108.99,109.99,127.66,115.46,94.51,102.23,101.3,81.86,113.36,98.15,107.73,117.14,119.03,96.07,107.08,113.16,142.1,103.06,108.69,104.69,98.95,126.57,121.74,123.15,139.64,148.19,106.91,143.86,102.11,107.4,101.82,120.39,111.75,112.81,83.68,105.71,132.18
2021-03-19,111.31,138.78,115.94,116.96,90.46,91.51,107.69,89.17,110.57,93.09,125.38,143.23,109.36,110.58,127.87,116.29,94.71,102.63,101.86,82.5,113.84,98.64,108.04,117.43,119.19,96.38,107.43,113.83,142.61,103.54,109.19,105.09,99.16,127.06,122.09,123.33,140.07,148.49,107.21,144.37,102.56,107.75,102.36,120.75,112.1,113.23,83.76,106.1,132.55
2021-03-20,111.58,139.86,116.11,117.87,91.21,91.92,107.93,89.83,111.3,93.44,125.87,144.06,109.75,110.98,128.08,116.49,95.05,102.94,102.31,82.84,114.28,99.03,108.31,117.66,119.72,96.68,107.65,114.32,143.06,103.78,109.67,105.53,99.43,127.49,122.31,123.47,140.42,148.87,107.42,144.99,103.05,108.08,102.79,120.93,112.34,113.59,83.85,106.5,132.86
2021-03-21,111.98,141.64,116.17,118.83,91.85,92.36,108.53,90.44,111.89,93.86,126.3,144.94,110.12,111.47,128.21,118.05,95.59,103.2,102.76,83.15,114.72,99.38,108.69,118.13,119.92,97.07,107.87,115.02,143.59,104.19,110.16,105.92,99.76,127.74,122.51,123.57,140.86,149.22,107.48,145.62,103.57,108.43,103.24,121.33,112.57,114.05,83.89,106.79,133.32
2021-03-22,112.37,142.31,116.31,119.24,92.49,92.86,109.12,90.92,112.36,94.25,126.78,145.84,110.36,112.19,128.41,119.59,95.99,103.47,103.24,83.31,115.29,99.73,109.05,118.56,119.76,97.43,108.13,115.78,144.16,104.45,110.6,106.37,100.14,128.06,122.77,123.77,141.32,149.57,107.71,146.29,104.05,108.86,103.85,121.76,112.79,114.51,83.98,107.06,133.9
2021-03-23,112.82,144.15,116.38,119.66,93.15,93.31,109.61,91.82,112.9,94.61,127.4,146.8,110.64,112.85,128.74,123.78,96.58,103.6,103.73,83.67,115.7,100.04,109.41,119.08,120.1,97.73,108.34,116.43,144.89,104.66,111.01,106.85,100.35,128.4,123.11,124.04,141.85,149.87,107.9,147.02,104.48,109.31,104.71,122.16,114.31,114.9,84.16,107.38,134.32
2021-03-24,113.35,146.72,116.39,119.98,93.77,93.74,110.23,92.23,113.34,95.01,128.18,147.72,110.58,113.59,128.96,127.55,97.24,103.71,104.32,83.9,116.12,100.32,109.7,119.63,120.51,97.97,108.65,117.08,145.63,104.96,111.35,107.41,100.68,128.71,123.25,124.11,142.37,150.1,108.03,147.6,104.9,110.13,105.17,122.51,114.72,115.37,84.31,107.54,134.77
2021-03-25,113.74,148.24,116.53,120.46,94.25,94.04,110.68,92.26,113.7,95.43,129.18,148.74,110.91,114.09,129.14,127.47,97.82,103.83,105.1,84.22,116.56,100.5,109.91,120.26,120.87,98.27,108.82,117.61,146.58,105.05,111.64,107.84,100.99,129.01,123.47,124.24,142.89,150.75,108.19,148.38,105.26,110.64,105.57,122.76,115.13,115.66,84.59,107.81,135.13
2021-03-26,114.18,149.9,116.67,120.86,94.52,94.37,111.05,92.34,114.02,95.91,130.18,149.71,111.31,114.58,129.16,128.0,98.45,103.84,105.88,84.61,117.06,100.61,110.11,120.79,121.33,98.49,109.02,118.01,147.62,105.13,112.04,108.2,101.22,129.29,123.66,124.34,143.39,151.28,108.34,149.14,105.48,111.25,106.02,122.95,115.51,115.88,85.04,108.07,135.55
2021-03-27,114.71,151.23,116.96,120.85,94.67,94.69,111.58,92.37,114.28,96.35,131.37,150.76,111.73,115.16,129.34,129.24,98.88,103.92,106.71,85.06,117.57,100.83,110.38,121.49,121.79,98.68,109.33,118.48,148.82,105.3,112.51,108.56,101.54,129.72,124.04,124.6,144.02,152.02,108.65,149.91,105.66,111.79,106.65,123.23,116.08,116.13,85.5,108.43,135.88
2021-03-28,115.16,151.66,117.26,120.85,94.87,94.85,111.83,92.44,114.69,96.65,132.61,151.7,112.17,115.72,129.6,129.09,99.25,104.08,107.56,85.52,118.08,101.08,110.65,122.08,122.34,98.83,109.67,118.76,150.05,105.56,112.95,108.94,101.72,130.21,124.37,124.78,144.52,152.61,108.99,150.65,105.84,112.35,107.22,123.45,116.76,116.28,86.07,108.8,136.16
2021-03-29,115.61,152.93,117.52,121.45,95.08,94.95,112.01,92.45,115.12,96.92,133.98,152.72,112.73,116.18,129.79,128.78,99.73,104.28,108.41,86.25,118.57,101.33,110.94,122.69,123.25,99.03,109.99,119.05,151.21,105.91,113.41,109.27,101.89,130.72,124.77,125.01,145.06,153.36,109.38,151.4,105.98,112.9,107.68,123.66,117.56,116.45,86.61,109.27,136.36
2021-03-30,116.1,152.62,117.83,122.12,95.2,95.04,112.14,92.85,115.47,97.22,135.18,153.38,113.31,116.69,129.94,126.93,100.02,104.52,109.32,86.64,119.1,101.55,111.17,123.15,123.85,99.22,110.32,119.37,152.21,106.35,113.88,109.55,102.17,131.09,124.95,125.17,145.48,153.96,109.62,152.07,106.19,113.3,108.02,123.81,118.22,116.62,87.03,109.65,136.6
2021-03-31,116.66,151.56,118.26,122.96,95.29,95.13,112.16,93.36,115.87,97.54,136.39,154.33,114.16,117.21,129.93,126.96,100.28,104.83,110.2,87.2,119.68,101.74,111.27,123.76,124.42,99.38,110.62,119.77,153.4,106.77,114.33,109.79,102.43,131.64,125.4,125.57,145.97,154.71,109.93,152.99,106.38,113.64,108.35,124.01,118.89,116.71,87.54,110.16,136.81
2021-04-01,117.13,150.62,118.54,123.65,95.34,95.27,112.26,94.15,116.15,97.78,137.28,155.02,114.5,117.58,130.07,130.61,100.37,105.08,110.46,87.63,120.26,102.0,111.4,124.23,125.0,99.52,110.97,120.33,154.19,107.03,114.77,110.01,102.71,132.15,125.66,125.84,146.25,154.91,110.27,153.53,106.64,113.89,108.63,124.26,119.66,116.9,88.02,110.5,136.97
2021-04-02,117.52,149.64,118.78,124.26,95.45,95.38,112.37,94.82,116.44,97.93,137.97,155.59,114.84,117.95,130.46,133.58,100.38,105.2,110.69,88.21,120.8,102.23,111.47,124.6,125.49,99.56,111.26,120.75,154.87,107.26,115.19,110.15,103.12,132.52,125.8,126.03,146.51,155.11,110.43,153.89,106.83,114.06,108.98,124.53,120.23,117.1,88.36,110.78,137.14
2021-04-03,117.81,148.76,118.95,124.77,95.61,95.59,112.18,95.37,116.71,98.11,138.7,156.17,115.08,118.3,130.62,136.32,100.29,105.43,111.0,88.71,121.31,102.4,111.59,124.94,125.53,99.68,111.49,121.37,155.34,107.47,115.42,110.19,103.41,132.85,125.96,126.15,146.69,155.0,110.55,154.16,106.95,114.22,109.2,124.72,120.78,117.27,88.52,110.98,137.41
2021-04-04,118.26,148.11,119.2,125.29,95.76,95.92,112.04,96.01,117.07,98.31,139.52,156.89,115.38,118.68,130.96,139.12,100.33,105.66,111.29,89.2,121.9,102.63,111.73,125.38,125.95,99.87,111.79,121.98,155.97,107.65,115.74,110.32,103.79,133.22,126.13,126.28,146.84,155.36,110.59,154.63,107.16,114.45,109.56,124.95,121.31,117.51,88.6,111.26,137.74
2021-04-05,118.8,147.17,119.47,125.82,95.89,96.24,111.94,96.82,117.49,98.51,140.31,157.67,115.69,119.07,131.44,142.22,100.27,105.88,111.69,89.61,122.47,102.93,111.91,125.85,126.34,100.1,112.14,122.64,156.76,107.8,116.09,110.42,104.27,133.61,126.31,126.47,147.11,155.68,110.68,155.13,107.44,114.77,110.01,125.19,121.73,117.83,88.74,111.55,138.09
2021-04-06,119.19,146.11,119.75,126.32,96.03,96.59,112.04,97.2,117.98,98.76,141.26,158.74,116.02,119.33,131.91,144.06,100.32,105.98,111.99,90.18,123.02,103.16,111.97,126.33,126.64,100.22,112.54,123.56,157.45,107.86,116.36,110.42,104.74,133.99,126.47,126.63,147.4,156.02,110.72,155.61,107.64,115.17,110.39,125.45,122.33,118.06,88.88,111.84,138.45
2021-04-07,119.31,144.78,119.98,126.76,96.05,96.94,112.21,97.39,118.29,98.9,142.05,159.31,116.39,119.58,132.39,141.0,100.49,106.17,112.17,90.78,123.58,103.32,112.29,126.76,126.92,100.54,112.86,124.28,158.26,107.42,116.63,110.42,105.2,134.32,126.58,126.76,147.7,156.51,110.79,155.93,107.86,115.15,110.47,125.62,122.72,118.29,88.97,112.15,138.73
2021-04-08,119.63,145.12,120.18,127.2,96.22,97.35,112.37,97.71,118.82,99.11,142.89,159.96,116.77,119.82,132.94,138.1,100.43,106.25,112.71,91.33,124.05,103.36,112.55,127.11,127.17,100.73,113.0,124.79,159.18,107.58,116.93,110.43,105.61,134.65,126.85,126.88,147.98,157.02,110.83,156.44,107.99,115.48,110.76,125.78,122.82,118.49,89.05,112.42,139.08
2021-04-09,120.04,146.24,120.52,127.7,96.48,97.77,112.56,97.96,119.39,99.27,143.89,160.92,117.24,120.18,133.46,135.21,100.59,106.67,113.38,92.19,124.57,103.48,113.0,127.59,127.72,101.05,113.25,125.76,160.15,107.83,117.33,110.58,105.95,135.13,127.22,127.08,148.41,157.28,110.99,157.11,108.26,116.0,110.91,125.98,123.15,118.78,89.17,112.85,139.41
2021-04-10,120.3,147.61,120.51,127.95,96.49,98.11,112.67,98.2,119.94,99.25,144.57,161.57,117.65,120.51,133.87,132.19,100.82,106.71,113.82,92.96,124.83,103.01,112.85,127.88,128.05,101.14,113.29,126.1,161.02,107.97,117.66,110.41,106.22,135.44,127.35,127.12,148.75,157.68,111.1,157.52,108.42,116.59,110.98,126.05,123.48,118.74,89.36,113.05,139.65
2021-04-11,120.41,149.23,120.52,127.85,96.5,98.4,112.84,98.34,120.27,99.32,145.18,161.99,118.02,120.69,134.02,129.1,100.75,106.86,114.19,93.66,125.12,102.61,112.84,128.11,128.42,101.23,113.36,126.66,161.7,108.04,117.96,110.25,106.43,135.72,127.48,127.22,149.11,157.62,111.31,157.85,108.56,117.03,110.94,126.28,123.85,118.76,89.48,113.23,139.92
2021-04-12,120.57,151.36,120.56,127.81,96.57,98.78,113.09,98.43,120.71,99.54,145.85,162.54,118.39,121.0,134.11,126.06,100.83,107.07,114.65,94.38,125.48,102.19,112.87,128.38,128.84,101.34,113.48,127.33,162.5,108.12,118.36,110.2,106.65,135.99,127.62,127.3,149.43,157.52,111.39,158.28,108.72,117.48,110.92,126.48,124.33,118.8,89.63,113.5,140.31
2021-04-13,120.74,154.61,120.64,127.57,96.65,99.2,113.26,98.62,121.06,99.76,146.39,163.14,118.67,121.3,134.17,123.2,100.85,107.43,115.02,95.09,125.91,101.87,112.99,128.63,129.15,101.59,113.53,127.56,163.29,108.22,118.73,110.25,106.79,136.33,127.88,127.4,149.73,157.49,111.54,158.75,108.93,117.96,111.2,126.69,124.61,118.95,89.77,113.79,140.64
2021-04-14,121.15,158.51,120.72,127.37,96.83,99.61,113.44,98.9,121.86,100.01,147.35,164.03,118.99,121.73,134.58,124.03,100.94,107.7,115.6,95.89,126.3,101.69,113.03,128.95,129.58,101.84,113.51,128.05,163.92,108.79,119.03,110.38,106.95,136.71,128.09,127.43,150.12,157.19,111.63,159.35,109.15,118.88,111.7,126.96,124.52,119.19,90.01,114.03,141.1
2021-04-15,121.48,161.64,120.76,127.3,97.04,99.98,113.66,99.1,122.49,100.37,148.26,164.94,119.33,122.35,134.96,124.83,101.22,108.01,116.07,96.8,126.77,101.59,113.11,129.39,129.91,102.21,113.63,128.62,164.48,108.84,119.28,110.51,107.19,137.09,128.35,127.6,150.49,156.88,111.78,159.87,109.44,119.46,112.03,127.24,125.47,119.38,90.31,114.32,141.5
2021-04-16,121.78,163.59,120.86,127.29,97.1,100.41,113.99,99.36,123.02,100.76,148.95,165.59,119.62,122.77,135.0,125.27,101.41,108.13,116.34,97.28,127.27,101.46,113.09,129.68,130.02,102.52,113.7,128.64,164.97,109.01,119.39,110.67,107.38,137.38,128.56,127.68,150.64,156.82,111.93,160.27,109.73,119.88,112.31,127.51,126.32,119.55,90.55,114.5,141.85
2021-04-17,122.27,164.99,121.31,127.51,97.42,100.94,114.5,99.72,123.59,101.26,149.8,166.33,120.02,123.24,135.17,125.89,101.71,108.61,116.73,97.82,128.06,101.96,113.62,130.2,130.86,103.02,114.12,129.29,165.81,109.26,119.72,111.14,107.56,137.88,128.91,127.96,150.9,156.68,112.06,161.0,110.21,120.15,112.72,127.97,127.06,120.13,90.8,114.87,142.22
2021-04-18,122.8,166.25,121.76,128.07,97.65,101.59,114.97,100.07,124.27,101.83,150.66,167.2,120.36,124.03,135.46,126.61,102.2,109.01,117.26,98.4,128.7,102.32,113.99,130.7,131.33,103.49,114.45,129.86,166.71,109.48,120.08,111.59,107.9,138.31,129.2,128.17,151.21,156.5,112.08,161.65,110.67,120.63,113.19,128.22,127.78,120.64,91.05,115.3,142.58
2021-04-19,123.21,167.45,122.4,128.56,97.9,102.2,115.36,100.52,124.88,102.34,151.39,168.12,120.68,124.56,135.8,127.16,102.55,109.34,117.52,98.91,129.25,102.59,114.31,131.12,131.79,103.82,114.71,130.13,167.34,109.69,120.27,111.99,108.22,138.67,129.48,128.25,151.32,156.34,112.06,162.11,111.08,120.97,113.59,128.5,128.52,121.07,91.24,115.64,142.85
2021-04-20,123.62,167.21,123.0,129.29,98.14,102.81,115.76,101.01,125.55,102.71,152.21,168.82,120.97,125.08,136.15,127.7,102.92,109.62,117.91,99.43,129.79,102.81,114.67,131.54,132.27,104.15,114.96,130.65,167.98,109.91,120.57,112.43,108.54,139.07,129.75,128.48,151.66,156.17,112.22,162.55,111.49,121.32,113.88,128.78,129.35,121.51,91.47,115.93,143.1
2021-04-21,124.02,166.66,123.64,129.96,98.45,103.4,116.23,101.29,126.01,103.06,152.47,169.41,121.17,125.58,136.39,128.22,103.32,109.91,118.25,99.78,130.37,103.07,115.04,131.91,132.78,104.48,115.31,131.2,168.58,110.3,120.9,112.7,108.78,139.35,130.02,128.77,152.06,155.85,112.28,162.92,111.92,121.6,114.36,129.08,130.71,121.92,91.62,116.22,143.36
2021-04-22,124.38,165.59,124.36,130.52,98.68,104.06,116.55,101.56,126.43,103.27,152.71,169.97,121.44,126.16,136.68,128.57,103.84,110.23,118.67,99.96,130.89,103.28,115.37,132.17,133.37,104.71,115.67,131.46,168.96,110.73,121.34,113.0,108.98,139.55,130.1,128.98,152.56,155.6,112.27,163.3,112.27,121.75,114.69,129.27,131.19,122.36,91.7,116.52,143.6
2021-04-23,124.75,164.69,124.92,131.07,98.97,104.65,116.71,101.87,126.98,103.53,153.14,170.6,121.72,126.8,137.13,129.3,104.22,110.64,119.2,100.26,131.4,103.51,115.77,132.55,134.16,105.03,116.06,132.43,169.67,110.93,121.99,113.21,109.31,139.77,130.3,129.26,153.23,155.29,112.4,163.97,112.68,121.95,115.28,129.55,131.57,122.8,91.85,116.88,143.87
2021-04-24,125.05,164.09,125.54,131.58,99.41,105.29,116.81,102.15,127.48,103.77,153.43,171.19,121.95,127.41,137.42,130.05,104.54,111.0,119.65,100.66,131.89,103.78,116.15,132.74,134.8,105.25,116.44,133.16,170.17,111.13,122.58,113.47,109.73,139.94,130.52,129.5,153.82,154.93,112.46,164.54,113.02,122.36,115.6,129.87,131.99,123.23,92.15,117.27,144.16
2021-04-25,125.29,163.19,126.19,131.96,99.81,105.72,116.76,102.36,127.86,103.81,153.66,171.57,122.16,127.74,137.71,130.54,104.59,111.27,120.01,100.93,132.29,103.98,116.42,132.74,135.42,105.35,116.7,133.55,170.55,111.39,123.02,113.61,110.03,140.11,130.73,129.73,154.34,154.67,112.56,164.94,113.25,122.56,115.77,130.1,132.42,123.45,92.3,117.5,144.31
2021-04-26,125.5,161.78,126.6,132.37,100.13,106.43,116.77,102.48,128.02,103.8,153.78,171.7,122.32,128.16,137.95,131.06,104.7,111.5,120.32,101.04,132.69,104.21,116.66,132.79,136.08,105.49,116.97,134.05,170.87,111.7,123.51,113.72,110.35,140.31,130.92,130.02,154.89,154.3,112.75,165.3,113.5,122.78,115.92,130.28,132.73,123.72,92.43,117.8,144.49
2021-04-27,125.71,160.88,126.99,132.67,100.45,106.82,116.68,102.46,128.06,103.93,153.84,171.78,122.67,128.56,138.1,131.6,105.04,111.77,120.48,101.07,133.15,104.49,116.95,132.77,136.9,105.63,117.2,134.44,171.22,112.04,123.96,113.81,110.56,140.56,131.04,130.24,154.93,154.0,112.84,165.7,113.79,122.95,116.0,130.4,133.0,123.97,92.53,118.15,144.76
2021-04-28,125.88,159.84,127.41,133.0,100.8,107.26,116.63,102.48,127.94,104.04,154.13,171.86,123.01,128.87,138.29,132.15,105.13,112.02,120.62,101.13,133.6,104.78,117.26,132.79,137.61,105.73,117.42,134.71,171.66,112.31,124.32,114.05,110.83,140.82,131.29,130.45,154.91,153.88,112.97,166.05,114.08,123.09,115.96,130.57,133.21,124.25,92.66,118.41,144.98
2021-04-29,126.08,159.84,127.9,133.33,101.15,107.67,116.76,102.37,127.87,104.24,154.39,171.92,123.29,128.89,138.28,132.81,105.13,112.33,120.68,101.22,134.15,105.1,117.66,132.85,138.32,105.86,117.7,135.39,172.18,112.51,124.73,114.3,111.11,141.11,131.57,130.64,154.76,153.78,113.08,166.44,114.5,123.25,116.13,130.71,133.32,124.81,92.8,118.69,145.18
2021-04-30,126.23,159.86,128.37,133.58,101.53,107.97,116.8,102.16,127.8,104.41,154.54,172.13,123.51,128.87,138.44,133.39,105.15,112.5,120.63,101.18,134.61,105.43,117.99,132.83,138.87,106.03,117.92,135.47,172.34,112.78,125.02,114.55,111.26,141.48,132.0,130.93,154.41,153.7,113.27,166.67,114.85,123.3,116.01,130.85,133.51,125.27,92.93,118.98,145.34
2021-05-01,126.34,159.4,128.04,133.85,101.67,108.11,116.97,102.09,127.77,104.43,154.67,172.3,123.67,128.82,138.77,133.75,105.26,112.56,120.45,101.13,135.02,105.64,118.18,132.78,139.27,106.16,118.04,135.37,172.47,112.99,125.22,114.76,111.23,141.79,132.28,131.11,154.14,153.35,113.36,166.68,115.14,123.32,116.12,130.9,133.54,125.62,93.02,119.06,145.45
2021-05-02,126.41,159.13,127.64,134.17,101.86,108.39,117.07,101.59,127.6,104.56,154.72,172.38,123.93,128.75,138.89,134.26,105.54,112.7,120.2,101.1,135.55,106.0,118.47,132.79,139.48,106.39,118.19,135.54,172.54,113.14,125.46,115.03,111.33,142.06,132.55,131.32,153.96,153.04,113.44,166.84,115.52,123.31,116.05,131.13,133.49,126.18,93.16,119.23,145.55
2021-05-03,126.54,159.23,127.25,134.53,102.06,108.35,117.21,101.42,127.83,104.83,155.01,172.51,124.24,128.82,138.95,134.78,105.8,112.97,120.08,101.3,136.08,106.37,118.82,132.9,139.67,106.62,118.37,135.84,172.79,113.22,125.78,115.36,111.32,142.41,132.91,131.56,153.88,152.83,113.56,167.21,115.88,123.44,115.94,131.39,133.47,126.72,93.35,119.44,145.59
2021-05-04,126.65,159.7,126.97,134.95,102.38,108.58,117.5,101.43,128.07,105.13,155.28,172.76,124.52,128.87,138.94,135.1,105.83,113.26,119.88,101.59,136.61,106.76,119.1,133.03,139.86,106.86,118.74,136.27,173.02,113.28,126.14,115.69,111.58,142.7,133.34,131.77,154.08,152.59,113.57,167.61,116.3,123.51,115.88,131.8,133.54,127.33,93.59,119.69,145.57
2021-05-05,126.78,160.3,126.54,135.33,102.54,108.84,117.76,101.55,128.37,105.48,155.3,172.97,124.86,128.89,139.18,135.33,106.04,113.41,119.82,101.79,137.13,107.09,119.34,133.09,140.14,107.03,119.08,136.58,173.15,113.39,126.65,115.9,111.67,143.07,133.54,131.99,154.29,152.6,113.8,167.99,116.65,123.49,115.83,131.95,133.8,127.91,93.85,120.05,145.61
2021-05-06,126.94,160.36,126.13,135.75,102.71,109.12,117.92,101.84,128.66,105.77,155.49,173.11,125.2,129.09,139.41,135.64,106.33,113.58,119.62,101.95,137.69,107.48,119.62,133.26,140.77,107.28,119.37,136.94,173.51,113.6,127.14,116.15,111.87,143.54,133.78,132.23,154.55,152.54,113.98,168.3,117.01,123.6,115.77,132.26,133.99,128.28,94.03,120.42,145.7
2021-05-07,126.89,159.39,125.77,136.19,102.95,109.42,118.09,101.99,128.88,106.07,155.51,173.07,125.56,128.87,139.55,134.9,106.62,113.75,119.46,102.15,138.32,107.78,119.86,132.93,141.58,107.42,119.77,137.46,174.0,112.49,127.53,116.37,112.12,143.92,133.85,132.37,155.15,152.45,113.89,168.69,117.33,123.37,115.53,132.49,134.11,128.67,94.32,120.65,145.75
2021-05-08,127.1,160.03,126.22,136.64,103.43,109.92,118.37,102.14,129.14,106.52,155.74,173.25,125.93,129.14,139.67,134.75,106.6,114.08,119.59,102.37,138.97,108.11,120.15,133.21,141.86,107.78,120.23,138.01,174.41,112.77,128.22,116.67,112.65,144.36,134.08,132.62,155.85,152.73,113.98,169.37,117.72,123.41,115.69,132.82,134.5,129.15,94.44,121.14,142.38
2021-05-09,127.41,160.66,126.66,137.13,103.93,110.2,118.58,102.69,129.61,106.96,156.04,173.71,126.37,129.47,139.83,134.53,106.85,114.34,119.84,102.75,139.63,108.41,120.42,133.59,142.39,108.21,120.57,138.73,175.12,113.11,128.86,116.95,113.0,144.8,134.37,132.92,156.4,152.93,114.13,170.1,118.09,123.82,116.13,133.1,134.97,129.48,94.78,121.64,142.61
2021-05-10,127.66,161.4,127.27,137.49,104.51,110.6,118.8,103.02,129.76,107.32,156.18,173.95,126.78,129.62,139.96,134.16,107.19,114.52,120.02,103.02,140.31,108.7,120.67,133.91,142.78,108.7,120.87,139.45,175.78,113.45,129.49,117.21,113.35,145.04,134.5,133.03,156.78,153.1,114.2,170.67,118.46,124.09,116.56,133.32,135.32,129.84,95.03,122.03,142.79
2021-05-11,127.92,161.75,127.78,137.85,105.07,111.26,118.89,103.3,129.78,107.59,156.21,174.12,127.08,129.92,140.28,134.09,107.46,114.58,120.4,103.16,140.92,108.93,121.03,134.25,143.19,109.12,121.02,140.36,176.4,113.54,130.07,117.47,113.61,145.3,134.67,133.17,157.46,153.22,114.34,171.18,118.76,124.32,117.1,133.47,135.55,130.17,95.31,122.4,142.9
2021-05-12,128.26,162.22,128.37,138.24,105.71,111.91,119.09,103.6,130.15,107.86,156.62,174.34,127.39,130.39,140.48,133.85,107.58,114.84,120.86,103.58,141.65,109.36,121.48,134.56,143.58,109.63,121.27,140.93,177.01,113.62,130.55,117.88,114.16,145.62,135.04,133.31,157.93,153.0,114.29,171.77,119.15,124.9,117.88,134.0,135.64,130.64,95.73,122.82,142.97
2021-05-13,128.54,162.84,128.84,138.6,106.37,112.4,119.38,103.81,130.45,108.19,156.76,174.64,127.72,130.66,140.6,133.71,107.85,115.07,121.44,103.95,142.26,109.77,121.89,134.76,143.5,110.03,121.52,141.23,177.44,113.52,131.16,118.27,114.53,145.84,135.78,133.5,158.52,152.83,114.37,172.37,119.46,125.34,118.38,134.41,135.85,131.11,96.15,123.18,143.02
2021-05-14,129.0,164.46,129.24,138.87,106.84,112.88,119.73,104.12,130.61,108.46,157.11,174.73,128.08,131.32,140.62,134.34,108.09,115.21,121.96,104.27,142.91,110.19,122.34,135.43,143.09,110.41,121.72,141.66,177.68,114.74,131.75,118.66,114.92,145.87,136.4,133.61,158.84,152.61,114.44,172.99,119.78,126.01,118.98,134.77,136.05,131.57,96.5,123.54,143.03
2021-05-15,129.15,164.92,129.42,138.99,107.08,112.74,119.74,103.97,130.61,108.58,157.14,173.89,128.38,131.42,140.55,134.25,108.31,115.18,122.33,104.49,143.48,110.55,122.7,135.39,143.22,110.62,121.68,142.21,177.74,114.69,132.0,118.85,115.07,145.8,136.95,133.64,158.82,152.25,114.13,173.16,119.94,126.28,119.1,134.8,136.05,131.89,96.89,123.92,146.34
2021-05-16,129.28,164.49,129.71,139.09,107.28,112.81,120.13,103.92,130.76,108.74,157.27,173.16,128.63,131.55,140.71,134.23,108.29,115.19,122.55,104.64,144.07,110.92,123.07,135.36,143.3,110.74,121.81,142.5,177.6,114.58,132.19,119.09,115.31,145.87,137.7,133.75,158.98,152.07,113.94,173.3,120.13,126.16,119.26,134.91,136.0,132.37,97.18,124.32,146.17
2021-05-17,129.43,164.49,129.78,139.14,107.4,112.76,120.44,103.71,130.97,108.8,157.34,172.46,128.93,131.78,140.9,134.35,108.33,115.22,122.72,104.78,144.57,111.29,123.37,135.27,143.41,110.9,122.04,142.8,177.46,114.75,132.35,119.35,115.59,145.99,138.42,134.0,159.23,151.82,113.81,173.44,120.31,125.84,119.54,134.99,135.98,132.81,97.59,124.78,146.12
2021-05-18,129.56,164.67,129.98,139.16,107.43,112.48,120.82,103.38,131.18,109.01,157.42,171.8,129.2,131.87,140.92,134.44,108.44,115.5,122.88,105.04,145.01,111.67,123.7,135.17,143.45,111.1,122.26,142.81,177.35,115.11,132.5,119.63,115.82,145.99,138.47,134.18,159.02,151.62,113.71,173.69,120.61,125.78,119.55,134.98,135.93,133.24,97.99,125.03,146.07
2021-05-19,129.53,164.19,130.23,139.14,107.33,112.04,121.01,102.97,130.99,109.26,157.29,171.15,129.45,131.86,140.96,134.65,108.64,115.6,122.75,105.15,145.35,111.83,123.86,135.01,143.53,111.23,122.39,143.15,177.13,115.16,132.53,119.73,115.82,145.91,138.43,134.37,159.01,150.18,113.77,173.94,120.8,125.28,119.19,134.88,135.86,133.45,98.28,125.26,145.87
2021-05-20,129.55,163.59,130.58,139.24,107.36,111.96,121.27,102.6,130.9,109.44,157.42,170.15,129.76,132.07,140.95,134.81,108.79,115.8,122.63,105.38,145.89,112.0,123.99,134.86,143.98,111.4,122.65,143.54,177.21,115.55,132.6,119.97,116.05,145.91,138.01,134.48,158.89,149.25,113.77,174.27,121.04,124.95,119.04,135.06,135.95,133.7,98.76,125.54,145.67
2021-05-21,129.53,163.12,130.92,139.36,107.36,111.9,121.49,102.36,130.82,109.57,157.46,169.28,130.04,131.5,140.84,134.98,108.98,116.06,122.58,105.6,146.32,112.15,124.13,134.65,144.65,111.59,122.73,143.48,177.35,115.82,132.67,120.27,116.25,146.1,137.66,134.59,158.72,148.32,113.86,174.24,121.22,124.6,118.94,135.18,136.04,133.93,99.27,125.84,145.52
2021-05-22,129.41,161.49,131.04,139.25,107.05,111.67,121.35,102.4,130.87,109.52,157.39,168.94,130.11,131.16,140.82,135.18,109.12,115.94,122.54,105.73,146.41,112.01,123.93,134.45,144.45,111.53,122.49,143.19,177.26,116.01,132.28,120.13,115.99,145.92,137.05,134.49,158.58,147.33,113.77,173.77,121.14,124.02,118.79,134.64,136.01,133.78,99.7,125.84,145.4
2021-05-23,129.52,161.34,131.39,139.38,107.1,111.83,121.5,102.1,130.67,109.65,157.59,168.73,130.32,131.24,140.57,135.47,109.5,116.25,122.76,105.93,146.91,112.2,124.15,134.5,145.19,111.75,122.66,143.48,177.58,116.28,132.38,120.53,116.2,146.05,136.6,134.54,158.54,146.3,113.89,173.99,121.34,123.87,118.82,134.75,136.24,133.91,100.04,125.98,145.36
2021-05-24,129.55,160.49,131.7,139.58,107.22,111.99,121.6,102.0,130.56,109.87,157.76,168.64,130.47,131.1,140.46,135.64,109.81,116.5,122.92,106.23,147.45,112.38,124.44,134.56,145.98,111.88,122.7,143.6,177.9,116.29,132.41,120.82,116.27,146.21,136.19,134.56,158.42,145.33,113.95,174.17,121.54,123.83,118.67,134.92,136.58,133.91,100.33,126.11,145.36
2021-05-25,129.63,159.62,131.84,139.83,107.34,112.14,121.52,101.96,130.73,109.91,158.05,168.57,130.68,131.19,140.45,135.92,110.06,116.51,123.14,106.54,147.94,112.46,124.57,134.62,146.81,111.9,122.77,143.6,178.31,116.34,132.61,121.01,116.5,146.46,136.37,134.65,158.53,144.38,113.98,174.22,121.55,123.64,118.66,135.1,136.88,133.79,100.74,126.32,145.46
2021-05-26,129.81,159.47,131.99,140.14,107.65,112.43,121.57,101.94,131.28,109.93,158.32,168.42,130.92,131.11,140.31,136.25,110.42,116.48,123.56,106.9,148.47,112.55,124.65,134.75,147.58,111.99,122.94,143.49,178.85,116.62,132.85,121.24,116.74,146.74,136.6,134.78,158.62,144.66,113.95,174.3,121.58,123.64,118.85,135.17,137.2,133.65,101.08,126.52,145.73
2021-05-27,129.98,159.69,132.08,140.31,107.88,112.47,121.44,101.87,131.65,109.99,158.48,168.53,131.05,131.17,140.33,136.43,110.69,116.47,124.09,107.17,148.82,112.64,124.84,134.91,147.93,112.16,122.89,143.35,179.18,116.67,132.87,121.33,116.89,146.91,136.76,134.86,158.63,144.44,113.74,174.25,121.66,123.66,119.13,135.01,137.45,133.5,101.31,126.69,145.92
2021-05-28,130.22,160.56,132.24,140.54,108.19,112.61,121.3,101.87,132.08,110.18,158.68,168.76,131.22,132.05,140.53,136.71,110.89,116.52,124.66,107.42,149.26,112.77,125.0,135.21,148.32,112.29,123.08,143.54,179.54,116.8,132.92,121.39,117.03,146.99,136.95,135.08,158.71,144.08,113.58,174.38,121.76,123.85,119.61,134.92,137.8,133.36,101.51,126.96,146.14
2021-05-29,130.67,163.51,132.85,141.15,108.82,113.39,121.97,101.74,132.34,110.7,158.57,169.05,131.74,132.79,140.77,137.05,111.48,117.08,125.16,107.82,150.24,113.32,125.66,135.7,149.29,112.77,123.76,144.3,180.34,117.03,133.63,122.09,117.75,147.58,137.45,135.56,158.94,143.93,113.95,175.29,122.32,124.37,120.26,135.75,138.32,133.73,101.92,127.47,146.46
2021-05-30,130.93,166.36,133.13,141.6,109.17,113.93,122.21,102.05,133.05,111.0,158.83,169.14,132.06,133.21,141.16,137.6,111.89,117.25,125.51,108.23,150.71,113.56,125.93,136.0,149.5,113.02,124.13,144.66,180.62,117.23,134.02,122.28,118.02,147.78,137.66,135.85,159.16,143.68,114.04,175.62,122.63,124.63,120.68,135.91,138.64,133.77,102.46,127.89,146.73
2021-05-31,131.26,169.2,133.53,142.09,109.42,114.46,122.48,102.09,133.7,111.31,159.14,169.26,132.5,133.79,141.46,138.19,112.38,117.49,126.03,108.6,151.27,113.8,126.15,136.28,149.71,113.27,124.58,145.03,180.96,117.44,134.5,122.61,118.48,148.06,137.92,136.15,159.45,143.41,114.11,176.01,122.98,124.96,120.99,136.03,138.96,133.97,102.98,128.26,146.88
2021-06-01,131.38,168.16,133.8,142.41,109.59,114.84,122.69,102.03,133.8,111.57,159.14,168.94,132.67,133.9,141.51,138.25,112.65,117.66,126.28,108.76,151.7,113.99,126.26,136.37,149.51,113.45,124.8,145.48,180.85,117.55,134.56,122.66,118.63,148.16,138.11,136.31,159.45,143.03,114.06,176.01,123.27,125.16,121.18,136.03,139.16,134.01,103.08,128.57,146.88
2021-06-02,131.48,166.81,134.05,142.6,109.74,115.17,122.95,101.83,133.73,111.83,159.12,168.58,132.82,134.09,141.48,138.26,112.77,118.03,126.23,108.91,152.13,114.34,126.58,136.46,149.35,113.74,124.95,146.08,180.53,117.66,134.82,122.93,118.83,148.16,138.08,136.32,159.35,142.63,114.0,175.74,123.64,125.33,121.16,136.17,139.37,134.35,103.22,128.82,147.16
2021-06-03,131.59,165.35,134.32,142.93,109.88,115.47,123.28,101.9,133.9,111.92,159.33,168.87,133.0,134.32,141.57,138.55,112.92,118.3,126.23,109.23,152.6,114.65,126.74,136.66,149.46,113.96,125.18,146.74,180.28,117.94,135.14,123.17,118.91,148.32,138.32,136.55,159.47,142.34,114.17,175.61,123.92,125.42,121.15,136.35,139.54,134.56,103.43,129.15,147.5
2021-06-04,131.74,162.53,134.56,143.19,110.05,116.02,123.89,101.8,134.26,112.09,159.4,169.13,133.14,134.56,141.54,138.77,113.14,118.6,126.18,109.48,152.95,115.01,127.0,136.83,149.36,114.25,125.27,147.93,179.98,118.14,135.47,123.39,119.11,148.47,138.57,136.65,159.43,142.26,114.29,175.58,124.26,125.5,121.09,136.51,139.6,134.92,103.67,129.5,147.71
2021-06-05,131.8,158.52,134.77,143.3,110.12,116.57,124.2,101.93,134.6,112.16,159.91,169.37,133.1,134.83,141.52,139.12,113.2,118.77,126.2,109.62,153.15,115.2,127.07,136.82,149.55,114.41,125.38,148.77,179.58,118.3,135.74,123.49,119.25,148.48,138.73,136.65,159.22,142.15,114.67,175.25,124.45,125.47,120.83,136.56,139.82,135.15,103.76,129.65,147.81
2021-06-06,131.86,153.74,134.98,143.34,110.23,117.02,124.62,101.98,134.71,112.29,159.69,169.57,133.1,135.06,141.39,139.28,113.32,118.97,126.19,109.7,153.46,115.39,127.27,136.76,149.69,114.53,125.46,149.26,179.22,118.46,136.15,123.62,119.4,148.52,138.85,136.63,158.94,142.07,115.03,174.88,124.65,125.49,120.67,136.63,140.02,135.46,103.76,129.74,147.91
2021-06-07,131.74,148.29,135.08,143.29,110.4,117.42,125.05,102.06,134.67,112.35,159.47,169.51,132.94,135.23,141.16,138.57,113.32,119.1,126.16,109.73,153.68,115.54,127.43,136.66,149.74,114.61,125.44,149.72,178.68,118.13,136.5,123.68,119.5,148.44,138.87,136.53,158.61,142.05,115.33,174.38,124.77,124.88,120.42,136.72,140.15,135.74,103.57,129.8,148.03
2021-06-08,131.9,150.62,135.28,143.42,110.63,117.78,125.48,102.32,135.22,112.46,159.64,169.89,133.02,135.62,141.17,138.98,113.52,119.33,126.29,109.91,153.97,115.71,127.78,136.7,150.03,114.82,125.59,150.15,178.45,118.3,137.22,123.95,119.63,148.52,138.99,136.52,158.51,142.05,115.76,174.29,124.97,124.95,120.49,137.0,140.46,136.05,103.75,129.95,148.21
2021-06-09,132.09,153.21,135.51,143.66,110.75,117.5,126.03,102.71,135.75,112.62,159.94,170.38,133.18,136.1,141.14,139.61,113.74,119.48,126.52,109.83,154.32,115.93,127.95,136.8,150.33,114.9,125.77,150.66,178.52,118.49,137.95,124.1,119.76,148.75,139.31,136.66,158.6,142.07,116.25,174.36,125.16,125.1,120.7,137.16,140.77,136.27,104.09,130.18,148.11
2021-06-10,132.26,155.43,135.76,143.85,110.78,117.24,126.45,102.9,136.13,112.81,160.01,170.29,133.29,136.38,141.12,140.19,113.9,119.59,126.77,109.95,154.63,116.07,128.21,136.8,150.1,114.92,125.97,151.01,178.48,118.57,138.62,124.27,119.98,148.91,139.44,136.76,158.69,142.07,116.71,174.39,125.34,125.23,120.75,137.31,141.03,136.56,104.5,130.46,148.06
2021-06-11,132.39,158.35,136.01,144.15,110.83,116.62,126.54,103.16,136.5,112.95,160.29,170.16,133.44,136.82,141.28,140.87,114.01,119.66,126.99,110.19,155.09,116.21,128.33,136.79,150.16,115.0,126.19,150.91,178.51,118.77,139.36,124.41,120.08,149.08,139.54,136.87,158.97,142.09,117.22,174.46,125.5,125.35,120.73,137.49,141.27,136.74,104.96,130.6,148.18
2021-06-12,132.55,161.08,136.21,144.5,111.05,115.85,126.65,103.34,136.84,113.09,160.57,170.23,133.69,137.22,141.55,141.25,114.15,119.74,127.25,110.54,155.48,116.36,128.53,136.88,150.15,115.04,126.27,150.62,178.55,118.97,139.81,124.42,120.09,149.25,139.67,137.04,159.48,142.04,117.45,174.56,125.69,125.47,120.59,137.49,141.42,136.93,105.67,130.85,148.38
2021-06-13,132.67,163.78,136.4,144.86,111.25,115.09,126.61,103.48,137.01,113.22,160.69,170.25,133.94,137.58,141.8,141.45,114.25,119.84,127.39,110.89,155.9,116.56,128.68,136.95,150.11,115.14,126.42,150.55,178.76,119.18,139.96,124.54,120.04,149.48,139.8,137.18,159.83,142.04,117.65,174.72,125.89,125.53,120.38,137.63,141.48,137.17,106.34,131.01,148.51
2021-06-14,133.0,167.33,136.66,145.29,111.48,114.4,126.71,103.87,137.39,113.41,160.89,170.49,134.28,138.03,142.17,142.68,114.44,120.1,127.55,111.28,156.39,116.87,129.05,137.09,150.19,115.35,126.73,150.7,179.1,119.89,140.19,124.72,119.97,149.77,140.05,137.4,160.26,141.99,118.02,175.02,126.14,126.15,120.56,137.75,141.56,137.5,107.18,131.23,148.7
2021-06-15,133.32,166.85,137.21,145.84,111.75,114.03,127.13,104.23,137.82,113.72,161.24,170.84,134.68,138.57,142.63,143.1,114.69,120.19,127.98,111.86,157.2,117.36,129.32,137.45,150.45,115.7,127.14,151.01,179.41,120.16,140.6,125.05,120.19,150.24,140.41,137.69,160.84,142.11,118.46,175.49,126.61,126.34,120.64,138.09,141.73,138.0,108.03,131.65,148.95
2021-06-16,133.5,166.29,137.57,146.21,111.99,114.13,127.08,104.57,138.13,113.93,161.46,170.87,134.96,138.93,143.01,143.18,114.9,120.44,128.31,112.57,157.76,117.5,129.68,137.63,150.44,115.96,127.39,151.04,179.47,120.53,140.49,125.2,120.27,150.36,140.52,137.8,161.42,142.19,118.88,175.81,126.85,126.34,120.7,138.23,141.85,138.26,108.61,131.96,149.21
2021-06-17,133.6,166.26,137.88,146.49,112.27,114.2,127.12,104.79,138.64,114.13,161.65,170.93,135.23,138.26,143.21,142.85,115.11,120.71,128.5,113.05,158.33,117.69,129.99,137.76,150.75,116.22,127.72,151.35,179.55,120.87,140.27,125.24,120.32,150.29,140.49,137.74,161.91,142.2,119.16,176.0,127.06,126.15,120.72,138.24,141.93,138.52,109.05,132.17,149.39
2021-06-18,133.68,166.09,138.16,146.71,112.5,114.23,127.27,104.99,139.07,114.42,161.74,170.91,135.42,137.42,143.27,142.48,115.25,120.8,128.67,113.6,158.92,117.69,130.12,137.92,150.75,116.3,128.08,151.59,179.57,121.11,139.9,125.24,120.51,150.2,140.44,137.7,162.35,142.17,119.3,176.13,127.3,126.09,120.81,138.25,142.06,138.54,109.27,132.44,149.52
2021-06-19,133.85,166.02,138.48,146.98,112.71,114.3,127.47,105.07,139.62,114.8,162.02,170.71,135.72,137.51,143.12,142.42,115.47,121.14,128.83,114.14,159.62,117.86,130.48,138.13,150.55,116.6,128.52,152.01,179.78,121.35,139.84,125.37,120.71,150.2,140.41,137.66,162.79,142.2,119.49,176.48,127.6,126.28,121.15,138.46,142.12,138.72,109.29,132.71,149.63
2021-06-20,134.0,166.53,138.81,147.24,112.84,114.33,127.58,105.25,140.41,115.19,162.47,170.69,135.96,137.55,143.18,142.47,115.66,121.37,129.17,114.69,160.17,117.93,130.69,138.36,150.24,116.84,128.86,152.46,179.84,121.55,139.88,125.33,121.07,150.05,140.37,137.6,163.38,142.13,119.59,176.73,127.86,126.45,121.4,138.62,142.24,138.67,109.4,133.05,149.88
2021-06-21,134.2,167.1,139.18,147.54,112.92,114.41,127.4,105.28,141.22,115.65,162.94,170.73,136.26,137.69,143.25,142.49,115.95,121.68,129.63,115.3,160.79,118.03,130.99,138.66,150.2,117.11,129.16,152.88,179.94,121.66,139.89,125.38,121.58,149.96,140.32,137.58,164.05,142.12,119.74,177.04,128.2,126.77,121.75,138.87,142.37,138.66,109.58,133.44,150.09
2021-06-22,134.2,168.4,139.23,147.63,112.76,114.27,127.01,105.11,141.58,115.78,162.96,170.54,136.34,137.72,143.25,142.15,116.07,121.91,129.7,115.69,161.15,117.99,131.05,138.66,149.8,117.17,129.28,153.08,179.99,121.85,139.65,125.08,121.75,149.65,140.12,137.47,164.32,141.92,119.79,176.91,128.23,126.84,121.85,138.79,142.27,138.55,109.53,133.65,150.36
2021-06-23,134.38,169.65,139.53,147.97,112.82,114.3,126.94,105.18,142.13,116.04,163.15,170.63,136.56,137.92,143.27,142.01,116.32,122.09,130.03,116.28,161.8,118.25,131.22,138.87,149.92,117.34,129.61,153.56,180.08,121.93,139.9,125.12,122.23,149.65,140.13,137.45,164.56,141.77,119.85,177.04,128.5,127.15,122.14,138.99,142.36,138.64,109.64,133.99,150.72
2021-06-24,134.64,170.14,139.8,148.32,112.89,114.37,126.93,105.33,142.59,116.39,163.37,170.7,136.83,139.09,143.36,142.08,116.61,122.22,130.35,116.83,162.39,118.53,131.38,139.08,150.0,117.53,129.84,153.92,180.19,121.99,140.22,125.28,122.71,149.84,140.22,137.53,164.8,141.67,120.02,177.17,128.8,127.65,122.41,139.26,142.52,138.73,109.76,134.33,151.23
2021-06-25,134.93,170.45,140.06,148.67,112.95,114.6,126.95,105.51,143.04,116.65,163.62,170.85,137.17,140.24,143.53,142.13,117.04,122.54,130.7,117.34,162.91,118.97,131.75,139.29,150.17,117.83,130.05,154.19,180.31,122.09,140.6,125.54,123.1,150.1,140.37,137.66,165.04,141.63,120.28,177.29,129.11,128.03,122.65,139.53,142.74,139.08,109.99,134.67,151.83
2021-06-26,135.16,170.61,140.32,149.02,113.01,114.89,127.01,105.8,143.56,116.88,163.85,171.16,137.46,140.46,143.75,142.09,117.45,122.66,131.06,117.91,163.43,119.29,131.95,139.51,151.04,118.01,130.28,154.53,180.35,122.19,140.95,125.86,123.61,150.33,140.53,137.81,165.22,141.6,120.49,177.37,129.38,128.16,122.85,139.84,142.98,139.35,110.27,135.02,152.59
2021-06-27,135.43,170.26,140.53,149.37,113.1,115.18,127.13,106.06,144.0,117.08,164.08,171.4,137.87,140.73,143.91,142.05,117.88,122.78,131.38,118.5,164.02,119.68,132.18,139.72,151.65,118.21,130.48,154.88,180.37,122.28,141.29,126.2,124.0,150.71,140.7,137.99,165.4,141.6,120.81,177.48,129.67,128.31,123.12,139.97,143.23,139.72,110.58,135.37,153.37
2021-06-28,135.65,169.69,140.69,149.68,113.23,115.39,127.46,106.34,144.43,117.2,164.29,171.69,138.23,140.91,144.1,141.82,118.27,122.72,131.61,119.09,164.52,119.96,132.19,139.89,152.09,118.32,130.62,155.12,180.4,122.46,141.64,126.44,124.32,151.04,140.86,138.16,165.54,141.55,121.02,177.51,129.89,128.37,123.24,140.05,143.53,140.03,110.89,135.69,154.27
2021-06-29,135.99,168.39,140.93,150.06,113.58,115.7,127.87,106.79,145.09,117.57,164.67,172.08,138.78,141.12,144.33,141.92,118.79,122.9,131.99,119.75,165.15,120.28,132.51,140.21,152.76,118.54,130.88,155.52,180.51,122.59,141.94,127.03,124.84,151.48,141.09,138.4,165.94,141.61,121.31,177.79,130.26,128.52,123.5,140.18,144.0,140.47,111.32,136.06,155.22
2021-06-30,136.27,166.91,141.09,150.34,113.84,116.03,128.25,107.05,145.62,117.87,164.88,172.34,139.29,141.28,144.7,141.9,119.28,123.02,132.27,120.34,165.64,120.52,132.73,140.46,152.99,118.7,131.09,155.79,180.73,122.7,142.13,127.45,125.21,151.87,141.33,138.67,166.17,141.64,121.54,177.95,130.61,128.55,123.6,140.24,144.35,140.85,111.7,136.34,156.15
2021-07-01,136.56,165.43,141.24,150.63,114.1,116.36,128.64,107.31,146.15,118.16,165.09,172.61,139.8,141.44,145.06,141.89,119.78,123.13,132.55,120.94,166.14,120.75,132.95,140.7,153.23,118.87,131.3,156.07,180.94,122.82,142.33,127.87,125.59,152.26,141.58,138.93,166.39,141.68,121.77,178.12,130.95,128.58,123.7,140.31,144.69,141.22,112.08,136.61,157.08
2021-07-02,136.66,164.57,141.43,150.84,114.21,116.72,128.95,107.32,146.63,118.4,165.25,172.81,140.22,141.48,145.42,141.72,120.18,123.32,132.78,121.4,166.65,120.94,133.13,140.85,153.54,119.05,131.55,156.36,181.04,122.9,142.51,128.28,125.9,152.73,141.88,139.15,166.71,141.68,122.06,178.33,131.16,128.49,123.73,140.34,145.08,141.52,112.41,136.81,157.97
2021-07-03,136.85,164.0,141.7,151.12,114.34,117.13,129.23,107.5,147.0,118.66,165.45,172.9,140.64,141.57,145.79,141.8,120.53,123.5,132.99,122.04,167.28,121.2,133.33,141.03,153.56,119.34,131.79,156.52,181.36,123.02,142.76,128.64,126.29,153.33,142.28,139.44,167.14,141.74,122.4,178.72,131.42,128.52,123.71,140.47,145.46,141.83,112.69,137.12,159.01
2021-07-04,137.01,163.11,141.98,151.37,114.51,117.41,129.58,107.86,147.47,118.86,165.67,173.05,141.03,141.47,146.18,141.92,120.77,123.54,133.14,122.59,167.83,121.39,133.46,141.22,153.9,119.58,132.12,156.77,181.77,123.24,143.15,129.0,126.69,153.89,142.7,139.74,167.56,141.79,122.69,179.05,131.71,128.61,123.77,140.59,145.8,142.17,113.0,137.46,159.67
2021-07-05,137.16,165.06,142.3,151.61,114.6,117.69,129.77,108.09,147.89,119.04,165.79,173.09,141.43,141.31,146.56,141.97,121.03,123.72,133.23,123.07,168.36,121.65,133.71,141.39,154.07,119.86,132.48,156.95,182.17,123.41,143.44,129.37,127.07,154.38,143.07,139.97,167.94,141.82,122.88,179.39,132.02,128.7,123.73,140.78,146.12,142.51,113.32,137.87,160.21
2021-07-06,137.23,165.27,142.7,151.8,114.78,117.99,130.11,108.39,148.06,119.29,165.91,173.0,141.76,141.12,146.98,142.16,121.23,123.92,133.18,123.51,168.95,121.92,133.98,141.51,154.22,120.13,132.81,157.11,182.43,123.64,143.8,129.72,127.44,154.86,143.42,140.19,168.29,141.92,123.18,179.63,132.32,128.76,123.69,140.98,146.43,142.91,113.58,138.24,160.63
2021-07-07,137.14,164.01,143.02,151.81,114.92,118.24,130.3,107.86,148.17,119.45,165.97,172.93,142.0,140.86,147.43,141.47,121.2,124.04,133.32,123.81,169.33,122.18,134.21,141.56,154.72,120.41,132.96,157.23,182.81,123.36,144.06,129.95,127.63,155.18,143.65,140.27,168.5,141.98,123.39,179.92,132.53,128.34,123.37,141.11,146.56,143.23,113.84,138.53,161.2
2021-07-08,137.17,164.1,143.35,151.85,114.98,118.49,130.4,108.07,148.37,119.61,166.21,172.88,142.17,140.69,148.0,141.55,121.28,124.13,133.4,124.07,169.71,122.4,134.44,141.63,155.33,120.76,133.12,157.27,182.9,123.63,144.26,130.2,127.88,155.65,143.94,140.41,168.73,142.03,123.62,180.33,132.74,128.39,123.29,141.26,146.66,143.52,114.05,138.83,161.9
2021-07-09,137.36,164.54,143.55,152.06,115.15,118.74,130.58,108.58,148.87,119.97,166.51,172.82,142.57,140.62,148.41,141.86,121.61,124.21,133.55,124.52,170.1,122.67,134.66,141.8,155.97,121.15,133.31,157.22,183.42,123.94,144.61,130.44,128.23,155.95,144.18,140.62,168.96,142.06,123.82,180.84,133.05,128.61,123.16,141.4,146.7,143.86,114.38,139.16,162.43
2021-07-10,137.31,165.41,143.62,152.12,115.32,118.84,130.64,108.61,148.76,120.14,166.33,172.46,142.52,140.38,148.27,141.65,121.72,124.14,133.73,124.67,170.22,122.85,134.8,141.7,156.31,121.32,133.48,157.38,183.66,124.14,144.83,130.6,128.53,156.05,144.19,140.5,168.42,141.97,123.96,180.8,133.26,128.61,123.02,141.38,146.71,144.09,114.49,139.01,162.18
2021-07-11,137.28,165.94,143.74,152.2,115.44,119.1,130.5,108.32,148.52,120.38,166.16,171.96,142.28,140.31,147.81,141.52,121.9,124.34,133.77,124.91,170.45,123.07,135.04,141.61,156.85,121.57,133.62,157.52,183.6,124.28,144.89,130.88,128.86,156.18,144.16,140.37,167.88,141.91,124.06,180.83,133.44,128.58,122.75,141.49,146.74,144.27,114.46,138.9,162.35
2021-07-12,137.22,162.38,143.85,152.22,115.6,119.22,130.61,108.12,148.15,120.66,166.06,171.35,142.11,140.25,147.25,141.55,121.92,124.39,133.81,125.13,170.64,123.18,135.09,141.47,157.45,121.74,133.74,157.59,183.82,124.4,145.02,131.03,129.19,156.36,144.16,140.27,167.39,141.84,124.25,180.82,133.55,128.5,122.52,141.51,146.74,144.35,114.21,138.69,161.86
2021-07-13,137.26,163.14,143.87,152.37,115.63,119.35,130.62,107.83,148.08,120.89,166.11,171.13,142.1,140.23,146.68,141.55,122.1,124.53,133.99,125.39,170.82,123.41,135.29,141.35,157.87,121.99,134.0,157.82,184.35,124.53,145.17,131.36,129.61,156.44,144.24,140.26,167.15,141.74,124.47,180.89,133.81,128.52,122.34,141.7,146.72,144.55,113.69,138.5,161.99
2021-07-14,137.35,165.71,143.83,152.61,115.65,119.43,130.46,108.31,148.08,121.18,166.17,170.42,141.96,140.14,146.21,142.33,122.33,124.63,133.67,125.72,171.17,123.6,135.41,141.17,158.04,122.17,134.3,157.95,184.47,124.99,145.33,131.65,129.96,156.61,144.32,140.37,167.25,141.6,124.63,180.83,134.04,128.86,122.48,141.76,146.81,144.8,113.23,138.39,162.16
2021-07-15,137.4,167.77,143.88,152.96,115.76,119.65,130.4,108.05,147.93,121.43,166.13,169.79,142.17,140.07,145.84,142.35,122.68,124.82,133.59,126.18,171.52,123.89,135.58,141.07,158.29,122.35,134.67,158.31,184.93,125.15,145.65,131.99,130.39,156.69,144.45,140.49,167.44,141.5,124.84,180.67,134.33,128.9,122.42,142.0,147.1,145.08,112.97,138.38,162.32
2021-07-16,137.41,168.78,143.95,153.14,115.95,119.76,130.18,107.67,147.55,121.53,166.1,169.28,142.19,139.99,145.72,142.34,122.65,124.88,133.47,126.55,171.75,124.1,135.73,140.89,158.33,122.46,134.95,158.77,185.22,125.22,145.65,132.23,130.67,156.87,144.51,140.53,167.52,141.49,124.93,180.4,134.57,128.88,122.45,142.18,148.65,145.23,112.44,138.41,162.65
2021-07-17,137.58,169.53,144.06,153.44,116.05,119.74,130.22,107.64,147.94,121.64,166.51,169.28,142.46,139.93,146.22,142.96,122.82,125.03,133.31,126.94,172.05,124.3,135.89,140.92,158.27,122.64,135.16,159.17,185.48,125.42,145.66,132.37,130.93,156.95,144.66,140.81,168.34,141.53,125.03,180.43,134.76,128.83,122.51,142.04,150.3,145.4,112.09,138.79,163.57
2021-07-18,137.86,171.18,144.16,153.85,116.35,119.91,130.6,107.74,148.47,121.85,166.95,169.43,143.13,140.06,147.37,143.32,123.42,125.24,133.44,127.3,172.55,124.71,136.24,141.08,158.27,122.93,135.56,159.39,185.76,125.57,145.8,132.88,131.32,157.24,144.97,141.25,169.23,141.65,125.38,180.68,135.1,128.98,122.75,142.35,151.89,145.82,111.89,139.22,164.32
2021-07-19,138.21,174.03,144.11,154.36,116.71,120.16,130.89,108.08,149.12,122.0,167.46,169.85,143.6,140.2,148.4,143.78,124.14,125.52,133.57,127.72,173.12,125.15,136.69,141.28,158.32,123.23,135.99,160.09,186.02,125.84,145.92,133.46,131.64,157.56,145.33,141.72,170.17,141.75,125.75,181.04,135.47,129.2,123.07,142.7,153.54,146.33,111.95,139.73,165.83
2021-07-20,138.54,173.97,144.1,154.84,117.15,120.58,131.27,108.61,149.86,122.11,167.81,170.01,143.89,140.41,149.53,144.16,124.69,125.57,133.82,128.24,173.82,125.54,136.97,141.54,158.56,123.51,136.42,160.54,185.88,126.0,146.41,134.0,132.25,157.97,145.7,142.13,170.86,141.8,126.05,181.34,135.75,129.32,123.46,143.07,155.31,146.7,112.33,140.23,166.69
2021-07-21,138.6,173.13,144.72,155.03,117.25,120.77,131.82,108.61,149.53,121.93,167.24,169.34,143.85,140.22,149.36,143.68,124.77,125.67,134.05,127.88,174.1,125.93,137.26,141.28,158.0,123.82,136.62,160.84,185.72,126.14,146.38,134.44,132.49,158.2,145.99,142.2,170.64,141.85,126.38,181.04,135.86,129.57,123.29,143.49,156.59,146.96,112.26,140.12,166.56
2021-07-22,138.44,171.25,145.14,155.05,117.33,120.61,132.36,108.42,149.12,121.83,166.48,168.21,143.45,139.63,148.63,142.71,124.69,125.68,133.84,127.26,174.23,126.24,137.47,140.76,157.07,124.01,136.62,160.98,185.35,125.94,146.21,134.88,132.39,158.2,146.07,142.1,170.07,141.73,126.54,180.68,135.88,129.37,123.02,143.64,157.66,147.27,111.94,139.75,165.95
2021-07-23,138.3,169.93,145.54,155.1,117.21,120.43,132.81,108.05,148.57,121.76,165.56,166.61,143.02,139.23,147.7,141.52,125.04,125.6,133.5,126.57,174.43,126.59,137.86,140.11,156.26,124.3,136.53,161.19,184.62,125.82,146.08,135.34,132.36,158.37,146.23,142.01,169.38,141.71,126.66,180.14,135.81,129.39,122.46,144.02,157.33,147.76,111.73,139.26,165.12
2021-07-24,138.08,168.39,145.9,155.0,117.22,120.4,133.14,107.45,147.97,121.83,164.47,164.69,142.51,138.9,146.63,139.84,125.27,125.32,133.28,125.73,174.75,126.93,138.15,139.25,155.53,124.53,136.53,160.87,183.68,125.68,146.11,135.93,132.33,158.61,146.4,141.84,168.43,141.63,126.76,179.4,135.85,129.58,121.85,144.57,156.78,148.33,111.4,138.6,164.32
2021-07-25,137.71,166.89,146.22,154.76,117.06,120.15,133.25,106.83,146.85,121.83,163.27,162.55,141.81,137.97,145.13,138.2,124.93,125.15,132.8,124.8,174.89,127.24,138.34,138.21,154.58,124.68,136.29,160.86,182.81,125.53,145.95,136.08,132.11,158.65,146.45,141.58,167.32,141.44,126.71,178.4,135.77,129.32,120.97,144.73,156.4,148.73,111.03,137.77,163.29
2021-07-26,137.23,165.79,146.58,154.36,116.77,119.91,133.29,105.97,145.44,121.77,161.85,159.97,141.24,137.12,143.71,136.25,124.4,124.69,132.29,123.85,174.93,127.48,138.45,137.0,153.4,124.8,135.96,160.45,181.57,125.32,145.74,136.18,131.78,158.63,146.39,141.21,166.01,141.37,126.61,177.17,135.63,129.02,120.02,144.83,155.86,149.05,110.43,136.85,162.57
2021-07-27,136.82,165.18,146.94,154.02,116.48,119.6,133.19,105.05,144.25,121.68,160.65,157.42,140.75,136.29,142.16,134.33,124.08,124.45,131.82,123.07,174.85,127.65,138.49,135.84,152.25,124.99,135.6,160.15,180.62,125.27,145.18,136.18,131.2,158.61,146.28,140.9,164.98,141.34,126.55,176.06,135.47,128.7,118.98,144.78,155.33,149.36,109.95,135.98,161.51
2021-07-28,136.69,165.1,146.6,154.04,116.53,119.56,133.3,104.46,143.98,121.8,160.36,156.2,140.59,135.9,141.69,133.4,124.22,124.23,131.53,122.91,175.16,127.81,138.57,135.25,151.88,125.2,135.58,160.11,179.62,125.34,145.28,136.36,131.24,158.71,146.29,140.82,164.64,141.43,126.45,175.52,135.55,128.54,118.48,144.88,155.21,149.78,109.81,135.58,161.16
2021-07-29,136.65,165.15,146.49,154.07,116.63,119.72,133.27,104.17,143.81,121.84,160.08,155.28,140.45,135.69,141.63,132.84,124.2,124.0,131.53,122.68,175.47,128.03,138.71,134.75,151.47,125.48,135.66,159.84,178.52,125.48,145.39,136.41,131.36,158.91,146.39,140.8,164.5,141.73,126.38,175.01,135.62,128.55,118.02,145.06,155.05,150.17,109.66,135.39,160.83
2021-07-30,136.46,164.6,146.25,153.87,116.77,119.87,133.29,103.97,143.46,121.77,159.63,154.42,140.01,135.09,141.44,132.64,123.96,123.81,131.45,122.01,175.55,128.14,138.63,134.26,151.23,125.45,135.62,159.28,177.51,125.54,145.47,136.42,131.24,158.79,146.46,140.7,164.31,141.79,126.29,174.25,135.73,128.15,117.66,145.04,154.48,150.42,109.43,135.13,160.27
2021-07-31,136.57,164.7,146.26,154.07,116.98,120.29,133.37,103.93,143.31,121.84,159.62,154.16,140.16,134.74,141.44,133.2,123.9,124.11,131.51,121.91,175.81,128.4,138.97,134.24,151.47,125.68,135.8,159.43,177.32,125.75,145.61,136.67,131.21,159.12,146.86,140.84,164.49,142.06,126.43,174.33,135.96,128.09,117.56,145.38,154.1,150.79,109.49,135.19,159.65
2021-08-01,136.66,164.25,146.22,154.22,117.2,120.68,133.31,103.86,143.55,121.85,159.58,153.98,140.36,134.77,141.58,133.54,124.33,124.22,131.6,121.75,176.07,128.53,139.16,134.15,151.47,125.79,136.0,159.52,176.91,125.92,145.9,136.79,131.19,159.28,147.11,140.92,164.7,142.25,126.64,174.23,136.18,127.98,117.57,145.53,153.66,151.04,109.68,135.29,159.27
2021-08-02,136.8,163.51,146.26,154.49,117.53,120.93,133.2,103.8,144.01,121.97,159.71,154.12,140.54,134.71,141.67,134.09,124.82,124.42,131.71,121.61,176.27,128.64,139.31,134.26,151.58,125.96,136.21,159.59,176.78,126.12,146.18,136.87,131.24,159.56,147.54,141.18,165.05,142.44,126.74,174.41,136.4,127.8,117.59,145.69,153.34,151.28,110.0,135.46,158.45
2021-08-03,136.85,162.97,146.26,154.64,117.87,121.2,133.28,103.6,144.08,122.13,159.59,154.08,140.71,134.46,141.7,134.54,125.07,124.55,131.61,121.06,176.44,128.77,139.55,134.24,151.67,125.98,136.41,159.61,176.48,126.16,146.45,136.87,131.14,159.86,147.97,141.37,165.08,142.55,126.76,174.58,136.6,127.64,117.57,145.9,151.61,151.45,110.25,135.6,158.04
2021-08-04,136.97,162.59,147.94,154.8,118.11,121.43,133.23,103.49,144.12,122.26,159.51,153.97,140.99,134.32,141.64,135.06,125.28,124.6,131.62,120.5,176.53,128.92,139.84,134.3,151.88,126.03,136.55,159.68,176.45,126.31,146.69,136.92,130.99,160.21,148.43,141.57,165.09,142.59,126.91,174.82,136.77,127.42,117.52,146.07,149.85,151.67,110.43,135.86,157.63
2021-08-05,137.13,162.28,149.55,155.05,118.28,121.71,133.16,103.27,144.09,122.43,159.55,153.91,141.28,134.3,141.49,135.62,125.5,124.71,131.7,120.4,176.79,129.06,140.09,134.36,152.36,126.09,136.72,159.9,176.7,126.4,146.89,137.06,130.99,160.61,148.94,141.81,165.13,142.77,127.03,175.01,136.96,127.35,117.48,146.21,148.3,151.9,110.71,136.05,157.49
2021-08-06,137.53,162.41,151.48,155.59,118.58,122.21,133.26,103.19,144.43,122.71,159.98,154.25,141.96,134.58,141.63,136.34,125.86,125.17,132.0,121.13,177.36,129.32,140.46,134.65,152.55,126.45,137.16,160.48,177.08,126.64,147.35,137.31,131.27,161.27,149.58,142.28,165.48,143.18,127.36,175.67,137.34,127.44,117.76,146.51,147.46,152.2,111.3,136.49,157.76
2021-08-07,137.54,161.21,153.06,155.74,118.65,122.24,132.94,103.11,144.33,122.71,160.01,154.12,142.15,134.49,141.54,136.5,126.06,125.19,132.01,121.23,177.32,129.15,140.16,134.57,151.98,126.41,137.19,160.63,176.79,126.6,147.29,136.87,131.27,161.31,149.72,142.42,165.64,143.4,127.37,175.39,137.33,127.09,117.66,146.31,146.59,151.75,111.56,136.73,158.01
2021-08-08,137.69,161.45,154.81,156.06,118.68,122.55,133.05,103.0,144.18,122.78,160.07,154.0,142.32,134.55,141.63,136.76,126.22,125.33,132.02,121.5,177.57,129.35,140.2,134.52,152.02,126.64,137.41,160.96,176.76,126.68,147.52,137.02,131.42,161.76,150.08,142.66,165.8,143.75,127.33,175.58,137.51,127.03,117.79,146.64,145.72,151.97,111.69,136.96,158.2
2021-08-09,137.82,161.74,156.56,156.35,118.67,122.94,133.3,102.91,144.03,122.83,160.05,153.84,142.46,134.59,141.9,136.96,126.4,125.6,132.09,121.78,177.97,129.61,140.38,134.4,152.1,126.84,137.68,161.32,176.87,126.77,147.83,137.24,131.71,162.1,150.29,142.78,165.94,143.95,127.44,175.71,137.74,127.05,117.93,146.95,144.84,152.28,111.76,137.19,158.36
2021-08-10,138.0,161.91,158.36,156.65,118.66,123.25,133.48,102.87,144.04,122.94,160.03,153.79,142.58,134.74,142.21,137.2,126.67,125.93,132.15,122.16,178.28,129.92,140.46,134.36,152.21,127.15,137.91,161.7,177.09,126.9,148.08,137.6,132.03,162.36,150.46,142.89,166.12,144.25,127.47,175.74,138.04,127.11,118.15,147.21,145.15,152.68,111.82,137.41,158.53
2021-08-11,138.1,162.33,157.15,156.94,118.7,123.6,133.92,102.99,143.98,123.15,159.99,153.75,142.69,134.87,142.68,137.01,127.06,126.35,132.2,122.82,178.75,130.16,140.53,134.27,152.08,127.43,138.17,162.09,177.16,126.99,148.28,137.87,132.39,162.7,150.66,143.06,166.39,144.73,127.51,175.72,138.32,127.15,118.35,147.44,145.58,153.17,111.84,137.64,158.56
2021-08-12,138.29,163.22,157.2,157.25,118.78,123.89,134.58,103.03,143.83,123.41,160.04,153.68,142.9,135.05,143.19,137.08,127.46,126.93,132.17,123.12,179.32,130.53,140.7,134.34,151.96,127.67,138.5,162.56,177.16,127.16,148.64,138.17,132.67,163.24,150.96,143.38,166.66,145.03,127.76,175.91,138.69,127.2,118.56,147.74,146.2,153.7,111.85,137.95,158.63
2021-08-13,138.45,163.7,157.07,157.62,118.81,124.05,135.11,103.04,143.75,123.67,160.03,153.58,143.08,135.16,143.71,136.88,127.6,127.35,132.28,123.16,179.87,130.94,140.75,134.41,152.03,127.79,138.66,162.92,177.32,127.31,148.92,138.55,132.91,163.85,151.24,143.58,166.89,145.27,127.94,176.12,139.03,127.4,118.69,148.08,146.75,154.29,111.72,138.15,158.71
2021-08-14,138.7,165.27,157.14,158.04,118.9,124.34,135.96,103.0,143.52,123.98,160.05,153.54,143.34,135.4,144.15,136.55,127.8,127.83,132.4,123.88,180.64,131.6,141.19,134.54,152.42,128.2,139.13,163.4,177.61,127.53,149.48,139.25,133.28,164.74,151.69,143.93,167.03,145.67,128.22,176.58,139.59,127.64,118.93,148.6,147.5,155.54,111.7,138.32,158.73
2021-08-15,138.87,165.6,157.11,158.35,118.97,124.42,136.66,102.82,143.26,124.22,159.99,153.41,143.51,135.55,144.28,136.47,127.96,128.12,132.6,124.58,181.16,131.91,141.37,134.71,152.45,128.38,139.35,163.66,178.0,127.67,149.7,139.49,133.52,165.33,152.0,144.16,167.22,145.97,128.33,176.7,139.94,127.73,118.99,148.82,148.19,156.18,111.65,138.47,158.72
2021-08-16,139.02,165.92,156.99,158.58,118.99,124.49,137.15,102.66,143.03,124.39,160.05,153.29,143.65,135.73,144.38,136.31,128.16,128.33,132.73,125.24,181.5,132.18,141.43,134.85,152.31,128.55,139.47,163.85,178.0,127.74,149.81,139.62,133.69,165.97,152.32,144.43,167.48,146.24,128.4,176.67,140.23,127.85,119.04,149.0,148.74,156.74,111.69,138.58,158.69
2021-08-17,139.2,166.67,156.98,158.89,119.06,124.59,137.7,102.43,142.72,124.63,160.12,153.18,143.85,136.04,144.46,136.14,128.37,128.67,132.93,125.85,182.01,132.53,141.66,135.02,152.35,128.75,139.77,164.13,177.94,127.9,150.02,139.8,133.93,166.75,152.77,144.83,167.79,146.59,128.57,176.75,140.59,127.81,119.05,149.28,149.71,157.39,111.68,138.79,158.54
2021-08-18,139.39,166.86,158.35,159.18,119.19,124.54,137.8,102.23,142.57,124.81,160.21,153.35,144.14,136.17,144.53,136.36,128.62,129.32,133.15,126.35,182.42,132.79,141.75,135.24,152.52,128.81,139.98,164.49,178.27,127.98,150.05,139.84,134.04,167.52,153.17,145.21,167.88,146.98,128.72,176.91,140.86,127.92,118.96,149.61,150.69,157.53,111.79,138.9,158.29
2021-08-19,139.57,166.5,158.51,159.46,119.32,124.57,137.97,102.07,142.65,124.99,160.2,153.55,144.27,136.32,144.56,136.39,128.89,129.79,133.33,126.81,182.83,133.07,141.86,135.37,152.65,129.07,140.22,165.05,178.88,128.1,150.19,140.1,134.34,168.25,153.51,145.41,168.02,147.44,128.89,177.04,141.15,128.24,119.11,149.93,151.64,157.98,111.83,139.01,158.35
2021-08-20,139.73,166.72,158.7,159.63,119.52,124.64,138.34,101.94,142.73,125.2,160.29,153.82,144.48,136.45,144.51,136.41,129.3,130.32,133.45,127.27,183.2,133.27,142.05,135.56,152.79,129.44,140.52,165.44,179.44,128.2,150.39,140.4,134.72,168.8,153.79,145.62,168.12,147.91,129.07,177.22,141.43,128.42,119.26,150.2,151.67,158.48,111.87,139.23,158.26
2021-08-21,139.97,167.99,159.27,159.8,119.73,124.79,139.04,101.9,142.74,125.53,160.43,153.98,144.61,136.58,144.46,136.5,129.39,130.97,133.58,127.22,184.17,134.94,142.35,135.69,152.73,130.01,140.84,166.28,179.87,128.43,150.89,141.4,135.05,169.33,154.05,145.92,168.22,148.33,129.22,177.43,141.87,128.59,119.48,150.42,151.58,159.77,111.9,139.47,157.75
2021-08-22,140.27,169.43,159.88,160.1,119.95,125.1,139.81,101.96,142.86,125.94,160.69,154.3,144.85,136.74,144.49,136.46,129.3,131.72,133.67,127.34,185.27,136.66,142.68,135.88,152.71,130.63,141.35,167.29,180.47,128.68,151.45,142.49,135.53,170.07,154.45,146.31,168.32,148.74,129.61,177.73,142.34,129.01,119.73,150.76,151.61,161.14,112.02,139.83,157.86
2021-08-23,140.55,170.96,160.45,160.43,120.23,125.46,140.57,101.98,142.92,126.25,160.9,154.64,145.08,136.85,144.42,136.25,129.18,132.6,133.86,126.53,186.48,138.53,143.22,136.07,152.69,131.12,141.85,168.46,181.04,128.99,152.13,143.68,135.95,170.76,154.86,146.65,168.3,149.4,129.94,178.05,142.95,129.27,119.97,151.14,151.72,162.62,112.09,140.26,157.97
2021-08-24,140.72,171.02,160.88,160.6,120.27,125.62,140.55,102.05,142.97,126.43,161.06,155.05,145.22,136.71,144.63,136.06,128.98,133.31,133.93,126.21,187.43,140.09,143.45,136.21,152.36,131.57,142.33,169.2,181.56,129.18,152.61,144.62,136.3,171.19,155.03,146.78,168.22,149.77,130.17,178.41,143.33,129.6,120.08,151.36,151.18,163.83,112.11,140.61,155.9
2021-08-25,140.99,171.94,161.55,160.87,120.32,125.95,141.26,102.08,142.93,126.77,161.32,155.15,145.29,136.93,144.7,135.82,128.78,133.73,134.0,126.5,188.34,141.96,144.05,136.38,152.16,132.22,143.04,170.24,182.07,129.51,153.29,145.9,136.85,171.91,155.52,146.94,168.31,149.99,130.7,178.8,143.96,130.03,120.37,151.79,150.73,165.61,112.05,140.97,156.27
2021-08-26,141.14,173.04,162.05,161.03,120.29,126.21,141.98,102.02,142.83,127.06,161.46,155.13,145.27,137.03,144.8,135.6,128.51,134.19,134.1,126.83,189.07,143.6,144.53,136.46,152.01,132.71,143.56,170.97,182.23,129.73,153.81,146.98,137.15,172.49,155.93,147.11,168.28,150.15,131.01,179.03,144.44,130.04,120.43,152.14,148.92,167.15,111.94,141.16,156.12
2021-08-27,141.24,172.74,162.31,161.2,120.25,126.3,142.6,101.9,142.46,127.26,161.43,155.02,145.26,137.13,144.87,135.27,128.27,134.48,133.85,126.85,189.75,145.24,145.05,136.43,151.85,133.12,144.11,171.84,182.28,129.77,154.24,148.1,137.48,173.13,156.37,147.43,168.23,150.26,131.37,178.99,144.86,130.19,120.48,152.45,148.83,168.42,111.76,141.39,156.04
2021-08-28,141.3,171.07,162.03,161.29,120.19,126.33,142.76,101.84,142.38,127.31,161.45,154.78,145.17,137.26,145.02,135.03,128.21,134.89,133.87,126.82,189.86,145.5,145.57,136.33,151.99,133.15,144.23,172.19,182.5,129.91,154.38,148.68,137.85,173.69,156.87,147.65,168.19,150.33,131.7,179.09,145.01,130.41,120.52,152.7,148.43,168.81,111.56,141.57,156.32
2021-08-29,141.39,169.79,161.74,161.41,120.17,126.25,142.88,101.87,142.22,127.42,161.5,154.64,145.23,137.43,145.17,134.72,128.31,135.29,134.0,126.6,189.88,145.78,146.04,136.31,152.21,133.28,144.38,172.34,182.47,130.1,154.62,149.13,138.1,174.32,157.38,147.93,168.2,150.76,132.1,179.24,145.2,130.52,120.48,153.04,148.39,169.17,111.39,141.72,156.11
2021-08-30,141.5,168.54,161.5,161.51,120.17,126.2,143.16,101.92,142.12,127.65,161.48,154.54,145.23,137.53,145.37,134.82,128.43,135.59,133.97,127.07,189.95,146.03,146.31,136.33,152.56,133.48,144.59,172.32,182.42,130.25,154.83,149.56,138.36,174.89,157.82,148.14,168.25,150.72,132.49,179.41,145.29,130.76,120.4,153.3,148.34,169.51,111.16,141.84,155.97
2021-08-31,141.63,168.13,161.2,161.66,120.2,126.26,143.82,101.88,142.05,127.8,161.48,154.52,145.27,137.73,145.45,134.88,128.57,135.95,133.84,126.9,190.03,146.12,146.64,136.34,152.91,133.62,144.56,172.42,182.36,130.33,155.01,149.97,138.63,175.64,158.43,148.47,168.28,150.94,133.0,179.47,145.4,131.07,120.49,153.59,148.89,169.75,111.03,141.91,158.15
2021-09-01,141.62,166.36,160.7,161.67,120.34,126.2,143.86,101.98,141.95,127.78,161.4,154.47,145.29,137.7,145.53,134.87,128.63,136.34,133.62,125.75,189.98,146.0,146.81,136.26,153.04,133.7,144.29,172.06,182.02,130.39,155.05,150.1,138.58,176.05,158.68,148.77,168.37,151.22,133.2,179.42,145.39,131.0,120.48,153.57,149.41,169.73,110.89,142.1,156.78
2021-09-02,141.7,165.01,160.55,161.74,120.55,126.23,143.74,102.19,141.85,127.79,161.36,154.43,145.4,137.69,145.57,134.99,128.98,136.84,133.45,124.86,190.06,146.11,147.1,136.27,153.2,133.84,144.17,171.91,181.81,130.54,155.12,150.36,138.66,176.45,159.06,149.19,168.47,152.16,133.62,179.45,145.5,131.03,120.46,153.67,151.14,169.72,110.82,142.28,156.73
2021-09-03,141.84,164.57,161.47,161.79,120.79,126.34,143.84,102.46,141.85,127.95,161.33,154.29,145.52,137.73,145.57,134.93,129.07,137.44,133.59,125.01,190.24,146.26,147.45,136.33,153.36,134.07,144.14,171.66,181.45,130.89,155.2,150.5,138.64,176.87,159.45,149.45,168.54,153.71,134.02,179.77,145.66,130.96,120.38,153.79,152.16,169.97,110.65,142.4,156.59
2021-09-04,141.89,165.29,162.29,161.83,121.22,126.29,143.75,102.59,141.91,128.23,161.16,154.4,145.73,137.66,145.7,134.77,129.14,137.62,133.35,125.18,190.26,146.24,147.49,136.47,153.24,134.27,144.2,171.21,181.13,130.97,155.0,150.29,138.24,177.02,159.69,149.64,168.82,155.8,134.61,179.54,145.78,130.87,120.19,153.6,153.33,170.0,110.54,142.58,156.5
2021-09-05,142.03,167.14,163.32,161.92,121.73,126.54,143.85,102.66,142.11,128.5,161.1,154.57,145.82,137.6,145.78,134.81,129.44,137.91,133.11,125.35,190.61,146.42,147.82,136.63,153.41,134.51,144.37,171.04,181.36,131.08,155.0,150.46,138.17,177.27,160.02,149.92,169.09,157.81,135.33,179.77,146.12,130.89,120.24,153.72,154.36,170.31,110.43,142.77,156.42
2021-09-06,142.24,168.75,164.44,162.17,122.26,126.75,143.95,102.72,142.45,128.83,161.2,154.81,146.08,137.72,145.88,134.81,129.91,138.37,133.01,125.62,191.01,146.6,148.26,136.83,153.71,134.82,144.58,170.92,181.6,131.25,155.03,150.78,138.23,177.67,160.53,150.4,169.48,160.15,136.44,180.17,146.55,130.93,120.3,154.08,155.5,170.63,110.4,143.03,156.35
2021-09-07,142.3,166.59,165.5,162.28,122.87,126.9,144.19,102.79,142.45,129.06,161.14,154.76,146.11,137.79,145.72,134.09,130.16,138.67,133.0,126.05,191.42,146.98,148.72,136.98,154.01,135.04,144.74,170.78,181.7,131.02,155.04,151.17,138.24,177.89,160.84,150.67,169.71,162.21,137.31,180.42,146.97,130.33,120.15,154.34,156.14,171.16,110.22,143.24,156.11
2021-09-08,142.51,165.9,166.58,162.4,123.32,127.09,144.42,102.78,142.53,129.42,161.12,154.91,146.19,137.93,145.7,134.01,130.2,139.02,133.03,126.96,191.96,147.44,149.14,137.17,154.38,135.26,145.03,170.54,181.95,131.17,155.11,151.71,138.44,178.17,161.28,151.08,169.99,164.4,138.12,180.74,147.43,130.36,120.23,154.74,156.95,171.72,110.09,143.37,157.17
2021-09-09,142.62,164.82,167.32,162.4,123.66,127.2,144.63,102.67,142.49,129.75,161.17,155.23,146.31,138.06,145.65,133.87,130.01,139.13,133.07,127.72,192.43,147.68,149.42,137.29,154.74,135.5,145.32,170.06,182.03,131.21,155.08,151.97,138.54,178.25,161.5,151.27,170.25,166.05,138.83,181.03,147.75,130.37,120.24,155.04,157.57,172.02,110.04,143.56,157.1
2021-09-10,142.55,164.04,167.27,162.53,124.03,127.39,144.39,102.6,142.63,129.9,161.15,155.72,146.5,138.18,145.68,133.72,130.05,139.16,132.18,127.21,192.84,147.85,149.55,137.36,155.16,135.83,145.48,169.54,181.83,130.68,155.14,152.26,138.76,178.49,161.85,151.67,170.51,167.63,139.62,181.21,148.13,130.23,120.13,155.38,158.2,172.11,110.17,143.85,157.21
2021-09-11,142.57,161.82,167.49,162.82,124.27,127.69,144.8,102.56,142.77,130.11,161.36,156.26,146.77,138.44,145.62,133.29,130.2,139.52,131.39,125.97,193.55,148.27,149.9,137.51,155.93,136.19,145.86,169.14,181.68,130.22,155.57,152.79,139.34,179.21,162.47,152.36,170.69,168.74,140.54,181.92,148.66,130.05,120.12,156.2,158.97,172.57,110.32,144.21,157.27
2021-09-12,142.48,158.47,167.53,162.91,124.39,127.65,144.9,102.58,142.82,130.1,161.39,156.61,146.99,138.67,145.63,132.9,129.94,139.55,130.59,124.7,193.84,148.28,149.81,137.6,156.29,136.34,145.93,168.4,181.19,129.65,155.72,152.94,139.58,179.67,162.95,152.95,170.8,169.56,141.19,182.09,148.89,129.75,119.98,156.46,159.56,172.72,110.41,144.53,157.29
2021-09-13,142.33,153.86,167.46,162.91,124.44,127.54,144.93,102.62,142.76,130.04,161.33,156.87,147.14,138.69,145.64,132.54,129.71,139.38,129.73,123.6,194.02,148.23,149.67,137.67,156.41,136.48,145.98,167.62,180.72,129.1,155.84,152.98,139.74,179.99,163.33,153.39,170.87,170.72,141.45,182.12,149.02,129.45,119.91,156.59,160.02,172.81,110.46,144.82,157.28
2021-09-14,142.52,155.98,167.56,163.04,124.5,127.49,144.88,102.55,142.87,130.14,161.64,157.26,147.45,138.85,145.68,133.17,129.47,139.31,129.8,122.66,194.36,148.29,149.67,137.89,156.81,136.75,146.15,167.39,180.73,129.58,156.03,153.1,140.42,180.33,163.76,153.7,171.12,171.9,141.74,182.28,149.21,129.87,120.05,156.88,160.8,172.89,110.59,145.06,157.37
2021-09-15,142.65,157.83,166.35,163.3,124.75,127.55,145.04,102.45,143.09,130.27,161.99,157.72,147.84,138.97,145.73,133.19,129.64,139.28,129.94,121.73,194.78,148.36,149.76,138.18,157.14,137.09,146.41,167.43,180.96,129.69,156.41,153.38,141.19,180.78,164.25,153.98,171.38,173.33,142.41,182.5,149.41,129.78,120.09,157.27,161.59,173.1,110.76,145.32,157.55
2021-09-16,142.75,159.61,166.5,163.54,124.97,127.61,145.15,102.24,143.29,130.37,161.96,157.65,148.05,138.98,145.73,133.01,129.77,139.26,129.95,120.72,195.08,148.35,149.74,138.24,157.39,137.25,146.53,167.22,181.1,129.87,156.8,153.7,141.9,181.05,164.7,154.21,171.58,174.79,142.84,182.43,149.51,129.64,120.13,157.49,162.31,173.32,110.99,145.52,157.45
2021-09-17,143.03,161.33,166.76,163.7,125.22,127.73,145.62,101.99,143.25,130.55,162.07,157.48,148.22,139.05,145.67,133.02,129.85,139.39,130.84,120.16,195.39,148.44,149.81,138.31,157.6,137.29,146.68,167.23,181.65,130.65,157.13,154.07,142.63,181.19,164.98,154.37,171.79,175.86,142.98,182.38,149.56,129.48,120.38,157.65,162.9,173.71,111.15,145.61,157.4
2021-09-18,143.33,163.47,166.7,163.89,125.48,127.86,145.69,101.83,143.3,130.7,162.02,157.23,148.41,139.08,145.71,133.32,130.16,139.43,131.7,120.44,195.67,148.45,149.91,138.39,157.53,137.54,146.81,167.37,182.14,131.4,157.49,154.56,143.19,181.22,165.23,154.41,171.85,176.06,143.09,182.24,149.58,129.53,120.62,157.77,163.46,174.0,111.27,145.65,157.26
2021-09-19,143.63,165.49,166.72,164.17,125.76,127.98,145.9,101.73,143.55,130.96,162.1,157.15,148.57,139.14,145.88,133.76,130.66,139.6,132.52,120.81,196.11,148.61,150.15,138.48,157.6,137.78,147.04,167.71,182.74,132.21,157.84,155.11,143.96,181.16,165.49,154.43,172.11,176.25,143.15,182.25,149.71,129.58,120.9,157.93,164.04,174.33,111.42,145.71,157.18
2021-09-20,143.91,168.95,166.77,164.41,126.03,128.15,146.11,101.56,143.73,131.18,162.19,157.01,148.74,139.3,146.06,133.99,130.79,139.82,133.51,121.19,196.58,148.81,150.35,138.54,157.89,138.07,147.29,168.09,183.39,132.97,158.25,155.74,144.65,181.1,165.7,154.4,172.29,175.83,143.24,182.23,149.84,129.54,121.12,158.1,164.67,174.69,111.58,145.72,157.09
2021-09-21,144.0,169.37,166.77,164.64,126.36,128.28,146.6,101.57,143.85,131.25,161.97,156.88,148.79,139.36,146.27,134.0,130.69,139.98,133.6,121.43,196.92,148.9,150.53,138.5,157.97,138.36,147.53,168.24,183.77,133.11,158.6,156.28,144.88,181.21,166.0,154.68,172.42,175.91,143.61,182.32,150.02,129.47,121.16,158.15,165.12,175.02,111.45,145.81,156.88
2021-09-22,144.11,169.96,168.25,164.89,126.56,128.35,147.02,101.73,143.93,131.35,161.74,156.57,149.09,139.55,146.33,133.9,130.91,140.01,133.64,121.58,197.37,149.0,150.67,138.43,158.22,138.59,147.67,168.51,183.87,133.31,158.9,156.64,144.91,181.22,166.34,154.94,172.6,175.93,143.96,182.41,150.27,129.55,121.17,158.2,165.5,175.3,111.47,146.01,156.61
2021-09-23,144.25,170.52,168.77,165.21,126.9,128.29,147.57,101.99,144.13,131.57,161.84,156.73,149.51,139.49,146.66,133.87,131.26,140.03,133.63,121.73,197.84,149.31,150.87,138.58,158.47,138.95,147.9,169.11,184.16,133.47,159.17,157.13,145.08,181.58,166.74,155.37,172.87,175.92,144.47,182.69,150.69,129.57,121.18,158.23,164.09,175.78,111.49,146.39,156.51
2021-09-24,144.31,171.06,169.19,165.47,127.09,128.18,148.12,102.18,144.37,131.8,161.85,156.84,149.85,139.35,146.96,133.86,131.52,140.02,133.56,121.87,198.27,149.74,151.15,138.68,158.71,139.28,148.06,169.61,184.29,133.58,159.46,157.65,145.44,181.77,167.01,155.49,173.05,175.37,145.12,182.85,151.08,129.65,121.1,158.31,162.66,176.16,111.46,146.66,156.46
2021-09-25,144.32,171.34,169.85,165.67,127.29,128.37,148.83,102.36,144.63,131.97,161.77,157.05,150.19,138.19,147.29,133.86,131.64,140.12,133.48,122.03,198.68,150.1,151.31,138.79,159.14,139.5,148.2,169.98,184.45,133.59,159.62,157.97,145.9,181.89,167.21,155.62,173.47,176.01,145.49,182.92,151.49,129.38,121.09,158.28,161.2,176.52,111.57,146.92,156.7
2021-09-26,144.3,171.45,170.46,165.83,127.44,128.56,149.5,102.57,144.65,132.14,161.66,157.19,150.53,137.81,147.42,133.77,131.53,140.18,133.37,122.2,198.97,150.47,151.5,138.83,159.27,139.74,148.35,170.23,184.46,133.53,159.93,158.37,146.54,182.16,167.33,155.67,173.67,176.41,146.01,182.88,151.85,129.27,121.06,158.31,159.44,176.9,111.63,147.22,156.9
2021-09-27,144.32,171.65,171.18,166.06,127.61,128.75,150.21,102.82,144.67,132.41,161.61,157.45,150.84,136.82,147.52,133.76,131.67,140.27,133.14,122.37,199.33,150.86,151.81,138.91,159.28,140.07,148.49,170.74,184.47,133.5,160.16,158.79,147.43,182.47,167.58,155.82,173.91,177.37,146.64,183.01,152.26,129.13,121.03,158.31,157.73,177.27,111.68,147.54,157.12
2021-09-28,144.44,171.76,171.92,166.36,127.81,129.0,150.79,103.04,144.95,132.86,161.63,157.75,151.29,136.45,147.72,133.8,132.25,140.51,133.04,122.44,199.84,151.34,152.12,138.98,159.43,140.32,148.71,171.26,184.54,133.65,160.59,159.25,148.36,182.86,167.96,155.98,174.14,178.08,147.26,183.02,152.66,129.09,121.18,158.42,156.1,177.76,112.03,147.9,157.46
2021-09-29,144.5,170.93,172.61,166.57,128.02,129.26,151.46,103.03,145.13,133.15,161.59,158.08,151.51,135.26,148.05,134.23,132.46,140.73,133.08,122.55,200.28,151.79,152.5,139.02,159.43,140.68,148.9,171.59,184.71,133.67,160.96,159.69,149.38,183.29,168.17,156.13,174.13,178.18,147.64,183.08,152.96,128.77,121.2,158.45,154.23,178.29,112.21,148.23,157.85
2021-09-30,144.65,169.98,172.93,166.77,128.28,129.6,151.98,103.09,145.18,133.42,161.45,158.21,151.63,135.13,148.22,134.69,132.54,141.03,133.16,122.67,200.76,152.03,152.98,139.12,159.37,140.86,149.02,171.93,184.97,133.73,161.3,159.8,150.28,183.83,168.6,156.4,174.16,178.56,148.0,183.15,153.19,128.81,121.35,158.72,154.3,178.58,112.28,148.48,158.3
2021-10-01,144.84,168.88,173.56,166.88,128.5,129.95,152.2,103.25,145.35,133.69,161.21,158.39,151.83,135.09,148.59,135.29,132.99,141.25,133.26,122.71,201.17,152.12,153.33,139.28,158.99,141.06,149.21,172.36,185.46,133.71,161.78,159.8,150.81,184.33,168.97,156.79,174.19,178.89,148.29,183.16,153.36,129.19,121.51,158.92,154.67,178.97,112.42,148.8,158.55
2021-10-02,145.13,168.56,174.32,167.02,128.69,130.31,152.43,103.3,145.47,134.04,161.28,158.55,152.11,136.05,148.86,135.9,133.21,141.53,133.42,122.76,201.73,152.31,153.84,139.49,158.62,141.26,149.56,172.94,185.73,133.9,162.37,159.99,151.63,184.92,169.64,157.28,174.25,179.08,148.84,183.65,153.56,129.43,121.66,159.43,154.86,179.38,112.61,149.2,158.73
2021-10-03,145.36,168.2,174.92,167.01,128.88,130.58,152.58,103.38,145.52,134.29,161.18,158.49,152.3,136.23,148.91,136.36,133.54,141.83,133.61,122.67,202.19,152.41,154.23,139.61,158.36,141.5,149.78,173.29,185.92,134.12,162.8,160.11,151.92,185.28,170.1,157.72,174.03,179.58,149.09,183.97,153.66,129.5,121.72,159.77,155.11,179.74,112.73,149.4,158.83
2021-10-04,145.58,167.5,175.57,166.98,129.08,130.83,152.72,103.36,145.59,134.47,160.99,158.41,152.54,137.02,149.2,136.73,133.89,142.04,133.8,122.56,202.55,152.5,154.44,139.73,158.21,141.62,150.01,173.44,185.93,134.33,163.22,160.18,152.03,185.61,170.5,158.14,173.97,180.27,149.23,184.05,153.74,129.42,121.78,160.11,155.28,180.04,112.9,149.57,159.03
2021-10-05,145.7,167.24,176.08,166.82,129.2,131.07,152.8,103.42,145.45,134.65,160.78,158.04,152.51,137.16,149.27,137.09,134.23,142.16,133.87,123.2,202.56,152.49,154.59,139.8,157.85,141.63,150.05,173.4,185.78,134.36,163.48,160.1,152.11,185.72,170.72,158.45,173.85,180.78,148.9,184.23,153.72,129.42,121.87,160.37,155.2,180.36,112.95,149.67,159.27
2021-10-06,145.84,167.54,176.56,166.65,129.28,131.29,152.7,103.55,145.31,135.02,160.58,157.79,152.47,138.2,148.94,137.14,134.33,142.38,133.9,123.97,202.74,152.47,154.71,139.85,157.59,141.6,150.07,173.71,185.76,134.35,163.72,160.2,152.14,185.81,170.92,158.63,173.82,181.37,148.66,184.55,153.7,129.84,122.1,160.59,155.27,180.61,113.02,149.59,159.36
2021-10-07,145.94,167.47,177.11,166.57,129.43,131.62,152.83,103.69,145.34,135.44,160.6,157.72,152.62,138.58,148.65,136.61,134.53,142.67,134.07,124.72,202.99,152.56,154.92,139.92,157.35,141.91,150.22,174.16,185.44,134.02,164.1,160.69,152.34,185.75,171.11,158.88,173.79,181.96,148.62,184.94,153.9,129.69,122.18,160.9,155.33,181.14,113.1,149.84,159.45
2021-10-08,146.04,167.63,177.42,166.62,129.39,131.82,153.16,103.87,145.34,135.63,160.85,157.63,152.72,138.95,148.23,136.04,134.49,142.62,134.22,125.76,203.39,152.6,155.08,139.98,157.28,142.13,150.44,174.58,185.33,133.84,164.25,161.09,152.72,185.84,171.43,159.13,173.74,182.67,148.57,185.47,154.13,129.37,122.32,161.16,155.29,181.45,113.17,150.08,159.51
2021-10-09,146.2,167.74,177.67,166.67,129.48,131.97,153.48,104.03,145.34,135.78,160.83,157.49,152.75,139.25,147.71,136.01,134.66,142.88,134.17,126.79,203.89,152.71,155.47,140.01,157.36,142.33,150.55,175.1,185.4,133.97,164.44,161.52,152.75,185.91,171.41,159.21,173.46,183.5,148.29,185.86,154.37,129.82,122.63,161.36,155.27,182.13,113.21,150.33,159.47
2021-10-10,146.29,167.77,177.95,166.73,129.64,132.2,153.75,104.15,145.58,136.03,160.95,157.49,152.82,138.93,147.4,135.7,134.99,143.13,134.18,127.84,204.31,152.89,155.83,140.0,157.28,142.58,150.76,175.68,185.1,134.0,164.59,161.8,152.87,185.94,171.49,159.28,173.51,183.47,148.14,186.28,154.63,129.76,122.85,161.58,155.05,182.82,113.32,150.76,158.97
2021-10-11,146.42,168.13,178.16,166.78,129.8,132.44,153.91,104.41,145.74,136.27,161.05,157.43,152.82,138.67,147.01,135.35,135.22,143.46,134.24,128.85,204.76,153.03,156.26,140.05,157.1,142.82,150.97,176.38,185.27,134.17,164.73,162.04,153.09,185.96,171.57,159.37,173.43,183.57,147.99,186.77,154.87,130.2,123.07,161.74,155.1,183.45,113.31,151.2,158.86
2021-10-12,146.48,167.68,178.42,166.93,130.0,132.73,154.19,104.53,145.88,136.42,161.11,157.4,152.95,137.82,146.7,134.72,135.47,143.78,134.14,129.07,205.43,153.21,156.78,140.07,156.84,143.17,151.19,177.16,185.55,133.96,164.81,162.45,153.2,186.11,171.79,159.57,173.35,183.64,148.17,187.24,155.18,130.29,123.12,161.87,155.37,184.16,113.4,151.62,158.49
2021-10-13,146.47,166.86,178.58,166.97,130.19,133.06,154.51,104.44,146.09,136.28,161.07,157.29,152.84,136.75,146.51,134.05,135.59,143.87,133.98,129.25,205.85,153.41,157.16,140.1,156.49,143.44,151.33,177.53,185.77,133.87,164.96,162.57,153.38,186.08,171.96,159.8,173.27,183.63,148.3,187.23,155.44,130.11,123.25,162.03,155.48,184.76,113.55,152.08,158.96
2021-10-14,146.55,166.89,178.77,167.09,130.27,134.45,154.6,104.51,146.22,136.19,160.96,157.12,152.79,135.68,146.5,134.14,135.7,143.93,133.69,129.34,206.38,153.83,157.41,140.13,156.17,143.47,151.37,177.98,186.15,134.11,165.02,162.57,153.54,186.15,172.29,160.16,173.27,183.14,148.67,187.14,155.54,130.42,123.66,162.0,155.75,185.51,113.78,152.5,159.42
2021-10-15,146.71,167.02,178.98,167.25,130.64,135.93,154.7,104.53,146.32,136.21,160.74,156.75,152.7,135.02,146.42,134.44,135.77,144.4,133.52,129.36,206.88,154.24,157.84,140.19,156.02,143.51,151.4,178.52,186.42,134.4,165.14,162.62,153.7,186.24,172.63,160.58,173.32,183.28,149.33,187.33,155.69,130.94,124.02,162.11,156.28,186.46,113.95,152.87,160.0
2021-10-16,146.57,166.57,178.84,167.16,130.72,137.01,154.27,104.56,146.43,135.97,160.63,156.29,152.39,133.87,146.43,134.06,135.78,144.22,133.43,129.22,206.72,154.41,157.88,140.17,155.75,143.38,151.2,178.71,186.48,134.04,164.89,162.44,153.57,186.05,172.95,160.9,173.46,182.37,149.82,186.98,155.59,130.57,124.11,161.72,156.94,186.89,114.08,153.28,160.63
2021-10-17,146.69,166.71,179.02,167.32,130.94,138.19,154.28,104.65,146.63,135.97,160.55,156.03,152.24,133.78,146.56,134.25,135.79,144.32,133.31,129.16,207.08,154.8,158.24,140.33,156.24,143.4,151.27,179.57,187.16,134.01,164.96,162.69,153.85,186.15,173.44,161.47,173.73,183.07,150.46,187.07,155.81,130.92,124.48,161.73,157.74,187.49,114.22,153.69,161.8
2021-10-18,146.7,166.7,179.19,167.46,131.12,139.4,154.4,104.47,146.73,136.02,160.48,155.73,152.06,133.67,146.43,134.3,135.8,144.32,133.07,129.14,207.47,155.14,158.56,140.38,156.82,143.34,151.37,180.48,187.54,133.74,165.12,162.95,154.07,186.34,173.93,161.93,173.83,182.74,151.18,186.99,155.99,131.05,124.83,161.73,157.77,188.19,114.46,154.17,162.56
2021-10-19,146.96,167.66,179.53,167.59,131.37,140.73,154.45,104.35,146.92,136.31,160.69,155.64,152.09,134.28,146.42,134.77,135.9,144.52,133.19,129.33,208.03,155.61,158.87,140.59,157.36,143.27,151.59,181.45,188.07,134.12,165.32,163.16,154.5,186.56,174.37,162.45,174.1,182.89,152.09,187.01,156.21,131.5,125.44,161.9,157.99,188.79,114.7,154.87,163.52
2021-10-20,147.2,168.7,180.09,167.86,131.64,141.94,154.58,104.41,147.21,136.69,160.91,155.53,152.33,134.03,146.84,135.18,136.1,144.8,133.33,129.46,208.54,156.04,159.18,140.79,158.07,143.24,152.01,182.4,188.37,134.34,165.43,163.56,154.98,186.76,174.85,162.97,174.4,182.97,152.77,187.39,156.46,131.89,125.82,162.03,158.11,189.42,114.94,155.6,163.62
2021-10-21,147.45,169.34,180.54,167.96,131.84,142.04,154.76,104.3,147.49,137.04,161.0,155.39,152.49,134.97,146.98,135.96,136.27,145.12,133.52,129.74,208.88,156.33,159.67,140.94,158.83,143.22,152.43,183.26,188.51,134.84,165.54,163.88,155.37,186.84,175.05,163.13,174.5,183.07,153.03,187.88,156.66,132.4,126.08,162.17,158.21,189.74,115.26,156.04,163.69
2021-10-22,147.67,169.71,181.03,168.15,132.13,142.05,154.94,104.12,147.83,137.47,161.11,155.48,152.61,135.43,147.03,136.64,136.45,145.47,133.4,129.79,209.23,156.76,160.06,141.04,159.41,143.4,152.92,184.38,188.78,135.24,165.76,164.31,155.56,187.09,175.34,163.35,174.7,183.14,153.33,187.91,156.91,132.8,126.39,162.22,157.37,189.86,115.55,156.5,163.76
2021-10-23,148.06,170.43,181.68,168.51,132.49,142.38,155.43,104.16,148.21,138.16,161.38,155.71,152.94,136.44,147.14,137.54,136.76,146.25,133.33,129.98,209.94,157.33,160.69,141.22,160.13,143.65,153.55,186.16,189.19,135.87,166.16,165.07,156.51,187.55,175.78,163.61,174.9,183.94,153.82,188.55,157.34,133.74,126.88,162.81,156.68,190.41,115.94,156.88,163.78
2021-10-24,148.21,170.33,181.99,168.61,132.63,142.54,155.56,104.05,148.35,138.59,161.47,155.67,153.03,136.92,147.09,137.79,136.9,146.7,133.35,130.14,210.25,157.5,160.94,141.25,160.25,143.73,153.81,187.57,189.36,136.3,166.12,165.38,156.88,187.69,176.0,163.68,174.83,183.87,154.05,188.61,157.5,134.29,127.06,162.77,156.11,190.67,116.19,157.0,163.63
2021-10-25,148.45,170.25,182.31,168.74,132.85,142.57,155.75,104.17,148.75,139.0,161.63,155.74,153.23,137.38,147.28,138.43,137.14,147.24,133.38,130.07,210.59,157.74,161.22,141.4,160.28,143.89,153.97,188.69,189.64,136.81,166.06,165.72,157.24,187.73,176.19,163.84,174.91,184.25,154.21,188.95,157.75,134.79,127.29,162.83,156.03,190.94,116.47,157.0,163.35
2021-10-26,148.54,169.85,182.57,168.94,133.01,142.48,155.98,104.34,149.15,139.3,161.61,155.69,153.31,137.8,147.57,138.84,137.36,147.6,133.29,129.9,210.81,157.86,161.47,141.48,160.32,144.15,154.16,190.04,189.69,137.08,166.01,165.97,157.43,187.59,176.32,163.93,174.76,183.39,154.14,189.16,157.88,134.95,127.38,162.81,155.89,191.15,116.7,156.98,163.15
2021-10-27,148.71,169.49,182.75,169.02,133.28,142.53,156.21,104.49,149.56,139.57,161.65,155.62,153.39,139.09,147.58,139.43,137.56,147.94,133.24,129.41,211.23,158.07,161.68,141.64,160.04,144.4,154.19,191.5,189.93,137.56,166.06,166.2,157.43,187.65,176.38,163.83,174.73,183.14,154.27,189.28,157.97,135.08,127.52,162.73,156.02,191.37,116.94,156.92,162.85
2021-10-28,148.8,169.33,183.08,169.17,133.63,142.53,156.25,104.71,149.9,139.54,161.78,155.64,153.36,139.18,147.71,139.61,137.76,148.43,133.29,129.14,211.64,158.33,161.83,141.86,159.9,144.73,154.35,192.98,190.31,137.74,166.12,166.4,157.46,187.62,176.38,163.84,174.86,183.25,154.26,189.56,158.12,135.02,127.64,162.63,155.87,191.68,117.03,156.94,162.63
2021-10-29,148.81,169.11,183.17,169.12,133.88,141.32,156.41,104.97,150.13,139.63,161.82,155.62,153.31,139.28,147.91,139.76,137.91,148.88,133.73,128.92,211.94,158.5,162.16,142.03,159.76,144.85,154.38,194.35,190.4,138.03,166.15,166.73,157.49,187.3,176.22,163.55,174.89,182.86,153.89,189.83,158.23,134.96,127.82,162.6,156.23,192.29,117.13,156.84,162.36
2021-10-30,148.98,168.78,183.51,169.22,134.28,140.23,156.78,105.09,150.31,139.89,161.71,155.67,153.22,139.47,148.12,139.88,138.14,149.25,134.32,128.93,212.43,158.76,162.4,142.24,159.62,145.14,154.56,195.43,190.57,138.4,166.41,167.03,157.3,186.93,175.97,163.45,174.98,182.67,153.7,190.11,158.46,134.88,127.99,162.8,156.5,192.76,117.23,156.64,162.2
2021-10-31,149.12,169.1,183.85,169.2,134.65,139.07,157.2,105.32,150.56,140.06,161.59,155.72,153.14,139.57,148.47,140.23,138.03,149.45,134.75,128.78,212.8,159.13,162.64,142.5,159.44,145.25,154.67,196.22,190.86,138.72,166.67,167.44,157.21,186.56,175.69,163.27,175.07,182.62,153.58,190.3,158.56,134.81,128.23,163.05,156.7,193.26,117.29,156.49,162.07
2021-11-01,149.38,169.94,184.29,169.47,135.07,138.1,157.59,105.64,150.86,140.29,161.55,155.81,153.12,139.71,148.78,140.57,138.07,149.66,135.33,128.8,213.25,159.59,162.93,142.84,159.44,145.39,154.95,197.02,191.18,139.06,167.04,167.93,157.14,186.33,175.53,163.14,175.17,182.68,153.5,190.56,158.67,134.93,128.5,163.39,157.15,193.76,117.4,156.48,162.05
2021-11-02,149.77,171.27,184.75,170.0,135.48,137.14,157.98,105.99,151.25,140.51,161.62,156.05,153.26,139.82,149.08,141.04,138.24,149.89,136.01,128.81,213.76,160.19,163.26,143.32,159.66,145.51,155.29,197.46,191.74,139.48,167.58,168.63,157.13,186.29,175.47,163.05,175.44,183.7,153.48,190.95,158.87,135.28,128.82,163.88,157.74,194.19,117.67,156.46,162.08
2021-11-03,150.06,172.58,185.05,170.56,135.88,136.15,158.24,106.32,151.56,140.83,161.53,156.44,153.31,139.93,149.25,141.46,138.69,150.28,136.57,129.09,214.07,160.85,163.65,143.57,160.21,145.53,155.74,197.26,192.12,139.73,168.06,169.21,157.27,186.31,175.38,163.16,175.6,183.92,153.46,191.31,159.22,135.53,129.1,164.29,158.5,194.6,117.88,156.43,162.12
2021-11-04,150.32,173.41,185.31,171.1,136.23,135.26,158.84,106.59,151.96,141.44,161.41,156.8,153.41,139.93,149.41,141.87,139.15,150.59,136.83,129.16,214.44,161.4,164.0,143.95,160.9,145.46,156.07,197.04,192.53,140.06,168.55,170.0,157.37,186.21,175.25,163.17,175.7,184.06,153.53,191.55,159.58,135.75,129.42,164.92,158.97,194.97,118.09,156.26,162.19
2021-11-05,150.66,174.46,185.69,171.8,136.66,135.77,159.46,106.9,152.44,141.98,161.61,157.2,153.64,140.02,149.89,141.99,139.38,150.89,137.09,129.31,214.97,161.9,164.27,144.38,161.69,145.51,156.5,196.75,193.09,140.23,169.04,170.68,157.62,186.21,175.26,163.44,175.89,184.42,153.86,191.97,159.92,135.88,129.6,165.38,159.38,195.17,118.42,156.24,162.48
2021-11-06,150.73,175.24,185.66,172.12,136.78,136.18,159.58,106.89,152.73,142.26,161.53,157.36,153.61,139.78,150.02,142.27,139.49,150.93,137.06,129.02,215.25,162.32,164.31,144.58,162.05,145.38,156.69,195.5,193.19,140.24,169.28,171.2,157.77,186.05,175.21,163.53,175.87,184.56,153.97,191.5,159.93,135.76,129.61,165.71,159.69,195.34,118.56,156.25,162.6
2021-11-07,151.04,174.91,186.02,173.04,137.22,136.73,159.92,106.86,153.1,142.92,161.85,157.74,154.01,139.85,150.46,142.17,139.83,151.59,137.31,128.97,215.94,162.92,164.54,145.06,162.74,145.52,157.19,194.79,193.43,139.93,169.9,171.99,158.12,186.24,175.5,163.88,176.03,184.76,154.12,191.98,160.25,135.56,129.68,166.41,160.33,195.88,118.93,156.55,162.82
2021-11-08,151.28,174.89,186.17,173.56,137.59,137.34,159.94,106.93,153.3,143.35,162.03,158.01,154.21,139.93,150.62,142.3,140.25,152.16,137.39,128.96,216.52,163.34,164.78,145.38,163.25,145.63,157.53,194.35,193.62,140.01,170.36,172.63,158.41,186.32,175.7,164.1,176.19,184.86,154.31,192.32,160.48,135.71,129.77,166.97,160.8,196.37,119.26,156.73,162.91
2021-11-09,151.35,174.01,186.23,173.79,137.9,137.72,160.09,106.93,153.37,143.67,162.02,158.18,154.34,139.91,150.72,142.5,140.49,152.83,137.06,128.98,217.01,163.79,165.02,145.55,163.7,145.65,157.76,194.2,193.59,140.11,170.75,173.09,158.61,186.35,175.73,164.27,176.3,183.89,154.52,192.54,160.73,135.45,129.85,167.47,160.37,196.81,119.48,156.8,162.96
2021-11-10,151.56,173.49,186.6,174.14,138.13,138.17,160.31,106.91,153.53,144.1,162.23,158.24,154.62,140.01,150.93,142.54,141.09,153.57,136.79,129.08,217.68,164.35,165.31,145.82,163.93,145.81,157.99,194.65,193.59,140.26,171.28,173.73,158.88,186.21,175.85,164.35,176.34,183.38,154.82,192.78,161.08,135.51,130.01,168.26,160.21,197.48,119.96,156.82,163.28
2021-11-11,151.97,174.84,188.08,174.49,138.43,138.53,161.51,107.2,153.69,144.3,162.58,158.3,154.99,140.31,150.99,142.61,141.48,154.14,136.75,129.19,218.79,165.61,165.74,146.0,164.2,146.19,158.69,195.43,193.4,140.64,171.92,174.72,159.79,186.27,176.12,164.67,176.47,182.66,155.29,193.07,161.83,135.64,130.3,169.14,160.61,198.78,120.4,157.12,163.46
2021-11-12,152.22,175.38,189.56,174.62,138.59,138.57,162.6,107.31,153.56,144.53,162.62,158.19,155.24,140.43,150.55,142.69,142.11,154.55,136.5,129.13,219.55,166.57,165.96,146.08,163.95,146.39,159.26,195.57,192.86,140.9,172.21,175.22,160.09,186.13,176.3,164.87,176.46,181.85,155.5,193.05,162.27,135.69,130.4,170.03,160.62,199.7,120.85,157.27,163.35
2021-11-13,152.55,175.45,191.3,174.93,139.04,138.72,164.0,107.81,153.8,144.82,162.88,158.24,155.73,140.04,150.39,142.61,142.73,154.96,136.44,128.97,220.74,167.57,166.58,146.36,164.38,146.92,159.92,197.24,192.82,141.24,172.82,175.9,160.67,186.21,176.55,165.07,176.59,181.04,155.82,193.74,163.15,135.44,130.74,170.86,158.61,200.95,121.48,157.52,163.02
2021-11-14,152.78,175.74,192.8,174.97,139.32,138.86,165.09,108.02,154.0,145.02,162.95,158.22,155.89,139.46,149.93,143.3,143.3,155.29,136.2,128.92,221.76,168.47,167.18,146.51,164.79,147.28,160.47,198.69,192.68,141.98,173.23,176.37,161.18,186.22,176.6,165.13,176.64,179.75,156.15,193.88,163.95,135.67,131.04,171.33,156.26,201.98,122.0,157.64,162.73
2021-11-15,153.04,175.47,194.42,175.07,139.6,138.81,165.86,108.01,154.32,145.34,163.08,158.24,156.14,139.55,149.7,143.74,143.67,155.54,136.04,128.8,222.7,169.29,167.47,146.61,165.19,147.59,161.02,199.57,192.45,142.36,173.54,176.8,161.53,186.22,176.66,165.1,176.65,178.83,156.31,194.01,164.57,135.55,131.32,171.88,155.98,202.82,122.41,157.71,162.52
2021-11-16,153.37,175.8,196.18,175.29,140.23,139.1,166.61,108.2,154.71,146.04,163.44,158.32,156.48,139.79,149.49,143.99,144.21,155.73,136.18,128.74,223.69,170.22,167.76,146.83,165.99,148.02,161.56,200.61,192.48,142.75,173.91,177.42,162.12,186.31,176.77,165.09,176.9,178.79,156.55,194.25,165.31,135.65,131.64,172.41,156.58,203.99,122.9,157.93,162.34
2021-11-17,153.67,175.16,197.72,175.4,140.61,139.11,167.59,108.34,154.85,146.41,163.8,158.34,156.72,139.97,149.21,144.28,144.29,155.71,136.3,128.59,224.68,170.81,168.23,147.05,166.89,148.34,162.04,201.78,192.45,143.22,174.14,178.03,162.46,186.51,177.11,165.31,177.02,178.9,156.66,194.25,165.89,135.68,131.98,172.75,156.87,205.05,123.06,158.04,162.12
2021-11-18,153.77,172.8,198.02,175.47,140.95,139.14,166.88,108.19,154.92,146.87,164.06,158.38,156.89,139.98,149.02,144.54,144.64,155.9,136.38,128.51,225.31,170.69,168.39,147.23,167.35,148.37,162.12,202.33,192.82,143.35,174.14,178.15,162.28,186.6,177.29,165.3,177.01,178.99,156.7,194.24,165.98,135.57,132.06,172.78,157.02,205.38,123.22,158.04,161.98
2021-11-19,154.05,171.76,198.19,175.94,141.43,139.51,166.61,108.29,155.09,147.48,164.27,158.52,157.11,139.88,148.98,144.73,144.73,156.28,136.55,128.56,226.23,171.03,168.86,147.55,168.38,148.58,162.33,203.66,193.5,143.83,174.5,178.93,162.71,186.92,177.58,165.41,177.12,180.42,156.89,194.49,166.59,136.01,132.37,173.0,157.36,206.32,123.14,158.1,161.77
2021-11-20,154.12,170.9,197.76,176.03,141.47,139.08,165.96,108.25,154.89,147.66,164.36,158.37,157.04,140.64,148.8,144.91,144.55,156.29,136.55,128.53,226.1,170.91,168.74,147.51,168.44,148.22,162.19,203.78,193.62,144.14,173.84,178.95,162.28,186.77,177.57,165.27,176.91,181.83,156.7,194.06,166.38,136.85,132.35,172.76,159.56,206.43,122.87,157.86,161.79
2021-11-21,154.47,170.95,197.9,176.46,141.99,139.17,165.89,108.58,154.84,148.17,164.69,158.52,157.33,141.69,148.8,145.0,144.51,156.91,136.7,128.53,226.52,171.38,169.24,147.76,168.52,148.27,162.47,204.37,193.95,144.64,173.86,179.48,162.4,186.94,177.89,165.43,176.92,183.44,156.88,194.18,166.82,137.66,132.59,173.01,161.7,206.94,122.74,157.9,162.24
2021-11-22,154.79,171.07,197.97,176.93,142.18,139.26,166.44,108.88,154.72,148.42,164.95,158.6,157.57,142.04,148.63,145.12,144.78,157.47,136.81,128.67,227.06,171.99,169.82,148.01,168.89,148.33,162.77,205.29,194.34,145.21,174.08,180.11,162.71,187.12,178.15,165.67,176.87,185.06,157.09,194.28,167.37,138.48,132.86,173.18,161.93,207.7,122.62,157.97,162.58
2021-11-23,154.94,171.45,197.93,177.11,142.03,139.12,167.01,108.92,154.71,148.27,165.12,158.69,157.69,141.54,148.43,145.42,144.91,157.88,136.89,128.76,227.4,172.3,170.4,148.21,168.42,148.35,163.13,205.49,194.61,145.55,174.13,180.54,162.96,187.2,178.51,165.97,176.63,185.58,157.29,194.27,167.77,138.76,133.01,173.26,161.78,208.15,122.4,157.85,162.91
2021-11-24,155.05,172.24,197.88,177.18,142.21,139.15,167.28,109.04,154.65,148.42,165.21,158.82,157.84,141.0,148.48,145.77,145.09,158.5,136.95,128.85,227.63,172.73,170.97,148.33,168.38,148.52,163.32,205.85,194.84,145.77,174.19,180.97,163.51,187.12,178.62,166.17,176.56,186.92,157.49,194.38,168.25,138.94,133.05,173.44,160.72,208.65,122.22,157.92,163.19
2021-11-25,155.12,172.55,197.76,177.21,142.3,139.1,168.01,109.1,154.54,148.6,165.31,158.95,158.04,140.47,148.62,145.86,145.24,158.94,137.01,128.87,227.61,172.87,171.36,148.45,168.35,148.68,163.35,206.14,194.93,145.84,174.17,181.24,163.77,187.23,178.88,166.49,176.56,187.81,157.67,194.39,168.62,139.13,133.15,173.8,160.01,208.83,122.19,158.23,163.43
2021-11-26,155.1,171.07,197.91,176.94,142.24,138.85,168.32,109.0,154.37,148.4,165.49,159.05,158.09,140.08,148.76,146.02,145.26,159.16,136.99,128.85,227.47,173.11,171.57,148.53,168.11,148.74,163.4,206.22,195.0,145.73,174.23,181.51,164.09,187.28,179.03,166.66,176.59,187.63,157.81,194.25,168.84,138.75,133.18,173.97,159.76,209.12,122.22,158.48,163.7
2021-11-27,155.32,167.47,198.52,177.07,142.45,139.29,169.39,108.98,154.2,148.54,165.75,159.43,158.36,139.69,149.01,146.17,145.78,159.98,137.07,129.21,228.01,173.76,172.17,148.98,168.42,149.07,163.81,206.44,195.59,145.81,175.09,182.4,164.94,187.9,179.56,167.21,176.76,187.28,158.27,194.72,169.66,138.47,133.42,174.68,159.14,209.79,122.38,158.95,164.06
2021-11-28,155.16,166.25,198.42,176.68,142.04,139.08,169.57,108.84,153.9,148.19,165.65,159.41,158.2,139.02,148.98,146.31,146.08,159.79,136.99,129.41,227.67,173.58,172.03,148.98,168.42,148.9,163.61,205.95,195.6,145.6,175.09,182.48,165.03,187.89,179.54,167.24,176.61,187.3,158.25,194.38,169.61,138.05,133.4,174.71,159.34,209.78,122.41,159.03,163.94
2021-11-29,154.93,164.81,198.29,176.27,142.0,138.91,169.63,108.77,153.61,148.14,165.64,159.46,158.14,138.33,149.09,146.03,146.04,159.75,136.91,129.59,227.24,173.18,172.06,149.07,168.11,148.75,163.29,205.36,195.49,145.24,174.92,182.32,164.96,187.99,179.72,167.38,176.64,187.04,158.54,194.13,169.65,137.53,133.29,174.71,159.27,209.71,122.49,159.25,163.84
2021-11-30,154.88,163.05,198.27,176.05,141.88,138.86,169.72,108.81,153.42,148.0,165.62,159.43,158.07,138.45,149.17,145.64,146.02,159.79,136.85,129.75,227.0,173.17,172.03,149.1,168.54,148.59,163.21,205.06,195.19,145.08,174.91,182.45,164.85,188.09,179.81,167.49,176.7,187.85,158.55,193.94,169.65,137.55,133.29,174.78,159.57,209.94,122.59,159.56,163.7
2021-12-01,154.78,162.09,198.12,175.91,141.61,138.77,169.71,108.35,153.27,147.76,165.58,159.35,157.88,139.1,149.08,145.38,145.99,159.54,136.84,129.87,226.66,173.14,171.78,149.13,168.12,148.25,163.16,204.38,194.8,144.85,174.72,182.41,164.45,188.32,179.95,167.57,176.62,187.75,158.62,193.62,169.53,137.7,133.21,174.7,160.61,209.83,122.61,159.82,163.22
2021-12-02,154.9,162.14,198.43,175.92,141.48,138.71,170.24,108.45,153.49,147.32,165.62,159.29,157.74,139.91,148.96,145.45,145.85,159.39,136.91,130.15,226.55,173.64,171.92,149.16,167.97,148.24,163.44,203.97,194.73,144.94,174.71,182.82,164.24,188.55,180.09,167.65,176.53,188.09,158.66,193.47,169.62,138.19,133.25,174.64,161.29,210.35,122.55,159.99,162.79
2021-12-03,154.98,162.73,198.53,175.97,141.37,138.73,170.71,108.73,153.64,147.14,165.63,159.26,157.66,140.62,148.81,145.59,145.81,159.43,136.96,130.44,226.52,174.02,172.02,149.11,167.79,148.45,163.73,203.4,194.3,144.91,174.44,183.03,163.98,188.59,180.08,167.38,176.38,188.31,158.71,193.33,169.65,138.66,133.26,174.56,161.67,210.56,122.59,160.1,162.63
2021-12-04,155.29,167.36,198.9,176.18,141.35,138.74,171.4,109.02,153.96,147.08,165.84,159.44,157.73,141.52,148.89,146.48,145.68,159.51,137.11,130.87,226.77,174.78,172.28,149.17,167.98,148.85,164.34,203.08,194.06,145.07,174.41,183.41,163.86,188.62,180.18,167.45,176.42,188.48,158.9,193.42,170.05,140.06,133.33,174.42,162.59,210.9,122.61,160.81,162.53
2021-12-05,155.67,169.13,199.54,176.43,141.42,138.85,172.22,109.13,154.24,147.05,166.03,159.52,157.86,142.38,148.92,147.02,145.6,159.74,137.24,131.58,227.36,175.84,172.7,149.27,168.17,149.4,165.33,203.11,193.83,145.25,174.44,184.0,163.85,188.77,180.36,167.68,176.61,188.57,159.3,193.68,170.57,141.4,133.39,174.61,162.88,211.42,122.73,161.59,162.41
2021-12-06,156.14,172.11,200.42,176.71,141.52,139.06,173.55,109.26,154.62,147.14,166.22,159.69,157.96,143.22,149.5,147.87,145.83,160.09,137.36,131.84,227.84,177.39,173.34,149.35,168.84,149.96,166.71,203.31,193.68,145.54,174.61,184.95,164.23,188.96,180.46,168.0,176.71,188.41,159.5,193.98,171.18,142.87,133.48,174.75,163.22,212.05,122.79,162.29,162.37
2021-12-07,156.36,172.91,200.92,177.02,141.83,139.24,173.47,109.47,154.82,147.48,166.45,159.97,158.09,143.67,150.24,147.52,146.05,160.46,137.5,132.2,228.2,177.7,173.61,149.46,169.7,150.33,166.95,202.44,193.53,145.21,174.6,185.44,164.33,189.12,180.61,168.29,176.88,188.51,160.03,194.25,171.7,143.64,133.37,175.0,163.47,212.09,122.93,162.94,162.33
2021-12-08,156.78,173.46,201.57,177.31,142.18,140.21,174.23,108.8,155.08,147.75,166.65,160.26,158.22,143.8,150.89,147.9,146.05,160.8,137.66,132.51,228.73,178.22,174.07,149.85,170.83,150.88,167.5,201.82,193.55,145.49,174.74,186.31,164.54,189.29,180.58,168.54,177.08,188.44,160.63,194.62,172.17,144.84,133.58,175.24,163.7,212.43,123.1,163.55,162.64
2021-12-09,157.02,174.11,202.02,177.44,142.4,141.37,174.86,109.19,155.05,148.34,166.76,160.49,158.28,143.9,151.34,147.87,145.85,161.32,137.67,133.21,229.47,178.99,174.79,150.15,171.59,151.23,168.35,201.0,193.53,145.77,175.03,186.92,164.87,189.28,180.62,168.66,177.34,187.79,161.33,194.9,172.71,145.53,133.75,175.49,163.85,212.72,123.33,164.11,162.96
2021-12-10,157.36,175.41,202.5,177.58,142.56,142.49,175.55,109.38,155.1,148.74,166.9,160.6,158.32,144.15,151.53,147.91,146.21,161.65,137.7,133.93,230.1,179.69,175.61,150.49,172.39,151.64,169.36,200.37,193.81,146.07,175.43,187.45,165.08,189.52,180.71,169.04,177.48,187.56,161.94,195.25,173.15,146.66,133.99,175.69,164.09,212.94,123.44,164.78,162.99
2021-12-11,157.26,174.76,202.38,177.35,142.52,142.95,175.35,109.5,155.18,148.98,166.85,160.53,158.14,143.88,151.31,147.18,146.29,161.42,137.51,134.5,230.12,179.77,175.62,150.63,172.33,151.83,169.93,199.25,193.02,145.86,175.23,187.35,164.96,189.35,180.54,168.88,177.55,187.13,161.96,194.95,172.9,146.78,134.02,175.2,164.39,212.78,123.62,164.95,162.96
2021-12-12,157.41,174.69,202.73,177.48,142.86,144.03,176.15,109.75,155.27,149.52,167.03,160.63,158.14,143.56,151.19,146.68,146.58,161.73,137.33,134.83,230.36,180.41,176.11,150.97,173.06,152.46,171.12,198.37,192.68,145.94,175.57,188.03,165.06,189.56,180.75,169.01,177.68,187.03,162.27,194.93,173.18,147.03,134.34,175.35,164.75,213.03,123.81,165.17,163.02
2021-12-13,157.54,173.3,202.89,177.64,143.18,145.02,176.66,109.97,155.11,150.09,167.22,160.67,158.2,143.44,150.6,146.22,146.33,162.2,137.25,135.24,230.62,180.96,176.54,151.35,173.39,153.2,172.25,197.13,192.28,145.93,175.82,188.49,164.97,189.68,181.11,168.97,177.9,186.83,162.66,194.96,173.46,147.18,134.67,175.62,165.11,213.34,124.06,165.37,163.07
2021-12-14,157.91,174.13,202.26,177.77,143.31,145.94,178.67,110.18,154.89,150.67,167.33,160.69,158.31,143.82,149.75,146.79,146.24,162.53,137.25,135.91,231.1,182.67,177.41,151.75,173.46,154.14,174.55,196.93,191.99,146.75,176.1,189.44,165.03,189.92,181.67,169.02,177.99,186.22,162.91,195.13,173.94,147.97,135.09,175.72,165.43,214.03,124.32,165.66,162.95
2021-12-15,158.02,174.5,201.52,177.74,143.46,146.13,180.13,111.76,154.58,151.22,167.16,160.5,158.22,143.26,148.85,146.26,146.21,162.87,137.1,136.26,231.37,184.31,177.99,151.75,173.49,154.96,176.94,196.67,191.89,146.94,176.56,190.16,164.94,189.96,182.07,169.39,177.76,186.45,163.2,194.99,174.37,148.21,135.23,175.9,165.72,214.76,124.44,165.92,162.7
2021-12-16,158.05,174.42,200.77,177.75,143.62,146.34,181.38,111.83,154.25,151.59,167.02,160.22,158.07,142.51,148.21,145.83,146.45,163.02,136.98,136.04,231.28,185.73,178.38,151.68,173.75,155.59,178.88,196.5,191.29,147.03,176.9,190.78,164.75,190.11,182.35,169.91,177.47,187.08,163.67,194.67,174.61,147.87,135.25,176.01,165.99,215.25,124.5,166.01,162.36
2021-12-17,158.21,174.53,200.04,177.81,144.0,146.75,182.94,111.71,154.08,152.1,167.04,160.32,158.31,142.24,147.88,145.59,146.48,163.34,136.87,136.13,231.32,187.39,178.8,151.92,174.21,156.29,180.69,196.33,190.65,147.38,177.38,191.75,164.7,190.32,182.99,170.93,177.85,186.7,164.23,194.54,175.11,147.35,135.41,176.33,166.41,215.93,124.88,166.5,162.23
2021-12-18,158.48,175.0,199.0,178.06,144.39,147.53,184.78,111.67,153.79,152.61,167.04,160.39,158.65,141.85,147.8,145.24,146.67,164.0,136.93,136.19,231.62,189.45,179.77,152.12,175.12,157.09,182.86,196.76,190.71,147.98,178.28,193.09,164.75,190.6,183.54,171.92,178.16,186.86,165.24,194.84,175.94,146.27,135.73,177.29,167.09,216.88,125.19,166.92,162.11
2021-12-19,158.54,175.13,197.58,178.04,144.65,147.71,185.97,111.55,153.48,152.86,166.86,160.37,158.85,141.53,147.68,144.73,146.68,164.06,137.0,136.2,231.6,190.95,180.16,152.22,175.5,157.58,184.41,196.57,190.45,148.37,178.7,193.91,164.58,190.54,183.98,172.86,178.38,187.23,165.98,194.84,176.26,145.25,135.73,177.55,167.82,217.52,125.53,166.93,161.93
2021-12-20,158.57,175.24,196.25,177.95,144.95,147.86,187.09,111.38,153.27,153.06,166.71,160.36,159.01,141.15,147.63,144.29,146.82,164.05,136.97,136.39,231.58,192.39,180.51,152.31,175.81,158.03,185.99,196.56,190.25,148.75,179.06,194.57,164.23,190.52,184.32,173.88,178.53,187.18,166.61,194.77,176.45,144.06,135.77,177.73,168.43,217.97,125.83,167.06,161.76
2021-12-21,158.33,175.2,195.09,177.86,145.24,147.82,185.29,110.49,152.95,153.17,166.59,160.24,159.02,140.73,147.7,143.68,146.74,163.75,136.8,136.41,230.85,190.71,179.78,152.3,175.9,157.15,184.29,196.8,190.16,148.43,178.94,194.07,163.88,190.43,184.56,174.92,178.72,188.01,167.36,194.46,176.08,142.99,135.71,178.04,168.39,217.44,126.05,167.2,161.64
2021-12-22,158.09,174.86,193.91,177.7,145.42,147.92,183.51,109.64,152.59,153.27,166.72,160.25,159.14,140.79,147.91,143.25,146.74,163.58,136.74,136.82,230.19,188.85,179.09,152.38,175.77,156.3,182.18,196.76,189.94,148.16,178.55,193.51,163.7,190.1,184.81,174.77,179.26,187.65,167.6,194.49,175.79,141.64,135.65,178.28,168.22,216.83,126.4,167.23,161.6
2021-12-23,157.95,174.37,192.67,177.67,145.69,147.76,181.95,108.71,152.23,153.46,166.96,160.42,159.3,140.8,148.02,143.0,146.73,163.38,136.67,137.33,229.69,186.72,178.17,152.62,175.63,155.51,179.9,196.81,189.86,147.97,178.07,193.01,163.41,189.72,185.17,174.62,179.73,186.77,167.64,194.62,175.53,141.14,135.6,178.46,168.1,216.29,126.42,167.26,161.62
2021-12-24,157.66,172.91,191.33,177.51,145.72,147.43,179.89,108.01,151.93,153.6,167.09,160.22,159.16,140.35,148.11,142.53,146.64,163.03,136.64,136.68,229.09,184.32,177.1,152.63,175.79,154.45,177.42,196.76,189.54,147.54,177.37,192.0,162.95,189.35,185.89,174.38,179.63,186.93,167.85,194.48,175.09,140.31,135.36,178.58,167.7,215.53,126.36,166.78,161.58
2021-12-25,157.45,170.36,190.74,177.41,145.82,147.25,178.09,107.12,151.58,153.83,167.34,160.07,159.0,140.01,148.17,142.17,146.54,162.86,136.59,136.06,228.63,181.84,176.19,152.75,175.72,153.38,174.78,196.53,189.32,147.17,176.6,191.06,162.56,189.44,186.89,174.45,179.47,187.52,168.06,194.27,174.56,139.98,135.05,178.89,166.91,214.85,126.33,166.48,161.47
2021-12-26,157.21,168.66,189.92,177.26,145.8,146.9,175.96,106.32,151.25,154.07,167.64,159.95,158.91,139.69,148.32,141.95,146.5,162.67,136.55,136.2,228.0,179.13,175.19,152.83,175.46,152.16,171.86,196.43,189.14,146.72,175.77,189.81,162.12,189.57,187.71,174.34,179.56,187.14,168.21,194.11,174.02,139.54,134.88,179.06,164.76,214.0,126.19,166.62,161.36
2021-12-27,157.08,168.14,189.04,177.24,145.88,146.72,173.65,105.68,151.21,154.36,167.95,159.94,158.88,139.67,148.44,141.72,146.62,162.52,136.57,136.34,227.47,176.12,174.16,152.99,175.44,150.84,168.82,196.71,189.07,146.29,174.97,188.56,161.76,189.62,188.46,174.4,179.76,187.14,168.48,194.1,173.52,139.28,134.67,179.32,163.93,213.12,126.15,167.15,161.31
2021-12-28,157.21,167.58,189.29,177.26,146.0,146.85,174.31,105.62,151.11,154.6,168.1,160.02,158.91,139.75,148.5,141.86,146.66,162.78,136.6,136.42,227.76,176.37,174.21,153.15,175.61,150.99,168.92,196.9,188.96,146.45,175.47,188.49,161.72,189.61,189.05,174.16,179.44,186.84,168.65,194.14,173.67,138.89,134.83,179.7,163.92,213.7,126.19,167.53,161.31
2021-12-29,157.34,167.05,189.47,177.45,146.2,146.7,174.73,105.5,151.31,154.85,168.28,160.15,159.02,139.85,148.63,142.19,146.73,162.32,136.59,135.68,227.79,176.54,174.36,153.34,175.9,150.97,168.92,197.19,188.77,146.63,175.5,188.33,161.61,189.96,189.81,174.72,179.25,186.93,169.2,194.05,173.7,138.78,134.91,179.9,164.09,213.74,126.18,167.53,161.4
2021-12-30,157.39,166.4,189.54,177.42,146.27,145.86,174.85,105.38,151.4,155.05,168.32,160.18,159.12,140.04,148.58,142.15,146.76,161.7,136.64,135.99,227.64,176.71,174.45,153.42,176.33,150.99,168.97,197.38,188.74,146.67,175.5,188.06,161.6,190.22,190.24,175.11,178.66,187.1,169.52,194.0,173.7,138.54,134.96,180.03,164.13,213.59,126.47,167.59,160.31
2021-12-31,157.36,166.59,189.59,177.3,146.38,144.94,174.73,105.26,151.53,155.18,168.18,160.18,159.2,140.18,148.57,142.06,146.74,161.12,136.58,136.49,227.32,176.64,174.4,153.25,176.39,150.95,168.82,197.44,188.71,146.57,175.39,187.89,161.48,190.37,190.37,175.56,178.44,186.61,170.18,193.84,173.53,138.22,134.9,180.01,164.07,213.39,126.49,167.67,159.2
2022-01-01,157.27,167.6,189.64,177.12,146.5,143.9,174.52,105.29,151.66,155.3,167.89,160.15,159.3,140.49,148.55,142.14,146.7,160.48,136.56,136.62,226.91,176.39,174.2,153.01,177.08,150.83,168.59,197.44,188.57,146.45,175.37,187.67,161.37,190.15,190.08,175.66,178.4,185.51,170.59,193.68,173.34,137.99,134.84,179.65,163.83,212.99,126.51,167.72,158.05
2022-01-02,157.1,167.5,189.47,176.79,146.35,142.81,174.44,105.33,151.59,155.32,167.44,160.09,159.16,140.69,148.42,142.43,146.56,159.79,136.47,135.52,226.47,176.14,174.02,152.66,177.31,150.59,168.28,197.16,188.4,146.3,175.35,187.39,161.24,189.83,189.56,175.61,178.11,184.79,170.75,193.31,172.97,137.75,134.71,179.34,164.53,212.43,126.52,167.8,156.78
2022-01-03,156.8,164.33,189.19,176.33,145.97,141.49,174.27,105.24,151.41,155.06,166.87,159.83,158.91,140.41,148.31,142.52,146.38,158.82,136.32,135.19,225.91,175.99,173.77,152.08,177.43,150.32,167.9,196.59,187.93,146.11,175.24,187.27,161.16,189.49,188.98,175.37,177.71,184.51,170.82,192.74,172.57,137.54,134.46,178.99,164.14,211.9,126.44,167.04,155.43
2022-01-04,156.57,161.37,188.82,175.98,145.75,140.24,173.94,105.17,151.45,154.99,166.52,159.6,158.76,140.06,148.16,142.57,146.29,157.93,136.19,134.78,225.23,175.53,173.49,151.73,177.58,149.98,167.58,196.23,187.58,145.86,174.35,187.11,160.83,189.31,188.49,175.31,177.88,183.62,170.8,192.25,172.12,137.4,134.07,178.41,163.91,210.86,126.29,166.27,154.42
2022-01-05,156.41,159.53,188.66,175.68,145.66,138.94,173.79,105.11,151.57,154.76,166.21,159.36,158.66,139.45,148.04,142.65,146.11,157.71,136.11,135.17,224.86,175.15,173.11,151.46,178.08,149.71,167.58,195.93,187.31,145.58,174.12,186.93,160.22,189.13,188.11,175.35,177.81,182.53,170.6,192.0,171.78,137.21,133.79,178.12,165.29,210.38,126.35,165.9,153.31
2022-01-06,156.33,159.14,188.56,175.57,145.54,138.54,173.57,105.12,152.07,154.54,165.83,159.12,158.52,139.06,147.93,142.97,146.26,157.6,136.0,133.83,224.32,174.8,172.81,151.3,178.57,149.51,167.5,195.77,186.85,145.4,173.84,186.63,159.52,189.58,188.09,175.48,178.3,182.49,170.75,191.56,171.43,137.05,133.61,177.64,166.69,210.05,126.47,165.57,153.32
2022-01-07,156.23,157.81,188.6,175.61,145.51,138.2,173.81,105.04,152.47,154.37,165.59,159.11,158.4,138.94,147.78,142.33,146.51,157.63,135.94,133.61,224.2,174.61,172.77,151.41,178.8,149.4,167.73,195.87,186.55,144.9,174.0,186.38,159.07,190.0,187.74,175.26,178.45,182.7,170.26,191.54,171.25,136.78,133.36,177.44,168.11,209.99,126.69,165.3,153.16
2022-01-08,156.13,159.82,188.27,175.48,145.38,137.82,173.34,104.88,152.91,153.99,165.37,159.08,158.2,138.69,147.69,142.24,146.53,157.21,135.93,133.15,223.6,174.16,172.51,151.38,178.24,149.2,167.32,195.78,186.08,144.85,173.75,185.78,158.18,190.26,187.58,175.14,178.54,182.79,169.66,191.24,170.93,136.86,133.18,176.79,169.7,209.73,126.84,164.78,153.17
2022-01-09,156.27,160.99,188.47,175.64,145.59,137.96,173.33,104.7,153.39,153.9,165.34,159.1,158.26,138.3,147.55,141.92,146.73,157.38,135.97,133.56,223.61,174.2,172.74,151.53,178.64,149.36,167.37,196.55,186.03,145.02,173.82,185.72,157.75,190.86,187.77,175.27,178.68,182.9,169.62,191.39,171.07,136.93,133.22,176.76,171.83,210.38,126.96,164.21,153.3
2022-01-10,156.43,163.65,188.54,175.77,145.85,138.16,173.67,104.54,153.63,153.88,165.34,159.19,158.34,138.17,147.24,141.73,146.85,157.59,136.05,133.3,223.72,174.29,172.98,151.84,179.0,149.44,167.28,197.45,186.1,145.3,174.13,185.65,157.26,191.47,187.96,175.34,178.83,182.7,169.36,191.49,171.23,136.83,133.28,176.64,173.72,211.16,127.2,164.16,153.47
2022-01-11,156.4,166.21,188.29,175.73,145.99,138.2,173.82,104.21,153.9,153.65,165.23,159.15,158.31,138.02,146.66,141.38,146.95,157.72,136.11,133.06,223.71,174.23,173.17,151.9,178.78,149.47,166.99,198.22,185.97,145.46,174.29,185.33,156.73,191.78,187.73,175.05,178.98,182.71,169.09,191.47,171.17,136.78,133.19,176.47,175.37,211.87,127.4,163.88,153.38
2022-01-12,156.41,168.31,188.06,175.78,145.91,138.41,173.96,103.97,153.94,153.69,165.13,159.14,158.32,138.2,145.61,140.84,147.09,157.9,136.07,132.93,223.9,174.41,173.4,152.03,178.5,149.55,166.61,198.79,185.97,145.47,174.42,185.35,156.43,192.29,187.84,175.01,179.28,183.02,169.01,191.43,171.23,136.73,133.18,176.4,175.38,212.62,127.48,163.88,153.35
2022-01-13,156.42,169.42,187.93,175.8,146.0,138.53,174.35,103.6,153.81,153.86,165.15,159.23,158.37,138.24,145.39,140.51,147.05,158.34,136.0,132.78,224.56,174.57,173.84,152.17,178.1,149.72,166.4,199.37,186.07,145.41,174.73,185.69,156.44,192.01,187.94,175.02,179.5,182.14,168.66,191.6,171.42,136.52,133.23,176.63,175.68,213.61,127.56,164.57,153.49
2022-01-14,156.13,171.4,187.66,175.54,146.15,138.57,174.4,103.42,153.53,153.82,165.02,159.16,158.07,137.94,145.16,141.18,146.63,158.38,135.52,132.05,224.7,174.44,173.7,152.07,177.92,149.68,165.84,199.64,185.93,145.31,174.4,185.63,156.14,190.97,186.88,174.12,179.25,180.83,167.87,191.41,171.27,136.27,133.11,176.2,176.11,214.08,127.66,165.04,153.88
2022-01-15,156.28,170.33,187.98,175.85,146.49,139.13,175.25,103.47,153.3,154.18,165.09,159.23,158.33,137.85,144.89,141.09,146.54,159.06,135.34,132.1,225.82,175.16,174.36,152.33,178.33,150.06,166.33,200.42,186.27,145.29,174.78,186.51,156.66,191.01,187.01,174.2,179.5,178.72,167.88,191.78,171.79,135.85,133.29,176.87,176.92,215.47,127.84,167.06,154.3
2022-01-16,156.18,170.6,187.99,175.94,146.67,139.01,175.72,103.32,153.17,154.3,165.03,159.13,158.31,138.02,144.85,140.92,146.29,159.14,135.09,132.18,226.49,175.5,174.7,152.39,178.21,150.03,166.46,200.6,186.24,145.07,174.83,187.0,156.81,190.78,186.99,174.2,179.67,176.53,167.61,191.86,172.0,135.42,133.27,176.99,175.24,216.13,127.96,168.89,154.71
2022-01-17,156.1,171.98,188.24,176.05,146.79,138.94,176.08,103.23,153.13,154.49,164.94,159.1,158.33,137.8,144.34,140.84,146.32,159.42,134.84,132.26,227.09,175.74,175.12,152.43,177.89,149.92,166.68,200.67,186.38,144.74,174.73,187.44,156.88,190.52,186.97,174.72,179.78,174.41,167.54,191.99,172.2,135.05,133.27,177.13,173.79,216.62,127.94,169.91,155.11
2022-01-18,156.1,172.69,188.53,176.18,147.06,139.24,176.58,103.31,152.88,154.74,164.87,158.96,158.29,137.66,144.06,140.78,146.36,159.67,134.49,131.7,227.87,176.2,175.55,152.46,177.97,149.98,166.91,200.39,186.33,144.55,174.8,188.09,157.21,190.42,187.32,175.21,179.64,172.32,167.65,192.1,172.58,134.72,133.35,177.24,174.21,217.34,128.01,170.39,155.53
2022-01-19,156.14,172.91,188.97,176.29,147.39,139.47,176.95,103.35,152.59,155.07,164.85,158.96,158.26,137.65,144.25,140.89,146.44,160.0,134.22,131.72,228.38,176.42,176.23,152.54,177.67,150.11,167.23,200.33,186.27,144.58,174.91,188.64,157.69,190.07,187.48,175.79,179.7,170.06,167.71,192.14,172.99,134.47,133.37,177.15,174.23,218.02,128.03,170.62,155.81
2022-01-20,156.12,173.04,189.31,176.34,147.55,139.65,177.07,103.48,152.37,155.2,164.72,158.94,158.26,137.42,143.77,140.97,146.56,160.07,133.96,132.31,228.77,176.82,176.7,152.34,177.31,150.16,167.41,200.05,186.14,144.6,175.14,189.23,158.04,190.14,187.58,176.26,179.62,168.57,167.94,192.14,173.18,134.19,133.3,177.22,173.86,218.53,127.99,170.19,156.01
2022-01-21,156.49,173.54,189.94,176.68,147.75,140.01,176.96,103.49,152.29,155.61,164.76,159.07,158.64,137.33,143.32,141.03,146.83,160.41,134.09,132.33,229.58,177.54,177.99,152.51,176.95,150.32,167.98,200.23,186.64,145.13,175.83,190.32,158.75,190.97,188.67,177.44,179.96,167.23,168.75,192.32,173.83,134.3,133.63,177.86,171.76,219.34,127.95,170.39,156.08
2022-01-22,156.36,174.15,189.91,176.6,147.83,140.04,176.52,103.3,152.26,155.66,164.68,159.04,158.61,137.2,142.84,141.03,147.01,160.28,133.91,132.18,229.92,177.48,178.46,152.33,176.15,150.21,167.99,199.41,186.79,145.08,176.17,190.57,158.81,190.92,188.64,177.41,179.85,166.85,169.07,192.1,173.87,134.13,133.58,177.84,169.41,219.34,128.21,168.99,156.1
2022-01-23,156.38,174.31,190.27,176.74,147.94,140.46,176.3,103.49,152.32,155.9,164.66,159.22,158.69,137.16,142.26,141.1,147.25,160.34,133.82,131.52,230.27,177.57,178.88,152.32,175.59,150.28,168.29,199.25,186.96,145.12,176.43,191.04,159.03,191.04,188.65,177.49,179.84,166.52,169.41,192.03,174.12,134.07,133.65,177.99,169.42,219.61,128.56,167.72,156.19
2022-01-24,156.41,173.31,190.71,176.93,148.08,140.88,176.14,103.53,152.38,156.05,164.66,159.28,158.75,137.26,142.11,141.08,147.47,160.3,133.76,131.56,230.73,177.93,179.18,152.27,174.89,150.63,168.66,199.06,187.04,145.25,176.89,191.53,159.55,191.18,188.62,177.09,179.88,166.51,169.65,192.0,174.4,134.04,133.75,178.03,169.33,220.06,128.86,167.12,156.15
2022-01-25,156.49,173.84,191.24,177.12,148.23,141.02,175.86,103.57,152.52,156.29,164.59,159.54,158.94,137.33,142.11,141.09,147.72,160.46,133.82,131.45,231.2,178.33,179.59,152.27,174.35,150.88,169.11,199.34,187.43,145.39,177.44,192.19,159.8,191.28,188.6,177.04,180.04,166.68,169.95,192.12,174.67,134.0,133.82,178.24,167.29,220.53,129.21,167.28,156.18
2022-01-26,156.52,174.78,191.61,177.31,148.45,141.03,175.63,103.67,152.64,156.32,164.49,159.67,159.04,137.5,142.12,141.07,147.91,160.65,133.89,130.74,231.68,178.77,179.91,152.17,174.1,151.11,169.56,199.44,187.68,145.48,177.97,192.83,160.03,191.55,188.48,176.82,179.99,167.13,170.16,192.31,174.83,134.01,133.83,178.59,165.61,220.94,129.66,167.7,156.3
2022-01-27,156.61,175.74,192.09,177.58,148.9,141.18,175.54,103.78,152.75,156.46,164.45,159.91,159.13,137.87,142.05,141.03,147.94,160.91,134.03,130.09,232.22,179.25,180.38,152.35,173.75,151.4,170.23,199.91,188.05,145.64,178.41,193.2,160.39,191.57,188.26,176.45,180.05,167.51,170.26,192.64,175.16,134.23,133.93,178.7,164.14,221.44,130.17,167.79,156.37
2022-01-28,156.74,176.25,192.53,177.91,149.36,141.39,175.86,103.96,152.92,156.57,164.43,160.23,159.27,138.19,141.98,141.06,148.16,161.19,134.19,130.16,232.78,179.93,180.61,152.47,173.33,151.81,170.99,200.32,188.2,145.85,178.76,193.39,160.74,191.47,188.15,176.07,180.15,167.95,170.35,193.04,175.42,134.35,134.08,178.79,164.48,222.13,130.71,167.23,156.47
2022-01-29,157.0,176.47,193.66,178.43,150.07,141.75,176.43,104.19,153.14,156.89,164.43,160.68,159.47,138.54,141.91,141.21,148.36,161.82,134.36,130.29,233.51,181.07,181.3,152.78,173.53,152.37,172.09,201.89,188.49,146.14,179.23,193.84,161.62,191.32,188.03,175.73,180.25,168.36,170.4,193.75,175.91,134.47,134.34,179.0,164.81,223.23,130.95,166.59,156.54
2022-01-30,157.24,177.15,194.56,178.92,150.84,142.15,176.94,104.34,153.38,157.2,164.45,161.04,159.72,138.84,141.84,141.34,148.52,162.41,134.46,130.39,234.36,182.1,182.05,153.05,173.74,152.93,172.99,202.73,188.8,146.37,180.01,194.26,162.39,191.11,188.04,175.47,180.46,168.84,170.56,194.45,176.28,134.69,134.57,179.25,165.03,224.05,131.22,165.91,156.63
2022-01-31,157.39,178.03,195.26,179.36,151.6,142.41,177.29,104.39,153.56,157.48,164.48,161.41,159.93,139.17,141.88,141.4,148.41,162.97,134.54,129.7,234.96,182.66,182.74,153.27,174.2,153.34,173.41,203.82,188.96,146.38,180.33,194.4,162.83,190.97,188.14,175.15,180.67,168.9,170.66,195.13,176.55,134.7,134.68,179.64,165.16,224.49,131.37,165.27,156.87
2022-02-01,157.52,177.97,196.15,179.77,152.19,142.79,177.75,104.64,153.72,157.72,164.55,161.76,160.16,139.33,141.62,141.2,148.33,163.32,134.72,130.39,235.57,183.29,183.32,153.52,174.33,153.64,174.16,204.36,188.99,146.35,180.9,194.52,163.37,190.72,188.17,174.88,180.83,168.95,170.56,195.7,176.88,134.71,134.78,179.81,165.27,225.17,131.73,164.63,157.14
2022-02-02,157.72,178.07,197.32,180.24,152.89,143.41,178.28,104.65,154.17,158.06,164.66,162.23,160.51,139.42,141.42,141.39,148.58,163.68,134.95,130.4,236.11,183.79,183.85,153.89,174.65,153.85,174.87,205.95,189.03,146.36,181.45,194.56,164.01,190.45,188.23,174.43,180.96,168.68,170.59,196.29,177.28,134.62,135.03,180.08,165.34,225.87,131.95,163.91,157.5
2022-02-03,157.92,178.2,198.13,180.68,153.6,143.97,178.67,104.56,154.58,158.46,164.7,162.58,160.8,139.47,141.34,141.55,148.95,164.11,135.1,131.07,236.49,184.33,184.32,154.13,174.84,154.06,175.26,206.89,188.98,146.27,181.96,194.74,164.72,190.41,188.33,174.24,181.22,168.37,170.67,196.91,177.69,134.51,135.21,180.45,165.49,226.49,132.14,163.44,157.87
2022-02-04,158.09,178.31,198.57,181.02,154.21,144.31,178.82,104.4,154.9,158.83,164.68,162.83,161.0,139.54,141.55,141.88,149.04,164.48,135.33,131.12,236.75,184.54,184.67,154.39,175.13,154.21,175.48,207.94,188.83,146.16,182.29,194.83,165.45,190.37,188.47,174.25,181.55,168.14,170.77,197.49,178.22,134.47,135.31,180.8,165.63,226.86,132.33,163.05,158.32
2022-02-05,158.23,178.54,199.02,181.28,154.88,144.63,178.75,104.27,154.84,159.22,164.63,162.9,161.24,139.55,141.67,142.17,149.18,164.69,135.62,131.08,236.99,184.85,185.03,154.24,174.94,154.21,175.68,208.9,188.7,146.12,182.55,195.02,166.16,190.4,188.65,174.46,181.86,167.94,170.97,197.98,178.74,134.4,135.33,181.37,165.73,227.12,132.51,162.91,158.8
2022-02-06,158.31,178.41,199.24,181.4,155.36,144.76,178.08,104.07,154.76,159.47,164.55,163.11,161.39,139.52,141.78,142.49,149.3,164.67,135.85,131.75,237.01,185.06,185.17,154.06,174.59,154.16,175.73,210.08,188.54,146.08,182.68,195.05,166.72,190.31,188.65,174.44,181.89,167.72,170.93,198.46,179.16,134.1,135.28,181.73,165.9,227.32,132.64,162.72,159.17
2022-02-07,158.34,177.8,199.6,181.61,155.91,145.1,178.06,104.03,154.77,159.89,164.51,163.34,161.54,139.48,141.94,141.84,149.45,164.72,136.08,132.55,237.12,185.57,185.42,153.95,174.22,154.25,176.1,211.05,188.34,145.73,183.17,195.43,167.57,190.15,188.64,174.44,181.93,167.56,171.07,198.87,179.67,133.44,135.11,182.02,166.05,227.94,132.96,162.46,159.31
2022-02-08,158.42,178.01,199.67,181.8,156.37,145.22,177.9,103.73,154.75,160.17,164.46,163.48,161.61,139.5,142.22,142.43,149.72,164.72,136.17,132.58,236.95,185.18,185.69,153.71,174.07,154.22,175.62,212.3,188.29,145.79,182.87,195.1,167.99,190.04,188.6,174.43,182.03,167.47,171.16,199.25,179.96,133.12,135.26,182.26,166.15,227.55,132.94,162.32,159.3
2022-02-09,158.54,178.5,199.64,182.05,156.78,145.5,177.98,103.68,154.7,160.49,164.51,163.67,161.75,139.58,142.66,142.5,149.78,164.73,136.22,133.34,237.22,185.51,185.91,153.47,173.83,154.39,175.59,212.89,188.34,145.95,182.99,195.26,168.46,190.1,188.54,174.48,182.31,167.51,171.45,199.74,180.47,132.85,135.34,182.65,166.37,227.79,132.98,162.23,159.32
2022-02-10,158.7,178.84,200.02,182.33,157.11,145.69,178.25,103.89,154.75,160.8,164.58,163.94,161.91,139.73,142.98,142.62,149.85,164.75,136.36,133.39,237.7,185.67,185.92,153.32,173.77,154.56,175.85,213.63,188.5,146.25,183.13,195.19,168.79,189.99,188.44,174.48,182.55,167.33,171.63,200.2,180.86,132.61,135.32,182.94,166.57,227.93,132.96,162.03,159.37
2022-02-11,158.85,179.07,200.66,182.69,157.46,146.12,178.72,104.19,154.91,161.18,164.78,164.17,162.05,139.78,143.2,142.55,150.22,164.74,136.3,134.2,238.08,185.81,185.71,153.12,173.59,154.68,176.26,214.4,188.78,146.51,183.42,195.44,168.94,189.87,188.42,174.45,182.67,167.16,171.78,200.63,181.0,132.29,135.28,183.41,166.72,228.11,132.97,162.11,159.42
2022-02-12,159.04,179.36,201.06,183.05,157.49,146.4,179.51,104.5,155.35,161.54,164.96,164.58,162.11,139.9,143.53,142.46,150.54,164.92,136.2,134.38,238.34,185.6,185.48,153.23,173.58,154.82,176.55,214.69,188.92,146.67,183.67,195.58,169.09,189.43,188.33,174.49,182.69,167.78,171.74,200.91,181.16,132.22,135.25,183.7,167.01,228.31,132.98,162.18,159.2
2022-02-13,159.16,179.62,201.38,183.29,157.56,146.68,180.66,104.79,155.68,161.81,165.15,164.78,162.13,139.92,143.81,142.28,150.62,165.19,136.15,134.57,238.44,185.39,185.33,153.26,173.44,154.79,176.71,214.99,188.94,146.78,183.69,195.59,169.21,188.86,188.25,174.53,182.8,168.37,171.74,201.02,181.33,132.26,135.13,183.92,167.18,228.5,132.96,162.27,158.96
2022-02-14,159.31,180.65,201.6,183.37,157.53,146.75,181.17,105.1,155.93,161.98,165.23,164.91,162.08,139.89,143.92,142.96,150.75,165.41,136.01,134.69,238.58,185.14,185.13,153.23,173.46,154.55,176.85,215.2,189.01,147.33,183.57,195.53,169.14,188.25,188.11,174.55,182.82,169.04,171.56,201.06,181.43,132.75,135.21,183.95,167.35,228.54,132.91,162.34,158.89
2022-02-15,159.46,180.71,201.88,183.49,157.67,146.98,181.74,105.49,156.29,162.31,165.35,165.21,162.05,140.64,144.31,142.69,150.79,165.86,135.95,134.9,238.73,185.05,184.85,153.4,173.3,154.34,177.27,215.27,189.09,147.53,183.65,195.42,169.33,188.06,188.14,174.58,182.65,169.67,171.63,201.28,181.57,132.94,135.0,184.19,167.58,228.61,132.83,162.35,158.9
2022-02-16,159.59,180.42,202.12,183.52,157.88,147.24,182.1,105.82,156.6,162.67,165.4,165.41,162.02,141.41,144.59,142.69,150.78,166.26,136.0,135.21,239.07,184.96,184.64,153.53,173.12,154.11,177.64,215.23,189.13,147.67,183.6,195.35,169.37,187.5,188.1,174.6,182.72,170.69,171.45,201.43,181.5,133.11,134.78,184.52,167.68,228.7,132.77,162.34,158.79
2022-02-17,159.64,180.91,202.23,183.5,158.1,147.52,182.52,106.04,156.82,163.11,165.45,165.52,162.07,141.35,144.94,142.58,150.77,166.63,136.02,135.03,239.08,184.96,184.71,153.63,172.95,154.04,177.91,215.15,189.04,147.73,183.68,195.69,169.48,186.9,188.08,174.56,182.66,171.84,171.41,201.56,181.62,133.24,134.69,185.05,167.73,228.96,132.79,162.4,158.6
2022-02-18,159.7,181.75,202.31,183.36,158.3,147.71,182.93,106.19,156.98,163.44,165.47,165.72,162.29,141.45,145.09,142.43,150.7,167.16,136.13,135.14,239.12,185.11,184.89,153.82,172.92,153.89,177.98,214.98,188.79,147.71,183.76,196.07,169.31,186.59,187.96,174.72,182.73,172.83,171.7,201.62,181.84,133.39,134.61,185.4,167.87,229.38,132.65,162.42,158.38
2022-02-19,159.6,182.39,202.11,183.02,158.3,147.51,182.9,106.31,157.23,163.55,165.42,165.77,162.49,141.25,145.32,142.12,150.69,167.05,136.14,135.86,238.8,185.01,184.54,153.76,172.28,153.46,177.71,214.63,188.43,147.59,183.41,195.85,168.95,186.43,187.73,174.77,182.91,172.97,172.16,201.32,181.73,133.3,134.33,184.98,167.81,229.27,132.57,162.47,158.52
2022-02-20,159.76,183.61,202.39,183.09,158.69,147.84,183.8,106.42,157.43,164.04,165.5,166.02,162.91,141.3,145.62,142.0,150.93,167.62,136.18,135.89,239.41,185.48,184.91,154.06,172.27,153.59,178.12,214.69,188.56,147.63,183.65,196.56,169.28,186.73,187.67,174.97,183.11,173.22,172.81,201.65,182.09,133.19,134.46,185.14,167.88,229.84,132.62,162.61,158.72
2022-02-21,160.0,185.13,202.68,183.32,159.16,148.26,184.63,106.52,157.69,164.48,165.66,166.39,163.48,141.37,145.96,141.91,151.12,168.17,136.27,135.83,240.06,186.0,185.33,154.45,172.21,153.93,178.68,214.89,188.73,147.78,184.01,197.39,169.79,187.18,187.74,175.23,183.4,173.19,173.61,201.94,182.45,133.0,134.59,185.84,168.02,230.38,132.66,162.83,158.96
2022-02-22,159.99,185.87,202.8,183.28,159.41,148.52,185.09,106.59,157.57,164.72,165.57,166.57,163.73,140.58,145.98,141.77,151.28,168.66,136.23,135.82,240.47,186.4,185.84,154.56,172.22,154.19,179.12,215.09,188.69,147.82,184.41,198.37,170.04,186.45,186.93,174.72,183.64,172.72,173.99,201.99,182.75,132.65,134.7,186.37,167.98,231.32,132.79,162.89,159.11
2022-02-23,159.97,186.22,202.9,183.2,159.4,148.48,185.52,106.63,157.47,164.98,165.51,166.7,163.73,139.7,145.98,141.56,151.46,168.94,136.21,135.67,240.66,186.79,186.16,154.66,172.16,154.44,179.28,215.15,188.44,147.89,184.7,198.89,170.66,186.51,186.77,174.8,183.71,171.69,174.53,201.88,183.01,132.24,134.76,186.6,167.82,231.87,133.06,163.03,159.26
2022-02-24,160.09,185.37,203.13,183.28,159.5,148.39,185.81,106.61,157.47,164.97,165.65,166.86,163.73,139.7,146.08,141.38,151.43,169.2,136.23,135.65,241.07,187.2,186.48,154.81,172.09,154.56,179.51,215.66,188.33,148.01,184.81,199.48,170.88,186.65,186.7,174.99,183.87,171.95,175.0,201.76,183.16,132.03,134.95,186.71,167.87,232.32,133.1,163.3,159.58
2022-02-25,160.18,183.9,203.32,183.34,159.61,148.37,186.15,106.61,157.51,165.14,165.84,166.95,163.65,139.65,146.18,141.14,151.58,169.39,136.32,135.21,241.55,187.5,186.95,154.8,171.95,154.71,179.82,215.38,188.34,148.2,184.94,199.83,171.34,186.6,186.6,174.9,183.91,171.19,175.29,201.58,183.34,131.78,135.04,186.85,167.85,232.61,133.33,163.53,159.82
2022-02-26,160.47,182.68,204.09,183.71,160.42,148.8,186.98,106.61,157.4,165.9,166.15,167.26,163.7,139.91,146.4,141.11,151.76,170.32,136.44,135.8,242.65,188.44,188.29,155.19,172.66,155.27,180.66,215.59,188.58,148.49,185.66,200.8,172.12,186.91,186.77,175.1,184.02,170.51,175.56,202.11,183.93,131.5,135.33,188.1,167.99,233.39,133.43,163.86,160.02
2022-02-27,160.46,180.84,204.46,183.65,160.85,148.82,186.65,106.61,157.28,166.27,166.17,167.27,163.39,139.87,146.54,140.76,151.78,170.61,136.51,135.97,242.88,188.57,188.52,155.14,172.8,155.33,180.81,215.34,188.35,148.56,185.81,200.79,172.28,186.85,186.73,175.16,184.03,169.56,175.59,201.79,183.94,131.08,135.22,188.74,167.76,233.52,133.19,163.94,160.28
2022-02-28,160.4,178.69,204.88,183.49,161.31,148.93,186.5,106.67,157.07,166.67,166.18,167.21,162.96,139.86,145.74,140.62,151.77,170.91,136.58,135.77,243.12,188.88,189.11,155.01,172.9,155.33,180.91,215.19,188.13,148.52,185.95,200.74,172.27,186.61,186.61,175.16,183.93,168.89,175.53,201.55,183.99,130.81,135.13,189.08,167.58,233.84,133.14,163.97,160.47
2022-03-01,160.4,178.01,205.31,183.67,161.81,148.9,186.25,106.96,157.39,167.37,166.46,167.29,162.81,139.84,145.28,140.73,151.73,171.15,136.83,136.61,243.27,188.64,189.11,155.11,172.93,155.37,180.64,215.24,187.94,148.31,185.63,200.29,172.3,187.26,187.29,175.93,183.96,168.49,175.82,201.44,183.93,130.57,135.04,189.26,167.56,233.53,133.18,164.32,160.81
2022-03-02,160.4,177.78,205.71,183.89,162.78,149.04,186.33,107.21,157.49,167.78,166.72,167.35,162.86,139.85,144.47,140.57,151.69,171.52,136.86,137.35,243.28,188.92,189.47,155.1,173.08,155.46,180.87,215.35,187.95,148.16,185.63,200.08,172.09,187.19,187.26,175.78,183.93,168.18,175.8,201.57,184.03,130.43,134.99,189.6,167.54,233.4,133.11,164.46,161.05
2022-03-03,160.33,178.22,205.95,183.93,163.61,149.06,186.31,107.4,157.47,168.36,167.02,167.45,162.87,139.79,143.65,140.64,151.82,171.63,136.91,138.59,243.19,188.93,189.52,154.97,173.16,155.43,181.01,215.44,187.88,147.8,185.58,199.53,172.11,187.08,187.24,175.66,183.9,166.65,175.81,201.63,184.12,130.18,134.78,189.84,167.38,233.06,133.23,164.62,161.23
2022-03-04,160.32,179.05,206.23,184.05,164.39,149.01,186.18,107.64,157.39,168.72,167.32,167.48,162.8,139.71,142.7,140.85,151.74,171.99,137.03,139.64,242.98,189.07,189.58,154.95,173.25,155.42,180.96,215.99,187.8,147.72,185.5,199.14,171.97,186.94,187.09,175.51,183.88,166.27,175.63,201.68,184.04,129.98,134.63,189.83,167.21,232.83,133.27,164.72,161.45
2022-03-05,160.17,179.47,206.03,183.99,164.23,148.79,185.58,107.83,157.63,168.36,167.67,167.51,162.64,139.48,142.62,140.92,151.65,171.75,137.09,139.64,242.44,188.74,188.85,154.71,172.82,155.12,180.72,216.47,187.57,147.42,185.07,198.51,171.42,186.77,186.85,175.31,183.97,165.93,175.48,201.22,183.57,129.9,134.34,188.99,167.04,232.25,133.4,164.85,161.61
2022-03-06,160.2,179.9,206.17,184.15,164.31,148.82,185.55,108.09,157.93,168.24,168.25,167.63,162.67,139.5,142.56,141.28,151.76,171.86,137.2,140.32,242.19,188.97,188.94,154.66,172.85,155.08,180.85,217.0,187.49,147.16,184.97,198.43,171.1,186.76,186.71,175.12,184.18,165.77,175.48,201.28,183.39,129.81,134.24,188.57,167.11,231.99,133.81,165.07,161.68
2022-03-07,160.06,179.44,206.28,184.32,164.35,148.76,185.32,108.09,158.23,168.1,168.7,167.67,162.73,139.54,143.39,140.39,151.84,171.97,137.29,141.58,242.1,188.96,188.59,154.65,172.8,155.02,180.78,217.61,187.37,146.4,184.88,198.3,170.82,186.84,186.63,174.92,184.32,165.5,175.69,201.41,183.22,129.13,133.85,187.95,167.12,231.45,134.02,165.29,161.77
2022-03-08,160.15,179.33,206.6,184.34,164.46,148.77,185.33,107.87,158.37,167.78,169.13,167.77,162.87,139.69,144.1,140.18,151.96,172.09,137.3,141.79,242.31,190.07,188.85,154.65,173.19,155.12,181.48,218.28,187.38,146.31,185.24,198.84,170.7,186.92,186.6,174.7,184.62,164.65,175.65,201.52,183.31,129.16,133.43,187.58,167.09,231.79,134.28,165.48,161.79
2022-03-09,160.24,179.41,206.81,184.4,164.38,148.86,184.94,107.81,158.59,167.76,169.69,167.91,162.98,139.85,145.16,140.02,152.09,172.36,137.44,142.14,242.28,190.22,189.19,154.7,173.49,155.03,181.49,218.35,187.44,146.2,185.22,199.28,170.63,186.95,186.56,174.76,184.68,163.87,175.72,201.49,183.43,129.28,133.21,187.1,167.42,231.91,134.63,165.74,162.04
2022-03-10,160.25,179.34,206.9,184.26,164.16,149.07,184.64,107.58,158.58,167.48,169.94,167.94,163.02,139.89,146.0,139.4,152.33,172.54,137.51,142.26,242.23,190.34,189.61,154.75,174.41,154.99,181.35,218.56,187.53,146.21,185.2,199.62,170.27,186.75,185.92,174.27,184.5,162.86,175.28,201.35,183.54,129.47,132.94,186.49,167.5,232.07,134.96,165.75,161.97
2022-03-11,160.26,179.36,207.23,184.05,164.06,149.28,184.48,107.07,158.55,167.38,170.05,168.07,163.13,139.89,147.0,138.7,152.52,172.62,137.52,142.39,242.25,190.39,190.01,154.74,175.38,155.02,181.4,219.02,187.39,146.11,185.05,200.03,170.16,186.63,185.58,173.99,184.5,161.99,174.93,201.32,183.9,129.74,132.7,185.97,167.68,232.19,135.25,165.52,161.97
2022-03-12,160.36,179.66,207.89,183.94,164.49,149.53,184.23,106.67,158.3,167.63,170.2,168.23,163.27,140.04,147.0,138.15,152.43,173.17,137.6,141.98,242.25,190.68,190.83,154.89,176.62,155.3,181.49,219.15,187.4,146.29,185.14,200.52,170.13,186.48,185.31,173.65,184.4,162.34,174.84,201.58,184.63,130.01,132.62,185.84,167.71,232.6,135.54,165.24,161.98
2022-03-13,160.36,180.07,208.29,183.69,164.66,149.65,183.81,106.23,158.04,167.67,170.31,168.34,163.42,140.09,146.98,137.49,152.38,173.28,137.66,142.2,242.01,190.58,191.17,154.92,177.44,155.24,181.2,218.8,187.24,146.57,184.95,200.59,169.86,186.29,185.08,173.39,184.26,162.76,174.62,201.56,185.05,130.33,132.43,185.41,167.72,232.62,135.83,165.03,162.01
2022-03-14,160.49,181.31,208.54,183.45,164.67,149.7,183.07,106.04,157.87,167.86,170.46,168.58,163.54,140.01,147.04,137.92,152.5,173.33,137.74,141.61,241.63,190.48,191.37,154.92,178.31,155.18,181.04,218.11,187.12,147.35,184.79,200.57,169.52,186.1,184.85,173.17,184.19,163.25,174.39,201.56,185.42,131.18,132.49,185.28,167.67,232.69,136.1,164.86,162.12
2022-03-15,160.44,181.12,208.85,183.24,164.62,149.77,182.69,105.83,157.83,168.12,170.58,168.81,163.66,139.87,147.11,137.51,152.6,173.58,137.81,141.18,240.98,189.61,191.28,154.78,178.61,155.0,180.63,217.47,186.94,147.52,184.61,200.05,169.08,185.67,184.43,172.8,184.25,164.31,174.14,201.58,185.71,131.45,132.51,184.8,167.69,231.67,136.3,164.63,162.12
2022-03-16,160.46,180.53,209.45,183.11,164.61,149.84,182.61,105.41,157.92,168.06,170.61,169.17,163.82,139.9,147.1,137.38,152.63,173.67,137.97,140.78,240.89,189.49,190.92,154.82,179.0,154.96,180.53,217.06,186.6,147.72,184.45,200.01,168.77,185.48,184.15,172.57,184.45,165.35,174.21,201.71,185.92,131.59,132.52,184.04,167.64,230.48,136.49,164.61,161.84
2022-03-17,160.55,180.01,210.16,183.26,164.73,149.97,182.51,105.35,158.19,168.34,170.7,169.69,164.05,140.05,147.22,137.4,152.53,174.37,138.13,140.63,240.88,189.65,190.63,154.97,178.61,154.85,180.72,216.72,186.27,148.09,184.47,200.27,168.67,185.63,184.58,172.99,184.82,166.88,174.74,201.9,186.31,131.7,132.63,183.63,167.67,229.24,136.7,164.98,162.01
2022-03-18,160.49,179.55,210.64,183.29,164.71,150.09,182.27,105.5,158.51,168.67,170.74,170.03,164.24,140.27,147.22,137.37,152.6,174.55,138.09,140.47,240.81,189.9,190.26,155.07,178.2,154.85,180.61,216.42,185.9,148.17,184.5,200.15,168.61,185.75,184.82,173.25,184.98,168.11,175.16,201.95,186.61,131.74,132.86,183.33,167.58,227.78,136.94,165.64,161.58
2022-03-19,160.37,179.13,210.81,183.23,164.91,150.2,182.42,105.53,158.75,168.99,170.71,170.05,164.24,140.42,147.15,137.32,152.98,175.0,138.11,140.8,240.4,190.23,189.82,155.11,177.77,154.68,180.4,216.38,185.35,148.23,184.52,200.25,168.44,185.79,184.89,173.34,185.12,168.0,175.28,201.92,186.81,131.73,133.07,183.14,167.6,226.39,137.04,166.12,161.22
2022-03-20,160.28,178.43,210.92,183.27,164.95,150.26,182.54,105.55,158.89,169.19,170.54,170.11,164.27,140.41,147.07,137.24,153.03,175.54,138.14,140.94,240.23,190.68,189.55,155.22,177.3,154.76,180.28,216.53,185.09,148.24,184.47,200.56,168.59,185.63,184.8,173.35,185.31,167.85,175.35,201.8,187.25,131.73,133.26,183.05,167.65,225.27,137.16,166.59,160.92
2022-03-21,160.2,178.05,211.16,183.36,165.14,150.33,182.93,105.56,159.0,169.4,170.46,170.09,164.36,140.52,147.04,136.94,153.07,175.99,138.22,142.0,239.67,190.31,189.42,155.37,176.79,154.89,180.27,216.87,184.8,148.11,184.2,200.61,168.56,185.5,184.74,173.36,185.53,167.63,175.36,201.73,187.54,131.78,133.49,182.93,167.69,223.67,137.36,166.92,160.56
2022-03-22,160.26,178.3,211.48,183.46,165.47,150.69,183.13,105.56,159.2,169.86,170.4,170.21,164.38,140.84,146.99,136.7,153.42,176.39,138.3,141.98,239.5,190.77,189.6,155.72,176.51,155.26,180.36,217.18,184.63,148.13,184.1,201.19,168.94,185.57,184.9,173.53,185.71,167.43,175.55,201.68,187.95,131.84,133.81,183.23,167.79,223.11,137.63,167.24,160.41
2022-03-23,160.07,178.63,211.48,183.17,165.61,150.85,182.96,105.53,159.15,170.49,170.13,170.03,164.23,140.83,146.8,136.23,153.38,176.67,138.22,141.83,238.98,191.08,189.66,155.78,176.15,155.45,180.13,217.52,184.37,148.0,183.88,201.53,169.35,185.41,184.87,173.52,185.65,167.18,175.48,201.22,188.14,131.76,133.94,183.65,167.7,222.96,137.68,167.11,160.39
2022-03-24,160.07,178.6,211.72,183.13,166.01,150.97,183.22,105.48,159.35,171.37,170.19,170.07,164.22,140.93,146.87,135.81,153.7,176.63,138.3,141.68,238.83,191.3,189.96,155.96,176.15,155.87,180.25,217.67,184.22,147.84,183.77,201.76,170.12,185.33,184.67,173.4,185.76,166.76,175.53,201.11,188.53,131.77,134.24,184.04,167.94,223.1,137.89,166.86,160.16
2022-03-25,160.19,178.4,212.04,183.28,166.5,151.26,183.59,105.55,159.64,172.32,170.45,170.29,164.34,140.89,147.06,135.43,154.04,177.24,138.57,141.68,238.58,191.56,190.41,156.26,176.23,156.2,180.56,217.63,184.39,147.82,183.78,202.26,170.93,185.2,184.49,173.31,185.91,166.46,175.49,201.3,188.78,131.76,134.41,184.52,168.13,223.67,138.12,166.61,160.64
2022-03-26,160.32,178.67,212.39,183.42,166.94,151.69,183.82,105.51,159.95,173.14,170.71,170.79,164.47,140.74,147.09,134.98,154.25,177.57,138.76,141.72,238.86,191.82,190.7,156.54,176.16,156.58,180.77,217.5,184.65,147.81,183.78,202.79,171.73,184.84,184.28,173.27,185.84,166.24,175.38,201.45,189.01,131.72,134.58,184.65,168.16,224.23,138.29,166.49,160.95
2022-03-27,160.51,179.27,212.8,183.68,167.48,152.0,183.75,105.47,160.24,174.15,171.07,171.3,164.6,140.78,147.06,134.92,154.68,177.8,138.98,141.06,238.73,191.94,190.99,156.87,176.12,156.87,181.16,217.48,184.84,147.82,183.97,202.93,172.33,184.7,184.29,173.3,185.74,166.05,175.57,201.73,189.13,131.69,134.77,184.82,168.32,224.61,138.55,166.36,161.15
2022-03-28,160.65,179.43,213.02,183.8,167.62,152.06,183.66,105.39,160.47,174.77,171.26,171.74,164.69,140.77,146.97,135.04,154.97,178.18,139.15,140.19,238.67,191.95,191.09,157.08,175.96,157.04,181.11,217.11,185.02,147.94,183.99,202.79,172.8,184.49,184.23,173.35,185.6,165.96,175.57,201.85,189.16,131.68,134.9,184.91,168.48,225.02,138.89,166.36,161.31
2022-03-29,160.66,179.43,212.92,183.93,167.63,152.19,183.69,105.34,160.62,175.05,171.5,171.98,164.7,140.58,146.93,135.12,154.89,178.27,139.28,140.3,238.27,191.71,190.89,157.16,175.82,157.0,181.22,216.57,185.04,148.0,184.01,202.85,172.77,184.2,184.05,173.28,185.31,165.92,175.55,201.87,189.04,131.58,134.98,184.88,168.43,225.03,139.1,166.36,161.24
2022-03-30,161.0,179.5,213.23,184.41,168.01,152.55,184.93,105.48,160.9,175.44,171.77,172.33,164.86,140.66,147.29,134.85,155.31,178.73,139.53,140.41,238.59,191.83,191.24,157.49,176.29,157.24,181.78,216.56,185.27,148.3,184.28,203.17,172.75,183.94,183.91,173.19,185.14,166.06,175.47,202.16,189.5,131.87,135.14,185.02,168.47,225.37,139.45,166.63,161.19
2022-03-31,161.15,179.83,213.3,184.57,168.23,152.67,185.92,105.43,160.95,175.64,171.76,172.35,164.76,140.51,147.53,134.93,155.77,179.14,139.56,140.34,238.39,191.87,191.29,157.63,176.25,157.26,181.79,216.33,185.45,148.47,184.22,203.41,172.35,183.48,184.05,173.25,184.83,166.19,175.31,202.13,189.43,131.98,135.03,185.02,168.2,225.57,139.64,166.73,161.14
2022-04-01,161.11,179.66,213.35,184.72,168.56,152.69,186.44,105.25,160.76,175.59,171.64,172.26,164.53,140.42,147.71,135.49,155.73,179.2,139.56,140.43,238.2,191.92,191.15,157.65,176.18,157.25,181.78,216.04,185.42,148.63,184.11,203.29,171.85,183.24,184.39,173.35,184.4,166.12,175.46,201.89,189.44,132.14,134.82,184.97,167.96,225.62,139.83,166.9,160.94
2022-04-02,161.06,179.29,213.53,184.9,168.82,152.51,187.42,105.24,160.59,175.94,171.5,172.15,164.44,140.46,147.97,135.7,155.79,179.19,139.65,140.68,238.31,191.91,191.08,157.65,176.37,157.24,182.01,216.05,185.48,148.71,183.93,202.88,171.58,182.99,184.54,173.33,184.19,165.93,175.48,201.88,189.37,132.35,134.64,185.42,167.96,225.36,139.96,167.04,160.71
2022-04-03,160.89,178.81,213.6,184.91,168.97,152.31,188.57,105.21,160.63,176.21,171.41,171.98,164.3,140.36,148.3,135.64,155.93,178.9,139.67,141.02,238.63,191.93,190.85,157.55,176.39,157.33,182.11,215.9,185.46,148.73,183.67,202.55,171.2,182.69,184.58,173.2,183.83,165.83,175.43,201.71,189.24,132.46,134.39,185.72,167.8,225.17,140.0,167.28,160.42
2022-04-04,160.82,178.26,213.73,184.87,169.45,152.31,189.48,105.2,160.57,176.79,171.29,171.85,164.12,140.3,148.59,135.71,156.0,178.81,139.68,141.28,238.95,192.15,190.76,157.53,176.5,157.42,182.32,215.78,185.48,148.77,183.55,202.42,171.0,182.35,184.62,173.03,183.5,165.61,175.22,201.52,189.2,132.56,134.08,185.76,167.52,224.92,139.81,167.4,160.13
2022-04-05,160.81,177.73,213.69,184.79,169.91,152.1,189.84,105.23,160.49,177.01,171.16,171.66,164.02,140.18,148.8,135.67,157.0,178.59,139.57,141.17,239.43,193.19,190.95,157.49,176.66,157.64,182.66,215.81,185.39,148.8,183.58,202.38,171.27,181.86,184.51,172.81,183.08,165.28,174.76,201.26,189.32,132.51,133.81,185.86,167.3,225.54,139.62,167.49,159.97
2022-04-06,160.62,176.83,213.24,184.7,169.73,151.66,189.08,105.13,160.42,177.34,171.19,171.61,163.98,139.88,148.86,136.21,158.19,178.54,139.34,141.0,239.29,193.25,190.87,157.29,176.25,157.71,182.61,215.68,185.27,148.56,183.24,201.69,171.32,181.49,184.58,172.59,182.68,165.02,174.17,201.0,188.99,132.25,133.52,185.72,167.15,225.41,139.47,167.68,159.89
2022-04-07,160.29,175.28,212.88,184.53,169.3,151.27,188.38,105.01,160.32,177.39,171.2,171.39,163.88,139.63,148.72,135.31,158.98,178.43,139.25,140.64,238.92,193.29,190.81,157.08,176.28,157.82,182.63,215.58,184.92,148.33,182.95,201.17,171.34,181.34,184.45,172.36,182.19,164.77,173.46,200.7,188.81,131.59,133.05,185.5,169.68,225.21,139.29,167.81,159.88
2022-04-08,160.22,175.18,212.49,184.28,168.71,150.88,188.26,104.88,160.34,177.72,171.16,171.28,163.82,139.37,148.64,134.58,159.35,178.36,139.09,140.09,238.93,193.25,190.85,156.88,176.19,158.02,182.71,215.52,184.8,148.1,182.56,200.99,171.43,180.9,184.13,172.04,181.79,164.77,172.91,200.44,188.72,131.41,132.86,185.34,170.54,225.06,139.0,167.85,159.84
2022-04-09,159.88,174.33,210.25,183.65,167.67,150.35,187.02,104.76,160.27,177.23,170.86,170.89,163.54,139.11,148.66,134.14,159.42,177.69,138.87,139.21,237.78,192.57,190.32,156.67,175.19,157.84,182.18,214.64,184.11,147.86,181.82,200.3,171.19,180.27,183.79,171.63,181.29,164.58,172.3,199.39,188.25,130.91,132.27,184.6,171.16,224.78,138.81,167.78,159.83
2022-04-10,159.45,174.07,208.06,182.83,166.96,149.7,185.63,104.61,160.19,176.81,170.3,170.53,163.26,138.86,148.71,133.68,159.34,177.35,138.64,138.15,236.36,191.94,189.8,156.47,173.84,157.52,181.52,213.77,183.32,147.63,181.05,199.77,170.24,179.5,183.08,171.06,180.83,164.31,171.1,198.23,187.79,130.27,131.6,183.55,171.84,224.35,138.61,167.59,159.93
2022-04-11,159.01,174.2,205.68,182.07,166.26,149.02,184.24,104.32,160.52,176.39,169.95,170.24,163.07,138.6,148.82,133.24,159.87,176.49,138.46,137.23,235.0,191.51,189.31,156.26,172.56,157.17,180.98,213.12,182.63,147.39,180.32,199.23,169.51,178.82,182.49,170.48,180.38,164.13,170.29,197.23,187.35,129.72,130.99,182.69,172.79,223.98,138.5,167.4,160.15
2022-04-12,158.63,174.24,202.95,180.98,165.92,148.48,183.73,104.07,160.69,176.58,169.37,169.94,162.84,138.35,148.96,132.88,159.59,176.23,138.26,136.5,234.12,191.1,188.9,156.05,171.43,156.89,180.39,212.06,182.12,147.16,179.59,198.76,168.75,178.51,182.16,170.34,179.97,164.3,169.95,196.15,187.1,129.31,130.49,181.83,173.88,223.7,138.38,167.3,160.35
2022-04-13,158.29,174.59,200.51,179.94,165.9,148.16,183.49,103.97,160.91,176.55,168.97,169.43,162.66,138.09,148.14,132.49,159.14,175.62,138.28,136.12,232.92,190.69,188.41,155.85,170.4,156.55,179.78,210.02,181.73,146.92,179.07,198.53,167.76,178.01,181.75,170.06,179.72,164.4,169.82,195.11,186.87,129.02,130.13,181.31,174.94,223.51,138.35,166.96,160.48
2022-04-14,158.15,175.82,197.95,179.05,166.06,148.05,183.19,103.94,160.94,176.89,168.65,169.19,162.55,137.84,147.4,132.96,158.15,175.23,138.32,135.99,232.17,190.31,188.1,155.64,169.48,156.1,179.22,208.14,181.61,146.69,178.61,198.16,166.9,177.27,181.08,169.46,179.6,164.56,169.77,194.17,186.75,129.22,129.95,180.85,173.51,223.46,138.4,166.84,160.56
2022-04-15,157.96,175.76,195.34,178.22,166.27,147.73,182.74,104.01,161.0,176.98,168.29,168.98,162.47,137.7,146.71,133.28,157.95,174.86,138.33,135.88,231.18,189.91,187.91,155.54,168.86,155.67,178.87,206.59,181.49,146.47,178.07,197.79,166.02,176.76,180.65,169.1,179.33,164.73,169.53,193.31,186.51,128.88,129.66,180.26,173.93,223.21,138.5,166.75,160.73
2022-04-16,158.15,176.41,194.84,178.05,166.76,147.9,183.42,103.92,161.07,177.56,168.15,168.97,162.6,137.61,146.75,133.79,158.14,174.94,138.43,136.03,231.08,190.17,188.22,155.5,169.0,155.68,179.17,205.68,182.06,146.47,178.23,198.17,165.41,176.82,180.54,168.91,179.1,165.1,169.74,193.07,186.84,128.94,129.76,180.21,174.44,223.41,138.68,166.76,160.98
2022-04-17,158.49,176.92,194.31,178.07,167.05,148.23,184.16,103.88,161.12,178.19,168.23,169.07,162.74,137.51,146.85,134.39,158.31,175.46,138.61,136.34,231.16,190.34,188.69,155.52,169.51,155.83,179.58,204.97,182.71,146.45,178.32,198.52,165.51,176.91,180.7,168.9,178.95,165.22,170.25,193.06,187.24,129.22,130.0,180.55,174.93,223.86,138.86,166.87,161.24
2022-04-18,158.82,177.19,193.98,178.16,167.42,148.75,185.08,103.93,160.87,178.88,168.24,169.15,162.87,137.44,146.86,135.04,157.95,176.24,138.8,136.64,231.42,190.74,189.21,155.54,170.29,156.04,180.09,204.2,183.37,146.37,178.48,199.33,165.52,176.99,180.75,168.88,178.77,165.29,170.64,192.98,187.74,129.4,130.27,180.87,175.37,224.55,139.06,167.04,161.39
2022-04-19,159.17,177.5,194.64,178.68,167.54,149.07,185.8,103.96,160.13,179.38,168.47,169.31,163.09,137.46,146.93,135.73,157.97,176.7,139.16,137.13,231.45,190.78,189.61,155.58,171.57,156.17,180.48,203.87,184.03,146.35,178.67,199.71,165.61,177.03,180.81,168.67,178.68,165.04,170.82,193.1,188.04,129.58,130.54,181.15,175.85,224.89,139.32,167.12,161.56
2022-04-20,159.46,177.52,195.13,179.18,167.78,149.29,186.3,104.07,159.37,179.89,168.59,169.66,163.23,137.43,148.99,136.24,157.97,176.98,139.38,137.4,231.73,190.87,190.05,155.66,172.56,156.32,180.81,204.5,184.47,146.37,178.77,199.82,165.77,177.2,180.88,168.8,178.55,164.88,171.18,193.32,188.22,129.58,130.67,181.3,175.76,225.26,139.43,167.61,161.74
2022-04-21,159.76,177.32,195.72,179.7,167.83,149.42,186.71,104.11,158.61,180.3,168.64,169.84,163.43,137.58,150.97,136.96,157.89,177.37,139.75,137.65,231.9,191.04,190.45,155.81,173.33,156.6,181.05,205.06,184.98,146.7,178.66,200.07,165.89,177.61,181.32,169.18,178.35,164.48,171.56,193.4,188.27,129.73,130.92,181.47,175.73,225.52,139.62,167.9,161.92
2022-04-22,160.19,177.54,197.55,180.52,167.84,149.64,188.22,104.18,157.69,180.76,168.95,169.94,163.59,138.1,152.88,137.51,157.88,177.82,140.34,138.19,232.48,191.4,190.89,156.03,174.34,157.03,181.24,205.41,185.74,147.07,178.8,200.56,166.1,178.17,181.87,169.47,178.31,164.15,171.87,193.65,188.6,130.13,131.41,181.43,175.88,225.9,139.68,168.34,162.0
2022-04-23,160.55,177.76,199.25,181.19,167.86,149.9,189.42,104.4,156.9,181.34,169.25,170.16,163.72,138.68,153.98,138.1,157.87,178.48,140.88,138.77,233.07,191.78,191.45,156.3,175.68,157.5,181.52,206.01,186.16,147.17,178.73,201.0,166.3,178.59,182.39,169.69,178.29,163.98,172.17,194.17,188.87,130.54,131.89,181.43,175.87,226.28,139.78,168.66,162.02
2022-04-24,160.61,177.27,199.66,181.4,167.77,150.04,189.5,104.37,156.01,181.61,169.3,170.15,163.85,138.69,154.88,138.28,157.86,178.46,141.26,138.86,233.37,191.85,191.55,156.3,176.39,157.61,181.49,206.05,186.21,147.11,178.44,201.06,166.26,178.69,182.71,169.78,178.22,163.78,172.33,194.34,188.87,130.68,131.94,180.94,175.59,226.26,139.88,168.87,162.07
2022-04-25,160.71,176.9,200.28,181.56,167.68,150.08,189.85,104.34,155.16,181.78,169.27,170.05,163.92,138.65,155.91,138.18,157.73,178.57,141.6,138.87,233.76,192.24,191.65,156.22,177.02,157.79,181.43,206.13,186.17,147.24,178.22,201.19,166.35,178.7,183.14,169.83,178.11,163.6,172.54,194.53,188.92,130.83,131.92,180.58,175.32,226.49,139.91,168.96,162.05
2022-04-26,160.77,176.89,200.56,181.74,167.46,150.71,190.19,104.3,154.78,181.86,169.26,170.02,163.96,138.65,156.7,138.04,157.11,178.6,141.97,139.3,233.97,192.41,191.67,156.18,177.1,157.93,181.23,206.01,186.31,147.5,177.82,201.3,166.41,178.73,183.57,169.89,178.05,163.58,172.92,194.67,188.91,131.05,131.82,180.31,174.89,226.44,139.93,169.17,162.08
2022-04-27,160.4,176.89,200.17,181.49,166.67,149.85,189.55,104.08,154.41,181.63,169.13,169.91,163.67,138.4,156.24,137.94,156.33,178.34,142.12,139.02,232.54,191.27,190.47,156.01,176.95,157.44,180.28,205.67,186.38,147.26,175.78,200.03,165.15,178.46,183.49,169.45,177.92,163.22,172.53,194.59,188.31,131.15,131.18,179.22,174.84,224.21,139.88,168.22,161.95
2022-04-28,160.32,177.8,200.29,181.52,166.36,150.11,189.59,103.94,154.35,181.63,169.25,169.93,163.69,138.33,155.86,137.82,156.62,178.34,142.13,138.78,232.47,191.26,190.46,155.94,177.15,157.6,180.39,205.8,186.47,147.15,175.58,200.05,164.9,178.34,183.65,169.43,177.97,163.53,172.78,194.78,188.35,131.2,130.95,179.0,174.8,224.14,139.95,168.39,161.92
2022-04-29,160.09,178.98,199.2,181.23,166.11,150.59,188.6,103.7,154.45,181.62,169.19,169.96,163.73,137.76,155.53,137.37,156.89,178.08,142.03,138.34,231.86,190.93,190.11,155.73,176.56,157.53,180.32,205.91,186.15,146.98,175.29,199.57,164.52,177.94,183.5,169.32,178.09,163.72,172.95,194.83,188.14,131.03,130.41,178.96,174.39,223.82,140.16,168.39,161.85
2022-04-30,159.81,179.77,197.85,180.86,165.85,150.49,187.34,103.4,154.42,181.35,169.04,169.78,163.72,137.04,154.59,136.8,156.99,177.94,141.93,137.83,230.92,190.51,189.93,155.4,175.51,157.37,179.96,205.84,185.78,146.94,174.82,199.1,164.01,177.42,183.28,169.16,178.12,163.87,172.88,194.53,187.8,130.85,129.77,178.71,174.22,223.51,140.25,168.21,161.83
2022-05-01,160.26,181.15,198.29,181.09,165.76,150.66,187.7,103.53,154.44,181.49,169.2,169.7,163.8,137.09,153.94,137.55,157.15,178.07,143.23,138.61,230.5,190.54,190.19,155.33,175.26,157.55,179.92,206.67,186.25,148.29,174.69,199.01,163.66,177.48,183.5,169.28,178.24,164.29,173.24,194.53,187.71,131.34,129.87,178.99,174.61,223.48,140.43,168.34,161.83
2022-05-02,160.24,182.24,198.52,181.23,165.65,151.15,187.24,104.11,154.67,181.69,169.26,169.78,163.94,136.97,153.25,138.19,157.37,178.1,143.21,138.42,229.84,190.16,190.39,155.18,174.71,157.49,179.98,207.2,186.26,148.25,174.4,198.4,163.4,177.55,183.43,169.19,178.39,164.66,173.46,194.61,187.44,131.38,129.89,179.15,174.69,223.17,140.51,168.45,161.88
2022-05-03,160.18,182.83,198.82,181.41,165.74,151.05,186.81,104.02,154.74,182.03,169.44,169.81,164.08,136.86,152.21,138.21,157.64,178.2,142.87,137.76,229.38,190.23,190.65,155.13,174.04,157.65,180.07,207.99,186.2,148.02,174.38,198.3,163.16,177.62,183.31,169.1,178.38,164.96,173.58,194.76,187.33,131.48,129.91,179.37,174.95,223.18,140.59,168.31,161.94
2022-05-04,160.61,183.34,199.93,181.89,166.37,152.47,187.57,104.05,154.85,182.74,169.68,169.98,164.51,137.12,151.41,138.63,157.95,178.8,142.78,137.88,230.41,191.44,191.99,155.22,173.72,158.44,181.05,209.05,186.5,148.33,175.94,199.6,164.32,178.1,183.93,169.43,178.5,165.53,174.3,195.2,187.91,131.76,130.46,180.24,175.27,225.34,140.78,169.07,162.14
2022-05-05,160.56,183.09,200.16,181.95,166.61,152.92,186.9,104.24,154.82,183.13,169.57,170.04,164.54,136.88,150.65,139.06,158.04,178.9,142.61,137.74,229.95,191.32,192.09,155.09,172.99,158.5,180.97,209.47,186.46,148.29,175.87,199.28,164.41,178.13,183.97,169.13,178.47,165.52,174.41,195.41,187.83,131.85,130.63,180.14,175.43,225.43,140.54,168.56,162.22
2022-05-06,160.57,182.35,200.52,182.04,166.83,153.41,186.79,104.48,154.72,183.42,169.66,170.11,164.57,136.76,149.81,139.37,158.09,179.35,142.3,137.57,229.69,191.46,192.61,155.07,172.72,158.54,181.08,209.81,186.34,148.28,175.89,199.3,164.71,178.08,184.03,168.81,178.29,165.48,174.52,195.58,187.82,131.92,130.82,180.17,175.45,225.94,140.5,168.22,162.3
2022-05-07,160.43,180.72,200.78,181.99,166.92,153.84,186.54,104.59,154.54,183.64,169.91,170.08,164.59,136.73,149.42,138.46,158.04,179.44,141.98,137.21,229.32,191.38,192.56,155.0,172.84,158.45,181.16,209.79,186.14,147.49,175.85,199.18,164.91,178.02,183.9,168.54,178.15,165.53,174.59,195.52,187.75,131.51,130.72,180.07,175.39,226.22,140.35,168.26,162.35
2022-05-08,159.98,180.14,200.69,181.9,167.1,154.28,186.35,104.6,154.46,183.87,169.97,170.21,164.62,136.54,148.9,137.76,158.1,179.22,140.36,136.11,228.91,191.32,192.58,154.96,172.93,158.48,181.45,209.24,185.7,146.26,175.98,199.11,165.28,177.85,183.61,168.16,178.02,165.45,174.59,195.73,187.79,131.05,130.69,179.94,175.12,226.57,140.13,168.05,162.37
2022-05-09,160.01,179.63,200.83,181.96,167.33,154.33,186.96,104.1,154.22,184.12,170.25,170.36,164.66,136.59,148.29,137.25,158.19,179.28,140.11,135.91,228.76,191.79,192.87,155.15,173.25,158.9,181.89,209.12,185.85,146.33,176.27,199.63,165.62,177.74,183.53,168.04,177.92,165.53,174.64,195.97,188.03,131.2,130.92,179.83,175.17,227.35,140.05,167.97,162.45
2022-05-10,160.06,179.78,201.09,181.93,167.48,154.63,187.34,104.3,154.25,184.33,170.42,170.47,164.64,136.54,148.15,137.13,158.23,179.5,140.08,135.77,228.58,191.77,193.21,155.28,173.63,159.16,182.42,208.87,185.8,146.41,176.4,199.61,165.81,177.64,183.51,167.95,177.92,165.59,174.66,196.28,188.19,131.22,131.12,179.67,175.11,227.9,139.84,168.07,162.43
2022-05-11,159.99,179.56,201.21,181.91,167.36,154.74,187.36,104.41,154.26,184.44,170.37,170.48,164.66,136.43,148.07,136.86,158.25,179.68,140.11,135.48,228.26,191.55,193.43,155.32,173.84,159.16,182.94,208.51,185.53,146.17,176.38,199.27,165.56,177.25,183.03,167.69,177.89,165.67,174.55,196.38,188.22,131.12,131.21,179.58,174.99,228.2,139.63,168.06,162.51
2022-05-12,160.07,179.91,201.76,182.02,167.38,154.61,188.14,104.37,154.44,184.64,170.71,170.62,164.73,136.7,147.88,136.7,158.06,180.08,140.18,135.48,228.28,191.54,193.62,155.45,174.18,159.31,183.52,208.19,185.62,145.98,176.42,199.24,165.55,177.22,182.96,167.56,177.88,165.92,174.4,196.49,188.26,131.32,131.62,179.67,174.83,228.38,139.73,168.37,162.71
2022-05-13,160.01,180.06,202.02,182.0,167.48,154.18,188.3,104.29,154.58,184.87,170.61,170.82,164.71,136.7,147.57,136.48,157.91,180.2,140.21,135.35,227.98,191.29,193.51,155.4,173.94,159.44,183.83,207.48,185.6,145.67,176.39,198.85,165.2,177.0,182.55,167.41,178.02,166.02,174.26,196.51,188.16,131.39,131.8,179.39,174.85,228.27,139.44,168.47,162.88
2022-05-14,160.17,181.32,202.51,182.23,167.82,154.24,188.76,104.33,154.87,184.74,170.53,171.2,164.85,136.64,147.45,137.38,157.88,180.27,140.25,135.4,228.15,191.26,193.85,155.48,173.59,159.87,184.36,207.01,186.04,146.16,176.61,198.66,165.47,177.17,182.59,167.54,178.22,166.04,174.39,197.09,188.21,131.83,132.29,179.33,174.94,228.37,139.39,168.59,163.11
2022-05-15,160.25,181.13,202.82,182.39,167.94,154.18,188.78,104.29,155.17,184.45,170.55,171.51,164.94,136.62,147.38,137.38,157.66,181.02,140.34,135.32,228.11,191.16,194.06,155.53,173.1,160.16,184.45,206.8,186.21,145.95,176.64,198.32,165.7,177.25,182.63,167.69,178.28,166.22,174.46,197.37,188.16,132.03,132.44,179.3,175.04,228.4,139.35,168.78,163.38
2022-05-16,160.32,181.24,203.02,182.56,168.04,154.18,188.75,104.34,155.62,184.2,170.64,171.78,165.04,136.56,147.48,137.42,157.54,181.54,140.48,135.38,228.05,191.06,194.1,155.53,172.43,160.31,184.39,206.44,186.23,145.72,176.58,197.88,165.87,177.43,182.8,167.87,178.44,166.4,174.69,197.51,188.05,132.09,132.59,179.27,175.07,228.32,139.34,168.97,163.71
2022-05-17,160.34,181.02,202.86,182.59,168.1,154.04,188.39,104.36,155.94,183.61,170.62,171.86,165.22,136.51,147.72,137.71,157.51,181.86,140.57,135.37,227.46,190.4,193.9,155.52,171.88,160.06,184.19,205.79,186.49,145.66,176.31,196.93,165.89,177.38,182.69,167.91,178.41,166.55,174.83,197.54,187.5,132.22,132.78,178.99,174.99,227.61,139.49,169.19,164.01
2022-05-18,160.57,181.82,203.08,182.77,168.42,154.09,188.62,104.46,156.26,183.42,170.9,172.05,165.53,136.62,148.01,137.92,157.7,182.27,140.66,135.56,227.51,190.45,193.99,155.73,171.64,160.37,184.11,205.36,186.9,145.95,176.63,196.8,166.8,177.65,182.79,168.17,178.43,166.68,175.07,197.73,187.63,132.62,133.21,178.8,175.15,227.51,139.74,169.42,164.35
2022-05-19,160.64,181.83,203.16,182.93,168.66,154.31,188.74,104.56,156.29,183.02,170.8,172.1,165.76,136.6,148.57,138.02,157.81,182.6,140.57,135.85,227.3,190.37,194.16,155.88,171.54,160.53,183.98,204.89,187.03,145.88,176.69,196.7,167.6,177.72,182.76,168.49,178.37,166.86,175.63,197.93,187.78,132.77,133.14,178.67,175.21,227.48,139.84,169.47,164.47
2022-05-20,160.8,182.01,203.34,183.02,168.64,154.74,188.79,104.68,156.4,182.53,170.92,172.08,165.99,136.72,149.08,138.35,158.0,183.07,140.9,136.24,227.27,190.28,194.36,156.06,171.91,160.67,184.01,204.56,187.02,146.15,176.81,196.86,168.5,178.08,182.85,168.82,178.23,167.09,176.05,198.2,188.04,133.03,133.24,178.58,175.29,227.42,140.24,169.59,164.7
2022-05-21,160.68,181.85,202.96,182.72,168.26,154.63,188.43,104.83,156.47,182.06,170.84,171.87,165.95,136.64,149.34,138.7,157.96,183.12,141.08,136.43,226.69,189.74,193.97,155.9,171.69,160.23,183.41,203.65,186.35,146.1,176.42,196.43,168.5,177.78,182.58,168.89,178.05,167.27,175.92,197.46,187.91,133.24,133.02,177.95,175.16,226.99,140.57,169.5,165.03
2022-05-22,160.78,182.37,203.0,182.7,168.36,154.84,188.47,105.04,156.51,182.02,170.88,171.81,166.04,136.72,149.5,138.82,158.22,183.51,141.25,136.72,226.68,189.7,194.24,156.02,172.3,160.18,183.58,203.25,186.22,146.35,176.22,196.48,168.99,177.87,182.73,169.06,177.89,167.46,175.96,197.41,188.28,133.41,133.05,177.56,175.24,226.97,140.85,169.41,165.38
2022-05-23,160.82,182.86,203.05,182.63,168.43,155.02,188.47,105.16,156.49,181.8,170.96,171.73,166.03,136.89,149.63,139.03,158.49,183.86,141.44,137.02,226.55,189.41,194.38,156.18,172.91,160.02,183.56,202.67,186.06,146.46,176.05,196.36,169.35,177.88,182.77,169.22,177.71,166.75,175.86,197.47,188.55,133.49,132.9,177.08,175.33,226.75,141.09,169.32,165.59
2022-05-24,160.9,182.84,203.27,182.61,168.52,155.09,188.49,105.51,156.46,181.87,170.99,171.93,165.96,136.98,149.85,139.09,158.64,184.2,141.65,137.22,226.85,189.65,194.67,156.33,173.56,160.16,183.66,202.16,185.89,146.58,175.99,196.86,169.77,177.95,182.91,169.43,177.6,166.87,175.77,197.49,189.19,133.62,132.77,176.74,175.49,227.19,141.2,169.18,165.69
2022-05-25,160.79,182.28,203.17,182.43,168.43,154.88,188.25,105.84,156.36,181.64,170.81,171.97,165.86,136.88,149.89,139.15,158.67,184.31,141.65,137.37,226.65,189.31,194.88,156.25,174.1,160.08,183.52,200.49,185.52,146.44,175.38,196.87,169.65,177.91,183.01,169.55,177.39,166.89,175.71,197.3,189.12,133.57,132.36,176.3,175.43,227.07,141.31,169.01,165.66
2022-05-26,160.62,181.64,202.79,182.07,168.16,154.51,187.92,106.15,156.33,181.36,170.55,171.96,165.58,136.65,149.71,139.25,158.63,184.38,141.7,137.15,226.29,189.09,194.95,156.13,174.49,159.96,183.2,199.34,184.94,146.5,174.73,196.59,169.32,177.67,182.74,169.39,177.16,166.74,175.27,197.08,188.98,133.4,131.92,175.61,175.35,226.89,141.42,168.76,165.7
2022-05-27,160.53,181.68,202.41,181.97,168.02,153.68,187.61,106.27,156.38,181.12,170.32,171.99,165.45,136.47,150.38,139.33,158.65,184.33,141.45,136.92,225.84,188.9,195.0,156.15,174.98,159.88,182.8,198.06,185.17,146.32,173.99,196.28,168.96,179.09,182.85,169.43,177.04,166.78,175.1,196.86,188.7,133.19,131.63,175.13,175.24,226.64,141.47,168.62,165.78
2022-05-28,160.66,182.58,202.6,182.16,168.17,153.42,187.75,106.33,156.21,181.65,170.18,172.01,165.47,136.58,151.29,139.4,158.91,185.05,141.34,136.8,225.81,189.2,195.58,156.43,176.03,160.18,182.71,197.38,185.75,146.32,173.57,196.46,169.15,181.01,183.3,169.71,177.0,167.13,175.42,197.38,188.78,133.24,131.75,175.22,175.26,226.68,141.61,168.59,165.69
2022-05-29,160.5,184.02,202.39,182.05,167.91,152.84,187.41,106.36,156.12,181.75,169.98,171.94,165.42,136.54,152.06,139.44,158.97,185.05,141.19,136.61,225.26,188.88,195.48,156.37,176.23,160.07,182.1,196.04,185.79,145.97,172.98,196.01,168.69,182.52,183.26,169.84,177.05,167.35,175.54,197.31,188.29,133.16,131.57,174.98,175.02,226.24,141.79,168.55,165.68
2022-05-30,160.42,185.83,202.29,182.01,167.68,152.35,187.22,106.48,155.85,181.91,169.68,171.91,165.37,136.42,152.84,139.22,159.07,185.13,140.94,136.39,224.74,188.75,195.57,156.33,176.55,160.1,181.74,195.23,185.95,145.85,172.51,195.7,168.28,184.15,183.34,170.04,177.13,168.38,175.81,197.26,187.96,133.2,131.47,174.82,174.85,225.96,142.08,168.6,165.57
2022-05-31,160.2,184.77,201.94,181.92,167.37,151.93,186.84,106.28,155.34,181.89,169.31,171.69,165.26,136.28,153.23,139.0,159.06,185.22,140.62,136.25,223.73,187.52,195.43,156.13,176.56,159.86,181.23,194.18,185.86,145.47,171.74,195.08,167.82,185.73,183.37,170.19,177.18,168.45,176.07,197.05,187.32,133.02,131.26,174.68,174.56,225.41,142.31,168.6,165.5
2022-06-01,160.06,182.75,201.63,181.78,166.99,151.48,186.57,106.02,154.86,181.87,168.94,171.39,164.98,136.13,153.6,139.22,158.93,185.33,140.4,135.96,222.86,187.4,195.2,155.88,176.31,159.56,180.66,193.97,186.88,145.31,171.14,194.47,167.27,187.24,183.51,170.39,177.16,168.86,176.28,197.15,186.84,132.84,131.15,174.66,174.16,224.87,142.25,168.69,165.54
2022-06-02,160.04,181.5,201.55,181.85,166.93,151.18,186.16,106.49,154.59,181.99,168.79,171.29,164.99,136.13,154.44,139.61,159.08,185.39,140.37,135.79,222.07,186.94,194.93,155.8,176.12,159.39,180.14,193.42,187.06,145.18,170.85,193.83,166.72,188.98,183.8,170.65,177.24,169.24,176.56,196.87,186.35,132.84,131.18,174.67,173.92,224.05,142.29,169.0,165.83
2022-06-03,159.9,179.51,201.41,181.77,166.91,151.28,185.44,106.59,154.23,182.26,168.68,171.31,164.9,136.13,154.49,139.72,159.05,185.46,140.3,135.74,221.25,186.48,194.36,155.61,175.77,159.23,179.56,192.9,186.96,145.15,170.52,193.06,166.26,189.01,183.88,170.53,177.17,169.51,176.77,196.64,185.91,132.95,131.18,174.64,173.67,223.27,142.32,169.18,165.94
2022-06-04,159.8,176.6,201.28,181.69,166.8,151.27,185.14,106.61,153.9,182.36,168.5,171.37,164.84,136.07,154.48,139.77,158.98,185.5,140.21,135.75,220.37,186.06,193.76,155.46,175.62,159.3,179.1,192.99,186.7,145.12,170.19,192.53,165.47,188.95,183.88,170.6,177.08,169.58,177.04,196.49,185.58,132.86,131.19,174.52,173.22,222.52,142.23,169.43,166.39
2022-06-05,159.63,172.31,201.22,181.52,166.72,151.21,184.9,106.64,153.49,182.52,168.1,171.42,164.58,135.96,154.7,139.82,158.98,185.49,140.1,135.67,219.39,185.76,193.14,155.24,175.4,159.46,178.49,192.76,186.4,145.0,169.84,192.09,164.71,188.9,183.85,170.68,176.81,168.65,177.22,196.13,185.21,132.72,131.11,174.4,172.72,221.68,141.98,169.52,167.03
2022-06-06,159.42,167.15,201.05,181.27,166.57,151.13,184.55,106.62,153.17,182.63,167.64,171.34,164.48,135.82,154.97,140.06,158.81,185.33,139.89,135.57,218.51,185.37,192.45,154.95,175.15,159.43,177.8,192.17,185.97,144.86,169.55,191.59,163.93,188.74,183.65,170.65,176.57,168.59,177.32,195.57,184.79,132.65,131.09,174.2,172.21,220.8,141.65,169.51,167.12
2022-06-07,159.35,167.29,201.16,181.2,166.56,151.09,184.52,106.65,153.14,182.92,167.36,171.41,164.43,135.8,155.47,140.2,158.89,185.24,139.85,135.47,217.99,186.14,192.01,154.83,175.01,159.87,177.29,192.0,185.61,144.89,169.43,191.45,163.22,188.61,183.52,170.58,176.26,168.69,177.42,195.24,184.7,132.66,131.16,174.12,171.8,220.0,141.44,169.58,167.29
2022-06-08,159.25,170.05,201.18,181.18,166.57,151.09,184.39,106.41,153.14,183.25,167.23,171.49,164.42,135.82,156.1,139.63,159.01,185.15,139.89,135.37,217.36,185.78,191.49,154.8,175.08,160.3,176.9,192.04,184.33,144.78,169.45,191.33,162.59,188.55,183.23,170.5,176.3,168.6,177.83,194.57,184.52,132.6,131.18,173.86,171.6,219.32,141.43,169.67,167.4
2022-06-09,159.08,171.91,201.13,180.95,166.42,150.77,184.64,105.8,152.87,183.47,166.97,171.49,164.29,135.77,156.06,139.17,159.07,185.13,139.76,135.38,216.67,185.7,191.0,154.72,175.05,160.64,176.62,191.84,184.08,144.65,169.34,191.24,162.04,188.33,182.88,170.28,176.13,168.54,178.26,194.21,184.31,132.61,131.1,173.61,171.15,218.95,141.41,169.58,167.26
2022-06-10,158.94,172.92,201.24,180.76,166.22,150.25,185.25,105.76,152.69,183.6,166.68,171.38,164.18,135.59,156.27,138.93,159.25,184.97,139.57,135.21,216.08,185.61,190.77,154.7,175.09,160.85,176.55,191.83,183.66,144.44,169.23,191.31,161.35,188.12,182.54,170.14,176.0,168.4,178.66,193.88,184.22,132.48,131.09,173.37,170.9,218.51,141.4,169.39,167.22
2022-06-11,158.78,174.39,201.37,180.59,166.17,149.7,185.5,105.87,152.68,183.68,166.44,171.32,164.05,135.38,156.57,138.76,159.45,184.77,139.39,135.1,215.59,185.33,190.58,154.67,175.08,160.91,176.43,191.23,183.41,144.3,169.1,191.18,160.99,187.84,182.18,169.72,175.77,168.24,178.89,193.49,184.05,132.41,131.06,173.12,170.75,218.09,141.46,169.14,166.87
2022-06-12,158.68,176.44,201.42,180.45,166.01,149.24,185.79,105.97,152.62,183.75,166.31,171.15,164.02,135.15,156.82,138.54,159.65,184.59,139.2,135.06,215.26,185.07,190.4,154.69,174.77,160.86,176.45,190.91,183.03,144.34,168.82,190.99,160.68,187.61,181.94,169.32,175.54,169.11,179.26,193.18,183.92,132.41,131.18,172.89,170.55,217.76,141.65,169.0,166.1
2022-06-13,158.6,179.18,201.54,180.34,165.9,148.76,186.19,106.1,152.55,183.9,166.19,171.02,163.89,134.92,156.98,138.29,159.92,184.48,139.12,135.09,215.05,184.87,190.22,154.7,174.43,160.97,176.45,190.63,182.56,144.37,168.35,190.82,160.42,187.38,181.77,168.97,175.17,169.14,179.62,192.95,183.8,132.33,131.25,172.75,170.24,217.5,141.82,168.9,165.97
2022-06-14,158.57,179.86,201.63,180.26,165.74,148.31,186.98,106.33,152.58,183.96,166.18,170.95,163.81,134.84,157.24,138.34,160.1,184.11,138.98,135.09,215.15,184.68,189.95,154.79,174.14,160.94,176.3,190.31,182.61,144.41,168.09,190.75,160.05,187.16,181.58,168.61,175.02,169.33,180.07,192.73,183.71,132.45,131.39,172.43,169.88,217.41,141.99,168.78,166.06
2022-06-15,158.51,178.44,201.77,180.15,165.78,147.78,187.09,106.92,152.75,184.17,166.25,170.97,163.86,134.62,157.45,138.51,160.31,183.78,138.83,135.21,215.29,184.45,189.85,154.91,173.69,160.87,176.13,189.84,182.28,144.25,167.73,190.47,159.74,186.84,181.58,168.35,174.67,169.37,180.25,192.48,183.68,132.5,131.67,172.34,169.78,217.29,142.13,168.7,166.32
2022-06-16,158.44,177.5,201.69,180.06,165.62,147.41,186.7,107.1,152.92,184.26,166.51,170.94,163.91,134.39,157.76,138.3,160.46,183.37,138.63,135.28,215.29,184.05,189.58,154.91,173.1,160.74,176.0,189.34,181.81,144.22,167.1,190.32,159.38,186.71,181.91,168.37,174.46,169.65,180.38,192.37,183.53,132.34,132.02,172.12,169.68,216.99,142.12,168.78,166.63
2022-06-17,158.41,178.22,201.68,179.97,165.47,147.28,186.49,107.29,153.15,184.27,166.76,170.93,163.93,134.29,158.01,138.09,160.46,183.24,138.55,135.31,215.35,183.71,189.35,154.86,172.51,160.64,175.73,189.11,181.42,144.19,166.49,189.87,159.1,186.67,182.44,168.58,174.2,170.11,181.01,192.12,183.23,132.31,132.23,171.98,169.37,216.89,142.0,169.0,166.83
2022-06-18,158.38,178.63,201.5,179.84,165.43,147.0,186.17,107.38,153.47,184.07,167.16,170.99,163.97,134.22,158.28,138.03,160.58,183.23,138.5,135.31,215.27,183.32,189.29,154.84,171.65,160.46,175.52,188.83,181.19,144.1,165.91,189.27,158.45,186.66,182.87,168.78,174.05,170.54,181.64,191.86,182.9,132.28,132.42,171.86,169.16,216.67,141.94,169.28,168.05
2022-06-19,158.41,179.03,201.4,179.78,165.54,146.93,186.02,107.43,153.83,183.9,167.55,171.15,164.08,134.24,158.5,137.93,160.69,183.23,138.55,135.4,215.26,183.03,189.33,154.87,171.32,160.27,175.32,188.59,181.26,144.04,165.56,188.85,158.14,186.66,183.33,169.01,174.01,170.99,182.46,191.72,182.64,132.26,132.55,171.99,169.07,216.65,141.9,169.53,169.32
2022-06-20,158.41,179.26,201.19,179.69,165.7,146.79,185.84,107.46,154.17,183.69,167.94,171.32,164.19,134.22,158.73,137.81,160.8,183.27,138.56,135.41,215.06,182.8,189.4,154.89,171.04,160.06,175.15,188.25,181.47,143.94,165.29,188.51,157.83,186.73,183.8,169.23,174.04,171.56,183.22,191.58,182.38,132.27,132.63,172.07,169.07,216.61,141.81,169.75,169.56
2022-06-21,158.32,179.11,201.02,179.43,165.73,146.54,185.37,107.43,154.32,183.44,168.11,171.24,164.16,134.07,158.74,137.65,160.83,183.44,138.62,135.38,214.48,182.46,189.44,154.8,170.52,159.81,174.81,187.82,181.13,143.65,164.8,187.92,157.67,186.8,184.3,169.48,173.99,172.0,184.05,191.34,181.9,132.15,132.61,172.16,169.01,216.57,141.7,169.94,169.7
2022-06-22,158.26,179.59,200.79,179.17,165.73,146.4,185.38,107.34,154.34,183.18,168.04,171.15,164.03,133.99,158.61,137.42,160.93,183.65,138.55,135.22,213.78,182.12,189.43,154.69,170.32,159.64,174.59,187.32,181.04,143.71,164.24,187.43,157.53,186.93,184.74,169.59,173.95,172.54,184.98,191.17,181.56,132.32,132.49,172.16,168.78,216.48,141.63,170.14,169.74
2022-06-23,158.28,179.36,200.85,179.05,165.86,146.48,185.61,107.35,154.65,183.15,167.98,171.12,164.03,133.94,158.45,137.34,161.15,183.83,138.62,135.16,213.37,181.82,189.44,154.76,170.43,159.56,174.35,187.1,181.12,143.65,163.92,187.08,157.45,186.93,184.82,169.71,174.01,172.82,185.8,190.99,181.44,132.56,132.22,172.4,168.82,216.58,141.65,170.35,169.79
2022-06-24,158.18,178.13,200.85,178.73,165.86,146.36,185.68,107.35,154.76,183.21,167.85,170.95,164.07,133.77,158.52,137.3,161.33,183.9,138.61,135.14,212.9,181.5,189.36,154.75,170.52,159.28,174.15,186.7,181.1,143.67,163.57,186.7,157.28,185.09,184.56,169.66,174.03,173.04,186.05,190.81,181.24,132.61,131.83,172.47,168.82,216.39,141.64,170.43,169.99
2022-06-25,157.89,176.6,200.58,178.15,165.64,146.22,185.32,107.39,154.65,183.42,167.32,170.68,164.01,133.44,158.56,136.96,161.49,183.81,138.56,135.04,212.24,181.11,189.07,154.6,170.21,158.91,173.63,186.2,180.7,143.62,163.22,186.39,157.3,183.05,184.12,169.44,173.92,173.16,185.87,190.42,180.91,132.62,131.31,172.42,168.69,216.0,141.54,170.37,169.16
2022-06-26,157.67,174.8,200.44,177.71,165.43,146.06,184.59,107.4,154.59,183.74,166.91,170.47,164.07,133.22,158.67,136.66,161.74,183.84,138.52,134.89,211.73,180.26,188.88,154.56,170.14,158.74,173.18,185.88,180.39,143.54,162.99,186.15,157.12,181.16,183.77,169.26,173.78,173.35,185.72,190.23,180.64,132.62,130.96,172.22,168.68,215.62,141.51,170.41,168.86
2022-06-27,157.4,172.76,200.1,177.29,165.27,145.91,183.35,107.42,154.57,184.02,166.5,170.31,164.14,132.98,158.78,136.41,161.92,183.97,138.51,134.81,210.72,178.84,188.77,154.56,170.09,158.46,172.81,185.35,180.14,143.41,162.31,185.32,156.78,179.22,183.39,169.04,173.75,173.26,185.68,190.05,180.43,132.49,130.59,172.17,168.65,214.89,141.48,170.51,169.3
2022-06-28,157.16,171.6,199.76,177.04,165.16,145.82,182.7,107.36,154.61,184.33,166.42,170.25,164.44,132.89,159.34,136.01,162.13,184.06,138.58,134.69,209.89,177.49,188.65,154.59,170.21,158.18,172.71,184.95,180.11,143.44,161.72,184.48,156.49,178.93,183.02,168.87,173.82,173.15,185.34,189.97,180.2,132.49,130.23,172.12,168.79,213.95,141.5,170.66,169.7
2022-06-29,157.22,170.54,199.97,177.02,165.12,145.81,182.55,107.32,154.78,184.66,166.48,170.37,164.72,132.86,161.5,136.02,162.35,184.05,138.6,134.72,209.91,176.99,188.58,154.78,170.24,158.1,172.73,184.98,180.29,143.41,161.51,184.63,156.27,178.73,182.7,168.75,173.88,173.17,185.09,190.03,180.17,132.34,130.01,172.22,168.88,212.98,141.54,170.86,170.11
2022-06-30,157.23,170.38,200.16,176.82,165.13,145.75,182.71,107.23,154.81,184.96,166.37,170.5,164.9,132.83,160.55,135.72,162.43,184.22,138.65,134.58,209.83,176.68,188.97,154.85,170.29,158.0,172.98,184.98,180.49,143.49,161.28,184.6,156.03,177.22,182.58,168.61,173.8,173.24,184.91,190.02,180.24,132.19,129.97,172.15,168.83,212.02,141.51,170.94,170.33
2022-07-01,157.26,169.89,200.07,176.66,165.02,145.6,182.5,107.05,154.9,185.16,165.97,170.6,164.79,132.73,162.52,135.92,162.49,184.51,138.62,134.45,209.56,176.24,189.3,154.91,170.16,157.93,173.01,184.73,180.58,143.38,161.13,184.65,155.69,178.64,182.38,168.38,173.82,173.27,184.89,189.98,180.28,132.27,130.06,172.1,168.22,211.29,141.51,170.97,170.62
2022-07-02,157.46,169.93,200.46,176.84,165.04,145.7,182.92,107.64,155.24,185.39,165.98,171.03,164.89,132.78,164.45,136.27,162.5,184.93,138.84,134.54,209.77,175.95,189.59,155.16,170.56,158.1,173.41,184.89,181.03,143.51,161.22,184.85,155.72,180.29,182.46,168.43,174.09,173.28,185.39,190.25,180.49,132.25,130.31,172.19,167.93,210.85,141.62,171.12,171.04
2022-07-03,157.51,169.98,200.56,176.78,164.79,145.42,183.41,107.6,155.52,185.43,165.9,171.25,164.83,132.67,166.43,136.62,162.32,185.1,138.85,134.64,209.61,175.91,189.66,155.26,170.63,158.15,173.72,184.68,181.34,143.53,161.11,184.82,155.51,181.67,182.31,168.3,174.41,173.1,185.34,190.23,180.59,132.19,130.37,172.13,167.37,210.11,141.59,171.21,171.12
2022-07-04,157.5,170.27,200.62,176.66,164.41,144.98,183.54,107.67,155.76,185.38,165.9,171.43,164.73,132.54,168.32,136.96,162.17,184.97,138.82,134.66,209.29,175.82,189.55,155.27,170.69,158.11,173.8,184.62,181.66,143.47,160.98,184.71,155.3,183.07,182.19,168.2,174.67,173.09,185.24,190.19,180.56,132.25,130.41,171.94,166.78,209.3,141.53,171.26,171.27
2022-07-05,157.56,169.93,200.95,176.46,164.09,144.63,183.97,107.76,155.95,185.42,165.52,171.71,164.48,132.22,169.76,137.27,162.04,185.06,138.57,134.71,209.69,176.33,189.58,155.23,170.73,158.21,173.95,184.67,181.88,143.48,161.27,185.26,155.14,182.83,182.0,168.04,174.87,173.07,185.24,190.08,180.83,132.12,130.54,171.89,166.09,209.08,141.37,171.28,171.49
2022-07-06,157.19,169.66,200.61,175.89,163.37,144.24,183.5,107.86,156.1,185.25,165.05,171.71,164.2,131.84,169.73,137.3,161.82,185.1,138.49,134.68,209.0,175.85,189.28,155.01,170.54,157.74,173.7,184.1,181.14,143.42,160.93,184.51,154.74,182.52,181.78,167.98,175.02,172.78,185.06,189.8,180.55,131.87,130.44,171.54,165.32,208.4,141.24,171.25,171.49
2022-07-07,156.76,168.32,200.22,175.51,162.43,143.81,182.79,107.95,156.37,185.07,164.52,171.76,163.93,131.52,172.86,136.77,161.72,185.0,138.29,134.67,208.32,175.21,188.92,154.88,170.08,157.26,173.11,183.6,181.05,142.78,160.57,183.72,154.27,183.59,181.55,167.86,175.18,172.66,184.92,189.59,180.17,131.15,130.15,171.24,164.41,207.71,141.18,171.26,172.05
2022-07-08,156.54,168.75,199.98,175.28,161.64,143.5,182.42,108.1,156.81,184.82,164.33,171.85,163.93,131.32,172.7,136.37,161.86,184.82,138.23,134.62,207.96,174.71,188.58,154.8,169.95,157.02,173.03,183.64,181.11,142.85,160.12,183.2,153.96,183.15,181.54,168.01,175.4,172.56,184.59,189.36,179.96,130.81,130.09,170.81,164.3,206.99,141.16,171.38,172.64
2022-07-09,156.22,169.41,199.33,174.87,160.79,142.96,181.67,107.5,156.92,184.56,164.03,171.55,163.69,130.98,172.32,135.93,161.89,184.3,137.93,134.31,207.19,174.07,187.89,154.51,169.64,156.46,172.93,183.35,180.86,142.71,159.36,182.71,153.18,182.6,181.45,168.12,175.4,172.6,184.24,188.84,179.5,130.61,129.9,170.16,163.92,206.06,141.09,171.49,173.08
2022-07-10,156.03,170.2,198.98,174.66,160.19,142.65,181.17,107.53,157.24,184.38,163.81,171.43,163.57,130.7,171.92,135.7,162.09,184.03,137.88,134.01,206.69,173.56,187.38,154.37,169.36,155.98,172.96,183.36,180.66,142.67,158.62,182.18,152.51,182.29,181.47,168.35,175.21,172.73,184.3,188.55,179.3,130.48,129.86,169.83,163.8,205.28,141.1,171.55,173.12
2022-07-11,155.96,169.82,198.86,174.51,159.73,142.57,180.79,107.51,157.54,184.36,163.58,171.36,163.48,130.48,171.2,135.36,162.28,183.91,137.81,133.81,206.89,173.61,186.91,154.3,169.08,155.68,173.16,183.64,180.43,142.75,158.31,182.4,152.09,181.95,181.45,168.57,175.14,172.82,184.3,188.3,179.18,130.35,129.79,169.48,163.72,204.88,141.07,171.76,173.58
2022-07-12,155.79,171.33,198.52,174.35,159.15,142.26,180.28,107.36,157.94,184.35,163.42,171.2,163.43,130.3,170.6,135.17,162.57,184.08,137.74,133.59,206.21,173.09,186.57,154.25,169.04,155.22,173.31,183.71,180.03,142.74,157.55,181.93,151.7,181.58,181.4,168.76,175.01,172.89,184.54,188.12,178.98,130.17,129.66,169.07,163.51,204.06,141.07,171.91,173.94
2022-07-13,155.71,171.99,198.32,174.38,158.82,141.84,180.02,107.24,158.22,184.26,163.31,171.17,163.42,130.12,170.08,134.94,162.84,184.18,137.64,133.45,205.78,172.74,186.48,154.25,169.12,154.91,173.57,183.96,180.38,142.75,156.95,181.75,151.42,181.25,181.38,168.84,174.96,173.08,184.73,187.98,178.94,129.97,129.6,168.65,163.43,203.57,140.94,172.0,174.44
2022-07-14,155.68,173.13,198.06,174.35,158.61,141.45,179.74,107.01,158.32,184.09,163.26,171.06,163.38,129.87,169.79,135.53,162.95,184.35,137.5,133.32,205.45,172.39,186.16,154.16,169.31,154.6,174.03,184.01,180.03,143.26,156.3,181.46,151.01,181.11,181.29,168.87,174.97,173.17,184.93,187.79,178.86,130.13,129.64,168.24,163.34,203.0,140.8,172.07,174.87
2022-07-15,155.52,173.2,197.82,174.3,158.44,141.15,179.38,106.9,158.35,184.07,163.22,171.11,163.4,129.65,169.85,135.44,163.07,184.51,137.49,133.37,205.05,172.08,185.98,154.16,169.44,154.25,174.14,183.64,179.43,143.22,155.84,180.99,150.69,181.29,181.05,168.79,174.87,173.27,185.29,187.77,178.79,129.8,129.47,168.2,163.17,202.41,140.7,172.27,175.41
2022-07-16,155.44,172.97,197.78,174.32,158.24,140.86,179.24,106.83,158.57,184.04,163.2,171.25,163.52,129.59,170.28,135.4,163.24,184.64,137.46,133.52,204.76,171.87,186.2,154.27,169.7,154.15,174.15,183.44,178.69,143.19,155.29,180.45,150.51,181.45,180.9,168.65,174.74,173.23,185.67,187.94,178.92,129.5,129.39,168.17,163.09,201.99,141.24,172.45,176.09
2022-07-17,155.3,172.82,197.57,174.18,158.1,140.9,179.15,106.83,158.48,184.1,163.14,171.24,163.49,129.55,170.67,135.29,163.31,184.8,137.25,133.65,204.35,171.68,186.33,154.26,169.9,154.05,174.1,183.22,177.85,143.13,154.85,180.03,150.35,181.61,180.8,168.55,174.7,173.2,186.02,187.94,178.94,129.24,129.23,167.93,162.81,201.61,141.75,172.63,176.93
2022-07-18,155.07,173.57,196.86,173.96,157.82,140.6,178.93,106.81,158.36,184.12,163.07,171.2,163.48,129.48,171.77,135.19,163.42,184.8,137.18,133.65,203.34,170.78,186.35,154.24,169.92,153.78,173.71,182.84,176.89,142.86,153.75,179.03,149.9,181.77,180.71,168.49,174.6,173.13,186.31,187.93,178.81,128.87,129.11,167.91,162.56,200.87,142.42,172.67,177.58
2022-07-19,154.97,173.21,198.41,173.79,157.77,140.36,177.94,107.08,158.43,184.04,163.14,171.25,163.56,129.49,172.66,135.11,163.58,184.53,137.09,133.66,202.54,169.78,186.12,154.28,169.82,153.6,173.31,182.59,176.27,142.7,152.71,178.12,149.09,182.09,180.77,168.59,174.66,173.1,186.61,187.97,178.56,128.75,129.01,167.9,162.47,200.02,143.14,172.86,178.36
2022-07-20,154.88,173.6,200.03,173.58,157.81,140.54,177.88,107.08,158.53,184.13,163.04,171.15,163.55,129.4,173.13,134.93,163.81,184.37,136.96,133.54,202.14,169.59,185.78,154.21,169.44,153.59,173.29,182.29,175.39,142.62,152.64,178.15,148.74,182.21,180.75,168.59,174.53,173.03,186.95,187.93,178.55,128.58,128.9,168.23,161.88,199.63,143.82,172.97,178.87
2022-07-21,154.75,173.66,201.48,173.27,157.89,140.62,177.67,107.1,158.58,184.18,162.86,171.02,163.44,129.32,173.21,134.69,164.11,184.07,136.87,133.41,201.56,169.1,185.48,154.08,168.92,153.53,172.97,182.06,174.36,142.51,152.39,178.08,148.35,182.01,180.62,168.52,174.23,172.87,186.92,187.9,178.45,128.51,128.75,168.15,161.46,198.89,144.4,173.01,179.02
2022-07-22,154.75,174.4,202.97,173.12,158.16,140.52,177.79,107.06,158.7,184.38,162.86,170.87,163.37,129.44,172.62,134.22,164.32,184.08,136.66,133.4,200.81,168.88,185.37,154.11,168.48,153.61,172.89,182.08,174.48,142.44,152.11,178.18,148.12,182.01,180.9,168.7,174.22,172.85,187.23,187.98,178.47,128.64,128.7,168.07,161.55,198.42,145.0,173.1,178.84
2022-07-23,154.62,174.78,204.07,172.75,158.2,140.13,176.81,107.06,158.88,184.32,162.77,170.65,163.21,129.35,172.72,133.71,164.28,183.76,136.39,133.37,199.62,168.23,184.99,153.87,167.24,153.45,172.46,181.34,174.07,142.28,151.81,177.93,147.51,181.78,180.9,168.81,174.27,172.9,186.99,187.53,177.96,128.76,128.34,167.64,161.62,197.49,144.89,173.21,178.59
2022-07-24,154.61,175.02,205.67,172.61,158.4,139.6,176.79,107.08,159.15,184.26,162.68,170.56,163.2,129.4,172.95,133.09,164.52,183.54,136.11,133.26,198.93,167.93,185.05,153.75,166.78,153.51,172.45,181.0,174.12,142.24,151.76,178.23,147.42,181.76,181.09,169.0,174.4,173.03,187.05,187.32,177.8,128.92,128.08,167.63,161.83,196.86,144.9,173.42,178.41
2022-07-25,154.66,175.23,207.65,172.43,158.55,139.14,177.22,107.02,159.2,184.15,162.56,170.39,163.17,129.44,172.68,132.58,164.71,183.49,135.82,133.06,198.81,167.85,184.96,153.6,166.37,153.64,172.39,180.67,174.22,142.32,152.13,178.6,147.32,181.72,181.24,169.14,174.45,173.18,187.09,187.08,177.68,129.05,127.93,167.33,161.98,196.32,144.75,173.59,178.07
2022-07-26,154.63,174.55,207.37,172.24,158.57,138.91,177.72,106.89,159.12,184.27,162.39,170.11,163.07,129.42,172.72,132.08,164.9,183.1,135.63,132.95,198.51,168.11,185.0,153.38,165.92,153.65,172.46,180.17,173.96,142.39,152.64,179.22,147.39,181.59,181.2,169.16,174.53,173.12,186.87,186.69,177.52,129.0,127.75,166.96,162.15,195.88,144.71,173.77,177.65
2022-07-27,154.63,173.64,207.12,172.08,158.52,138.24,177.37,107.0,159.15,184.3,162.28,169.89,163.03,129.53,172.87,131.65,165.0,182.7,135.42,133.08,197.85,167.65,185.08,153.31,165.62,153.46,172.13,179.77,174.01,142.37,152.28,178.8,147.15,181.59,181.27,169.38,174.63,173.14,186.84,186.53,177.19,129.07,127.65,166.35,162.78,195.09,144.84,174.03,177.7
2022-07-28,154.71,173.58,207.18,171.98,158.43,137.88,177.33,107.0,159.21,184.4,162.31,169.87,163.14,129.68,173.14,131.08,165.09,182.48,135.3,133.26,197.45,167.63,185.3,153.35,165.49,153.38,171.81,179.37,174.18,142.39,152.13,178.32,147.53,181.76,181.45,169.75,174.81,173.26,187.07,186.42,177.0,129.11,127.67,166.19,163.39,194.8,145.09,174.43,177.88
2022-07-29,154.61,172.85,207.16,171.7,158.07,137.63,176.91,107.14,158.92,184.23,162.04,169.59,163.11,129.54,173.64,130.69,165.12,181.65,135.16,133.08,196.85,167.23,185.0,153.11,165.42,153.0,171.21,178.78,173.56,142.32,151.89,177.27,147.9,181.73,181.33,169.95,174.77,173.25,186.94,186.02,176.6,128.96,127.49,165.78,163.36,194.36,145.29,174.51,177.89
2022-07-30,154.73,172.76,207.79,171.78,158.13,138.07,177.64,107.26,158.75,184.38,161.9,169.52,163.31,129.66,173.49,130.37,165.46,181.46,135.12,133.02,197.1,167.22,185.2,153.24,166.39,152.79,171.15,178.98,174.03,142.45,151.98,176.75,149.34,182.08,181.49,170.2,174.77,173.4,187.03,186.16,176.86,128.83,127.74,165.95,163.31,194.53,145.57,174.63,177.95
2022-07-31,154.68,172.84,207.79,171.62,157.7,138.27,177.15,107.41,158.69,184.37,161.76,169.43,163.36,129.57,173.32,130.12,165.57,181.1,135.15,133.04,196.72,166.69,184.71,153.28,166.69,152.28,170.65,178.62,173.9,142.42,151.6,175.64,150.26,182.1,181.35,170.31,174.77,173.49,186.97,186.11,176.52,128.52,127.89,165.63,163.17,194.28,145.83,174.66,177.99
2022-08-01,154.67,172.8,207.91,171.61,157.41,138.75,176.79,107.59,158.89,184.56,161.65,169.46,163.41,129.58,173.31,130.09,165.67,180.77,135.13,133.19,196.37,166.5,184.38,153.4,167.03,151.85,170.57,178.5,173.88,142.48,151.44,174.8,151.56,182.12,181.22,170.39,174.77,173.63,186.98,186.15,176.33,128.38,127.98,165.45,163.07,194.19,146.11,174.74,178.25
2022-08-02,154.63,172.69,207.88,171.57,157.12,139.09,176.12,107.71,158.98,184.69,161.47,169.52,163.43,129.55,173.15,130.2,165.61,180.69,135.11,133.2,195.96,165.88,183.9,153.52,167.18,151.42,170.35,178.6,174.06,142.44,150.97,173.57,153.07,182.1,181.19,170.47,174.66,173.91,187.01,186.25,176.1,128.29,128.04,165.31,162.9,193.89,146.18,174.75,178.51
2022-08-03,154.64,172.93,207.89,171.57,156.86,139.88,175.79,107.83,158.96,184.88,161.4,169.63,163.54,129.51,173.07,130.29,165.61,180.63,135.16,133.1,195.62,165.51,183.58,153.63,167.14,151.0,170.26,178.77,174.22,142.46,150.62,172.8,154.6,182.15,181.11,170.46,174.67,174.94,186.79,186.23,175.81,128.24,128.1,165.2,162.71,193.68,146.18,174.79,178.58
2022-08-04,154.61,172.53,207.79,171.61,156.64,140.29,175.39,108.04,159.01,184.96,161.32,169.55,163.61,129.43,173.23,130.22,165.49,180.3,135.17,132.94,195.09,164.85,182.94,153.72,167.09,150.5,170.23,178.87,174.63,142.35,150.21,172.28,155.67,182.12,181.06,170.43,174.64,175.95,186.9,186.18,175.4,128.29,128.15,165.05,162.47,193.31,146.05,174.89,178.47
2022-08-05,154.68,172.84,207.97,171.72,156.67,140.95,175.03,107.99,159.3,185.24,161.42,169.75,163.72,129.49,173.57,130.17,165.5,180.16,135.24,133.05,194.98,164.32,182.79,153.96,166.92,150.31,170.19,179.11,175.01,142.47,149.8,172.26,156.89,182.1,181.07,170.42,174.7,177.86,186.72,186.32,175.18,128.41,128.28,165.03,162.35,192.93,146.04,175.1,178.58
2022-08-06,154.71,172.63,208.02,171.76,156.62,140.38,174.63,107.93,159.48,185.54,161.54,169.98,163.77,129.47,173.84,130.29,165.43,179.91,135.33,133.15,194.42,163.93,182.21,154.15,166.32,150.21,170.21,179.2,175.34,142.5,149.2,172.05,155.15,182.03,181.01,170.42,174.7,180.01,186.64,186.48,174.84,128.53,128.24,164.94,162.34,192.35,145.96,175.31,178.68
2022-08-07,154.72,171.58,208.28,171.86,156.67,139.86,174.31,107.77,159.56,185.93,161.56,170.13,163.8,129.41,173.91,130.33,165.38,179.61,135.37,133.1,194.06,163.66,181.87,154.31,165.8,150.15,170.34,179.4,175.76,142.6,148.75,171.74,153.5,181.92,180.98,170.36,174.62,181.99,186.48,186.52,174.61,128.68,128.22,164.9,162.21,191.8,145.68,175.48,178.66
2022-08-08,154.68,170.56,208.49,171.86,156.69,139.22,174.17,107.69,159.52,186.11,161.51,170.25,163.76,129.26,173.87,130.05,165.28,179.28,135.35,133.09,193.64,163.52,181.57,154.35,165.29,150.02,170.31,179.43,176.0,142.65,148.32,171.65,151.56,181.77,180.88,170.27,174.53,183.93,186.08,186.51,174.34,128.8,128.19,164.82,162.13,191.44,145.45,175.57,178.7
2022-08-09,154.61,170.94,208.72,171.87,156.76,138.65,174.5,107.58,159.49,186.2,161.48,170.33,163.77,129.04,173.76,129.55,165.21,178.9,135.34,133.17,193.29,163.58,181.43,154.39,165.02,150.01,170.41,179.27,175.56,142.63,148.01,171.67,149.64,181.62,180.75,170.15,174.4,185.62,185.66,186.54,174.12,128.75,128.17,164.72,162.09,191.22,145.34,175.57,178.59
2022-08-10,154.45,170.81,208.78,171.78,156.75,137.64,174.31,107.49,159.39,186.22,161.35,170.42,163.66,128.87,173.87,129.02,165.09,178.78,135.27,133.12,192.81,162.95,181.17,154.43,165.0,150.0,170.35,178.64,175.1,142.41,147.51,171.38,147.39,181.54,180.52,169.91,174.1,186.47,185.28,186.61,173.81,128.66,128.06,164.68,161.85,190.82,145.2,175.52,178.29
2022-08-11,154.32,170.91,208.83,171.72,156.79,136.96,174.18,107.58,159.27,186.41,161.22,170.57,163.63,128.7,173.75,128.77,164.97,178.75,135.18,133.17,192.27,162.51,180.98,154.48,165.14,149.94,170.36,178.15,174.68,142.34,147.21,171.14,145.55,181.57,180.39,169.69,173.99,187.3,184.82,186.64,173.57,128.52,127.94,164.69,161.77,190.39,145.19,175.42,177.91
2022-08-12,154.16,170.2,208.78,171.63,156.59,136.01,174.14,107.71,159.18,186.63,161.07,170.62,163.56,128.49,173.77,128.55,164.86,178.9,135.05,133.01,191.62,162.05,180.76,154.48,165.23,149.74,170.51,177.55,174.29,142.07,146.84,170.89,143.17,181.87,180.25,169.51,173.94,187.17,184.68,186.75,173.21,128.43,127.81,164.7,161.7,189.8,145.12,175.4,177.71
2022-08-13,153.88,169.86,208.37,171.3,156.27,135.9,173.67,107.9,158.95,186.54,160.85,170.49,163.31,128.14,173.64,128.15,164.6,178.63,134.91,132.83,190.86,161.24,180.2,154.31,164.63,149.38,170.02,176.82,173.8,141.75,146.43,170.45,143.02,181.72,179.94,169.21,173.77,186.69,184.24,186.42,172.59,128.3,127.6,164.44,161.49,189.03,145.01,175.28,177.45
2022-08-14,153.68,170.27,208.28,171.12,156.19,135.98,173.35,108.09,158.82,186.61,160.77,170.54,163.19,127.98,173.65,127.66,164.42,178.65,134.77,132.81,190.32,160.65,179.98,154.28,164.61,149.34,169.85,176.28,173.36,141.43,146.2,170.33,142.96,182.01,179.82,169.07,173.71,186.36,184.05,186.5,172.2,128.26,127.44,164.35,161.49,188.46,145.03,175.26,177.31
2022-08-15,153.53,170.92,208.22,171.0,156.09,135.99,173.25,108.06,158.72,186.76,160.72,170.54,163.15,127.85,173.82,127.32,164.27,178.7,134.7,132.77,189.84,160.03,179.95,154.33,164.66,149.4,169.68,175.86,172.86,141.14,146.05,170.03,142.98,182.29,179.74,168.96,173.67,185.93,184.19,186.6,171.85,128.12,127.28,164.27,161.46,187.83,144.98,175.29,177.03
2022-08-16,153.37,170.69,208.17,170.89,155.87,135.88,172.79,108.08,158.58,186.79,160.66,170.62,162.96,127.74,174.07,127.02,164.02,178.69,134.62,132.75,189.29,159.32,179.79,154.36,164.68,149.31,169.24,175.6,173.03,140.88,145.79,169.82,142.85,182.58,179.63,168.81,173.38,185.65,184.01,186.58,171.34,128.12,127.15,164.21,161.32,187.16,144.89,175.41,176.9
2022-08-17,153.24,170.92,208.15,170.87,155.74,135.83,172.6,107.98,158.54,186.99,160.6,170.7,162.83,127.53,174.1,126.84,163.85,178.48,134.49,132.75,188.89,159.0,179.73,154.36,164.84,149.29,168.91,175.65,173.23,140.71,145.54,169.54,142.79,182.48,179.67,168.7,173.4,185.41,183.92,186.51,170.91,128.19,127.11,164.02,161.42,186.5,144.81,175.46,176.72
2022-08-18,153.07,171.38,208.16,170.71,155.55,135.68,172.38,107.91,158.55,187.0,160.56,170.69,162.65,127.29,173.8,126.42,163.73,178.19,134.41,132.68,188.68,158.68,179.59,154.23,164.7,149.5,168.68,175.51,173.16,140.54,145.31,169.16,142.39,182.14,179.56,168.52,173.43,184.95,183.6,186.45,170.53,128.2,127.05,163.82,161.52,185.86,144.8,175.48,176.96
2022-08-19,152.9,172.24,208.03,170.6,155.54,135.48,171.94,107.92,158.5,187.01,160.5,170.64,162.52,127.16,173.63,126.06,163.41,177.96,134.38,132.63,188.48,158.34,179.39,154.12,164.19,149.72,168.41,175.37,172.96,140.41,145.13,168.68,142.2,181.64,179.49,168.35,173.37,184.66,183.22,186.32,170.2,128.2,126.93,163.54,161.63,185.34,144.68,175.5,177.03
2022-08-20,152.84,172.97,208.12,170.65,155.62,135.53,171.81,107.85,158.6,187.18,160.45,170.63,162.51,127.25,173.38,125.74,163.25,178.08,134.41,132.4,188.43,158.24,179.68,154.09,164.82,150.09,168.59,175.3,173.03,140.37,145.15,168.4,142.1,181.51,179.58,168.24,173.46,184.49,183.27,186.63,170.12,128.11,126.97,163.24,161.68,185.0,144.54,175.57,177.0
2022-08-21,152.7,173.82,207.71,170.58,155.58,135.26,171.46,107.78,158.61,187.16,160.28,170.56,162.42,127.24,173.02,125.54,163.08,177.93,134.42,132.21,187.96,157.94,179.58,153.99,164.71,150.11,168.39,175.02,172.94,140.33,144.89,167.79,141.93,180.96,179.53,168.06,173.47,184.21,183.03,186.48,169.89,128.0,126.96,162.95,161.56,184.56,144.41,175.6,177.04
2022-08-22,152.56,174.45,207.26,170.5,155.55,135.09,170.9,107.84,158.72,187.2,160.25,170.58,162.33,127.21,172.56,125.22,163.01,177.65,134.45,131.97,187.54,157.66,179.33,153.9,164.61,150.16,168.3,174.64,173.03,140.29,144.6,167.25,141.69,180.5,179.48,167.88,173.41,183.84,182.7,186.4,169.64,128.03,126.96,162.64,161.5,184.05,144.36,175.67,177.06
2022-08-23,152.43,174.77,206.66,170.38,155.55,134.7,170.13,107.89,158.87,187.4,160.22,170.52,162.3,127.22,171.92,124.75,162.97,177.54,134.58,131.36,186.91,157.07,179.07,153.81,164.62,149.94,168.18,174.16,173.09,140.22,144.17,166.5,141.32,180.06,179.5,167.84,173.61,183.67,182.79,186.35,169.3,128.1,126.87,162.32,161.39,183.26,144.4,175.78,176.98
2022-08-24,152.37,174.72,206.6,170.24,155.75,134.62,169.78,108.03,159.1,187.62,160.22,170.54,162.26,127.35,171.92,124.26,162.94,177.34,134.68,131.04,186.42,157.03,178.95,153.78,164.58,150.08,168.4,174.2,173.06,140.3,143.99,166.12,141.22,179.81,179.37,167.86,173.53,183.35,182.86,186.3,169.3,128.13,126.8,162.05,161.27,182.99,144.54,175.73,176.93
2022-08-25,152.35,174.5,206.64,170.14,156.11,134.53,169.22,108.09,159.21,187.99,160.17,170.63,162.11,127.57,172.11,124.29,162.98,177.46,134.66,131.02,185.97,157.04,179.19,153.84,164.66,150.16,168.52,174.6,173.05,140.39,143.84,165.81,140.91,179.72,179.3,167.85,173.41,182.95,182.79,186.28,169.37,128.29,126.79,161.67,161.03,182.84,144.71,175.66,176.84
2022-08-26,152.31,173.86,206.78,170.02,156.47,134.49,168.7,108.16,159.18,188.31,160.05,170.66,161.95,127.63,172.38,124.53,163.13,177.31,134.64,130.97,185.55,156.98,179.23,153.85,165.11,150.07,168.71,175.04,173.39,140.45,143.6,165.53,140.52,179.53,179.27,167.92,173.22,182.42,182.86,186.25,169.4,128.37,126.85,161.45,160.63,182.54,144.95,175.55,176.15
2022-08-27,152.33,173.38,206.79,169.93,156.82,134.42,168.34,108.27,159.13,188.86,159.98,170.77,161.76,127.64,172.8,124.91,163.17,177.37,134.52,131.06,185.2,156.95,179.47,153.95,165.17,149.95,168.82,175.58,173.91,140.64,143.24,165.18,140.19,179.32,179.24,167.97,172.84,181.64,182.9,186.29,169.47,128.56,126.92,161.5,160.41,182.32,145.21,175.41,175.51
2022-08-28,152.24,172.8,206.8,169.68,157.09,134.24,168.06,108.47,159.08,189.35,159.77,170.72,161.47,127.58,173.18,125.28,163.07,177.29,134.28,130.98,184.84,156.84,179.54,153.97,165.27,149.77,168.91,176.1,174.19,140.75,142.92,164.84,139.54,179.07,179.14,167.92,172.24,180.85,182.91,186.16,169.48,128.69,126.94,161.36,160.11,181.97,145.51,175.29,174.78
2022-08-29,152.12,172.66,206.69,169.44,157.27,134.04,167.69,108.7,159.0,189.59,159.59,170.62,161.1,127.56,173.63,125.59,162.86,177.22,134.2,130.91,184.48,156.61,179.45,153.98,165.23,149.4,168.78,176.53,174.34,140.78,142.55,164.38,138.88,178.77,179.0,167.85,171.94,180.35,182.82,186.05,169.39,128.72,126.87,161.14,159.75,181.51,145.73,175.1,173.99
2022-08-30,152.07,172.58,206.61,169.25,157.46,134.1,167.46,108.95,158.93,189.92,159.46,170.61,160.88,127.63,174.36,126.09,162.78,177.07,134.02,131.2,184.13,156.54,179.38,154.08,165.18,149.26,168.77,176.78,174.35,140.87,142.29,163.96,138.48,179.46,178.91,167.73,171.78,179.44,182.75,186.08,169.45,128.85,126.88,161.03,159.5,181.28,145.92,174.77,173.43
2022-08-31,152.01,172.6,206.28,169.1,157.52,134.12,167.17,109.16,158.81,190.07,159.44,170.58,160.7,127.57,174.68,126.66,162.67,177.04,134.02,131.35,183.87,156.3,179.21,154.17,165.17,148.86,168.5,176.87,174.2,140.95,142.1,163.46,137.97,180.28,178.98,167.76,171.73,178.72,182.84,186.11,169.34,128.95,126.5,160.92,159.25,180.83,146.01,174.81,173.07
2022-09-01,151.97,172.08,205.79,169.0,157.44,133.96,167.09,109.3,158.84,190.11,159.26,170.49,160.65,127.47,175.18,127.31,162.5,176.68,134.11,131.17,183.52,156.06,178.83,154.28,165.23,148.44,168.24,177.35,174.23,141.04,141.82,162.93,137.78,181.1,179.09,167.77,171.66,178.31,183.1,186.09,169.14,128.95,126.08,161.08,159.09,180.32,146.02,174.92,172.4
2022-09-02,151.86,172.1,205.09,168.87,157.33,133.83,167.11,109.38,158.79,190.23,159.09,170.45,160.53,127.38,175.14,127.76,162.17,176.42,134.16,131.06,183.33,155.89,178.69,154.41,165.09,148.14,167.74,177.97,173.93,141.06,141.55,162.37,137.69,181.86,179.01,167.62,171.59,178.22,183.07,185.97,169.01,128.95,125.61,160.96,159.11,179.87,145.97,174.92,172.11
2022-09-03,151.8,171.93,204.39,168.86,157.31,133.76,166.95,109.49,158.87,190.32,158.93,170.51,160.58,127.35,175.22,128.12,162.05,176.14,134.37,131.06,183.14,155.9,178.57,154.58,164.28,147.98,167.45,178.64,173.7,141.01,141.33,161.98,137.7,182.65,178.96,167.56,171.79,178.69,182.94,185.86,168.9,128.98,125.14,160.89,159.1,179.46,145.95,175.07,171.81
2022-09-04,151.84,172.55,203.83,169.02,157.29,133.99,166.98,109.47,159.0,190.36,158.94,170.64,160.71,127.33,175.23,128.4,161.96,176.06,134.62,131.11,183.06,156.04,178.69,154.81,163.59,147.92,167.1,179.45,173.74,141.04,141.23,161.83,138.05,183.54,179.04,167.61,172.31,179.11,182.8,185.96,168.78,129.04,124.73,160.93,159.19,179.12,146.02,175.2,171.5
2022-09-05,151.85,173.39,203.11,169.15,157.32,133.97,166.81,109.48,159.17,190.46,158.84,170.82,160.94,127.3,175.22,128.84,161.94,175.95,134.69,131.1,182.68,156.01,178.81,154.96,163.02,147.79,166.81,180.2,173.82,141.0,141.01,161.53,138.17,184.41,179.2,167.76,172.64,179.5,182.8,186.05,168.6,129.09,124.36,160.99,159.3,178.72,146.21,175.38,171.29
2022-09-06,151.75,171.33,202.45,169.09,157.28,133.81,166.76,109.42,159.12,190.29,158.63,170.83,160.89,127.18,174.86,129.2,161.75,175.84,134.67,131.02,182.55,156.05,178.95,154.94,162.4,147.58,166.34,181.11,173.88,140.96,140.93,161.28,138.12,184.3,179.24,167.9,172.75,180.05,182.86,185.91,168.42,128.99,123.92,160.9,159.32,178.4,146.22,175.57,170.83
2022-09-07,151.48,168.25,201.58,168.93,157.04,133.68,166.51,109.39,159.01,190.06,158.27,170.63,160.78,127.02,174.36,128.72,161.55,175.6,134.61,130.77,182.15,155.73,178.83,154.84,161.63,147.31,165.78,181.96,173.72,140.39,140.64,160.81,137.95,183.79,179.1,167.76,172.86,180.65,182.69,185.74,168.11,128.37,123.68,160.74,159.2,177.79,146.2,175.58,170.14
2022-09-08,151.32,167.06,200.79,168.79,156.92,133.66,165.95,109.34,158.91,189.85,158.15,170.48,160.68,126.94,174.01,128.71,161.39,175.51,134.52,130.62,181.75,155.34,178.58,154.79,160.85,146.98,165.07,182.21,173.31,140.26,140.4,160.4,137.85,183.34,179.01,167.69,173.01,181.31,182.5,185.61,167.79,128.23,123.71,160.42,158.98,177.2,146.26,175.59,169.62
2022-09-09,151.21,165.8,200.2,168.62,156.87,133.58,165.5,109.3,158.98,189.63,157.98,170.41,160.67,126.98,173.22,128.87,161.51,175.56,134.49,130.45,181.07,155.01,178.41,154.73,160.12,146.7,164.57,182.21,172.96,140.19,140.3,160.04,137.61,182.98,179.04,167.62,173.11,181.43,182.5,185.5,167.46,128.12,123.75,160.2,158.76,176.71,146.39,175.6,169.33
2022-09-10,151.11,164.95,199.89,168.49,156.83,133.42,165.22,109.32,158.94,189.32,157.92,170.29,160.59,127.02,171.66,129.23,161.49,175.55,134.35,130.18,180.39,154.64,178.11,154.66,160.26,146.4,164.08,182.01,172.49,140.2,140.17,159.73,137.3,182.83,179.12,167.64,173.3,181.24,182.69,185.41,167.11,128.01,123.77,159.88,158.45,176.15,146.54,175.52,169.06
2022-09-11,150.9,162.7,199.39,168.21,156.64,133.1,164.5,109.35,158.85,188.86,157.78,170.02,160.45,127.04,170.19,129.68,161.42,175.32,134.29,129.98,179.53,154.04,177.85,154.47,160.22,145.84,163.54,181.61,171.82,140.08,139.82,159.22,136.71,182.56,179.07,167.6,173.32,181.16,182.82,185.17,166.59,127.82,123.61,159.33,157.99,175.47,146.44,175.35,168.79
2022-09-12,150.79,160.34,199.17,168.03,156.51,133.04,164.13,109.39,158.74,188.62,157.66,169.78,160.31,127.13,168.9,130.22,161.39,175.25,134.24,129.99,178.98,153.71,177.83,154.39,160.2,145.58,163.18,181.27,171.23,140.09,139.66,159.06,136.46,182.39,179.03,167.51,173.31,181.05,182.94,184.89,166.28,127.72,123.51,158.92,157.54,174.99,146.39,175.24,168.53
2022-09-13,150.78,162.86,199.05,168.0,156.53,133.27,163.93,109.49,158.79,188.53,157.62,169.7,160.35,127.18,167.79,130.98,161.45,175.31,134.32,130.03,178.47,153.53,177.98,154.43,160.1,145.44,162.98,181.09,170.81,140.2,139.48,159.01,136.25,182.15,179.05,167.4,173.34,181.04,182.93,184.69,166.05,127.75,123.48,158.59,157.1,174.56,146.48,175.1,168.45
2022-09-14,150.78,166.31,198.8,167.94,156.69,133.2,163.46,109.47,158.84,188.58,157.64,169.64,160.39,127.36,166.66,131.87,161.46,175.55,134.3,130.14,177.86,153.34,178.27,154.31,160.07,145.13,162.63,180.42,170.77,140.57,139.24,158.98,136.01,182.21,179.16,167.45,173.37,180.81,182.88,184.5,165.72,128.13,123.58,158.07,156.74,174.2,146.61,175.01,168.52
2022-09-15,150.68,168.31,198.55,167.91,156.79,133.21,163.38,109.52,158.79,188.82,157.65,169.64,160.45,127.53,165.43,131.93,161.52,175.95,134.26,130.34,177.21,153.16,178.76,154.14,159.9,145.05,162.62,179.74,170.87,140.53,139.02,159.05,135.77,182.19,179.21,167.53,173.19,180.71,182.88,184.45,165.57,128.08,123.41,157.6,156.47,173.94,146.65,174.97,168.48
2022-09-16,150.61,169.66,198.52,168.02,157.03,133.36,163.27,109.59,158.65,188.89,157.78,169.57,160.48,127.6,164.87,131.82,161.48,176.34,134.17,130.47,176.87,153.07,179.01,154.07,159.76,145.0,162.76,179.28,170.79,140.36,138.76,159.13,135.55,182.18,179.3,167.74,173.23,180.86,182.92,184.42,165.55,128.12,123.26,157.32,156.25,173.65,146.69,175.01,168.06
2022-09-17,150.48,170.64,198.41,168.02,157.14,133.52,162.92,109.44,158.5,188.95,157.8,169.34,160.62,127.66,164.92,131.34,161.53,176.33,134.12,130.62,176.68,152.77,179.2,153.91,159.53,144.75,162.72,178.9,170.91,140.06,138.6,158.6,135.34,182.14,179.37,167.88,172.89,180.91,182.79,184.41,165.42,128.16,122.99,157.07,155.99,173.21,146.9,175.1,167.73
2022-09-18,150.43,172.2,198.52,168.07,157.32,133.84,163.07,109.45,158.24,189.21,157.83,169.26,160.75,127.78,164.93,130.81,161.71,176.66,134.11,130.74,176.61,152.63,179.34,153.84,159.25,144.69,162.84,178.59,171.19,139.88,138.51,158.47,135.29,182.16,179.47,167.99,172.8,180.91,182.77,184.55,165.53,128.29,122.91,157.23,155.87,172.92,147.04,175.22,167.46
2022-09-19,150.26,173.35,198.49,167.99,157.37,133.88,162.92,109.45,157.92,189.29,157.82,169.13,160.86,127.8,164.14,130.21,161.81,176.84,134.01,130.75,176.36,152.36,179.28,153.69,158.94,144.44,162.83,178.22,171.35,139.58,138.19,158.13,135.16,181.52,179.49,168.1,172.65,180.67,182.71,184.69,165.54,128.28,122.73,157.28,155.77,172.47,147.1,175.28,167.25
2022-09-20,150.01,172.32,198.41,167.85,157.31,133.57,162.58,109.4,157.69,189.27,157.76,168.89,160.87,127.88,163.25,129.37,161.97,176.75,133.93,130.82,176.01,151.98,179.02,153.49,158.48,144.21,162.69,177.62,171.35,139.13,137.83,157.66,134.92,180.95,179.57,168.19,172.5,180.49,182.52,184.71,165.42,128.18,122.42,157.14,155.75,171.85,147.13,175.38,166.92
2022-09-21,149.89,171.53,198.53,167.88,157.35,133.59,162.38,109.57,157.59,189.37,157.72,168.89,160.96,127.94,162.74,129.25,162.29,176.68,133.91,130.42,175.94,151.79,179.11,153.56,158.23,144.29,162.77,177.45,171.13,138.92,137.74,157.37,135.02,180.46,179.68,168.29,172.43,180.46,182.5,184.98,165.51,128.0,122.23,157.38,155.94,171.46,147.18,175.52,163.11
2022-09-22,149.72,170.88,198.62,167.82,157.32,133.54,162.0,109.75,157.67,189.39,157.72,168.83,160.97,127.89,162.66,129.02,162.48,176.42,133.89,130.38,175.85,151.59,178.83,153.6,158.04,144.1,162.69,177.2,170.86,138.59,137.44,156.98,134.78,180.42,179.8,168.41,172.6,180.16,182.21,185.09,165.39,127.69,122.09,157.44,156.09,170.99,147.12,175.55,159.32
2022-09-23,149.63,171.05,198.45,167.71,157.18,133.42,161.66,109.83,157.86,189.67,157.71,168.81,161.0,127.83,162.13,128.78,162.68,176.24,133.9,130.41,175.63,151.33,178.83,153.63,157.78,143.86,162.6,176.79,171.12,138.5,137.1,156.56,134.99,180.43,179.88,168.43,172.69,179.84,182.03,185.28,165.14,127.73,122.01,157.67,156.2,170.48,147.04,175.56,159.44
2022-09-24,149.56,170.93,198.28,167.69,157.14,133.19,161.47,110.04,158.04,189.85,157.69,168.94,160.92,127.77,161.66,128.74,162.81,176.31,133.82,130.47,175.27,151.12,178.65,153.68,157.67,143.6,162.56,176.69,170.57,138.46,136.74,156.41,134.9,180.37,179.93,168.54,172.99,179.71,181.95,185.35,165.0,127.75,122.07,157.79,156.43,170.14,146.9,175.59,159.6
2022-09-25,149.5,170.92,198.09,167.69,157.17,132.86,160.96,110.17,158.35,190.06,157.71,169.07,160.89,127.66,161.37,128.73,162.89,176.21,133.75,130.45,174.95,150.93,178.41,153.8,157.6,143.39,162.41,176.59,170.5,138.39,136.4,155.86,135.26,180.44,180.07,168.74,173.25,179.62,181.81,185.42,164.83,127.73,122.11,157.68,156.66,169.71,146.9,175.65,159.77
2022-09-26,149.49,171.01,198.16,167.74,157.23,132.84,160.72,110.29,158.76,190.39,157.74,169.17,160.83,127.55,161.76,128.74,163.05,176.22,133.74,130.51,174.83,150.84,178.38,153.96,157.49,143.3,162.35,176.51,170.38,138.39,136.23,155.45,135.8,181.06,180.16,168.74,173.51,179.67,181.64,185.52,164.67,127.88,122.24,157.53,156.8,169.46,146.98,175.7,159.86
2022-09-27,149.59,171.48,198.41,167.89,157.43,133.02,160.51,110.48,159.13,190.85,157.83,169.4,160.9,127.45,162.32,128.84,163.19,176.52,133.73,130.61,174.71,150.88,178.44,154.16,157.47,143.35,162.54,176.55,170.51,138.55,136.21,155.23,136.79,181.69,180.21,168.76,173.87,179.87,181.57,185.93,164.69,128.07,122.47,157.44,156.99,169.43,147.07,175.8,160.35
2022-09-28,149.6,171.45,198.39,167.86,157.35,133.12,160.14,110.45,159.25,191.11,157.88,169.5,160.92,127.32,162.45,128.81,163.12,176.68,133.71,131.11,174.31,150.67,178.19,154.26,157.24,143.21,162.57,176.41,170.58,138.6,135.84,154.86,137.37,182.22,180.07,168.67,174.09,180.0,181.4,185.98,164.62,128.39,122.6,157.21,157.0,169.1,147.13,175.9,164.34
2022-09-29,149.57,171.21,198.31,167.78,157.26,133.22,159.77,110.2,159.13,191.4,157.8,169.4,160.92,127.2,161.76,128.55,163.05,176.83,133.6,131.06,173.85,150.47,177.98,154.26,157.11,143.12,162.46,176.15,170.49,138.6,135.64,154.59,138.05,182.31,179.88,168.32,174.14,180.18,181.29,185.85,164.61,128.88,122.68,157.12,157.02,168.75,147.27,175.87,168.38
2022-09-30,149.43,170.52,198.34,167.73,157.02,133.13,159.36,109.98,159.01,191.58,157.68,169.24,160.86,127.13,161.56,128.27,162.92,176.81,133.49,130.96,173.39,150.21,177.56,154.21,157.22,143.07,162.43,175.95,169.99,138.48,135.45,154.36,138.32,182.34,179.78,168.05,174.09,180.2,181.13,185.62,164.62,128.88,122.61,156.65,156.95,168.4,147.44,175.88,168.93
2022-10-01,149.36,169.64,198.35,167.62,156.85,133.05,158.91,109.89,158.97,191.73,157.65,169.23,160.88,127.08,161.67,128.66,162.82,176.94,133.52,130.78,173.13,149.97,177.3,154.23,157.28,143.09,162.48,175.7,170.8,138.3,135.21,154.32,138.76,182.38,179.92,167.78,174.22,180.03,181.11,185.54,164.61,128.75,122.55,156.42,156.97,168.1,147.59,175.97,169.45
2022-10-02,149.31,168.17,198.28,167.52,156.67,133.15,158.4,109.83,159.06,191.83,157.71,169.33,160.91,127.04,161.72,128.92,162.76,177.11,133.6,130.68,172.76,149.72,176.96,154.25,157.3,142.98,162.53,175.06,170.5,138.22,135.0,154.31,138.68,182.3,179.99,167.45,174.24,180.07,181.0,185.61,164.55,128.8,122.46,156.15,156.95,167.76,147.69,176.25,169.96
2022-10-03,149.29,166.49,198.09,167.39,156.54,133.27,157.89,109.89,159.12,191.89,157.77,169.42,160.95,127.12,161.58,129.17,162.62,177.22,133.65,130.46,172.28,149.44,176.5,154.25,157.34,142.92,162.57,174.79,170.33,138.18,134.77,154.27,138.47,182.24,180.06,167.24,174.22,180.1,180.81,185.63,164.52,128.79,122.43,155.89,156.92,167.4,147.71,176.5,170.45
2022-10-04,149.14,164.61,197.38,167.14,156.3,133.15,157.27,109.81,159.12,191.77,157.74,169.43,160.92,127.14,161.33,129.38,162.41,177.06,133.51,130.12,171.94,148.93,175.85,154.23,157.3,142.67,162.42,174.24,169.91,137.94,134.34,154.05,137.8,181.98,179.86,166.95,174.16,179.86,180.8,185.34,164.35,128.62,122.35,155.61,156.87,166.71,147.64,176.69,170.64
2022-10-05,149.1,163.17,197.11,167.02,156.15,132.89,156.89,109.8,159.31,191.71,157.75,169.52,160.89,127.18,161.19,129.67,162.36,177.02,133.41,129.84,171.81,148.62,175.17,154.27,157.31,142.53,162.38,173.67,169.79,137.8,134.09,153.89,137.43,181.89,179.84,166.92,174.13,179.83,180.91,185.23,164.17,128.61,122.29,155.36,156.94,166.17,147.74,176.95,170.87
2022-10-06,149.09,161.96,196.88,166.98,156.04,132.48,156.52,110.1,159.67,191.54,157.81,169.79,160.91,127.18,161.51,130.34,162.44,176.94,133.41,129.71,171.7,148.19,174.67,154.38,157.32,142.36,162.48,173.29,169.82,137.74,133.76,153.46,137.13,181.81,179.82,167.03,173.81,179.42,181.0,185.27,163.92,128.45,122.25,155.01,156.95,165.53,147.86,177.42,171.14
2022-10-07,148.93,160.41,196.49,166.9,155.9,132.24,156.1,110.49,160.03,191.26,157.84,170.08,161.01,127.21,161.79,130.14,162.61,176.75,133.28,129.58,171.48,147.66,173.94,154.42,157.15,141.93,162.37,172.88,169.63,137.17,133.39,152.88,136.82,181.82,179.88,167.19,174.17,179.43,181.12,185.17,163.61,127.9,122.02,154.78,156.88,164.73,148.05,177.83,171.2
2022-10-08,148.9,160.47,196.32,166.84,155.85,132.13,155.88,110.85,160.3,191.21,157.85,170.18,161.11,127.22,161.91,130.07,162.78,176.71,133.2,129.53,171.17,147.18,173.42,154.46,156.96,141.57,162.24,172.31,168.86,137.15,133.11,152.35,136.91,181.87,179.74,167.26,174.39,179.57,181.18,185.14,163.35,127.96,122.04,154.51,156.88,163.95,148.19,178.18,171.16
2022-10-09,148.75,161.66,196.11,166.67,155.78,131.61,155.5,111.16,160.45,191.2,157.8,170.18,161.18,127.15,161.99,129.89,162.85,176.43,133.05,129.5,170.84,146.58,172.73,154.4,156.73,141.17,162.09,171.98,168.71,136.97,132.73,151.68,136.94,181.82,179.51,167.25,174.57,179.28,181.2,184.88,163.07,127.82,122.07,154.11,156.82,163.16,148.35,178.35,171.0
2022-10-10,148.66,163.26,196.24,166.68,155.78,131.06,155.31,111.38,160.63,191.23,157.78,170.23,161.33,127.02,162.12,129.69,162.98,176.2,132.95,129.52,170.7,146.05,172.14,154.39,156.54,140.82,161.97,171.42,168.57,136.85,132.45,151.1,136.97,181.83,179.45,167.37,174.85,178.97,181.31,184.61,162.85,127.62,122.05,153.82,156.9,162.52,148.58,178.67,170.86
2022-10-11,148.66,164.79,196.78,166.77,155.78,130.74,155.19,111.71,160.85,191.4,157.8,170.29,161.51,126.96,162.17,129.44,163.2,176.08,133.06,129.6,170.55,145.71,171.71,154.37,156.55,140.55,161.91,171.13,168.51,136.92,132.28,150.68,137.32,180.97,179.66,167.58,175.05,178.74,181.37,184.49,162.69,127.5,122.11,153.83,156.91,162.09,148.98,179.14,170.62
2022-10-12,148.59,166.39,196.91,166.8,155.92,130.39,154.95,112.15,161.1,191.66,157.81,170.36,161.7,126.77,162.17,129.33,163.36,175.8,133.17,129.65,170.25,145.18,171.24,154.39,156.5,140.18,161.83,170.75,168.19,136.86,131.93,150.1,137.6,179.92,179.82,167.59,175.39,178.22,181.41,184.27,162.56,127.28,121.99,153.83,157.05,161.58,149.42,179.5,170.38
2022-10-13,148.63,168.03,197.11,166.88,155.96,130.29,154.82,112.34,161.33,192.05,157.84,170.46,161.95,126.76,162.24,129.52,163.59,175.73,133.29,129.64,170.06,144.9,170.96,154.51,156.33,140.0,161.83,170.43,168.06,136.86,131.67,149.86,137.98,178.93,180.12,167.83,176.16,178.26,181.81,184.08,162.51,127.37,121.96,153.95,157.37,161.19,149.83,180.01,170.19
2022-10-14,148.78,170.12,197.35,166.89,155.99,130.14,154.9,112.55,161.55,192.52,157.87,170.57,162.11,126.72,162.24,130.73,163.71,175.82,133.55,129.71,169.94,144.67,170.91,154.63,156.24,140.03,161.83,170.28,168.06,137.42,131.45,149.86,138.37,177.89,180.27,167.96,176.2,177.84,182.06,183.96,162.54,127.85,122.01,154.11,157.52,161.03,150.18,180.69,170.11
2022-10-15,148.71,170.85,197.31,166.84,155.82,129.81,154.79,112.63,161.92,192.87,157.93,170.76,162.22,126.79,162.17,130.99,163.84,175.64,133.61,129.86,169.71,144.34,170.49,154.7,155.82,140.01,161.75,169.89,167.62,137.31,131.18,149.69,138.59,176.72,180.23,167.97,176.45,177.17,182.24,183.68,162.53,127.88,121.76,154.03,157.69,160.67,150.54,181.48,170.19
2022-10-16,148.78,170.93,197.45,166.96,155.89,129.88,155.18,112.72,162.29,193.41,157.97,171.0,162.36,126.92,162.13,131.51,164.04,175.77,133.73,129.96,169.72,144.29,170.55,154.96,156.0,140.14,161.82,169.91,167.42,137.41,131.06,149.89,138.93,175.71,180.36,168.08,176.76,176.75,182.55,183.51,162.69,127.96,121.54,154.28,157.98,160.5,150.92,182.26,170.3
2022-10-17,148.73,170.46,197.22,166.88,155.7,129.8,155.04,112.7,162.56,193.95,157.94,171.19,162.46,127.01,162.21,131.83,164.18,175.81,133.81,130.04,169.52,144.05,170.39,155.03,156.26,140.07,161.81,169.75,167.12,137.37,130.85,149.86,139.15,174.63,180.45,168.19,177.06,176.46,182.99,183.34,162.7,128.25,121.35,154.48,158.12,160.14,151.23,182.92,170.44
2022-10-18,148.69,170.36,197.09,166.82,155.64,129.81,155.27,112.8,162.8,194.46,157.95,171.39,162.56,127.21,162.44,132.11,164.42,175.8,133.95,130.15,169.38,143.85,170.36,155.17,156.44,140.03,161.93,169.53,166.83,137.48,130.66,149.85,139.13,174.7,180.47,168.25,177.56,176.18,183.37,183.01,162.76,128.52,121.08,154.51,158.31,159.82,151.69,183.58,170.63
2022-10-19,148.64,170.04,196.99,166.7,155.39,129.95,155.43,112.86,162.89,194.88,157.94,171.5,162.57,127.48,162.72,132.01,164.49,175.96,134.07,130.27,169.26,143.55,170.36,155.18,156.65,139.99,162.06,169.44,166.54,137.67,130.61,149.85,139.17,174.71,180.35,168.23,177.86,175.92,183.74,182.82,162.77,128.77,120.87,154.59,157.92,159.55,151.93,184.41,170.49
2022-10-20,148.53,169.69,196.68,166.55,155.18,129.97,155.52,113.0,162.86,195.04,157.95,171.53,162.62,127.65,162.81,131.66,164.48,175.89,134.18,130.36,169.11,143.04,170.15,155.2,156.77,139.85,161.9,169.37,166.32,137.73,130.52,149.62,139.0,174.86,180.23,168.14,178.22,175.59,183.77,182.61,162.72,128.8,120.59,154.5,157.73,159.16,152.15,184.53,170.73
2022-10-21,148.47,168.99,196.15,166.45,155.16,130.06,155.52,113.14,163.01,195.19,158.06,171.58,162.72,127.84,163.08,131.21,164.62,175.68,134.37,130.42,168.96,142.65,169.96,155.28,156.87,139.73,161.8,169.15,166.03,137.78,130.45,149.5,138.97,175.02,180.11,168.06,178.58,175.35,183.86,182.54,162.64,128.97,120.53,154.34,157.76,158.74,152.4,184.57,171.03
2022-10-22,148.2,168.25,195.58,166.09,154.83,129.92,154.87,113.34,163.08,194.77,157.85,171.35,162.58,127.62,163.5,130.55,164.43,174.8,134.53,130.16,168.18,141.72,168.96,154.99,156.23,139.23,161.37,168.18,165.63,137.71,130.01,148.66,138.25,174.74,179.77,167.75,178.79,175.17,183.71,181.64,162.11,128.81,120.16,153.65,157.63,157.79,152.52,184.34,171.42
2022-10-23,148.04,167.48,195.34,165.93,154.71,129.91,154.35,113.5,163.13,194.72,157.85,171.36,162.67,127.59,163.98,129.84,164.46,174.57,134.71,130.0,167.83,141.03,168.46,154.9,155.99,138.95,161.22,167.3,165.4,137.65,129.82,148.15,138.09,174.89,179.78,167.72,179.03,175.01,183.79,181.48,161.78,128.71,120.01,153.44,157.58,157.27,152.74,184.21,171.93
2022-10-24,147.94,167.12,195.11,165.87,154.76,130.12,154.38,113.73,163.23,194.63,158.01,171.42,162.72,127.63,164.46,129.26,164.5,174.44,134.85,129.46,167.61,140.58,168.22,154.95,155.74,138.82,161.11,166.82,165.19,137.74,129.68,147.88,138.1,175.06,179.82,167.65,179.18,174.97,183.84,181.25,161.56,128.52,119.82,153.34,157.51,156.86,152.95,184.08,172.52
2022-10-25,147.83,166.79,194.79,165.76,154.76,130.21,154.09,113.82,163.28,194.65,158.13,171.44,162.76,127.59,164.94,128.72,164.4,174.31,134.93,129.39,167.34,140.11,167.9,155.03,155.38,138.6,160.99,166.42,165.02,137.63,129.51,147.65,138.12,175.09,179.93,167.51,177.6,174.97,183.74,181.22,161.31,128.44,119.67,153.18,157.52,156.45,152.99,183.81,173.05
2022-10-26,147.74,166.67,194.52,165.72,154.82,130.18,153.82,113.94,163.36,194.5,158.24,171.59,162.86,127.51,165.31,128.52,164.42,174.07,135.01,129.38,167.04,139.68,167.52,155.08,155.04,138.34,160.64,166.31,164.97,137.48,129.34,147.4,137.9,175.22,180.18,167.51,176.01,175.08,183.55,181.05,161.12,128.29,119.64,153.04,157.76,155.97,153.01,183.42,173.95
2022-10-27,147.69,166.54,194.43,165.69,154.93,130.15,153.55,114.53,163.68,194.68,158.26,171.82,162.9,127.48,165.72,128.26,164.5,173.9,135.05,129.36,166.8,139.31,167.3,155.13,154.88,138.13,160.61,165.85,164.73,137.42,129.19,147.19,137.73,175.09,180.32,167.42,176.07,175.06,183.62,181.04,161.05,128.3,119.69,152.89,157.63,155.74,153.14,183.55,174.41
2022-10-28,147.58,166.4,194.55,165.71,154.89,130.07,152.84,115.17,163.78,194.84,158.28,172.01,162.89,127.33,166.19,127.88,164.51,173.73,135.0,129.39,166.54,138.94,166.98,155.16,154.78,137.87,160.44,165.39,164.5,137.28,128.94,146.67,137.52,174.92,180.5,167.27,176.18,174.87,183.71,180.91,160.9,128.25,119.64,152.78,157.69,155.38,153.14,183.61,174.86
2022-10-29,147.74,166.81,194.77,165.99,155.18,130.29,152.8,115.75,163.84,195.47,158.55,172.31,163.11,127.48,166.5,127.83,164.8,174.41,135.04,129.98,166.92,139.3,167.68,155.55,155.77,137.97,160.69,165.94,164.58,137.48,129.04,147.07,137.77,175.17,180.97,167.39,176.32,174.87,183.96,181.66,161.17,128.77,119.95,153.38,157.64,155.72,153.27,183.78,175.1
2022-10-30,147.75,167.15,194.64,165.95,155.12,130.02,152.35,116.37,163.83,195.67,158.6,172.48,163.07,127.45,166.67,127.85,164.76,174.33,135.01,130.37,166.78,139.3,167.66,155.63,155.8,137.72,160.64,166.21,164.32,137.52,128.84,146.91,137.42,174.92,180.97,167.21,176.37,174.8,184.01,181.71,161.12,129.18,120.01,153.27,157.66,155.5,153.33,183.8,175.37
2022-10-31,147.74,167.15,194.56,165.86,155.1,129.71,151.7,117.06,164.06,195.92,158.55,172.67,163.05,127.37,166.52,127.9,164.83,174.18,135.01,131.17,166.68,139.24,167.72,155.78,155.76,137.43,160.65,166.05,164.24,137.49,128.62,146.72,136.92,174.63,180.93,167.03,176.43,174.59,184.05,181.82,161.09,129.5,120.11,153.09,157.85,155.37,153.48,183.81,175.55
2022-11-01,147.73,166.21,194.48,165.94,154.9,129.28,150.94,118.23,164.35,196.17,158.43,172.72,163.05,127.19,166.65,128.2,164.84,174.06,134.78,131.21,166.49,139.14,167.65,155.63,155.79,137.06,160.35,166.17,163.89,137.35,128.38,146.14,136.21,174.36,180.69,167.05,178.2,174.11,184.27,181.96,160.94,129.68,120.2,152.96,157.8,155.08,153.6,183.93,175.74
2022-11-02,147.77,165.05,194.32,166.22,154.68,128.82,149.92,119.37,164.8,196.64,158.41,172.74,163.1,127.13,166.58,128.32,164.81,174.07,134.59,131.22,166.28,139.01,167.56,155.91,155.6,136.71,160.34,165.91,163.75,137.3,128.04,145.62,135.4,173.98,180.44,166.93,179.88,173.52,184.36,182.17,160.72,129.85,120.18,152.76,158.02,154.46,153.78,183.83,175.68
2022-11-03,147.75,164.51,194.18,166.44,154.43,128.37,149.29,120.0,165.07,196.79,158.43,172.68,163.09,127.03,167.31,128.68,164.68,174.09,134.56,131.27,166.06,139.02,167.23,156.02,155.26,136.36,160.19,165.95,163.62,137.23,127.68,145.09,134.66,173.72,180.41,166.88,179.84,173.12,184.45,182.22,160.3,129.98,120.1,152.69,158.24,153.58,153.75,183.78,175.62
2022-11-04,147.83,164.7,194.1,166.7,154.21,128.14,149.03,120.15,165.44,197.21,158.56,172.66,163.17,127.01,168.02,129.15,164.58,174.29,134.61,131.41,165.87,139.11,166.99,156.31,154.77,136.03,160.18,166.21,163.51,137.28,127.4,144.68,133.89,173.43,180.43,166.98,180.0,173.29,184.63,182.47,160.04,130.36,120.16,152.69,158.18,152.89,153.72,183.8,175.44
2022-11-05,147.87,164.18,194.02,166.97,154.0,127.91,148.5,120.35,165.85,197.68,158.57,172.67,163.19,126.95,168.97,129.53,164.51,174.41,134.55,131.21,165.57,139.1,166.7,156.49,154.34,135.78,160.0,166.37,163.27,137.13,127.12,144.17,133.15,173.14,180.55,167.03,180.05,173.39,184.87,182.61,159.8,130.36,120.12,152.65,158.16,152.03,153.68,183.77,175.45
2022-11-06,147.88,163.62,193.9,167.24,153.87,127.83,148.43,120.6,166.4,198.3,158.6,172.62,163.25,126.84,170.08,129.93,164.55,174.56,134.48,131.12,165.24,139.1,166.36,156.72,153.98,135.59,159.8,166.45,163.1,136.98,126.85,143.68,132.38,172.84,180.71,167.17,180.09,173.54,185.04,182.56,159.56,130.46,120.05,152.64,157.98,151.28,153.51,183.75,175.33
2022-11-07,147.81,162.59,193.82,167.66,153.77,127.73,148.28,120.75,166.72,198.79,158.72,172.5,163.35,126.77,171.5,129.33,164.52,174.91,134.5,131.06,164.87,139.12,165.96,156.93,153.6,135.4,159.52,166.73,162.87,136.24,126.64,143.21,131.7,172.57,180.93,167.31,180.12,173.63,185.15,182.77,159.32,130.01,119.69,152.73,157.81,150.45,153.27,183.8,175.25
2022-11-08,147.95,163.21,193.67,167.78,153.69,127.76,148.33,119.99,167.03,199.03,158.9,172.59,163.37,126.76,172.52,129.32,164.53,175.3,134.83,131.31,164.51,139.15,165.68,157.44,153.33,135.37,159.4,166.59,162.9,136.39,126.48,143.13,131.28,172.36,181.34,167.43,180.11,174.05,185.23,182.92,159.17,130.3,119.69,152.8,157.85,149.69,153.56,183.72,175.18
2022-11-09,148.04,164.42,193.67,167.71,153.65,127.84,148.64,119.24,167.22,199.1,159.05,172.62,163.37,126.69,173.96,129.39,164.56,175.51,135.07,131.56,164.14,139.3,165.38,157.55,153.17,135.37,159.1,166.46,162.91,136.39,126.29,142.93,130.96,172.17,181.69,167.68,180.22,174.57,185.4,182.97,159.07,130.65,119.72,152.81,157.53,149.22,153.8,183.82,175.16
2022-11-10,148.14,164.6,193.73,167.69,153.73,127.98,148.64,118.58,167.5,199.45,159.13,172.69,163.46,126.54,174.53,129.35,164.51,175.85,135.18,131.71,163.74,139.21,165.2,157.73,153.04,135.29,158.83,166.17,162.92,136.37,126.2,142.85,130.51,172.04,181.87,167.91,180.43,174.99,185.48,183.04,159.06,130.94,119.71,152.83,157.31,148.77,154.18,183.91,175.17
2022-11-11,148.12,164.47,193.81,167.47,153.76,127.84,148.5,118.24,167.68,199.27,158.97,172.58,163.49,126.31,174.76,129.09,164.39,175.84,135.17,131.64,163.2,138.9,164.86,157.63,152.91,135.12,158.34,165.53,162.86,136.24,125.97,142.66,130.14,171.93,181.85,168.02,180.38,175.07,185.4,182.79,158.88,130.88,119.55,152.7,157.22,148.18,154.56,183.93,175.16
2022-11-12,148.15,164.53,193.9,167.18,153.68,127.68,148.79,117.98,167.82,199.62,158.85,172.6,163.48,126.11,173.73,128.87,164.3,175.93,135.25,131.47,162.86,138.6,164.67,157.64,152.67,135.0,157.84,164.89,162.74,136.23,125.83,142.59,129.83,171.89,181.83,168.21,180.32,175.26,185.35,182.59,158.8,130.94,119.49,152.64,157.11,147.82,154.97,184.01,174.9
2022-11-13,148.16,164.79,193.87,166.91,153.52,127.57,148.47,117.66,167.86,199.75,158.77,172.54,163.45,125.94,172.63,128.65,164.15,175.9,135.38,131.37,162.49,138.23,164.44,157.57,152.48,134.84,157.28,164.32,162.6,136.19,125.64,142.49,129.61,171.83,181.82,168.36,180.3,175.52,185.24,182.49,158.7,130.97,119.35,152.55,157.07,147.31,155.4,184.13,174.63
2022-11-14,148.25,165.99,193.77,166.53,153.3,127.46,147.97,117.11,167.98,199.87,158.55,172.57,163.4,125.8,171.51,129.6,163.95,175.72,135.48,131.26,162.11,137.79,164.18,157.49,152.29,134.71,156.71,163.84,162.5,136.81,125.41,142.28,129.34,171.78,181.77,168.5,180.3,175.75,185.17,182.17,158.58,131.64,119.52,152.37,156.83,146.75,155.87,184.22,174.33
2022-11-15,148.19,165.93,193.75,166.35,153.15,127.27,147.76,116.98,168.12,200.59,158.35,172.56,163.43,125.72,170.29,129.68,163.68,175.6,135.42,131.01,161.74,137.38,163.97,157.31,152.15,134.59,156.23,163.22,162.3,136.65,125.17,141.94,128.93,171.69,181.74,168.62,180.22,175.87,185.16,181.85,158.44,131.45,119.4,152.1,156.64,146.28,155.87,184.34,174.05
2022-11-16,148.16,165.49,193.66,166.24,153.26,127.06,147.77,117.08,168.19,201.52,158.22,172.55,163.44,125.68,168.99,129.77,163.45,175.63,135.45,130.72,161.49,137.03,163.87,157.17,152.08,134.38,155.89,163.0,162.03,136.6,125.08,141.48,128.52,171.71,181.82,168.78,180.72,176.12,185.34,181.63,158.42,131.53,119.34,151.95,156.52,145.94,155.84,184.54,174.04
2022-11-17,148.11,165.36,193.48,166.06,153.14,126.67,147.68,117.05,168.08,202.26,158.23,172.48,163.38,125.62,167.88,129.64,163.33,175.5,135.46,130.52,161.18,136.82,163.64,157.12,152.06,134.18,155.63,162.73,161.69,136.59,124.87,140.94,128.17,171.62,181.91,168.92,181.05,176.38,185.52,181.29,158.33,131.63,119.28,151.81,156.3,145.68,155.78,184.54,173.88
2022-11-18,148.05,165.05,193.16,165.95,153.13,126.26,147.34,117.0,167.81,203.13,158.25,172.49,163.2,125.59,166.91,129.75,163.15,175.74,135.48,130.42,160.95,136.62,163.58,157.14,152.1,134.03,155.56,162.59,161.43,136.64,124.73,140.44,127.76,171.48,182.0,169.02,181.38,176.42,185.71,181.16,158.17,131.67,119.13,151.74,156.02,145.39,155.63,184.4,173.82
2022-11-19,147.88,164.91,192.65,165.76,153.08,125.73,146.76,116.94,167.56,203.46,158.25,172.42,163.02,125.49,166.85,129.75,162.89,175.73,135.46,130.21,160.31,136.17,163.28,157.02,151.86,133.66,155.44,162.36,160.99,136.66,124.38,139.67,126.84,171.14,181.88,169.07,181.83,176.31,185.82,180.77,157.75,131.57,118.9,151.42,155.76,144.91,155.55,184.2,173.74
2022-11-20,147.8,164.66,192.2,165.66,153.14,125.41,146.61,116.96,167.44,204.01,158.32,172.41,162.86,125.46,166.75,129.65,162.79,175.95,135.47,130.18,159.94,135.93,163.18,156.94,151.99,133.56,155.51,162.3,160.54,136.78,124.22,139.09,126.36,171.0,181.99,169.18,182.18,176.12,186.12,180.53,157.35,131.53,118.84,151.28,155.42,144.59,155.61,183.95,173.71
2022-11-21,147.73,164.11,192.07,165.63,153.3,125.07,146.65,117.25,167.27,204.58,158.45,172.26,162.81,125.41,166.77,129.08,162.69,176.28,135.48,130.14,159.53,135.72,163.07,156.86,152.1,133.36,155.57,162.22,160.04,136.85,124.04,138.46,125.92,170.85,182.08,169.29,182.56,176.03,186.32,180.27,157.06,131.43,118.74,151.09,155.19,144.26,155.56,183.8,173.16
2022-11-22,147.67,163.92,191.91,165.52,153.38,124.87,146.26,117.47,167.03,204.81,158.44,172.06,162.65,125.27,166.96,128.55,162.76,176.72,135.45,130.08,159.16,135.53,162.93,156.88,152.07,133.03,155.6,162.21,159.69,137.0,123.82,137.98,125.63,170.65,182.11,169.42,183.0,175.84,186.43,180.05,156.83,131.59,118.63,151.11,154.84,143.9,155.41,183.62,172.7
2022-11-23,147.55,163.91,191.72,165.31,153.15,124.66,145.74,117.42,166.66,204.74,158.32,171.79,162.55,125.09,167.12,127.97,162.86,176.9,135.28,130.11,158.71,135.25,162.71,156.84,152.1,132.84,155.57,161.9,159.27,137.07,123.53,137.69,125.36,170.44,182.22,169.56,183.05,175.69,186.54,179.73,156.48,131.59,118.46,150.97,154.62,143.63,155.03,183.36,171.97
2022-11-24,147.4,163.04,191.49,165.03,152.98,124.6,145.27,117.49,166.18,204.45,158.06,171.5,162.46,124.94,167.1,127.64,162.86,176.82,135.08,130.1,158.17,134.88,162.54,156.69,152.2,132.71,155.46,161.72,158.97,137.01,123.3,137.43,125.18,170.26,182.21,169.65,183.05,175.35,186.59,179.53,156.21,131.44,118.29,150.88,154.39,143.31,154.47,183.28,171.28
2022-11-25,147.29,159.54,191.38,164.81,152.72,124.6,145.03,117.63,165.72,204.32,157.92,171.24,162.42,124.75,167.06,127.18,162.87,176.78,134.9,130.1,157.63,134.64,162.43,156.56,152.33,132.65,155.29,161.64,158.7,136.88,123.09,137.28,124.91,170.14,182.25,169.79,183.0,175.2,186.64,179.24,156.04,131.49,118.23,150.76,154.16,143.16,153.95,183.35,170.58
2022-11-26,147.24,156.27,191.5,164.67,152.56,124.69,144.87,117.68,165.2,204.15,157.76,171.01,162.42,124.65,167.05,126.8,162.86,176.92,134.7,130.23,157.4,134.56,162.47,156.49,152.61,132.48,155.26,161.63,158.56,136.78,123.0,137.33,125.11,170.17,182.44,169.88,182.98,175.05,186.78,179.18,156.03,131.54,118.23,150.86,153.99,143.14,153.35,183.34,169.92
2022-11-27,147.12,152.66,191.66,164.51,152.3,124.57,144.47,117.72,164.72,203.74,157.55,170.75,162.4,124.43,167.06,126.53,162.74,176.89,134.54,130.04,156.87,134.23,162.3,156.47,152.54,132.15,155.08,161.41,158.45,136.61,122.73,137.16,124.86,170.04,182.44,169.93,183.06,174.91,186.69,179.03,155.97,131.54,118.14,150.68,153.76,142.95,152.62,183.36,169.23
2022-11-28,146.98,152.28,191.54,164.28,151.95,124.49,144.13,117.72,164.25,203.43,157.33,170.67,162.28,124.15,167.01,126.52,162.71,176.73,134.34,130.02,156.41,133.94,162.07,156.41,152.65,131.95,154.98,161.17,158.3,136.44,122.49,137.06,124.64,169.94,182.42,169.92,183.11,174.72,186.66,178.85,155.79,131.44,118.07,150.56,153.68,142.75,152.1,183.32,169.01
2022-11-29,146.78,151.88,191.2,164.01,151.67,124.21,143.77,117.81,163.88,203.1,157.13,170.61,162.21,124.02,167.01,126.76,162.63,176.27,134.14,130.19,155.97,133.58,161.74,156.29,152.73,131.84,155.09,160.97,158.14,136.2,122.3,136.73,124.44,170.0,182.44,169.9,183.09,174.35,186.38,178.62,155.54,131.29,117.98,150.3,153.56,142.66,151.53,183.32,168.71
2022-11-30,146.65,151.04,191.14,163.83,151.51,124.01,143.5,117.86,163.69,202.56,156.99,170.53,162.12,123.97,167.02,127.1,162.55,175.94,133.98,130.23,155.57,133.32,161.51,156.22,152.78,131.54,154.85,160.91,157.9,136.0,122.16,136.37,124.41,169.98,182.37,169.84,182.82,174.25,186.26,178.36,155.3,131.16,117.89,150.11,153.47,142.51,151.19,183.33,168.57
2022-12-01,146.47,150.46,191.01,163.64,151.41,123.75,143.08,118.04,163.51,202.25,156.74,170.4,161.96,123.94,166.92,127.58,162.44,175.96,133.78,130.27,155.13,133.02,161.33,156.05,152.65,131.21,154.46,160.87,157.58,135.92,121.92,136.01,124.11,169.91,182.22,169.59,182.43,174.24,186.33,177.97,154.98,131.08,117.75,149.87,153.44,142.36,150.98,183.24,168.49
2022-12-02,146.23,154.76,190.87,163.4,151.31,123.46,142.62,118.12,163.41,201.43,156.43,170.29,161.83,123.81,166.88,127.74,162.4,175.76,133.44,130.24,154.69,132.65,160.98,155.88,152.51,130.68,154.06,160.65,157.28,135.41,121.7,135.61,123.71,169.75,182.05,169.27,182.09,174.19,186.21,177.67,154.59,131.06,117.62,149.56,153.47,141.94,150.94,183.19,168.47
2022-12-03,146.05,157.94,190.72,163.3,151.29,123.24,142.33,118.45,163.43,201.02,156.15,170.2,161.77,123.43,166.83,127.93,162.51,175.53,133.24,130.08,154.53,132.35,160.65,155.86,152.4,130.39,153.81,160.5,157.0,134.91,121.52,135.34,123.46,169.57,182.07,169.27,181.63,174.01,186.06,177.49,154.32,130.85,117.52,149.32,153.54,141.49,150.9,183.25,168.43
2022-12-04,145.81,160.61,190.49,163.1,151.2,122.9,141.98,118.78,163.36,200.3,155.81,169.98,161.65,123.2,166.73,128.36,162.54,175.17,132.88,129.95,154.28,132.01,160.3,155.65,152.34,129.96,153.49,160.26,156.7,134.33,121.31,135.04,123.16,169.35,181.88,169.06,181.18,174.0,185.86,177.2,154.03,130.85,117.38,149.01,153.63,140.94,150.85,183.37,168.46
2022-12-05,145.67,159.76,190.29,162.96,151.14,122.58,141.7,119.0,163.2,199.8,155.46,169.84,161.57,123.02,166.7,128.74,162.59,175.07,132.61,129.68,154.08,131.7,160.02,155.6,152.2,129.57,153.24,159.98,156.6,133.81,121.09,134.85,122.9,169.1,181.71,168.91,180.8,174.11,185.78,177.02,153.84,130.98,117.24,148.79,153.61,140.54,150.67,183.51,168.58
2022-12-06,145.48,159.54,190.32,162.83,151.01,122.36,141.51,119.28,163.01,199.21,155.2,169.65,161.46,122.75,166.64,128.86,162.53,175.06,132.36,129.54,153.65,131.29,159.77,155.54,152.13,129.02,152.91,159.85,156.43,133.21,120.77,134.74,122.42,168.79,181.47,168.73,180.42,174.44,185.91,176.83,153.66,130.97,117.09,148.49,153.69,139.83,150.47,183.62,168.61
2022-12-07,145.05,157.99,190.01,162.61,150.72,122.05,141.01,119.74,162.81,198.89,154.94,169.54,161.34,122.35,166.51,127.56,162.4,174.93,132.22,129.46,153.08,130.7,159.33,155.47,151.81,128.53,152.82,159.44,156.43,132.12,120.38,134.53,121.77,168.36,181.13,168.4,180.22,174.38,185.75,176.72,153.49,130.1,116.64,148.16,153.75,138.95,150.21,183.68,168.6
2022-12-08,144.79,157.64,189.73,162.35,150.41,121.78,140.79,120.66,162.71,198.64,154.77,169.48,161.22,121.82,166.37,127.02,162.26,174.63,131.99,129.37,152.47,130.12,158.95,155.48,151.95,127.98,152.8,158.9,156.33,131.51,119.99,134.24,121.26,167.91,180.8,168.26,179.96,174.07,185.39,176.66,153.33,129.56,116.45,147.79,153.72,138.17,150.05,183.91,168.57
2022-12-09,144.73,156.24,189.58,162.36,150.28,121.68,140.8,121.74,162.78,198.84,154.73,169.63,161.23,121.73,166.44,126.98,162.15,174.63,132.03,129.47,152.11,129.53,158.9,155.67,152.26,127.69,153.01,158.78,156.43,131.44,119.76,133.98,120.99,167.83,181.04,168.57,180.11,174.12,185.45,176.62,153.3,129.28,116.22,147.62,153.82,137.58,149.87,184.22,168.62
2022-12-10,144.52,155.56,189.29,162.16,150.02,121.44,140.53,122.43,162.67,198.7,154.64,169.67,161.14,121.75,166.59,126.99,161.76,174.36,131.93,129.69,151.45,128.8,158.63,155.67,152.3,127.48,153.11,158.37,156.34,131.26,119.43,133.45,120.36,167.67,180.86,168.52,180.26,174.09,185.46,176.36,153.09,128.82,115.82,147.19,153.8,136.85,149.73,184.45,168.65
2022-12-11,144.42,156.08,189.21,162.18,149.89,121.31,140.42,123.03,162.61,198.92,154.65,169.88,161.13,121.74,166.83,126.51,161.55,174.33,131.96,129.92,151.05,128.27,158.48,155.85,152.56,127.44,153.32,158.22,156.48,131.15,119.16,133.13,120.06,167.7,180.99,168.67,180.49,173.8,185.67,176.35,152.97,128.45,115.55,146.98,153.98,136.35,149.57,184.62,168.81
2022-12-12,144.27,157.03,189.14,162.12,149.76,121.31,140.36,123.77,162.7,198.89,154.65,169.98,161.12,121.61,167.05,126.01,161.35,174.13,131.9,130.2,150.51,127.77,158.3,155.84,152.85,127.37,153.54,157.94,156.42,131.0,118.85,132.81,119.76,167.73,181.18,168.91,180.78,173.44,185.8,176.11,152.79,127.98,115.31,146.72,154.14,135.67,149.52,184.82,168.91
2022-12-13,144.21,157.53,189.12,162.16,149.76,121.3,140.25,124.43,162.82,198.99,154.68,170.15,161.17,121.62,167.3,125.37,161.28,174.06,131.95,130.22,150.02,127.31,158.24,155.92,153.3,127.54,153.66,157.5,156.51,130.91,118.65,132.61,119.7,167.81,181.5,169.21,181.18,173.14,186.05,176.02,152.61,127.76,114.92,146.65,154.36,135.21,149.69,185.15,168.95
2022-12-14,144.46,159.53,189.23,162.3,149.89,121.37,140.35,125.07,162.95,199.49,154.73,170.35,161.32,121.84,167.6,126.22,161.27,174.22,132.1,130.29,149.88,127.13,158.37,156.14,153.8,127.86,154.03,157.31,156.62,131.46,118.55,132.59,119.72,168.1,181.91,169.76,181.57,172.82,186.47,175.99,152.66,128.44,115.06,146.71,154.55,135.16,150.11,185.57,169.14
2022-12-15,144.57,160.77,189.32,162.56,150.07,121.34,140.04,125.17,163.04,199.62,154.82,170.55,161.33,122.32,168.06,126.02,161.24,174.47,132.25,130.25,149.86,126.92,158.35,156.28,153.65,128.17,154.42,157.13,156.73,131.52,118.44,132.42,119.73,168.43,182.42,170.2,182.17,172.72,186.91,175.87,152.67,128.89,114.94,146.79,154.77,134.86,150.51,185.92,169.2
2022-12-16,144.5,160.89,189.22,162.58,150.03,121.12,139.68,124.63,163.05,199.54,154.81,170.53,161.28,122.45,168.24,125.62,161.16,174.42,132.18,130.05,149.54,126.79,158.01,156.23,153.17,128.3,154.48,156.47,156.47,131.51,118.07,132.11,119.67,168.39,182.47,170.29,182.52,172.26,187.17,175.67,152.59,128.84,114.88,146.69,154.69,134.56,150.87,186.15,169.18
2022-12-17,144.54,161.17,189.26,162.68,150.03,120.88,139.67,123.76,163.19,199.37,154.69,170.56,161.36,122.97,168.41,124.96,161.2,174.46,132.12,129.94,149.27,126.7,157.62,156.25,153.11,128.28,154.59,156.23,156.63,131.76,117.72,131.96,119.75,168.38,182.74,170.48,183.05,172.18,187.56,175.51,152.52,129.47,114.93,146.64,154.85,134.32,151.21,186.62,169.26
2022-12-18,144.5,161.06,189.02,162.61,149.93,120.68,139.44,122.96,163.19,199.05,154.51,170.5,161.36,123.43,168.47,124.64,161.19,174.37,132.01,129.78,148.78,126.53,157.22,156.17,152.85,128.22,154.46,155.85,156.49,131.94,117.43,131.64,119.6,168.22,182.79,170.51,183.42,172.18,187.75,175.22,152.34,129.75,114.98,146.5,154.83,134.03,151.56,187.09,169.25
2022-12-19,144.45,160.93,188.83,162.63,149.84,120.39,139.05,122.13,163.2,198.82,154.38,170.48,161.27,123.98,168.5,124.4,161.06,174.19,131.93,129.57,148.29,126.19,156.76,156.14,152.48,128.09,154.26,155.59,156.5,132.11,117.17,131.23,119.42,168.13,182.81,170.44,183.76,172.29,187.94,175.05,152.12,130.12,114.98,146.35,154.68,133.77,152.02,187.43,169.24
2022-12-20,144.35,160.63,188.57,162.6,149.77,120.07,138.73,121.07,163.09,198.55,154.22,170.39,161.19,124.35,168.42,124.31,160.95,174.02,131.66,129.5,148.08,125.95,156.22,156.01,151.91,127.83,154.04,155.37,156.36,132.24,116.78,130.83,118.94,167.9,182.83,170.55,184.0,172.37,188.15,174.72,151.95,130.21,115.07,146.16,154.49,133.52,152.2,188.05,169.31
2022-12-21,144.19,160.24,188.23,162.66,149.81,119.72,138.5,120.03,163.07,198.07,154.09,170.31,161.18,124.6,168.37,124.13,160.85,174.12,131.25,129.43,147.69,125.56,155.74,155.79,151.57,127.53,153.76,155.19,156.13,132.22,116.42,130.33,118.6,167.71,182.8,170.67,184.16,172.59,188.19,174.39,151.62,130.13,114.96,145.94,154.58,133.04,152.29,188.69,169.2
2022-12-22,144.05,159.55,187.86,162.49,149.57,119.47,138.51,118.96,163.03,197.86,153.82,170.26,161.16,124.69,168.2,124.06,160.74,174.03,131.0,129.37,147.3,125.27,155.31,155.62,151.52,127.36,153.44,155.06,155.94,132.18,116.18,130.11,118.34,167.49,182.74,170.79,184.42,172.81,188.13,174.1,151.3,129.99,114.96,145.69,154.68,132.68,152.36,188.92,169.24
2022-12-23,143.84,158.64,187.43,162.14,149.34,119.22,138.29,118.47,162.89,197.8,153.54,170.15,160.98,123.9,168.14,124.12,160.58,173.92,130.85,129.34,146.95,124.86,154.92,155.4,151.61,127.21,153.28,155.09,155.82,131.88,116.04,129.9,118.15,167.27,182.51,170.8,184.25,173.14,187.94,173.77,151.04,129.4,114.94,145.48,154.91,132.24,152.25,188.56,169.29
2022-12-24,143.69,157.14,187.08,161.93,149.08,119.06,138.02,118.41,162.81,197.75,153.45,170.12,160.78,122.77,168.08,124.42,160.54,174.04,130.77,129.27,146.69,124.58,154.86,155.25,151.74,127.15,152.94,155.09,156.01,131.49,115.98,129.75,118.12,167.14,182.42,170.86,184.02,173.39,187.83,173.61,150.89,128.61,114.97,145.55,155.0,132.0,152.41,188.01,169.37
2022-12-25,143.54,156.6,186.81,161.72,148.86,118.98,137.83,118.26,162.96,197.79,153.36,170.11,160.62,121.64,168.05,124.5,160.48,174.17,130.65,129.36,146.41,124.25,154.72,155.14,151.71,127.04,152.98,155.01,156.2,131.02,115.87,129.58,117.95,166.99,182.46,171.04,183.89,173.7,187.78,173.4,150.75,127.88,114.9,145.55,155.15,131.72,152.63,187.46,169.39
2022-12-26,143.43,157.37,186.55,161.55,148.68,118.8,137.73,118.18,163.14,197.79,153.32,170.13,160.62,120.56,168.09,124.63,160.57,174.46,130.55,129.44,146.27,124.08,154.68,155.12,151.75,127.0,153.1,155.03,156.31,130.6,115.77,129.5,117.81,166.89,182.51,171.31,183.93,173.91,187.75,173.21,150.72,127.07,114.87,145.56,155.52,131.53,152.8,187.12,169.46
2022-12-27,143.34,157.11,186.31,161.35,148.45,118.73,137.61,118.37,163.3,197.74,153.32,170.12,160.56,119.4,168.09,124.74,160.56,174.6,130.5,129.34,146.07,123.94,154.71,155.15,151.81,127.03,153.25,155.0,156.47,130.19,115.85,129.36,117.95,166.86,182.42,171.27,183.96,174.16,187.65,173.05,150.69,126.49,114.97,145.53,155.82,131.39,153.06,186.33,169.53
2022-12-28,143.15,156.74,186.06,160.91,147.96,118.53,137.34,118.44,163.37,197.34,153.15,169.97,160.35,118.24,167.98,124.79,160.48,174.24,130.44,129.16,145.77,123.75,154.53,155.08,151.81,126.92,153.24,154.73,156.59,129.8,115.82,129.19,117.78,166.74,182.35,171.1,183.65,174.3,187.58,172.77,150.5,125.84,115.0,145.39,155.79,131.11,153.19,185.43,169.41
2022-12-29,143.01,157.21,185.94,160.69,147.7,118.32,137.12,118.44,163.44,196.99,153.15,169.86,160.31,117.17,168.01,124.86,160.49,174.0,130.41,129.02,145.53,123.66,154.47,155.09,151.86,126.7,153.27,154.54,156.66,129.5,115.75,128.97,117.48,166.72,182.45,171.12,183.27,174.51,187.85,172.68,150.39,125.16,115.0,145.34,155.8,130.88,153.3,184.91,169.42
2022-12-30,142.95,157.82,185.84,160.6,147.45,118.14,136.99,118.38,163.52,196.75,153.13,169.79,160.32,117.02,167.96,124.78,160.49,173.79,130.3,128.93,145.2,123.66,154.34,155.11,151.97,126.5,153.17,154.31,156.57,129.41,115.66,128.82,117.2,166.77,182.56,171.11,183.27,174.63,188.38,172.57,150.27,124.99,115.01,145.2,155.73,130.75,153.46,184.88,169.4
2022-12-31,142.78,159.7,185.6,160.37,147.2,117.97,136.78,118.28,163.48,196.47,152.88,169.55,160.26,116.87,167.92,124.75,160.46,173.44,130.07,128.76,144.84,123.61,154.07,154.84,152.14,126.25,153.2,153.87,156.02,129.21,115.53,128.68,116.88,166.8,182.49,170.97,183.06,174.31,188.51,172.33,150.09,124.69,114.9,145.03,155.61,130.54,153.42,184.72,169.3
2023-01-01,142.57,158.67,185.25,160.0,146.88,117.74,136.55,118.04,163.18,196.17,152.52,169.14,160.15,116.66,167.76,125.05,160.25,173.08,129.77,127.97,144.45,123.53,153.83,154.45,152.26,126.01,152.95,153.86,155.31,129.02,115.39,128.49,116.48,166.84,182.42,170.88,182.85,174.34,188.87,171.91,149.85,124.37,114.77,144.77,155.27,130.29,153.09,184.42,169.14
2023-01-02,142.36,156.74,184.91,159.63,146.57,117.59,136.35,117.81,163.05,195.99,152.15,168.82,160.02,116.5,167.65,125.26,160.12,172.68,129.55,127.79,144.06,123.38,153.56,154.14,152.3,125.77,152.72,153.87,154.73,128.87,115.29,128.22,116.15,166.82,182.37,170.66,182.44,174.39,189.15,171.73,149.63,124.11,114.64,144.6,154.98,129.97,152.78,184.1,169.07
2023-01-03,142.12,154.48,184.47,159.17,146.23,117.41,136.01,117.52,163.0,195.82,151.77,168.5,159.8,116.37,167.61,125.5,159.93,172.17,129.32,127.53,143.62,123.18,153.22,153.63,152.24,125.5,152.45,153.86,154.09,128.65,115.05,127.91,115.77,166.78,182.33,170.49,182.06,174.35,189.35,171.51,149.33,123.76,114.38,144.4,154.61,129.58,152.45,183.78,168.98
2023-01-04,141.77,152.75,183.54,158.65,145.88,117.11,135.45,117.19,162.96,195.82,151.29,168.25,159.56,116.03,167.67,125.76,159.8,171.66,129.08,127.13,142.85,122.53,152.82,153.19,152.04,125.03,152.04,153.76,153.32,128.32,114.56,127.4,115.18,166.51,181.62,169.96,181.66,174.14,189.07,171.16,148.91,123.33,113.86,144.09,154.26,128.95,152.27,183.42,168.27
2023-01-05,141.44,151.31,182.6,158.15,145.59,116.84,135.04,116.79,163.18,195.79,150.95,168.09,159.34,115.77,167.61,125.91,159.71,171.31,128.88,126.9,142.17,121.83,152.39,152.78,151.8,124.67,151.73,153.64,152.71,127.92,114.11,126.87,114.74,166.2,180.9,169.43,181.3,173.94,188.62,170.78,148.52,122.97,113.36,143.76,153.92,128.55,152.27,183.05,167.12
2023-01-06,141.2,150.78,181.86,157.81,145.36,116.69,134.7,116.74,163.58,195.82,150.7,168.02,159.22,115.58,167.76,126.2,159.73,170.95,128.82,126.62,141.65,121.18,152.22,152.57,151.83,124.32,151.59,153.95,152.39,127.62,113.72,126.45,114.43,165.99,180.34,169.03,180.81,173.74,187.96,170.59,148.17,122.65,112.74,143.58,153.82,128.24,152.33,182.77,166.13
2023-01-07,140.92,149.47,181.05,157.59,145.11,116.51,134.33,116.72,163.99,195.82,150.82,168.02,159.15,115.53,168.01,125.37,159.64,170.57,128.84,126.49,141.17,120.49,152.0,152.68,151.51,124.0,151.41,154.31,152.18,126.82,113.47,126.05,114.04,165.95,180.32,168.91,180.25,173.99,187.86,170.41,147.78,122.02,111.91,143.25,153.76,127.89,152.32,182.7,166.01
2023-01-08,140.88,150.14,180.62,157.53,144.92,116.24,134.05,116.84,164.45,195.96,151.02,168.19,159.13,115.65,168.28,125.13,159.81,170.26,129.01,127.1,140.92,120.1,152.02,152.9,151.51,123.76,151.35,154.4,152.24,126.72,113.28,125.92,113.75,166.04,180.36,168.89,179.68,173.93,187.8,170.58,147.6,121.96,111.49,143.25,153.99,127.68,152.49,182.7,166.03
2023-01-09,140.74,149.81,179.95,157.3,144.64,115.88,133.73,116.93,164.51,195.85,151.1,168.08,158.98,115.52,168.38,124.83,159.77,169.88,129.03,126.83,140.53,119.66,151.78,152.81,151.39,123.39,151.05,154.29,151.98,126.49,112.98,125.66,113.24,166.04,180.31,168.91,179.08,173.74,187.78,170.34,147.27,121.86,110.96,143.08,153.97,127.43,152.52,182.7,165.89
2023-01-10,140.67,152.99,179.78,157.27,144.46,115.58,133.67,117.14,164.7,195.72,151.17,168.09,158.92,115.5,168.76,124.52,159.88,169.66,129.06,126.75,140.37,119.34,151.6,152.99,151.33,123.2,150.85,154.52,151.78,126.36,112.85,125.56,112.86,166.13,180.24,168.91,178.33,173.59,187.7,170.22,147.09,121.85,110.52,143.01,154.09,127.35,152.8,182.7,165.85
2023-01-11,140.76,155.66,180.05,157.4,144.52,115.56,133.93,117.27,164.87,195.58,151.42,168.1,158.93,115.71,169.33,124.2,160.01,169.49,129.04,126.94,140.55,119.44,151.56,153.15,151.37,123.29,150.82,154.87,151.76,126.34,112.9,125.78,112.94,166.49,180.87,169.32,178.07,173.64,188.12,170.25,147.14,122.03,110.38,143.09,154.26,127.56,153.03,182.72,166.49
2023-01-12,140.81,157.54,180.29,157.48,144.6,115.45,134.08,117.52,165.01,195.61,151.52,168.0,158.96,115.81,170.06,124.01,160.15,169.32,129.03,127.12,140.63,119.57,151.56,153.25,151.42,123.27,150.7,155.26,151.68,126.28,113.03,125.91,112.93,166.83,181.46,169.64,177.64,173.69,188.54,170.35,147.14,122.11,110.27,143.2,154.42,127.6,153.12,182.81,167.35
2023-01-13,140.84,158.66,180.43,157.55,144.72,115.32,134.26,117.39,165.06,195.77,151.55,167.89,158.98,115.9,170.55,123.93,160.3,169.27,128.97,127.36,140.82,119.86,151.47,153.29,151.16,123.28,150.54,155.38,151.6,126.2,113.14,126.02,112.83,166.92,181.87,169.81,177.24,173.76,188.94,170.4,147.26,122.29,110.33,143.34,154.37,127.51,153.43,182.92,167.93
2023-01-14,140.86,159.68,180.38,157.39,144.74,114.97,134.01,117.28,165.15,195.79,151.33,167.74,158.99,115.84,170.91,124.82,160.44,168.97,128.9,127.56,140.68,119.93,151.23,153.1,150.69,123.17,150.25,155.45,151.26,126.58,113.0,125.86,112.36,166.62,181.65,169.72,176.98,173.64,188.9,170.21,147.21,122.85,110.43,143.27,154.19,127.23,153.79,182.99,167.73
2023-01-15,140.71,160.62,180.39,157.22,144.87,114.91,134.14,117.23,165.19,195.82,151.08,167.54,158.78,115.69,171.36,124.72,160.51,168.9,128.7,127.48,140.53,120.03,151.02,152.91,150.37,123.12,150.07,155.53,150.96,126.39,112.85,125.77,112.32,166.32,181.4,169.5,176.69,173.3,188.76,169.95,147.24,122.86,110.21,143.25,153.94,127.14,153.94,183.02,167.3
2023-01-16,140.65,162.7,180.65,157.19,145.01,114.82,134.28,117.01,165.38,196.03,150.98,167.48,158.86,115.76,172.16,124.79,160.71,168.86,128.62,127.61,140.49,120.2,151.03,152.88,150.28,123.15,149.94,155.66,150.95,126.28,112.79,125.81,112.47,166.13,181.21,169.36,176.48,172.96,188.7,169.91,147.27,122.91,110.08,143.32,153.86,127.09,154.38,183.06,167.15
2023-01-17,140.53,161.34,180.5,157.01,145.0,114.72,134.31,116.78,165.35,196.22,150.85,167.39,158.83,115.71,173.05,124.88,160.76,168.84,128.52,127.69,140.25,120.28,151.02,152.68,150.2,122.93,149.75,155.63,150.85,126.15,112.65,125.75,112.5,165.83,181.02,169.14,176.27,172.67,188.71,169.83,147.35,122.84,109.87,143.26,153.53,126.94,154.61,183.11,166.82
2023-01-18,140.39,160.28,180.32,156.82,144.98,114.51,134.08,116.6,165.31,196.51,150.65,167.3,158.79,115.68,173.54,124.96,160.74,168.93,128.53,127.7,139.97,120.22,150.96,152.45,150.4,122.69,149.6,155.57,150.88,126.0,112.53,125.58,112.53,165.45,180.82,168.9,175.87,172.28,188.51,169.73,147.35,122.87,109.61,143.1,153.31,126.65,154.76,183.11,166.31
2023-01-19,140.31,159.52,180.2,156.76,144.93,114.45,133.99,116.4,165.19,196.81,150.53,167.27,158.73,115.75,173.89,124.99,160.71,169.07,128.48,127.67,139.78,120.37,151.07,152.37,150.62,122.53,149.62,155.56,151.0,126.01,112.44,125.54,112.54,165.09,180.63,168.71,175.7,171.84,188.38,169.62,147.42,123.0,109.27,143.0,153.19,126.54,154.99,183.09,166.65
2023-01-20,140.19,158.7,180.03,156.59,144.79,114.33,133.7,116.36,165.08,196.76,150.48,167.22,158.66,115.79,174.26,124.84,160.58,169.14,128.36,127.38,139.55,120.24,151.02,152.22,150.64,122.29,149.59,155.4,150.98,125.93,112.26,125.33,112.44,164.93,180.49,168.65,175.53,171.4,188.44,169.42,147.3,123.05,108.94,142.73,153.1,126.15,154.94,183.15,167.09
2023-01-21,140.13,158.14,180.06,156.47,144.71,114.24,133.65,116.25,164.88,196.79,150.46,167.23,158.59,115.82,174.59,125.02,160.45,169.42,128.21,127.26,139.43,120.17,151.13,152.15,150.84,122.01,149.65,155.18,150.86,125.91,112.15,125.13,112.4,164.7,180.21,168.5,175.28,170.97,188.45,169.32,147.32,123.07,108.74,142.55,153.06,125.89,154.75,183.14,167.28
2023-01-22,140.1,157.6,179.97,156.43,144.58,114.14,133.28,116.05,164.87,196.92,150.53,167.32,158.79,115.89,174.91,125.32,160.39,169.53,128.22,127.37,139.41,119.99,151.05,152.11,150.91,121.69,149.59,154.97,150.83,125.93,112.08,124.83,112.33,164.63,180.1,168.44,175.22,170.73,188.44,169.27,147.27,123.15,108.63,142.26,153.11,125.47,154.82,183.25,167.7
2023-01-23,140.02,156.14,179.72,156.31,144.43,114.07,132.89,116.14,164.78,196.84,150.48,167.35,158.73,115.87,174.86,125.53,160.22,169.6,128.14,127.5,139.2,119.69,150.97,151.96,150.85,121.38,149.52,154.79,150.59,125.87,111.79,124.47,112.09,164.5,179.94,168.33,175.01,170.67,188.4,169.13,147.25,123.21,108.47,141.9,153.1,124.99,154.64,183.29,167.87
2023-01-24,139.95,156.78,179.43,156.26,144.33,113.97,132.6,116.09,164.86,196.86,150.42,167.36,158.8,115.94,174.39,125.57,160.18,169.56,128.12,127.61,139.08,119.41,150.9,151.89,150.84,121.1,149.41,154.61,150.4,125.81,111.59,124.11,111.96,164.35,179.8,168.34,174.96,170.52,188.38,168.95,147.12,123.28,108.34,141.59,153.25,124.51,154.5,183.42,168.27
2023-01-25,139.89,157.16,179.17,156.24,144.19,113.84,132.42,116.08,164.88,196.63,150.47,167.34,158.9,115.88,174.07,125.57,160.11,169.54,128.14,127.78,138.95,119.22,150.79,151.82,150.6,120.78,149.22,154.49,150.1,125.8,111.54,123.82,111.82,164.3,179.63,168.24,175.01,170.46,188.51,168.79,146.98,123.3,108.3,141.47,153.21,124.07,154.48,183.65,168.92
2023-01-26,139.78,157.29,178.84,156.08,144.01,113.61,132.13,116.05,164.76,196.21,150.43,167.25,159.02,115.66,173.68,125.54,160.18,169.38,128.14,127.89,138.78,118.73,150.5,151.62,150.18,120.45,148.87,154.28,149.81,125.66,111.35,123.52,111.63,164.23,179.94,168.53,175.06,170.6,188.81,168.51,146.76,123.18,108.28,141.31,153.05,123.41,154.39,184.01,168.77
2023-01-27,139.68,157.22,178.55,155.98,143.87,113.38,131.97,115.89,164.6,195.97,150.35,167.16,159.13,115.39,173.22,125.56,160.24,169.23,128.17,128.37,138.57,118.38,150.25,151.41,149.98,120.22,148.49,154.07,149.48,125.53,111.17,123.31,111.42,164.09,179.7,168.35,175.15,170.36,188.55,168.28,146.57,123.1,108.41,141.1,152.93,123.04,154.51,184.18,169.38
2023-01-28,139.65,156.95,178.43,156.04,143.87,113.36,132.02,115.97,164.59,196.02,150.33,167.14,159.31,115.31,172.74,125.34,160.45,169.21,128.24,128.7,138.6,118.23,150.11,151.3,150.16,120.14,148.22,153.98,149.38,125.51,111.0,123.26,111.54,164.23,179.75,168.4,175.37,170.21,188.75,168.21,146.49,122.98,108.6,141.15,152.84,122.73,154.82,184.31,170.12
2023-01-29,139.5,156.52,178.18,155.91,143.87,113.08,131.95,115.86,164.44,195.66,150.21,167.0,159.31,115.06,172.4,125.03,160.44,169.09,128.24,128.72,138.36,117.91,149.87,151.14,150.0,119.95,147.84,153.69,149.0,125.4,110.74,123.16,111.5,164.07,179.38,168.05,175.58,169.8,188.87,167.94,146.22,122.8,108.69,140.97,152.64,122.32,154.96,184.15,170.74
2023-01-30,139.37,156.86,177.96,155.81,143.82,112.76,131.89,115.69,164.34,195.19,150.04,166.8,159.36,114.87,172.12,124.59,160.49,168.88,128.19,128.78,138.13,117.64,149.57,151.02,149.89,119.69,147.45,153.35,148.68,125.3,110.63,123.08,111.5,163.96,179.28,167.93,175.93,169.4,189.09,167.69,145.93,122.52,108.77,140.86,152.43,121.9,155.11,184.0,171.46
2023-01-31,139.26,156.31,177.8,155.73,143.74,112.48,131.72,115.54,164.14,194.8,150.03,166.62,159.39,114.67,171.95,124.43,160.51,168.86,128.18,128.93,137.81,117.36,149.31,150.87,149.74,119.5,147.06,153.04,148.5,125.08,110.39,122.99,111.37,163.92,179.21,167.84,176.37,168.87,189.27,167.38,145.71,122.29,108.83,140.74,152.26,121.49,155.32,183.8,171.87
2023-02-01,139.15,155.52,177.81,155.61,143.65,112.35,131.53,115.61,163.82,194.68,149.86,166.47,159.35,114.47,171.68,124.42,160.31,168.87,128.04,128.71,137.6,117.2,149.17,150.81,149.63,119.3,146.72,152.7,148.25,124.89,110.04,122.87,111.19,163.89,179.32,168.05,176.76,168.53,189.64,167.12,145.56,121.87,108.88,140.52,152.11,121.17,155.33,183.75,171.54
2023-02-02,138.97,154.67,177.94,155.44,143.53,112.01,131.33,115.47,163.25,194.51,149.65,166.17,159.26,114.31,171.48,124.37,160.01,168.84,127.95,128.67,137.29,117.04,148.92,150.54,149.49,119.03,146.36,152.65,147.84,124.67,109.56,122.6,111.06,163.76,178.65,167.44,177.17,167.75,189.52,166.86,145.32,121.59,108.79,140.25,151.94,120.76,155.26,183.45,171.44
2023-02-03,138.82,153.84,178.06,155.28,143.3,111.66,131.17,115.33,162.76,194.31,149.54,165.81,159.16,114.19,171.44,124.15,159.77,168.79,127.84,128.14,136.95,116.81,148.66,150.45,149.36,118.73,145.93,152.54,147.54,124.43,109.24,122.49,111.0,163.72,178.59,167.36,178.21,167.38,189.81,166.63,145.07,121.24,108.52,140.05,151.79,120.29,155.14,183.31,169.49
2023-02-04,138.7,153.28,178.04,155.16,143.1,111.3,131.0,114.95,162.18,194.15,149.45,165.48,159.05,113.99,171.4,123.97,159.7,168.71,127.74,127.74,136.62,116.66,148.43,150.35,149.16,118.44,145.66,152.61,147.31,124.15,109.01,122.38,110.92,163.74,178.61,167.25,179.55,167.13,189.82,166.46,144.91,121.0,108.35,139.9,151.69,119.84,154.99,183.28,167.91
2023-02-05,138.58,152.8,177.97,155.07,142.76,110.95,130.75,114.96,161.76,194.1,149.43,165.21,159.06,113.86,171.25,123.82,159.67,168.56,127.67,127.39,136.27,116.4,148.16,150.24,149.04,118.11,145.28,152.65,147.04,123.87,108.75,122.13,110.72,163.74,178.8,167.45,180.87,167.06,189.75,166.27,144.76,120.61,108.05,139.7,151.54,119.26,155.04,183.57,166.4
2023-02-06,138.43,151.62,177.86,154.97,142.46,110.63,130.53,114.9,161.31,194.25,149.44,164.93,158.9,113.71,171.09,123.77,159.56,168.48,127.56,126.97,135.98,116.26,148.06,150.1,148.79,117.87,144.89,152.81,146.76,123.61,108.51,121.96,110.58,163.68,178.68,167.31,181.37,166.93,189.47,166.13,144.65,120.32,107.71,139.55,151.33,118.78,155.0,183.84,164.84
2023-02-07,138.14,149.81,177.69,154.74,142.17,110.3,130.22,114.86,161.03,193.97,149.32,164.63,158.74,113.54,170.94,122.7,159.36,168.16,127.43,126.62,135.71,115.93,147.67,150.0,148.54,117.54,144.44,152.76,146.43,122.92,108.26,121.74,110.47,163.44,178.41,167.06,181.84,166.88,189.09,166.03,144.4,119.54,107.21,139.24,151.19,118.18,154.86,184.18,164.26
2023-02-08,137.72,148.85,176.98,154.23,141.76,109.76,129.77,114.81,160.67,193.63,148.97,164.08,158.38,113.16,170.67,122.16,159.24,167.7,127.21,126.31,135.1,115.58,147.2,149.58,148.38,117.17,143.81,152.62,145.65,122.51,107.77,121.46,110.23,162.75,177.44,166.14,181.94,165.94,188.32,165.55,143.89,118.96,106.79,138.9,150.62,117.47,154.72,183.94,164.77
2023-02-09,137.55,149.09,176.55,154.09,141.55,109.55,129.53,114.63,160.89,193.68,148.96,163.93,158.27,112.95,170.73,121.82,159.1,167.52,126.99,126.06,134.9,115.34,146.95,149.56,148.45,116.76,143.7,152.42,145.36,122.25,107.6,121.4,110.17,162.41,177.06,165.92,182.29,165.3,187.95,165.22,143.71,118.42,106.67,138.75,150.49,117.0,154.59,184.05,164.72
2023-02-10,137.24,149.42,176.26,153.98,141.48,109.2,128.73,114.54,161.05,193.63,148.94,163.82,158.15,112.74,170.8,121.51,159.1,167.26,126.08,125.39,134.64,115.01,146.61,149.71,148.5,116.4,143.63,151.93,144.73,121.62,107.27,120.9,110.13,162.11,176.58,165.65,182.48,164.44,187.5,164.87,143.54,117.54,106.76,138.6,150.32,116.54,154.67,184.1,165.73
2023-02-11,136.89,149.49,176.02,153.72,141.4,109.04,127.84,114.45,161.15,193.4,148.76,163.61,158.01,112.46,170.81,121.2,158.9,167.1,125.12,124.51,134.32,114.59,146.21,149.52,148.25,116.02,143.38,151.32,143.95,120.97,106.9,120.27,110.2,161.86,176.37,165.45,181.92,163.52,187.42,164.45,143.27,116.64,106.64,138.5,150.14,116.04,154.73,184.11,166.33
2023-02-12,136.54,149.82,175.75,153.46,141.27,108.76,127.08,114.23,161.14,193.27,148.57,163.3,157.84,112.16,170.82,121.01,158.71,166.92,124.1,123.76,134.06,114.24,145.86,149.3,147.88,115.69,143.21,150.68,143.24,120.33,106.51,119.62,110.2,161.59,175.96,165.18,181.13,162.65,187.27,164.0,142.92,115.78,106.66,138.47,150.02,115.6,154.73,184.0,166.92
2023-02-13,136.27,150.59,175.53,153.2,141.19,108.51,126.41,113.99,161.1,193.15,148.43,163.08,157.82,111.86,170.84,120.92,158.63,166.86,123.22,123.06,133.82,113.86,145.39,149.13,147.68,115.28,143.08,150.12,142.63,119.79,106.1,118.96,110.22,161.31,175.81,165.04,181.15,161.88,187.34,163.5,142.62,114.98,106.7,138.42,149.95,115.15,154.89,183.97,167.43
2023-02-14,136.1,152.14,175.32,152.95,141.07,108.18,125.45,113.73,160.97,193.29,148.29,162.9,157.76,111.6,170.8,121.79,158.56,166.8,122.33,122.48,133.57,113.27,145.01,148.94,147.42,114.84,142.98,149.68,142.0,119.8,105.58,118.23,110.03,161.16,175.78,164.94,181.1,161.28,187.47,163.01,142.3,114.73,107.01,138.46,149.81,114.65,155.13,183.86,167.18
2023-02-15,136.18,153.44,175.66,153.11,141.09,108.14,125.23,113.3,161.11,193.54,148.53,162.94,157.99,111.88,170.96,121.84,158.71,166.92,121.74,122.09,133.71,112.86,144.78,149.12,147.05,114.59,143.33,149.36,141.79,119.73,105.49,117.66,110.06,161.38,176.32,165.25,181.56,161.88,187.71,162.99,142.29,114.65,107.21,138.66,150.15,114.25,155.47,184.16,166.55
2023-02-16,136.01,153.73,175.6,152.92,140.89,108.04,124.66,113.15,161.08,193.5,148.34,162.81,157.97,112.0,170.88,121.7,158.88,166.79,121.01,121.26,133.54,112.45,144.41,149.1,146.64,114.49,143.16,148.87,141.29,119.37,105.14,117.06,109.87,161.76,176.53,165.32,181.68,162.39,187.96,162.86,142.05,114.38,107.12,138.61,150.14,113.68,155.37,184.26,166.28
2023-02-17,135.95,153.76,175.16,152.64,140.7,108.18,124.62,112.6,161.04,193.68,148.1,162.73,157.97,112.07,170.8,121.65,158.91,166.78,121.03,121.32,133.44,112.01,144.26,148.76,146.19,114.35,143.09,148.58,141.01,119.27,104.92,116.79,109.61,161.92,176.79,165.34,181.45,163.07,188.26,162.77,141.85,114.72,106.94,138.59,150.2,113.09,155.03,184.28,166.2
2023-02-18,135.44,153.99,172.81,151.75,140.14,107.52,123.69,112.04,161.1,192.8,147.7,162.39,157.72,111.93,170.72,121.52,158.56,165.8,120.81,120.8,132.63,110.85,143.21,148.39,145.03,113.77,142.35,147.93,140.17,118.78,104.2,115.87,108.49,161.5,176.05,164.9,181.23,163.56,187.89,161.9,140.98,114.62,106.5,137.44,149.89,112.0,154.43,184.21,166.06
2023-02-19,135.32,154.53,170.88,151.09,139.97,107.54,123.47,111.47,161.17,192.58,147.55,162.42,157.77,112.06,170.72,121.37,158.56,165.61,120.77,120.72,132.49,110.27,142.86,148.4,144.91,113.58,142.44,147.66,139.98,118.53,103.86,115.69,108.09,161.65,176.11,164.93,181.65,164.19,187.92,161.77,140.81,114.84,106.37,137.17,149.88,111.43,153.96,184.26,165.93
2023-02-20,135.27,155.15,170.71,150.94,139.85,107.49,123.47,110.86,161.25,192.63,147.3,162.45,157.83,112.18,170.64,121.21,158.57,165.51,120.69,120.75,132.49,109.84,142.78,148.48,144.86,113.46,142.63,147.39,139.8,118.25,103.54,115.7,107.58,161.85,176.02,165.03,181.94,164.79,187.94,161.8,140.79,115.08,106.34,137.2,149.91,110.97,153.43,184.23,165.93
2023-02-21,135.22,155.11,170.49,150.86,139.65,107.55,123.66,110.26,161.19,192.6,147.03,162.38,157.85,112.26,170.55,120.81,158.56,165.44,120.59,120.5,132.4,109.65,142.74,148.48,144.73,113.41,142.74,147.12,139.6,118.09,103.39,115.7,107.37,162.06,175.92,165.06,181.9,165.25,187.93,161.73,140.74,115.38,106.2,137.1,149.75,110.56,152.77,184.13,165.99
2023-02-22,135.08,154.78,170.13,150.66,139.46,107.38,123.29,109.68,161.27,192.45,146.79,162.4,157.82,112.08,170.58,120.57,158.52,165.27,120.43,120.3,132.3,109.29,142.6,148.41,144.47,113.23,142.58,146.85,139.56,117.87,103.07,115.67,106.93,162.41,175.74,165.13,181.79,165.13,188.02,161.73,140.57,115.39,106.13,137.01,149.62,110.07,152.31,184.13,166.24
2023-02-23,135.12,154.75,170.01,150.76,139.43,107.18,123.05,109.21,161.7,192.46,146.87,162.67,157.99,112.04,170.93,120.46,158.57,165.18,120.43,120.39,132.3,108.87,142.38,148.49,144.34,113.14,142.89,146.67,139.57,117.9,102.96,115.45,106.71,162.36,175.59,165.36,181.89,165.14,187.94,161.89,140.52,115.7,106.3,136.94,150.05,109.56,152.39,184.65,166.7
2023-02-24,135.0,154.53,169.89,150.56,139.1,106.7,122.73,108.97,161.36,192.15,146.67,162.52,157.96,111.76,170.78,120.24,158.42,164.78,120.26,120.24,132.0,108.38,141.84,148.36,144.11,112.73,142.82,146.56,139.45,117.91,102.57,115.04,106.37,162.24,175.26,165.33,180.79,165.02,187.83,161.8,140.17,115.73,106.11,136.86,150.2,108.94,152.0,185.02,166.69
2023-02-25,135.28,153.84,170.64,151.02,139.12,106.89,123.41,108.82,160.84,192.97,146.7,162.65,158.05,111.8,170.69,120.01,158.21,165.39,120.35,120.86,132.32,108.6,142.2,148.55,144.4,112.79,143.34,146.82,139.79,118.34,102.67,115.48,106.36,162.48,175.43,165.59,180.07,164.96,187.76,162.52,140.49,116.15,106.24,137.62,150.63,108.87,151.33,185.49,166.79
2023-02-26,135.23,152.73,171.12,151.34,138.82,106.36,123.38,108.68,160.37,193.1,146.49,162.46,157.98,111.54,170.59,119.77,157.98,165.31,120.28,121.01,132.05,108.27,141.85,148.44,143.97,112.51,143.13,146.82,139.74,118.53,102.34,115.16,106.2,162.34,175.02,165.39,178.87,164.79,187.76,162.64,140.25,116.33,106.11,137.59,150.83,108.28,150.75,185.91,166.74
2023-02-27,135.05,151.62,169.84,151.14,138.38,105.99,123.0,108.58,159.86,192.88,146.3,162.15,157.84,111.39,170.54,119.37,157.67,165.01,120.12,121.01,131.69,107.79,141.21,148.19,143.42,112.17,142.82,146.6,139.59,118.59,102.0,114.7,106.14,162.11,174.67,165.14,177.69,164.43,187.46,162.52,139.77,116.37,105.87,137.25,150.97,107.56,150.2,186.23,166.66
2023-02-28,134.81,151.37,168.63,150.83,138.08,105.6,122.68,108.52,159.47,192.79,146.1,161.94,157.72,111.02,170.56,119.31,157.48,164.69,119.89,121.04,131.16,107.45,140.83,147.97,143.41,111.77,142.67,146.38,139.5,118.47,101.55,114.32,105.98,161.84,174.18,164.79,176.68,164.22,187.38,162.45,139.35,116.34,105.6,136.96,151.26,106.83,149.62,186.62,166.28
2023-03-01,134.21,149.97,167.07,150.28,137.11,104.72,122.18,108.28,158.54,192.21,145.56,161.21,157.14,110.46,170.09,119.29,156.91,164.0,119.53,120.89,130.2,106.89,139.99,147.48,142.85,111.02,142.13,146.16,139.02,117.97,100.73,113.44,105.71,161.18,173.34,164.1,175.07,163.83,186.78,161.83,138.45,116.09,105.01,136.33,151.35,105.98,148.65,186.45,165.59
2023-03-02,133.92,149.36,165.6,149.83,136.65,104.32,121.9,108.27,157.44,191.9,145.11,160.58,156.83,110.17,169.62,119.42,156.63,163.78,119.18,120.87,129.49,106.59,139.78,147.18,142.53,110.73,141.75,146.29,138.77,118.11,100.18,112.94,105.85,160.77,172.8,163.43,174.17,163.41,186.58,161.52,137.93,115.86,104.6,136.0,151.14,105.44,147.84,186.11,165.26
2023-03-03,133.74,148.72,164.29,149.66,136.31,103.93,121.63,108.38,157.1,191.58,144.96,160.27,156.69,110.08,169.61,119.73,156.55,163.81,119.05,120.93,129.0,106.42,139.85,147.04,142.23,110.68,141.58,146.57,138.84,117.81,99.84,112.5,105.93,160.47,172.39,163.02,174.47,163.17,186.46,161.35,137.48,115.71,104.54,135.64,151.09,105.07,147.58,186.08,165.27
2023-03-04,133.59,148.49,163.95,149.44,135.88,103.47,121.09,108.51,156.7,191.19,144.78,159.95,156.47,109.97,169.57,120.21,156.01,163.54,119.0,120.99,128.46,106.17,139.59,146.86,142.05,110.6,141.4,146.71,138.83,117.74,99.5,111.82,106.13,160.28,172.11,162.63,174.83,163.01,186.55,160.98,136.98,115.51,104.45,135.43,150.96,104.64,147.3,185.95,165.46
2023-03-05,133.52,148.0,163.66,149.3,135.74,103.38,120.83,108.65,156.42,190.95,144.75,159.82,156.38,109.9,169.48,120.6,156.11,163.52,118.88,120.97,128.14,106.07,139.68,146.73,141.85,110.57,141.47,146.78,138.95,117.55,99.35,111.37,106.22,160.13,171.83,162.34,175.03,162.81,186.44,160.82,136.56,115.42,104.39,135.24,150.93,104.37,147.29,185.91,165.87
2023-03-06,133.45,147.2,163.32,149.09,135.58,103.3,120.57,108.75,156.07,190.7,144.74,159.57,156.34,109.79,169.28,121.05,156.13,163.48,118.82,121.17,127.76,105.96,139.82,146.61,141.7,110.63,141.5,147.05,139.07,117.24,99.1,110.9,106.33,160.05,171.68,162.16,175.48,162.72,186.37,160.67,136.2,115.43,104.35,135.14,150.85,104.14,147.18,185.92,166.16
2023-03-07,133.19,145.43,162.96,148.92,135.47,103.12,120.05,108.65,155.77,190.51,144.79,159.26,156.33,109.82,169.02,120.31,156.14,163.46,118.8,121.18,127.57,105.77,139.66,146.45,140.97,110.75,141.35,147.26,138.99,116.4,98.84,110.36,106.22,159.9,171.5,161.97,175.93,162.61,186.12,160.49,135.79,114.7,103.92,134.92,150.88,103.89,147.15,185.85,166.67
2023-03-08,133.18,146.0,162.72,148.85,135.82,103.14,119.55,108.67,155.83,190.57,145.04,159.34,156.74,109.31,169.09,120.31,156.49,163.42,118.84,121.24,127.46,105.67,139.66,146.46,140.61,111.2,141.48,147.38,138.99,116.1,98.84,110.01,106.3,159.89,171.64,161.99,176.81,160.26,186.32,160.41,135.71,114.61,103.74,134.71,151.05,103.7,147.16,186.2,167.4
2023-03-09,132.91,145.77,162.51,148.62,135.64,102.97,119.22,108.43,155.65,190.36,145.06,158.92,156.82,108.55,168.75,120.0,156.6,163.3,118.71,121.09,127.34,105.53,139.45,146.26,140.44,111.12,141.37,147.12,138.9,115.27,98.64,109.47,105.93,159.85,171.57,161.9,176.92,157.99,186.3,160.17,135.32,114.33,103.48,134.64,151.05,103.41,147.11,186.21,167.56
2023-03-10,133.38,147.02,162.83,148.97,135.94,103.6,119.2,108.75,156.23,190.91,145.66,159.26,157.28,108.28,169.13,120.5,157.14,163.41,119.71,121.57,127.73,105.57,139.33,146.81,140.97,111.37,141.97,147.06,138.96,116.04,98.84,109.17,106.03,160.14,171.7,162.29,177.84,156.06,186.53,160.59,135.61,114.62,103.55,134.84,151.67,103.28,147.75,186.83,168.17
2023-03-11,133.94,148.39,162.47,149.43,136.35,104.35,119.47,109.08,156.97,191.44,146.36,159.68,157.92,108.05,169.75,120.94,158.42,163.78,120.68,121.72,128.31,105.69,139.68,147.48,141.92,111.61,142.95,147.21,139.26,116.71,99.1,108.9,106.58,160.36,171.82,162.63,178.48,154.14,186.91,161.22,135.99,115.15,103.81,135.09,152.56,103.17,148.92,187.67,168.71
2023-03-12,134.33,150.05,162.02,149.72,136.47,104.78,119.34,109.36,157.42,191.82,146.78,159.89,158.18,107.83,170.26,121.43,158.46,163.89,121.68,121.96,128.62,105.6,139.71,148.03,142.7,111.73,143.57,147.37,139.33,117.54,99.21,108.41,106.6,160.38,171.88,162.9,179.24,152.24,187.11,161.54,136.24,115.55,103.94,135.2,153.08,102.94,149.48,188.36,169.02
2023-03-13,134.67,151.84,161.38,150.04,136.63,104.99,119.1,109.63,158.05,192.26,147.08,160.28,158.51,107.54,170.89,121.91,158.87,164.05,122.67,122.19,128.89,105.44,139.65,148.56,143.49,111.63,144.24,147.37,139.34,118.55,99.63,107.84,106.52,160.16,171.46,162.82,179.78,150.22,187.27,161.86,136.44,115.74,104.06,135.12,153.59,102.55,150.3,189.0,168.96
2023-03-14,135.22,154.31,160.79,149.67,136.83,105.42,119.23,110.2,158.7,192.7,147.41,160.76,158.83,107.31,171.45,123.52,159.25,164.23,123.77,122.67,129.27,105.36,139.82,149.2,144.37,111.68,145.12,147.47,139.5,120.19,100.2,107.37,106.69,160.02,171.24,162.88,180.35,148.1,187.34,162.25,136.74,116.6,104.67,135.3,153.49,102.36,151.14,189.75,169.3
2023-03-15,135.94,155.26,160.72,150.22,137.11,106.2,119.52,110.81,159.47,193.28,148.04,161.26,159.33,107.87,172.17,124.41,159.63,164.85,124.85,123.38,129.97,105.44,140.31,149.91,145.6,111.82,146.18,147.61,139.84,121.54,100.92,107.14,107.02,160.28,171.28,163.26,181.36,148.6,187.69,162.89,137.34,117.23,105.24,135.83,153.56,102.37,152.16,190.56,169.35
2023-03-16,136.55,156.01,160.1,150.56,137.3,106.58,119.44,111.48,160.24,193.82,148.59,162.0,159.63,108.29,172.96,125.06,159.89,164.93,126.12,124.05,130.29,105.34,140.49,150.53,146.28,111.84,146.75,147.6,139.8,122.74,101.33,106.91,107.35,160.36,171.24,163.59,182.2,149.1,187.9,163.21,137.64,117.84,105.66,135.95,153.39,102.31,153.07,191.48,169.64
2023-03-17,136.48,155.68,159.02,150.41,137.13,106.52,119.11,111.54,160.33,193.85,148.51,162.09,159.7,108.35,172.91,124.83,159.77,164.88,126.16,124.09,130.26,105.13,140.59,150.5,146.31,111.68,146.75,147.28,139.62,122.96,101.68,106.56,107.13,160.17,171.19,163.59,182.09,149.12,187.89,163.14,137.63,117.86,105.81,135.93,152.86,102.13,153.19,191.7,169.38
2023-03-18,136.34,154.82,158.67,150.16,136.93,106.6,118.71,111.61,160.47,193.87,148.35,162.08,159.79,108.41,172.66,124.61,159.87,164.69,126.12,124.41,130.08,104.96,140.43,150.4,146.25,111.59,146.48,146.85,139.23,123.02,101.91,106.3,106.9,160.1,171.22,163.72,182.31,149.11,187.83,162.91,137.55,117.82,105.95,135.78,152.15,101.96,153.2,191.91,169.12
2023-03-19,136.18,153.8,158.22,149.9,136.78,106.8,118.41,111.7,160.65,193.99,148.08,161.99,159.81,108.46,172.42,124.25,160.17,164.52,126.02,124.43,129.88,104.91,140.4,150.33,146.09,111.6,146.21,146.26,138.98,123.04,102.11,106.21,106.76,159.98,171.16,163.72,182.55,149.05,187.6,162.73,137.51,117.73,106.15,135.78,151.62,101.89,153.27,192.03,169.01
2023-03-20,136.14,153.08,157.94,149.77,136.7,107.17,118.31,111.79,160.65,194.31,148.03,161.88,159.78,108.4,172.16,123.94,160.31,164.37,126.07,124.5,129.78,104.99,140.5,150.33,145.93,111.82,145.93,145.89,138.71,123.08,102.14,106.26,106.7,160.11,171.3,163.86,182.75,149.17,187.76,162.74,137.58,117.9,106.39,135.91,151.1,102.0,153.11,192.19,169.44
2023-03-21,136.13,152.4,157.76,150.43,136.53,107.26,118.51,111.76,160.68,194.72,147.91,161.78,159.73,108.41,172.05,123.34,160.61,164.22,125.89,124.52,129.52,104.97,140.64,150.32,145.49,111.98,145.54,145.47,138.45,122.91,102.07,106.21,106.75,160.24,171.54,164.09,182.95,149.33,188.05,162.73,137.62,118.11,106.63,135.99,151.1,102.08,152.94,192.31,169.39
2023-03-22,136.03,152.17,157.16,150.25,136.45,107.39,118.65,111.94,160.61,195.1,147.66,161.68,159.53,108.51,171.92,122.75,160.78,164.0,125.83,124.22,129.3,104.84,140.67,150.3,145.29,112.12,144.92,145.22,138.15,122.73,101.9,106.14,106.7,160.11,171.58,164.17,182.93,149.41,188.18,162.73,137.55,118.22,106.86,136.0,151.06,102.04,152.72,192.29,169.6
2023-03-23,135.83,151.91,156.81,150.09,136.41,107.63,118.65,111.97,160.6,195.26,147.35,161.45,159.33,108.56,171.85,122.16,161.05,163.84,125.65,123.87,128.95,104.68,140.67,150.21,145.03,112.18,144.5,144.81,137.91,122.53,101.84,105.9,106.58,159.87,171.56,164.03,182.67,149.43,188.02,162.7,137.49,118.3,107.04,135.94,150.89,101.88,152.47,192.17,169.6
2023-03-24,135.76,151.8,156.59,149.99,136.41,107.74,118.88,112.07,160.61,195.73,147.2,161.28,159.12,108.54,171.99,121.62,161.34,163.78,125.56,123.69,128.69,104.5,140.72,150.19,144.85,112.23,144.19,144.56,137.6,122.39,101.42,105.68,106.76,159.74,171.5,163.99,182.75,149.54,188.06,162.59,137.42,118.33,107.13,135.88,150.82,101.75,152.29,191.87,169.77
2023-03-25,135.62,152.05,156.21,149.91,136.3,107.53,118.95,112.19,160.5,196.2,147.04,161.08,158.92,108.33,172.17,120.99,161.59,163.66,125.54,123.4,128.3,104.23,140.72,150.13,144.51,112.18,143.88,143.99,137.24,122.14,101.0,105.3,106.8,159.47,171.37,163.73,182.58,149.67,188.04,162.5,137.17,118.18,106.97,135.78,150.59,101.58,152.07,191.47,169.71
2023-03-26,135.62,152.55,155.91,149.91,136.21,107.31,118.87,112.21,160.4,196.62,147.15,161.08,158.93,108.18,172.36,120.54,161.89,163.66,125.74,123.34,128.09,103.91,140.66,150.13,144.41,112.06,143.61,143.89,137.01,121.96,100.72,104.96,106.77,159.33,171.41,163.69,182.38,149.87,188.2,162.56,136.98,118.14,106.99,135.63,150.45,101.3,151.94,191.2,169.78
2023-03-27,135.56,152.73,155.64,149.9,135.98,106.92,118.56,112.19,160.34,196.52,147.2,161.04,158.92,108.11,172.39,120.12,162.0,163.53,125.74,123.17,127.86,103.57,140.58,150.11,144.27,111.8,143.37,143.45,136.74,121.69,100.39,104.43,106.67,159.12,171.41,163.62,182.15,150.03,188.2,162.49,136.69,117.96,107.0,135.45,150.36,100.93,151.89,190.86,169.75
2023-03-28,135.54,152.93,155.21,149.86,135.72,106.59,118.0,112.2,160.19,196.33,147.26,161.0,158.92,107.97,172.5,119.92,161.94,163.53,125.94,122.94,127.72,103.37,140.38,150.07,144.39,111.52,143.23,142.89,136.58,121.73,100.06,104.04,106.48,158.92,171.38,163.58,182.3,150.27,188.18,162.41,136.39,117.8,106.99,135.23,150.27,100.5,151.54,190.53,168.74
2023-03-29,135.45,153.13,154.72,149.79,135.52,106.3,117.5,112.05,159.89,196.34,147.03,160.97,158.93,107.69,172.63,121.42,162.03,163.54,126.0,122.73,127.54,103.16,140.29,150.03,144.06,111.23,143.32,142.15,136.24,121.72,99.76,103.58,106.34,158.53,171.01,163.15,181.96,150.28,187.74,162.34,136.09,117.4,106.89,134.94,150.1,100.14,151.22,190.36,167.31
2023-03-30,135.57,153.42,154.38,149.83,135.28,105.95,117.11,111.76,159.64,196.5,147.04,160.99,159.06,107.6,172.56,123.24,162.0,163.63,126.14,122.65,127.52,103.02,140.28,150.06,143.73,111.14,143.28,141.64,136.09,121.75,99.52,103.33,106.03,158.42,170.94,163.1,181.85,150.41,187.88,162.33,135.92,117.24,106.83,134.81,150.21,99.9,150.95,190.19,165.95
2023-03-31,135.53,153.71,153.96,149.75,134.98,105.57,116.54,111.56,159.33,196.27,146.88,160.85,159.01,107.5,172.86,123.44,161.88,163.47,126.3,122.41,127.4,102.83,140.17,150.01,143.74,110.98,143.11,141.1,136.14,121.74,99.25,103.17,105.76,158.02,170.42,162.61,181.46,150.58,187.83,162.27,135.64,117.35,106.74,134.57,150.06,99.66,150.57,189.83,164.53
2023-04-01,135.55,153.25,153.71,149.69,134.84,105.33,116.08,111.29,159.14,196.06,146.7,160.81,158.84,107.88,173.12,124.08,161.63,163.46,126.37,122.16,127.38,102.73,140.29,149.93,143.78,110.89,142.96,140.95,136.09,121.84,99.14,103.14,105.55,157.73,169.95,162.31,181.12,153.01,187.57,162.16,135.58,117.43,106.76,134.23,150.1,99.54,150.27,189.36,163.3
2023-04-02,135.55,152.32,153.44,149.64,134.63,104.98,116.0,111.14,159.06,195.76,146.64,160.79,158.74,108.26,173.23,124.43,161.37,163.35,126.36,121.9,127.3,102.69,140.34,149.85,143.66,110.82,142.91,140.75,136.03,121.88,99.13,102.98,105.44,157.58,169.71,162.23,180.93,155.49,187.5,162.0,135.44,117.56,106.65,133.98,150.09,99.42,149.95,188.96,161.85
2023-04-03,135.43,150.99,153.08,149.4,134.55,104.73,115.91,111.04,158.96,195.75,146.32,160.78,158.54,108.47,173.41,124.74,161.14,163.28,126.39,121.57,127.17,102.52,140.35,149.71,143.46,110.73,142.81,140.56,135.98,121.89,99.07,102.62,105.26,157.24,169.28,161.97,180.82,157.85,187.09,161.8,135.24,117.55,106.46,133.59,150.03,99.24,149.38,188.64,160.43
2023-04-04,135.46,149.79,152.88,149.25,134.52,104.54,115.93,110.93,158.87,195.69,146.12,160.75,158.47,108.88,173.53,125.09,161.04,163.03,126.46,121.32,127.0,102.41,140.26,149.62,143.33,110.63,142.72,140.43,135.89,121.93,99.18,102.35,105.08,156.96,168.83,161.71,180.38,160.28,187.04,161.71,135.18,117.67,106.38,133.32,150.01,99.11,149.19,188.43,160.07
2023-04-05,135.57,148.88,152.84,149.14,134.5,104.25,115.76,110.79,158.93,195.45,146.21,160.72,158.37,109.32,173.21,123.65,160.86,162.77,126.72,121.24,126.9,102.25,140.1,149.54,143.27,110.6,142.56,140.33,136.06,121.9,99.28,102.13,104.88,156.72,168.7,161.68,180.16,162.77,187.19,161.56,135.15,118.11,106.43,133.05,150.06,98.99,149.03,188.12,160.08
2023-04-06,135.6,147.83,152.72,149.08,134.4,104.03,115.57,110.83,158.91,195.15,146.14,160.7,158.19,109.67,173.01,122.15,160.9,162.53,127.03,121.1,126.81,102.11,139.92,149.49,143.19,110.63,142.53,140.37,135.93,122.04,99.4,101.95,104.86,156.36,168.57,161.56,179.74,165.15,187.17,161.4,135.1,118.33,106.46,132.69,150.11,98.93,148.8,188.04,160.06
2023-04-07,135.6,146.23,152.54,149.1,134.38,103.94,115.37,110.85,159.01,194.92,146.19,160.74,158.14,110.08,172.56,121.55,160.97,162.35,127.34,121.09,126.72,102.05,139.74,149.49,142.89,110.66,142.53,140.49,135.81,121.59,99.66,101.67,104.86,156.18,168.8,161.75,179.7,167.43,187.02,161.29,135.15,117.93,106.35,132.44,150.25,98.75,148.57,188.3,160.05
2023-04-08,135.72,145.89,152.5,149.13,134.29,103.83,115.31,110.83,158.88,194.79,146.27,160.74,158.09,110.11,171.99,121.28,160.91,162.21,127.73,121.13,126.64,101.9,139.51,149.5,142.47,110.71,142.59,140.57,135.94,121.75,99.76,101.46,104.89,155.85,168.89,161.79,179.6,167.46,186.84,161.32,135.21,118.07,106.45,132.36,150.42,98.55,148.42,188.52,159.93
2023-04-09,135.82,147.11,152.34,149.1,134.23,103.79,114.9,110.8,158.59,194.56,146.15,160.67,158.07,110.12,171.56,121.18,161.02,161.98,128.11,121.1,126.58,101.71,139.21,149.49,141.95,110.77,142.5,140.38,136.06,121.83,99.72,101.22,104.81,155.55,168.87,161.68,179.42,167.34,186.58,161.2,135.3,118.2,106.46,132.21,150.64,98.35,148.28,188.69,159.86
2023-04-10,136.07,148.73,152.47,149.2,134.24,103.88,114.89,110.8,158.35,194.4,146.24,160.68,158.19,110.27,171.32,121.18,161.24,161.89,128.52,121.11,126.64,101.79,139.05,149.53,141.59,111.03,142.5,140.45,136.31,122.13,99.93,101.41,104.87,155.62,169.07,161.78,179.18,167.34,186.61,161.11,135.61,118.58,106.53,132.29,150.98,98.41,148.38,188.86,159.84
2023-04-11,136.21,150.11,152.52,149.33,134.14,103.94,114.89,110.84,158.21,194.15,146.29,160.69,158.23,110.31,171.08,121.15,161.12,161.84,128.9,121.12,126.68,101.83,139.04,149.61,141.36,111.28,142.46,140.76,136.53,122.28,99.89,101.31,104.92,155.65,169.3,161.85,179.2,167.12,186.51,160.98,135.75,118.8,106.56,132.27,151.41,98.45,148.45,188.91,159.93
2023-04-12,136.33,150.77,152.56,149.52,133.96,104.04,114.9,110.88,157.99,193.98,146.25,160.75,158.32,110.34,171.21,121.03,161.14,161.8,129.05,121.18,126.7,101.94,138.98,149.7,141.16,111.51,142.5,141.18,136.77,122.44,100.08,101.21,104.97,155.8,169.61,162.09,179.36,167.05,186.57,160.94,135.93,118.95,106.67,132.32,151.87,98.44,148.48,188.89,160.1
2023-04-13,136.4,151.71,152.72,149.51,133.84,103.97,114.88,111.05,157.66,193.68,146.03,160.84,158.46,110.29,171.46,121.07,160.97,161.74,129.14,121.16,126.65,102.0,138.82,149.68,141.3,111.56,142.46,141.22,137.13,122.47,100.24,100.95,104.99,155.89,169.6,162.14,179.7,166.85,186.34,160.89,136.09,119.08,106.72,132.32,152.06,98.29,148.48,188.6,160.21
2023-04-14,136.45,153.18,152.83,149.42,133.62,103.73,114.9,111.06,157.16,193.4,145.67,160.8,158.49,110.12,171.36,121.84,160.79,161.63,129.0,121.0,126.43,101.93,138.62,149.46,141.16,111.56,142.37,141.24,137.19,122.92,100.25,100.61,104.83,155.9,169.46,162.06,179.51,166.7,186.14,160.63,136.11,119.56,106.88,132.38,152.19,98.21,148.45,188.32,160.29
2023-04-15,136.21,154.26,151.88,148.48,133.22,103.08,114.03,111.11,156.9,192.86,145.42,160.59,158.47,109.88,171.4,121.67,160.51,160.75,128.95,121.02,125.87,101.5,137.77,149.19,140.15,111.31,141.69,140.99,136.66,122.61,100.02,99.81,104.28,155.42,169.28,161.93,179.58,166.44,185.73,159.91,135.65,119.57,106.66,131.7,152.28,97.76,148.33,188.25,160.36
2023-04-16,136.23,154.38,151.79,148.0,133.17,102.98,114.1,111.19,156.77,192.7,145.28,160.65,158.57,109.85,171.37,121.68,160.52,160.73,128.93,120.99,125.7,101.51,137.69,149.18,140.06,111.3,141.63,141.11,136.51,122.72,99.92,99.52,104.32,155.24,169.32,161.94,179.79,166.42,185.76,159.81,135.6,119.6,106.72,131.79,152.54,97.74,148.27,188.19,160.2
2023-04-17,136.2,154.38,151.56,147.47,133.04,102.71,113.92,111.24,156.59,192.59,145.13,160.63,158.55,109.84,171.19,121.67,160.47,160.72,128.88,120.82,125.46,101.37,137.58,149.12,139.89,111.2,141.53,141.17,136.33,122.69,99.97,99.15,104.26,154.81,169.27,161.87,179.98,166.31,185.64,159.71,135.43,119.66,106.81,131.79,152.65,97.55,148.1,188.11,159.99
2023-04-18,136.17,154.46,151.44,146.96,133.1,102.45,113.6,111.32,156.3,192.63,144.94,160.71,158.59,109.77,171.04,121.76,160.69,160.84,128.83,120.86,125.3,101.18,137.42,149.08,139.72,111.08,141.56,141.03,136.15,122.56,100.12,99.17,103.98,154.37,169.17,161.79,179.89,166.39,185.39,159.66,135.4,119.69,106.83,131.77,152.44,97.38,147.92,188.17,159.78
2023-04-19,135.99,154.62,151.44,146.4,133.16,102.14,113.38,111.33,156.14,192.6,144.5,160.81,158.38,109.66,170.82,122.01,160.77,160.81,128.71,120.88,125.06,100.95,137.24,149.02,139.12,110.99,141.59,140.64,136.0,122.43,99.87,99.26,103.74,153.94,168.84,160.39,178.14,166.44,185.27,159.61,135.3,119.77,106.82,131.67,152.54,97.26,147.82,187.21,159.52
2023-04-20,135.93,154.78,151.32,146.09,133.35,102.04,113.35,111.35,156.23,192.98,144.12,160.91,158.48,109.63,170.51,122.13,160.96,161.0,128.55,121.01,125.01,100.67,137.19,149.07,138.38,111.02,141.68,140.44,135.9,122.29,99.64,99.42,103.63,153.51,168.72,160.26,178.13,166.54,185.27,159.63,135.33,119.8,106.9,131.75,152.81,97.25,147.81,187.21,159.3
2023-04-21,135.99,155.03,151.11,145.81,133.59,101.91,113.23,111.38,156.46,193.23,144.26,161.13,158.66,109.67,170.38,122.14,161.3,161.16,128.66,121.2,125.22,100.37,137.03,149.27,137.86,110.97,141.81,139.85,135.88,122.37,99.57,99.56,103.54,153.22,168.85,160.28,178.38,166.7,185.36,159.7,135.33,119.97,107.02,131.63,153.12,97.16,148.0,187.19,159.03
2023-04-22,136.28,155.19,151.94,146.45,134.03,102.44,113.91,111.22,156.67,193.76,144.38,161.57,158.98,109.89,170.36,122.34,162.02,162.13,128.67,121.2,125.84,100.45,137.55,149.63,138.59,111.14,142.43,139.7,136.43,122.6,99.86,100.16,103.83,153.61,169.27,160.49,178.74,166.79,185.99,160.33,135.81,120.14,107.33,132.32,153.46,97.45,148.34,187.13,158.84
2023-04-23,136.24,154.97,151.9,146.59,134.1,102.33,113.74,110.97,156.79,194.03,144.41,161.73,159.02,109.85,170.41,122.47,162.23,162.32,128.64,121.26,125.99,100.04,137.36,149.69,138.39,111.04,142.48,139.22,136.43,122.36,100.03,100.25,103.58,153.42,169.31,160.38,178.91,166.74,185.88,160.38,135.79,120.18,107.4,132.16,153.36,97.36,148.53,187.04,158.84
2023-04-24,136.22,154.95,151.83,146.77,134.2,102.38,113.48,110.87,157.06,194.19,144.43,161.99,159.21,109.77,170.54,122.64,162.49,162.41,128.61,121.42,126.26,99.63,137.07,149.84,138.22,110.98,142.57,138.81,136.46,122.1,99.94,100.26,103.45,153.45,169.56,160.38,179.12,166.79,186.06,160.43,135.83,120.14,107.45,132.01,153.47,97.26,148.78,187.07,158.67
2023-04-25,136.18,154.99,151.8,146.86,134.22,102.47,113.17,110.78,157.34,194.36,144.37,162.14,159.28,109.7,170.66,122.65,162.56,162.27,128.56,121.3,126.4,99.15,136.64,149.83,138.12,110.85,142.39,138.36,136.48,122.0,99.8,99.8,103.46,153.49,169.86,160.36,179.15,166.7,186.21,160.39,135.69,120.06,107.47,131.78,153.74,97.1,148.96,186.97,158.42
2023-04-26,136.3,155.47,151.68,147.01,134.24,102.94,113.48,110.69,157.52,194.73,144.54,162.26,159.53,109.59,170.84,122.42,162.63,162.36,128.6,121.63,126.56,98.83,136.28,149.81,139.02,110.8,142.27,138.11,136.44,122.16,99.82,99.53,103.47,153.53,170.25,161.48,180.89,166.63,186.13,160.27,135.63,119.97,107.48,131.69,153.58,97.47,149.15,187.97,158.2
2023-04-27,136.32,155.98,151.63,147.0,134.15,103.25,113.65,110.53,157.6,194.75,144.9,162.38,159.5,109.54,171.12,122.36,162.78,162.22,128.65,122.03,126.58,98.61,135.89,149.72,139.98,110.78,142.06,138.07,136.52,122.23,99.85,99.19,103.52,153.6,170.4,161.42,180.94,166.53,186.11,160.14,135.49,119.93,107.48,131.45,153.48,97.84,149.35,188.08,157.95
2023-04-28,136.32,156.51,151.77,147.02,134.09,103.81,113.92,110.46,157.57,195.13,144.9,162.49,159.39,109.42,171.32,122.41,162.64,162.19,128.56,122.41,126.63,98.82,135.77,149.66,141.38,110.9,142.01,138.15,136.6,122.27,99.83,99.13,103.62,153.55,170.42,161.28,180.91,166.53,186.04,160.13,135.5,119.75,107.47,131.29,153.34,99.06,149.42,188.22,157.7
2023-04-29,136.24,156.63,151.74,146.88,133.98,103.87,114.06,110.63,157.45,195.35,144.85,162.48,159.17,109.27,171.21,122.51,162.39,162.13,128.56,122.73,126.53,98.58,135.59,149.53,141.58,110.88,141.67,138.23,136.53,122.33,99.65,98.77,103.71,153.46,170.36,161.03,180.65,166.58,185.84,160.03,135.38,119.71,107.42,131.02,153.1,98.8,149.2,188.26,157.4
2023-04-30,136.17,157.05,151.73,146.76,133.85,103.86,114.21,110.88,157.4,195.57,144.8,162.49,158.96,109.11,171.11,122.46,162.23,162.0,128.61,123.09,126.35,98.27,135.4,149.39,141.73,110.85,141.36,138.3,136.52,122.59,99.41,98.37,103.71,153.44,170.15,160.73,180.27,166.68,185.62,159.93,135.3,119.68,107.32,130.8,153.12,98.49,149.04,188.27,157.08
2023-05-01,136.15,156.57,151.98,146.6,133.75,103.79,114.51,111.18,157.36,195.94,144.57,162.43,158.72,108.92,171.14,122.69,162.06,161.9,128.61,123.5,126.15,97.95,135.23,149.21,141.94,110.8,141.12,138.6,136.53,122.95,99.11,98.04,103.66,153.26,169.9,160.48,179.98,166.77,185.37,159.81,135.12,119.62,107.37,130.53,153.2,98.22,148.89,188.24,156.93
2023-05-02,136.13,155.88,152.13,146.55,133.63,103.86,115.47,111.05,157.21,196.23,144.48,162.44,158.55,108.91,171.02,122.89,162.04,161.94,128.63,123.87,125.94,97.78,135.14,149.07,142.21,110.85,141.06,138.85,136.4,123.2,98.86,98.01,103.53,153.15,169.6,160.24,179.8,166.91,185.16,159.8,135.14,119.6,107.38,130.42,153.21,98.1,148.75,188.2,156.77
2023-05-03,135.97,155.39,152.21,146.31,133.37,103.38,115.33,111.1,156.92,196.21,144.32,162.38,158.31,108.78,170.74,123.13,162.01,161.83,128.62,123.71,125.57,97.68,134.92,148.81,142.89,110.85,141.0,139.01,136.03,123.18,98.63,97.82,103.39,152.85,169.06,159.83,179.46,167.05,184.77,159.74,135.04,119.22,107.35,130.11,153.02,98.25,148.55,188.06,156.56
2023-05-04,135.66,154.37,151.82,145.93,132.94,102.62,114.71,111.13,156.64,196.14,144.03,162.18,157.86,108.48,170.51,123.33,161.63,161.44,128.55,123.19,124.91,97.26,134.25,148.49,142.91,110.57,140.71,138.71,135.4,123.15,98.14,97.24,102.63,151.4,168.57,159.36,179.14,167.2,183.99,159.39,134.73,118.79,107.08,129.55,152.64,98.04,148.34,187.83,156.31
2023-05-05,135.57,153.32,151.71,145.7,132.68,102.14,114.71,111.18,156.79,195.72,143.81,162.02,157.71,108.7,170.56,123.69,161.8,161.41,128.7,123.06,124.44,96.79,133.98,148.3,142.99,110.43,140.59,138.79,135.25,123.25,97.92,96.92,102.33,150.31,168.41,159.07,179.06,167.39,183.98,159.28,134.59,118.8,107.12,129.32,152.64,97.42,148.36,187.84,156.2
2023-05-06,135.51,152.83,151.75,145.58,132.46,101.84,114.76,111.19,157.02,195.32,143.73,161.97,157.6,108.89,170.58,123.95,161.75,161.31,128.63,123.02,123.99,96.84,133.82,148.14,144.15,110.37,140.67,138.77,134.99,123.19,97.81,96.9,102.04,149.18,168.28,158.89,178.8,167.76,183.87,159.21,134.54,118.72,107.12,129.11,152.44,98.16,148.57,187.84,156.05
2023-05-07,135.39,151.31,151.78,145.5,132.24,101.7,114.86,111.1,157.27,194.95,143.66,161.93,157.59,109.08,170.54,123.34,161.8,161.32,128.51,123.01,123.6,96.97,133.62,148.0,145.45,110.31,140.74,138.84,134.75,122.39,97.72,96.94,101.87,148.18,168.26,158.86,178.76,168.06,184.12,159.11,134.51,118.15,106.91,128.99,152.2,98.88,148.83,187.88,155.94
2023-05-08,135.27,151.72,151.43,145.35,131.96,101.58,114.77,110.91,157.41,194.51,143.75,161.88,157.5,109.33,170.33,123.07,161.78,161.26,128.46,122.86,123.01,96.9,133.45,147.83,146.67,110.2,140.66,138.43,134.42,122.19,97.67,96.87,101.57,147.17,168.1,158.66,178.73,168.29,184.2,159.05,134.45,118.13,106.81,128.82,151.76,99.43,149.01,187.8,155.82
2023-05-09,135.09,152.81,151.02,145.08,131.62,101.15,114.04,110.94,157.57,194.15,143.75,161.72,157.34,109.41,170.07,122.84,161.75,161.18,128.35,122.87,122.53,96.72,133.34,147.64,147.64,109.79,140.46,137.82,134.24,121.99,97.58,96.57,101.37,146.12,167.95,158.5,178.73,168.41,184.19,158.94,134.22,118.03,106.69,128.64,151.43,99.87,149.23,187.74,155.63
2023-05-10,135.05,153.39,150.77,144.97,131.48,101.1,113.9,110.96,157.8,193.98,143.84,161.75,157.32,109.68,169.85,122.65,161.85,161.39,128.28,122.83,122.23,96.25,133.55,147.7,147.56,109.32,140.09,137.29,134.28,121.86,97.55,96.16,101.22,145.24,168.15,158.58,178.86,168.51,184.35,158.98,134.17,118.27,106.64,128.52,151.3,99.55,149.52,187.84,155.54
2023-05-11,135.09,154.48,150.89,145.0,131.5,101.62,114.32,111.01,157.97,193.93,144.01,161.85,157.43,110.01,169.42,122.44,162.05,161.91,128.18,123.12,122.14,96.02,134.19,147.83,147.55,109.01,140.25,137.12,134.49,121.29,97.79,96.18,101.49,145.46,168.29,158.65,179.0,168.71,184.92,159.24,134.33,118.59,106.79,128.66,151.33,99.49,149.76,187.94,155.43
2023-05-12,134.4,155.01,149.93,144.16,130.46,101.08,113.46,110.98,157.43,192.5,143.68,161.12,155.98,109.54,168.27,121.79,161.24,161.23,127.69,122.52,120.87,95.07,133.49,147.03,146.23,107.81,139.31,135.9,133.58,120.21,97.2,95.31,100.78,144.94,167.74,158.24,178.38,168.64,183.98,158.08,133.26,118.25,106.37,128.19,150.33,98.7,149.3,187.33,155.08
2023-05-13,134.2,155.52,149.73,143.96,130.37,101.24,113.14,111.04,157.2,192.57,143.57,161.13,155.83,109.48,167.99,121.44,161.21,161.26,127.49,122.39,120.41,94.48,133.31,146.96,145.61,107.22,139.11,135.19,133.54,119.61,97.19,94.72,100.5,144.92,167.4,158.1,178.44,168.68,183.99,157.97,133.02,118.12,106.33,127.85,150.06,98.28,149.34,187.21,155.02
2023-05-14,134.13,156.86,149.56,143.79,130.3,101.42,112.84,111.15,156.91,192.54,143.47,161.15,155.69,109.44,167.81,122.23,161.04,161.24,127.31,122.25,119.88,93.89,133.22,146.95,144.93,106.7,138.98,134.5,133.6,119.73,97.01,94.17,100.2,144.75,167.09,157.92,178.45,168.76,183.91,158.06,132.81,118.57,106.51,127.59,149.83,97.94,149.34,187.13,155.01
2023-05-15,133.99,156.64,149.54,143.62,130.28,101.54,112.68,111.13,156.48,192.46,143.35,161.21,155.43,109.4,167.61,122.37,160.0,161.32,127.1,122.22,119.41,93.53,133.14,146.95,144.27,106.2,138.86,134.01,133.7,119.24,96.86,93.74,100.13,144.59,166.85,157.77,178.28,168.88,183.79,158.15,132.7,118.51,106.45,127.49,149.51,97.74,149.09,187.11,154.95
2023-05-16,133.76,156.02,149.35,143.45,130.2,101.75,112.33,111.1,155.85,192.24,143.14,161.24,154.7,109.39,167.38,122.39,157.27,161.25,126.89,122.07,118.77,93.03,132.93,146.94,143.42,105.82,138.6,133.82,133.76,118.82,96.51,93.38,99.98,144.34,166.55,157.52,178.01,168.89,183.7,158.1,132.57,118.63,106.44,127.17,149.14,97.54,147.99,186.96,154.94
2023-05-17,133.7,155.69,149.2,143.46,130.17,101.78,112.28,111.0,155.39,192.01,143.03,161.39,154.22,109.44,167.32,122.63,154.51,161.05,127.05,122.19,118.22,92.74,132.27,147.01,142.76,105.6,138.68,133.84,133.93,118.95,96.25,93.17,99.89,144.29,166.33,157.47,177.92,169.06,183.87,158.16,132.42,118.82,106.48,127.0,149.03,97.08,146.72,186.74,154.95
2023-05-18,133.69,155.2,149.23,143.5,130.14,101.69,112.27,110.85,154.92,192.12,142.92,161.59,153.73,109.57,167.44,122.74,151.7,160.95,127.27,122.2,117.97,92.59,131.79,147.13,142.45,105.46,138.96,133.8,134.04,119.52,96.09,93.11,100.08,144.18,166.25,157.55,177.67,169.16,184.07,158.32,132.41,118.95,106.54,126.89,148.78,96.88,145.44,186.65,155.0
2023-05-19,134.19,155.24,149.98,144.21,130.93,102.08,112.8,110.74,155.08,193.57,143.13,162.59,155.05,109.97,168.08,123.17,152.14,161.55,127.71,122.59,118.54,92.88,131.99,147.9,142.79,105.91,140.04,134.54,134.71,120.29,96.31,93.51,100.84,144.28,166.36,157.77,177.88,169.28,184.88,159.46,133.31,119.29,106.8,126.99,149.39,97.05,146.09,187.1,155.32
2023-05-20,134.24,155.28,149.91,144.35,130.72,101.99,112.87,110.5,155.03,193.52,143.17,162.87,155.15,110.0,168.14,123.39,152.04,161.35,128.03,122.55,118.35,92.6,131.39,147.93,142.39,105.85,140.49,134.6,134.59,120.85,96.01,93.59,101.11,143.88,166.29,157.8,177.64,169.22,184.96,159.52,133.39,119.51,106.82,126.84,149.54,96.84,146.38,187.26,155.4
2023-05-21,134.33,155.45,149.94,144.54,130.62,101.93,112.97,110.36,155.08,193.63,143.24,163.16,155.36,110.08,168.11,123.44,152.18,161.24,128.33,122.66,118.38,92.49,131.05,147.93,142.27,105.86,140.97,134.5,134.55,121.34,95.98,93.7,101.47,143.76,166.4,157.94,177.53,169.15,185.25,159.43,133.53,119.66,106.71,126.7,149.74,96.74,146.78,187.41,155.43
2023-05-22,134.45,155.78,149.92,144.75,130.5,101.8,112.95,110.24,155.25,193.7,143.28,163.41,155.59,110.17,168.09,123.36,153.07,161.22,128.57,122.68,118.44,92.46,130.78,148.03,142.15,105.9,141.44,134.54,134.52,121.88,95.71,93.74,101.73,143.69,166.66,158.06,177.43,169.03,185.32,159.33,133.59,119.77,106.65,126.26,150.06,96.57,147.35,187.57,155.5
2023-05-23,134.58,155.63,149.86,144.79,130.42,101.61,112.88,110.19,155.57,193.83,143.28,163.66,156.11,110.12,168.21,123.35,155.55,161.18,128.84,122.67,118.42,92.41,130.44,148.15,142.17,105.91,141.93,134.39,134.38,122.3,95.52,93.64,101.82,143.4,166.58,158.02,177.43,168.96,185.27,159.26,133.54,119.65,106.6,125.85,150.3,96.34,148.61,187.75,155.53
2023-05-24,134.59,155.57,149.89,144.75,130.26,101.5,112.63,110.01,155.84,193.94,143.33,163.78,156.57,109.96,168.38,123.3,158.17,161.04,128.76,122.79,118.61,92.3,130.35,148.14,142.13,105.74,142.4,134.14,134.24,122.24,95.34,93.42,102.08,143.12,166.55,157.88,176.82,168.79,185.1,159.07,133.51,119.49,106.48,125.41,150.43,96.41,150.11,188.01,155.47
2023-05-25,134.58,155.63,149.73,144.67,130.02,101.35,112.23,109.83,156.07,193.79,143.45,163.93,157.0,109.8,168.41,123.3,160.74,160.85,128.67,122.89,118.5,92.16,130.13,148.09,142.33,105.51,142.37,133.38,134.05,122.14,95.06,93.1,101.94,142.89,166.5,157.7,175.98,168.6,184.98,158.75,133.25,119.35,106.3,124.83,150.62,96.3,151.66,188.14,155.42
2023-05-26,134.54,155.61,149.57,144.6,129.78,101.31,111.85,109.68,155.55,193.74,143.54,164.03,156.86,109.73,168.51,123.22,160.64,160.84,128.57,123.09,118.37,91.97,130.07,148.08,142.72,105.41,142.34,132.97,134.01,122.19,94.88,92.71,101.75,143.02,166.59,157.71,175.21,168.46,185.18,158.51,133.06,119.35,106.18,124.49,150.6,96.17,151.77,188.2,155.3
2023-05-27,134.49,155.2,149.46,144.5,129.64,101.28,111.53,109.57,154.82,193.76,143.5,164.03,156.77,109.62,168.51,123.12,160.53,160.94,128.43,123.23,118.3,91.83,130.12,148.1,143.23,105.25,142.44,132.58,134.01,122.1,94.64,92.47,101.6,143.19,166.58,157.59,174.35,168.33,185.39,158.29,132.88,119.29,106.04,124.34,150.54,95.98,151.81,188.2,155.1
2023-05-28,134.35,155.7,149.23,144.25,129.37,101.15,111.01,109.41,154.15,193.67,143.39,164.04,156.52,109.46,168.68,123.15,160.29,160.94,128.29,123.13,118.03,91.5,129.81,148.06,143.43,104.92,142.39,132.29,133.82,121.96,94.29,92.05,101.26,143.12,166.45,157.38,173.3,168.14,185.27,158.01,132.57,119.21,106.07,124.02,150.45,95.59,151.77,188.15,154.91
2023-05-29,134.21,157.11,149.08,144.04,129.15,101.11,110.6,109.11,153.53,193.54,143.42,164.15,156.44,109.37,168.93,123.21,160.15,160.84,128.22,123.13,117.85,91.1,129.45,147.98,143.65,104.56,142.43,131.84,133.65,121.74,94.23,91.7,100.93,143.08,166.22,157.28,172.41,168.06,185.47,157.84,132.35,119.17,106.04,124.0,150.39,95.29,151.86,188.16,154.79
2023-05-30,134.13,156.67,149.09,143.94,129.01,101.23,110.43,108.77,152.87,193.35,143.4,164.1,156.37,109.34,169.03,123.46,159.96,160.82,128.14,123.14,117.85,90.9,129.24,147.9,143.91,104.33,142.49,131.56,133.6,121.64,94.33,91.5,100.78,143.25,166.24,157.33,171.59,168.01,185.61,157.62,132.24,119.23,106.04,123.91,150.33,95.05,152.01,188.3,154.56
2023-05-31,133.92,155.31,148.78,143.63,128.82,101.24,110.1,108.46,152.27,193.03,143.06,163.98,156.09,109.27,169.1,123.62,159.64,160.76,128.05,122.85,117.52,90.51,128.92,147.68,144.05,104.01,142.26,131.05,133.24,121.4,94.27,91.18,100.34,143.12,165.87,157.15,171.0,167.94,185.5,157.28,132.0,119.24,105.9,123.73,149.99,94.6,151.94,188.24,154.37
2023-06-01,133.7,152.84,148.4,143.22,128.65,101.15,109.55,108.13,151.7,192.72,142.55,163.72,155.76,109.09,169.14,123.89,159.48,160.57,127.91,122.51,117.12,90.24,128.6,147.42,144.07,103.65,142.07,131.13,132.96,121.3,94.04,90.8,100.06,142.92,165.5,156.93,170.76,167.82,185.14,156.96,131.84,119.18,105.68,123.68,149.75,94.06,151.22,188.13,154.09
2023-06-02,133.56,150.87,148.14,142.9,128.5,101.07,109.16,107.67,151.49,192.45,142.31,163.46,155.59,109.0,169.04,124.17,159.37,160.25,127.73,122.25,116.83,90.03,128.25,147.26,143.95,103.38,141.97,130.86,132.78,121.19,93.93,90.41,99.88,142.8,165.4,156.96,170.54,167.88,184.8,156.69,131.68,119.17,105.58,123.55,149.72,93.56,151.16,188.03,153.12
2023-06-03,133.37,149.4,147.89,142.55,128.39,100.94,108.85,107.43,151.53,192.24,141.92,162.84,155.33,108.84,168.98,124.53,159.35,159.88,127.46,122.12,116.47,90.03,128.04,147.03,143.4,103.16,141.84,130.53,132.68,121.1,93.71,90.07,99.79,142.39,165.12,156.87,170.3,167.89,184.1,156.38,131.41,119.07,105.4,123.23,149.75,93.34,151.07,187.89,152.25
2023-06-04,133.16,145.98,147.65,142.2,128.22,100.85,108.49,107.09,151.41,192.07,141.57,162.14,155.07,108.67,168.77,124.74,159.2,159.5,127.14,121.97,116.11,90.02,127.82,146.76,142.89,103.04,141.79,130.67,132.51,121.0,93.46,89.84,99.66,142.14,164.92,156.81,170.09,167.86,183.64,156.04,131.19,118.91,105.18,122.95,149.59,93.09,150.93,187.71,151.35
2023-06-05,132.97,141.44,147.37,141.86,128.05,100.83,108.2,106.95,151.3,192.01,141.2,161.42,154.79,108.5,168.54,125.0,159.06,159.12,126.95,121.87,115.73,90.04,127.66,146.51,142.53,102.9,141.73,130.74,132.27,120.92,93.22,89.68,99.56,141.93,164.77,156.77,169.86,167.82,183.48,155.62,130.98,118.76,104.96,122.81,149.3,92.82,150.79,187.52,150.49
2023-06-06,132.8,141.65,147.15,141.6,127.88,100.82,107.98,106.93,151.41,191.99,141.03,160.92,154.7,108.29,168.42,125.13,159.15,158.88,126.77,121.84,115.42,90.02,127.57,146.29,142.26,102.74,141.78,130.7,132.15,120.77,93.07,89.6,99.57,141.82,164.68,156.71,169.62,167.89,183.16,155.35,130.88,118.55,104.73,122.73,149.1,92.52,150.87,187.31,149.78
2023-06-07,132.58,141.82,146.96,141.42,127.71,100.85,107.87,106.9,151.35,192.01,140.98,160.37,154.63,108.11,168.27,124.32,159.25,158.72,126.54,121.87,115.18,90.11,127.44,146.12,141.89,102.63,141.87,130.78,132.17,120.14,92.9,89.64,99.53,141.86,164.89,156.97,169.71,168.05,183.39,155.2,130.74,117.96,104.4,122.83,149.08,92.23,151.09,187.27,149.01
2023-06-08,132.49,143.94,146.89,141.29,127.61,100.9,108.06,106.98,151.37,191.92,141.06,160.04,154.63,107.96,168.19,124.23,159.25,158.64,126.37,122.03,115.08,90.04,127.28,146.03,140.65,102.49,142.21,130.74,132.1,119.92,92.94,89.47,99.5,141.89,165.13,157.19,169.63,168.22,183.7,155.12,130.46,117.89,104.34,122.87,148.96,91.35,151.97,187.32,148.37
2023-06-09,132.32,146.05,146.66,141.07,127.53,100.78,108.21,107.04,151.45,191.75,140.9,159.78,154.59,107.7,168.27,124.13,159.2,158.58,126.25,122.01,114.97,89.84,127.01,145.86,139.41,102.19,142.3,130.77,131.97,119.77,92.87,89.25,99.37,141.74,165.16,157.24,169.61,168.27,183.86,155.03,130.1,117.68,104.18,122.82,148.65,90.36,152.02,187.43,148.52
2023-06-10,132.14,148.03,146.38,140.79,127.43,100.63,108.19,106.88,151.44,191.56,140.72,159.89,154.52,107.46,168.32,123.84,159.09,158.49,126.16,121.91,114.86,89.47,126.63,145.74,137.93,101.82,142.15,130.82,131.81,119.6,92.82,88.74,99.28,141.78,165.27,157.4,169.57,168.35,184.25,154.8,129.84,117.46,104.02,122.84,148.31,89.07,152.02,187.57,148.59
2023-06-11,132.03,150.96,146.19,140.58,127.44,100.35,108.31,106.82,151.51,191.45,140.54,160.06,154.46,107.29,168.35,123.68,159.09,158.51,126.15,121.93,114.98,89.17,126.41,145.7,136.96,101.46,142.07,130.6,131.74,119.54,92.93,88.29,99.24,141.68,165.31,157.53,169.55,168.5,184.5,154.78,129.65,117.33,104.0,122.93,148.14,87.91,152.02,187.63,148.7
2023-06-12,131.88,154.34,146.04,140.37,127.39,100.04,108.42,106.69,151.45,191.32,140.36,160.2,154.34,107.1,168.33,123.41,159.08,158.44,125.91,121.91,115.12,88.8,126.17,145.59,135.78,101.11,141.95,130.31,131.7,119.43,92.86,87.78,99.19,141.56,165.29,157.65,169.46,168.67,184.51,154.71,129.42,117.14,103.97,122.91,148.07,86.78,152.07,187.66,148.67
2023-06-13,131.78,154.44,145.91,140.12,127.31,100.02,108.46,106.59,151.34,191.19,140.17,160.38,154.23,106.99,168.38,123.1,159.01,158.24,125.8,121.88,115.2,88.42,125.77,145.47,134.91,100.79,141.82,130.12,131.53,119.44,92.48,87.2,99.09,141.46,165.34,157.87,169.64,168.79,184.91,154.55,129.06,117.1,103.92,122.96,147.96,85.64,152.18,187.73,148.67
2023-06-14,131.88,155.47,145.78,140.0,127.34,100.01,108.55,106.64,151.31,191.05,140.07,160.56,154.15,106.97,168.32,123.82,159.01,158.14,125.95,121.82,115.13,88.07,125.6,145.43,134.0,100.53,141.76,130.04,131.46,120.27,92.18,86.73,99.14,141.36,165.33,157.99,169.67,168.8,185.07,154.53,128.72,117.44,104.11,122.74,147.89,84.67,152.29,187.7,148.71
2023-06-15,131.83,155.05,145.84,139.94,127.38,100.17,108.71,106.56,151.36,190.97,139.96,160.62,154.07,106.93,168.27,123.51,159.08,157.95,125.85,121.75,115.2,87.82,125.6,145.34,133.9,100.45,141.55,130.09,131.36,120.25,91.98,86.73,99.34,141.37,165.25,158.06,169.5,168.81,185.16,154.5,128.68,117.35,104.16,122.72,147.81,84.45,152.71,187.66,148.66
2023-06-16,131.69,154.14,145.8,139.81,127.37,100.36,108.7,106.62,151.34,190.88,139.86,160.54,153.92,106.84,168.11,123.11,159.01,157.78,125.71,121.78,115.09,87.58,125.68,145.18,133.77,100.34,141.36,129.98,131.21,120.27,91.53,86.68,99.51,141.32,165.05,157.98,169.41,168.44,184.95,154.39,128.54,117.26,104.15,122.59,147.79,84.18,153.29,187.49,148.55
2023-06-17,131.63,152.96,145.78,139.74,127.42,100.41,108.66,106.64,151.25,190.83,139.84,160.42,153.8,106.78,168.08,122.78,158.96,157.67,125.59,121.83,115.07,87.44,125.84,145.02,134.26,100.2,141.3,130.01,130.93,120.33,91.17,86.76,99.53,141.38,164.93,157.95,169.58,168.03,184.99,154.4,128.41,117.16,104.19,122.43,147.69,84.18,153.94,187.31,148.55
2023-06-18,131.6,151.96,145.77,139.69,127.42,100.68,108.75,106.6,151.16,190.79,139.89,160.34,153.71,106.71,168.29,122.4,158.92,157.49,125.62,121.86,114.92,87.36,126.08,144.88,134.26,100.15,141.08,129.92,130.75,120.47,90.79,86.85,99.72,141.51,164.82,157.92,169.63,167.67,185.13,154.43,128.32,117.21,104.17,122.35,147.63,84.18,154.65,187.21,148.54
2023-06-19,131.55,150.79,145.7,139.64,127.48,100.97,108.82,106.57,151.2,190.79,139.9,160.27,153.63,106.58,168.45,122.1,158.85,157.41,125.68,121.87,114.73,87.27,126.22,144.78,134.32,100.06,140.88,129.92,130.57,120.49,90.51,86.85,99.84,141.57,164.73,157.87,169.76,167.21,185.15,154.5,128.23,117.2,104.17,122.19,147.61,84.17,155.31,187.2,148.57
2023-06-20,131.47,150.18,145.65,139.64,127.59,100.96,108.91,106.51,151.25,190.83,139.9,160.12,153.52,106.53,168.62,121.73,158.73,157.37,125.62,121.84,114.58,87.27,126.53,144.68,134.04,99.95,140.71,129.93,130.32,120.46,90.45,86.91,99.83,141.6,164.65,157.85,169.68,166.68,185.02,154.62,128.24,117.13,104.15,122.05,147.56,84.23,155.88,187.1,148.61
2023-06-21,131.25,149.31,145.63,139.57,127.62,100.9,108.91,106.69,151.32,190.9,139.72,160.06,153.4,106.42,168.9,121.42,158.63,157.14,125.28,121.79,114.48,87.17,126.67,144.5,133.92,99.79,140.39,129.88,129.66,119.93,90.3,86.89,99.65,141.59,164.58,157.8,169.51,166.1,185.01,154.53,128.25,116.99,104.14,121.99,147.47,84.23,156.42,187.12,145.95
2023-06-22,131.17,148.98,145.49,139.51,127.72,100.81,108.72,106.87,151.27,190.94,139.62,160.03,153.3,106.37,169.18,121.4,158.46,157.06,125.31,121.78,114.31,87.1,126.71,144.43,133.68,99.78,140.02,129.89,129.26,119.97,90.25,86.42,99.38,141.51,164.58,157.82,169.72,165.52,185.1,154.47,128.22,116.85,104.12,121.67,147.45,84.23,156.81,187.22,143.56
2023-06-23,131.12,148.66,145.47,139.5,127.7,100.7,108.6,107.09,151.25,191.0,139.46,160.1,153.19,106.33,169.28,121.38,158.51,156.92,125.37,121.74,114.25,87.02,126.69,144.4,133.38,99.7,139.75,129.91,128.8,119.83,90.26,86.05,99.05,141.48,164.63,157.87,169.73,165.31,185.47,154.35,128.21,116.72,104.03,121.51,147.4,84.15,157.05,187.23,141.08
2023-06-24,131.05,148.6,145.35,139.39,127.63,100.76,108.63,107.32,151.11,191.03,139.15,160.16,152.82,106.35,169.41,121.39,157.36,156.86,125.62,121.7,114.1,86.93,126.61,144.36,132.94,99.63,139.46,129.98,128.58,119.83,90.2,85.67,98.86,141.17,164.44,157.67,169.53,165.07,185.47,154.32,128.19,116.95,103.94,121.25,147.26,84.02,156.66,187.01,142.21
2023-06-25,130.87,148.45,145.26,139.21,127.55,100.69,108.58,107.59,150.78,190.89,138.83,160.12,152.25,106.41,169.37,121.34,155.37,156.75,125.66,121.73,113.92,86.78,126.34,144.3,132.48,99.52,139.24,130.17,128.24,119.7,90.31,85.25,98.49,141.02,164.48,157.66,169.48,164.85,185.6,154.19,128.06,117.21,103.84,121.03,147.02,83.83,155.91,186.78,143.36
2023-06-26,130.71,148.46,145.11,138.99,127.39,100.52,108.36,107.76,150.33,190.74,138.65,160.05,151.62,106.45,169.47,121.19,152.99,156.51,125.85,121.8,113.73,86.55,126.02,144.22,131.91,99.34,139.01,130.18,127.95,119.65,90.47,84.89,98.02,140.78,164.41,157.63,169.36,164.61,185.76,154.05,127.88,117.44,103.66,120.7,146.76,83.56,154.95,186.43,144.65
2023-06-27,130.55,148.87,144.94,138.79,127.22,100.42,108.29,107.92,149.85,190.49,138.5,159.92,150.95,106.49,169.48,121.09,150.42,156.34,126.07,121.75,113.53,86.42,125.8,144.21,131.36,99.3,138.83,130.27,127.79,119.65,90.5,84.45,97.76,140.58,164.3,157.53,169.23,164.49,186.09,153.9,127.79,117.8,103.55,120.57,146.56,83.36,153.9,186.11,146.0
2023-06-28,130.39,149.12,144.73,138.52,126.97,100.26,108.23,107.72,149.32,190.32,138.49,159.67,150.28,106.47,169.41,120.83,147.62,156.29,126.42,121.7,113.33,86.37,125.65,144.18,130.79,99.27,138.64,130.12,127.98,119.89,90.57,83.91,97.43,140.34,164.28,157.5,169.1,164.31,186.19,153.81,127.72,118.18,103.34,120.51,146.1,83.14,152.8,185.66,150.0
2023-06-29,130.34,149.29,144.5,138.3,126.64,100.11,108.2,107.59,148.76,190.24,138.42,159.31,149.59,106.43,169.29,120.6,144.84,156.16,126.69,121.64,113.07,86.29,125.54,144.11,130.57,99.0,138.46,129.92,128.23,119.82,90.32,83.68,96.81,140.18,164.23,157.48,168.9,164.12,186.33,153.68,127.57,118.63,103.15,120.58,145.69,82.85,151.57,185.11,153.86
2023-06-30,130.29,149.47,144.33,138.1,126.49,100.11,108.16,107.45,148.18,190.22,138.35,158.91,148.94,106.36,169.21,120.49,142.29,156.13,126.91,121.6,112.77,86.27,125.59,144.07,130.52,98.84,138.36,129.69,128.48,119.84,90.22,83.44,96.24,139.9,164.15,157.4,168.68,163.9,186.45,153.66,127.6,118.9,102.92,120.63,145.2,82.75,150.58,184.88,157.77
2023-07-01,130.24,148.52,144.2,137.92,126.22,100.06,107.97,107.34,147.57,190.05,138.4,158.56,148.61,106.31,169.04,120.66,140.77,155.98,126.93,121.48,112.49,86.25,125.65,144.06,130.38,98.62,138.24,129.55,128.48,119.67,90.05,83.2,95.54,139.79,164.35,157.53,168.45,163.42,186.75,153.52,127.57,118.74,102.75,120.84,144.68,82.63,149.97,184.95,158.13
2023-07-02,130.15,147.19,143.99,137.77,126.04,100.01,107.73,107.12,147.13,189.71,138.38,158.13,148.49,106.12,168.91,120.72,140.2,155.86,126.97,121.27,112.26,86.18,125.67,143.96,130.18,98.33,138.03,129.24,128.42,119.48,89.77,82.94,94.88,139.48,164.26,157.46,168.16,162.72,186.74,153.3,127.55,118.43,102.63,120.81,144.21,82.54,149.77,184.99,158.42
2023-07-03,130.08,145.62,143.84,137.63,125.91,99.96,107.7,107.18,146.77,189.48,138.26,157.77,148.38,105.97,168.77,120.88,139.76,155.85,126.95,121.09,112.02,86.19,125.77,143.87,130.09,98.23,137.86,128.84,128.43,119.39,89.46,82.63,94.35,139.27,164.2,157.36,167.82,162.07,186.72,153.16,127.59,118.32,102.56,120.9,143.66,82.5,149.6,185.12,158.79
2023-07-04,129.95,142.56,143.66,137.45,125.76,99.82,107.42,107.38,146.38,189.42,138.03,157.48,148.31,105.76,168.68,121.05,139.45,155.75,126.86,121.03,111.82,86.17,125.79,143.72,130.0,97.97,137.63,128.46,128.47,119.3,89.28,82.38,93.85,138.9,163.99,157.16,167.59,161.24,186.36,153.01,127.6,118.01,102.47,120.87,143.07,82.42,149.41,185.19,158.84
2023-07-05,130.0,139.75,143.6,137.26,125.76,99.8,107.21,107.54,146.01,189.49,137.93,157.22,148.25,105.72,168.5,121.3,139.23,155.65,126.89,121.0,111.71,86.19,125.8,143.67,129.95,97.75,137.55,128.17,128.53,119.45,89.15,82.3,93.45,138.65,163.83,157.03,167.51,160.59,186.26,152.84,127.69,117.9,102.47,120.91,142.71,82.46,149.16,185.34,158.94
2023-07-06,129.69,137.5,143.45,136.97,125.52,99.69,107.03,107.7,145.65,189.41,137.72,157.02,148.13,105.52,168.31,121.46,139.02,155.43,126.64,120.9,111.54,86.11,125.72,143.51,129.68,97.56,137.44,127.78,128.33,119.44,89.06,82.03,93.21,138.25,163.6,156.76,167.11,159.95,185.96,152.59,127.56,117.63,102.41,120.86,142.14,82.37,148.82,185.47,158.64
2023-07-07,129.34,134.84,143.28,136.76,125.2,99.47,106.87,107.9,145.43,189.26,137.67,156.94,148.09,105.44,168.56,120.51,138.62,155.28,126.45,120.88,111.49,86.07,125.6,143.4,129.54,97.37,137.55,127.79,128.28,118.84,88.99,81.84,92.95,137.97,163.48,156.66,167.05,159.32,185.72,152.49,127.43,117.11,102.25,120.82,141.77,82.31,148.37,185.49,158.67
2023-07-08,129.26,134.48,143.28,136.74,125.12,99.42,106.82,108.05,145.65,189.25,137.77,156.95,148.25,105.36,168.99,120.18,139.13,155.23,126.32,120.99,111.51,86.12,125.65,143.4,129.82,97.35,137.79,127.73,128.5,118.92,88.99,81.72,92.84,137.9,163.41,156.6,167.07,159.46,185.66,152.57,127.46,117.25,102.36,120.78,141.75,82.41,148.47,185.59,158.96
2023-07-09,129.19,135.87,143.62,136.65,124.94,99.32,106.71,108.36,145.85,189.41,137.89,157.09,148.29,105.21,169.31,120.01,139.08,155.24,126.15,121.08,111.46,86.2,125.72,143.44,130.09,97.32,137.87,127.69,128.51,118.99,88.97,81.55,92.65,137.8,163.34,156.51,167.08,159.78,185.67,152.7,127.45,117.35,102.3,120.76,141.57,82.46,148.19,185.71,159.14
2023-07-10,129.08,137.63,143.83,136.52,124.72,99.31,106.55,108.49,145.89,189.45,137.92,157.14,148.22,105.04,169.43,119.91,139.2,155.26,126.0,121.06,111.38,86.28,125.79,143.42,130.29,97.13,137.97,128.1,128.38,119.0,88.86,81.45,92.46,137.63,163.26,156.45,166.99,160.08,185.66,152.74,127.49,117.32,102.28,120.78,141.5,82.53,148.03,185.64,158.9
2023-07-11,129.11,140.88,146.45,136.46,124.53,99.29,106.64,108.48,146.02,189.39,138.0,157.07,148.14,104.89,169.45,119.86,139.31,155.39,125.82,121.07,111.24,86.3,125.76,143.44,130.65,96.95,137.96,128.61,128.26,118.98,88.69,81.48,92.32,137.56,163.33,156.45,166.88,160.5,186.04,152.78,127.46,117.45,102.29,120.73,141.48,82.59,148.06,185.43,159.09
2023-07-12,129.05,145.43,149.02,136.48,124.35,99.19,106.76,108.57,146.48,189.23,138.03,157.06,148.25,104.63,169.6,119.99,140.25,155.58,125.44,121.09,111.09,86.36,125.8,143.4,131.3,96.91,137.84,129.04,128.17,118.65,88.55,81.53,92.37,137.45,163.32,156.43,166.8,160.8,186.18,152.88,127.41,117.41,102.26,120.6,141.57,82.61,148.59,185.34,159.32
2023-07-13,129.18,148.84,151.7,136.49,124.48,99.15,106.93,108.72,146.99,189.32,138.09,157.13,148.41,104.56,169.88,120.01,140.93,155.95,125.41,121.3,110.93,86.51,125.88,143.52,132.3,96.98,137.7,129.5,128.15,118.72,88.54,81.85,92.61,137.41,163.12,156.3,167.2,160.98,186.43,153.14,127.58,117.42,102.33,120.46,141.91,83.19,149.06,185.28,159.96
2023-07-14,129.49,152.93,154.36,136.48,124.79,99.25,107.23,108.82,147.66,189.44,138.15,157.21,148.6,104.49,170.14,121.2,142.06,156.24,125.46,121.49,110.78,86.67,125.93,143.63,133.25,97.01,137.39,129.95,128.16,119.41,88.51,82.19,92.89,137.44,163.18,156.38,167.39,161.28,186.71,153.35,127.72,118.06,102.58,120.35,142.24,83.72,149.88,185.28,160.48
2023-07-15,129.48,155.22,156.14,136.35,124.9,99.25,107.38,108.91,148.09,189.53,138.06,157.19,148.55,104.34,170.48,121.54,142.17,156.46,125.38,121.46,110.66,86.61,125.82,143.66,134.08,97.01,136.97,130.35,127.97,119.41,88.51,82.58,93.05,137.32,163.09,156.37,167.57,161.12,186.97,153.37,127.78,118.05,102.53,120.16,142.31,84.11,150.18,185.05,160.85
2023-07-16,129.55,155.9,157.75,136.31,125.09,99.31,107.67,109.01,148.44,189.65,137.95,157.21,148.5,104.42,170.93,121.87,142.42,156.69,125.38,121.58,110.51,86.55,125.78,143.7,134.83,97.09,136.66,130.72,128.02,119.43,88.4,82.99,93.3,137.23,163.04,156.39,167.7,160.82,187.2,153.4,127.87,118.04,102.54,120.04,142.53,84.52,150.45,184.76,161.38
2023-07-17,129.58,156.12,159.51,136.26,125.32,99.39,107.93,109.16,148.97,189.78,137.89,157.29,148.54,104.48,171.49,121.55,142.6,156.89,125.36,121.75,110.41,86.48,125.75,143.79,135.68,97.29,136.39,130.99,127.95,119.48,88.43,83.35,93.53,137.17,163.05,156.43,167.94,160.52,187.47,153.4,127.94,117.98,102.5,119.96,142.5,84.95,150.63,184.67,162.05
2023-07-18,129.54,155.88,158.84,136.18,125.45,99.54,107.92,109.27,149.5,189.95,137.84,157.43,148.66,104.51,172.38,121.77,143.02,157.01,125.43,121.92,110.37,86.28,125.74,143.85,136.32,97.5,136.1,131.1,127.88,119.5,88.22,83.63,93.59,137.18,163.05,156.36,166.52,160.03,187.44,153.32,128.02,117.81,102.44,119.87,142.48,85.32,150.72,184.73,162.46
2023-07-19,129.49,154.33,158.09,136.09,125.53,99.77,107.89,108.81,149.91,190.15,137.76,157.61,148.65,104.55,172.93,121.9,142.82,157.14,125.54,122.1,110.42,85.96,125.78,144.0,136.73,97.49,135.81,131.48,127.92,119.6,88.0,83.92,93.12,137.15,162.96,156.15,165.11,159.77,187.31,153.3,128.01,117.64,102.4,119.83,142.61,85.69,150.46,184.66,162.86
2023-07-20,129.41,153.19,157.24,136.07,125.53,100.04,107.87,108.27,150.37,190.3,137.75,157.75,148.64,104.61,173.52,122.12,142.91,157.11,125.59,122.17,110.65,85.73,125.72,144.1,136.76,97.46,135.5,131.73,127.97,119.54,88.19,84.07,92.88,137.15,162.98,156.03,163.58,159.26,186.72,153.1,128.08,117.5,102.26,119.9,142.76,85.6,150.41,184.63,163.21
2023-07-21,129.31,151.82,156.3,136.02,125.49,100.2,107.7,107.7,150.55,190.56,137.69,157.8,148.52,104.63,173.74,122.19,142.57,157.35,125.61,122.01,110.86,85.48,125.71,144.19,136.59,97.52,135.19,131.71,127.93,119.48,88.2,84.1,92.53,137.13,162.92,155.92,163.63,158.91,186.51,152.97,128.17,117.22,102.21,119.97,142.75,85.47,149.99,184.41,163.06
2023-07-22,129.03,150.53,155.64,135.71,125.33,100.51,107.22,107.15,150.78,190.65,137.54,157.73,148.21,104.36,173.51,122.09,142.51,157.09,125.51,121.8,110.48,85.0,124.92,144.0,135.25,97.18,134.53,131.49,127.77,119.17,87.94,83.7,91.77,136.64,162.57,155.63,163.6,158.42,185.76,152.43,127.99,116.79,101.86,119.75,142.66,85.07,149.82,184.15,162.73
2023-07-23,129.02,149.66,155.22,135.72,125.35,101.16,106.94,106.62,151.0,191.06,137.53,157.79,148.15,104.24,173.41,122.06,142.7,157.2,125.48,121.6,110.56,84.84,124.78,144.07,134.94,97.12,134.41,131.63,127.75,119.11,87.98,83.63,91.56,136.63,162.61,155.63,163.7,158.1,185.47,152.37,128.05,116.55,101.71,119.93,142.71,84.88,149.91,184.06,162.37
2023-07-24,129.03,149.4,154.78,135.72,125.37,101.72,106.69,106.13,151.29,191.44,137.5,157.88,148.13,104.17,173.61,122.44,142.97,157.19,125.47,121.31,110.68,84.66,124.69,144.12,134.51,97.03,134.27,131.65,127.76,118.98,88.04,83.54,91.39,136.6,162.56,155.62,163.89,157.84,185.15,152.35,128.12,116.28,101.56,119.99,142.96,84.63,150.05,183.97,162.15
2023-07-25,129.09,149.28,154.46,135.73,125.46,102.29,106.61,105.71,151.6,191.85,137.46,158.08,148.08,104.08,173.71,122.41,143.06,157.33,125.39,121.22,110.86,84.58,124.65,144.17,134.37,96.95,134.29,131.82,127.7,118.92,88.31,83.29,91.21,136.44,162.4,155.62,165.39,157.72,185.01,152.44,128.19,116.22,101.46,120.09,143.21,84.46,150.06,183.93,161.92
2023-07-26,129.15,149.18,154.24,135.74,125.57,102.27,106.45,105.92,151.67,192.15,137.4,158.31,147.96,104.01,174.21,122.26,142.97,157.4,125.32,121.14,111.0,84.55,124.55,144.14,134.21,96.95,134.44,131.88,127.56,118.9,88.66,83.15,91.37,136.3,162.36,155.72,167.18,157.72,184.97,152.46,128.38,116.19,101.35,120.14,143.39,84.23,149.97,183.96,161.68
2023-07-27,129.19,149.24,153.92,135.65,125.66,102.2,106.22,106.16,151.6,192.35,137.21,158.45,147.79,103.9,174.5,122.12,142.65,157.5,125.25,120.98,110.97,84.29,124.49,144.03,133.86,96.83,134.72,132.06,127.27,118.9,88.53,82.96,91.13,136.18,162.52,155.88,168.96,158.14,185.35,152.52,128.38,116.18,101.32,120.08,143.36,83.67,149.72,183.91,161.48
2023-07-28,129.19,149.25,153.86,135.58,125.71,101.9,106.05,106.3,151.7,192.42,137.04,158.56,147.7,103.8,175.03,122.06,142.43,157.33,125.15,121.03,110.92,84.08,124.44,143.91,133.84,96.71,134.98,132.22,127.21,118.87,88.65,82.88,91.09,136.1,162.51,155.82,169.07,158.3,185.8,152.41,128.35,116.23,101.25,120.02,143.36,83.19,147.91,184.01,161.49
2023-07-29,129.46,149.91,154.39,135.84,125.99,101.39,106.42,106.61,151.76,192.92,137.04,158.98,147.84,104.02,175.6,122.26,142.26,157.59,125.27,121.3,111.36,84.26,125.23,144.09,135.01,96.97,135.67,132.63,127.35,119.16,88.99,83.09,91.54,136.47,162.86,155.97,169.24,158.76,186.72,152.77,128.56,116.44,101.49,120.38,143.6,82.94,146.08,184.27,161.57
2023-07-30,129.44,150.04,154.53,135.82,126.03,100.49,106.51,106.87,151.85,193.0,136.9,159.07,147.85,103.96,176.07,122.4,142.1,157.35,125.28,121.39,111.46,84.11,125.29,144.02,135.27,96.87,135.84,132.71,127.13,119.19,89.11,83.0,91.44,136.37,162.78,155.89,169.42,159.28,187.09,152.52,128.55,116.44,101.51,120.28,143.67,82.49,144.3,184.55,161.75
2023-07-31,129.42,149.7,154.54,135.75,126.08,99.58,106.49,107.11,151.89,193.11,136.85,159.21,147.8,103.9,176.27,122.73,141.94,157.29,125.25,121.6,111.44,83.92,125.16,143.95,135.48,96.74,135.99,132.94,127.13,119.23,89.03,82.88,91.22,136.32,162.68,155.76,169.44,159.73,187.49,152.38,128.41,116.43,101.49,120.16,143.74,82.04,142.6,184.71,161.8
2023-08-01,129.41,148.88,154.45,135.7,126.14,99.57,106.52,107.3,151.82,193.21,136.79,159.33,147.74,103.92,176.46,123.03,141.84,157.09,125.22,121.62,111.41,83.81,125.03,143.88,135.46,96.63,136.14,133.34,127.18,119.12,89.13,82.94,91.07,136.39,162.91,155.85,169.91,160.27,187.98,152.17,128.34,116.39,101.47,120.11,143.79,81.54,140.94,184.89,161.95
2023-08-02,129.35,147.91,154.47,135.65,126.03,99.42,106.42,107.31,151.91,193.26,136.74,159.25,147.73,103.92,176.4,123.32,141.75,156.76,125.18,121.58,111.21,83.58,124.85,143.77,135.24,96.57,136.24,133.63,127.18,119.05,89.06,82.79,90.83,136.45,162.89,155.79,169.95,160.43,188.48,151.88,128.07,116.35,101.44,120.05,143.67,80.99,139.34,184.96,161.96
2023-08-03,129.31,147.05,154.57,135.59,125.83,99.21,106.28,107.29,152.0,193.13,136.75,159.2,147.72,103.92,176.32,123.6,141.89,156.45,125.12,121.63,111.06,83.46,124.64,143.71,135.08,96.51,136.19,133.79,127.16,118.99,88.89,82.58,90.63,136.51,162.83,155.73,170.03,160.48,189.09,151.62,127.79,116.28,101.33,120.0,143.63,80.73,137.78,185.03,161.84
2023-08-04,129.3,146.34,154.73,135.52,125.76,99.33,106.2,107.89,152.0,193.19,136.74,159.3,147.73,104.02,176.34,124.09,141.89,156.25,125.09,121.81,110.98,83.29,124.51,143.7,134.9,96.48,136.02,133.94,127.04,119.06,88.77,82.52,90.36,136.53,162.72,155.6,170.2,160.41,189.23,151.43,127.64,116.18,101.28,119.95,143.58,80.46,137.79,185.13,161.96
2023-08-05,129.27,145.18,154.86,135.4,125.64,99.52,106.14,108.39,151.88,193.08,136.7,159.22,147.6,104.11,176.46,124.31,141.73,156.25,125.0,121.93,111.03,83.13,124.4,143.62,134.63,96.36,135.82,134.04,127.13,119.06,88.72,82.49,90.09,136.59,162.62,155.54,170.34,160.39,189.42,151.24,127.56,116.25,101.3,119.89,143.51,80.3,137.73,185.06,161.97
2023-08-06,129.21,144.32,154.88,135.23,125.53,99.75,105.94,108.89,151.82,193.06,136.66,159.25,147.42,104.18,176.53,124.57,141.61,156.33,124.89,122.08,110.99,82.94,124.29,143.48,134.08,96.3,135.67,133.84,127.18,119.01,88.62,82.37,89.7,136.64,162.51,155.38,170.4,160.18,189.61,151.14,127.4,116.29,101.33,119.87,143.45,80.08,137.72,184.84,162.01
2023-08-07,129.05,143.18,155.07,135.11,125.42,100.06,105.82,109.26,151.7,193.03,136.56,159.16,147.34,104.24,176.54,123.69,141.65,156.28,124.75,122.13,111.06,82.85,124.3,143.4,133.72,96.31,135.57,133.57,127.09,118.43,88.66,82.29,89.51,136.63,162.51,155.29,170.51,160.01,189.78,150.88,127.32,115.99,101.2,119.85,143.34,79.89,137.65,184.76,162.12
2023-08-08,129.0,143.53,155.25,135.01,125.38,99.38,105.62,109.75,151.7,192.85,136.51,159.05,147.28,104.29,176.47,123.64,141.69,156.25,124.65,122.15,110.99,82.73,124.36,143.33,133.39,96.27,135.4,133.07,127.03,118.51,88.55,82.11,89.27,136.63,162.3,155.08,170.52,159.83,189.83,150.74,127.15,116.01,101.21,119.68,143.38,79.75,137.61,184.7,162.28
2023-08-09,128.98,144.76,155.26,134.86,125.53,99.39,105.54,110.29,151.65,192.9,136.45,159.15,147.12,104.37,176.67,123.64,141.66,156.38,124.52,122.14,111.05,82.75,124.46,143.3,133.28,96.18,135.28,132.9,127.07,118.55,88.53,81.96,89.4,136.63,162.19,154.98,170.55,159.7,189.93,150.66,127.14,116.11,101.3,119.45,143.37,79.67,137.51,184.76,162.51
2023-08-10,128.96,146.06,155.27,134.79,125.68,99.43,105.36,111.01,151.63,193.06,136.41,159.21,147.05,104.47,176.84,123.6,141.49,156.56,124.32,122.13,111.16,82.76,124.61,143.23,133.44,96.11,135.23,132.99,127.15,118.58,88.52,81.84,89.52,136.6,162.13,154.92,170.59,159.66,189.85,150.5,127.23,116.21,101.4,119.26,143.41,79.57,137.36,184.83,162.86
2023-08-11,128.85,147.77,155.19,134.69,125.72,99.1,105.02,111.12,151.54,193.0,136.31,159.13,146.86,104.49,176.77,122.99,141.29,156.6,124.11,122.0,111.23,82.85,124.6,143.09,133.51,96.0,135.25,133.15,127.09,118.43,88.51,81.68,89.73,136.47,161.99,154.78,170.5,159.67,189.66,150.31,127.18,116.2,101.44,119.02,143.44,79.46,137.17,184.75,162.98
2023-08-12,128.66,149.59,155.07,134.46,125.8,98.55,104.35,111.17,151.57,192.74,136.18,158.98,146.65,104.51,176.77,122.56,141.18,156.38,123.86,121.77,111.05,82.79,124.37,142.89,133.08,95.76,135.06,133.17,126.57,118.24,88.33,81.35,89.41,136.07,161.78,154.49,170.38,159.43,188.99,149.92,127.0,116.06,101.39,118.53,143.34,79.28,136.98,184.66,163.22
2023-08-13,128.6,151.21,155.13,134.43,126.0,98.32,104.13,111.2,151.58,192.72,136.11,158.94,146.63,104.61,176.78,122.1,141.14,156.39,123.65,121.65,111.05,83.05,124.44,142.85,133.24,95.64,134.98,133.37,126.35,118.19,88.37,81.35,89.68,135.9,161.77,154.38,170.34,159.25,188.66,149.84,127.07,116.08,101.46,118.34,143.28,79.26,136.84,184.8,163.39
2023-08-14,128.64,153.06,155.18,134.35,126.16,98.02,103.88,111.31,151.67,192.64,136.05,158.91,146.53,104.7,176.94,122.68,141.05,156.34,123.47,121.6,110.94,83.22,124.46,142.76,133.3,95.5,134.92,133.5,126.22,118.69,88.32,81.34,89.84,135.68,161.53,154.15,170.35,158.99,188.21,149.76,127.06,116.49,101.72,118.13,143.28,79.18,136.78,184.82,163.5
2023-08-15,128.58,153.62,155.27,134.3,126.23,98.05,103.56,111.19,151.79,192.67,135.94,158.83,146.45,104.8,177.12,122.56,140.91,156.26,123.26,121.53,110.93,83.41,124.45,142.68,133.43,95.42,134.88,133.6,126.0,118.69,88.36,81.28,89.88,135.43,161.44,154.01,170.29,158.66,187.91,149.59,127.1,116.52,101.82,118.01,143.17,79.06,136.81,184.8,163.59
2023-08-16,128.47,153.15,155.36,134.19,126.24,98.12,103.21,110.9,151.96,192.67,135.82,158.67,146.44,104.88,177.21,122.24,140.89,156.14,123.04,121.56,110.93,83.57,124.44,142.61,133.54,95.38,134.82,133.46,125.78,118.55,88.38,81.26,89.78,135.12,161.29,153.82,170.32,158.36,187.62,149.45,127.21,116.42,101.76,117.97,143.11,78.97,136.6,184.79,163.7
2023-08-17,128.37,152.22,155.53,134.02,126.24,98.25,103.02,110.56,152.05,192.43,135.72,158.55,146.38,104.92,177.41,121.92,141.0,156.12,122.95,121.58,110.86,83.72,124.39,142.58,133.52,95.36,134.76,133.07,125.63,118.4,88.4,81.11,89.81,134.66,160.95,153.57,170.22,157.86,187.39,149.43,127.2,116.48,101.75,117.97,143.08,78.96,136.47,184.79,163.79
2023-08-18,128.34,150.64,155.61,133.98,126.37,98.68,102.94,110.41,152.08,192.47,135.68,158.63,146.42,104.92,177.68,121.99,141.07,156.18,122.78,121.6,110.69,83.9,124.44,142.61,133.44,95.45,134.81,132.66,125.52,118.38,88.43,80.91,89.76,134.32,160.72,153.46,170.22,157.23,187.37,149.41,127.32,116.68,101.76,117.95,142.97,79.08,136.36,185.04,164.0
2023-08-19,128.37,149.02,155.72,134.06,126.51,99.29,103.15,110.24,152.1,192.72,135.69,158.8,146.65,105.01,178.0,122.08,141.28,156.26,122.69,121.53,110.68,84.14,124.62,142.75,134.13,95.62,134.96,132.31,125.54,118.43,88.52,80.78,90.21,134.23,160.66,153.53,170.29,156.98,187.71,149.63,127.51,116.67,101.77,118.06,142.94,79.13,136.43,185.39,164.16
2023-08-20,128.32,147.7,155.63,133.99,126.51,99.53,103.06,110.1,152.12,192.8,135.64,159.0,146.7,105.16,178.3,122.05,141.34,156.13,122.71,121.45,110.55,84.1,124.54,142.79,134.49,95.67,135.0,132.1,125.61,118.46,88.46,80.43,90.17,133.91,160.42,153.47,170.23,156.71,187.81,149.55,127.5,116.65,101.65,118.0,142.78,79.04,136.27,185.6,164.27
2023-08-21,128.34,146.79,155.42,134.01,126.55,99.81,102.91,110.0,152.16,192.9,135.65,159.16,146.8,105.34,178.57,122.19,141.35,156.17,122.79,121.32,110.41,84.13,124.48,142.87,134.98,95.68,135.01,131.92,125.75,118.52,88.39,80.01,90.18,133.77,160.43,153.55,170.18,156.54,188.09,149.58,127.52,116.73,101.59,118.03,142.58,79.05,136.14,185.86,164.59
2023-08-22,128.19,146.39,155.17,133.92,126.6,99.87,102.83,109.99,152.08,192.87,135.66,159.26,146.85,105.47,178.75,120.97,141.5,156.17,122.85,121.25,110.15,84.14,124.43,142.9,135.28,95.74,135.0,131.43,125.84,118.25,88.22,79.62,90.24,133.54,160.3,153.55,170.19,156.4,188.2,149.57,127.52,116.68,101.49,117.95,142.35,79.09,135.98,186.1,164.71
2023-08-23,128.05,146.1,154.93,133.87,126.66,99.92,102.96,110.25,151.98,192.75,135.5,159.34,146.83,105.54,179.02,119.8,141.59,156.13,122.98,121.05,109.89,84.15,124.28,142.88,135.57,95.61,134.97,130.91,125.67,118.05,88.15,79.25,89.92,133.41,160.25,153.56,170.12,156.21,188.39,149.53,127.5,116.63,101.5,117.89,142.13,79.15,135.98,185.91,164.86
2023-08-24,127.95,146.15,154.6,133.94,126.86,99.87,103.04,110.38,151.95,192.86,135.49,159.37,146.87,105.65,179.33,118.67,141.69,155.99,123.02,120.81,109.65,84.15,124.21,142.92,136.0,95.55,135.13,130.43,125.64,117.91,88.09,78.99,89.47,133.42,160.38,153.73,170.19,156.2,188.72,149.5,127.54,116.41,101.52,117.75,141.8,79.12,136.05,186.23,165.02
2023-08-25,127.86,146.67,154.23,134.06,126.8,99.83,103.07,110.45,152.29,192.74,135.58,159.25,147.31,105.78,179.64,117.34,143.65,155.67,123.13,120.46,109.5,84.03,124.06,142.94,136.3,95.35,135.22,129.93,125.56,117.65,87.98,78.73,89.15,133.42,160.53,153.91,170.19,156.31,189.01,149.48,127.41,116.14,101.32,117.68,141.76,78.91,137.38,186.33,165.16
2023-08-26,127.76,147.26,153.9,134.13,126.6,99.74,103.0,110.55,152.57,192.32,135.59,159.14,147.6,105.81,179.86,115.92,145.44,155.47,123.21,120.37,109.41,84.06,123.9,142.94,136.34,95.25,135.36,129.36,125.49,117.35,87.87,78.45,88.74,133.27,160.38,153.86,170.22,156.07,189.25,149.4,127.25,116.08,101.15,117.62,141.71,78.82,138.51,186.43,165.16
2023-08-27,127.67,147.79,153.4,134.19,126.44,99.76,102.96,110.69,152.96,191.9,135.6,158.89,147.94,105.75,179.98,114.72,147.3,155.18,123.19,120.19,109.27,84.14,123.68,142.94,136.43,95.17,135.49,128.81,125.49,117.11,87.77,78.12,88.53,133.22,160.26,153.82,170.29,155.77,189.54,149.32,127.11,115.97,101.04,117.41,141.73,78.76,139.8,186.43,165.17
2023-08-28,127.58,148.0,153.0,134.23,126.27,99.86,103.03,110.81,153.43,191.52,135.64,158.67,148.31,105.67,180.13,113.49,149.27,154.81,123.19,120.09,109.26,84.21,123.41,142.98,136.37,95.11,135.63,128.36,125.34,116.85,87.72,77.93,88.28,133.12,160.09,153.7,170.3,155.44,189.69,149.3,127.01,115.89,100.99,117.19,141.83,78.67,141.06,186.42,165.03
2023-08-29,127.65,148.17,152.64,134.33,126.26,99.97,103.23,110.97,153.8,191.34,135.65,158.71,148.74,105.6,180.42,113.73,151.12,154.67,123.24,120.14,109.36,84.32,123.28,143.06,136.41,95.0,135.81,128.11,125.16,116.9,87.74,77.79,88.13,133.14,160.01,153.71,170.32,155.12,190.22,149.33,126.96,115.85,100.96,117.09,141.99,78.67,142.58,186.57,165.02
2023-08-30,127.75,148.72,152.2,134.47,126.28,100.07,103.3,111.1,154.09,191.24,135.78,158.63,149.22,105.57,180.73,114.06,152.96,154.49,123.16,120.26,109.48,84.46,123.14,143.21,136.38,95.05,136.08,128.02,125.05,116.96,87.75,77.71,88.17,133.13,159.95,153.79,170.5,154.79,190.6,149.32,126.92,115.87,100.87,116.93,142.19,78.62,144.26,187.2,165.09
2023-08-31,127.79,149.0,151.86,134.5,126.3,100.16,103.29,111.17,154.38,191.24,135.7,158.77,149.65,105.5,180.97,114.42,154.69,154.2,123.03,120.06,109.51,84.6,123.0,143.24,136.02,95.05,136.14,128.09,124.84,117.02,87.76,77.77,88.17,133.08,159.8,153.78,170.75,154.47,190.96,149.27,126.85,115.86,100.85,116.83,142.42,78.59,145.76,187.35,165.16
2023-09-01,127.74,148.29,151.52,134.36,126.34,100.35,103.3,111.17,154.24,191.36,135.45,158.72,149.54,105.43,181.01,115.14,154.49,154.32,122.82,119.92,109.57,84.77,122.88,143.21,135.81,95.07,136.17,128.44,124.57,117.07,87.79,77.83,87.85,132.95,159.52,153.62,170.6,154.14,191.21,149.13,126.83,115.66,100.85,116.65,142.31,78.66,146.02,187.38,165.14
2023-09-02,127.84,147.53,151.12,134.34,126.54,100.75,103.56,111.22,154.27,191.75,135.39,158.76,149.6,105.44,181.15,116.15,154.41,154.67,122.78,119.93,109.6,85.01,122.95,143.3,135.67,95.15,136.13,129.09,124.5,117.28,87.88,78.22,88.13,133.02,159.51,153.7,170.55,153.81,191.79,149.15,126.96,115.71,101.21,116.66,142.5,78.79,146.4,187.54,165.2
2023-09-03,127.83,146.37,150.59,134.31,126.71,100.95,103.78,111.23,154.3,192.12,135.35,158.81,149.6,105.38,181.54,116.79,154.28,154.96,122.51,120.05,109.59,85.15,122.98,143.37,135.44,95.23,136.13,129.66,124.37,117.06,87.93,78.64,88.23,132.98,159.49,153.74,170.63,153.49,192.33,149.11,127.09,115.66,101.44,116.66,142.58,78.86,146.77,187.8,165.26
2023-09-04,127.88,146.1,150.12,134.33,126.81,101.1,103.97,111.2,154.28,192.45,135.3,158.94,149.59,105.41,181.81,117.48,154.19,155.27,122.35,120.1,109.64,85.32,123.05,143.48,135.31,95.31,136.19,130.2,124.33,117.15,88.04,79.16,88.52,132.95,159.47,153.77,170.49,153.16,192.96,148.91,127.29,115.57,101.62,116.75,142.72,78.94,147.22,188.09,165.33
2023-09-05,127.85,143.84,149.51,134.23,126.74,101.16,103.97,111.17,154.22,192.69,135.2,158.84,149.42,105.42,181.9,117.7,153.99,155.28,122.27,120.06,109.63,85.43,122.9,143.5,135.24,95.27,136.1,130.72,124.29,117.17,88.11,79.59,88.58,132.81,159.35,153.75,170.28,152.84,193.36,148.72,127.38,115.49,101.78,116.65,142.72,78.91,147.18,188.24,165.31
2023-09-06,127.81,141.76,149.49,134.13,126.59,101.14,103.85,111.04,154.24,192.82,135.13,158.87,149.27,105.38,181.79,117.96,153.82,155.34,122.33,120.03,109.55,85.46,122.78,143.4,135.24,95.11,135.9,131.07,124.22,117.29,88.1,79.92,88.76,132.59,159.16,153.66,169.95,152.51,193.92,148.54,127.38,115.39,101.94,116.56,142.64,78.84,147.09,188.24,165.17
2023-09-07,127.68,140.07,149.45,134.13,126.49,101.13,103.77,111.02,154.42,193.08,135.15,158.9,149.17,105.38,181.72,117.21,153.74,155.63,122.43,120.28,109.58,85.44,122.65,143.48,136.01,95.0,135.84,131.37,124.15,116.98,88.15,80.36,89.1,132.5,159.07,153.63,169.48,152.19,194.55,148.38,127.43,114.87,101.34,116.5,142.55,78.79,147.16,188.26,164.99
2023-09-08,127.71,140.77,149.54,134.19,126.41,101.02,103.77,111.08,154.56,193.15,135.13,159.04,149.12,105.38,181.78,117.48,153.81,155.61,122.55,120.55,109.61,85.42,122.5,143.58,136.68,94.86,135.81,131.42,124.29,117.12,88.15,80.71,89.65,132.45,159.07,153.66,169.39,151.86,195.18,148.31,127.48,114.94,101.06,116.44,142.72,78.71,147.32,188.24,164.83
2023-09-09,127.7,142.57,149.69,134.18,126.43,100.88,103.59,111.06,154.73,193.25,135.0,159.15,149.01,105.31,181.68,118.2,153.77,155.43,122.64,120.69,109.71,85.41,122.29,143.61,137.33,94.66,135.87,131.23,124.29,117.2,88.17,80.87,89.75,132.44,159.15,153.72,169.19,151.54,195.7,148.15,127.43,114.83,100.56,116.32,142.58,78.59,147.38,188.2,164.71
2023-09-10,127.8,144.6,150.21,134.2,126.36,100.85,103.38,111.09,154.82,193.26,134.82,159.23,148.92,105.32,181.42,119.57,153.76,155.23,122.99,120.65,109.84,85.56,122.17,143.59,137.98,94.44,135.88,131.05,124.25,117.72,88.21,81.12,89.78,132.48,159.24,153.87,168.86,151.21,196.18,147.96,127.33,114.77,100.08,116.22,142.56,78.47,147.43,188.17,164.55
2023-09-11,127.82,145.47,150.62,134.1,126.32,100.74,103.1,111.13,154.96,193.19,134.58,159.19,148.79,105.3,181.15,121.1,153.64,154.99,123.09,120.73,109.85,85.71,121.99,143.44,138.65,94.19,135.76,130.82,124.22,117.91,88.2,81.3,89.6,132.46,159.3,154.08,168.82,150.88,196.7,147.83,127.16,114.72,99.57,115.98,142.41,78.33,147.37,188.14,164.39
2023-09-12,127.87,151.07,151.2,134.15,126.33,100.69,102.88,111.26,155.23,193.39,134.5,159.31,148.77,105.39,180.95,121.57,153.63,155.01,123.15,120.71,109.93,85.94,121.95,143.46,139.25,94.06,135.86,130.75,124.38,118.19,88.2,81.54,89.58,132.51,159.39,154.21,168.81,150.56,197.16,147.73,127.09,114.71,99.05,115.89,142.5,78.22,147.53,188.13,164.42
2023-09-13,127.92,154.8,151.31,134.18,126.36,100.66,102.87,111.35,155.32,193.73,134.45,159.44,148.76,105.39,180.79,122.17,153.6,155.22,123.05,120.71,110.09,86.25,122.05,143.58,139.97,94.06,135.98,130.86,124.58,118.45,88.21,81.82,89.56,132.68,159.52,154.38,168.72,150.23,197.44,147.83,127.16,114.62,98.58,115.83,142.41,78.19,147.67,188.19,164.44
2023-09-14,128.0,157.19,151.38,134.08,126.28,100.53,102.97,111.3,155.24,193.93,134.34,159.43,148.64,105.36,180.47,123.62,153.57,155.2,122.96,120.67,110.16,86.54,122.04,143.57,140.17,93.89,135.98,130.81,124.77,118.95,88.14,81.81,89.42,132.69,159.5,154.45,168.62,149.91,197.43,147.86,127.17,115.0,98.8,115.76,142.35,78.11,147.69,188.1,164.37
2023-09-15,127.95,157.13,151.36,133.95,126.2,100.41,103.01,111.33,155.23,194.13,134.28,159.36,148.6,105.33,180.13,123.74,153.47,155.19,122.82,120.62,110.2,86.7,122.09,143.48,140.49,93.69,135.92,130.85,124.86,119.03,88.18,81.69,89.31,132.73,159.51,154.47,168.54,149.58,197.62,147.82,127.17,114.9,98.79,115.81,142.1,77.94,147.66,188.3,164.13
2023-09-16,127.83,156.09,151.35,133.85,125.95,99.93,103.0,111.44,155.18,194.25,134.19,159.25,148.46,105.31,179.89,123.15,153.36,155.19,122.66,120.52,110.13,86.68,122.22,143.39,140.66,93.53,135.86,131.01,125.0,119.06,88.19,81.58,89.11,132.64,159.32,154.32,168.4,149.26,197.59,147.74,127.17,114.74,98.76,115.76,141.78,77.76,147.69,188.39,163.8
2023-09-17,127.49,154.83,150.87,133.47,125.46,99.2,102.76,111.4,155.04,193.99,134.02,159.0,148.0,105.12,179.3,121.98,153.02,155.02,122.35,120.19,109.9,86.42,122.06,143.15,140.61,93.23,135.54,131.0,125.09,118.8,87.93,81.2,88.85,132.25,158.9,153.87,168.1,148.93,196.61,147.57,126.97,114.42,98.54,115.52,141.33,77.46,147.57,188.2,163.16
2023-09-18,127.1,153.86,150.49,133.12,124.98,98.55,102.44,110.78,154.85,193.8,133.87,158.76,147.57,104.91,178.8,120.52,152.73,154.88,122.05,119.72,109.68,86.02,121.99,142.94,140.47,92.91,135.23,131.12,125.12,118.53,87.66,80.71,88.58,131.91,158.52,153.42,167.76,148.61,195.71,147.42,126.74,113.8,98.3,115.24,140.95,77.15,147.44,188.03,162.56
2023-09-19,126.73,149.86,150.16,132.78,124.47,98.09,102.21,110.0,154.5,193.44,134.34,158.38,147.13,104.57,178.5,120.22,152.39,154.62,121.9,119.27,109.42,85.56,121.84,142.66,140.24,92.6,134.83,131.23,124.95,118.22,87.44,80.27,88.31,131.5,158.09,152.99,167.38,148.28,194.85,147.12,126.4,113.2,98.17,114.98,140.38,76.85,147.21,187.82,161.8
2023-09-20,126.41,147.25,149.74,132.46,124.01,97.64,101.92,109.39,154.22,193.0,134.12,158.05,146.78,104.4,178.18,119.81,152.09,154.23,121.82,118.79,109.08,84.97,121.56,142.3,139.97,92.29,134.37,131.26,124.72,117.91,87.1,79.73,87.9,131.09,157.63,152.57,167.08,147.95,193.98,146.69,126.0,112.87,98.01,114.65,139.9,76.51,147.05,187.54,161.11
2023-09-21,126.2,146.14,149.41,132.21,123.58,97.31,101.58,109.22,154.01,192.55,133.94,157.82,146.43,104.24,177.92,119.53,151.89,153.94,121.77,118.63,108.81,84.45,121.37,141.97,139.89,92.07,134.04,131.35,124.58,117.8,86.82,79.3,87.57,130.8,157.25,152.15,166.67,148.76,193.38,146.31,125.64,112.75,97.99,114.31,139.5,76.14,147.01,187.34,160.62
2023-09-22,125.94,145.66,148.98,131.92,123.14,96.96,101.3,108.67,153.66,192.12,133.77,157.58,146.1,104.07,177.53,119.13,151.55,153.67,121.67,118.36,108.54,84.01,121.31,141.69,139.68,91.88,133.71,131.26,124.25,117.61,86.49,78.96,87.06,130.4,156.86,151.75,166.34,149.92,192.75,145.97,125.24,112.47,97.97,113.86,139.11,75.9,146.88,187.07,160.21
2023-09-23,125.7,145.22,147.28,131.54,122.7,96.88,100.97,107.89,153.27,191.54,133.59,157.22,145.88,103.89,177.22,118.67,151.21,153.31,121.5,118.11,108.35,83.61,121.11,141.36,139.25,91.61,133.39,131.18,124.21,117.44,86.2,78.55,86.59,130.09,156.54,151.48,166.06,151.28,192.24,145.62,124.8,112.46,97.89,113.38,138.81,75.61,146.76,186.91,159.94
2023-09-24,125.69,145.34,147.11,131.47,122.55,97.08,100.87,107.25,152.95,191.43,133.56,157.06,146.01,103.87,177.32,118.39,151.09,153.2,121.46,118.02,108.35,83.36,121.09,141.25,139.28,91.5,133.36,131.27,124.12,117.47,86.16,78.41,86.45,130.03,156.46,151.44,165.98,152.82,192.69,145.38,124.6,112.6,98.06,113.22,138.65,75.46,146.76,186.95,160.08
2023-09-25,125.77,145.8,146.99,131.47,122.48,97.27,100.91,107.37,152.67,191.38,133.57,157.06,146.18,103.89,177.54,118.17,150.98,153.18,121.46,118.12,108.36,83.23,121.09,141.26,139.37,91.44,133.5,131.28,124.03,117.56,86.18,78.37,86.35,130.0,156.42,151.46,166.0,154.44,193.01,145.21,124.48,113.05,98.31,113.17,138.5,75.37,146.86,187.09,160.27
2023-09-26,125.83,146.25,146.79,131.42,122.39,97.22,100.83,107.58,152.5,191.38,132.89,157.21,146.35,103.97,177.41,118.31,150.95,153.16,121.31,118.12,108.39,83.17,121.11,141.25,139.45,91.41,133.69,131.35,123.99,117.68,86.16,78.28,86.42,130.05,156.43,151.53,166.08,155.1,193.36,145.17,124.45,113.37,98.48,113.14,138.4,75.28,147.03,187.19,160.74
2023-09-27,125.85,146.68,146.67,131.36,122.22,97.14,100.71,107.63,152.39,191.36,132.87,157.29,146.42,103.95,177.13,119.01,150.89,153.05,121.17,118.18,108.48,83.14,121.13,141.21,139.51,91.34,133.89,131.44,124.12,117.7,86.24,78.38,86.78,130.04,156.45,151.55,166.09,156.07,193.74,145.13,124.36,113.46,98.54,113.23,138.49,75.23,147.11,187.36,161.12
2023-09-28,125.77,146.79,146.52,131.28,122.04,97.05,100.66,106.28,152.27,191.4,132.72,157.31,146.52,103.96,176.82,118.91,150.75,153.04,121.01,117.88,108.63,83.13,121.24,141.12,139.41,91.3,133.91,131.57,124.16,117.63,86.34,78.51,87.11,130.05,156.53,151.62,166.22,156.1,194.1,145.13,124.35,113.35,98.32,113.3,138.55,75.28,147.15,187.48,161.37
2023-09-29,125.77,147.31,146.48,131.24,121.85,96.88,100.58,105.21,152.32,191.42,132.55,157.38,146.62,103.89,176.66,118.96,150.77,152.94,120.98,117.46,108.7,83.13,121.07,141.04,139.15,91.28,133.98,131.89,124.26,117.69,86.38,78.66,87.42,130.15,156.6,151.78,166.25,156.07,194.36,145.12,124.35,113.47,98.12,113.34,138.59,75.22,147.23,187.62,161.76
2023-09-30,125.68,147.72,147.3,131.07,121.59,96.63,100.45,104.3,152.23,191.44,132.36,157.55,146.48,103.76,176.42,119.0,150.72,152.78,120.97,116.96,108.64,83.2,120.75,140.86,139.01,91.22,133.79,132.09,123.89,117.73,86.26,78.76,87.51,129.9,156.48,151.81,166.22,155.96,194.25,144.92,124.29,113.38,97.88,113.28,138.61,75.13,147.24,187.58,162.15
2023-10-01,125.6,146.97,147.22,130.87,121.44,96.52,100.41,103.32,152.14,191.5,132.14,157.79,146.4,103.74,176.13,119.4,150.65,152.74,120.9,116.61,108.67,83.35,120.59,140.73,138.81,91.22,133.75,132.66,123.86,117.75,86.18,78.87,87.66,129.81,156.31,151.83,166.04,155.78,194.24,144.91,124.31,113.33,97.63,113.19,138.47,75.11,147.29,187.58,162.44
2023-10-02,125.49,145.86,147.05,130.63,121.23,96.33,100.42,102.17,151.93,191.55,131.91,157.87,146.3,103.67,175.61,119.62,150.56,152.58,120.84,116.14,108.66,83.47,120.42,140.44,138.55,91.15,133.54,133.19,123.85,117.73,86.09,79.01,87.8,129.77,156.27,151.88,166.0,155.63,194.28,144.94,124.3,113.09,97.28,112.99,138.39,75.1,147.29,187.42,162.62
2023-10-03,125.42,145.01,146.96,130.41,121.01,96.22,100.47,101.12,151.85,191.58,131.67,157.93,146.22,103.51,175.1,119.57,150.46,152.5,120.79,116.19,108.68,83.54,120.28,140.26,138.27,91.08,133.3,133.55,123.92,117.71,85.98,79.14,87.86,129.68,156.23,151.94,165.93,156.49,194.27,144.94,124.28,113.07,97.0,112.86,138.45,75.08,147.17,187.31,162.71
2023-10-04,125.39,144.45,147.02,130.28,120.91,96.14,100.6,99.99,151.79,191.75,131.46,158.03,146.2,103.52,174.83,118.92,150.44,152.89,120.78,116.26,108.68,83.71,120.2,140.14,137.98,91.07,133.24,133.73,123.87,117.73,85.93,79.18,87.76,129.63,156.24,152.01,166.0,157.2,194.37,144.99,124.32,113.04,96.86,112.83,138.52,75.08,147.12,187.22,162.79
2023-10-05,125.38,143.81,146.4,130.1,120.8,96.24,100.61,99.82,151.68,191.76,131.29,158.05,146.15,103.44,174.6,119.01,150.41,153.14,120.78,116.35,108.65,83.84,119.99,140.07,137.41,91.01,133.24,134.64,123.83,117.82,85.83,79.12,87.72,129.42,156.18,151.98,166.08,157.87,194.27,144.98,124.24,113.05,96.86,112.71,138.56,75.02,147.03,187.17,162.79
2023-10-06,125.35,142.96,146.35,129.95,120.74,96.53,100.71,99.6,151.71,191.75,131.14,158.24,146.04,103.47,174.37,118.76,150.42,153.39,120.75,116.49,108.65,83.98,119.88,140.02,137.0,90.95,133.32,135.1,123.86,117.83,85.84,79.04,87.83,129.29,156.09,151.88,166.17,158.46,194.36,145.02,124.28,113.05,96.9,112.71,138.59,75.06,146.97,186.95,162.65
2023-10-07,125.31,142.17,146.6,130.0,120.76,96.82,100.94,100.12,151.74,191.94,131.04,158.44,146.16,103.62,173.97,117.52,150.47,153.83,120.77,116.75,108.71,84.07,119.95,140.12,136.85,91.09,133.67,135.71,123.98,117.47,85.99,79.2,88.14,129.43,156.19,151.9,166.09,159.11,194.99,145.37,124.38,112.76,96.75,112.85,138.71,75.18,146.88,186.88,162.47
2023-10-08,125.3,143.47,146.63,129.95,120.66,96.91,101.0,100.64,151.62,192.12,130.97,158.4,146.13,103.56,173.45,116.99,150.44,154.2,120.77,116.92,108.6,84.1,119.88,140.09,136.43,91.14,133.76,136.25,123.98,117.57,86.07,79.2,88.33,129.33,156.25,151.86,166.11,159.73,195.36,145.49,124.34,112.83,96.77,112.86,138.84,75.21,146.72,186.77,162.17
2023-10-09,125.27,145.67,146.67,129.9,120.51,97.11,100.98,101.18,151.53,192.22,130.85,158.37,146.11,103.48,172.98,116.45,150.44,154.57,120.67,117.14,108.45,84.07,119.71,140.1,136.0,91.22,133.88,136.75,123.93,117.62,86.14,79.09,88.53,129.11,156.19,151.73,165.85,160.14,195.7,145.55,124.28,113.04,96.78,112.95,138.91,75.21,146.56,186.73,161.92
2023-10-10,125.24,147.67,146.67,129.89,120.33,97.29,100.96,101.56,151.27,192.41,130.72,158.22,146.05,103.51,172.66,115.85,150.39,155.06,120.7,117.18,108.27,83.95,119.62,140.08,135.8,91.23,133.97,137.52,123.85,117.69,86.17,78.98,88.63,128.81,156.07,151.49,165.64,160.6,196.13,145.62,124.14,113.2,96.74,112.92,138.88,75.23,146.43,186.59,161.64
2023-10-11,125.21,149.12,146.52,129.78,120.09,97.41,100.84,102.19,151.09,192.4,130.63,158.05,145.97,103.49,172.59,115.36,150.3,155.09,120.75,117.12,108.05,83.77,119.52,140.05,135.48,91.21,133.91,137.94,123.81,117.82,86.19,78.83,88.68,128.58,156.02,151.4,165.45,161.14,196.43,145.6,123.98,113.51,96.65,112.63,138.71,75.2,146.32,186.47,161.34
2023-10-12,125.17,150.5,146.99,129.72,119.78,97.39,100.73,102.95,150.92,192.44,130.48,157.82,145.85,103.38,172.49,115.23,150.14,155.03,120.65,117.07,107.79,83.61,119.41,139.99,135.58,91.15,133.86,137.89,123.72,117.79,86.29,78.65,88.65,128.44,156.0,151.41,165.21,161.63,196.78,145.53,123.82,113.72,96.56,112.32,138.41,75.25,146.25,186.47,161.0
2023-10-13,125.11,151.67,146.9,129.61,119.53,96.99,100.58,103.66,150.62,192.6,130.37,157.5,145.67,103.19,172.33,115.6,149.96,155.15,120.61,117.27,107.6,83.41,119.35,139.98,135.81,91.06,133.73,138.12,123.54,117.85,86.34,78.56,88.67,128.19,155.97,151.26,164.13,161.99,196.63,145.41,123.67,113.93,96.44,112.01,138.17,75.29,146.11,186.44,160.74
2023-10-14,125.14,152.58,146.84,129.43,119.3,96.67,100.33,103.7,150.45,192.68,130.28,157.09,145.51,102.96,172.25,116.87,149.85,155.12,120.53,117.5,107.36,83.25,119.26,139.85,135.95,90.77,133.58,138.08,123.4,118.25,86.33,78.32,88.64,127.9,155.91,151.12,164.13,162.31,196.17,145.07,123.54,114.54,96.62,111.68,138.0,75.36,146.03,186.43,160.43
2023-10-15,125.16,151.97,146.93,129.42,119.12,96.48,100.35,103.73,150.5,192.8,130.23,156.97,145.5,102.89,172.31,117.06,149.91,155.0,120.57,117.78,107.28,83.17,119.25,139.87,136.25,90.57,133.56,137.96,123.38,118.26,86.52,78.19,88.58,127.82,155.99,151.19,164.24,162.69,195.81,145.06,123.5,114.85,96.64,111.53,137.99,75.48,146.11,186.46,160.25
2023-10-16,125.15,150.58,147.17,129.42,118.98,96.19,100.35,103.72,150.33,192.92,130.12,156.78,145.37,102.78,172.39,117.37,149.88,154.83,120.67,117.96,107.21,83.05,119.29,139.86,136.61,90.28,133.48,137.72,123.4,118.33,86.68,78.16,88.49,127.6,155.94,151.12,164.34,163.23,195.23,144.82,123.42,115.09,96.65,111.31,137.85,75.55,146.13,186.45,159.96
2023-10-17,125.07,149.35,147.43,129.3,118.87,96.11,100.3,103.74,150.2,192.82,130.07,156.65,145.32,102.54,172.54,117.74,149.83,154.64,120.64,117.93,107.17,83.02,119.27,139.77,136.81,90.08,133.48,137.27,123.38,118.32,86.77,78.01,88.49,127.52,155.98,151.18,164.53,163.78,194.65,144.68,123.37,115.22,96.59,111.09,137.68,75.63,146.21,186.6,159.66
2023-10-18,124.93,148.53,147.58,129.17,118.83,96.0,100.29,104.45,149.98,192.93,129.92,156.43,145.17,102.36,172.35,117.96,149.79,154.47,120.53,117.97,107.12,82.97,119.21,139.63,136.94,89.84,133.5,137.33,123.34,118.23,86.82,77.84,88.67,127.41,156.02,151.2,164.63,164.12,194.08,144.43,123.28,115.27,96.8,110.97,137.35,75.68,146.33,186.79,159.38
2023-10-19,124.9,147.89,147.84,129.07,118.93,95.95,100.53,105.18,149.85,193.13,129.93,156.33,145.12,102.39,172.26,117.92,149.84,154.75,120.48,118.2,107.23,83.02,119.19,139.53,136.86,89.7,133.53,137.09,123.33,118.3,86.82,77.89,88.97,127.4,156.08,151.28,164.81,164.53,193.77,144.28,123.24,115.49,97.1,111.04,137.47,75.74,146.42,186.97,159.29
2023-10-20,124.84,147.06,148.08,128.96,118.94,95.99,100.66,105.99,149.73,193.27,129.82,156.1,145.11,102.46,172.28,117.79,149.89,154.83,120.3,118.22,107.23,83.04,119.17,139.32,136.83,89.56,133.51,136.79,123.34,118.28,86.76,77.86,89.14,127.3,156.11,151.42,165.79,164.76,193.65,144.15,123.05,115.58,97.38,110.98,137.51,75.73,146.32,187.15,159.05
2023-10-21,124.66,146.19,148.06,128.69,118.71,95.85,100.63,106.72,149.55,193.01,129.5,155.77,144.87,102.42,172.18,117.67,149.67,154.38,120.1,118.14,107.08,82.77,118.78,139.11,136.31,89.38,133.31,136.42,123.37,118.2,86.59,77.61,89.2,127.0,155.95,151.29,165.74,165.02,193.21,143.91,122.67,115.52,97.46,110.41,137.28,75.51,146.13,187.15,158.66
2023-10-22,124.63,146.15,148.22,128.62,118.66,95.87,100.86,107.46,149.24,193.22,129.31,155.48,144.78,102.39,171.92,117.64,149.63,154.3,119.89,118.22,107.08,82.67,118.65,138.96,136.15,89.32,133.29,136.28,123.75,118.15,86.44,77.46,89.24,126.94,155.96,151.33,165.72,165.37,193.34,143.64,122.53,115.52,97.67,110.26,137.3,75.29,145.88,187.25,158.58
2023-10-23,124.53,145.93,148.09,128.4,118.55,95.9,101.01,108.18,149.18,193.31,129.22,155.27,144.74,102.42,171.75,117.65,149.61,154.53,119.7,118.31,107.05,82.57,118.56,138.76,135.9,89.23,133.26,136.34,123.97,118.04,86.28,77.39,89.36,126.98,155.98,151.4,165.81,165.7,193.47,143.61,122.33,115.47,97.88,110.09,137.29,75.22,145.69,187.36,158.58
2023-10-24,124.48,145.72,147.91,128.27,118.46,95.73,101.1,108.94,149.34,193.58,129.05,155.14,144.61,102.44,171.65,117.67,149.63,154.61,119.55,118.41,107.06,82.45,118.44,138.68,135.84,89.19,133.27,136.45,124.18,117.97,86.18,77.36,89.51,127.01,156.0,151.49,165.71,165.97,193.56,143.43,122.2,115.51,98.12,110.02,137.2,75.09,145.54,187.47,158.48
2023-10-25,124.46,145.42,147.78,128.15,118.29,95.67,101.18,108.96,149.44,193.58,128.96,154.95,144.59,102.47,171.62,117.71,149.56,154.66,119.45,118.35,107.07,82.32,118.25,138.59,135.8,89.18,133.11,136.69,124.21,117.89,86.14,77.34,89.49,126.95,155.97,151.55,165.55,166.28,193.67,143.4,122.02,115.51,98.13,109.93,137.46,75.0,145.42,187.46,158.43
2023-10-26,124.39,144.98,147.49,127.97,118.02,95.5,101.03,108.89,149.39,193.6,128.82,154.74,144.55,102.42,171.61,117.69,149.45,154.32,119.42,118.11,106.94,82.11,118.06,138.44,135.66,89.1,132.88,136.89,124.16,117.77,86.05,77.12,89.43,126.91,155.99,151.58,165.41,166.58,193.56,143.3,121.79,115.41,98.05,109.69,137.47,74.81,145.29,187.45,158.4
2023-10-27,124.33,144.59,147.13,127.69,117.75,95.46,100.8,108.79,149.35,193.67,128.73,154.65,144.48,102.39,171.6,117.66,149.25,154.03,119.44,118.04,106.86,81.87,117.87,138.33,135.36,88.96,132.53,137.21,124.22,117.69,86.0,77.01,89.47,126.98,155.97,151.63,165.43,167.09,193.56,143.25,121.64,115.4,97.98,109.6,137.32,74.66,145.28,187.57,158.52
2023-10-28,124.43,146.06,147.16,127.72,117.72,95.62,100.93,108.75,149.14,194.3,128.79,154.66,144.6,102.51,171.87,118.02,149.38,154.45,119.5,117.83,106.99,81.9,118.02,138.3,135.7,89.01,132.49,137.89,124.48,117.71,86.04,77.13,89.61,127.27,156.22,151.96,165.34,167.57,194.14,143.46,121.69,115.42,98.06,110.23,137.61,74.65,145.37,187.8,158.78
2023-10-29,124.26,147.19,146.83,127.4,117.51,95.62,100.61,108.71,148.98,194.56,128.73,154.53,144.5,102.5,172.2,118.25,149.28,154.52,119.48,117.44,106.89,81.7,117.86,138.18,135.59,88.77,132.17,138.16,124.34,117.52,85.95,77.12,89.69,127.09,156.03,151.78,165.18,167.86,193.96,143.49,121.46,115.3,97.99,110.28,137.6,74.59,145.47,187.83,158.7
2023-10-30,124.25,148.64,146.66,127.23,117.4,95.69,100.48,108.76,148.77,194.94,128.68,154.41,144.46,102.57,172.43,118.45,149.22,154.39,119.47,117.11,106.86,81.59,117.73,138.09,135.53,88.6,131.9,138.39,124.23,117.5,85.92,77.01,89.73,127.07,156.0,151.75,165.08,168.19,193.85,143.49,121.35,115.24,97.97,110.39,137.65,74.44,145.65,187.9,158.64
2023-10-31,124.17,149.78,146.51,127.04,117.32,95.75,100.41,108.82,148.48,195.17,128.68,154.15,144.44,102.67,172.63,118.69,149.18,154.01,119.29,116.88,106.72,81.45,117.49,138.04,135.36,88.31,131.57,138.91,124.04,117.45,85.86,76.95,89.62,127.01,156.0,151.71,165.01,168.51,193.81,143.49,121.14,115.09,97.94,110.38,137.73,74.28,145.78,187.91,158.5
2023-11-01,124.35,150.61,146.52,127.21,117.39,95.85,100.46,108.92,148.32,196.24,128.67,154.07,144.39,102.7,172.81,119.39,149.15,153.89,119.72,116.7,106.69,81.46,117.31,137.86,135.33,88.06,131.52,139.18,124.41,118.07,85.81,76.88,89.55,127.02,155.92,151.62,165.24,168.97,193.83,143.59,121.08,115.18,97.92,110.47,137.73,74.18,145.78,188.16,158.31
2023-11-02,124.39,151.84,146.41,127.45,117.49,95.96,100.43,109.02,148.22,197.4,128.65,153.82,144.24,102.61,172.83,119.93,149.02,153.95,119.83,116.43,106.55,81.52,117.18,137.93,135.42,87.82,131.3,139.49,124.38,118.05,85.75,76.79,89.28,126.72,155.8,151.36,165.38,169.35,193.59,143.58,120.94,115.0,97.82,110.54,137.66,74.0,145.71,188.06,158.09
2023-11-03,124.39,153.41,146.42,127.76,117.54,96.1,100.45,109.08,148.13,198.41,128.55,153.52,144.12,102.54,172.67,120.21,149.02,153.87,119.93,116.2,106.44,81.6,117.11,137.97,135.45,87.69,131.28,139.7,124.32,118.06,85.69,76.67,89.07,126.43,155.75,151.09,165.41,169.63,193.32,143.58,120.81,114.84,97.74,110.56,137.96,73.84,145.71,187.93,157.91
2023-11-04,124.33,151.66,145.77,128.01,117.6,95.89,100.34,109.07,148.19,199.31,128.45,153.05,144.03,102.46,172.45,120.13,148.89,153.3,119.91,116.1,106.37,81.61,117.1,138.09,135.56,87.54,131.15,139.74,124.21,118.06,85.73,76.56,89.03,126.26,155.72,150.79,165.73,169.82,193.04,143.54,120.68,114.79,97.66,110.51,137.99,73.73,145.63,187.82,157.79
2023-11-05,124.34,149.98,145.75,128.29,117.64,95.55,100.2,109.13,148.17,199.94,128.32,152.53,143.91,102.35,172.38,120.1,148.78,152.84,119.96,115.93,106.26,81.59,117.09,138.13,135.63,87.45,131.01,139.65,123.74,118.09,85.69,76.42,88.91,126.14,155.84,150.66,165.97,170.03,192.86,143.47,120.5,114.68,97.52,110.44,137.94,73.61,145.42,187.71,157.82
2023-11-06,124.27,148.13,145.7,128.45,117.67,95.18,99.89,109.16,148.15,200.71,128.18,152.04,143.72,102.11,172.21,119.97,148.61,152.27,120.06,115.78,106.13,81.51,117.07,138.19,135.41,87.38,130.87,139.34,123.44,117.99,85.57,76.28,88.73,125.86,155.86,150.43,166.05,170.16,192.69,143.2,120.29,114.63,97.36,110.29,137.93,73.49,145.1,187.52,157.77
2023-11-07,124.12,146.13,145.55,128.72,117.65,94.98,99.54,109.12,148.02,201.48,127.97,151.53,143.57,101.93,171.88,118.86,148.43,152.03,120.16,115.32,106.1,81.52,117.09,138.19,135.1,87.29,130.6,138.76,123.22,117.36,85.48,76.12,88.72,125.61,155.81,150.08,166.17,170.35,192.24,143.1,120.11,114.03,97.0,110.24,137.91,73.42,144.71,187.39,157.8
2023-11-08,123.83,145.33,145.25,128.62,117.46,94.74,99.08,108.98,147.85,201.17,127.63,150.92,143.4,101.74,171.51,118.34,148.3,151.48,119.58,114.94,105.99,81.35,117.16,138.37,134.42,87.18,130.18,138.19,122.56,116.62,85.33,75.99,88.51,125.28,155.8,149.73,165.95,170.48,191.78,142.86,119.82,113.71,96.82,110.15,137.8,73.22,144.39,187.09,157.84
2023-11-09,123.71,144.57,145.13,128.47,117.41,94.53,98.7,108.82,147.68,200.64,127.34,150.54,143.39,101.68,171.35,118.03,148.29,150.89,119.29,114.65,105.97,81.15,117.18,138.34,133.68,87.06,129.93,137.81,122.34,116.54,85.23,75.84,88.37,125.17,155.74,149.44,165.83,170.43,191.64,142.75,119.71,113.59,96.75,110.08,137.78,73.19,144.14,187.15,157.85
2023-11-10,123.68,143.36,145.06,128.39,117.43,94.34,98.44,108.73,147.47,200.15,127.15,150.0,143.42,101.55,171.15,118.12,148.54,150.38,119.07,114.36,105.98,81.0,117.16,138.29,133.03,87.03,129.55,137.6,122.08,116.42,85.15,75.75,88.16,124.96,155.71,149.29,165.73,170.55,191.54,142.53,119.58,113.52,96.72,110.08,137.66,73.12,143.88,187.26,157.75
2023-11-11,123.66,143.8,145.64,128.11,117.34,94.42,98.18,108.58,147.17,199.45,126.91,149.65,143.28,101.41,170.45,118.44,148.47,150.31,118.9,114.09,105.9,80.91,117.05,138.11,132.2,86.89,129.05,137.39,121.71,116.29,85.03,75.69,87.74,124.63,155.56,149.03,165.46,170.67,191.15,142.18,119.48,113.37,96.62,109.98,137.46,73.03,143.67,187.24,157.58
2023-11-12,123.57,143.78,145.72,127.81,117.25,94.49,97.95,108.42,146.85,199.11,126.66,149.32,143.14,101.31,169.67,118.47,148.34,150.15,118.71,113.89,105.81,80.87,116.98,137.92,131.52,86.81,128.57,137.28,121.3,116.22,84.92,75.62,87.41,124.32,155.37,148.75,165.17,170.83,190.77,141.74,119.36,113.29,96.55,109.9,137.23,72.96,143.44,187.25,157.3
2023-11-13,123.51,143.97,145.76,127.58,117.18,94.55,97.7,108.21,146.51,198.7,126.38,149.02,143.04,101.27,168.93,118.64,148.22,150.07,118.45,113.66,105.75,80.85,116.86,137.75,131.07,86.7,128.12,137.42,120.99,116.15,84.82,75.58,87.09,124.04,155.18,148.5,164.93,171.03,190.46,141.52,119.33,113.2,96.48,109.9,137.12,72.89,143.23,187.31,157.06
2023-11-14,123.55,144.58,145.97,127.3,117.14,94.4,97.4,108.05,146.18,198.57,126.22,148.8,142.93,101.26,167.49,119.56,148.21,149.91,118.32,113.16,105.66,80.78,116.78,137.59,130.7,86.68,127.86,137.59,120.5,116.59,84.82,75.63,86.63,123.7,155.04,148.23,164.61,171.28,190.32,141.19,119.31,113.67,96.63,109.85,137.03,72.79,143.16,187.3,156.95
2023-11-15,123.45,144.01,146.12,127.1,117.17,94.17,96.68,107.88,145.81,198.82,126.21,148.55,142.86,101.21,166.85,119.38,148.63,149.78,118.28,112.66,105.46,80.7,116.66,137.39,130.45,86.71,127.58,137.7,119.97,116.35,84.85,75.63,86.41,123.44,154.84,148.0,164.44,163.13,189.95,140.9,119.36,113.47,96.64,109.76,137.06,72.66,142.81,187.22,156.9
2023-11-16,123.39,143.12,146.38,126.94,117.05,94.14,96.16,107.54,145.5,199.04,126.22,148.28,142.81,101.13,166.11,119.22,148.94,149.69,118.28,112.26,105.37,80.82,116.62,137.22,130.31,86.77,127.86,137.97,119.55,116.26,84.93,75.84,86.33,123.4,154.84,147.88,164.43,163.52,189.7,140.68,119.38,113.55,96.65,109.73,136.97,72.62,142.41,186.96,156.46
2023-11-17,123.28,142.35,146.6,126.67,116.92,94.07,95.42,107.41,145.13,199.37,126.13,147.97,142.63,101.16,165.37,118.77,148.85,149.58,118.22,111.71,105.2,81.02,116.61,137.04,130.22,86.85,128.21,138.18,119.07,116.16,84.93,76.04,86.31,123.32,154.71,147.66,164.25,163.57,189.31,140.37,119.45,113.62,96.62,109.54,136.76,72.64,142.07,186.72,156.06
2023-11-18,123.1,141.78,146.49,126.39,116.69,93.99,94.48,107.38,144.85,199.42,125.98,147.52,142.53,101.11,165.02,118.23,148.87,149.23,118.14,111.07,104.96,81.23,116.52,136.77,129.96,86.94,128.6,138.33,118.62,116.03,84.9,76.05,86.04,123.17,154.52,147.41,164.12,163.62,188.87,140.03,119.32,113.5,96.53,109.23,136.51,72.56,141.76,186.55,155.73
2023-11-19,123.01,141.25,146.62,126.28,116.61,94.17,93.92,107.36,144.59,199.83,125.94,147.31,142.42,101.17,164.61,117.91,148.86,149.12,118.15,110.61,104.82,81.49,116.54,136.66,129.95,87.01,129.16,138.66,118.37,115.97,85.02,76.22,86.22,123.19,154.46,147.29,164.08,163.67,188.71,139.92,119.49,113.5,96.53,109.12,136.42,72.59,141.5,186.51,155.33
2023-11-20,122.94,140.62,146.69,126.16,116.53,94.31,93.39,107.38,144.35,200.31,125.91,147.11,142.3,101.19,164.19,117.67,149.09,148.92,118.17,110.12,104.71,81.76,116.57,136.49,130.05,87.19,129.69,138.6,117.96,115.97,85.13,76.33,86.28,123.21,154.38,147.13,163.99,163.71,188.46,139.73,119.5,113.55,96.52,108.91,136.26,72.61,141.27,186.3,154.95
2023-11-21,122.89,139.88,146.67,126.01,116.4,94.46,93.04,107.39,144.04,200.39,125.85,146.81,142.22,101.14,164.53,117.56,149.21,148.89,118.16,109.96,104.62,82.05,116.74,136.34,129.91,87.24,130.13,138.47,117.84,115.94,85.22,76.48,86.51,123.25,154.25,147.07,163.98,163.59,188.25,139.6,119.66,113.61,96.47,108.76,136.03,72.68,140.79,186.21,154.57
2023-11-22,122.69,139.32,146.78,125.71,116.17,94.51,92.94,107.38,143.48,200.49,125.6,146.39,142.07,101.02,163.85,117.28,148.35,148.74,117.53,109.76,104.56,82.38,116.73,136.14,130.17,87.16,130.5,138.27,117.71,115.62,85.26,76.57,86.63,123.2,154.05,146.83,163.82,171.9,188.09,139.36,119.69,113.73,96.26,108.58,135.77,72.71,140.25,186.01,154.02
2023-11-23,122.57,138.52,146.9,125.48,115.99,94.44,92.9,107.52,142.88,200.76,125.38,146.03,141.92,100.96,163.05,117.11,147.61,148.6,117.46,109.55,104.46,82.42,116.72,135.98,130.45,87.17,130.38,137.94,117.54,115.62,85.34,76.61,86.71,122.96,153.8,146.64,163.43,171.87,187.87,139.1,119.82,113.77,96.16,108.41,135.61,72.73,139.82,185.95,153.76
2023-11-24,122.4,135.54,146.84,125.14,115.84,94.32,92.89,107.45,142.17,200.83,125.15,145.77,141.71,100.84,162.22,116.98,146.85,148.57,117.35,109.37,104.26,82.29,116.65,135.75,130.56,86.92,130.08,137.83,117.36,115.56,85.37,76.53,86.7,122.8,153.56,146.45,163.02,172.06,187.61,138.84,119.8,113.69,96.03,108.19,135.34,72.71,139.26,185.73,153.55
2023-11-25,122.31,130.52,146.98,125.0,115.84,94.24,93.08,107.34,141.39,201.37,125.06,145.63,141.46,100.84,161.41,116.82,146.29,148.69,117.23,109.31,104.17,82.14,116.59,135.66,130.9,86.82,129.85,137.82,117.29,115.54,85.42,76.54,86.95,122.79,153.45,146.39,162.6,172.3,187.58,138.78,119.93,113.69,95.97,108.2,135.15,72.79,138.73,185.5,153.3
2023-11-26,122.14,127.76,146.75,124.71,115.71,93.94,92.84,107.2,140.74,201.04,124.89,145.27,141.22,100.74,160.71,116.72,145.72,148.54,117.13,109.06,103.91,81.86,116.37,135.41,130.85,86.56,129.44,137.61,117.1,115.43,85.33,76.4,86.77,122.57,153.23,146.21,162.25,172.39,187.34,138.55,119.76,113.67,95.85,107.95,134.92,72.73,138.15,185.22,153.16
2023-11-27,121.99,124.68,146.71,124.51,115.52,93.67,92.82,107.08,140.15,200.53,124.75,144.91,141.04,100.71,160.03,116.72,144.99,148.53,117.01,108.83,103.67,81.6,116.22,135.31,130.79,86.2,129.1,137.82,117.09,115.31,85.26,76.28,86.79,122.46,153.12,146.14,161.95,172.52,187.24,138.45,119.7,113.61,95.79,107.79,134.71,72.68,137.56,185.14,152.99
2023-11-28,121.89,125.26,146.66,124.39,115.4,93.55,92.79,106.99,139.86,200.1,124.67,144.78,140.84,100.78,159.53,116.7,144.32,148.33,116.93,108.77,103.41,81.26,115.9,135.19,130.88,85.96,128.79,137.82,117.0,115.24,85.2,76.06,86.7,122.44,153.03,146.04,161.68,172.67,187.25,138.38,119.44,113.58,95.8,107.6,134.64,72.63,139.03,184.97,152.8
2023-11-29,122.0,125.84,146.59,124.43,115.36,93.54,92.94,106.99,139.97,199.82,124.76,144.81,140.77,100.97,159.31,116.9,144.34,148.36,117.45,108.8,103.27,81.01,115.83,135.19,131.03,85.82,128.61,138.0,117.0,115.61,85.12,75.96,86.62,122.53,153.13,146.13,161.69,172.94,187.45,138.35,119.26,113.74,95.9,107.57,134.65,72.66,140.8,185.1,153.15
2023-11-30,121.91,127.24,146.08,124.24,115.29,93.45,92.85,107.01,140.07,199.14,124.72,144.7,140.55,101.08,159.02,116.86,144.3,148.24,117.36,108.73,103.04,80.82,115.61,135.11,131.05,85.5,128.48,138.01,117.02,115.49,84.92,75.73,86.52,122.55,153.1,146.1,161.63,172.97,187.4,138.24,118.97,113.69,95.84,107.44,134.51,72.56,142.49,185.16,153.54
2023-12-01,121.87,131.75,145.73,124.29,115.27,93.21,92.86,107.27,140.27,198.43,124.82,144.73,140.49,101.19,159.01,117.21,144.33,148.06,117.28,108.74,102.92,80.74,115.44,135.16,131.19,85.38,128.64,138.0,117.22,115.44,84.85,75.68,86.49,122.73,153.18,146.11,161.7,173.05,187.54,138.34,118.85,113.65,95.92,107.52,134.5,72.46,144.24,185.35,154.03
2023-12-02,121.86,139.69,145.32,124.29,115.27,93.0,92.83,107.4,140.5,197.48,124.85,144.83,140.53,101.31,159.05,117.5,144.41,147.83,117.24,108.74,102.83,80.65,115.38,135.2,131.08,85.13,128.67,137.76,117.33,115.38,84.68,75.62,86.52,122.89,153.14,146.07,161.83,172.96,187.57,138.32,118.8,113.62,95.99,107.48,134.5,72.37,146.09,185.62,154.54
2023-12-03,121.91,142.59,145.05,124.38,115.29,92.87,92.87,107.5,140.56,196.83,124.86,144.96,140.64,101.43,158.98,117.79,144.56,147.7,117.12,108.87,102.96,80.58,115.39,135.33,131.41,85.06,128.76,137.53,117.4,115.35,84.55,75.55,86.54,123.14,153.24,146.13,161.92,173.12,187.67,138.33,118.85,113.51,96.09,107.58,134.54,72.35,147.96,185.89,155.01
2023-12-04,121.9,144.96,144.12,124.32,115.35,92.67,92.79,107.59,140.5,196.16,124.8,145.03,140.73,101.52,158.85,118.23,144.61,147.52,116.92,108.93,103.01,80.52,115.47,135.36,131.76,84.95,128.74,137.2,117.45,115.31,84.43,75.49,86.54,123.3,153.21,146.09,162.01,173.13,187.84,138.26,118.89,113.45,96.14,107.73,134.45,72.3,149.75,186.13,155.4
2023-12-05,121.91,144.08,143.77,124.3,115.42,92.59,92.7,107.74,140.42,195.58,124.73,144.88,140.81,101.53,158.62,118.46,144.71,147.36,116.99,108.89,103.09,80.52,115.58,135.36,132.1,84.97,128.81,136.95,117.44,115.26,84.31,75.45,86.45,123.52,153.3,146.1,162.14,173.26,187.45,138.1,118.98,113.35,96.21,107.9,134.4,72.2,149.75,186.11,155.72
2023-12-06,121.87,144.27,143.32,124.2,115.48,92.59,92.68,109.15,140.18,194.79,124.61,144.83,140.83,101.47,158.36,118.73,144.62,147.19,117.0,108.82,103.04,80.54,115.68,135.32,132.31,84.75,128.85,136.61,117.53,115.15,84.26,75.34,86.36,123.55,153.23,145.99,162.01,173.19,186.79,137.96,119.07,113.13,96.28,108.09,134.31,72.29,149.62,185.92,155.63
2023-12-07,121.77,143.27,143.39,124.27,115.61,92.64,92.55,112.5,139.98,194.2,124.57,144.89,141.0,101.4,158.25,118.02,144.6,147.06,117.07,108.82,103.12,80.54,115.77,135.41,132.61,84.62,128.73,136.38,117.56,114.53,84.27,75.29,86.32,123.8,153.27,146.02,162.05,172.85,186.75,137.85,119.2,112.48,96.15,108.35,134.28,72.39,149.51,185.81,155.54
2023-12-08,121.83,141.76,143.47,124.26,115.71,93.05,92.51,112.71,139.89,193.76,124.45,144.87,141.08,101.5,157.89,118.33,144.54,147.05,117.21,108.81,103.18,80.5,115.89,135.42,132.36,84.43,128.43,135.96,117.41,114.57,84.28,75.15,86.19,123.9,153.17,145.95,162.0,172.58,186.5,137.63,119.36,112.39,96.25,108.47,134.25,72.5,149.49,185.53,155.27
2023-12-09,121.72,139.08,143.38,124.05,115.59,93.32,92.34,113.02,139.73,193.26,124.23,144.76,141.07,101.51,157.33,118.53,144.22,146.84,117.29,108.7,103.1,80.41,115.88,135.34,132.17,84.2,128.02,135.45,117.24,114.58,84.29,74.93,85.63,123.74,153.12,145.16,162.13,172.23,185.94,137.3,119.31,112.35,96.32,108.41,134.07,72.48,149.32,185.09,154.89
2023-12-10,121.73,139.67,143.49,124.0,115.6,93.64,92.63,113.36,139.66,193.16,124.16,144.72,141.1,101.65,156.91,118.83,144.14,146.89,117.54,108.62,103.01,80.5,116.08,135.3,131.96,84.2,127.97,135.23,117.23,114.73,84.46,74.9,85.47,123.82,153.14,144.45,162.22,171.84,185.7,137.22,119.38,112.35,96.48,108.59,133.98,72.55,149.25,184.73,154.64
2023-12-11,121.81,141.31,144.18,124.04,115.64,94.03,92.83,113.64,139.6,193.26,124.18,144.72,141.14,101.81,156.61,118.89,144.14,146.92,117.96,108.52,103.01,80.57,116.05,135.37,131.67,84.21,127.95,134.96,117.24,114.87,84.56,74.85,85.22,123.87,153.23,143.79,162.37,171.56,185.36,137.22,119.46,112.41,96.69,108.75,134.07,72.65,149.08,184.39,154.44
2023-12-12,121.79,141.91,144.24,123.95,115.7,94.27,93.12,113.8,139.37,193.34,124.06,144.79,141.1,101.89,156.28,119.15,144.14,146.95,117.98,108.47,102.92,80.7,116.06,135.34,131.58,84.16,128.0,134.57,117.28,115.03,84.62,74.86,85.09,123.65,153.13,143.03,161.63,171.13,185.45,137.01,119.56,112.36,96.84,108.92,133.98,72.68,149.03,184.24,154.21
2023-12-13,121.76,141.75,144.35,123.9,115.77,94.39,93.24,112.66,139.12,193.57,123.91,144.61,141.12,102.05,155.87,119.4,144.15,146.94,117.71,108.41,103.0,80.79,116.04,135.29,131.26,84.35,128.15,134.09,117.32,115.21,84.66,74.92,84.95,123.7,153.19,142.42,161.9,170.62,185.7,136.93,119.7,112.28,97.03,108.92,133.9,72.58,149.05,184.09,153.89
2023-12-14,121.89,142.12,144.39,123.87,115.92,94.59,93.69,109.71,138.75,194.21,123.76,144.56,141.06,102.34,155.49,120.74,144.12,147.02,117.46,108.39,103.14,80.94,116.16,135.18,130.88,84.61,128.43,133.33,117.38,116.04,84.72,75.05,84.89,123.64,153.19,141.71,162.1,170.58,185.6,136.97,119.82,112.7,97.44,108.97,133.95,72.6,149.1,183.9,153.79
2023-12-15,121.8,141.7,144.19,123.72,115.88,94.47,93.86,109.64,138.22,194.38,123.6,144.43,140.93,102.22,155.09,120.68,144.0,146.83,117.18,108.24,103.14,81.05,116.13,135.02,130.87,84.77,128.51,132.47,117.47,116.16,84.66,75.09,84.69,123.47,153.2,141.01,162.24,170.35,185.25,136.91,119.72,112.66,97.48,108.97,133.95,72.52,149.15,183.66,153.64
2023-12-16,121.79,140.97,144.25,123.74,116.03,94.44,94.1,109.1,137.79,194.54,123.56,144.42,140.84,102.22,155.01,120.75,144.14,146.79,116.94,108.16,103.23,81.19,116.15,134.91,130.87,85.04,128.76,131.98,117.7,116.27,84.69,75.24,84.74,123.51,153.19,140.96,162.22,170.36,185.23,136.94,119.78,112.47,97.54,109.14,134.12,72.54,149.22,183.54,153.63
2023-12-17,121.42,139.73,143.95,123.41,116.04,94.37,94.1,108.99,137.26,194.27,123.19,144.33,140.65,101.9,154.59,120.45,143.94,146.55,115.81,108.0,103.22,81.16,116.0,134.7,130.67,85.07,128.68,131.19,117.56,115.81,84.51,75.27,84.68,123.28,153.06,140.8,162.2,170.24,184.81,136.68,119.69,112.18,97.47,109.04,134.15,72.47,149.12,183.49,153.5
2023-12-18,121.15,138.42,143.52,123.05,115.99,94.28,94.1,108.97,136.65,193.91,122.78,144.19,140.43,101.58,154.17,120.25,143.74,146.33,115.25,107.89,103.12,81.12,116.01,134.41,130.57,85.16,128.6,130.48,117.37,115.64,84.38,75.31,84.66,123.08,152.83,140.53,162.0,170.1,184.34,136.38,119.58,111.87,97.42,108.82,134.06,72.44,149.16,183.41,153.39
2023-12-19,120.95,137.92,143.27,122.74,115.89,94.13,94.01,108.87,136.04,193.45,122.45,143.98,140.26,101.33,154.01,120.03,143.45,146.21,114.99,107.75,103.05,81.06,116.05,134.24,130.39,85.2,128.38,130.02,117.19,115.57,84.28,75.39,84.54,122.96,152.59,140.27,162.75,170.0,183.98,136.25,119.51,111.73,97.35,108.55,134.06,72.53,149.28,183.29,153.25
2023-12-20,120.78,137.49,143.07,122.47,115.88,94.0,94.05,108.72,135.4,192.86,122.17,143.9,140.11,101.07,154.09,119.98,143.21,145.97,115.11,107.5,102.89,81.09,116.09,134.11,130.22,85.25,128.09,129.81,117.02,115.46,84.16,75.47,84.65,122.81,152.35,140.01,162.52,170.03,183.53,136.05,119.45,111.58,97.28,108.34,134.04,72.57,149.33,183.18,153.25
2023-12-21,120.59,137.19,142.69,122.19,115.72,93.84,93.93,108.36,134.75,191.97,121.89,143.56,139.99,100.79,154.09,119.69,142.92,145.71,115.32,107.27,102.62,80.97,115.94,133.91,130.2,85.24,127.79,129.9,116.74,115.35,84.0,75.46,84.53,122.56,152.19,139.82,162.3,170.02,183.09,135.76,119.32,111.29,97.2,107.97,133.89,72.55,149.23,183.11,153.12
2023-12-22,120.42,137.18,142.37,121.84,115.62,93.78,93.79,108.1,134.11,191.44,121.61,143.29,139.9,100.62,154.15,119.47,142.73,145.43,115.52,107.01,102.4,80.86,115.96,133.7,130.29,85.25,127.53,129.89,116.47,115.23,83.87,75.55,84.49,122.33,151.99,139.69,162.31,169.94,182.98,135.51,119.31,110.92,97.12,107.7,133.73,72.52,149.07,183.01,152.97
2023-12-23,120.28,136.89,142.07,121.6,115.47,93.78,93.83,108.33,133.25,191.06,121.29,142.89,139.81,100.18,154.02,119.28,142.49,145.25,115.72,106.8,102.21,80.77,115.96,133.43,130.5,85.23,127.14,129.84,116.08,115.15,83.72,75.69,84.35,122.13,151.8,139.56,162.25,169.74,182.86,135.28,119.22,110.78,97.06,107.53,133.52,72.48,148.37,182.75,152.7
2023-12-24,120.42,137.47,141.93,121.59,115.36,93.73,93.67,108.1,132.8,190.87,121.29,142.66,139.81,100.07,154.24,119.39,142.42,145.12,116.58,106.6,102.01,80.69,115.96,133.27,130.61,85.22,126.81,129.97,115.88,115.57,83.64,75.77,84.22,121.97,151.67,139.52,162.23,169.6,182.91,135.14,119.23,110.72,97.08,107.32,133.41,72.47,148.58,182.4,152.53
2023-12-25,120.51,138.92,142.06,121.76,115.36,93.85,93.62,107.8,132.79,190.8,121.39,142.57,139.94,100.02,154.62,119.4,142.47,145.09,116.88,106.44,101.93,80.67,115.99,133.21,130.76,85.25,126.69,130.16,115.75,115.71,83.65,75.89,84.19,121.89,151.73,139.65,162.44,169.56,183.07,135.17,119.3,110.65,97.08,107.25,133.46,72.47,148.86,182.12,152.46
2023-12-26,120.59,139.33,142.14,121.91,115.31,94.04,93.61,107.59,132.62,190.71,121.52,142.57,140.05,100.09,154.6,119.35,142.49,145.0,116.95,106.34,101.92,80.64,116.01,133.18,130.89,85.27,126.61,130.29,115.63,115.81,83.68,76.01,84.29,121.92,151.86,139.87,162.64,169.52,183.13,135.19,119.4,110.47,97.2,107.24,133.47,72.5,148.9,182.04,152.36
2023-12-27,120.65,139.21,142.07,121.97,115.28,94.22,93.49,107.49,132.44,190.65,121.69,142.55,140.1,99.99,154.32,119.21,142.45,145.02,117.0,106.31,101.87,80.55,115.99,133.12,131.21,85.21,126.45,130.41,115.33,115.93,83.72,76.08,84.23,121.82,151.91,139.98,162.9,169.43,183.35,135.15,119.48,110.35,97.29,107.2,133.31,72.53,148.95,181.95,152.17
2023-12-28,120.66,139.11,142.14,121.96,115.25,94.37,93.37,107.5,132.52,190.36,121.84,142.66,140.13,99.74,154.12,119.47,142.46,145.02,116.91,106.23,101.78,80.55,116.09,132.96,131.51,85.14,126.25,130.54,114.85,115.96,83.74,76.11,84.38,121.78,151.9,140.01,163.09,169.36,183.41,135.12,119.56,110.2,97.31,107.22,133.02,72.53,149.09,181.75,151.86
2023-12-29,120.7,139.42,142.34,122.21,115.25,94.5,93.49,107.45,132.57,190.09,121.96,142.73,140.2,99.57,153.93,119.62,142.42,145.18,116.83,106.19,101.81,80.58,116.08,132.88,131.8,85.03,126.13,130.74,114.68,116.01,83.77,76.12,84.66,121.89,152.03,140.07,163.16,169.45,183.55,135.13,119.61,110.15,97.25,107.2,132.83,72.63,149.22,181.7,151.75
2023-12-30,120.71,140.13,142.47,122.34,115.22,94.52,93.53,107.42,132.73,189.86,122.11,142.92,140.14,99.58,153.73,119.56,142.42,145.21,116.73,106.21,101.74,80.58,116.06,132.82,132.14,84.97,126.1,130.84,114.44,116.05,83.8,76.04,85.13,121.88,152.12,140.15,163.21,169.59,183.68,135.12,119.65,110.03,97.15,107.06,132.63,72.67,149.86,181.7,151.75
2023-12-31,120.56,139.75,142.5,122.25,115.17,94.52,93.52,107.36,132.56,189.47,121.91,142.87,139.96,99.33,153.41,119.53,142.34,145.08,116.55,106.07,101.61,80.56,115.94,132.47,132.36,84.88,125.93,130.88,114.0,115.94,83.76,75.91,85.32,121.74,152.09,140.09,163.18,169.45,183.24,134.94,119.57,109.64,96.93,106.93,132.23,72.64,149.71,181.64,151.58
2024-01-01,120.36,136.44,142.4,122.05,115.11,94.51,93.59,107.2,132.0,188.94,121.49,142.54,139.68,98.92,152.79,119.61,142.07,144.97,116.25,105.6,101.36,80.6,115.79,131.92,132.51,84.75,125.71,131.13,113.41,115.79,83.73,75.87,85.49,121.57,152.04,139.99,163.04,169.19,182.78,134.55,119.47,109.23,96.71,106.85,131.59,72.6,149.27,181.49,151.19
2024-01-02,120.12,134.43,142.3,121.84,114.96,94.38,93.72,107.0,131.6,188.58,121.01,142.23,139.33,98.47,152.2,119.59,141.88,144.8,116.07,105.27,101.11,80.65,115.56,131.37,132.57,84.62,125.44,131.37,113.13,115.63,83.72,75.82,85.65,121.35,151.95,139.84,162.79,168.77,182.32,134.3,119.24,108.9,96.38,106.74,130.89,72.53,148.93,181.23,150.87
2024-01-03,119.95,132.98,142.3,121.93,114.76,94.31,93.88,106.88,131.5,188.15,120.48,142.09,139.06,98.2,151.74,119.52,141.86,144.69,115.91,104.96,100.93,80.67,115.42,130.82,132.5,84.56,125.31,131.21,113.46,115.49,83.68,75.85,85.74,121.22,151.92,139.67,162.48,168.44,181.74,134.04,118.99,108.69,96.09,106.68,130.32,72.48,148.66,181.06,150.7
2024-01-04,119.9,132.01,142.34,122.14,114.62,94.2,94.06,106.69,131.46,187.99,120.16,141.96,138.8,98.13,151.37,119.28,141.8,144.7,115.79,104.69,100.81,80.65,115.3,130.56,132.47,84.55,125.31,130.92,114.08,115.44,83.53,76.02,85.76,121.26,151.91,139.55,162.3,168.44,181.59,133.81,118.83,108.74,95.87,106.73,130.03,72.44,148.47,181.0,150.77
2024-01-05,119.92,131.67,142.41,122.38,114.56,93.92,94.24,106.58,131.84,187.98,119.95,141.92,138.64,98.22,151.31,119.31,141.97,144.73,115.68,104.58,100.72,80.58,115.11,130.41,132.44,84.64,125.66,130.58,114.5,115.44,83.4,76.14,85.71,121.32,151.92,139.48,162.19,168.5,181.51,133.76,118.75,108.76,95.9,106.78,129.9,72.34,148.47,180.99,150.85
2024-01-06,119.94,132.21,142.53,122.71,114.62,93.6,94.29,106.52,132.42,187.93,119.77,141.95,138.65,98.27,151.38,118.67,142.05,144.77,115.65,104.57,100.72,80.54,114.82,130.4,132.12,84.74,126.18,129.0,115.11,115.46,83.41,76.27,85.64,121.37,151.91,139.34,162.24,168.61,181.31,133.85,118.77,108.86,95.97,106.87,129.81,72.29,148.5,181.12,150.93
2024-01-07,119.88,131.88,142.67,123.11,114.66,93.38,94.51,106.51,132.9,188.01,119.73,141.95,138.72,98.39,151.48,116.79,142.13,144.94,115.71,104.52,100.94,80.5,114.6,130.62,132.11,84.87,126.75,127.37,115.93,115.02,83.52,76.36,85.75,121.54,151.95,139.26,162.3,168.88,181.69,134.01,118.82,108.7,95.82,107.11,129.81,72.3,148.52,181.22,150.92
2024-01-08,119.91,133.54,142.83,123.4,114.61,93.06,94.48,106.59,133.42,188.1,119.73,142.07,138.75,98.58,151.65,115.85,142.28,144.94,115.8,104.83,101.08,80.36,114.3,130.88,132.02,84.9,127.08,125.47,116.72,115.11,83.5,76.3,85.72,121.62,151.89,139.11,162.42,169.13,182.0,134.23,118.78,108.95,95.85,107.06,129.9,72.23,148.64,181.21,151.01
2024-01-09,119.98,139.32,142.88,123.73,114.65,93.02,94.42,106.76,133.99,188.15,119.84,142.15,138.8,98.82,152.03,115.06,142.41,145.09,115.79,104.83,101.18,80.15,114.0,131.14,132.07,84.91,127.54,123.75,117.22,115.22,83.43,76.16,85.61,121.64,151.89,138.93,162.06,169.5,182.35,134.26,118.86,109.27,95.97,107.08,130.17,72.09,148.67,181.28,151.11
2024-01-10,119.99,143.97,142.78,123.78,114.65,93.07,94.16,106.87,134.29,188.33,119.9,142.18,138.83,98.98,152.34,114.23,142.4,145.01,115.78,104.91,101.25,79.98,113.66,131.49,132.1,84.85,127.97,122.39,117.29,115.35,83.43,76.07,85.52,121.63,151.82,138.72,162.11,169.72,182.97,134.46,118.93,109.39,96.05,107.04,130.41,71.99,149.02,181.14,150.97
2024-01-11,119.92,147.38,142.49,123.7,114.57,93.09,93.74,106.9,134.46,188.47,119.79,142.16,138.87,99.01,152.74,113.31,142.46,144.99,115.73,105.02,101.26,79.96,113.4,131.7,132.05,84.83,128.4,120.9,117.44,115.36,83.52,76.03,85.28,121.37,151.71,138.45,162.17,169.48,183.21,134.63,118.96,109.45,96.14,106.99,130.54,71.9,149.25,181.1,150.76
2024-01-12,119.79,149.94,142.17,123.57,114.28,93.4,93.46,106.93,134.53,188.19,119.68,142.12,138.88,98.92,153.03,112.47,142.37,144.94,115.68,104.83,101.21,79.95,113.17,131.82,131.82,84.76,128.61,119.64,117.54,115.29,83.59,75.85,85.16,121.14,151.58,138.15,162.22,169.25,183.37,134.68,118.88,109.46,96.13,106.91,130.56,71.81,149.4,181.06,150.49
2024-01-13,119.64,151.11,141.66,123.34,113.93,93.64,93.19,106.91,134.67,187.84,119.52,141.99,138.82,98.8,153.14,112.52,142.39,144.84,115.69,104.44,101.19,79.85,112.87,131.78,131.46,84.58,128.74,119.48,117.47,115.14,83.51,75.65,84.73,120.88,151.41,137.85,162.1,168.68,183.48,134.53,118.68,109.31,96.05,106.71,130.64,71.7,149.61,181.12,150.26
2024-01-14,119.75,154.02,141.34,123.28,113.67,93.95,93.19,106.89,134.9,187.63,119.51,142.01,138.9,98.85,153.27,113.64,142.54,144.82,115.78,104.34,101.06,79.88,112.84,131.8,131.36,84.52,129.07,119.53,117.58,115.62,83.45,75.76,84.52,120.83,151.29,137.6,161.98,168.11,183.7,134.66,118.6,109.82,96.28,106.57,130.77,71.67,149.9,181.24,150.2
2024-01-15,119.73,156.28,140.88,123.23,113.35,94.22,93.21,107.0,135.15,187.33,119.56,141.98,138.98,98.89,153.45,113.52,142.62,144.81,115.87,104.09,101.0,79.94,112.76,131.82,131.28,84.5,129.43,119.55,117.59,115.57,83.39,75.84,84.39,120.77,151.19,137.38,161.91,167.52,183.85,134.7,118.55,109.81,96.27,106.49,130.9,71.72,150.25,181.51,150.18
2024-01-16,119.59,151.04,140.47,123.02,112.99,94.13,93.15,106.92,135.01,186.94,119.51,141.87,138.93,98.77,153.31,113.34,142.56,144.69,115.94,103.88,100.89,79.98,112.67,131.69,131.04,84.43,129.45,119.31,117.58,115.45,83.33,75.91,84.24,120.7,150.99,137.11,162.24,167.2,183.78,134.75,118.4,109.62,96.15,106.26,130.8,71.77,150.56,181.34,149.94
2024-01-17,119.45,146.61,140.16,122.85,112.66,93.9,93.22,106.83,134.92,186.53,119.51,141.69,138.85,98.79,153.33,113.13,142.46,144.82,115.8,103.89,100.8,79.96,112.54,131.54,130.46,84.35,129.41,119.07,117.61,115.28,83.22,75.84,84.12,120.55,150.87,136.87,162.11,166.86,183.49,134.72,118.23,109.54,96.09,106.15,130.85,71.76,150.47,181.37,150.03
2024-01-18,119.29,143.05,139.97,122.61,112.19,93.72,93.45,106.86,134.65,185.81,119.45,141.48,138.77,98.76,153.33,113.1,142.26,144.67,115.74,103.79,100.7,79.82,112.24,131.31,130.11,84.27,129.19,118.85,117.46,115.13,83.08,75.6,84.28,120.47,150.78,136.68,161.91,166.68,183.32,134.58,117.95,109.39,95.97,105.9,130.82,71.74,150.58,181.15,150.08
2024-01-19,119.17,139.81,139.82,122.42,111.99,93.47,93.6,106.84,134.39,185.48,119.38,141.29,138.7,98.72,153.3,112.92,142.09,144.59,115.85,103.72,100.61,79.66,112.11,131.15,129.79,84.21,129.01,118.77,117.36,115.03,83.03,75.64,84.2,120.3,150.7,136.48,161.67,166.45,183.1,134.49,117.83,109.32,95.83,105.7,130.77,71.78,150.64,180.99,149.81
2024-01-20,119.14,137.07,139.9,122.34,111.75,93.48,93.99,106.92,133.99,185.38,119.37,141.11,138.73,98.79,153.44,112.71,141.96,144.66,115.89,103.66,100.63,79.6,112.23,131.13,129.95,84.22,128.8,118.85,117.39,115.05,83.09,75.76,84.53,120.41,150.73,136.39,161.42,166.52,183.1,134.55,117.8,109.29,95.77,105.69,130.72,71.87,150.73,180.72,149.5
2024-01-21,119.05,134.08,139.89,122.19,111.55,93.44,94.09,106.94,133.58,185.2,119.26,140.86,138.64,98.76,153.49,112.53,141.77,144.55,115.89,103.67,100.57,79.42,112.09,131.01,129.55,84.1,128.45,118.73,117.24,114.99,83.01,75.67,84.51,120.31,150.61,136.18,161.22,166.8,182.93,134.39,117.69,109.2,95.63,105.55,130.62,71.82,150.69,180.51,149.26
2024-01-22,118.95,131.74,139.92,122.09,111.36,93.28,94.24,106.78,133.27,185.1,119.14,140.66,138.59,98.75,153.51,112.43,141.64,144.45,115.93,103.75,100.56,79.23,111.99,130.95,129.11,83.94,128.08,118.49,117.15,114.93,82.99,75.57,84.49,120.26,150.54,135.95,160.98,167.14,182.86,134.32,117.59,109.11,95.52,105.5,130.54,71.74,150.62,180.14,148.98
2024-01-23,118.94,133.17,139.88,122.07,111.19,93.21,94.36,106.98,133.18,185.21,119.08,140.46,138.66,98.81,153.66,112.46,141.62,144.38,115.97,104.19,100.65,79.05,111.94,130.96,128.64,83.83,127.98,118.5,117.13,114.9,82.84,75.51,84.34,120.24,150.49,135.82,160.71,167.27,183.03,134.25,117.48,109.08,95.51,105.5,130.56,71.63,150.51,180.15,148.8
2024-01-24,118.85,134.54,139.89,122.01,110.98,93.21,94.35,107.07,133.27,185.24,118.99,140.37,138.76,98.56,153.74,112.55,141.58,144.18,115.99,104.3,100.74,78.9,111.87,130.91,128.7,83.8,127.94,118.37,117.0,114.86,82.77,75.5,84.26,120.29,150.38,135.7,160.61,166.16,183.14,134.06,117.45,108.58,95.42,105.42,130.4,71.6,150.5,180.06,148.23
2024-01-25,118.77,135.48,139.94,122.02,110.95,93.28,94.33,107.14,133.36,185.65,118.88,140.28,138.85,98.34,153.68,112.45,141.62,144.13,115.99,104.5,100.86,78.8,111.94,130.88,128.61,83.71,128.03,118.44,116.85,114.87,82.77,75.51,83.95,120.28,150.17,135.49,160.52,165.31,183.13,133.92,117.48,108.13,95.32,105.46,130.33,71.52,150.4,180.11,147.56
2024-01-26,118.64,136.25,139.89,121.94,110.86,93.32,94.2,107.2,133.44,186.1,118.74,140.22,138.89,98.24,153.52,112.34,141.61,144.0,115.81,104.91,100.92,78.78,111.87,130.83,128.54,83.66,128.05,118.1,116.58,114.67,82.63,75.23,83.92,120.28,150.01,135.38,160.6,164.28,183.23,133.74,117.43,107.76,95.2,105.36,130.19,71.33,150.28,180.21,147.15
2024-01-27,118.58,137.06,139.84,121.93,110.8,93.38,94.07,107.11,133.66,186.58,118.67,140.25,138.93,98.29,153.39,112.33,141.67,143.97,115.76,105.28,101.0,78.82,111.93,130.77,128.32,83.67,128.21,118.03,116.33,114.53,82.47,75.11,83.98,120.18,149.88,135.19,160.78,163.35,183.28,133.62,117.5,107.73,95.09,105.36,130.1,71.25,150.27,180.37,146.63
2024-01-28,118.49,137.46,139.67,121.85,110.56,93.37,93.83,107.28,133.91,186.81,118.56,140.22,138.97,98.33,153.21,112.39,141.64,143.85,115.65,105.49,101.11,78.84,111.91,130.72,128.22,83.75,128.28,118.03,116.1,114.44,82.34,74.94,84.08,120.08,149.87,135.14,160.99,161.78,183.35,133.49,117.49,107.47,95.0,105.25,130.01,71.23,150.33,180.53,146.0
2024-01-29,118.42,137.83,139.66,121.73,110.46,93.44,93.61,107.27,134.07,186.93,118.45,140.12,138.95,98.3,153.06,112.43,141.59,143.83,115.51,105.66,101.17,78.85,111.9,130.65,128.1,83.87,128.48,118.19,115.87,114.35,82.15,74.84,84.02,120.0,149.84,135.04,161.09,160.7,183.37,133.23,117.48,107.32,94.87,105.18,129.94,71.19,150.34,180.6,145.35
2024-01-30,118.32,137.35,139.75,121.65,110.36,93.58,93.52,107.11,134.43,187.06,118.29,140.03,138.92,98.28,152.99,112.44,141.58,143.8,115.38,105.54,101.14,78.87,111.96,130.55,128.11,84.05,128.62,118.12,115.63,114.13,82.09,74.79,84.19,119.98,149.87,134.93,161.35,159.08,183.39,133.08,117.6,107.14,94.69,105.14,129.82,71.19,150.44,180.6,144.81
2024-01-31,118.27,136.93,139.74,121.62,110.21,93.57,93.44,107.01,134.78,187.22,118.15,139.94,138.83,98.27,152.83,112.59,141.65,143.77,115.4,105.49,101.1,78.87,112.04,130.44,127.98,84.19,128.63,118.2,115.34,113.92,81.96,74.62,84.2,119.88,149.9,134.79,161.55,159.11,183.38,132.96,117.66,107.22,94.55,105.07,129.85,71.08,150.65,180.7,144.45
2024-02-01,118.16,136.17,139.72,121.54,110.11,93.54,93.28,107.07,135.21,187.24,117.99,139.94,138.73,98.25,152.57,112.99,141.69,143.99,115.28,105.22,101.01,78.91,111.98,130.33,127.82,84.27,128.63,118.16,114.99,113.61,81.86,74.58,84.28,119.84,149.97,134.81,161.69,158.36,183.46,132.86,117.74,106.55,94.47,104.92,129.81,71.1,150.69,180.67,140.9
2024-02-02,118.18,135.55,139.4,121.52,110.07,93.65,93.2,107.13,135.66,187.22,117.88,140.0,138.67,98.2,152.42,113.57,141.8,144.43,115.14,105.15,101.11,78.93,111.95,130.31,127.8,84.29,128.67,118.34,115.0,113.6,81.84,74.65,84.31,119.8,149.94,134.68,161.72,157.81,183.42,132.86,117.88,106.35,94.43,104.89,129.91,71.24,150.79,180.71,140.85
2024-02-03,118.21,135.27,139.54,121.59,110.09,93.69,93.15,107.52,136.07,187.22,117.85,140.04,138.61,98.03,152.16,114.07,141.86,144.96,114.96,105.1,101.13,78.88,111.92,130.3,127.93,84.3,128.66,118.35,115.04,113.6,81.89,74.67,84.15,119.83,149.99,134.75,161.85,157.32,183.49,132.82,117.96,106.14,94.36,104.86,129.99,71.3,150.77,180.74,140.92
2024-02-04,118.18,135.02,139.54,121.62,110.1,93.72,93.12,107.59,136.37,187.16,117.8,140.07,138.46,97.82,151.96,114.44,141.92,145.45,114.75,105.08,101.13,78.85,111.91,130.25,127.91,84.26,128.59,118.62,115.07,113.49,81.91,74.7,84.03,119.8,149.93,134.7,161.8,156.96,183.42,132.76,118.0,106.04,94.33,104.78,130.0,71.32,150.7,180.61,141.03
2024-02-05,118.12,134.65,139.38,121.66,110.0,93.76,93.05,108.02,136.79,187.1,117.82,140.16,138.39,97.6,151.65,114.87,141.97,145.83,114.46,105.11,101.06,78.71,111.84,130.15,127.92,84.17,128.43,118.55,115.08,113.31,81.92,74.61,84.19,119.79,149.89,134.73,161.95,156.46,183.36,132.75,118.01,105.78,94.27,104.68,129.93,71.23,150.81,180.74,141.21
2024-02-06,118.11,134.48,139.17,121.67,109.98,93.68,92.98,108.43,137.01,186.98,117.9,140.34,138.37,97.43,151.34,115.26,141.94,146.08,114.28,104.92,101.05,78.62,111.72,130.07,127.91,84.06,128.31,118.62,115.08,113.34,81.91,74.43,84.28,119.71,149.79,134.84,161.96,156.06,183.22,132.77,117.94,105.61,94.19,104.63,129.98,71.22,150.94,180.86,141.51
2024-02-07,118.02,133.92,139.16,121.75,110.06,93.86,92.99,108.82,137.12,186.96,117.99,140.49,138.38,97.44,151.08,114.42,141.94,146.44,114.18,104.82,101.03,78.5,111.65,130.02,128.04,83.92,128.3,118.53,115.04,112.89,81.9,74.29,84.58,119.7,149.72,134.99,161.95,155.77,183.02,132.82,117.96,105.17,93.79,104.62,130.02,71.27,151.05,181.04,141.69
2024-02-08,118.14,134.91,139.08,121.86,110.14,93.94,93.06,109.04,137.22,187.03,118.18,140.63,138.4,97.48,151.04,114.35,141.99,146.4,114.16,104.87,101.01,78.34,111.6,129.97,127.98,83.8,128.23,118.53,115.16,112.94,81.76,74.06,84.87,119.72,149.63,135.05,161.95,156.09,182.98,132.82,118.0,105.97,93.58,104.59,130.17,71.24,151.32,181.35,145.08
2024-02-09,118.19,136.34,139.34,121.96,109.99,94.01,93.16,109.28,137.2,186.47,118.31,140.62,138.42,97.45,151.05,114.21,142.03,146.16,114.27,104.77,100.88,78.26,111.6,129.82,127.84,83.7,128.18,118.57,115.04,112.98,81.63,73.9,85.12,119.75,149.56,135.19,162.01,156.36,183.07,132.79,117.96,106.22,93.44,104.55,130.27,71.24,151.5,181.39,145.16
2024-02-10,118.14,136.93,138.99,121.87,109.88,93.99,95.28,109.22,137.01,186.15,118.36,140.55,138.39,97.31,151.13,114.07,141.97,145.73,114.18,104.81,100.63,78.07,111.47,129.6,127.75,83.57,128.12,118.6,114.81,112.79,81.41,73.6,85.47,119.67,149.41,135.22,162.01,156.43,182.9,132.71,117.91,105.76,93.31,104.47,130.34,71.18,151.65,181.61,145.32
2024-02-11,118.12,137.8,138.78,121.83,109.75,93.94,97.31,109.24,136.84,185.95,118.41,140.48,138.4,97.2,151.22,114.03,141.87,145.39,114.12,104.76,100.41,77.89,111.38,129.4,127.91,83.44,128.06,118.12,114.48,112.56,81.2,73.36,85.71,119.55,149.29,135.26,162.09,156.82,182.77,132.61,117.91,105.21,93.14,104.36,130.47,71.13,151.8,181.77,145.39
2024-02-12,118.18,138.77,138.66,121.81,109.68,93.98,99.35,109.19,136.3,185.8,118.43,140.46,138.4,97.16,151.41,114.06,141.8,145.11,114.28,104.86,100.31,77.8,111.34,129.28,128.11,83.36,128.03,118.14,114.19,112.53,81.01,73.21,85.87,119.4,149.15,135.32,162.04,157.0,182.66,132.54,117.92,104.71,93.03,104.29,130.67,71.15,151.85,181.94,145.49
2024-02-13,118.21,139.56,138.57,121.85,109.53,94.03,101.33,109.11,135.9,185.58,118.47,140.35,138.43,97.1,151.65,114.11,141.95,144.93,114.26,104.97,100.21,77.73,111.29,129.23,128.26,83.26,127.98,117.95,114.02,112.28,80.85,73.16,86.07,119.28,149.04,135.33,161.97,157.63,182.51,132.42,117.99,104.33,92.95,104.15,130.92,71.14,151.87,182.28,145.54
2024-02-14,118.4,140.74,138.38,121.82,109.51,94.03,103.38,109.1,135.54,185.14,118.51,140.27,138.42,97.13,151.97,115.25,142.04,144.69,114.38,105.02,100.14,77.67,111.25,129.23,128.21,83.14,127.89,118.17,113.95,112.67,80.7,73.22,86.18,119.22,148.97,135.34,161.91,157.88,182.27,132.32,118.04,104.64,93.23,104.04,131.08,71.14,151.79,182.48,145.8
2024-02-15,118.48,140.34,138.21,121.84,109.42,94.15,105.64,109.15,135.2,184.77,118.52,140.19,138.37,97.2,151.45,115.43,142.27,144.24,114.34,105.09,100.24,77.6,111.29,129.26,128.46,83.05,127.95,118.28,113.85,112.65,80.78,73.28,86.38,119.1,148.95,135.3,161.85,158.11,181.87,132.3,118.15,104.31,93.34,104.08,131.26,71.18,151.66,182.55,146.13
2024-02-16,118.46,139.44,137.97,121.83,109.49,93.86,107.73,109.19,134.93,185.03,118.53,140.18,138.3,97.22,150.94,115.52,142.48,143.73,114.06,105.07,100.3,77.5,111.26,129.33,128.72,82.93,127.88,118.33,113.76,112.46,80.79,73.4,86.51,118.82,148.87,135.21,161.88,158.36,181.55,132.19,118.25,103.97,93.34,104.08,131.36,71.12,151.54,182.77,146.38
2024-02-17,118.21,138.67,137.33,121.58,109.27,93.41,106.94,109.4,134.85,184.64,118.45,140.06,138.01,96.95,150.27,115.62,142.49,142.7,113.67,104.73,100.16,77.14,110.84,129.12,127.93,82.56,127.64,117.77,113.39,112.18,80.6,73.26,86.25,118.23,148.47,134.88,161.83,158.51,180.62,131.71,118.06,104.33,93.14,103.42,131.19,70.93,151.29,182.63,146.44
2024-02-18,118.24,138.4,137.18,121.61,109.43,93.13,106.89,109.61,134.84,184.6,118.56,140.19,138.0,96.97,149.84,115.71,142.85,142.22,113.71,104.63,100.38,77.01,110.9,129.3,127.84,82.4,127.73,118.1,113.34,112.28,80.6,73.44,86.26,118.23,148.39,134.87,161.83,158.81,180.59,131.62,118.07,104.89,93.15,103.46,131.28,70.95,151.17,182.74,146.69
2024-02-19,118.3,138.37,137.16,121.67,109.49,92.93,107.0,109.75,135.12,184.66,118.65,140.28,137.93,96.97,149.46,115.8,143.15,141.78,113.82,104.42,100.59,76.93,111.03,129.38,127.75,82.27,127.99,118.16,113.45,112.32,80.64,73.63,86.41,118.18,148.32,134.8,161.88,159.0,180.5,131.58,118.2,105.49,93.17,103.52,131.41,71.03,151.08,182.7,146.9
2024-02-20,118.36,138.02,136.97,121.68,109.62,92.96,107.16,109.93,135.27,184.68,118.71,140.48,137.78,96.97,149.1,115.89,143.22,141.25,113.99,104.42,100.78,76.77,111.07,129.43,127.63,82.24,128.23,118.38,113.43,112.45,80.64,73.84,86.53,118.16,148.18,134.74,162.02,159.22,180.48,131.62,118.2,105.91,93.23,103.64,131.39,71.13,150.9,182.53,147.09
2024-02-21,118.36,137.66,136.58,121.68,109.72,92.95,107.22,110.04,135.48,184.72,118.77,140.59,137.68,96.86,148.67,115.99,143.36,140.71,114.02,104.48,100.88,76.54,111.03,129.45,127.56,82.23,128.45,118.35,113.29,112.51,80.66,74.04,86.69,118.03,147.98,134.62,162.13,159.2,180.63,131.59,118.2,105.94,93.24,103.65,131.43,71.17,150.76,182.35,147.24
2024-02-22,118.21,137.79,136.34,121.63,109.82,92.9,105.08,110.13,135.78,184.76,118.92,140.52,137.61,96.75,149.04,116.08,143.32,140.33,114.2,104.46,100.84,76.33,110.86,129.42,127.45,82.24,128.59,118.43,113.2,112.25,80.58,74.17,86.7,117.94,147.78,134.54,162.31,158.96,180.77,131.49,118.11,105.81,93.0,103.5,131.33,71.14,149.04,182.31,147.28
2024-02-23,118.1,137.92,136.13,121.56,109.96,93.21,102.94,110.15,136.0,184.75,119.03,140.52,137.53,96.68,149.26,116.17,143.27,140.04,114.51,104.53,100.87,76.08,110.67,129.37,127.55,82.28,128.85,118.46,113.21,112.08,80.53,74.12,86.74,118.06,147.65,134.55,162.53,158.78,180.47,131.43,118.09,105.8,92.9,103.49,131.18,71.07,147.34,182.2,147.29
2024-02-24,118.33,138.52,136.57,121.93,110.53,93.76,101.7,110.11,136.43,185.21,119.37,140.79,137.85,97.02,149.66,116.26,143.59,140.47,115.15,104.99,101.19,76.15,110.95,129.72,128.67,82.56,129.39,119.18,113.49,112.15,80.73,74.37,87.21,118.64,147.93,134.86,162.8,158.6,181.11,131.9,118.4,105.54,92.99,104.14,131.41,71.25,145.7,182.33,147.64
2024-02-25,118.29,138.3,136.59,122.05,110.78,94.12,99.81,110.12,136.82,185.26,119.46,140.77,137.95,97.11,149.87,116.36,143.68,140.32,115.28,105.26,101.14,76.01,110.75,129.66,128.87,82.67,129.55,119.25,113.47,111.88,80.72,74.3,87.26,118.65,147.84,134.86,163.0,158.26,180.84,131.97,118.51,105.11,92.82,104.2,131.36,71.22,143.88,182.31,147.88
2024-02-26,118.2,137.74,136.6,122.14,111.09,94.36,97.82,110.14,137.21,185.11,119.57,140.71,138.12,97.17,150.1,116.45,143.77,140.12,115.31,105.55,101.1,75.85,110.46,129.69,129.19,82.72,129.62,119.01,113.31,111.63,80.7,74.2,87.27,118.75,147.78,134.91,163.17,157.95,180.65,132.1,118.55,104.68,92.66,104.18,131.28,71.12,142.08,182.43,148.02
2024-02-27,118.06,137.74,136.78,122.22,111.39,94.16,95.82,110.18,137.65,185.04,119.68,140.62,138.25,97.16,150.13,116.54,143.96,140.01,115.41,105.71,101.07,75.71,110.24,129.62,129.52,82.72,129.66,118.62,113.2,111.31,80.71,74.02,87.32,118.74,147.7,134.86,163.27,157.29,180.43,132.07,118.62,104.21,92.44,104.17,131.24,71.0,140.41,182.57,148.05
2024-02-28,117.96,137.79,137.13,122.32,111.56,94.09,93.88,110.23,138.17,185.08,119.76,140.6,138.36,97.2,150.25,116.63,144.12,139.95,115.5,105.94,101.11,75.66,110.11,129.62,129.75,82.76,129.75,118.65,113.25,110.93,80.74,73.82,87.23,118.76,147.65,134.9,163.41,156.7,180.23,132.15,118.67,104.01,92.21,104.25,131.1,70.91,138.65,182.77,148.21
2024-02-29,118.05,137.72,137.45,122.57,111.8,93.91,94.3,110.54,138.96,185.18,119.84,140.82,138.56,97.3,150.53,116.73,144.48,139.81,115.5,106.44,101.24,75.64,110.03,129.76,130.02,82.73,129.82,119.19,113.36,110.91,80.77,73.64,87.14,118.91,147.74,135.02,163.48,155.15,180.29,132.35,118.69,103.87,92.3,104.44,131.16,70.84,138.52,183.14,148.58
2024-03-01,118.02,137.21,137.8,122.8,111.96,93.71,94.77,109.89,139.66,185.34,119.79,140.89,138.76,97.24,150.8,116.82,144.82,139.8,115.19,106.57,101.29,75.66,109.94,129.81,129.93,82.8,129.74,119.82,113.28,110.63,80.84,73.51,87.05,118.96,147.81,135.11,163.46,153.46,180.62,132.46,118.7,103.44,92.25,104.57,131.29,70.86,138.37,183.68,148.83
2024-03-02,117.96,136.49,137.77,122.8,111.78,93.44,94.93,109.11,140.11,185.12,119.61,140.76,138.77,97.14,150.86,116.91,145.03,139.5,115.1,106.47,101.28,75.61,109.72,129.68,129.41,82.96,129.58,120.01,113.22,110.69,80.78,73.37,86.53,118.68,147.6,134.98,163.51,151.86,180.29,132.4,118.64,103.02,92.13,104.53,131.3,70.73,138.28,184.01,148.76
2024-03-03,117.96,136.0,137.36,122.81,111.69,93.19,95.04,108.31,140.53,185.09,119.56,140.71,138.81,97.01,150.94,117.0,145.21,139.23,115.02,106.42,101.35,75.53,109.58,129.62,129.29,83.15,129.5,120.19,113.26,110.65,80.77,73.29,86.48,118.61,147.57,135.01,163.6,150.36,180.31,132.44,118.54,102.92,92.12,104.52,131.4,70.66,138.2,184.47,148.64
2024-03-04,117.98,135.78,137.29,122.88,111.61,92.85,95.25,107.51,140.99,185.26,119.54,140.72,138.87,96.94,150.96,116.51,145.41,139.15,114.88,106.34,101.45,75.54,109.45,129.56,129.13,83.35,129.38,120.66,113.24,110.72,80.79,73.27,86.2,118.6,147.55,135.1,163.73,148.88,180.36,132.4,118.45,102.57,92.06,104.58,131.56,70.65,138.21,184.85,148.43
2024-03-05,118.08,135.58,137.18,122.99,111.49,92.78,95.2,106.7,141.52,185.4,119.67,140.8,138.96,96.93,151.12,116.43,145.6,139.07,114.74,106.55,101.6,75.54,109.43,129.59,128.98,83.56,129.37,121.25,113.23,110.88,80.83,73.3,85.96,118.62,147.55,135.18,164.01,147.65,180.42,132.4,118.44,102.56,91.95,104.53,131.76,70.63,138.0,185.24,148.09
2024-03-06,118.21,135.41,137.09,123.0,111.37,92.56,95.06,105.94,141.77,185.5,119.79,140.8,138.99,96.94,151.17,116.45,145.76,138.93,114.68,106.66,101.59,75.57,109.36,129.61,128.93,83.76,129.26,121.52,113.18,111.21,80.77,73.41,85.74,118.66,147.52,135.19,164.18,146.55,180.43,132.45,118.37,102.79,92.07,104.48,132.02,70.7,138.0,185.61,147.52
2024-03-07,118.26,135.17,136.93,122.89,111.16,92.4,94.79,105.85,141.73,185.44,119.81,140.66,138.93,96.88,151.01,116.48,145.81,138.99,114.76,106.73,101.51,75.59,109.27,129.48,128.79,83.94,129.1,121.25,113.05,111.55,80.7,73.52,85.53,118.58,147.38,135.11,164.45,146.49,180.28,132.36,118.28,103.15,92.06,104.37,132.12,70.7,137.97,185.81,146.87
2024-03-08,118.4,135.54,136.84,122.83,110.98,92.21,94.5,106.8,141.96,185.26,120.07,140.59,138.93,97.01,150.94,116.35,145.97,138.93,115.17,107.16,101.48,75.61,109.12,129.48,128.73,83.99,129.07,121.05,112.94,112.15,80.63,73.66,85.42,118.52,147.29,135.07,164.66,145.05,180.09,132.34,118.14,103.56,92.08,104.29,132.26,70.69,137.88,185.88,145.98
2024-03-09,118.56,136.33,136.98,122.87,110.99,92.26,94.38,107.88,142.24,185.59,120.33,140.66,139.0,97.13,151.05,116.19,146.2,139.17,115.27,107.64,101.5,75.74,109.1,129.56,129.05,83.94,129.09,121.15,112.94,112.49,80.72,73.83,85.67,118.71,147.5,135.21,164.72,145.12,180.55,132.51,118.1,104.11,92.28,104.35,132.41,70.8,137.81,186.07,145.17
2024-03-10,118.67,137.08,137.41,122.76,110.91,92.39,94.45,108.83,142.32,185.63,120.4,140.65,138.93,97.17,151.0,115.82,146.34,139.3,115.36,107.9,101.47,75.91,108.99,129.62,129.12,83.82,129.02,121.09,112.73,112.93,80.72,73.85,85.51,118.69,147.51,135.13,164.76,145.17,180.62,132.47,118.08,104.46,92.41,104.25,132.44,70.81,137.76,186.14,144.5
2024-03-11,118.78,137.61,137.56,122.57,110.75,92.6,94.31,109.81,142.39,185.3,120.37,140.63,138.8,97.26,150.94,115.96,146.43,139.18,115.46,107.95,101.37,75.97,108.89,129.63,129.16,83.65,128.82,120.83,112.63,113.25,80.74,73.83,85.41,118.56,147.5,134.97,164.77,145.1,180.6,132.44,117.96,105.15,92.63,104.03,132.37,70.81,137.6,186.36,143.93
2024-03-12,118.82,137.79,137.83,122.31,110.55,92.73,94.46,110.8,142.41,184.99,120.2,140.49,138.72,97.21,150.81,115.59,146.55,138.96,115.53,107.91,101.18,76.0,108.62,129.58,129.18,83.4,128.62,120.65,112.42,113.59,80.72,73.67,85.25,118.46,147.54,134.92,164.71,145.12,180.62,132.37,117.8,105.59,92.91,103.93,132.32,70.78,137.57,186.54,143.64
2024-03-13,118.86,137.79,138.17,122.2,110.43,92.83,94.78,111.73,142.47,184.69,120.13,140.48,138.8,97.23,150.66,115.02,146.66,138.83,115.6,107.96,101.13,75.96,108.29,129.56,129.29,83.1,128.53,120.44,112.25,113.8,80.74,73.5,85.16,118.5,147.73,135.01,164.77,145.11,180.79,132.26,117.7,105.78,92.98,103.84,132.29,70.69,137.57,186.78,143.46
2024-03-14,118.86,138.08,138.45,122.07,110.22,92.99,94.86,111.77,142.53,184.34,120.02,140.42,138.85,97.19,150.54,114.45,146.64,138.68,115.65,107.57,101.09,75.94,108.03,129.49,129.35,82.8,128.47,120.19,112.07,113.9,80.81,73.28,85.1,118.48,147.76,134.99,164.71,145.05,180.82,132.21,117.6,106.07,93.1,103.74,132.31,70.69,139.35,186.88,143.13
2024-03-15,118.94,138.32,138.59,121.94,110.05,93.2,94.97,111.76,141.79,184.08,119.84,140.33,138.94,97.14,150.32,114.06,146.56,138.63,115.69,107.13,101.14,75.86,107.9,129.41,129.6,82.64,128.4,119.83,112.01,114.02,80.87,73.1,84.91,118.55,147.84,134.98,164.73,146.41,180.97,132.21,117.6,106.48,93.28,103.67,132.26,70.71,141.25,187.07,143.89
2024-03-16,118.89,137.86,136.26,121.76,109.81,93.14,94.99,111.77,140.99,183.59,119.64,140.11,138.94,97.05,150.04,113.74,146.44,138.3,115.78,106.8,101.13,75.72,107.61,129.21,129.46,82.43,128.5,119.38,111.73,114.06,80.84,72.87,84.43,118.48,147.67,134.8,164.76,144.97,180.87,131.95,117.5,106.75,93.35,103.5,132.2,70.67,143.15,187.24,144.62
2024-03-17,118.87,137.2,134.0,121.77,109.68,93.12,95.0,111.83,140.59,183.23,119.58,140.04,139.11,97.08,149.94,113.6,146.49,138.14,115.92,106.64,101.18,75.63,107.43,129.06,129.53,82.33,128.78,119.16,111.68,114.21,80.97,72.77,84.24,118.58,147.63,134.69,164.87,144.68,180.94,131.83,117.51,106.9,93.58,103.55,132.28,70.72,145.15,187.4,145.36
2024-03-18,118.77,136.54,131.56,121.74,109.67,93.2,95.04,111.88,140.28,183.25,119.53,139.99,139.32,97.12,149.86,113.5,146.68,138.13,115.97,106.72,101.21,75.59,107.31,128.95,129.65,82.29,129.22,119.2,111.59,114.3,81.09,72.66,84.07,118.71,147.55,134.58,164.92,143.12,181.02,131.72,117.63,107.03,93.85,103.68,132.38,70.76,147.11,187.49,146.25
2024-03-19,118.73,136.08,128.93,121.79,109.7,93.38,95.04,111.93,139.93,182.96,119.49,139.97,139.42,97.28,149.91,114.11,146.79,138.07,116.06,106.87,101.24,75.55,107.24,128.91,129.85,82.33,129.48,119.31,111.56,114.43,81.15,72.68,83.94,118.79,147.48,134.4,164.77,142.92,181.25,131.58,117.81,107.17,94.14,103.76,132.37,70.87,148.96,187.66,147.07
2024-03-20,118.69,135.59,126.23,121.8,109.8,93.57,95.0,112.03,139.42,182.69,119.26,139.84,139.41,97.27,150.34,114.72,147.07,137.94,116.18,106.88,101.24,75.55,107.22,128.83,129.93,82.36,129.66,119.39,111.46,114.53,81.22,72.63,83.83,118.75,147.26,134.18,164.61,141.56,181.38,131.41,117.95,107.33,94.38,103.84,132.21,70.92,150.78,187.83,147.92
2024-03-21,118.66,135.24,123.55,121.78,109.91,93.69,94.99,112.06,138.83,182.52,119.13,139.78,139.33,97.31,150.77,115.24,147.54,137.78,116.22,107.29,101.21,75.36,107.14,128.85,130.12,82.45,129.86,119.61,111.43,114.58,81.21,72.55,83.78,118.74,147.13,134.0,164.42,141.45,181.37,131.17,118.1,107.49,94.56,103.83,132.02,70.95,150.94,187.94,148.85
2024-03-22,118.59,134.68,121.0,121.71,110.12,93.48,95.09,112.09,138.73,182.38,119.0,139.82,139.11,97.43,151.3,115.05,147.86,137.73,116.28,107.68,101.11,75.32,107.08,128.84,130.22,82.42,130.17,119.83,111.25,114.58,81.25,72.49,83.77,118.63,146.92,133.82,164.2,140.45,181.53,130.95,118.24,107.56,94.75,103.8,131.89,70.95,151.04,187.97,149.1
2024-03-23,118.59,134.5,120.98,121.73,110.39,93.41,95.48,111.96,138.62,182.4,118.8,139.94,139.1,97.58,151.81,114.91,148.4,137.85,116.35,107.98,101.08,75.33,107.16,129.0,130.64,82.45,130.39,120.17,111.39,114.64,81.33,72.41,84.15,118.69,146.96,133.81,164.01,141.83,182.06,130.95,118.35,107.77,94.95,103.87,131.9,71.01,151.2,188.1,149.39
2024-03-24,118.57,134.73,120.88,121.55,110.47,93.16,95.72,111.94,138.3,182.05,118.6,139.85,138.7,97.65,152.27,114.66,148.52,137.81,116.4,108.22,100.89,75.2,107.07,128.97,130.73,82.37,130.19,120.2,111.38,114.59,81.24,72.26,84.25,118.57,146.88,133.75,163.73,142.01,182.3,130.83,118.34,107.97,95.04,103.74,131.36,70.99,151.25,188.15,149.63
2024-03-25,118.6,134.87,120.84,121.56,110.51,92.78,96.0,111.96,137.88,181.97,118.49,139.85,138.58,97.6,152.65,114.39,148.85,137.75,116.6,108.46,100.82,75.13,106.95,129.05,130.75,82.33,130.2,120.35,111.41,114.55,81.19,72.13,84.41,118.49,146.86,133.68,163.45,143.48,182.59,130.81,118.22,108.07,95.06,103.66,131.27,71.01,151.52,188.12,149.76
2024-03-26,118.63,134.7,120.86,121.55,110.48,92.58,96.24,111.81,137.55,182.03,118.37,139.83,138.5,97.49,153.12,113.44,149.17,137.56,116.75,108.39,100.78,75.11,106.8,129.05,130.8,82.29,130.33,120.24,111.46,114.51,81.22,71.95,84.5,118.41,146.81,133.61,163.34,143.57,182.69,130.79,118.06,108.14,95.02,103.49,131.23,70.92,151.87,188.09,149.89
2024-03-27,118.66,134.52,120.83,121.63,110.43,92.34,96.5,111.64,137.5,182.46,118.42,139.8,138.45,97.43,153.03,112.72,149.26,137.78,116.78,108.52,100.79,75.06,106.65,129.1,130.82,82.25,130.58,120.05,111.53,114.44,81.2,71.73,84.49,118.33,146.81,133.47,163.16,143.79,182.73,130.74,117.94,108.16,95.04,103.27,131.33,70.84,152.17,187.92,149.97
2024-03-28,118.68,134.27,120.69,121.73,110.55,92.26,96.83,111.51,137.44,182.78,118.42,139.69,138.43,97.38,152.79,111.95,149.26,137.94,116.87,108.43,100.76,75.16,106.58,129.11,130.91,82.22,130.7,119.69,111.6,114.53,81.15,71.65,84.48,118.24,146.75,133.33,163.02,142.37,182.88,130.73,117.82,108.13,95.07,103.12,131.38,70.77,152.4,187.92,150.0
2024-03-29,118.74,134.0,120.56,121.97,110.56,92.42,96.86,111.42,137.61,183.01,118.49,139.59,138.53,97.3,152.6,112.27,149.49,137.97,116.97,108.38,100.75,75.27,106.42,129.15,130.99,82.22,130.67,119.34,111.74,114.65,81.09,71.6,84.53,118.29,146.86,133.29,162.76,142.24,183.02,130.7,117.66,108.21,95.03,102.98,131.47,70.78,152.67,187.89,150.02
2024-03-30,118.86,133.37,120.44,122.2,110.56,92.59,96.71,111.3,137.7,183.17,118.58,139.41,138.48,97.35,152.28,112.17,149.5,137.93,117.0,108.38,100.69,75.23,106.24,129.14,131.09,82.21,130.54,118.83,111.76,114.78,81.03,71.65,84.51,118.2,146.84,133.15,162.52,141.18,182.97,130.6,117.54,108.12,95.15,102.89,131.31,70.79,152.9,187.78,149.96
2024-03-31,118.97,132.36,120.33,122.58,110.65,92.76,96.83,111.26,137.85,183.72,118.69,139.38,138.71,97.36,152.11,112.43,149.72,137.92,117.08,108.4,100.65,75.3,106.1,129.23,130.95,82.29,130.64,118.5,111.8,114.87,81.01,71.71,84.49,118.15,146.98,133.11,162.36,139.82,183.06,130.52,117.42,108.02,95.23,102.84,131.61,70.81,153.13,187.74,149.93
2024-04-01,119.02,130.68,120.13,122.81,110.63,92.96,96.84,111.12,137.97,183.84,118.83,139.18,138.58,97.33,151.96,113.28,149.52,137.94,117.07,108.43,100.51,75.15,105.94,129.21,130.8,82.31,130.5,118.32,111.86,114.83,80.96,71.65,84.38,118.07,147.03,133.05,162.2,138.55,183.19,130.33,117.23,107.94,95.26,102.74,131.45,70.73,153.16,187.72,149.81
2024-04-02,119.04,128.99,119.62,123.0,110.7,92.88,96.6,111.09,137.98,184.17,118.95,139.05,138.5,97.36,151.53,113.89,149.3,138.39,117.01,108.52,100.45,75.18,105.9,129.2,130.82,82.31,130.34,118.51,111.9,114.84,80.96,71.57,84.14,117.93,147.06,132.98,162.07,137.47,183.28,130.22,117.16,107.84,95.32,102.73,131.31,70.71,153.2,187.64,149.77
2024-04-03,119.04,127.58,119.59,123.16,110.69,92.81,96.39,111.17,137.99,184.18,119.07,138.99,138.49,97.38,151.41,114.17,149.08,138.38,116.96,108.58,100.37,75.32,105.7,129.19,130.72,82.3,130.17,118.79,111.92,114.87,80.98,71.64,83.99,117.83,147.16,132.97,161.95,137.0,183.52,130.12,117.1,107.78,95.44,102.68,131.19,70.76,153.12,187.61,149.78
2024-04-04,119.1,126.18,119.63,123.27,110.6,92.58,96.11,111.36,137.99,184.36,119.06,139.01,138.46,97.34,151.28,114.7,148.85,138.5,116.8,108.68,100.29,75.48,105.47,129.12,130.42,82.29,130.09,119.06,111.96,114.68,81.09,71.71,83.84,117.67,147.28,132.94,161.89,137.31,183.69,130.01,117.05,107.65,95.56,102.7,131.05,70.77,152.89,187.56,149.82
2024-04-05,119.17,124.84,119.64,123.23,110.43,92.37,96.15,111.38,137.81,184.74,119.0,138.88,138.38,97.22,151.2,114.76,148.38,138.57,116.53,108.44,100.19,75.49,105.31,128.99,130.11,82.2,130.08,119.35,112.16,114.56,81.11,71.79,83.62,117.43,147.29,132.84,161.79,137.45,183.67,129.89,117.0,108.06,95.73,102.73,130.92,70.66,152.58,187.63,149.85
2024-04-06,119.16,124.15,119.63,123.19,110.3,92.16,96.15,111.61,137.65,185.14,118.96,138.79,138.34,96.94,151.2,114.95,148.02,138.74,116.26,108.13,100.16,75.69,105.25,128.87,129.81,82.12,129.99,119.66,112.37,114.41,81.2,71.8,83.37,117.26,147.21,132.78,161.68,137.51,183.73,129.8,116.99,108.5,95.75,102.73,130.85,70.54,152.27,187.24,149.91
2024-04-07,119.16,123.45,119.66,123.11,110.18,91.98,95.93,111.7,137.55,185.54,118.92,138.68,138.28,96.7,151.09,114.74,147.75,138.89,116.03,107.75,100.16,75.82,105.11,128.76,129.73,82.01,129.97,119.72,112.62,114.32,81.28,71.8,83.17,117.13,147.04,132.68,161.51,137.98,183.89,129.71,117.02,108.94,95.78,102.75,130.77,70.42,152.04,186.92,149.97
2024-04-08,119.17,123.84,119.75,123.06,110.2,91.82,95.81,111.84,137.46,186.05,118.79,138.64,138.28,96.53,151.0,113.74,147.42,139.02,115.82,107.33,100.16,76.13,105.0,128.65,129.73,81.89,129.99,119.34,112.79,114.38,81.32,71.93,83.03,116.98,146.93,132.64,161.39,138.11,184.09,129.6,117.2,109.4,95.82,102.76,130.68,70.41,151.8,186.64,150.06
2024-04-09,119.22,125.22,120.16,123.0,110.12,91.68,96.02,111.96,137.44,186.29,118.63,138.61,138.27,96.39,151.02,113.12,147.3,138.9,115.62,107.04,100.13,76.24,104.83,128.57,129.58,81.8,130.04,118.63,113.13,114.3,81.29,72.06,83.06,116.9,146.78,132.58,161.11,138.29,184.28,129.42,117.27,109.97,95.8,102.71,130.62,70.37,151.6,186.36,150.11
2024-04-10,119.31,126.43,120.27,122.89,110.09,91.53,96.25,112.0,137.33,186.56,118.4,138.5,138.23,96.3,151.0,112.71,147.31,138.94,115.52,106.69,100.15,76.34,104.96,128.5,129.74,81.85,130.08,118.11,113.53,114.31,81.32,72.16,83.02,116.83,146.48,132.42,160.89,138.97,184.51,129.34,117.34,110.56,95.73,102.78,130.63,70.4,151.51,186.45,150.0
2024-04-11,119.33,127.39,120.38,122.83,110.04,91.37,96.51,111.94,137.14,186.54,118.3,138.38,138.22,96.25,151.09,112.0,147.1,138.88,115.46,106.35,100.19,76.4,105.03,128.44,129.88,81.88,130.1,117.67,113.77,114.44,81.32,72.23,83.01,116.82,146.24,132.36,160.71,139.33,184.71,129.28,117.34,111.22,95.64,102.71,130.67,70.51,151.55,186.66,149.32
2024-04-12,119.25,128.24,120.48,122.8,109.98,91.25,96.69,111.97,137.04,186.45,118.15,138.38,138.17,96.21,150.99,111.39,147.03,138.8,115.36,106.36,100.18,76.52,104.99,128.41,130.05,82.01,130.1,117.12,113.75,114.48,81.36,72.23,82.81,116.72,145.93,132.24,160.56,139.56,184.74,129.21,117.35,110.94,95.46,102.59,130.6,70.65,151.66,186.66,148.58
2024-04-13,119.14,128.49,120.24,122.68,109.91,91.11,96.94,111.9,137.02,186.15,118.09,138.36,137.99,96.24,151.16,110.89,146.82,138.52,115.21,106.28,100.05,76.53,104.92,128.38,130.27,82.08,130.1,116.58,113.62,114.43,81.31,72.19,82.69,116.56,145.67,132.06,160.26,139.84,184.67,129.05,117.3,110.65,95.25,102.41,130.54,70.73,151.74,187.09,147.86
2024-04-14,119.06,129.02,120.01,122.64,109.84,90.96,97.21,111.9,136.98,185.89,118.05,138.37,137.87,96.29,151.33,110.55,146.69,138.35,115.04,106.25,99.99,76.53,105.01,128.4,130.42,82.15,130.1,116.52,113.48,114.35,81.27,72.2,82.59,116.48,145.48,131.93,160.03,140.0,184.66,129.03,117.22,110.47,95.07,102.24,130.48,70.83,151.86,187.46,147.17
2024-04-15,119.0,129.76,119.71,122.63,109.78,90.76,97.35,111.91,136.98,185.67,117.95,138.39,137.77,96.37,151.51,110.41,146.69,138.19,114.81,106.16,99.92,76.51,105.1,128.45,130.49,82.27,130.06,116.76,113.3,114.21,81.2,72.21,82.55,116.36,145.34,131.82,159.78,140.47,184.54,129.02,117.1,110.34,94.97,102.07,130.61,70.91,151.87,187.8,146.41
2024-04-16,118.85,129.71,119.35,122.2,109.74,90.64,97.54,111.94,137.06,185.43,117.86,138.31,137.64,96.33,151.5,110.01,146.64,138.01,114.57,105.93,99.81,76.45,105.1,128.39,130.47,82.32,130.0,116.9,113.0,113.97,81.22,72.22,82.33,116.24,145.14,131.69,159.74,140.7,184.4,129.06,117.11,109.87,94.87,101.9,130.67,70.98,151.88,188.13,145.72
2024-04-17,118.68,129.72,118.9,121.8,109.65,90.5,97.73,111.97,137.18,185.12,117.83,138.25,137.48,96.3,151.44,109.5,146.53,137.69,114.29,105.71,99.67,76.35,104.94,128.33,130.41,82.2,129.89,116.71,112.7,113.64,81.23,72.2,82.23,116.09,145.02,131.61,159.64,140.97,184.14,129.05,117.09,109.44,94.75,101.68,130.57,70.96,151.94,188.08,145.07
2024-04-18,118.48,130.05,118.36,121.29,109.46,90.4,97.72,111.95,137.4,184.74,117.77,138.14,137.33,96.26,151.38,109.28,146.7,137.26,113.84,105.21,99.56,76.18,104.82,128.18,130.3,82.07,129.78,116.47,112.36,113.39,81.25,72.19,82.14,115.92,144.8,131.42,159.49,140.82,184.23,128.92,117.09,108.93,94.61,101.53,130.51,70.87,151.97,187.73,145.0
2024-04-19,118.37,130.96,117.91,120.82,109.33,90.29,97.59,111.9,137.73,184.31,117.86,138.0,137.23,96.2,151.36,109.06,146.79,137.05,113.64,104.55,99.47,75.98,104.86,128.04,130.25,81.95,129.66,116.17,112.09,113.22,81.27,72.18,82.2,115.87,144.72,131.25,159.45,140.6,184.58,128.82,117.09,108.75,94.58,101.43,130.63,70.78,152.07,187.6,144.84
2024-04-20,118.15,131.95,117.64,120.25,108.94,89.97,97.09,111.9,137.99,183.8,117.92,137.74,137.09,96.07,151.13,108.82,146.72,136.63,113.53,103.96,99.23,75.7,104.51,127.77,129.64,81.71,129.39,115.87,111.73,112.98,81.22,72.13,82.02,115.58,144.36,130.94,159.52,140.23,184.49,128.47,116.98,108.54,94.43,101.01,130.59,70.54,152.11,187.3,144.68
2024-04-21,117.98,133.04,117.59,119.79,108.65,89.89,96.8,111.77,138.27,183.41,117.84,137.52,137.05,95.98,150.82,108.57,146.92,136.39,113.41,103.42,99.14,75.63,104.37,127.61,129.59,81.63,129.34,115.42,111.48,112.76,81.29,72.21,82.05,115.34,144.24,130.77,159.57,139.89,184.68,128.31,117.05,108.17,94.34,101.04,130.69,70.43,152.27,187.15,144.5
2024-04-22,117.82,133.83,117.55,119.27,108.3,89.87,96.66,111.66,138.55,182.9,117.84,137.2,136.98,95.99,150.61,108.31,147.2,136.08,113.39,103.03,99.06,75.49,104.22,127.37,129.65,81.46,129.31,114.57,111.26,112.61,81.39,72.23,81.95,115.12,144.09,130.54,159.62,139.6,184.87,128.11,117.13,107.8,94.27,101.05,130.57,70.28,152.57,186.95,144.43
2024-04-23,117.73,134.68,117.63,119.19,107.98,89.82,96.48,111.54,138.7,182.37,117.87,136.92,136.89,95.99,150.67,108.26,147.36,135.69,113.36,102.64,99.02,75.4,104.1,127.22,129.9,81.42,129.28,114.14,110.91,112.74,81.43,72.29,81.98,114.93,144.11,130.38,159.73,139.19,185.2,127.97,117.08,107.64,94.22,101.07,130.4,70.2,152.82,186.69,144.3
2024-04-24,117.6,135.58,117.59,119.05,107.7,89.86,96.16,111.45,138.73,181.87,117.74,136.61,136.82,95.92,150.63,108.23,147.55,135.42,113.24,102.13,98.89,75.18,103.97,127.0,130.17,81.36,129.15,113.62,110.63,112.8,81.37,72.27,81.88,114.75,144.17,130.2,159.87,138.72,185.57,127.79,116.96,107.47,94.11,101.02,130.22,70.0,152.93,186.44,144.22
2024-04-25,117.54,136.26,117.76,119.16,107.47,89.9,96.01,111.41,138.75,181.64,117.57,136.36,136.72,95.88,150.46,108.02,147.6,135.36,113.43,101.96,98.76,75.05,103.91,126.87,130.62,81.38,129.12,113.18,110.58,112.74,81.26,72.2,81.71,114.67,144.34,130.02,159.88,138.83,185.56,127.67,116.9,107.42,94.03,101.07,130.12,69.85,152.91,186.28,144.42
2024-04-26,117.42,136.1,117.85,119.24,107.26,89.85,95.88,111.41,138.68,181.28,117.39,136.0,136.62,95.89,150.43,107.85,147.71,135.03,113.49,102.04,98.62,74.93,103.79,126.8,131.37,81.27,129.09,112.9,110.42,112.5,81.13,72.07,81.54,114.45,144.39,129.89,159.85,138.86,185.45,127.51,116.81,107.3,93.93,100.94,129.91,69.64,152.84,186.05,144.26
2024-04-27,117.46,135.82,118.07,119.43,107.32,89.91,96.1,111.41,138.74,181.13,117.16,135.86,136.66,95.99,150.46,107.74,148.16,134.97,113.48,102.17,98.71,74.97,103.91,126.87,132.58,81.28,129.32,112.9,110.4,112.41,81.12,72.03,81.51,114.56,144.67,129.98,159.87,139.06,185.86,127.66,116.83,107.32,93.99,101.18,129.82,69.68,152.87,185.95,144.45
2024-04-28,117.42,135.17,118.06,119.49,107.25,89.78,96.09,111.49,138.73,180.85,117.1,135.62,136.49,96.04,150.54,107.69,148.2,134.68,113.51,102.14,98.65,74.81,103.75,126.84,133.45,81.13,129.35,112.93,110.32,112.36,81.03,71.82,81.29,114.49,144.75,129.9,159.83,139.22,185.78,127.54,116.67,107.45,93.93,101.11,129.7,69.57,152.75,185.73,144.59
2024-04-29,117.41,134.45,118.12,119.62,107.23,89.73,96.19,111.57,138.82,180.59,117.04,135.51,136.36,96.03,150.66,107.77,148.32,134.51,113.46,102.11,98.59,74.74,103.66,126.88,134.14,81.03,129.46,113.42,110.33,112.36,80.95,71.67,81.14,114.48,144.8,129.85,159.84,139.37,185.69,127.52,116.56,107.53,93.78,101.11,129.6,69.45,152.67,185.65,144.72
2024-04-30,117.33,133.5,118.15,119.7,107.27,89.82,96.32,111.62,138.9,180.48,116.95,135.44,136.26,96.03,150.75,107.83,148.41,134.61,113.3,102.06,98.53,74.67,103.67,126.9,134.69,80.87,129.55,113.76,110.4,111.84,80.86,71.48,81.0,114.47,144.74,129.79,159.72,139.46,185.51,127.46,116.46,107.56,93.67,101.02,129.51,69.31,152.57,185.7,144.88
2024-05-01,117.27,131.62,118.41,119.76,107.24,89.89,96.45,111.75,139.07,180.36,116.83,135.19,136.14,96.07,150.92,108.44,148.54,134.65,113.27,102.1,98.52,74.66,103.74,126.92,135.03,80.76,129.66,114.27,110.19,111.39,80.78,71.33,80.92,114.43,144.74,129.87,159.59,139.54,185.46,127.32,116.38,107.18,93.71,100.96,129.67,69.24,152.55,185.67,141.55
2024-05-02,117.18,129.59,118.61,119.72,107.25,90.06,96.43,111.55,139.11,180.21,116.85,134.99,136.05,96.07,151.12,109.04,148.67,134.56,112.95,102.08,98.35,74.57,103.82,126.93,135.2,80.61,129.58,114.72,109.98,111.0,80.76,71.17,81.0,114.2,144.61,129.85,159.51,139.44,185.31,127.23,116.28,107.12,93.66,100.8,129.6,69.13,152.62,185.8,141.39
2024-05-03,117.16,127.94,118.84,119.71,107.28,90.3,96.6,111.51,139.23,180.15,116.92,134.89,136.01,96.05,151.1,109.58,148.78,134.58,112.76,101.9,98.21,74.47,103.87,126.96,134.92,80.55,129.5,115.27,109.93,110.85,80.74,71.13,81.14,114.13,144.65,129.94,159.52,139.4,185.27,127.23,116.29,107.24,93.65,100.87,129.57,69.08,152.81,185.94,141.61
2024-05-04,117.08,126.52,119.15,119.73,107.27,90.63,96.46,111.5,139.19,180.06,116.97,134.72,135.92,96.02,151.05,110.11,148.58,134.57,112.43,101.81,98.03,74.4,103.89,126.97,134.43,80.51,129.44,115.68,109.91,110.7,80.61,71.07,81.38,113.9,144.75,129.97,159.47,139.3,185.14,127.26,116.3,107.27,93.61,100.87,129.58,68.95,152.91,185.96,141.61
2024-05-05,117.01,125.5,119.3,119.75,107.24,91.01,96.45,111.48,139.16,179.95,116.81,134.53,135.92,95.83,151.2,110.56,148.58,134.59,112.16,101.74,97.86,74.36,104.0,126.92,133.86,80.47,129.37,116.13,110.0,110.6,80.63,71.04,81.46,113.8,144.74,130.11,159.53,139.27,185.22,127.23,116.33,107.32,93.69,100.66,129.62,68.9,153.08,186.1,141.67
2024-05-06,116.88,124.3,119.44,119.72,107.24,91.27,96.26,111.47,138.99,179.87,116.74,134.37,135.91,95.7,150.98,110.86,148.4,134.54,111.94,101.6,97.69,74.32,104.16,126.88,133.44,80.43,129.26,116.32,109.93,110.19,80.65,71.03,81.59,113.63,144.68,130.17,159.59,139.16,185.21,127.18,116.38,107.21,93.73,100.52,129.55,68.88,153.21,186.1,141.7
2024-05-07,116.88,122.86,119.6,119.7,107.16,91.32,95.99,111.38,138.91,179.92,116.76,134.19,135.89,95.59,150.75,111.04,148.29,134.18,111.87,101.66,97.5,74.28,104.21,126.86,133.09,80.36,129.16,116.41,109.87,110.18,80.71,71.04,81.66,113.54,144.58,130.27,159.67,139.24,185.28,127.06,116.42,107.22,93.66,100.47,129.58,68.87,153.34,186.04,141.77
2024-05-08,116.83,122.57,119.59,119.73,107.11,91.43,95.73,111.26,138.76,179.86,116.91,134.17,135.9,95.48,150.43,110.64,148.07,133.98,111.79,101.63,97.29,74.25,104.25,126.89,132.95,80.37,129.09,116.33,110.0,110.17,80.91,71.1,81.73,113.42,144.29,130.25,159.8,139.25,185.07,127.02,116.4,107.54,93.66,100.5,129.47,68.85,153.43,186.02,145.27
2024-05-09,116.77,123.26,119.59,119.69,107.08,91.68,95.77,111.32,138.73,179.81,116.99,134.06,135.87,95.4,150.13,110.28,147.89,133.83,111.92,101.58,97.2,74.34,104.26,126.93,132.89,80.38,129.12,116.24,109.98,110.12,81.07,71.16,81.7,113.44,144.05,130.32,159.93,139.16,185.03,126.9,116.44,107.44,93.77,100.38,129.38,68.91,153.49,185.93,145.27
2024-05-10,116.68,123.64,119.64,119.63,106.97,91.63,95.71,111.37,138.56,179.73,117.02,133.94,135.77,95.32,149.92,109.94,147.7,133.64,111.96,101.69,97.18,74.44,104.2,126.88,132.88,80.47,129.27,116.12,109.67,110.02,81.32,71.24,81.7,113.39,143.77,130.34,159.93,139.07,184.93,126.69,116.41,107.28,93.84,100.38,129.24,69.02,153.44,185.84,144.21
2024-05-11,116.62,124.13,119.55,119.53,106.85,91.62,96.03,111.38,138.44,179.69,117.01,133.78,135.62,95.16,149.72,109.67,147.64,133.54,112.16,101.65,97.15,74.45,104.13,126.83,133.32,80.51,129.32,115.96,109.33,109.81,81.63,71.42,81.69,113.46,143.42,130.36,160.04,139.01,184.86,126.43,116.31,107.19,93.87,100.29,129.1,69.13,153.42,185.83,143.1
2024-05-12,116.54,124.49,119.66,119.45,106.79,91.57,96.19,111.37,138.39,179.63,117.3,133.68,135.46,95.26,149.52,109.48,147.3,133.42,112.34,101.85,97.08,74.46,104.01,126.78,133.66,80.54,129.45,115.8,108.84,109.46,81.69,71.61,81.8,113.56,143.29,130.28,160.03,138.96,184.63,126.23,116.29,106.93,93.93,100.55,128.89,69.09,153.38,185.79,141.96
2024-05-13,116.48,124.9,119.7,119.35,106.68,91.56,96.33,111.29,138.36,179.56,117.31,133.49,135.34,95.14,149.31,109.34,147.15,133.24,112.41,101.9,96.99,74.42,103.8,126.66,133.96,80.55,129.57,115.7,108.39,109.41,81.87,71.79,81.9,113.66,142.98,130.26,160.04,138.88,184.63,126.01,116.2,106.96,93.98,100.62,128.67,69.09,153.28,185.74,140.79
2024-05-14,116.41,125.97,119.75,119.29,106.63,91.56,96.52,111.28,138.18,179.4,117.33,133.26,135.2,95.11,149.04,109.33,146.99,133.39,112.5,101.86,96.99,74.4,103.62,126.55,134.37,80.63,129.75,115.53,107.96,109.37,82.07,71.95,82.01,113.6,142.78,130.21,159.97,138.75,184.55,125.92,116.14,106.99,94.12,100.62,128.39,69.11,153.15,185.68,139.5
2024-05-15,116.36,126.96,119.88,119.23,106.59,91.39,96.79,111.19,138.13,179.39,117.37,133.02,135.07,95.02,148.8,109.53,146.73,133.41,112.44,101.84,97.0,74.48,103.41,126.47,134.61,80.72,129.89,115.82,107.54,109.13,82.02,72.15,82.13,113.57,142.67,130.24,159.75,138.64,184.71,125.87,116.21,106.77,94.11,100.62,128.17,69.21,153.14,185.68,138.44
2024-05-16,116.35,126.97,119.97,119.15,106.53,90.97,96.94,111.26,138.16,179.48,117.48,132.84,134.88,94.94,148.7,109.61,146.52,133.59,112.36,101.99,97.04,74.48,103.24,126.38,134.93,80.71,130.04,116.14,107.19,109.04,81.85,72.34,82.21,113.52,142.71,130.27,159.57,138.71,184.86,125.9,116.22,106.63,94.13,100.83,128.06,69.24,153.25,185.69,137.32
2024-05-17,116.31,127.38,119.88,119.08,106.46,90.95,97.13,111.23,138.18,179.43,117.41,132.61,134.71,94.76,148.57,109.66,146.48,133.63,112.1,101.74,96.93,74.45,102.98,126.23,135.1,80.62,130.16,116.45,107.11,108.98,81.65,72.49,82.17,113.46,142.75,130.41,159.51,139.03,185.19,125.92,116.1,106.41,94.17,100.66,127.96,69.15,153.46,185.79,137.31
2024-05-18,115.98,127.21,119.54,118.71,106.12,90.71,96.54,111.14,138.13,179.13,117.32,132.19,134.41,94.42,148.02,109.54,145.92,133.25,111.65,101.43,96.75,74.31,102.19,125.82,134.23,80.22,129.68,116.4,106.66,108.75,81.24,72.37,81.64,112.89,142.24,130.2,159.3,139.16,184.92,125.49,115.85,105.85,93.94,99.75,127.42,69.01,153.37,185.75,137.24
2024-05-19,115.45,126.82,119.02,118.21,105.68,90.29,95.65,111.11,137.8,178.63,116.97,131.6,133.86,93.87,147.6,109.3,145.41,132.61,110.95,100.87,96.4,74.01,101.21,125.22,133.05,79.72,128.9,116.06,105.89,108.1,80.74,72.07,80.9,112.0,141.34,129.76,159.12,139.08,184.33,124.83,115.4,105.25,93.47,98.5,126.73,68.85,153.13,185.46,137.08
2024-05-20,114.91,126.74,118.49,117.7,105.27,89.87,94.81,111.09,137.45,178.08,116.73,131.0,133.28,93.4,147.4,109.05,144.8,131.98,110.41,100.42,96.0,73.63,100.13,124.53,131.9,79.18,128.03,115.68,105.12,107.71,80.19,71.73,80.04,111.13,140.54,129.3,158.88,139.01,183.61,124.15,114.96,104.65,93.04,97.26,126.21,68.63,153.07,185.16,136.92
2024-05-21,114.36,126.6,117.91,117.18,104.83,89.59,94.04,111.14,137.16,177.37,116.41,130.48,132.83,92.88,147.11,108.69,144.17,131.09,109.94,99.99,95.55,73.27,99.15,123.86,130.63,78.63,127.14,115.01,104.43,107.19,79.6,71.29,79.19,110.45,139.83,128.89,158.61,139.03,182.8,123.22,114.47,103.99,92.46,96.06,125.68,68.39,153.05,184.94,136.9
2024-05-22,114.28,126.41,117.81,117.07,104.69,89.75,94.11,111.24,136.89,177.3,116.2,130.25,132.72,92.7,146.9,108.28,144.19,130.97,109.82,99.79,95.64,73.39,99.09,123.68,130.62,78.49,127.02,114.58,104.33,107.43,79.39,71.31,79.07,110.38,139.89,128.9,158.56,139.29,182.42,123.03,114.39,103.9,92.32,95.36,125.55,68.51,153.15,184.98,136.84
2024-05-23,114.17,126.83,117.74,117.0,104.54,89.88,94.11,111.23,136.52,177.07,116.02,130.04,132.68,92.61,146.66,108.01,144.19,130.63,109.72,99.51,95.67,73.54,98.85,123.56,130.59,78.39,126.84,114.15,104.27,107.21,79.27,71.32,78.88,110.37,139.94,128.94,158.5,139.48,182.53,122.85,114.38,103.89,92.13,94.67,125.51,68.59,153.14,185.04,136.9
2024-05-24,114.04,127.17,117.72,116.86,104.46,89.99,93.99,111.08,136.13,176.91,115.9,129.83,132.65,92.53,146.14,107.73,144.01,130.46,109.78,99.27,95.74,73.69,98.77,123.46,130.84,78.32,126.45,113.62,104.16,107.04,79.17,71.34,78.71,110.29,139.8,128.78,158.3,139.36,182.4,122.67,114.41,103.9,91.96,94.19,125.44,68.8,152.99,184.96,136.93
2024-05-25,114.17,127.81,117.95,117.02,104.76,90.24,94.54,111.03,135.86,176.88,115.78,129.84,132.74,92.65,146.43,107.49,144.38,130.64,110.0,99.16,95.91,73.99,99.25,123.64,132.28,78.57,126.67,113.22,104.52,106.79,79.32,71.55,78.96,110.7,140.28,128.96,158.18,139.49,182.77,122.94,114.66,104.09,92.02,94.46,125.73,69.1,153.15,185.0,136.96
2024-05-26,114.53,128.6,118.35,117.3,105.15,90.69,95.44,110.95,135.93,177.01,115.75,130.07,133.08,92.86,146.4,107.32,144.88,131.1,110.38,99.15,96.23,74.45,99.97,124.0,134.03,78.96,127.13,113.09,105.15,107.2,79.64,71.91,79.41,111.32,140.99,129.35,158.03,139.77,183.44,123.47,115.05,104.54,92.22,94.94,126.11,69.52,153.37,185.18,137.1
2024-05-27,114.89,129.24,118.77,117.65,105.53,91.12,96.4,110.9,136.08,177.18,115.79,130.32,133.43,93.15,146.44,107.22,145.38,131.52,110.72,99.22,96.63,74.99,100.72,124.5,135.77,79.39,127.65,112.95,105.91,107.26,79.89,72.31,79.97,112.01,141.82,129.78,157.97,140.13,184.13,124.05,115.43,104.86,92.48,95.45,126.54,69.95,153.53,185.44,137.29
2024-05-28,115.21,128.34,119.25,117.94,105.93,91.44,97.26,110.86,136.21,177.46,115.85,130.52,133.66,93.44,146.47,107.23,145.77,131.91,110.92,99.21,97.01,75.48,101.29,124.97,137.48,79.77,128.11,113.32,106.47,107.33,80.1,72.79,80.58,112.56,142.56,130.16,157.9,140.39,184.94,124.79,115.85,105.02,92.85,96.01,126.87,70.34,153.68,185.59,137.42
2024-05-29,115.0,127.71,119.04,117.68,106.02,91.41,97.16,110.75,136.19,176.87,115.72,130.38,133.45,93.21,146.5,107.03,145.55,131.64,110.84,99.17,96.77,75.35,100.94,124.86,137.91,79.61,127.79,112.99,106.29,106.87,80.02,72.68,80.42,112.43,142.37,129.99,157.5,140.29,185.01,124.7,115.76,104.86,92.77,96.01,126.65,70.28,153.61,185.34,137.17
2024-05-30,114.9,127.22,118.81,117.52,106.13,91.48,97.13,110.76,136.37,176.47,115.55,130.32,133.23,93.09,146.71,106.97,145.45,131.43,110.8,99.01,96.63,75.22,100.67,124.8,138.3,79.53,127.6,112.8,106.51,106.77,80.03,72.69,80.41,112.32,142.28,129.89,157.28,140.26,184.78,124.65,115.63,104.64,92.73,95.93,126.33,70.28,153.77,185.16,137.16
2024-05-31,114.8,126.57,118.72,117.41,106.27,91.51,97.11,110.82,136.59,176.17,115.44,130.36,133.06,93.02,147.16,106.96,145.35,131.26,110.68,99.17,96.56,75.12,100.35,124.73,138.71,79.48,127.58,112.56,106.73,106.5,80.0,72.68,80.45,112.38,142.37,129.82,157.09,140.37,184.84,124.6,115.61,104.47,92.71,95.89,125.93,70.2,153.68,184.98,137.21
2024-06-01,114.8,125.63,118.88,117.38,106.27,91.51,97.12,110.86,136.68,176.01,115.41,130.4,133.0,93.03,147.18,107.36,145.27,131.21,110.59,99.38,96.54,75.07,100.17,124.71,138.85,79.48,127.65,112.58,106.94,106.5,79.85,72.79,80.57,112.48,142.54,129.8,156.98,140.34,185.0,124.58,115.6,104.29,92.8,95.99,125.68,70.19,153.7,185.0,137.34
2024-06-02,114.76,124.48,118.97,117.33,106.25,91.5,97.11,110.72,136.68,175.82,115.31,130.38,132.92,93.0,147.13,107.72,145.17,131.12,110.55,99.58,96.48,75.07,99.86,124.68,138.71,79.5,127.67,112.48,107.1,106.33,79.79,72.84,80.65,112.52,142.61,129.71,156.84,140.32,185.11,124.43,115.56,104.01,92.79,95.99,125.4,70.12,153.74,184.96,137.56
2024-06-03,114.75,123.27,119.1,117.27,106.31,91.51,97.03,110.79,136.67,175.66,115.25,130.49,132.85,93.0,147.14,108.2,145.09,131.16,110.49,99.55,96.42,75.11,99.7,124.68,138.72,79.54,127.68,112.25,107.26,106.43,79.69,72.92,80.76,112.56,142.68,129.66,156.76,140.31,185.24,124.25,115.56,103.86,92.87,95.99,125.09,70.12,153.81,184.99,137.86
2024-06-04,114.74,125.0,119.2,117.27,106.32,91.57,96.83,110.8,136.78,175.62,115.21,130.66,132.8,92.94,147.24,108.59,145.16,131.08,110.5,99.78,96.37,75.16,99.51,124.66,138.9,79.61,127.84,112.29,107.36,106.44,79.62,73.03,80.78,112.56,142.72,129.61,156.76,140.2,184.96,124.08,115.56,103.53,92.99,96.05,124.88,70.09,153.96,185.04,138.19
2024-06-05,114.81,125.89,119.4,117.42,106.33,91.61,96.61,110.8,136.93,175.81,115.13,130.88,132.81,93.09,147.33,109.18,145.27,131.03,110.4,99.72,96.43,75.33,99.37,124.73,139.44,79.76,128.02,112.51,107.66,106.64,79.62,73.12,80.71,112.65,142.92,129.59,157.08,140.33,185.17,123.96,115.61,103.36,93.13,96.14,124.63,70.16,154.18,185.3,138.76
2024-06-06,114.78,125.75,119.57,117.49,106.31,91.57,96.32,110.74,136.87,175.89,114.93,130.99,132.81,93.05,147.21,109.62,145.21,130.87,110.36,99.74,96.41,75.53,99.29,124.71,139.99,79.87,128.16,112.56,107.57,106.58,79.63,73.09,80.59,112.68,142.99,129.59,157.28,140.35,185.31,123.72,115.64,103.04,93.22,96.19,124.36,70.22,154.25,185.45,139.1
2024-06-07,114.81,125.04,119.6,117.62,106.23,91.34,96.13,110.69,136.81,176.02,114.71,130.98,132.78,93.03,147.22,110.04,145.21,130.71,110.41,99.58,96.37,75.76,99.23,124.7,140.33,79.98,128.27,112.81,107.6,106.77,79.63,73.06,80.5,112.69,142.98,129.66,157.62,140.12,185.24,123.53,115.64,102.83,93.28,96.19,124.19,70.26,154.59,185.66,139.4
2024-06-08,114.8,124.33,119.53,117.68,106.18,91.16,95.95,110.71,136.83,176.19,114.55,130.95,132.67,93.03,147.19,110.26,145.12,130.43,110.49,99.38,96.4,76.0,99.11,124.74,140.93,80.04,128.35,113.21,107.67,106.81,79.91,73.06,80.4,112.64,142.94,129.7,157.9,140.07,185.19,123.31,115.7,102.71,93.45,96.11,123.93,70.23,154.83,185.74,139.58
2024-06-09,114.81,124.35,119.45,117.75,106.17,90.87,95.51,110.82,136.9,176.37,114.41,130.94,132.63,93.09,147.26,110.56,145.04,130.19,110.49,99.21,96.44,76.14,99.1,124.81,141.77,79.99,128.55,113.48,107.77,106.79,80.14,73.0,80.37,112.66,143.02,129.78,158.25,140.03,185.15,123.15,115.73,102.61,93.72,96.06,123.76,70.21,155.08,185.89,139.66
2024-06-10,114.78,124.42,119.36,117.74,106.15,90.53,95.12,110.72,136.92,176.59,114.27,130.8,132.59,93.09,147.21,110.72,144.94,129.95,110.49,99.25,96.48,76.29,99.02,124.82,142.44,79.95,128.76,113.93,107.86,106.7,80.37,72.94,80.29,112.7,143.14,129.85,158.54,140.02,184.89,123.07,115.74,102.46,93.86,96.03,123.62,70.13,155.32,185.98,139.68
2024-06-11,114.77,122.75,119.3,117.67,106.1,90.32,94.79,110.59,136.87,176.72,114.19,130.57,132.52,93.13,147.12,110.81,144.79,129.65,110.43,99.11,96.47,76.45,99.07,124.8,142.91,79.86,128.84,113.96,108.0,106.76,80.59,72.85,80.24,112.72,143.19,129.92,158.82,140.13,185.04,122.91,115.75,102.69,93.82,95.96,123.5,70.04,155.51,186.26,139.63
2024-06-12,114.72,121.35,119.22,117.61,106.03,90.14,94.56,110.47,136.84,176.74,114.11,130.38,132.44,93.08,147.02,110.9,144.63,129.53,110.37,98.92,96.47,76.58,99.07,124.74,143.1,79.8,129.03,114.21,108.06,106.54,80.76,72.79,80.44,112.77,143.25,130.07,159.01,140.18,184.69,122.67,115.77,102.62,93.79,96.04,123.45,69.94,155.76,186.47,139.6
2024-06-13,114.65,119.95,119.16,117.54,105.96,89.9,94.34,110.56,136.77,176.82,114.12,130.26,132.39,93.06,146.96,110.9,144.44,129.48,110.11,98.72,96.46,76.67,98.93,124.71,143.14,79.72,129.16,114.35,108.1,106.49,80.71,72.81,80.65,112.76,143.23,130.06,159.13,140.17,184.39,122.44,115.77,102.58,93.64,96.04,123.37,69.82,155.9,186.54,139.58
2024-06-14,114.54,119.45,119.07,117.35,105.97,89.83,94.13,110.51,136.75,176.83,113.98,130.2,132.32,92.98,146.87,110.87,144.3,129.42,109.75,98.61,96.36,76.72,98.87,124.68,143.31,79.58,129.2,114.38,108.04,106.16,80.7,72.77,80.81,112.73,143.22,129.99,159.18,140.32,184.02,122.18,115.71,102.46,93.62,96.01,123.17,69.74,156.06,186.65,139.3
2024-06-15,114.32,120.13,118.66,117.01,105.8,89.66,93.44,110.34,136.79,176.68,113.78,130.06,132.19,92.91,146.83,110.62,143.91,128.92,109.43,98.39,95.99,76.59,98.52,124.57,142.28,79.32,128.89,114.13,108.25,105.87,80.5,72.46,80.58,112.45,142.87,129.75,159.36,140.23,183.4,121.57,115.5,102.51,93.26,95.68,123.36,69.5,156.07,186.74,140.49
2024-06-16,114.25,120.67,118.52,116.84,105.75,89.75,93.3,110.21,136.79,176.74,113.75,130.01,132.11,92.94,146.71,110.37,143.76,128.89,109.16,98.29,95.8,76.67,98.45,124.61,141.99,79.26,128.81,114.13,108.7,105.9,80.23,72.41,80.61,112.39,142.73,129.7,159.54,140.33,183.08,121.32,115.51,102.63,93.1,95.78,123.61,69.44,156.15,186.88,141.5
2024-06-17,114.17,121.28,118.39,116.74,105.62,89.87,93.21,110.04,136.79,176.76,113.65,129.95,132.03,92.98,146.57,110.06,143.62,128.8,108.89,98.21,95.6,76.74,98.37,124.62,141.72,79.18,128.69,114.19,109.05,105.79,79.96,72.32,80.67,112.3,142.59,129.6,159.64,140.29,183.2,120.99,115.52,102.65,93.0,95.88,123.83,69.41,156.25,186.97,142.54
2024-06-18,114.11,122.19,118.18,116.72,105.57,89.9,93.05,110.15,136.78,176.36,113.53,129.94,131.97,93.02,146.51,109.81,143.43,128.89,108.67,98.14,95.39,76.81,98.3,124.66,141.54,79.17,128.55,114.15,109.44,105.66,79.68,72.19,80.8,112.26,142.53,129.46,159.78,140.32,183.18,120.66,115.49,102.64,93.02,95.93,124.08,69.4,156.28,186.92,143.71
2024-06-19,114.03,123.09,118.02,116.63,105.48,89.88,92.87,110.22,136.79,175.98,113.45,129.79,131.93,93.11,146.47,109.5,143.31,128.67,108.43,98.09,95.15,76.84,98.21,124.75,141.36,79.13,128.41,114.08,109.82,105.57,79.48,72.19,80.73,112.15,142.39,129.3,159.98,140.37,183.49,120.48,115.48,102.75,92.92,95.93,124.46,69.4,156.2,186.78,144.84
2024-06-20,114.02,124.59,117.82,116.55,105.36,89.91,92.82,110.03,136.85,175.54,113.39,129.62,131.86,93.2,146.29,109.38,143.26,128.59,108.36,98.06,94.97,76.88,98.31,124.81,141.28,79.1,128.33,114.13,110.27,105.55,79.42,72.11,80.67,112.11,142.32,129.16,160.19,140.34,183.57,120.32,115.5,102.99,93.06,95.98,124.83,69.47,156.19,186.88,146.03
2024-06-21,113.88,125.96,117.67,116.46,105.24,89.94,92.71,110.05,136.76,175.09,113.4,129.45,131.71,93.24,146.15,109.3,142.96,128.46,108.07,98.11,94.89,76.91,98.33,124.83,141.13,79.08,128.3,114.19,110.71,105.21,79.34,72.06,80.59,111.98,142.21,128.95,160.31,137.07,183.38,120.22,115.49,103.07,93.11,96.02,125.33,69.57,156.1,186.86,147.5
2024-06-22,113.86,126.32,117.73,116.51,105.24,90.01,93.13,110.06,136.6,174.76,113.33,129.28,131.65,93.26,145.99,109.17,142.82,128.82,107.87,98.2,94.94,77.02,98.6,124.83,141.91,79.19,128.65,114.54,110.8,105.37,79.31,72.04,80.83,112.08,142.38,128.91,160.24,134.0,183.65,120.4,115.64,103.0,93.24,96.35,125.43,69.78,155.95,186.84,147.68
2024-06-23,113.75,126.5,117.58,116.44,105.14,90.0,93.21,110.25,136.49,174.24,113.24,129.01,131.59,93.18,145.69,109.0,142.59,128.69,107.78,98.18,94.83,76.95,98.57,124.72,142.0,79.18,128.71,114.76,110.7,105.19,79.32,71.91,80.78,111.98,142.29,128.7,160.23,130.76,183.53,120.31,115.61,102.86,93.2,96.28,125.41,69.85,155.67,186.84,148.04
2024-06-24,113.64,126.83,117.49,116.37,105.04,89.92,93.25,110.51,136.47,173.75,113.19,128.83,131.59,93.12,145.53,108.98,142.36,128.59,107.63,98.14,94.75,76.87,98.54,124.63,142.16,79.18,128.85,115.03,110.6,105.05,79.29,71.75,80.58,111.97,142.33,128.62,160.28,127.56,183.23,120.24,115.58,102.57,93.11,96.21,125.48,69.91,155.45,186.99,148.42
2024-06-25,113.49,127.26,117.41,116.24,104.94,89.77,93.43,110.53,136.6,173.82,113.03,128.72,131.71,93.04,145.41,108.95,142.26,128.66,107.33,98.1,94.71,76.81,98.45,124.57,142.52,79.12,129.08,115.4,110.6,104.78,79.41,71.67,80.59,111.94,142.47,128.62,160.3,124.33,183.1,120.28,115.64,102.27,93.14,96.2,125.54,70.0,155.44,187.07,148.76
2024-06-26,113.4,127.95,117.25,116.11,104.92,89.61,93.5,110.56,136.59,173.72,112.81,128.67,131.83,92.99,145.26,109.12,142.1,128.65,107.44,98.11,94.59,76.65,98.22,124.42,143.07,79.14,129.14,115.42,110.53,104.71,79.61,71.6,80.6,111.87,142.55,128.55,160.25,121.1,182.73,120.2,115.59,101.69,93.23,95.93,125.46,70.07,155.37,187.32,149.18
2024-06-27,113.27,128.84,117.24,116.0,104.9,89.52,93.58,110.65,136.64,173.64,112.57,128.6,131.91,92.98,145.17,109.1,141.93,128.51,107.47,98.14,94.37,76.49,97.98,124.3,143.51,79.24,129.29,115.36,110.38,104.75,79.67,71.56,80.62,111.84,142.65,128.54,160.2,117.99,182.38,120.05,115.55,101.13,93.17,95.77,125.34,70.13,155.27,187.4,149.5
2024-06-28,113.26,129.45,117.19,115.98,104.94,89.45,93.66,110.68,136.78,173.54,112.42,128.59,132.14,92.96,145.02,109.14,141.95,128.45,107.66,98.13,94.25,76.31,97.8,124.29,144.16,79.35,129.46,115.47,110.37,105.08,79.73,71.51,80.66,111.85,142.73,128.57,160.27,118.56,182.3,119.88,115.55,100.95,93.13,95.66,125.41,70.11,155.13,187.6,149.84
2024-06-29,113.29,130.31,117.11,115.98,104.98,89.39,93.55,110.74,136.85,173.36,112.35,128.64,132.29,92.84,144.21,109.47,142.0,128.27,107.71,98.17,94.12,76.21,97.48,124.28,144.94,79.37,129.45,115.08,110.29,104.91,79.72,71.42,80.65,111.73,142.7,128.57,160.29,118.63,181.88,119.65,115.4,100.58,93.14,95.45,125.4,70.08,155.11,187.79,150.12
2024-06-30,113.34,131.01,117.05,115.99,105.0,89.3,93.57,110.65,136.64,173.19,112.23,128.73,132.36,92.81,144.06,109.83,141.95,128.2,107.68,98.21,94.08,76.16,97.29,124.26,145.81,79.44,129.57,114.71,110.2,104.89,79.71,71.27,80.67,111.74,142.81,128.58,160.29,118.99,181.84,119.44,115.28,100.38,93.21,95.29,125.49,70.1,155.06,187.82,150.37
2024-07-01,113.42,130.22,116.99,115.93,105.02,89.2,93.55,110.5,136.32,173.02,112.01,128.77,132.47,92.8,143.99,110.51,141.85,128.14,107.66,98.26,94.02,76.04,97.09,124.22,146.61,79.47,129.64,114.55,110.24,104.82,79.72,71.18,80.78,111.58,142.76,128.53,160.26,119.45,181.69,119.33,115.06,100.36,93.31,95.16,125.36,70.12,154.99,187.76,150.51
2024-07-02,113.49,129.68,116.93,115.85,105.02,89.07,93.49,110.19,135.92,172.73,111.92,128.78,132.44,92.84,143.97,111.19,141.64,127.79,107.75,98.34,93.99,75.92,96.9,124.2,147.64,79.53,129.73,114.4,110.21,104.9,79.66,71.11,80.51,111.39,142.66,128.52,160.11,120.13,181.75,119.19,114.79,100.48,93.35,94.99,125.25,70.16,154.73,187.76,150.59
2024-07-03,113.58,128.99,116.94,115.81,105.04,88.95,93.51,110.11,135.69,172.68,111.91,128.83,132.44,92.97,143.9,111.81,141.45,127.75,107.72,98.28,94.09,75.58,96.89,124.3,148.35,79.63,129.99,114.4,110.34,104.92,79.54,71.0,80.28,111.23,142.46,128.47,159.98,120.88,181.58,119.15,114.61,101.04,93.43,95.04,125.18,70.17,154.61,187.59,150.59
2024-07-04,113.67,127.42,116.9,115.75,105.09,88.73,93.45,110.17,135.36,172.6,111.96,128.93,132.52,93.19,143.92,112.64,141.29,128.05,107.74,97.94,94.28,75.24,96.85,124.41,149.19,79.65,130.14,114.5,110.46,105.0,79.6,70.9,80.06,111.02,142.28,128.44,159.84,121.76,181.62,119.2,114.49,101.55,93.53,94.96,125.21,70.17,154.58,187.6,150.55
2024-07-05,113.75,126.53,116.83,115.65,105.0,88.48,93.36,110.25,135.01,172.34,111.89,128.94,132.53,93.48,143.87,113.36,141.11,128.15,107.74,97.55,94.37,74.88,96.73,124.42,149.69,79.58,130.17,114.34,110.45,105.06,79.66,70.77,79.79,110.8,142.09,128.35,159.59,122.21,181.5,119.2,114.33,101.76,93.55,94.82,125.05,70.19,154.64,187.49,150.45
2024-07-06,113.69,124.68,116.78,115.48,104.95,88.3,93.26,110.42,134.6,172.3,111.82,128.94,132.61,93.85,144.51,114.07,140.89,128.4,107.77,97.15,94.4,74.45,96.65,124.45,150.28,79.5,130.29,114.51,110.42,105.36,79.69,70.76,79.61,110.66,141.99,128.3,159.59,123.0,181.31,119.23,114.24,102.2,93.56,94.66,124.98,70.21,154.81,187.45,150.25
2024-07-07,113.62,122.27,116.73,115.3,104.8,88.09,93.11,110.62,134.29,172.23,111.73,128.9,132.7,94.13,144.62,114.76,140.77,128.61,107.85,96.76,94.4,74.04,96.52,124.46,150.99,79.41,130.27,114.7,110.4,105.6,79.72,70.83,79.46,110.4,141.81,128.25,159.41,123.45,181.1,119.21,114.17,102.47,93.56,94.52,124.86,70.22,155.08,187.46,150.26
2024-07-08,113.53,120.81,116.58,115.18,104.67,87.91,93.02,110.84,134.07,172.14,111.67,128.86,132.65,94.37,144.64,114.94,140.66,128.85,107.92,96.39,94.4,73.7,96.44,124.47,151.62,79.36,130.18,114.59,110.31,105.9,79.75,70.85,79.38,110.33,141.6,128.14,159.16,123.83,180.87,119.14,114.19,102.76,93.49,94.29,124.78,70.29,155.2,187.41,150.18
2024-07-09,113.51,119.52,116.31,115.14,104.58,87.74,92.89,111.21,133.92,172.05,111.61,128.85,132.74,94.5,144.6,115.37,140.53,129.12,108.09,96.07,94.41,73.39,96.41,124.52,152.12,79.36,130.12,114.65,110.26,106.24,79.78,70.8,79.37,110.35,141.44,127.95,159.07,124.05,180.45,119.12,114.22,102.92,93.52,94.05,124.72,70.32,155.42,187.33,150.37
2024-07-10,113.46,117.87,116.12,115.09,104.5,87.62,92.92,111.34,133.62,172.04,111.52,128.87,132.74,94.56,144.56,115.73,140.45,129.37,108.04,95.92,94.34,73.69,96.4,124.47,152.98,79.16,129.96,114.7,110.15,106.47,79.8,70.86,79.38,110.42,141.45,127.89,158.91,124.3,180.33,119.04,114.21,102.94,93.58,93.85,124.73,70.4,155.56,187.25,150.42
2024-07-11,113.43,115.71,115.9,115.04,104.47,87.56,92.88,111.3,133.35,172.06,111.37,128.86,132.7,94.51,144.35,115.84,140.42,129.19,108.02,95.97,94.3,74.05,96.35,124.42,153.73,78.97,129.82,114.63,110.09,106.56,79.77,70.92,79.35,110.49,141.42,127.78,158.74,124.52,179.93,118.98,114.15,102.94,93.61,93.71,124.76,70.45,155.6,187.13,150.69
2024-07-12,113.43,113.84,115.76,115.03,104.44,87.62,92.83,111.32,133.17,172.24,111.36,128.9,132.71,94.44,144.19,116.04,140.42,128.88,108.1,95.78,94.3,74.46,96.44,124.41,154.59,78.89,129.85,114.57,110.09,106.7,79.79,70.93,79.36,110.71,141.53,127.8,158.67,124.76,180.01,118.96,114.16,102.94,93.75,93.66,124.78,70.59,155.5,187.1,150.93
2024-07-13,113.48,113.27,115.7,115.05,104.46,87.68,92.94,111.25,133.13,172.31,111.38,128.91,132.77,94.38,144.07,116.12,140.57,128.46,108.19,95.67,94.47,74.96,96.59,124.37,155.4,78.96,129.9,114.44,110.02,106.8,79.93,71.0,79.49,110.96,141.73,127.84,158.3,125.3,180.23,118.96,114.18,102.96,93.87,93.66,124.87,70.77,155.35,187.07,151.3
2024-07-14,113.48,113.41,115.58,115.05,104.43,87.7,92.97,111.18,133.09,172.38,111.36,128.94,132.78,94.3,144.2,116.18,140.49,128.05,108.15,95.52,94.63,75.36,96.67,124.37,156.0,79.0,130.0,114.42,109.96,106.84,80.09,70.93,79.46,111.1,141.83,127.78,158.09,125.82,180.28,118.97,114.15,102.9,93.95,93.59,124.89,70.85,155.09,187.09,151.72
2024-07-15,113.45,114.56,115.21,115.06,104.43,87.76,92.9,111.13,132.91,172.51,111.38,128.89,132.9,94.21,144.47,116.21,140.44,127.59,108.14,95.36,94.78,75.73,96.65,124.32,156.45,79.01,130.12,114.35,109.82,106.83,80.27,70.89,79.37,111.16,141.97,127.76,158.01,126.35,180.36,118.89,114.1,102.8,94.03,93.57,124.93,70.88,154.99,187.13,152.35
2024-07-16,113.44,115.18,116.75,115.0,104.32,87.78,93.02,111.06,132.68,172.8,111.43,128.8,132.91,94.3,144.76,115.97,140.53,127.29,108.11,95.25,94.9,76.02,96.6,124.24,156.94,78.93,130.21,113.94,109.74,106.8,80.24,70.87,79.34,111.2,142.02,127.67,157.94,126.79,180.45,118.67,114.02,102.76,94.02,93.54,124.96,70.81,154.73,187.17,152.8
2024-07-17,113.45,115.96,118.23,114.96,104.21,87.85,93.03,111.1,132.53,172.96,111.48,128.73,132.99,94.39,144.87,115.9,140.6,126.81,108.15,95.17,95.1,76.07,96.54,124.22,157.63,78.94,130.27,113.52,109.7,106.83,80.23,70.7,79.34,111.23,142.08,127.61,158.07,127.23,180.49,118.56,113.99,102.72,94.01,93.51,125.05,70.69,154.66,187.36,153.35
2024-07-18,113.4,118.04,119.68,114.92,103.97,87.59,92.96,111.18,132.36,173.02,111.49,128.77,133.09,94.48,145.08,115.82,140.51,126.13,108.03,95.04,95.26,76.01,96.38,124.16,158.24,78.94,130.33,113.28,109.7,106.78,79.93,70.63,79.29,111.24,142.12,127.55,158.22,127.7,180.7,118.41,113.86,102.75,94.0,93.46,125.05,70.54,154.67,187.44,153.8
2024-07-19,113.41,119.38,121.09,114.89,103.8,87.31,92.91,111.33,131.99,173.11,111.41,128.79,133.11,94.65,145.52,115.63,140.3,126.03,108.08,95.34,95.43,75.86,96.28,124.09,158.83,78.84,130.29,113.09,109.57,106.8,79.6,70.81,79.22,111.08,142.1,127.42,158.43,128.28,180.83,118.29,113.72,102.95,94.02,93.35,125.05,70.35,154.65,187.52,154.3
2024-07-20,113.24,120.18,122.1,114.7,103.44,86.82,92.28,112.64,131.75,172.9,111.2,128.71,132.92,94.6,145.83,115.38,139.86,125.27,107.91,95.3,95.29,75.57,95.52,123.83,158.22,78.64,129.96,112.81,109.42,106.66,79.36,70.78,78.78,110.6,141.66,127.05,158.8,128.53,180.55,117.63,113.38,103.04,93.8,92.96,124.87,69.93,154.64,187.44,154.69
2024-07-21,113.32,121.12,123.37,114.73,103.44,86.59,92.26,113.55,131.51,173.06,111.15,128.81,132.89,94.79,145.86,115.08,139.83,125.08,107.95,95.68,95.43,75.48,95.47,123.8,158.53,78.67,130.02,112.73,109.56,106.77,79.24,71.07,78.78,110.58,141.63,127.02,159.15,129.08,180.73,117.51,113.36,103.38,93.8,92.87,125.04,69.8,154.76,187.44,154.74
2024-07-22,113.47,121.46,124.87,114.76,103.46,86.2,92.36,114.47,131.19,173.26,111.03,128.95,132.76,94.9,145.49,114.91,139.74,125.05,108.24,95.98,95.47,75.41,95.47,123.8,159.02,78.67,130.1,112.55,109.81,107.14,79.08,71.35,78.76,110.56,141.68,127.04,159.37,129.65,181.09,117.48,113.4,103.78,93.84,92.9,125.2,69.71,154.73,187.41,154.63
2024-07-23,113.64,121.64,124.61,114.85,103.63,86.19,92.05,115.44,130.81,173.19,110.89,128.98,132.66,95.02,145.14,114.73,139.55,124.94,108.51,96.13,95.53,75.32,95.45,123.75,159.09,78.67,130.22,112.78,110.0,107.54,79.08,71.6,78.81,110.47,141.61,127.06,159.56,130.16,181.2,117.57,113.35,104.25,93.83,92.87,125.24,69.65,154.78,187.35,154.47
2024-07-24,113.76,122.05,124.41,114.88,103.59,86.07,91.91,116.39,130.43,173.06,110.73,128.89,132.54,95.12,145.27,114.3,139.31,124.65,108.83,96.25,95.63,75.17,95.46,123.61,158.89,78.71,130.38,113.01,110.02,107.84,79.15,71.8,78.93,110.36,141.52,126.99,159.61,130.56,181.27,117.51,113.37,104.72,93.8,92.78,125.15,69.6,154.57,187.32,154.29
2024-07-25,113.92,122.22,124.18,114.9,103.62,86.29,91.79,117.34,130.02,172.97,110.63,128.7,132.42,95.22,145.53,114.18,139.22,124.73,109.2,96.45,95.75,75.02,95.57,123.54,155.56,78.79,130.55,113.06,109.99,108.2,79.4,71.82,78.98,110.28,141.47,126.93,159.58,131.01,181.44,117.5,113.47,105.04,93.57,92.63,125.1,69.59,154.3,187.31,154.03
2024-07-26,114.02,122.4,123.98,114.88,103.61,86.59,91.76,118.18,129.75,172.8,110.55,128.38,132.34,95.23,145.58,114.08,139.37,124.45,109.46,96.47,95.85,74.99,95.54,123.46,151.96,78.88,130.8,113.25,110.05,108.51,79.68,71.69,79.12,110.14,141.38,126.87,159.48,131.62,181.37,117.47,113.52,105.26,93.31,92.47,125.06,69.56,154.2,187.31,153.83
2024-07-27,114.27,122.85,124.13,115.02,103.7,87.01,92.22,118.12,129.36,172.99,110.5,128.22,132.35,95.39,145.56,114.08,139.58,124.89,109.9,96.8,96.13,75.07,96.19,123.61,,78.86,131.23,113.42,110.18,108.85,79.74,71.67,79.48,110.35,141.6,127.01,159.4,132.3,181.74,117.88,113.75,105.48,93.23,92.67,125.15,69.77,154.1,187.39,153.67
2024-07-28,114.3,122.89,124.11,114.95,103.59,87.29,92.14,118.32,128.99,172.76,110.35,127.91,132.3,95.31,145.7,114.17,139.5,124.79,110.11,96.67,96.17,75.04,96.18,123.49,,78.65,131.3,113.37,110.07,108.97,79.68,71.36,79.51,110.18,141.52,126.91,159.27,133.0,181.58,117.84,113.7,105.55,92.92,92.57,124.94,69.74,153.98,187.39,153.52
2024-07-29,114.29,122.72,124.14,114.9,103.36,87.67,91.95,118.61,128.86,172.41,110.26,127.58,132.25,95.32,145.98,114.07,139.49,124.38,110.04,96.56,96.22,75.0,96.08,123.43,,78.51,131.34,113.46,109.92,108.95,79.68,70.94,79.58,109.96,141.35,126.68,159.26,133.62,181.16,117.76,113.57,105.59,92.66,92.35,124.7,69.68,153.95,187.46,153.48
2024-07-30,114.28,122.92,124.26,114.88,103.04,87.73,92.07,118.78,128.71,172.06,110.27,127.24,132.22,95.21,146.23,114.15,139.5,124.12,110.02,96.36,96.39,75.06,96.1,123.4,,78.46,131.39,113.98,109.73,108.9,79.74,70.7,79.46,109.78,141.31,126.52,159.2,135.14,180.98,117.57,113.62,105.87,92.4,92.26,124.77,69.71,153.89,187.62,153.3
2024-07-31,114.29,123.02,124.22,114.86,102.88,87.8,92.01,119.06,128.51,171.94,110.27,127.16,132.15,95.12,146.18,114.39,139.5,124.17,109.95,96.2,96.4,75.12,96.04,123.44,,78.35,131.52,114.6,109.69,108.86,79.65,70.44,79.16,109.63,141.28,126.41,159.12,136.7,180.95,117.56,113.49,106.23,92.09,92.16,124.9,69.72,154.06,187.67,153.36
2024-08-01,114.3,122.46,124.3,114.8,102.76,87.87,92.1,119.29,128.31,171.87,110.18,127.04,132.05,94.94,145.68,114.59,139.39,124.3,109.77,95.89,96.39,75.29,96.01,123.39,,78.31,131.62,115.64,109.51,108.78,79.72,70.36,79.01,109.4,141.17,126.26,159.09,138.07,180.8,117.44,113.43,106.53,92.07,92.13,124.92,69.77,154.23,187.71,153.46
2024-08-02,114.32,121.36,124.26,114.79,102.78,87.78,92.07,119.52,128.1,171.87,110.15,127.14,131.97,94.76,145.53,114.8,139.16,124.52,109.65,95.78,96.34,75.4,96.0,123.38,,78.36,131.73,116.63,109.22,108.72,79.73,70.16,78.79,109.29,141.06,126.11,159.01,139.21,180.61,117.39,113.41,106.84,92.06,92.13,124.96,69.72,154.47,187.73,153.54
2024-08-03,114.36,120.25,124.17,114.81,102.8,87.75,92.04,119.85,127.97,171.81,110.14,127.19,131.91,94.58,145.55,114.92,138.95,124.58,109.57,95.39,96.3,75.45,95.95,123.36,,78.58,131.89,117.73,108.97,108.78,79.71,70.1,78.59,109.15,140.94,125.93,158.96,140.35,180.29,117.42,113.35,107.14,92.08,92.07,124.96,69.58,154.7,187.84,153.67
2024-08-04,114.33,119.27,124.05,114.81,102.7,87.53,91.99,120.19,127.75,171.71,110.1,127.13,131.82,94.37,145.53,114.99,138.71,124.66,109.31,95.03,96.23,75.47,95.9,123.3,,78.74,132.04,118.73,108.66,108.73,79.7,70.08,78.35,109.0,140.8,125.79,158.92,141.22,180.2,117.32,113.26,107.39,92.09,92.05,124.91,69.45,154.85,187.9,153.73
2024-08-05,114.3,118.12,124.05,114.77,102.67,87.43,91.98,120.05,127.5,171.66,110.04,127.13,131.73,94.16,145.53,115.23,138.62,124.91,109.28,94.7,96.22,75.49,95.92,123.27,,78.85,132.14,119.66,108.32,108.66,79.67,70.14,78.08,108.86,140.6,125.66,158.85,142.23,180.13,117.22,113.21,107.47,91.92,92.02,124.98,69.28,155.05,187.96,153.67
2024-08-06,114.21,116.59,123.97,114.66,102.6,87.25,91.99,120.0,127.12,171.61,109.88,127.18,131.6,94.0,145.44,115.37,138.4,125.23,109.05,94.48,96.05,75.45,95.84,123.21,,78.93,132.24,119.96,108.03,108.52,79.53,70.05,77.86,108.79,140.46,125.55,158.73,142.45,180.12,117.16,113.09,107.14,91.85,91.96,124.85,69.09,155.19,187.99,153.81
2024-08-07,114.13,115.15,124.05,114.57,102.57,86.98,92.05,119.83,126.86,171.51,109.79,127.1,131.48,93.83,145.38,115.37,138.14,125.43,108.9,94.16,95.95,75.49,95.99,123.16,,79.07,132.42,120.22,107.73,108.47,79.51,69.97,77.74,108.71,140.37,125.46,158.65,142.7,180.21,116.96,113.13,106.73,91.81,91.98,124.7,68.92,155.22,187.92,153.74
2024-08-08,114.05,114.26,124.07,114.55,102.53,86.74,92.02,119.18,126.73,171.48,109.78,127.01,131.46,93.71,145.65,115.08,137.89,125.59,108.89,94.02,95.85,75.34,96.09,123.13,,79.09,132.56,120.23,107.56,108.45,79.43,69.81,77.59,108.71,140.33,125.41,158.7,143.02,180.18,116.9,113.1,106.47,91.73,91.97,124.64,68.75,155.26,187.98,153.77
2024-08-09,113.91,114.42,124.19,114.48,102.35,86.49,92.11,118.57,126.55,171.41,109.78,126.8,131.44,93.55,145.56,114.56,137.76,125.78,108.82,93.76,95.72,75.14,96.21,123.09,,78.99,132.61,120.07,107.56,108.26,79.35,69.78,77.47,108.71,140.33,125.36,158.7,143.26,180.37,116.77,113.06,106.04,91.44,91.97,124.61,68.65,155.28,188.04,153.74
2024-08-10,113.74,114.25,124.23,114.3,102.16,86.1,92.06,117.64,126.23,171.0,109.8,126.53,131.34,93.36,145.35,114.49,137.62,125.82,108.79,93.67,95.51,74.97,96.15,122.91,,78.81,132.45,119.85,107.44,108.26,79.21,69.6,77.08,108.53,140.11,125.2,158.66,143.44,180.38,116.47,112.92,105.71,91.21,91.77,124.54,68.51,155.24,187.94,153.7
2024-08-11,113.72,114.21,124.39,114.19,102.09,85.96,92.29,116.78,125.97,170.82,109.87,126.42,131.31,93.3,145.23,114.23,137.51,125.91,109.03,93.72,95.44,74.87,96.23,122.91,,78.68,132.44,119.7,107.42,108.43,79.2,69.51,77.01,108.55,140.08,125.13,158.62,143.69,180.61,116.43,112.95,105.5,91.09,91.72,124.59,68.43,155.24,187.94,153.78
2024-08-12,113.65,114.36,124.47,114.11,102.06,85.68,92.57,116.3,125.62,170.7,109.88,126.28,131.29,93.2,145.14,113.97,137.21,126.1,108.99,93.69,95.4,74.8,96.37,122.83,,78.55,132.48,119.64,107.42,108.49,79.19,69.42,76.84,108.67,140.11,125.05,158.57,143.84,181.01,116.43,112.99,105.39,91.1,91.75,124.58,68.46,155.17,187.89,153.91
2024-08-13,113.62,114.39,124.52,114.08,102.12,85.49,92.82,115.83,125.55,170.65,109.9,126.18,131.33,93.08,145.13,113.68,137.08,126.31,109.13,93.59,95.41,74.85,96.49,122.77,,78.36,132.23,119.61,107.33,108.62,79.24,69.43,76.83,108.63,140.09,124.98,158.59,143.84,181.25,116.49,113.09,105.37,91.05,91.82,124.58,68.48,155.02,187.82,153.95
2024-08-14,113.54,114.32,124.56,113.97,102.06,85.4,92.98,115.34,125.37,170.38,109.83,126.0,131.32,92.98,145.04,113.42,136.92,126.32,109.14,93.63,95.41,74.8,96.42,122.67,,78.23,131.77,119.44,107.24,108.64,79.19,69.42,76.78,108.6,140.04,124.9,158.65,143.41,181.45,116.49,113.08,105.34,91.01,91.77,124.48,68.44,154.73,187.84,154.07
2024-08-15,113.48,114.81,124.63,113.84,102.01,85.25,93.2,115.25,125.19,170.09,109.79,125.84,131.26,92.91,145.04,113.3,136.84,126.2,109.19,93.68,95.42,74.86,96.42,122.62,,78.21,131.45,119.25,107.1,108.68,79.11,69.51,76.73,108.53,139.95,124.84,158.64,142.89,181.95,116.45,113.09,105.3,90.95,91.81,124.5,68.35,154.47,187.74,154.1
2024-08-16,113.44,114.7,124.66,113.73,102.11,85.14,93.39,115.16,125.01,169.93,109.69,125.69,131.17,92.92,145.08,113.39,136.65,126.06,109.16,93.47,95.48,75.05,96.35,122.53,,78.26,131.17,119.12,106.9,108.83,79.11,69.58,76.66,108.53,139.83,124.78,158.63,142.52,182.19,116.32,113.09,105.45,91.06,91.81,124.49,68.26,154.29,187.61,153.99
2024-08-17,113.45,114.95,124.88,113.78,102.21,85.22,93.79,114.92,124.87,170.24,109.58,125.72,131.21,92.97,145.21,113.2,136.47,126.23,109.07,93.38,95.63,75.26,96.51,122.6,,78.4,131.08,119.22,106.84,108.8,79.28,69.79,76.87,108.69,140.03,124.85,158.33,142.24,182.69,116.51,113.27,105.43,91.19,92.05,124.59,68.29,154.25,187.67,153.65
2024-08-18,113.37,115.24,124.93,113.74,102.19,85.16,93.84,114.8,124.8,170.3,109.43,125.79,131.16,92.94,145.24,113.21,136.4,126.2,108.92,93.18,95.61,75.42,96.45,122.54,,78.55,130.84,119.17,106.72,108.73,79.34,69.92,76.79,108.78,140.02,124.79,158.05,141.73,182.91,116.43,113.3,105.31,91.24,92.07,124.61,68.31,154.27,187.59,153.5
2024-08-19,113.28,115.71,124.86,113.65,102.1,85.07,93.79,114.68,124.7,170.28,109.28,125.84,131.06,92.89,145.27,113.17,136.21,126.02,108.86,92.96,95.55,75.51,96.3,122.47,,78.65,130.57,119.08,106.56,108.64,79.3,69.98,76.78,108.75,140.0,124.74,157.73,141.28,183.01,116.29,113.24,105.29,91.26,92.03,124.61,68.15,154.2,187.46,153.26
2024-08-20,113.12,116.66,124.78,113.53,101.97,84.98,93.69,114.59,124.53,170.29,109.12,125.92,130.91,92.59,145.24,112.71,135.96,125.8,108.66,93.02,95.48,75.51,96.18,122.39,,78.81,130.54,118.88,106.42,108.36,79.23,70.07,76.66,108.79,139.97,124.63,157.59,140.91,183.17,116.07,113.15,105.2,91.3,92.05,124.59,68.03,154.27,187.29,153.03
2024-08-21,112.99,117.95,124.5,113.45,101.89,84.89,93.52,114.54,124.36,170.35,108.98,125.96,130.82,92.28,145.3,112.48,135.95,125.66,108.51,92.88,95.34,75.52,96.05,122.29,,78.82,130.47,118.71,106.28,108.11,79.18,70.15,76.54,108.82,139.96,124.53,157.46,140.83,183.12,116.02,113.04,105.05,91.33,92.08,124.7,67.93,154.41,187.16,152.77
2024-08-22,112.85,118.98,124.2,113.37,101.81,84.82,93.31,114.52,124.06,170.4,108.83,126.08,130.76,91.97,145.36,112.08,135.72,125.6,108.36,92.79,95.24,75.55,95.91,122.23,,78.87,130.33,118.65,106.15,107.84,79.13,70.16,76.46,108.85,140.03,124.4,157.28,140.42,182.99,115.88,112.91,104.87,91.38,92.06,124.69,67.91,154.48,187.04,152.45
2024-08-23,112.78,120.39,124.55,113.29,101.62,84.84,93.07,114.47,123.82,170.53,108.73,126.25,130.76,91.67,145.34,111.64,135.64,125.6,108.33,92.63,95.2,75.6,95.86,122.22,,78.84,130.13,118.52,106.11,107.65,79.13,70.24,76.3,108.86,140.15,124.29,157.18,140.1,182.91,115.88,112.9,104.75,91.47,92.03,124.8,67.98,154.55,186.99,152.3
2024-08-24,112.64,121.38,124.86,113.1,101.39,84.74,92.83,114.52,123.55,170.51,108.62,126.27,130.67,91.33,145.32,111.01,135.52,125.53,108.23,92.38,95.04,75.5,95.78,122.12,,78.83,129.49,118.23,105.97,107.36,79.05,70.22,76.15,108.87,140.11,124.14,157.37,138.71,182.8,115.66,112.76,104.74,91.44,92.02,124.9,67.95,154.45,186.74,152.29
2024-08-25,112.47,122.06,125.12,112.91,101.21,84.67,92.59,114.5,123.21,170.51,108.52,126.17,130.5,91.01,145.24,110.35,135.4,125.43,108.12,92.25,94.9,75.31,95.7,122.02,,78.78,128.83,117.96,105.86,107.02,78.93,70.14,76.14,108.82,140.14,123.97,157.52,137.12,182.57,115.5,112.59,104.66,91.43,92.02,124.99,67.81,154.29,186.57,151.96
2024-08-26,112.36,122.55,125.47,112.75,101.08,84.67,92.36,114.52,122.96,170.56,108.5,126.07,130.36,90.71,145.2,109.71,135.36,125.39,108.04,92.32,94.78,75.18,95.65,121.96,,78.75,128.15,117.63,105.72,106.75,78.92,70.05,76.15,108.81,140.15,123.82,157.71,135.49,182.35,115.34,112.51,104.62,91.47,91.94,125.08,67.78,154.32,186.49,151.85
2024-08-27,112.35,122.77,126.7,112.58,100.93,84.69,92.07,114.54,122.6,170.65,108.47,125.92,130.26,90.65,145.17,109.71,135.37,125.25,108.09,92.11,94.68,75.05,95.62,121.87,,78.78,127.51,117.44,105.67,106.78,78.96,69.95,76.13,108.9,140.25,123.72,157.7,133.76,182.07,115.2,112.39,104.67,91.57,91.79,125.19,67.79,154.34,186.45,151.75
2024-08-28,112.35,122.55,128.05,112.52,100.79,84.76,91.93,114.56,122.26,170.77,108.47,125.8,130.2,90.58,145.12,109.47,135.25,125.28,108.14,92.32,94.66,74.94,95.62,121.87,,78.87,126.98,117.24,105.62,106.78,79.07,69.97,76.3,108.99,140.31,123.58,157.65,132.06,181.95,115.06,112.33,104.84,91.61,91.76,125.27,67.9,154.47,186.37,151.61
2024-08-29,112.35,122.09,129.55,112.47,100.71,84.88,91.93,114.66,121.83,170.94,108.4,125.69,130.11,90.47,145.02,109.34,135.25,125.29,107.94,92.44,94.66,74.93,95.63,121.82,,78.87,126.46,117.2,105.61,106.84,79.31,69.95,76.43,109.05,140.33,123.49,157.64,130.97,181.97,115.01,112.37,105.0,91.71,91.69,125.4,68.07,154.51,186.39,151.61
2024-08-30,112.29,121.2,130.3,112.42,100.56,84.58,91.95,114.82,121.31,171.03,108.29,125.53,129.9,90.38,144.96,109.3,135.02,125.23,107.83,92.76,94.62,74.88,95.6,121.63,,78.86,125.97,117.29,105.98,106.87,79.5,69.83,76.49,109.1,140.25,123.29,157.6,129.23,182.0,114.85,112.33,104.92,91.79,91.68,125.38,68.15,154.4,186.28,151.51
2024-08-31,112.28,120.76,131.26,112.41,100.53,84.32,91.95,114.9,120.88,171.2,108.23,125.46,129.74,90.35,144.88,109.3,134.99,125.06,107.73,93.14,94.78,74.9,95.62,121.53,,78.89,126.1,117.23,106.55,106.96,79.67,69.8,76.57,109.19,140.29,123.18,157.5,128.49,182.02,114.81,112.4,104.86,92.02,91.67,125.38,68.33,154.34,186.32,151.44
2024-09-01,112.35,119.83,132.28,112.43,100.48,84.05,92.09,114.97,120.61,171.37,108.19,125.41,129.72,90.33,144.81,109.58,134.94,124.92,107.66,93.33,95.01,75.02,95.68,121.44,,78.95,126.25,117.43,107.06,107.07,79.92,70.04,76.49,109.27,140.25,123.03,157.49,128.17,182.0,114.77,112.49,104.91,92.24,91.59,125.37,68.58,154.3,186.34,151.53
2024-09-02,112.38,118.98,133.18,112.47,100.44,83.82,92.27,115.0,120.42,171.61,108.16,125.42,129.7,90.32,144.77,109.92,134.94,124.77,107.62,93.5,95.18,75.11,95.7,121.36,,79.0,126.45,117.71,107.55,107.16,80.17,70.4,76.56,109.33,140.22,122.92,157.46,128.37,182.13,114.74,112.38,104.8,92.37,91.62,125.48,68.79,154.19,186.34,151.45
2024-09-03,112.35,115.91,132.9,112.46,100.35,83.46,92.49,115.0,120.23,171.52,108.15,125.39,129.64,90.33,144.62,109.92,134.91,124.38,107.66,93.84,95.32,75.14,95.66,121.29,,78.89,126.57,117.88,108.02,107.14,80.34,70.62,76.72,109.37,140.12,122.8,157.29,128.9,182.35,114.78,112.21,104.7,92.44,91.62,125.62,68.86,154.02,186.29,151.34
2024-09-04,112.28,114.02,132.73,112.37,100.32,83.41,92.81,114.97,119.87,171.67,108.09,125.37,129.48,90.28,144.57,109.91,134.84,124.39,107.62,93.8,95.44,75.21,95.66,121.13,,78.74,126.63,118.15,108.41,107.14,80.47,70.89,76.8,109.34,139.97,122.64,157.14,129.34,182.45,114.61,112.1,104.58,92.54,91.55,125.68,68.9,153.71,186.21,151.19
2024-09-05,112.2,113.47,132.38,112.24,100.2,83.35,93.01,115.03,119.81,171.67,108.06,125.29,129.33,90.2,144.03,109.79,134.75,124.44,107.76,93.71,95.52,75.27,95.64,120.96,,78.54,126.67,118.22,108.71,107.11,80.51,71.12,76.92,109.39,139.87,122.51,157.0,129.7,182.37,114.48,111.93,104.39,92.57,91.5,125.72,68.88,153.53,186.08,151.04
2024-09-06,112.12,113.22,132.2,112.19,100.16,83.73,93.17,114.99,120.01,171.74,108.13,125.33,129.32,90.15,143.98,109.79,134.89,124.46,107.81,93.78,95.57,75.37,95.59,120.94,,78.4,126.75,118.29,108.58,106.99,80.5,71.34,77.08,109.38,139.87,122.5,156.96,130.66,182.55,114.51,111.75,104.39,92.53,91.41,125.9,68.86,153.49,186.05,150.98
2024-09-07,112.16,113.02,131.93,112.2,100.19,84.16,93.41,115.1,120.33,171.81,108.24,125.45,129.35,90.06,144.07,109.93,135.02,124.72,107.94,93.91,95.56,75.53,95.55,120.97,,78.24,126.77,118.74,108.42,107.02,80.57,71.65,77.26,109.48,139.92,122.55,157.05,131.81,182.87,114.58,111.59,104.44,92.57,91.36,126.09,68.92,153.56,186.09,150.94
2024-09-08,112.14,113.48,131.64,112.18,100.17,84.58,93.62,115.22,120.44,171.88,108.29,125.53,129.34,89.96,144.22,109.61,135.12,125.01,108.03,94.05,95.51,75.64,95.5,120.99,,78.04,126.76,118.97,108.37,106.98,80.63,71.75,77.43,109.58,140.02,122.67,157.1,132.99,183.39,114.59,111.42,104.46,92.59,91.36,126.37,68.92,153.51,186.16,150.87
2024-09-09,112.14,114.71,131.51,112.62,100.11,84.94,93.82,115.37,120.53,171.84,108.34,125.53,129.3,89.81,144.2,109.33,135.15,125.19,108.1,94.12,95.54,75.77,95.46,120.98,,77.89,126.8,119.12,108.25,107.02,80.63,71.75,77.47,109.59,140.0,122.71,157.18,133.63,183.78,114.57,111.4,104.49,92.66,91.32,126.49,68.95,153.5,186.21,150.89
2024-09-10,112.17,119.9,131.73,112.6,100.1,85.42,94.07,115.59,120.74,172.12,108.34,125.63,129.3,89.64,144.33,109.29,135.18,125.71,108.18,94.02,95.63,75.91,95.46,121.03,,77.85,126.83,119.52,108.12,107.12,80.67,71.77,77.5,109.62,140.1,122.87,157.36,134.05,184.04,114.56,111.4,104.47,92.73,91.3,126.63,69.08,153.49,186.36,150.91
2024-09-11,112.26,123.18,131.95,112.66,100.05,85.6,94.14,115.81,121.25,172.29,108.4,125.78,129.35,89.63,144.37,109.36,135.18,125.73,108.33,94.14,95.72,76.02,95.42,121.15,,77.81,126.9,119.89,108.05,107.25,80.78,71.74,77.45,109.75,140.25,123.11,157.58,134.6,184.49,114.7,111.4,104.44,92.85,91.29,126.86,69.19,153.6,186.6,150.93
2024-09-12,112.31,125.13,132.23,112.73,100.07,85.78,94.25,115.91,121.71,172.43,108.45,125.94,129.42,89.52,144.55,109.55,135.38,125.68,108.51,94.35,95.89,76.04,95.43,121.14,,77.75,126.98,120.24,107.67,107.39,80.87,71.79,77.32,109.82,140.33,123.25,157.83,135.04,184.99,114.81,111.39,104.35,92.86,91.31,126.69,69.26,153.73,186.64,150.87
2024-09-13,112.39,125.41,132.39,112.71,100.04,85.82,94.27,116.09,121.85,172.59,108.38,126.0,129.38,89.46,144.63,109.76,135.35,125.69,108.62,94.45,96.04,75.96,95.41,121.16,,77.73,127.02,120.52,107.6,107.57,80.86,71.77,77.23,109.91,140.37,123.36,157.95,135.3,185.34,114.8,111.35,104.29,92.95,91.34,126.82,69.32,153.77,186.65,150.78
2024-09-14,112.38,124.97,132.42,112.72,99.94,85.96,94.25,116.16,122.0,172.75,108.3,126.09,129.33,89.4,144.61,109.8,135.38,125.61,108.8,94.52,96.27,75.89,95.42,121.18,,77.66,127.09,120.68,107.55,107.52,80.86,71.7,77.23,109.96,140.44,123.49,157.91,135.52,185.69,114.82,111.36,104.18,92.93,91.39,126.85,69.37,153.75,186.87,150.73
2024-09-15,112.37,124.94,132.42,112.7,99.89,86.04,94.16,116.21,122.22,172.91,108.25,126.24,129.28,89.31,144.27,109.94,135.29,125.48,109.03,94.58,96.47,75.87,95.41,121.19,,77.61,127.1,120.67,107.38,107.57,80.78,71.6,77.2,109.97,140.47,123.54,157.84,135.74,185.8,114.85,111.37,104.12,92.85,91.42,126.74,69.42,153.78,186.95,150.57
2024-09-16,112.38,124.19,132.39,112.21,99.89,86.16,94.1,116.3,122.48,173.14,108.19,126.34,129.25,89.27,144.26,110.05,135.32,125.41,109.2,94.72,96.65,75.81,95.39,121.24,,77.57,127.05,120.89,107.34,107.57,80.72,71.6,77.12,110.03,140.58,123.64,157.75,136.08,186.03,114.85,111.37,104.26,92.78,91.42,126.76,69.47,153.71,187.08,150.63
2024-09-17,112.43,121.92,132.44,112.31,99.95,86.29,94.15,116.34,122.72,173.48,108.16,126.52,129.25,89.32,144.31,109.96,135.35,125.54,109.31,94.97,96.84,75.81,95.42,121.34,,77.55,127.17,120.99,107.36,107.57,80.76,71.69,77.03,110.07,140.67,123.74,158.01,136.34,186.21,114.91,111.63,104.47,92.76,91.5,126.75,69.57,153.6,187.22,150.87
2024-09-18,112.52,120.57,132.49,112.36,100.04,86.33,94.23,116.5,122.91,173.71,108.14,126.73,129.29,89.34,144.39,110.04,135.63,125.65,109.49,95.1,97.08,75.72,95.33,121.38,,77.59,127.33,121.06,107.42,107.67,80.83,71.69,76.83,110.08,140.8,123.84,158.2,136.64,186.3,114.99,111.85,104.82,92.75,91.52,126.73,69.67,153.66,187.48,151.18
2024-09-19,112.62,119.57,132.63,112.4,100.16,86.32,94.34,116.66,123.03,173.97,108.14,126.91,129.31,89.48,144.49,110.13,135.73,125.64,109.66,95.22,97.21,75.66,95.1,121.55,,77.7,127.51,121.04,107.85,107.75,80.86,71.68,76.76,110.07,140.91,123.92,158.45,136.77,186.26,115.11,112.05,105.28,92.93,91.53,127.04,69.8,153.72,187.79,151.49
2024-09-20,112.71,120.24,132.83,112.47,100.25,86.3,94.5,116.75,123.28,174.14,108.2,127.06,129.37,89.57,144.56,110.02,135.99,125.71,109.72,95.35,97.33,75.52,94.96,121.66,,77.79,127.66,121.04,107.95,107.9,80.99,71.72,76.65,110.11,141.04,124.02,158.69,137.07,186.3,115.25,112.24,105.7,93.06,91.59,127.01,69.93,153.74,188.19,151.71
2024-09-21,112.73,121.36,133.03,112.41,100.29,86.16,94.6,116.92,123.41,174.22,108.17,127.01,129.3,89.59,144.41,109.97,136.14,125.76,109.67,95.47,97.28,75.34,94.71,121.63,,77.81,127.65,120.83,108.06,108.09,81.04,71.61,76.39,110.04,141.02,124.03,158.94,137.2,186.22,115.27,112.3,106.09,93.06,91.52,126.94,70.01,153.76,188.32,151.91
2024-09-22,112.77,121.88,133.23,112.41,100.36,86.05,94.72,117.18,123.55,174.42,108.16,126.92,129.35,89.68,144.61,109.99,136.36,125.89,109.63,95.53,97.24,75.12,94.44,121.63,,77.81,127.77,120.81,108.12,108.27,81.18,71.51,76.21,109.95,141.07,124.09,159.2,137.35,186.41,115.32,112.41,106.3,93.11,91.55,126.95,70.05,153.91,188.56,152.16
2024-09-23,112.8,122.49,133.41,112.62,100.41,85.94,94.84,117.63,123.55,174.58,108.11,126.93,129.35,89.86,144.63,110.01,136.4,126.05,109.58,95.51,97.21,75.01,94.24,121.59,,77.81,127.91,120.65,108.16,108.38,81.52,71.62,76.04,109.83,141.1,124.14,159.46,137.32,186.51,115.42,112.56,106.33,93.24,91.59,126.88,70.09,154.08,188.78,152.22
2024-09-24,112.75,122.72,133.39,112.54,100.52,85.82,94.84,117.7,123.54,174.54,108.06,126.83,129.31,89.86,144.46,110.03,136.47,126.03,109.53,95.45,97.12,74.8,93.96,121.49,,77.74,127.97,120.34,108.15,108.45,81.55,71.49,76.02,109.68,141.04,124.11,159.38,137.43,186.76,115.4,112.47,106.3,93.29,91.53,126.73,70.06,154.29,188.9,152.18
2024-09-25,112.64,122.57,133.3,112.45,100.57,85.64,94.79,117.69,123.4,174.6,107.93,126.65,129.2,89.8,144.15,109.71,136.3,125.98,109.44,95.4,96.94,74.67,93.94,121.4,,77.61,127.9,120.06,108.09,108.4,81.54,71.47,76.07,109.45,140.93,124.04,159.37,137.4,186.93,115.29,112.34,106.11,93.32,91.54,126.55,70.06,154.23,188.88,151.99
2024-09-26,112.58,122.11,133.0,112.42,100.63,85.56,94.64,117.78,123.28,174.67,107.87,126.51,129.16,89.8,144.15,109.49,136.24,126.01,109.39,95.4,96.81,74.51,93.97,121.35,,77.52,127.85,119.81,108.14,108.37,81.52,71.45,76.44,109.23,140.88,124.04,159.34,137.43,187.3,115.09,112.3,105.95,93.35,91.61,126.39,69.97,154.08,189.05,151.91
2024-09-27,112.47,121.37,132.62,112.33,100.75,85.5,94.52,117.84,123.15,174.63,107.83,126.38,129.08,89.85,143.76,109.3,136.1,125.68,109.44,95.09,96.64,74.36,93.95,121.25,,77.45,127.78,119.31,108.12,108.27,81.46,71.5,76.98,108.86,140.71,123.98,159.32,137.7,187.41,114.95,112.21,105.83,93.37,91.63,126.08,69.75,153.92,189.07,151.85
2024-09-28,112.38,120.51,132.16,112.23,100.81,85.41,94.26,117.87,122.98,174.4,107.86,126.25,129.04,89.97,143.52,109.09,135.96,125.32,109.5,94.7,96.49,74.18,93.63,121.2,,77.41,127.74,119.0,108.04,108.24,81.35,71.56,77.39,108.45,140.6,123.9,159.34,138.01,187.46,114.69,112.07,105.65,93.42,91.52,125.84,69.5,153.72,189.15,151.81
2024-09-29,112.37,119.86,131.86,112.21,100.94,85.42,94.15,117.86,122.8,174.3,107.92,126.22,129.01,90.07,143.29,108.97,135.78,125.11,109.51,94.57,96.49,74.08,93.54,121.21,,77.42,127.81,118.86,108.13,108.23,81.3,71.71,77.93,108.18,140.59,123.97,159.38,138.19,187.6,114.6,112.02,105.61,93.5,91.52,125.63,69.38,153.46,189.28,151.83
2024-09-30,112.37,119.15,131.61,112.03,101.12,85.46,94.1,117.61,122.69,174.25,108.01,126.18,129.01,90.16,143.05,108.85,135.79,124.96,109.55,94.44,96.59,73.99,93.45,121.28,,77.5,127.93,118.67,108.22,108.28,81.13,71.64,78.5,108.01,140.59,124.0,159.47,138.52,187.74,114.53,111.99,105.75,93.53,91.6,125.47,69.34,153.27,189.36,151.85
2024-10-01,112.31,117.63,131.4,111.91,101.11,85.45,94.04,117.61,122.4,174.21,108.04,126.01,128.91,90.27,142.66,109.22,135.71,124.75,109.5,94.45,96.57,73.96,93.37,121.19,,77.5,127.82,117.73,108.31,108.31,80.99,71.84,78.9,107.7,140.47,123.89,159.38,138.55,187.65,114.3,111.95,105.84,93.49,91.68,125.12,69.21,153.01,189.28,151.72
2024-10-02,112.24,116.49,131.15,111.76,101.16,85.39,93.97,117.52,122.09,174.12,108.1,125.81,128.83,90.34,142.37,109.54,135.67,124.51,109.35,94.45,96.57,73.88,93.2,121.04,,77.44,127.71,116.94,108.23,108.35,80.77,71.98,79.29,107.44,140.32,123.78,159.17,138.59,187.62,114.15,111.91,105.81,93.41,91.66,124.82,69.05,152.77,189.15,151.75
2024-10-03,112.1,115.28,130.91,111.55,101.18,85.32,93.85,117.58,121.74,173.98,108.0,125.58,128.63,90.4,141.45,109.86,135.5,124.16,109.13,94.4,96.57,73.82,93.05,120.84,,77.35,127.66,116.02,107.79,108.27,80.57,72.2,79.26,107.24,140.15,123.65,158.91,138.67,187.64,113.94,111.79,105.49,93.28,91.63,124.5,68.9,152.63,188.94,148.31
2024-10-04,112.08,114.35,130.81,111.41,101.19,85.27,93.77,117.55,121.44,173.99,107.92,125.4,128.48,90.45,141.16,110.1,135.37,124.14,109.11,94.56,96.6,73.93,92.88,120.7,,77.33,127.75,115.35,107.79,108.31,80.43,72.4,78.98,107.19,140.12,123.59,158.77,138.43,187.68,113.64,111.77,105.49,93.16,91.64,124.31,69.01,152.61,188.76,148.34
2024-10-05,112.06,113.61,130.77,111.32,101.3,85.26,93.79,117.42,121.25,174.14,107.77,125.33,128.31,90.49,140.98,110.38,135.09,124.14,109.08,94.67,96.65,74.13,93.08,120.58,,77.34,127.86,114.55,107.75,108.36,80.3,72.66,79.02,107.24,140.12,123.55,158.61,138.18,187.76,113.54,111.88,105.48,93.08,91.86,124.12,69.16,152.61,188.55,148.3
2024-10-06,111.96,112.69,130.59,111.12,101.3,85.1,93.61,117.16,120.99,174.05,107.54,125.15,128.05,90.53,140.72,110.51,134.84,123.88,109.03,94.53,96.49,74.27,93.05,120.35,,77.3,127.78,113.41,107.56,108.32,80.09,72.82,78.83,107.16,139.97,123.36,158.49,137.92,187.63,113.3,111.81,105.47,92.9,91.86,123.92,69.18,152.52,188.26,148.3
2024-10-07,111.79,111.54,130.33,110.8,101.22,84.76,93.31,116.95,120.66,173.85,107.35,125.0,127.78,90.47,140.43,110.66,134.5,123.62,108.91,94.36,96.2,74.35,92.91,120.06,,77.21,127.66,112.34,107.2,108.3,79.8,72.92,78.61,107.04,139.81,123.17,158.18,137.56,187.57,113.02,111.68,105.24,92.74,91.78,123.68,69.15,152.42,188.02,148.24
2024-10-08,111.68,111.5,130.1,110.59,101.27,84.66,93.05,116.91,120.52,173.68,107.24,124.91,127.63,90.48,140.25,110.28,134.28,123.42,108.88,94.15,96.01,74.4,92.86,119.91,,77.22,127.66,111.99,106.76,108.27,79.67,73.03,78.46,107.09,139.79,123.12,158.04,137.32,187.74,112.9,111.63,104.99,92.64,91.72,123.58,69.21,152.53,187.96,148.18
2024-10-09,111.57,111.68,129.9,110.42,101.33,84.71,92.96,116.95,120.45,173.53,107.11,124.81,127.51,90.53,140.09,109.86,133.97,123.19,108.88,94.01,95.78,74.41,92.63,119.76,,77.27,127.85,111.54,106.42,108.19,79.51,73.11,78.33,107.24,139.82,123.09,157.91,137.0,187.81,112.8,111.56,104.9,92.53,91.74,123.48,69.27,152.65,187.94,148.0
2024-10-10,111.43,111.8,129.66,110.12,101.21,84.67,92.95,116.76,120.25,173.31,107.04,124.63,127.33,90.5,139.8,109.29,133.72,123.01,108.84,93.7,95.38,74.34,92.37,119.48,,77.27,127.8,110.99,106.35,108.12,79.29,73.07,78.16,107.36,139.71,122.98,157.63,136.28,187.66,112.6,111.53,104.95,92.33,91.68,123.35,69.2,152.77,187.79,151.33
2024-10-11,111.07,111.62,129.36,109.78,101.08,84.26,92.83,116.54,120.0,173.11,106.83,124.41,127.13,90.29,139.58,108.63,133.4,122.66,108.24,93.48,94.95,74.11,92.17,119.12,,77.2,127.69,110.41,105.74,107.58,78.97,73.01,78.13,107.38,139.53,122.8,157.19,135.41,187.51,112.42,111.37,104.56,92.09,91.57,123.14,69.0,152.8,187.47,151.16
2024-10-12,110.83,111.76,129.12,109.48,100.96,83.86,92.79,116.6,119.67,172.9,106.7,124.14,126.91,90.06,139.37,108.24,133.26,122.36,108.05,93.45,94.55,73.9,91.92,118.79,,77.12,127.57,110.06,105.33,107.47,78.75,72.82,77.92,107.4,139.28,122.63,156.56,134.53,187.39,112.19,111.15,104.33,91.94,91.45,122.92,68.82,152.91,187.16,150.86
2024-10-13,110.62,112.14,128.94,109.22,100.87,83.62,92.86,116.68,119.4,172.83,106.58,123.9,126.69,89.84,139.19,107.9,133.17,122.17,107.92,93.47,94.21,73.68,91.73,118.53,,77.08,127.52,109.79,105.07,107.42,78.51,72.73,77.77,107.46,139.08,122.45,155.92,133.66,187.24,111.88,111.02,104.05,91.79,91.33,122.66,68.66,153.1,186.87,150.47
2024-10-14,110.37,112.54,128.78,108.94,100.78,83.44,92.92,116.54,119.02,172.76,106.36,123.5,126.46,89.62,138.67,107.28,133.04,121.85,107.79,93.48,93.87,73.35,91.58,118.17,,76.89,127.38,109.45,104.74,107.26,78.25,72.62,77.64,107.45,138.88,122.31,155.43,132.74,187.0,111.38,110.83,103.87,91.66,91.23,122.38,68.53,153.3,186.52,150.09
2024-10-15,110.15,112.85,128.7,108.72,100.73,83.36,92.89,116.4,118.47,172.72,106.15,123.43,126.13,89.48,138.29,106.97,132.74,121.61,107.64,93.4,93.54,73.2,91.38,117.86,,76.71,127.28,109.35,104.4,107.1,78.01,72.47,77.46,107.45,138.6,122.13,155.09,131.55,186.6,111.11,110.7,103.58,91.54,91.12,122.13,68.43,153.03,186.08,149.78
2024-10-16,109.91,112.92,128.52,108.47,100.61,83.19,92.8,116.18,117.97,172.62,105.92,123.4,125.76,89.26,138.01,106.84,132.5,121.38,107.49,93.29,93.2,73.09,91.21,117.62,,76.53,127.04,109.18,104.2,107.03,77.83,72.31,77.22,107.31,138.34,121.84,154.78,130.5,186.38,110.67,110.55,103.16,91.45,90.98,121.74,68.27,152.78,185.67,149.53
2024-10-17,109.73,113.37,128.41,108.32,100.67,83.07,92.56,115.96,117.62,172.61,105.73,123.52,125.44,89.12,138.44,106.85,132.25,121.19,107.53,93.32,92.95,72.93,90.97,117.46,,76.38,126.86,109.33,104.14,107.03,77.73,72.16,77.01,107.21,138.15,121.68,154.6,129.89,186.21,110.4,110.27,103.0,91.41,90.73,121.39,68.27,152.4,185.37,149.06
2024-10-18,109.52,114.0,128.17,108.01,100.59,83.26,92.36,115.62,116.26,172.48,105.49,123.55,124.92,89.01,137.84,107.12,131.9,121.04,107.81,93.31,92.67,72.89,90.74,117.11,,76.22,126.55,109.34,103.94,107.32,77.62,72.04,76.82,107.05,137.91,121.47,153.87,129.04,186.02,109.76,110.07,102.78,91.24,90.51,120.82,68.35,152.01,184.94,148.59
2024-10-19,109.13,114.12,127.75,107.49,100.35,83.4,91.76,115.08,114.89,172.03,105.23,123.57,124.41,88.84,137.25,107.09,131.33,120.91,107.66,93.11,92.25,72.73,90.27,116.62,,75.97,125.99,109.04,103.58,107.11,77.3,71.94,76.53,106.71,137.43,121.12,153.41,128.14,185.59,109.03,109.79,102.4,90.99,90.02,120.17,68.31,151.53,184.49,148.38
2024-10-20,108.88,114.33,127.51,107.21,100.18,83.49,91.48,114.61,113.52,171.79,105.01,123.66,124.0,88.76,136.71,107.02,131.02,121.02,107.52,93.08,92.01,72.71,90.09,116.25,,75.85,125.69,108.9,103.32,106.94,77.18,71.93,76.28,106.52,137.19,120.95,152.93,127.39,185.5,108.77,109.69,102.04,90.88,89.85,119.71,68.39,151.1,184.11,148.18
2024-10-21,108.67,114.64,127.31,106.97,100.08,83.63,91.31,114.28,112.31,171.49,104.87,123.91,123.65,88.71,136.49,107.01,130.63,121.17,107.33,93.21,91.83,72.77,90.0,116.01,,75.84,125.49,108.85,103.07,106.79,77.1,71.92,76.07,106.43,137.04,120.78,152.45,126.62,185.38,108.76,109.68,101.71,90.76,89.63,119.22,68.44,150.69,183.73,147.99
2024-10-22,108.54,115.52,127.14,106.82,99.96,83.54,91.36,113.89,111.44,171.14,104.8,123.93,123.37,88.64,136.18,106.89,130.4,121.05,107.16,93.31,91.8,72.75,89.79,115.73,,75.85,125.37,108.8,102.89,106.69,77.07,71.83,75.88,106.39,136.89,120.69,151.84,126.17,185.61,108.42,109.63,101.51,90.75,89.41,118.98,68.36,150.67,183.35,147.81
2024-10-23,108.39,116.54,126.96,106.62,99.81,83.38,91.29,113.52,110.6,170.79,104.83,124.01,123.18,88.6,135.92,106.61,130.26,121.05,107.16,93.36,91.83,72.73,89.67,115.38,,75.79,125.26,108.97,102.55,106.6,77.1,71.9,75.83,106.35,136.83,120.69,151.36,125.81,185.71,108.31,109.56,101.39,90.84,89.24,118.69,68.42,150.7,183.06,147.67
2024-10-24,108.15,117.11,126.82,106.37,99.54,83.14,91.3,113.16,109.73,170.32,104.79,124.01,122.94,88.49,135.73,106.37,130.2,121.06,106.99,93.48,91.87,72.82,89.51,115.11,,75.75,125.1,108.87,102.18,106.42,77.01,71.9,75.75,105.71,136.08,120.07,150.72,125.12,185.22,108.17,109.53,101.14,90.88,89.09,118.32,68.4,150.79,182.43,147.56
2024-10-25,108.17,117.79,126.8,106.46,99.46,82.92,91.31,113.09,109.96,170.11,104.92,124.22,123.07,88.5,136.12,106.17,130.39,121.21,107.01,93.59,92.08,72.95,89.51,115.22,,75.8,125.17,108.83,102.16,106.37,77.03,71.85,75.66,105.58,135.93,119.95,150.3,124.94,185.48,108.47,109.55,101.01,91.07,89.03,118.58,68.35,151.03,182.28,147.53
2024-10-26,108.31,118.83,126.99,106.77,99.6,82.85,91.73,113.04,110.23,170.27,105.06,124.5,123.33,88.55,136.46,105.86,130.75,121.23,107.07,93.76,92.46,73.21,89.72,115.42,,75.9,125.64,109.04,102.45,106.49,77.2,71.88,75.77,105.69,136.08,120.0,149.93,124.74,186.09,108.87,109.68,100.98,91.34,89.2,119.08,68.43,151.34,182.21,147.33
2024-10-27,108.33,119.56,126.98,106.84,99.7,82.77,91.79,112.96,110.56,170.24,105.2,124.7,123.54,88.52,136.72,105.59,130.9,121.07,107.11,93.86,92.7,73.34,89.67,115.53,,75.84,125.86,109.22,102.48,106.57,77.21,71.81,75.85,105.65,135.98,119.86,149.68,124.37,186.2,108.96,109.64,100.94,91.49,89.17,119.44,68.42,151.59,182.01,147.28
2024-10-28,108.37,119.94,126.78,106.99,99.76,82.68,91.96,112.9,110.33,170.42,105.35,124.9,123.74,88.49,137.14,105.57,131.09,120.95,107.24,93.85,92.9,73.48,89.54,115.65,,75.8,126.02,109.41,102.57,106.68,77.23,71.71,75.89,105.59,135.81,119.72,149.91,124.17,186.44,109.08,109.58,100.93,91.64,89.16,119.75,68.38,151.79,181.85,147.21
2024-10-29,108.36,119.89,126.77,107.1,99.78,82.59,91.95,112.76,110.05,170.6,105.37,125.13,123.92,88.45,137.65,105.52,131.36,121.0,107.37,93.81,93.01,73.7,89.61,115.81,,75.72,126.15,109.5,102.54,106.8,77.19,71.79,76.02,105.49,135.81,119.55,150.23,123.99,186.51,109.37,109.57,100.99,91.75,89.19,119.93,68.45,152.02,181.94,147.14
2024-10-30,108.35,119.36,127.01,107.23,99.81,82.6,92.03,112.61,109.52,170.62,105.21,125.24,123.88,88.41,137.87,105.44,131.38,121.02,107.29,93.7,93.04,73.88,89.67,115.88,,75.63,126.2,109.27,102.4,106.84,77.08,71.71,75.96,105.37,135.57,119.24,150.31,123.82,186.48,109.5,109.57,101.03,91.77,89.22,120.11,68.41,151.92,181.58,147.04
2024-10-31,108.51,118.9,127.34,107.51,99.92,82.81,92.18,112.55,109.46,170.95,105.27,125.42,124.19,88.48,138.33,105.31,131.52,120.71,107.4,93.64,93.21,74.23,89.98,116.18,,75.56,126.48,109.27,102.42,107.02,77.18,71.75,76.04,105.91,136.12,119.63,150.71,123.98,187.01,109.7,109.76,101.2,91.94,89.45,120.55,68.49,152.05,181.91,146.99
2024-11-01,108.55,117.35,127.71,107.28,99.9,83.04,92.43,112.58,109.68,171.14,105.25,125.45,124.3,88.42,138.6,105.62,131.56,120.32,107.41,93.55,93.32,74.69,90.15,116.07,,75.43,126.63,109.76,101.93,107.06,77.35,71.75,76.12,105.99,135.97,119.54,151.47,123.96,186.87,109.94,109.82,101.02,92.14,89.53,120.51,68.6,152.04,182.18,143.65
2024-11-02,108.69,115.78,128.03,107.25,99.82,83.2,92.69,112.48,110.06,171.39,105.25,125.46,124.39,88.46,138.88,105.9,131.61,120.15,107.4,93.49,93.37,75.13,90.37,116.3,,75.32,126.62,110.34,101.81,107.11,77.54,71.76,76.09,105.99,135.92,119.4,152.15,123.81,186.65,110.25,109.98,101.07,92.28,89.67,120.51,68.58,151.99,182.3,143.68
2024-11-03,108.77,114.17,128.26,107.22,99.69,83.37,92.88,112.35,110.38,171.48,105.19,125.46,124.44,88.52,139.02,106.2,131.56,119.87,107.39,93.33,93.38,75.53,90.56,116.43,,75.23,126.57,110.87,101.77,107.15,77.7,71.68,76.08,105.99,135.83,119.28,152.68,123.65,186.56,110.5,110.12,101.18,92.47,89.69,120.48,68.52,151.89,182.45,143.62
2024-11-04,108.79,112.62,128.72,107.14,99.6,83.57,92.9,112.51,111.27,171.54,105.14,125.5,124.46,88.54,139.18,106.35,131.59,119.56,107.36,93.08,93.38,75.89,90.79,116.66,,75.1,126.57,111.25,101.79,107.18,77.84,71.63,75.97,105.95,135.77,119.12,152.6,123.32,186.46,110.73,110.28,101.22,92.6,89.76,120.56,68.49,151.78,182.59,143.64
2024-11-05,108.86,110.79,128.92,107.03,99.47,83.69,92.98,112.5,112.2,171.7,105.15,125.53,124.53,88.58,139.44,106.63,131.53,119.3,107.38,92.87,93.4,76.17,90.96,116.85,,74.97,126.58,111.38,101.86,107.19,77.99,71.51,75.85,105.86,135.62,119.0,152.41,122.95,186.39,110.91,110.38,101.24,92.73,89.8,120.58,68.39,151.54,182.67,143.69
2024-11-06,108.97,109.12,128.96,106.93,99.49,83.87,92.97,112.55,113.39,172.04,105.28,125.64,124.79,88.63,139.92,107.04,131.65,118.88,107.44,92.78,93.56,76.5,91.1,117.2,,74.91,126.74,111.62,102.0,107.19,78.21,71.41,75.84,105.84,135.69,119.05,152.38,122.5,186.3,110.96,110.51,101.3,92.89,89.79,120.7,68.29,151.57,183.06,143.58
2024-11-07,109.05,107.69,128.91,106.84,99.38,83.85,93.11,112.54,114.02,172.1,105.32,125.62,124.81,88.64,140.13,107.6,131.61,118.98,107.39,92.6,93.56,76.69,91.13,117.34,,74.78,126.76,111.82,101.91,107.14,78.28,71.25,75.7,105.78,135.61,118.96,152.44,122.09,186.21,111.1,110.48,101.24,92.98,89.77,120.71,68.11,151.35,183.01,143.47
2024-11-08,109.16,107.25,128.83,107.1,99.41,83.46,93.23,112.42,114.16,172.08,105.4,125.67,124.92,88.75,140.35,107.19,131.53,119.07,107.47,92.49,93.54,76.74,91.16,117.78,,74.66,126.77,111.58,102.12,107.23,78.25,71.16,75.66,105.68,135.83,118.99,152.65,121.61,186.13,111.14,110.58,101.57,93.01,89.82,120.94,67.88,151.08,182.95,146.54
2024-11-09,109.18,107.04,128.75,107.11,99.37,83.17,93.3,112.39,114.11,172.05,105.45,125.79,125.01,88.78,140.79,107.02,131.49,118.97,107.57,92.46,93.56,76.79,90.93,117.93,,74.63,126.88,111.22,101.81,107.25,78.25,71.09,75.48,105.66,135.9,119.05,152.87,121.45,186.13,111.17,110.56,101.57,93.1,89.78,120.87,67.68,151.06,183.02,146.38
2024-11-10,109.24,106.74,128.6,107.13,99.35,82.84,93.39,112.46,114.11,172.04,105.51,125.87,125.08,88.86,141.25,106.82,131.36,118.94,107.63,92.42,93.55,76.93,90.77,118.07,,74.64,126.88,110.84,101.43,107.29,78.26,71.19,75.42,105.63,135.99,119.06,152.98,121.26,186.12,111.15,110.58,101.57,93.15,89.79,120.78,67.55,150.79,183.0,146.07
2024-11-11,109.38,106.99,128.52,107.55,99.36,82.49,93.5,112.37,114.22,171.87,105.54,125.88,125.21,88.96,141.44,106.67,131.28,118.9,107.72,92.45,93.57,77.07,90.6,118.12,,74.63,126.83,110.5,101.07,107.33,78.26,71.25,75.5,105.6,135.99,119.12,153.29,121.19,185.98,111.07,110.65,101.58,93.21,89.78,120.75,67.4,150.46,183.11,145.6
2024-11-12,109.43,106.89,128.46,107.92,99.44,82.42,93.5,112.58,114.08,171.75,105.55,125.95,125.23,89.02,141.61,106.38,131.15,118.71,107.76,92.47,93.47,77.12,90.38,118.13,,74.62,126.65,110.4,100.7,107.33,78.19,71.26,75.47,105.53,135.96,119.07,153.61,121.1,185.72,110.95,110.59,101.56,93.23,89.73,120.64,67.28,150.25,183.15,145.06
2024-11-13,109.49,107.17,128.39,108.33,99.41,82.34,93.59,112.72,114.0,171.59,105.56,126.03,125.27,89.1,141.84,106.08,131.07,118.59,107.83,92.55,93.28,77.17,90.32,118.14,,74.53,126.5,110.11,100.53,107.36,78.08,71.23,75.42,105.47,135.92,119.02,153.92,120.99,185.63,111.02,110.56,101.47,93.26,89.78,120.62,67.17,150.05,183.22,144.68
2024-11-14,109.54,107.72,128.29,108.72,99.46,82.4,93.56,112.76,114.11,171.61,105.58,126.22,125.3,89.12,141.93,105.72,131.05,118.42,107.9,92.78,93.18,77.25,90.3,118.21,,74.54,126.42,109.79,100.55,107.41,78.06,71.28,75.32,105.38,135.9,118.95,154.05,120.84,185.46,111.05,110.62,101.58,93.29,89.68,120.5,67.06,149.87,183.28,144.44
2024-11-15,109.61,108.52,128.3,109.05,99.43,82.85,93.37,113.01,114.44,171.81,105.51,126.17,125.32,89.14,142.15,105.91,130.89,118.24,107.79,93.04,93.14,77.35,90.25,118.15,,74.54,126.38,109.55,100.56,107.38,77.99,71.41,75.1,105.38,135.82,118.85,154.01,120.76,185.34,111.03,110.59,101.6,93.35,89.61,120.59,66.94,149.85,183.49,144.29
2024-11-16,109.62,108.98,128.34,109.43,99.47,84.22,93.28,113.25,114.71,171.71,105.52,126.08,125.35,89.17,142.23,106.04,130.77,118.02,107.7,93.25,93.09,77.57,90.34,118.03,,74.43,126.42,109.39,100.49,107.31,77.89,71.44,75.04,105.31,135.74,118.81,154.03,120.6,185.1,110.99,110.62,101.61,93.37,89.57,121.34,66.91,149.72,183.73,144.13
2024-11-17,109.61,109.63,128.51,109.76,99.48,85.53,93.19,113.39,114.91,171.65,105.5,126.01,125.37,89.14,142.28,106.09,130.79,117.64,107.61,93.48,93.1,77.59,90.25,117.93,,74.22,126.45,109.3,100.44,107.18,77.83,71.31,74.83,105.26,135.66,118.78,154.09,120.5,184.91,110.87,110.51,101.67,93.36,89.55,122.06,66.8,149.77,183.9,143.98
2024-11-18,109.6,109.98,128.59,109.72,99.51,86.93,93.44,113.43,114.94,171.75,105.52,125.94,125.32,89.13,142.43,106.21,130.78,117.5,107.51,93.77,93.14,77.72,90.23,117.86,,74.04,126.58,109.36,100.56,107.1,77.81,71.33,74.6,105.22,135.63,118.73,154.07,120.45,184.8,110.84,110.41,101.77,93.39,89.5,122.82,66.74,149.88,183.95,143.89
2024-11-19,109.6,110.92,128.63,109.72,99.52,88.08,93.76,113.36,115.06,171.76,105.52,125.82,125.4,89.11,142.57,106.38,130.91,117.43,107.43,94.05,93.21,77.89,90.42,117.83,,73.87,126.86,109.32,100.84,107.03,77.81,71.39,74.45,105.3,135.61,118.76,154.18,120.43,184.81,110.87,110.48,101.84,93.38,89.52,123.65,66.72,150.06,183.98,144.55
2024-11-20,109.6,111.94,128.71,109.71,99.51,89.19,93.58,113.32,115.16,171.88,105.48,125.74,125.43,89.06,142.5,106.6,130.98,117.35,107.36,94.25,93.35,78.0,90.34,117.73,,73.82,127.07,109.44,101.02,106.97,77.74,71.41,74.25,105.31,135.59,118.73,154.31,120.46,184.89,110.73,110.37,101.93,93.39,89.37,124.44,66.66,150.37,184.04,145.16
2024-11-21,109.61,112.66,128.85,109.67,99.56,90.13,93.37,113.24,115.15,171.75,105.45,125.54,125.53,89.07,142.7,106.83,131.02,117.36,107.28,94.27,93.49,78.1,90.26,117.62,,73.7,127.18,109.51,101.04,106.96,77.63,71.33,74.1,105.37,135.64,118.8,154.38,120.41,185.01,110.66,110.25,101.92,93.38,89.31,125.31,66.58,150.58,184.12,145.67
2024-11-22,109.69,113.53,128.95,109.76,99.67,91.04,93.34,113.19,115.27,171.79,105.57,125.7,125.66,89.13,142.88,106.93,131.34,117.55,107.31,94.22,93.58,78.21,90.23,117.71,,73.5,127.34,109.74,101.18,107.05,77.59,71.09,73.84,105.45,135.74,119.03,154.56,120.37,185.19,110.65,110.25,101.99,93.46,89.12,125.99,66.56,150.79,184.14,146.5
2024-11-23,109.78,114.53,129.06,109.85,99.76,90.97,93.35,113.23,115.54,172.11,105.69,125.82,125.79,89.13,143.08,107.03,131.67,117.8,107.44,94.09,93.7,77.79,90.28,117.83,,73.47,127.49,109.78,101.39,107.1,77.63,70.96,73.68,105.55,135.86,119.19,154.61,120.39,185.42,110.65,110.23,102.13,93.58,88.96,126.16,66.6,150.83,184.06,147.35
2024-11-24,109.87,115.4,129.11,109.9,99.85,90.95,93.3,113.38,115.87,172.27,105.78,126.0,125.96,89.11,143.38,107.22,131.96,118.02,107.55,93.93,93.73,77.49,90.52,117.94,,73.48,127.71,109.72,101.58,107.13,77.63,70.92,73.54,105.65,136.0,119.34,154.68,120.39,185.57,110.69,110.27,102.11,93.69,88.77,126.3,66.66,150.89,184.23,148.28
2024-11-25,109.96,116.26,129.21,109.97,99.89,90.88,92.86,113.62,116.36,172.44,105.9,126.26,126.17,89.13,143.79,107.45,132.28,118.09,107.68,93.75,93.72,77.07,90.65,118.07,,73.58,127.95,109.64,101.82,107.14,77.65,70.74,73.39,105.8,136.14,119.46,154.78,120.34,185.72,110.73,110.27,102.17,93.81,88.59,126.41,66.68,151.01,184.52,149.31
2024-11-26,110.05,119.13,129.37,110.07,99.85,90.86,92.44,113.93,116.89,172.59,106.08,126.5,126.29,89.17,144.13,107.61,132.56,118.24,107.79,93.79,93.74,77.09,90.59,118.17,,73.56,128.14,109.74,102.09,107.16,77.68,70.56,73.22,105.9,136.26,119.51,154.72,120.3,185.79,110.78,110.23,102.21,93.95,88.4,126.59,66.73,151.05,184.87,149.68
2024-11-27,110.19,120.9,129.53,110.24,99.93,90.91,92.58,114.25,117.35,173.29,106.3,126.7,126.51,89.25,144.52,107.84,132.85,118.6,107.85,93.89,93.79,77.24,90.71,118.4,,73.56,128.44,110.04,102.48,107.21,77.79,70.5,73.12,106.06,136.4,119.68,154.62,120.28,185.79,111.08,110.39,102.28,94.08,88.42,126.86,66.88,150.97,185.1,150.18
2024-11-28,110.31,125.32,129.72,110.43,99.95,91.09,92.77,114.69,117.8,174.37,106.47,127.0,126.67,89.31,144.79,107.97,133.12,118.72,107.95,94.02,93.85,77.38,90.77,118.57,,73.61,128.83,110.52,102.73,107.25,77.96,70.5,73.09,106.17,136.59,119.82,154.56,120.3,185.97,111.19,110.54,102.3,94.2,88.41,127.54,67.06,151.09,185.41,150.59
2024-11-29,110.32,126.62,129.78,110.48,99.92,91.28,92.84,114.91,118.0,175.03,106.52,127.15,126.75,89.29,144.92,108.13,133.19,118.62,108.02,94.19,93.89,77.43,90.75,118.64,,73.68,129.08,110.81,102.97,107.19,78.1,70.52,73.21,106.23,136.67,119.81,154.45,120.34,186.1,111.27,110.56,102.24,94.21,88.46,128.07,67.26,151.0,185.53,150.67
2024-11-30,110.32,126.31,129.85,110.48,99.88,91.38,92.75,115.09,118.08,175.59,106.52,127.29,126.76,89.29,144.95,108.29,133.2,118.53,107.92,94.44,93.88,77.82,90.68,118.67,,73.56,129.17,111.11,103.02,107.16,78.15,70.49,73.22,106.22,136.73,119.8,154.56,120.2,185.99,111.34,110.54,102.14,94.17,88.43,128.58,67.38,150.97,185.64,150.8
2024-12-01,110.29,124.15,129.98,110.51,99.86,91.54,92.79,115.35,118.13,176.12,106.53,127.38,126.73,89.29,144.97,108.77,133.18,118.53,107.9,94.77,93.87,78.25,90.52,118.67,,73.47,129.33,111.55,103.02,107.21,78.18,70.41,73.23,106.2,136.74,119.79,154.61,120.04,185.89,111.41,110.52,102.12,94.14,88.44,129.03,67.48,150.98,185.62,150.88
2024-12-02,110.3,121.28,130.06,110.47,99.82,91.73,92.92,115.41,118.12,176.45,106.52,127.44,126.69,89.25,144.93,109.16,133.08,118.46,107.85,95.09,93.86,78.74,90.41,118.61,,73.28,129.38,111.98,102.96,107.26,78.24,70.36,73.28,106.18,136.74,119.84,154.68,119.89,185.88,111.44,110.48,102.02,94.11,88.45,129.41,67.58,150.97,185.54,150.92
2024-12-03,110.29,114.06,130.02,110.41,99.75,91.85,93.02,115.45,117.89,176.65,106.52,127.53,126.65,89.18,144.94,109.61,132.94,118.3,107.8,95.22,93.88,78.7,90.28,118.54,,73.24,129.39,112.23,102.87,107.27,78.31,70.18,73.26,106.07,136.77,119.96,154.72,119.79,186.04,111.45,110.38,101.9,94.01,88.38,129.74,67.66,151.03,185.45,150.87
2024-12-04,110.25,107.26,129.88,110.27,99.55,91.96,93.03,115.49,117.65,176.0,106.49,127.54,126.54,89.12,144.87,110.25,132.86,118.08,107.74,95.25,93.76,78.69,89.96,118.39,,73.11,129.29,112.5,102.81,107.23,78.37,70.0,73.16,105.99,136.77,120.01,154.76,119.62,186.04,111.33,110.15,101.83,93.89,88.23,129.9,67.69,151.03,185.5,150.72
2024-12-05,110.17,98.05,129.64,110.12,99.41,92.04,93.02,115.46,117.4,175.29,106.43,127.56,126.32,89.02,144.83,110.65,132.79,118.02,107.6,95.26,93.59,78.66,89.74,118.23,,72.9,129.24,112.81,102.73,107.13,78.34,69.91,73.08,105.85,136.65,119.93,154.78,119.43,186.03,111.24,109.95,101.78,93.78,88.03,129.59,67.72,150.8,185.51,150.64
2024-12-06,110.19,94.46,129.56,110.08,99.43,92.2,93.1,115.49,117.31,174.87,106.53,127.69,126.25,89.02,145.0,111.02,132.79,118.11,107.59,95.26,93.4,78.76,89.64,118.25,,72.84,129.34,113.32,102.76,107.11,78.34,69.89,73.14,105.77,136.62,119.92,154.85,119.2,186.02,111.26,109.88,101.69,93.76,87.99,129.44,67.65,150.87,185.7,150.69
2024-12-07,110.23,92.99,129.47,110.11,99.53,92.49,93.2,115.64,117.29,174.52,106.68,127.86,126.26,89.05,145.28,111.46,132.97,118.2,107.62,95.11,93.28,78.98,89.57,118.29,,72.89,129.47,114.03,102.84,107.15,78.38,70.14,73.29,105.8,136.69,119.92,154.74,119.19,186.13,111.36,109.91,101.56,93.74,88.04,129.43,67.57,151.0,185.91,150.74
2024-12-08,110.29,93.58,129.42,110.26,99.57,92.76,93.24,115.85,117.22,174.22,106.74,127.99,126.25,89.07,145.59,111.63,133.05,118.37,107.53,94.89,93.14,79.26,89.44,118.3,,72.91,129.48,114.71,102.89,107.14,78.48,70.47,73.42,105.78,136.64,119.95,154.66,118.91,186.14,111.43,109.89,101.39,93.77,88.06,129.42,67.51,151.09,186.26,150.82
2024-12-09,110.37,95.92,129.44,110.53,99.7,93.04,93.27,116.19,117.17,174.21,106.88,128.16,126.25,89.21,145.93,111.84,133.36,118.69,107.55,94.61,93.11,79.59,89.45,118.45,,72.97,129.57,115.19,103.08,107.17,78.67,70.79,73.54,105.69,136.69,119.95,154.58,118.96,186.41,111.55,109.95,101.32,93.84,88.17,129.42,67.5,151.19,186.59,150.97
2024-12-10,110.4,100.07,129.36,110.62,99.82,93.31,93.33,116.49,117.09,174.35,106.97,128.28,126.2,89.24,146.27,112.03,133.63,119.0,107.51,94.56,92.96,79.79,89.5,118.57,,73.07,129.67,115.61,103.22,107.16,78.69,70.91,73.72,105.65,136.53,119.7,154.55,118.99,186.42,111.63,110.02,101.3,93.96,88.19,129.38,67.46,151.47,186.87,151.12
2024-12-11,110.35,104.48,129.29,110.65,100.0,93.46,93.43,116.74,117.02,174.73,106.93,128.49,126.13,89.08,146.72,112.12,133.74,119.19,107.48,94.52,92.88,79.87,89.57,118.59,,72.99,129.72,115.62,102.92,107.09,78.72,71.01,73.97,105.56,136.38,119.46,154.59,119.15,186.46,111.76,110.18,100.91,93.97,88.19,129.03,67.41,151.7,187.04,151.29
2024-12-12,110.39,109.22,129.29,110.68,100.09,92.63,93.52,117.08,116.96,174.32,106.96,128.72,126.2,89.12,147.19,112.34,133.73,119.26,107.57,94.58,92.74,79.95,89.57,118.77,,73.06,129.78,115.6,103.09,107.09,78.82,71.0,74.24,105.52,136.4,119.48,154.55,119.37,186.5,111.85,110.34,100.74,94.04,88.25,127.8,67.34,152.0,187.4,151.41
2024-12-13,110.38,111.11,129.16,110.68,100.06,91.73,93.49,117.41,116.85,173.78,106.89,128.88,126.16,89.04,147.52,112.68,133.7,119.22,107.59,94.61,92.6,79.96,89.59,118.83,,73.05,129.76,115.33,103.13,107.03,78.92,70.88,74.33,105.45,136.34,119.45,154.54,119.56,186.47,111.83,110.39,100.67,94.06,88.19,126.44,67.32,152.04,187.66,151.5
2024-12-14,110.23,112.27,128.92,110.54,99.81,90.67,93.26,117.81,116.73,173.12,106.78,128.96,126.07,88.93,147.71,112.94,133.48,118.91,107.55,94.59,92.32,79.76,89.36,118.75,,72.92,129.56,114.93,102.92,106.81,78.91,70.46,74.22,105.17,136.13,119.38,154.6,119.81,186.26,111.61,110.14,100.31,93.96,87.84,124.86,67.23,152.15,187.9,148.12
2024-12-15,110.22,113.72,128.84,110.47,99.81,89.68,93.25,118.07,116.74,172.63,106.86,129.26,126.12,88.82,148.09,113.21,133.58,118.91,107.7,94.69,92.22,79.67,89.49,118.92,,72.94,129.71,114.57,102.63,106.71,78.99,70.17,74.35,105.15,136.21,119.39,154.72,120.43,186.42,111.64,110.19,100.03,93.98,87.79,123.54,67.31,152.5,188.13,145.48
2024-12-16,110.15,114.22,128.68,110.29,99.76,88.67,93.2,118.42,116.74,171.98,106.87,129.52,126.12,88.65,148.45,113.6,133.48,118.86,107.75,94.93,92.01,79.48,89.51,118.96,,72.96,129.88,114.56,102.4,106.54,78.92,69.91,74.47,105.17,136.28,119.47,154.81,120.79,186.27,111.69,110.18,99.58,93.96,87.69,122.3,67.3,152.83,188.38,142.68
2024-12-17,110.06,115.44,128.54,110.17,99.72,87.72,93.09,118.57,116.91,171.24,106.87,129.8,126.18,88.56,148.69,113.91,133.33,118.78,107.8,94.86,91.87,79.51,89.58,119.07,,72.94,129.95,114.45,102.31,106.52,79.02,69.95,74.61,105.21,136.38,119.7,155.01,121.15,186.07,111.7,110.18,99.13,94.02,87.69,120.87,67.31,152.82,188.73,139.21
2024-12-18,110.04,116.85,128.36,110.03,99.6,86.82,92.94,118.76,116.92,170.37,106.97,129.97,126.22,88.43,148.84,114.08,133.17,118.86,107.89,94.72,91.72,79.55,89.67,119.31,,73.03,130.06,114.63,102.55,106.48,79.08,69.94,74.76,105.27,136.51,119.92,155.02,121.5,186.02,111.71,110.13,98.98,94.18,87.69,119.79,67.31,152.88,189.22,135.79
2024-12-19,109.93,117.26,128.14,109.92,99.55,86.95,92.77,118.89,116.98,170.17,107.02,130.1,126.26,88.24,149.12,114.35,133.28,118.92,107.82,94.51,91.62,79.57,89.78,119.41,,73.04,130.07,114.57,102.25,106.36,79.13,70.02,74.9,105.34,136.51,119.94,155.05,121.76,185.8,111.71,110.08,98.58,94.12,87.66,119.67,67.29,153.26,189.53,132.61
2024-12-20,109.87,117.95,128.0,109.87,99.49,87.13,92.64,118.94,117.0,169.86,107.15,130.27,126.34,88.13,149.39,114.59,133.34,119.03,107.82,94.44,91.57,79.62,89.8,119.53,,72.97,130.05,114.66,102.05,106.3,79.2,70.19,75.04,105.43,136.6,120.04,155.03,122.17,185.76,111.74,109.96,98.17,94.17,87.59,119.61,67.3,153.67,189.79,129.69
2024-12-21,110.02,118.91,127.96,110.0,99.59,87.4,92.93,118.71,116.96,169.66,107.24,130.5,126.42,88.08,149.68,114.87,133.62,119.49,107.88,94.72,91.72,79.73,90.02,119.81,,72.95,130.33,114.7,102.52,106.46,79.41,70.43,75.4,105.69,136.82,120.25,154.99,122.31,186.02,111.93,110.06,98.47,94.36,87.9,119.63,67.39,153.91,190.14,134.06
2024-12-22,110.02,119.48,127.69,109.82,99.47,87.56,92.95,118.49,116.86,169.34,107.24,130.66,126.38,88.0,149.87,115.18,133.68,119.6,107.76,94.79,91.69,79.63,89.94,119.92,,72.81,130.29,114.61,103.18,106.49,79.49,70.52,75.52,105.71,136.84,120.31,155.0,122.51,186.04,112.01,109.94,98.64,94.39,87.88,119.48,67.36,154.03,190.28,137.73
2024-12-23,110.08,120.36,127.48,109.78,99.36,87.74,93.01,118.18,116.64,169.08,107.27,130.79,126.42,87.93,150.05,115.4,133.81,119.6,107.66,94.8,91.72,79.55,89.85,120.01,,72.67,130.09,114.38,103.66,106.64,79.56,70.6,75.6,105.72,136.84,120.35,155.05,122.69,186.02,112.05,109.79,98.91,94.42,87.81,119.33,67.34,154.04,190.4,141.45
2024-12-24,110.18,120.58,127.41,109.82,99.4,87.78,93.08,118.03,116.46,168.84,107.3,130.95,126.43,87.79,150.15,115.65,134.0,119.61,107.68,94.88,91.77,79.5,89.67,120.06,,72.58,129.93,114.32,103.87,106.69,79.66,70.68,75.66,105.64,136.88,120.37,154.83,122.58,186.09,112.11,109.68,99.16,94.35,87.81,119.39,67.34,154.33,190.31,145.79
2024-12-25,110.29,120.14,127.43,109.93,99.46,87.9,93.21,117.78,116.49,168.62,107.37,131.11,126.42,87.89,150.2,115.88,134.29,119.48,107.7,95.02,91.86,79.45,89.59,120.1,,72.58,129.73,114.22,104.13,106.83,79.8,70.81,75.76,105.58,136.9,120.41,154.66,122.37,186.04,112.12,109.61,99.43,94.24,87.84,119.46,67.38,154.64,190.1,150.03
2024-12-26,110.44,119.65,127.54,110.01,99.54,87.95,93.34,117.59,116.39,168.48,107.47,131.3,126.39,87.96,150.07,115.96,134.44,119.39,107.77,95.2,91.95,79.41,89.52,120.18,,72.57,129.5,114.21,104.45,107.02,79.93,70.88,75.82,105.51,136.92,120.48,154.66,122.14,186.05,112.18,109.56,99.71,94.37,87.89,119.42,67.46,154.71,189.95,153.8
2024-12-27,110.51,118.77,127.56,109.99,99.55,87.89,93.41,117.43,116.27,168.26,107.48,131.35,126.31,87.85,149.85,115.93,134.56,119.21,107.76,95.24,92.01,79.35,89.43,120.19,,72.61,129.27,114.06,104.69,107.12,80.05,70.86,75.91,105.36,136.81,120.41,154.61,121.8,185.99,112.15,109.46,99.99,94.37,87.93,119.39,67.47,154.68,189.74,157.48
2024-12-28,110.54,117.35,127.62,109.94,99.63,87.9,93.44,117.41,116.23,168.11,107.53,131.42,126.19,87.77,149.66,115.82,134.47,119.09,107.79,95.18,92.01,79.34,89.43,120.22,,72.68,128.98,114.07,104.61,107.19,80.5,70.9,76.0,105.15,136.64,120.28,154.52,121.65,185.84,112.16,109.44,100.04,94.44,87.95,119.37,67.5,154.57,189.51,157.19
2024-12-29,110.61,116.18,127.74,110.05,99.68,87.9,93.46,117.29,116.17,167.93,107.57,131.35,126.15,87.75,149.44,115.72,134.39,118.98,107.93,95.12,92.04,79.38,89.46,120.24,,72.71,128.69,114.16,104.61,107.32,80.92,70.88,76.07,105.04,136.51,120.19,154.42,121.33,185.73,112.11,109.37,100.23,94.55,87.99,119.39,67.52,154.41,189.39,156.94
2024-12-30,110.62,114.67,127.8,110.02,99.75,87.76,93.49,117.19,116.26,167.74,107.53,131.3,126.01,87.67,149.28,115.51,134.3,118.94,108.01,95.12,92.06,79.45,89.48,120.27,,72.78,128.52,114.23,104.61,107.33,81.43,70.86,76.14,104.88,136.31,120.05,154.29,120.98,185.59,112.04,109.36,100.37,94.64,88.1,119.36,67.54,154.35,189.22,156.75
2024-12-31,110.64,113.71,127.87,110.01,99.66,87.76,93.51,117.14,116.37,167.58,107.46,131.21,125.94,87.65,149.27,115.42,134.23,118.95,107.96,94.92,92.02,79.48,89.52,120.25,,72.71,128.42,114.31,104.79,107.31,81.88,70.77,76.22,104.73,136.17,119.97,154.22,121.0,185.65,112.0,109.35,100.57,94.7,88.09,119.33,67.54,154.11,189.23,156.64
2025-01-01,110.65,112.2,127.95,109.94,99.65,87.68,93.59,117.17,116.24,167.33,107.23,130.94,125.9,87.54,149.13,115.61,134.04,119.02,107.79,94.44,92.03,79.29,89.49,120.18,,72.62,128.44,114.99,104.73,107.29,82.38,70.52,76.24,104.52,136.1,119.95,154.25,121.04,185.75,111.89,109.28,100.66,94.74,88.12,119.12,67.54,153.66,189.26,156.51
2025-01-02,110.6,111.64,127.93,109.8,99.55,87.44,93.67,117.27,116.16,167.11,106.98,130.63,125.77,87.4,148.91,115.76,133.82,118.99,107.65,94.01,92.04,79.07,89.34,120.08,,72.53,128.4,115.66,104.81,107.22,82.88,70.17,76.28,104.26,136.01,119.89,154.12,121.17,185.87,111.88,109.25,100.84,94.68,88.12,118.89,67.51,153.23,189.26,156.61
2025-01-03,110.57,110.82,127.94,109.71,99.51,87.2,93.85,117.38,116.12,167.03,106.73,130.44,125.66,87.39,148.85,115.93,133.67,119.06,107.48,93.63,92.03,78.89,89.3,119.96,,72.52,128.4,116.22,104.86,107.14,83.28,69.94,76.33,104.01,135.96,119.89,154.04,121.22,185.9,111.94,109.34,100.94,94.63,88.21,118.74,67.49,152.91,189.24,156.44
2025-01-04,110.54,110.58,127.98,109.63,99.47,86.98,93.9,117.42,116.16,166.81,106.52,130.23,125.56,87.36,148.77,116.13,133.59,119.0,107.33,93.26,91.97,78.48,89.18,119.89,,72.51,128.42,116.74,104.88,107.11,83.18,69.54,76.38,103.8,135.82,119.79,154.01,121.24,185.96,111.97,109.38,100.9,94.54,88.24,118.73,67.42,152.74,189.26,156.55
2025-01-05,110.47,109.7,127.95,109.49,99.43,86.78,93.95,117.05,116.18,166.73,106.29,130.0,125.44,87.39,148.62,116.23,133.49,118.92,107.14,92.91,91.88,78.1,89.09,119.83,,72.51,128.56,117.04,104.82,107.02,83.02,69.2,76.34,103.5,135.65,119.7,153.93,121.24,185.93,111.89,109.4,100.79,94.43,88.26,118.69,67.35,152.48,189.27,156.51
2025-01-06,110.38,108.45,127.87,109.29,99.33,86.65,93.88,116.37,116.04,166.6,106.07,129.68,125.29,87.39,148.31,116.31,133.26,118.83,106.97,92.55,91.78,77.73,89.07,119.77,,72.46,128.61,117.58,104.75,106.93,82.83,68.88,76.42,103.25,135.55,119.64,153.87,121.27,185.91,111.82,109.41,100.6,94.3,88.16,118.55,67.31,152.2,189.3,156.44
2025-01-07,110.32,106.9,127.87,109.13,99.39,86.49,93.96,115.74,115.89,166.51,105.84,129.34,125.17,87.37,148.3,116.28,133.01,118.75,106.9,92.19,91.74,77.12,89.06,119.8,,72.51,128.79,118.22,104.65,106.84,82.72,68.56,76.39,103.08,135.59,119.65,153.84,121.25,185.72,111.78,109.46,100.42,94.33,88.15,118.47,67.29,152.0,189.33,155.14
2025-01-08,110.28,106.79,127.9,109.06,99.41,86.4,93.9,115.21,115.86,166.46,105.8,129.26,125.11,87.51,148.52,115.97,132.92,118.62,106.88,92.29,91.73,77.07,89.2,119.98,,72.7,128.87,118.06,104.84,106.84,82.61,68.39,76.37,102.97,135.54,119.63,153.9,121.2,185.48,111.99,109.51,100.33,94.43,88.01,118.67,67.26,152.02,189.28,153.98
2025-01-09,110.32,107.85,127.94,109.1,99.45,86.4,93.9,114.66,115.88,166.32,105.77,129.21,125.19,87.64,148.93,115.85,132.87,118.59,106.89,92.12,91.76,77.03,89.42,120.11,,72.99,129.23,117.97,104.92,106.97,82.49,68.25,76.23,102.93,135.56,119.67,154.03,121.17,185.46,112.1,109.53,100.17,94.53,87.89,119.05,67.24,152.09,189.35,152.89
2025-01-10,110.33,108.42,127.76,109.06,99.42,86.14,93.76,114.1,115.87,166.13,105.74,129.04,125.23,87.72,149.06,115.67,132.78,118.5,106.96,91.95,91.79,76.92,89.54,120.3,,73.25,129.61,118.09,105.03,107.16,82.47,68.07,76.01,102.92,135.52,119.61,154.1,121.28,185.4,112.2,109.5,100.03,94.62,87.73,119.27,67.26,152.09,189.54,151.89
2025-01-11,110.26,108.52,127.38,108.89,99.37,85.74,93.74,113.42,115.66,166.06,105.65,128.86,125.26,87.76,149.23,115.44,132.55,118.33,106.97,91.74,91.78,76.89,89.69,120.38,,73.42,129.9,118.24,104.98,107.18,82.45,67.86,75.68,102.89,135.56,119.68,154.23,121.41,185.25,112.17,109.49,99.85,94.6,87.45,119.27,67.32,152.12,189.52,150.61
2025-01-12,110.23,109.24,127.06,108.82,99.35,85.31,93.81,113.2,115.55,165.98,105.57,128.76,125.29,87.75,149.51,115.37,132.44,118.26,106.93,91.59,91.87,76.97,89.85,120.49,,73.65,130.14,118.5,104.97,107.21,82.55,67.73,75.42,102.92,135.62,119.74,154.33,121.58,185.22,112.27,109.56,99.75,94.65,87.3,119.36,67.41,152.32,189.55,149.51
2025-01-13,110.22,110.46,126.73,108.77,99.34,84.83,93.92,113.13,115.49,165.94,105.49,128.68,125.32,87.79,149.62,115.39,132.07,118.31,107.03,91.48,91.96,77.07,89.99,120.59,,73.89,130.47,118.34,104.97,107.27,82.65,67.61,75.07,102.99,135.73,119.82,154.49,121.84,185.29,112.41,109.67,99.8,94.72,87.23,119.54,67.52,152.25,189.7,148.44
2025-01-14,110.23,111.89,126.38,108.75,99.3,84.79,94.0,112.98,115.45,165.9,105.55,128.71,125.37,87.81,149.71,115.46,131.8,118.37,107.19,91.66,92.02,77.28,90.11,120.67,,74.11,130.76,118.21,105.04,107.41,82.51,67.64,74.67,103.1,135.76,119.77,154.58,122.11,185.43,112.64,109.73,99.73,94.64,87.33,119.68,67.61,152.16,189.8,148.48
2025-01-15,110.23,113.14,125.94,108.73,99.38,84.76,94.09,112.93,115.45,165.98,105.58,128.72,125.42,87.75,149.95,115.61,131.49,118.53,107.34,91.64,92.01,77.1,90.08,120.69,,74.31,131.04,118.36,105.01,107.43,82.37,67.71,74.39,103.21,135.75,119.7,154.61,122.33,185.61,112.69,109.78,99.67,94.61,87.42,119.79,67.73,152.14,189.9,148.55
2025-01-16,110.19,113.31,125.62,108.68,99.44,84.71,94.2,112.7,115.49,166.06,105.62,128.76,125.39,87.65,150.38,115.81,131.19,118.55,107.43,91.79,91.99,76.92,90.22,120.71,,74.34,131.14,118.45,105.09,107.39,82.24,67.89,74.12,103.32,135.83,119.6,154.63,122.45,185.77,112.75,109.81,99.58,94.58,87.63,119.71,67.87,152.21,189.94,148.56
2025-01-17,110.18,114.47,125.43,108.67,99.54,84.94,94.43,112.49,115.64,165.99,105.7,128.93,125.41,87.55,151.23,115.99,130.96,118.34,107.5,91.85,91.93,76.8,90.42,120.75,,74.32,131.27,118.52,105.2,107.26,82.15,68.04,74.01,103.48,135.93,119.59,154.67,122.55,186.02,112.8,109.86,99.51,94.6,87.68,119.58,68.0,152.45,189.96,148.56
2025-01-18,110.15,115.84,125.37,108.65,99.69,85.29,94.5,112.41,115.91,166.06,105.79,129.11,125.39,87.4,151.99,116.34,130.83,118.44,107.58,91.93,91.95,76.59,90.6,120.77,,74.26,131.5,118.53,105.42,107.11,82.09,68.21,73.86,103.54,135.87,119.47,154.54,122.53,186.16,112.91,109.79,99.42,94.56,87.73,119.68,68.02,152.59,189.93,148.64
2025-01-19,110.15,117.41,125.33,108.66,99.85,85.76,94.64,112.28,116.17,166.1,105.95,129.29,125.42,87.28,152.5,116.56,130.65,118.55,107.72,92.08,92.01,76.41,90.79,120.85,,74.24,131.82,118.6,105.63,107.08,82.05,68.47,73.94,103.68,135.89,119.39,154.55,122.54,186.29,113.06,109.78,99.31,94.56,87.8,119.79,68.04,152.7,189.87,148.47
2025-01-20,110.15,118.86,125.3,108.71,99.92,86.27,94.84,112.26,116.42,166.06,106.1,129.45,125.5,87.15,153.31,116.85,130.8,118.46,107.77,92.14,92.05,76.2,90.89,120.87,,74.18,131.95,118.8,105.85,107.02,81.94,68.71,73.93,103.87,135.88,119.32,154.54,122.48,186.22,113.14,109.73,99.18,94.51,87.84,119.79,67.98,153.1,189.68,148.19
2025-01-21,110.12,119.31,125.25,108.73,100.01,86.32,95.01,112.25,116.54,165.96,106.16,129.42,125.45,87.08,153.87,117.02,130.83,118.37,107.69,92.22,92.08,75.97,91.06,120.83,,74.03,132.07,118.85,105.96,106.86,81.97,68.76,74.04,104.06,135.78,119.24,154.48,122.31,186.17,113.11,109.66,99.17,94.54,87.67,119.71,67.91,153.28,189.57,148.0
2025-01-22,110.05,119.74,125.22,108.5,99.82,86.27,95.11,112.11,116.51,165.79,106.12,129.37,125.38,86.96,154.16,117.1,130.9,118.21,107.54,92.33,92.1,75.75,91.25,120.74,,73.73,131.91,118.91,106.07,106.71,81.89,68.69,74.03,104.18,135.88,119.25,154.47,122.24,186.08,113.1,109.52,99.17,94.51,87.54,119.56,67.77,153.31,189.46,147.71
2025-01-23,109.99,119.48,125.13,108.25,99.78,86.25,95.17,112.27,116.39,165.55,106.06,129.28,125.32,86.8,154.13,117.17,130.95,118.12,107.43,92.48,92.09,75.51,91.27,120.72,,73.51,131.92,119.0,106.07,106.56,81.72,68.56,74.08,104.25,135.9,119.26,154.46,122.29,185.86,113.12,109.49,99.22,94.47,87.27,119.54,67.61,153.27,189.38,147.45
2025-01-24,109.93,118.75,125.09,107.98,99.74,86.25,95.26,112.32,116.15,165.44,106.0,129.09,125.21,86.69,153.71,117.31,130.88,118.3,107.44,92.34,92.07,75.35,91.22,120.64,,73.39,131.94,118.91,106.08,106.48,81.56,68.65,74.18,104.26,135.9,119.19,154.4,122.36,185.53,113.13,109.42,99.27,94.4,87.24,119.59,67.44,153.13,189.12,147.15
2025-01-25,109.93,117.84,125.04,107.78,99.69,86.2,95.5,112.4,115.89,165.22,105.96,128.97,125.18,86.67,153.23,117.43,130.83,118.3,107.53,92.37,92.03,75.28,91.24,120.65,,73.33,131.99,118.8,106.11,106.52,81.52,68.74,74.27,104.32,136.03,119.23,154.44,122.38,185.4,113.18,109.46,99.38,94.48,87.17,119.41,67.39,153.08,189.05,146.76
2025-01-26,109.87,116.28,124.94,107.49,99.54,85.73,95.62,112.46,115.54,164.99,105.84,128.83,125.08,86.54,153.0,117.56,130.74,118.18,107.57,92.27,91.93,75.18,91.18,120.56,,73.21,131.84,118.64,106.15,106.5,81.37,68.67,74.09,104.33,136.16,119.34,154.35,122.42,185.35,113.09,109.38,99.39,94.42,87.04,119.21,67.28,152.98,189.02,146.56
2025-01-27,109.8,114.61,124.63,107.22,99.41,85.26,95.66,112.41,115.26,164.79,105.77,128.69,124.99,86.38,152.65,117.49,130.66,118.1,107.58,92.14,91.85,75.06,91.17,120.5,,73.1,131.86,118.48,106.24,106.44,81.22,68.58,73.93,104.21,136.23,119.4,154.21,122.48,185.4,113.0,109.27,99.38,94.41,86.85,119.12,67.17,152.91,189.04,146.28
2025-01-28,109.68,114.28,124.22,106.84,99.22,84.81,95.66,112.54,115.02,164.57,105.67,128.61,124.79,86.15,152.2,117.42,130.58,117.74,107.55,92.08,91.71,75.0,91.04,120.44,,72.97,131.82,118.14,106.39,106.44,81.06,68.52,73.66,103.93,136.18,119.39,154.17,122.62,185.17,112.88,109.07,99.24,94.38,86.63,119.07,67.07,152.81,188.85,146.04
2025-01-29,109.67,113.69,123.99,106.75,99.27,84.5,95.75,112.38,114.97,164.44,105.73,128.59,124.72,86.02,151.99,117.38,130.52,117.69,107.72,92.09,91.63,75.11,91.02,120.51,,72.98,132.14,117.81,106.56,106.48,80.99,68.56,73.49,103.83,136.13,119.4,154.19,122.69,185.22,112.79,109.03,99.18,94.35,86.43,119.18,67.02,152.89,188.78,145.76
2025-01-30,109.66,113.24,123.73,106.67,99.27,84.27,95.77,112.11,114.83,164.45,105.8,128.59,124.67,85.89,151.96,117.33,130.5,117.77,107.8,92.13,91.56,75.2,90.95,120.51,,73.01,132.24,117.58,106.81,106.53,81.04,68.67,73.33,103.72,136.04,119.42,154.24,122.74,185.16,112.71,108.91,99.04,94.34,86.33,119.3,66.97,152.94,188.66,145.5
2025-01-31,109.6,113.03,123.51,106.56,99.28,84.05,95.75,111.81,114.77,164.39,105.65,128.56,124.59,85.73,151.94,117.38,130.57,117.75,107.74,92.43,91.56,75.15,90.88,120.47,,72.9,132.21,117.38,107.04,106.35,80.97,68.63,73.16,103.57,136.01,119.52,154.32,122.65,185.27,112.57,108.78,99.0,94.3,86.04,119.35,66.9,153.04,188.7,145.21
2025-02-01,109.54,112.61,123.33,106.4,99.29,83.81,95.65,111.65,114.8,164.25,105.54,128.51,124.48,85.55,151.87,117.61,130.68,117.73,107.61,92.48,91.54,75.09,90.84,120.39,,72.81,132.01,117.17,107.35,106.27,80.82,68.59,73.03,103.37,135.91,119.54,154.4,122.69,185.41,112.43,108.6,98.89,94.19,85.78,119.46,66.79,153.17,188.56,145.11
2025-02-02,109.52,112.41,123.23,106.29,99.36,83.88,95.56,111.5,114.86,164.21,105.44,128.33,124.37,85.43,151.92,117.97,130.64,117.73,107.48,92.66,91.43,74.95,90.82,120.33,,72.72,131.87,117.22,107.59,106.09,80.64,68.56,72.88,103.15,135.85,119.43,154.46,122.6,185.38,112.33,108.44,98.87,94.12,85.53,119.53,66.68,153.25,188.52,144.99
2025-02-03,109.48,112.12,123.37,106.1,99.44,83.92,95.42,111.35,114.96,164.09,105.31,128.16,124.21,85.33,152.0,118.35,130.62,117.78,107.31,92.77,91.28,74.82,90.78,120.24,,72.67,131.67,117.31,107.76,105.89,80.5,68.53,72.81,102.87,135.72,119.37,154.53,122.4,185.3,112.19,108.27,98.88,94.04,85.26,119.53,66.57,153.28,188.32,144.98
2025-02-04,109.49,111.61,123.45,106.02,99.51,83.94,95.35,110.92,115.07,164.01,105.52,128.06,124.18,85.33,152.16,118.58,130.63,118.1,107.13,92.83,91.23,74.71,90.78,120.29,,72.72,131.51,117.46,107.94,105.72,80.5,68.59,72.71,102.76,135.92,119.5,154.56,122.31,185.55,112.16,108.24,99.08,94.03,85.02,119.56,66.48,153.47,188.28,144.9
2025-02-05,109.45,111.29,123.36,105.86,99.5,83.89,95.32,110.93,115.17,163.93,105.53,127.96,124.09,85.32,152.14,118.9,130.64,117.99,106.95,92.81,91.1,74.47,90.71,120.21,,72.73,131.21,117.48,108.2,105.54,80.46,68.57,72.46,102.58,135.97,119.51,154.53,122.2,185.6,112.14,108.13,99.11,93.98,84.77,119.47,66.35,153.61,188.24,144.9
2025-02-06,109.4,111.04,123.35,105.68,99.51,83.82,95.32,110.92,115.34,163.78,105.52,127.83,124.01,85.34,151.92,119.09,130.75,118.06,106.84,92.74,90.99,74.29,90.59,120.16,,72.75,130.85,117.46,108.42,105.33,80.42,68.54,72.11,102.41,135.91,119.36,154.27,122.16,185.74,112.14,108.08,99.21,93.91,84.52,119.35,66.22,154.0,188.09,144.92
2025-02-07,109.39,110.42,123.21,105.56,99.59,83.72,95.27,110.95,115.4,163.82,105.73,127.77,123.95,85.4,151.74,119.19,130.9,118.31,106.73,92.57,90.79,74.14,90.47,120.18,,72.81,130.41,117.32,108.66,105.28,80.43,68.52,71.63,102.37,135.8,119.11,154.09,122.2,185.87,112.16,107.99,99.23,93.87,84.37,119.23,66.04,154.46,187.86,144.82
2025-02-08,109.39,109.88,123.07,105.48,99.58,83.66,95.33,110.95,115.32,163.94,105.92,127.75,123.91,85.48,151.6,119.07,131.02,118.49,106.62,92.57,90.66,73.96,90.32,120.22,,72.96,130.1,117.38,108.91,105.14,80.47,68.59,71.18,102.48,135.77,118.97,153.86,122.37,185.9,112.23,107.96,99.4,93.86,84.26,119.08,65.88,154.88,187.86,144.59
2025-02-09,109.37,110.2,122.78,105.37,99.57,83.57,95.25,110.95,115.2,163.97,106.08,127.8,123.92,85.55,151.3,118.91,131.2,118.67,106.55,92.41,90.58,73.78,90.18,120.28,,73.03,129.82,117.16,109.19,105.04,80.57,68.59,70.82,102.55,135.64,118.85,153.72,122.53,185.91,112.33,107.89,99.47,93.87,84.04,118.9,65.72,155.35,187.75,144.43
2025-02-10,109.38,110.74,122.46,105.29,99.58,83.45,95.17,110.99,114.96,164.15,106.22,127.8,123.98,85.6,151.0,118.73,131.27,118.88,106.52,92.42,90.54,73.6,90.02,120.36,,73.11,129.58,116.7,109.44,105.01,80.57,68.6,70.42,102.69,135.63,118.75,153.68,122.77,186.15,112.44,107.83,99.45,93.87,83.89,118.8,65.58,155.73,187.77,144.33
2025-02-11,109.43,110.96,122.35,105.31,99.59,83.53,95.26,111.18,114.73,164.29,106.11,127.79,124.06,85.68,150.84,118.83,131.34,118.81,106.62,92.52,90.48,73.45,89.85,120.39,,73.15,129.27,116.4,109.67,105.01,80.48,68.61,70.19,102.79,135.57,118.58,153.68,122.85,186.31,112.48,107.76,99.33,93.81,83.76,118.77,65.45,156.12,187.82,144.25
2025-02-12,109.47,111.06,122.25,105.34,99.59,83.63,95.34,111.34,114.58,164.53,106.14,127.68,124.1,85.73,150.78,118.94,131.39,119.13,106.6,92.76,90.41,73.26,89.68,120.44,,73.15,129.03,116.27,109.85,104.95,80.37,68.78,69.96,102.86,135.43,118.44,153.62,123.14,186.62,112.49,107.72,99.21,93.81,83.57,118.67,65.35,156.46,187.66,144.24
2025-02-13,109.5,111.05,122.0,105.37,99.48,83.81,95.37,111.4,114.41,164.84,106.18,127.59,124.16,85.78,150.89,119.1,131.34,119.09,106.57,92.97,90.32,72.99,89.65,120.41,,73.09,128.92,116.03,110.04,104.92,80.2,68.94,69.75,102.93,135.52,118.4,153.7,123.25,186.89,112.45,107.62,99.1,93.85,83.31,118.56,65.22,156.64,187.55,144.18
2025-02-14,109.53,111.5,121.9,105.41,99.33,83.89,95.49,111.53,114.3,165.14,106.17,127.45,124.25,85.79,150.98,119.3,131.27,119.0,106.54,93.36,90.36,72.64,89.6,120.37,,72.98,128.98,115.56,110.23,104.88,80.01,69.02,69.56,102.92,135.58,118.43,153.79,123.39,187.2,112.4,107.51,99.02,93.95,83.07,118.57,65.11,156.67,187.5,144.43
2025-02-15,109.4,112.19,121.44,105.25,98.89,83.77,95.09,111.53,114.2,164.97,106.02,127.14,124.23,85.65,151.09,119.36,130.92,118.57,106.43,93.44,90.1,72.1,88.97,120.17,,72.51,128.6,114.64,110.21,104.77,79.64,68.8,69.14,102.66,135.38,118.24,153.85,123.39,187.09,112.13,107.16,98.73,93.84,82.49,118.34,64.81,156.17,187.33,144.53
2025-02-16,109.44,112.24,121.4,105.3,98.73,84.02,95.26,111.5,114.1,165.03,105.96,126.96,124.29,85.71,151.22,119.37,130.81,118.59,106.38,93.86,90.11,71.86,88.91,120.18,,72.41,128.58,113.96,110.31,104.85,79.48,68.98,69.01,102.65,135.52,118.27,154.02,123.67,187.49,112.1,107.09,98.6,93.93,82.35,118.32,64.75,155.71,187.22,144.62
2025-02-17,109.47,112.47,121.37,105.4,98.64,84.39,95.58,111.64,113.93,165.17,105.91,126.83,124.34,85.79,151.29,119.51,130.89,118.66,106.34,94.3,90.17,71.62,89.01,120.21,,72.35,128.48,113.45,110.53,104.87,79.44,69.19,69.1,102.63,135.65,118.24,154.02,123.95,187.67,112.12,107.1,98.78,94.01,82.13,118.32,64.68,155.34,187.06,144.69
2025-02-18,109.35,112.49,121.25,105.3,98.54,84.31,95.47,111.71,113.64,165.29,105.77,126.68,124.4,85.77,151.03,119.52,130.85,118.92,106.18,94.33,90.09,71.22,88.93,120.2,,72.2,128.21,113.1,110.55,104.73,79.33,69.33,68.76,102.64,135.56,118.24,154.08,124.21,187.92,112.05,106.9,98.81,94.05,81.91,118.19,64.48,154.89,186.78,144.78
2025-02-19,109.24,112.44,121.2,105.14,98.42,84.28,95.4,111.61,113.21,165.28,105.57,126.48,124.37,85.73,150.68,119.38,130.74,118.93,105.99,94.23,89.94,70.88,88.82,120.1,,72.02,127.98,112.45,110.68,104.48,79.19,69.29,68.58,102.5,135.45,118.17,154.13,124.31,187.87,111.94,106.71,98.96,94.09,81.77,118.02,64.23,154.31,186.57,144.49
2025-02-20,109.14,112.57,120.7,104.75,98.3,84.19,95.46,111.65,112.88,165.16,105.33,126.21,124.3,85.67,150.11,119.35,130.7,118.95,105.91,94.18,89.86,70.59,88.8,120.07,,71.88,127.78,111.69,110.78,104.27,79.02,69.26,68.48,102.27,135.26,118.14,154.26,124.55,187.88,111.92,106.56,99.03,94.15,81.55,117.88,64.01,153.78,186.37,144.23
2025-02-21,109.03,112.75,120.02,104.36,98.12,84.14,95.43,111.55,112.44,164.81,105.12,125.85,124.23,85.61,149.59,119.19,130.62,118.96,105.82,94.07,89.67,70.25,88.76,120.0,,71.75,127.38,111.27,110.82,104.12,78.93,69.24,68.34,102.08,135.12,118.08,154.25,124.67,187.73,111.83,106.41,99.05,94.08,81.35,117.69,63.73,153.23,186.15,143.54
2025-02-22,109.14,112.88,120.26,104.39,98.17,84.3,95.96,111.46,112.05,164.96,105.13,125.7,124.25,85.74,149.05,119.26,130.92,119.47,105.76,94.28,89.85,70.2,89.36,120.12,,71.91,127.46,111.16,111.15,104.24,79.09,69.56,68.45,102.08,135.3,118.23,154.26,124.79,188.03,112.05,106.55,99.2,94.25,81.53,117.86,63.78,153.45,185.99,143.12
2025-02-23,109.05,112.84,120.12,104.15,97.94,84.12,96.03,111.29,111.57,164.81,104.95,125.32,124.08,85.64,148.44,119.27,130.97,119.52,105.59,94.17,89.74,69.89,89.34,120.0,,71.77,127.12,110.68,111.43,104.28,79.04,69.52,68.37,101.9,135.18,118.19,154.17,124.78,187.96,111.98,106.41,99.35,94.29,81.34,117.69,63.56,153.62,185.69,142.59
2025-02-24,108.97,112.44,120.01,103.93,97.67,83.81,95.97,111.0,111.21,164.54,104.81,124.96,123.88,85.52,147.97,119.25,130.96,119.44,105.47,94.03,89.56,69.56,88.97,119.87,,71.51,126.85,110.29,111.57,104.27,78.9,69.32,68.06,101.66,134.98,118.11,154.07,124.73,187.87,111.82,106.1,99.28,94.24,81.16,117.5,63.26,153.67,185.39,142.04
2025-02-25,109.0,112.52,119.91,103.82,97.4,83.71,96.12,110.78,111.06,164.32,104.7,124.65,123.72,85.54,147.67,119.29,130.94,119.51,105.45,94.08,89.46,69.36,88.83,119.75,,71.37,126.75,109.73,111.9,104.44,78.85,69.11,68.0,101.41,134.87,118.03,153.99,124.61,187.76,111.76,105.97,99.35,94.18,81.01,117.41,63.05,153.5,185.14,141.54
2025-02-26,108.97,112.55,119.84,103.64,97.17,83.49,96.08,110.57,110.82,164.11,104.54,124.4,123.43,85.44,147.36,119.42,130.91,119.62,105.46,94.11,89.43,69.22,88.75,119.66,,71.19,126.62,109.23,112.03,104.68,78.82,68.93,67.92,101.24,134.66,117.8,153.8,124.52,187.6,111.67,105.79,99.35,94.13,80.76,117.35,62.92,153.21,184.83,141.44
2025-02-27,108.97,112.44,120.43,103.76,97.01,83.41,95.88,110.34,110.61,164.0,104.48,124.32,123.24,85.42,147.34,119.47,130.92,119.79,105.34,94.17,89.37,69.09,88.64,119.65,,71.1,126.46,108.99,112.21,104.86,78.85,68.75,67.78,101.14,134.44,117.64,153.7,124.35,187.57,111.56,105.62,99.35,93.98,80.67,117.38,62.82,153.27,184.71,141.33
2025-02-28,108.99,112.15,121.09,103.9,96.99,83.2,95.63,110.19,110.45,164.01,104.44,124.38,123.0,85.39,147.37,119.61,130.92,119.99,105.33,94.4,89.37,69.15,88.54,119.68,,71.04,126.46,108.81,112.29,105.03,78.78,68.54,67.76,101.1,134.35,117.56,153.48,124.34,187.62,111.48,105.54,99.4,93.91,80.55,117.4,62.79,153.33,184.59,141.57
2025-03-01,108.81,111.28,121.19,103.81,96.91,82.67,94.99,110.35,110.23,163.94,104.24,124.25,122.7,85.22,147.59,119.99,130.74,119.99,105.34,94.47,89.15,68.95,87.9,119.64,,70.8,126.15,109.02,112.25,104.85,78.52,68.1,67.61,100.96,134.27,117.49,153.16,124.37,187.78,111.11,105.17,99.21,93.69,80.24,117.16,62.6,153.1,184.53,141.64
2025-03-02,108.78,110.22,121.4,103.87,97.04,82.37,94.66,110.53,110.08,163.9,104.18,124.27,122.56,85.12,147.73,120.42,130.58,120.15,105.36,94.58,89.06,68.89,87.82,119.6,,70.77,126.11,109.36,112.37,104.74,78.39,67.84,67.59,100.84,134.14,117.37,152.96,124.37,187.77,110.98,105.03,99.06,93.46,80.05,117.06,62.55,152.9,184.44,141.6
2025-03-03,108.72,109.11,121.61,103.87,97.13,82.03,94.46,110.68,109.81,163.89,104.17,124.26,122.49,85.0,147.69,120.86,130.33,120.33,105.29,94.69,89.01,68.78,87.95,119.53,,70.73,126.0,109.64,112.45,104.55,78.32,67.65,67.51,100.8,134.13,117.35,152.87,124.48,187.91,110.84,104.96,98.84,93.33,79.9,116.96,62.61,152.72,184.52,141.47
2025-03-04,108.59,107.87,121.87,103.91,97.29,82.05,94.17,110.79,109.68,163.89,104.17,124.23,122.42,84.73,147.82,121.37,130.32,120.47,104.83,94.63,89.0,68.74,87.98,119.44,,70.69,125.85,109.81,112.46,104.12,78.19,67.51,67.6,100.72,134.19,117.3,152.68,124.57,188.0,110.68,104.9,98.49,93.2,79.76,116.86,62.67,152.79,184.59,141.24
2025-03-05,108.48,106.43,121.75,103.86,97.21,82.0,94.01,110.49,109.1,163.63,104.1,123.89,122.31,84.54,147.43,121.6,130.18,120.36,104.62,94.44,88.87,68.61,87.84,119.25,,70.63,125.65,110.26,112.48,103.9,78.02,67.42,67.53,100.61,134.25,117.4,152.36,124.57,188.06,110.45,104.81,98.26,92.97,79.62,116.62,62.66,151.8,184.51,140.65
2025-03-06,108.45,105.58,121.85,103.92,97.23,81.95,94.1,110.65,109.1,163.41,104.16,123.77,122.18,84.38,147.3,122.01,130.04,120.4,104.52,94.44,88.87,68.49,87.87,119.18,,70.63,125.76,110.7,112.51,103.65,77.92,67.41,67.55,100.52,134.32,117.5,151.96,124.7,188.18,110.39,104.78,98.21,92.87,79.42,116.42,62.73,151.4,184.49,140.41
2025-03-07,108.36,104.42,122.0,103.91,97.06,82.05,94.19,110.62,109.05,163.25,104.14,123.57,122.06,84.23,147.07,122.33,129.87,120.34,104.38,94.19,88.9,68.28,87.88,119.12,,70.67,125.76,111.08,112.56,103.41,77.84,67.48,67.56,100.43,134.25,117.54,151.71,124.72,188.2,110.34,104.72,98.05,92.78,79.24,116.2,62.7,150.95,184.47,140.13
2025-03-08,108.35,103.53,122.2,103.91,96.94,82.3,94.56,110.25,109.07,163.03,104.14,123.44,122.01,84.17,146.83,122.14,129.77,120.38,104.19,93.99,88.98,68.26,88.27,119.09,,70.83,125.89,111.21,112.78,103.28,77.86,67.68,67.65,100.52,134.22,117.66,151.55,124.86,188.29,110.4,104.86,98.12,92.77,79.21,116.14,62.72,150.52,184.47,139.91
2025-03-09,108.26,103.79,122.3,103.86,96.66,82.38,94.71,109.91,109.09,162.68,104.28,123.24,121.85,84.11,146.61,121.85,129.58,119.99,104.11,94.08,89.09,68.18,88.32,119.0,,70.8,125.88,111.33,112.76,103.09,77.78,67.78,67.53,100.46,134.06,117.7,151.24,124.98,188.24,110.31,104.77,98.1,92.75,78.99,116.02,62.61,149.93,184.49,139.78
2025-03-10,108.15,103.96,122.24,103.62,96.31,82.57,94.72,109.44,109.04,162.19,104.07,122.99,121.58,84.01,146.38,121.23,129.45,119.52,103.95,93.66,89.05,68.06,88.27,118.94,,70.77,125.86,111.38,112.74,102.98,77.65,67.89,67.39,100.33,133.84,117.63,150.84,125.07,188.06,110.16,104.74,98.17,92.73,78.72,115.81,62.43,149.38,184.33,139.69
2025-03-11,108.06,104.1,122.33,103.33,95.93,82.49,94.83,109.06,108.87,161.75,103.84,122.69,121.17,83.83,145.86,120.06,129.29,119.01,104.04,93.45,88.95,67.87,88.26,118.73,,70.71,125.84,111.42,112.39,103.08,77.58,67.91,67.24,100.18,133.54,117.54,150.53,125.21,187.81,110.0,104.69,98.25,92.7,78.34,115.26,62.24,148.97,184.03,139.71
2025-03-12,108.02,104.86,122.88,103.26,95.72,82.43,94.99,109.08,109.33,161.49,103.79,122.75,121.09,83.83,145.93,119.1,129.5,118.7,104.05,93.36,89.1,67.77,88.42,118.73,,70.77,125.9,111.23,112.23,103.05,77.53,67.94,67.2,100.17,133.36,117.48,150.54,125.48,187.85,110.01,104.71,98.37,92.74,78.1,114.92,62.12,149.72,183.95,140.04
2025-03-13,107.88,105.12,123.13,103.03,95.37,82.25,94.95,108.61,109.25,161.17,103.5,122.57,120.92,83.84,145.69,117.96,129.51,118.17,103.94,93.26,89.11,67.64,88.31,118.58,,70.63,125.54,110.79,112.19,103.16,77.42,67.79,67.17,100.21,133.25,117.32,150.51,125.68,187.6,109.81,104.61,98.47,92.78,77.85,114.71,61.84,149.12,183.72,140.1
2025-03-14,107.79,105.69,123.39,102.85,95.04,82.1,95.03,108.41,109.28,160.77,103.34,122.48,120.75,83.82,145.35,116.88,129.59,117.82,103.87,93.31,89.11,67.51,88.31,118.41,,70.52,125.43,110.44,112.37,103.27,77.34,67.51,67.1,100.22,133.2,117.24,150.54,125.91,187.56,109.71,104.54,98.68,92.82,77.66,114.52,61.71,148.53,183.64,140.1
2025-03-15,107.75,106.74,123.51,102.65,94.81,82.08,95.04,108.28,109.31,160.49,103.15,122.42,120.65,83.83,144.99,115.94,129.7,117.5,103.83,93.36,89.05,67.47,88.37,118.21,,70.43,125.42,109.83,112.35,103.39,77.31,67.27,67.08,100.03,133.04,117.04,150.56,126.03,187.35,109.78,104.51,98.87,92.86,77.4,114.32,61.64,147.91,183.4,139.97
2025-03-16,107.73,107.02,123.76,102.47,94.57,82.1,95.05,108.17,109.35,160.33,102.77,122.41,120.52,83.83,144.75,115.18,129.85,117.49,103.76,93.1,88.92,67.41,88.23,118.12,,70.37,125.37,109.11,112.36,103.47,77.31,66.98,67.14,99.96,133.03,116.94,150.6,126.11,187.28,109.8,104.49,99.04,92.9,77.22,114.18,61.61,147.37,183.25,139.93
2025-03-17,107.69,107.54,124.12,102.46,94.41,82.08,95.09,108.17,109.62,160.23,102.63,122.29,120.55,83.91,144.65,114.42,130.14,117.55,103.79,93.3,88.91,67.39,88.17,117.97,,70.31,125.4,108.46,112.44,103.63,77.4,66.7,67.28,99.93,133.04,116.96,150.67,126.17,187.25,109.84,104.42,99.12,92.97,77.14,114.1,61.6,146.88,183.13,139.92
2025-03-18,107.69,108.29,124.29,102.41,94.24,81.94,95.14,108.15,109.71,160.08,102.52,122.19,120.62,84.21,144.61,114.15,130.34,117.7,103.94,93.46,88.95,67.42,88.16,117.99,,70.31,125.4,107.93,112.88,103.8,77.42,66.51,67.38,99.96,133.16,117.0,150.71,126.22,187.23,109.91,104.41,99.45,93.14,77.14,114.35,61.61,146.28,183.13,140.03
2025-03-19,107.64,108.62,124.16,102.37,94.17,81.88,95.16,108.09,109.77,159.95,102.45,122.0,120.57,84.36,144.4,113.83,130.36,117.82,103.97,93.46,88.81,67.46,88.16,117.99,,70.31,125.45,107.46,113.23,103.94,77.37,66.53,67.48,100.05,133.34,117.06,150.68,126.24,187.05,109.92,104.35,99.6,93.35,77.04,114.65,61.67,145.82,183.15,140.12
2025-03-20,107.58,109.01,124.02,102.39,94.06,81.84,95.22,108.14,109.75,159.84,102.38,121.8,120.52,84.33,143.73,113.52,130.57,118.04,103.99,93.37,88.62,67.54,88.23,117.94,,70.41,125.57,107.1,111.55,104.03,77.32,66.62,67.58,99.97,133.35,117.12,150.65,125.98,186.8,109.93,104.32,99.68,93.47,76.92,114.61,61.85,145.74,183.0,140.22
2025-03-21,107.52,109.62,123.86,102.39,94.11,81.88,95.3,108.15,109.7,159.7,102.26,121.56,120.62,84.3,143.34,113.1,130.76,118.08,103.96,93.08,88.47,67.65,88.38,117.91,,70.52,125.57,106.91,109.74,104.03,77.28,66.8,67.74,99.76,133.34,117.07,150.81,125.77,186.42,109.89,104.37,99.74,93.56,76.81,114.57,62.11,146.53,182.75,140.39
2025-03-22,107.44,109.91,123.75,102.37,94.03,81.97,95.35,108.02,109.56,159.44,102.14,121.2,120.64,84.34,142.77,112.7,130.84,117.96,103.89,92.69,88.39,67.7,88.43,117.88,,70.57,125.51,106.9,107.88,103.99,77.25,66.85,67.88,99.68,133.33,117.08,150.99,125.52,186.08,109.79,104.28,99.81,93.65,76.66,114.49,62.27,147.38,182.43,140.57
2025-03-23,107.26,110.03,123.52,102.27,93.84,81.96,95.31,107.75,109.38,159.14,101.98,120.85,120.66,84.3,142.18,112.12,131.06,117.77,103.77,92.32,88.26,67.68,88.5,117.83,,70.6,125.34,106.82,106.03,103.91,77.13,66.89,67.89,99.55,133.34,117.03,151.04,125.3,185.78,109.66,104.16,99.84,93.71,76.5,114.46,62.4,148.27,182.06,140.7
2025-03-24,107.2,110.19,123.37,102.2,93.69,81.97,95.36,107.53,109.14,158.89,101.91,120.73,120.63,84.25,141.49,111.76,131.25,117.55,103.67,91.95,88.17,67.66,88.55,117.86,,70.64,125.26,106.81,104.1,103.83,76.96,66.94,67.93,99.45,133.29,116.93,151.19,125.04,185.5,109.57,104.09,99.84,93.73,76.34,114.59,62.53,149.19,181.69,140.88
2025-03-25,107.1,110.03,123.15,102.18,93.56,81.95,95.38,107.33,108.97,158.67,101.85,120.57,120.65,84.1,140.82,111.29,131.37,117.28,103.54,91.73,88.07,67.66,88.58,117.86,,70.73,125.11,106.85,102.23,103.7,76.76,66.91,67.89,99.35,133.15,116.81,151.32,124.94,185.4,109.56,103.85,99.7,93.68,76.15,114.54,62.71,150.13,181.37,142.22
2025-03-26,107.06,110.29,123.07,102.14,93.4,81.99,95.32,107.09,108.84,158.65,101.8,120.58,120.74,83.93,140.39,110.81,131.61,117.17,103.49,91.71,88.07,67.51,88.56,117.88,,70.81,124.98,106.9,100.25,103.52,76.67,66.91,67.84,99.19,133.07,116.75,151.48,124.81,185.37,109.61,103.79,99.48,93.62,75.98,114.46,62.78,151.2,181.16,142.01
2025-03-27,106.98,110.35,120.96,101.6,93.32,81.95,95.2,106.78,108.72,158.54,101.76,120.61,120.9,83.87,140.68,110.31,131.75,116.94,103.49,91.25,88.01,67.37,88.44,117.79,,70.82,124.82,106.93,100.12,103.3,76.58,66.87,67.76,99.17,133.11,116.72,151.61,125.05,185.58,109.7,103.65,99.18,93.57,75.81,114.43,62.74,152.17,180.96,141.69
2025-03-28,106.9,109.93,117.13,101.11,93.1,81.8,94.93,106.45,108.69,158.28,101.73,120.6,120.93,83.81,140.89,110.12,131.9,116.69,103.53,91.3,87.93,67.29,88.19,117.68,,70.83,124.71,106.43,100.02,103.11,76.55,67.03,67.59,99.29,133.18,116.71,151.53,125.26,185.89,109.8,103.48,98.8,93.61,75.67,114.43,62.64,152.28,180.79,141.35
2025-03-29,106.8,109.88,113.16,100.67,92.92,81.56,94.79,106.32,108.67,158.11,101.79,120.6,120.9,83.65,140.99,109.78,131.92,116.56,103.65,91.53,87.84,67.17,88.0,117.58,,70.86,124.6,105.82,99.92,102.87,76.49,67.11,67.39,99.34,133.3,116.72,151.49,125.43,186.24,109.88,103.43,98.39,94.03,75.58,114.43,62.58,152.34,180.77,141.03
2025-03-30,106.81,109.85,109.22,100.27,92.85,81.34,94.71,106.31,108.75,157.97,101.87,120.65,120.9,83.62,141.02,109.32,131.79,116.52,103.77,91.76,87.78,67.07,87.85,117.47,,70.92,124.63,105.38,99.79,102.68,76.48,67.27,67.29,99.38,133.36,116.73,151.52,125.53,186.64,109.93,103.43,98.0,94.37,75.43,114.44,62.53,152.47,180.78,140.71
2025-03-31,106.77,109.75,105.21,99.89,92.77,81.14,94.55,106.42,108.85,157.7,101.93,120.64,120.9,83.54,141.08,109.26,131.51,116.46,103.85,91.95,87.68,66.97,87.83,117.36,,71.0,124.6,104.95,99.7,102.49,76.42,67.43,67.14,99.48,133.53,116.85,151.52,125.8,187.11,110.05,103.41,97.67,94.68,75.32,114.29,62.56,152.63,180.87,140.37
2025-04-01,106.77,109.17,101.34,99.52,92.79,81.12,94.57,106.57,108.98,157.53,101.72,120.66,120.97,83.45,141.28,109.72,131.32,116.36,103.94,92.0,87.59,66.91,87.77,117.29,,71.0,124.66,104.66,99.46,102.4,76.43,67.71,67.0,99.56,133.84,116.98,151.47,126.08,187.58,110.15,103.58,97.13,95.02,75.35,114.27,62.59,152.91,181.05,138.74
2025-04-02,106.71,108.32,97.49,99.08,92.77,81.0,94.74,106.9,109.08,157.25,101.39,120.54,120.97,83.4,141.35,110.19,131.07,116.28,104.0,92.08,87.44,66.98,87.74,117.2,,70.92,124.71,104.44,99.21,102.28,76.43,67.83,66.95,99.48,133.94,116.99,151.24,126.34,187.92,110.27,103.61,96.42,95.31,75.41,114.21,62.68,152.99,181.17,138.6
2025-04-03,106.77,108.66,95.58,99.29,92.69,80.95,95.0,107.23,109.11,157.02,101.31,120.38,120.94,83.54,141.02,110.84,130.83,116.28,104.02,92.47,87.4,67.04,87.81,117.26,,70.8,124.75,104.31,99.07,102.19,76.44,67.9,66.87,99.39,134.08,117.04,151.0,126.53,188.17,110.33,103.71,96.8,95.62,75.49,114.32,62.84,152.97,181.29,138.43
2025-04-04,106.89,109.23,95.49,99.44,92.66,80.9,95.53,107.64,109.11,157.06,101.17,120.22,120.89,83.72,140.72,111.21,130.64,116.47,103.97,92.49,87.4,67.14,88.09,117.29,,70.69,124.69,104.69,98.89,102.19,76.4,67.78,66.54,99.25,134.19,117.07,150.73,126.76,188.13,110.39,103.85,97.37,95.84,75.42,114.42,63.07,152.94,181.36,138.16
2025-04-05,107.01,108.91,95.57,99.49,92.65,80.93,95.95,107.91,109.07,156.99,100.88,120.22,120.93,83.73,140.62,111.77,130.66,116.77,103.93,92.39,87.43,67.22,88.39,117.37,,70.69,124.65,104.91,98.76,102.15,76.34,67.87,66.28,99.12,134.27,117.06,150.44,127.21,188.07,110.48,103.9,97.17,95.6,75.45,114.5,63.33,152.99,181.47,137.95
2025-04-06,107.04,108.29,95.62,99.52,92.64,80.93,96.32,108.08,108.89,156.98,100.61,120.13,120.9,83.63,140.47,112.58,130.78,117.06,103.84,92.24,87.43,67.32,88.66,117.39,,70.68,124.57,105.07,98.53,102.13,76.26,67.93,65.95,98.95,134.32,117.02,150.13,127.64,187.97,110.57,103.96,96.9,95.44,75.44,114.48,63.6,152.96,181.61,137.67
2025-04-07,107.07,107.54,95.73,99.5,92.67,80.93,96.67,108.02,108.65,157.02,100.32,120.06,120.88,83.55,140.46,112.94,130.99,117.36,103.76,92.12,87.44,67.41,88.82,117.39,,70.64,124.5,105.17,98.41,102.11,76.27,67.99,65.64,98.74,134.28,116.86,149.83,128.02,187.83,110.62,104.04,96.64,95.28,75.38,114.43,63.85,152.93,181.67,137.4
2025-04-08,107.12,107.52,95.76,99.48,92.57,80.85,96.85,107.78,108.52,157.08,100.31,120.04,120.84,83.53,140.29,113.2,131.58,117.63,103.69,92.04,87.5,67.49,89.03,117.39,,70.63,124.49,105.14,98.3,102.03,76.26,67.92,65.44,98.62,134.26,116.78,149.59,128.3,187.78,110.63,104.04,96.58,95.15,75.22,114.47,63.99,152.92,181.81,137.12
2025-04-09,107.23,108.18,95.73,99.46,92.44,80.81,96.87,107.48,108.34,156.93,100.3,120.07,120.81,83.56,140.17,113.53,131.84,117.81,103.61,91.87,87.52,67.56,89.23,117.38,,70.77,124.42,105.03,98.43,102.0,76.26,67.8,65.1,98.63,134.36,116.76,149.52,128.83,187.82,110.57,104.09,96.92,94.96,75.07,114.5,64.14,152.92,181.96,136.84
2025-04-10,107.17,107.42,95.89,99.1,92.28,80.77,96.78,106.86,108.14,156.61,100.1,120.05,120.73,83.32,139.87,113.49,132.14,117.87,103.46,91.66,87.51,67.57,89.4,117.27,,70.97,124.44,104.51,98.4,101.95,76.19,67.75,64.79,98.59,134.2,116.64,149.42,129.17,187.75,110.41,104.03,96.13,94.71,74.94,114.33,64.21,152.91,182.05,136.63
2025-04-11,107.06,106.97,95.92,98.74,92.21,80.73,96.28,104.93,107.87,156.43,99.99,120.09,120.73,83.1,139.64,113.71,132.27,117.88,103.26,91.49,87.48,67.56,89.38,117.2,,71.12,124.52,103.89,98.46,101.9,76.06,67.67,64.67,98.53,133.99,116.49,149.3,129.47,187.82,110.29,103.99,95.2,94.55,74.85,114.26,64.13,153.01,182.14,136.69
2025-04-12,107.05,107.68,95.98,98.53,92.18,80.66,95.88,104.26,107.63,156.43,100.0,120.07,120.78,83.07,139.37,113.89,132.51,117.85,103.19,91.37,87.5,67.61,89.39,117.11,,71.26,124.57,103.48,98.48,101.94,76.01,67.53,64.89,98.49,133.82,116.41,149.17,129.42,187.83,110.2,103.99,95.15,94.52,74.78,114.31,64.05,153.2,182.31,136.75
2025-04-13,107.05,108.74,96.22,98.32,92.15,80.56,95.49,103.76,107.42,156.38,100.06,120.07,120.82,83.08,139.31,114.11,132.65,117.77,103.1,91.23,87.52,67.57,89.4,117.06,,71.2,124.63,103.0,98.54,101.98,76.0,67.37,65.07,98.58,133.71,116.33,149.17,129.44,187.93,110.11,103.95,95.22,94.53,74.8,114.38,63.92,153.32,182.38,136.81
2025-04-14,107.05,110.05,96.43,98.15,92.11,80.46,95.04,103.33,107.26,156.47,100.16,120.02,120.81,83.12,139.14,114.5,132.88,117.72,103.1,91.08,87.51,67.48,89.41,117.03,,71.1,124.67,102.7,98.53,101.97,75.96,67.16,65.29,98.65,133.6,116.27,149.09,129.37,188.13,110.01,103.85,95.31,94.53,74.79,114.54,63.71,153.4,182.42,136.85
2025-04-15,107.01,111.11,96.53,98.03,92.01,80.24,94.45,101.81,106.97,156.45,100.18,120.05,120.7,83.19,139.08,114.51,132.58,117.72,103.07,90.81,87.5,67.38,89.39,117.0,,71.02,124.68,102.42,98.46,101.9,75.87,67.1,65.53,98.59,133.48,116.18,149.07,129.21,188.14,109.9,103.68,95.43,94.56,74.79,114.75,63.6,153.48,182.29,136.95
2025-04-16,106.94,111.34,96.83,98.01,91.78,80.03,94.05,100.19,106.76,156.42,100.07,119.97,120.59,83.16,138.87,114.43,132.59,117.64,103.04,90.64,87.47,67.19,89.33,116.88,,70.79,124.65,102.06,98.31,101.94,75.73,66.95,65.75,98.4,133.07,116.01,148.97,128.75,188.04,109.75,103.39,95.45,94.6,74.69,114.98,63.47,153.53,182.17,137.06
2025-04-17,106.97,111.95,97.07,98.17,91.7,79.89,93.68,101.02,106.57,156.54,99.95,119.95,120.48,83.26,138.8,114.62,132.61,117.57,103.02,90.45,87.43,67.12,89.24,116.92,,70.53,124.6,102.22,98.32,102.03,75.7,66.93,65.89,98.35,133.0,116.0,148.98,128.48,188.07,109.74,103.17,95.58,94.64,74.62,115.1,63.46,153.57,182.32,137.08
2025-04-18,106.96,112.11,97.35,98.49,91.57,79.75,93.62,102.48,106.51,156.48,99.78,119.86,120.36,83.31,138.69,113.39,132.75,117.49,103.14,90.34,87.33,67.0,89.1,116.84,,70.28,124.48,102.24,98.22,102.04,75.69,66.95,66.11,98.37,133.04,116.11,149.02,128.2,188.04,109.69,102.89,95.71,94.59,74.51,115.15,63.48,153.69,182.47,136.92
2025-04-19,106.87,111.46,97.62,98.75,91.39,79.51,93.51,102.73,106.59,156.12,99.59,119.67,120.15,83.35,138.46,112.1,132.6,117.3,103.13,90.27,87.11,66.79,88.87,116.66,,69.92,124.3,102.1,98.08,102.04,75.56,66.88,65.82,98.31,133.09,116.18,149.05,128.08,187.88,109.46,102.53,95.77,94.49,74.34,115.16,63.41,153.54,182.42,136.77
2025-04-20,106.81,110.68,97.7,99.09,91.23,79.46,93.57,102.99,106.7,155.89,99.49,119.57,120.07,83.46,138.18,110.63,132.63,117.19,103.15,90.29,87.0,66.58,88.78,116.55,,69.74,124.23,102.24,98.03,102.01,75.45,66.9,65.77,98.3,133.1,116.36,149.05,128.02,187.81,109.42,102.28,95.78,94.37,74.26,115.3,63.46,153.54,182.39,136.62
2025-04-21,106.72,109.68,97.81,99.39,91.02,79.3,93.68,103.19,106.81,155.58,99.2,119.48,120.0,83.52,137.95,109.22,132.63,117.05,103.07,90.32,86.88,66.41,88.69,116.39,,69.57,124.12,102.3,97.89,102.11,75.33,66.89,65.68,98.19,133.18,116.59,149.06,127.89,187.55,109.35,102.02,95.79,94.32,74.16,115.41,63.6,153.06,182.31,136.57
2025-04-22,106.63,108.86,98.0,99.63,90.94,79.25,93.93,104.6,107.07,155.28,98.97,119.29,119.89,83.58,137.72,107.74,132.65,116.85,103.0,90.35,86.73,66.17,88.59,116.22,,69.33,123.98,102.34,97.81,102.18,75.27,66.78,65.5,98.05,133.1,116.74,149.07,127.75,187.16,109.23,101.85,95.7,94.28,74.04,115.42,63.68,152.45,182.29,136.41
2025-04-23,106.56,108.36,97.98,99.84,91.03,79.1,94.01,106.06,107.34,155.1,98.95,119.19,119.82,83.72,137.67,106.34,132.74,116.79,102.96,90.37,86.62,66.05,88.53,116.15,,69.14,123.89,102.52,97.8,102.1,75.22,66.7,65.38,98.14,133.18,116.93,149.17,127.64,187.06,109.25,101.83,95.66,94.32,74.01,115.39,63.76,151.96,182.42,136.28
2025-04-24,106.43,107.72,97.82,99.89,90.83,78.78,93.93,105.41,107.62,154.71,98.72,118.97,119.69,83.65,137.81,105.06,132.76,116.57,102.95,90.38,86.49,65.85,88.4,115.86,,68.94,123.7,102.37,97.62,101.94,75.12,66.45,65.25,98.05,132.98,116.88,149.22,127.41,186.56,109.04,101.75,95.59,94.23,73.79,115.45,63.7,151.36,182.33,135.84
2025-04-25,106.3,107.15,97.7,99.76,90.6,78.4,93.86,105.42,107.68,154.23,98.47,118.74,119.52,83.56,137.77,105.15,132.63,116.26,102.77,90.23,86.34,65.62,88.26,115.62,,68.73,123.54,102.22,97.35,101.82,74.96,66.22,65.11,97.87,132.66,116.75,149.3,127.05,186.33,108.82,101.56,95.49,94.11,73.59,115.51,63.62,150.8,182.35,135.63
2025-04-26,106.22,107.33,97.59,99.66,90.29,78.33,93.66,105.4,107.57,153.84,98.23,118.66,119.36,83.44,137.9,105.32,132.59,116.33,102.58,89.8,86.32,65.55,88.25,115.57,,68.62,123.4,102.35,97.19,101.79,74.88,65.88,65.06,97.82,132.36,116.69,149.34,126.89,186.45,108.82,101.51,95.56,93.97,73.36,115.51,63.64,150.4,182.48,135.58
2025-04-27,106.16,107.62,97.65,99.48,90.04,78.08,93.32,105.28,107.56,153.52,97.9,118.53,119.26,83.38,138.03,105.63,132.64,116.48,102.5,89.31,86.21,65.62,88.12,115.44,,68.54,123.21,102.37,97.03,101.73,74.8,65.56,64.8,97.76,131.99,116.58,149.4,126.72,186.46,108.74,101.47,95.62,93.95,73.12,115.48,63.58,149.99,182.73,135.56
2025-04-28,106.11,107.92,97.68,99.32,89.79,77.9,93.04,105.16,107.45,153.23,97.8,118.37,119.12,83.31,138.07,105.9,132.49,116.67,102.52,88.81,86.18,65.68,87.99,115.34,,68.46,122.98,102.35,96.97,101.68,74.75,65.14,64.58,97.72,131.67,116.48,149.41,126.59,186.54,108.71,101.45,95.66,93.8,72.89,115.41,63.49,150.02,183.05,135.46
2025-04-29,106.07,108.19,97.73,99.25,89.5,77.73,92.75,105.07,107.24,152.88,97.64,118.08,118.99,83.12,138.13,106.43,132.39,116.53,102.53,88.37,86.05,65.78,87.87,115.25,,68.42,122.87,102.22,96.8,101.65,74.63,64.81,64.35,97.75,131.41,116.4,149.42,126.53,186.69,108.64,101.34,95.63,93.64,72.72,115.31,63.33,150.18,183.29,135.42
2025-04-30,106.07,108.33,97.76,99.22,89.25,77.51,92.44,105.04,106.96,152.65,97.53,117.97,118.88,82.93,138.33,107.01,132.27,116.24,102.6,87.94,85.98,65.82,87.69,115.19,,68.45,122.86,102.08,96.64,101.81,74.53,64.53,63.76,97.76,131.16,116.37,149.41,126.6,186.79,108.5,101.29,95.61,93.46,72.56,115.29,63.26,150.43,183.5,135.43
2025-05-01,105.85,107.76,97.66,98.93,88.93,77.18,92.01,105.14,106.51,151.98,97.04,117.42,118.1,82.6,138.13,107.54,131.83,116.17,102.38,87.0,85.63,65.71,87.35,114.73,,68.34,122.6,102.06,96.26,101.8,74.22,64.17,63.01,97.51,130.75,116.22,149.23,126.7,186.91,107.87,100.81,95.42,93.2,72.32,115.13,63.22,150.53,183.39,135.71
2025-05-02,105.94,107.6,97.96,99.05,88.97,77.03,91.73,105.13,106.42,152.11,97.09,117.58,118.02,82.59,138.3,108.17,131.84,116.46,102.54,86.71,85.74,65.73,87.26,114.83,,68.44,122.7,102.74,96.38,101.95,74.24,63.97,62.74,97.63,130.67,116.29,149.35,126.81,187.2,107.99,100.76,95.43,93.23,72.23,115.34,63.24,150.76,183.67,136.26
2025-05-03,106.04,107.0,98.26,99.26,89.18,76.76,91.82,105.4,106.48,152.42,97.31,117.77,117.92,82.67,138.4,108.65,132.01,116.5,102.76,86.78,85.8,65.74,87.18,114.95,,68.56,122.82,103.23,96.5,101.97,74.32,63.84,62.71,97.84,130.74,116.36,149.42,126.83,187.36,108.09,100.67,95.38,93.27,72.32,115.45,63.28,150.73,183.99,136.69
2025-05-04,106.09,106.19,98.57,99.49,89.35,76.47,92.01,105.79,106.56,152.59,97.54,117.95,117.59,82.64,138.41,109.18,131.85,116.43,102.86,86.87,85.77,65.6,86.95,115.12,,68.66,122.91,103.66,96.61,102.04,74.3,63.67,62.71,97.93,130.95,116.42,149.4,126.79,187.41,108.19,100.46,95.28,93.26,72.42,115.51,63.22,150.6,184.26,137.19
2025-05-05,105.64,105.17,98.0,99.09,88.67,75.94,91.62,106.15,106.39,151.06,97.05,117.5,116.25,82.06,138.09,109.48,131.45,115.32,102.68,86.25,85.01,65.14,86.2,114.45,,68.26,122.17,103.52,96.18,101.71,73.94,63.33,62.23,97.56,130.39,116.14,149.07,126.55,186.79,107.24,99.53,94.87,92.9,71.93,115.15,63.06,150.22,183.91,137.34
2025-05-06,105.7,104.26,98.09,99.22,88.82,76.09,91.79,106.7,106.51,151.64,97.23,117.96,116.04,82.05,138.29,109.89,131.44,115.5,102.75,86.28,85.08,64.92,86.15,114.62,,68.29,122.25,103.94,96.32,101.8,74.13,63.2,62.01,97.61,130.38,116.13,149.1,126.43,186.8,107.38,99.45,94.89,92.9,71.83,115.14,63.13,149.58,184.25,137.85
2025-05-07,105.73,103.0,98.21,99.25,88.89,76.38,92.01,107.1,106.63,151.78,97.37,118.3,115.82,81.99,138.25,110.18,131.39,115.83,102.75,86.32,85.13,64.67,86.03,114.71,,68.28,122.24,104.29,96.46,101.6,74.29,63.06,62.23,97.52,130.39,116.21,149.17,126.33,186.99,107.5,99.2,94.88,92.88,71.67,115.06,63.09,148.9,184.46,138.26
2025-05-08,105.92,102.33,98.42,99.55,89.27,76.89,92.51,107.48,106.95,152.52,97.89,119.02,116.28,82.09,138.6,110.2,131.68,116.01,103.03,86.8,85.43,64.49,86.1,115.27,,68.39,122.43,104.56,96.78,101.68,74.69,62.9,62.64,97.71,130.6,116.51,149.4,126.45,187.34,108.28,99.27,95.03,92.98,71.63,115.15,62.96,148.73,185.1,138.7
2025-05-09,105.87,102.2,98.32,99.53,89.35,77.18,92.9,107.88,107.07,152.59,97.97,119.15,116.06,81.98,138.83,109.94,131.5,115.93,103.06,86.83,85.37,64.29,86.01,115.37,,68.33,122.44,104.39,96.78,101.64,74.83,62.67,62.63,97.58,130.64,116.59,149.33,126.92,187.7,108.44,99.09,95.06,92.99,71.53,114.94,62.83,148.15,185.2,138.7
2025-05-10,105.81,102.29,98.28,99.44,89.44,77.57,93.02,108.09,107.17,152.47,97.9,119.17,115.99,81.78,139.1,109.86,131.49,115.66,103.05,86.68,85.29,64.06,85.91,115.39,,68.32,122.45,104.37,96.82,101.61,74.86,62.6,62.52,97.25,130.52,116.57,149.39,127.32,188.08,108.57,98.96,95.02,92.99,71.32,114.92,62.75,147.98,185.1,138.67
2025-05-11,105.74,102.69,97.87,99.29,89.46,78.06,92.87,108.25,107.21,152.32,97.74,119.11,116.01,81.57,139.51,109.76,131.46,115.28,103.11,86.53,85.19,63.76,85.81,115.36,,68.18,122.34,104.47,96.83,101.32,74.9,62.41,62.26,97.03,130.33,116.61,149.48,128.56,188.55,108.62,98.83,94.97,92.88,71.0,114.84,62.61,147.85,185.16,138.67
2025-05-12,106.16,103.47,98.4,99.79,90.41,78.79,93.28,108.5,107.64,154.03,98.37,119.75,117.09,82.07,140.58,109.85,131.76,116.1,103.37,87.24,85.7,63.78,86.24,116.17,,68.54,123.08,104.91,97.39,101.41,75.15,62.48,62.46,97.41,130.94,116.94,149.94,130.03,189.6,109.71,99.43,95.31,93.36,71.38,115.31,62.49,148.12,185.88,139.03
2025-05-13,106.09,104.25,98.29,99.71,90.45,78.85,93.24,108.54,107.6,153.56,98.27,119.59,117.05,82.0,140.73,109.63,131.78,116.0,103.43,87.16,85.52,63.54,85.99,116.13,,68.47,122.92,104.79,97.49,101.08,75.09,62.34,62.55,97.32,130.82,117.01,150.04,131.07,190.15,109.83,99.27,95.29,93.34,71.37,115.34,62.21,148.43,185.85,138.84
2025-05-14,105.97,105.43,98.15,99.66,90.46,78.8,93.14,108.62,107.61,153.35,98.15,119.31,117.01,81.93,140.98,109.46,131.77,115.47,103.44,87.02,85.13,63.3,85.78,116.1,,68.33,122.66,104.43,97.37,100.92,74.98,62.16,62.61,97.16,130.74,116.97,150.15,131.55,190.38,109.85,99.07,95.19,93.3,71.39,115.44,61.91,148.79,185.81,138.7
2025-05-15,105.99,107.12,98.2,99.69,90.42,78.64,93.14,108.57,107.6,153.08,98.22,119.19,117.05,82.02,141.3,109.65,131.62,115.09,103.5,86.96,84.81,63.14,85.64,116.14,,68.26,122.46,104.26,97.37,100.74,74.88,62.19,62.73,97.13,130.74,116.95,150.25,131.93,190.76,109.86,99.1,95.12,93.41,71.54,115.45,61.77,149.03,185.69,138.57
2025-05-16,105.97,107.79,98.24,99.73,90.37,78.64,93.08,108.62,107.64,152.81,98.23,119.01,117.06,82.08,141.58,109.96,131.57,114.71,103.55,86.5,84.4,62.9,85.44,116.14,,68.14,122.14,103.88,97.31,100.51,74.7,62.2,62.84,97.09,130.78,116.87,150.3,131.91,190.68,109.76,99.05,94.94,93.42,71.55,115.33,61.59,149.32,185.71,138.39
2025-05-17,105.79,108.12,97.8,99.53,90.01,78.27,92.55,108.49,107.66,151.97,98.17,118.67,116.86,82.0,141.97,110.23,131.05,114.0,103.45,85.94,83.64,62.45,84.75,115.97,,67.79,121.52,103.18,97.04,100.34,74.44,61.96,62.69,96.92,130.41,116.62,150.27,131.72,189.98,109.3,98.59,94.69,93.27,71.05,115.04,61.13,149.45,185.76,138.23
2025-05-18,105.86,108.61,98.08,99.62,90.02,78.18,92.8,108.35,107.76,151.81,98.32,118.73,116.94,82.11,142.42,110.48,131.16,114.12,103.43,85.63,83.46,62.43,84.7,116.07,,67.77,121.45,102.73,96.98,100.56,74.55,62.17,63.0,96.87,130.32,116.56,150.29,130.96,189.82,109.36,98.68,94.57,93.48,71.07,115.05,61.2,149.81,185.88,137.99
2025-05-19,105.92,109.03,98.38,99.76,90.01,78.16,93.42,108.23,107.8,151.57,98.38,118.81,117.1,82.12,142.68,110.71,131.37,114.09,103.46,85.31,83.38,62.39,84.68,116.17,,67.75,121.44,102.43,96.86,100.62,74.73,62.46,63.32,96.79,130.19,116.57,150.39,130.2,189.86,109.47,98.82,94.33,93.51,71.12,114.96,61.38,150.17,185.99,137.86
2025-05-20,105.95,109.16,98.67,99.8,90.06,78.15,93.88,108.16,107.98,151.47,98.54,118.92,117.23,82.22,143.42,111.01,131.45,114.08,103.48,85.29,83.25,62.33,84.61,116.23,,67.77,121.39,102.17,96.62,100.84,74.86,62.65,63.46,96.72,130.16,116.59,150.47,129.64,189.62,109.57,98.97,94.17,93.66,71.06,114.93,61.53,150.37,186.21,137.9
2025-05-21,105.99,109.08,98.95,99.81,90.12,78.07,94.35,108.16,108.09,151.32,98.73,119.03,117.36,82.28,143.96,111.28,131.55,114.37,103.44,85.27,83.28,62.36,84.73,116.22,,67.91,121.4,102.51,96.56,100.94,75.01,62.91,63.53,96.92,130.15,116.64,150.43,129.6,189.5,109.61,99.19,94.05,93.74,71.05,114.83,61.86,150.45,186.47,137.9
2025-05-22,106.0,108.41,99.05,99.78,90.24,77.89,94.64,108.15,108.15,151.31,98.8,119.11,117.33,82.23,144.28,111.36,131.6,114.74,103.29,85.15,83.2,62.46,84.95,116.22,,68.09,121.51,103.07,96.48,101.06,74.81,62.96,63.54,97.07,130.32,116.72,150.41,129.49,189.3,109.62,99.31,93.79,93.81,70.71,114.76,62.17,150.33,186.68,137.86
2025-05-23,105.99,108.12,99.27,99.72,90.38,77.73,94.87,108.07,108.17,151.22,98.91,119.11,117.26,82.19,144.32,111.34,131.71,114.97,103.08,85.32,83.14,62.59,85.12,116.23,,68.29,121.65,103.76,96.42,101.16,74.77,62.9,63.52,97.26,130.37,116.82,150.39,129.6,189.32,109.66,99.32,93.62,93.8,70.5,114.81,62.44,150.33,186.74,137.84
2025-05-24,106.14,107.81,99.9,99.85,90.7,77.71,95.65,107.97,108.22,151.86,98.99,119.29,117.32,82.25,144.33,111.27,132.12,115.54,102.95,85.68,83.58,62.99,85.76,116.37,,68.65,122.1,104.51,96.48,101.33,74.89,63.06,63.57,97.62,130.75,117.13,150.36,129.89,189.9,109.96,99.76,93.5,93.97,70.88,115.01,63.01,150.34,186.87,137.85
2025-05-25,106.03,107.26,99.96,99.7,90.66,77.4,95.81,107.91,108.27,151.8,98.9,119.13,117.09,82.12,144.11,111.12,131.97,115.4,102.72,85.72,83.47,63.06,85.93,116.23,,68.82,122.08,104.75,96.34,101.24,74.7,62.88,63.36,97.68,130.79,117.17,150.29,129.86,189.8,109.76,99.66,93.32,93.81,70.66,114.88,63.22,150.16,186.73,137.89
2025-05-26,105.95,106.84,100.01,99.54,90.63,77.04,95.53,107.81,108.5,151.62,98.73,119.02,116.83,81.97,143.73,111.08,131.84,115.36,102.39,85.72,83.34,63.2,86.14,116.12,,69.0,122.04,105.15,96.25,101.31,74.53,62.68,63.21,97.72,130.73,117.11,150.15,129.85,189.7,109.54,99.55,93.19,93.65,70.4,114.79,63.44,149.86,186.58,137.78
2025-05-27,105.85,104.79,100.0,99.4,90.56,76.65,95.35,107.65,108.64,151.33,98.54,118.79,116.53,81.78,143.24,111.02,131.58,115.18,102.05,85.51,83.25,63.36,86.31,116.02,,69.11,121.99,105.5,96.34,101.19,74.3,62.53,63.11,97.8,130.77,117.04,149.88,129.85,189.65,109.22,99.33,93.03,93.5,70.14,114.52,63.64,149.71,186.31,137.72
2025-05-28,105.78,103.71,100.07,99.31,90.53,76.41,95.22,107.5,108.87,151.22,98.28,118.67,116.24,81.63,143.05,111.1,131.32,115.0,101.87,85.26,83.1,63.47,86.29,116.02,,69.09,121.89,105.43,96.37,101.18,74.05,62.36,63.06,97.61,130.74,116.89,149.66,129.81,189.53,109.1,99.08,92.98,93.45,69.83,114.37,63.64,149.61,185.96,137.71
2025-05-29,105.71,103.84,100.3,99.3,90.53,76.42,95.15,107.4,109.09,150.69,98.15,118.67,116.09,81.59,142.83,110.91,131.28,114.86,101.75,85.14,83.08,63.47,86.2,115.99,,69.09,121.79,105.09,96.42,101.08,74.39,62.31,63.06,97.44,130.5,116.74,149.45,129.82,189.42,109.05,98.94,93.07,93.41,69.85,114.29,63.72,149.69,185.76,137.78
2025-05-30,105.53,104.4,100.22,99.18,90.36,76.33,95.04,107.35,109.26,149.95,97.8,118.6,115.47,81.35,142.74,110.77,131.07,114.76,101.55,84.57,82.91,63.48,86.41,115.81,,68.97,121.62,104.71,96.21,100.97,74.39,62.3,62.88,97.1,130.09,116.46,149.1,129.77,189.05,108.89,98.78,93.06,93.34,69.74,113.96,63.88,149.41,185.16,137.84
2025-05-31,105.48,105.56,100.34,99.18,90.27,76.34,94.98,107.41,109.57,149.25,97.73,118.71,115.24,81.37,142.61,110.8,130.95,114.82,101.54,84.28,82.91,63.42,86.68,115.78,,68.91,121.56,104.64,96.17,100.82,74.43,62.42,62.96,96.96,129.85,116.24,149.03,129.83,188.69,108.88,98.76,93.2,93.34,69.6,113.7,63.98,149.38,184.85,137.9
2025-06-01,105.51,105.79,100.66,99.27,90.26,76.4,95.02,107.44,109.9,148.66,97.7,118.93,115.11,81.45,142.59,111.19,130.86,114.96,101.49,84.01,83.04,63.45,87.03,115.83,,68.89,121.53,104.96,96.14,100.85,74.38,62.63,63.01,96.97,129.81,116.09,148.97,129.96,188.55,108.98,98.88,93.33,93.38,69.69,113.58,64.1,149.32,184.67,137.96
2025-06-02,105.52,105.74,100.9,99.34,90.26,76.49,95.11,107.34,109.99,148.18,97.63,119.08,114.96,81.47,142.62,111.42,130.73,115.05,101.49,83.75,83.17,63.5,87.33,115.84,,68.89,121.56,105.15,96.08,100.79,74.4,62.81,63.01,96.96,129.72,115.99,148.86,130.11,188.43,109.03,99.0,93.41,93.37,69.67,113.32,64.2,149.24,184.41,138.18
2025-06-03,105.55,109.6,101.17,99.46,90.21,76.58,95.2,107.45,110.16,147.57,97.67,119.51,114.88,81.55,142.67,111.72,130.7,115.02,101.61,83.78,83.32,63.57,87.73,115.82,,68.94,121.61,105.35,95.81,100.85,74.49,63.0,63.06,97.07,129.72,115.96,148.92,130.57,188.45,109.25,99.2,93.5,93.34,69.73,113.08,64.38,149.26,184.26,138.33
2025-06-04,105.61,111.68,101.48,99.53,90.24,76.76,95.4,107.43,110.27,147.25,97.72,119.94,114.86,81.76,142.6,111.57,130.66,115.35,101.61,83.86,83.55,63.7,88.24,115.9,,69.11,121.67,106.0,95.86,100.9,74.63,63.27,63.1,97.15,129.64,115.89,148.92,130.67,188.39,109.51,99.42,93.75,93.4,69.87,113.11,64.67,149.22,184.14,138.5
2025-06-05,105.66,112.26,101.82,99.59,90.25,76.94,95.79,107.44,110.34,147.42,97.67,120.27,114.84,81.97,142.5,111.65,130.52,115.57,101.61,83.96,83.77,63.9,88.81,115.96,,69.15,121.7,106.77,95.93,100.97,74.55,63.66,63.07,97.22,129.57,115.83,148.96,130.72,188.34,109.71,99.61,94.02,93.45,70.03,113.08,64.93,149.14,183.97,138.65
2025-06-06,105.8,111.65,102.18,99.7,90.36,77.17,96.12,107.43,110.42,147.87,97.62,120.72,115.29,82.33,142.38,111.71,130.54,115.82,101.65,84.46,84.16,64.06,89.04,116.15,,69.26,121.75,107.38,96.13,101.02,74.81,64.02,63.12,97.32,129.62,115.89,149.13,130.78,188.42,109.95,99.89,94.34,93.54,70.16,113.21,65.1,149.38,184.26,138.86
2025-06-07,105.79,110.17,101.99,99.65,90.49,77.41,96.24,107.46,110.29,147.98,97.37,121.11,115.37,82.4,142.11,111.69,130.42,116.09,101.48,84.69,84.25,63.92,89.24,116.21,,69.32,121.78,107.76,96.2,101.0,74.99,64.25,63.14,97.29,129.7,115.84,148.97,130.49,188.6,110.09,99.98,94.34,93.55,70.46,113.21,65.29,149.23,184.25,138.97
2025-06-08,105.7,109.72,101.65,99.52,90.56,77.56,96.3,107.56,110.12,147.98,97.15,121.33,115.35,82.38,141.69,111.28,130.28,116.29,101.31,84.96,84.28,63.68,89.32,116.21,,69.34,121.69,107.93,96.25,100.87,75.28,64.4,63.14,97.13,129.7,115.75,148.76,130.15,188.57,110.09,99.95,94.33,93.49,70.59,113.14,65.41,149.11,184.17,139.12
2025-06-09,105.61,109.83,101.32,99.37,90.57,77.64,96.32,107.7,110.01,147.89,97.04,121.59,115.32,82.39,141.37,111.07,130.1,116.42,101.13,85.24,84.27,63.4,89.34,116.23,,69.26,121.52,108.08,96.24,100.78,75.53,64.49,63.21,97.0,129.75,115.67,148.64,129.74,188.48,110.1,99.84,94.37,93.49,70.73,113.17,65.47,149.09,184.15,139.1
2025-06-10,105.51,107.88,101.0,99.28,90.6,77.87,96.42,107.63,109.9,148.07,96.98,121.73,115.31,82.3,141.04,110.69,129.98,116.83,100.89,85.29,84.31,63.14,89.3,116.24,,69.18,121.48,108.46,96.11,100.64,75.71,64.56,63.22,96.88,129.88,115.68,148.46,129.13,188.32,110.03,99.76,94.25,93.49,70.88,113.08,65.49,149.07,184.19,139.1
2025-06-11,105.44,106.92,100.92,99.23,90.46,77.93,96.61,107.62,109.76,147.92,96.95,121.81,115.2,82.23,140.9,110.68,129.78,116.86,100.73,85.4,84.39,63.0,89.25,116.2,,68.96,121.52,108.46,96.05,100.54,75.95,64.71,63.18,96.8,130.06,115.72,148.38,128.82,188.27,109.97,99.77,94.08,93.51,70.96,112.97,65.56,149.08,184.2,138.97
2025-06-12,105.36,106.8,100.82,99.08,90.31,77.95,96.54,107.54,109.66,147.57,97.02,121.49,115.06,82.42,140.83,109.68,129.59,117.08,100.86,85.36,84.44,62.82,89.16,116.13,,68.83,121.52,108.18,95.94,100.46,76.03,64.82,63.18,96.75,130.24,115.68,148.05,128.52,188.34,109.93,99.77,94.02,93.54,71.06,112.86,65.53,148.83,184.14,138.84
2025-06-13,105.31,107.08,100.81,99.01,90.18,77.93,96.6,107.47,109.73,147.16,97.16,121.3,114.95,82.55,140.76,108.58,129.42,117.37,101.06,85.42,84.45,62.68,89.14,116.05,,68.73,121.55,107.94,96.13,100.44,75.87,64.92,63.24,96.75,130.4,115.61,147.6,128.2,188.47,109.95,99.76,93.96,93.57,71.15,112.76,65.51,148.62,184.03,138.75
2025-06-14,105.17,107.87,100.84,98.83,89.82,77.63,96.41,107.48,109.81,146.61,97.32,120.81,114.61,82.69,140.7,107.39,129.06,117.22,101.28,85.36,84.2,62.99,88.9,115.79,,68.45,121.32,107.68,96.04,100.28,75.61,64.87,62.99,96.52,130.22,115.46,147.16,128.02,188.12,109.67,99.44,94.0,93.52,70.67,112.46,65.33,148.34,183.81,138.74
2025-06-15,105.2,108.87,101.32,98.89,89.71,77.59,96.52,107.4,109.97,146.53,97.64,120.67,114.58,82.98,140.84,106.37,128.95,117.33,101.7,85.45,84.32,63.58,88.97,115.73,,68.37,121.48,107.64,96.01,100.23,75.67,65.11,63.12,96.65,130.27,115.49,146.95,128.0,188.2,109.78,99.54,94.11,93.62,70.72,112.41,65.36,148.12,183.79,138.66
2025-06-16,105.2,109.64,101.68,98.87,89.54,77.52,96.62,107.41,110.09,146.34,97.89,120.5,114.48,83.27,140.9,105.22,128.81,117.47,102.07,85.39,84.32,64.13,89.01,115.63,,68.31,121.63,107.55,95.97,100.3,75.46,65.37,63.05,96.68,130.22,115.43,146.71,127.97,188.17,109.81,99.56,94.29,93.72,70.71,112.29,65.41,147.73,183.67,138.6
2025-06-17,105.22,110.26,102.02,98.77,89.43,77.38,96.72,107.42,110.2,146.24,98.05,120.24,114.34,83.61,140.89,104.15,128.59,117.55,102.44,85.38,84.28,64.61,89.08,115.59,,68.23,121.65,107.34,96.22,100.4,75.18,65.62,63.0,96.61,129.99,115.17,146.33,127.98,188.27,109.83,99.56,94.61,93.81,70.72,112.56,65.4,147.29,183.43,138.53
2025-06-18,105.19,110.85,102.09,98.66,89.45,77.35,96.67,107.38,110.18,146.33,98.27,119.91,114.27,83.8,140.4,103.1,128.44,117.83,102.56,85.3,84.32,65.04,89.31,115.5,,68.32,121.66,107.27,96.13,100.5,74.91,65.73,63.16,96.62,129.88,115.03,145.94,128.01,188.37,109.82,99.59,94.75,93.84,70.87,112.49,65.46,146.85,183.24,138.53
2025-06-19,105.16,111.0,102.11,98.61,89.46,77.3,96.77,107.28,110.24,146.57,98.46,120.14,114.2,83.73,139.96,102.9,128.31,117.89,102.47,85.38,84.35,65.47,89.46,115.45,,68.28,121.72,107.28,96.03,100.52,74.76,65.86,63.28,96.57,129.75,114.96,145.71,128.07,188.42,109.87,99.6,94.82,93.88,70.93,112.42,65.54,146.5,183.13,138.45
2025-06-20,105.13,111.02,102.08,98.53,89.44,77.23,96.83,107.15,110.09,146.81,98.69,120.24,114.1,83.66,139.62,102.75,128.13,117.89,102.37,85.43,84.44,66.03,89.63,115.44,,68.26,121.72,107.36,95.72,100.56,74.74,65.9,63.42,96.59,129.67,114.98,145.56,128.16,188.46,109.92,99.6,94.86,93.87,70.99,112.33,65.61,146.06,183.06,138.42
2025-06-21,105.26,110.82,102.4,98.65,89.58,77.45,97.26,106.93,110.13,147.55,99.07,120.56,114.57,83.69,139.43,102.58,129.45,118.25,102.35,85.66,84.78,66.45,89.92,115.61,,68.4,121.95,107.48,95.72,100.64,74.86,66.13,63.91,96.81,129.73,115.12,145.52,128.28,188.88,110.32,99.86,94.94,93.95,71.47,112.64,65.8,146.68,183.16,138.54
2025-06-22,105.23,110.25,102.26,98.54,89.48,77.43,97.31,106.71,110.02,147.87,99.18,120.56,114.7,83.6,139.15,102.24,130.41,118.34,102.12,85.68,84.75,66.64,89.97,115.59,,68.37,121.87,107.38,95.65,100.74,74.65,65.98,63.94,96.72,129.57,115.09,145.25,128.28,188.94,110.3,99.73,94.91,93.89,71.42,112.68,65.81,147.19,183.11,138.77
2025-06-23,105.2,109.39,102.21,98.45,89.49,77.49,97.43,106.57,109.77,148.31,99.3,120.55,114.68,83.57,138.75,101.77,130.44,118.42,101.95,85.77,84.84,66.88,90.04,115.59,,68.35,121.81,107.25,95.67,100.65,74.64,65.93,64.05,96.75,129.48,115.13,145.07,128.32,189.08,110.41,99.7,95.0,93.83,71.42,112.72,65.84,146.81,183.07,139.05
2025-06-24,105.19,108.73,102.21,98.36,89.51,77.55,97.38,106.49,109.6,148.64,99.43,120.6,114.77,83.56,138.52,101.53,130.36,118.51,101.71,85.82,84.96,67.16,90.17,115.65,,68.37,121.72,107.21,95.74,100.53,74.62,65.84,64.27,96.83,129.53,115.33,145.06,128.32,189.26,110.49,99.71,95.01,93.81,71.42,112.68,65.91,146.53,183.24,139.62
2025-06-25,105.13,107.97,102.11,98.26,89.54,77.59,97.35,106.45,109.69,148.92,99.44,120.76,114.93,83.57,138.53,101.16,130.44,118.44,101.71,86.03,84.97,67.34,90.1,115.69,,68.31,121.53,107.1,95.88,100.46,74.64,65.79,64.37,96.9,129.5,115.47,145.17,128.4,189.29,110.62,99.59,94.8,93.73,71.33,112.63,65.86,146.35,183.44,140.17
2025-06-26,105.04,107.32,101.94,98.18,89.5,77.66,97.19,106.4,109.71,149.2,99.44,120.79,115.12,83.56,138.45,100.84,130.47,118.41,101.28,86.15,84.99,67.47,90.04,115.73,,68.29,121.38,107.11,96.02,100.41,74.7,65.66,64.44,96.9,129.44,115.57,145.39,128.44,189.41,110.64,99.39,94.45,93.66,71.17,112.7,65.75,146.81,183.53,140.93
2025-06-27,104.97,107.08,101.77,98.11,89.41,77.8,97.15,106.38,109.82,149.56,99.48,120.82,115.34,83.64,138.42,100.53,130.57,118.46,100.9,86.23,85.0,67.49,90.07,115.76,,68.34,121.25,107.19,96.2,100.41,74.66,65.5,64.66,96.88,129.48,115.66,145.75,128.57,189.61,110.68,99.27,94.12,93.64,71.2,112.89,65.72,147.39,183.69,141.61
2025-06-28,104.8,107.24,101.4,97.79,89.29,77.85,97.08,106.32,109.77,149.78,99.4,120.84,115.17,83.62,138.3,100.2,129.29,118.46,100.57,86.31,84.91,67.45,90.2,115.71,,68.37,121.03,107.25,95.91,100.5,74.63,65.2,64.68,96.88,129.45,115.65,146.06,128.57,189.67,110.58,99.23,93.9,93.64,71.17,112.9,65.67,147.05,183.8,142.07
2025-06-29,104.79,107.43,101.17,97.57,89.21,77.95,97.08,106.28,109.78,150.01,99.44,120.96,115.13,83.69,138.04,100.07,128.16,118.48,100.23,86.44,84.89,67.39,90.33,115.72,,68.38,120.92,107.26,95.72,100.42,74.57,65.07,64.87,96.95,129.48,115.67,146.53,128.75,189.82,110.62,99.23,93.71,93.64,71.23,112.93,65.65,146.81,183.89,142.5
2025-06-30,104.82,107.82,100.91,97.4,89.11,77.98,97.09,106.14,110.05,150.26,99.54,121.13,115.28,83.75,137.91,100.15,128.07,118.48,99.98,86.63,84.89,67.21,90.44,115.74,,68.14,120.63,107.39,95.64,100.46,74.51,64.62,65.16,97.02,129.48,115.69,146.87,128.86,189.96,110.66,99.2,93.46,93.68,71.3,113.04,65.55,147.54,183.89,142.85
2025-07-01,104.82,107.3,100.6,97.11,89.01,77.96,96.98,106.0,110.27,150.3,99.53,121.2,115.36,83.83,137.68,100.18,127.94,118.46,99.76,86.75,84.77,66.82,90.42,115.72,,67.72,120.33,107.46,95.46,100.45,74.48,64.15,65.3,96.92,129.38,115.59,147.04,128.95,189.79,110.64,99.02,93.27,93.65,71.23,112.97,65.37,148.17,183.88,143.04
2025-07-02,104.75,107.04,100.28,96.81,88.86,77.92,96.87,105.76,110.39,150.06,99.55,121.18,115.34,83.85,137.47,100.09,127.67,118.43,99.46,86.7,84.6,66.49,90.39,115.62,,67.36,120.1,107.31,95.13,100.33,74.33,63.62,65.4,96.74,129.28,115.41,147.05,128.87,189.56,110.54,98.88,93.32,93.55,71.12,112.96,65.18,148.61,183.82,143.39
2025-07-03,104.75,106.99,100.08,96.56,88.76,77.87,96.86,105.78,110.52,150.16,99.57,121.29,115.32,83.89,137.45,100.16,127.46,118.43,99.55,86.86,84.48,66.19,90.36,115.56,,67.11,119.81,107.24,94.86,100.27,74.2,63.03,65.59,96.79,129.37,115.39,147.02,128.71,189.19,110.54,98.89,93.46,93.49,71.1,112.91,65.02,148.65,184.06,143.87
2025-07-04,104.72,106.39,99.99,96.31,88.74,77.8,96.83,105.88,110.6,150.2,99.65,121.37,115.34,83.89,137.3,100.26,127.2,118.34,99.6,87.07,84.4,65.88,90.29,115.52,,66.81,119.61,107.25,94.66,100.23,74.26,62.67,65.7,96.85,129.41,115.35,146.94,128.34,188.86,110.54,98.92,93.68,93.43,71.04,112.8,64.86,148.65,184.25,144.18
2025-07-05,104.8,106.21,100.02,96.33,88.77,77.79,96.85,105.98,110.71,150.22,99.74,121.5,115.42,83.96,137.29,100.36,127.06,118.34,99.55,87.3,84.45,65.63,90.18,115.56,,66.49,119.41,107.32,94.89,100.18,74.35,62.34,65.83,96.94,129.6,115.44,146.96,128.15,188.64,110.65,98.94,93.85,93.44,71.04,112.69,64.75,148.68,184.43,144.53
2025-07-06,104.67,106.11,99.99,96.27,88.76,77.74,96.79,106.18,110.72,150.13,99.74,121.61,115.44,83.98,137.42,100.33,126.9,118.3,99.61,87.56,84.46,65.35,89.98,115.57,,66.17,119.21,107.42,95.07,100.23,74.43,61.9,65.87,96.96,129.72,115.46,146.92,127.81,188.42,110.7,98.89,94.04,93.39,71.0,112.7,64.58,148.66,184.59,144.74
2025-07-07,104.55,105.84,100.03,96.24,88.72,77.73,96.74,106.35,110.59,150.07,99.68,121.59,115.47,83.97,137.55,100.2,126.71,118.17,99.59,87.7,84.47,65.22,89.87,115.55,,66.14,119.11,107.5,95.14,100.24,74.52,61.76,65.89,96.96,129.83,115.47,146.76,127.53,188.17,110.68,98.9,94.15,93.31,70.96,112.69,64.51,148.66,184.91,145.08
2025-07-08,104.31,106.09,100.0,96.22,88.63,77.64,96.87,106.41,110.13,149.99,99.55,121.53,115.32,83.8,137.63,99.8,126.55,118.05,99.27,87.77,84.51,65.18,89.81,115.46,,66.17,119.08,107.45,95.14,100.06,74.67,61.69,65.9,97.09,129.89,115.42,146.43,126.88,188.01,110.66,98.97,94.07,93.21,70.9,112.81,64.55,148.51,184.96,145.61
2025-07-09,104.24,107.37,99.94,96.33,88.55,77.56,97.04,106.1,109.75,150.24,99.51,121.61,115.31,84.16,137.7,99.6,126.39,118.13,99.15,87.96,84.62,65.2,89.89,115.53,,66.18,119.14,107.58,95.27,99.96,74.9,61.71,65.94,97.32,130.08,115.51,146.1,126.54,188.08,110.77,99.09,94.13,93.2,70.92,112.93,64.61,148.65,185.15,145.76
2025-07-10,104.09,108.21,99.86,96.35,88.45,77.46,97.2,105.61,109.5,150.0,99.48,121.54,115.16,84.5,137.49,99.33,126.23,118.05,99.01,87.95,84.69,65.3,90.02,115.57,,66.09,119.21,107.58,95.38,99.79,75.0,61.84,65.91,97.42,130.09,115.44,145.57,126.19,188.09,110.78,99.17,94.09,93.06,71.04,113.03,64.75,148.7,185.24,145.43
2025-07-11,104.03,109.95,99.74,96.36,88.31,77.44,97.29,105.04,109.23,149.9,99.41,121.59,114.98,84.8,137.11,99.18,126.04,118.04,98.88,87.92,84.69,65.35,90.13,115.6,,66.0,119.28,107.33,95.32,99.74,75.04,61.99,65.86,97.47,130.09,115.37,145.28,125.91,187.97,110.75,99.23,93.98,93.0,71.08,113.11,64.89,148.74,185.2,145.35
2025-07-12,103.89,111.72,100.75,96.34,88.17,77.36,97.41,104.47,108.8,149.92,99.23,121.59,114.7,85.12,136.58,99.06,125.72,118.05,98.78,87.83,84.64,65.42,90.25,115.61,,65.95,119.37,107.03,95.2,99.68,74.99,62.14,65.77,97.29,129.77,115.11,145.15,125.67,187.8,110.61,99.24,93.91,92.89,71.03,113.15,64.97,148.63,184.99,145.01
2025-07-13,103.77,112.98,101.73,96.22,87.99,77.19,97.58,103.72,108.34,149.94,99.11,121.49,114.43,85.42,136.12,98.93,125.38,118.07,98.55,87.72,84.58,65.53,90.45,115.62,,65.91,119.41,106.68,95.09,99.6,75.02,62.37,65.73,97.15,129.53,114.92,145.08,125.32,187.6,110.47,99.28,93.76,92.78,70.95,113.03,65.11,148.56,184.81,145.01
2025-07-14,103.67,114.76,102.63,96.14,87.79,77.04,97.63,103.16,107.84,149.85,98.98,121.41,114.13,85.73,135.91,98.87,124.94,118.16,98.39,87.57,84.49,65.6,90.6,115.61,,65.8,119.52,106.36,95.0,99.49,75.0,62.52,65.58,96.91,129.41,114.8,145.16,125.0,187.49,110.32,99.26,93.68,92.72,70.89,112.9,65.18,148.4,184.65,145.0
2025-07-15,103.8,118.08,104.67,96.33,87.65,76.97,97.74,102.69,107.69,149.9,99.0,121.48,114.04,86.24,135.87,99.04,124.68,118.28,98.61,87.53,84.44,65.77,90.83,115.74,,65.85,119.69,106.25,95.47,99.65,74.99,62.76,65.53,96.6,129.55,114.74,145.59,126.45,187.4,110.31,99.32,93.9,92.77,70.99,113.05,65.3,148.48,184.71,144.67
2025-07-16,103.86,119.69,106.79,96.45,87.58,76.99,97.78,102.68,107.54,149.86,99.0,121.37,113.95,85.82,135.81,99.18,124.44,118.23,98.7,87.35,84.37,65.92,91.01,115.79,,65.97,119.78,106.19,95.92,99.75,74.86,62.93,65.45,96.29,129.69,114.7,146.19,126.42,187.32,110.23,99.27,93.95,92.8,71.06,113.07,65.46,148.28,184.81,144.64
2025-07-17,103.93,121.31,108.86,96.59,87.52,77.1,97.81,102.74,107.22,149.95,98.98,121.36,113.95,85.41,136.02,99.19,124.2,118.33,98.82,87.23,84.33,66.01,91.17,115.84,,66.14,119.85,106.1,96.34,99.89,74.86,63.05,65.36,95.92,129.83,114.68,147.03,126.51,187.32,110.19,99.31,94.08,92.85,71.03,113.18,65.59,147.98,184.78,144.97
2025-07-18,103.95,121.01,110.79,96.69,87.56,77.19,97.64,102.78,106.97,149.94,99.0,121.22,113.96,85.02,136.34,99.04,123.94,118.31,98.95,87.06,84.31,66.08,91.29,115.9,,66.28,119.78,106.2,96.84,99.87,74.58,63.12,65.18,95.59,129.97,114.64,147.62,126.64,187.3,110.23,99.31,94.26,92.86,70.93,113.33,65.69,147.63,185.02,145.21
2025-07-19,103.9,119.81,111.36,96.66,87.48,77.21,97.19,102.97,106.43,149.64,99.03,120.97,113.92,84.56,136.87,98.78,123.61,118.03,99.03,86.83,84.12,,91.2,115.84,,,119.58,106.17,97.24,99.78,74.2,,64.69,95.43,130.23,114.69,148.05,126.68,187.23,110.14,99.05,94.29,92.8,70.77,113.28,65.68,147.4,185.28,145.72
2025-07-20,104.03,118.99,112.1,96.91,87.61,77.42,97.36,103.24,105.95,149.65,99.11,120.99,114.04,84.26,137.44,98.58,123.41,117.92,99.31,86.77,84.3,,91.3,115.95,,,119.68,106.39,97.78,99.81,74.31,,64.8,95.48,130.69,114.89,148.5,126.92,187.45,110.21,99.14,94.52,93.0,70.98,113.53,65.86,147.22,185.73,145.96
2025-07-21,104.1,117.58,112.73,97.02,87.73,77.67,97.37,103.28,105.48,149.72,99.23,121.01,114.13,83.88,137.5,98.24,123.28,117.84,99.52,86.75,84.38,,91.4,116.05,,,119.69,106.53,98.3,99.84,74.28,,64.7,95.51,131.01,115.0,148.9,127.12,187.6,110.32,99.16,94.6,93.05,70.92,113.78,66.01,147.01,186.07,146.03
2025-07-22,104.12,114.53,112.31,97.03,87.91,77.79,97.49,103.32,105.01,149.98,99.36,121.14,114.12,83.48,137.41,97.8,123.1,118.01,99.58,86.72,84.48,,91.47,116.18,,,119.65,106.74,98.44,99.83,74.23,,64.59,95.67,131.08,115.13,149.18,125.92,187.98,110.54,99.37,94.7,93.16,70.93,113.87,66.14,146.7,186.31,146.09
2025-07-23,104.18,111.9,111.83,96.99,88.0,77.6,97.34,103.38,104.45,150.08,99.46,121.37,114.04,83.54,137.5,97.29,122.83,118.06,99.54,86.8,84.62,,91.47,116.31,,,119.62,107.0,98.47,99.84,74.23,,64.5,95.75,131.13,115.18,149.3,126.06,188.16,110.76,99.49,94.66,93.29,70.89,113.95,66.17,146.54,186.44,146.13
2025-07-24,104.24,109.73,111.51,96.95,88.17,77.37,97.48,103.43,104.07,150.39,99.56,121.59,113.98,83.6,137.64,96.9,122.65,118.3,99.5,86.88,84.84,,91.5,116.39,,,119.65,107.36,98.42,99.86,74.32,,64.52,95.82,131.13,115.2,149.43,126.13,188.48,110.92,99.62,94.63,93.42,70.89,113.93,66.2,146.49,186.44,146.15
2025-07-25,104.33,109.13,111.29,97.04,88.29,76.75,97.69,103.53,103.6,150.72,99.65,121.84,113.95,83.7,137.88,96.55,122.53,118.64,99.5,87.02,85.02,,91.43,116.47,,,119.69,107.61,98.32,99.89,74.62,,64.54,95.91,131.21,115.34,149.7,126.29,188.87,110.98,99.68,94.58,93.55,70.85,113.89,66.15,146.45,186.5,145.79
2025-07-26,104.55,108.96,111.35,97.27,88.55,76.45,98.14,103.48,103.43,151.32,99.77,122.25,114.04,83.9,138.07,96.32,122.58,119.1,99.59,87.22,85.4,,91.61,116.67,,,119.89,108.13,98.4,100.06,75.2,,64.93,96.09,131.45,115.56,149.93,126.4,189.41,111.27,100.02,94.6,93.77,70.96,114.07,66.19,146.36,186.63,145.58
2025-07-27,104.57,108.73,111.19,97.28,88.67,75.96,97.93,103.49,103.31,151.63,99.8,122.39,113.94,83.93,138.1,96.08,122.51,119.38,99.48,87.23,85.4,,91.6,116.65,,,119.72,108.41,98.27,100.14,75.19,,64.62,96.0,131.33,115.55,150.01,126.4,189.61,111.32,99.99,94.44,93.76,70.66,114.0,66.11,146.19,186.5,145.32
2025-07-28,104.65,108.76,111.3,97.39,88.78,75.46,97.93,103.4,103.14,152.02,99.81,122.59,113.93,83.97,138.35,96.01,122.45,119.69,99.33,87.24,85.56,,91.63,116.69,,,119.66,108.68,98.15,100.23,75.4,,64.65,95.97,131.29,115.56,150.1,126.46,189.64,111.41,100.09,94.38,93.85,70.66,114.02,66.12,146.08,186.54,145.28
2025-07-29,104.72,109.08,111.36,97.48,88.81,75.45,97.78,103.32,103.01,152.31,99.74,122.67,113.95,84.03,138.61,95.98,122.39,119.66,99.4,87.24,85.62,,91.69,116.67,,,119.55,108.75,97.96,100.36,75.62,,64.64,95.9,131.25,115.51,150.25,126.39,189.45,111.38,99.91,94.25,93.87,70.5,113.81,66.1,145.95,186.51,145.13
2025-07-30,104.72,109.4,111.53,97.59,88.8,75.66,97.82,103.23,102.77,152.79,99.59,122.66,113.95,84.03,138.77,96.05,122.27,119.63,99.49,87.14,85.73,,91.72,116.56,,,119.43,108.54,97.77,100.45,75.84,,64.53,95.79,131.1,115.44,150.33,126.47,189.38,111.21,99.87,94.18,93.83,70.38,113.68,66.08,145.82,186.45,144.99
2025-07-31,104.75,109.57,111.48,97.71,88.84,75.82,97.6,103.12,102.45,153.1,99.53,122.55,113.91,84.07,138.82,96.24,122.1,119.56,99.63,87.11,85.7,,91.77,116.51,,,119.25,108.19,97.76,100.52,75.91,,64.33,95.8,131.1,115.5,150.42,126.47,189.25,111.25,99.74,94.16,93.91,70.22,113.6,66.03,145.55,186.61,144.81
2025-08-01,104.75,108.94,111.83,97.67,88.87,76.3,97.54,102.95,102.03,153.26,99.38,122.31,113.75,84.07,138.95,96.39,121.77,119.61,99.7,87.05,85.76,,92.02,116.43,,,119.18,108.24,97.78,100.58,76.12,,64.15,95.73,130.96,115.39,150.29,126.4,188.96,111.26,99.85,94.02,93.88,70.25,113.53,66.21,145.4,186.44,145.06
2025-08-02,104.71,107.86,112.04,97.54,88.87,76.55,97.37,102.81,101.67,153.36,99.27,122.17,113.6,84.01,138.96,96.5,121.47,119.7,99.67,87.03,85.77,,92.17,116.38,,,119.12,108.24,97.75,100.56,76.13,,63.88,95.66,130.86,115.31,150.3,126.33,188.64,111.35,99.87,93.81,93.81,70.29,113.5,66.27,145.26,186.4,145.0
2025-08-03,104.71,106.82,112.34,97.5,88.94,76.93,97.26,102.63,101.31,153.53,99.17,122.08,113.49,84.0,138.98,96.49,121.17,119.8,99.78,87.02,85.82,,92.27,116.37,,,119.14,108.27,97.75,100.57,76.11,,63.63,95.6,130.83,115.29,150.29,126.37,188.34,111.48,99.93,93.72,93.81,70.36,113.5,66.28,145.04,186.41,144.93
2025-08-04,104.68,105.47,112.54,97.39,89.04,77.19,97.13,102.49,100.97,153.59,99.07,121.94,113.38,83.98,139.06,96.5,120.93,119.76,99.91,87.05,85.83,,92.29,116.27,,,119.19,108.36,97.65,100.59,76.11,,63.33,95.55,130.88,115.31,150.29,126.25,188.25,111.56,99.9,93.53,93.74,70.4,113.39,66.23,144.95,186.31,144.71
2025-08-05,104.62,104.24,112.73,97.25,89.08,77.13,97.02,102.33,100.58,153.47,98.99,121.75,113.28,83.89,139.19,96.52,120.69,119.75,99.91,87.09,85.88,,92.34,116.14,,,119.3,108.4,97.54,100.52,76.13,,63.07,95.48,130.92,115.31,150.28,126.38,188.22,111.59,99.92,93.27,93.68,70.49,113.56,66.21,144.94,186.26,144.62
2025-08-06,104.65,103.17,112.89,97.12,89.21,77.04,96.98,102.2,100.31,153.34,98.98,121.65,113.2,83.86,139.29,96.53,120.49,119.93,100.12,87.31,85.85,,92.44,116.1,,,119.38,108.63,97.56,100.64,76.22,,62.88,95.51,131.08,115.32,150.38,126.43,188.15,111.77,99.94,93.1,93.55,70.59,113.69,66.21,144.81,186.18,144.64
2025-08-07,104.69,102.17,113.17,97.04,89.17,77.02,96.93,102.07,100.01,153.16,98.9,121.56,113.18,83.78,139.31,96.55,120.28,119.9,100.31,87.43,85.97,,92.38,116.08,,,119.6,108.9,97.48,100.77,76.4,,62.85,95.43,131.18,115.35,150.44,126.58,188.04,111.76,99.98,92.86,93.47,70.71,113.86,66.21,144.8,186.13,144.44
2025-08-08,104.68,101.86,113.03,96.99,89.17,77.07,96.72,101.97,99.81,153.17,98.87,121.58,113.19,83.72,139.13,96.54,120.19,119.68,100.46,87.55,86.03,,92.22,116.06,,,119.74,108.93,97.42,100.76,76.45,,62.78,95.46,131.35,115.44,150.49,126.64,188.15,111.87,99.91,92.65,93.44,70.7,114.1,66.05,144.73,186.09,144.06
2025-08-09,104.7,102.18,112.92,96.95,89.03,77.06,96.56,101.83,99.58,153.26,98.79,121.52,113.13,83.68,139.0,96.64,119.96,119.43,100.71,87.63,86.09,,91.87,115.96,,,119.76,108.88,97.45,100.91,76.52,,62.84,95.41,131.43,115.45,150.48,126.73,188.16,111.77,99.86,92.57,93.42,70.7,114.23,66.01,144.62,186.05,144.02
2025-08-10,104.75,102.36,112.86,96.96,88.92,77.11,96.57,101.79,99.45,153.32,98.76,121.55,113.14,83.63,138.93,96.72,119.87,119.31,100.9,87.57,86.21,,91.7,115.92,,,119.78,108.97,97.6,101.01,76.8,,63.05,95.41,131.58,115.53,150.53,126.7,188.27,111.77,99.97,92.38,93.42,70.92,114.39,66.08,144.68,186.14,143.99
2025-08-11,104.74,102.98,112.79,96.9,88.78,77.28,96.55,101.87,99.47,153.41,98.69,121.56,112.99,83.56,138.79,96.52,119.73,119.21,100.93,87.46,86.3,,91.51,115.86,,,119.73,108.84,97.71,101.05,77.01,,63.23,95.34,131.45,115.46,150.5,126.59,188.31,111.75,100.08,92.19,93.45,71.02,114.54,66.16,144.54,186.13,144.06
2025-08-12,104.79,103.78,112.79,96.91,88.64,77.44,96.48,101.96,99.55,153.55,98.68,121.67,112.93,83.6,138.59,96.41,119.66,118.96,101.29,87.59,86.41,,91.18,115.88,,,119.72,108.93,97.9,101.17,77.15,,63.23,95.37,131.44,115.5,150.56,126.36,188.54,111.8,100.2,92.08,93.49,71.0,114.66,66.04,144.4,186.19,144.01
2025-08-13,104.79,104.72,112.76,96.88,88.46,77.64,96.36,102.02,99.53,153.59,98.67,121.82,112.86,83.7,138.38,96.28,119.62,118.85,101.42,87.64,86.58,,90.79,115.9,,,119.62,108.95,97.97,101.12,77.31,,63.23,95.41,131.53,115.57,150.63,126.02,188.78,111.8,100.32,91.66,93.62,70.98,114.82,66.03,144.39,186.28,143.9
2025-08-14,104.79,105.98,112.76,96.86,88.36,77.71,96.2,102.1,99.35,153.7,98.72,122.0,112.78,83.9,138.22,96.11,119.57,118.9,101.62,87.83,86.6,,90.59,115.89,,,119.55,109.05,98.17,101.14,77.36,,63.17,95.57,131.6,115.55,150.52,125.58,189.1,111.79,100.37,91.21,93.61,70.94,114.91,66.03,144.42,186.32,143.83
2025-08-15,104.8,107.32,112.8,96.81,88.3,77.68,96.19,102.05,99.11,153.8,98.75,122.15,112.73,84.18,138.11,95.87,119.53,118.96,101.8,88.04,86.62,,90.47,115.87,,,119.5,108.95,98.36,101.25,77.47,,63.1,95.63,131.62,115.48,150.59,124.12,189.28,111.65,100.39,90.78,93.62,70.9,114.84,66.09,144.37,186.57,143.91
2025-08-16,104.88,108.47,112.93,96.79,88.34,77.79,96.34,102.0,98.93,153.91,98.83,122.25,112.77,84.54,138.02,95.5,119.58,119.21,102.12,88.29,86.69,,90.63,115.92,,,119.53,108.95,98.5,101.55,77.71,,63.11,95.76,131.79,115.47,150.7,123.96,189.56,111.63,100.53,90.36,93.64,70.89,114.84,66.21,144.45,186.52,143.82
2025-08-17,104.87,109.77,112.93,96.62,88.31,77.73,96.35,101.83,98.62,153.97,98.89,122.25,112.72,84.96,137.86,95.17,119.48,119.24,102.4,88.68,86.63,,90.63,115.85,,,119.4,108.87,98.52,101.81,77.75,,62.94,95.89,131.86,115.4,150.82,123.76,189.84,111.53,100.52,89.9,93.54,70.69,114.74,66.21,144.4,186.35,143.76
2025-08-18,104.94,111.02,112.98,96.62,88.27,77.65,96.39,101.65,98.15,154.02,98.94,122.36,112.78,85.55,137.72,95.04,119.28,119.32,102.82,89.11,86.63,,90.68,115.87,,,119.31,108.94,98.71,102.14,77.86,,62.82,96.1,132.12,115.42,150.98,123.66,190.19,111.46,100.54,89.56,93.47,70.55,114.73,66.28,144.41,186.3,143.69
2025-08-19,104.98,111.85,113.05,96.47,88.2,77.76,96.39,101.44,97.67,153.86,98.96,122.45,112.75,86.15,137.66,94.83,119.15,119.57,103.02,89.43,86.64,,90.87,115.81,,,119.17,108.98,98.93,102.38,78.01,,62.78,96.2,132.35,115.41,151.06,123.56,190.48,111.33,100.54,89.37,93.4,70.47,114.79,66.46,144.48,186.26,143.75
2025-08-20,105.02,111.97,113.27,96.44,88.23,77.86,96.56,101.29,97.34,153.61,99.03,122.63,112.74,86.74,137.5,94.71,119.06,119.58,103.11,89.81,86.6,,91.12,115.73,,,119.22,109.08,99.2,102.59,78.12,,62.76,96.27,132.46,115.41,151.07,123.53,190.77,111.23,100.54,89.52,93.35,70.48,114.8,66.54,144.65,186.19,143.78
2025-08-21,105.03,111.37,113.4,96.41,88.28,78.12,96.73,101.15,97.13,153.46,99.08,122.84,112.71,87.33,137.45,94.62,118.94,119.59,103.23,90.1,86.55,,91.28,115.67,,,119.08,109.02,99.36,102.73,78.23,,62.64,96.27,132.39,115.33,151.21,123.52,190.95,111.21,100.52,89.76,93.26,70.44,114.86,66.61,144.75,186.06,144.02
2025-08-22,105.09,110.48,113.51,96.44,88.24,78.41,96.88,101.08,97.03,153.17,99.13,123.1,112.7,87.81,137.4,94.66,118.86,119.67,103.35,90.49,86.48,,91.4,115.62,,,118.93,109.16,99.57,102.95,78.3,,62.51,96.3,132.47,115.35,151.25,124.59,191.24,111.3,100.56,90.12,93.16,70.42,115.11,66.59,144.93,185.86,144.09
2025-08-23,104.98,109.43,113.32,96.34,88.17,78.56,96.83,100.99,96.95,152.76,99.17,123.28,112.63,88.16,137.3,94.68,118.54,119.34,103.27,90.76,86.39,,91.26,115.47,,,118.68,109.07,99.69,102.82,78.23,,62.09,96.12,132.28,115.25,151.2,124.26,191.15,111.22,100.47,90.27,92.99,70.14,115.26,66.49,145.09,185.95,144.08
2025-08-24,104.97,108.26,113.38,96.35,88.1,78.72,97.1,100.94,96.8,152.47,99.17,123.48,112.56,88.43,137.24,94.72,118.44,119.32,103.21,91.07,86.38,,91.28,115.38,,,118.89,108.97,99.78,102.79,78.22,,61.82,96.0,132.23,115.19,151.11,124.04,191.32,111.26,100.41,90.55,92.9,70.07,115.5,66.44,145.25,186.04,144.13
2025-08-25,104.94,107.13,113.38,96.32,88.1,78.66,97.35,101.18,96.65,152.24,99.21,123.64,112.44,88.64,137.25,94.78,118.47,119.35,103.14,91.23,86.41,,91.28,115.32,,,119.14,108.89,99.96,102.75,78.15,,61.42,95.92,132.19,115.16,151.01,123.63,191.35,111.34,100.33,90.78,92.87,70.04,115.74,66.27,145.47,186.18,144.16
2025-08-26,104.91,106.29,113.52,96.35,88.2,78.45,97.69,101.43,96.56,152.32,99.23,123.71,112.33,88.76,137.18,94.72,118.42,119.41,103.04,91.3,86.4,,91.29,115.27,,,119.42,108.68,100.0,102.76,78.07,,61.14,95.88,132.17,115.17,150.91,123.23,191.27,111.35,100.33,90.81,92.83,70.03,115.91,66.18,145.54,186.33,144.09
2025-08-27,104.79,106.03,113.4,96.32,88.23,78.31,97.96,101.65,96.4,152.55,99.27,123.68,112.26,88.82,137.2,93.84,118.39,119.6,103.06,91.23,86.43,,91.31,115.24,,,119.62,108.51,100.08,102.48,78.04,,61.01,95.83,132.14,115.19,150.9,122.7,191.32,111.3,100.4,90.46,92.37,69.99,116.06,66.11,145.42,186.5,143.97
2025-08-28,104.68,106.14,113.33,96.34,88.19,78.14,98.25,101.9,96.33,152.76,99.28,123.62,112.23,88.76,137.1,92.95,118.45,119.79,103.09,91.1,86.55,,91.31,115.04,,,119.96,108.65,100.18,102.18,78.03,,60.88,95.77,132.28,115.29,150.27,122.28,191.39,111.27,100.56,90.07,91.82,70.08,116.25,66.07,145.19,186.69,143.75
2025-08-29,104.44,106.67,113.0,96.11,87.97,77.78,98.21,101.98,96.19,152.74,99.23,123.48,112.13,88.75,137.02,92.05,118.45,119.51,103.17,90.8,86.42,,90.9,114.84,,,120.03,108.64,100.16,101.7,77.77,,60.77,95.59,132.15,115.31,150.15,121.84,190.86,111.08,100.4,89.54,91.35,69.96,116.19,65.73,144.91,186.76,143.66
2025-08-30,104.3,107.18,112.88,96.04,87.81,77.55,98.35,102.08,95.93,152.79,99.24,123.4,112.13,88.78,136.99,91.3,118.75,119.6,103.25,90.6,86.41,,90.78,114.7,,,120.22,108.89,100.06,101.28,77.65,,60.86,95.58,132.15,115.4,150.0,121.61,190.68,111.04,100.31,89.16,90.96,70.04,116.26,65.52,144.55,186.73,143.66
2025-08-31,104.06,107.72,112.64,95.88,87.6,77.26,98.06,102.11,95.83,152.67,99.23,123.35,112.02,88.8,136.95,90.57,118.82,119.46,103.27,90.34,86.19,,90.47,114.52,,,119.97,109.09,99.94,100.73,77.45,,60.83,95.44,132.03,115.38,149.8,121.3,190.09,110.84,100.14,88.71,90.59,69.86,116.17,65.24,144.25,186.68,143.67
2025-09-01,103.9,107.45,112.43,95.73,87.29,77.14,97.85,101.89,95.9,152.41,99.27,123.32,112.06,88.81,136.85,90.27,118.9,119.22,103.33,90.27,86.0,,90.19,114.35,,,119.75,109.65,99.76,100.18,77.29,,60.87,95.31,131.88,115.38,149.71,121.17,189.65,110.69,100.0,88.35,90.3,69.7,116.09,65.05,143.95,186.55,143.46
2025-09-02,103.66,105.16,112.09,95.54,86.97,76.98,97.51,101.68,95.86,152.07,99.26,123.29,111.98,88.75,136.75,89.97,118.9,118.95,103.27,89.86,85.78,,89.77,114.08,,,119.23,110.3,99.52,99.59,77.14,,60.96,95.07,131.61,115.33,149.52,121.1,189.26,110.54,99.84,87.98,89.93,69.47,115.88,64.79,143.64,186.38,143.51
2025-09-03,103.58,102.64,111.76,95.37,86.73,76.75,97.08,101.51,95.91,151.75,99.25,123.24,111.9,88.74,136.62,90.73,118.97,118.62,103.4,89.59,85.51,,89.42,113.83,,,118.87,110.76,99.27,99.41,77.03,,60.94,94.9,131.38,115.26,149.24,121.45,188.84,110.49,99.55,88.12,90.0,69.22,115.72,64.54,143.49,186.13,143.62
2025-09-04,103.52,100.93,111.55,95.21,86.54,76.54,96.7,101.28,95.98,151.29,99.24,123.29,111.83,88.79,136.43,91.46,118.97,118.14,103.33,89.36,85.27,,89.17,113.8,,,118.58,111.29,99.01,99.21,76.99,,61.19,94.79,131.19,115.18,149.73,121.74,188.42,110.36,99.31,88.28,90.27,69.07,115.51,64.42,143.47,185.9,143.88
2025-09-05,103.57,99.65,111.55,95.28,86.58,76.52,96.56,101.34,96.12,151.28,99.37,123.33,111.86,88.85,136.56,92.17,119.0,118.03,103.22,89.25,85.29,,89.23,113.74,,,118.63,111.85,98.93,99.18,77.18,,61.33,94.79,131.19,115.14,149.73,122.18,188.49,110.54,99.29,88.57,90.56,69.09,115.56,64.58,143.47,185.83,144.13
2025-09-06,103.63,98.74,111.53,95.4,86.71,76.5,96.44,,96.45,151.43,99.46,123.47,111.92,88.95,136.46,92.75,119.02,117.99,103.17,89.18,85.27,,89.25,113.73,,,118.78,112.53,98.97,99.15,77.33,,61.53,94.87,131.21,115.1,149.8,122.46,188.14,110.75,99.37,88.86,90.88,69.09,115.63,64.72,143.54,185.66,144.39
2025-09-07,103.72,97.75,111.44,95.51,86.91,76.48,96.37,,96.76,151.57,99.57,123.54,112.0,89.05,136.34,93.4,119.01,117.88,103.17,89.07,85.38,,89.32,113.74,,,118.95,113.21,99.03,99.17,77.5,,61.78,94.98,131.2,115.1,149.84,122.88,187.71,110.97,99.5,89.11,91.22,69.16,115.69,64.89,143.52,185.57,144.58
2025-09-08,103.66,97.7,111.34,95.63,87.15,76.5,96.29,,96.84,151.8,99.64,123.58,112.05,88.95,136.37,93.42,119.04,117.8,103.11,88.91,85.42,,89.41,113.56,,,119.07,113.54,98.68,99.11,77.67,,62.05,95.05,131.14,115.07,149.79,123.35,187.27,111.09,99.6,89.04,91.3,69.2,115.37,65.06,143.45,185.52,144.99
2025-09-09,103.66,102.21,110.87,95.67,87.47,76.53,96.3,,97.06,152.14,99.69,123.73,112.2,89.06,136.38,93.58,119.13,117.84,102.89,89.01,85.51,,89.63,113.69,,,119.48,113.83,98.79,98.97,77.81,,62.26,95.27,131.19,115.07,149.86,123.78,186.77,111.33,99.75,89.13,91.51,69.37,115.51,65.23,143.51,185.46,145.11
2025-09-10,103.55,106.59,110.57,95.72,87.7,76.59,96.38,,97.17,152.45,99.68,123.86,112.26,89.09,136.25,93.36,119.08,117.94,102.37,88.94,85.5,,89.79,113.74,,,119.67,114.2,98.69,98.83,77.83,,62.49,95.19,130.98,114.99,149.75,123.79,185.99,111.52,99.95,88.95,91.74,69.5,115.5,65.42,143.41,185.45,145.3
2025-09-11,103.45,109.6,110.16,95.73,88.0,76.6,96.44,,97.41,152.95,99.7,123.9,112.3,89.17,136.34,92.99,119.09,118.13,102.05,88.94,85.47,,89.93,113.78,,,119.79,114.44,98.61,98.73,77.77,,62.55,95.13,130.74,114.9,149.52,123.91,185.42,111.75,100.06,88.84,91.81,69.55,115.45,65.43,143.32,185.44,145.44
2025-09-12,103.35,112.07,109.8,95.71,88.22,76.66,96.52,,97.51,153.29,99.68,123.94,112.28,89.23,136.33,92.56,119.19,118.41,101.77,88.85,85.43,,90.19,113.84,,,119.88,114.62,98.53,98.63,77.77,,62.82,95.07,130.5,114.83,149.38,123.97,184.81,111.78,100.17,88.65,91.91,69.67,115.37,65.5,143.13,185.43,145.57
2025-09-13,103.22,113.09,109.56,95.66,88.31,76.62,96.45,,97.46,153.41,99.6,123.92,112.18,89.18,136.39,92.25,119.19,118.43,101.5,88.78,85.32,,90.41,113.79,,,119.91,115.06,98.35,98.57,77.75,,63.0,94.91,130.19,114.69,149.26,124.15,184.67,111.72,100.13,88.49,91.89,69.74,115.18,65.44,142.82,185.52,145.72
2025-09-14,103.02,113.85,109.3,95.53,88.3,76.65,96.42,,97.45,153.5,99.56,123.79,112.1,89.1,136.45,91.77,119.28,118.41,101.21,88.75,85.15,,90.52,113.73,,,119.88,115.37,98.14,98.37,77.77,,63.14,94.66,129.88,114.55,149.24,124.09,184.47,111.62,100.03,88.29,91.81,69.76,114.94,65.29,142.64,185.59,145.9
2025-09-15,102.93,114.81,109.04,95.43,88.31,76.66,96.33,,97.59,153.53,99.51,123.67,111.99,89.21,136.31,91.45,119.3,118.37,100.99,88.75,85.02,,90.62,113.84,,,119.88,115.77,98.42,98.26,77.75,,63.33,94.42,129.63,114.44,149.21,124.24,184.43,111.63,99.91,88.47,91.86,69.76,115.08,65.14,142.5,185.62,146.11
2025-09-16,102.84,112.62,109.13,95.36,88.23,76.78,96.28,,97.62,153.59,99.53,123.4,111.88,89.14,136.17,91.1,119.33,118.26,100.94,88.8,84.89,,90.67,113.77,,,119.92,116.17,98.23,98.32,77.82,,63.43,94.15,129.33,114.28,149.07,124.3,184.3,111.51,99.76,88.21,91.92,69.76,114.88,65.04,142.31,185.66,146.53
2025-09-17,102.81,110.49,109.28,95.33,88.26,76.99,96.26,,97.74,153.71,99.61,123.21,111.92,89.16,136.3,90.75,119.54,118.15,101.04,88.95,84.89,,90.78,113.74,,,120.08,116.57,98.06,98.36,77.91,,63.62,94.19,129.31,114.17,149.16,124.42,184.2,111.35,99.67,88.17,91.9,69.78,114.85,64.96,142.26,185.63,146.91
2025-09-18,102.73,108.31,109.49,95.27,88.15,77.2,96.22,,97.76,153.73,99.66,122.88,111.94,89.1,136.36,90.4,119.55,118.02,100.98,89.08,84.9,,90.91,113.61,,,120.08,117.0,97.87,98.25,77.94,,63.71,94.18,129.3,114.06,149.16,124.49,184.01,111.13,99.53,87.99,91.99,69.68,114.77,64.87,142.15,185.59,147.14
2025-09-19,102.58,106.13,109.7,95.22,88.1,77.33,96.14,,97.78,153.85,99.67,122.56,111.99,89.04,136.47,90.14,119.51,117.9,100.84,89.18,84.87,,91.01,113.46,,,120.07,117.48,97.55,98.04,77.94,,63.72,94.11,129.28,113.91,149.13,124.38,183.85,110.93,99.36,87.69,91.9,69.51,114.61,64.71,142.06,185.6,147.49
2025-09-20,102.47,104.99,109.86,95.15,88.13,77.55,96.11,,97.8,154.11,99.74,122.31,112.06,89.07,136.54,89.92,119.47,117.94,100.71,89.21,84.83,,91.05,113.41,,,120.2,117.46,97.41,97.78,77.93,,63.71,94.09,129.24,113.81,149.06,124.24,183.72,110.82,99.36,87.48,91.95,69.42,114.55,64.7,142.17,185.67,147.74
2025-09-21,102.38,104.06,109.98,95.11,88.19,77.71,96.02,,97.65,154.38,99.75,122.12,112.15,89.1,136.6,89.76,119.49,118.03,100.62,89.3,84.82,,91.16,113.33,,,120.36,117.4,97.29,97.57,77.9,,63.72,94.15,129.22,113.73,148.8,124.19,183.77,110.76,99.32,87.35,91.93,69.36,114.55,64.66,142.23,185.71,148.0
2025-09-22,102.25,102.53,110.07,95.02,88.25,77.85,95.89,,97.44,154.61,99.73,121.88,112.28,89.14,136.57,89.54,119.42,118.17,100.44,89.31,84.73,,91.2,113.24,,,120.48,117.22,97.0,97.38,77.92,,63.68,94.12,129.21,113.63,148.72,123.98,183.78,110.63,99.27,86.96,91.87,69.32,114.49,64.58,142.24,185.8,147.98
2025-09-23,102.11,101.76,110.07,95.0,88.23,77.93,95.74,,97.24,154.8,99.79,121.71,112.36,89.18,136.78,89.34,119.42,118.2,100.23,89.3,84.59,,91.22,113.11,,,120.49,117.12,96.76,96.97,77.86,,63.66,94.04,129.16,113.52,148.7,123.84,183.96,110.52,99.23,86.93,91.7,69.21,114.43,64.45,142.23,185.88,148.01
2025-09-24,101.97,101.74,109.99,94.95,88.11,77.9,95.54,,97.06,154.95,99.84,121.56,112.33,89.19,136.94,89.04,119.3,118.18,100.15,89.38,84.51,,91.18,112.96,,,120.39,116.89,96.74,96.74,77.81,,63.63,93.92,129.05,113.36,148.66,123.66,184.31,110.49,99.16,86.81,91.52,69.13,114.37,64.33,142.13,185.99,147.71
2025-09-25,101.85,102.54,109.85,94.86,88.02,77.83,95.37,,96.81,154.95,99.83,121.48,112.27,89.16,137.08,88.9,119.3,118.16,100.01,89.32,84.45,,91.05,112.87,,,120.41,116.46,96.88,96.6,77.86,,63.7,93.81,128.9,113.16,148.66,123.37,184.59,110.48,99.15,86.68,91.37,69.16,114.33,64.24,141.79,186.0,147.83
2025-09-26,101.75,103.35,109.72,94.77,87.94,77.76,95.34,,96.6,154.75,99.81,121.4,112.17,89.1,136.97,88.77,119.2,118.01,99.87,89.34,84.45,,90.85,112.81,,,120.47,116.03,96.99,96.48,77.91,,63.94,93.78,128.74,113.01,148.61,123.2,184.86,110.47,99.18,86.66,91.31,69.26,114.23,64.17,141.54,185.84,147.84
2025-09-27,101.56,104.33,109.77,94.62,87.8,77.62,95.3,,96.44,154.33,99.7,121.28,112.0,88.97,136.94,88.56,119.13,117.76,99.54,89.37,84.49,,90.66,112.72,,,120.46,115.62,96.98,96.25,77.95,,64.19,93.78,128.66,112.9,148.47,123.06,185.12,110.47,99.08,86.55,91.14,69.3,114.08,64.08,141.16,185.56,146.57
2025-09-28,101.45,105.61,109.92,94.58,87.76,77.59,95.41,,96.31,154.1,99.66,121.32,111.89,88.93,136.96,88.36,118.97,117.65,99.23,89.35,84.55,,90.56,112.74,,,120.5,115.43,97.03,96.11,78.05,,64.51,93.84,128.69,112.83,148.44,123.0,185.45,110.47,99.13,86.45,91.06,69.42,114.05,64.11,140.81,185.31,145.15
2025-09-29,101.38,106.96,110.12,94.58,87.72,77.56,95.56,,96.28,153.88,99.71,121.38,111.76,88.84,137.31,88.26,118.88,117.55,99.06,89.46,84.69,,90.54,112.77,,,120.58,115.27,97.17,95.96,78.11,,64.8,93.95,128.66,112.8,148.29,122.85,185.67,110.47,99.2,86.41,90.99,69.47,114.04,64.16,140.5,185.17,143.94
2025-09-30,101.37,108.02,110.45,94.67,87.73,77.45,95.65,,96.3,153.55,99.65,121.48,111.73,88.87,137.32,88.15,118.79,117.06,99.0,89.6,84.88,,90.55,112.89,,,120.78,115.03,97.35,96.02,78.26,,65.07,94.18,128.63,112.78,148.2,122.71,185.78,110.53,99.35,86.47,90.98,69.65,114.0,64.28,140.23,185.01,142.58
2025-10-01,101.32,107.23,110.53,94.69,87.75,77.35,95.66,,96.22,153.22,99.5,121.51,111.68,88.84,137.31,88.47,118.61,116.61,98.84,89.57,84.83,,90.53,113.02,,,120.96,115.0,97.57,95.85,78.32,,65.2,94.39,128.58,112.83,148.15,122.65,185.89,110.48,99.45,86.55,90.96,69.73,113.9,64.3,140.06,184.88,141.46
2025-10-02,101.28,106.15,110.66,94.71,87.75,77.25,95.75,,96.19,152.82,99.4,121.5,111.71,88.79,137.36,88.76,118.5,116.07,98.69,89.57,84.72,,90.48,113.07,,,121.1,114.97,97.58,95.71,78.35,,65.3,94.59,128.53,112.88,148.22,122.56,186.03,110.55,99.55,86.48,90.92,69.61,113.87,64.3,140.14,184.85,141.4
2025-10-03,101.32,105.01,110.87,94.77,87.73,77.24,95.82,,96.18,152.62,99.36,121.59,111.78,88.82,137.43,89.07,118.47,115.7,98.66,89.23,84.58,,90.49,113.18,,,121.18,114.96,97.65,95.7,78.37,,65.27,94.78,128.44,112.88,148.25,122.47,186.13,110.62,99.65,86.58,90.89,69.6,113.88,64.34,140.22,184.96,141.4
2025-10-04,101.41,103.67,110.92,94.88,87.63,77.25,95.87,,96.26,152.61,99.37,121.63,111.91,88.87,137.63,89.33,118.51,115.33,98.79,88.93,84.36,,90.44,113.27,,,121.11,114.97,97.67,95.78,78.45,,65.22,94.95,128.44,112.89,148.26,122.33,186.01,110.59,99.83,86.66,90.89,69.62,113.86,64.38,140.25,185.18,142.79
2025-10-05,101.43,102.14,110.9,94.94,87.49,77.22,95.86,,96.34,152.59,99.34,121.61,111.95,88.84,137.77,89.54,118.55,114.95,98.92,88.58,84.14,,90.37,113.29,,,121.02,114.78,97.65,95.84,78.49,,65.14,95.02,128.33,112.8,148.25,122.14,185.81,110.58,100.01,86.68,90.8,69.66,113.83,64.36,140.26,185.41,144.24
2025-10-06,101.45,100.77,110.84,95.02,87.32,77.24,95.86,,96.32,152.59,99.26,121.59,112.0,88.85,137.82,89.6,118.62,114.54,98.92,88.14,83.87,,90.25,113.29,,,120.91,114.57,97.62,95.91,78.55,,65.1,95.09,128.22,112.71,148.31,122.04,185.69,110.59,100.21,86.75,90.72,69.77,113.82,64.37,140.3,185.49,145.74
2025-10-07,101.41,99.6,110.86,94.97,87.18,77.48,95.83,,96.24,152.68,99.25,121.53,111.97,88.77,137.9,89.7,118.6,114.67,98.97,87.94,83.63,,90.05,113.18,,,120.75,114.15,97.45,96.01,78.51,,65.13,94.98,128.06,112.6,148.25,121.77,185.57,110.55,100.3,86.56,90.66,69.75,113.8,64.3,140.26,185.62,147.27
2025-10-08,101.36,99.84,111.07,94.98,87.15,77.67,95.89,,96.16,152.78,99.29,121.37,111.94,88.72,137.96,89.4,118.68,114.81,98.99,87.75,83.5,,89.89,113.12,,,120.68,113.49,97.18,96.14,78.46,,65.17,94.81,127.93,112.52,148.21,121.54,185.5,110.59,100.36,86.2,90.49,69.76,113.83,64.28,140.09,185.8,148.85
2025-10-09,101.31,100.2,111.24,95.04,87.17,77.91,95.87,,96.05,152.98,99.31,121.26,111.87,88.68,137.88,88.94,118.75,114.94,99.06,87.62,83.28,,89.76,113.1,,,120.5,113.0,97.05,96.22,78.42,,65.14,94.68,127.89,112.49,148.16,121.35,185.29,110.53,100.4,86.16,90.39,69.91,113.86,64.3,140.0,185.86,148.98
2025-10-10,101.22,100.3,111.28,95.0,87.29,78.16,95.75,,95.86,153.06,99.36,121.04,111.78,88.6,137.7,88.15,118.71,114.94,99.07,87.75,83.26,,89.72,113.04,,,120.38,112.3,96.89,96.23,78.4,,65.18,94.56,127.89,112.48,148.16,121.01,185.15,110.48,100.43,85.78,90.28,70.02,113.93,64.37,139.87,185.94,149.15
2025-10-11,101.16,100.75,111.2,95.05,87.49,78.44,95.74,,95.58,153.05,99.35,120.92,111.69,88.61,137.61,87.57,118.6,114.9,99.17,87.84,83.28,,89.74,112.95,,,120.26,111.84,97.06,96.38,78.29,,65.2,94.4,127.75,112.37,148.36,120.68,185.23,110.45,100.49,85.62,90.23,69.99,114.12,64.41,139.75,185.94,149.15
2025-10-12,101.11,101.71,111.13,95.08,87.63,78.74,95.63,,95.37,152.96,99.38,120.7,111.64,88.53,137.56,87.25,118.48,114.65,99.18,87.97,83.23,,89.69,112.88,,,120.18,111.41,97.22,96.46,78.16,,65.2,94.26,127.69,112.36,148.69,120.34,185.27,110.39,100.49,85.49,90.27,69.91,114.16,64.48,139.72,185.93,149.1
2025-10-13,101.03,102.57,111.13,95.05,87.79,79.06,95.64,,95.25,152.94,99.38,120.52,111.54,88.39,137.61,86.98,118.4,114.5,99.15,88.12,83.23,,89.68,112.82,,,120.13,110.99,97.36,96.51,78.03,,65.23,94.16,127.69,112.31,148.9,119.82,185.22,110.26,100.47,85.28,90.3,69.82,114.14,64.56,139.76,185.99,148.94
2025-10-14,101.0,103.08,111.04,95.08,88.02,79.16,95.61,,95.12,152.89,99.39,120.45,111.53,88.28,137.67,86.65,118.35,114.32,99.04,88.1,83.25,,89.76,112.84,,,120.2,110.81,97.59,96.53,77.94,,65.2,94.2,127.77,112.32,149.22,119.35,185.21,110.16,100.48,85.34,90.43,69.82,114.16,64.71,139.92,186.13,148.86
2025-10-15,101.04,103.74,110.98,95.12,88.18,79.5,95.72,,95.16,152.79,99.43,120.55,111.55,88.22,137.73,86.31,118.34,114.2,99.02,88.18,83.45,,89.84,112.9,,,120.27,110.79,97.87,96.62,77.95,,65.26,94.39,127.87,112.4,149.5,118.86,185.3,110.21,100.59,85.41,90.71,69.96,114.26,64.93,140.21,186.36,148.77
2025-10-16,101.0,104.16,110.81,95.03,88.3,79.82,95.71,,95.23,152.71,99.42,120.29,111.49,88.04,137.77,86.16,118.25,113.83,99.0,88.02,83.71,,89.86,112.93,,,120.35,110.49,97.92,96.71,77.87,,65.32,94.49,127.91,112.45,149.68,118.35,185.23,110.05,100.59,85.26,90.86,70.07,114.27,65.05,140.44,186.64,148.77
2025-10-17,100.96,104.84,110.7,94.99,88.26,79.61,95.69,,95.31,152.63,99.42,120.51,111.44,87.8,137.96,86.61,118.24,113.76,98.93,88.12,83.92,,89.75,112.96,,,120.36,110.35,97.98,96.75,77.77,,65.28,94.55,127.9,112.49,149.77,117.8,185.19,110.01,100.68,85.38,91.11,70.11,114.26,65.15,140.93,186.87,148.76
2025-10-18,100.77,104.91,110.58,94.83,88.31,79.13,95.11,,95.28,152.36,99.41,120.58,111.28,87.57,137.93,86.78,118.14,113.46,98.83,88.25,83.94,,89.39,112.84,,,120.32,109.9,97.94,96.64,77.62,,65.04,94.59,127.79,112.46,149.7,117.28,184.74,109.68,100.5,85.34,91.22,69.97,114.12,65.12,141.49,187.18,148.58
2025-10-19,100.78,104.69,110.7,94.81,88.59,78.95,95.08,,95.22,152.47,99.46,120.86,111.3,87.55,137.93,86.7,118.19,113.74,98.91,88.46,84.32,,89.38,112.99,,,120.49,109.74,98.03,96.69,77.65,,65.08,94.85,127.85,112.59,149.65,116.85,184.91,109.69,100.66,85.47,91.41,70.17,114.15,65.25,142.08,187.64,148.55
2025-10-20,100.77,104.32,110.71,94.73,88.82,78.62,94.96,,95.1,152.42,99.47,121.07,111.32,87.53,137.78,86.55,118.17,113.92,98.96,88.62,84.6,,89.33,113.08,,,120.61,109.61,98.07,96.71,77.62,,65.01,94.96,127.82,112.68,149.66,116.5,184.92,109.81,100.73,85.52,91.56,70.25,114.15,65.35,142.63,188.06,148.45
2025-10-21,100.56,103.69,110.49,94.39,88.85,78.5,94.83,,94.84,152.4,99.18,121.04,111.12,87.33,137.29,86.16,118.05,113.96,98.82,88.58,84.62,,89.12,112.99,,,120.32,109.18,97.59,96.63,77.45,,64.75,94.76,127.61,112.48,148.8,116.05,184.64,109.73,100.6,85.26,91.43,70.11,113.84,65.33,143.02,188.02,148.2
2025-10-22,100.59,103.44,110.54,94.41,89.0,78.38,94.78,,94.74,152.52,99.2,121.2,111.12,87.27,136.98,86.05,118.08,113.91,98.85,88.77,84.75,,88.92,113.07,,,120.29,109.19,97.44,96.64,77.48,,64.51,94.84,127.68,112.57,148.79,115.66,184.64,109.59,100.75,85.27,91.53,69.99,113.81,65.27,143.44,188.29,148.07
2025-10-23,100.52,103.31,110.62,94.34,89.03,78.08,94.75,,94.53,152.5,99.24,121.69,111.04,87.22,136.76,86.16,118.01,114.25,98.87,89.16,84.74,,88.74,113.04,,,120.22,109.18,97.4,96.59,77.23,,64.19,94.81,127.58,112.54,148.77,115.07,184.36,109.69,100.88,85.24,91.55,69.8,113.6,65.29,143.8,188.6,147.93
2025-10-24,100.54,103.22,110.77,94.35,89.23,78.33,94.83,,94.39,152.69,99.23,121.76,111.05,87.34,136.53,86.4,117.96,114.38,98.96,89.44,84.73,,88.66,113.1,,,120.27,109.27,97.36,96.67,77.19,,64.0,94.84,127.64,112.58,148.83,114.73,184.38,109.65,101.0,85.24,91.52,69.68,113.51,65.33,143.98,188.94,147.46
2025-10-25,100.61,103.56,110.92,94.36,89.29,78.72,95.32,,94.45,152.97,99.21,121.89,111.13,87.23,136.46,86.52,118.06,114.73,98.89,89.56,84.89,,88.86,113.35,,,120.44,109.51,97.29,96.68,77.24,,63.94,94.84,127.82,112.69,148.8,114.43,184.74,109.89,101.28,85.06,91.6,69.81,113.45,65.47,143.98,189.13,147.41
2025-10-26,100.53,103.89,111.04,94.25,89.04,78.87,95.56,,94.4,152.82,99.1,121.86,111.06,86.99,136.34,86.58,118.03,114.63,98.8,89.59,84.84,,88.77,113.31,,,120.4,109.48,97.1,96.61,77.2,,63.65,94.64,127.72,112.57,148.65,114.07,184.5,109.86,101.29,84.83,91.52,69.61,113.35,65.47,143.85,189.15,147.16
2025-10-27,100.52,104.46,111.24,94.2,88.87,79.15,95.83,,94.47,152.82,99.08,121.98,111.03,86.95,136.25,86.68,118.04,114.66,98.81,89.65,84.91,,88.73,113.37,,,120.42,109.45,96.97,96.61,77.2,,63.45,94.57,127.75,112.54,148.62,113.79,184.4,109.85,101.41,84.77,91.53,69.54,113.38,65.48,143.71,189.18,147.14
2025-10-28,100.7,105.68,111.7,94.45,88.82,79.33,96.32,,94.5,152.83,99.24,122.36,111.17,87.09,136.22,86.99,118.15,114.94,98.95,89.85,85.21,,88.84,113.6,,,120.75,109.77,97.25,96.73,77.39,,63.57,94.8,127.98,112.82,149.6,113.75,184.54,110.08,101.73,84.92,91.73,69.65,113.57,65.61,143.64,189.64,147.17
2025-10-29,100.6,105.88,111.75,94.27,88.64,79.34,96.58,,94.33,152.58,99.11,122.43,111.09,87.05,136.0,87.13,117.96,115.08,98.85,89.75,85.23,,88.87,113.6,,,120.76,109.56,97.12,96.77,77.36,,63.54,94.61,127.88,112.65,149.73,113.69,184.27,110.17,101.68,85.21,91.72,69.61,113.41,65.77,143.33,189.68,147.01
2025-10-30,100.67,106.0,111.72,94.31,88.52,79.43,96.69,,94.14,152.37,99.0,122.6,111.2,87.19,135.66,87.22,117.93,115.05,98.86,89.6,85.5,,88.94,113.67,,,120.91,109.58,97.17,96.84,77.69,,63.65,94.56,127.89,112.61,149.86,113.77,184.52,110.3,101.71,85.29,91.78,69.57,113.42,65.92,143.18,189.64,146.75
2025-10-31,100.58,105.45,111.56,94.18,88.21,79.45,96.78,,94.11,151.95,98.82,122.52,111.15,87.18,135.47,86.85,118.02,114.64,98.88,89.0,85.6,,88.84,113.68,,,120.9,109.48,97.12,96.73,77.82,,63.68,94.41,127.74,112.51,149.99,113.66,184.67,110.29,101.55,85.42,91.73,69.24,113.1,65.89,143.05,189.49,146.78
2025-11-01,100.36,102.62,111.23,93.39,87.79,79.36,96.67,,93.82,151.63,98.41,122.51,110.87,87.02,134.86,86.63,117.81,114.15,98.81,88.4,85.46,,88.5,113.14,,,120.67,109.47,96.42,96.56,77.8,,63.7,94.08,127.23,112.15,149.62,113.15,184.66,110.13,101.18,85.48,91.53,68.8,112.46,65.79,142.9,189.12,146.49
2025-11-02,100.45,101.39,111.0,93.11,87.67,79.41,96.59,,93.89,151.71,98.25,122.98,110.92,87.19,134.61,86.59,117.81,114.09,98.74,88.05,85.59,,88.51,113.25,,,120.66,109.96,96.36,96.59,77.94,,63.8,94.15,127.22,112.15,149.72,113.13,184.97,110.28,101.13,85.58,91.54,68.86,112.32,65.84,142.96,189.19,146.55
2025-11-03,100.47,99.71,110.69,92.83,87.56,79.39,96.44,,93.81,151.77,98.06,123.23,110.97,87.23,134.22,86.62,117.72,113.9,98.65,87.68,85.7,,88.55,113.23,,,120.59,110.27,96.31,96.67,78.08,,63.87,94.2,127.17,112.12,149.74,113.1,185.34,110.37,101.12,85.73,91.55,68.83,112.16,65.9,142.99,189.23,146.48
2025-11-04,100.4,97.62,110.25,93.1,87.46,79.32,96.15,,94.1,151.8,97.86,123.5,110.96,87.22,133.58,86.54,117.58,113.46,98.65,87.42,85.78,,88.44,113.31,,,120.47,110.58,96.28,96.61,78.16,,63.88,94.16,127.03,111.95,149.59,112.9,185.48,110.4,100.98,85.75,91.45,68.64,112.08,65.87,142.97,189.1,146.43
2025-11-05,100.46,96.53,110.01,93.44,87.38,79.29,96.02,,94.6,151.78,97.69,123.81,111.0,87.25,133.59,86.44,117.61,113.3,98.7,87.23,85.96,,88.39,113.38,,,120.44,111.41,96.41,96.61,78.25,,63.99,94.4,127.01,111.92,149.59,112.8,185.68,110.49,100.92,85.62,91.39,68.57,112.13,65.88,143.31,189.08,146.01
2025-11-06,100.52,95.64,109.9,93.71,87.4,79.3,96.17,,95.15,152.06,97.53,124.1,111.04,87.23,133.75,86.54,117.63,113.29,98.6,87.12,86.0,,88.45,113.49,,,120.4,112.08,96.46,96.64,78.3,,64.07,94.72,127.04,111.84,149.63,112.69,185.93,110.41,100.86,85.81,91.41,68.61,112.31,65.89,143.66,189.15,145.68
2025-11-07,100.71,95.31,109.88,94.13,87.48,79.35,96.22,,95.54,152.25,97.5,124.56,111.12,87.31,133.72,86.79,117.54,113.8,98.57,87.33,86.11,,88.66,113.63,,,120.36,112.76,96.54,96.79,78.4,,64.16,95.03,127.1,111.76,149.6,112.8,185.78,110.68,100.95,85.79,91.48,68.84,112.76,66.04,144.0,189.27,145.26
2025-11-08,101.07,97.29,110.0,95.22,87.63,79.61,96.41,,96.14,152.28,97.76,125.08,111.44,87.7,133.92,87.01,117.65,114.38,98.69,87.69,86.42,,89.0,114.31,,,120.67,113.3,97.41,97.12,78.64,,64.32,95.63,127.47,111.88,150.16,113.22,185.8,111.17,101.17,86.05,91.75,69.23,113.61,66.32,144.55,189.66,145.39
2025-11-09,101.14,98.04,109.89,95.85,87.56,79.72,96.5,,96.49,151.96,97.78,125.15,111.45,87.79,133.72,87.09,117.57,114.48,98.74,87.81,86.41,,88.9,114.37,,,120.69,113.42,97.6,97.24,78.67,,64.53,95.88,127.48,111.77,150.3,113.18,185.6,111.35,101.11,86.19,91.81,69.2,113.81,66.32,144.75,189.56,145.33
2025-11-10,101.04,98.66,109.68,96.13,87.37,79.7,96.37,,96.82,151.54,97.51,125.11,111.19,87.67,133.28,86.79,117.3,114.63,98.67,87.76,86.08,,88.7,114.24,,,120.46,113.37,97.5,97.14,78.38,,64.52,95.71,127.11,111.31,149.89,112.9,185.18,111.2,100.84,86.15,91.65,69.12,113.69,66.28,144.91,189.09,145.05
2025-11-11,101.15,99.54,109.76,95.89,87.31,79.71,96.46,,97.12,151.23,97.41,125.11,111.16,87.69,133.54,86.71,117.29,115.03,98.66,87.71,86.0,,88.81,114.15,,,120.39,113.42,97.58,97.22,78.3,,64.6,95.75,126.91,111.05,149.69,112.83,185.16,111.26,100.95,86.25,91.76,69.29,113.84,66.32,145.26,188.93,144.91
2025-11-12,101.14,99.37,109.75,95.58,87.26,79.69,96.36,,97.04,151.23,97.31,125.31,111.02,87.67,133.22,86.77,117.14,115.2,98.58,87.63,85.86,,88.84,114.09,,,120.26,112.99,97.71,97.19,78.19,,64.55,95.59,126.76,110.81,149.43,112.57,185.03,111.22,100.98,86.21,91.74,69.37,113.8,66.3,145.23,188.58,145.09
2025-11-13,101.12,99.2,109.71,95.32,87.13,79.68,96.07,,97.05,151.06,97.16,125.41,110.86,87.65,132.67,86.54,116.94,115.34,98.55,87.57,85.76,,88.82,114.02,,,120.05,112.56,97.78,97.18,78.08,,64.5,95.37,126.58,110.61,149.1,112.29,184.76,111.25,100.98,86.21,91.71,69.41,113.71,66.23,145.1,188.23,145.27
2025-11-14,101.0,99.09,109.48,94.92,86.97,79.55,95.89,,97.1,150.73,96.86,125.45,110.57,87.52,132.22,86.29,116.7,115.18,98.43,87.59,85.57,,88.66,113.84,,,119.79,111.99,97.91,97.31,77.82,,64.41,95.08,126.31,110.3,148.67,111.69,184.61,111.01,100.87,86.2,91.54,69.35,113.39,66.11,144.85,187.68,145.39
2025-11-15,101.2,99.8,109.67,94.87,87.22,79.56,95.93,,97.36,151.02,96.91,125.76,110.65,87.59,132.09,86.17,116.68,115.46,98.45,87.75,85.94,,88.85,113.91,,,119.87,111.82,98.33,97.63,77.8,,64.69,95.09,126.53,110.4,148.62,111.18,184.81,111.15,101.15,86.32,91.6,69.61,113.47,66.16,144.91,187.59,145.3
2025-11-16,101.26,99.84,109.72,94.74,87.52,79.52,95.71,,97.6,151.33,96.94,125.96,110.65,87.62,132.04,86.02,116.54,115.72,98.51,87.91,86.19,,88.97,113.94,,,119.86,111.8,98.72,97.88,77.75,,64.72,95.06,126.52,110.33,148.61,110.61,184.86,111.19,101.34,86.4,91.63,69.75,113.51,66.24,144.96,187.59,145.25
2025-11-17,101.39,99.55,109.8,94.72,87.7,79.55,95.69,,97.82,151.57,97.1,126.29,110.7,87.74,132.09,86.12,116.52,115.88,98.54,88.19,86.51,,89.05,114.08,,,119.9,112.03,99.23,98.23,77.92,,64.88,95.2,126.62,110.4,148.69,110.11,184.85,111.29,101.54,86.56,91.75,69.85,113.56,66.28,145.03,187.66,145.41
2025-11-18,101.46,99.56,109.63,94.75,87.86,79.54,95.38,,98.04,151.71,97.21,126.65,110.72,87.76,132.16,86.11,116.48,116.1,98.6,88.38,86.69,,89.01,114.21,,,119.98,112.21,99.8,98.46,77.95,,65.11,95.28,126.7,110.38,148.87,109.57,184.75,111.34,101.56,86.62,91.76,69.88,113.62,66.3,145.05,187.71,145.48
2025-11-19,101.47,100.15,109.51,94.76,87.95,79.58,95.17,,98.29,151.57,97.3,126.71,110.77,87.74,132.08,86.07,116.46,116.2,98.63,88.55,86.75,,89.02,114.26,,,120.02,112.36,100.4,98.61,77.94,,65.43,95.31,126.56,110.24,148.89,109.14,184.59,111.41,101.64,86.65,91.78,69.9,113.63,66.27,145.2,187.7,145.5
2025-11-20,101.6,100.72,109.51,94.83,88.06,79.68,95.21,,98.62,151.68,97.55,126.98,110.87,87.85,132.28,86.2,116.52,116.34,98.77,88.81,86.96,,89.03,114.37,,,120.27,112.7,101.01,98.86,78.04,,65.82,95.49,126.63,110.23,149.12,108.96,184.5,111.53,101.84,86.78,91.93,70.01,113.75,66.32,145.6,187.92,145.54
2025-11-21,101.72,101.08,109.54,94.92,88.18,79.9,95.27,,98.87,151.9,97.81,127.23,111.01,87.99,132.22,86.25,116.6,116.63,98.85,88.93,87.05,,89.13,114.47,,,120.46,112.93,101.51,98.93,78.28,,66.18,95.63,126.74,110.25,149.25,109.06,184.51,111.69,102.06,86.95,92.17,70.24,113.99,66.34,145.95,188.13,145.74
2025-11-22,101.78,101.15,109.47,94.98,88.14,80.12,95.41,,99.19,151.86,97.93,127.4,111.09,88.11,132.23,86.3,116.84,116.96,98.9,89.11,87.06,,89.22,114.59,,,120.55,113.1,102.04,99.02,78.53,,66.44,95.68,126.64,110.15,149.32,109.21,184.54,111.8,102.2,87.04,92.3,70.31,114.1,66.36,146.18,188.21,145.88
2025-11-23,101.81,101.55,109.38,95.01,88.03,80.27,95.54,,99.54,151.68,98.02,127.55,111.12,88.16,132.21,86.41,117.03,117.22,98.91,89.27,87.05,,89.34,114.63,,,120.64,113.0,102.55,99.02,78.72,,66.61,95.65,126.55,110.04,149.41,109.17,184.49,111.87,102.26,87.09,92.4,70.4,114.24,66.35,146.39,188.18,145.99
2025-11-24,101.94,102.3,109.38,95.14,88.1,80.47,95.61,,99.87,151.61,98.18,127.78,111.26,88.3,132.35,86.46,117.23,117.47,99.05,89.48,87.19,,89.58,114.77,,,120.83,112.8,103.19,99.02,78.97,,66.87,95.77,126.72,110.1,149.73,109.82,184.74,112.07,102.41,87.14,92.57,70.54,114.59,66.36,146.65,188.41,146.19
2025-11-25,102.03,102.8,109.5,95.23,88.06,80.63,95.89,,100.39,151.53,98.27,127.91,111.35,88.41,132.49,86.56,117.29,117.55,99.12,89.71,87.3,,89.71,114.78,,,121.01,112.44,103.75,99.07,79.21,,66.94,95.93,126.89,110.23,149.83,110.46,184.95,112.16,102.55,87.2,92.74,70.66,114.78,66.34,147.12,188.65,146.37
2025-11-26,102.21,105.1,109.59,95.42,88.12,80.77,96.17,,100.7,151.52,98.32,128.22,111.47,88.58,132.61,86.63,117.4,117.85,99.24,89.9,87.57,,89.99,114.92,,,121.2,112.21,104.44,99.21,79.52,,67.0,96.07,127.2,110.39,150.3,112.46,185.36,112.25,102.7,87.24,92.95,70.83,115.15,66.45,147.23,188.92,146.78
2025-11-27,102.31,106.93,109.72,95.61,88.23,80.85,96.36,,100.8,151.29,98.3,128.44,111.59,88.74,132.67,86.59,117.52,118.16,99.29,90.05,87.84,,90.24,115.09,,,121.23,111.78,104.32,99.35,79.79,,66.99,96.14,127.37,110.54,150.44,114.2,185.73,112.39,102.86,87.21,93.08,70.98,115.41,66.51,147.07,189.09,147.16
2025-11-28,102.4,109.64,109.89,95.81,88.34,80.85,96.44,,100.79,151.33,98.31,128.68,111.66,88.86,132.71,86.47,117.61,118.33,99.34,90.27,88.21,,90.46,115.26,,,121.34,111.71,104.15,99.47,79.94,,66.97,96.25,127.48,110.68,150.72,115.9,185.94,112.5,103.04,87.18,93.2,71.09,115.68,66.59,146.95,189.3,147.4
2025-11-29,102.32,110.1,109.88,95.76,88.32,80.75,96.37,,100.46,151.24,98.19,128.72,111.54,88.82,132.44,86.35,117.48,118.21,99.31,90.38,88.28,,90.54,115.23,,,121.12,111.31,103.7,99.39,79.91,,66.82,96.19,127.51,110.71,150.71,117.62,186.03,112.36,103.03,87.05,93.25,71.08,115.64,66.58,146.74,189.28,147.47
2025-11-30,102.32,110.26,109.97,95.76,88.32,80.68,96.3,,100.13,151.08,98.09,128.89,111.49,88.83,132.27,86.13,117.39,118.16,99.32,90.53,88.4,,90.61,115.26,,,120.91,110.93,103.21,99.42,79.93,,66.73,96.16,127.61,110.81,150.63,119.39,186.09,112.27,103.05,86.99,93.33,71.07,115.7,66.61,146.57,189.32,147.48
2025-12-01,102.24,108.0,110.04,95.76,88.3,80.67,96.33,,99.92,150.89,97.95,128.72,111.41,88.84,132.06,86.26,117.37,118.14,99.3,90.52,88.4,,90.6,115.2,,,120.79,110.78,102.62,99.46,79.88,,66.72,96.12,127.52,110.76,150.42,120.63,185.97,112.18,103.04,86.93,93.33,71.09,115.54,66.65,146.38,189.24,147.49
2025-12-02,102.26,105.68,110.05,95.81,88.24,80.67,96.4,,99.52,150.58,97.97,128.78,111.32,88.88,131.76,86.29,117.39,118.1,99.37,90.61,88.37,,90.69,115.19,,,120.59,110.77,102.09,99.56,79.94,,66.72,96.04,127.49,110.71,150.25,122.0,186.03,112.11,102.97,87.0,93.36,71.08,115.44,66.66,145.91,189.18,147.57
2025-12-03,102.16,99.62,109.95,95.7,88.29,80.67,96.32,,99.18,150.54,97.96,128.7,111.11,88.83,131.56,86.07,117.37,118.0,99.32,90.7,88.23,,90.57,115.04,,,120.33,110.56,101.21,99.53,79.84,,66.64,95.82,127.17,110.63,149.78,121.89,185.73,112.01,102.81,87.03,93.38,71.0,115.31,66.58,145.64,188.88,147.42
2025-12-04,102.11,94.12,109.84,95.59,88.35,80.66,96.35,,98.97,150.56,97.98,128.67,111.01,88.76,131.69,85.81,117.37,118.03,99.21,90.79,88.01,,90.56,114.96,,,120.17,110.67,101.04,99.48,79.78,,66.7,95.42,126.94,110.59,149.46,121.82,185.65,111.98,102.76,87.03,93.42,70.95,115.22,66.54,145.5,189.11,147.36
2025-12-05,102.06,89.72,109.64,95.45,88.35,80.67,96.42,,98.87,150.24,98.02,128.65,110.9,88.84,131.61,85.51,117.4,117.98,99.12,90.91,87.75,,90.49,114.86,,,119.98,110.54,100.74,99.43,79.76,,66.7,95.07,126.75,110.54,149.13,121.74,185.58,111.92,102.58,87.01,93.41,70.82,114.94,66.5,145.5,189.17,147.31
2025-12-06,102.14,89.21,109.81,95.51,88.44,80.73,96.82,,98.91,150.06,98.21,128.73,110.99,89.08,131.76,85.32,117.5,118.09,99.08,91.09,87.61,,90.61,114.91,,,120.12,110.51,100.73,99.55,79.88,,66.87,95.01,126.74,110.62,149.05,121.7,185.63,112.09,102.61,87.02,93.51,70.81,114.96,66.5,145.4,189.52,147.4
2025-12-07,102.15,88.24,109.83,95.49,88.53,80.81,97.09,,98.86,149.93,98.33,128.64,110.98,89.22,131.78,85.11,117.58,118.45,98.97,91.21,87.34,,90.74,114.88,,,120.12,110.49,100.69,99.61,79.86,,67.0,94.81,126.5,110.56,148.96,121.83,185.64,112.16,102.62,87.0,93.53,70.81,114.94,66.53,145.31,189.73,147.5
2025-12-08,102.25,90.09,109.82,95.49,88.56,80.84,97.41,,98.73,149.86,98.52,128.86,111.02,89.36,131.81,84.85,117.59,118.6,98.97,91.48,87.16,,90.84,114.94,,,120.05,110.23,100.69,99.73,79.81,,67.0,94.59,126.38,110.7,148.91,122.14,185.8,112.25,102.62,87.09,93.61,70.76,115.0,66.49,145.24,190.15,147.53
2025-12-09,102.14,91.98,109.79,95.26,88.64,80.89,97.53,,98.37,149.9,98.5,128.8,110.93,89.3,131.84,84.57,117.54,118.76,98.74,91.49,86.91,,90.88,114.93,,,119.87,109.69,100.65,99.62,79.55,,66.99,94.13,126.06,110.61,148.77,122.11,185.53,112.28,102.59,86.92,93.67,70.68,114.94,66.51,145.12,190.15,147.24
2025-12-10,102.17,95.59,109.91,95.27,88.63,80.93,97.82,,98.21,149.77,98.58,128.77,111.01,89.38,131.85,84.54,117.53,118.85,98.62,91.6,86.72,,91.09,115.03,,,119.9,109.46,100.73,99.63,79.49,,67.07,93.95,126.09,110.62,148.76,122.2,185.64,112.48,102.72,86.92,93.67,70.76,114.99,66.6,145.12,190.62,147.15
2025-12-11,102.11,99.08,109.89,95.12,88.53,80.82,97.88,,97.94,149.64,98.54,128.69,110.85,89.32,131.37,84.33,117.43,118.87,98.57,91.62,86.47,,91.07,115.0,,,119.74,109.03,100.62,99.69,79.29,,66.98,93.76,125.91,110.42,148.45,122.35,185.57,112.52,102.67,86.96,93.57,70.68,114.69,66.64,144.93,190.14,146.95
2025-12-12,102.15,100.62,110.11,95.15,88.6,80.85,98.08,,97.83,149.66,98.64,128.74,110.89,89.24,131.26,84.27,117.41,119.01,98.55,91.66,86.43,,91.17,115.12,,,119.79,108.97,100.9,99.75,79.2,,67.01,93.72,125.84,110.34,148.56,122.61,185.56,112.66,102.83,87.07,93.64,70.77,114.72,66.72,144.78,190.16,146.77
2025-12-13,102.13,100.54,110.06,95.1,88.66,80.87,98.06,,97.68,149.6,98.69,128.81,110.84,89.14,131.23,84.14,117.34,119.12,98.57,91.58,86.31,,91.19,115.17,,,119.75,109.08,100.96,99.71,79.06,,66.95,93.5,125.6,110.11,148.51,122.78,185.28,112.73,102.9,87.19,93.66,70.79,114.69,66.84,144.61,189.97,146.66
2025-12-14,102.18,101.14,110.15,95.12,88.7,80.9,98.31,,97.59,149.83,98.8,128.95,110.85,89.2,131.25,84.14,117.29,119.04,98.59,91.51,86.37,,91.26,115.34,,,119.82,109.25,100.99,99.71,79.1,,66.94,93.39,125.59,110.02,148.44,122.88,185.19,112.92,103.01,87.44,93.74,70.84,114.67,66.93,144.44,189.88,146.54
2025-12-15,102.12,101.25,110.18,95.04,88.76,80.81,98.29,,97.48,149.69,98.74,129.03,110.74,89.06,131.22,84.07,117.21,119.16,98.49,91.3,86.29,,91.28,115.4,,,119.82,109.39,100.97,99.63,79.07,,66.86,93.11,125.39,109.66,148.28,122.83,184.91,112.98,103.05,87.55,93.74,70.79,114.61,67.01,144.11,189.52,146.32
2025-12-16,102.22,101.61,110.22,95.14,88.9,80.84,98.39,,97.53,149.75,98.8,129.17,110.78,89.18,131.31,84.08,117.21,119.4,98.54,91.19,86.4,,91.39,115.54,,,119.91,109.55,101.01,99.77,79.18,,66.85,93.08,125.34,109.54,148.26,122.96,185.01,113.15,103.15,87.83,93.79,70.88,114.63,67.07,143.91,189.51,146.4
2025-12-17,102.55,102.01,110.94,95.3,89.1,80.91,98.48,,99.88,149.83,99.27,130.11,110.93,90.02,131.79,84.13,117.51,119.66,98.86,91.25,86.57,,91.35,116.22,,,119.94,109.4,101.02,100.1,79.33,,67.11,93.02,125.28,109.51,149.57,123.05,185.12,113.34,103.23,88.26,94.88,70.83,114.64,67.08,146.31,190.25,146.81
2025-12-18,103.0,102.22,111.78,95.66,89.45,81.1,98.67,,102.18,150.0,99.84,131.96,111.2,90.88,132.61,84.31,117.86,120.03,99.12,91.33,86.83,,91.52,117.14,,,120.23,109.34,101.36,100.29,79.6,,67.51,93.22,125.34,109.58,151.26,123.18,185.29,113.74,103.8,88.67,96.09,70.98,115.09,67.14,148.81,191.53,147.32
2025-12-19,103.32,102.66,112.41,95.86,89.68,81.16,98.84,,103.77,150.13,100.12,133.6,111.32,91.54,132.97,84.32,118.09,120.31,99.29,91.28,87.07,,91.69,117.87,,,120.35,108.95,101.54,100.41,79.74,,67.8,93.32,125.42,109.62,152.04,123.24,185.43,114.08,104.23,89.06,97.07,71.13,115.3,67.18,150.84,192.21,147.59
2025-12-20,103.57,103.15,112.97,96.03,89.86,81.14,98.97,,105.28,150.22,100.32,135.11,111.39,91.91,133.13,84.33,118.4,120.42,99.4,91.21,87.34,,91.82,118.46,,,120.42,108.22,101.71,100.53,79.82,,68.09,93.36,125.52,109.72,152.74,123.23,185.71,114.33,104.54,89.38,97.98,71.28,115.37,67.17,152.92,192.5,147.48
2025-12-21,103.65,103.44,113.32,96.1,89.89,80.99,98.7,,106.68,149.96,100.43,135.46,111.19,91.99,133.21,84.18,118.59,120.27,99.46,90.8,87.39,,91.66,118.84,,,120.37,107.31,101.59,100.48,79.76,,68.23,93.26,125.34,109.69,153.26,123.3,185.48,114.3,104.75,89.45,98.72,71.29,115.25,67.08,154.74,192.64,147.43
2025-12-22,103.99,104.08,113.91,96.31,90.18,81.03,98.87,,108.22,150.31,100.84,137.14,111.36,92.64,133.47,84.35,118.95,120.53,99.59,90.88,87.76,,91.71,119.52,,,120.5,106.7,101.97,100.64,79.89,,68.66,93.42,125.58,109.97,154.23,123.37,185.77,114.66,105.29,89.63,99.74,71.52,115.4,67.17,156.98,193.05,147.58
2025-12-23,104.28,105.05,114.47,96.57,90.39,81.01,98.99,,109.63,150.52,101.01,138.74,111.47,93.33,133.53,84.58,119.29,120.6,99.78,91.02,87.93,,91.67,120.09,,,120.61,106.16,102.24,100.78,79.92,,68.98,93.52,125.67,110.11,154.97,123.43,185.92,114.9,105.79,89.72,100.72,71.58,115.29,67.22,158.97,193.3,147.7
2025-12-24,104.34,106.2,114.44,96.74,90.55,80.9,99.18,,108.82,150.68,100.84,139.67,111.5,93.12,133.33,84.62,119.28,120.69,99.71,90.68,88.16,,91.82,120.2,,,120.78,105.91,102.57,100.73,79.92,,69.02,93.74,125.92,110.32,154.36,123.5,186.06,115.12,106.21,89.6,100.74,71.7,115.24,67.35,158.61,192.72,147.33
2025-12-25,104.28,107.49,114.31,96.83,90.6,80.83,99.3,,108.1,150.72,100.57,139.57,111.47,92.97,132.81,84.6,119.19,120.57,99.66,90.32,88.33,,91.8,120.04,,,120.8,105.51,102.61,100.69,79.85,,68.98,93.8,126.14,110.51,153.69,123.57,186.13,115.12,106.14,89.37,100.68,71.72,114.98,67.37,158.24,191.88,146.87
2025-12-26,104.08,107.74,113.76,96.74,90.58,80.72,99.19,,106.74,150.75,100.23,139.32,111.28,92.52,132.38,84.63,119.0,120.47,99.59,89.92,88.33,,91.73,119.77,,,120.68,105.12,102.58,100.65,79.71,,68.79,93.72,126.15,110.5,152.98,123.63,186.09,115.07,106.03,89.03,100.18,71.65,114.68,67.36,156.88,191.01,146.42
2025-12-27,103.89,107.61,113.24,96.62,90.62,80.65,99.13,,105.44,150.81,99.92,139.1,111.1,92.24,132.03,84.61,118.71,120.46,99.54,89.6,88.29,,91.6,119.58,,,120.57,104.81,102.47,100.57,79.6,,68.52,93.57,126.14,110.41,152.18,123.7,185.99,114.96,105.96,88.69,99.71,71.56,114.51,67.33,155.48,190.52,146.54
2025-12-28,103.9,107.84,112.91,96.66,90.83,80.74,99.28,,104.5,151.02,99.7,140.06,111.23,92.23,131.8,84.79,118.64,120.67,99.62,89.61,88.4,,91.72,119.61,,,120.62,104.84,102.83,100.69,79.61,,68.41,93.58,126.39,110.45,151.52,123.7,186.41,115.09,106.0,88.56,99.45,71.59,114.61,67.35,154.43,190.27,146.61
2025-12-29,103.67,106.96,112.45,96.59,90.84,80.78,99.16,,103.5,151.02,99.19,139.79,111.04,91.78,131.37,84.62,118.53,120.48,99.51,89.11,88.32,,91.73,119.37,,,120.56,104.72,102.67,100.64,79.47,,68.13,93.39,126.27,110.23,150.44,123.55,186.28,114.94,105.79,88.18,98.95,71.51,114.36,67.28,153.14,189.75,145.25
2025-12-30,103.56,105.1,112.19,96.65,90.94,80.76,99.25,,102.67,151.31,99.09,139.63,111.03,91.34,131.22,84.33,118.44,120.45,99.49,88.81,88.49,,91.87,119.29,,,120.62,104.85,102.74,100.64,79.5,,68.0,93.3,126.39,110.21,149.65,123.58,186.32,115.06,105.83,87.94,98.51,71.66,114.54,67.32,152.07,189.52,144.75
2025-12-31,103.38,103.42,111.81,96.55,91.0,80.79,99.21,,101.67,151.52,98.81,139.33,110.89,91.02,131.02,84.18,118.39,120.43,99.41,88.67,88.52,,91.86,118.99,,,120.56,104.95,102.61,100.58,79.43,,67.84,92.95,126.31,109.96,148.67,123.74,186.2,115.05,105.84,87.78,98.07,71.73,114.56,67.31,150.79,189.26,144.14
2026-01-01,103.14,100.19,111.43,96.3,90.93,80.78,99.22,,100.13,151.64,98.24,139.01,110.67,90.56,130.67,84.14,118.12,120.35,99.2,87.92,88.4,,91.85,118.57,,,120.44,105.47,102.18,100.53,79.36,,67.51,92.54,126.23,109.74,147.77,123.9,186.15,114.75,105.75,87.49,97.66,71.73,114.55,67.23,149.41,189.13,143.38
2026-01-02,103.03,97.77,111.54,96.17,90.79,80.83,99.29,,99.74,151.81,97.74,138.99,110.46,90.54,130.43,84.04,117.9,120.33,99.06,87.15,88.26,,91.78,118.31,,,120.37,106.05,101.83,100.54,79.3,,67.37,92.13,126.18,109.6,147.26,123.98,186.08,114.53,105.69,87.28,97.75,71.68,114.33,67.2,149.3,189.24,142.86
2026-01-03,102.89,95.35,111.56,95.98,90.54,80.79,99.23,,99.33,151.88,97.21,138.89,110.15,90.52,130.03,83.89,117.52,120.18,98.97,86.55,88.0,,91.7,117.93,,,120.12,106.55,101.42,100.48,79.16,,67.21,91.67,126.03,109.48,146.94,124.14,185.86,114.18,105.57,87.1,97.75,71.54,113.99,67.1,149.03,189.53,142.1
2026-01-04,102.69,91.7,111.55,95.67,90.26,80.73,99.26,,98.59,151.88,96.61,138.6,109.75,90.42,129.29,83.57,117.02,120.02,98.76,85.91,87.7,,91.64,117.5,,,119.79,106.65,100.72,100.43,78.86,,67.03,91.12,125.73,109.21,146.54,124.14,185.65,113.72,105.39,86.79,97.72,71.38,113.47,67.02,148.72,189.47,141.48
2026-01-05,102.58,88.89,111.55,95.37,89.98,80.7,99.25,,97.85,151.9,96.14,138.17,109.43,90.5,128.75,83.37,116.57,119.86,98.74,85.37,87.39,,91.6,117.13,,,119.56,106.79,100.26,100.44,78.62,,66.77,90.7,125.77,109.18,146.34,124.28,185.53,113.28,105.24,86.78,97.71,71.31,113.19,66.97,148.33,189.49,142.12
2026-01-06,102.45,87.6,111.54,95.02,89.81,80.88,99.28,,97.26,151.75,95.65,137.85,109.05,90.5,128.3,83.31,116.23,119.8,98.48,85.11,87.03,,91.66,116.87,,,119.44,107.3,99.81,100.43,78.37,,66.63,90.32,125.76,109.1,145.99,124.46,185.39,112.93,104.97,86.64,97.72,71.17,112.75,66.93,148.4,189.45,142.1
2026-01-07,102.38,86.25,111.64,94.88,89.72,81.06,99.38,,96.96,151.64,95.31,137.76,108.81,90.47,128.08,83.25,115.99,119.92,98.31,84.93,86.81,,91.74,116.85,,,119.47,107.92,99.55,100.5,78.26,,66.5,90.23,125.81,109.04,145.86,124.53,185.33,112.7,104.83,86.42,97.71,71.12,112.41,66.97,148.6,189.49,142.17
2026-01-08,102.36,86.84,111.86,94.9,89.83,81.3,99.35,,97.25,151.59,95.34,137.85,108.68,90.48,128.26,82.85,115.99,119.97,98.29,85.49,86.64,,91.81,116.93,,,119.54,108.01,99.77,100.47,78.18,,66.53,90.17,125.78,108.91,145.68,124.5,185.07,112.84,104.83,86.37,97.74,71.04,112.07,67.08,148.81,189.35,142.62
2026-01-09,102.37,89.02,112.08,95.03,89.96,81.54,99.44,,97.77,151.15,95.54,137.59,108.73,90.53,128.79,82.55,116.11,120.09,98.17,86.04,86.49,,91.83,117.02,,,119.77,108.11,99.84,100.48,78.1,,66.58,90.19,125.79,108.85,145.62,124.57,184.86,112.87,104.7,86.23,97.71,71.01,112.08,67.14,148.88,189.33,143.11
2026-01-10,102.47,91.39,112.29,95.26,90.34,81.88,99.59,,98.39,150.85,95.87,137.51,108.94,90.62,129.45,82.36,116.37,120.31,98.07,86.48,86.55,,91.88,117.32,,,120.2,108.4,100.16,100.66,78.19,,66.72,90.43,125.97,108.92,145.71,124.67,184.75,113.15,104.7,86.14,97.8,71.06,112.22,67.3,149.35,189.34,143.82
2026-01-11,102.65,94.73,112.48,95.55,90.76,82.28,99.85,,98.99,150.58,96.28,137.61,109.21,90.78,130.34,82.35,116.67,120.57,98.14,87.04,86.67,,91.97,117.65,,,120.71,108.97,100.69,100.81,78.43,,66.85,90.75,126.32,109.16,145.99,125.11,184.77,113.55,104.75,86.16,97.9,71.18,112.49,67.53,149.76,189.41,144.46
2026-01-12,102.69,98.18,112.51,95.7,91.05,82.45,99.96,,99.49,150.28,96.59,137.62,109.33,90.82,130.95,82.23,116.82,120.72,98.12,87.59,86.67,,91.93,117.82,,,120.93,109.26,100.9,100.83,78.57,,66.87,91.0,126.33,109.21,146.23,125.35,184.49,113.76,104.64,86.01,97.94,71.15,112.62,67.64,150.07,189.53,144.97
2026-01-13,102.78,100.52,112.47,95.91,91.26,82.57,100.18,,100.06,149.98,96.96,137.65,109.5,90.93,131.53,82.13,116.99,120.96,98.41,87.63,86.69,,91.84,117.98,,,121.22,109.07,101.13,100.88,78.75,,66.84,91.27,126.35,109.23,146.57,125.65,184.52,113.95,104.59,86.05,97.96,71.23,112.78,67.77,150.21,189.89,145.56
2026-01-14,102.84,102.49,112.4,96.04,91.43,82.62,100.4,,100.59,149.76,97.27,137.67,109.62,91.14,132.03,82.07,117.16,121.0,98.69,87.82,86.69,,91.81,118.03,,,121.51,108.71,101.36,100.88,78.99,,66.79,91.36,126.24,109.14,146.37,125.96,184.5,114.14,104.49,86.2,98.01,71.32,112.94,67.81,150.26,189.93,146.3
2026-01-15,102.98,104.05,112.25,96.2,91.65,82.7,100.64,,101.21,149.58,97.63,137.77,109.83,91.45,132.57,82.08,117.41,121.19,98.98,87.96,86.89,,91.82,118.16,,,121.84,108.67,101.45,101.02,79.23,,66.75,91.48,126.16,109.1,146.31,126.37,184.48,114.3,104.48,86.4,98.03,71.45,113.19,67.97,150.47,190.15,146.88
2026-01-16,103.12,104.32,112.2,96.3,92.0,82.79,100.81,,101.71,149.62,97.91,138.34,109.9,91.62,133.13,82.22,117.62,121.36,99.34,88.05,87.14,,91.94,118.43,,,122.17,108.48,101.62,101.15,79.57,,66.74,91.62,126.04,109.02,146.22,126.63,184.65,114.46,104.72,86.63,98.14,71.64,113.44,68.18,150.93,189.93,147.47
2026-01-17,103.28,104.51,112.36,96.5,92.23,82.88,101.11,,102.18,149.83,98.2,138.95,109.96,91.97,133.87,82.36,117.82,121.58,99.66,88.08,87.51,,92.13,118.71,,,122.58,108.52,101.9,101.24,79.79,,66.76,91.85,125.94,108.89,146.16,126.99,184.87,114.66,105.03,86.85,98.23,71.86,113.89,68.4,151.26,189.84,147.84
2026-01-18,103.4,104.84,112.54,96.7,92.47,83.02,101.23,,102.68,150.06,98.46,139.59,110.04,92.23,134.43,82.47,117.99,121.83,99.88,88.02,87.89,,92.27,118.95,,,123.0,108.35,102.21,101.32,79.96,,66.92,92.12,125.82,108.73,146.01,127.17,185.08,114.89,105.34,86.96,98.32,72.03,114.1,68.52,151.64,189.72,148.16
2026-01-19,103.62,105.43,112.87,97.07,92.75,83.26,101.6,,103.34,150.32,98.87,140.34,110.26,92.54,134.98,82.58,118.23,122.2,100.17,88.06,88.43,,92.51,119.33,,,123.59,108.42,102.62,101.51,80.27,,67.17,92.39,125.91,108.71,145.9,127.4,185.45,115.26,105.82,87.17,98.43,72.29,114.41,68.69,152.12,189.59,148.4
2026-01-20,103.71,105.04,113.12,97.23,92.89,83.45,101.7,,103.68,150.44,99.04,140.91,110.35,92.73,135.45,82.63,118.3,122.42,100.27,88.18,88.83,,92.58,119.45,,,123.77,108.26,102.85,101.61,80.43,,67.26,92.54,125.8,108.64,145.68,127.33,185.36,115.48,106.07,87.18,98.47,72.4,114.59,68.74,152.75,189.01,148.46
2026-01-21,103.83,104.68,113.35,97.44,93.08,83.73,101.75,,103.95,150.44,99.23,141.4,110.48,92.9,135.8,82.66,118.37,122.69,100.37,88.27,89.11,,92.6,119.59,,,124.05,108.14,102.99,101.76,80.38,,67.4,92.72,125.75,108.63,145.79,127.43,185.4,115.68,106.33,87.28,98.52,72.4,114.83,68.83,153.42,188.75,148.46
2026-01-22,103.92,104.3,113.62,97.65,93.18,83.87,102.0,,104.3,150.42,99.41,141.79,110.57,93.06,135.99,82.77,118.44,122.87,100.45,88.29,89.32,,92.7,119.73,,,124.19,107.8,103.23,101.85,80.34,,67.61,92.86,125.75,108.6,145.94,127.6,185.49,115.98,106.51,87.35,98.53,72.44,115.07,68.85,153.53,188.5,148.41
2026-01-23,104.08,103.16,113.92,97.98,93.31,84.07,102.35,,104.67,150.51,99.67,141.83,110.78,93.21,136.45,82.71,118.56,123.04,100.56,88.41,89.46,,92.86,119.75,,,124.58,107.64,103.55,101.91,80.25,,67.78,93.11,125.94,108.75,146.16,127.99,185.55,116.36,106.66,87.48,98.59,72.45,115.36,68.92,153.65,188.82,148.4
2026-01-24,104.12,102.0,114.02,98.14,93.41,84.18,102.64,,104.9,150.17,99.77,141.68,110.85,93.18,136.53,82.72,118.53,123.13,100.6,88.48,89.41,,92.91,119.51,,,124.77,107.28,103.71,101.9,80.11,,67.96,93.16,125.94,108.79,146.19,128.17,185.4,116.66,106.64,87.63,98.61,72.47,115.41,68.95,153.64,188.67,148.52
2026-01-25,104.17,100.68,114.15,98.34,93.48,84.31,103.06,,105.0,149.75,99.86,141.38,110.93,93.23,136.66,82.67,118.49,123.23,100.64,88.64,89.36,,93.03,119.22,,,124.98,107.16,103.94,101.94,80.06,,67.91,93.18,126.05,108.87,146.23,128.36,185.18,116.9,106.61,87.89,98.64,72.51,115.64,69.06,153.58,188.71,148.34
2026-01-26,104.11,98.98,114.16,98.36,93.44,84.42,103.24,,104.8,149.2,99.77,140.88,110.87,93.15,136.86,82.62,118.36,123.17,100.59,88.71,89.17,,93.12,118.79,,,125.02,106.88,103.99,101.92,79.9,,67.82,93.1,125.97,108.95,146.26,128.49,184.9,117.01,106.41,87.93,98.62,72.42,115.75,69.12,153.43,188.57,148.24
2026-01-27,104.12,98.94,114.24,98.54,93.48,84.6,103.46,,104.65,148.73,99.85,140.08,110.92,93.13,136.86,82.53,118.37,123.1,100.59,88.85,89.06,,93.31,118.56,,,125.21,106.82,103.98,101.92,79.7,,67.87,93.03,126.03,109.04,146.24,128.89,184.71,117.08,106.3,88.01,98.66,72.41,116.04,69.22,152.99,188.63,148.04
2026-01-28,104.04,98.7,114.25,98.57,93.38,84.74,103.44,,104.55,148.29,99.83,139.12,110.88,93.02,136.77,82.4,118.21,123.11,100.47,88.91,88.98,,93.39,118.3,,,125.11,106.74,103.95,101.87,79.52,,67.91,92.87,126.03,109.18,146.35,128.88,184.42,117.12,106.18,87.9,98.6,72.39,116.19,69.3,152.52,188.83,147.58
2026-01-29,103.96,98.23,114.34,98.53,93.31,84.91,103.36,,104.25,147.88,99.73,138.12,110.77,92.83,136.69,82.05,117.99,123.24,100.43,88.99,88.93,,93.52,118.05,,,125.15,106.72,103.88,101.82,79.27,,67.85,92.84,126.06,109.28,146.41,129.07,184.22,116.99,106.06,87.74,98.55,72.34,116.29,69.31,152.41,188.87,147.08
2026-01-30,103.8,98.28,114.35,98.36,93.17,84.68,103.17,,103.78,147.52,99.52,137.29,110.55,92.66,136.09,82.2,117.71,123.27,100.32,89.0,88.85,,93.68,117.78,,,124.76,106.72,103.73,101.72,79.02,,67.73,92.67,125.93,109.17,146.39,128.9,183.92,116.78,105.95,87.39,98.4,72.34,116.18,69.32,152.2,188.58,146.41
2026-01-31,103.72,98.31,114.47,98.27,93.07,84.45,102.95,,103.42,147.47,99.45,136.52,110.49,92.6,135.69,82.31,117.75,123.37,100.29,89.11,88.84,,93.85,117.65,,,124.43,106.84,103.55,101.64,78.77,,67.62,92.58,125.95,109.21,146.57,128.74,183.86,116.6,105.97,87.06,98.27,72.39,116.08,69.39,152.16,188.59,145.7
2026-02-01,103.63,97.87,114.6,98.11,92.93,84.17,102.61,,103.11,147.41,99.32,135.8,110.43,92.49,135.22,82.58,117.82,123.37,100.23,89.01,88.81,,93.93,117.6,,,124.06,106.79,103.33,101.57,78.43,,67.61,92.49,125.88,109.27,146.68,128.67,183.78,116.42,105.95,86.64,98.14,72.41,115.93,69.43,152.16,188.47,145.39
2026-02-02,103.65,97.74,114.89,98.14,92.98,83.85,102.44,,102.97,147.46,99.3,135.19,110.41,92.46,134.78,82.92,117.73,123.53,100.3,89.05,88.84,,94.04,117.64,,,123.79,106.97,103.26,101.44,78.06,,67.57,92.46,125.91,109.21,146.7,128.46,183.82,116.31,105.98,86.49,98.01,72.46,115.92,69.56,152.11,188.51,145.15
2026-02-03,103.61,97.11,115.08,98.04,92.97,83.65,102.3,,103.03,147.44,99.19,134.88,110.32,92.39,134.56,83.18,117.67,123.62,100.22,88.94,88.83,,94.07,117.58,,,123.56,107.27,103.22,101.26,77.77,,67.52,92.51,125.84,109.11,146.85,127.7,183.92,116.19,105.93,86.2,97.9,72.46,115.79,69.67,151.92,188.48,145.04
2026-02-04,103.57,96.74,115.24,97.96,92.92,83.62,102.37,,102.97,147.43,99.18,134.66,110.23,92.32,134.54,83.4,117.7,123.52,100.21,88.94,88.84,,94.17,117.5,,,123.46,107.53,103.22,101.09,77.48,,67.34,92.61,125.85,109.01,147.03,127.16,184.0,116.13,105.88,85.98,97.82,72.5,115.69,69.74,151.72,188.26,145.32
2026-02-05,103.47,96.73,115.28,97.84,92.87,83.6,102.18,,103.05,147.27,99.15,134.51,110.17,92.26,134.13,83.76,117.73,123.35,100.05,88.95,88.77,,94.07,117.36,,,123.25,107.7,103.12,100.9,77.16,,67.27,92.47,125.67,108.78,147.08,126.21,183.51,116.06,105.72,85.72,97.69,72.44,115.49,69.74,151.66,187.86,145.62
2026-02-06,103.64,97.02,115.57,97.99,93.02,84.08,102.44,,103.38,147.34,99.57,134.58,110.41,92.44,133.99,83.76,117.97,123.43,100.12,89.13,89.08,,94.34,117.49,,,123.41,108.77,103.5,100.97,77.1,,67.35,92.61,125.78,108.88,147.3,126.12,183.5,116.44,105.84,85.87,97.74,72.62,115.83,69.91,151.87,187.95,146.19
2026-02-07,103.71,97.14,115.78,98.07,93.19,84.57,102.64,,103.7,147.31,99.76,134.59,110.54,92.38,133.74,83.54,118.02,123.46,100.16,89.32,89.29,,94.48,117.58,,,123.45,109.11,103.73,100.94,77.05,,67.3,92.62,125.71,108.84,147.35,125.47,183.2,116.63,105.88,85.77,97.74,72.69,115.9,69.88,151.91,187.95,146.36
2026-02-08,103.79,97.72,115.9,98.17,93.41,85.05,102.98,,104.06,147.34,100.08,134.61,110.69,92.36,133.42,83.17,118.03,123.53,100.32,89.61,89.48,,94.69,117.65,,,123.53,109.57,103.91,100.85,77.02,,67.3,92.66,125.66,108.82,147.48,124.42,182.86,116.84,105.95,85.72,97.75,72.81,116.03,69.91,151.92,188.04,146.32
2026-02-09,103.86,98.57,115.95,98.21,93.52,85.56,103.26,,104.47,147.35,100.36,134.61,110.9,92.35,133.2,82.79,118.28,123.55,100.36,89.76,89.64,,94.86,117.74,,,123.65,109.92,104.08,100.85,77.04,,67.37,92.76,125.52,108.82,147.72,123.53,182.53,117.07,106.01,85.59,97.89,72.95,116.11,69.89,151.95,188.04,146.44
2026-02-10,104.01,99.47,116.13,98.3,93.7,85.86,103.52,,104.72,147.34,100.73,134.81,111.1,92.4,132.84,82.2,118.48,123.59,100.53,90.09,89.83,,95.06,117.85,,,123.74,109.69,104.27,101.09,77.01,,67.43,92.74,125.46,108.86,148.1,123.03,182.24,117.4,106.2,85.59,98.03,73.15,116.23,69.92,152.01,188.19,146.84
2026-02-11,104.14,100.42,116.23,98.42,93.9,85.89,103.66,,104.94,147.19,101.07,134.86,111.25,92.49,132.33,81.63,118.61,123.63,100.73,90.34,90.02,,95.19,117.95,,,123.78,109.42,104.35,101.15,76.91,,67.52,92.66,125.28,108.8,148.34,122.45,181.99,117.62,106.26,85.61,98.15,73.23,116.25,69.9,151.97,188.16,146.94
2026-02-12,104.45,101.24,116.43,98.82,94.22,85.93,104.08,,105.3,147.33,101.61,135.05,111.57,92.72,132.18,81.24,118.87,123.88,101.03,90.7,90.33,,95.68,118.21,,,123.9,109.46,104.62,101.25,76.96,,67.49,92.82,125.4,109.11,149.28,122.63,182.48,117.96,106.58,85.73,98.37,73.62,116.52,70.21,152.01,188.64,147.25
2026-02-13,104.54,101.59,116.36,98.99,94.39,85.83,104.2,,105.55,147.22,101.79,135.18,111.72,92.81,131.83,80.83,118.98,124.09,101.18,90.79,90.35,,95.71,118.23,,,123.76,108.64,104.59,101.25,76.76,,67.42,92.76,125.28,109.15,150.15,122.14,182.67,117.97,106.64,85.61,98.45,73.7,116.32,70.27,151.94,189.01,147.46
2026-02-14,104.69,101.95,116.39,99.21,94.51,85.84,104.28,,105.79,147.21,102.2,135.42,111.94,92.97,131.48,80.55,119.09,124.53,101.35,90.88,90.44,,95.87,118.38,,,123.8,108.52,104.81,101.31,76.59,,67.44,92.81,125.27,109.23,150.67,122.39,182.91,118.16,106.78,85.71,98.57,73.84,116.4,70.33,151.92,189.44,147.98
2026-02-15,104.9,102.74,116.48,99.47,94.64,86.01,104.43,,106.0,147.21,102.57,135.68,112.14,93.18,131.4,80.28,119.24,125.09,101.44,91.04,90.6,,96.09,118.6,,,123.89,108.28,105.0,101.53,76.54,,67.52,92.86,125.3,109.29,151.13,123.07,183.09,118.44,106.96,85.81,98.81,74.08,116.44,70.39,151.84,189.89,148.53
2026-02-16,105.09,103.22,116.54,99.71,94.82,86.26,104.42,,106.18,147.21,102.91,135.97,112.28,93.36,131.21,79.91,119.36,125.79,101.69,91.17,90.77,,96.3,118.78,,,123.92,108.05,105.2,101.72,76.47,,67.52,92.79,125.35,109.37,151.6,123.87,183.32,118.65,107.18,85.89,98.91,74.32,116.45,70.45,151.79,190.31,148.97
2026-02-17,105.11,103.17,116.36,99.79,94.84,86.51,104.25,,106.21,147.18,103.03,136.09,112.3,93.41,131.0,79.8,119.33,126.39,101.75,91.15,90.76,,96.55,118.89,,,123.69,108.05,105.28,101.56,76.39,,67.48,92.67,125.35,109.32,151.57,124.49,183.29,118.71,107.22,86.11,98.95,74.39,116.26,70.43,151.66,190.45,149.09
2026-02-18,105.21,103.16,116.47,99.97,95.17,86.83,104.35,,106.4,147.54,103.36,136.51,112.54,93.55,130.95,79.76,119.48,127.35,101.77,91.31,90.85,,96.91,119.21,,,123.56,108.51,105.48,101.57,76.44,,67.3,92.88,125.5,109.47,151.8,125.37,183.33,118.91,107.37,86.24,98.99,74.73,116.34,70.54,151.72,190.97,149.5
2026-02-19,105.2,103.16,116.66,99.87,95.22,87.21,104.32,,106.33,147.69,103.4,136.71,112.54,93.47,130.74,79.57,119.41,127.94,101.76,91.32,90.78,,96.95,119.25,,,123.44,108.62,105.66,101.55,76.34,,67.3,92.82,125.43,109.33,151.34,125.74,182.94,118.81,107.33,86.35,98.95,74.82,116.14,70.47,151.65,191.09,149.74
2026-02-20,105.27,103.45,117.01,99.95,95.35,87.51,104.46,,106.4,147.96,103.56,136.9,112.61,93.44,130.66,79.55,119.41,128.42,101.74,91.65,90.94,,97.16,119.43,,,123.51,108.75,105.92,101.52,76.38,,67.26,93.02,125.48,109.37,150.95,126.28,182.61,118.89,107.44,86.5,99.07,75.06,116.14,70.51,151.61,191.24,149.9
2026-02-21,105.32,104.19,117.2,99.99,95.42,87.67,104.55,,106.44,148.07,103.63,136.93,112.64,93.45,130.43,79.25,119.38,128.73,101.69,91.92,91.04,,97.31,119.51,,,123.41,108.61,106.01,101.56,76.4,,67.24,93.16,125.51,109.37,150.85,126.65,182.65,118.82,107.51,86.67,99.18,75.19,116.15,70.68,151.46,191.25,149.97
2026-02-22,105.31,104.34,117.43,99.95,95.39,87.65,104.52,,106.42,148.12,103.63,136.95,112.56,93.29,129.98,78.94,119.28,128.99,101.57,92.1,91.19,,97.44,119.49,,,123.2,108.58,106.13,101.54,76.36,,67.08,93.27,125.54,109.35,150.71,126.84,182.8,118.65,107.43,86.8,99.2,75.21,116.11,70.8,151.48,191.22,149.98
2026-02-23,105.16,104.15,117.52,99.75,95.25,87.39,104.28,,106.21,148.07,103.49,136.8,112.33,93.03,129.49,78.61,119.08,128.93,101.17,92.23,91.19,,97.41,119.35,,,122.95,108.42,106.16,101.48,76.24,,66.96,93.34,125.42,109.14,150.29,126.9,182.44,118.38,107.27,86.93,99.24,75.13,115.79,70.85,151.42,190.77,149.81
2026-02-24,105.2,104.58,117.91,99.76,95.31,87.09,104.24,,106.2,148.19,103.58,136.8,112.25,92.96,129.15,78.48,119.11,129.08,100.96,92.52,91.43,,97.4,119.41,,,123.02,108.82,106.29,101.6,76.21,,66.9,93.55,125.38,108.95,150.34,126.77,182.47,118.33,107.3,86.95,99.26,75.23,115.9,70.88,151.4,190.69,149.71
2026-02-25,105.25,104.74,118.11,99.65,95.09,86.89,104.14,,106.08,148.05,103.46,136.7,112.09,92.87,128.66,78.38,119.26,128.99,100.74,92.61,91.5,,97.4,119.32,,,123.09,108.73,106.29,101.8,76.13,,66.87,93.51,125.29,108.73,150.0,126.5,182.74,118.16,107.3,87.18,99.29,75.21,115.78,70.91,151.25,190.48,152.77
2026-02-26,105.4,104.89,118.32,99.68,95.13,86.85,104.09,,106.11,148.05,103.58,136.66,112.17,92.92,128.38,78.43,119.52,129.21,100.59,92.84,91.67,,97.58,119.5,,,123.18,108.78,106.49,102.05,76.16,,66.85,93.76,125.34,108.66,149.86,126.24,183.27,118.37,107.44,87.43,99.43,75.23,115.93,70.99,151.27,190.46,155.72
2026-02-27,105.45,104.78,118.4,99.53,95.07,86.96,103.78,,105.97,147.96,103.55,136.57,112.15,92.84,128.11,78.28,119.8,129.4,100.43,92.9,91.69,,97.69,119.58,,,123.18,108.83,106.58,102.24,76.12,,66.83,93.83,125.32,108.48,149.6,125.84,183.74,118.44,107.42,87.71,99.44,75.14,115.96,70.97,151.2,190.31,158.67
2026-02-28,105.45,104.35,118.47,99.33,94.92,87.08,103.49,,105.76,147.53,103.49,136.47,112.0,92.73,128.02,78.45,120.15,129.41,100.25,92.99,91.69,,97.69,119.59,,,123.2,109.0,106.72,102.3,76.02,,66.6,93.8,125.28,108.28,149.27,125.17,183.86,118.48,107.29,87.92,99.33,75.09,115.94,70.86,151.1,190.13,
2026-03-01,105.39,103.38,118.58,99.25,94.83,87.13,103.1,,105.63,147.29,103.36,136.38,111.88,92.71,128.06,78.83,120.58,129.38,100.13,93.15,91.57,,97.54,119.7,,,123.18,109.48,106.81,102.18,75.9,,66.6,93.9,125.24,108.09,148.95,124.32,184.11,118.47,107.22,88.1,99.16,75.12,115.98,70.71,150.86,190.03,
2026-03-02,105.48,102.38,118.83,99.42,94.84,87.44,103.2,,105.68,147.03,103.4,136.0,111.98,92.8,128.0,79.17,121.03,129.57,100.11,93.14,91.64,,97.7,119.78,,,123.37,110.06,107.03,102.16,75.92,,66.61,94.07,125.2,107.88,148.74,123.51,184.61,118.67,107.3,88.47,99.02,75.25,116.29,70.7,150.65,189.87,
2026-03-03,105.36,101.28,118.74,99.29,94.6,87.48,103.17,,105.65,146.46,103.24,135.37,111.9,92.62,127.95,79.45,121.29,129.54,99.97,92.98,91.4,,97.64,119.54,,,123.26,110.23,106.96,101.83,75.69,,66.43,93.91,125.05,107.64,148.34,122.86,184.83,118.51,107.05,88.61,98.79,75.16,116.12,70.64,150.38,189.72,
2026-03-04,105.41,100.63,118.85,99.45,94.45,87.74,103.25,,105.81,146.12,103.37,134.8,112.03,92.5,128.1,79.79,121.51,129.71,99.99,92.91,91.42,,97.71,119.51,,,123.32,110.73,107.25,101.8,75.62,,66.57,94.03,125.15,107.64,148.4,122.58,185.04,118.65,107.07,88.6,98.64,75.21,116.34,70.63,150.34,189.71,
2026-03-05,105.38,100.2,118.76,99.54,94.25,87.83,103.32,,105.84,145.68,103.43,134.34,112.01,92.33,128.04,79.91,121.71,129.74,99.95,92.62,91.47,,97.79,119.53,,,123.34,111.07,107.25,101.62,75.49,,66.7,94.02,125.14,107.5,148.37,122.21,185.11,118.69,107.05,88.59,98.42,75.3,116.36,70.56,150.0,189.7,
2026-03-06,105.3,99.91,118.68,99.68,94.11,87.77,103.4,,105.82,145.11,103.47,133.68,111.94,92.26,127.28,80.03,121.75,129.77,99.83,92.38,91.44,,97.83,119.33,,,123.31,111.42,107.16,101.37,75.25,,66.83,93.97,125.12,107.35,148.36,121.97,185.05,118.64,106.98,88.61,98.19,75.41,116.34,70.58,149.6,189.45,
2026-03-07,105.18,99.28,118.66,99.75,93.89,87.66,103.31,,105.72,144.82,103.46,132.95,111.9,92.16,126.53,80.02,121.71,129.88,99.66,92.19,91.44,,97.93,119.16,,,123.29,111.66,106.79,101.1,75.12,,66.99,93.92,125.13,107.22,148.34,121.53,185.06,118.65,106.96,88.47,98.0,75.49,116.25,70.67,149.25,189.12,
2026-03-08,105.09,99.4,118.52,99.77,93.71,87.49,103.25,,105.43,144.49,103.52,132.12,111.93,92.07,125.58,79.72,121.6,129.93,99.44,91.99,91.46,,98.13,118.92,,,123.21,111.56,106.58,100.95,74.97,,67.0,93.78,125.17,107.09,148.29,122.21,184.89,118.62,106.97,88.46,97.76,75.58,116.17,70.79,148.9,188.79,
2026-03-09,104.99,100.2,118.36,99.64,93.5,87.28,103.27,,105.03,144.25,103.46,131.69,111.83,91.9,125.32,79.58,121.5,129.94,99.24,91.91,91.42,,98.36,118.74,,,123.18,111.57,106.25,100.79,74.85,,67.05,93.52,125.24,107.04,148.09,122.79,185.02,118.48,106.95,88.21,97.6,75.72,115.93,71.03,148.67,188.74,
2026-03-10,105.11,101.02,118.38,99.87,93.5,87.39,103.39,,104.61,144.12,103.67,131.44,111.94,91.88,125.28,79.2,121.71,130.1,99.15,91.97,91.77,,98.83,118.88,,,123.4,111.79,106.41,100.88,75.02,,67.17,93.71,125.54,107.18,148.2,123.62,185.22,118.64,107.33,88.32,97.59,76.02,116.15,71.38,148.61,188.69,
2026-03-11,104.94,101.17,118.2,99.54,93.19,87.1,103.14,,103.66,143.49,103.28,130.78,111.42,91.63,124.64,78.47,121.56,129.61,99.28,91.52,91.68,,98.72,118.46,,,123.0,111.39,106.14,100.98,74.86,,66.93,93.25,125.2,106.71,147.14,123.88,184.79,118.1,107.11,88.44,97.37,76.03,115.83,71.48,148.03,187.66,
2026-03-12,104.61,101.2,118.16,99.18,92.82,86.72,102.75,,102.67,142.95,102.76,129.77,110.89,91.41,124.09,77.97,121.42,129.33,98.77,91.12,91.47,,98.78,117.84,,,122.64,111.26,105.9,100.81,74.69,,66.59,92.96,124.88,106.32,146.15,124.15,184.47,117.53,106.9,88.5,97.25,76.07,115.5,71.47,147.66,186.6,
2026-03-13,104.43,101.15,118.25,98.94,92.47,86.55,102.46,,101.76,142.64,102.45,128.91,110.46,91.31,124.17,77.55,121.43,129.04,98.44,91.04,91.4,,98.82,117.44,,,122.4,111.12,105.83,100.94,74.69,,66.27,92.83,124.75,106.15,145.26,124.35,184.25,117.12,106.77,88.48,97.21,76.11,115.31,71.44,147.44,185.82,
2026-03-14,104.3,101.42,118.35,98.77,92.29,86.45,102.39,,100.87,142.45,102.12,128.12,110.01,91.19,124.19,77.19,121.44,128.78,98.31,90.86,91.33,,98.94,116.99,,,122.15,111.08,105.98,101.13,74.67,,65.98,92.69,124.6,105.96,144.41,125.1,184.19,116.65,106.69,88.61,97.22,76.25,115.09,71.45,147.31,185.14,
2026-03-15,104.08,101.9,118.3,98.46,92.03,86.42,102.2,,100.14,142.13,101.7,127.34,109.47,90.95,124.39,76.87,121.4,128.53,97.97,90.59,91.19,,99.04,116.44,,,121.95,110.87,105.9,101.17,74.63,,65.58,92.38,124.28,105.61,143.43,124.93,183.71,116.23,106.56,88.6,97.2,76.2,114.74,71.4,147.17,184.21,
2026-03-16,104.06,102.4,118.56,98.49,91.92,86.55,102.14,,99.54,142.0,101.59,126.76,109.2,90.97,124.25,76.62,121.63,128.53,97.85,90.55,91.32,,99.2,116.19,,,121.81,110.7,106.11,101.34,74.71,,65.44,92.48,124.26,105.56,142.79,125.09,183.57,116.12,106.58,88.67,97.09,76.33,114.81,71.34,147.29,183.77,
2026-03-17,103.56,101.79,118.46,98.02,91.65,86.37,101.61,,98.78,141.49,100.85,126.0,108.34,90.69,123.48,76.46,121.34,127.92,97.34,90.1,90.9,,98.93,115.42,,,121.31,109.95,105.56,101.23,74.53,,64.96,91.95,123.63,105.02,141.36,124.78,182.91,115.39,106.13,88.36,96.73,76.15,114.13,70.95,146.91,182.53,
2026-03-18,103.37,101.61,118.53,97.96,91.7,86.52,101.5,,98.36,141.51,100.62,125.78,108.23,90.73,123.23,76.67,121.24,127.94,96.72,90.24,91.0,,99.33,115.21,,,121.47,109.9,105.57,101.0,74.69,,64.73,92.11,123.71,105.1,141.19,124.86,182.79,115.45,106.27,88.36,96.79,76.43,113.91,70.94,147.11,182.53,
2026-03-19,103.27,101.3,118.45,97.94,91.74,86.7,101.49,,97.94,141.46,100.42,125.7,108.05,90.8,122.9,76.77,121.09,127.77,96.75,90.34,91.11,,99.52,115.08,,,121.52,109.72,105.54,101.1,74.8,,64.46,92.11,123.75,105.12,140.86,124.98,182.59,115.48,106.36,88.36,96.79,76.63,113.9,71.15,147.23,182.49,
2026-03-20,103.18,100.96,118.25,97.91,91.88,86.87,101.56,,97.5,141.46,100.11,125.6,107.85,90.71,122.72,76.8,121.04,127.63,96.67,90.27,91.17,,99.77,114.99,,,121.43,109.5,105.47,101.11,74.92,,64.23,91.97,123.57,105.0,140.54,125.3,182.33,115.42,106.56,88.5,96.73,76.91,113.89,71.44,147.27,182.39,
2026-03-21,102.99,100.45,118.08,97.75,91.86,86.9,101.57,,96.93,141.37,99.7,125.42,107.54,90.58,,76.7,121.01,127.33,96.4,90.28,91.17,,99.81,114.86,,,121.23,109.03,105.24,100.94,74.9,,63.98,91.58,123.25,104.73,139.96,125.37,181.74,115.26,106.61,88.54,96.61,77.02,113.79,71.67,,,
2026-03-22,102.92,99.64,118.08,97.64,91.89,87.05,101.68,,96.33,141.35,99.39,125.25,107.3,90.69,,76.64,121.08,127.05,96.35,90.26,91.27,,99.89,114.84,,,121.02,108.75,105.1,100.88,74.91,,63.79,91.37,123.13,104.65,139.65,125.66,181.58,115.18,106.73,88.7,96.58,77.28,113.74,71.96,,,
2026-03-23,102.72,98.6,117.9,97.37,91.84,87.07,101.6,,95.71,141.3,99.02,125.0,106.98,90.64,,76.45,121.37,126.65,96.16,90.21,91.27,,99.85,114.73,,,120.75,108.4,104.92,100.75,74.86,,63.46,91.03,122.93,104.47,139.25,125.83,181.13,114.97,106.76,88.85,96.61,77.4,113.56,72.15,,,
2026-03-24,102.65,98.31,117.65,97.23,91.68,87.08,101.64,,95.35,141.45,98.94,124.34,106.88,90.55,,76.05,121.79,126.31,96.1,90.24,91.29,,99.83,114.75,,,120.48,108.31,104.88,100.55,74.67,,63.39,90.9,122.81,104.37,138.87,126.09,180.92,114.82,106.85,88.93,96.49,77.49,113.7,72.42,,,
2026-03-25,102.54,98.31,117.48,97.09,91.45,86.94,101.74,,94.99,141.6,98.9,123.64,106.63,90.37,,75.64,122.37,125.99,95.92,90.13,91.22,,99.64,114.77,,,120.13,108.19,104.87,100.36,74.55,,63.32,90.79,122.76,104.23,138.55,126.61,181.0,114.69,106.81,88.8,96.36,77.48,113.77,72.68,,,
2026-03-26,102.5,98.53,117.42,96.98,91.3,86.96,101.89,,94.63,141.68,98.98,123.07,106.45,90.06,,75.11,123.05,125.88,95.83,90.13,91.24,,99.57,114.79,,,119.81,108.08,105.02,100.22,74.57,,63.33,90.67,122.75,104.16,138.35,127.04,181.25,114.58,106.81,88.81,96.2,77.64,113.03,72.84,,,
2026-03-27,102.28,98.88,116.64,96.63,90.81,86.7,101.69,,94.24,141.33,98.97,122.38,106.04,89.81,,74.84,123.44,125.41,95.7,89.94,91.03,,99.25,114.66,,,119.4,107.74,104.86,99.9,74.34,,63.12,90.28,122.55,103.83,137.68,127.16,181.39,114.22,106.53,88.54,96.03,77.55,112.64,72.76,,,
2026-03-28,102.22,99.33,114.78,96.02,90.51,86.63,101.62,,94.06,141.18,99.18,121.92,105.9,89.76,,74.68,123.92,125.39,95.67,89.69,91.08,,99.21,114.71,,,119.21,107.62,104.91,99.87,74.28,,63.05,90.37,122.68,103.89,137.4,127.8,182.0,114.18,106.5,88.39,95.9,77.78,112.63,72.76,,,
2026-03-29,102.11,99.76,112.9,95.46,90.21,86.52,101.72,,93.94,140.97,99.44,121.57,105.74,89.57,,74.61,124.36,125.35,95.65,89.51,91.05,,99.15,114.76,,,119.05,107.48,104.94,99.81,74.23,,62.98,90.4,122.73,103.89,137.02,128.31,182.55,114.1,106.41,88.16,95.69,77.99,112.63,72.75,,,
2026-03-30,102.1,100.43,111.14,94.98,89.94,86.47,101.86,,93.88,140.76,99.65,121.28,105.66,89.53,,74.47,124.3,125.42,95.68,89.34,91.06,,99.12,114.82,,,118.95,107.44,105.03,99.79,74.24,,62.96,90.53,122.77,103.95,136.74,128.85,183.11,114.07,106.37,87.91,95.43,78.23,112.73,72.8,,,
2026-03-31,102.24,101.0,109.71,94.65,89.68,86.49,101.98,,93.77,140.55,99.98,121.47,105.71,89.7,,74.73,124.36,125.71,95.95,89.37,91.22,,99.26,115.0,,,119.05,107.37,105.38,99.94,74.38,,62.96,90.69,123.01,104.25,136.86,129.57,183.77,114.35,106.48,87.86,95.42,78.52,112.83,72.88,,,
2026-04-01,102.24,100.6,107.66,94.21,89.39,86.54,101.84,,93.54,140.41,100.25,121.5,105.65,89.78,,75.22,124.32,125.88,96.27,89.39,91.24,,99.37,114.99,,,119.02,107.25,105.53,99.98,74.32,,63.0,90.63,122.8,104.24,136.4,129.94,183.8,114.38,106.53,87.97,95.04,78.71,112.87,72.77,,,
2026-04-02,102.11,100.41,105.47,93.57,88.93,86.31,101.7,,93.26,140.22,100.22,121.39,105.42,89.81,,75.71,123.89,125.7,96.46,89.32,91.07,,99.15,114.88,,,119.06,107.1,105.5,99.89,74.07,,62.88,90.47,122.49,104.1,135.68,130.07,183.57,114.23,106.35,87.88,94.63,78.57,113.43,72.54,,,
2026-04-03,102.24,100.52,104.13,93.34,88.62,86.41,101.91,,93.08,140.47,100.55,121.63,105.54,89.95,,75.96,123.69,126.02,96.81,89.28,91.28,,99.33,115.13,,,119.48,107.41,105.96,99.99,74.13,,63.03,90.99,122.77,104.45,135.66,130.73,183.76,114.54,106.41,88.11,94.31,78.74,113.83,72.5,,,
2026-04-04,102.29,100.02,103.75,93.38,88.17,86.33,101.81,,92.78,140.53,100.69,121.69,105.45,89.97,,76.19,123.32,125.92,97.12,89.2,91.15,,99.23,115.09,,,119.69,107.55,106.16,100.03,74.1,,63.11,91.1,122.75,104.48,135.5,130.86,183.45,114.61,106.25,88.28,93.93,78.54,113.86,72.33,,,
2026-04-05,102.4,99.47,103.37,93.42,87.7,86.21,101.51,,92.41,140.52,100.82,121.74,105.38,90.02,,76.33,122.92,125.76,97.41,89.15,91.03,,99.12,115.07,,,119.9,107.45,106.39,99.99,74.05,,63.18,91.26,122.69,104.52,135.29,131.01,183.11,114.66,106.17,88.53,93.59,78.34,113.9,72.19,,,
2026-04-06,102.42,98.63,103.22,93.36,87.16,86.1,101.15,,92.06,140.29,100.95,121.73,105.2,89.95,,76.61,122.73,125.43,97.54,88.99,90.85,,98.93,115.01,,,119.98,107.21,106.44,99.96,73.89,,63.11,91.22,122.51,104.44,134.88,131.02,182.62,114.54,106.03,88.96,93.52,78.09,113.86,71.97,,,
2026-04-07,102.52,97.66,103.13,93.28,86.9,86.03,101.04,,91.71,140.35,101.1,121.7,105.04,89.93,,76.7,122.53,125.26,97.61,88.99,90.76,,98.93,114.99,,,120.18,107.26,106.56,100.06,73.86,,62.99,91.42,122.58,104.47,134.56,131.23,182.47,114.45,105.97,89.54,93.54,78.04,113.95,71.92,,,
2026-04-08,102.54,97.46,103.39,93.12,86.62,85.74,101.05,,91.34,140.14,100.94,121.66,104.78,89.91,,76.29,122.18,124.96,97.51,88.93,90.6,,98.91,114.92,,,120.32,107.13,106.43,100.05,73.77,,62.82,91.36,122.54,104.46,134.32,131.42,182.73,114.26,105.84,89.78,93.69,77.9,113.8,71.87,,,
2026-04-09,102.94,97.53,103.76,93.22,86.45,85.53,101.09,,91.15,139.95,101.2,121.81,104.79,90.22,,76.08,122.36,124.87,98.26,89.11,90.76,,99.09,115.06,,,120.4,107.22,106.84,100.83,73.88,,62.75,91.56,122.73,104.64,134.46,132.04,183.36,114.26,106.03,90.47,93.89,77.94,114.02,71.98,,,
2026-04-10,102.96,96.9,104.08,92.95,86.44,85.17,101.2,,90.93,139.77,100.94,121.74,104.61,90.15,,75.7,122.49,124.91,98.13,89.19,90.71,,99.07,114.81,,,120.22,107.01,106.83,100.87,73.93,,62.43,91.24,122.36,104.46,134.3,131.92,183.65,113.97,106.21,90.73,93.89,77.8,113.75,72.2,,,
2026-04-11,102.99,97.52,102.86,92.8,86.48,84.9,101.55,,90.88,139.67,100.83,121.66,104.54,90.19,,75.54,122.47,124.88,98.0,89.28,90.82,,99.24,114.7,,,120.13,106.96,106.93,100.94,73.99,,62.23,91.19,122.13,104.39,134.24,131.96,184.19,113.83,106.48,91.02,93.98,77.82,113.69,72.41,,,
2026-04-12,103.04,98.41,101.7,92.65,86.6,84.63,101.98,,90.94,139.66,100.66,121.7,104.45,90.18,,75.45,122.49,124.92,97.95,89.36,90.94,,99.42,114.55,,,120.03,107.14,107.06,101.19,74.1,,62.06,91.16,122.01,104.37,134.3,132.0,184.68,113.71,106.67,91.3,94.12,77.85,113.65,72.63,,,
2026-04-13,102.91,99.12,100.11,92.33,86.68,84.16,102.23,,90.91,139.52,100.38,121.62,104.25,90.0,,75.18,122.33,124.79,97.84,89.32,90.88,,99.41,114.27,,,119.82,106.97,106.93,101.16,74.15,,61.87,91.02,121.81,104.21,134.42,131.82,185.31,113.51,106.7,91.29,93.95,77.77,113.39,72.71,,,
2026-04-14,102.91,100.35,98.45,92.15,86.73,83.75,102.5,,90.93,139.52,100.19,121.61,104.12,90.1,,75.21,122.27,124.81,98.04,89.18,90.76,,99.35,114.11,,,119.38,106.89,106.83,101.35,74.16,,61.6,90.82,121.52,104.01,134.81,131.54,185.61,113.38,106.72,91.52,93.82,77.63,113.33,72.83,,,
2026-04-15,102.97,101.79,96.89,92.23,87.0,83.59,102.75,,91.21,139.78,100.31,121.74,104.19,90.23,,75.34,122.39,125.06,98.08,89.12,90.81,,99.51,114.15,,,119.22,107.06,106.96,101.41,74.3,,61.65,91.02,121.69,104.09,135.26,131.57,185.88,113.44,106.91,91.51,93.81,77.69,113.69,73.08,,,
2026-04-16,102.81,102.49,95.37,92.24,87.26,83.4,102.84,,91.34,139.76,100.17,121.7,104.06,90.08,,75.46,122.36,125.2,97.69,89.0,90.58,,99.54,113.99,,,118.91,106.86,106.76,101.3,74.31,,61.58,90.89,121.51,103.95,135.4,131.21,185.78,113.34,106.92,91.1,93.73,77.61,113.78,73.2,,,
2026-04-17,102.74,103.33,93.82,92.39,87.42,82.96,102.68,,91.42,139.58,100.29,121.61,103.96,90.15,,75.57,122.32,125.19,97.52,88.84,90.44,,99.77,113.98,,,118.7,106.75,106.68,101.31,74.3,,61.69,90.92,121.59,103.91,135.5,131.15,185.72,113.37,106.9,90.85,93.66,77.62,114.06,73.14,,,
2026-04-18,102.73,103.54,93.89,92.56,87.7,82.56,102.59,,91.43,139.45,100.33,121.65,103.87,90.18,,75.76,122.57,125.43,97.45,88.72,90.32,,99.94,114.04,,,118.29,106.55,106.68,101.26,74.25,,61.69,90.87,121.6,103.86,135.61,131.24,185.55,113.33,106.84,90.59,93.71,77.59,114.24,73.18,,,
2026-04-19,102.7,103.66,94.02,92.79,87.96,82.17,102.53,,91.52,139.36,100.43,121.55,103.83,90.24,,75.9,122.77,125.68,97.3,88.65,90.2,,100.12,114.15,,,117.98,106.42,106.74,101.11,74.18,,61.71,90.77,121.61,103.76,135.67,131.33,185.47,113.36,106.89,90.32,93.8,77.52,114.54,73.21,,,
2026-04-20,102.75,103.89,94.15,93.11,88.28,81.92,102.7,,91.66,139.44,100.63,121.49,103.88,90.44,,76.14,123.03,125.98,97.23,88.73,90.17,,100.38,114.29,,,117.72,106.46,106.89,101.14,74.14,,61.75,90.74,121.55,103.76,135.57,131.59,185.17,113.48,107.01,90.11,94.0,77.54,114.94,73.38,,,
2026-04-21,102.84,103.78,94.52,93.66,88.67,82.0,102.94,,91.96,139.56,100.85,121.49,104.07,90.52,,76.3,123.45,126.5,96.96,88.87,90.44,,100.95,114.57,,,117.87,106.71,107.24,101.12,74.23,,62.12,90.88,121.78,103.95,135.54,132.01,184.99,113.77,107.33,89.85,94.24,77.66,115.38,73.67,,,
2026-04-22,102.97,103.33,94.94,93.99,88.86,82.17,103.26,,92.28,139.56,100.83,121.34,104.06,90.66,,76.41,123.74,126.91,96.84,88.86,90.7,,101.46,114.68,,,118.12,106.85,107.43,101.32,74.46,,62.38,90.76,121.85,103.97,135.45,132.26,185.11,113.9,107.57,89.93,94.44,77.73,115.52,73.99,,,
2026-04-23,102.89,102.98,94.97,94.26,88.7,82.06,103.46,,92.29,139.37,100.93,121.15,104.04,90.81,,76.52,123.83,126.92,96.29,88.77,90.78,,101.51,114.78,,,117.91,107.03,107.57,100.8,74.43,,62.48,90.82,122.14,104.09,135.33,132.68,184.85,114.09,107.53,90.09,94.44,77.81,115.53,73.93,,,
2026-04-24,102.92,102.79,94.82,94.52,88.54,82.29,103.61,,92.4,139.19,100.96,121.03,104.08,90.89,,76.9,123.91,126.65,96.28,88.81,90.84,,101.24,114.85,,,117.64,106.93,107.79,100.7,74.29,,62.53,90.85,122.39,104.16,135.31,133.04,184.61,114.11,107.37,90.35,94.45,77.64,115.49,73.72,,,
2026-04-25,102.81,102.34,94.65,94.6,88.27,82.36,103.49,,92.41,138.82,100.87,120.76,103.95,90.74,,76.9,123.72,126.4,96.11,88.67,90.79,,100.89,114.73,,,117.5,106.87,107.77,100.55,74.15,,62.48,90.77,122.37,103.98,135.04,133.05,184.29,114.03,107.14,90.54,94.25,77.53,115.37,73.38,,,
2026-04-26,102.71,101.74,94.48,94.64,88.05,82.72,103.52,,92.27,138.42,100.74,120.51,103.79,90.67,,77.08,123.64,126.21,95.95,88.35,90.8,,100.66,114.67,,,117.41,106.93,107.66,100.55,74.05,,62.42,90.73,122.34,103.83,134.76,133.11,184.04,113.91,106.89,90.72,94.06,77.58,115.13,73.21,,,
2026-04-27,102.73,101.35,94.35,94.69,87.9,83.03,103.55,,92.26,138.11,100.72,120.34,103.78,90.62,,77.35,123.76,126.11,95.88,88.08,90.91,,100.59,114.71,,,117.37,107.28,107.74,100.58,74.02,,62.42,90.87,122.56,103.86,134.88,133.41,184.05,113.92,106.75,90.9,93.84,77.58,115.13,73.07,,,
2026-04-28,102.54,100.77,94.04,94.44,87.63,82.99,103.35,,92.02,137.58,100.59,120.05,103.47,90.51,,77.46,123.52,125.81,95.75,87.65,90.83,,100.18,114.58,,,117.11,107.28,107.49,100.5,73.83,,62.3,90.56,122.42,103.58,134.55,133.46,183.8,113.64,106.36,90.87,93.55,77.48,114.76,72.78,,,
2026-04-29,102.38,100.65,93.76,94.36,87.47,82.98,103.18,,91.61,137.14,100.63,119.84,103.28,90.37,,77.65,123.41,125.61,95.67,87.34,90.76,,99.8,114.53,,,116.78,107.37,107.59,100.38,73.63,,62.02,90.44,122.31,103.32,134.41,133.54,183.05,113.57,105.98,90.71,93.25,77.42,114.51,72.4,,,
2026-04-30,102.4,100.74,93.85,94.33,87.82,83.22,103.2,,91.55,137.37,100.49,119.73,103.1,90.35,,77.89,123.37,126.23,95.66,87.01,91.07,,100.24,114.55,,,117.03,107.6,107.67,100.58,73.95,,61.91,90.32,121.96,103.04,134.28,133.53,182.61,113.58,106.02,90.69,93.15,77.56,114.42,72.6,,,
2026-05-01,102.5,100.35,94.37,94.26,88.22,83.42,103.36,,91.39,137.69,100.35,119.58,102.85,90.38,,78.32,123.38,127.03,95.63,86.6,91.3,,100.85,114.59,,,117.29,108.34,107.77,100.95,74.24,,61.77,90.12,121.71,102.82,134.11,133.61,182.17,113.63,106.11,90.79,93.26,77.79,114.61,72.95,,,
2026-05-02,102.58,100.06,94.88,94.26,88.69,83.79,103.37,,91.26,138.08,100.28,119.54,102.71,90.53,,78.84,123.49,127.57,95.62,86.17,91.52,,101.45,114.65,,,117.47,108.95,107.71,101.2,74.54,,61.98,89.88,121.56,102.68,133.95,133.74,181.73,113.76,106.26,90.76,93.23,77.91,114.59,73.34,,,
2026-05-03,102.63,99.83,95.3,94.26,89.12,83.87,103.35,,91.25,138.51,100.31,119.5,102.59,90.64,,79.22,123.49,128.16,95.57,85.96,91.66,,101.96,114.71,,,117.55,109.43,107.7,101.27,74.81,,62.22,89.69,121.45,102.56,133.98,133.85,181.32,113.94,106.39,90.84,93.19,78.02,114.54,73.61,,,
2026-05-04,102.63,99.2,95.82,94.31,89.59,83.91,103.48,,91.12,139.12,100.2,119.43,102.34,90.68,,79.52,123.41,128.81,95.41,85.71,91.75,,102.34,114.75,,,117.69,109.78,107.68,101.36,75.05,,62.48,89.4,121.36,102.33,133.8,133.93,180.83,114.04,106.48,90.94,93.18,78.27,114.21,73.87,,,
2026-05-05,102.76,99.35,96.3,94.51,90.16,84.13,103.91,,91.15,139.81,100.13,119.48,102.35,90.63,,79.95,123.52,129.38,95.37,85.78,92.0,,102.83,114.85,,,117.93,110.31,108.0,101.57,75.51,,62.68,89.56,121.46,102.35,134.02,134.19,180.7,114.39,106.76,91.15,93.29,78.43,114.41,74.24,,,
2026-05-06,102.73,99.44,96.63,94.52,90.49,84.12,103.96,,91.0,140.13,99.98,119.45,102.25,90.51,,80.24,123.09,129.69,95.18,85.77,92.15,,103.18,114.78,,,117.96,110.39,107.82,101.64,75.68,,62.74,89.56,121.33,102.29,134.08,133.75,180.37,114.57,106.94,91.27,93.15,78.5,114.32,74.43,,,
2026-05-07,102.64,98.9,96.95,94.52,90.61,84.23,103.9,,90.84,140.25,99.86,119.44,102.15,90.07,,80.39,122.69,129.83,95.0,85.64,92.24,,103.42,114.5,,,117.94,110.59,107.35,101.53,75.74,,62.89,89.62,121.21,102.24,134.18,133.35,180.25,114.75,107.06,90.89,92.95,78.48,113.78,74.6,,,
2026-05-08,102.41,98.86,96.88,94.46,90.65,84.34,103.82,,90.66,140.27,99.74,119.52,102.06,89.63,,80.16,122.26,129.71,94.86,85.7,92.23,,103.39,114.2,,,117.85,110.33,106.77,101.46,75.89,,63.01,89.71,120.91,102.06,134.19,132.75,180.2,114.87,107.11,90.36,92.73,78.39,113.11,74.66,,,
2026-05-09,102.34,99.38,96.89,94.53,90.69,84.29,104.15,,90.55,140.43,99.7,119.61,102.03,89.25,,79.94,121.88,129.87,94.76,85.99,92.38,,103.55,114.04,,,117.99,110.28,106.49,101.59,76.06,,63.0,90.02,120.86,102.11,134.44,132.45,180.42,115.07,107.19,89.98,92.8,78.48,112.82,74.85,,,
2026-05-10,102.19,99.6,96.91,94.5,90.45,84.34,104.24,,90.3,140.53,99.51,119.55,101.92,88.7,,79.69,121.51,129.38,94.68,86.16,92.5,,103.58,113.79,,,118.09,110.17,106.19,101.61,76.2,,62.9,90.15,120.65,102.05,134.41,132.06,180.44,115.19,107.16,89.43,92.8,78.39,112.44,74.77,,,
2026-05-11,102.14,100.52,96.94,94.59,90.37,84.62,104.31,,90.09,140.55,99.47,119.55,101.95,88.37,,79.62,121.06,129.35,94.75,86.31,92.78,,103.9,113.6,,,118.3,110.3,106.0,101.56,76.48,,62.78,90.51,120.42,102.03,134.71,131.7,180.6,115.42,107.29,88.98,92.86,78.33,112.31,74.94,,,
2026-05-12,101.98,101.04,97.02,94.57,90.18,84.66,104.08,,89.88,140.41,99.5,119.49,101.8,88.18,,79.46,120.54,129.14,94.82,86.3,92.8,,103.91,113.33,,,118.35,109.98,105.6,101.38,76.37,,62.67,90.77,120.12,101.81,134.67,131.36,180.2,115.49,107.17,88.45,92.9,78.57,111.82,74.8,,,
2026-05-13,101.82,101.05,96.92,94.51,90.04,84.69,104.02,,89.81,140.44,99.42,119.5,101.71,87.8,,79.36,120.45,129.08,94.84,86.22,92.64,,103.81,113.05,,,118.33,109.75,105.35,101.05,76.41,,62.63,90.86,119.69,101.69,134.67,131.4,180.32,115.44,106.97,87.93,92.85,78.56,111.23,74.63,,,
2026-05-14,101.67,101.56,96.74,94.41,89.93,84.64,104.01,,89.75,140.38,99.36,119.46,101.6,87.67,,79.31,120.28,128.75,94.86,86.22,92.39,,103.47,112.93,,,118.28,109.3,105.44,100.8,76.28,,62.65,90.72,119.38,101.53,134.74,131.55,180.33,115.35,106.69,87.9,92.95,78.44,111.02,74.31,,,
2026-05-15,101.6,102.35,96.75,94.4,89.84,84.53,103.98,,89.86,140.35,99.41,119.31,101.54,87.59,,79.42,119.96,128.71,94.87,86.11,92.23,,103.36,112.85,,,118.27,109.03,105.36,100.46,76.22,,62.68,90.63,119.13,101.46,134.84,131.63,179.98,115.35,106.54,87.81,92.88,78.42,110.73,74.06,,,
2026-05-16,101.55,102.78,96.72,94.42,89.67,84.53,103.78,,90.08,140.33,99.53,119.2,101.48,87.53,,79.64,119.67,128.7,94.87,85.94,92.04,,103.19,112.79,,,118.18,108.8,105.5,100.11,76.08,,62.65,90.6,119.07,101.43,134.96,131.94,179.84,115.45,106.47,87.74,92.81,78.47,110.45,73.75,,,
2026-05-17,101.68,103.51,96.73,94.6,89.97,84.55,103.79,,90.47,140.23,99.8,119.33,101.6,87.67,,79.97,119.57,129.3,94.93,85.87,91.92,,103.17,112.9,,,118.34,108.79,105.8,100.12,76.11,,62.74,90.71,119.05,101.53,135.28,132.26,179.89,115.65,106.51,87.82,92.92,78.56,110.4,73.76,,,
2026-05-18,101.65,103.37,96.68,94.6,89.89,84.43,103.72,,90.75,140.18,99.93,119.56,101.57,87.59,,80.01,119.46,129.57,94.83,85.61,91.78,,102.94,112.88,,,118.3,108.35,105.78,100.26,76.05,,62.92,90.53,118.77,101.47,135.07,132.48,179.75,115.78,106.5,87.81,92.76,78.42,110.2,73.6,,,
2026-05-19,101.85,103.26,96.83,94.83,89.96,84.19,103.82,,90.94,140.41,100.09,119.89,101.93,87.88,,80.12,119.55,130.09,94.88,85.64,91.9,,103.1,113.08,,,118.44,108.4,106.44,100.28,76.29,,63.22,90.54,118.82,101.7,135.23,132.65,180.43,116.07,106.84,88.19,92.78,78.55,110.67,73.87,,,
2026-05-20,102.04,103.19,96.9,95.01,90.12,84.11,103.78,,91.08,140.56,100.22,120.08,102.23,88.31,,80.34,119.58,130.54,95.13,85.62,92.2,,103.23,113.18,,,118.37,108.25,107.02,100.62,76.56,,63.52,90.68,118.97,101.85,135.37,132.85,180.63,116.44,107.29,88.69,92.82,78.75,111.26,74.11,,,
2026-05-21,102.02,102.96,96.71,94.93,90.08,83.77,103.41,,91.06,140.46,100.17,120.04,102.37,88.55,,80.37,119.55,130.84,95.16,85.37,92.33,,103.3,113.0,,,118.01,107.62,107.18,100.68,76.7,,63.59,90.7,118.9,101.84,134.98,132.75,180.75,116.32,107.52,88.82,92.62,78.8,111.49,74.24,,,
2026-05-22,102.1,102.33,96.35,94.89,90.1,83.47,102.99,,91.04,140.69,100.07,120.17,102.54,88.78,,80.38,119.69,131.21,95.27,85.24,92.39,,103.5,112.99,,,117.81,107.28,107.69,100.92,76.58,,63.75,90.72,119.1,101.92,135.15,132.81,181.09,116.39,107.79,89.01,92.53,78.74,111.93,74.44,,,
2026-05-23,102.21,101.88,96.16,94.85,90.22,83.22,102.76,,90.99,140.8,99.96,120.33,102.75,89.1,,80.37,119.9,131.37,95.5,85.17,92.57,,103.62,113.0,,,117.68,106.96,108.03,101.2,76.62,,63.79,90.82,119.19,101.94,135.13,132.63,181.17,116.45,107.93,89.28,92.42,78.6,112.4,74.59,,,
2026-05-24,102.22,101.3,95.88,94.75,90.11,82.85,102.43,,90.83,141.1,99.73,120.36,102.84,89.34,,80.3,120.01,131.48,95.71,85.12,92.87,,103.81,112.9,,,117.35,106.42,108.23,101.33,76.56,,63.74,90.86,119.21,101.88,135.01,132.52,181.18,116.44,108.09,89.4,92.2,78.52,112.81,74.71,,,
2026-05-25,102.21,101.37,95.55,94.7,90.01,82.44,101.98,,90.61,141.19,99.5,120.27,102.98,89.55,,80.24,120.02,131.43,96.0,85.23,92.97,,103.97,112.8,,,117.07,105.87,108.64,101.21,76.52,,63.62,90.9,119.28,101.83,135.11,132.11,181.11,116.41,108.1,89.5,92.08,78.47,113.15,74.7,,,
2026-05-26,101.76,99.26,94.64,93.97,89.62,82.04,101.0,,90.25,140.64,98.72,119.69,102.39,89.07,,80.05,119.53,130.91,95.88,84.69,92.46,,103.71,112.16,,,116.24,104.83,107.83,101.03,76.05,,63.23,90.21,118.63,101.34,134.61,131.29,180.43,115.79,107.56,88.96,91.46,77.78,112.3,74.29,,,
2026-05-27,101.32,97.06,93.98,93.42,89.34,81.54,100.22,,89.95,140.16,98.08,119.2,101.83,88.6,,79.75,119.03,130.22,95.64,84.29,91.86,,103.37,111.71,,,115.63,104.01,107.19,100.58,75.4,,62.82,89.56,118.21,100.94,134.1,130.51,179.9,115.03,107.01,88.35,90.99,77.1,111.61,73.95,,,
2026-05-28,101.15,95.65,93.58,93.24,89.29,81.39,99.99,,89.89,140.26,97.62,118.99,101.55,88.33,,79.64,118.69,129.94,95.47,84.04,91.53,,103.27,111.62,,,115.43,103.72,107.03,100.27,75.03,,62.6,89.25,118.22,100.81,134.09,129.98,179.79,114.8,106.88,88.07,90.83,76.69,111.31,73.85,,,
2026-05-29,100.83,95.1,93.34,93.02,89.12,81.28,99.67,,89.66,140.02,97.22,118.61,101.22,88.08,,79.57,118.28,129.37,95.18,83.76,91.3,,103.01,111.35,,,115.19,103.27,106.71,99.76,74.88,,62.26,88.9,117.85,100.55,133.62,129.5,179.46,114.41,106.66,87.86,90.56,76.5,110.89,73.65,,,
2026-05-30,100.6,95.07,93.02,92.92,89.01,81.25,99.52,,89.53,139.91,96.87,118.21,100.99,87.84,,79.55,117.87,129.13,94.84,83.45,91.11,,102.96,111.15,,,115.13,102.99,106.66,99.38,74.83,,62.23,88.69,117.66,100.45,133.5,129.15,179.37,114.13,106.55,87.6,90.35,76.4,110.5,73.64,,,
2026-05-31,100.4,95.06,92.79,92.88,88.98,81.26,99.39,,89.41,139.76,96.6,117.85,100.86,87.65,,79.57,117.52,128.83,94.5,83.19,90.89,,102.8,110.94,,,115.11,102.78,106.59,98.87,74.73,,62.28,88.55,117.61,100.4,133.41,128.8,179.24,113.78,106.46,87.54,90.2,76.25,110.15,73.54,,,
2026-06-01,100.07,93.58,92.43,92.58,88.82,81.02,99.0,,89.24,139.4,96.13,117.31,100.49,87.38,,79.75,117.08,128.43,94.04,82.71,90.48,,102.49,110.53,,,114.89,102.71,106.18,98.39,74.32,,62.11,88.0,117.41,100.15,133.06,128.33,178.82,113.13,106.17,87.36,89.95,76.1,109.62,73.43,,,
2026-06-02,99.98,96.16,92.21,92.7,89.0,81.05,98.94,,89.25,139.51,95.99,117.15,100.53,87.3,,80.0,116.91,128.43,93.68,82.55,90.52,,102.39,110.52,,,115.03,102.92,106.4,98.04,74.12,,62.3,87.91,117.62,100.19,133.12,128.17,178.59,112.92,106.25,87.28,89.83,76.16,109.63,73.34,,,
2026-06-03,100.07,99.72,92.14,92.88,89.13,81.12,99.04,,89.29,139.84,95.91,117.13,100.6,87.36,,80.37,116.83,129.02,93.67,82.54,90.73,,102.73,110.62,,,115.22,103.11,106.79,98.0,74.11,,62.63,87.9,117.88,100.32,133.33,128.35,178.63,113.02,106.48,87.53,89.99,76.41,109.76,73.48,,,
2026-06-04,100.11,101.76,92.1,92.99,89.3,81.21,99.06,,89.24,139.88,95.87,117.04,100.67,87.32,,80.86,116.78,129.26,93.79,82.49,90.86,,102.9,110.6,,,115.41,103.67,106.61,98.11,73.99,,62.91,87.94,118.02,100.38,133.47,128.41,178.54,113.08,106.58,87.5,89.91,76.68,109.82,73.47,,,
2026-06-05,100.19,102.59,92.08,93.1,89.51,81.28,99.21,,89.27,139.88,95.82,117.15,100.83,87.23,,81.35,116.81,129.72,93.94,82.44,91.08,,103.16,110.6,,,115.56,104.16,106.29,98.26,73.96,,63.35,87.99,118.32,100.6,133.78,128.53,178.77,113.15,106.76,87.4,89.9,76.87,109.5,73.51,,,
2026-06-06,100.29,102.53,92.12,93.16,89.78,81.44,99.35,,89.29,139.96,95.75,117.32,100.95,87.35,,81.82,116.84,130.08,94.1,82.46,91.29,,103.48,110.73,,,115.63,104.42,106.15,98.34,73.96,,63.52,87.95,118.48,100.76,134.06,128.57,178.68,113.22,107.09,87.53,89.98,77.08,109.61,73.5,,,
2026-06-07,100.36,102.0,92.06,93.16,89.96,81.61,99.37,,89.24,140.0,95.62,117.42,100.98,87.47,,82.22,116.84,130.48,94.22,82.43,91.47,,103.78,110.87,,,115.63,104.65,106.04,98.46,73.92,,63.68,87.89,118.63,100.88,134.38,128.72,178.48,113.35,107.38,87.57,89.99,77.33,109.64,73.47,,,
2026-06-08,100.38,102.63,91.88,93.14,90.16,81.87,99.17,,89.32,140.2,95.55,117.45,100.98,87.47,,82.16,116.85,130.83,94.34,82.46,91.71,,104.08,111.05,,,115.63,104.64,105.9,98.48,74.03,,63.82,87.88,118.6,100.91,134.55,128.81,178.25,113.44,107.7,87.57,89.94,77.4,109.7,73.4,,,
2026-06-09,100.44,101.61,91.93,93.21,90.06,81.85,99.34,,89.37,140.48,95.64,117.53,101.0,87.51,,82.08,116.87,131.09,94.45,82.47,91.88,,104.42,111.22,,,115.56,104.71,105.69,98.51,74.17,,63.79,88.46,118.56,101.02,134.85,129.2,178.0,113.53,107.82,87.72,90.03,77.39,109.73,73.39,,,
2026-06-10,100.43,99.78,91.9,93.25,90.02,81.85,99.41,,89.49,140.58,95.75,117.55,101.08,87.6,,82.1,116.89,130.91,94.4,82.37,91.92,,104.41,111.33,,,115.57,104.93,105.39,98.49,74.22,,63.58,89.05,118.54,101.06,135.17,129.47,177.75,113.62,107.84,87.77,89.98,77.28,109.7,73.2,,,
2026-06-11,100.42,98.86,91.84,93.27,89.89,81.68,99.38,,89.55,140.73,95.84,117.54,101.13,87.76,,82.0,116.83,130.87,94.26,82.37,92.04,,104.51,111.48,,,115.43,104.74,105.51,98.43,74.31,,63.41,89.48,118.39,101.1,135.55,130.03,177.18,113.72,107.77,87.87,90.0,77.1,109.73,73.02,,,
2026-06-12,100.44,98.43,91.71,93.32,89.9,81.53,99.36,,89.57,141.06,95.93,117.45,101.09,87.91,,81.87,116.73,130.86,94.05,82.37,92.16,,104.64,111.65,,,115.28,104.69,105.81,98.43,74.34,,63.21,89.97,118.39,101.18,135.89,130.67,176.78,113.79,107.81,87.96,90.1,76.97,110.18,72.89,,,
2026-06-13,100.41,97.94,91.57,93.39,89.84,81.31,99.34,,89.57,141.39,95.97,117.46,101.12,87.85,,81.73,116.68,130.78,93.81,82.39,92.25,,104.64,111.72,,,115.23,104.82,105.78,98.42,74.17,,63.23,90.47,118.4,101.23,136.22,131.36,176.63,113.88,107.73,87.83,90.09,76.77,110.19,72.7,,,
2026-06-14,100.42,98.16,91.42,93.49,89.81,81.04,99.49,,89.58,141.7,96.11,117.46,101.17,87.79,,81.63,116.64,130.8,93.62,82.41,92.37,,104.68,111.79,,,115.2,105.0,105.79,98.37,74.05,,63.32,91.01,118.45,101.39,136.49,131.86,176.68,113.92,107.58,87.78,90.14,76.47,110.18,72.54,,,
2026-06-15,100.54,98.64,91.5,93.69,89.92,80.92,99.97,,89.63,142.32,96.35,117.66,101.33,87.88,,81.8,116.63,130.92,93.54,82.56,92.64,,104.86,111.95,,,115.29,105.34,105.81,98.45,74.1,,63.61,91.79,118.64,101.64,137.15,132.6,177.15,114.15,107.68,87.84,90.31,76.6,110.26,72.49,,,
2026-06-16,100.55,98.59,91.42,93.73,90.0,80.93,100.06,,89.69,142.55,96.44,117.68,101.38,87.86,,81.95,116.51,130.9,93.41,82.56,92.8,,104.84,111.95,,,115.4,105.45,105.71,98.62,73.98,,63.81,91.82,118.7,101.72,137.63,133.15,177.18,114.26,107.7,87.79,90.4,76.64,110.23,72.32,,,
2026-06-17,100.61,98.61,91.43,93.76,89.97,80.97,100.16,,89.71,142.99,96.5,117.75,101.39,87.77,,82.06,116.35,131.09,93.37,82.57,92.85,,105.04,111.95,,,115.52,105.68,105.63,98.79,73.88,,64.09,91.84,118.78,101.81,138.1,133.95,177.2,114.32,107.78,87.83,90.52,76.76,110.25,72.33,,,
2026-06-18,100.84,98.85,91.55,93.96,89.91,81.15,100.49,,89.89,143.64,96.71,117.96,101.6,87.78,,82.31,116.33,131.48,93.44,82.89,93.16,,105.57,112.12,,,115.83,106.24,105.72,99.06,73.89,,64.5,92.17,119.18,102.13,138.55,134.73,177.58,114.53,108.12,88.2,90.8,76.98,110.45,72.48,,,
2026-06-19,101.14,99.11,91.82,94.28,89.88,81.49,101.05,,90.2,144.27,97.03,118.22,102.0,87.93,,82.65,116.39,131.79,93.66,83.26,93.63,,106.04,112.42,,,116.25,106.96,106.01,99.29,73.89,,64.97,92.65,119.58,102.46,138.96,135.4,177.91,114.91,108.45,88.7,91.13,77.27,110.68,72.68,,,
2026-06-20,101.34,99.37,92.04,94.43,89.81,81.68,101.42,,90.45,144.68,97.32,118.38,102.17,87.97,,82.94,116.35,132.02,93.88,83.3,93.91,,106.52,112.58,,,116.41,107.45,106.11,99.49,73.92,,65.26,93.0,119.87,102.72,139.27,136.19,178.07,115.11,108.73,89.14,91.32,77.46,110.85,72.87,,,
2026-06-21,101.55,99.5,92.34,94.56,89.71,81.9,101.78,,90.64,145.16,97.57,118.58,102.32,88.02,,83.24,116.34,132.12,94.16,83.34,94.14,,107.01,112.76,,,116.62,107.99,106.32,99.66,74.0,,65.46,93.31,120.12,102.9,139.6,137.06,178.2,115.4,109.07,89.66,91.47,77.7,111.02,73.1,,,
2026-06-22,101.72,99.29,92.5,94.65,89.64,81.96,102.1,,90.74,145.36,97.69,118.71,102.52,88.11,,83.45,116.3,132.21,94.25,83.24,94.23,,107.45,112.89,,,116.78,108.54,106.66,99.92,74.03,,65.6,93.61,120.42,103.13,139.81,137.87,178.29,115.58,109.23,90.05,91.61,77.72,111.14,73.24,,,
2026-06-23,101.77,98.96,92.58,94.63,89.65,82.06,102.35,,90.78,145.51,97.69,118.74,102.49,87.99,,83.45,116.32,132.19,94.31,83.05,94.2,,107.75,112.92,,,116.75,108.7,106.77,99.88,74.05,,65.72,93.71,120.37,103.08,139.72,138.09,178.59,115.62,109.39,90.26,91.6,77.69,111.28,73.47,,,
2026-06-24,101.76,98.8,92.69,94.57,89.76,82.1,102.75,,90.92,145.67,97.67,118.84,102.54,87.93,,83.35,116.35,132.1,94.19,82.9,94.3,,108.0,112.92,,,116.75,108.74,106.75,99.84,74.0,,65.84,93.76,120.31,103.05,139.56,138.05,178.85,115.62,109.57,90.19,91.55,77.74,111.44,73.57,,,
2026-06-25,101.62,98.54,92.67,94.37,89.97,82.33,102.9,,91.04,145.39,97.49,118.83,102.48,87.94,,83.22,116.37,131.86,94.1,82.57,94.12,,108.03,112.84,,,116.7,108.67,106.77,99.81,74.02,,65.9,93.59,120.0,102.81,139.4,137.74,178.93,115.58,109.54,90.05,91.41,77.75,111.48,73.61,,,
2026-06-26,101.39,98.25,92.53,94.01,90.02,82.36,102.62,,90.96,145.02,97.16,118.7,102.23,87.81,,82.94,116.29,131.56,94.01,82.21,93.7,,107.83,112.65,,,116.46,108.16,106.55,99.7,74.06,,65.85,93.08,119.43,102.38,139.25,137.39,178.91,115.36,109.32,89.74,91.07,77.52,111.39,73.52,,,
2026-06-27,101.26,98.46,92.47,93.84,90.21,82.51,102.69,,90.98,144.96,96.95,118.6,102.14,87.83,,82.66,116.3,131.63,93.98,82.18,93.54,,107.91,112.55,,,116.36,108.0,106.54,99.68,74.11,,65.96,92.75,119.02,102.07,139.36,137.17,179.09,115.26,109.31,89.65,90.93,77.53,111.45,73.53,,,
2026-06-28,101.07,98.46,92.34,93.74,90.38,82.67,102.7,,91.06,144.83,96.8,118.53,102.05,87.81,,82.28,116.2,131.72,93.88,82.14,93.35,,107.96,112.47,,,116.25,107.74,106.49,99.73,74.11,,65.98,92.44,118.62,101.77,139.6,136.79,179.19,115.13,109.24,89.24,90.81,77.52,111.56,73.51,,,
2026-06-29,100.92,98.51,92.02,93.56,90.27,82.72,102.62,,90.98,144.44,96.59,118.16,101.73,87.73,,82.06,116.03,131.6,93.9,82.18,93.08,,107.82,112.22,,,116.0,107.21,106.41,99.49,73.88,,65.93,92.0,118.15,101.35,139.28,136.47,179.23,114.84,108.91,89.03,90.52,77.5,111.46,73.39,,,
2026-06-30,100.96,98.91,91.83,93.59,90.32,82.78,102.79,,90.86,144.26,96.52,117.95,101.62,87.93,,82.05,115.89,131.75,93.9,82.44,93.05,,108.09,112.15,,,115.95,107.27,106.66,99.55,73.88,,65.97,91.88,118.13,101.34,139.08,136.37,179.32,114.89,108.85,88.96,90.44,77.6,111.52,73.46,,,
2026-07-01,100.96,98.47,91.64,93.52,90.2,82.75,102.76,,90.49,143.49,96.24,117.54,101.4,88.06,,82.39,115.54,131.9,93.93,82.35,92.95,,108.27,112.06,,,115.7,107.5,106.95,99.46,73.91,,65.96,91.59,117.93,101.24,139.41,136.22,179.28,114.89,108.55,89.04,90.4,77.54,111.27,73.49,,,
2026-07-02,100.92,97.98,91.92,93.45,90.11,82.54,102.95,,89.94,143.17,96.1,117.18,101.19,88.04,,82.62,115.17,132.15,93.77,82.44,92.98,,108.54,111.91,,,115.65,107.63,107.09,99.34,73.85,,65.97,91.34,117.76,101.19,139.83,136.21,179.38,114.88,108.39,88.81,90.28,77.43,111.03,73.57,,,
2026-07-03,101.09,97.79,92.45,93.75,90.08,82.4,103.57,,89.72,143.01,96.25,117.06,101.29,88.18,,82.94,115.01,132.69,93.6,82.71,93.3,,109.27,111.95,,,115.91,108.0,107.63,99.37,73.95,,66.07,91.55,118.02,101.48,140.61,136.75,179.74,115.16,108.51,88.98,90.46,77.67,111.18,73.8,,,
2026-07-04,101.06,95.5,92.77,93.78,89.85,82.09,103.89,,89.31,142.61,96.27,116.73,101.22,88.19,,83.19,114.71,132.7,93.34,82.88,93.27,,109.58,111.78,,,115.9,107.99,107.93,99.3,73.95,,65.97,90.84,118.0,101.51,140.96,136.87,179.91,115.18,108.36,88.97,90.49,77.58,111.0,73.87,,,
2026-07-05,101.11,95.08,93.13,93.82,89.7,81.81,104.21,,89.05,142.28,96.22,116.56,101.23,88.2,,83.48,114.52,132.81,93.06,83.05,93.31,,109.9,111.65,,,115.93,107.99,108.19,99.21,73.97,,65.95,90.12,118.0,101.59,141.29,137.06,180.1,115.28,108.32,89.05,90.51,77.59,110.86,74.0,,,
2026-07-06,101.08,94.85,93.77,93.92,89.78,81.7,104.58,,88.89,142.04,96.23,116.75,101.42,88.27,,83.76,114.44,133.11,92.83,83.21,93.43,,110.36,111.73,,,116.04,108.25,108.45,99.37,74.15,,65.97,89.48,117.99,101.68,142.15,137.15,180.33,115.61,108.47,89.06,90.63,77.61,110.93,74.13,,,
2026-07-07,101.11,94.24,94.46,94.07,89.65,81.63,104.85,,88.91,142.03,96.33,116.95,101.7,88.26,,84.12,114.39,133.42,92.75,83.37,93.49,,110.63,111.86,,,116.13,108.43,108.62,99.47,74.33,,66.09,89.48,118.04,101.79,143.17,137.47,180.77,115.85,108.58,89.18,90.74,77.67,111.0,74.16,,,
2026-07-08,101.18,94.48,95.08,94.33,89.52,81.66,105.11,,89.2,142.46,96.67,117.24,102.02,88.24,,84.02,114.62,133.73,92.7,83.95,93.72,,111.16,112.03,,,116.33,108.63,108.83,99.6,74.42,,66.26,89.73,118.19,101.93,143.66,137.84,181.07,116.22,108.95,89.29,90.87,77.78,111.35,74.38,,,
2026-07-09,101.28,95.53,95.15,94.61,89.24,81.54,105.05,,89.67,142.76,96.93,117.55,102.33,88.24,,83.95,114.85,134.0,92.77,84.32,93.92,,111.53,112.23,,,116.36,108.85,108.99,99.72,74.46,,66.2,89.97,118.44,102.11,144.13,138.15,181.46,116.56,109.24,89.44,90.94,77.87,111.68,74.48,,,
2026-07-10,101.17,96.44,95.05,94.54,88.95,81.42,104.99,,89.78,142.92,96.92,117.69,102.3,88.13,,83.93,114.91,134.21,92.82,84.5,93.88,,111.61,112.21,,,116.12,109.03,108.72,99.73,74.27,,66.11,89.84,118.32,101.99,144.14,137.63,181.31,116.57,109.37,89.37,90.87,77.87,111.75,74.55,,,
2026-07-11,101.29,100.08,95.14,94.74,88.68,81.43,105.12,,90.1,143.25,97.09,118.06,102.5,88.14,,84.1,115.11,134.84,92.85,84.85,94.07,,112.03,112.41,,,116.29,109.52,108.74,99.79,74.28,,66.21,90.57,118.44,102.11,144.37,137.24,181.46,116.88,109.69,89.39,90.93,78.04,112.15,74.8,,,
2026-07-12,101.34,100.85,95.21,94.85,88.36,81.33,105.16,,90.18,143.6,97.24,118.28,102.6,88.11,,84.31,115.2,135.49,92.89,85.16,94.26,,112.53,112.53,,,116.37,109.96,108.64,99.85,74.27,,66.26,91.31,118.53,102.2,144.45,136.98,181.55,117.09,109.98,89.47,90.98,78.19,112.45,74.99,,,
2026-07-13,101.37,101.01,95.16,94.79,87.86,81.23,105.26,,90.32,143.95,97.41,118.28,102.65,88.03,,84.47,115.24,136.08,92.92,85.44,94.35,,113.02,112.56,,,116.43,110.17,108.47,99.86,74.21,,66.38,91.9,118.59,102.22,143.5,136.68,181.5,117.18,110.18,89.45,91.05,78.24,112.69,75.23,,,
2026-07-14,101.44,101.67,95.08,94.9,87.82,81.14,105.43,,90.44,144.32,97.6,118.55,102.83,88.04,,84.64,115.18,136.82,92.86,85.66,94.46,,113.58,112.69,,,116.72,110.46,108.41,99.86,74.23,,66.52,91.25,118.69,102.29,143.69,136.51,181.45,117.32,110.61,89.45,91.12,78.3,112.9,75.48,,,
2026-07-15,101.45,102.74,94.76,94.98,87.94,81.04,105.53,,90.39,144.66,97.73,118.77,103.03,88.02,,84.93,114.97,137.56,92.77,85.72,94.51,,113.67,112.73,,,117.05,110.41,108.3,99.94,74.27,,66.61,90.56,118.78,102.38,143.97,136.6,181.57,117.4,110.93,89.46,91.08,78.46,113.11,75.56,,,
2026-07-16,101.51,102.44,94.48,95.02,88.16,81.0,105.79,,90.27,144.85,97.86,119.05,103.15,88.15,,85.15,114.86,138.21,92.8,85.74,94.44,,113.68,112.79,,,117.32,110.31,108.36,100.04,74.35,,66.8,89.82,118.76,102.36,144.13,136.74,181.56,117.47,111.22,89.49,91.13,78.55,113.28,75.66,,,
2026-07-17,101.54,101.58,93.65,95.09,88.22,81.0,105.79,,90.33,145.05,98.08,119.4,103.37,88.26,,85.46,114.57,138.62,92.77,85.76,94.41,,113.69,112.91,,,117.69,110.3,108.62,100.11,74.62,,66.94,89.11,118.85,102.41,144.34,137.25,181.76,117.63,111.48,89.49,91.1,78.55,113.47,75.61,,,
2026-07-18,101.54,99.69,92.79,95.13,88.47,81.04,105.67,,90.37,145.24,98.31,119.76,103.59,88.35,,85.41,114.25,139.04,92.85,85.75,94.37,,113.59,113.03,,,117.92,110.19,108.78,100.21,74.65,,67.06,88.53,118.92,102.43,144.46,137.64,181.83,117.88,111.71,89.4,91.05,78.62,113.65,75.51,,,
2026-07-19,101.58,98.95,91.91,95.19,88.73,81.13,105.83,,90.53,145.35,98.54,120.11,103.84,88.5,,85.41,114.02,139.38,92.92,85.76,94.34,,113.44,113.18,,,118.21,110.29,108.93,100.34,74.68,,67.08,87.95,119.05,102.49,144.77,138.02,182.11,118.18,111.85,89.3,91.01,78.63,113.79,75.42,,,
2026-07-20,101.71,98.62,91.11,95.49,89.19,81.41,106.05,,90.63,145.6,98.83,120.6,104.17,88.68,,85.54,113.9,139.55,92.98,85.8,94.5,,113.25,113.41,,,118.73,110.62,109.27,100.41,75.09,,67.37,87.49,119.26,102.66,145.74,138.34,182.62,118.52,112.23,89.28,91.06,78.85,114.05,75.41,,,
2026-07-21,101.8,98.33,90.31,95.51,89.25,81.49,106.07,,90.62,145.65,99.05,120.78,104.21,88.82,,85.57,113.85,139.71,93.27,85.84,94.61,,113.0,113.52,,,119.01,110.88,109.53,100.49,75.14,,67.25,87.53,119.36,102.79,145.91,138.78,182.89,118.82,112.21,89.2,91.05,78.8,114.29,75.32,,,
2026-07-22,101.91,97.36,89.67,95.57,89.27,81.51,106.37,,90.54,145.73,99.28,121.09,104.22,88.94,,85.55,113.79,140.05,93.5,85.92,94.67,,113.0,113.67,,,119.29,111.5,109.94,100.53,75.3,,67.14,87.56,119.56,102.99,146.05,138.71,183.13,119.2,112.33,88.99,91.11,78.78,114.46,75.36,,,
2026-07-23,102.0,96.89,89.17,95.66,89.28,81.45,106.45,,90.58,145.83,99.45,121.3,104.24,88.88,,85.54,113.55,140.25,93.64,85.96,94.73,,113.14,113.76,,,119.47,112.15,110.24,100.51,75.42,,67.02,87.65,119.76,103.13,146.14,138.67,183.21,119.46,112.32,88.99,91.13,78.78,114.54,75.37,,,
2026-07-24,102.09,97.05,89.21,95.7,89.38,81.32,106.67,,90.43,145.8,99.51,121.34,104.21,88.84,,85.3,113.5,140.39,93.81,85.92,94.89,,113.32,113.76,,,119.68,112.59,110.43,100.51,75.42,,67.12,87.81,119.89,103.25,146.29,138.54,183.49,119.65,112.35,88.97,91.12,78.92,114.56,75.5,,,
2026-07-25,102.19,97.52,89.27,95.75,89.31,81.13,106.88,,90.34,145.67,99.57,121.41,104.16,88.87,,85.45,113.51,140.39,93.9,85.77,95.05,,113.4,113.72,,,119.89,113.06,110.86,100.5,75.54,,67.1,87.78,120.01,103.38,146.55,137.61,183.71,119.69,112.34,88.9,91.08,78.9,114.57,75.57,,,
2026-07-26,102.3,98.08,89.38,95.8,89.23,81.08,106.85,,90.18,145.6,99.62,121.49,104.1,88.89,,85.5,113.49,140.28,94.02,85.55,95.19,,113.49,113.68,,,120.07,113.4,111.33,100.51,75.73,,67.21,87.69,120.06,103.43,146.71,136.77,183.74,119.72,112.41,88.89,91.11,78.88,114.62,75.66,,,
2026-07-27,102.32,98.7,89.45,95.74,89.1,80.81,106.68,,90.0,145.49,99.59,121.52,104.0,88.83,,85.18,113.37,140.31,94.15,85.34,95.08,,113.61,113.56,,,120.06,113.7,111.44,100.62,75.55,,67.0,87.64,120.17,103.59,147.09,137.08,183.68,119.69,112.33,88.67,90.91,78.74,114.59,75.76,,,
2026-07-28,102.32,98.75,89.62,95.76,89.05,80.88,106.62,,89.9,145.35,99.6,121.57,104.04,88.78,,84.97,113.17,140.18,93.97,85.15,94.95,,113.77,113.44,,,120.08,114.0,111.42,100.6,75.62,,67.09,87.69,120.31,103.75,147.33,137.17,183.66,119.62,112.34,88.4,90.74,78.88,114.6,75.91,,,
2026-07-29,102.34,99.5,89.79,95.75,88.93,80.96,106.4,,90.0,145.13,99.65,121.57,104.09,88.84,,84.86,113.06,139.63,93.99,84.9,94.81,,113.94,113.3,,,120.1,114.24,111.26,100.71,75.63,,67.41,87.69,120.4,103.85,147.56,137.56,183.72,119.44,112.19,88.22,90.54,78.94,114.63,75.95,,,
2026-07-30,102.25,99.91,89.64,95.64,88.79,81.06,106.08,,89.84,144.89,99.62,121.38,104.11,88.85,,84.79,112.83,139.18,93.94,84.62,94.88,,113.72,113.11,,,120.24,114.07,111.0,100.77,75.61,,67.91,87.53,120.39,103.91,147.74,137.9,183.54,119.22,112.09,87.84,90.32,78.9,114.69,75.74,,,
2026-07-31,102.1,99.99,89.16,95.44,88.61,81.14,105.61,,89.8,144.76,99.62,121.36,104.06,88.81,,84.83,112.52,138.88,93.84,84.37,94.65,,113.41,112.94,,,120.19,114.03,110.6,100.7,75.46,,68.13,87.35,120.36,103.93,147.73,137.94,183.24,119.13,111.84,87.39,90.05,78.63,114.81,75.46,,,
2026-08-01,101.98,99.4,88.66,95.23,88.54,81.18,105.17,,89.72,144.67,99.57,121.26,104.02,88.66,,84.93,112.13,138.72,93.83,84.1,94.58,,113.22,112.77,,,120.09,114.25,109.94,100.73,75.48,,68.45,87.21,120.34,103.94,147.76,138.77,183.05,119.06,111.72,87.09,89.81,78.44,114.97,75.17,,,
2026-08-02,101.85,98.49,88.13,95.03,88.54,81.06,104.72,,89.68,144.59,99.56,121.21,104.02,88.51,,84.92,111.73,138.63,93.74,83.93,94.39,,113.06,112.63,,,120.08,114.44,109.27,100.74,75.4,,68.81,87.14,120.4,103.98,147.76,139.45,182.89,119.07,111.6,86.61,89.5,78.31,115.13,74.87,,,
2026-08-03,101.74,97.68,87.37,94.89,88.54,81.16,104.34,,89.67,144.56,99.53,121.12,104.05,88.4,,85.17,111.4,138.56,93.68,83.75,94.3,,112.86,112.52,,,120.15,114.56,108.95,100.73,75.23,,69.1,87.03,120.31,103.88,147.64,139.16,182.62,119.14,111.47,86.51,89.27,78.15,115.3,74.46,,,
2026-08-04,101.73,97.49,86.72,94.76,88.6,81.06,104.11,,89.63,144.65,99.51,121.04,104.05,88.29,,85.34,111.12,138.48,93.84,83.69,94.41,,112.69,112.44,,,120.3,114.61,108.76,100.91,75.14,,69.51,87.02,120.28,103.91,147.57,138.68,182.68,119.23,111.43,86.54,89.19,78.03,115.35,74.07,,,
2026-08-05,101.65,96.19,86.09,94.63,88.72,81.06,103.85,,89.45,144.77,99.43,120.9,104.07,88.14,,85.51,110.78,138.6,93.86,83.73,94.53,,112.44,112.37,,,120.37,114.53,108.57,100.91,75.1,,69.89,86.96,120.16,103.86,147.42,138.18,182.54,119.37,111.42,86.53,89.09,77.87,115.4,73.75,,,
2026-08-06,101.66,95.3,85.62,94.56,88.88,80.98,103.85,,89.4,145.0,99.4,120.94,104.08,88.03,,85.48,110.43,138.84,93.9,83.76,94.43,,112.53,112.38,,,120.35,114.8,108.47,100.96,75.16,,70.15,86.97,120.13,103.9,147.36,137.61,182.7,119.64,111.49,86.56,89.09,77.82,115.53,73.68,,,
2026-08-07,101.69,94.65,85.45,94.58,89.11,80.97,103.53,,89.06,145.22,99.31,120.68,104.09,87.86,,85.25,110.1,138.81,93.96,83.88,94.51,,112.74,112.32,,,120.4,114.97,108.52,101.09,75.29,,70.63,86.87,120.18,103.99,147.44,137.33,182.92,119.68,111.68,86.63,89.15,78.0,115.54,73.66,,,
2026-08-08,101.71,94.47,85.29,94.69,89.35,81.07,103.54,,88.83,145.48,99.33,120.62,104.17,87.73,,84.84,109.82,138.76,94.03,84.1,94.48,,112.93,112.33,,,120.52,114.91,108.62,101.13,75.33,,71.07,86.83,120.16,104.11,147.51,137.48,182.94,119.88,111.81,86.6,89.16,78.17,115.57,73.71,,,
2026-08-09,101.75,95.15,85.13,94.8,89.52,81.18,103.62,,88.57,145.65,99.32,120.47,104.17,87.66,,84.62,109.55,138.69,94.19,84.33,94.56,,113.11,112.34,,,120.54,114.85,108.91,101.25,75.45,,71.59,86.77,120.14,104.21,147.55,137.51,182.96,120.02,111.91,86.72,89.2,78.31,115.61,73.76,,,
2026-08-10,101.78,95.41,85.18,94.9,89.73,81.22,103.47,,88.42,145.78,99.31,120.45,104.19,87.55,,84.3,109.32,138.48,94.26,84.64,94.69,,113.23,112.36,,,120.42,114.83,109.08,101.27,75.74,,72.12,86.63,120.14,104.33,147.65,137.37,183.13,120.13,112.1,86.61,89.29,78.45,115.61,73.84,,,
2026-08-11,101.78,95.6,86.43,94.99,89.89,81.4,103.32,,88.2,145.83,99.27,120.48,104.21,87.47,,83.7,109.06,138.38,94.25,84.92,94.73,,113.3,112.4,,,120.36,114.82,109.2,101.22,75.97,,72.42,86.47,120.04,104.24,147.77,137.41,183.01,120.24,112.25,86.54,89.32,78.52,115.69,73.93,,,
2026-08-12,101.74,96.33,87.71,94.98,90.04,81.61,103.29,,87.97,145.95,99.27,120.5,104.26,87.4,,83.06,108.88,138.18,94.14,85.09,94.85,,113.5,112.34,,,120.25,114.89,108.94,101.23,76.2,,72.47,86.44,119.82,104.17,147.84,136.09,183.23,120.37,112.41,86.4,89.35,78.63,115.64,74.09,,,
2026-08-13,101.76,96.84,89.09,95.07,90.09,81.96,103.06,,87.83,146.13,99.42,120.64,104.4,87.39,,82.61,108.93,138.26,94.1,85.42,94.87,,113.75,112.34,,,120.07,115.09,108.63,101.29,76.49,,72.63,86.42,119.65,104.09,147.99,134.75,183.37,120.56,112.63,86.31,89.42,78.82,115.56,74.24,,,
2026-08-14,101.79,97.19,90.47,95.15,90.12,82.28,103.12,,87.83,146.25,99.63,120.99,104.52,87.44,,82.3,108.94,138.39,94.06,85.73,94.85,,113.9,112.44,,,119.9,115.08,108.46,101.34,76.68,,72.67,86.52,119.45,104.02,148.22,133.36,183.15,120.84,112.74,86.2,89.43,78.87,115.48,74.36,,,
2026-08-15,101.82,97.86,92.09,95.18,90.12,82.46,103.05,,87.68,146.32,99.72,121.13,104.57,87.49,,82.02,108.85,138.42,93.99,85.97,94.82,,114.03,112.49,,,119.71,115.14,108.23,101.35,76.9,,72.76,86.59,119.28,103.94,148.53,131.65,183.19,120.98,112.82,86.25,89.54,79.02,115.35,74.4,,,
2026-08-16,101.82,97.79,93.74,95.21,90.15,82.67,102.99,,87.62,146.46,99.84,121.36,104.7,87.48,,81.65,108.81,138.46,93.86,86.19,94.82,,114.12,112.52,,,119.51,115.2,107.88,101.25,77.08,,72.7,86.63,119.07,103.9,148.99,130.11,183.11,121.06,112.97,86.24,89.62,79.19,115.21,74.45,,,
2026-08-17,101.79,97.79,95.34,95.18,90.21,82.81,103.05,,87.49,146.68,100.03,121.5,104.78,87.51,,81.45,108.74,138.67,93.76,86.33,94.65,,114.35,112.56,,,119.28,115.28,107.5,101.17,77.16,,72.71,86.69,118.85,103.84,149.59,128.52,183.14,121.22,113.09,86.08,89.72,79.36,115.13,74.47,,,
2026-08-18,101.73,97.65,95.81,95.14,90.24,82.92,103.12,,87.45,146.92,100.21,121.7,104.82,87.49,,81.57,108.72,138.74,93.67,86.45,94.54,,114.61,112.56,,,118.99,115.33,107.24,101.1,77.31,,72.9,86.76,118.72,103.84,149.98,126.84,183.26,121.3,113.19,85.7,89.74,79.55,115.14,74.54,,,
2026-08-19,101.77,97.5,96.32,95.25,90.3,82.9,103.06,,87.46,147.13,100.4,122.08,104.89,87.5,,81.66,108.67,138.97,93.75,86.56,94.47,,114.83,112.71,,,118.81,115.38,107.39,101.07,77.43,,73.14,86.79,118.81,103.91,150.59,126.4,183.45,121.37,113.31,85.62,89.85,79.72,115.32,74.49,,,
2026-08-20,101.82,97.58,96.82,95.32,90.45,82.88,103.16,,87.24,147.17,100.43,122.29,104.94,87.63,,81.78,108.59,138.83,93.83,86.58,94.4,,114.94,112.82,,,118.77,115.33,107.58,101.12,77.46,,73.2,86.93,118.93,104.0,151.24,126.06,183.75,121.35,113.27,85.56,89.95,79.87,115.49,74.49,,,
2026-08-21,101.91,97.81,97.27,95.39,90.65,82.79,103.19,,87.06,147.23,100.54,122.43,104.95,87.81,,81.98,108.56,138.91,93.94,86.55,94.28,,115.14,112.96,,,118.71,115.4,107.49,101.18,77.47,,73.28,87.01,119.05,104.13,151.88,125.56,184.22,121.45,113.29,85.71,90.11,79.99,115.74,74.57,,,
