date,headline_yoy_total,headline_yoy_energy,headline_yoy_food,headline_yoy_core_goods,headline_yoy_core_services_ex_housing,headline_yoy_housing,headline_mom_total,headline_mom_energy,headline_mom_food,headline_mom_core_goods,headline_mom_core_services_ex_housing,headline_mom_housing,core_yoy_total,core_yoy_core_goods,core_yoy_core_services_ex_housing,core_yoy_housing,core_mom_total,core_mom_core_goods,core_mom_core_services_ex_housing,core_mom_housing,supercore_yoy_total,supercore_yoy_health_care,supercore_yoy_financial_insurance,supercore_yoy_food_services_accommodations,supercore_yoy_transportation_services,supercore_yoy_other_services,supercore_mom_total,supercore_mom_health_care,supercore_mom_financial_insurance,supercore_mom_food_services_accommodations,supercore_mom_transportation_services,supercore_mom_other_services
1960-01-01,1.69,0.26,-0.22,0.32,0.87,0.28,-0.06,-0.03,-0.03,-0.03,0.05,0.0,2.07,0.44,1.21,0.38,0.03,-0.04,0.07,0.0,3.01,0.7,0.4,0.88,0.28,1.22,0.17,-0.08,0.11,0.1,0.03,-0.03
1960-02-01,1.7,0.15,-0.16,0.38,0.91,0.27,0.1,0.0,-0.02,0.06,0.08,0.0,2.19,0.53,1.24,0.37,0.19,0.08,0.1,0.0,3.12,0.83,0.4,0.87,0.27,1.16,0.26,0.16,0.03,0.09,0.02,-0.06
1960-03-01,1.69,0.11,-0.02,0.34,0.9,0.26,0.06,-0.04,0.1,-0.02,0.04,0.0,2.07,0.46,1.22,0.35,0.01,-0.03,0.05,0.0,3.12,0.95,0.43,0.81,0.22,0.99,0.13,0.14,0.03,0.0,0.0,-0.06
1960-04-01,1.86,0.12,0.23,0.31,0.95,0.19,0.36,0.04,0.19,0.04,0.09,0.0,2.0,0.43,1.3,0.26,0.18,0.06,0.13,0.0,3.27,1.01,0.52,0.7,0.2,0.97,0.32,0.13,0.07,0.03,0.0,0.07
1960-05-01,1.91,0.13,0.28,0.26,0.99,0.24,0.1,-0.01,0.0,0.0,0.07,0.05,2.05,0.35,1.35,0.33,0.16,-0.01,0.1,0.07,3.42,1.11,0.58,0.58,0.19,0.99,0.25,0.18,0.05,-0.01,0.0,0.0
1960-06-01,1.66,0.18,0.18,0.14,1.01,0.18,0.05,0.03,-0.03,-0.05,0.09,0.0,1.8,0.19,1.38,0.25,0.06,-0.06,0.12,0.0,3.46,1.19,0.62,0.55,0.19,0.85,0.3,0.12,0.06,0.02,0.03,0.06
1960-07-01,1.63,0.25,0.14,0.11,0.96,0.22,0.18,0.06,0.0,0.02,0.07,0.04,1.74,0.15,1.31,0.29,0.18,0.02,0.1,0.06,3.28,1.24,0.64,0.51,0.19,0.61,0.24,0.08,0.05,0.07,0.02,0.01
1960-08-01,1.66,0.22,0.22,0.14,0.93,0.21,0.17,0.06,0.01,0.03,0.08,0.0,1.73,0.2,1.26,0.29,0.14,0.04,0.1,0.0,3.16,1.27,0.67,0.47,0.17,0.43,0.25,0.1,0.06,-0.01,0.01,0.07
1960-09-01,1.45,0.23,0.14,0.03,0.89,0.22,0.06,-0.01,0.01,-0.04,0.08,0.02,1.54,0.04,1.21,0.3,0.08,-0.06,0.11,0.03,3.04,1.25,0.67,0.42,0.18,0.36,0.27,0.09,0.04,0.01,0.02,0.1
1960-10-01,1.32,0.09,0.24,0.03,0.87,0.17,0.12,-0.03,0.1,-0.01,0.05,0.0,1.43,0.04,1.18,0.24,0.06,-0.02,0.07,0.0,2.94,1.16,0.67,0.43,0.19,0.29,0.18,0.04,0.07,0.02,0.02,0.03
1960-11-01,1.6,0.15,0.4,0.1,0.8,0.23,0.34,0.07,0.07,0.09,0.05,0.06,1.51,0.13,1.09,0.31,0.27,0.12,0.06,0.08,2.7,1.1,0.67,0.32,0.2,0.22,0.15,0.06,0.04,-0.01,0.03,0.03
1960-12-01,1.5,0.1,0.49,0.0,0.82,0.18,0.02,-0.03,0.07,-0.08,0.05,0.0,1.33,0.0,1.12,0.24,-0.03,-0.1,0.07,0.0,2.74,1.03,0.63,0.38,0.23,0.29,0.18,-0.01,0.02,0.07,0.05,0.04
1961-01-01,1.58,0.15,0.49,0.05,0.76,0.18,0.02,0.02,-0.02,0.03,-0.01,0.0,1.33,0.07,1.03,0.25,0.02,0.03,-0.02,0.0,2.53,1.1,0.49,0.31,0.2,0.31,-0.04,-0.03,-0.03,0.03,0.0,0.0
1961-02-01,1.57,0.16,0.52,0.01,0.73,0.19,0.09,0.0,0.02,0.01,0.05,0.01,1.24,0.01,0.98,0.25,0.1,0.02,0.07,0.01,2.44,0.91,0.47,0.3,0.22,0.45,0.17,-0.02,0.01,0.08,0.03,0.08
1961-03-01,1.45,0.14,0.4,0.04,0.69,0.19,-0.06,-0.06,-0.03,0.01,0.01,0.0,1.26,0.06,0.94,0.26,0.03,0.01,0.02,0.0,2.35,0.75,0.44,0.29,0.26,0.55,0.04,-0.03,0.0,0.0,0.04,0.04
1961-04-01,1.03,-0.02,0.16,0.01,0.63,0.24,-0.06,-0.11,-0.04,0.01,0.04,0.06,1.22,0.01,0.85,0.33,0.14,0.01,0.05,0.08,2.14,0.59,0.38,0.36,0.27,0.52,0.12,-0.02,0.01,0.09,0.02,0.04
1961-05-01,0.98,0.03,0.07,0.06,0.62,0.2,0.06,0.04,-0.09,0.04,0.05,0.0,1.18,0.08,0.84,0.27,0.13,0.06,0.07,0.0,2.06,0.4,0.34,0.39,0.32,0.6,0.16,0.0,0.01,0.02,0.05,0.08
1961-06-01,0.98,0.01,0.03,0.11,0.58,0.24,0.04,0.01,-0.07,0.01,0.06,0.04,1.28,0.15,0.79,0.32,0.15,0.01,0.08,0.06,1.95,0.27,0.35,0.39,0.29,0.66,0.19,-0.01,0.07,0.02,0.0,0.12
1961-07-01,1.02,0.01,0.08,0.14,0.57,0.22,0.22,0.05,0.05,0.04,0.06,0.02,1.25,0.19,0.77,0.29,0.16,0.05,0.08,0.03,1.89,0.2,0.38,0.4,0.31,0.64,0.19,0.02,0.08,0.07,0.03,0.0
1961-08-01,0.93,-0.02,0.04,0.13,0.54,0.22,0.08,0.03,-0.03,0.03,0.05,0.0,1.21,0.18,0.72,0.29,0.11,0.04,0.07,0.0,1.8,0.1,0.4,0.39,0.31,0.65,0.16,0.01,0.08,-0.01,0.02,0.08
1961-09-01,0.99,0.0,-0.01,0.22,0.56,0.2,0.11,0.01,-0.04,0.04,0.11,0.0,1.33,0.29,0.76,0.27,0.2,0.05,0.15,0.0,1.88,0.06,0.42,0.53,0.29,0.64,0.36,0.05,0.07,0.15,0.0,0.1
1961-10-01,0.87,0.0,-0.11,0.21,0.54,0.2,-0.01,-0.04,0.0,-0.02,0.04,0.0,1.31,0.29,0.73,0.27,0.03,-0.02,0.05,0.0,1.83,0.03,0.4,0.5,0.29,0.66,0.13,0.01,0.05,0.0,0.03,0.05
1961-11-01,0.53,-0.05,-0.22,0.07,0.56,0.14,0.01,0.03,-0.03,-0.05,0.06,0.0,1.05,0.09,0.77,0.19,0.02,-0.07,0.09,0.0,1.89,-0.01,0.42,0.6,0.26,0.66,0.21,0.03,0.07,0.08,0.0,0.03
1961-12-01,0.54,-0.09,-0.26,0.15,0.57,0.14,0.03,-0.07,0.03,0.01,0.06,0.0,1.17,0.2,0.78,0.19,0.09,0.02,0.08,0.0,1.89,0.04,0.48,0.54,0.23,0.66,0.19,0.04,0.07,0.01,0.02,0.04
1962-01-01,0.71,-0.09,-0.15,0.08,0.67,0.19,0.19,0.02,0.08,-0.05,0.08,0.06,1.27,0.11,0.9,0.26,0.12,-0.06,0.1,0.07,2.19,0.11,0.63,0.51,0.25,0.73,0.25,0.05,0.12,-0.01,0.02,0.07
1962-02-01,0.89,-0.03,-0.07,0.1,0.68,0.2,0.27,0.05,0.1,0.04,0.07,0.02,1.33,0.13,0.93,0.28,0.17,0.05,0.1,0.02,2.25,0.2,0.68,0.49,0.24,0.67,0.24,0.07,0.05,0.06,0.02,0.02
1962-03-01,1.08,-0.07,0.01,0.18,0.73,0.23,0.13,-0.09,0.04,0.09,0.06,0.03,1.54,0.25,0.99,0.31,0.23,0.12,0.08,0.03,2.42,0.24,0.71,0.54,0.21,0.75,0.21,0.01,0.02,0.04,0.01,0.12
1962-04-01,1.25,0.14,0.06,0.14,0.79,0.13,0.11,0.09,0.01,-0.03,0.08,-0.04,1.42,0.19,1.07,0.18,0.02,-0.04,0.11,-0.05,2.58,0.37,0.75,0.45,0.24,0.78,0.27,0.1,0.05,0.01,0.05,0.07
1962-05-01,1.26,0.09,0.11,0.09,0.79,0.19,0.06,-0.01,-0.03,-0.01,0.05,0.06,1.43,0.12,1.06,0.25,0.14,-0.01,0.07,0.08,2.59,0.38,0.77,0.49,0.2,0.76,0.17,0.01,0.03,0.06,0.01,0.06
1962-06-01,1.28,0.02,0.16,0.13,0.82,0.15,0.06,-0.06,-0.02,0.05,0.09,0.0,1.46,0.17,1.11,0.2,0.18,0.07,0.12,0.0,2.69,0.47,0.72,0.57,0.22,0.71,0.29,0.07,0.02,0.1,0.02,0.06
1962-07-01,1.0,-0.09,0.05,0.11,0.79,0.14,-0.06,-0.06,-0.06,0.02,0.03,0.02,1.39,0.15,1.06,0.19,0.09,0.02,0.04,0.02,2.59,0.47,0.62,0.59,0.2,0.71,0.09,0.02,-0.01,0.09,0.01,-0.01
1962-08-01,1.06,-0.05,0.14,0.06,0.73,0.18,0.14,0.08,0.06,-0.02,0.0,0.04,1.3,0.08,0.99,0.24,0.01,-0.03,0.0,0.05,2.42,0.52,0.5,0.59,0.18,0.62,0.0,0.06,-0.04,-0.01,-0.01,-0.01
1962-09-01,1.44,0.08,0.41,0.13,0.66,0.18,0.49,0.13,0.21,0.11,0.04,0.0,1.3,0.18,0.89,0.24,0.2,0.15,0.05,0.0,2.18,0.53,0.41,0.38,0.19,0.65,0.12,0.06,-0.01,-0.06,0.01,0.12
1962-10-01,1.35,0.07,0.34,0.08,0.69,0.18,-0.1,-0.04,-0.06,-0.07,0.06,0.0,1.26,0.11,0.92,0.24,-0.01,-0.1,0.08,0.01,2.25,0.55,0.35,0.49,0.16,0.68,0.2,0.03,-0.01,0.11,0.0,0.08
1962-11-01,1.41,0.05,0.39,0.11,0.69,0.18,0.07,0.0,0.02,-0.02,0.07,0.0,1.31,0.15,0.93,0.24,0.07,-0.03,0.1,0.01,2.28,0.6,0.32,0.45,0.17,0.71,0.23,0.09,0.04,0.05,0.01,0.06
1962-12-01,1.35,0.17,0.24,0.07,0.68,0.19,-0.04,0.05,-0.11,-0.03,0.05,0.0,1.26,0.09,0.91,0.25,0.03,-0.04,0.06,0.0,2.24,0.57,0.28,0.49,0.12,0.77,0.15,0.0,0.03,0.06,-0.03,0.1
1963-01-01,1.4,0.1,0.31,0.14,0.67,0.19,0.24,-0.05,0.15,0.02,0.06,0.06,1.33,0.18,0.9,0.26,0.19,0.03,0.09,0.08,2.21,0.54,0.21,0.53,0.11,0.81,0.21,0.02,0.05,0.02,0.02,0.11
1963-02-01,1.24,0.04,0.24,0.14,0.64,0.18,0.11,-0.01,0.03,0.04,0.04,0.0,1.28,0.19,0.86,0.24,0.12,0.05,0.06,0.0,2.11,0.52,0.11,0.53,0.08,0.87,0.14,0.05,-0.04,0.06,-0.02,0.08
1963-03-01,1.02,0.08,0.12,0.07,0.61,0.15,-0.08,-0.05,-0.08,0.02,0.03,0.0,1.1,0.1,0.81,0.2,0.06,0.03,0.04,0.0,1.99,0.52,0.07,0.49,0.08,0.83,0.09,0.01,-0.02,0.01,0.01,0.08
1963-04-01,0.9,-0.03,0.03,0.15,0.55,0.21,-0.01,-0.02,-0.08,0.05,0.02,0.02,1.21,0.21,0.73,0.27,0.12,0.07,0.03,0.02,1.79,0.44,0.02,0.51,0.03,0.79,0.08,0.02,-0.01,0.02,-0.01,0.04
1963-05-01,1.0,0.01,0.05,0.2,0.56,0.19,0.16,0.03,0.0,0.03,0.06,0.04,1.25,0.26,0.74,0.25,0.18,0.04,0.08,0.05,1.83,0.47,-0.01,0.52,0.04,0.81,0.2,0.04,0.0,0.08,0.02,0.08
1963-06-01,1.16,-0.01,0.25,0.23,0.51,0.19,0.22,-0.08,0.17,0.09,0.04,0.0,1.24,0.31,0.68,0.25,0.17,0.12,0.05,0.0,1.66,0.47,-0.01,0.41,0.0,0.78,0.12,0.07,0.03,-0.01,-0.01,0.04
1963-07-01,1.42,0.11,0.37,0.22,0.54,0.18,0.2,0.06,0.06,0.01,0.05,0.01,1.24,0.3,0.71,0.24,0.09,0.01,0.07,0.01,1.74,0.49,0.03,0.31,0.01,0.91,0.17,0.04,0.03,-0.02,0.01,0.11
1963-08-01,1.41,0.1,0.32,0.26,0.59,0.15,0.14,0.06,0.01,0.01,0.05,0.0,1.32,0.34,0.78,0.2,0.09,0.02,0.07,0.01,1.91,0.52,0.12,0.32,0.01,0.95,0.16,0.09,0.04,0.0,-0.01,0.04
1963-09-01,0.9,-0.12,0.04,0.23,0.59,0.15,-0.02,-0.09,-0.07,0.08,0.05,0.0,1.3,0.31,0.79,0.2,0.18,0.11,0.07,0.0,1.95,0.49,0.14,0.46,0.0,0.86,0.16,0.03,0.01,0.08,0.0,0.04
1963-10-01,1.19,-0.04,0.07,0.35,0.6,0.2,0.19,0.05,-0.02,0.05,0.06,0.06,1.54,0.47,0.8,0.27,0.22,0.07,0.09,0.07,1.96,0.48,0.17,0.44,0.0,0.87,0.21,0.02,0.02,0.08,0.0,0.09
1963-11-01,1.27,-0.06,0.15,0.38,0.59,0.2,0.14,-0.02,0.09,0.0,0.07,0.0,1.55,0.5,0.78,0.27,0.09,0.0,0.09,0.01,1.94,0.42,0.19,0.38,0.04,0.9,0.21,0.03,0.06,-0.01,0.05,0.09
1963-12-01,1.45,-0.1,0.3,0.46,0.6,0.2,0.15,0.01,0.04,0.05,0.06,0.0,1.67,0.61,0.8,0.26,0.14,0.06,0.08,0.0,1.98,0.49,0.23,0.32,0.07,0.86,0.2,0.07,0.07,0.0,-0.01,0.06
1964-01-01,1.42,-0.07,0.27,0.47,0.61,0.14,0.21,-0.02,0.12,0.03,0.08,0.0,1.62,0.62,0.82,0.18,0.14,0.04,0.1,0.0,2.03,0.57,0.23,0.35,0.07,0.79,0.26,0.09,0.06,0.05,0.02,0.04
1964-02-01,1.45,-0.07,0.25,0.46,0.64,0.17,0.14,0.0,0.0,0.04,0.07,0.04,1.69,0.61,0.85,0.23,0.19,0.05,0.09,0.05,2.11,0.56,0.33,0.28,0.13,0.81,0.23,0.04,0.05,-0.01,0.04,0.1
1964-03-01,1.6,-0.03,0.33,0.43,0.7,0.18,0.06,-0.01,0.0,-0.01,0.08,0.0,1.73,0.56,0.92,0.24,0.1,-0.02,0.1,0.0,2.28,0.6,0.42,0.35,0.12,0.78,0.25,0.05,0.07,0.08,0.0,0.05
1964-04-01,1.68,-0.02,0.42,0.4,0.72,0.16,0.07,0.0,0.01,0.02,0.05,0.0,1.7,0.53,0.95,0.21,0.09,0.03,0.06,0.0,2.36,0.64,0.47,0.35,0.13,0.77,0.15,0.07,0.04,0.02,0.0,0.03
1964-05-01,1.53,-0.07,0.39,0.35,0.72,0.14,0.01,-0.02,-0.04,-0.01,0.06,0.02,1.6,0.46,0.95,0.19,0.08,-0.02,0.08,0.03,2.35,0.63,0.52,0.32,0.1,0.77,0.2,0.04,0.05,0.06,-0.01,0.06
1964-06-01,1.45,0.01,0.3,0.26,0.74,0.14,0.14,0.01,0.08,-0.01,0.06,0.0,1.5,0.34,0.98,0.18,0.07,-0.01,0.08,0.0,2.42,0.58,0.54,0.34,0.11,0.85,0.2,0.02,0.04,0.01,0.0,0.12
1964-07-01,1.38,-0.05,0.29,0.27,0.74,0.13,0.13,0.0,0.05,0.02,0.06,0.0,1.51,0.35,0.98,0.17,0.1,0.02,0.07,0.0,2.43,0.59,0.56,0.36,0.09,0.82,0.18,0.05,0.04,0.0,0.0,0.08
1964-08-01,1.32,-0.13,0.27,0.22,0.77,0.18,0.07,-0.01,-0.01,-0.03,0.08,0.06,1.55,0.29,1.02,0.24,0.13,-0.04,0.1,0.07,2.51,0.57,0.56,0.36,0.14,0.88,0.24,0.07,0.05,0.0,0.04,0.08
1964-09-01,1.49,-0.01,0.43,0.12,0.78,0.18,0.15,0.02,0.1,-0.02,0.05,0.0,1.41,0.16,1.02,0.24,0.04,-0.02,0.06,0.0,2.51,0.58,0.6,0.26,0.14,0.93,0.16,0.04,0.05,-0.01,0.0,0.09
1964-10-01,1.36,-0.04,0.47,0.02,0.79,0.13,0.06,0.02,0.01,-0.05,0.07,0.0,1.22,0.03,1.04,0.17,0.04,-0.06,0.1,0.0,2.53,0.64,0.64,0.24,0.15,0.86,0.23,0.08,0.06,0.05,0.01,0.03
1964-11-01,1.35,-0.01,0.4,0.08,0.77,0.12,0.14,0.01,0.01,0.06,0.05,0.0,1.28,0.11,1.02,0.16,0.14,0.08,0.07,0.0,2.49,0.68,0.62,0.23,0.12,0.83,0.17,0.08,0.03,-0.02,0.01,0.07
1964-12-01,1.35,0.01,0.36,0.07,0.76,0.14,0.15,0.03,0.01,0.03,0.06,0.02,1.28,0.09,1.0,0.18,0.14,0.04,0.07,0.02,2.46,0.65,0.56,0.26,0.12,0.87,0.18,0.03,0.01,0.03,0.0,0.1
1965-01-01,1.25,0.07,0.21,0.07,0.76,0.14,0.11,0.04,-0.03,0.03,0.08,0.0,1.27,0.09,1.0,0.18,0.14,0.03,0.1,0.0,2.46,0.62,0.48,0.29,0.12,0.94,0.25,0.06,-0.02,0.08,0.02,0.1
1965-02-01,1.15,0.07,0.15,0.04,0.73,0.14,0.04,0.0,-0.05,0.01,0.04,0.04,1.2,0.06,0.96,0.18,0.12,0.01,0.06,0.05,2.37,0.6,0.42,0.32,0.08,0.95,0.14,0.01,0.0,0.03,0.0,0.11
1965-03-01,1.22,0.11,0.22,0.05,0.71,0.13,0.13,0.03,0.06,0.0,0.05,0.0,1.16,0.07,0.93,0.18,0.06,-0.01,0.06,0.0,2.27,0.57,0.34,0.3,0.11,0.96,0.16,0.01,-0.01,0.05,0.03,0.07
1965-04-01,1.3,0.13,0.26,0.04,0.74,0.14,0.16,0.01,0.06,0.02,0.07,0.0,1.19,0.06,0.97,0.18,0.12,0.02,0.1,0.0,2.36,0.59,0.32,0.31,0.13,1.0,0.24,0.09,0.02,0.03,0.02,0.07
1965-05-01,1.52,0.14,0.39,0.11,0.72,0.15,0.22,0.0,0.09,0.05,0.05,0.04,1.29,0.14,0.94,0.2,0.18,0.06,0.06,0.05,2.32,0.61,0.29,0.23,0.16,1.03,0.16,0.05,0.02,-0.02,0.02,0.09
1965-06-01,1.67,0.16,0.6,0.04,0.71,0.16,0.29,0.02,0.29,-0.07,0.05,0.0,1.2,0.05,0.93,0.21,-0.02,-0.1,0.07,0.0,2.28,0.64,0.29,0.23,0.16,0.96,0.16,0.05,0.04,0.01,0.0,0.06
1965-07-01,1.61,0.16,0.56,0.02,0.72,0.17,0.07,-0.01,0.01,0.0,0.07,0.02,1.19,0.02,0.94,0.23,0.1,-0.01,0.09,0.02,2.32,0.61,0.29,0.26,0.19,0.97,0.21,0.01,0.05,0.03,0.02,0.1
1965-08-01,1.56,0.17,0.44,0.1,0.74,0.11,0.02,0.0,-0.12,0.05,0.1,0.0,1.25,0.13,0.97,0.15,0.19,0.06,0.13,0.0,2.38,0.58,0.29,0.42,0.15,0.95,0.31,0.04,0.04,0.17,0.01,0.06
1965-09-01,1.46,0.16,0.28,0.09,0.81,0.12,0.05,0.01,-0.06,-0.02,0.11,0.0,1.33,0.12,1.06,0.15,0.12,-0.03,0.15,0.0,2.59,0.6,0.28,0.55,0.17,0.99,0.35,0.06,0.04,0.12,0.02,0.12
1965-10-01,1.42,0.19,0.28,0.03,0.79,0.13,0.03,0.04,0.02,-0.11,0.06,0.02,1.25,0.04,1.04,0.18,-0.04,-0.14,0.08,0.02,2.54,0.56,0.27,0.51,0.18,1.02,0.19,0.04,0.05,0.02,0.02,0.07
1965-11-01,1.45,0.16,0.3,0.0,0.83,0.18,0.17,-0.01,0.03,0.03,0.08,0.04,1.3,0.0,1.09,0.23,0.19,0.04,0.1,0.05,2.62,0.52,0.3,0.57,0.19,1.04,0.24,0.03,0.06,0.05,0.02,0.08
1965-12-01,1.67,0.16,0.41,0.1,0.87,0.16,0.36,0.02,0.11,0.14,0.09,0.0,1.46,0.13,1.14,0.21,0.3,0.18,0.12,0.01,2.75,0.55,0.38,0.58,0.18,1.05,0.3,0.06,0.1,0.03,-0.01,0.12
1966-01-01,1.68,0.11,0.54,0.0,0.85,0.21,0.12,0.0,0.1,-0.08,0.06,0.04,1.35,0.0,1.11,0.27,0.03,-0.1,0.08,0.05,2.69,0.53,0.5,0.55,0.15,0.96,0.2,0.04,0.1,0.04,-0.01,0.02
1966-02-01,2.06,0.1,0.83,0.07,0.88,0.19,0.41,-0.01,0.24,0.08,0.08,0.02,1.48,0.09,1.15,0.24,0.24,0.11,0.11,0.03,2.82,0.65,0.62,0.54,0.15,0.86,0.26,0.12,0.12,0.02,0.0,0.01
1966-03-01,2.18,0.08,0.89,0.1,0.9,0.18,0.24,0.01,0.14,0.03,0.07,0.0,1.55,0.13,1.17,0.24,0.13,0.04,0.09,0.0,2.9,0.66,0.73,0.58,0.12,0.82,0.23,0.02,0.09,0.1,0.0,0.02
1966-04-01,2.37,0.08,0.92,0.18,0.96,0.23,0.34,0.0,0.08,0.09,0.13,0.05,1.8,0.23,1.26,0.3,0.36,0.12,0.17,0.06,3.09,0.69,0.77,0.55,0.12,0.97,0.43,0.12,0.07,0.0,0.02,0.22
1966-05-01,2.26,0.1,0.73,0.17,1.08,0.19,0.12,0.02,-0.1,0.05,0.16,0.0,1.88,0.22,1.42,0.25,0.27,0.06,0.21,0.0,3.46,0.69,0.82,0.74,0.09,1.12,0.52,0.06,0.06,0.16,0.0,0.23
1966-06-01,2.22,0.08,0.45,0.3,1.23,0.2,0.25,0.0,0.0,0.06,0.18,0.01,2.23,0.39,1.61,0.26,0.32,0.08,0.24,0.01,3.88,0.79,0.84,0.9,0.12,1.24,0.57,0.15,0.06,0.16,0.03,0.17
1966-07-01,2.35,0.11,0.38,0.4,1.27,0.19,0.19,0.03,-0.06,0.1,0.12,0.01,2.43,0.53,1.67,0.24,0.29,0.13,0.15,0.01,4.04,0.84,0.85,0.96,0.14,1.26,0.37,0.07,0.06,0.09,0.04,0.11
1966-08-01,2.71,0.12,0.75,0.38,1.29,0.19,0.38,0.01,0.24,0.02,0.11,0.01,2.43,0.5,1.69,0.25,0.18,0.03,0.15,0.01,4.09,0.89,0.9,0.81,0.18,1.31,0.35,0.1,0.08,0.02,0.04,0.11
1966-09-01,2.99,0.14,0.83,0.47,1.29,0.25,0.32,0.04,0.04,0.05,0.13,0.06,2.62,0.62,1.68,0.32,0.31,0.07,0.17,0.07,4.13,0.97,0.92,0.75,0.2,1.29,0.4,0.14,0.05,0.07,0.04,0.1
1966-10-01,3.23,0.11,0.84,0.63,1.36,0.28,0.26,0.01,0.0,0.06,0.14,0.05,2.99,0.83,1.79,0.37,0.33,0.08,0.18,0.07,4.39,1.05,0.92,0.8,0.2,1.42,0.44,0.13,0.04,0.06,0.02,0.18
1966-11-01,3.21,0.13,0.74,0.67,1.42,0.25,0.15,0.01,-0.06,0.07,0.12,0.0,3.06,0.88,1.86,0.32,0.25,0.09,0.16,0.0,4.53,1.1,0.9,0.89,0.2,1.44,0.38,0.09,0.03,0.13,0.03,0.1
1966-12-01,3.05,0.12,0.6,0.66,1.42,0.26,0.21,0.01,-0.04,0.13,0.09,0.02,3.06,0.86,1.86,0.34,0.31,0.16,0.12,0.02,4.52,1.1,0.78,1.01,0.25,1.39,0.28,0.06,-0.02,0.13,0.03,0.07
1967-01-01,2.93,0.15,0.4,0.71,1.42,0.26,0.01,0.02,-0.09,-0.04,0.07,0.04,3.12,0.93,1.86,0.33,0.09,-0.05,0.09,0.05,4.55,1.17,0.65,1.05,0.27,1.39,0.22,0.12,-0.02,0.09,0.01,0.02
1967-02-01,2.63,0.16,0.13,0.65,1.41,0.27,0.12,0.01,-0.03,0.02,0.08,0.04,3.06,0.85,1.85,0.36,0.18,0.03,0.1,0.05,4.53,1.16,0.49,1.14,0.3,1.44,0.25,0.11,-0.04,0.09,0.02,0.06
1967-03-01,2.43,0.14,-0.06,0.67,1.4,0.27,0.05,-0.01,-0.05,0.04,0.07,0.0,3.08,0.87,1.84,0.36,0.15,0.05,0.09,0.0,4.52,1.23,0.36,1.11,0.32,1.5,0.22,0.08,-0.03,0.07,0.02,0.08
1967-04-01,2.25,0.19,-0.23,0.64,1.4,0.24,0.17,0.04,-0.08,0.07,0.12,0.02,3.0,0.84,1.83,0.32,0.28,0.09,0.16,0.02,4.48,1.2,0.29,1.26,0.34,1.4,0.38,0.08,0.01,0.14,0.04,0.12
1967-05-01,2.32,0.16,-0.1,0.65,1.36,0.25,0.19,-0.01,0.03,0.07,0.11,0.0,2.95,0.85,1.78,0.33,0.22,0.09,0.14,0.0,4.29,1.21,0.23,1.15,0.37,1.32,0.33,0.07,0.01,0.06,0.03,0.16
1967-06-01,2.39,0.17,0.02,0.63,1.28,0.29,0.32,0.01,0.12,0.04,0.1,0.05,2.88,0.83,1.67,0.39,0.25,0.05,0.13,0.07,4.02,1.2,0.22,1.04,0.35,1.24,0.31,0.13,0.04,0.05,0.01,0.09
1967-07-01,2.54,0.15,0.15,0.69,1.25,0.29,0.34,0.01,0.07,0.16,0.1,0.0,2.92,0.91,1.64,0.38,0.34,0.21,0.13,0.0,3.96,1.21,0.19,1.05,0.34,1.18,0.3,0.08,0.04,0.08,0.04,0.07
1967-08-01,2.47,0.15,-0.02,0.8,1.25,0.29,0.31,0.01,0.07,0.12,0.11,0.0,3.05,1.05,1.63,0.37,0.31,0.16,0.15,0.0,3.95,1.26,0.15,1.07,0.33,1.16,0.35,0.14,0.04,0.05,0.03,0.08
1967-09-01,2.45,0.16,-0.08,0.86,1.22,0.28,0.3,0.05,-0.02,0.1,0.11,0.05,3.1,1.13,1.6,0.37,0.36,0.13,0.15,0.07,3.9,1.21,0.16,1.07,0.32,1.17,0.35,0.08,0.07,0.07,0.03,0.11
1967-10-01,2.47,0.11,-0.05,0.93,1.21,0.27,0.28,-0.04,0.03,0.13,0.12,0.04,3.15,1.22,1.58,0.35,0.37,0.17,0.16,0.05,3.84,1.18,0.21,1.06,0.32,1.1,0.38,0.1,0.1,0.06,0.01,0.1
1967-11-01,2.66,0.15,0.04,0.96,1.24,0.27,0.33,0.06,0.03,0.1,0.14,0.01,3.22,1.25,1.62,0.35,0.32,0.13,0.18,0.01,3.89,1.21,0.26,1.05,0.31,1.09,0.43,0.12,0.09,0.11,0.02,0.1
1967-12-01,2.61,0.1,0.09,0.85,1.31,0.27,0.16,-0.04,0.01,0.03,0.15,0.01,3.16,1.11,1.7,0.35,0.25,0.03,0.19,0.02,4.07,1.24,0.36,1.0,0.32,1.18,0.46,0.09,0.08,0.08,0.04,0.17
1968-01-01,3.08,0.11,0.26,1.03,1.39,0.28,0.46,0.04,0.08,0.14,0.16,0.05,3.52,1.34,1.81,0.36,0.44,0.18,0.2,0.07,4.34,1.22,0.43,0.96,0.34,1.41,0.48,0.11,0.04,0.06,0.04,0.24
1968-02-01,3.38,0.12,0.36,1.1,1.52,0.28,0.41,0.01,0.06,0.1,0.2,0.03,3.78,1.43,1.98,0.36,0.43,0.13,0.26,0.04,4.72,1.2,0.64,0.96,0.36,1.58,0.62,0.08,0.15,0.11,0.04,0.23
1968-03-01,3.66,0.12,0.43,1.17,1.64,0.29,0.33,-0.01,0.02,0.1,0.19,0.02,4.03,1.52,2.14,0.38,0.4,0.13,0.24,0.02,5.1,1.28,0.85,0.95,0.38,1.64,0.58,0.16,0.17,0.06,0.04,0.15
1968-04-01,3.81,0.06,0.57,1.23,1.62,0.33,0.31,-0.02,0.05,0.12,0.12,0.05,4.13,1.6,2.11,0.42,0.37,0.15,0.15,0.06,5.07,1.26,0.91,0.86,0.37,1.67,0.36,0.06,0.07,0.05,0.04,0.14
1968-05-01,3.99,0.09,0.6,1.26,1.68,0.36,0.37,0.02,0.05,0.1,0.16,0.04,4.29,1.64,2.18,0.47,0.38,0.13,0.2,0.05,5.22,1.25,1.03,0.91,0.37,1.66,0.48,0.06,0.12,0.12,0.03,0.15
1968-06-01,4.0,0.11,0.47,1.32,1.77,0.33,0.32,0.02,-0.01,0.1,0.19,0.02,4.44,1.72,2.3,0.42,0.39,0.12,0.24,0.02,5.5,1.27,1.12,0.99,0.4,1.72,0.58,0.15,0.12,0.12,0.04,0.14
1968-07-01,3.96,0.1,0.44,1.24,1.81,0.36,0.31,0.0,0.05,0.1,0.13,0.04,4.43,1.61,2.35,0.47,0.33,0.13,0.16,0.05,5.59,1.22,1.23,0.98,0.38,1.78,0.39,0.05,0.13,0.07,0.02,0.12
1968-08-01,4.06,0.14,0.44,1.23,1.88,0.37,0.41,0.05,0.06,0.11,0.18,0.01,4.52,1.59,2.44,0.48,0.39,0.14,0.23,0.02,5.79,1.19,1.31,1.02,0.39,1.88,0.54,0.12,0.11,0.1,0.05,0.18
1968-09-01,4.11,0.06,0.52,1.26,1.9,0.37,0.35,-0.02,0.06,0.12,0.14,0.05,4.57,1.63,2.46,0.48,0.4,0.16,0.18,0.07,5.87,1.22,1.33,1.06,0.39,1.87,0.43,0.11,0.09,0.11,0.02,0.1
1968-10-01,4.27,0.11,0.61,1.2,1.97,0.38,0.44,0.01,0.11,0.11,0.17,0.04,4.6,1.56,2.55,0.49,0.41,0.14,0.22,0.05,6.04,1.24,1.32,1.05,0.43,1.98,0.53,0.12,0.09,0.05,0.06,0.2
1968-11-01,4.28,0.08,0.6,1.22,1.98,0.39,0.34,0.02,0.03,0.11,0.16,0.02,4.67,1.59,2.56,0.51,0.38,0.15,0.2,0.02,6.08,1.21,1.32,1.05,0.46,2.04,0.48,0.09,0.09,0.11,0.05,0.15
1968-12-01,4.33,0.09,0.6,1.24,1.97,0.43,0.21,-0.03,0.0,0.03,0.15,0.05,4.72,1.61,2.55,0.56,0.3,0.04,0.2,0.07,6.09,1.21,1.33,1.05,0.45,2.04,0.46,0.09,0.1,0.07,0.03,0.17
1969-01-01,4.25,0.1,0.56,1.18,2.0,0.41,0.39,0.04,0.06,0.07,0.19,0.04,4.65,1.53,2.59,0.54,0.38,0.1,0.24,0.05,6.18,1.21,1.44,1.08,0.47,1.96,0.56,0.12,0.16,0.08,0.05,0.15
1969-02-01,4.1,0.1,0.46,1.18,1.95,0.4,0.25,0.01,-0.03,0.1,0.15,0.02,4.56,1.53,2.52,0.51,0.34,0.13,0.19,0.02,6.0,1.28,1.31,1.06,0.46,1.86,0.45,0.15,0.06,0.08,0.04,0.13
1969-03-01,4.25,0.16,0.49,1.22,1.95,0.41,0.47,0.06,0.05,0.13,0.2,0.04,4.63,1.58,2.52,0.54,0.47,0.17,0.25,0.05,6.01,1.29,1.23,1.07,0.5,1.91,0.59,0.17,0.09,0.06,0.08,0.2
1969-04-01,4.38,0.24,0.53,1.19,2.04,0.39,0.44,0.05,0.09,0.1,0.18,0.02,4.65,1.54,2.63,0.5,0.38,0.13,0.23,0.03,6.22,1.38,1.29,1.11,0.53,1.91,0.55,0.15,0.09,0.1,0.06,0.15
1969-05-01,4.41,0.2,0.58,1.15,2.04,0.44,0.4,0.0,0.1,0.06,0.17,0.09,4.68,1.49,2.63,0.56,0.4,0.07,0.21,0.11,6.25,1.44,1.25,1.09,0.54,1.91,0.5,0.11,0.09,0.11,0.04,0.15
1969-06-01,4.58,0.21,0.79,1.15,2.01,0.44,0.48,0.03,0.19,0.1,0.15,0.02,4.63,1.48,2.59,0.56,0.34,0.13,0.19,0.02,6.11,1.38,1.22,1.05,0.54,1.94,0.46,0.11,0.06,0.09,0.04,0.17
1969-07-01,4.72,0.19,0.83,1.19,2.03,0.48,0.44,-0.02,0.09,0.12,0.16,0.08,4.76,1.53,2.61,0.62,0.47,0.15,0.21,0.11,6.22,1.44,1.15,1.1,0.57,1.97,0.48,0.1,0.06,0.11,0.05,0.16
1969-08-01,4.58,0.16,0.82,1.12,1.99,0.48,0.27,0.01,0.05,0.05,0.15,0.02,4.65,1.45,2.57,0.63,0.28,0.06,0.2,0.02,6.13,1.44,1.07,1.12,0.55,1.95,0.46,0.11,0.06,0.1,0.02,0.16
1969-09-01,4.65,0.18,0.86,1.08,2.05,0.48,0.42,0.0,0.1,0.08,0.18,0.05,4.65,1.39,2.64,0.62,0.4,0.11,0.23,0.06,6.25,1.49,1.06,1.16,0.58,1.97,0.55,0.16,0.07,0.14,0.05,0.12
1969-10-01,4.55,0.18,0.74,1.07,2.06,0.5,0.34,0.01,0.0,0.1,0.18,0.05,4.67,1.38,2.65,0.64,0.43,0.13,0.23,0.07,6.27,1.51,1.05,1.29,0.55,1.87,0.54,0.14,0.08,0.18,0.03,0.12
1969-11-01,4.65,0.15,0.88,1.05,2.04,0.53,0.43,-0.02,0.15,0.1,0.14,0.05,4.67,1.36,2.63,0.69,0.38,0.13,0.19,0.07,6.21,1.55,1.02,1.25,0.54,1.85,0.43,0.12,0.07,0.08,0.04,0.13
1969-12-01,4.91,0.21,1.01,1.07,2.09,0.53,0.46,0.03,0.14,0.05,0.19,0.05,4.75,1.37,2.69,0.69,0.37,0.06,0.25,0.07,6.33,1.59,1.02,1.25,0.61,1.87,0.57,0.12,0.09,0.09,0.09,0.18
1970-01-01,4.88,0.16,1.07,1.05,2.04,0.55,0.36,-0.01,0.11,0.05,0.16,0.06,4.7,1.35,2.63,0.71,0.33,0.06,0.2,0.07,6.22,1.66,0.85,1.27,0.68,1.77,0.46,0.17,0.02,0.09,0.12,0.06
1970-02-01,5.03,0.17,1.18,1.03,2.07,0.57,0.4,0.03,0.08,0.08,0.18,0.04,4.74,1.33,2.67,0.73,0.38,0.11,0.23,0.05,6.31,1.6,0.83,1.35,0.75,1.78,0.53,0.1,0.04,0.16,0.1,0.14
1970-03-01,4.79,0.05,1.14,0.95,2.05,0.59,0.25,-0.06,0.02,0.06,0.17,0.06,4.64,1.23,2.64,0.77,0.37,0.07,0.22,0.08,6.21,1.59,0.77,1.4,0.7,1.74,0.5,0.16,0.04,0.12,0.03,0.16
1970-04-01,4.86,0.15,1.09,0.92,2.08,0.61,0.51,0.15,0.05,0.06,0.21,0.03,4.65,1.18,2.67,0.78,0.4,0.08,0.27,0.04,6.28,1.58,0.72,1.55,0.65,1.79,0.62,0.14,0.04,0.21,0.02,0.21
1970-05-01,4.77,0.13,1.07,0.92,2.07,0.58,0.32,-0.02,0.07,0.06,0.16,0.06,4.61,1.18,2.67,0.74,0.35,0.07,0.2,0.08,6.24,1.63,0.67,1.52,0.62,1.79,0.46,0.15,0.03,0.1,0.02,0.15
1970-06-01,4.54,0.09,0.86,0.91,2.07,0.61,0.26,-0.02,0.0,0.08,0.15,0.05,4.62,1.16,2.66,0.79,0.36,0.11,0.19,0.06,6.21,1.66,0.68,1.5,0.65,1.72,0.43,0.14,0.06,0.07,0.05,0.11
1970-07-01,4.46,0.14,0.8,0.89,2.06,0.56,0.37,0.04,0.03,0.1,0.16,0.04,4.53,1.14,2.66,0.73,0.38,0.13,0.21,0.05,6.19,1.66,0.65,1.48,0.66,1.76,0.47,0.09,0.04,0.1,0.06,0.18
1970-08-01,4.45,0.08,0.79,0.93,2.02,0.61,0.26,-0.05,0.04,0.08,0.12,0.06,4.6,1.2,2.6,0.78,0.35,0.11,0.16,0.08,6.09,1.61,0.61,1.44,0.69,1.73,0.36,0.07,0.02,0.07,0.05,0.14
1970-09-01,4.48,0.13,0.75,0.96,2.02,0.6,0.45,0.05,0.07,0.11,0.18,0.04,4.62,1.24,2.59,0.77,0.42,0.14,0.23,0.05,6.06,1.56,0.62,1.33,0.71,1.83,0.52,0.11,0.09,0.05,0.07,0.2
1970-10-01,4.65,0.2,0.81,1.01,2.01,0.61,0.5,0.07,0.04,0.15,0.17,0.06,4.68,1.3,2.59,0.79,0.49,0.19,0.22,0.08,6.01,1.5,0.64,1.22,0.74,1.9,0.5,0.09,0.09,0.06,0.06,0.2
1970-11-01,4.6,0.26,0.6,1.06,2.07,0.61,0.39,0.04,-0.05,0.16,0.19,0.05,4.82,1.37,2.66,0.78,0.51,0.2,0.25,0.06,6.15,1.46,0.64,1.25,0.75,2.04,0.56,0.08,0.07,0.1,0.04,0.27
1970-12-01,4.59,0.27,0.47,1.15,2.04,0.65,0.44,0.04,0.01,0.13,0.17,0.1,4.96,1.49,2.62,0.84,0.5,0.16,0.22,0.12,6.06,1.5,0.58,1.26,0.71,2.01,0.49,0.15,0.04,0.11,0.06,0.13
1971-01-01,4.44,0.31,0.23,1.22,2.03,0.63,0.21,0.03,-0.13,0.12,0.15,0.03,5.03,1.58,2.63,0.81,0.4,0.15,0.19,0.05,6.02,1.34,0.61,1.3,0.62,2.15,0.43,0.03,0.06,0.12,0.03,0.2
1971-02-01,4.33,0.24,0.18,1.24,2.01,0.65,0.29,-0.04,0.03,0.09,0.14,0.06,5.02,1.59,2.58,0.84,0.38,0.12,0.18,0.08,5.9,1.31,0.64,1.24,0.52,2.19,0.41,0.06,0.07,0.1,0.02,0.18
1971-03-01,4.41,0.3,0.26,1.21,1.99,0.64,0.33,-0.01,0.09,0.05,0.16,0.05,4.97,1.57,2.57,0.83,0.32,0.06,0.2,0.06,5.85,1.2,0.66,1.16,0.59,2.24,0.45,0.06,0.06,0.03,0.09,0.21
1971-04-01,4.3,0.12,0.34,1.26,1.92,0.66,0.39,-0.03,0.13,0.1,0.14,0.05,4.95,1.62,2.48,0.85,0.37,0.13,0.18,0.06,5.63,1.18,0.71,0.98,0.63,2.14,0.42,0.12,0.09,0.03,0.06,0.1
1971-05-01,4.4,0.15,0.34,1.3,1.93,0.67,0.42,0.01,0.06,0.1,0.17,0.08,5.03,1.67,2.49,0.87,0.44,0.12,0.21,0.1,5.66,1.1,0.77,0.98,0.68,2.13,0.49,0.09,0.09,0.09,0.07,0.15
1971-06-01,4.59,0.2,0.45,1.29,1.96,0.69,0.44,0.03,0.1,0.07,0.17,0.06,5.07,1.66,2.53,0.88,0.4,0.1,0.22,0.08,5.73,1.06,0.81,0.99,0.69,2.18,0.49,0.1,0.1,0.08,0.07,0.15
1971-07-01,4.52,0.14,0.44,1.25,2.0,0.69,0.3,-0.02,0.02,0.07,0.19,0.04,5.07,1.62,2.57,0.89,0.38,0.09,0.25,0.05,5.82,1.05,0.86,0.93,0.73,2.25,0.56,0.08,0.09,0.05,0.09,0.24
1971-08-01,4.55,0.35,0.43,1.05,2.05,0.68,0.29,0.15,0.03,-0.12,0.17,0.05,4.86,1.35,2.64,0.87,0.14,-0.15,0.22,0.07,5.97,1.07,0.95,0.96,0.75,2.26,0.5,0.09,0.1,0.09,0.07,0.15
1971-09-01,4.24,0.32,0.35,0.9,1.99,0.68,0.15,0.02,0.0,-0.03,0.11,0.05,4.59,1.16,2.56,0.88,0.17,-0.04,0.14,0.06,5.77,1.01,0.94,0.96,0.67,2.19,0.33,0.06,0.06,0.05,0.0,0.15
1971-10-01,3.88,0.25,0.34,0.75,1.92,0.64,0.15,0.01,0.02,0.0,0.1,0.02,4.24,0.97,2.47,0.82,0.16,0.01,0.13,0.02,5.56,0.99,0.91,0.93,0.62,2.11,0.29,0.07,0.06,0.04,0.01,0.12
1971-11-01,3.69,0.2,0.43,0.61,1.85,0.63,0.21,-0.01,0.04,0.03,0.11,0.04,3.94,0.78,2.38,0.82,0.23,0.04,0.14,0.05,5.31,1.02,0.89,0.86,0.58,1.96,0.32,0.1,0.06,0.04,0.01,0.12
1971-12-01,3.64,0.17,0.57,0.55,1.8,0.58,0.39,0.02,0.13,0.07,0.13,0.04,3.75,0.72,2.32,0.75,0.31,0.09,0.16,0.06,5.19,0.97,0.95,0.77,0.55,1.97,0.37,0.1,0.08,0.02,0.03,0.14
1972-01-01,3.84,0.11,0.79,0.58,1.78,0.58,0.41,-0.03,0.1,0.13,0.16,0.05,3.78,0.75,2.29,0.75,0.43,0.17,0.2,0.06,5.22,1.0,1.04,0.7,0.57,1.92,0.46,0.07,0.14,0.05,0.05,0.15
1972-02-01,3.95,0.14,0.96,0.52,1.78,0.56,0.39,0.0,0.18,0.04,0.13,0.04,3.67,0.67,2.28,0.72,0.27,0.05,0.17,0.05,5.19,1.03,1.05,0.64,0.57,1.91,0.38,0.09,0.07,0.03,0.02,0.17
1972-03-01,3.76,0.16,0.84,0.51,1.7,0.56,0.14,0.01,-0.02,0.03,0.08,0.05,3.54,0.65,2.18,0.72,0.2,0.04,0.1,0.06,4.96,1.03,1.04,0.65,0.48,1.77,0.23,0.05,0.05,0.05,0.01,0.07
1972-04-01,3.51,0.17,0.69,0.47,1.65,0.53,0.15,-0.02,-0.01,0.07,0.1,0.01,3.39,0.6,2.12,0.68,0.23,0.08,0.13,0.02,4.83,0.95,0.98,0.7,0.43,1.77,0.29,0.06,0.03,0.09,0.01,0.11
1972-05-01,3.31,0.19,0.63,0.42,1.59,0.5,0.22,0.03,0.0,0.04,0.1,0.04,3.18,0.53,2.03,0.64,0.23,0.05,0.12,0.06,4.61,0.9,0.92,0.7,0.37,1.72,0.28,0.03,0.05,0.07,0.01,0.11
1972-06-01,3.01,0.13,0.54,0.36,1.51,0.47,0.15,-0.03,0.02,0.02,0.1,0.04,2.98,0.46,1.92,0.6,0.2,0.02,0.13,0.05,4.39,0.88,0.85,0.67,0.32,1.68,0.28,0.08,0.04,0.05,0.01,0.11
1972-07-01,3.07,0.2,0.61,0.33,1.46,0.49,0.36,0.04,0.08,0.05,0.13,0.05,2.88,0.42,1.86,0.62,0.28,0.06,0.17,0.06,4.21,0.96,0.81,0.65,0.27,1.52,0.39,0.15,0.06,0.05,0.03,0.09
1972-08-01,3.07,0.11,0.64,0.45,1.4,0.48,0.29,0.06,0.06,0.01,0.11,0.05,2.96,0.58,1.78,0.61,0.21,0.01,0.14,0.06,4.02,0.94,0.76,0.63,0.2,1.49,0.32,0.08,0.04,0.07,0.01,0.12
1972-09-01,3.37,0.16,0.75,0.6,1.38,0.48,0.45,0.08,0.11,0.11,0.1,0.05,3.13,0.77,1.75,0.61,0.33,0.14,0.13,0.06,4.0,0.95,0.71,0.65,0.23,1.47,0.3,0.05,0.02,0.09,0.02,0.12
1972-10-01,3.33,0.18,0.78,0.52,1.39,0.47,0.11,0.02,0.05,-0.08,0.11,0.01,3.03,0.66,1.77,0.6,0.06,-0.1,0.14,0.01,4.03,0.94,0.66,0.66,0.26,1.52,0.33,0.06,0.01,0.04,0.04,0.17
1972-11-01,3.42,0.21,0.8,0.53,1.39,0.5,0.3,0.03,0.06,0.04,0.11,0.06,3.07,0.67,1.77,0.64,0.26,0.04,0.14,0.08,4.03,0.91,0.61,0.7,0.28,1.52,0.32,0.07,0.02,0.08,0.03,0.12
1972-12-01,3.35,0.19,0.75,0.52,1.37,0.53,0.32,0.0,0.08,0.07,0.09,0.07,3.05,0.66,1.73,0.68,0.3,0.09,0.11,0.09,3.91,0.86,0.55,0.71,0.28,1.51,0.26,0.05,0.01,0.04,0.03,0.13
1973-01-01,3.24,0.26,0.84,0.41,1.15,0.57,0.3,0.04,0.21,0.02,-0.05,0.08,2.68,0.52,1.46,0.72,0.06,0.02,-0.06,0.1,3.3,0.84,0.2,0.7,0.27,1.28,-0.13,0.06,-0.2,0.04,0.04,-0.07
1973-02-01,3.37,0.33,0.89,0.45,1.15,0.57,0.53,0.06,0.21,0.08,0.13,0.04,2.73,0.57,1.46,0.72,0.32,0.1,0.16,0.05,3.29,0.88,0.16,0.76,0.3,1.18,0.37,0.12,0.03,0.1,0.04,0.07
1973-03-01,3.96,0.35,1.31,0.53,1.24,0.55,0.71,0.02,0.36,0.11,0.17,0.04,2.94,0.67,1.58,0.7,0.4,0.14,0.22,0.05,3.56,0.92,0.17,0.83,0.31,1.31,0.5,0.1,0.06,0.11,0.02,0.2
1973-04-01,4.57,0.44,1.56,0.6,1.41,0.6,0.74,0.07,0.21,0.14,0.26,0.05,3.3,0.76,1.79,0.76,0.58,0.18,0.33,0.07,4.05,0.99,0.22,0.89,0.35,1.59,0.77,0.11,0.07,0.16,0.05,0.37
1973-05-01,4.85,0.45,1.73,0.63,1.47,0.62,0.49,0.04,0.15,0.07,0.17,0.07,3.46,0.8,1.87,0.79,0.39,0.09,0.21,0.09,4.26,1.04,0.23,1.04,0.38,1.57,0.48,0.08,0.06,0.21,0.04,0.1
1973-06-01,5.29,0.57,1.85,0.68,1.65,0.58,0.57,0.1,0.13,0.07,0.26,0.0,3.69,0.87,2.1,0.74,0.43,0.09,0.33,0.0,4.75,1.05,0.26,1.12,0.43,1.91,0.76,0.1,0.07,0.12,0.06,0.43
1973-07-01,5.3,0.53,1.77,0.7,1.75,0.59,0.36,0.01,0.02,0.06,0.23,0.05,3.84,0.89,2.22,0.75,0.43,0.08,0.29,0.07,5.03,0.95,0.22,1.19,0.42,2.27,0.65,0.06,0.02,0.11,0.02,0.44
1973-08-01,6.2,0.5,2.53,0.74,1.88,0.63,1.15,0.02,0.78,0.05,0.23,0.08,4.1,0.94,2.38,0.79,0.46,0.06,0.3,0.11,5.4,1.08,0.32,1.28,0.45,2.25,0.67,0.21,0.13,0.16,0.04,0.12
1973-09-01,6.15,0.41,2.43,0.68,2.1,0.61,0.4,0.0,0.0,0.05,0.32,0.03,4.28,0.87,2.66,0.77,0.51,0.06,0.4,0.04,6.04,1.13,0.35,1.51,0.46,2.61,0.91,0.1,0.05,0.3,0.03,0.44
1973-10-01,6.63,0.61,2.44,0.81,2.19,0.64,0.57,0.2,0.06,0.04,0.21,0.04,4.62,1.03,2.78,0.81,0.39,0.05,0.27,0.05,6.35,1.23,0.39,1.75,0.47,2.53,0.62,0.17,0.06,0.27,0.05,0.08
1973-11-01,7.18,0.85,2.57,0.88,2.31,0.63,0.82,0.25,0.2,0.1,0.22,0.05,4.85,1.12,2.93,0.8,0.48,0.13,0.28,0.07,6.67,1.25,0.44,1.88,0.48,2.63,0.62,0.1,0.06,0.21,0.03,0.21
1973-12-01,7.72,1.13,2.62,0.88,2.52,0.64,0.82,0.26,0.13,0.07,0.28,0.08,5.12,1.12,3.19,0.81,0.55,0.09,0.36,0.11,7.25,1.31,0.54,2.0,0.55,2.88,0.8,0.11,0.1,0.14,0.1,0.35
1974-01-01,8.43,1.47,2.62,1.02,2.81,0.55,0.96,0.35,0.23,0.14,0.25,-0.01,5.57,1.29,3.56,0.69,0.49,0.18,0.32,-0.01,8.16,1.45,0.89,2.11,0.53,3.22,0.71,0.18,0.14,0.12,0.02,0.27
1974-02-01,9.12,1.74,2.79,1.15,2.95,0.55,1.16,0.28,0.38,0.18,0.27,0.04,5.91,1.45,3.74,0.7,0.64,0.24,0.34,0.06,8.6,1.52,0.97,2.11,0.53,3.49,0.77,0.19,0.1,0.1,0.05,0.33
1974-03-01,9.6,2.05,2.63,1.3,3.15,0.51,1.16,0.31,0.24,0.24,0.36,0.0,6.3,1.64,3.98,0.65,0.78,0.3,0.47,0.0,9.19,1.69,0.99,2.13,0.57,3.85,1.05,0.25,0.09,0.12,0.06,0.52
1974-04-01,9.56,2.12,2.4,1.42,3.18,0.5,0.71,0.12,0.0,0.26,0.28,0.04,6.48,1.8,4.03,0.63,0.75,0.34,0.36,0.05,9.23,1.72,1.0,2.16,0.61,3.79,0.81,0.14,0.08,0.21,0.09,0.3
1974-05-01,10.1,2.26,2.34,1.72,3.44,0.43,0.99,0.14,0.1,0.34,0.4,0.0,7.09,2.18,4.35,0.55,0.96,0.44,0.52,0.01,9.97,1.95,1.04,2.11,0.66,4.25,1.16,0.29,0.09,0.16,0.08,0.52
1974-06-01,10.41,2.14,2.21,2.05,3.53,0.52,0.85,0.04,0.01,0.39,0.32,0.08,7.72,2.6,4.48,0.66,1.03,0.51,0.41,0.1,10.15,2.12,1.05,2.19,0.71,4.11,0.93,0.27,0.08,0.2,0.11,0.28
1974-07-01,10.82,2.19,2.25,2.41,3.53,0.51,0.74,0.06,0.0,0.39,0.26,0.04,8.22,3.08,4.51,0.65,0.89,0.5,0.33,0.05,10.24,2.29,1.12,2.32,0.78,3.76,0.74,0.22,0.09,0.22,0.08,0.14
1974-08-01,10.7,2.22,1.68,2.75,3.67,0.47,1.05,0.03,0.27,0.37,0.34,0.04,8.75,3.5,4.67,0.6,0.96,0.47,0.43,0.05,10.56,2.4,1.1,2.37,0.81,3.91,0.97,0.32,0.11,0.19,0.08,0.27
1974-09-01,11.41,2.25,2.01,3.08,3.65,0.52,1.04,0.02,0.32,0.31,0.31,0.08,9.18,3.91,4.64,0.66,0.9,0.4,0.4,0.1,10.54,2.56,1.15,2.21,0.91,3.73,0.89,0.25,0.1,0.14,0.13,0.27
1974-10-01,11.57,1.99,2.1,3.33,3.67,0.57,0.72,-0.03,0.15,0.31,0.21,0.09,9.61,4.24,4.67,0.73,0.78,0.4,0.27,0.12,10.52,2.63,1.17,2.11,0.93,3.68,0.6,0.23,0.07,0.17,0.07,0.06
1974-11-01,11.5,1.74,2.08,3.46,3.72,0.58,0.75,0.01,0.18,0.22,0.28,0.07,9.88,4.43,4.75,0.74,0.73,0.29,0.36,0.09,10.7,2.74,1.2,2.04,1.01,3.7,0.79,0.21,0.1,0.14,0.11,0.23
1974-12-01,11.46,1.41,2.2,3.56,3.73,0.59,0.79,0.04,0.21,0.18,0.29,0.08,10.04,4.55,4.78,0.75,0.71,0.23,0.37,0.11,10.71,2.89,1.18,2.05,1.02,3.57,0.81,0.24,0.08,0.17,0.1,0.21
1975-01-01,11.09,1.12,2.04,3.51,3.67,0.76,0.62,0.1,0.07,0.08,0.21,0.16,10.14,4.5,4.7,0.97,0.58,0.11,0.28,0.2,10.57,2.9,1.09,2.06,1.1,3.41,0.59,0.17,0.07,0.13,0.09,0.13
1975-02-01,10.41,0.85,1.6,3.49,3.68,0.79,0.54,0.03,-0.03,0.19,0.28,0.08,10.22,4.49,4.73,1.02,0.71,0.25,0.36,0.1,10.58,2.92,1.03,2.12,1.11,3.4,0.78,0.2,0.06,0.16,0.05,0.31
1975-03-01,9.51,0.56,1.23,3.44,3.48,0.82,0.34,0.02,-0.08,0.17,0.2,0.04,9.94,4.43,4.48,1.06,0.52,0.22,0.25,0.05,10.03,2.79,1.02,2.06,1.11,3.07,0.55,0.14,0.07,0.07,0.06,0.21
1975-04-01,9.11,0.49,1.13,3.33,3.33,0.86,0.34,0.04,-0.08,0.16,0.14,0.07,9.65,4.29,4.3,1.1,0.49,0.2,0.19,0.1,9.59,2.83,1.03,1.95,1.07,2.69,0.4,0.19,0.1,0.09,0.07,-0.05
1975-05-01,8.48,0.41,1.03,2.98,3.14,0.92,0.4,0.06,0.01,0.02,0.23,0.07,9.07,3.84,4.05,1.19,0.43,0.03,0.3,0.1,9.04,2.66,1.02,1.84,1.05,2.49,0.65,0.13,0.08,0.08,0.06,0.31
1975-06-01,8.24,0.51,1.16,2.58,3.07,0.92,0.63,0.12,0.13,0.05,0.25,0.07,8.49,3.34,3.97,1.19,0.49,0.07,0.32,0.1,8.8,2.66,1.02,1.67,1.02,2.45,0.7,0.26,0.07,0.05,0.08,0.24
1975-07-01,8.37,0.62,1.41,2.31,3.08,0.95,0.86,0.16,0.22,0.12,0.28,0.07,8.2,2.98,3.99,1.23,0.62,0.15,0.37,0.09,8.87,2.62,0.94,1.53,0.98,2.8,0.8,0.19,0.01,0.09,0.05,0.46
1975-08-01,7.71,0.65,1.23,2.06,2.83,0.94,0.43,0.07,0.1,0.1,0.13,0.04,7.54,2.66,3.66,1.22,0.34,0.13,0.16,0.05,8.21,2.45,0.86,1.48,0.93,2.51,0.36,0.16,0.02,0.13,0.03,0.01
1975-09-01,7.13,0.73,0.89,1.77,2.81,0.94,0.5,0.09,-0.01,0.08,0.26,0.07,7.16,2.3,3.64,1.22,0.54,0.11,0.34,0.09,8.06,2.47,0.81,1.45,0.89,2.45,0.75,0.26,0.05,0.12,0.1,0.21
1975-10-01,6.99,0.86,0.87,1.54,2.78,0.97,0.58,0.06,0.13,0.11,0.16,0.11,6.86,2.0,3.61,1.26,0.5,0.14,0.21,0.14,7.91,2.43,0.85,1.4,0.85,2.37,0.46,0.2,0.11,0.13,0.04,0.0
1975-11-01,6.87,0.87,0.79,1.4,2.86,0.99,0.64,0.05,0.08,0.11,0.33,0.07,6.78,1.82,3.72,1.28,0.66,0.14,0.43,0.09,8.05,2.47,0.93,1.4,0.8,2.43,0.92,0.27,0.17,0.13,0.07,0.28
1975-12-01,6.62,0.88,0.62,1.37,2.82,0.99,0.55,0.02,0.06,0.17,0.23,0.07,6.68,1.78,3.66,1.28,0.61,0.22,0.29,0.1,7.86,2.47,0.86,1.3,0.77,2.45,0.63,0.23,0.02,0.1,0.07,0.22
1976-01-01,6.36,0.74,0.53,1.44,2.79,0.89,0.38,-0.01,-0.01,0.13,0.19,0.07,6.6,1.86,3.61,1.16,0.51,0.17,0.25,0.09,7.79,2.46,0.82,1.24,0.73,2.53,0.53,0.15,0.03,0.07,0.06,0.22
1976-02-01,5.93,0.7,0.37,1.35,2.64,0.88,0.13,-0.01,-0.17,0.1,0.14,0.07,6.28,1.75,3.4,1.14,0.4,0.13,0.17,0.09,7.37,2.42,0.78,1.21,0.7,2.25,0.38,0.15,0.01,0.13,0.02,0.07
1976-03-01,5.73,0.67,0.37,1.21,2.57,0.92,0.15,-0.02,-0.09,0.05,0.14,0.07,6.07,1.57,3.33,1.2,0.33,0.06,0.18,0.09,7.19,2.48,0.66,1.2,0.7,2.15,0.38,0.19,-0.03,0.07,0.05,0.1
1976-04-01,5.61,0.61,0.4,1.17,2.57,0.89,0.23,-0.03,-0.04,0.13,0.14,0.04,5.97,1.52,3.34,1.15,0.39,0.17,0.18,0.05,7.17,2.46,0.47,1.22,0.67,2.37,0.38,0.15,-0.08,0.1,0.04,0.17
1976-05-01,5.69,0.57,0.45,1.31,2.48,0.87,0.48,0.05,0.06,0.14,0.16,0.07,6.02,1.7,3.21,1.13,0.47,0.17,0.21,0.09,6.96,2.48,0.35,1.27,0.67,2.2,0.46,0.17,-0.03,0.12,0.06,0.14
1976-06-01,5.49,0.53,0.36,1.32,2.41,0.87,0.44,0.08,0.04,0.06,0.18,0.07,5.94,1.71,3.12,1.12,0.41,0.08,0.23,0.09,6.74,2.4,0.33,1.3,0.64,2.06,0.49,0.21,0.05,0.07,0.05,0.11
1976-07-01,5.13,0.4,0.2,1.34,2.33,0.86,0.51,0.02,0.05,0.14,0.22,0.07,5.87,1.74,3.02,1.11,0.55,0.18,0.29,0.09,6.55,2.33,0.48,1.31,0.63,1.8,0.62,0.13,0.15,0.13,0.04,0.19
1976-08-01,5.25,0.36,0.18,1.32,2.46,0.93,0.55,0.03,0.07,0.08,0.27,0.1,6.11,1.72,3.19,1.21,0.58,0.1,0.34,0.13,6.95,2.36,0.62,1.29,0.67,2.02,0.74,0.19,0.15,0.11,0.06,0.22
1976-09-01,5.32,0.32,0.24,1.43,2.4,0.93,0.56,0.06,0.05,0.17,0.21,0.07,6.16,1.85,3.11,1.2,0.58,0.22,0.27,0.09,6.79,2.26,0.66,1.27,0.63,1.98,0.59,0.17,0.09,0.1,0.06,0.17
1976-10-01,5.26,0.34,0.16,1.47,2.38,0.92,0.52,0.09,0.06,0.17,0.11,0.1,6.15,1.89,3.07,1.19,0.49,0.22,0.14,0.13,6.61,2.19,0.57,1.22,0.62,2.01,0.3,0.12,0.02,0.07,0.04,0.05
1976-11-01,5.06,0.37,0.09,1.48,2.22,0.92,0.45,0.09,0.01,0.1,0.18,0.07,5.93,1.9,2.85,1.18,0.45,0.13,0.24,0.09,6.19,2.15,0.44,1.17,0.58,1.86,0.51,0.24,0.04,0.07,0.02,0.14
1976-12-01,5.07,0.45,0.08,1.42,2.18,0.96,0.56,0.1,0.04,0.1,0.19,0.12,5.86,1.82,2.8,1.24,0.54,0.13,0.25,0.16,6.09,2.0,0.51,1.16,0.56,1.86,0.54,0.09,0.09,0.1,0.05,0.22
1977-01-01,5.28,0.53,0.13,1.47,2.17,0.99,0.58,0.07,0.04,0.18,0.19,0.1,5.97,1.89,2.8,1.27,0.61,0.24,0.24,0.13,6.08,2.02,0.42,1.21,0.55,1.9,0.53,0.18,-0.06,0.11,0.05,0.25
1977-02-01,5.97,0.58,0.55,1.49,2.27,1.07,0.78,0.07,0.24,0.11,0.22,0.14,6.19,1.91,2.91,1.37,0.61,0.14,0.29,0.18,6.34,2.04,0.53,1.17,0.59,2.01,0.62,0.17,0.11,0.1,0.06,0.18
1977-03-01,6.34,0.69,0.74,1.43,2.39,1.09,0.5,0.08,0.09,0.0,0.24,0.09,6.29,1.83,3.06,1.4,0.42,0.0,0.31,0.11,6.65,2.11,0.63,1.24,0.63,2.04,0.67,0.24,0.08,0.14,0.09,0.12
1977-04-01,6.72,0.74,0.97,1.34,2.5,1.16,0.58,0.02,0.18,0.03,0.25,0.1,6.4,1.72,3.2,1.48,0.49,0.04,0.32,0.13,6.99,2.18,0.92,1.34,0.63,1.93,0.7,0.2,0.19,0.2,0.03,0.07
1977-05-01,6.75,0.73,1.0,1.3,2.56,1.17,0.51,0.03,0.08,0.12,0.2,0.08,6.44,1.66,3.29,1.51,0.51,0.15,0.26,0.1,7.1,2.17,1.1,1.39,0.62,1.84,0.56,0.15,0.14,0.16,0.05,0.06
1977-06-01,6.88,0.63,1.06,1.38,2.62,1.18,0.56,0.0,0.1,0.13,0.25,0.09,6.64,1.77,3.36,1.52,0.6,0.17,0.32,0.11,7.31,2.1,1.21,1.45,0.62,1.93,0.69,0.16,0.15,0.13,0.05,0.19
1977-07-01,6.89,0.63,1.01,1.4,2.66,1.19,0.52,0.02,0.02,0.15,0.25,0.08,6.72,1.79,3.41,1.52,0.62,0.2,0.32,0.1,7.39,2.11,1.28,1.42,0.62,1.97,0.7,0.13,0.22,0.09,0.04,0.22
1977-08-01,6.8,0.64,0.99,1.4,2.59,1.18,0.47,0.04,0.04,0.09,0.2,0.1,6.62,1.8,3.32,1.52,0.49,0.12,0.25,0.12,7.18,2.03,1.29,1.43,0.6,1.83,0.54,0.12,0.17,0.12,0.04,0.09
1977-09-01,6.6,0.63,0.94,1.25,2.56,1.23,0.38,0.03,0.01,0.03,0.19,0.12,6.45,1.6,3.29,1.58,0.42,0.04,0.24,0.15,7.1,2.03,1.32,1.41,0.6,1.74,0.51,0.17,0.12,0.08,0.05,0.09
1977-10-01,6.54,0.61,0.91,1.22,2.64,1.17,0.46,0.06,0.02,0.14,0.19,0.04,6.44,1.57,3.39,1.5,0.48,0.18,0.24,0.06,7.34,2.01,1.45,1.44,0.6,1.84,0.52,0.1,0.15,0.11,0.04,0.13
1977-11-01,6.67,0.61,0.99,1.26,2.64,1.19,0.57,0.07,0.1,0.14,0.18,0.09,6.51,1.61,3.4,1.52,0.52,0.18,0.23,0.11,7.32,1.94,1.53,1.43,0.59,1.83,0.5,0.15,0.12,0.08,0.01,0.14
1977-12-01,6.59,0.53,1.0,1.34,2.6,1.12,0.49,0.02,0.05,0.17,0.17,0.07,6.48,1.72,3.34,1.43,0.52,0.21,0.21,0.09,7.24,1.97,1.44,1.42,0.64,1.75,0.46,0.14,-0.01,0.08,0.1,0.14
1978-01-01,6.6,0.45,1.12,1.2,2.77,1.08,0.59,-0.01,0.13,0.07,0.33,0.06,6.47,1.54,3.57,1.4,0.6,0.09,0.42,0.08,7.65,2.03,1.86,1.43,0.64,1.69,0.92,0.23,0.35,0.09,0.04,0.2
1978-02-01,6.26,0.39,1.01,1.08,2.8,1.0,0.46,0.02,0.15,-0.02,0.26,0.06,6.23,1.38,3.58,1.28,0.39,-0.03,0.33,0.08,7.74,2.07,1.88,1.54,0.68,1.57,0.71,0.22,0.15,0.16,0.09,0.09
1978-03-01,6.42,0.33,1.1,1.24,2.79,0.96,0.65,0.04,0.18,0.14,0.23,0.05,6.35,1.58,3.55,1.22,0.54,0.18,0.3,0.07,7.71,1.99,2.02,1.53,0.56,1.6,0.64,0.16,0.21,0.14,-0.02,0.15
1978-04-01,6.6,0.33,1.16,1.35,2.83,0.93,0.76,0.02,0.23,0.15,0.29,0.06,6.52,1.73,3.61,1.18,0.65,0.19,0.37,0.08,7.82,1.94,2.08,1.47,0.57,1.75,0.8,0.15,0.24,0.15,0.04,0.22
1978-05-01,6.83,0.34,1.33,1.37,2.86,0.94,0.71,0.04,0.21,0.15,0.22,0.09,6.6,1.75,3.65,1.2,0.59,0.19,0.28,0.12,7.85,1.96,1.96,1.5,0.58,1.85,0.59,0.15,0.05,0.18,0.05,0.16
1978-06-01,6.92,0.37,1.44,1.37,2.85,0.92,0.65,0.02,0.2,0.13,0.25,0.06,6.56,1.75,3.64,1.17,0.56,0.17,0.31,0.08,7.85,1.89,1.88,1.54,0.54,2.0,0.68,0.09,0.06,0.19,0.03,0.32
1978-07-01,6.95,0.39,1.47,1.35,2.88,0.9,0.55,0.03,0.05,0.13,0.27,0.06,6.53,1.72,3.67,1.15,0.59,0.17,0.34,0.08,7.89,2.01,1.67,1.62,0.57,2.03,0.74,0.25,0.0,0.17,0.06,0.26
1978-08-01,7.0,0.41,1.43,1.38,2.93,0.87,0.51,0.05,0.02,0.12,0.25,0.06,6.57,1.75,3.73,1.1,0.54,0.15,0.31,0.08,8.04,2.17,1.59,1.68,0.57,2.04,0.68,0.26,0.09,0.19,0.04,0.09
1978-09-01,7.2,0.44,1.47,1.47,2.96,0.87,0.57,0.07,0.05,0.12,0.22,0.12,6.74,1.87,3.77,1.11,0.58,0.15,0.28,0.15,8.13,2.12,1.51,1.69,0.61,2.2,0.59,0.14,0.04,0.11,0.09,0.22
1978-10-01,7.55,0.51,1.55,1.48,3.11,0.92,0.8,0.12,0.1,0.15,0.34,0.09,7.0,1.89,3.96,1.17,0.73,0.19,0.43,0.11,8.55,2.29,1.62,1.71,0.7,2.23,0.92,0.27,0.24,0.15,0.12,0.14
1978-11-01,7.55,0.5,1.54,1.48,3.13,0.92,0.57,0.07,0.07,0.13,0.21,0.09,7.02,1.88,3.98,1.17,0.54,0.16,0.26,0.11,8.61,2.44,1.63,1.81,0.58,2.14,0.56,0.31,0.12,0.16,-0.09,0.06
1978-12-01,7.53,0.59,1.52,1.4,3.1,0.91,0.47,0.09,0.07,0.09,0.15,0.07,6.89,1.79,3.94,1.16,0.39,0.12,0.19,0.09,8.55,2.39,1.53,1.86,0.5,2.27,0.4,0.07,-0.1,0.14,0.03,0.26
1979-01-01,7.7,0.68,1.7,1.42,2.99,0.95,0.76,0.08,0.27,0.14,0.19,0.08,6.8,1.81,3.81,1.21,0.51,0.17,0.24,0.1,8.12,2.52,0.87,1.91,0.52,2.3,0.52,0.34,-0.27,0.15,0.06,0.23
1979-02-01,7.78,0.74,1.77,1.62,2.74,0.93,0.53,0.07,0.21,0.16,0.04,0.06,6.74,2.07,3.49,1.19,0.33,0.2,0.05,0.08,7.47,2.47,0.21,1.96,0.52,2.3,0.1,0.18,-0.46,0.21,0.08,0.09
1979-03-01,7.92,0.93,1.68,1.64,2.77,0.93,0.78,0.23,0.1,0.14,0.26,0.06,6.77,2.08,3.52,1.18,0.57,0.18,0.33,0.07,7.54,2.44,0.13,2.04,0.6,2.33,0.7,0.15,0.13,0.19,0.05,0.19
1979-04-01,8.23,1.16,1.48,1.67,2.99,0.92,1.04,0.25,0.07,0.17,0.5,0.06,7.06,2.12,3.78,1.16,0.92,0.21,0.64,0.07,8.14,2.41,0.68,2.04,0.65,2.35,1.37,0.12,0.72,0.17,0.1,0.25
1979-05-01,8.57,1.43,1.36,1.64,3.19,0.97,1.04,0.26,0.09,0.11,0.43,0.15,7.36,2.08,4.05,1.23,0.87,0.14,0.55,0.18,8.75,2.41,1.2,2.07,0.67,2.39,1.16,0.14,0.53,0.22,0.07,0.19
1979-06-01,8.76,1.74,1.19,1.58,3.23,1.0,0.83,0.35,0.04,0.07,0.28,0.09,7.36,2.0,4.09,1.27,0.56,0.09,0.36,0.11,8.84,2.47,1.25,2.03,0.69,2.4,0.76,0.15,0.13,0.13,0.05,0.31
1979-07-01,8.99,2.07,1.2,1.54,3.18,1.03,0.76,0.3,0.07,0.1,0.21,0.09,7.27,1.95,4.02,1.31,0.5,0.13,0.27,0.11,8.64,2.44,1.12,2.04,0.73,2.32,0.56,0.22,-0.1,0.15,0.1,0.19
1979-08-01,9.27,2.31,1.13,1.54,3.2,1.11,0.76,0.29,-0.04,0.1,0.28,0.14,7.41,1.95,4.04,1.4,0.66,0.13,0.35,0.18,8.71,2.39,1.07,1.96,0.8,2.49,0.74,0.24,0.04,0.12,0.1,0.24
1979-09-01,9.61,2.51,1.19,1.53,3.28,1.14,0.88,0.26,0.09,0.12,0.28,0.14,7.52,1.93,4.15,1.44,0.68,0.15,0.35,0.18,8.88,2.45,1.09,1.97,0.84,2.54,0.75,0.19,0.07,0.1,0.12,0.26
1979-10-01,9.63,2.55,1.18,1.53,3.15,1.25,0.82,0.15,0.1,0.15,0.23,0.19,7.52,1.94,3.99,1.58,0.73,0.19,0.29,0.25,8.56,2.44,0.87,2.01,0.83,2.4,0.62,0.25,0.02,0.2,0.12,0.03
1979-11-01,9.77,2.59,1.21,1.62,3.19,1.21,0.69,0.11,0.09,0.2,0.25,0.05,7.62,2.05,4.04,1.53,0.64,0.25,0.33,0.06,8.71,2.38,0.58,2.01,1.1,2.63,0.69,0.25,-0.15,0.14,0.18,0.27
1979-12-01,10.18,2.67,1.26,1.72,3.36,1.2,0.84,0.17,0.11,0.17,0.32,0.06,7.98,2.17,4.26,1.52,0.72,0.22,0.42,0.08,9.23,2.59,0.78,2.05,1.22,2.58,0.88,0.26,0.1,0.17,0.15,0.21
1980-01-01,10.5,3.07,1.05,1.81,3.47,1.2,1.05,0.39,0.07,0.24,0.27,0.08,8.24,2.3,4.41,1.53,0.76,0.31,0.35,0.11,9.47,2.57,0.94,2.05,1.28,2.64,0.74,0.31,-0.09,0.17,0.1,0.25
1980-02-01,11.1,3.56,0.81,1.93,3.87,1.22,1.08,0.32,-0.01,0.27,0.43,0.08,8.97,2.46,4.94,1.56,1.0,0.35,0.55,0.11,10.63,2.81,1.62,2.0,1.34,2.86,1.16,0.41,0.21,0.14,0.12,0.29
1980-03-01,11.6,3.57,0.85,2.06,4.03,1.26,1.23,0.37,0.14,0.24,0.38,0.1,9.35,2.62,5.13,1.61,0.93,0.31,0.49,0.13,10.99,2.87,1.74,2.02,1.37,3.0,1.03,0.22,0.24,0.16,0.07,0.34
1980-04-01,11.02,3.33,0.87,2.03,3.75,1.23,0.52,0.04,0.1,0.15,0.21,0.03,8.9,2.58,4.77,1.57,0.51,0.2,0.28,0.04,10.13,3.0,0.91,1.9,1.38,2.95,0.58,0.25,-0.11,0.11,0.11,0.22
1980-05-01,10.74,3.04,0.88,2.07,3.65,1.22,0.78,0.06,0.1,0.14,0.34,0.14,8.84,2.63,4.64,1.56,0.81,0.18,0.45,0.18,9.88,3.02,0.6,1.79,1.42,3.05,0.93,0.16,0.21,0.14,0.11,0.3
1980-06-01,10.52,2.65,0.96,2.14,3.52,1.32,0.63,0.03,0.09,0.16,0.16,0.19,8.95,2.74,4.51,1.7,0.66,0.21,0.21,0.25,9.52,3.09,0.6,1.82,1.44,2.56,0.43,0.22,0.11,0.15,0.07,-0.13
1980-07-01,10.54,2.35,1.05,2.18,3.7,1.3,0.78,0.05,0.19,0.1,0.38,0.06,9.16,2.78,4.72,1.66,0.7,0.13,0.49,0.08,10.01,3.18,0.8,1.73,1.47,2.85,1.02,0.28,0.09,0.08,0.12,0.45
1980-08-01,10.61,2.1,1.36,2.27,3.68,1.24,0.83,0.03,0.24,0.18,0.28,0.1,9.23,2.91,4.71,1.59,0.72,0.23,0.37,0.13,10.04,3.2,0.89,1.75,1.46,2.76,0.77,0.29,0.12,0.13,0.1,0.13
1980-09-01,10.66,1.83,1.46,2.35,3.77,1.26,0.93,0.02,0.18,0.18,0.38,0.16,9.51,3.02,4.85,1.62,0.94,0.24,0.5,0.2,10.36,3.3,1.03,1.82,1.5,2.74,1.04,0.29,0.2,0.15,0.15,0.26
1980-10-01,10.64,1.73,1.46,2.27,3.97,1.23,0.8,0.05,0.11,0.1,0.38,0.16,9.61,2.92,5.09,1.58,0.82,0.13,0.49,0.2,10.8,3.39,1.33,1.74,1.46,2.9,1.02,0.32,0.32,0.12,0.08,0.17
1980-11-01,10.78,1.63,1.56,2.22,4.08,1.29,0.81,0.05,0.16,0.14,0.36,0.11,9.78,2.85,5.24,1.66,0.79,0.18,0.47,0.14,11.1,3.37,1.77,1.78,1.36,2.83,0.97,0.25,0.3,0.15,0.07,0.21
1980-12-01,10.57,1.56,1.52,2.14,3.98,1.36,0.65,0.09,0.09,0.11,0.23,0.12,9.65,2.76,5.12,1.75,0.6,0.14,0.3,0.16,10.82,3.26,1.75,1.77,1.29,2.77,0.63,0.15,0.05,0.15,0.1,0.18
1981-01-01,10.47,1.41,1.46,2.04,4.17,1.37,0.96,0.27,0.02,0.11,0.46,0.1,9.76,2.62,5.35,1.75,0.87,0.15,0.59,0.13,11.36,3.39,2.14,1.77,1.3,2.78,1.22,0.41,0.29,0.16,0.1,0.25
1981-02-01,10.39,1.58,1.52,1.9,4.01,1.39,1.01,0.42,0.04,0.15,0.31,0.1,9.47,2.45,5.19,1.8,0.73,0.2,0.41,0.13,11.0,3.17,1.91,1.84,1.28,2.83,0.84,0.22,-0.04,0.24,0.11,0.32
1981-03-01,9.81,1.47,1.45,1.67,3.89,1.39,0.7,0.2,0.07,0.07,0.26,0.1,9.07,2.17,5.08,1.82,0.56,0.1,0.33,0.13,10.63,3.18,1.64,1.78,1.33,2.71,0.7,0.24,0.01,0.1,0.13,0.22
1981-04-01,9.72,1.33,1.34,1.69,3.9,1.49,0.44,-0.05,-0.01,0.2,0.2,0.1,9.21,2.2,5.08,1.94,0.64,0.26,0.26,0.13,10.58,3.11,1.71,1.79,1.23,2.76,0.53,0.18,0.0,0.11,0.01,0.24
1981-05-01,9.36,1.19,1.19,1.73,3.76,1.52,0.45,-0.05,-0.03,0.19,0.2,0.15,9.08,2.25,4.88,1.97,0.69,0.24,0.26,0.19,10.14,3.08,1.51,1.76,1.04,2.75,0.53,0.15,0.02,0.11,-0.03,0.29
1981-06-01,9.11,1.14,1.12,1.69,3.78,1.4,0.4,-0.02,0.03,0.11,0.2,0.07,8.9,2.19,4.92,1.81,0.5,0.15,0.25,0.1,10.25,3.09,1.28,1.71,1.08,3.1,0.53,0.23,-0.11,0.1,0.08,0.23
1981-07-01,8.92,1.1,1.03,1.71,3.67,1.42,0.6,0.03,0.11,0.1,0.27,0.1,8.8,2.21,4.75,1.84,0.6,0.12,0.36,0.12,9.94,3.18,1.22,1.73,1.07,2.75,0.74,0.38,0.04,0.12,0.11,0.1
1981-08-01,8.7,1.1,0.85,1.63,3.6,1.52,0.63,0.04,0.06,0.11,0.22,0.19,8.74,2.11,4.66,1.97,0.67,0.14,0.28,0.25,9.74,3.29,0.96,1.71,1.0,2.77,0.58,0.38,-0.12,0.11,0.04,0.18
1981-09-01,8.35,1.12,0.7,1.56,3.5,1.48,0.61,0.05,0.04,0.13,0.26,0.12,8.43,2.02,4.52,1.91,0.66,0.16,0.34,0.15,9.38,3.3,0.68,1.62,0.91,2.88,0.71,0.27,-0.07,0.09,0.07,0.36
1981-10-01,7.98,1.08,0.55,1.6,3.33,1.43,0.45,0.02,-0.03,0.12,0.23,0.12,8.18,2.06,4.28,1.84,0.6,0.15,0.29,0.15,8.93,3.24,0.31,1.58,0.86,2.92,0.61,0.32,-0.04,0.09,0.04,0.19
1981-11-01,7.68,1.12,0.38,1.52,3.25,1.42,0.54,0.09,-0.01,0.07,0.28,0.1,7.97,1.96,4.18,1.83,0.58,0.09,0.37,0.12,8.7,3.39,0.18,1.49,0.79,2.83,0.76,0.38,0.15,0.06,0.02,0.15
1981-12-01,7.32,1.04,0.3,1.48,3.13,1.38,0.31,0.01,0.01,0.08,0.11,0.09,7.72,1.91,4.04,1.78,0.37,0.11,0.14,0.12,8.34,3.39,0.09,1.4,0.7,2.76,0.29,0.17,-0.04,0.06,-0.01,0.11
1982-01-01,6.93,0.78,0.37,1.45,2.94,1.38,0.59,0.04,0.08,0.07,0.3,0.1,7.45,1.87,3.8,1.78,0.61,0.09,0.39,0.13,7.89,3.27,0.04,1.35,0.63,2.59,0.81,0.32,0.23,0.09,0.03,0.14
1982-02-01,6.18,0.25,0.42,1.42,2.75,1.33,0.3,-0.08,0.08,0.11,0.14,0.05,7.08,1.83,3.53,1.7,0.39,0.14,0.18,0.07,7.39,3.31,0.09,1.16,0.53,2.35,0.37,0.21,0.01,0.07,0.02,0.08
1982-03-01,5.71,0.01,0.31,1.43,2.65,1.3,0.26,-0.05,-0.04,0.08,0.17,0.08,6.95,1.84,3.41,1.68,0.44,0.11,0.22,0.11,7.14,3.26,0.25,1.15,0.44,2.1,0.46,0.19,0.17,0.08,0.04,-0.03
1982-04-01,5.31,-0.24,0.34,1.3,2.65,1.25,0.05,-0.27,0.02,0.09,0.18,0.04,6.69,1.67,3.41,1.61,0.4,0.11,0.23,0.05,7.08,3.3,0.28,1.09,0.49,2.0,0.48,0.21,0.02,0.06,0.06,0.13
1982-05-01,5.46,-0.09,0.49,1.2,2.66,1.21,0.59,0.06,0.11,0.11,0.21,0.11,6.54,1.55,3.43,1.56,0.54,0.14,0.27,0.14,7.11,3.3,0.45,1.07,0.54,1.84,0.56,0.14,0.19,0.08,0.02,0.13
1982-06-01,5.8,0.21,0.54,1.16,2.71,1.19,0.73,0.25,0.09,0.08,0.26,0.06,6.54,1.51,3.51,1.53,0.5,0.1,0.33,0.07,7.28,3.26,0.67,1.07,0.53,1.82,0.68,0.18,0.11,0.11,0.07,0.22
1982-07-01,5.79,0.25,0.43,1.16,2.71,1.24,0.59,0.08,0.01,0.08,0.28,0.14,6.59,1.5,3.5,1.59,0.65,0.11,0.36,0.18,7.26,3.25,0.82,1.03,0.47,1.77,0.73,0.35,0.19,0.09,0.03,0.06
1982-08-01,5.46,0.2,0.3,1.05,2.77,1.11,0.31,0.01,-0.06,-0.01,0.3,0.08,6.37,1.35,3.56,1.43,0.46,-0.02,0.38,0.1,7.47,3.18,1.25,0.99,0.47,1.63,0.77,0.3,0.31,0.07,0.04,0.04
1982-09-01,5.11,0.14,0.25,0.96,2.7,1.05,0.28,0.0,-0.01,0.05,0.18,0.06,6.07,1.24,3.46,1.35,0.37,0.07,0.23,0.07,7.21,3.06,1.41,1.01,0.43,1.36,0.47,0.16,0.11,0.09,0.03,0.08
1982-10-01,5.23,0.23,0.26,0.95,2.71,1.08,0.56,0.08,-0.02,0.12,0.24,0.13,6.11,1.23,3.5,1.39,0.63,0.16,0.31,0.17,7.23,2.94,1.7,0.96,0.36,1.29,0.62,0.22,0.26,0.05,-0.02,0.12
1982-11-01,4.98,0.13,0.26,0.89,2.63,1.06,0.3,0.02,-0.01,0.02,0.19,0.08,5.88,1.15,3.38,1.37,0.37,0.02,0.25,0.1,6.95,2.85,1.68,0.93,0.31,1.21,0.5,0.28,0.11,0.06,-0.03,0.09
1982-12-01,4.81,0.07,0.22,0.87,2.64,1.02,0.15,-0.08,-0.02,0.07,0.13,0.05,5.83,1.13,3.4,1.32,0.32,0.09,0.16,0.07,7.0,2.78,1.75,0.93,0.32,1.26,0.33,0.11,0.01,0.06,0.01,0.14
1983-01-01,4.68,-0.02,0.11,0.96,2.61,1.01,0.47,-0.05,-0.02,0.16,0.29,0.09,5.9,1.24,3.37,1.31,0.68,0.2,0.37,0.12,6.93,2.7,1.83,0.9,0.28,1.24,0.75,0.25,0.32,0.07,0.0,0.11
1983-02-01,4.54,-0.1,0.04,0.95,2.63,1.01,0.17,-0.14,0.01,0.08,0.16,0.06,5.89,1.22,3.37,1.29,0.37,0.1,0.2,0.07,6.96,2.86,1.86,0.89,0.21,1.16,0.4,0.36,0.05,0.04,-0.05,0.0
1983-03-01,4.41,-0.13,0.19,0.91,2.49,0.94,0.13,-0.07,0.1,0.05,0.04,0.02,5.56,1.17,3.19,1.2,0.13,0.06,0.05,0.02,6.57,2.8,1.52,0.84,0.2,1.23,0.09,0.13,-0.18,0.05,0.03,0.04
1983-04-01,4.83,0.33,0.21,0.87,2.38,1.04,0.46,0.18,0.04,0.05,0.06,0.13,5.46,1.11,3.04,1.33,0.3,0.07,0.07,0.16,6.22,2.7,1.2,0.87,0.26,1.23,0.15,0.12,-0.3,0.08,0.11,0.13
1983-05-01,4.51,0.38,0.16,0.8,2.21,0.96,0.28,0.12,0.05,0.02,0.06,0.03,5.04,1.01,2.81,1.22,0.14,0.03,0.07,0.04,5.78,2.66,0.82,0.85,0.33,1.18,0.15,0.1,-0.19,0.05,0.09,0.09
1983-06-01,4.15,0.17,0.06,0.77,2.2,0.96,0.37,0.01,-0.01,0.07,0.25,0.05,5.01,0.99,2.82,1.22,0.47,0.09,0.31,0.06,5.73,2.63,0.9,0.76,0.23,1.25,0.63,0.14,0.2,0.03,-0.02,0.29
1983-07-01,4.12,0.11,0.05,0.81,2.27,0.87,0.56,0.03,0.0,0.12,0.36,0.06,5.03,1.03,2.91,1.11,0.67,0.15,0.45,0.07,5.92,2.52,1.35,0.68,0.29,1.08,0.91,0.24,0.68,0.01,0.08,-0.1
1983-08-01,4.24,0.11,0.12,0.84,2.35,0.83,0.43,0.01,0.01,0.02,0.35,0.04,5.09,1.06,2.99,1.05,0.52,0.02,0.44,0.05,6.05,2.49,1.52,0.68,0.3,1.03,0.9,0.29,0.48,0.07,0.06,0.0
1983-09-01,4.32,0.1,0.17,0.81,2.4,0.83,0.35,-0.01,0.03,0.02,0.24,0.06,5.13,1.03,3.05,1.06,0.4,0.02,0.3,0.08,6.2,2.48,1.64,0.68,0.29,1.07,0.61,0.15,0.23,0.09,0.02,0.13
1983-10-01,3.91,0.03,0.21,0.7,2.25,0.73,0.17,0.01,0.02,0.03,0.08,0.03,4.65,0.89,2.86,0.93,0.18,0.04,0.1,0.04,5.76,2.45,1.24,0.72,0.31,1.04,0.2,0.2,-0.17,0.08,0.0,0.09
1983-11-01,3.74,-0.02,0.2,0.78,2.08,0.71,0.14,-0.03,-0.02,0.09,0.04,0.06,4.51,0.98,2.64,0.89,0.23,0.11,0.05,0.07,5.34,2.38,0.8,0.72,0.4,1.06,0.11,0.2,-0.33,0.06,0.06,0.1
1983-12-01,3.64,0.02,0.26,0.74,1.92,0.71,0.05,-0.04,0.03,0.03,-0.03,0.06,4.25,0.93,2.43,0.9,0.07,0.03,-0.03,0.07,4.92,2.43,0.52,0.7,0.41,0.91,-0.07,0.15,-0.27,0.04,0.01,-0.01
1984-01-01,3.61,0.08,0.44,0.6,1.83,0.67,0.43,0.01,0.16,0.03,0.18,0.05,3.89,0.76,2.3,0.85,0.33,0.04,0.23,0.06,4.62,2.35,-0.07,0.73,0.47,1.14,0.46,0.19,-0.26,0.1,0.06,0.36
1984-02-01,4.13,0.3,0.53,0.53,2.14,0.68,0.67,0.08,0.09,0.0,0.44,0.06,4.16,0.66,2.69,0.85,0.63,0.0,0.55,0.07,5.38,2.17,0.56,0.77,0.56,1.32,1.13,0.19,0.64,0.07,0.05,0.18
1984-03-01,4.34,0.4,0.43,0.49,2.32,0.73,0.33,0.01,0.01,0.01,0.22,0.08,4.42,0.62,2.92,0.93,0.38,0.02,0.27,0.1,5.86,2.2,1.02,0.78,0.53,1.34,0.54,0.15,0.27,0.07,0.0,0.05
1984-04-01,4.26,0.24,0.37,0.53,2.42,0.72,0.38,0.03,-0.02,0.1,0.17,0.11,4.6,0.67,3.05,0.9,0.47,0.12,0.21,0.14,6.16,2.24,1.45,0.77,0.4,1.33,0.43,0.14,0.12,0.07,-0.01,0.12
1984-05-01,4.1,0.11,0.26,0.52,2.52,0.72,0.13,-0.01,-0.05,0.0,0.15,0.04,4.69,0.65,3.16,0.9,0.23,0.0,0.18,0.04,6.4,2.29,1.7,0.79,0.36,1.29,0.37,0.15,0.05,0.07,0.05,0.05
1984-06-01,3.9,0.03,0.32,0.46,2.37,0.72,0.18,-0.06,0.05,0.01,0.11,0.06,4.45,0.58,2.97,0.91,0.24,0.02,0.14,0.08,6.03,2.3,1.61,0.79,0.34,1.06,0.29,0.16,0.1,0.03,-0.04,0.04
1984-07-01,3.68,-0.01,0.35,0.41,2.18,0.76,0.36,-0.02,0.03,0.07,0.17,0.1,4.19,0.52,2.74,0.96,0.43,0.09,0.21,0.12,5.54,2.18,1.18,0.85,0.24,1.15,0.44,0.14,0.24,0.06,-0.01,0.01
1984-08-01,3.56,-0.03,0.4,0.46,1.96,0.78,0.31,-0.02,0.06,0.07,0.14,0.05,4.0,0.58,2.46,0.98,0.33,0.09,0.17,0.06,4.97,1.98,0.88,0.83,0.19,1.14,0.35,0.1,0.17,0.07,0.01,0.0
1984-09-01,3.34,0.01,0.33,0.51,1.71,0.78,0.14,0.04,-0.03,0.06,-0.01,0.07,3.74,0.64,2.14,0.98,0.15,0.08,-0.01,0.08,4.31,1.93,0.55,0.76,0.03,1.09,-0.02,0.11,-0.1,0.02,-0.14,0.09
1984-10-01,3.4,0.04,0.33,0.49,1.75,0.8,0.24,0.04,0.02,0.01,0.12,0.05,3.79,0.61,2.19,1.0,0.22,0.01,0.15,0.06,4.42,1.91,0.61,0.72,0.19,1.04,0.31,0.17,-0.09,0.05,0.15,0.03
1984-11-01,3.4,0.05,0.33,0.44,1.8,0.79,0.14,-0.02,-0.01,0.03,0.09,0.05,3.77,0.55,2.24,0.98,0.21,0.04,0.11,0.06,4.55,1.88,0.88,0.71,0.16,0.95,0.23,0.17,-0.03,0.05,0.04,0.01
1984-12-01,3.64,0.05,0.31,0.45,2.02,0.8,0.28,-0.06,0.02,0.03,0.21,0.08,4.1,0.56,2.53,1.01,0.4,0.04,0.26,0.1,5.18,1.88,1.47,0.74,0.17,0.96,0.53,0.13,0.29,0.08,0.03,-0.01
1985-01-01,3.7,0.03,0.19,0.47,2.21,0.8,0.5,0.01,0.03,0.05,0.36,0.05,4.34,0.58,2.75,0.99,0.56,0.06,0.44,0.06,5.65,1.83,2.27,0.68,0.16,0.72,0.9,0.14,0.57,0.02,0.05,0.12
1985-02-01,3.49,-0.04,0.14,0.62,1.94,0.85,0.46,0.01,0.04,0.16,0.16,0.1,4.22,0.77,2.4,1.06,0.52,0.2,0.19,0.13,4.88,1.75,1.69,0.69,0.12,0.64,0.39,0.12,0.07,0.09,0.01,0.1
1985-03-01,3.56,0.04,0.15,0.64,1.9,0.82,0.39,0.08,0.03,0.05,0.19,0.05,4.19,0.8,2.37,1.03,0.35,0.06,0.23,0.06,4.8,1.77,1.48,0.69,0.12,0.75,0.47,0.17,0.07,0.06,0.0,0.16
1985-04-01,3.31,0.1,0.14,0.58,1.74,0.75,0.14,0.08,-0.03,0.03,0.03,0.04,3.83,0.72,2.17,0.93,0.12,0.03,0.04,0.05,4.43,1.75,1.22,0.68,0.09,0.7,0.07,0.13,-0.14,0.06,-0.05,0.07
1985-05-01,3.43,0.09,0.16,0.56,1.74,0.87,0.24,-0.01,-0.03,-0.02,0.15,0.16,3.94,0.7,2.16,1.08,0.34,-0.02,0.18,0.19,4.41,1.75,1.18,0.7,0.08,0.72,0.36,0.14,0.02,0.09,0.04,0.07
1985-06-01,3.52,0.15,0.12,0.61,1.76,0.87,0.27,0.0,0.0,0.06,0.15,0.06,4.04,0.76,2.19,1.08,0.33,0.07,0.18,0.08,4.49,1.73,0.96,0.75,0.19,0.89,0.37,0.14,-0.11,0.07,0.06,0.21
1985-07-01,3.41,0.16,0.1,0.52,1.79,0.84,0.25,0.0,0.01,-0.01,0.19,0.06,3.9,0.64,2.22,1.04,0.29,-0.01,0.23,0.08,4.52,1.69,1.04,0.71,0.12,0.97,0.46,0.1,0.32,0.02,-0.08,0.09
1985-08-01,3.43,0.11,0.03,0.49,1.92,0.89,0.33,-0.07,0.0,0.05,0.26,0.1,4.07,0.6,2.38,1.1,0.49,0.06,0.31,0.12,4.81,1.67,1.15,0.7,0.18,1.1,0.63,0.1,0.28,0.06,0.07,0.13
1985-09-01,3.47,0.06,0.06,0.46,2.02,0.86,0.17,0.0,0.0,0.04,0.1,0.04,4.12,0.57,2.5,1.06,0.21,0.04,0.12,0.05,5.08,1.7,1.11,0.76,0.37,1.14,0.24,0.12,-0.12,0.07,0.04,0.13
1985-10-01,3.39,0.03,0.08,0.52,1.9,0.87,0.17,0.0,0.03,0.07,0.0,0.06,4.05,0.65,2.35,1.08,0.16,0.08,0.0,0.07,4.77,1.64,0.9,0.77,0.26,1.21,0.01,0.11,-0.29,0.06,0.04,0.09
1985-11-01,3.55,0.08,0.15,0.55,1.83,0.94,0.29,0.03,0.06,0.05,0.04,0.12,4.09,0.68,2.26,1.16,0.25,0.06,0.05,0.14,4.62,1.59,0.74,0.79,0.16,1.37,0.09,0.13,-0.19,0.05,-0.07,0.17
1985-12-01,3.6,0.18,0.21,0.53,1.78,0.92,0.34,0.04,0.08,0.01,0.15,0.06,3.96,0.65,2.19,1.14,0.27,0.02,0.18,0.08,4.45,1.57,0.6,0.72,0.08,1.49,0.36,0.12,0.15,0.02,-0.05,0.12
1986-01-01,3.56,0.17,0.19,0.54,1.71,0.94,0.46,0.01,0.01,0.06,0.3,0.07,3.94,0.67,2.12,1.16,0.54,0.08,0.37,0.09,4.29,1.57,0.48,0.72,0.05,1.46,0.75,0.15,0.44,0.04,0.02,0.11
1986-02-01,3.09,-0.04,0.13,0.33,1.78,0.87,0.0,-0.19,-0.02,-0.05,0.22,0.04,3.67,0.41,2.2,1.07,0.26,-0.06,0.27,0.05,4.45,1.6,0.69,0.69,0.02,1.45,0.55,0.15,0.27,0.05,-0.02,0.09
1986-03-01,2.46,-0.6,0.11,0.27,1.74,0.95,-0.22,-0.46,0.0,-0.02,0.14,0.12,3.62,0.33,2.14,1.16,0.3,-0.02,0.17,0.15,4.33,1.62,0.66,0.67,0.08,1.3,0.35,0.19,0.04,0.05,0.06,0.01
1986-04-01,2.1,-1.07,0.16,0.27,1.74,1.01,-0.2,-0.38,0.02,0.02,0.03,0.1,3.69,0.33,2.14,1.24,0.18,0.03,0.03,0.12,4.32,1.63,0.62,0.67,0.13,1.29,0.06,0.14,-0.18,0.06,0.0,0.05
1986-05-01,2.05,-1.03,0.21,0.34,1.64,0.88,0.18,0.01,0.03,0.05,0.06,0.03,3.51,0.42,2.02,1.07,0.17,0.06,0.07,0.04,4.1,1.58,0.46,0.64,0.09,1.35,0.15,0.1,-0.14,0.06,0.0,0.12
1986-06-01,2.15,-0.9,0.21,0.35,1.64,0.87,0.37,0.12,0.0,0.07,0.13,0.05,3.47,0.42,2.01,1.07,0.3,0.08,0.15,0.07,4.04,1.58,0.49,0.66,0.06,1.27,0.31,0.14,-0.08,0.09,0.03,0.13
1986-07-01,1.92,-1.11,0.3,0.45,1.45,0.85,0.03,-0.22,0.1,0.09,0.01,0.05,3.36,0.55,1.78,1.05,0.18,0.11,0.01,0.06,3.59,1.59,0.05,0.66,0.11,1.19,0.02,0.12,-0.12,0.03,-0.02,0.01
1986-08-01,1.72,-1.19,0.4,0.5,1.22,0.79,0.13,-0.14,0.1,0.09,0.03,0.04,3.07,0.61,1.49,0.97,0.2,0.11,0.04,0.05,3.02,1.62,-0.39,0.63,0.04,1.13,0.08,0.14,-0.16,0.04,-0.01,0.06
1986-09-01,1.88,-1.09,0.39,0.52,1.27,0.82,0.33,0.06,-0.01,0.04,0.16,0.07,3.19,0.63,1.55,1.0,0.33,0.05,0.2,0.09,3.18,1.66,-0.17,0.63,0.0,1.09,0.4,0.15,0.09,0.07,0.01,0.09
1986-10-01,1.89,-1.23,0.38,0.44,1.49,0.85,0.18,-0.12,0.02,0.01,0.2,0.07,3.38,0.54,1.83,1.04,0.34,0.01,0.24,0.08,3.68,1.74,0.2,0.61,0.03,1.14,0.5,0.18,0.08,0.04,0.07,0.13
1986-11-01,1.78,-1.29,0.36,0.44,1.53,0.78,0.18,-0.03,0.03,0.05,0.08,0.05,3.34,0.54,1.87,0.95,0.21,0.06,0.1,0.05,3.79,1.77,0.29,0.63,0.16,0.97,0.2,0.14,-0.1,0.07,0.07,0.02
1986-12-01,1.58,-1.33,0.29,0.54,1.34,0.74,0.14,0.02,0.01,0.11,-0.04,0.03,3.2,0.66,1.64,0.91,0.13,0.13,-0.04,0.04,3.32,1.79,-0.15,0.65,0.23,0.84,-0.09,0.15,-0.28,0.05,0.02,-0.02
1987-01-01,1.59,-1.11,0.35,0.6,1.06,0.71,0.47,0.2,0.07,0.12,0.03,0.05,2.89,0.73,1.3,0.87,0.24,0.15,0.04,0.06,2.63,1.79,-0.84,0.69,0.31,0.72,0.08,0.16,-0.26,0.08,0.1,0.0
1987-02-01,1.94,-0.76,0.4,0.71,0.87,0.74,0.35,0.15,0.03,0.07,0.02,0.07,2.83,0.87,1.06,0.91,0.2,0.09,0.03,0.08,2.14,1.69,-1.21,0.67,0.28,0.73,0.06,0.05,-0.09,0.03,-0.04,0.11
1987-03-01,2.44,-0.29,0.41,0.83,0.81,0.69,0.26,0.01,0.0,0.1,0.08,0.07,2.83,1.01,0.98,0.84,0.3,0.12,0.09,0.08,1.97,1.7,-1.33,0.68,0.21,0.72,0.19,0.21,-0.07,0.05,0.0,0.0
1987-04-01,3.03,0.09,0.4,0.92,0.96,0.67,0.37,0.01,0.01,0.09,0.18,0.08,3.07,1.1,1.16,0.81,0.42,0.11,0.22,0.1,2.36,1.74,-1.07,0.66,0.25,0.79,0.44,0.17,0.07,0.04,0.03,0.14
1987-05-01,3.1,0.03,0.43,0.94,1.02,0.69,0.25,-0.04,0.06,0.07,0.12,0.04,3.19,1.14,1.23,0.83,0.28,0.09,0.14,0.05,2.5,1.8,-0.88,0.63,0.27,0.69,0.29,0.16,0.05,0.04,0.02,0.02
1987-06-01,3.11,0.01,0.49,0.92,1.04,0.66,0.38,0.1,0.05,0.05,0.15,0.02,3.16,1.11,1.26,0.79,0.27,0.07,0.18,0.03,2.56,1.84,-0.81,0.62,0.32,0.61,0.36,0.17,-0.01,0.08,0.08,0.05
1987-07-01,3.32,0.29,0.35,0.88,1.18,0.62,0.23,0.05,-0.04,0.05,0.15,0.01,3.24,1.06,1.43,0.75,0.26,0.06,0.18,0.02,2.91,1.87,-0.64,0.66,0.35,0.69,0.37,0.16,0.05,0.07,0.01,0.09
1987-08-01,3.6,0.53,0.27,0.87,1.28,0.67,0.4,0.09,0.02,0.06,0.13,0.09,3.38,1.04,1.53,0.81,0.34,0.08,0.15,0.11,3.14,1.87,-0.53,0.64,0.4,0.77,0.31,0.14,-0.04,0.02,0.05,0.14
1987-09-01,3.61,0.44,0.29,0.96,1.28,0.64,0.34,-0.01,0.01,0.09,0.19,0.05,3.45,1.15,1.54,0.76,0.4,0.11,0.23,0.05,3.22,1.9,-0.52,0.63,0.48,0.75,0.47,0.17,0.09,0.06,0.08,0.07
1987-10-01,3.75,0.52,0.28,0.99,1.28,0.68,0.32,-0.04,0.01,0.08,0.18,0.1,3.54,1.18,1.54,0.81,0.43,0.09,0.22,0.12,3.16,1.84,-0.48,0.62,0.46,0.76,0.44,0.13,0.1,0.03,0.04,0.14
1987-11-01,3.76,0.59,0.23,0.97,1.31,0.66,0.19,0.03,-0.01,0.05,0.1,0.03,3.53,1.17,1.57,0.79,0.21,0.06,0.11,0.03,3.19,1.87,-0.44,0.61,0.4,0.77,0.23,0.17,-0.05,0.06,0.02,0.03
1987-12-01,3.81,0.53,0.27,0.86,1.45,0.71,0.18,-0.04,0.04,-0.03,0.12,0.09,3.62,1.03,1.73,0.85,0.21,-0.04,0.14,0.11,3.57,1.83,-0.07,0.6,0.37,0.84,0.28,0.13,0.08,0.03,-0.01,0.05
1988-01-01,3.73,0.27,0.25,0.75,1.72,0.75,0.39,-0.05,0.04,0.06,0.26,0.07,3.86,0.9,2.07,0.9,0.47,0.08,0.31,0.08,4.15,1.89,0.33,0.6,0.31,1.0,0.64,0.22,0.13,0.09,0.04,0.16
1988-02-01,3.52,0.1,0.2,0.65,1.85,0.72,0.15,-0.01,-0.01,-0.04,0.16,0.05,3.86,0.78,2.22,0.86,0.21,-0.05,0.19,0.07,4.49,2.08,0.44,0.64,0.37,0.96,0.39,0.23,0.01,0.06,0.01,0.08
1988-03-01,3.6,0.06,0.2,0.66,1.98,0.69,0.34,-0.02,0.01,0.11,0.2,0.04,4.0,0.79,2.37,0.83,0.43,0.14,0.24,0.05,4.8,2.06,0.59,0.67,0.43,1.04,0.49,0.19,0.07,0.09,0.06,0.08
1988-04-01,3.72,0.09,0.24,0.72,2.02,0.64,0.49,0.03,0.05,0.15,0.23,0.03,4.06,0.87,2.42,0.77,0.49,0.17,0.27,0.04,4.9,2.1,0.54,0.7,0.42,1.13,0.55,0.22,0.02,0.06,0.02,0.22
1988-05-01,3.75,0.11,0.21,0.69,2.1,0.64,0.29,-0.03,0.03,0.05,0.2,0.04,4.12,0.83,2.53,0.77,0.34,0.05,0.24,0.05,5.1,2.2,0.61,0.71,0.43,1.16,0.48,0.24,0.11,0.05,0.03,0.05
1988-06-01,3.8,0.03,0.2,0.72,2.17,0.67,0.43,0.03,0.05,0.07,0.22,0.06,4.27,0.86,2.6,0.81,0.42,0.09,0.26,0.07,5.27,2.22,0.82,0.69,0.4,1.16,0.53,0.18,0.2,0.05,0.04,0.05
1988-07-01,4.07,0.02,0.35,0.78,2.21,0.7,0.49,0.03,0.11,0.1,0.19,0.05,4.43,0.93,2.65,0.84,0.41,0.12,0.23,0.05,5.37,2.28,0.87,0.68,0.43,1.13,0.46,0.21,0.09,0.06,0.04,0.06
1988-08-01,3.96,-0.03,0.37,0.68,2.26,0.67,0.3,0.05,0.04,-0.04,0.18,0.06,4.34,0.81,2.7,0.8,0.25,-0.04,0.22,0.07,5.51,2.33,1.02,0.71,0.42,1.06,0.44,0.18,0.1,0.05,0.04,0.07
1988-09-01,4.12,-0.04,0.42,0.78,2.27,0.69,0.49,-0.02,0.06,0.19,0.2,0.06,4.48,0.93,2.72,0.82,0.54,0.22,0.24,0.07,5.52,2.36,1.0,0.7,0.34,1.15,0.48,0.19,0.07,0.06,0.01,0.15
1988-10-01,4.13,0.0,0.42,0.78,2.3,0.62,0.33,-0.01,0.01,0.1,0.2,0.03,4.43,0.94,2.76,0.74,0.38,0.11,0.23,0.03,5.54,2.44,0.92,0.75,0.31,1.15,0.46,0.21,0.03,0.07,0.02,0.14
1988-11-01,4.17,-0.04,0.44,0.77,2.33,0.67,0.23,0.0,0.0,0.04,0.12,0.07,4.5,0.92,2.78,0.8,0.27,0.05,0.14,0.08,5.6,2.44,0.96,0.71,0.33,1.2,0.28,0.16,0.0,0.02,0.03,0.08
1988-12-01,4.3,0.0,0.43,0.88,2.38,0.62,0.31,-0.01,0.04,0.07,0.17,0.04,4.63,1.05,2.83,0.74,0.33,0.08,0.2,0.05,5.73,2.54,0.89,0.74,0.37,1.2,0.4,0.23,0.02,0.07,0.04,0.05
1989-01-01,4.43,0.09,0.44,0.96,2.34,0.59,0.51,0.04,0.05,0.14,0.23,0.05,4.66,1.15,2.8,0.71,0.51,0.17,0.28,0.06,5.64,2.52,0.83,0.69,0.41,1.21,0.55,0.19,0.07,0.06,0.08,0.16
1989-02-01,4.63,0.14,0.54,0.99,2.37,0.58,0.33,0.04,0.08,-0.01,0.18,0.04,4.71,1.19,2.83,0.7,0.25,-0.01,0.22,0.05,5.68,2.59,0.83,0.7,0.48,1.1,0.43,0.29,0.02,0.07,0.08,-0.03
1989-03-01,4.66,0.23,0.59,0.88,2.36,0.59,0.37,0.07,0.05,0.0,0.2,0.05,4.58,1.05,2.82,0.7,0.3,0.01,0.24,0.06,5.66,2.59,0.81,0.73,0.49,1.07,0.47,0.19,0.06,0.1,0.07,0.06
1989-04-01,4.84,0.54,0.61,0.82,2.29,0.6,0.67,0.32,0.07,0.08,0.15,0.05,4.42,0.97,2.73,0.72,0.34,0.1,0.18,0.06,5.46,2.57,0.84,0.7,0.46,0.92,0.35,0.19,0.06,0.04,0.0,0.07
1989-05-01,4.92,0.61,0.65,0.82,2.22,0.62,0.36,0.05,0.06,0.05,0.14,0.06,4.38,0.98,2.65,0.74,0.3,0.06,0.16,0.07,5.3,2.52,0.75,0.72,0.42,0.92,0.32,0.19,0.03,0.06,-0.01,0.04
1989-06-01,4.71,0.55,0.63,0.77,2.14,0.61,0.22,-0.04,0.03,0.03,0.15,0.05,4.22,0.92,2.56,0.73,0.27,0.03,0.17,0.06,5.11,2.56,0.61,0.72,0.33,0.93,0.34,0.22,0.05,0.05,-0.04,0.06
1989-07-01,4.45,0.49,0.56,0.7,2.09,0.62,0.24,-0.02,0.04,0.03,0.13,0.05,4.06,0.83,2.49,0.74,0.26,0.04,0.16,0.06,4.95,2.56,0.48,0.76,0.28,0.9,0.31,0.22,-0.04,0.1,-0.01,0.03
1989-08-01,4.15,0.32,0.53,0.68,2.0,0.62,0.01,-0.12,0.01,-0.05,0.1,0.07,3.95,0.81,2.39,0.75,0.14,-0.05,0.12,0.08,4.73,2.56,0.33,0.73,0.29,0.86,0.23,0.18,-0.04,0.01,0.04,0.03
1989-09-01,3.88,0.26,0.46,0.58,1.96,0.61,0.22,-0.07,0.0,0.09,0.16,0.04,3.75,0.69,2.34,0.73,0.35,0.11,0.19,0.05,4.62,2.6,0.27,0.72,0.31,0.76,0.37,0.24,0.01,0.05,0.03,0.04
1989-10-01,3.94,0.32,0.49,0.58,1.89,0.67,0.39,0.05,0.04,0.09,0.13,0.08,3.73,0.69,2.25,0.79,0.36,0.11,0.16,0.09,4.46,2.55,0.27,0.74,0.33,0.61,0.31,0.17,0.03,0.08,0.03,0.0
1989-11-01,3.93,0.28,0.52,0.59,1.89,0.65,0.22,-0.04,0.03,0.05,0.12,0.05,3.72,0.7,2.25,0.77,0.27,0.05,0.15,0.06,4.46,2.61,0.29,0.78,0.3,0.54,0.29,0.22,0.03,0.05,0.0,0.0
1989-12-01,3.91,0.3,0.51,0.51,1.91,0.67,0.29,0.01,0.04,-0.02,0.19,0.06,3.68,0.6,2.27,0.79,0.28,-0.02,0.23,0.07,4.52,2.64,0.35,0.76,0.21,0.61,0.45,0.26,0.07,0.05,-0.04,0.11
1990-01-01,4.16,0.55,0.61,0.45,1.89,0.65,0.76,0.31,0.14,0.08,0.2,0.04,3.55,0.54,2.24,0.77,0.39,0.1,0.24,0.04,4.44,2.55,0.29,0.76,0.24,0.64,0.47,0.11,0.01,0.06,0.1,0.19
1990-02-01,4.27,0.48,0.62,0.69,1.87,0.62,0.44,-0.05,0.09,0.24,0.17,0.01,3.79,0.82,2.23,0.74,0.48,0.28,0.2,0.01,4.4,2.44,0.36,0.75,0.17,0.72,0.4,0.19,0.08,0.07,0.01,0.05
1990-03-01,4.28,0.37,0.57,0.74,1.91,0.69,0.38,-0.03,0.0,0.06,0.22,0.12,3.98,0.89,2.27,0.83,0.48,0.07,0.27,0.14,4.46,2.48,0.25,0.76,0.24,0.79,0.52,0.23,-0.04,0.11,0.12,0.11
1990-04-01,3.8,0.05,0.45,0.7,1.91,0.69,0.21,0.0,-0.04,0.03,0.17,0.05,3.94,0.83,2.28,0.83,0.3,0.04,0.2,0.06,4.51,2.51,0.27,0.75,0.26,0.77,0.4,0.21,0.07,0.03,0.02,0.06
1990-05-01,3.66,-0.05,0.4,0.67,1.97,0.67,0.22,-0.05,0.01,0.03,0.19,0.04,3.95,0.8,2.35,0.8,0.31,0.04,0.22,0.05,4.62,2.53,0.25,0.75,0.28,0.85,0.43,0.23,0.02,0.06,0.01,0.11
1990-06-01,3.89,0.01,0.45,0.67,2.0,0.74,0.44,0.03,0.09,0.03,0.18,0.12,4.07,0.8,2.38,0.89,0.39,0.03,0.21,0.14,4.7,2.47,0.28,0.74,0.32,0.92,0.42,0.17,0.07,0.05,-0.01,0.13
1990-07-01,3.9,0.02,0.46,0.71,1.95,0.76,0.25,-0.01,0.05,0.06,0.08,0.07,4.07,0.84,2.32,0.9,0.25,0.07,0.1,0.08,4.57,2.52,0.24,0.71,0.32,0.82,0.19,0.26,-0.07,0.07,-0.01,-0.06
1990-08-01,4.58,0.43,0.49,0.78,2.08,0.78,0.67,0.28,0.04,0.01,0.24,0.09,4.36,0.93,2.48,0.93,0.42,0.01,0.29,0.11,4.92,2.6,0.38,0.74,0.34,0.89,0.56,0.26,0.1,0.04,0.06,0.09
1990-09-01,4.98,0.81,0.52,0.76,2.12,0.76,0.61,0.3,0.02,0.08,0.19,0.02,4.36,0.91,2.53,0.91,0.35,0.1,0.22,0.03,4.98,2.52,0.44,0.73,0.33,0.99,0.43,0.17,0.07,0.04,0.02,0.15
1990-10-01,5.17,1.05,0.51,0.71,2.22,0.71,0.57,0.25,0.04,0.04,0.21,0.03,4.33,0.84,2.64,0.84,0.34,0.05,0.26,0.03,5.18,2.59,0.42,0.7,0.41,1.09,0.5,0.22,0.01,0.05,0.1,0.11
1990-11-01,5.08,1.1,0.49,0.64,2.2,0.66,0.13,0.02,0.01,-0.02,0.12,0.0,4.18,0.77,2.62,0.78,0.12,-0.02,0.14,0.0,5.15,2.61,0.37,0.68,0.41,1.11,0.26,0.23,-0.02,0.03,0.0,0.02
1990-12-01,4.87,1.13,0.43,0.7,2.02,0.63,0.09,0.0,-0.02,0.04,0.03,0.04,4.03,0.84,2.42,0.76,0.14,0.05,0.04,0.05,4.76,2.52,0.23,0.69,0.34,1.02,0.08,0.17,-0.07,0.06,-0.1,0.01
1991-01-01,4.48,0.57,0.41,0.8,2.04,0.64,0.38,-0.15,0.12,0.15,0.22,0.05,4.15,0.95,2.42,0.76,0.5,0.18,0.26,0.06,4.79,2.62,0.27,0.75,0.25,0.95,0.5,0.2,0.06,0.12,0.02,0.11
1991-02-01,4.08,0.41,0.38,0.66,1.97,0.67,0.05,-0.23,0.05,0.1,0.1,0.03,3.93,0.78,2.35,0.79,0.28,0.12,0.11,0.04,4.61,2.59,-0.02,0.73,0.27,1.1,0.22,0.18,-0.21,0.04,0.02,0.19
1991-03-01,3.71,0.26,0.38,0.64,1.86,0.57,0.02,-0.16,0.0,0.04,0.11,0.02,3.65,0.76,2.21,0.68,0.21,0.05,0.13,0.03,4.32,2.53,-0.04,0.64,0.21,1.04,0.25,0.18,-0.06,0.02,0.06,0.05
1991-04-01,3.68,0.22,0.47,0.68,1.75,0.55,0.18,-0.03,0.05,0.08,0.06,0.03,3.55,0.81,2.08,0.65,0.2,0.09,0.07,0.03,4.05,2.47,-0.19,0.68,0.12,1.05,0.14,0.15,-0.09,0.07,-0.06,0.07
1991-05-01,3.87,0.32,0.48,0.69,1.82,0.55,0.41,0.05,0.03,0.04,0.25,0.04,3.65,0.82,2.17,0.65,0.4,0.05,0.3,0.05,4.2,2.4,-0.08,0.66,0.17,1.1,0.57,0.17,0.13,0.05,0.05,0.17
1991-06-01,3.59,0.23,0.44,0.63,1.83,0.45,0.17,-0.06,0.05,-0.02,0.18,0.02,3.47,0.76,2.17,0.53,0.22,-0.03,0.22,0.02,4.2,2.41,-0.03,0.66,0.22,1.0,0.42,0.17,0.12,0.05,0.04,0.03
1991-07-01,3.5,0.22,0.32,0.67,1.89,0.4,0.16,-0.03,-0.07,0.1,0.14,0.02,3.52,0.8,2.24,0.47,0.3,0.12,0.17,0.02,4.34,2.31,0.11,0.62,0.25,1.09,0.32,0.17,0.07,0.03,0.03,0.03
1991-08-01,3.05,-0.03,0.25,0.7,1.8,0.33,0.23,0.03,-0.03,0.05,0.16,0.03,3.38,0.84,2.14,0.39,0.27,0.06,0.18,0.03,4.13,2.26,0.01,0.61,0.22,1.07,0.35,0.22,0.01,0.04,0.02,0.07
1991-09-01,2.78,-0.29,0.21,0.7,1.83,0.34,0.34,0.02,-0.01,0.07,0.23,0.03,3.43,0.83,2.19,0.4,0.4,0.09,0.28,0.04,4.22,2.26,0.04,0.64,0.27,1.04,0.52,0.17,0.1,0.07,0.07,0.12
1991-10-01,2.38,-0.54,0.17,0.66,1.73,0.36,0.19,0.01,0.0,0.01,0.12,0.05,3.31,0.79,2.07,0.44,0.22,0.02,0.14,0.06,3.98,2.21,0.04,0.61,0.19,0.97,0.26,0.17,0.01,0.03,0.02,0.04
1991-11-01,2.48,-0.51,0.18,0.76,1.65,0.41,0.22,0.04,0.02,0.08,0.04,0.05,3.37,0.91,1.98,0.49,0.19,0.09,0.04,0.05,3.79,2.19,-0.03,0.54,0.14,1.0,0.08,0.21,-0.09,-0.04,-0.05,0.05
1991-12-01,2.64,-0.46,0.2,0.68,1.79,0.44,0.25,0.04,0.0,-0.03,0.17,0.07,3.48,0.82,2.14,0.52,0.25,-0.03,0.2,0.08,4.1,2.24,0.16,0.52,0.22,1.0,0.38,0.21,0.13,0.04,-0.01,0.02
1992-01-01,2.39,-0.4,0.08,0.55,1.74,0.42,0.14,-0.09,-0.01,0.03,0.17,0.03,3.25,0.66,2.09,0.51,0.27,0.04,0.2,0.03,3.98,2.24,0.18,0.4,0.32,0.87,0.38,0.19,0.07,0.0,0.12,-0.01
1992-02-01,2.6,-0.19,0.06,0.48,1.82,0.43,0.25,-0.02,0.04,0.03,0.16,0.04,3.25,0.58,2.16,0.51,0.27,0.03,0.19,0.05,4.13,2.25,0.43,0.39,0.31,0.79,0.36,0.2,0.04,0.03,0.01,0.1
1992-03-01,2.82,-0.03,0.09,0.47,1.84,0.44,0.24,0.0,0.03,0.02,0.15,0.04,3.29,0.56,2.19,0.52,0.25,0.03,0.18,0.04,4.22,2.28,0.58,0.38,0.24,0.78,0.34,0.21,0.08,0.02,0.0,0.04
1992-04-01,2.91,0.01,0.03,0.44,1.99,0.44,0.27,0.01,-0.01,0.05,0.2,0.03,3.42,0.53,2.37,0.52,0.33,0.06,0.23,0.03,4.53,2.29,0.77,0.37,0.35,0.79,0.44,0.16,0.09,0.05,0.05,0.09
1992-05-01,2.63,-0.01,-0.02,0.45,1.76,0.42,0.13,0.03,-0.02,0.05,0.04,0.03,3.16,0.54,2.11,0.51,0.14,0.06,0.05,0.04,4.03,2.29,0.6,0.34,0.23,0.62,0.09,0.17,-0.03,0.02,-0.07,0.0
1992-06-01,2.63,0.12,-0.02,0.45,1.65,0.42,0.18,0.07,0.04,-0.02,0.07,0.02,3.01,0.54,1.97,0.5,0.08,-0.02,0.08,0.02,3.75,2.28,0.52,0.3,0.07,0.63,0.15,0.16,0.05,0.01,-0.11,0.04
1992-07-01,2.81,0.17,0.03,0.43,1.73,0.43,0.33,0.02,-0.01,0.07,0.23,0.03,3.09,0.51,2.06,0.51,0.38,0.08,0.27,0.03,3.94,2.27,0.46,0.32,0.22,0.7,0.51,0.17,0.01,0.04,0.18,0.11
1992-08-01,2.71,0.13,0.13,0.38,1.62,0.44,0.13,-0.01,0.07,0.0,0.04,0.03,2.9,0.45,1.93,0.52,0.09,0.01,0.05,0.04,3.67,2.21,0.49,0.31,0.0,0.71,0.09,0.15,0.03,0.03,-0.2,0.08
1992-09-01,2.52,0.12,0.17,0.3,1.54,0.4,0.16,0.0,0.02,-0.01,0.15,-0.01,2.66,0.35,1.83,0.47,0.16,-0.01,0.18,-0.01,3.48,2.23,0.43,0.3,0.02,0.56,0.34,0.18,0.04,0.06,0.08,-0.03
1992-10-01,2.7,0.15,0.16,0.3,1.69,0.4,0.35,0.04,-0.01,0.02,0.26,0.05,2.82,0.36,2.0,0.47,0.38,0.02,0.3,0.06,3.79,2.26,0.57,0.27,0.18,0.56,0.57,0.19,0.15,0.0,0.18,0.05
1992-11-01,2.67,0.14,0.11,0.27,1.74,0.4,0.2,0.04,-0.02,0.05,0.09,0.05,2.86,0.32,2.06,0.48,0.22,0.06,0.1,0.06,3.9,2.2,0.72,0.32,0.25,0.46,0.19,0.15,0.06,0.01,0.02,-0.05
1992-12-01,2.59,0.11,0.11,0.3,1.69,0.38,0.17,0.01,0.0,0.0,0.12,0.04,2.8,0.36,2.0,0.44,0.19,0.0,0.14,0.05,3.78,2.16,0.69,0.28,0.25,0.46,0.26,0.16,0.09,0.01,-0.02,0.01
1993-01-01,2.7,0.19,0.13,0.29,1.7,0.39,0.24,-0.01,0.01,0.02,0.18,0.05,2.81,0.34,2.01,0.46,0.29,0.02,0.22,0.06,3.8,2.1,0.74,0.3,0.21,0.51,0.41,0.16,0.11,0.01,0.08,0.04
1993-02-01,2.6,0.16,0.11,0.3,1.63,0.39,0.15,-0.03,0.03,0.03,0.09,0.04,2.73,0.35,1.92,0.46,0.19,0.04,0.11,0.04,3.63,2.0,0.62,0.29,0.22,0.54,0.2,0.1,-0.07,0.02,0.02,0.14
1993-03-01,2.56,0.19,0.08,0.26,1.64,0.39,0.2,0.03,0.0,-0.01,0.16,0.04,2.7,0.31,1.94,0.46,0.22,-0.01,0.18,0.04,3.64,1.87,0.65,0.3,0.26,0.58,0.34,0.08,0.11,0.03,0.04,0.09
1993-04-01,2.56,0.19,0.11,0.27,1.59,0.41,0.27,0.0,0.02,0.06,0.15,0.04,2.66,0.32,1.87,0.48,0.29,0.07,0.17,0.05,3.52,1.83,0.67,0.3,0.18,0.57,0.32,0.11,0.11,0.06,-0.04,0.08
1993-05-01,2.74,0.1,0.2,0.2,1.81,0.42,0.31,-0.05,0.07,-0.01,0.26,0.04,2.86,0.24,2.14,0.49,0.34,-0.02,0.31,0.05,4.03,1.86,0.94,0.32,0.23,0.69,0.58,0.2,0.24,0.04,-0.01,0.11
1993-06-01,2.59,0.0,0.14,0.21,1.81,0.43,0.03,-0.03,-0.02,-0.01,0.07,0.02,2.88,0.25,2.14,0.5,0.1,-0.02,0.08,0.03,4.03,1.8,0.82,0.33,0.4,0.71,0.15,0.1,-0.07,0.02,0.05,0.06
1993-07-01,2.42,-0.03,0.15,0.17,1.71,0.42,0.16,-0.01,0.0,0.03,0.13,0.02,2.71,0.2,2.02,0.5,0.21,0.03,0.15,0.03,3.79,1.76,0.89,0.31,0.23,0.62,0.28,0.13,0.09,0.02,0.01,0.03
1993-08-01,2.45,-0.03,0.1,0.2,1.78,0.41,0.17,-0.01,0.02,0.03,0.11,0.02,2.81,0.23,2.1,0.49,0.19,0.04,0.13,0.03,3.94,1.69,0.94,0.29,0.43,0.59,0.23,0.08,0.08,0.01,0.0,0.06
1993-09-01,2.39,-0.05,0.07,0.16,1.77,0.44,0.1,-0.02,0.0,-0.04,0.15,0.02,2.79,0.19,2.09,0.52,0.15,-0.05,0.17,0.02,3.92,1.61,1.02,0.26,0.32,0.72,0.32,0.1,0.13,0.03,-0.03,0.09
1993-10-01,2.35,0.04,0.13,0.18,1.58,0.42,0.31,0.13,0.05,0.04,0.07,0.03,2.57,0.21,1.86,0.5,0.16,0.04,0.08,0.04,3.5,1.5,0.79,0.28,0.18,0.75,0.15,0.09,-0.08,0.02,0.05,0.08
1993-11-01,2.35,-0.05,0.18,0.21,1.61,0.41,0.19,-0.05,0.02,0.08,0.11,0.03,2.61,0.24,1.9,0.48,0.26,0.09,0.13,0.04,3.55,1.42,0.76,0.29,0.17,0.88,0.24,0.08,0.04,0.02,0.02,0.08
1993-12-01,2.19,-0.1,0.2,0.18,1.51,0.41,0.02,-0.03,0.02,-0.03,0.03,0.04,2.46,0.21,1.78,0.48,0.04,-0.04,0.03,0.05,3.34,1.35,0.59,0.3,0.13,0.96,0.06,0.09,-0.08,0.02,-0.06,0.09
1994-01-01,1.98,-0.13,0.19,0.13,1.38,0.4,0.03,-0.04,0.0,-0.03,0.05,0.04,2.25,0.16,1.62,0.47,0.08,-0.03,0.06,0.05,3.04,1.36,0.4,0.3,0.06,0.94,0.12,0.16,-0.09,0.01,0.01,0.03
1994-02-01,2.06,-0.02,0.15,0.08,1.44,0.41,0.23,0.07,-0.02,-0.02,0.15,0.05,2.27,0.1,1.7,0.49,0.22,-0.02,0.18,0.06,3.18,1.37,0.56,0.27,0.06,0.93,0.33,0.11,0.08,0.0,0.01,0.13
1994-03-01,2.13,-0.05,0.14,0.16,1.47,0.42,0.28,0.0,-0.01,0.07,0.18,0.05,2.4,0.18,1.73,0.5,0.34,0.08,0.21,0.05,3.23,1.39,0.54,0.27,0.11,0.93,0.39,0.09,0.1,0.03,0.09,0.08
1994-04-01,1.98,-0.08,0.14,0.13,1.39,0.41,0.12,-0.03,0.02,0.03,0.07,0.03,2.25,0.15,1.63,0.48,0.15,0.04,0.08,0.03,3.05,1.36,0.48,0.26,0.12,0.84,0.15,0.09,0.05,0.04,-0.02,-0.01
1994-05-01,1.81,-0.1,0.09,0.22,1.19,0.41,0.15,-0.06,0.02,0.07,0.07,0.04,2.14,0.26,1.4,0.48,0.22,0.09,0.09,0.05,2.63,1.25,0.24,0.25,0.12,0.77,0.16,0.1,0.0,0.03,-0.01,0.04
1994-06-01,2.03,-0.05,0.15,0.29,1.24,0.41,0.24,0.02,0.04,0.06,0.11,0.02,2.27,0.34,1.45,0.48,0.22,0.07,0.13,0.03,2.72,1.28,0.32,0.26,0.08,0.79,0.24,0.12,0.01,0.03,0.01,0.08
1994-07-01,2.19,0.05,0.2,0.3,1.22,0.41,0.32,0.09,0.05,0.04,0.11,0.03,2.27,0.35,1.43,0.49,0.21,0.05,0.13,0.03,2.69,1.29,0.29,0.23,0.06,0.84,0.25,0.14,0.05,-0.01,-0.01,0.08
1994-08-01,2.25,0.18,0.2,0.25,1.2,0.43,0.23,0.12,0.02,-0.02,0.08,0.03,2.19,0.29,1.41,0.5,0.11,-0.02,0.09,0.04,2.62,1.26,0.14,0.24,0.09,0.88,0.17,0.06,-0.06,0.02,0.04,0.11
1994-09-01,2.25,0.17,0.21,0.31,1.14,0.43,0.11,-0.02,0.01,0.02,0.09,0.02,2.19,0.36,1.34,0.5,0.15,0.02,0.11,0.02,2.5,1.22,0.04,0.24,0.11,0.89,0.2,0.07,0.02,0.03,-0.01,0.1
1994-10-01,2.11,0.03,0.14,0.27,1.24,0.43,0.17,-0.01,-0.02,0.0,0.16,0.04,2.27,0.32,1.45,0.5,0.24,0.0,0.19,0.04,2.71,1.29,0.21,0.25,0.07,0.89,0.36,0.15,0.09,0.03,0.01,0.08
1994-11-01,2.11,0.11,0.13,0.22,1.22,0.44,0.19,0.02,0.01,0.02,0.1,0.04,2.19,0.25,1.43,0.51,0.18,0.02,0.11,0.05,2.68,1.28,0.23,0.27,0.02,0.89,0.21,0.07,0.05,0.04,-0.03,0.08
1994-12-01,2.15,0.14,0.15,0.2,1.22,0.44,0.06,-0.01,0.04,-0.05,0.03,0.04,2.18,0.24,1.43,0.51,0.03,-0.05,0.04,0.05,2.69,1.26,0.31,0.26,0.03,0.84,0.07,0.07,0.0,0.01,-0.05,0.04
1995-01-01,2.32,0.18,0.14,0.28,1.29,0.44,0.2,0.0,-0.01,0.05,0.12,0.05,2.35,0.33,1.51,0.52,0.25,0.06,0.13,0.05,2.83,1.38,0.42,0.25,0.02,0.79,0.25,0.27,0.01,0.01,0.0,-0.04
1995-02-01,2.27,0.1,0.2,0.27,1.27,0.43,0.18,-0.01,0.04,-0.03,0.14,0.04,2.3,0.31,1.49,0.5,0.16,-0.04,0.16,0.04,2.79,1.3,0.38,0.29,0.07,0.77,0.3,0.04,0.04,0.03,0.06,0.12
1995-03-01,2.17,0.08,0.21,0.23,1.23,0.42,0.18,-0.02,0.0,0.03,0.14,0.04,2.2,0.27,1.44,0.49,0.24,0.04,0.17,0.04,2.71,1.3,0.29,0.32,0.06,0.75,0.31,0.09,0.01,0.06,0.08,0.08
1995-04-01,2.32,0.1,0.27,0.22,1.3,0.43,0.26,0.0,0.07,0.02,0.14,0.04,2.28,0.26,1.52,0.5,0.23,0.02,0.16,0.05,2.86,1.28,0.31,0.33,0.09,0.86,0.3,0.07,0.07,0.05,0.02,0.09
1995-05-01,2.33,0.18,0.24,0.11,1.36,0.44,0.15,0.01,-0.01,-0.03,0.13,0.05,2.23,0.13,1.59,0.52,0.17,-0.04,0.15,0.06,2.98,1.22,0.32,0.34,0.17,0.94,0.28,0.04,0.01,0.04,0.06,0.12
1995-06-01,2.18,0.18,0.21,0.01,1.32,0.46,0.1,0.02,0.01,-0.05,0.08,0.04,2.09,0.02,1.55,0.54,0.09,-0.05,0.09,0.05,2.91,1.18,0.33,0.33,0.2,0.86,0.18,0.08,0.03,0.02,0.04,0.0
1995-07-01,1.99,0.07,0.17,0.0,1.29,0.47,0.13,-0.02,0.01,0.03,0.07,0.04,2.04,0.0,1.5,0.55,0.16,0.03,0.08,0.04,2.82,1.03,0.34,0.37,0.22,0.85,0.16,0.0,0.06,0.03,0.01,0.06
1995-08-01,1.97,-0.05,0.16,0.07,1.32,0.47,0.22,0.0,0.01,0.05,0.12,0.04,2.17,0.08,1.54,0.55,0.24,0.06,0.14,0.04,2.91,1.08,0.43,0.37,0.21,0.83,0.26,0.11,0.03,0.02,0.03,0.08
1995-09-01,1.93,-0.09,0.18,0.04,1.31,0.49,0.07,-0.07,0.02,-0.01,0.08,0.04,2.15,0.05,1.53,0.57,0.13,-0.01,0.09,0.05,2.89,1.07,0.48,0.38,0.22,0.74,0.18,0.06,0.06,0.05,0.0,0.01
1995-10-01,2.02,-0.05,0.22,0.05,1.29,0.5,0.26,0.03,0.02,0.01,0.15,0.05,2.16,0.06,1.51,0.58,0.24,0.02,0.17,0.06,2.85,1.02,0.48,0.38,0.26,0.7,0.32,0.1,0.09,0.03,0.05,0.05
1995-11-01,1.82,-0.12,0.21,0.0,1.24,0.51,0.0,-0.05,-0.01,-0.03,0.04,0.05,2.04,0.0,1.44,0.59,0.06,-0.04,0.05,0.05,2.72,1.01,0.44,0.35,0.25,0.67,0.09,0.07,0.02,0.01,-0.05,0.04
1995-12-01,1.95,-0.07,0.18,0.06,1.27,0.51,0.19,0.06,0.02,0.01,0.06,0.05,2.14,0.07,1.48,0.59,0.14,0.02,0.07,0.06,2.79,1.02,0.5,0.35,0.22,0.7,0.13,0.07,0.05,0.0,-0.08,0.08
1996-01-01,1.97,0.04,0.21,0.03,1.19,0.5,0.22,0.1,0.02,0.03,0.04,0.03,2.01,0.04,1.39,0.58,0.11,0.03,0.05,0.04,2.62,0.77,0.53,0.37,0.14,0.82,0.09,0.02,0.05,0.03,-0.09,0.08
1996-02-01,1.95,0.06,0.2,0.07,1.14,0.49,0.16,0.01,0.03,0.01,0.07,0.03,1.97,0.08,1.32,0.57,0.13,0.01,0.09,0.03,2.48,0.79,0.51,0.36,0.1,0.73,0.16,0.06,0.02,0.02,0.03,0.03
1996-03-01,2.07,0.15,0.25,0.09,1.11,0.5,0.3,0.06,0.04,0.04,0.11,0.04,1.96,0.1,1.29,0.58,0.23,0.05,0.13,0.05,2.41,0.74,0.41,0.34,0.09,0.83,0.25,0.05,-0.09,0.04,0.07,0.18
1996-04-01,2.11,0.3,0.21,0.01,1.12,0.48,0.3,0.15,0.03,-0.06,0.15,0.03,1.86,0.01,1.3,0.56,0.14,-0.06,0.17,0.03,2.44,0.73,0.49,0.35,0.08,0.79,0.32,0.06,0.15,0.05,0.01,0.05
1996-05-01,2.13,0.32,0.22,-0.01,1.15,0.47,0.17,0.03,0.0,-0.05,0.16,0.04,1.86,-0.01,1.34,0.55,0.17,-0.06,0.19,0.05,2.51,0.75,0.56,0.36,0.04,0.81,0.35,0.06,0.08,0.05,0.02,0.15
1996-06-01,2.03,0.17,0.26,-0.03,1.17,0.46,0.0,-0.12,0.05,-0.07,0.1,0.03,1.85,-0.03,1.36,0.53,0.08,-0.08,0.12,0.04,2.56,0.77,0.58,0.35,0.0,0.87,0.22,0.11,0.06,0.02,0.0,0.04
1996-07-01,2.12,0.21,0.29,-0.06,1.22,0.46,0.21,0.02,0.03,0.0,0.12,0.04,1.88,-0.07,1.42,0.54,0.19,0.0,0.14,0.05,2.67,0.78,0.64,0.37,0.0,0.89,0.27,0.01,0.11,0.05,0.01,0.1
1996-08-01,1.99,0.2,0.31,-0.16,1.2,0.46,0.1,-0.01,0.03,-0.05,0.09,0.04,1.73,-0.19,1.39,0.54,0.09,-0.06,0.11,0.04,2.61,0.73,0.64,0.38,-0.02,0.88,0.2,0.06,0.03,0.03,0.01,0.07
1996-09-01,2.21,0.26,0.31,-0.1,1.29,0.45,0.28,0.0,0.02,0.06,0.18,0.03,1.9,-0.12,1.5,0.52,0.3,0.06,0.2,0.03,2.82,0.75,0.63,0.36,0.11,0.97,0.38,0.07,0.05,0.03,0.13,0.1
1996-10-01,2.26,0.29,0.33,-0.12,1.33,0.44,0.3,0.06,0.04,-0.01,0.18,0.03,1.9,-0.14,1.55,0.51,0.24,-0.01,0.21,0.04,2.9,0.71,0.6,0.39,0.14,1.05,0.39,0.06,0.06,0.05,0.08,0.13
1996-11-01,2.44,0.41,0.35,-0.11,1.38,0.42,0.18,0.05,0.01,-0.02,0.1,0.03,1.96,-0.12,1.61,0.49,0.13,-0.02,0.11,0.04,3.02,0.73,0.67,0.42,0.11,1.1,0.21,0.08,0.08,0.04,-0.08,0.08
1996-12-01,2.36,0.43,0.33,-0.17,1.37,0.4,0.12,0.08,0.0,-0.05,0.06,0.03,1.86,-0.2,1.6,0.47,0.04,-0.06,0.06,0.03,3.01,0.7,0.62,0.45,0.14,1.1,0.12,0.05,0.0,0.03,-0.04,0.08
1997-01-01,2.27,0.39,0.3,-0.18,1.38,0.41,0.13,0.05,-0.01,0.02,0.04,0.03,1.85,-0.21,1.61,0.48,0.11,0.02,0.05,0.04,3.01,0.67,0.6,0.44,0.22,1.07,0.09,0.0,0.03,0.03,-0.01,0.05
1997-02-01,2.32,0.37,0.29,-0.18,1.43,0.42,0.21,0.0,0.03,0.01,0.13,0.04,1.93,-0.21,1.67,0.48,0.21,0.01,0.15,0.04,3.14,0.66,0.67,0.45,0.21,1.16,0.29,0.05,0.09,0.03,0.02,0.1
1997-03-01,2.12,0.23,0.23,-0.21,1.48,0.4,0.11,-0.08,-0.02,0.02,0.16,0.03,1.94,-0.24,1.72,0.47,0.24,0.02,0.18,0.04,3.24,0.72,0.86,0.45,0.22,1.0,0.34,0.1,0.1,0.04,0.08,0.03
1997-04-01,1.92,0.0,0.2,-0.16,1.46,0.42,0.1,-0.08,0.01,0.0,0.13,0.04,2.0,-0.18,1.7,0.49,0.2,0.0,0.15,0.05,3.19,0.72,0.75,0.43,0.26,1.04,0.28,0.06,0.04,0.04,0.05,0.09
1997-05-01,1.69,-0.15,0.21,-0.12,1.34,0.42,-0.05,-0.12,0.01,-0.02,0.05,0.04,1.9,-0.14,1.56,0.48,0.07,-0.02,0.05,0.04,2.94,0.7,0.71,0.38,0.17,0.98,0.1,0.05,0.03,0.0,-0.07,0.09
1997-06-01,1.83,-0.04,0.17,-0.13,1.42,0.42,0.13,-0.01,0.01,-0.08,0.17,0.04,1.97,-0.16,1.65,0.49,0.15,-0.09,0.2,0.04,3.09,0.66,0.79,0.41,0.2,1.03,0.37,0.06,0.14,0.04,0.03,0.09
1997-07-01,1.67,-0.07,0.15,-0.17,1.35,0.43,0.06,-0.01,0.01,-0.04,0.05,0.04,1.85,-0.2,1.56,0.49,0.07,-0.04,0.06,0.05,2.93,0.65,0.62,0.38,0.19,1.09,0.12,0.01,-0.05,0.02,0.0,0.13
1997-08-01,1.66,0.04,0.13,-0.21,1.27,0.43,0.08,0.1,0.02,-0.1,0.03,0.04,1.72,-0.25,1.48,0.5,-0.04,-0.11,0.03,0.05,2.77,0.63,0.62,0.37,0.17,0.98,0.06,0.04,0.04,0.02,-0.02,-0.03
1997-09-01,1.61,0.1,0.12,-0.27,1.24,0.44,0.24,0.06,0.0,0.0,0.14,0.03,1.62,-0.31,1.44,0.5,0.21,0.0,0.16,0.04,2.69,0.62,0.63,0.38,0.16,0.9,0.31,0.06,0.06,0.04,0.12,0.03
1997-10-01,1.44,0.04,0.08,-0.26,1.16,0.43,0.13,-0.01,0.01,0.0,0.1,0.03,1.53,-0.3,1.34,0.5,0.15,0.0,0.12,0.03,2.52,0.5,0.56,0.37,0.18,0.92,0.22,-0.06,-0.01,0.04,0.1,0.14
1997-11-01,1.26,-0.04,0.07,-0.29,1.09,0.45,0.01,-0.03,0.01,-0.05,0.03,0.05,1.43,-0.34,1.27,0.52,0.03,-0.06,0.04,0.05,2.37,0.47,0.56,0.37,0.16,0.83,0.07,0.05,0.08,0.03,-0.1,0.0
1997-12-01,1.13,-0.19,0.07,-0.27,1.09,0.45,-0.02,-0.07,0.0,-0.03,0.05,0.03,1.45,-0.32,1.26,0.52,0.06,-0.04,0.06,0.04,2.36,0.51,0.54,0.4,0.14,0.77,0.11,0.09,-0.01,0.06,-0.07,0.03
1998-01-01,1.04,-0.36,0.12,-0.3,1.14,0.46,0.05,-0.12,0.03,-0.01,0.1,0.04,1.5,-0.35,1.33,0.53,0.15,-0.01,0.11,0.05,2.48,0.55,0.51,0.38,0.22,0.83,0.21,0.03,-0.01,0.0,0.08,0.11
1998-02-01,0.78,-0.48,0.07,-0.34,1.08,0.45,-0.05,-0.11,-0.02,-0.03,0.08,0.03,1.38,-0.39,1.26,0.53,0.09,-0.04,0.09,0.04,2.35,0.54,0.4,0.37,0.23,0.82,0.16,0.05,-0.02,0.02,0.03,0.09
1998-03-01,0.69,-0.49,0.1,-0.43,1.04,0.47,0.02,-0.09,0.01,-0.07,0.12,0.05,1.24,-0.49,1.21,0.54,0.11,-0.08,0.13,0.05,2.26,0.54,0.3,0.35,0.18,0.89,0.25,0.09,0.0,0.02,0.03,0.11
1998-04-01,0.72,-0.46,0.1,-0.36,0.98,0.47,0.12,-0.05,0.01,0.06,0.06,0.04,1.23,-0.42,1.13,0.54,0.18,0.07,0.07,0.04,2.11,0.53,0.19,0.35,0.11,0.93,0.14,0.05,-0.07,0.04,-0.02,0.13
1998-05-01,0.9,-0.3,0.1,-0.39,1.03,0.48,0.14,0.04,0.01,-0.05,0.09,0.04,1.26,-0.45,1.19,0.55,0.1,-0.06,0.11,0.05,2.21,0.56,0.16,0.39,0.15,0.95,0.2,0.07,0.0,0.04,-0.03,0.11
1998-06-01,0.69,-0.27,0.1,-0.39,0.78,0.49,-0.08,0.02,0.01,-0.08,-0.07,0.05,0.98,-0.46,0.9,0.56,-0.13,-0.09,-0.09,0.05,1.67,0.54,-0.22,0.35,0.12,0.9,-0.16,0.04,-0.24,0.0,0.0,0.04
1998-07-01,0.88,-0.27,0.1,-0.31,0.88,0.48,0.25,-0.01,0.01,0.05,0.16,0.04,1.19,-0.36,1.02,0.56,0.28,0.05,0.18,0.05,1.9,0.56,0.03,0.34,0.17,0.8,0.34,0.03,0.2,0.02,0.05,0.04
1998-08-01,0.93,-0.42,0.11,-0.2,0.97,0.48,0.14,-0.06,0.02,0.02,0.11,0.04,1.43,-0.23,1.12,0.56,0.2,0.02,0.13,0.05,2.09,0.55,0.05,0.35,0.21,0.92,0.24,0.03,0.06,0.03,0.03,0.09
1998-09-01,0.63,-0.51,0.09,-0.26,0.83,0.49,-0.06,-0.04,-0.01,-0.06,0.0,0.04,1.21,-0.3,0.96,0.57,-0.02,-0.07,0.0,0.05,1.79,0.57,-0.24,0.38,0.1,0.98,0.0,0.08,-0.23,0.07,0.01,0.08
1998-10-01,0.72,-0.5,0.13,-0.28,0.87,0.51,0.22,0.01,0.04,-0.02,0.14,0.05,1.25,-0.32,1.01,0.59,0.2,-0.02,0.17,0.05,1.88,0.67,-0.07,0.36,0.01,0.91,0.31,0.04,0.16,0.02,0.01,0.07
1998-11-01,0.72,-0.49,0.13,-0.28,0.87,0.49,0.0,-0.02,0.01,-0.05,0.03,0.03,1.24,-0.32,1.0,0.57,0.02,-0.05,0.03,0.04,1.87,0.69,-0.24,0.37,0.09,0.98,0.06,0.07,-0.09,0.04,-0.02,0.07
1998-12-01,0.84,-0.47,0.13,-0.18,0.88,0.49,0.1,-0.05,0.0,0.06,0.06,0.03,1.35,-0.21,1.02,0.56,0.17,0.07,0.07,0.03,1.9,0.67,-0.22,0.34,0.11,1.01,0.13,0.06,0.01,0.03,-0.04,0.07
1999-01-01,0.94,-0.37,0.13,-0.12,0.82,0.48,0.14,-0.02,0.03,0.06,0.04,0.03,1.34,-0.14,0.95,0.55,0.14,0.07,0.04,0.04,1.76,0.69,-0.27,0.34,0.04,0.98,0.08,0.06,-0.07,0.01,0.01,0.07
1999-02-01,0.93,-0.29,0.15,-0.18,0.79,0.47,-0.06,-0.03,0.0,-0.09,0.04,0.02,1.22,-0.2,0.9,0.54,-0.03,-0.1,0.04,0.03,1.68,0.72,-0.32,0.33,0.03,0.95,0.08,0.07,-0.07,0.01,0.01,0.05
1999-03-01,0.99,-0.14,0.13,-0.2,0.76,0.46,0.08,0.06,-0.01,-0.1,0.09,0.03,1.14,-0.23,0.88,0.52,0.03,-0.11,0.11,0.04,1.63,0.66,-0.33,0.35,0.1,0.88,0.2,0.04,-0.01,0.03,0.1,0.04
1999-04-01,1.35,0.16,0.14,-0.14,0.77,0.45,0.48,0.24,0.02,0.12,0.07,0.03,1.22,-0.16,0.88,0.52,0.26,0.14,0.08,0.04,1.64,0.63,-0.24,0.36,0.06,0.85,0.15,0.03,0.03,0.05,-0.05,0.1
1999-05-01,1.28,0.08,0.14,-0.14,0.77,0.44,0.07,-0.03,0.01,-0.05,0.1,0.03,1.22,-0.16,0.89,0.5,0.1,-0.05,0.11,0.04,1.66,0.63,-0.24,0.33,0.16,0.8,0.21,0.06,0.0,0.02,0.07,0.06
1999-06-01,1.4,0.04,0.14,-0.06,0.88,0.42,0.03,-0.02,0.0,-0.01,0.03,0.03,1.4,-0.07,1.01,0.48,0.05,-0.01,0.03,0.03,1.88,0.63,-0.06,0.34,0.17,0.81,0.06,0.05,-0.06,0.01,0.0,0.06
1999-07-01,1.42,0.15,0.13,-0.1,0.84,0.41,0.27,0.1,0.01,0.01,0.12,0.03,1.29,-0.12,0.96,0.47,0.18,0.01,0.13,0.04,1.79,0.66,-0.19,0.37,0.12,0.86,0.25,0.06,0.06,0.05,-0.01,0.08
1999-08-01,1.46,0.34,0.12,-0.17,0.79,0.4,0.18,0.13,0.01,-0.05,0.06,0.03,1.15,-0.2,0.9,0.46,0.05,-0.06,0.07,0.04,1.68,0.67,-0.27,0.37,0.08,0.85,0.14,0.04,-0.01,0.03,-0.01,0.08
1999-09-01,1.89,0.48,0.15,-0.06,0.93,0.4,0.36,0.1,0.02,0.05,0.14,0.04,1.43,-0.07,1.07,0.46,0.26,0.06,0.16,0.04,1.99,0.65,0.04,0.34,0.09,0.88,0.31,0.06,0.08,0.04,0.02,0.11
1999-10-01,1.83,0.48,0.12,-0.06,0.93,0.38,0.17,0.01,0.01,-0.02,0.14,0.03,1.41,-0.07,1.06,0.43,0.17,-0.02,0.16,0.03,1.98,0.67,-0.05,0.33,0.12,0.93,0.3,0.06,0.08,0.01,0.04,0.11
1999-11-01,1.92,0.49,0.13,-0.08,1.0,0.39,0.09,-0.02,0.02,-0.06,0.1,0.05,1.49,-0.09,1.14,0.45,0.1,-0.07,0.11,0.06,2.13,0.67,0.07,0.31,0.16,0.94,0.21,0.06,0.02,0.03,0.02,0.08
1999-12-01,2.05,0.65,0.15,-0.17,1.04,0.39,0.23,0.11,0.01,-0.03,0.11,0.03,1.44,-0.19,1.19,0.45,0.13,-0.03,0.13,0.03,2.24,0.69,0.09,0.32,0.18,0.97,0.24,0.09,0.03,0.03,-0.03,0.11
2000-01-01,2.19,0.72,0.12,-0.23,1.16,0.44,0.27,0.05,0.01,-0.01,0.14,0.08,1.54,-0.27,1.32,0.5,0.24,-0.01,0.17,0.09,2.48,0.75,0.24,0.35,0.2,0.95,0.31,0.11,0.09,0.04,0.03,0.05
2000-02-01,2.57,0.93,0.14,-0.18,1.25,0.46,0.32,0.16,0.02,-0.04,0.13,0.04,1.72,-0.21,1.42,0.52,0.15,-0.04,0.14,0.05,2.67,0.74,0.39,0.36,0.23,0.94,0.27,0.06,0.09,0.02,0.05,0.05
2000-03-01,2.93,1.12,0.18,-0.02,1.22,0.47,0.43,0.23,0.02,0.07,0.07,0.04,1.9,-0.02,1.4,0.53,0.21,0.08,0.08,0.04,2.63,0.72,0.36,0.37,0.18,0.99,0.15,0.02,-0.04,0.05,0.04,0.08
2000-04-01,2.35,0.72,0.16,-0.1,1.14,0.46,-0.08,-0.14,0.0,0.04,-0.01,0.03,1.71,-0.12,1.3,0.53,0.07,0.04,-0.01,0.04,2.45,0.75,0.17,0.34,0.26,0.94,-0.03,0.05,-0.18,0.01,0.02,0.06
2000-05-01,2.37,0.7,0.19,-0.08,1.12,0.47,0.08,-0.05,0.04,-0.03,0.08,0.04,1.72,-0.1,1.28,0.54,0.11,-0.03,0.09,0.05,2.41,0.75,0.15,0.35,0.2,0.98,0.18,0.06,-0.03,0.03,0.02,0.09
2000-06-01,2.68,1.02,0.19,-0.14,1.17,0.49,0.34,0.27,0.0,-0.06,0.08,0.05,1.74,-0.16,1.34,0.56,0.08,-0.07,0.09,0.05,2.53,0.73,0.19,0.38,0.21,1.02,0.17,0.03,-0.01,0.04,0.01,0.1
2000-07-01,2.67,0.93,0.23,-0.13,1.21,0.5,0.25,0.01,0.04,0.01,0.15,0.04,1.79,-0.15,1.38,0.57,0.23,0.02,0.17,0.04,2.6,0.89,0.18,0.38,0.2,0.97,0.32,0.22,0.05,0.04,-0.02,0.03
2000-08-01,2.48,0.62,0.24,-0.14,1.27,0.51,-0.01,-0.14,0.03,-0.06,0.13,0.04,1.87,-0.16,1.46,0.58,0.13,-0.07,0.15,0.05,2.74,0.92,0.2,0.37,0.32,0.95,0.28,0.07,0.01,0.02,0.11,0.06
2000-09-01,2.55,0.74,0.22,-0.13,1.23,0.51,0.43,0.22,0.0,0.06,0.11,0.05,1.85,-0.15,1.41,0.59,0.24,0.07,0.12,0.05,2.66,0.94,0.18,0.36,0.31,0.88,0.23,0.07,0.06,0.03,0.01,0.05
2000-10-01,2.51,0.75,0.21,-0.17,1.24,0.54,0.14,0.01,0.0,-0.06,0.14,0.05,1.82,-0.2,1.41,0.61,0.14,-0.07,0.16,0.05,2.65,0.95,0.13,0.38,0.35,0.86,0.29,0.07,0.03,0.03,0.08,0.09
2000-11-01,2.57,0.71,0.19,-0.07,1.21,0.52,0.14,-0.02,0.01,0.05,0.07,0.04,1.9,-0.08,1.39,0.6,0.18,0.05,0.08,0.04,2.59,0.94,0.1,0.39,0.29,0.89,0.15,0.06,-0.01,0.03,-0.04,0.11
2000-12-01,2.48,0.64,0.23,-0.08,1.17,0.54,0.15,0.03,0.04,-0.04,0.08,0.05,1.87,-0.09,1.34,0.62,0.1,-0.05,0.09,0.05,2.52,0.91,0.07,0.34,0.29,0.91,0.17,0.06,0.0,-0.01,-0.02,0.14
2001-01-01,2.7,0.72,0.22,-0.03,1.28,0.51,0.48,0.17,0.01,0.04,0.24,0.04,2.01,-0.03,1.46,0.58,0.37,0.04,0.28,0.05,2.73,0.93,0.15,0.35,0.27,1.02,0.52,0.14,0.16,0.05,0.01,0.16
2001-02-01,2.54,0.5,0.25,-0.01,1.28,0.51,0.15,-0.04,0.05,-0.02,0.13,0.05,2.04,-0.01,1.46,0.58,0.18,-0.02,0.15,0.05,2.73,0.98,0.1,0.37,0.22,1.07,0.27,0.1,0.05,0.03,0.0,0.1
2001-03-01,2.11,0.16,0.24,-0.13,1.29,0.53,0.01,-0.09,0.01,-0.06,0.09,0.06,1.93,-0.15,1.48,0.61,0.1,-0.06,0.1,0.07,2.77,1.01,0.14,0.37,0.18,1.06,0.19,0.06,-0.01,0.05,0.01,0.08
2001-04-01,2.37,0.36,0.25,-0.16,1.39,0.55,0.18,0.03,0.01,0.01,0.08,0.05,2.03,-0.18,1.59,0.63,0.16,0.01,0.09,0.06,2.97,1.07,0.29,0.38,0.15,1.08,0.17,0.11,-0.02,0.01,0.0,0.07
2001-05-01,2.56,0.66,0.22,-0.24,1.37,0.57,0.26,0.23,0.01,-0.11,0.07,0.06,1.94,-0.28,1.57,0.65,0.02,-0.12,0.08,0.07,2.93,1.04,0.3,0.38,0.1,1.1,0.14,0.04,0.0,0.03,-0.04,0.12
2001-06-01,2.39,0.34,0.25,-0.14,1.4,0.58,0.18,-0.05,0.03,0.03,0.1,0.06,2.09,-0.17,1.6,0.67,0.22,0.04,0.12,0.07,2.98,1.11,0.32,0.4,0.07,1.08,0.22,0.1,0.0,0.05,-0.01,0.08
2001-07-01,2.1,0.02,0.23,-0.1,1.37,0.59,-0.03,-0.27,0.02,0.06,0.12,0.05,2.12,-0.11,1.57,0.68,0.26,0.07,0.13,0.05,2.91,0.91,0.32,0.37,0.08,1.22,0.25,0.03,0.05,0.02,-0.01,0.16
2001-08-01,2.1,0.09,0.23,-0.16,1.34,0.61,-0.01,-0.08,0.02,-0.12,0.1,0.06,2.04,-0.18,1.54,0.7,0.05,-0.14,0.12,0.07,2.86,0.93,0.31,0.4,-0.02,1.23,0.22,0.09,0.0,0.05,0.01,0.07
2001-09-01,1.31,0.04,0.22,-0.29,0.73,0.61,-0.34,0.16,0.0,-0.06,-0.49,0.05,1.22,-0.33,0.83,0.7,-0.57,-0.07,-0.56,0.06,1.56,0.95,-0.96,0.35,-0.11,1.25,-1.04,0.09,-1.1,-0.02,-0.08,0.07
2001-10-01,1.53,-0.28,0.26,-0.21,1.14,0.63,0.35,-0.3,0.04,0.02,0.54,0.06,1.79,-0.24,1.3,0.72,0.7,0.02,0.62,0.07,2.43,0.91,0.11,0.33,-0.17,1.23,1.15,0.04,1.02,0.01,0.01,0.07
2001-11-01,1.32,-0.5,0.25,-0.24,1.17,0.66,-0.07,-0.24,0.0,0.01,0.1,0.06,1.81,-0.27,1.34,0.75,0.2,0.01,0.12,0.07,2.5,0.92,0.12,0.35,-0.1,1.19,0.22,0.07,0.0,0.05,0.03,0.07
2001-12-01,1.06,-0.67,0.19,-0.27,1.12,0.67,-0.1,-0.11,-0.01,-0.08,0.04,0.06,1.74,-0.31,1.29,0.77,0.02,-0.09,0.04,0.07,2.41,0.92,0.09,0.37,-0.1,1.09,0.08,0.06,-0.03,0.03,-0.02,0.04
2002-01-01,0.67,-0.8,0.22,-0.34,0.92,0.67,0.09,0.0,0.03,-0.04,0.04,0.05,1.42,-0.4,1.06,0.77,0.06,-0.04,0.04,0.06,1.96,0.75,-0.07,0.35,-0.14,1.05,0.08,-0.03,0.0,0.03,-0.03,0.11
2002-02-01,0.68,-0.77,0.19,-0.35,0.93,0.67,0.17,-0.02,0.02,-0.02,0.14,0.05,1.43,-0.4,1.07,0.77,0.19,-0.02,0.16,0.05,2.0,0.7,-0.04,0.37,-0.11,1.07,0.3,0.04,0.08,0.05,0.02,0.12
2002-03-01,0.94,-0.53,0.19,-0.33,0.95,0.67,0.27,0.16,0.01,-0.04,0.1,0.05,1.45,-0.38,1.09,0.77,0.12,-0.05,0.11,0.06,2.02,0.7,0.02,0.31,-0.11,1.07,0.21,0.07,0.05,0.0,0.01,0.08
2002-04-01,1.19,-0.39,0.21,-0.27,1.0,0.66,0.42,0.15,0.03,0.07,0.13,0.05,1.57,-0.31,1.14,0.76,0.28,0.08,0.14,0.05,2.12,0.67,0.09,0.32,-0.05,1.08,0.27,0.08,0.05,0.02,0.05,0.08
2002-05-01,0.99,-0.6,0.14,-0.22,1.05,0.64,0.07,0.02,-0.05,-0.06,0.12,0.03,1.66,-0.26,1.21,0.73,0.11,-0.07,0.14,0.04,2.25,0.72,0.16,0.31,0.0,1.05,0.27,0.08,0.06,0.02,0.02,0.08
2002-06-01,0.94,-0.54,0.1,-0.28,1.06,0.62,0.12,-0.01,-0.01,-0.02,0.12,0.04,1.59,-0.32,1.22,0.71,0.16,-0.02,0.13,0.05,2.27,0.66,0.24,0.28,0.01,1.07,0.25,0.04,0.07,0.02,0.0,0.11
2002-07-01,1.19,-0.25,0.09,-0.36,1.11,0.62,0.22,0.03,0.01,-0.03,0.16,0.04,1.54,-0.42,1.27,0.71,0.2,-0.03,0.19,0.05,2.37,0.79,0.27,0.27,-0.03,1.06,0.34,0.15,0.09,0.01,-0.04,0.13
2002-08-01,1.4,-0.14,0.06,-0.23,1.14,0.58,0.2,0.03,0.0,0.01,0.14,0.03,1.69,-0.26,1.31,0.66,0.2,0.01,0.15,0.03,2.43,0.8,0.33,0.27,-0.03,1.07,0.29,0.1,0.05,0.05,0.01,0.08
2002-09-01,1.93,-0.28,0.08,-0.2,1.77,0.58,0.18,0.02,0.01,-0.03,0.13,0.05,2.44,-0.23,2.03,0.67,0.16,-0.04,0.15,0.05,3.8,0.83,1.55,0.31,0.09,1.04,0.28,0.1,0.08,0.02,0.05,0.03
2002-10-01,1.76,0.14,0.04,-0.29,1.31,0.54,0.18,0.11,-0.01,-0.06,0.1,0.03,1.81,-0.33,1.5,0.62,0.08,-0.07,0.12,0.04,2.84,0.82,0.61,0.3,0.1,1.01,0.22,0.05,0.09,0.01,0.01,0.05
2002-11-01,1.93,0.38,0.06,-0.35,1.32,0.52,0.1,-0.01,0.02,-0.05,0.1,0.04,1.7,-0.4,1.5,0.59,0.1,-0.06,0.11,0.04,2.83,0.87,0.67,0.3,0.02,0.98,0.21,0.12,0.06,0.04,-0.04,0.03
2002-12-01,2.13,0.5,0.08,-0.34,1.42,0.5,0.1,0.01,0.0,-0.07,0.12,0.03,1.77,-0.38,1.61,0.57,0.09,-0.08,0.13,0.04,3.0,0.96,0.71,0.29,0.07,0.98,0.25,0.15,0.02,0.01,0.03,0.05
2003-01-01,2.35,0.72,0.05,-0.39,1.48,0.49,0.3,0.24,0.01,-0.09,0.11,0.04,1.78,-0.45,1.68,0.56,0.07,-0.1,0.12,0.05,3.15,1.04,0.76,0.27,0.11,0.97,0.22,0.05,0.05,0.01,0.01,0.11
2003-02-01,2.6,1.04,0.06,-0.44,1.51,0.47,0.42,0.27,0.03,-0.07,0.17,0.02,1.73,-0.5,1.71,0.53,0.14,-0.07,0.19,0.02,3.19,1.06,0.82,0.24,0.11,0.97,0.35,0.06,0.13,0.02,0.01,0.11
2003-03-01,2.59,0.97,0.07,-0.46,1.58,0.44,0.26,0.1,0.02,-0.06,0.18,0.02,1.77,-0.52,1.8,0.5,0.16,-0.07,0.2,0.03,3.36,1.11,0.89,0.24,0.14,0.99,0.38,0.12,0.12,0.0,0.04,0.1
2003-04-01,1.99,0.54,0.05,-0.56,1.57,0.41,-0.17,-0.27,0.0,-0.03,0.11,0.01,1.6,-0.64,1.78,0.46,0.11,-0.03,0.13,0.02,3.33,1.14,0.99,0.22,0.08,0.91,0.24,0.1,0.15,0.0,-0.01,0.0
2003-05-01,1.8,0.27,0.11,-0.6,1.66,0.4,-0.11,-0.25,0.01,-0.11,0.21,0.02,1.63,-0.68,1.9,0.45,0.14,-0.13,0.24,0.03,3.51,1.27,1.05,0.27,0.1,0.84,0.45,0.21,0.12,0.07,0.03,0.01
2003-06-01,1.79,0.28,0.16,-0.62,1.63,0.36,0.11,0.01,0.05,-0.04,0.08,0.01,1.53,-0.7,1.85,0.41,0.06,-0.04,0.09,0.01,3.43,1.29,1.04,0.27,0.13,0.73,0.17,0.06,0.06,0.02,0.02,0.01
2003-07-01,1.86,0.34,0.14,-0.56,1.6,0.35,0.29,0.08,-0.01,0.04,0.15,0.04,1.57,-0.64,1.83,0.4,0.25,0.04,0.17,0.04,3.4,1.25,1.03,0.29,0.21,0.64,0.31,0.12,0.06,0.03,0.04,0.05
2003-08-01,2.01,0.52,0.19,-0.65,1.61,0.36,0.34,0.19,0.04,-0.07,0.14,0.03,1.49,-0.74,1.83,0.4,0.11,-0.08,0.16,0.03,3.41,1.22,1.05,0.26,0.21,0.68,0.3,0.07,0.08,0.02,0.0,0.12
2003-09-01,2.14,0.68,0.19,-0.64,1.61,0.35,0.31,0.17,0.02,-0.04,0.13,0.04,1.46,-0.73,1.83,0.4,0.14,-0.05,0.14,0.04,3.4,1.16,1.05,0.25,0.16,0.78,0.27,0.04,0.08,0.01,0.0,0.13
2003-10-01,1.97,0.38,0.23,-0.63,1.69,0.35,0.01,-0.18,0.03,-0.05,0.17,0.04,1.57,-0.71,1.92,0.4,0.18,-0.06,0.2,0.04,3.55,1.28,1.05,0.29,0.16,0.77,0.37,0.17,0.08,0.05,0.02,0.04
2003-11-01,2.0,0.36,0.24,-0.62,1.71,0.35,0.13,-0.02,0.03,-0.04,0.13,0.04,1.61,-0.71,1.96,0.4,0.14,-0.05,0.15,0.04,3.61,1.24,1.06,0.28,0.2,0.84,0.27,0.08,0.07,0.03,0.0,0.1
2003-12-01,2.12,0.41,0.28,-0.59,1.71,0.33,0.22,0.07,0.04,-0.02,0.12,0.02,1.64,-0.67,1.95,0.38,0.12,-0.03,0.13,0.02,3.61,1.13,1.05,0.31,0.22,0.91,0.24,0.04,0.02,0.04,0.04,0.11
2004-01-01,2.21,0.37,0.26,-0.47,1.78,0.32,0.39,0.18,-0.02,0.02,0.17,0.03,1.83,-0.53,2.03,0.36,0.26,0.03,0.2,0.03,3.75,1.31,1.07,0.33,0.18,0.86,0.36,0.23,0.06,0.03,-0.02,0.06
2004-02-01,2.0,0.16,0.23,-0.37,1.69,0.33,0.21,0.06,0.01,0.03,0.08,0.03,1.85,-0.42,1.94,0.38,0.16,0.04,0.09,0.04,3.56,1.35,0.9,0.32,0.17,0.83,0.16,0.1,-0.02,0.01,0.0,0.08
2004-03-01,1.9,0.04,0.24,-0.28,1.59,0.34,0.15,-0.02,0.03,0.03,0.08,0.04,1.86,-0.33,1.82,0.39,0.17,0.03,0.1,0.04,3.35,1.31,0.77,0.38,0.12,0.78,0.18,0.08,-0.01,0.06,-0.01,0.05
2004-04-01,2.26,0.25,0.25,-0.24,1.64,0.38,0.19,-0.06,0.02,0.02,0.16,0.05,2.01,-0.27,1.87,0.43,0.26,0.02,0.18,0.06,3.46,1.3,0.74,0.44,0.11,0.88,0.34,0.09,0.12,0.05,-0.02,0.1
2004-05-01,2.71,0.64,0.3,-0.14,1.53,0.39,0.33,0.14,0.06,0.0,0.09,0.03,2.01,-0.15,1.74,0.44,0.14,-0.01,0.1,0.04,3.19,1.16,0.67,0.41,0.05,0.9,0.19,0.08,0.05,0.05,-0.02,0.04
2004-06-01,2.89,0.77,0.27,-0.1,1.55,0.42,0.29,0.13,0.02,0.0,0.1,0.04,2.11,-0.11,1.76,0.48,0.16,0.0,0.11,0.04,3.24,1.16,0.66,0.41,0.05,0.95,0.21,0.06,0.05,0.02,0.02,0.06
2004-07-01,2.68,0.66,0.29,-0.19,1.52,0.41,0.09,-0.02,0.01,-0.05,0.13,0.03,1.98,-0.22,1.73,0.47,0.12,-0.06,0.15,0.04,3.19,1.11,0.64,0.44,0.07,0.94,0.27,0.07,0.05,0.06,0.05,0.04
2004-08-01,2.39,0.49,0.24,-0.21,1.45,0.42,0.05,0.01,0.0,-0.08,0.08,0.04,1.9,-0.24,1.65,0.48,0.04,-0.09,0.09,0.04,3.06,1.1,0.58,0.44,0.07,0.86,0.17,0.07,0.02,0.02,0.0,0.05
2004-09-01,2.27,0.36,0.21,-0.15,1.45,0.41,0.2,0.05,-0.02,0.01,0.12,0.03,1.95,-0.17,1.66,0.47,0.19,0.02,0.14,0.03,3.05,1.12,0.55,0.49,0.04,0.85,0.26,0.05,0.05,0.06,-0.02,0.12
2004-10-01,2.7,0.75,0.23,-0.03,1.37,0.4,0.43,0.19,0.05,0.07,0.1,0.02,1.98,-0.03,1.57,0.45,0.22,0.08,0.11,0.03,2.88,1.01,0.48,0.47,0.05,0.87,0.2,0.06,0.02,0.03,0.03,0.06
2004-11-01,2.97,0.95,0.22,0.04,1.39,0.38,0.39,0.17,0.03,0.02,0.15,0.02,2.06,0.04,1.59,0.43,0.22,0.02,0.17,0.03,2.93,1.0,0.45,0.45,0.11,0.92,0.31,0.06,0.04,0.01,0.06,0.14
2004-12-01,2.79,0.82,0.17,0.03,1.39,0.39,0.05,-0.05,-0.01,-0.03,0.11,0.03,2.07,0.03,1.59,0.45,0.13,-0.04,0.13,0.04,2.92,1.03,0.46,0.43,0.06,0.95,0.24,0.07,0.02,0.02,-0.01,0.14
2005-01-01,2.53,0.46,0.17,0.03,1.47,0.4,0.13,-0.16,-0.02,0.02,0.25,0.04,2.17,0.03,1.68,0.46,0.36,0.03,0.29,0.05,3.09,0.96,0.52,0.44,0.11,1.07,0.53,0.16,0.13,0.04,0.02,0.18
2005-02-01,2.6,0.55,0.15,-0.02,1.52,0.41,0.28,0.15,-0.02,-0.02,0.12,0.04,2.18,-0.02,1.73,0.47,0.17,-0.02,0.14,0.05,3.18,1.01,0.57,0.48,0.12,0.99,0.25,0.15,0.04,0.05,0.02,0.0
2005-03-01,2.75,0.62,0.14,-0.04,1.62,0.4,0.3,0.06,0.02,0.0,0.18,0.03,2.26,-0.05,1.84,0.46,0.25,0.0,0.21,0.03,3.4,0.99,0.62,0.5,0.21,1.08,0.38,0.06,0.04,0.09,0.07,0.13
2005-04-01,2.84,0.8,0.21,-0.09,1.56,0.38,0.28,0.1,0.08,-0.03,0.1,0.03,2.11,-0.1,1.78,0.43,0.12,-0.03,0.12,0.03,3.27,0.98,0.57,0.45,0.23,1.05,0.22,0.08,0.07,0.0,0.0,0.07
2005-05-01,2.57,0.53,0.13,-0.03,1.55,0.38,0.06,-0.11,-0.01,0.05,0.09,0.03,2.18,-0.03,1.77,0.43,0.21,0.06,0.1,0.04,3.27,0.96,0.54,0.4,0.25,1.11,0.19,0.07,0.03,0.0,0.01,0.09
2005-06-01,2.34,0.41,0.11,-0.09,1.56,0.37,0.06,0.01,-0.01,-0.06,0.09,0.02,2.09,-0.1,1.78,0.42,0.07,-0.06,0.1,0.03,3.25,0.97,0.55,0.41,0.26,1.05,0.19,0.06,0.06,0.03,0.03,0.01
2005-07-01,2.68,0.72,0.11,-0.07,1.56,0.37,0.42,0.28,0.01,-0.04,0.13,0.04,2.11,-0.08,1.78,0.43,0.15,-0.04,0.15,0.04,3.26,0.96,0.58,0.39,0.23,1.11,0.27,0.06,0.07,0.03,0.02,0.09
2005-08-01,3.04,1.06,0.11,-0.01,1.55,0.36,0.4,0.33,0.0,-0.03,0.07,0.03,2.16,-0.02,1.77,0.41,0.08,-0.03,0.08,0.03,3.24,0.95,0.58,0.38,0.23,1.09,0.15,0.06,0.03,0.02,0.0,0.04
2005-09-01,3.83,1.79,0.15,-0.02,1.58,0.37,0.97,0.77,0.02,0.0,0.15,0.03,2.19,-0.03,1.8,0.43,0.22,0.01,0.18,0.04,3.31,1.01,0.58,0.29,0.35,1.07,0.32,0.11,0.05,-0.03,0.1,0.1
2005-10-01,3.55,1.5,0.11,-0.09,1.69,0.38,0.16,-0.09,0.01,0.01,0.21,0.03,2.27,-0.1,1.93,0.44,0.29,0.01,0.24,0.03,3.55,1.08,0.68,0.36,0.34,1.09,0.44,0.14,0.11,0.1,0.01,0.08
2005-11-01,2.94,0.83,0.11,-0.08,1.7,0.4,-0.21,-0.46,0.03,0.02,0.16,0.04,2.31,-0.09,1.95,0.46,0.26,0.02,0.19,0.05,3.58,1.11,0.68,0.39,0.39,1.01,0.34,0.09,0.04,0.04,0.11,0.07
2005-12-01,2.88,0.78,0.12,-0.06,1.65,0.4,0.0,-0.09,0.01,-0.01,0.07,0.03,2.28,-0.07,1.89,0.46,0.1,-0.01,0.08,0.04,3.48,1.07,0.66,0.4,0.35,1.0,0.14,0.03,0.0,0.03,-0.05,0.13
2006-01-01,3.25,1.25,0.17,-0.07,1.55,0.4,0.48,0.27,0.03,0.01,0.14,0.04,2.14,-0.08,1.77,0.46,0.22,0.01,0.17,0.05,3.25,0.96,0.59,0.4,0.36,0.94,0.3,0.06,0.06,0.04,0.03,0.11
2006-02-01,3.02,0.99,0.17,-0.11,1.57,0.41,0.06,-0.06,-0.01,-0.05,0.14,0.05,2.14,-0.12,1.8,0.46,0.16,-0.06,0.17,0.05,3.3,0.89,0.58,0.4,0.38,1.04,0.3,0.08,0.03,0.05,0.05,0.1
2006-03-01,2.91,0.89,0.16,-0.08,1.55,0.43,0.19,-0.06,0.01,0.03,0.16,0.05,2.17,-0.09,1.77,0.49,0.28,0.04,0.18,0.06,3.25,0.93,0.64,0.37,0.32,1.0,0.33,0.09,0.09,0.05,0.01,0.09
2006-04-01,3.1,0.99,0.07,-0.03,1.63,0.46,0.46,0.21,-0.01,0.02,0.19,0.06,2.36,-0.03,1.87,0.53,0.31,0.03,0.21,0.06,3.43,0.93,0.74,0.4,0.33,1.04,0.39,0.08,0.15,0.03,0.01,0.12
2006-05-01,3.32,1.17,0.08,-0.08,1.69,0.5,0.27,0.05,0.0,0.0,0.15,0.07,2.41,-0.09,1.94,0.57,0.25,0.0,0.17,0.08,3.56,0.96,0.82,0.45,0.35,0.98,0.32,0.09,0.11,0.05,0.03,0.04
2006-06-01,3.51,1.14,0.12,-0.04,1.77,0.54,0.25,0.0,0.02,-0.02,0.17,0.07,2.6,-0.05,2.02,0.62,0.25,-0.02,0.2,0.08,3.73,0.99,0.85,0.44,0.35,1.1,0.36,0.09,0.08,0.03,0.03,0.12
2006-07-01,3.43,1.12,0.12,-0.05,1.69,0.56,0.34,0.24,0.01,-0.04,0.07,0.06,2.55,-0.05,1.94,0.64,0.1,-0.04,0.08,0.06,3.59,1.03,0.67,0.45,0.34,1.11,0.14,0.1,-0.1,0.03,0.01,0.1
2006-08-01,3.34,0.92,0.14,0.01,1.73,0.58,0.31,0.12,0.02,0.03,0.1,0.05,2.67,0.01,1.99,0.67,0.2,0.03,0.11,0.06,3.65,1.07,0.66,0.46,0.34,1.13,0.21,0.09,0.02,0.03,0.0,0.07
2006-09-01,2.08,-0.28,0.14,-0.01,1.68,0.6,-0.26,-0.42,0.02,-0.02,0.11,0.05,2.61,-0.02,1.95,0.69,0.16,-0.02,0.12,0.05,3.54,1.02,0.7,0.5,0.22,1.11,0.22,0.06,0.09,0.01,-0.02,0.08
2006-10-01,1.68,-0.63,0.15,-0.05,1.59,0.62,-0.24,-0.41,0.02,-0.02,0.13,0.06,2.5,-0.06,1.85,0.72,0.18,-0.03,0.14,0.06,3.36,0.94,0.7,0.44,0.21,1.08,0.26,0.06,0.11,0.04,0.0,0.05
2006-11-01,1.92,-0.18,0.12,-0.14,1.51,0.63,0.03,-0.01,0.0,-0.07,0.07,0.05,2.28,-0.16,1.74,0.73,0.05,-0.08,0.08,0.05,3.16,0.89,0.65,0.44,0.14,1.05,0.14,0.05,-0.01,0.03,0.03,0.04
2006-12-01,2.29,0.18,0.1,-0.14,1.52,0.65,0.36,0.25,-0.02,-0.01,0.08,0.05,2.32,-0.17,1.75,0.75,0.13,-0.01,0.09,0.06,3.18,0.94,0.69,0.45,0.12,0.99,0.16,0.08,0.04,0.04,-0.06,0.07
2007-01-01,2.13,-0.16,0.13,-0.13,1.66,0.64,0.33,-0.08,0.06,0.03,0.29,0.04,2.5,-0.15,1.91,0.74,0.41,0.03,0.33,0.05,3.48,1.23,0.69,0.47,0.13,0.96,0.6,0.34,0.06,0.06,0.04,0.09
2007-02-01,2.39,-0.03,0.2,-0.07,1.65,0.65,0.31,0.06,0.06,0.01,0.13,0.05,2.56,-0.08,1.9,0.74,0.22,0.01,0.15,0.05,3.46,1.26,0.66,0.47,0.12,0.95,0.28,0.1,0.0,0.06,0.04,0.09
2007-03-01,2.56,0.26,0.23,-0.15,1.58,0.63,0.37,0.23,0.05,-0.04,0.09,0.04,2.38,-0.17,1.82,0.73,0.1,-0.05,0.11,0.05,3.32,1.21,0.58,0.43,0.12,0.98,0.2,0.05,0.02,0.01,0.01,0.11
2007-04-01,2.33,0.14,0.27,-0.21,1.53,0.61,0.24,0.09,0.02,-0.04,0.13,0.03,2.21,-0.24,1.76,0.7,0.14,-0.04,0.15,0.03,3.2,1.17,0.51,0.46,0.11,0.96,0.28,0.04,0.08,0.06,0.0,0.1
2007-05-01,2.35,0.26,0.3,-0.22,1.47,0.56,0.29,0.16,0.03,-0.01,0.1,0.02,2.08,-0.26,1.7,0.64,0.12,-0.02,0.11,0.02,3.08,1.12,0.43,0.46,0.07,1.0,0.2,0.04,0.04,0.05,-0.01,0.08
2007-06-01,2.32,0.28,0.31,-0.22,1.44,0.52,0.21,0.03,0.04,-0.02,0.13,0.03,1.99,-0.26,1.66,0.6,0.17,-0.03,0.15,0.04,3.0,1.1,0.39,0.49,0.09,0.93,0.28,0.08,0.05,0.06,0.04,0.05
2007-07-01,2.12,0.05,0.32,-0.21,1.48,0.49,0.15,0.0,0.02,-0.02,0.12,0.03,2.04,-0.24,1.71,0.57,0.15,-0.02,0.14,0.04,3.11,1.06,0.53,0.51,0.12,0.89,0.25,0.05,0.04,0.06,0.04,0.06
2007-08-01,1.87,-0.17,0.33,-0.29,1.54,0.48,0.07,-0.09,0.03,-0.06,0.15,0.04,1.98,-0.33,1.78,0.56,0.15,-0.07,0.17,0.05,3.22,1.05,0.57,0.53,0.14,0.93,0.31,0.08,0.06,0.04,0.02,0.11
2007-09-01,2.53,0.38,0.33,-0.27,1.62,0.48,0.39,0.12,0.02,0.01,0.19,0.04,2.1,-0.31,1.87,0.55,0.27,0.01,0.22,0.05,3.39,1.08,0.64,0.56,0.15,0.96,0.39,0.1,0.15,0.04,-0.01,0.11
2007-10-01,3.09,0.85,0.34,-0.21,1.65,0.46,0.3,0.05,0.03,0.03,0.15,0.04,2.18,-0.24,1.9,0.53,0.26,0.04,0.17,0.05,3.44,1.22,0.57,0.54,0.2,0.91,0.31,0.19,0.04,0.03,0.06,0.0
2007-11-01,3.6,1.19,0.38,-0.13,1.71,0.47,0.53,0.33,0.03,0.01,0.11,0.05,2.34,-0.15,1.96,0.54,0.2,0.01,0.13,0.06,3.54,1.19,0.63,0.54,0.22,0.96,0.23,0.02,0.06,0.03,0.05,0.08
2007-12-01,3.47,0.98,0.4,-0.11,1.75,0.46,0.23,0.05,0.01,0.01,0.12,0.04,2.4,-0.13,2.0,0.53,0.2,0.01,0.14,0.05,3.63,1.24,0.59,0.53,0.27,0.99,0.26,0.14,-0.01,0.03,-0.01,0.11
2008-01-01,3.39,1.09,0.4,-0.11,1.57,0.45,0.25,0.03,0.06,0.03,0.11,0.03,2.19,-0.12,1.8,0.52,0.2,0.03,0.13,0.04,3.25,0.92,0.5,0.52,0.27,1.04,0.23,0.02,-0.02,0.06,0.04,0.13
2008-02-01,3.27,1.13,0.38,-0.14,1.51,0.43,0.2,0.08,0.04,-0.03,0.08,0.03,2.07,-0.16,1.74,0.49,0.1,-0.03,0.1,0.03,3.15,0.88,0.48,0.5,0.26,1.03,0.17,0.06,-0.02,0.04,0.02,0.08
2008-03-01,3.19,0.97,0.34,-0.09,1.55,0.42,0.29,0.1,0.01,0.01,0.13,0.03,2.17,-0.11,1.78,0.48,0.2,0.01,0.15,0.04,3.23,0.88,0.41,0.56,0.31,1.08,0.27,0.05,-0.05,0.06,0.06,0.16
2008-04-01,3.14,0.94,0.42,-0.08,1.45,0.43,0.19,0.04,0.1,-0.03,0.04,0.03,2.08,-0.09,1.68,0.49,0.06,-0.03,0.05,0.04,3.03,0.91,0.22,0.49,0.31,1.11,0.08,0.07,-0.1,-0.01,0.01,0.12
2008-05-01,3.28,1.01,0.42,-0.1,1.53,0.42,0.43,0.25,0.03,-0.03,0.17,0.02,2.15,-0.11,1.76,0.49,0.18,-0.04,0.2,0.02,3.18,0.92,0.16,0.49,0.43,1.2,0.35,0.05,-0.02,0.05,0.1,0.17
2008-06-01,3.81,1.5,0.43,-0.07,1.55,0.43,0.73,0.48,0.05,0.01,0.15,0.04,2.21,-0.08,1.78,0.5,0.23,0.01,0.18,0.05,3.22,0.88,0.17,0.48,0.44,1.26,0.32,0.04,0.05,0.05,0.05,0.11
2008-07-01,4.14,1.76,0.5,-0.02,1.53,0.43,0.47,0.23,0.09,0.03,0.1,0.03,2.24,-0.03,1.76,0.5,0.18,0.03,0.11,0.03,3.17,0.93,0.08,0.49,0.4,1.29,0.2,0.09,-0.05,0.07,0.0,0.1
2008-08-01,3.98,1.58,0.51,0.05,1.44,0.42,-0.08,-0.22,0.04,0.02,0.06,0.03,2.22,0.06,1.66,0.48,0.12,0.02,0.07,0.03,2.98,0.9,-0.03,0.48,0.38,1.27,0.12,0.05,-0.05,0.03,0.01,0.09
2008-09-01,3.67,1.4,0.54,0.04,1.3,0.41,0.08,-0.05,0.05,-0.01,0.06,0.04,2.04,0.04,1.5,0.48,0.1,-0.01,0.07,0.04,2.71,0.83,-0.26,0.49,0.47,1.21,0.12,0.03,-0.08,0.05,0.07,0.06
2008-10-01,2.67,0.71,0.54,-0.02,1.02,0.4,-0.66,-0.56,0.03,-0.02,-0.13,0.03,1.63,-0.03,1.18,0.46,-0.14,-0.03,-0.15,0.03,2.12,0.72,-0.64,0.5,0.43,1.15,-0.26,0.09,-0.34,0.04,0.02,-0.07
2008-11-01,0.93,-0.81,0.52,-0.05,0.85,0.39,-1.18,-1.16,0.02,-0.02,-0.06,0.04,1.39,-0.06,0.98,0.45,-0.04,-0.03,-0.07,0.05,1.76,0.77,-0.93,0.5,0.36,1.1,-0.12,0.06,-0.23,0.03,-0.02,0.03
2008-12-01,0.13,-1.42,0.51,-0.11,0.71,0.36,-0.56,-0.52,0.0,-0.05,-0.01,0.01,1.14,-0.13,0.83,0.41,-0.05,-0.05,-0.01,0.02,1.48,0.69,-1.07,0.5,0.37,1.02,-0.02,0.06,-0.15,0.02,0.01,0.03
2009-01-01,-0.11,-1.35,0.45,-0.12,0.53,0.36,0.01,0.05,-0.01,0.01,-0.08,0.04,0.91,-0.14,0.61,0.42,-0.03,0.02,-0.09,0.04,1.09,0.81,-1.35,0.47,0.37,0.84,-0.15,0.14,-0.3,0.03,0.03,-0.05
2009-02-01,-0.13,-1.25,0.38,-0.01,0.41,0.36,0.18,0.13,-0.02,0.08,-0.03,0.02,0.89,-0.01,0.47,0.41,0.08,0.09,-0.04,0.02,0.85,0.81,-1.47,0.43,0.32,0.8,-0.07,0.06,-0.15,0.01,-0.03,0.03
2009-03-01,-0.53,-1.57,0.35,0.07,0.22,0.36,-0.11,-0.15,-0.02,0.09,-0.06,0.03,0.76,0.09,0.26,0.42,0.07,0.1,-0.07,0.04,0.46,0.82,-1.55,0.38,0.23,0.62,-0.12,0.06,-0.14,0.0,-0.02,-0.02
2009-04-01,-0.57,-1.58,0.22,0.22,0.24,0.35,0.14,-0.02,-0.03,0.11,0.06,0.02,0.93,0.25,0.28,0.4,0.22,0.13,0.07,0.03,0.49,0.79,-1.44,0.41,0.24,0.51,0.12,0.05,0.01,0.03,0.02,0.01
2009-05-01,-0.89,-1.73,0.16,0.24,0.11,0.35,0.1,0.06,-0.03,-0.01,0.05,0.03,0.82,0.28,0.13,0.41,0.08,-0.01,0.05,0.03,0.24,0.84,-1.38,0.35,0.1,0.34,0.09,0.1,0.05,-0.01,-0.04,0.0
2009-06-01,-1.02,-1.73,0.12,0.25,0.05,0.32,0.59,0.48,0.01,0.02,0.09,0.0,0.72,0.29,0.06,0.37,0.13,0.02,0.11,0.0,0.11,0.85,-1.36,0.29,0.02,0.31,0.19,0.07,0.06,-0.01,-0.02,0.09
2009-07-01,-1.47,-1.95,0.0,0.19,0.06,0.29,0.01,-0.03,-0.03,-0.03,0.11,0.0,0.63,0.22,0.07,0.33,0.09,-0.04,0.12,0.0,0.13,0.81,-1.24,0.21,0.07,0.29,0.22,0.05,0.07,-0.01,0.05,0.07
2009-08-01,-1.1,-1.58,-0.04,0.15,0.14,0.27,0.29,0.16,0.0,-0.02,0.14,0.01,0.65,0.17,0.16,0.31,0.15,-0.03,0.16,0.01,0.29,0.88,-1.13,0.2,0.13,0.23,0.29,0.13,0.05,0.02,0.06,0.03
2009-09-01,-1.02,-1.47,-0.11,0.23,0.18,0.22,0.16,0.03,-0.02,0.07,0.1,-0.02,0.73,0.27,0.21,0.25,0.18,0.09,0.11,-0.02,0.36,0.86,-1.03,0.18,0.07,0.27,0.19,0.01,0.04,0.03,0.02,0.1
2009-10-01,0.01,-0.91,-0.13,0.28,0.6,0.18,0.38,0.05,0.01,0.03,0.3,-0.01,1.24,0.32,0.7,0.21,0.37,0.03,0.34,-0.01,1.23,0.96,-0.36,0.19,0.07,0.36,0.6,0.2,0.32,0.05,0.01,0.02
2009-11-01,1.46,0.42,-0.15,0.29,0.78,0.13,0.25,0.17,0.0,-0.01,0.11,-0.02,1.37,0.33,0.9,0.15,0.09,-0.02,0.12,-0.02,1.57,0.98,-0.05,0.16,0.12,0.35,0.22,0.08,0.07,0.0,0.04,0.03
2009-12-01,2.09,0.9,-0.13,0.33,0.88,0.11,0.06,-0.03,0.01,-0.01,0.09,0.0,1.51,0.37,1.01,0.13,0.09,-0.01,0.1,0.0,1.77,0.98,0.15,0.15,0.13,0.35,0.17,0.06,0.06,0.01,0.02,0.02
2010-01-01,2.3,0.94,-0.12,0.3,1.11,0.07,0.22,0.08,0.01,-0.01,0.15,-0.01,1.69,0.35,1.27,0.08,0.15,-0.01,0.17,-0.01,2.23,0.91,0.63,0.13,0.1,0.46,0.3,0.06,0.17,0.01,0.0,0.06
2010-02-01,2.12,0.75,-0.09,0.21,1.24,0.04,0.0,-0.09,0.01,-0.01,0.09,0.0,1.7,0.24,1.41,0.05,0.09,-0.01,0.1,0.0,2.49,0.92,0.88,0.12,0.13,0.45,0.18,0.06,0.1,0.0,0.01,0.02
2010-03-01,2.37,0.87,-0.04,0.12,1.44,0.0,0.14,-0.01,0.02,0.0,0.14,-0.01,1.78,0.13,1.65,0.0,0.15,0.0,0.16,-0.01,2.9,0.94,1.17,0.13,0.16,0.53,0.29,0.07,0.13,0.01,0.01,0.05
2010-04-01,2.28,0.89,0.0,-0.06,1.5,-0.02,0.05,0.0,0.01,-0.07,0.11,0.0,1.6,-0.07,1.71,-0.03,0.05,-0.08,0.13,0.0,3.01,0.96,1.21,0.13,0.15,0.58,0.22,0.07,0.05,0.03,0.01,0.07
2010-05-01,2.21,0.76,0.03,-0.09,1.57,-0.04,0.03,-0.07,0.0,-0.03,0.12,0.01,1.64,-0.1,1.79,-0.05,0.11,-0.04,0.14,0.01,3.17,0.89,1.29,0.17,0.21,0.63,0.24,0.02,0.12,0.03,0.02,0.05
2010-06-01,1.56,0.2,0.01,-0.13,1.53,-0.03,-0.04,-0.08,-0.01,-0.03,0.06,0.01,1.56,-0.15,1.76,-0.04,0.05,-0.03,0.07,0.01,3.1,0.91,1.21,0.19,0.24,0.57,0.12,0.08,-0.01,0.02,0.01,0.02
2010-07-01,1.64,0.31,0.05,-0.14,1.46,-0.02,0.09,0.08,0.0,-0.05,0.04,0.01,1.47,-0.17,1.67,-0.03,0.0,-0.05,0.05,0.01,2.95,0.89,1.08,0.21,0.21,0.58,0.08,0.03,-0.05,0.0,0.01,0.09
2010-08-01,1.48,0.2,0.05,-0.11,1.37,-0.03,0.14,0.05,0.0,0.01,0.07,0.0,1.42,-0.13,1.58,-0.04,0.1,0.01,0.08,0.0,2.8,0.82,1.08,0.21,0.12,0.58,0.15,0.06,0.05,0.03,-0.02,0.02
2010-09-01,1.42,0.2,0.1,-0.18,1.32,0.0,0.1,0.03,0.02,0.0,0.04,0.01,1.3,-0.21,1.52,-0.01,0.06,0.0,0.04,0.01,2.68,0.87,1.02,0.22,0.08,0.5,0.07,0.06,-0.02,0.03,-0.03,0.03
2010-10-01,1.36,0.34,0.09,-0.23,1.17,0.01,0.32,0.18,0.0,-0.02,0.15,0.01,1.08,-0.27,1.35,0.01,0.15,-0.03,0.17,0.01,2.37,0.71,0.87,0.18,0.09,0.51,0.3,0.05,0.18,0.01,0.03,0.03
2010-11-01,1.31,0.24,0.1,-0.21,1.14,0.05,0.2,0.07,0.01,0.01,0.08,0.02,1.12,-0.24,1.31,0.06,0.13,0.01,0.09,0.02,2.31,0.67,0.82,0.19,0.09,0.53,0.17,0.04,0.03,0.01,0.04,0.06
2010-12-01,1.48,0.47,0.1,-0.22,1.08,0.07,0.23,0.2,0.01,-0.02,0.02,0.02,1.06,-0.26,1.24,0.08,0.02,-0.03,0.03,0.02,2.19,0.63,0.69,0.2,0.09,0.57,0.05,0.02,-0.08,0.03,0.01,0.06
2011-01-01,1.56,0.46,0.14,-0.17,1.05,0.1,0.3,0.06,0.05,0.05,0.12,0.02,1.12,-0.19,1.21,0.12,0.21,0.05,0.14,0.03,2.13,0.57,0.63,0.22,0.13,0.57,0.24,0.01,0.11,0.03,0.04,0.05
2011-02-01,1.85,0.62,0.19,-0.12,1.05,0.13,0.28,0.08,0.05,0.03,0.1,0.02,1.21,-0.14,1.22,0.15,0.17,0.04,0.11,0.03,2.13,0.61,0.53,0.23,0.16,0.61,0.19,0.1,0.0,0.0,0.03,0.06
2011-03-01,2.11,0.83,0.23,-0.13,1.04,0.15,0.4,0.21,0.07,-0.01,0.12,0.02,1.21,-0.15,1.19,0.18,0.15,-0.01,0.14,0.02,2.1,0.6,0.46,0.25,0.2,0.58,0.25,0.07,0.06,0.04,0.05,0.03
2011-04-01,2.49,1.05,0.25,-0.01,1.06,0.17,0.42,0.2,0.03,0.06,0.13,0.02,1.39,-0.01,1.21,0.19,0.23,0.06,0.15,0.02,2.13,0.6,0.52,0.27,0.17,0.57,0.26,0.06,0.11,0.04,-0.02,0.06
2011-05-01,2.77,1.18,0.28,0.07,1.08,0.18,0.3,0.06,0.04,0.05,0.14,0.02,1.52,0.08,1.24,0.21,0.24,0.05,0.16,0.02,2.17,0.64,0.42,0.27,0.19,0.65,0.28,0.06,0.02,0.02,0.04,0.13
2011-06-01,2.79,1.13,0.3,0.13,1.06,0.19,-0.02,-0.13,0.02,0.03,0.04,0.03,1.59,0.15,1.22,0.22,0.11,0.03,0.05,0.03,2.14,0.62,0.43,0.32,0.16,0.61,0.08,0.05,0.0,0.07,-0.03,-0.02
2011-07-01,2.88,1.05,0.33,0.19,1.1,0.22,0.17,0.01,0.03,0.01,0.08,0.03,1.73,0.22,1.27,0.25,0.15,0.02,0.09,0.04,2.22,0.63,0.5,0.39,0.14,0.56,0.16,0.03,0.02,0.06,0.0,0.04
2011-08-01,2.98,1.02,0.37,0.2,1.15,0.26,0.24,0.02,0.04,0.02,0.11,0.04,1.84,0.23,1.32,0.3,0.2,0.02,0.13,0.04,2.31,0.62,0.48,0.38,0.19,0.63,0.23,0.05,0.03,0.03,0.03,0.09
2011-09-01,3.02,1.04,0.4,0.17,1.17,0.27,0.14,0.04,0.04,-0.02,0.06,0.02,1.85,0.2,1.34,0.31,0.07,-0.03,0.07,0.03,2.36,0.63,0.48,0.36,0.25,0.63,0.12,0.06,-0.02,0.01,0.04,0.03
2011-10-01,2.69,0.79,0.4,0.22,1.0,0.3,0.0,-0.05,0.01,0.02,-0.01,0.03,1.74,0.25,1.15,0.34,0.05,0.02,-0.02,0.04,2.02,0.58,0.2,0.36,0.25,0.64,-0.03,0.0,-0.1,0.01,0.02,0.04
2011-11-01,2.7,0.74,0.38,0.25,1.04,0.3,0.2,0.03,-0.01,0.03,0.12,0.03,1.83,0.28,1.2,0.34,0.21,0.04,0.14,0.03,2.11,0.59,0.26,0.39,0.21,0.66,0.25,0.04,0.08,0.04,0.0,0.08
2011-12-01,2.53,0.44,0.39,0.27,1.13,0.31,0.06,-0.1,0.02,0.0,0.11,0.03,1.97,0.31,1.31,0.36,0.17,0.0,0.13,0.04,2.3,0.66,0.42,0.39,0.21,0.63,0.23,0.09,0.08,0.03,0.01,0.02
2012-01-01,2.57,0.42,0.37,0.26,1.2,0.32,0.34,0.05,0.03,0.04,0.19,0.03,2.06,0.3,1.39,0.37,0.3,0.04,0.22,0.03,2.44,0.68,0.45,0.37,0.19,0.76,0.39,0.03,0.14,0.01,0.02,0.18
2012-02-01,2.51,0.46,0.31,0.22,1.22,0.32,0.22,0.11,-0.01,-0.01,0.11,0.02,2.03,0.25,1.41,0.37,0.14,-0.01,0.12,0.03,2.47,0.63,0.56,0.42,0.18,0.68,0.21,0.06,0.1,0.05,0.02,-0.01
2012-03-01,2.3,0.28,0.26,0.26,1.18,0.33,0.19,0.03,0.02,0.03,0.09,0.03,2.04,0.3,1.36,0.38,0.17,0.03,0.1,0.04,2.39,0.6,0.52,0.4,0.12,0.75,0.18,0.04,0.03,0.01,0.0,0.1
2012-04-01,2.0,0.07,0.24,0.19,1.16,0.35,0.13,0.0,0.0,-0.01,0.11,0.04,1.97,0.22,1.34,0.41,0.15,-0.01,0.12,0.04,2.35,0.6,0.46,0.39,0.16,0.75,0.22,0.06,0.05,0.03,0.01,0.05
2012-05-01,1.58,-0.19,0.19,0.13,1.09,0.35,-0.11,-0.19,-0.01,-0.01,0.07,0.02,1.83,0.15,1.27,0.41,0.1,-0.01,0.08,0.03,2.21,0.59,0.45,0.41,0.13,0.63,0.15,0.06,0.02,0.05,0.01,0.01
2012-06-01,1.55,-0.22,0.19,0.08,1.15,0.35,-0.05,-0.15,0.01,-0.02,0.1,0.02,1.82,0.09,1.33,0.4,0.1,-0.03,0.11,0.02,2.33,0.57,0.46,0.39,0.15,0.75,0.19,0.03,0.01,0.05,0.0,0.1
2012-07-01,1.41,-0.29,0.16,0.06,1.13,0.34,0.04,-0.06,0.0,0.0,0.06,0.03,1.77,0.07,1.31,0.39,0.1,0.0,0.07,0.03,2.29,0.62,0.53,0.32,0.13,0.7,0.13,0.08,0.08,-0.01,-0.03,0.0
2012-08-01,1.51,-0.02,0.12,0.0,1.09,0.34,0.34,0.27,0.0,-0.04,0.07,0.03,1.64,0.0,1.26,0.39,0.06,-0.05,0.08,0.04,2.2,0.61,0.53,0.32,0.11,0.64,0.14,0.04,0.03,0.02,0.01,0.03
2012-09-01,1.68,0.15,0.07,0.03,1.09,0.35,0.3,0.21,0.0,0.01,0.06,0.04,1.69,0.04,1.26,0.4,0.12,0.01,0.07,0.04,2.2,0.58,0.56,0.34,0.08,0.65,0.12,0.03,0.02,0.03,0.0,0.04
2012-10-01,1.98,0.26,0.08,0.03,1.26,0.35,0.3,0.07,0.02,0.02,0.15,0.03,1.89,0.03,1.45,0.4,0.24,0.02,0.18,0.04,2.55,0.59,0.82,0.35,0.07,0.73,0.31,0.01,0.15,0.02,0.02,0.12
2012-11-01,1.7,0.06,0.1,-0.01,1.21,0.35,-0.07,-0.17,0.01,-0.01,0.07,0.03,1.78,-0.01,1.4,0.41,0.11,-0.01,0.09,0.03,2.45,0.55,0.79,0.31,0.07,0.73,0.15,0.0,0.05,0.01,0.0,0.09
2012-12-01,1.62,0.06,0.1,-0.05,1.17,0.35,-0.02,-0.1,0.02,-0.04,0.08,0.03,1.69,-0.06,1.35,0.4,0.07,-0.04,0.09,0.03,2.37,0.56,0.74,0.29,0.07,0.72,0.15,0.1,0.03,0.01,0.01,0.0
2013-01-01,1.47,0.01,0.08,-0.07,1.1,0.34,0.19,0.01,0.01,0.02,0.12,0.03,1.59,-0.08,1.27,0.39,0.2,0.03,0.14,0.03,2.23,0.6,0.64,0.31,0.07,0.63,0.25,0.07,0.05,0.03,0.02,0.09
2013-02-01,1.6,0.16,0.09,-0.08,1.09,0.35,0.36,0.26,0.01,-0.03,0.09,0.03,1.56,-0.1,1.25,0.4,0.11,-0.03,0.1,0.04,2.2,0.61,0.61,0.28,0.05,0.66,0.18,0.07,0.07,0.02,0.0,0.02
2013-03-01,1.28,-0.09,0.08,-0.16,1.1,0.34,-0.13,-0.22,0.01,-0.05,0.1,0.03,1.48,-0.18,1.27,0.4,0.09,-0.05,0.11,0.03,2.22,0.64,0.63,0.28,0.05,0.64,0.2,0.06,0.05,0.02,0.0,0.07
2013-04-01,1.04,-0.24,0.09,-0.16,1.02,0.34,-0.1,-0.15,0.01,-0.02,0.03,0.03,1.38,-0.19,1.18,0.39,0.05,-0.02,0.04,0.04,2.06,0.41,0.72,0.29,0.0,0.65,0.07,-0.15,0.14,0.05,-0.04,0.07
2013-05-01,1.23,-0.05,0.07,-0.18,1.04,0.35,0.07,-0.01,-0.02,-0.02,0.09,0.03,1.39,-0.21,1.2,0.41,0.12,-0.03,0.11,0.04,2.1,0.4,0.75,0.28,0.0,0.67,0.19,0.05,0.06,0.04,0.01,0.04
2013-06-01,1.51,0.16,0.08,-0.15,1.07,0.37,0.22,0.06,0.02,0.0,0.12,0.03,1.46,-0.18,1.23,0.42,0.17,0.0,0.13,0.04,2.14,0.44,0.81,0.25,0.02,0.63,0.23,0.07,0.06,0.02,0.02,0.06
2013-07-01,1.6,0.22,0.08,-0.16,1.09,0.36,0.12,0.01,0.01,0.0,0.09,0.02,1.49,-0.18,1.26,0.42,0.13,-0.01,0.11,0.03,2.2,0.4,0.76,0.31,0.09,0.65,0.19,0.04,0.04,0.05,0.04,0.02
2013-08-01,1.4,-0.01,0.09,-0.14,1.1,0.37,0.15,0.05,0.0,-0.02,0.08,0.04,1.53,-0.16,1.27,0.43,0.11,-0.03,0.09,0.05,2.22,0.33,0.85,0.28,0.08,0.68,0.15,-0.02,0.11,-0.01,0.0,0.06
2013-09-01,1.14,-0.26,0.08,-0.16,1.12,0.37,0.04,-0.05,0.0,-0.01,0.08,0.03,1.53,-0.18,1.3,0.42,0.12,-0.01,0.1,0.03,2.26,0.38,0.86,0.24,0.1,0.68,0.17,0.08,0.04,-0.01,0.02,0.04
2013-10-01,0.98,-0.35,0.07,-0.18,1.09,0.36,0.13,-0.02,0.01,-0.01,0.12,0.03,1.45,-0.21,1.26,0.42,0.17,-0.01,0.14,0.04,2.2,0.45,0.86,0.19,0.1,0.6,0.25,0.08,0.15,-0.03,0.02,0.03
2013-11-01,1.2,-0.16,0.05,-0.19,1.13,0.38,0.15,0.02,-0.01,-0.01,0.11,0.04,1.51,-0.21,1.31,0.43,0.17,-0.01,0.13,0.04,2.28,0.48,0.88,0.27,0.05,0.59,0.23,0.04,0.08,0.08,-0.04,0.08
2013-12-01,1.39,0.01,0.04,-0.19,1.15,0.4,0.17,0.07,0.01,-0.04,0.09,0.04,1.55,-0.22,1.32,0.46,0.11,-0.05,0.1,0.05,2.31,0.4,0.89,0.27,0.14,0.61,0.18,0.02,0.03,0.01,0.09,0.02
2014-01-01,1.41,0.11,0.04,-0.23,1.09,0.4,0.21,0.1,0.01,-0.01,0.07,0.03,1.45,-0.26,1.26,0.46,0.11,-0.02,0.08,0.04,2.21,0.35,0.95,0.26,0.06,0.6,0.15,0.02,0.1,0.02,-0.07,0.08
2014-02-01,1.09,-0.16,0.06,-0.23,1.03,0.4,0.05,-0.01,0.02,-0.03,0.04,0.03,1.39,-0.26,1.19,0.47,0.05,-0.03,0.04,0.04,2.09,0.31,0.89,0.27,0.03,0.6,0.07,0.03,0.0,0.03,-0.02,0.03
2014-03-01,1.39,0.07,0.08,-0.2,1.05,0.42,0.16,0.0,0.03,-0.02,0.11,0.04,1.45,-0.24,1.21,0.48,0.15,-0.03,0.13,0.05,2.12,0.29,0.9,0.31,0.08,0.55,0.23,0.04,0.06,0.06,0.05,0.02
2014-04-01,1.67,0.22,0.1,-0.18,1.13,0.43,0.18,0.0,0.02,0.0,0.11,0.04,1.57,-0.21,1.3,0.49,0.17,0.01,0.12,0.04,2.27,0.46,0.82,0.3,0.13,0.56,0.21,0.01,0.07,0.04,0.02,0.07
2014-05-01,1.77,0.2,0.16,-0.16,1.15,0.43,0.16,-0.02,0.04,-0.01,0.12,0.03,1.62,-0.19,1.33,0.49,0.17,-0.01,0.14,0.04,2.32,0.46,0.88,0.33,0.14,0.52,0.24,0.05,0.11,0.07,0.01,0.0
2014-06-01,1.65,0.15,0.15,-0.15,1.08,0.43,0.11,0.01,0.0,0.02,0.05,0.03,1.56,-0.17,1.25,0.5,0.11,0.02,0.06,0.04,2.19,0.44,0.86,0.3,0.11,0.48,0.1,0.05,0.04,-0.01,-0.01,0.02
2014-07-01,1.67,0.11,0.16,-0.14,1.1,0.45,0.14,-0.03,0.02,0.0,0.11,0.04,1.61,-0.16,1.27,0.51,0.17,0.0,0.12,0.04,2.21,0.41,0.89,0.31,0.08,0.53,0.22,0.01,0.08,0.05,0.01,0.06
2014-08-01,1.51,-0.01,0.17,-0.16,1.08,0.44,-0.01,-0.07,0.02,-0.05,0.05,0.03,1.54,-0.19,1.24,0.5,0.04,-0.06,0.06,0.04,2.16,0.48,0.78,0.34,0.09,0.48,0.1,0.05,0.01,0.03,0.01,0.01
2014-09-01,1.5,-0.05,0.19,-0.14,1.05,0.45,0.03,-0.1,0.01,0.02,0.06,0.04,1.55,-0.16,1.21,0.51,0.13,0.02,0.07,0.04,2.12,0.44,0.79,0.39,0.07,0.44,0.13,0.04,0.04,0.04,0.0,0.01
2014-10-01,1.33,-0.14,0.19,-0.13,0.97,0.45,-0.03,-0.11,0.0,0.0,0.04,0.03,1.47,-0.14,1.11,0.52,0.09,0.0,0.04,0.04,1.94,0.26,0.62,0.46,0.05,0.58,0.07,-0.11,-0.02,0.04,0.0,0.17
2014-11-01,1.09,-0.36,0.22,-0.18,0.95,0.45,-0.1,-0.19,0.02,-0.06,0.1,0.04,1.39,-0.21,1.1,0.52,0.09,-0.07,0.11,0.05,1.91,0.29,0.62,0.43,0.12,0.46,0.2,0.07,0.08,0.05,0.03,-0.03
2014-12-01,0.73,-0.67,0.23,-0.18,0.93,0.44,-0.18,-0.25,0.02,-0.04,0.07,0.03,1.36,-0.21,1.08,0.5,0.07,-0.05,0.08,0.03,1.88,0.3,0.64,0.44,0.05,0.46,0.15,0.03,0.04,0.03,0.02,0.02
2015-01-01,0.04,-1.22,0.22,-0.22,0.84,0.44,-0.48,-0.44,0.0,-0.06,-0.02,0.04,1.21,-0.25,0.97,0.51,-0.04,-0.06,-0.02,0.05,1.69,0.16,0.53,0.46,0.08,0.47,-0.03,-0.11,0.0,0.03,-0.03,0.08
2015-02-01,0.17,-1.14,0.2,-0.17,0.83,0.45,0.18,0.07,0.01,0.03,0.03,0.04,1.28,-0.19,0.96,0.52,0.11,0.03,0.03,0.05,1.68,0.18,0.52,0.44,0.08,0.46,0.05,0.05,-0.01,0.02,-0.02,0.02
2015-03-01,0.2,-1.04,0.14,-0.13,0.79,0.45,0.19,0.08,-0.02,0.01,0.08,0.04,1.28,-0.15,0.92,0.52,0.15,0.02,0.09,0.05,1.6,0.16,0.52,0.42,0.03,0.47,0.15,0.02,0.06,0.03,0.0,0.04
2015-04-01,0.11,-1.11,0.1,-0.11,0.78,0.46,0.09,-0.06,-0.02,0.02,0.1,0.04,1.29,-0.13,0.9,0.53,0.18,0.03,0.11,0.05,1.57,0.21,0.53,0.41,0.02,0.42,0.19,0.06,0.08,0.03,0.01,0.01
2015-05-01,0.19,-0.94,0.06,-0.11,0.74,0.46,0.24,0.13,0.0,-0.01,0.08,0.04,1.25,-0.13,0.85,0.53,0.12,-0.01,0.09,0.04,1.48,0.17,0.46,0.34,0.02,0.51,0.15,0.01,0.05,0.0,0.01,0.09
2015-06-01,0.27,-0.87,0.08,-0.16,0.78,0.48,0.19,0.07,0.02,-0.03,0.09,0.05,1.25,-0.18,0.9,0.55,0.12,-0.04,0.1,0.06,1.57,0.14,0.5,0.32,0.01,0.6,0.18,0.02,0.07,-0.02,-0.01,0.11
2015-07-01,0.22,-0.87,0.07,-0.19,0.75,0.48,0.09,-0.01,0.01,-0.03,0.07,0.04,1.18,-0.22,0.86,0.55,0.1,-0.04,0.08,0.05,1.49,0.17,0.46,0.33,0.02,0.52,0.15,0.04,0.04,0.06,0.02,-0.02
2015-08-01,0.24,-0.88,0.06,-0.18,0.77,0.48,0.01,-0.08,0.01,-0.04,0.07,0.04,1.22,-0.21,0.88,0.55,0.08,-0.04,0.08,0.04,1.53,0.18,0.49,0.3,-0.01,0.58,0.14,0.05,0.03,0.0,-0.02,0.07
2015-09-01,0.07,-1.02,0.05,-0.17,0.76,0.49,-0.14,-0.27,0.01,0.03,0.06,0.04,1.23,-0.19,0.87,0.56,0.14,0.03,0.06,0.05,1.51,0.17,0.42,0.35,0.0,0.57,0.11,0.03,-0.02,0.09,0.01,0.0
2015-10-01,0.1,-0.98,0.06,-0.21,0.76,0.49,0.0,-0.04,0.01,-0.04,0.03,0.04,1.18,-0.24,0.87,0.56,0.03,-0.05,0.04,0.04,1.5,0.25,0.39,0.35,0.0,0.52,0.06,-0.04,-0.05,0.04,0.0,0.11
2015-11-01,0.25,-0.81,0.02,-0.17,0.73,0.48,0.06,-0.01,-0.02,-0.02,0.08,0.03,1.2,-0.19,0.84,0.56,0.11,-0.02,0.09,0.04,1.46,0.21,0.4,0.34,-0.03,0.53,0.15,0.04,0.1,0.04,0.0,-0.02
2015-12-01,0.35,-0.67,-0.02,-0.15,0.71,0.49,-0.08,-0.12,-0.02,-0.03,0.05,0.04,1.19,-0.18,0.81,0.56,0.07,-0.03,0.06,0.04,1.41,0.23,0.42,0.31,-0.08,0.53,0.1,0.05,0.06,0.0,-0.03,0.02
2016-01-01,0.87,-0.35,-0.02,-0.12,0.86,0.5,0.04,-0.12,0.0,-0.02,0.13,0.04,1.41,-0.14,0.98,0.57,0.18,-0.03,0.15,0.05,1.7,0.32,0.55,0.34,0.0,0.49,0.26,-0.02,0.13,0.06,0.04,0.05
2016-02-01,0.64,-0.66,-0.01,-0.12,0.92,0.49,-0.05,-0.21,0.01,0.03,0.08,0.04,1.47,-0.14,1.05,0.56,0.17,0.03,0.1,0.05,1.82,0.33,0.56,0.35,0.04,0.54,0.17,0.06,0.0,0.03,0.02,0.07
2016-03-01,0.69,-0.58,-0.03,-0.16,0.95,0.49,0.23,0.14,-0.03,-0.02,0.11,0.04,1.46,-0.18,1.09,0.56,0.14,-0.03,0.13,0.04,1.89,0.33,0.6,0.33,0.06,0.58,0.22,0.01,0.1,0.01,0.02,0.08
2016-04-01,0.93,-0.41,-0.01,-0.13,0.98,0.49,0.33,0.11,0.0,0.05,0.12,0.05,1.52,-0.15,1.12,0.56,0.25,0.05,0.14,0.05,1.94,0.3,0.64,0.3,0.05,0.66,0.24,0.04,0.11,0.01,0.0,0.09
2016-05-01,0.85,-0.49,-0.04,-0.17,1.05,0.5,0.16,0.05,-0.03,-0.04,0.14,0.05,1.57,-0.19,1.19,0.57,0.17,-0.05,0.16,0.06,2.07,0.37,0.7,0.35,0.03,0.63,0.28,0.08,0.11,0.04,-0.01,0.06
2016-06-01,0.83,-0.46,-0.08,-0.18,1.05,0.5,0.18,0.1,-0.02,-0.05,0.09,0.05,1.55,-0.21,1.2,0.57,0.1,-0.06,0.11,0.05,2.08,0.35,0.69,0.41,0.08,0.55,0.19,0.01,0.06,0.04,0.03,0.04
2016-07-01,0.76,-0.55,-0.1,-0.19,1.09,0.5,0.02,-0.1,-0.01,-0.03,0.12,0.04,1.6,-0.21,1.25,0.57,0.15,-0.04,0.13,0.05,2.16,0.39,0.74,0.35,0.09,0.6,0.23,0.08,0.08,0.0,0.03,0.03
2016-08-01,0.89,-0.49,-0.12,-0.13,1.12,0.51,0.14,-0.01,-0.01,0.02,0.09,0.04,1.7,-0.15,1.27,0.58,0.18,0.02,0.11,0.05,2.2,0.39,0.76,0.4,0.09,0.59,0.18,0.05,0.05,0.04,-0.03,0.06
2016-09-01,1.22,-0.14,-0.13,-0.13,1.1,0.52,0.19,0.08,-0.01,0.03,0.03,0.05,1.69,-0.15,1.25,0.59,0.13,0.03,0.04,0.06,2.16,0.4,0.8,0.34,0.0,0.64,0.07,0.04,0.02,0.03,-0.07,0.05
2016-10-01,1.43,0.0,-0.14,-0.11,1.16,0.53,0.2,0.09,0.0,-0.02,0.09,0.05,1.78,-0.13,1.31,0.6,0.13,-0.03,0.1,0.05,2.27,0.47,0.92,0.35,0.0,0.55,0.17,0.04,0.07,0.05,-0.01,0.03
2016-11-01,1.4,0.02,-0.13,-0.19,1.16,0.55,0.03,0.01,-0.02,-0.1,0.08,0.05,1.72,-0.22,1.32,0.62,0.04,-0.11,0.09,0.06,2.28,0.47,0.87,0.31,0.05,0.61,0.16,0.04,0.04,0.0,0.05,0.03
2016-12-01,1.66,0.22,-0.12,-0.2,1.21,0.56,0.17,0.08,-0.01,-0.03,0.09,0.05,1.77,-0.22,1.37,0.63,0.12,-0.04,0.11,0.05,2.37,0.47,0.83,0.34,0.14,0.61,0.18,0.04,0.03,0.02,0.06,0.02
2017-01-01,2.01,0.48,-0.11,-0.12,1.22,0.56,0.38,0.13,0.02,0.06,0.14,0.04,1.86,-0.13,1.38,0.63,0.27,0.07,0.16,0.04,2.38,0.5,0.8,0.31,0.1,0.68,0.27,0.01,0.1,0.04,0.01,0.12
2017-02-01,2.2,0.65,-0.11,-0.13,1.23,0.55,0.14,-0.03,0.01,0.02,0.1,0.04,1.87,-0.14,1.39,0.63,0.18,0.02,0.11,0.05,2.41,0.46,0.8,0.32,0.11,0.72,0.19,0.02,0.01,0.03,0.02,0.11
2017-03-01,1.91,0.48,-0.05,-0.13,1.07,0.55,-0.05,-0.03,0.02,-0.03,-0.05,0.03,1.68,-0.15,1.21,0.63,-0.04,-0.03,-0.05,0.04,2.09,0.52,0.74,0.28,-0.01,0.56,-0.09,0.06,0.04,-0.02,-0.09,-0.08
2017-04-01,1.77,0.37,-0.05,-0.2,1.12,0.54,0.19,0.0,0.01,-0.03,0.17,0.03,1.64,-0.23,1.27,0.61,0.2,-0.03,0.2,0.04,2.19,0.52,0.76,0.33,0.06,0.52,0.34,0.03,0.13,0.05,0.07,0.06
2017-05-01,1.56,0.21,-0.02,-0.21,1.06,0.53,-0.04,-0.11,0.0,-0.05,0.08,0.04,1.55,-0.24,1.2,0.6,0.08,-0.06,0.09,0.04,2.07,0.47,0.76,0.31,0.07,0.45,0.16,0.03,0.11,0.03,0.0,-0.01
2017-06-01,1.47,0.09,-0.01,-0.17,1.05,0.52,0.08,-0.02,-0.01,-0.01,0.09,0.04,1.58,-0.2,1.19,0.59,0.13,-0.01,0.1,0.05,2.05,0.51,0.8,0.25,0.07,0.42,0.17,0.05,0.1,-0.02,0.03,0.01
2017-07-01,1.49,0.15,0.01,-0.14,0.96,0.52,0.04,-0.04,0.01,0.0,0.03,0.04,1.5,-0.16,1.08,0.59,0.07,0.0,0.03,0.05,1.87,0.44,0.74,0.19,0.0,0.51,0.05,0.01,0.03,-0.06,-0.04,0.12
2017-08-01,1.57,0.29,0.02,-0.21,0.95,0.53,0.22,0.12,0.0,-0.04,0.08,0.05,1.43,-0.23,1.07,0.6,0.11,-0.05,0.09,0.06,1.85,0.41,0.73,0.26,0.03,0.43,0.16,0.02,0.05,0.12,0.0,-0.02
2017-09-01,1.76,0.48,0.03,-0.28,1.03,0.52,0.37,0.26,0.0,-0.04,0.11,0.04,1.42,-0.31,1.16,0.58,0.12,-0.05,0.13,0.05,2.0,0.44,0.72,0.28,0.14,0.43,0.21,0.07,0.02,0.05,0.03,0.05
2017-10-01,1.68,0.28,0.04,-0.22,1.07,0.52,0.13,-0.09,0.01,0.04,0.13,0.05,1.54,-0.24,1.21,0.58,0.25,0.04,0.15,0.05,2.09,0.55,0.75,0.28,0.16,0.34,0.25,0.14,0.1,0.05,0.02,-0.07
2017-11-01,1.79,0.39,0.05,-0.19,1.06,0.51,0.14,0.11,-0.01,-0.07,0.07,0.04,1.55,-0.21,1.2,0.57,0.05,-0.08,0.08,0.05,2.06,0.51,0.79,0.27,0.14,0.36,0.14,0.0,0.08,-0.02,0.02,0.06
2017-12-01,1.77,0.32,0.06,-0.18,1.07,0.51,0.15,0.01,0.0,-0.03,0.11,0.05,1.58,-0.21,1.21,0.58,0.15,-0.03,0.12,0.06,2.09,0.51,0.88,0.28,0.03,0.38,0.21,0.05,0.12,0.04,-0.04,0.04
2018-01-01,1.76,0.25,0.07,-0.16,1.1,0.52,0.37,0.07,0.02,0.08,0.16,0.04,1.63,-0.19,1.25,0.58,0.32,0.09,0.19,0.05,2.14,0.53,0.88,0.26,0.01,0.45,0.32,0.04,0.1,0.01,-0.01,0.18
2018-02-01,1.84,0.35,0.05,-0.18,1.14,0.5,0.21,0.06,-0.01,0.0,0.14,0.03,1.64,-0.2,1.29,0.57,0.19,0.0,0.15,0.03,2.21,0.57,0.92,0.26,0.06,0.4,0.26,0.05,0.05,0.03,0.07,0.07
2018-03-01,2.0,0.29,0.03,-0.14,1.33,0.51,0.11,-0.09,0.0,0.01,0.14,0.05,1.91,-0.16,1.51,0.58,0.22,0.01,0.16,0.05,2.58,0.6,1.0,0.33,0.18,0.48,0.27,0.09,0.11,0.05,0.03,0.0
2018-04-01,2.05,0.36,0.03,-0.08,1.22,0.53,0.24,0.07,0.01,0.04,0.07,0.05,1.88,-0.09,1.39,0.6,0.18,0.04,0.08,0.05,2.38,0.64,0.91,0.29,0.1,0.44,0.14,0.08,0.04,0.01,-0.01,0.02
2018-05-01,2.27,0.52,0.01,-0.03,1.26,0.53,0.17,0.04,-0.02,0.0,0.11,0.04,1.98,-0.03,1.43,0.6,0.18,0.0,0.13,0.04,2.44,0.64,0.84,0.37,0.1,0.51,0.22,0.03,0.04,0.1,0.0,0.05
2018-06-01,2.27,0.54,0.03,-0.08,1.27,0.52,0.09,0.0,0.01,-0.06,0.1,0.04,1.94,-0.09,1.44,0.59,0.09,-0.07,0.12,0.04,2.48,0.63,0.79,0.34,0.09,0.63,0.2,0.04,0.05,-0.04,0.01,0.13
2018-07-01,2.34,0.55,0.03,-0.1,1.35,0.53,0.11,-0.02,0.01,-0.02,0.1,0.04,2.0,-0.11,1.52,0.6,0.13,-0.03,0.11,0.05,2.61,0.67,0.84,0.41,0.14,0.57,0.18,0.04,0.06,0.0,0.02,0.06
2018-08-01,2.18,0.48,0.03,-0.14,1.31,0.52,0.07,0.05,0.01,-0.09,0.05,0.04,1.9,-0.16,1.48,0.59,0.01,-0.1,0.06,0.05,2.55,0.64,0.81,0.33,0.16,0.61,0.1,0.0,0.03,0.04,0.01,0.02
2018-09-01,2.01,0.25,0.04,-0.11,1.33,0.51,0.21,0.03,0.02,0.0,0.13,0.03,1.96,-0.12,1.51,0.58,0.19,0.0,0.15,0.04,2.59,0.63,0.87,0.29,0.18,0.64,0.26,0.05,0.07,0.01,0.05,0.08
2018-10-01,2.05,0.38,0.03,-0.12,1.27,0.51,0.17,0.04,-0.01,0.02,0.07,0.04,1.87,-0.14,1.44,0.58,0.16,0.03,0.08,0.05,2.47,0.55,0.82,0.25,0.15,0.72,0.14,0.07,0.05,0.02,-0.01,0.01
2018-11-01,1.94,0.11,0.05,-0.05,1.31,0.51,0.03,-0.15,0.02,0.0,0.11,0.05,2.01,-0.06,1.48,0.58,0.19,0.0,0.13,0.06,2.55,0.63,0.74,0.27,0.19,0.73,0.22,0.08,0.0,0.0,0.06,0.07
2018-12-01,1.86,-0.01,0.07,-0.06,1.35,0.49,0.07,-0.1,0.02,-0.03,0.15,0.04,2.04,-0.06,1.53,0.56,0.17,-0.04,0.17,0.04,2.64,0.63,0.69,0.31,0.23,0.79,0.29,0.05,0.07,0.07,0.0,0.1
2019-01-01,1.43,-0.27,0.06,-0.05,1.18,0.49,-0.05,-0.19,0.02,0.08,0.0,0.04,1.84,-0.06,1.34,0.56,0.13,0.09,0.0,0.04,2.32,0.59,0.44,0.35,0.26,0.67,0.0,0.0,-0.14,0.06,0.02,0.07
2019-02-01,1.4,-0.24,0.1,-0.1,1.12,0.51,0.18,0.08,0.03,-0.04,0.07,0.05,1.74,-0.11,1.27,0.58,0.09,-0.04,0.08,0.05,2.19,0.6,0.49,0.39,0.14,0.57,0.14,0.06,0.09,0.07,-0.05,-0.03
2019-03-01,1.52,-0.02,0.1,-0.13,1.05,0.51,0.23,0.14,0.01,-0.03,0.06,0.05,1.62,-0.15,1.19,0.58,0.09,-0.04,0.07,0.06,2.04,0.54,0.42,0.36,0.11,0.61,0.12,0.03,0.05,0.02,-0.01,0.04
2019-04-01,1.57,0.06,0.06,-0.19,1.12,0.52,0.28,0.14,-0.04,-0.02,0.14,0.05,1.64,-0.22,1.27,0.59,0.2,-0.02,0.16,0.06,2.18,0.55,0.5,0.39,0.15,0.59,0.28,0.09,0.12,0.05,0.04,-0.01
2019-05-01,1.47,-0.01,0.09,-0.2,1.06,0.52,0.07,-0.03,0.02,0.0,0.05,0.04,1.56,-0.22,1.2,0.59,0.1,0.0,0.06,0.04,2.06,0.54,0.49,0.33,0.17,0.53,0.1,0.03,0.03,0.03,0.02,0.0
2019-06-01,1.43,-0.13,0.08,-0.11,1.04,0.53,0.05,-0.11,0.0,0.03,0.08,0.05,1.66,-0.12,1.18,0.6,0.18,0.03,0.1,0.06,2.02,0.54,0.44,0.39,0.12,0.54,0.16,0.04,0.0,0.02,-0.03,0.14
2019-07-01,1.45,-0.06,0.07,-0.12,1.05,0.52,0.13,0.04,0.0,-0.04,0.1,0.04,1.64,-0.14,1.19,0.6,0.11,-0.05,0.12,0.04,2.04,0.55,0.43,0.42,0.12,0.52,0.2,0.05,0.06,0.03,0.01,0.04
2019-08-01,1.43,-0.18,0.06,-0.03,1.06,0.52,0.05,-0.05,0.0,0.0,0.06,0.04,1.75,-0.04,1.2,0.59,0.11,0.0,0.07,0.04,2.06,0.61,0.42,0.37,0.12,0.55,0.12,0.06,0.01,-0.01,0.01,0.05
2019-09-01,1.28,-0.21,0.06,-0.06,0.97,0.53,0.06,-0.01,0.01,-0.03,0.05,0.04,1.63,-0.06,1.1,0.6,0.07,-0.03,0.05,0.05,1.89,0.61,0.35,0.42,0.08,0.44,0.09,0.04,0.0,0.06,0.01,-0.03
2019-10-01,1.29,-0.21,0.08,-0.07,1.0,0.52,0.18,0.04,0.01,0.01,0.1,0.03,1.62,-0.08,1.13,0.59,0.15,0.01,0.11,0.03,1.93,0.67,0.24,0.39,0.1,0.54,0.18,0.13,-0.05,-0.02,0.02,0.1
2019-11-01,1.36,-0.02,0.07,-0.11,0.92,0.51,0.1,0.05,0.01,-0.03,0.05,0.04,1.5,-0.12,1.05,0.57,0.06,-0.04,0.05,0.05,1.8,0.62,0.25,0.38,0.02,0.53,0.09,0.04,0.0,0.0,-0.02,0.07
2019-12-01,1.56,0.17,0.05,-0.1,0.97,0.51,0.27,0.08,0.0,-0.03,0.18,0.04,1.54,-0.11,1.1,0.58,0.22,-0.03,0.21,0.04,1.87,0.6,0.24,0.32,0.15,0.56,0.36,0.03,0.06,0.01,0.13,0.13
2020-01-01,1.79,0.35,0.07,-0.17,1.07,0.53,0.18,-0.01,0.03,0.01,0.1,0.05,1.59,-0.19,1.21,0.6,0.18,0.01,0.12,0.06,2.07,0.66,0.43,0.35,0.08,0.56,0.2,0.05,0.05,0.08,-0.05,0.07
2020-02-01,1.69,0.15,0.07,-0.1,1.1,0.52,0.08,-0.11,0.02,0.03,0.11,0.03,1.7,-0.11,1.25,0.58,0.2,0.04,0.12,0.04,2.13,0.67,0.35,0.36,0.12,0.64,0.2,0.07,0.01,0.08,-0.01,0.06
2020-03-01,1.17,-0.26,0.09,-0.14,1.0,0.5,-0.29,-0.25,0.03,-0.07,-0.03,0.04,1.53,-0.16,1.14,0.57,-0.08,-0.08,-0.04,0.04,1.94,0.7,0.38,0.23,0.03,0.59,-0.06,0.06,0.07,-0.11,-0.1,-0.01
2020-04-01,0.46,-0.8,0.29,-0.27,0.68,0.48,-0.42,-0.34,0.21,-0.15,-0.17,0.03,1.0,-0.3,0.77,0.54,-0.32,-0.17,-0.19,0.04,1.31,0.74,-0.05,0.12,-0.13,0.62,-0.34,0.13,-0.34,-0.06,-0.1,0.02
2020-05-01,0.49,-0.81,0.34,-0.33,0.75,0.48,0.1,-0.04,0.07,-0.06,0.12,0.04,1.0,-0.37,0.85,0.54,0.1,-0.07,0.13,0.05,1.46,0.89,-0.07,0.13,-0.13,0.67,0.25,0.16,0.01,0.03,0.02,0.0
2020-06-01,0.76,-0.53,0.37,-0.36,0.8,0.44,0.32,0.15,0.04,0.0,0.12,0.02,0.97,-0.41,0.91,0.5,0.16,0.0,0.14,0.02,1.56,0.92,0.03,0.19,-0.04,0.49,0.26,0.07,0.13,0.06,0.04,-0.04
2020-07-01,0.92,-0.49,0.31,-0.21,0.86,0.44,0.3,0.06,-0.07,0.13,0.15,0.04,1.21,-0.23,0.98,0.49,0.36,0.15,0.17,0.04,1.68,0.94,0.11,0.22,-0.12,0.5,0.31,0.08,0.16,0.05,-0.04,0.07
2020-08-01,1.16,-0.41,0.31,-0.09,0.91,0.42,0.28,0.02,0.0,0.13,0.1,0.02,1.39,-0.1,1.03,0.48,0.29,0.15,0.11,0.03,1.77,0.98,0.13,0.28,-0.16,0.52,0.21,0.1,0.03,0.04,-0.02,0.06
2020-09-01,1.28,-0.33,0.27,-0.09,1.04,0.39,0.18,0.06,-0.02,-0.03,0.16,0.01,1.48,-0.1,1.17,0.44,0.16,-0.03,0.18,0.01,2.01,0.97,0.17,0.28,-0.08,0.66,0.33,0.04,0.05,0.06,0.07,0.11
2020-10-01,1.19,-0.39,0.28,-0.1,1.0,0.39,0.09,-0.01,0.02,0.0,0.05,0.03,1.42,-0.11,1.13,0.44,0.09,0.0,0.06,0.04,1.93,0.88,0.26,0.3,-0.08,0.58,0.1,0.04,0.04,0.0,0.01,0.01
2020-11-01,1.19,-0.41,0.28,-0.03,0.99,0.36,0.1,0.02,0.0,0.04,0.04,0.01,1.45,-0.04,1.12,0.4,0.09,0.04,0.04,0.01,1.92,0.87,0.18,0.36,-0.01,0.54,0.08,0.04,-0.08,0.06,0.04,0.03
2020-12-01,1.33,-0.31,0.3,0.02,1.01,0.34,0.42,0.15,0.02,0.03,0.19,0.02,1.51,0.02,1.14,0.38,0.28,0.04,0.21,0.02,1.95,0.87,0.35,0.39,-0.18,0.52,0.39,0.03,0.25,0.04,-0.04,0.11
2021-01-01,1.59,-0.19,0.26,0.08,1.16,0.31,0.42,0.1,0.0,0.07,0.23,0.02,1.7,0.09,1.31,0.34,0.36,0.08,0.26,0.02,2.23,1.09,0.33,0.35,-0.15,0.57,0.47,0.29,0.04,0.03,-0.01,0.12
2021-02-01,1.84,0.07,0.25,0.02,1.25,0.31,0.33,0.13,0.01,-0.03,0.18,0.04,1.71,0.02,1.4,0.35,0.21,-0.04,0.2,0.04,2.4,1.24,0.42,0.28,-0.12,0.53,0.37,0.21,0.11,0.01,0.02,0.02
2021-03-01,2.67,0.45,0.29,0.12,1.51,0.33,0.52,0.15,0.01,0.04,0.29,0.04,2.2,0.14,1.74,0.38,0.41,0.04,0.33,0.04,3.07,1.21,0.71,0.38,0.08,0.71,0.59,0.06,0.3,0.06,0.09,0.09
2021-04-01,3.64,0.71,0.11,0.51,1.82,0.38,0.53,-0.01,0.02,0.28,0.2,0.04,3.13,0.59,2.09,0.43,0.58,0.32,0.23,0.04,3.85,1.04,1.23,0.41,0.25,1.03,0.42,0.03,0.02,0.1,0.1,0.16
2021-05-01,4.07,0.85,0.07,0.85,1.87,0.36,0.52,0.05,0.03,0.22,0.18,0.04,3.54,0.97,2.13,0.41,0.5,0.25,0.21,0.05,3.99,1.0,1.29,0.49,0.26,1.02,0.38,0.03,0.13,0.05,0.03,0.13
2021-06-01,4.31,0.81,0.08,1.02,1.99,0.38,0.54,0.08,0.05,0.15,0.22,0.05,3.86,1.16,2.26,0.43,0.47,0.17,0.24,0.05,4.17,0.92,1.17,0.64,0.32,1.11,0.44,-0.04,0.07,0.17,0.1,0.14
2021-07-01,4.47,0.8,0.2,0.96,2.1,0.38,0.46,0.05,0.04,0.06,0.26,0.04,3.93,1.09,2.39,0.43,0.42,0.07,0.3,0.05,4.4,0.88,1.07,0.78,0.45,1.18,0.53,0.05,0.07,0.19,0.09,0.13
2021-08-01,4.58,0.85,0.23,0.93,2.15,0.4,0.38,0.07,0.03,0.11,0.13,0.05,3.96,1.06,2.44,0.46,0.32,0.12,0.15,0.05,4.45,0.83,1.09,0.8,0.43,1.32,0.26,0.05,0.06,0.04,-0.05,0.16
2021-09-01,4.74,0.87,0.33,0.99,2.1,0.45,0.33,0.07,0.07,0.02,0.1,0.06,4.01,1.12,2.38,0.51,0.21,0.03,0.12,0.07,4.33,0.88,1.09,0.81,0.24,1.39,0.21,0.08,0.06,0.07,-0.15,0.15
2021-10-01,5.34,1.02,0.38,1.23,2.2,0.49,0.66,0.16,0.07,0.23,0.14,0.07,4.44,1.39,2.49,0.56,0.5,0.26,0.16,0.08,4.51,0.83,1.04,0.89,0.24,1.55,0.28,-0.01,-0.01,0.11,0.02,0.18
2021-11-01,5.93,1.12,0.44,1.32,2.45,0.56,0.67,0.14,0.06,0.12,0.28,0.06,4.89,1.49,2.77,0.63,0.53,0.14,0.32,0.07,5.02,0.87,1.32,0.91,0.32,1.58,0.57,0.06,0.17,0.11,0.15,0.08
2021-12-01,6.14,1.03,0.46,1.48,2.52,0.6,0.62,0.07,0.04,0.17,0.28,0.06,5.21,1.68,2.86,0.68,0.58,0.2,0.32,0.07,5.21,0.94,1.17,0.94,0.43,1.71,0.57,0.1,0.09,0.11,0.07,0.22
2022-01-01,6.27,1.0,0.53,1.65,2.44,0.64,0.55,0.05,0.06,0.22,0.15,0.07,5.36,1.87,2.77,0.73,0.5,0.25,0.18,0.08,5.05,0.86,1.27,0.97,0.36,1.59,0.31,0.21,0.13,0.02,-0.09,0.04
2022-02-01,6.55,0.99,0.63,1.79,2.45,0.69,0.59,0.11,0.1,0.13,0.18,0.07,5.6,2.03,2.78,0.79,0.44,0.15,0.2,0.08,5.04,0.71,1.14,1.02,0.4,1.75,0.37,0.06,-0.02,0.09,0.07,0.18
2022-03-01,6.93,1.25,0.72,1.86,2.4,0.7,0.88,0.44,0.1,0.0,0.28,0.07,5.59,2.11,2.73,0.8,0.4,0.0,0.32,0.08,5.01,0.67,0.88,1.11,0.58,1.74,0.57,0.03,0.06,0.07,0.29,0.12
2022-04-01,6.68,1.18,0.77,1.57,2.42,0.74,0.3,-0.08,0.08,0.02,0.21,0.08,5.35,1.78,2.74,0.84,0.35,0.02,0.24,0.09,5.02,0.57,0.91,1.11,0.61,1.78,0.42,-0.06,0.05,0.08,0.13,0.22
2022-05-01,6.79,1.39,0.85,1.38,2.4,0.79,0.62,0.22,0.09,0.07,0.15,0.09,5.18,1.57,2.73,0.9,0.35,0.08,0.17,0.1,4.93,0.66,0.81,1.16,0.63,1.64,0.3,0.11,0.04,0.09,0.03,0.03
2022-06-01,7.24,1.75,0.88,1.37,2.46,0.85,0.96,0.37,0.08,0.14,0.27,0.11,5.32,1.56,2.8,0.97,0.59,0.16,0.31,0.13,5.04,0.88,0.77,1.07,0.68,1.62,0.54,0.18,0.03,0.06,0.14,0.13
2022-07-01,6.75,1.36,0.93,1.28,2.31,0.91,-0.01,-0.29,0.1,0.01,0.08,0.1,5.11,1.46,2.62,1.04,0.22,0.02,0.09,0.11,4.65,0.87,0.62,0.93,0.55,1.66,0.16,0.05,-0.06,0.05,-0.05,0.17
2022-08-01,6.64,0.98,0.97,1.3,2.44,0.98,0.28,-0.27,0.06,0.12,0.26,0.11,5.36,1.48,2.77,1.11,0.57,0.14,0.3,0.13,4.92,0.89,0.72,0.99,0.69,1.62,0.52,0.07,0.16,0.1,0.07,0.12
2022-09-01,6.67,0.82,0.93,1.33,2.56,1.04,0.35,-0.07,0.04,0.05,0.22,0.12,5.61,1.51,2.92,1.18,0.44,0.06,0.25,0.13,5.17,0.86,0.76,0.98,0.94,1.63,0.45,0.04,0.09,0.07,0.08,0.16
2022-10-01,6.46,0.76,0.91,1.1,2.63,1.07,0.47,0.1,0.05,0.0,0.21,0.1,5.46,1.25,2.99,1.21,0.36,0.0,0.24,0.11,5.33,0.94,0.77,1.05,0.96,1.6,0.43,0.06,0.0,0.19,0.03,0.14
2022-11-01,6.03,0.6,0.88,0.92,2.54,1.11,0.26,-0.03,0.04,-0.05,0.2,0.1,5.21,1.05,2.89,1.26,0.29,-0.06,0.22,0.12,5.15,0.89,0.72,1.0,0.75,1.78,0.39,0.01,0.11,0.05,-0.04,0.26
2022-12-01,5.52,0.28,0.88,0.74,2.45,1.17,0.14,-0.21,0.03,0.0,0.19,0.12,4.97,0.84,2.79,1.33,0.35,0.0,0.22,0.13,4.95,0.84,0.68,0.94,0.77,1.71,0.39,0.05,0.05,0.07,0.08,0.15
2023-01-01,5.51,0.36,0.85,0.63,2.49,1.2,0.54,0.1,0.03,0.1,0.22,0.1,4.94,0.72,2.84,1.37,0.47,0.11,0.25,0.11,5.07,0.64,0.58,0.99,0.9,1.93,0.43,0.01,0.04,0.09,0.07,0.23
2023-02-01,5.2,0.19,0.75,0.53,2.49,1.24,0.29,-0.04,0.02,0.04,0.17,0.11,4.86,0.6,2.84,1.41,0.36,0.05,0.19,0.12,5.05,0.67,0.65,1.02,0.88,1.83,0.34,0.09,0.04,0.1,0.03,0.08
2023-03-01,4.43,-0.38,0.63,0.58,2.36,1.23,0.14,-0.13,-0.01,0.05,0.16,0.08,4.78,0.66,2.7,1.41,0.33,0.05,0.19,0.09,4.79,0.73,0.57,1.08,0.66,1.78,0.33,0.1,-0.01,0.11,0.05,0.07
2023-04-01,4.48,-0.26,0.55,0.58,2.35,1.24,0.35,0.03,0.01,0.02,0.21,0.09,4.79,0.66,2.69,1.42,0.35,0.02,0.24,0.1,4.79,0.89,0.65,1.01,0.48,1.78,0.41,0.1,0.14,0.0,-0.04,0.21
2023-05-01,4.0,-0.6,0.47,0.57,2.32,1.23,0.17,-0.11,0.01,0.07,0.11,0.08,4.73,0.65,2.66,1.41,0.29,0.08,0.13,0.09,4.71,0.89,0.58,0.99,0.47,1.81,0.22,0.11,-0.02,0.07,0.02,0.05
2023-06-01,3.28,-0.91,0.38,0.39,2.24,1.19,0.27,0.04,0.0,-0.04,0.19,0.08,4.38,0.44,2.57,1.37,0.26,-0.04,0.22,0.09,4.54,0.7,0.74,0.96,0.32,1.85,0.38,0.0,0.19,0.04,0.0,0.15
2023-07-01,3.41,-0.63,0.3,0.27,2.32,1.17,0.11,-0.02,0.01,-0.1,0.15,0.08,4.3,0.31,2.66,1.34,0.14,-0.11,0.17,0.09,4.68,0.78,0.84,0.92,0.44,1.74,0.29,0.12,0.03,0.02,0.07,0.05
2023-08-01,3.43,-0.17,0.25,0.13,2.11,1.12,0.3,0.19,0.02,-0.02,0.05,0.07,3.83,0.15,2.4,1.28,0.11,-0.02,0.06,0.07,4.24,0.71,0.72,0.81,0.35,1.67,0.1,0.01,0.04,-0.02,0.0,0.07
2023-09-01,3.45,0.0,0.22,0.05,2.1,1.09,0.37,0.09,0.01,-0.02,0.22,0.08,3.69,0.06,2.4,1.24,0.31,-0.02,0.24,0.09,4.22,0.67,0.68,0.86,0.31,1.73,0.43,0.01,0.06,0.12,0.04,0.21
2023-10-01,3.02,-0.21,0.2,0.09,1.91,1.05,0.05,-0.11,0.03,0.04,0.03,0.07,3.47,0.1,2.18,1.2,0.15,0.04,0.04,0.08,3.84,0.75,0.62,0.68,0.27,1.55,0.06,0.14,-0.05,0.01,-0.01,-0.02
2023-11-01,2.77,-0.26,0.15,0.05,1.82,1.03,0.01,-0.08,-0.01,-0.08,0.1,0.08,3.29,0.06,2.08,1.18,0.11,-0.09,0.11,0.09,3.64,0.79,0.52,0.65,0.37,1.33,0.2,0.06,0.0,0.03,0.06,0.04
2023-12-01,2.77,-0.09,0.12,-0.01,1.78,0.99,0.14,-0.03,0.0,-0.06,0.15,0.07,3.11,-0.01,2.03,1.12,0.18,-0.06,0.17,0.08,3.55,0.81,0.62,0.62,0.24,1.27,0.3,0.06,0.14,0.05,-0.06,0.09
2024-01-01,2.7,-0.19,0.11,-0.12,1.95,0.95,0.47,-0.02,0.03,-0.01,0.39,0.08,3.16,-0.13,2.21,1.08,0.52,-0.01,0.44,0.09,3.9,1.0,0.86,0.64,0.17,1.24,0.77,0.2,0.28,0.09,0.0,0.2
2024-02-01,2.71,-0.1,0.11,-0.09,1.87,0.91,0.3,0.05,0.01,0.07,0.1,0.07,3.06,-0.1,2.13,1.04,0.26,0.08,0.11,0.08,3.74,0.97,0.88,0.54,0.15,1.21,0.19,0.05,0.06,0.01,0.01,0.06
2024-03-01,2.93,0.06,0.11,-0.11,1.97,0.91,0.36,0.02,-0.01,0.02,0.25,0.07,3.12,-0.13,2.23,1.03,0.39,0.03,0.28,0.08,3.92,0.92,0.97,0.47,0.21,1.35,0.49,0.05,0.08,0.05,0.11,0.2
2024-04-01,2.83,0.07,0.1,-0.12,1.89,0.88,0.25,0.04,-0.01,0.01,0.14,0.06,3.01,-0.13,2.14,1.0,0.24,0.01,0.16,0.07,3.77,0.81,1.0,0.49,0.22,1.26,0.27,-0.01,0.17,0.02,-0.03,0.12
2024-05-01,2.66,0.12,0.09,-0.23,1.82,0.87,0.01,-0.06,0.0,-0.04,0.04,0.07,2.77,-0.26,2.06,0.99,0.06,-0.05,0.04,0.07,3.61,0.81,1.03,0.45,0.18,1.15,0.07,0.1,0.0,0.02,-0.01,-0.05
2024-06-01,2.55,0.01,0.1,-0.18,1.78,0.84,0.15,-0.07,0.01,0.01,0.16,0.05,2.75,-0.2,2.02,0.95,0.24,0.01,0.18,0.05,3.53,0.86,0.93,0.44,0.14,1.18,0.3,0.06,0.08,0.03,-0.04,0.17
2024-07-01,2.59,0.02,0.09,-0.09,1.75,0.82,0.16,-0.02,0.01,-0.01,0.12,0.06,2.81,-0.1,1.98,0.93,0.19,-0.01,0.14,0.07,3.48,0.77,1.03,0.44,0.07,1.18,0.24,0.02,0.13,0.02,0.0,0.06
2024-08-01,2.41,-0.21,0.08,-0.11,1.81,0.83,0.12,-0.04,0.0,-0.03,0.12,0.07,2.87,-0.12,2.05,0.94,0.18,-0.03,0.13,0.08,3.61,0.81,1.06,0.52,0.1,1.14,0.23,0.05,0.07,0.05,0.02,0.03
2024-09-01,2.26,-0.34,0.09,-0.07,1.78,0.8,0.22,-0.04,0.02,0.01,0.18,0.05,2.84,-0.08,2.01,0.91,0.27,0.01,0.21,0.06,3.53,0.96,1.01,0.41,0.13,1.01,0.36,0.16,0.03,0.02,0.07,0.07
2024-10-01,2.48,-0.24,0.08,-0.1,1.94,0.8,0.27,-0.01,0.01,0.01,0.19,0.06,2.99,-0.11,2.2,0.9,0.3,0.01,0.21,0.07,3.85,0.91,1.18,0.45,0.19,1.11,0.37,0.08,0.12,0.05,0.05,0.08
2024-11-01,2.59,-0.16,0.11,-0.04,1.93,0.76,0.11,0.0,0.02,-0.03,0.08,0.04,2.98,-0.05,2.18,0.86,0.1,-0.03,0.09,0.04,3.81,0.91,1.21,0.51,0.12,1.06,0.16,0.05,0.03,0.09,0.0,-0.01
2024-12-01,2.73,-0.04,0.12,-0.04,1.96,0.74,0.27,0.09,0.02,-0.06,0.18,0.05,2.99,-0.05,2.21,0.83,0.19,-0.07,0.2,0.05,3.86,0.93,1.15,0.47,0.26,1.05,0.35,0.09,0.07,0.02,0.08,0.09
2025-01-01,2.61,0.03,0.12,0.05,1.71,0.72,0.35,0.05,0.02,0.09,0.14,0.05,2.78,0.06,1.93,0.81,0.31,0.1,0.16,0.06,3.35,0.74,0.92,0.44,0.26,1.0,0.28,0.01,0.05,0.05,0.01,0.15
2025-02-01,2.71,-0.02,0.1,0.07,1.89,0.69,0.4,0.01,0.0,0.09,0.26,0.04,2.97,0.08,2.13,0.78,0.45,0.1,0.3,0.05,3.69,0.8,1.09,0.48,0.23,1.08,0.51,0.12,0.22,0.05,-0.02,0.14
2025-03-01,2.36,-0.15,0.14,-0.01,1.71,0.68,0.02,-0.1,0.03,-0.06,0.08,0.06,2.67,-0.01,1.93,0.77,0.1,-0.06,0.09,0.07,3.35,0.83,1.05,0.4,0.09,0.99,0.16,0.08,0.04,-0.02,-0.04,0.1
2025-04-01,2.28,-0.17,0.13,0.04,1.62,0.67,0.17,0.02,-0.02,0.06,0.05,0.06,2.61,0.05,1.83,0.76,0.19,0.07,0.05,0.06,3.17,0.92,0.76,0.43,0.16,0.88,0.09,0.09,-0.1,0.05,0.04,0.02
2025-05-01,2.46,-0.15,0.14,0.14,1.69,0.64,0.18,-0.04,0.01,0.05,0.11,0.04,2.78,0.16,1.91,0.73,0.23,0.06,0.12,0.05,3.31,0.84,0.73,0.45,0.19,1.11,0.21,0.03,-0.02,0.03,0.0,0.17
2025-06-01,2.59,-0.04,0.15,0.22,1.64,0.64,0.29,0.03,0.02,0.09,0.1,0.05,2.81,0.24,1.85,0.72,0.26,0.1,0.12,0.05,3.21,0.92,0.72,0.41,0.23,0.92,0.2,0.14,0.08,0.0,0.0,-0.01
2025-07-01,2.6,-0.07,0.13,0.23,1.69,0.62,0.17,-0.04,-0.01,0.0,0.17,0.04,2.86,0.26,1.9,0.7,0.24,0.0,0.19,0.05,3.3,0.95,0.85,0.41,0.25,0.84,0.33,0.06,0.25,0.02,0.02,-0.01
2025-08-01,2.74,-0.01,0.16,0.23,1.74,0.61,0.26,0.03,0.03,-0.02,0.16,0.06,2.9,0.26,1.96,0.69,0.22,-0.03,0.18,0.06,3.4,0.95,0.89,0.43,0.28,0.84,0.32,0.05,0.11,0.08,0.06,0.03
2025-09-01,2.79,0.1,0.18,0.26,1.67,0.58,0.27,0.06,0.03,0.04,0.11,0.02,2.83,0.3,1.88,0.65,0.2,0.04,0.13,0.03,3.26,0.83,0.86,0.45,0.27,0.83,0.22,0.05,0.01,0.04,0.06,0.07
